NameSci,NameDt,SiteNr,year,Date,Number_of_individuals,breeding_status_sy,doy
Prunella modularis,Heckenbraunelle,bw10,2022,2022-06-09,0,non_breeder,160
Prunella modularis,Heckenbraunelle,bw10,2022,2022-05-14,0,non_breeder,134
Prunella modularis,Heckenbraunelle,bw10,2022,2022-03-20,2,non_breeder,79
Prunella modularis,Heckenbraunelle,bw10,2022,2022-04-22,2,non_breeder,112
Prunella modularis,Heckenbraunelle,bw10,2023,2023-04-30,0,non_breeder,120
Prunella modularis,Heckenbraunelle,bw10,2023,2023-05-14,0,non_breeder,134
Prunella modularis,Heckenbraunelle,bw10,2023,2023-05-27,0,non_breeder,147
Prunella modularis,Heckenbraunelle,bw10,2023,2023-03-18,2,non_breeder,77
Prunella modularis,Heckenbraunelle,bw10,2024,2024-06-08,1,non_breeder,160
Prunella modularis,Heckenbraunelle,bw10,2024,2024-03-11,0,non_breeder,71
Prunella modularis,Heckenbraunelle,bw10,2024,2024-04-05,0,non_breeder,96
Prunella modularis,Heckenbraunelle,bw10,2024,2024-05-04,1,non_breeder,125
Prunella modularis,Heckenbraunelle,bw10,2024,2024-04-04,0,non_breeder,95
Prunella modularis,Heckenbraunelle,bw100,2025,2025-04-13,2,non_breeder,103
Prunella modularis,Heckenbraunelle,bw100,2025,2025-05-18,0,non_breeder,138
Prunella modularis,Heckenbraunelle,bw100,2025,2025-06-19,0,non_breeder,170
Prunella modularis,Heckenbraunelle,bw100,2025,2025-03-16,1,non_breeder,75
Prunella modularis,Heckenbraunelle,bw102,2024,2024-04-27,1,non_breeder,118
Prunella modularis,Heckenbraunelle,bw102,2024,2024-03-25,2,non_breeder,85
Prunella modularis,Heckenbraunelle,bw102,2024,2024-05-18,0,non_breeder,139
Prunella modularis,Heckenbraunelle,bw102,2024,2024-06-17,0,non_breeder,169
Prunella modularis,Heckenbraunelle,bw102,2025,2025-03-25,0,non_breeder,84
Prunella modularis,Heckenbraunelle,bw102,2025,2025-04-10,2,non_breeder,100
Prunella modularis,Heckenbraunelle,bw102,2025,2025-06-09,0,non_breeder,160
Prunella modularis,Heckenbraunelle,bw102,2025,2025-05-12,0,non_breeder,132
Prunella modularis,Heckenbraunelle,bw103,2024,2024-05-20,1,non_breeder,141
Prunella modularis,Heckenbraunelle,bw103,2024,2024-06-03,2,non_breeder,155
Prunella modularis,Heckenbraunelle,bw103,2024,2024-03-25,1,non_breeder,85
Prunella modularis,Heckenbraunelle,bw103,2024,2024-04-22,0,non_breeder,113
Prunella modularis,Heckenbraunelle,bw103,2025,2025-06-11,0,non_breeder,162
Prunella modularis,Heckenbraunelle,bw103,2025,2025-03-28,3,non_breeder,87
Prunella modularis,Heckenbraunelle,bw103,2025,2025-04-23,1,non_breeder,113
Prunella modularis,Heckenbraunelle,bw103,2025,2025-05-17,0,non_breeder,137
Prunella modularis,Heckenbraunelle,bw103,2025,2025-05-19,0,non_breeder,139
Prunella modularis,Heckenbraunelle,bw104,2022,2022-05-30,1,non_breeder,150
Prunella modularis,Heckenbraunelle,bw104,2022,2022-05-11,1,non_breeder,131
Prunella modularis,Heckenbraunelle,bw104,2022,2022-03-21,1,non_breeder,80
Prunella modularis,Heckenbraunelle,bw104,2022,2022-04-13,1,non_breeder,103
Prunella modularis,Heckenbraunelle,bw104,2023,2023-06-09,1,non_breeder,160
Prunella modularis,Heckenbraunelle,bw104,2023,2023-04-27,1,non_breeder,117
Prunella modularis,Heckenbraunelle,bw104,2023,2023-05-18,1,non_breeder,138
Prunella modularis,Heckenbraunelle,bw104,2023,2023-03-21,2,non_breeder,80
Prunella modularis,Heckenbraunelle,bw104,2023,2023-06-08,0,non_breeder,159
Prunella modularis,Heckenbraunelle,bw104,2024,2024-06-12,2,non_breeder,164
Prunella modularis,Heckenbraunelle,bw104,2024,2024-05-14,0,non_breeder,135
Prunella modularis,Heckenbraunelle,bw104,2024,2024-03-19,1,non_breeder,79
Prunella modularis,Heckenbraunelle,bw104,2024,2024-04-13,3,non_breeder,104
Prunella modularis,Heckenbraunelle,bw104,2025,2025-05-13,0,non_breeder,133
Prunella modularis,Heckenbraunelle,bw104,2025,2025-06-17,2,non_breeder,168
Prunella modularis,Heckenbraunelle,bw104,2025,2025-04-11,2,non_breeder,101
Prunella modularis,Heckenbraunelle,bw104,2025,2025-03-21,2,non_breeder,80
Prunella modularis,Heckenbraunelle,bw104,2025,2025-04-10,0,non_breeder,100
Prunella modularis,Heckenbraunelle,bw104,2025,2025-05-12,0,non_breeder,132
Prunella modularis,Heckenbraunelle,bw105,2024,2024-04-13,1,non_breeder,104
Prunella modularis,Heckenbraunelle,bw105,2024,2024-03-27,1,non_breeder,87
Prunella modularis,Heckenbraunelle,bw105,2024,2024-05-12,0,non_breeder,133
Prunella modularis,Heckenbraunelle,bw105,2024,2024-06-12,3,non_breeder,164
Prunella modularis,Heckenbraunelle,bw105,2025,2025-03-27,1,non_breeder,86
Prunella modularis,Heckenbraunelle,bw105,2025,2025-04-29,0,non_breeder,119
Prunella modularis,Heckenbraunelle,bw105,2025,2025-06-17,0,non_breeder,168
Prunella modularis,Heckenbraunelle,bw105,2025,2025-05-14,1,non_breeder,134
Prunella modularis,Heckenbraunelle,bw107,2022,2022-04-18,2,non_breeder,108
Prunella modularis,Heckenbraunelle,bw107,2022,2022-03-20,2,non_breeder,79
Prunella modularis,Heckenbraunelle,bw107,2022,2022-06-06,1,non_breeder,157
Prunella modularis,Heckenbraunelle,bw107,2022,2022-05-15,0,non_breeder,135
Prunella modularis,Heckenbraunelle,bw107,2023,2023-05-07,1,non_breeder,127
Prunella modularis,Heckenbraunelle,bw107,2023,2023-03-19,0,non_breeder,78
Prunella modularis,Heckenbraunelle,bw107,2023,2023-04-10,2,non_breeder,100
Prunella modularis,Heckenbraunelle,bw107,2023,2023-05-28,0,non_breeder,148
Prunella modularis,Heckenbraunelle,bw107,2024,2024-05-12,0,non_breeder,133
Prunella modularis,Heckenbraunelle,bw107,2024,2024-06-09,1,non_breeder,161
Prunella modularis,Heckenbraunelle,bw107,2024,2024-03-30,1,non_breeder,90
Prunella modularis,Heckenbraunelle,bw107,2024,2024-05-01,0,non_breeder,122
Prunella modularis,Heckenbraunelle,bw107,2025,2025-03-16,1,non_breeder,75
Prunella modularis,Heckenbraunelle,bw107,2025,2025-04-06,3,non_breeder,96
Prunella modularis,Heckenbraunelle,bw107,2025,2025-06-01,0,non_breeder,152
Prunella modularis,Heckenbraunelle,bw107,2025,2025-05-01,0,non_breeder,121
Prunella modularis,Heckenbraunelle,bw109,2024,2024-03-27,1,non_breeder,87
Prunella modularis,Heckenbraunelle,bw109,2024,2024-04-26,0,non_breeder,117
Prunella modularis,Heckenbraunelle,bw109,2024,2024-05-20,0,non_breeder,141
Prunella modularis,Heckenbraunelle,bw109,2024,2024-06-14,0,non_breeder,166
Prunella modularis,Heckenbraunelle,bw109,2024,2024-03-28,0,non_breeder,88
Prunella modularis,Heckenbraunelle,bw109,2025,2025-03-26,1,non_breeder,85
Prunella modularis,Heckenbraunelle,bw109,2025,2025-04-11,0,non_breeder,101
Prunella modularis,Heckenbraunelle,bw109,2025,2025-05-13,0,non_breeder,133
Prunella modularis,Heckenbraunelle,bw109,2025,2025-06-11,2,non_breeder,162
Prunella modularis,Heckenbraunelle,bw114,2022,2022-06-18,0,non_breeder,169
Prunella modularis,Heckenbraunelle,bw114,2022,2022-04-12,0,non_breeder,102
Prunella modularis,Heckenbraunelle,bw114,2022,2022-03-24,1,non_breeder,83
Prunella modularis,Heckenbraunelle,bw114,2022,2022-05-18,0,non_breeder,138
Prunella modularis,Heckenbraunelle,bw114,2023,2023-04-26,1,non_breeder,116
Prunella modularis,Heckenbraunelle,bw114,2023,2023-05-19,1,non_breeder,139
Prunella modularis,Heckenbraunelle,bw114,2023,2023-06-20,0,non_breeder,171
Prunella modularis,Heckenbraunelle,bw114,2023,2023-03-28,1,non_breeder,87
Prunella modularis,Heckenbraunelle,bw114,2025,2025-04-04,0,non_breeder,94
Prunella modularis,Heckenbraunelle,bw114,2025,2025-03-09,0,non_breeder,68
Prunella modularis,Heckenbraunelle,bw114,2025,2025-05-10,0,non_breeder,130
Prunella modularis,Heckenbraunelle,bw114,2025,2025-06-12,1,non_breeder,163
Prunella modularis,Heckenbraunelle,bw115,2021,2021-03-21,1,non_breeder,80
Prunella modularis,Heckenbraunelle,bw115,2021,2021-04-18,2,non_breeder,108
Prunella modularis,Heckenbraunelle,bw115,2021,2021-05-09,2,non_breeder,129
Prunella modularis,Heckenbraunelle,bw115,2021,2021-05-30,2,non_breeder,150
Prunella modularis,Heckenbraunelle,bw115,2022,2022-03-13,2,non_breeder,72
Prunella modularis,Heckenbraunelle,bw115,2022,2022-04-10,2,non_breeder,100
Prunella modularis,Heckenbraunelle,bw115,2022,2022-06-06,1,non_breeder,157
Prunella modularis,Heckenbraunelle,bw115,2022,2022-05-01,1,non_breeder,121
Prunella modularis,Heckenbraunelle,bw115,2023,2023-03-11,0,non_breeder,70
Prunella modularis,Heckenbraunelle,bw115,2023,2023-04-15,2,non_breeder,105
Prunella modularis,Heckenbraunelle,bw115,2023,2023-05-01,2,non_breeder,121
Prunella modularis,Heckenbraunelle,bw115,2023,2023-06-11,0,non_breeder,162
Prunella modularis,Heckenbraunelle,bw115,2024,2024-03-10,1,non_breeder,70
Prunella modularis,Heckenbraunelle,bw115,2024,2024-05-26,1,non_breeder,147
Prunella modularis,Heckenbraunelle,bw115,2024,2024-04-07,1,non_breeder,98
Prunella modularis,Heckenbraunelle,bw115,2024,2024-05-01,1,non_breeder,122
Prunella modularis,Heckenbraunelle,bw115,2025,2025-03-16,1,non_breeder,75
Prunella modularis,Heckenbraunelle,bw115,2025,2025-04-13,0,non_breeder,103
Prunella modularis,Heckenbraunelle,bw115,2025,2025-06-01,0,non_breeder,152
Prunella modularis,Heckenbraunelle,bw115,2025,2025-05-01,1,non_breeder,121
Prunella modularis,Heckenbraunelle,bw116,2022,2022-04-10,0,non_breeder,100
Prunella modularis,Heckenbraunelle,bw116,2022,2022-05-10,1,non_breeder,130
Prunella modularis,Heckenbraunelle,bw116,2022,2022-03-13,0,non_breeder,72
Prunella modularis,Heckenbraunelle,bw116,2022,2022-06-03,0,non_breeder,154
Prunella modularis,Heckenbraunelle,bw117,2025,2025-03-27,3,non_breeder,86
Prunella modularis,Heckenbraunelle,bw117,2025,2025-04-23,0,non_breeder,113
Prunella modularis,Heckenbraunelle,bw117,2025,2025-05-16,0,non_breeder,136
Prunella modularis,Heckenbraunelle,bw117,2025,2025-06-13,0,non_breeder,164
Prunella modularis,Heckenbraunelle,bw118,2023,2023-04-07,3,non_breeder,97
Prunella modularis,Heckenbraunelle,bw118,2023,2023-05-05,1,non_breeder,125
Prunella modularis,Heckenbraunelle,bw118,2023,2023-05-26,1,non_breeder,146
Prunella modularis,Heckenbraunelle,bw118,2023,2023-03-13,0,non_breeder,72
Prunella modularis,Heckenbraunelle,bw118,2023,2023-05-25,0,non_breeder,145
Prunella modularis,Heckenbraunelle,bw118,2024,2024-03-22,0,non_breeder,82
Prunella modularis,Heckenbraunelle,bw118,2024,2024-04-05,1,non_breeder,96
Prunella modularis,Heckenbraunelle,bw118,2024,2024-05-25,0,non_breeder,146
Prunella modularis,Heckenbraunelle,bw118,2024,2024-05-04,0,non_breeder,125
Prunella modularis,Heckenbraunelle,bw118,2024,2024-05-03,0,non_breeder,124
Prunella modularis,Heckenbraunelle,bw118,2025,2025-05-02,0,non_breeder,122
Prunella modularis,Heckenbraunelle,bw118,2025,2025-06-01,0,non_breeder,152
Prunella modularis,Heckenbraunelle,bw118,2025,2025-04-04,1,non_breeder,94
Prunella modularis,Heckenbraunelle,bw118,2025,2025-03-15,0,non_breeder,74
Prunella modularis,Heckenbraunelle,bw119,2022,2022-04-27,0,non_breeder,117
Prunella modularis,Heckenbraunelle,bw119,2022,2022-03-30,2,non_breeder,89
Prunella modularis,Heckenbraunelle,bw119,2022,2022-06-13,0,non_breeder,164
Prunella modularis,Heckenbraunelle,bw119,2022,2022-05-19,0,non_breeder,139
Prunella modularis,Heckenbraunelle,bw119,2023,2023-05-20,0,non_breeder,140
Prunella modularis,Heckenbraunelle,bw119,2023,2023-06-15,0,non_breeder,166
Prunella modularis,Heckenbraunelle,bw119,2023,2023-03-22,1,non_breeder,81
Prunella modularis,Heckenbraunelle,bw119,2023,2023-04-19,0,non_breeder,109
Prunella modularis,Heckenbraunelle,bw119,2023,2023-04-18,0,non_breeder,108
Prunella modularis,Heckenbraunelle,bw119,2024,2024-05-02,0,non_breeder,123
Prunella modularis,Heckenbraunelle,bw119,2024,2024-03-12,1,non_breeder,72
Prunella modularis,Heckenbraunelle,bw119,2024,2024-04-22,0,non_breeder,113
Prunella modularis,Heckenbraunelle,bw119,2024,2024-06-16,0,non_breeder,168
Prunella modularis,Heckenbraunelle,bw119,2024,2024-04-21,0,non_breeder,112
Prunella modularis,Heckenbraunelle,bw119,2025,2025-03-26,0,non_breeder,85
Prunella modularis,Heckenbraunelle,bw119,2025,2025-04-16,0,non_breeder,106
Prunella modularis,Heckenbraunelle,bw119,2025,2025-05-07,0,non_breeder,127
Prunella modularis,Heckenbraunelle,bw119,2025,2025-06-05,1,non_breeder,156
Prunella modularis,Heckenbraunelle,bw121,2022,2022-05-17,5,non_breeder,137
Prunella modularis,Heckenbraunelle,bw121,2022,2022-03-29,8,non_breeder,88
Prunella modularis,Heckenbraunelle,bw121,2022,2022-04-26,7,non_breeder,116
Prunella modularis,Heckenbraunelle,bw121,2022,2022-06-12,3,non_breeder,163
Prunella modularis,Heckenbraunelle,bw121,2023,2023-04-23,7,non_breeder,113
Prunella modularis,Heckenbraunelle,bw121,2023,2023-05-18,6,non_breeder,138
Prunella modularis,Heckenbraunelle,bw121,2023,2023-03-19,5,non_breeder,78
Prunella modularis,Heckenbraunelle,bw121,2023,2023-06-12,6,non_breeder,163
Prunella modularis,Heckenbraunelle,bw121,2024,2024-06-12,3,non_breeder,164
Prunella modularis,Heckenbraunelle,bw121,2024,2024-04-13,7,non_breeder,104
Prunella modularis,Heckenbraunelle,bw121,2024,2024-03-28,7,non_breeder,88
Prunella modularis,Heckenbraunelle,bw121,2024,2024-05-03,4,non_breeder,124
Prunella modularis,Heckenbraunelle,bw121,2024,2024-05-02,0,non_breeder,123
Prunella modularis,Heckenbraunelle,bw121,2025,2025-03-23,12,non_breeder,82
Prunella modularis,Heckenbraunelle,bw121,2025,2025-05-18,5,non_breeder,138
Prunella modularis,Heckenbraunelle,bw121,2025,2025-06-07,4,non_breeder,158
Prunella modularis,Heckenbraunelle,bw121,2025,2025-04-12,5,non_breeder,102
Prunella modularis,Heckenbraunelle,bw123,2021,2021-03-24,0,non_breeder,83
Prunella modularis,Heckenbraunelle,bw123,2021,2021-04-18,1,non_breeder,108
Prunella modularis,Heckenbraunelle,bw123,2021,2021-05-09,0,non_breeder,129
Prunella modularis,Heckenbraunelle,bw123,2021,2021-06-05,0,non_breeder,156
Prunella modularis,Heckenbraunelle,bw123,2022,2022-03-24,2,non_breeder,83
Prunella modularis,Heckenbraunelle,bw123,2022,2022-04-20,0,non_breeder,110
Prunella modularis,Heckenbraunelle,bw123,2022,2022-05-08,0,non_breeder,128
Prunella modularis,Heckenbraunelle,bw123,2022,2022-06-10,0,non_breeder,161
Prunella modularis,Heckenbraunelle,bw123,2024,2024-03-22,1,non_breeder,82
Prunella modularis,Heckenbraunelle,bw123,2024,2024-04-23,0,non_breeder,114
Prunella modularis,Heckenbraunelle,bw123,2024,2024-05-11,2,non_breeder,132
Prunella modularis,Heckenbraunelle,bw123,2024,2024-06-05,0,non_breeder,157
Prunella modularis,Heckenbraunelle,bw124,2023,2023-03-18,1,non_breeder,77
Prunella modularis,Heckenbraunelle,bw124,2023,2023-04-10,1,non_breeder,100
Prunella modularis,Heckenbraunelle,bw124,2023,2023-05-14,0,non_breeder,134
Prunella modularis,Heckenbraunelle,bw124,2023,2023-05-29,1,non_breeder,149
Prunella modularis,Heckenbraunelle,bw124,2024,2024-03-30,3,non_breeder,90
Prunella modularis,Heckenbraunelle,bw124,2024,2024-04-27,0,non_breeder,118
Prunella modularis,Heckenbraunelle,bw124,2024,2024-05-12,0,non_breeder,133
Prunella modularis,Heckenbraunelle,bw124,2024,2024-06-09,1,non_breeder,161
Prunella modularis,Heckenbraunelle,bw124,2025,2025-03-23,1,non_breeder,82
Prunella modularis,Heckenbraunelle,bw124,2025,2025-04-20,0,non_breeder,110
Prunella modularis,Heckenbraunelle,bw124,2025,2025-05-11,1,non_breeder,131
Prunella modularis,Heckenbraunelle,bw124,2025,2025-06-14,0,non_breeder,165
Prunella modularis,Heckenbraunelle,bw127,2024,2024-05-25,0,non_breeder,146
Prunella modularis,Heckenbraunelle,bw127,2024,2024-04-27,0,non_breeder,118
Prunella modularis,Heckenbraunelle,bw127,2024,2024-03-26,1,non_breeder,86
Prunella modularis,Heckenbraunelle,bw127,2025,2025-04-11,1,non_breeder,101
Prunella modularis,Heckenbraunelle,bw127,2025,2025-05-05,0,non_breeder,125
Prunella modularis,Heckenbraunelle,bw127,2025,2025-03-22,1,non_breeder,81
Prunella modularis,Heckenbraunelle,bw127,2025,2025-05-23,0,non_breeder,143
Prunella modularis,Heckenbraunelle,bw129,2022,2022-03-24,0,non_breeder,83
Prunella modularis,Heckenbraunelle,bw129,2022,2022-04-18,1,non_breeder,108
Prunella modularis,Heckenbraunelle,bw129,2022,2022-05-28,0,non_breeder,148
Prunella modularis,Heckenbraunelle,bw129,2022,2022-05-08,1,non_breeder,128
Prunella modularis,Heckenbraunelle,bw129,2023,2023-05-13,1,non_breeder,133
Prunella modularis,Heckenbraunelle,bw129,2023,2023-05-30,2,non_breeder,150
Prunella modularis,Heckenbraunelle,bw129,2023,2023-04-18,0,non_breeder,108
Prunella modularis,Heckenbraunelle,bw129,2023,2023-03-25,3,non_breeder,84
Prunella modularis,Heckenbraunelle,bw129,2024,2024-04-16,1,non_breeder,107
Prunella modularis,Heckenbraunelle,bw129,2024,2024-03-22,3,non_breeder,82
Prunella modularis,Heckenbraunelle,bw129,2024,2024-05-13,0,non_breeder,134
Prunella modularis,Heckenbraunelle,bw129,2024,2024-06-04,2,non_breeder,156
Prunella modularis,Heckenbraunelle,bw129,2025,2025-03-25,2,non_breeder,84
Prunella modularis,Heckenbraunelle,bw129,2025,2025-06-12,0,non_breeder,163
Prunella modularis,Heckenbraunelle,bw129,2025,2025-05-09,1,non_breeder,129
Prunella modularis,Heckenbraunelle,bw129,2025,2025-04-16,1,non_breeder,106
Prunella modularis,Heckenbraunelle,bw13,2020,2020-03-28,2,non_breeder,88
Prunella modularis,Heckenbraunelle,bw13,2020,2020-05-10,2,non_breeder,131
Prunella modularis,Heckenbraunelle,bw13,2020,2020-06-05,0,non_breeder,157
Prunella modularis,Heckenbraunelle,bw13,2020,2020-04-19,3,non_breeder,110
Prunella modularis,Heckenbraunelle,bw13,2020,2020-04-18,0,non_breeder,109
Prunella modularis,Heckenbraunelle,bw13,2021,2021-04-18,1,non_breeder,108
Prunella modularis,Heckenbraunelle,bw13,2021,2021-05-10,0,non_breeder,130
Prunella modularis,Heckenbraunelle,bw13,2021,2021-03-28,3,non_breeder,87
Prunella modularis,Heckenbraunelle,bw13,2021,2021-06-05,2,non_breeder,156
Prunella modularis,Heckenbraunelle,bw13,2021,2021-06-04,0,non_breeder,155
Prunella modularis,Heckenbraunelle,bw13,2022,2022-03-27,5,non_breeder,86
Prunella modularis,Heckenbraunelle,bw13,2022,2022-04-15,5,non_breeder,105
Prunella modularis,Heckenbraunelle,bw13,2022,2022-05-09,2,non_breeder,129
Prunella modularis,Heckenbraunelle,bw13,2022,2022-06-04,0,non_breeder,155
Prunella modularis,Heckenbraunelle,bw13,2023,2023-04-15,2,non_breeder,105
Prunella modularis,Heckenbraunelle,bw13,2023,2023-03-29,4,non_breeder,88
Prunella modularis,Heckenbraunelle,bw13,2023,2023-05-11,3,non_breeder,131
Prunella modularis,Heckenbraunelle,bw13,2023,2023-06-08,2,non_breeder,159
Prunella modularis,Heckenbraunelle,bw13,2024,2024-04-15,4,non_breeder,106
Prunella modularis,Heckenbraunelle,bw13,2024,2024-06-05,2,non_breeder,157
Prunella modularis,Heckenbraunelle,bw13,2024,2024-03-30,2,non_breeder,90
Prunella modularis,Heckenbraunelle,bw13,2024,2024-05-06,0,non_breeder,127
Prunella modularis,Heckenbraunelle,bw13,2025,2025-03-28,3,non_breeder,87
Prunella modularis,Heckenbraunelle,bw13,2025,2025-04-15,4,non_breeder,105
Prunella modularis,Heckenbraunelle,bw13,2025,2025-05-10,1,non_breeder,130
Prunella modularis,Heckenbraunelle,bw13,2025,2025-06-08,0,non_breeder,159
Prunella modularis,Heckenbraunelle,bw131,2022,2022-03-27,1,non_breeder,86
Prunella modularis,Heckenbraunelle,bw131,2022,2022-05-07,1,non_breeder,127
Prunella modularis,Heckenbraunelle,bw131,2022,2022-05-28,1,non_breeder,148
Prunella modularis,Heckenbraunelle,bw131,2022,2022-06-26,0,non_breeder,177
Prunella modularis,Heckenbraunelle,bw132,2024,2024-04-05,0,non_breeder,96
Prunella modularis,Heckenbraunelle,bw132,2024,2024-05-01,0,non_breeder,122
Prunella modularis,Heckenbraunelle,bw132,2024,2024-03-18,2,non_breeder,78
Prunella modularis,Heckenbraunelle,bw132,2024,2024-06-20,0,non_breeder,172
Prunella modularis,Heckenbraunelle,bw134,2022,2022-04-10,0,non_breeder,100
Prunella modularis,Heckenbraunelle,bw134,2022,2022-03-20,1,non_breeder,79
Prunella modularis,Heckenbraunelle,bw134,2022,2022-05-05,0,non_breeder,125
Prunella modularis,Heckenbraunelle,bw134,2022,2022-06-07,0,non_breeder,158
Prunella modularis,Heckenbraunelle,bw134,2023,2023-05-18,1,non_breeder,138
Prunella modularis,Heckenbraunelle,bw134,2023,2023-04-30,0,non_breeder,120
Prunella modularis,Heckenbraunelle,bw134,2023,2023-03-26,0,non_breeder,85
Prunella modularis,Heckenbraunelle,bw134,2023,2023-06-11,0,non_breeder,162
Prunella modularis,Heckenbraunelle,bw135,2025,2025-05-10,0,non_breeder,130
Prunella modularis,Heckenbraunelle,bw135,2025,2025-04-19,1,non_breeder,109
Prunella modularis,Heckenbraunelle,bw135,2025,2025-05-31,0,non_breeder,151
Prunella modularis,Heckenbraunelle,bw135,2025,2025-03-16,0,non_breeder,75
Prunella modularis,Heckenbraunelle,bw136,2024,2024-03-30,0,non_breeder,90
Prunella modularis,Heckenbraunelle,bw136,2024,2024-05-13,0,non_breeder,134
Prunella modularis,Heckenbraunelle,bw136,2024,2024-06-29,0,non_breeder,181
Prunella modularis,Heckenbraunelle,bw136,2024,2024-04-28,2,non_breeder,119
Prunella modularis,Heckenbraunelle,bw136,2024,2024-06-28,0,non_breeder,180
Prunella modularis,Heckenbraunelle,bw138,2022,2022-06-11,1,non_breeder,162
Prunella modularis,Heckenbraunelle,bw138,2022,2022-03-19,2,non_breeder,78
Prunella modularis,Heckenbraunelle,bw138,2022,2022-04-15,3,non_breeder,105
Prunella modularis,Heckenbraunelle,bw138,2022,2022-05-10,2,non_breeder,130
Prunella modularis,Heckenbraunelle,bw138,2023,2023-06-10,2,non_breeder,161
Prunella modularis,Heckenbraunelle,bw138,2023,2023-03-29,0,non_breeder,88
Prunella modularis,Heckenbraunelle,bw138,2023,2023-04-04,1,non_breeder,94
Prunella modularis,Heckenbraunelle,bw138,2023,2023-05-17,0,non_breeder,137
Prunella modularis,Heckenbraunelle,bw138,2024,2024-05-14,2,non_breeder,135
Prunella modularis,Heckenbraunelle,bw138,2024,2024-06-02,1,non_breeder,154
Prunella modularis,Heckenbraunelle,bw138,2024,2024-03-20,2,non_breeder,80
Prunella modularis,Heckenbraunelle,bw138,2024,2024-04-13,2,non_breeder,104
Prunella modularis,Heckenbraunelle,bw138,2025,2025-06-14,0,non_breeder,165
Prunella modularis,Heckenbraunelle,bw138,2025,2025-03-21,3,non_breeder,80
Prunella modularis,Heckenbraunelle,bw138,2025,2025-04-16,0,non_breeder,106
Prunella modularis,Heckenbraunelle,bw138,2025,2025-05-10,2,non_breeder,130
Prunella modularis,Heckenbraunelle,bw139,2022,2022-04-28,6,non_breeder,118
Prunella modularis,Heckenbraunelle,bw139,2022,2022-03-28,3,non_breeder,87
Prunella modularis,Heckenbraunelle,bw139,2022,2022-05-13,5,non_breeder,133
Prunella modularis,Heckenbraunelle,bw139,2022,2022-06-11,2,non_breeder,162
Prunella modularis,Heckenbraunelle,bw139,2023,2023-03-27,5,non_breeder,86
Prunella modularis,Heckenbraunelle,bw139,2023,2023-06-20,4,non_breeder,171
Prunella modularis,Heckenbraunelle,bw139,2023,2023-04-29,2,non_breeder,119
Prunella modularis,Heckenbraunelle,bw139,2023,2023-05-19,3,non_breeder,139
Prunella modularis,Heckenbraunelle,bw139,2025,2025-03-28,6,non_breeder,87
Prunella modularis,Heckenbraunelle,bw139,2025,2025-04-30,4,non_breeder,120
Prunella modularis,Heckenbraunelle,bw139,2025,2025-05-14,5,non_breeder,134
Prunella modularis,Heckenbraunelle,bw139,2025,2025-06-17,0,non_breeder,168
Prunella modularis,Heckenbraunelle,bw14,2023,2023-03-18,0,non_breeder,77
Prunella modularis,Heckenbraunelle,bw14,2023,2023-04-08,0,non_breeder,98
Prunella modularis,Heckenbraunelle,bw14,2023,2023-05-18,1,non_breeder,138
Prunella modularis,Heckenbraunelle,bw14,2023,2023-06-07,0,non_breeder,158
Prunella modularis,Heckenbraunelle,bw14,2024,2024-06-18,0,non_breeder,170
Prunella modularis,Heckenbraunelle,bw14,2024,2024-03-19,0,non_breeder,79
Prunella modularis,Heckenbraunelle,bw14,2024,2024-04-06,0,non_breeder,97
Prunella modularis,Heckenbraunelle,bw14,2024,2024-05-18,1,non_breeder,139
Prunella modularis,Heckenbraunelle,bw140,2022,2022-05-03,1,non_breeder,123
Prunella modularis,Heckenbraunelle,bw140,2022,2022-03-17,1,non_breeder,76
Prunella modularis,Heckenbraunelle,bw140,2022,2022-05-29,0,non_breeder,149
Prunella modularis,Heckenbraunelle,bw140,2022,2022-04-13,4,non_breeder,103
Prunella modularis,Heckenbraunelle,bw140,2023,2023-05-26,1,non_breeder,146
Prunella modularis,Heckenbraunelle,bw140,2023,2023-05-12,2,non_breeder,132
Prunella modularis,Heckenbraunelle,bw140,2023,2023-03-17,1,non_breeder,76
Prunella modularis,Heckenbraunelle,bw140,2023,2023-04-10,3,non_breeder,100
Prunella modularis,Heckenbraunelle,bw140,2024,2024-03-18,4,non_breeder,78
Prunella modularis,Heckenbraunelle,bw140,2024,2024-04-06,2,non_breeder,97
Prunella modularis,Heckenbraunelle,bw140,2024,2024-05-01,0,non_breeder,122
Prunella modularis,Heckenbraunelle,bw140,2024,2024-05-23,2,non_breeder,144
Prunella modularis,Heckenbraunelle,bw140,2025,2025-05-24,1,non_breeder,144
Prunella modularis,Heckenbraunelle,bw140,2025,2025-04-05,2,non_breeder,95
Prunella modularis,Heckenbraunelle,bw140,2025,2025-05-06,3,non_breeder,126
Prunella modularis,Heckenbraunelle,bw140,2025,2025-03-16,4,non_breeder,75
Prunella modularis,Heckenbraunelle,bw142,2025,2025-03-21,3,non_breeder,80
Prunella modularis,Heckenbraunelle,bw142,2025,2025-04-10,1,non_breeder,100
Prunella modularis,Heckenbraunelle,bw142,2025,2025-05-09,1,non_breeder,129
Prunella modularis,Heckenbraunelle,bw142,2025,2025-05-30,0,non_breeder,150
Prunella modularis,Heckenbraunelle,bw143,2025,2025-04-19,0,non_breeder,109
Prunella modularis,Heckenbraunelle,bw143,2025,2025-03-22,0,non_breeder,81
Prunella modularis,Heckenbraunelle,bw143,2025,2025-05-10,1,non_breeder,130
Prunella modularis,Heckenbraunelle,bw143,2025,2025-06-08,0,non_breeder,159
Prunella modularis,Heckenbraunelle,bw146,2023,2023-06-05,0,non_breeder,156
Prunella modularis,Heckenbraunelle,bw146,2023,2023-03-15,0,non_breeder,74
Prunella modularis,Heckenbraunelle,bw146,2023,2023-04-06,0,non_breeder,96
Prunella modularis,Heckenbraunelle,bw146,2023,2023-05-02,1,non_breeder,122
Prunella modularis,Heckenbraunelle,bw148,2024,2024-04-27,2,non_breeder,118
Prunella modularis,Heckenbraunelle,bw148,2024,2024-05-11,1,non_breeder,132
Prunella modularis,Heckenbraunelle,bw148,2024,2024-04-01,0,non_breeder,92
Prunella modularis,Heckenbraunelle,bw149,2025,2025-05-12,1,non_breeder,132
Prunella modularis,Heckenbraunelle,bw149,2025,2025-03-21,0,non_breeder,80
Prunella modularis,Heckenbraunelle,bw149,2025,2025-04-15,0,non_breeder,105
Prunella modularis,Heckenbraunelle,bw149,2025,2025-06-11,2,non_breeder,162
Prunella modularis,Heckenbraunelle,bw15,2024,2024-03-26,8,non_breeder,86
Prunella modularis,Heckenbraunelle,bw15,2024,2024-04-10,5,non_breeder,101
Prunella modularis,Heckenbraunelle,bw15,2024,2024-05-12,4,non_breeder,133
Prunella modularis,Heckenbraunelle,bw15,2024,2024-06-05,5,non_breeder,157
Prunella modularis,Heckenbraunelle,bw15,2025,2025-03-28,5,non_breeder,87
Prunella modularis,Heckenbraunelle,bw15,2025,2025-04-09,5,non_breeder,99
Prunella modularis,Heckenbraunelle,bw15,2025,2025-05-10,2,non_breeder,130
Prunella modularis,Heckenbraunelle,bw15,2025,2025-06-01,2,non_breeder,152
Prunella modularis,Heckenbraunelle,bw150,2022,2022-05-28,0,non_breeder,148
Prunella modularis,Heckenbraunelle,bw150,2022,2022-04-15,2,non_breeder,105
Prunella modularis,Heckenbraunelle,bw150,2022,2022-05-07,2,non_breeder,127
Prunella modularis,Heckenbraunelle,bw150,2022,2022-03-26,7,non_breeder,85
Prunella modularis,Heckenbraunelle,bw150,2023,2023-03-25,2,non_breeder,84
Prunella modularis,Heckenbraunelle,bw150,2023,2023-04-23,1,non_breeder,113
Prunella modularis,Heckenbraunelle,bw150,2023,2023-05-07,1,non_breeder,127
Prunella modularis,Heckenbraunelle,bw150,2023,2023-05-21,0,non_breeder,141
Prunella modularis,Heckenbraunelle,bw150,2024,2024-05-09,0,non_breeder,130
Prunella modularis,Heckenbraunelle,bw150,2024,2024-03-30,2,non_breeder,90
Prunella modularis,Heckenbraunelle,bw150,2024,2024-04-27,1,non_breeder,118
Prunella modularis,Heckenbraunelle,bw150,2024,2024-05-26,0,non_breeder,147
Prunella modularis,Heckenbraunelle,bw150,2025,2025-03-23,2,non_breeder,82
Prunella modularis,Heckenbraunelle,bw150,2025,2025-04-18,4,non_breeder,108
Prunella modularis,Heckenbraunelle,bw150,2025,2025-05-24,4,non_breeder,144
Prunella modularis,Heckenbraunelle,bw150,2025,2025-05-10,1,non_breeder,130
Prunella modularis,Heckenbraunelle,bw151,2022,2022-03-27,1,non_breeder,86
Prunella modularis,Heckenbraunelle,bw151,2022,2022-04-16,0,non_breeder,106
Prunella modularis,Heckenbraunelle,bw151,2022,2022-05-08,0,non_breeder,128
Prunella modularis,Heckenbraunelle,bw151,2022,2022-05-29,0,non_breeder,149
Prunella modularis,Heckenbraunelle,bw151,2023,2023-03-26,2,non_breeder,85
Prunella modularis,Heckenbraunelle,bw151,2023,2023-04-30,0,non_breeder,120
Prunella modularis,Heckenbraunelle,bw151,2023,2023-05-14,0,non_breeder,134
Prunella modularis,Heckenbraunelle,bw151,2023,2023-05-28,0,non_breeder,148
Prunella modularis,Heckenbraunelle,bw152,2025,2025-03-18,1,non_breeder,77
Prunella modularis,Heckenbraunelle,bw152,2025,2025-04-28,1,non_breeder,118
Prunella modularis,Heckenbraunelle,bw152,2025,2025-05-16,0,non_breeder,136
Prunella modularis,Heckenbraunelle,bw152,2025,2025-06-17,1,non_breeder,168
Prunella modularis,Heckenbraunelle,bw154,2025,2025-06-13,1,non_breeder,164
Prunella modularis,Heckenbraunelle,bw154,2025,2025-03-26,5,non_breeder,85
Prunella modularis,Heckenbraunelle,bw154,2025,2025-05-15,1,non_breeder,135
Prunella modularis,Heckenbraunelle,bw154,2025,2025-04-08,5,non_breeder,98
Prunella modularis,Heckenbraunelle,bw155,2025,2025-03-25,5,non_breeder,84
Prunella modularis,Heckenbraunelle,bw155,2025,2025-04-09,3,non_breeder,99
Prunella modularis,Heckenbraunelle,bw155,2025,2025-05-19,0,non_breeder,139
Prunella modularis,Heckenbraunelle,bw155,2025,2025-06-12,2,non_breeder,163
Prunella modularis,Heckenbraunelle,bw157,2025,2025-06-07,1,non_breeder,158
Prunella modularis,Heckenbraunelle,bw157,2025,2025-03-11,1,non_breeder,70
Prunella modularis,Heckenbraunelle,bw157,2025,2025-04-05,3,non_breeder,95
Prunella modularis,Heckenbraunelle,bw157,2025,2025-05-05,1,non_breeder,125
Prunella modularis,Heckenbraunelle,bw158,2025,2025-05-08,0,non_breeder,128
Prunella modularis,Heckenbraunelle,bw158,2025,2025-05-23,1,non_breeder,143
Prunella modularis,Heckenbraunelle,bw158,2025,2025-04-04,1,non_breeder,94
Prunella modularis,Heckenbraunelle,bw158,2025,2025-03-19,0,non_breeder,78
Prunella modularis,Heckenbraunelle,bw159,2024,2024-04-23,0,non_breeder,114
Prunella modularis,Heckenbraunelle,bw159,2024,2024-05-09,0,non_breeder,130
Prunella modularis,Heckenbraunelle,bw159,2024,2024-05-21,0,non_breeder,142
Prunella modularis,Heckenbraunelle,bw159,2024,2024-03-26,1,non_breeder,86
Prunella modularis,Heckenbraunelle,bw160,2025,2025-05-10,0,non_breeder,130
Prunella modularis,Heckenbraunelle,bw160,2025,2025-06-11,0,non_breeder,162
Prunella modularis,Heckenbraunelle,bw160,2025,2025-03-22,2,non_breeder,81
Prunella modularis,Heckenbraunelle,bw160,2025,2025-04-16,2,non_breeder,106
Prunella modularis,Heckenbraunelle,bw161,2022,2022-04-10,1,non_breeder,100
Prunella modularis,Heckenbraunelle,bw161,2022,2022-06-06,0,non_breeder,157
Prunella modularis,Heckenbraunelle,bw161,2022,2022-05-01,0,non_breeder,121
Prunella modularis,Heckenbraunelle,bw161,2022,2022-03-19,0,non_breeder,78
Prunella modularis,Heckenbraunelle,bw164,2024,2024-04-23,1,non_breeder,114
Prunella modularis,Heckenbraunelle,bw164,2024,2024-05-21,0,non_breeder,142
Prunella modularis,Heckenbraunelle,bw164,2024,2024-06-19,1,non_breeder,171
Prunella modularis,Heckenbraunelle,bw164,2024,2024-03-19,0,non_breeder,79
Prunella modularis,Heckenbraunelle,bw164,2025,2025-04-15,3,non_breeder,105
Prunella modularis,Heckenbraunelle,bw164,2025,2025-06-16,2,non_breeder,167
Prunella modularis,Heckenbraunelle,bw164,2025,2025-05-15,1,non_breeder,135
Prunella modularis,Heckenbraunelle,bw164,2025,2025-03-17,0,non_breeder,76
Prunella modularis,Heckenbraunelle,bw165,2024,2024-05-07,3,non_breeder,128
Prunella modularis,Heckenbraunelle,bw165,2024,2024-05-28,0,non_breeder,149
Prunella modularis,Heckenbraunelle,bw165,2024,2024-03-18,3,non_breeder,78
Prunella modularis,Heckenbraunelle,bw165,2024,2024-04-08,3,non_breeder,99
Prunella modularis,Heckenbraunelle,bw165,2025,2025-05-27,0,non_breeder,147
Prunella modularis,Heckenbraunelle,bw165,2025,2025-03-18,3,non_breeder,77
Prunella modularis,Heckenbraunelle,bw165,2025,2025-05-06,0,non_breeder,126
Prunella modularis,Heckenbraunelle,bw165,2025,2025-04-07,1,non_breeder,97
Prunella modularis,Heckenbraunelle,bw167,2024,2024-04-22,1,non_breeder,113
Prunella modularis,Heckenbraunelle,bw167,2024,2024-05-11,0,non_breeder,132
Prunella modularis,Heckenbraunelle,bw167,2024,2024-06-17,0,non_breeder,169
Prunella modularis,Heckenbraunelle,bw167,2024,2024-03-29,0,non_breeder,89
Prunella modularis,Heckenbraunelle,bw167,2024,2024-04-21,0,non_breeder,112
Prunella modularis,Heckenbraunelle,bw170,2024,2024-06-05,0,non_breeder,157
Prunella modularis,Heckenbraunelle,bw170,2024,2024-03-21,1,non_breeder,81
Prunella modularis,Heckenbraunelle,bw170,2024,2024-05-02,0,non_breeder,123
Prunella modularis,Heckenbraunelle,bw170,2024,2024-04-10,1,non_breeder,101
Prunella modularis,Heckenbraunelle,bw171,2023,2023-03-25,1,non_breeder,84
Prunella modularis,Heckenbraunelle,bw172,2022,2022-04-12,5,non_breeder,102
Prunella modularis,Heckenbraunelle,bw172,2022,2022-05-11,4,non_breeder,131
Prunella modularis,Heckenbraunelle,bw172,2022,2022-06-02,4,non_breeder,153
Prunella modularis,Heckenbraunelle,bw172,2022,2022-03-24,2,non_breeder,83
Prunella modularis,Heckenbraunelle,bw172,2023,2023-05-11,2,non_breeder,131
Prunella modularis,Heckenbraunelle,bw172,2023,2023-06-07,3,non_breeder,158
Prunella modularis,Heckenbraunelle,bw172,2023,2023-03-17,0,non_breeder,76
Prunella modularis,Heckenbraunelle,bw172,2023,2023-04-18,3,non_breeder,108
Prunella modularis,Heckenbraunelle,bw172,2023,2023-04-17,0,non_breeder,107
Prunella modularis,Heckenbraunelle,bw172,2024,2024-04-09,1,non_breeder,100
Prunella modularis,Heckenbraunelle,bw172,2024,2024-05-10,6,non_breeder,131
Prunella modularis,Heckenbraunelle,bw172,2024,2024-06-07,1,non_breeder,159
Prunella modularis,Heckenbraunelle,bw172,2024,2024-03-15,0,non_breeder,75
Prunella modularis,Heckenbraunelle,bw172,2024,2024-04-08,0,non_breeder,99
Prunella modularis,Heckenbraunelle,bw172,2025,2025-03-20,0,non_breeder,79
Prunella modularis,Heckenbraunelle,bw172,2025,2025-04-10,4,non_breeder,100
Prunella modularis,Heckenbraunelle,bw172,2025,2025-05-09,0,non_breeder,129
Prunella modularis,Heckenbraunelle,bw172,2025,2025-05-31,3,non_breeder,151
Prunella modularis,Heckenbraunelle,bw173,2022,2022-03-22,0,non_breeder,81
Prunella modularis,Heckenbraunelle,bw173,2022,2022-04-11,1,non_breeder,101
Prunella modularis,Heckenbraunelle,bw173,2022,2022-05-10,1,non_breeder,130
Prunella modularis,Heckenbraunelle,bw173,2022,2022-06-01,0,non_breeder,152
Prunella modularis,Heckenbraunelle,bw173,2023,2023-03-16,0,non_breeder,75
Prunella modularis,Heckenbraunelle,bw173,2023,2023-06-06,1,non_breeder,157
Prunella modularis,Heckenbraunelle,bw173,2023,2023-04-14,0,non_breeder,104
Prunella modularis,Heckenbraunelle,bw173,2023,2023-05-09,0,non_breeder,129
Prunella modularis,Heckenbraunelle,bw173,2025,2025-04-07,0,non_breeder,97
Prunella modularis,Heckenbraunelle,bw173,2025,2025-05-08,0,non_breeder,128
Prunella modularis,Heckenbraunelle,bw173,2025,2025-05-30,1,non_breeder,150
Prunella modularis,Heckenbraunelle,bw173,2025,2025-03-17,1,non_breeder,76
Prunella modularis,Heckenbraunelle,bw176,2025,2025-04-26,0,non_breeder,116
Prunella modularis,Heckenbraunelle,bw176,2025,2025-03-27,0,non_breeder,86
Prunella modularis,Heckenbraunelle,bw176,2025,2025-05-18,1,non_breeder,138
Prunella modularis,Heckenbraunelle,bw176,2025,2025-06-13,2,non_breeder,164
Prunella modularis,Heckenbraunelle,bw179,2023,2023-06-03,0,non_breeder,154
Prunella modularis,Heckenbraunelle,bw179,2023,2023-04-09,2,non_breeder,99
Prunella modularis,Heckenbraunelle,bw179,2023,2023-05-04,0,non_breeder,124
Prunella modularis,Heckenbraunelle,bw179,2023,2023-03-20,0,non_breeder,79
Prunella modularis,Heckenbraunelle,bw179,2024,2024-04-06,2,non_breeder,97
Prunella modularis,Heckenbraunelle,bw179,2024,2024-06-04,1,non_breeder,156
Prunella modularis,Heckenbraunelle,bw179,2024,2024-03-17,0,non_breeder,77
Prunella modularis,Heckenbraunelle,bw179,2024,2024-05-11,1,non_breeder,132
Prunella modularis,Heckenbraunelle,bw179,2025,2025-05-31,0,non_breeder,151
Prunella modularis,Heckenbraunelle,bw179,2025,2025-04-04,1,non_breeder,94
Prunella modularis,Heckenbraunelle,bw179,2025,2025-03-11,1,non_breeder,70
Prunella modularis,Heckenbraunelle,bw179,2025,2025-05-02,1,non_breeder,122
Prunella modularis,Heckenbraunelle,bw180,2021,2021-06-13,0,non_breeder,164
Prunella modularis,Heckenbraunelle,bw180,2021,2021-03-28,0,non_breeder,87
Prunella modularis,Heckenbraunelle,bw180,2021,2021-04-17,1,non_breeder,107
Prunella modularis,Heckenbraunelle,bw180,2021,2021-05-15,0,non_breeder,135
Prunella modularis,Heckenbraunelle,bw181,2022,2022-04-13,6,non_breeder,103
Prunella modularis,Heckenbraunelle,bw181,2022,2022-05-17,1,non_breeder,137
Prunella modularis,Heckenbraunelle,bw181,2022,2022-06-11,7,non_breeder,162
Prunella modularis,Heckenbraunelle,bw181,2022,2022-03-16,5,non_breeder,75
Prunella modularis,Heckenbraunelle,bw181,2023,2023-04-27,4,non_breeder,117
Prunella modularis,Heckenbraunelle,bw181,2023,2023-05-15,5,non_breeder,135
Prunella modularis,Heckenbraunelle,bw181,2023,2023-06-16,4,non_breeder,167
Prunella modularis,Heckenbraunelle,bw181,2023,2023-03-21,2,non_breeder,80
Prunella modularis,Heckenbraunelle,bw181,2024,2024-04-30,5,non_breeder,121
Prunella modularis,Heckenbraunelle,bw181,2024,2024-05-14,1,non_breeder,135
Prunella modularis,Heckenbraunelle,bw181,2024,2024-06-13,1,non_breeder,165
Prunella modularis,Heckenbraunelle,bw181,2024,2024-03-20,8,non_breeder,80
Prunella modularis,Heckenbraunelle,bw181,2025,2025-03-20,0,non_breeder,79
Prunella modularis,Heckenbraunelle,bw181,2025,2025-04-14,8,non_breeder,104
Prunella modularis,Heckenbraunelle,bw181,2025,2025-05-13,1,non_breeder,133
Prunella modularis,Heckenbraunelle,bw181,2025,2025-06-11,1,non_breeder,162
Prunella modularis,Heckenbraunelle,bw183,2022,2022-03-19,0,non_breeder,78
Prunella modularis,Heckenbraunelle,bw183,2022,2022-05-19,1,non_breeder,139
Prunella modularis,Heckenbraunelle,bw183,2022,2022-04-21,1,non_breeder,111
Prunella modularis,Heckenbraunelle,bw183,2022,2022-06-12,0,non_breeder,163
Prunella modularis,Heckenbraunelle,bw188,2023,2023-03-21,0,non_breeder,80
Prunella modularis,Heckenbraunelle,bw188,2023,2023-04-27,0,non_breeder,117
Prunella modularis,Heckenbraunelle,bw188,2023,2023-06-12,0,non_breeder,163
Prunella modularis,Heckenbraunelle,bw188,2023,2023-05-15,1,non_breeder,135
Prunella modularis,Heckenbraunelle,bw188,2025,2025-03-11,0,non_breeder,70
Prunella modularis,Heckenbraunelle,bw188,2025,2025-06-03,2,non_breeder,154
Prunella modularis,Heckenbraunelle,bw188,2025,2025-05-09,3,non_breeder,129
Prunella modularis,Heckenbraunelle,bw188,2025,2025-04-05,0,non_breeder,95
Prunella modularis,Heckenbraunelle,bw189,2024,2024-06-04,1,non_breeder,156
Prunella modularis,Heckenbraunelle,bw189,2024,2024-03-25,0,non_breeder,85
Prunella modularis,Heckenbraunelle,bw189,2024,2024-04-16,0,non_breeder,107
Prunella modularis,Heckenbraunelle,bw189,2024,2024-05-13,0,non_breeder,134
Prunella modularis,Heckenbraunelle,bw190,2025,2025-04-27,4,non_breeder,117
Prunella modularis,Heckenbraunelle,bw190,2025,2025-06-08,5,non_breeder,159
Prunella modularis,Heckenbraunelle,bw190,2025,2025-03-20,1,non_breeder,79
Prunella modularis,Heckenbraunelle,bw190,2025,2025-04-11,5,non_breeder,101
Prunella modularis,Heckenbraunelle,bw192,2022,2022-06-16,0,non_breeder,167
Prunella modularis,Heckenbraunelle,bw192,2022,2022-03-20,0,non_breeder,79
Prunella modularis,Heckenbraunelle,bw192,2022,2022-04-10,1,non_breeder,100
Prunella modularis,Heckenbraunelle,bw192,2022,2022-05-08,1,non_breeder,128
Prunella modularis,Heckenbraunelle,bw192,2025,2025-05-31,0,non_breeder,151
Prunella modularis,Heckenbraunelle,bw192,2025,2025-05-12,1,non_breeder,132
Prunella modularis,Heckenbraunelle,bw192,2025,2025-03-24,2,non_breeder,83
Prunella modularis,Heckenbraunelle,bw192,2025,2025-04-06,1,non_breeder,96
Prunella modularis,Heckenbraunelle,bw193,2024,2024-03-31,3,non_breeder,91
Prunella modularis,Heckenbraunelle,bw193,2024,2024-05-20,1,non_breeder,141
Prunella modularis,Heckenbraunelle,bw193,2024,2024-06-24,0,non_breeder,176
Prunella modularis,Heckenbraunelle,bw193,2024,2024-04-26,1,non_breeder,117
Prunella modularis,Heckenbraunelle,bw193,2025,2025-04-20,4,non_breeder,110
Prunella modularis,Heckenbraunelle,bw193,2025,2025-05-20,0,non_breeder,140
Prunella modularis,Heckenbraunelle,bw193,2025,2025-03-27,2,non_breeder,86
Prunella modularis,Heckenbraunelle,bw193,2025,2025-06-17,0,non_breeder,168
Prunella modularis,Heckenbraunelle,bw194,2022,2022-04-18,0,non_breeder,108
Prunella modularis,Heckenbraunelle,bw194,2022,2022-05-08,0,non_breeder,128
Prunella modularis,Heckenbraunelle,bw194,2022,2022-06-12,0,non_breeder,163
Prunella modularis,Heckenbraunelle,bw194,2022,2022-04-08,1,non_breeder,98
Prunella modularis,Heckenbraunelle,bw194,2025,2025-03-23,1,non_breeder,82
Prunella modularis,Heckenbraunelle,bw194,2025,2025-05-24,0,non_breeder,144
Prunella modularis,Heckenbraunelle,bw194,2025,2025-04-27,0,non_breeder,117
Prunella modularis,Heckenbraunelle,bw194,2025,2025-06-19,0,non_breeder,170
Prunella modularis,Heckenbraunelle,bw195,2021,2021-04-03,1,non_breeder,93
Prunella modularis,Heckenbraunelle,bw195,2021,2021-03-12,0,non_breeder,71
Prunella modularis,Heckenbraunelle,bw195,2021,2021-06-03,0,non_breeder,154
Prunella modularis,Heckenbraunelle,bw195,2021,2021-05-10,2,non_breeder,130
Prunella modularis,Heckenbraunelle,bw195,2022,2022-04-16,0,non_breeder,106
Prunella modularis,Heckenbraunelle,bw195,2022,2022-03-19,0,non_breeder,78
Prunella modularis,Heckenbraunelle,bw195,2022,2022-05-07,1,non_breeder,127
Prunella modularis,Heckenbraunelle,bw195,2022,2022-06-05,0,non_breeder,156
Prunella modularis,Heckenbraunelle,bw197,2025,2025-04-25,0,non_breeder,115
Prunella modularis,Heckenbraunelle,bw197,2025,2025-06-09,0,non_breeder,160
Prunella modularis,Heckenbraunelle,bw197,2025,2025-03-22,1,non_breeder,81
Prunella modularis,Heckenbraunelle,bw197,2025,2025-05-07,1,non_breeder,127
Prunella modularis,Heckenbraunelle,bw199,2025,2025-03-30,2,non_breeder,89
Prunella modularis,Heckenbraunelle,bw199,2025,2025-06-07,0,non_breeder,158
Prunella modularis,Heckenbraunelle,bw199,2025,2025-05-14,0,non_breeder,134
Prunella modularis,Heckenbraunelle,bw199,2025,2025-04-27,0,non_breeder,117
Prunella modularis,Heckenbraunelle,bw20,2023,2023-03-23,0,non_breeder,82
Prunella modularis,Heckenbraunelle,bw20,2023,2023-04-19,1,non_breeder,109
Prunella modularis,Heckenbraunelle,bw20,2023,2023-05-17,0,non_breeder,137
Prunella modularis,Heckenbraunelle,bw20,2023,2023-06-17,0,non_breeder,168
Prunella modularis,Heckenbraunelle,bw20,2024,2024-03-21,0,non_breeder,81
Prunella modularis,Heckenbraunelle,bw20,2024,2024-04-14,1,non_breeder,105
Prunella modularis,Heckenbraunelle,bw20,2024,2024-05-27,0,non_breeder,148
Prunella modularis,Heckenbraunelle,bw20,2024,2024-06-27,0,non_breeder,179
Prunella modularis,Heckenbraunelle,bw20,2025,2025-04-21,1,non_breeder,111
Prunella modularis,Heckenbraunelle,bw20,2025,2025-03-25,0,non_breeder,84
Prunella modularis,Heckenbraunelle,bw20,2025,2025-05-12,0,non_breeder,132
Prunella modularis,Heckenbraunelle,bw20,2025,2025-06-16,0,non_breeder,167
Prunella modularis,Heckenbraunelle,bw202,2022,2022-03-20,0,non_breeder,79
Prunella modularis,Heckenbraunelle,bw202,2022,2022-04-06,2,non_breeder,96
Prunella modularis,Heckenbraunelle,bw202,2022,2022-05-02,0,non_breeder,122
Prunella modularis,Heckenbraunelle,bw202,2022,2022-05-23,0,non_breeder,143
Prunella modularis,Heckenbraunelle,bw202,2023,2023-05-05,2,non_breeder,125
Prunella modularis,Heckenbraunelle,bw202,2023,2023-06-02,0,non_breeder,153
Prunella modularis,Heckenbraunelle,bw202,2023,2023-03-20,1,non_breeder,79
Prunella modularis,Heckenbraunelle,bw202,2023,2023-04-14,0,non_breeder,104
Prunella modularis,Heckenbraunelle,bw202,2024,2024-06-05,0,non_breeder,157
Prunella modularis,Heckenbraunelle,bw202,2024,2024-03-22,1,non_breeder,82
Prunella modularis,Heckenbraunelle,bw202,2024,2024-04-08,1,non_breeder,99
Prunella modularis,Heckenbraunelle,bw202,2024,2024-05-08,0,non_breeder,129
Prunella modularis,Heckenbraunelle,bw204,2023,2023-03-18,1,non_breeder,77
Prunella modularis,Heckenbraunelle,bw204,2023,2023-06-18,0,non_breeder,169
Prunella modularis,Heckenbraunelle,bw204,2023,2023-05-06,2,non_breeder,126
Prunella modularis,Heckenbraunelle,bw204,2023,2023-04-14,2,non_breeder,104
Prunella modularis,Heckenbraunelle,bw204,2024,2024-03-10,0,non_breeder,70
Prunella modularis,Heckenbraunelle,bw204,2024,2024-05-05,2,non_breeder,126
Prunella modularis,Heckenbraunelle,bw204,2024,2024-04-07,0,non_breeder,98
Prunella modularis,Heckenbraunelle,bw204,2024,2024-05-26,0,non_breeder,147
Prunella modularis,Heckenbraunelle,bw204,2025,2025-03-16,1,non_breeder,75
Prunella modularis,Heckenbraunelle,bw204,2025,2025-04-06,1,non_breeder,96
Prunella modularis,Heckenbraunelle,bw204,2025,2025-05-29,0,non_breeder,149
Prunella modularis,Heckenbraunelle,bw204,2025,2025-05-03,0,non_breeder,123
Prunella modularis,Heckenbraunelle,bw205,2022,2022-06-12,2,non_breeder,163
Prunella modularis,Heckenbraunelle,bw205,2022,2022-03-26,4,non_breeder,85
Prunella modularis,Heckenbraunelle,bw205,2022,2022-04-29,4,non_breeder,119
Prunella modularis,Heckenbraunelle,bw205,2022,2022-05-15,2,non_breeder,135
Prunella modularis,Heckenbraunelle,bw205,2023,2023-05-19,3,non_breeder,139
Prunella modularis,Heckenbraunelle,bw205,2023,2023-06-17,1,non_breeder,168
Prunella modularis,Heckenbraunelle,bw205,2023,2023-03-26,3,non_breeder,85
Prunella modularis,Heckenbraunelle,bw205,2023,2023-04-30,4,non_breeder,120
Prunella modularis,Heckenbraunelle,bw205,2024,2024-03-25,1,non_breeder,85
Prunella modularis,Heckenbraunelle,bw205,2024,2024-04-14,3,non_breeder,105
Prunella modularis,Heckenbraunelle,bw205,2024,2024-05-12,2,non_breeder,133
Prunella modularis,Heckenbraunelle,bw205,2024,2024-06-08,2,non_breeder,160
Prunella modularis,Heckenbraunelle,bw208,2022,2022-03-27,3,non_breeder,86
Prunella modularis,Heckenbraunelle,bw208,2022,2022-05-01,1,non_breeder,121
Prunella modularis,Heckenbraunelle,bw208,2022,2022-05-29,2,non_breeder,149
Prunella modularis,Heckenbraunelle,bw208,2023,2023-03-19,2,non_breeder,78
Prunella modularis,Heckenbraunelle,bw208,2023,2023-04-09,5,non_breeder,99
Prunella modularis,Heckenbraunelle,bw208,2023,2023-05-07,1,non_breeder,127
Prunella modularis,Heckenbraunelle,bw208,2023,2023-05-28,1,non_breeder,148
Prunella modularis,Heckenbraunelle,bw208,2024,2024-03-17,1,non_breeder,77
Prunella modularis,Heckenbraunelle,bw208,2024,2024-04-12,2,non_breeder,103
Prunella modularis,Heckenbraunelle,bw208,2024,2024-05-19,0,non_breeder,140
Prunella modularis,Heckenbraunelle,bw208,2025,2025-03-23,0,non_breeder,82
Prunella modularis,Heckenbraunelle,bw208,2025,2025-04-12,4,non_breeder,102
Prunella modularis,Heckenbraunelle,bw208,2025,2025-05-01,1,non_breeder,121
Prunella modularis,Heckenbraunelle,bw208,2025,2025-06-19,0,non_breeder,170
Prunella modularis,Heckenbraunelle,bw21,2024,2024-03-30,2,non_breeder,90
Prunella modularis,Heckenbraunelle,bw21,2024,2024-04-13,2,non_breeder,104
Prunella modularis,Heckenbraunelle,bw21,2024,2024-05-20,0,non_breeder,141
Prunella modularis,Heckenbraunelle,bw21,2024,2024-06-07,1,non_breeder,159
Prunella modularis,Heckenbraunelle,bw21,2025,2025-03-27,2,non_breeder,86
Prunella modularis,Heckenbraunelle,bw21,2025,2025-04-29,2,non_breeder,119
Prunella modularis,Heckenbraunelle,bw21,2025,2025-05-20,1,non_breeder,140
Prunella modularis,Heckenbraunelle,bw21,2025,2025-06-17,1,non_breeder,168
Prunella modularis,Heckenbraunelle,bw213,2021,2021-05-16,0,non_breeder,136
Prunella modularis,Heckenbraunelle,bw213,2021,2021-03-29,5,non_breeder,88
Prunella modularis,Heckenbraunelle,bw213,2021,2021-06-19,3,non_breeder,170
Prunella modularis,Heckenbraunelle,bw213,2022,2022-06-04,0,non_breeder,155
Prunella modularis,Heckenbraunelle,bw213,2022,2022-03-13,1,non_breeder,72
Prunella modularis,Heckenbraunelle,bw213,2022,2022-04-22,1,non_breeder,112
Prunella modularis,Heckenbraunelle,bw213,2022,2022-05-15,1,non_breeder,135
Prunella modularis,Heckenbraunelle,bw213,2023,2023-03-28,1,non_breeder,87
Prunella modularis,Heckenbraunelle,bw213,2023,2023-04-29,1,non_breeder,119
Prunella modularis,Heckenbraunelle,bw213,2023,2023-05-20,0,non_breeder,140
Prunella modularis,Heckenbraunelle,bw213,2023,2023-06-19,0,non_breeder,170
Prunella modularis,Heckenbraunelle,bw215,2022,2022-03-17,0,non_breeder,76
Prunella modularis,Heckenbraunelle,bw215,2022,2022-04-13,5,non_breeder,103
Prunella modularis,Heckenbraunelle,bw215,2022,2022-05-10,0,non_breeder,130
Prunella modularis,Heckenbraunelle,bw215,2022,2022-06-02,0,non_breeder,153
Prunella modularis,Heckenbraunelle,bw215,2023,2023-03-21,0,non_breeder,80
Prunella modularis,Heckenbraunelle,bw215,2023,2023-05-14,0,non_breeder,134
Prunella modularis,Heckenbraunelle,bw215,2023,2023-04-22,1,non_breeder,112
Prunella modularis,Heckenbraunelle,bw215,2023,2023-06-01,0,non_breeder,152
Prunella modularis,Heckenbraunelle,bw215,2024,2024-04-27,0,non_breeder,118
Prunella modularis,Heckenbraunelle,bw215,2024,2024-05-14,0,non_breeder,135
Prunella modularis,Heckenbraunelle,bw215,2024,2024-03-20,1,non_breeder,80
Prunella modularis,Heckenbraunelle,bw215,2024,2024-06-04,0,non_breeder,156
Prunella modularis,Heckenbraunelle,bw215,2025,2025-03-20,0,non_breeder,79
Prunella modularis,Heckenbraunelle,bw215,2025,2025-04-10,3,non_breeder,100
Prunella modularis,Heckenbraunelle,bw215,2025,2025-05-02,0,non_breeder,122
Prunella modularis,Heckenbraunelle,bw215,2025,2025-06-08,0,non_breeder,159
Prunella modularis,Heckenbraunelle,bw216,2020,2020-04-10,1,non_breeder,101
Prunella modularis,Heckenbraunelle,bw216,2020,2020-03-22,0,non_breeder,82
Prunella modularis,Heckenbraunelle,bw216,2020,2020-05-09,1,non_breeder,130
Prunella modularis,Heckenbraunelle,bw216,2020,2020-05-31,0,non_breeder,152
Prunella modularis,Heckenbraunelle,bw216,2020,2020-05-30,0,non_breeder,151
Prunella modularis,Heckenbraunelle,bw216,2023,2023-04-10,0,non_breeder,100
Prunella modularis,Heckenbraunelle,bw216,2023,2023-03-25,2,non_breeder,84
Prunella modularis,Heckenbraunelle,bw216,2023,2023-06-04,0,non_breeder,155
Prunella modularis,Heckenbraunelle,bw216,2023,2023-05-13,0,non_breeder,133
Prunella modularis,Heckenbraunelle,bw216,2024,2024-03-25,1,non_breeder,85
Prunella modularis,Heckenbraunelle,bw216,2024,2024-05-09,0,non_breeder,130
Prunella modularis,Heckenbraunelle,bw216,2024,2024-04-14,1,non_breeder,105
Prunella modularis,Heckenbraunelle,bw216,2024,2024-06-16,0,non_breeder,168
Prunella modularis,Heckenbraunelle,bw22,2023,2023-03-22,1,non_breeder,81
Prunella modularis,Heckenbraunelle,bw22,2023,2023-04-18,0,non_breeder,108
Prunella modularis,Heckenbraunelle,bw22,2023,2023-05-18,0,non_breeder,138
Prunella modularis,Heckenbraunelle,bw22,2023,2023-06-16,0,non_breeder,167
Prunella modularis,Heckenbraunelle,bw22,2024,2024-03-15,0,non_breeder,75
Prunella modularis,Heckenbraunelle,bw22,2024,2024-04-13,1,non_breeder,104
Prunella modularis,Heckenbraunelle,bw22,2024,2024-05-28,0,non_breeder,149
Prunella modularis,Heckenbraunelle,bw22,2024,2024-06-27,0,non_breeder,179
Prunella modularis,Heckenbraunelle,bw221,2024,2024-05-12,1,non_breeder,133
Prunella modularis,Heckenbraunelle,bw221,2024,2024-04-13,0,non_breeder,104
Prunella modularis,Heckenbraunelle,bw221,2024,2024-06-07,1,non_breeder,159
Prunella modularis,Heckenbraunelle,bw221,2024,2024-03-17,0,non_breeder,77
Prunella modularis,Heckenbraunelle,bw221,2025,2025-03-22,0,non_breeder,81
Prunella modularis,Heckenbraunelle,bw221,2025,2025-04-27,2,non_breeder,117
Prunella modularis,Heckenbraunelle,bw221,2025,2025-06-09,0,non_breeder,160
Prunella modularis,Heckenbraunelle,bw221,2025,2025-05-18,0,non_breeder,138
Prunella modularis,Heckenbraunelle,bw223,2023,2023-05-04,1,non_breeder,124
Prunella modularis,Heckenbraunelle,bw223,2023,2023-05-26,1,non_breeder,146
Prunella modularis,Heckenbraunelle,bw223,2023,2023-03-12,0,non_breeder,71
Prunella modularis,Heckenbraunelle,bw223,2023,2023-04-15,0,non_breeder,105
Prunella modularis,Heckenbraunelle,bw225,2022,2022-03-16,0,non_breeder,75
Prunella modularis,Heckenbraunelle,bw225,2022,2022-05-17,1,non_breeder,137
Prunella modularis,Heckenbraunelle,bw225,2022,2022-05-30,1,non_breeder,150
Prunella modularis,Heckenbraunelle,bw225,2022,2022-04-26,2,non_breeder,116
Prunella modularis,Heckenbraunelle,bw225,2023,2023-04-30,0,non_breeder,120
Prunella modularis,Heckenbraunelle,bw225,2023,2023-03-17,0,non_breeder,76
Prunella modularis,Heckenbraunelle,bw225,2023,2023-05-31,1,non_breeder,151
Prunella modularis,Heckenbraunelle,bw225,2023,2023-05-09,1,non_breeder,129
Prunella modularis,Heckenbraunelle,bw225,2023,2023-04-29,0,non_breeder,119
Prunella modularis,Heckenbraunelle,bw225,2025,2025-05-09,1,non_breeder,129
Prunella modularis,Heckenbraunelle,bw225,2025,2025-05-25,0,non_breeder,145
Prunella modularis,Heckenbraunelle,bw225,2025,2025-03-21,3,non_breeder,80
Prunella modularis,Heckenbraunelle,bw226,2023,2023-03-20,1,non_breeder,79
Prunella modularis,Heckenbraunelle,bw226,2023,2023-05-24,0,non_breeder,144
Prunella modularis,Heckenbraunelle,bw226,2023,2023-04-09,1,non_breeder,99
Prunella modularis,Heckenbraunelle,bw226,2023,2023-05-03,0,non_breeder,123
Prunella modularis,Heckenbraunelle,bw226,2023,2023-05-23,0,non_breeder,143
Prunella modularis,Heckenbraunelle,bw226,2025,2025-03-22,0,non_breeder,81
Prunella modularis,Heckenbraunelle,bw226,2025,2025-04-13,0,non_breeder,103
Prunella modularis,Heckenbraunelle,bw226,2025,2025-05-24,0,non_breeder,144
Prunella modularis,Heckenbraunelle,bw226,2025,2025-05-01,1,non_breeder,121
Prunella modularis,Heckenbraunelle,bw228,2025,2025-03-20,0,non_breeder,79
Prunella modularis,Heckenbraunelle,bw228,2025,2025-04-20,1,non_breeder,110
Prunella modularis,Heckenbraunelle,bw228,2025,2025-05-09,0,non_breeder,129
Prunella modularis,Heckenbraunelle,bw228,2025,2025-06-04,1,non_breeder,155
Prunella modularis,Heckenbraunelle,bw23,2023,2023-03-29,0,non_breeder,88
Prunella modularis,Heckenbraunelle,bw23,2023,2023-04-30,0,non_breeder,120
Prunella modularis,Heckenbraunelle,bw23,2023,2023-05-20,0,non_breeder,140
Prunella modularis,Heckenbraunelle,bw23,2023,2023-06-19,1,non_breeder,170
Prunella modularis,Heckenbraunelle,bw232,2025,2025-03-28,2,non_breeder,87
Prunella modularis,Heckenbraunelle,bw232,2025,2025-04-23,0,non_breeder,113
Prunella modularis,Heckenbraunelle,bw232,2025,2025-06-17,0,non_breeder,168
Prunella modularis,Heckenbraunelle,bw232,2025,2025-05-07,0,non_breeder,127
Prunella modularis,Heckenbraunelle,bw234,2023,2023-03-22,2,non_breeder,81
Prunella modularis,Heckenbraunelle,bw234,2023,2023-04-04,0,non_breeder,94
Prunella modularis,Heckenbraunelle,bw234,2023,2023-05-20,0,non_breeder,140
Prunella modularis,Heckenbraunelle,bw234,2023,2023-06-11,1,non_breeder,162
Prunella modularis,Heckenbraunelle,bw234,2023,2023-06-10,0,non_breeder,161
Prunella modularis,Heckenbraunelle,bw234,2024,2024-03-27,0,non_breeder,87
Prunella modularis,Heckenbraunelle,bw234,2024,2024-04-13,1,non_breeder,104
Prunella modularis,Heckenbraunelle,bw234,2024,2024-05-03,0,non_breeder,124
Prunella modularis,Heckenbraunelle,bw234,2024,2024-06-06,1,non_breeder,158
Prunella modularis,Heckenbraunelle,bw234,2024,2024-05-02,0,non_breeder,123
Prunella modularis,Heckenbraunelle,bw235,2021,2021-04-15,2,non_breeder,105
Prunella modularis,Heckenbraunelle,bw235,2021,2021-05-13,5,non_breeder,133
Prunella modularis,Heckenbraunelle,bw235,2021,2021-03-31,2,non_breeder,90
Prunella modularis,Heckenbraunelle,bw235,2021,2021-05-30,2,non_breeder,150
Prunella modularis,Heckenbraunelle,bw235,2022,2022-05-14,1,non_breeder,134
Prunella modularis,Heckenbraunelle,bw235,2022,2022-03-25,0,non_breeder,84
Prunella modularis,Heckenbraunelle,bw235,2022,2022-04-12,2,non_breeder,102
Prunella modularis,Heckenbraunelle,bw235,2022,2022-06-01,2,non_breeder,152
Prunella modularis,Heckenbraunelle,bw235,2023,2023-03-29,5,non_breeder,88
Prunella modularis,Heckenbraunelle,bw235,2023,2023-04-26,2,non_breeder,116
Prunella modularis,Heckenbraunelle,bw235,2023,2023-05-26,0,non_breeder,146
Prunella modularis,Heckenbraunelle,bw235,2023,2023-06-13,1,non_breeder,164
Prunella modularis,Heckenbraunelle,bw235,2024,2024-04-24,2,non_breeder,115
Prunella modularis,Heckenbraunelle,bw235,2024,2024-05-15,1,non_breeder,136
Prunella modularis,Heckenbraunelle,bw235,2024,2024-03-26,1,non_breeder,86
Prunella modularis,Heckenbraunelle,bw235,2024,2024-06-04,3,non_breeder,156
Prunella modularis,Heckenbraunelle,bw235,2025,2025-06-03,2,non_breeder,154
Prunella modularis,Heckenbraunelle,bw235,2025,2025-03-21,2,non_breeder,80
Prunella modularis,Heckenbraunelle,bw235,2025,2025-04-19,2,non_breeder,109
Prunella modularis,Heckenbraunelle,bw235,2025,2025-05-14,2,non_breeder,134
Prunella modularis,Heckenbraunelle,bw237,2021,2021-05-15,5,non_breeder,135
Prunella modularis,Heckenbraunelle,bw237,2021,2021-04-02,6,non_breeder,92
Prunella modularis,Heckenbraunelle,bw237,2021,2021-06-17,0,non_breeder,168
Prunella modularis,Heckenbraunelle,bw237,2021,2021-04-24,7,non_breeder,114
Prunella modularis,Heckenbraunelle,bw237,2022,2022-04-22,0,non_breeder,112
Prunella modularis,Heckenbraunelle,bw237,2022,2022-05-14,3,non_breeder,134
Prunella modularis,Heckenbraunelle,bw237,2022,2022-06-06,0,non_breeder,157
Prunella modularis,Heckenbraunelle,bw237,2022,2022-03-16,1,non_breeder,75
Prunella modularis,Heckenbraunelle,bw237,2024,2024-06-12,3,non_breeder,164
Prunella modularis,Heckenbraunelle,bw237,2024,2024-03-22,2,non_breeder,82
Prunella modularis,Heckenbraunelle,bw237,2024,2024-04-23,3,non_breeder,114
Prunella modularis,Heckenbraunelle,bw237,2024,2024-05-13,0,non_breeder,134
Prunella modularis,Heckenbraunelle,bw237,2025,2025-03-19,1,non_breeder,78
Prunella modularis,Heckenbraunelle,bw237,2025,2025-04-22,2,non_breeder,112
Prunella modularis,Heckenbraunelle,bw237,2025,2025-05-10,0,non_breeder,130
Prunella modularis,Heckenbraunelle,bw237,2025,2025-06-11,0,non_breeder,162
Prunella modularis,Heckenbraunelle,bw238,2024,2024-03-26,12,non_breeder,86
Prunella modularis,Heckenbraunelle,bw238,2024,2024-04-08,18,non_breeder,99
Prunella modularis,Heckenbraunelle,bw238,2024,2024-05-14,11,non_breeder,135
Prunella modularis,Heckenbraunelle,bw238,2024,2024-06-07,10,non_breeder,159
Prunella modularis,Heckenbraunelle,bw238,2025,2025-03-22,10,non_breeder,81
Prunella modularis,Heckenbraunelle,bw238,2025,2025-04-22,11,non_breeder,112
Prunella modularis,Heckenbraunelle,bw238,2025,2025-05-13,15,non_breeder,133
Prunella modularis,Heckenbraunelle,bw238,2025,2025-06-05,13,non_breeder,156
Prunella modularis,Heckenbraunelle,bw239,2022,2022-03-27,0,non_breeder,86
Prunella modularis,Heckenbraunelle,bw239,2022,2022-04-30,0,non_breeder,120
Prunella modularis,Heckenbraunelle,bw239,2022,2022-05-19,0,non_breeder,139
Prunella modularis,Heckenbraunelle,bw239,2022,2022-06-12,2,non_breeder,163
Prunella modularis,Heckenbraunelle,bw239,2023,2023-03-23,0,non_breeder,82
Prunella modularis,Heckenbraunelle,bw239,2023,2023-04-29,0,non_breeder,119
Prunella modularis,Heckenbraunelle,bw239,2023,2023-05-20,1,non_breeder,140
Prunella modularis,Heckenbraunelle,bw239,2023,2023-06-09,0,non_breeder,160
Prunella modularis,Heckenbraunelle,bw239,2025,2025-03-22,0,non_breeder,81
Prunella modularis,Heckenbraunelle,bw239,2025,2025-04-13,2,non_breeder,103
Prunella modularis,Heckenbraunelle,bw239,2025,2025-05-11,0,non_breeder,131
Prunella modularis,Heckenbraunelle,bw239,2025,2025-06-13,0,non_breeder,164
Prunella modularis,Heckenbraunelle,bw240,2022,2022-06-03,0,non_breeder,154
Prunella modularis,Heckenbraunelle,bw240,2022,2022-03-16,0,non_breeder,75
Prunella modularis,Heckenbraunelle,bw240,2022,2022-04-06,3,non_breeder,96
Prunella modularis,Heckenbraunelle,bw240,2022,2022-05-09,1,non_breeder,129
Prunella modularis,Heckenbraunelle,bw240,2023,2023-06-01,0,non_breeder,152
Prunella modularis,Heckenbraunelle,bw240,2023,2023-03-17,0,non_breeder,76
Prunella modularis,Heckenbraunelle,bw240,2023,2023-04-10,4,non_breeder,100
Prunella modularis,Heckenbraunelle,bw240,2023,2023-05-03,0,non_breeder,123
Prunella modularis,Heckenbraunelle,bw240,2024,2024-05-06,2,non_breeder,127
Prunella modularis,Heckenbraunelle,bw240,2024,2024-04-08,5,non_breeder,99
Prunella modularis,Heckenbraunelle,bw240,2024,2024-03-11,0,non_breeder,71
Prunella modularis,Heckenbraunelle,bw240,2024,2024-06-08,0,non_breeder,160
Prunella modularis,Heckenbraunelle,bw240,2025,2025-05-15,0,non_breeder,135
Prunella modularis,Heckenbraunelle,bw240,2025,2025-06-01,2,non_breeder,152
Prunella modularis,Heckenbraunelle,bw240,2025,2025-03-14,1,non_breeder,73
Prunella modularis,Heckenbraunelle,bw240,2025,2025-04-09,1,non_breeder,99
Prunella modularis,Heckenbraunelle,bw241,2024,2024-06-06,0,non_breeder,158
Prunella modularis,Heckenbraunelle,bw241,2024,2024-03-27,1,non_breeder,87
Prunella modularis,Heckenbraunelle,bw241,2024,2024-04-16,0,non_breeder,107
Prunella modularis,Heckenbraunelle,bw241,2024,2024-05-08,1,non_breeder,129
Prunella modularis,Heckenbraunelle,bw241,2025,2025-05-14,1,non_breeder,134
Prunella modularis,Heckenbraunelle,bw241,2025,2025-06-09,0,non_breeder,160
Prunella modularis,Heckenbraunelle,bw241,2025,2025-04-23,1,non_breeder,113
Prunella modularis,Heckenbraunelle,bw241,2025,2025-03-25,6,non_breeder,84
Prunella modularis,Heckenbraunelle,bw244,2022,2022-03-14,0,non_breeder,73
Prunella modularis,Heckenbraunelle,bw244,2022,2022-04-18,1,non_breeder,108
Prunella modularis,Heckenbraunelle,bw244,2022,2022-05-01,0,non_breeder,121
Prunella modularis,Heckenbraunelle,bw244,2022,2022-05-22,0,non_breeder,142
Prunella modularis,Heckenbraunelle,bw245,2022,2022-04-10,2,non_breeder,100
Prunella modularis,Heckenbraunelle,bw245,2022,2022-04-21,4,non_breeder,111
Prunella modularis,Heckenbraunelle,bw245,2022,2022-05-23,0,non_breeder,143
Prunella modularis,Heckenbraunelle,bw245,2022,2022-06-13,0,non_breeder,164
Prunella modularis,Heckenbraunelle,bw245,2023,2023-04-26,2,non_breeder,116
Prunella modularis,Heckenbraunelle,bw245,2023,2023-04-07,1,non_breeder,97
Prunella modularis,Heckenbraunelle,bw245,2023,2023-05-01,0,non_breeder,121
Prunella modularis,Heckenbraunelle,bw245,2023,2023-06-04,0,non_breeder,155
Prunella modularis,Heckenbraunelle,bw245,2024,2024-04-08,5,non_breeder,99
Prunella modularis,Heckenbraunelle,bw245,2024,2024-03-18,1,non_breeder,78
Prunella modularis,Heckenbraunelle,bw245,2024,2024-05-01,1,non_breeder,122
Prunella modularis,Heckenbraunelle,bw246,2025,2025-05-13,0,non_breeder,133
Prunella modularis,Heckenbraunelle,bw246,2025,2025-03-20,0,non_breeder,79
Prunella modularis,Heckenbraunelle,bw246,2025,2025-04-17,1,non_breeder,107
Prunella modularis,Heckenbraunelle,bw246,2025,2025-06-10,0,non_breeder,161
Prunella modularis,Heckenbraunelle,bw248,2024,2024-03-25,4,non_breeder,85
Prunella modularis,Heckenbraunelle,bw248,2024,2024-05-16,3,non_breeder,137
Prunella modularis,Heckenbraunelle,bw248,2024,2024-06-18,3,non_breeder,170
Prunella modularis,Heckenbraunelle,bw248,2024,2024-04-29,2,non_breeder,120
Prunella modularis,Heckenbraunelle,bw248,2025,2025-06-17,4,non_breeder,168
Prunella modularis,Heckenbraunelle,bw248,2025,2025-05-20,2,non_breeder,140
Prunella modularis,Heckenbraunelle,bw248,2025,2025-03-26,8,non_breeder,85
Prunella modularis,Heckenbraunelle,bw248,2025,2025-04-09,3,non_breeder,99
Prunella modularis,Heckenbraunelle,bw249,2022,2022-03-25,0,non_breeder,84
Prunella modularis,Heckenbraunelle,bw249,2022,2022-04-18,0,non_breeder,108
Prunella modularis,Heckenbraunelle,bw249,2022,2022-05-11,1,non_breeder,131
Prunella modularis,Heckenbraunelle,bw249,2022,2022-06-10,0,non_breeder,161
Prunella modularis,Heckenbraunelle,bw249,2023,2023-05-28,1,non_breeder,148
Prunella modularis,Heckenbraunelle,bw249,2023,2023-03-21,0,non_breeder,80
Prunella modularis,Heckenbraunelle,bw249,2023,2023-04-15,1,non_breeder,105
Prunella modularis,Heckenbraunelle,bw249,2023,2023-05-09,0,non_breeder,129
Prunella modularis,Heckenbraunelle,bw249,2024,2024-03-30,0,non_breeder,90
Prunella modularis,Heckenbraunelle,bw249,2024,2024-04-16,1,non_breeder,107
Prunella modularis,Heckenbraunelle,bw249,2024,2024-05-09,0,non_breeder,130
Prunella modularis,Heckenbraunelle,bw249,2024,2024-06-07,1,non_breeder,159
Prunella modularis,Heckenbraunelle,bw249,2025,2025-04-21,4,non_breeder,111
Prunella modularis,Heckenbraunelle,bw249,2025,2025-06-06,1,non_breeder,157
Prunella modularis,Heckenbraunelle,bw249,2025,2025-03-28,2,non_breeder,87
Prunella modularis,Heckenbraunelle,bw249,2025,2025-05-14,0,non_breeder,134
Prunella modularis,Heckenbraunelle,bw25,2022,2022-06-18,3,non_breeder,169
Prunella modularis,Heckenbraunelle,bw25,2022,2022-03-27,0,non_breeder,86
Prunella modularis,Heckenbraunelle,bw25,2022,2022-04-10,2,non_breeder,100
Prunella modularis,Heckenbraunelle,bw25,2022,2022-05-01,0,non_breeder,121
Prunella modularis,Heckenbraunelle,bw25,2024,2024-05-12,0,non_breeder,133
Prunella modularis,Heckenbraunelle,bw25,2024,2024-05-26,2,non_breeder,147
Prunella modularis,Heckenbraunelle,bw25,2024,2024-03-20,3,non_breeder,80
Prunella modularis,Heckenbraunelle,bw25,2024,2024-04-07,5,non_breeder,98
Prunella modularis,Heckenbraunelle,bw25,2025,2025-03-21,1,non_breeder,80
Prunella modularis,Heckenbraunelle,bw25,2025,2025-04-04,4,non_breeder,94
Prunella modularis,Heckenbraunelle,bw25,2025,2025-05-16,3,non_breeder,136
Prunella modularis,Heckenbraunelle,bw25,2025,2025-06-03,1,non_breeder,154
Prunella modularis,Heckenbraunelle,bw250,2024,2024-03-27,1,non_breeder,87
Prunella modularis,Heckenbraunelle,bw250,2024,2024-04-30,0,non_breeder,121
Prunella modularis,Heckenbraunelle,bw250,2024,2024-06-20,0,non_breeder,172
Prunella modularis,Heckenbraunelle,bw250,2024,2024-05-21,0,non_breeder,142
Prunella modularis,Heckenbraunelle,bw250,2025,2025-06-16,0,non_breeder,167
Prunella modularis,Heckenbraunelle,bw250,2025,2025-04-27,1,non_breeder,117
Prunella modularis,Heckenbraunelle,bw250,2025,2025-05-09,0,non_breeder,129
Prunella modularis,Heckenbraunelle,bw250,2025,2025-03-31,3,non_breeder,90
Prunella modularis,Heckenbraunelle,bw254,2021,2021-03-27,1,non_breeder,86
Prunella modularis,Heckenbraunelle,bw254,2021,2021-04-24,0,non_breeder,114
Prunella modularis,Heckenbraunelle,bw254,2021,2021-05-08,0,non_breeder,128
Prunella modularis,Heckenbraunelle,bw254,2021,2021-06-12,0,non_breeder,163
Prunella modularis,Heckenbraunelle,bw255,2024,2024-03-20,5,non_breeder,80
Prunella modularis,Heckenbraunelle,bw255,2024,2024-04-04,0,non_breeder,95
Prunella modularis,Heckenbraunelle,bw255,2024,2024-06-06,1,non_breeder,158
Prunella modularis,Heckenbraunelle,bw255,2024,2024-05-14,2,non_breeder,135
Prunella modularis,Heckenbraunelle,bw255,2025,2025-05-08,1,non_breeder,128
Prunella modularis,Heckenbraunelle,bw255,2025,2025-03-17,0,non_breeder,76
Prunella modularis,Heckenbraunelle,bw255,2025,2025-04-08,0,non_breeder,98
Prunella modularis,Heckenbraunelle,bw255,2025,2025-05-23,2,non_breeder,143
Prunella modularis,Heckenbraunelle,bw256,2024,2024-03-22,0,non_breeder,82
Prunella modularis,Heckenbraunelle,bw256,2024,2024-04-11,0,non_breeder,102
Prunella modularis,Heckenbraunelle,bw256,2024,2024-05-15,2,non_breeder,136
Prunella modularis,Heckenbraunelle,bw256,2024,2024-06-19,2,non_breeder,171
Prunella modularis,Heckenbraunelle,bw256,2025,2025-03-21,2,non_breeder,80
Prunella modularis,Heckenbraunelle,bw256,2025,2025-04-10,1,non_breeder,100
Prunella modularis,Heckenbraunelle,bw256,2025,2025-05-06,0,non_breeder,126
Prunella modularis,Heckenbraunelle,bw256,2025,2025-06-05,0,non_breeder,156
Prunella modularis,Heckenbraunelle,bw259,2024,2024-05-20,0,non_breeder,141
Prunella modularis,Heckenbraunelle,bw259,2024,2024-06-17,0,non_breeder,169
Prunella modularis,Heckenbraunelle,bw259,2024,2024-03-21,2,non_breeder,81
Prunella modularis,Heckenbraunelle,bw259,2024,2024-04-19,2,non_breeder,110
Prunella modularis,Heckenbraunelle,bw259,2025,2025-04-26,0,non_breeder,116
Prunella modularis,Heckenbraunelle,bw259,2025,2025-05-13,1,non_breeder,133
Prunella modularis,Heckenbraunelle,bw259,2025,2025-06-13,0,non_breeder,164
Prunella modularis,Heckenbraunelle,bw259,2025,2025-03-20,1,non_breeder,79
Prunella modularis,Heckenbraunelle,bw260,2023,2023-05-14,0,non_breeder,134
Prunella modularis,Heckenbraunelle,bw260,2023,2023-06-20,0,non_breeder,171
Prunella modularis,Heckenbraunelle,bw260,2023,2023-04-29,0,non_breeder,119
Prunella modularis,Heckenbraunelle,bw260,2023,2023-03-29,1,non_breeder,88
Prunella modularis,Heckenbraunelle,bw261,2021,2021-04-23,1,non_breeder,113
Prunella modularis,Heckenbraunelle,bw261,2021,2021-03-26,1,non_breeder,85
Prunella modularis,Heckenbraunelle,bw261,2021,2021-05-13,2,non_breeder,133
Prunella modularis,Heckenbraunelle,bw261,2021,2021-06-13,0,non_breeder,164
Prunella modularis,Heckenbraunelle,bw261,2023,2023-03-26,0,non_breeder,85
Prunella modularis,Heckenbraunelle,bw261,2023,2023-05-11,0,non_breeder,131
Prunella modularis,Heckenbraunelle,bw261,2023,2023-04-10,1,non_breeder,100
Prunella modularis,Heckenbraunelle,bw261,2023,2023-06-04,0,non_breeder,155
Prunella modularis,Heckenbraunelle,bw261,2024,2024-05-13,0,non_breeder,134
Prunella modularis,Heckenbraunelle,bw261,2024,2024-06-08,0,non_breeder,160
Prunella modularis,Heckenbraunelle,bw261,2024,2024-04-13,1,non_breeder,104
Prunella modularis,Heckenbraunelle,bw261,2024,2024-03-29,0,non_breeder,89
Prunella modularis,Heckenbraunelle,bw261,2025,2025-03-29,0,non_breeder,88
Prunella modularis,Heckenbraunelle,bw261,2025,2025-04-26,1,non_breeder,116
Prunella modularis,Heckenbraunelle,bw261,2025,2025-05-09,2,non_breeder,129
Prunella modularis,Heckenbraunelle,bw261,2025,2025-06-09,0,non_breeder,160
Prunella modularis,Heckenbraunelle,bw265,2021,2021-03-27,2,non_breeder,86
Prunella modularis,Heckenbraunelle,bw265,2021,2021-04-24,0,non_breeder,114
Prunella modularis,Heckenbraunelle,bw265,2021,2021-06-19,1,non_breeder,170
Prunella modularis,Heckenbraunelle,bw265,2021,2021-05-15,2,non_breeder,135
Prunella modularis,Heckenbraunelle,bw265,2022,2022-06-06,0,non_breeder,157
Prunella modularis,Heckenbraunelle,bw265,2022,2022-03-26,1,non_breeder,85
Prunella modularis,Heckenbraunelle,bw265,2022,2022-04-16,1,non_breeder,106
Prunella modularis,Heckenbraunelle,bw265,2022,2022-05-15,1,non_breeder,135
Prunella modularis,Heckenbraunelle,bw265,2023,2023-04-15,1,non_breeder,105
Prunella modularis,Heckenbraunelle,bw265,2023,2023-03-31,1,non_breeder,90
Prunella modularis,Heckenbraunelle,bw265,2023,2023-06-11,2,non_breeder,162
Prunella modularis,Heckenbraunelle,bw265,2023,2023-05-12,1,non_breeder,132
Prunella modularis,Heckenbraunelle,bw266,2021,2021-06-10,0,non_breeder,161
Prunella modularis,Heckenbraunelle,bw266,2021,2021-04-15,0,non_breeder,105
Prunella modularis,Heckenbraunelle,bw266,2021,2021-05-13,0,non_breeder,133
Prunella modularis,Heckenbraunelle,bw266,2021,2021-03-24,1,non_breeder,83
Prunella modularis,Heckenbraunelle,bw272,2024,2024-03-20,1,non_breeder,80
Prunella modularis,Heckenbraunelle,bw272,2024,2024-04-04,0,non_breeder,95
Prunella modularis,Heckenbraunelle,bw272,2024,2024-05-05,1,non_breeder,126
Prunella modularis,Heckenbraunelle,bw272,2024,2024-05-23,1,non_breeder,144
Prunella modularis,Heckenbraunelle,bw272,2025,2025-03-20,1,non_breeder,79
Prunella modularis,Heckenbraunelle,bw272,2025,2025-04-02,1,non_breeder,92
Prunella modularis,Heckenbraunelle,bw272,2025,2025-05-01,1,non_breeder,121
Prunella modularis,Heckenbraunelle,bw272,2025,2025-05-21,1,non_breeder,141
Prunella modularis,Heckenbraunelle,bw273,2025,2025-03-27,1,non_breeder,86
Prunella modularis,Heckenbraunelle,bw273,2025,2025-04-11,1,non_breeder,101
Prunella modularis,Heckenbraunelle,bw273,2025,2025-05-15,0,non_breeder,135
Prunella modularis,Heckenbraunelle,bw273,2025,2025-05-31,0,non_breeder,151
Prunella modularis,Heckenbraunelle,bw274,2024,2024-04-18,1,non_breeder,109
Prunella modularis,Heckenbraunelle,bw274,2024,2024-05-29,3,non_breeder,150
Prunella modularis,Heckenbraunelle,bw274,2024,2024-03-27,4,non_breeder,87
Prunella modularis,Heckenbraunelle,bw274,2024,2024-05-06,3,non_breeder,127
Prunella modularis,Heckenbraunelle,bw274,2025,2025-04-26,0,non_breeder,116
Prunella modularis,Heckenbraunelle,bw274,2025,2025-03-26,0,non_breeder,85
Prunella modularis,Heckenbraunelle,bw274,2025,2025-05-19,2,non_breeder,139
Prunella modularis,Heckenbraunelle,bw274,2025,2025-06-02,1,non_breeder,153
Prunella modularis,Heckenbraunelle,bw28,2025,2025-05-06,0,non_breeder,126
Prunella modularis,Heckenbraunelle,bw28,2025,2025-03-11,0,non_breeder,70
Prunella modularis,Heckenbraunelle,bw28,2025,2025-04-01,0,non_breeder,91
Prunella modularis,Heckenbraunelle,bw28,2025,2025-06-02,1,non_breeder,153
Prunella modularis,Heckenbraunelle,bw286,2022,2022-03-16,4,non_breeder,75
Prunella modularis,Heckenbraunelle,bw286,2022,2022-06-14,5,non_breeder,165
Prunella modularis,Heckenbraunelle,bw286,2022,2022-04-13,4,non_breeder,103
Prunella modularis,Heckenbraunelle,bw286,2022,2022-05-05,3,non_breeder,125
Prunella modularis,Heckenbraunelle,bw286,2023,2023-04-23,0,non_breeder,113
Prunella modularis,Heckenbraunelle,bw286,2023,2023-06-12,1,non_breeder,163
Prunella modularis,Heckenbraunelle,bw286,2023,2023-03-23,3,non_breeder,82
Prunella modularis,Heckenbraunelle,bw286,2023,2023-05-20,5,non_breeder,140
Prunella modularis,Heckenbraunelle,bw286,2024,2024-06-12,0,non_breeder,164
Prunella modularis,Heckenbraunelle,bw286,2024,2024-03-20,1,non_breeder,80
Prunella modularis,Heckenbraunelle,bw286,2024,2024-04-14,3,non_breeder,105
Prunella modularis,Heckenbraunelle,bw286,2024,2024-05-14,1,non_breeder,135
Prunella modularis,Heckenbraunelle,bw286,2024,2024-06-11,0,non_breeder,163
Prunella modularis,Heckenbraunelle,bw286,2024,2024-04-13,0,non_breeder,104
Prunella modularis,Heckenbraunelle,bw286,2025,2025-03-22,2,non_breeder,81
Prunella modularis,Heckenbraunelle,bw286,2025,2025-04-22,3,non_breeder,112
Prunella modularis,Heckenbraunelle,bw286,2025,2025-06-14,1,non_breeder,165
Prunella modularis,Heckenbraunelle,bw286,2025,2025-05-14,1,non_breeder,134
Prunella modularis,Heckenbraunelle,bw287,2025,2025-05-16,1,non_breeder,136
Prunella modularis,Heckenbraunelle,bw287,2025,2025-06-16,2,non_breeder,167
Prunella modularis,Heckenbraunelle,bw287,2025,2025-03-23,1,non_breeder,82
Prunella modularis,Heckenbraunelle,bw287,2025,2025-04-18,1,non_breeder,108
Prunella modularis,Heckenbraunelle,bw288,2025,2025-03-31,2,non_breeder,90
Prunella modularis,Heckenbraunelle,bw288,2025,2025-04-30,0,non_breeder,120
Prunella modularis,Heckenbraunelle,bw29,2023,2023-03-27,1,non_breeder,86
Prunella modularis,Heckenbraunelle,bw29,2023,2023-04-29,0,non_breeder,119
Prunella modularis,Heckenbraunelle,bw29,2023,2023-05-18,0,non_breeder,138
Prunella modularis,Heckenbraunelle,bw29,2023,2023-06-18,0,non_breeder,169
Prunella modularis,Heckenbraunelle,bw29,2024,2024-03-23,0,non_breeder,83
Prunella modularis,Heckenbraunelle,bw29,2024,2024-04-15,1,non_breeder,106
Prunella modularis,Heckenbraunelle,bw29,2024,2024-05-29,0,non_breeder,150
Prunella modularis,Heckenbraunelle,bw29,2024,2024-06-28,0,non_breeder,180
Prunella modularis,Heckenbraunelle,bw29,2025,2025-05-14,2,non_breeder,134
Prunella modularis,Heckenbraunelle,bw29,2025,2025-03-27,1,non_breeder,86
Prunella modularis,Heckenbraunelle,bw29,2025,2025-04-21,0,non_breeder,111
Prunella modularis,Heckenbraunelle,bw29,2025,2025-06-19,0,non_breeder,170
Prunella modularis,Heckenbraunelle,bw290,2024,2024-03-24,0,non_breeder,84
Prunella modularis,Heckenbraunelle,bw290,2024,2024-04-11,1,non_breeder,102
Prunella modularis,Heckenbraunelle,bw290,2024,2024-05-15,0,non_breeder,136
Prunella modularis,Heckenbraunelle,bw290,2024,2024-05-31,0,non_breeder,152
Prunella modularis,Heckenbraunelle,bw290,2025,2025-03-25,1,non_breeder,84
Prunella modularis,Heckenbraunelle,bw290,2025,2025-04-29,0,non_breeder,119
Prunella modularis,Heckenbraunelle,bw290,2025,2025-05-17,0,non_breeder,137
Prunella modularis,Heckenbraunelle,bw290,2025,2025-06-16,1,non_breeder,167
Prunella modularis,Heckenbraunelle,bw291,2024,2024-03-10,0,non_breeder,70
Prunella modularis,Heckenbraunelle,bw291,2024,2024-04-06,1,non_breeder,97
Prunella modularis,Heckenbraunelle,bw291,2024,2024-05-07,0,non_breeder,128
Prunella modularis,Heckenbraunelle,bw291,2024,2024-05-26,1,non_breeder,147
Prunella modularis,Heckenbraunelle,bw291,2025,2025-04-02,5,non_breeder,92
Prunella modularis,Heckenbraunelle,bw291,2025,2025-05-02,0,non_breeder,122
Prunella modularis,Heckenbraunelle,bw291,2025,2025-06-09,0,non_breeder,160
Prunella modularis,Heckenbraunelle,bw291,2025,2025-03-11,0,non_breeder,70
Prunella modularis,Heckenbraunelle,bw292,2024,2024-03-26,1,non_breeder,86
Prunella modularis,Heckenbraunelle,bw292,2024,2024-04-29,1,non_breeder,120
Prunella modularis,Heckenbraunelle,bw292,2024,2024-05-16,2,non_breeder,137
Prunella modularis,Heckenbraunelle,bw292,2024,2024-06-13,1,non_breeder,165
Prunella modularis,Heckenbraunelle,bw292,2025,2025-03-26,1,non_breeder,85
Prunella modularis,Heckenbraunelle,bw292,2025,2025-04-24,3,non_breeder,114
Prunella modularis,Heckenbraunelle,bw292,2025,2025-05-16,1,non_breeder,136
Prunella modularis,Heckenbraunelle,bw292,2025,2025-06-10,1,non_breeder,161
Prunella modularis,Heckenbraunelle,bw293,2022,2022-03-23,1,non_breeder,82
Prunella modularis,Heckenbraunelle,bw293,2022,2022-04-22,1,non_breeder,112
Prunella modularis,Heckenbraunelle,bw293,2022,2022-05-15,1,non_breeder,135
Prunella modularis,Heckenbraunelle,bw293,2022,2022-06-13,0,non_breeder,164
Prunella modularis,Heckenbraunelle,bw293,2023,2023-03-22,1,non_breeder,81
Prunella modularis,Heckenbraunelle,bw293,2023,2023-04-10,1,non_breeder,100
Prunella modularis,Heckenbraunelle,bw293,2023,2023-05-08,1,non_breeder,128
Prunella modularis,Heckenbraunelle,bw293,2023,2023-06-10,0,non_breeder,161
Prunella modularis,Heckenbraunelle,bw293,2024,2024-03-10,0,non_breeder,70
Prunella modularis,Heckenbraunelle,bw293,2024,2024-04-14,3,non_breeder,105
Prunella modularis,Heckenbraunelle,bw293,2024,2024-05-16,0,non_breeder,137
Prunella modularis,Heckenbraunelle,bw293,2024,2024-06-12,0,non_breeder,164
Prunella modularis,Heckenbraunelle,bw293,2025,2025-03-10,1,non_breeder,69
Prunella modularis,Heckenbraunelle,bw293,2025,2025-04-12,2,non_breeder,102
Prunella modularis,Heckenbraunelle,bw293,2025,2025-05-11,0,non_breeder,131
Prunella modularis,Heckenbraunelle,bw293,2025,2025-06-10,0,non_breeder,161
Prunella modularis,Heckenbraunelle,bw295,2022,2022-03-13,0,non_breeder,72
Prunella modularis,Heckenbraunelle,bw295,2022,2022-04-13,0,non_breeder,103
Prunella modularis,Heckenbraunelle,bw295,2022,2022-05-08,0,non_breeder,128
Prunella modularis,Heckenbraunelle,bw295,2022,2022-06-11,1,non_breeder,162
Prunella modularis,Heckenbraunelle,bw295,2025,2025-05-06,0,non_breeder,126
Prunella modularis,Heckenbraunelle,bw295,2025,2025-03-20,0,non_breeder,79
Prunella modularis,Heckenbraunelle,bw295,2025,2025-04-09,2,non_breeder,99
Prunella modularis,Heckenbraunelle,bw299,2021,2021-06-12,3,non_breeder,163
Prunella modularis,Heckenbraunelle,bw299,2021,2021-03-27,4,non_breeder,86
Prunella modularis,Heckenbraunelle,bw299,2021,2021-05-16,3,non_breeder,136
Prunella modularis,Heckenbraunelle,bw299,2021,2021-04-10,10,non_breeder,100
Prunella modularis,Heckenbraunelle,bw299,2022,2022-03-13,0,non_breeder,72
Prunella modularis,Heckenbraunelle,bw299,2022,2022-05-15,3,non_breeder,135
Prunella modularis,Heckenbraunelle,bw299,2022,2022-05-26,3,non_breeder,146
Prunella modularis,Heckenbraunelle,bw299,2022,2022-04-14,8,non_breeder,104
Prunella modularis,Heckenbraunelle,bw299,2023,2023-05-18,3,non_breeder,138
Prunella modularis,Heckenbraunelle,bw299,2023,2023-03-18,2,non_breeder,77
Prunella modularis,Heckenbraunelle,bw299,2023,2023-04-06,11,non_breeder,96
Prunella modularis,Heckenbraunelle,bw299,2023,2023-06-18,3,non_breeder,169
Prunella modularis,Heckenbraunelle,bw299,2024,2024-04-13,6,non_breeder,104
Prunella modularis,Heckenbraunelle,bw299,2024,2024-05-10,3,non_breeder,131
Prunella modularis,Heckenbraunelle,bw299,2024,2024-06-16,4,non_breeder,168
Prunella modularis,Heckenbraunelle,bw299,2024,2024-03-23,4,non_breeder,83
Prunella modularis,Heckenbraunelle,bw299,2025,2025-05-29,3,non_breeder,149
Prunella modularis,Heckenbraunelle,bw299,2025,2025-04-13,6,non_breeder,103
Prunella modularis,Heckenbraunelle,bw299,2025,2025-05-02,7,non_breeder,122
Prunella modularis,Heckenbraunelle,bw299,2025,2025-03-22,4,non_breeder,81
Prunella modularis,Heckenbraunelle,bw300,2022,2022-04-09,2,non_breeder,99
Prunella modularis,Heckenbraunelle,bw300,2022,2022-05-25,0,non_breeder,145
Prunella modularis,Heckenbraunelle,bw300,2022,2022-04-30,1,non_breeder,120
Prunella modularis,Heckenbraunelle,bw300,2022,2022-06-19,0,non_breeder,170
Prunella modularis,Heckenbraunelle,bw300,2023,2023-05-01,1,non_breeder,121
Prunella modularis,Heckenbraunelle,bw300,2023,2023-05-20,1,non_breeder,140
Prunella modularis,Heckenbraunelle,bw300,2023,2023-06-20,2,non_breeder,171
Prunella modularis,Heckenbraunelle,bw300,2023,2023-04-03,1,non_breeder,93
Prunella modularis,Heckenbraunelle,bw300,2024,2024-06-20,0,non_breeder,172
Prunella modularis,Heckenbraunelle,bw300,2024,2024-03-31,0,non_breeder,91
Prunella modularis,Heckenbraunelle,bw300,2024,2024-04-14,2,non_breeder,105
Prunella modularis,Heckenbraunelle,bw300,2024,2024-05-30,0,non_breeder,151
Prunella modularis,Heckenbraunelle,bw300,2025,2025-03-30,0,non_breeder,89
Prunella modularis,Heckenbraunelle,bw300,2025,2025-04-27,1,non_breeder,117
Prunella modularis,Heckenbraunelle,bw300,2025,2025-06-17,1,non_breeder,168
Prunella modularis,Heckenbraunelle,bw300,2025,2025-05-31,0,non_breeder,151
Prunella modularis,Heckenbraunelle,bw301,2022,2022-04-17,2,non_breeder,107
Prunella modularis,Heckenbraunelle,bw301,2022,2022-03-25,3,non_breeder,84
Prunella modularis,Heckenbraunelle,bw301,2022,2022-05-06,1,non_breeder,126
Prunella modularis,Heckenbraunelle,bw301,2022,2022-06-07,0,non_breeder,158
Prunella modularis,Heckenbraunelle,bw301,2023,2023-04-14,2,non_breeder,104
Prunella modularis,Heckenbraunelle,bw301,2023,2023-03-23,1,non_breeder,82
Prunella modularis,Heckenbraunelle,bw301,2023,2023-05-09,1,non_breeder,129
Prunella modularis,Heckenbraunelle,bw301,2023,2023-06-07,1,non_breeder,158
Prunella modularis,Heckenbraunelle,bw301,2024,2024-03-27,6,non_breeder,87
Prunella modularis,Heckenbraunelle,bw301,2024,2024-06-07,1,non_breeder,159
Prunella modularis,Heckenbraunelle,bw301,2024,2024-05-05,2,non_breeder,126
Prunella modularis,Heckenbraunelle,bw301,2024,2024-04-19,1,non_breeder,110
Prunella modularis,Heckenbraunelle,bw301,2025,2025-06-06,2,non_breeder,157
Prunella modularis,Heckenbraunelle,bw301,2025,2025-03-25,5,non_breeder,84
Prunella modularis,Heckenbraunelle,bw301,2025,2025-04-16,3,non_breeder,106
Prunella modularis,Heckenbraunelle,bw301,2025,2025-05-09,1,non_breeder,129
Prunella modularis,Heckenbraunelle,bw303,2024,2024-03-27,1,non_breeder,87
Prunella modularis,Heckenbraunelle,bw303,2024,2024-05-12,0,non_breeder,133
Prunella modularis,Heckenbraunelle,bw303,2024,2024-06-05,0,non_breeder,157
Prunella modularis,Heckenbraunelle,bw303,2024,2024-04-19,0,non_breeder,110
Prunella modularis,Heckenbraunelle,bw303,2025,2025-04-12,0,non_breeder,102
Prunella modularis,Heckenbraunelle,bw303,2025,2025-03-23,1,non_breeder,82
Prunella modularis,Heckenbraunelle,bw303,2025,2025-05-11,0,non_breeder,131
Prunella modularis,Heckenbraunelle,bw303,2025,2025-06-10,1,non_breeder,161
Prunella modularis,Heckenbraunelle,bw305,2024,2024-03-22,0,non_breeder,82
Prunella modularis,Heckenbraunelle,bw305,2024,2024-04-21,0,non_breeder,112
Prunella modularis,Heckenbraunelle,bw305,2024,2024-05-14,0,non_breeder,135
Prunella modularis,Heckenbraunelle,bw305,2024,2024-06-14,3,non_breeder,166
Prunella modularis,Heckenbraunelle,bw305,2025,2025-04-19,1,non_breeder,109
Prunella modularis,Heckenbraunelle,bw305,2025,2025-06-13,4,non_breeder,164
Prunella modularis,Heckenbraunelle,bw305,2025,2025-03-15,1,non_breeder,74
Prunella modularis,Heckenbraunelle,bw305,2025,2025-05-18,0,non_breeder,138
Prunella modularis,Heckenbraunelle,bw307,2021,2021-04-03,1,non_breeder,93
Prunella modularis,Heckenbraunelle,bw307,2021,2021-04-11,1,non_breeder,101
Prunella modularis,Heckenbraunelle,bw307,2021,2021-05-15,0,non_breeder,135
Prunella modularis,Heckenbraunelle,bw307,2021,2021-06-13,2,non_breeder,164
Prunella modularis,Heckenbraunelle,bw307,2022,2022-03-26,1,non_breeder,85
Prunella modularis,Heckenbraunelle,bw307,2022,2022-04-16,1,non_breeder,106
Prunella modularis,Heckenbraunelle,bw307,2022,2022-05-14,1,non_breeder,134
Prunella modularis,Heckenbraunelle,bw307,2022,2022-06-05,0,non_breeder,156
Prunella modularis,Heckenbraunelle,bw307,2024,2024-03-31,0,non_breeder,91
Prunella modularis,Heckenbraunelle,bw307,2024,2024-04-07,1,non_breeder,98
Prunella modularis,Heckenbraunelle,bw307,2024,2024-05-20,0,non_breeder,141
Prunella modularis,Heckenbraunelle,bw307,2024,2024-06-08,0,non_breeder,160
Prunella modularis,Heckenbraunelle,bw307,2025,2025-03-22,3,non_breeder,81
Prunella modularis,Heckenbraunelle,bw307,2025,2025-04-06,1,non_breeder,96
Prunella modularis,Heckenbraunelle,bw307,2025,2025-05-02,0,non_breeder,122
Prunella modularis,Heckenbraunelle,bw307,2025,2025-05-30,0,non_breeder,150
Prunella modularis,Heckenbraunelle,bw309,2022,2022-04-18,3,non_breeder,108
Prunella modularis,Heckenbraunelle,bw309,2022,2022-06-04,2,non_breeder,155
Prunella modularis,Heckenbraunelle,bw309,2022,2022-03-24,2,non_breeder,83
Prunella modularis,Heckenbraunelle,bw309,2022,2022-05-08,3,non_breeder,128
Prunella modularis,Heckenbraunelle,bw309,2023,2023-05-29,3,non_breeder,149
Prunella modularis,Heckenbraunelle,bw309,2023,2023-03-25,9,non_breeder,84
Prunella modularis,Heckenbraunelle,bw309,2023,2023-05-13,1,non_breeder,133
Prunella modularis,Heckenbraunelle,bw309,2023,2023-04-08,6,non_breeder,98
Prunella modularis,Heckenbraunelle,bw309,2024,2024-06-08,1,non_breeder,160
Prunella modularis,Heckenbraunelle,bw309,2024,2024-03-26,5,non_breeder,86
Prunella modularis,Heckenbraunelle,bw309,2024,2024-04-14,8,non_breeder,105
Prunella modularis,Heckenbraunelle,bw309,2024,2024-05-11,6,non_breeder,132
Prunella modularis,Heckenbraunelle,bw309,2025,2025-06-09,2,non_breeder,160
Prunella modularis,Heckenbraunelle,bw309,2025,2025-03-28,7,non_breeder,87
Prunella modularis,Heckenbraunelle,bw309,2025,2025-05-09,3,non_breeder,129
Prunella modularis,Heckenbraunelle,bw309,2025,2025-04-21,7,non_breeder,111
Prunella modularis,Heckenbraunelle,bw31,2023,2023-04-29,0,non_breeder,119
Prunella modularis,Heckenbraunelle,bw31,2023,2023-03-28,0,non_breeder,87
Prunella modularis,Heckenbraunelle,bw31,2023,2023-06-04,0,non_breeder,155
Prunella modularis,Heckenbraunelle,bw31,2023,2023-05-16,1,non_breeder,136
Prunella modularis,Heckenbraunelle,bw310,2022,2022-04-22,0,non_breeder,112
Prunella modularis,Heckenbraunelle,bw310,2022,2022-05-15,3,non_breeder,135
Prunella modularis,Heckenbraunelle,bw310,2022,2022-06-12,1,non_breeder,163
Prunella modularis,Heckenbraunelle,bw310,2022,2022-03-26,3,non_breeder,85
Prunella modularis,Heckenbraunelle,bw310,2023,2023-05-20,1,non_breeder,140
Prunella modularis,Heckenbraunelle,bw310,2023,2023-06-10,0,non_breeder,161
Prunella modularis,Heckenbraunelle,bw310,2023,2023-04-27,1,non_breeder,117
Prunella modularis,Heckenbraunelle,bw310,2024,2024-03-30,1,non_breeder,90
Prunella modularis,Heckenbraunelle,bw310,2024,2024-04-28,1,non_breeder,119
Prunella modularis,Heckenbraunelle,bw310,2024,2024-05-14,0,non_breeder,135
Prunella modularis,Heckenbraunelle,bw310,2024,2024-06-08,0,non_breeder,160
Prunella modularis,Heckenbraunelle,bw310,2025,2025-04-19,2,non_breeder,109
Prunella modularis,Heckenbraunelle,bw310,2025,2025-03-27,1,non_breeder,86
Prunella modularis,Heckenbraunelle,bw310,2025,2025-05-18,0,non_breeder,138
Prunella modularis,Heckenbraunelle,bw310,2025,2025-06-14,0,non_breeder,165
Prunella modularis,Heckenbraunelle,bw311,2024,2024-04-13,2,non_breeder,104
Prunella modularis,Heckenbraunelle,bw311,2024,2024-06-07,0,non_breeder,159
Prunella modularis,Heckenbraunelle,bw311,2024,2024-03-20,2,non_breeder,80
Prunella modularis,Heckenbraunelle,bw311,2024,2024-05-04,2,non_breeder,125
Prunella modularis,Heckenbraunelle,bw311,2025,2025-05-12,1,non_breeder,132
Prunella modularis,Heckenbraunelle,bw311,2025,2025-06-08,1,non_breeder,159
Prunella modularis,Heckenbraunelle,bw311,2025,2025-03-25,2,non_breeder,84
Prunella modularis,Heckenbraunelle,bw311,2025,2025-04-11,1,non_breeder,101
Prunella modularis,Heckenbraunelle,bw313,2022,2022-05-26,0,non_breeder,146
Prunella modularis,Heckenbraunelle,bw313,2022,2022-03-30,2,non_breeder,89
Prunella modularis,Heckenbraunelle,bw313,2022,2022-06-23,0,non_breeder,174
Prunella modularis,Heckenbraunelle,bw313,2022,2022-05-04,0,non_breeder,124
Prunella modularis,Heckenbraunelle,bw313,2023,2023-04-29,1,non_breeder,119
Prunella modularis,Heckenbraunelle,bw313,2023,2023-06-17,0,non_breeder,168
Prunella modularis,Heckenbraunelle,bw313,2023,2023-03-28,1,non_breeder,87
Prunella modularis,Heckenbraunelle,bw313,2023,2023-05-19,0,non_breeder,139
Prunella modularis,Heckenbraunelle,bw313,2024,2024-03-03,1,non_breeder,63
Prunella modularis,Heckenbraunelle,bw313,2024,2024-04-27,0,non_breeder,118
Prunella modularis,Heckenbraunelle,bw313,2024,2024-05-31,0,non_breeder,152
Prunella modularis,Heckenbraunelle,bw313,2024,2024-06-19,0,non_breeder,171
Prunella modularis,Heckenbraunelle,bw314,2024,2024-05-20,0,non_breeder,141
Prunella modularis,Heckenbraunelle,bw314,2024,2024-06-20,0,non_breeder,172
Prunella modularis,Heckenbraunelle,bw314,2024,2024-03-28,2,non_breeder,88
Prunella modularis,Heckenbraunelle,bw314,2024,2024-04-30,0,non_breeder,121
Prunella modularis,Heckenbraunelle,bw315,2021,2021-04-25,0,non_breeder,115
Prunella modularis,Heckenbraunelle,bw315,2021,2021-05-16,1,non_breeder,136
Prunella modularis,Heckenbraunelle,bw315,2021,2021-06-13,0,non_breeder,164
Prunella modularis,Heckenbraunelle,bw315,2021,2021-03-28,2,non_breeder,87
Prunella modularis,Heckenbraunelle,bw315,2023,2023-04-02,2,non_breeder,92
Prunella modularis,Heckenbraunelle,bw315,2023,2023-05-28,0,non_breeder,148
Prunella modularis,Heckenbraunelle,bw315,2023,2023-06-11,0,non_breeder,162
Prunella modularis,Heckenbraunelle,bw315,2023,2023-03-11,0,non_breeder,70
Prunella modularis,Heckenbraunelle,bw315,2024,2024-05-12,0,non_breeder,133
Prunella modularis,Heckenbraunelle,bw315,2024,2024-06-09,0,non_breeder,161
Prunella modularis,Heckenbraunelle,bw315,2024,2024-03-17,2,non_breeder,77
Prunella modularis,Heckenbraunelle,bw315,2024,2024-04-14,1,non_breeder,105
Prunella modularis,Heckenbraunelle,bw315,2025,2025-05-11,0,non_breeder,131
Prunella modularis,Heckenbraunelle,bw315,2025,2025-06-15,0,non_breeder,166
Prunella modularis,Heckenbraunelle,bw315,2025,2025-03-23,3,non_breeder,82
Prunella modularis,Heckenbraunelle,bw315,2025,2025-04-13,2,non_breeder,103
Prunella modularis,Heckenbraunelle,bw316,2024,2024-05-16,0,non_breeder,137
Prunella modularis,Heckenbraunelle,bw316,2024,2024-06-17,0,non_breeder,169
Prunella modularis,Heckenbraunelle,bw316,2024,2024-03-25,2,non_breeder,85
Prunella modularis,Heckenbraunelle,bw316,2024,2024-04-24,1,non_breeder,115
Prunella modularis,Heckenbraunelle,bw316,2025,2025-05-16,0,non_breeder,136
Prunella modularis,Heckenbraunelle,bw316,2025,2025-06-10,1,non_breeder,161
Prunella modularis,Heckenbraunelle,bw316,2025,2025-03-28,0,non_breeder,87
Prunella modularis,Heckenbraunelle,bw316,2025,2025-04-23,0,non_breeder,113
Prunella modularis,Heckenbraunelle,bw317,2024,2024-04-12,2,non_breeder,103
Prunella modularis,Heckenbraunelle,bw317,2024,2024-06-05,1,non_breeder,157
Prunella modularis,Heckenbraunelle,bw317,2024,2024-03-20,1,non_breeder,80
Prunella modularis,Heckenbraunelle,bw317,2024,2024-05-09,2,non_breeder,130
Prunella modularis,Heckenbraunelle,bw317,2025,2025-06-10,2,non_breeder,161
Prunella modularis,Heckenbraunelle,bw317,2025,2025-03-27,2,non_breeder,86
Prunella modularis,Heckenbraunelle,bw317,2025,2025-05-09,1,non_breeder,129
Prunella modularis,Heckenbraunelle,bw317,2025,2025-04-16,2,non_breeder,106
Prunella modularis,Heckenbraunelle,bw318,2021,2021-03-24,0,non_breeder,83
Prunella modularis,Heckenbraunelle,bw318,2021,2021-04-18,3,non_breeder,108
Prunella modularis,Heckenbraunelle,bw318,2021,2021-05-09,1,non_breeder,129
Prunella modularis,Heckenbraunelle,bw318,2021,2021-06-04,0,non_breeder,155
Prunella modularis,Heckenbraunelle,bw318,2022,2022-05-07,0,non_breeder,127
Prunella modularis,Heckenbraunelle,bw318,2022,2022-05-21,0,non_breeder,141
Prunella modularis,Heckenbraunelle,bw318,2022,2022-06-19,0,non_breeder,170
Prunella modularis,Heckenbraunelle,bw318,2022,2022-03-12,2,non_breeder,71
Prunella modularis,Heckenbraunelle,bw318,2023,2023-04-30,0,non_breeder,120
Prunella modularis,Heckenbraunelle,bw318,2023,2023-03-29,1,non_breeder,88
Prunella modularis,Heckenbraunelle,bw318,2023,2023-05-13,0,non_breeder,133
Prunella modularis,Heckenbraunelle,bw318,2023,2023-06-04,0,non_breeder,155
Prunella modularis,Heckenbraunelle,bw318,2024,2024-03-17,0,non_breeder,77
Prunella modularis,Heckenbraunelle,bw318,2024,2024-04-28,1,non_breeder,119
Prunella modularis,Heckenbraunelle,bw318,2024,2024-05-12,0,non_breeder,133
Prunella modularis,Heckenbraunelle,bw318,2024,2024-06-16,1,non_breeder,168
Prunella modularis,Heckenbraunelle,bw318,2025,2025-06-09,1,non_breeder,160
Prunella modularis,Heckenbraunelle,bw318,2025,2025-03-16,3,non_breeder,75
Prunella modularis,Heckenbraunelle,bw318,2025,2025-04-23,0,non_breeder,113
Prunella modularis,Heckenbraunelle,bw318,2025,2025-05-17,2,non_breeder,137
Prunella modularis,Heckenbraunelle,bw319,2024,2024-06-06,2,non_breeder,158
Prunella modularis,Heckenbraunelle,bw319,2024,2024-05-11,2,non_breeder,132
Prunella modularis,Heckenbraunelle,bw319,2024,2024-03-21,3,non_breeder,81
Prunella modularis,Heckenbraunelle,bw319,2024,2024-04-12,2,non_breeder,103
Prunella modularis,Heckenbraunelle,bw319,2025,2025-03-19,1,non_breeder,78
Prunella modularis,Heckenbraunelle,bw319,2025,2025-06-05,1,non_breeder,156
Prunella modularis,Heckenbraunelle,bw319,2025,2025-04-16,2,non_breeder,106
Prunella modularis,Heckenbraunelle,bw319,2025,2025-05-01,1,non_breeder,121
Prunella modularis,Heckenbraunelle,bw32,2021,2021-05-10,0,non_breeder,130
Prunella modularis,Heckenbraunelle,bw32,2021,2021-03-22,1,non_breeder,81
Prunella modularis,Heckenbraunelle,bw32,2021,2021-04-28,0,non_breeder,118
Prunella modularis,Heckenbraunelle,bw32,2021,2021-06-17,0,non_breeder,168
Prunella modularis,Heckenbraunelle,bw320,2024,2024-05-14,0,non_breeder,135
Prunella modularis,Heckenbraunelle,bw320,2024,2024-03-26,1,non_breeder,86
Prunella modularis,Heckenbraunelle,bw320,2024,2024-04-19,1,non_breeder,110
Prunella modularis,Heckenbraunelle,bw320,2024,2024-06-12,1,non_breeder,164
Prunella modularis,Heckenbraunelle,bw320,2025,2025-03-20,1,non_breeder,79
Prunella modularis,Heckenbraunelle,bw320,2025,2025-05-10,0,non_breeder,130
Prunella modularis,Heckenbraunelle,bw320,2025,2025-04-22,0,non_breeder,112
Prunella modularis,Heckenbraunelle,bw320,2025,2025-06-16,0,non_breeder,167
Prunella modularis,Heckenbraunelle,bw321,2022,2022-03-25,6,non_breeder,84
Prunella modularis,Heckenbraunelle,bw321,2022,2022-06-19,0,non_breeder,170
Prunella modularis,Heckenbraunelle,bw321,2022,2022-04-16,5,non_breeder,106
Prunella modularis,Heckenbraunelle,bw321,2022,2022-05-14,4,non_breeder,134
Prunella modularis,Heckenbraunelle,bw321,2023,2023-06-09,3,non_breeder,160
Prunella modularis,Heckenbraunelle,bw321,2023,2023-05-13,5,non_breeder,133
Prunella modularis,Heckenbraunelle,bw321,2023,2023-03-29,5,non_breeder,88
Prunella modularis,Heckenbraunelle,bw321,2023,2023-04-18,5,non_breeder,108
Prunella modularis,Heckenbraunelle,bw321,2024,2024-05-14,1,non_breeder,135
Prunella modularis,Heckenbraunelle,bw321,2024,2024-06-06,2,non_breeder,158
Prunella modularis,Heckenbraunelle,bw321,2024,2024-03-26,0,non_breeder,86
Prunella modularis,Heckenbraunelle,bw321,2024,2024-04-27,4,non_breeder,118
Prunella modularis,Heckenbraunelle,bw321,2025,2025-03-20,2,non_breeder,79
Prunella modularis,Heckenbraunelle,bw321,2025,2025-04-10,6,non_breeder,100
Prunella modularis,Heckenbraunelle,bw321,2025,2025-05-08,1,non_breeder,128
Prunella modularis,Heckenbraunelle,bw321,2025,2025-06-05,3,non_breeder,156
Prunella modularis,Heckenbraunelle,bw322,2025,2025-06-13,0,non_breeder,164
Prunella modularis,Heckenbraunelle,bw322,2025,2025-05-20,0,non_breeder,140
Prunella modularis,Heckenbraunelle,bw322,2025,2025-03-19,1,non_breeder,78
Prunella modularis,Heckenbraunelle,bw322,2025,2025-04-15,1,non_breeder,105
Prunella modularis,Heckenbraunelle,bw328,2022,2022-03-28,1,non_breeder,87
Prunella modularis,Heckenbraunelle,bw328,2022,2022-04-28,2,non_breeder,118
Prunella modularis,Heckenbraunelle,bw328,2023,2023-04-25,3,non_breeder,115
Prunella modularis,Heckenbraunelle,bw328,2023,2023-05-18,4,non_breeder,138
Prunella modularis,Heckenbraunelle,bw328,2023,2023-06-18,0,non_breeder,169
Prunella modularis,Heckenbraunelle,bw328,2023,2023-03-29,5,non_breeder,88
Prunella modularis,Heckenbraunelle,bw329,2021,2021-04-22,0,non_breeder,112
Prunella modularis,Heckenbraunelle,bw329,2021,2021-05-09,0,non_breeder,129
Prunella modularis,Heckenbraunelle,bw329,2021,2021-06-20,0,non_breeder,171
Prunella modularis,Heckenbraunelle,bw329,2021,2021-03-21,1,non_breeder,80
Prunella modularis,Heckenbraunelle,bw329,2022,2022-03-19,0,non_breeder,78
Prunella modularis,Heckenbraunelle,bw329,2022,2022-05-10,2,non_breeder,130
Prunella modularis,Heckenbraunelle,bw329,2022,2022-06-07,0,non_breeder,158
Prunella modularis,Heckenbraunelle,bw329,2022,2022-04-10,1,non_breeder,100
Prunella modularis,Heckenbraunelle,bw329,2023,2023-05-10,0,non_breeder,130
Prunella modularis,Heckenbraunelle,bw329,2023,2023-06-10,0,non_breeder,161
Prunella modularis,Heckenbraunelle,bw329,2023,2023-03-19,0,non_breeder,78
Prunella modularis,Heckenbraunelle,bw329,2023,2023-04-08,1,non_breeder,98
Prunella modularis,Heckenbraunelle,bw329,2025,2025-03-15,0,non_breeder,74
Prunella modularis,Heckenbraunelle,bw329,2025,2025-05-29,0,non_breeder,149
Prunella modularis,Heckenbraunelle,bw329,2025,2025-05-06,1,non_breeder,126
Prunella modularis,Heckenbraunelle,bw329,2025,2025-04-05,0,non_breeder,95
Prunella modularis,Heckenbraunelle,bw330,2023,2023-03-21,0,non_breeder,80
Prunella modularis,Heckenbraunelle,bw330,2023,2023-05-27,0,non_breeder,147
Prunella modularis,Heckenbraunelle,bw330,2023,2023-05-13,0,non_breeder,133
Prunella modularis,Heckenbraunelle,bw330,2023,2023-04-11,1,non_breeder,101
Prunella modularis,Heckenbraunelle,bw330,2024,2024-05-25,1,non_breeder,146
Prunella modularis,Heckenbraunelle,bw330,2024,2024-05-13,0,non_breeder,134
Prunella modularis,Heckenbraunelle,bw330,2024,2024-03-11,0,non_breeder,71
Prunella modularis,Heckenbraunelle,bw330,2024,2024-04-08,0,non_breeder,99
Prunella modularis,Heckenbraunelle,bw330,2025,2025-04-15,3,non_breeder,105
Prunella modularis,Heckenbraunelle,bw330,2025,2025-05-13,4,non_breeder,133
Prunella modularis,Heckenbraunelle,bw330,2025,2025-06-03,0,non_breeder,154
Prunella modularis,Heckenbraunelle,bw330,2025,2025-03-25,2,non_breeder,84
Prunella modularis,Heckenbraunelle,bw331,2024,2024-04-27,2,non_breeder,118
Prunella modularis,Heckenbraunelle,bw331,2024,2024-06-23,2,non_breeder,175
Prunella modularis,Heckenbraunelle,bw331,2024,2024-05-19,0,non_breeder,140
Prunella modularis,Heckenbraunelle,bw331,2025,2025-04-27,5,non_breeder,117
Prunella modularis,Heckenbraunelle,bw331,2025,2025-06-15,4,non_breeder,166
Prunella modularis,Heckenbraunelle,bw331,2025,2025-03-15,4,non_breeder,74
Prunella modularis,Heckenbraunelle,bw331,2025,2025-05-29,2,non_breeder,149
Prunella modularis,Heckenbraunelle,bw333,2023,2023-05-18,0,non_breeder,138
Prunella modularis,Heckenbraunelle,bw333,2023,2023-04-20,0,non_breeder,110
Prunella modularis,Heckenbraunelle,bw333,2023,2023-06-20,1,non_breeder,171
Prunella modularis,Heckenbraunelle,bw336,2025,2025-03-20,1,non_breeder,79
Prunella modularis,Heckenbraunelle,bw336,2025,2025-04-21,0,non_breeder,111
Prunella modularis,Heckenbraunelle,bw336,2025,2025-05-06,0,non_breeder,126
Prunella modularis,Heckenbraunelle,bw336,2025,2025-06-01,0,non_breeder,152
Prunella modularis,Heckenbraunelle,bw337,2022,2022-04-22,1,non_breeder,112
Prunella modularis,Heckenbraunelle,bw337,2022,2022-06-06,0,non_breeder,157
Prunella modularis,Heckenbraunelle,bw337,2022,2022-05-15,0,non_breeder,135
Prunella modularis,Heckenbraunelle,bw337,2022,2022-03-19,0,non_breeder,78
Prunella modularis,Heckenbraunelle,bw337,2023,2023-03-18,0,non_breeder,77
Prunella modularis,Heckenbraunelle,bw337,2023,2023-05-13,0,non_breeder,133
Prunella modularis,Heckenbraunelle,bw337,2023,2023-04-23,1,non_breeder,113
Prunella modularis,Heckenbraunelle,bw337,2023,2023-06-03,0,non_breeder,154
Prunella modularis,Heckenbraunelle,bw337,2025,2025-06-09,1,non_breeder,160
Prunella modularis,Heckenbraunelle,bw337,2025,2025-04-19,2,non_breeder,109
Prunella modularis,Heckenbraunelle,bw337,2025,2025-05-10,0,non_breeder,130
Prunella modularis,Heckenbraunelle,bw337,2025,2025-03-19,0,non_breeder,78
Prunella modularis,Heckenbraunelle,bw338,2024,2024-03-15,0,non_breeder,75
Prunella modularis,Heckenbraunelle,bw338,2024,2024-06-07,0,non_breeder,159
Prunella modularis,Heckenbraunelle,bw338,2024,2024-04-14,0,non_breeder,105
Prunella modularis,Heckenbraunelle,bw338,2024,2024-05-12,1,non_breeder,133
Prunella modularis,Heckenbraunelle,bw338,2025,2025-03-21,0,non_breeder,80
Prunella modularis,Heckenbraunelle,bw338,2025,2025-05-19,0,non_breeder,139
Prunella modularis,Heckenbraunelle,bw338,2025,2025-04-22,1,non_breeder,112
Prunella modularis,Heckenbraunelle,bw338,2025,2025-06-01,0,non_breeder,152
Prunella modularis,Heckenbraunelle,bw339,2021,2021-03-29,1,non_breeder,88
Prunella modularis,Heckenbraunelle,bw339,2021,2021-05-03,0,non_breeder,123
Prunella modularis,Heckenbraunelle,bw339,2021,2021-05-26,0,non_breeder,146
Prunella modularis,Heckenbraunelle,bw339,2021,2021-06-20,1,non_breeder,171
Prunella modularis,Heckenbraunelle,bw34,2022,2022-05-15,0,non_breeder,135
Prunella modularis,Heckenbraunelle,bw34,2022,2022-03-16,1,non_breeder,75
Prunella modularis,Heckenbraunelle,bw34,2022,2022-06-20,0,non_breeder,171
Prunella modularis,Heckenbraunelle,bw34,2022,2022-04-20,0,non_breeder,110
Prunella modularis,Heckenbraunelle,bw340,2024,2024-03-29,4,non_breeder,89
Prunella modularis,Heckenbraunelle,bw340,2024,2024-05-11,2,non_breeder,132
Prunella modularis,Heckenbraunelle,bw340,2024,2024-04-26,6,non_breeder,117
Prunella modularis,Heckenbraunelle,bw340,2024,2024-06-19,4,non_breeder,171
Prunella modularis,Heckenbraunelle,bw340,2025,2025-04-03,7,non_breeder,93
Prunella modularis,Heckenbraunelle,bw340,2025,2025-04-23,4,non_breeder,113
Prunella modularis,Heckenbraunelle,bw340,2025,2025-05-08,2,non_breeder,128
Prunella modularis,Heckenbraunelle,bw340,2025,2025-06-18,1,non_breeder,169
Prunella modularis,Heckenbraunelle,bw342,2022,2022-03-23,0,non_breeder,82
Prunella modularis,Heckenbraunelle,bw342,2022,2022-04-12,0,non_breeder,102
Prunella modularis,Heckenbraunelle,bw342,2022,2022-05-10,0,non_breeder,130
Prunella modularis,Heckenbraunelle,bw342,2022,2022-05-31,1,non_breeder,151
Prunella modularis,Heckenbraunelle,bw343,2024,2024-05-01,1,non_breeder,122
Prunella modularis,Heckenbraunelle,bw343,2024,2024-05-14,0,non_breeder,135
Prunella modularis,Heckenbraunelle,bw343,2024,2024-06-18,0,non_breeder,170
Prunella modularis,Heckenbraunelle,bw343,2024,2024-03-27,0,non_breeder,87
Prunella modularis,Heckenbraunelle,bw344,2024,2024-03-30,1,non_breeder,90
Prunella modularis,Heckenbraunelle,bw344,2024,2024-05-11,1,non_breeder,132
Prunella modularis,Heckenbraunelle,bw344,2024,2024-04-06,2,non_breeder,97
Prunella modularis,Heckenbraunelle,bw344,2024,2024-06-15,0,non_breeder,167
Prunella modularis,Heckenbraunelle,bw344,2024,2024-04-05,0,non_breeder,96
Prunella modularis,Heckenbraunelle,bw344,2024,2024-05-10,0,non_breeder,131
Prunella modularis,Heckenbraunelle,bw344,2024,2024-06-14,0,non_breeder,166
Prunella modularis,Heckenbraunelle,bw344,2025,2025-06-14,0,non_breeder,165
Prunella modularis,Heckenbraunelle,bw344,2025,2025-03-22,1,non_breeder,81
Prunella modularis,Heckenbraunelle,bw344,2025,2025-04-06,2,non_breeder,96
Prunella modularis,Heckenbraunelle,bw344,2025,2025-05-03,0,non_breeder,123
Prunella modularis,Heckenbraunelle,bw345,2024,2024-05-01,1,non_breeder,122
Prunella modularis,Heckenbraunelle,bw345,2024,2024-06-05,0,non_breeder,157
Prunella modularis,Heckenbraunelle,bw345,2024,2024-03-30,1,non_breeder,90
Prunella modularis,Heckenbraunelle,bw345,2024,2024-05-19,0,non_breeder,140
Prunella modularis,Heckenbraunelle,bw345,2025,2025-03-31,0,non_breeder,90
Prunella modularis,Heckenbraunelle,bw345,2025,2025-05-31,0,non_breeder,151
Prunella modularis,Heckenbraunelle,bw345,2025,2025-04-23,1,non_breeder,113
Prunella modularis,Heckenbraunelle,bw345,2025,2025-05-16,0,non_breeder,136
Prunella modularis,Heckenbraunelle,bw346,2024,2024-06-12,2,non_breeder,164
Prunella modularis,Heckenbraunelle,bw346,2024,2024-03-30,0,non_breeder,90
Prunella modularis,Heckenbraunelle,bw346,2024,2024-04-30,2,non_breeder,121
Prunella modularis,Heckenbraunelle,bw346,2024,2024-05-20,1,non_breeder,141
Prunella modularis,Heckenbraunelle,bw346,2025,2025-03-30,3,non_breeder,89
Prunella modularis,Heckenbraunelle,bw346,2025,2025-05-14,1,non_breeder,134
Prunella modularis,Heckenbraunelle,bw346,2025,2025-06-20,1,non_breeder,171
Prunella modularis,Heckenbraunelle,bw346,2025,2025-04-29,1,non_breeder,119
Prunella modularis,Heckenbraunelle,bw349,2025,2025-06-17,3,non_breeder,168
Prunella modularis,Heckenbraunelle,bw349,2025,2025-03-26,6,non_breeder,85
Prunella modularis,Heckenbraunelle,bw349,2025,2025-04-16,4,non_breeder,106
Prunella modularis,Heckenbraunelle,bw349,2025,2025-05-19,0,non_breeder,139
Prunella modularis,Heckenbraunelle,bw350,2025,2025-03-22,0,non_breeder,81
Prunella modularis,Heckenbraunelle,bw350,2025,2025-04-20,0,non_breeder,110
Prunella modularis,Heckenbraunelle,bw350,2025,2025-05-11,0,non_breeder,131
Prunella modularis,Heckenbraunelle,bw350,2025,2025-06-21,1,non_breeder,172
Prunella modularis,Heckenbraunelle,bw354,2021,2021-04-30,0,non_breeder,120
Prunella modularis,Heckenbraunelle,bw354,2021,2021-06-17,3,non_breeder,168
Prunella modularis,Heckenbraunelle,bw354,2021,2021-05-20,2,non_breeder,140
Prunella modularis,Heckenbraunelle,bw354,2022,2022-03-29,0,non_breeder,88
Prunella modularis,Heckenbraunelle,bw354,2022,2022-04-30,0,non_breeder,120
Prunella modularis,Heckenbraunelle,bw354,2022,2022-05-19,1,non_breeder,139
Prunella modularis,Heckenbraunelle,bw354,2023,2023-03-28,1,non_breeder,87
Prunella modularis,Heckenbraunelle,bw354,2023,2023-05-20,1,non_breeder,140
Prunella modularis,Heckenbraunelle,bw354,2023,2023-06-19,1,non_breeder,170
Prunella modularis,Heckenbraunelle,bw354,2023,2023-04-27,1,non_breeder,117
Prunella modularis,Heckenbraunelle,bw354,2024,2024-04-30,2,non_breeder,121
Prunella modularis,Heckenbraunelle,bw354,2024,2024-06-24,1,non_breeder,176
Prunella modularis,Heckenbraunelle,bw354,2024,2024-05-19,1,non_breeder,140
Prunella modularis,Heckenbraunelle,bw354,2024,2024-03-29,3,non_breeder,89
Prunella modularis,Heckenbraunelle,bw354,2025,2025-04-01,2,non_breeder,91
Prunella modularis,Heckenbraunelle,bw354,2025,2025-05-20,2,non_breeder,140
Prunella modularis,Heckenbraunelle,bw354,2025,2025-06-20,1,non_breeder,171
Prunella modularis,Heckenbraunelle,bw354,2025,2025-05-02,2,non_breeder,122
Prunella modularis,Heckenbraunelle,bw355,2025,2025-03-27,0,non_breeder,86
Prunella modularis,Heckenbraunelle,bw355,2025,2025-06-19,0,non_breeder,170
Prunella modularis,Heckenbraunelle,bw355,2025,2025-04-19,1,non_breeder,109
Prunella modularis,Heckenbraunelle,bw355,2025,2025-05-09,1,non_breeder,129
Prunella modularis,Heckenbraunelle,bw357,2021,2021-06-12,0,non_breeder,163
Prunella modularis,Heckenbraunelle,bw357,2021,2021-03-28,0,non_breeder,87
Prunella modularis,Heckenbraunelle,bw357,2021,2021-04-24,0,non_breeder,114
Prunella modularis,Heckenbraunelle,bw357,2021,2021-05-14,1,non_breeder,134
Prunella modularis,Heckenbraunelle,bw358,2022,2022-05-13,0,non_breeder,133
Prunella modularis,Heckenbraunelle,bw358,2022,2022-06-10,0,non_breeder,161
Prunella modularis,Heckenbraunelle,bw358,2022,2022-03-28,0,non_breeder,87
Prunella modularis,Heckenbraunelle,bw358,2022,2022-04-22,2,non_breeder,112
Prunella modularis,Heckenbraunelle,bw358,2023,2023-03-17,0,non_breeder,76
Prunella modularis,Heckenbraunelle,bw358,2023,2023-05-12,0,non_breeder,132
Prunella modularis,Heckenbraunelle,bw358,2023,2023-06-09,1,non_breeder,160
Prunella modularis,Heckenbraunelle,bw358,2023,2023-04-11,0,non_breeder,101
Prunella modularis,Heckenbraunelle,bw358,2024,2024-06-13,1,non_breeder,165
Prunella modularis,Heckenbraunelle,bw358,2024,2024-05-10,0,non_breeder,131
Prunella modularis,Heckenbraunelle,bw358,2024,2024-03-15,0,non_breeder,75
Prunella modularis,Heckenbraunelle,bw358,2024,2024-04-12,0,non_breeder,103
Prunella modularis,Heckenbraunelle,bw358,2024,2024-05-09,0,non_breeder,130
Prunella modularis,Heckenbraunelle,bw359,2023,2023-03-19,1,non_breeder,78
Prunella modularis,Heckenbraunelle,bw359,2023,2023-04-02,1,non_breeder,92
Prunella modularis,Heckenbraunelle,bw359,2023,2023-04-30,0,non_breeder,120
Prunella modularis,Heckenbraunelle,bw359,2023,2023-05-01,0,non_breeder,121
Prunella modularis,Heckenbraunelle,bw359,2023,2023-06-11,0,non_breeder,162
Prunella modularis,Heckenbraunelle,bw36,2022,2022-06-16,2,non_breeder,167
Prunella modularis,Heckenbraunelle,bw36,2022,2022-05-07,0,non_breeder,127
Prunella modularis,Heckenbraunelle,bw36,2022,2022-04-18,1,non_breeder,108
Prunella modularis,Heckenbraunelle,bw36,2022,2022-03-19,1,non_breeder,78
Prunella modularis,Heckenbraunelle,bw36,2023,2023-06-04,2,non_breeder,155
Prunella modularis,Heckenbraunelle,bw36,2023,2023-05-01,2,non_breeder,121
Prunella modularis,Heckenbraunelle,bw36,2023,2023-03-18,1,non_breeder,77
Prunella modularis,Heckenbraunelle,bw36,2023,2023-04-08,2,non_breeder,98
Prunella modularis,Heckenbraunelle,bw36,2023,2023-04-07,0,non_breeder,97
Prunella modularis,Heckenbraunelle,bw36,2024,2024-05-26,2,non_breeder,147
Prunella modularis,Heckenbraunelle,bw36,2024,2024-05-01,2,non_breeder,122
Prunella modularis,Heckenbraunelle,bw36,2024,2024-03-30,0,non_breeder,90
Prunella modularis,Heckenbraunelle,bw36,2024,2024-04-13,2,non_breeder,104
Prunella modularis,Heckenbraunelle,bw36,2025,2025-05-13,1,non_breeder,133
Prunella modularis,Heckenbraunelle,bw36,2025,2025-06-09,1,non_breeder,160
Prunella modularis,Heckenbraunelle,bw36,2025,2025-03-22,0,non_breeder,81
Prunella modularis,Heckenbraunelle,bw36,2025,2025-04-21,2,non_breeder,111
Prunella modularis,Heckenbraunelle,bw360,2022,2022-05-15,4,non_breeder,135
Prunella modularis,Heckenbraunelle,bw360,2022,2022-06-14,3,non_breeder,165
Prunella modularis,Heckenbraunelle,bw360,2022,2022-03-26,5,non_breeder,85
Prunella modularis,Heckenbraunelle,bw360,2022,2022-04-17,1,non_breeder,107
Prunella modularis,Heckenbraunelle,bw360,2023,2023-06-09,3,non_breeder,160
Prunella modularis,Heckenbraunelle,bw360,2023,2023-04-15,6,non_breeder,105
Prunella modularis,Heckenbraunelle,bw360,2023,2023-05-13,3,non_breeder,133
Prunella modularis,Heckenbraunelle,bw360,2023,2023-03-26,4,non_breeder,85
Prunella modularis,Heckenbraunelle,bw360,2023,2023-04-14,0,non_breeder,104
Prunella modularis,Heckenbraunelle,bw360,2024,2024-05-11,5,non_breeder,132
Prunella modularis,Heckenbraunelle,bw360,2024,2024-06-08,2,non_breeder,160
Prunella modularis,Heckenbraunelle,bw360,2024,2024-03-28,6,non_breeder,88
Prunella modularis,Heckenbraunelle,bw360,2024,2024-04-19,4,non_breeder,110
Prunella modularis,Heckenbraunelle,bw360,2025,2025-05-11,4,non_breeder,131
Prunella modularis,Heckenbraunelle,bw360,2025,2025-06-10,4,non_breeder,161
Prunella modularis,Heckenbraunelle,bw360,2025,2025-04-12,9,non_breeder,102
Prunella modularis,Heckenbraunelle,bw360,2025,2025-03-23,5,non_breeder,82
Prunella modularis,Heckenbraunelle,bw361,2022,2022-03-23,5,non_breeder,82
Prunella modularis,Heckenbraunelle,bw361,2022,2022-05-01,0,non_breeder,121
Prunella modularis,Heckenbraunelle,bw361,2022,2022-05-11,1,non_breeder,131
Prunella modularis,Heckenbraunelle,bw361,2022,2022-05-26,3,non_breeder,146
Prunella modularis,Heckenbraunelle,bw361,2023,2023-04-22,3,non_breeder,112
Prunella modularis,Heckenbraunelle,bw361,2023,2023-06-10,1,non_breeder,161
Prunella modularis,Heckenbraunelle,bw361,2023,2023-03-18,1,non_breeder,77
Prunella modularis,Heckenbraunelle,bw361,2023,2023-05-13,2,non_breeder,133
Prunella modularis,Heckenbraunelle,bw361,2023,2023-04-21,0,non_breeder,111
Prunella modularis,Heckenbraunelle,bw361,2024,2024-04-13,2,non_breeder,104
Prunella modularis,Heckenbraunelle,bw361,2024,2024-03-23,0,non_breeder,83
Prunella modularis,Heckenbraunelle,bw361,2024,2024-05-29,1,non_breeder,150
Prunella modularis,Heckenbraunelle,bw361,2024,2024-05-12,1,non_breeder,133
Prunella modularis,Heckenbraunelle,bw361,2024,2024-05-28,0,non_breeder,149
Prunella modularis,Heckenbraunelle,bw361,2024,2024-04-12,0,non_breeder,103
Prunella modularis,Heckenbraunelle,bw361,2025,2025-03-22,5,non_breeder,81
Prunella modularis,Heckenbraunelle,bw361,2025,2025-04-05,2,non_breeder,95
Prunella modularis,Heckenbraunelle,bw361,2025,2025-05-18,1,non_breeder,138
Prunella modularis,Heckenbraunelle,bw361,2025,2025-05-29,2,non_breeder,149
Prunella modularis,Heckenbraunelle,bw362,2024,2024-04-10,8,non_breeder,101
Prunella modularis,Heckenbraunelle,bw362,2024,2024-03-29,5,non_breeder,89
Prunella modularis,Heckenbraunelle,bw362,2024,2024-05-12,3,non_breeder,133
Prunella modularis,Heckenbraunelle,bw362,2024,2024-06-18,2,non_breeder,170
Prunella modularis,Heckenbraunelle,bw362,2025,2025-03-28,2,non_breeder,87
Prunella modularis,Heckenbraunelle,bw362,2025,2025-05-11,3,non_breeder,131
Prunella modularis,Heckenbraunelle,bw362,2025,2025-04-21,3,non_breeder,111
Prunella modularis,Heckenbraunelle,bw362,2025,2025-06-20,4,non_breeder,171
Prunella modularis,Heckenbraunelle,bw363,2024,2024-03-29,2,non_breeder,89
Prunella modularis,Heckenbraunelle,bw363,2024,2024-04-19,1,non_breeder,110
Prunella modularis,Heckenbraunelle,bw363,2024,2024-05-18,1,non_breeder,139
Prunella modularis,Heckenbraunelle,bw363,2024,2024-06-14,0,non_breeder,166
Prunella modularis,Heckenbraunelle,bw363,2025,2025-03-27,2,non_breeder,86
Prunella modularis,Heckenbraunelle,bw363,2025,2025-04-19,1,non_breeder,109
Prunella modularis,Heckenbraunelle,bw363,2025,2025-05-16,0,non_breeder,136
Prunella modularis,Heckenbraunelle,bw363,2025,2025-06-06,0,non_breeder,157
Prunella modularis,Heckenbraunelle,bw364,2024,2024-05-14,0,non_breeder,135
Prunella modularis,Heckenbraunelle,bw364,2024,2024-04-13,1,non_breeder,104
Prunella modularis,Heckenbraunelle,bw364,2024,2024-03-26,1,non_breeder,86
Prunella modularis,Heckenbraunelle,bw364,2024,2024-06-13,0,non_breeder,165
Prunella modularis,Heckenbraunelle,bw364,2025,2025-05-13,0,non_breeder,133
Prunella modularis,Heckenbraunelle,bw364,2025,2025-03-20,1,non_breeder,79
Prunella modularis,Heckenbraunelle,bw364,2025,2025-04-04,1,non_breeder,94
Prunella modularis,Heckenbraunelle,bw364,2025,2025-05-31,0,non_breeder,151
Prunella modularis,Heckenbraunelle,bw367,2022,2022-06-18,0,non_breeder,169
Prunella modularis,Heckenbraunelle,bw367,2022,2022-03-18,0,non_breeder,77
Prunella modularis,Heckenbraunelle,bw367,2022,2022-04-09,2,non_breeder,99
Prunella modularis,Heckenbraunelle,bw367,2024,2024-04-06,0,non_breeder,97
Prunella modularis,Heckenbraunelle,bw367,2024,2024-06-12,1,non_breeder,164
Prunella modularis,Heckenbraunelle,bw367,2024,2024-03-10,0,non_breeder,70
Prunella modularis,Heckenbraunelle,bw367,2024,2024-05-10,0,non_breeder,131
Prunella modularis,Heckenbraunelle,bw367,2025,2025-04-12,2,non_breeder,102
Prunella modularis,Heckenbraunelle,bw367,2025,2025-05-12,1,non_breeder,132
Prunella modularis,Heckenbraunelle,bw367,2025,2025-03-22,0,non_breeder,81
Prunella modularis,Heckenbraunelle,bw367,2025,2025-06-13,0,non_breeder,164
Prunella modularis,Heckenbraunelle,bw368,2022,2022-06-11,3,non_breeder,162
Prunella modularis,Heckenbraunelle,bw368,2022,2022-04-23,5,non_breeder,113
Prunella modularis,Heckenbraunelle,bw368,2022,2022-05-08,3,non_breeder,128
Prunella modularis,Heckenbraunelle,bw368,2022,2022-03-20,4,non_breeder,79
Prunella modularis,Heckenbraunelle,bw368,2023,2023-05-20,2,non_breeder,140
Prunella modularis,Heckenbraunelle,bw368,2023,2023-06-10,0,non_breeder,161
Prunella modularis,Heckenbraunelle,bw368,2023,2023-04-29,5,non_breeder,119
Prunella modularis,Heckenbraunelle,bw368,2023,2023-03-26,3,non_breeder,85
Prunella modularis,Heckenbraunelle,bw368,2024,2024-05-12,3,non_breeder,133
Prunella modularis,Heckenbraunelle,bw368,2024,2024-06-08,0,non_breeder,160
Prunella modularis,Heckenbraunelle,bw368,2024,2024-03-17,6,non_breeder,77
Prunella modularis,Heckenbraunelle,bw368,2024,2024-04-14,6,non_breeder,105
Prunella modularis,Heckenbraunelle,bw368,2025,2025-05-17,4,non_breeder,137
Prunella modularis,Heckenbraunelle,bw368,2025,2025-06-08,3,non_breeder,159
Prunella modularis,Heckenbraunelle,bw368,2025,2025-04-20,3,non_breeder,110
Prunella modularis,Heckenbraunelle,bw368,2025,2025-03-22,4,non_breeder,81
Prunella modularis,Heckenbraunelle,bw369,2025,2025-05-29,0,non_breeder,149
Prunella modularis,Heckenbraunelle,bw369,2025,2025-04-03,1,non_breeder,93
Prunella modularis,Heckenbraunelle,bw369,2025,2025-04-18,3,non_breeder,108
Prunella modularis,Heckenbraunelle,bw369,2025,2025-05-10,0,non_breeder,130
Prunella modularis,Heckenbraunelle,bw370,2022,2022-05-08,4,non_breeder,128
Prunella modularis,Heckenbraunelle,bw370,2022,2022-06-12,1,non_breeder,163
Prunella modularis,Heckenbraunelle,bw370,2022,2022-04-24,2,non_breeder,114
Prunella modularis,Heckenbraunelle,bw370,2022,2022-03-20,2,non_breeder,79
Prunella modularis,Heckenbraunelle,bw370,2023,2023-06-04,1,non_breeder,155
Prunella modularis,Heckenbraunelle,bw370,2023,2023-05-18,1,non_breeder,138
Prunella modularis,Heckenbraunelle,bw370,2023,2023-03-19,2,non_breeder,78
Prunella modularis,Heckenbraunelle,bw370,2023,2023-04-10,2,non_breeder,100
Prunella modularis,Heckenbraunelle,bw370,2024,2024-03-17,2,non_breeder,77
Prunella modularis,Heckenbraunelle,bw370,2024,2024-04-14,1,non_breeder,105
Prunella modularis,Heckenbraunelle,bw370,2024,2024-05-12,2,non_breeder,133
Prunella modularis,Heckenbraunelle,bw370,2024,2024-06-16,0,non_breeder,168
Prunella modularis,Heckenbraunelle,bw370,2025,2025-06-09,0,non_breeder,160
Prunella modularis,Heckenbraunelle,bw370,2025,2025-04-20,2,non_breeder,110
Prunella modularis,Heckenbraunelle,bw370,2025,2025-05-18,0,non_breeder,138
Prunella modularis,Heckenbraunelle,bw370,2025,2025-03-21,2,non_breeder,80
Prunella modularis,Heckenbraunelle,bw372,2021,2021-05-20,1,non_breeder,140
Prunella modularis,Heckenbraunelle,bw372,2021,2021-06-19,0,non_breeder,170
Prunella modularis,Heckenbraunelle,bw372,2021,2021-04-23,2,non_breeder,113
Prunella modularis,Heckenbraunelle,bw372,2021,2021-03-26,2,non_breeder,85
Prunella modularis,Heckenbraunelle,bw372,2022,2022-05-20,1,non_breeder,140
Prunella modularis,Heckenbraunelle,bw372,2022,2022-06-01,0,non_breeder,152
Prunella modularis,Heckenbraunelle,bw372,2022,2022-04-10,0,non_breeder,100
Prunella modularis,Heckenbraunelle,bw372,2022,2022-03-20,0,non_breeder,79
Prunella modularis,Heckenbraunelle,bw372,2023,2023-05-13,0,non_breeder,133
Prunella modularis,Heckenbraunelle,bw372,2023,2023-06-08,0,non_breeder,159
Prunella modularis,Heckenbraunelle,bw372,2023,2023-03-30,2,non_breeder,89
Prunella modularis,Heckenbraunelle,bw372,2023,2023-04-14,3,non_breeder,104
Prunella modularis,Heckenbraunelle,bw372,2024,2024-05-18,2,non_breeder,139
Prunella modularis,Heckenbraunelle,bw372,2024,2024-06-16,1,non_breeder,168
Prunella modularis,Heckenbraunelle,bw372,2024,2024-04-30,2,non_breeder,121
Prunella modularis,Heckenbraunelle,bw372,2024,2024-03-30,4,non_breeder,90
Prunella modularis,Heckenbraunelle,bw372,2025,2025-05-23,0,non_breeder,143
Prunella modularis,Heckenbraunelle,bw372,2025,2025-04-21,2,non_breeder,111
Prunella modularis,Heckenbraunelle,bw372,2025,2025-05-10,1,non_breeder,130
Prunella modularis,Heckenbraunelle,bw372,2025,2025-03-30,2,non_breeder,89
Prunella modularis,Heckenbraunelle,bw373,2022,2022-03-24,0,non_breeder,83
Prunella modularis,Heckenbraunelle,bw373,2022,2022-04-24,3,non_breeder,114
Prunella modularis,Heckenbraunelle,bw373,2022,2022-06-11,1,non_breeder,162
Prunella modularis,Heckenbraunelle,bw373,2022,2022-05-10,1,non_breeder,130
Prunella modularis,Heckenbraunelle,bw373,2023,2023-03-28,0,non_breeder,87
Prunella modularis,Heckenbraunelle,bw373,2023,2023-04-26,3,non_breeder,116
Prunella modularis,Heckenbraunelle,bw373,2023,2023-06-14,2,non_breeder,165
Prunella modularis,Heckenbraunelle,bw373,2023,2023-05-06,2,non_breeder,126
Prunella modularis,Heckenbraunelle,bw373,2024,2024-03-22,4,non_breeder,82
Prunella modularis,Heckenbraunelle,bw373,2024,2024-04-28,0,non_breeder,119
Prunella modularis,Heckenbraunelle,bw373,2024,2024-05-16,0,non_breeder,137
Prunella modularis,Heckenbraunelle,bw373,2024,2024-06-20,0,non_breeder,172
Prunella modularis,Heckenbraunelle,bw373,2025,2025-03-11,1,non_breeder,70
Prunella modularis,Heckenbraunelle,bw373,2025,2025-05-08,0,non_breeder,128
Prunella modularis,Heckenbraunelle,bw373,2025,2025-04-14,1,non_breeder,104
Prunella modularis,Heckenbraunelle,bw373,2025,2025-06-11,1,non_breeder,162
Prunella modularis,Heckenbraunelle,bw374,2024,2024-04-24,1,non_breeder,115
Prunella modularis,Heckenbraunelle,bw374,2024,2024-03-19,0,non_breeder,79
Prunella modularis,Heckenbraunelle,bw374,2024,2024-05-14,0,non_breeder,135
Prunella modularis,Heckenbraunelle,bw374,2024,2024-06-05,0,non_breeder,157
Prunella modularis,Heckenbraunelle,bw374,2025,2025-06-17,0,non_breeder,168
Prunella modularis,Heckenbraunelle,bw374,2025,2025-03-31,1,non_breeder,90
Prunella modularis,Heckenbraunelle,bw374,2025,2025-05-13,0,non_breeder,133
Prunella modularis,Heckenbraunelle,bw374,2025,2025-04-17,0,non_breeder,107
Prunella modularis,Heckenbraunelle,bw376,2024,2024-03-26,1,non_breeder,86
Prunella modularis,Heckenbraunelle,bw376,2024,2024-04-24,1,non_breeder,115
Prunella modularis,Heckenbraunelle,bw376,2024,2024-05-14,1,non_breeder,135
Prunella modularis,Heckenbraunelle,bw376,2024,2024-06-18,0,non_breeder,170
Prunella modularis,Heckenbraunelle,bw376,2025,2025-03-21,0,non_breeder,80
Prunella modularis,Heckenbraunelle,bw376,2025,2025-05-20,0,non_breeder,140
Prunella modularis,Heckenbraunelle,bw376,2025,2025-06-12,1,non_breeder,163
Prunella modularis,Heckenbraunelle,bw376,2025,2025-04-29,0,non_breeder,119
Prunella modularis,Heckenbraunelle,bw379,2024,2024-05-14,0,non_breeder,135
Prunella modularis,Heckenbraunelle,bw379,2024,2024-04-10,2,non_breeder,101
Prunella modularis,Heckenbraunelle,bw379,2024,2024-06-12,1,non_breeder,164
Prunella modularis,Heckenbraunelle,bw379,2024,2024-03-20,0,non_breeder,80
Prunella modularis,Heckenbraunelle,bw38,2022,2022-03-27,7,non_breeder,86
Prunella modularis,Heckenbraunelle,bw38,2022,2022-06-03,3,non_breeder,154
Prunella modularis,Heckenbraunelle,bw38,2022,2022-04-23,0,non_breeder,113
Prunella modularis,Heckenbraunelle,bw38,2022,2022-05-13,3,non_breeder,133
Prunella modularis,Heckenbraunelle,bw38,2023,2023-06-05,0,non_breeder,156
Prunella modularis,Heckenbraunelle,bw38,2023,2023-05-09,1,non_breeder,129
Prunella modularis,Heckenbraunelle,bw38,2023,2023-03-16,3,non_breeder,75
Prunella modularis,Heckenbraunelle,bw38,2023,2023-04-17,3,non_breeder,107
Prunella modularis,Heckenbraunelle,bw38,2024,2024-04-10,4,non_breeder,101
Prunella modularis,Heckenbraunelle,bw38,2024,2024-05-10,4,non_breeder,131
Prunella modularis,Heckenbraunelle,bw38,2024,2024-03-19,5,non_breeder,79
Prunella modularis,Heckenbraunelle,bw38,2024,2024-06-14,1,non_breeder,166
Prunella modularis,Heckenbraunelle,bw38,2025,2025-04-03,4,non_breeder,93
Prunella modularis,Heckenbraunelle,bw38,2025,2025-03-16,3,non_breeder,75
Prunella modularis,Heckenbraunelle,bw38,2025,2025-05-08,0,non_breeder,128
Prunella modularis,Heckenbraunelle,bw38,2025,2025-05-30,1,non_breeder,150
Prunella modularis,Heckenbraunelle,bw384,2024,2024-05-20,3,non_breeder,141
Prunella modularis,Heckenbraunelle,bw384,2024,2024-06-16,1,non_breeder,168
Prunella modularis,Heckenbraunelle,bw384,2024,2024-04-29,5,non_breeder,120
Prunella modularis,Heckenbraunelle,bw384,2025,2025-05-29,2,non_breeder,149
Prunella modularis,Heckenbraunelle,bw384,2025,2025-05-10,0,non_breeder,130
Prunella modularis,Heckenbraunelle,bw384,2025,2025-03-23,5,non_breeder,82
Prunella modularis,Heckenbraunelle,bw384,2025,2025-04-08,2,non_breeder,98
Prunella modularis,Heckenbraunelle,bw387,2024,2024-04-30,0,non_breeder,121
Prunella modularis,Heckenbraunelle,bw387,2024,2024-05-15,0,non_breeder,136
Prunella modularis,Heckenbraunelle,bw387,2024,2024-03-27,2,non_breeder,87
Prunella modularis,Heckenbraunelle,bw387,2024,2024-06-19,0,non_breeder,171
Prunella modularis,Heckenbraunelle,bw389,2024,2024-03-28,1,non_breeder,88
Prunella modularis,Heckenbraunelle,bw389,2024,2024-04-30,0,non_breeder,121
Prunella modularis,Heckenbraunelle,bw389,2024,2024-05-15,0,non_breeder,136
Prunella modularis,Heckenbraunelle,bw389,2024,2024-06-19,0,non_breeder,171
Prunella modularis,Heckenbraunelle,bw389,2025,2025-04-30,0,non_breeder,120
Prunella modularis,Heckenbraunelle,bw389,2025,2025-05-14,0,non_breeder,134
Prunella modularis,Heckenbraunelle,bw389,2025,2025-06-11,0,non_breeder,162
Prunella modularis,Heckenbraunelle,bw389,2025,2025-03-30,1,non_breeder,89
Prunella modularis,Heckenbraunelle,bw39,2022,2022-05-12,3,non_breeder,132
Prunella modularis,Heckenbraunelle,bw39,2022,2022-06-02,0,non_breeder,153
Prunella modularis,Heckenbraunelle,bw39,2022,2022-03-27,8,non_breeder,86
Prunella modularis,Heckenbraunelle,bw39,2022,2022-04-21,1,non_breeder,111
Prunella modularis,Heckenbraunelle,bw39,2023,2023-05-08,1,non_breeder,128
Prunella modularis,Heckenbraunelle,bw39,2023,2023-06-02,0,non_breeder,153
Prunella modularis,Heckenbraunelle,bw39,2023,2023-03-13,0,non_breeder,72
Prunella modularis,Heckenbraunelle,bw39,2023,2023-04-14,2,non_breeder,104
Prunella modularis,Heckenbraunelle,bw39,2024,2024-04-09,0,non_breeder,100
Prunella modularis,Heckenbraunelle,bw39,2024,2024-05-11,2,non_breeder,132
Prunella modularis,Heckenbraunelle,bw39,2024,2024-06-11,3,non_breeder,163
Prunella modularis,Heckenbraunelle,bw39,2024,2024-03-15,0,non_breeder,75
Prunella modularis,Heckenbraunelle,bw391,2022,2022-05-19,1,non_breeder,139
Prunella modularis,Heckenbraunelle,bw391,2022,2022-06-19,1,non_breeder,170
Prunella modularis,Heckenbraunelle,bw391,2022,2022-04-27,4,non_breeder,117
Prunella modularis,Heckenbraunelle,bw391,2022,2022-03-20,1,non_breeder,79
Prunella modularis,Heckenbraunelle,bw391,2023,2023-04-29,5,non_breeder,119
Prunella modularis,Heckenbraunelle,bw391,2023,2023-05-30,3,non_breeder,150
Prunella modularis,Heckenbraunelle,bw391,2023,2023-06-29,1,non_breeder,180
Prunella modularis,Heckenbraunelle,bw391,2023,2023-03-19,3,non_breeder,78
Prunella modularis,Heckenbraunelle,bw391,2024,2024-03-17,1,non_breeder,77
Prunella modularis,Heckenbraunelle,bw391,2024,2024-06-12,2,non_breeder,164
Prunella modularis,Heckenbraunelle,bw391,2024,2024-04-26,1,non_breeder,117
Prunella modularis,Heckenbraunelle,bw391,2024,2024-05-13,0,non_breeder,134
Prunella modularis,Heckenbraunelle,bw391,2025,2025-06-18,2,non_breeder,169
Prunella modularis,Heckenbraunelle,bw391,2025,2025-03-27,4,non_breeder,86
Prunella modularis,Heckenbraunelle,bw391,2025,2025-04-20,5,non_breeder,110
Prunella modularis,Heckenbraunelle,bw391,2025,2025-05-18,1,non_breeder,138
Prunella modularis,Heckenbraunelle,bw392,2025,2025-03-28,1,non_breeder,87
Prunella modularis,Heckenbraunelle,bw392,2025,2025-04-09,0,non_breeder,99
Prunella modularis,Heckenbraunelle,bw392,2025,2025-05-07,0,non_breeder,127
Prunella modularis,Heckenbraunelle,bw392,2025,2025-06-11,0,non_breeder,162
Prunella modularis,Heckenbraunelle,bw394,2025,2025-06-03,0,non_breeder,154
Prunella modularis,Heckenbraunelle,bw394,2025,2025-05-16,0,non_breeder,136
Prunella modularis,Heckenbraunelle,bw394,2025,2025-04-23,2,non_breeder,113
Prunella modularis,Heckenbraunelle,bw394,2025,2025-03-20,0,non_breeder,79
Prunella modularis,Heckenbraunelle,bw395,2024,2024-03-20,2,non_breeder,80
Prunella modularis,Heckenbraunelle,bw395,2024,2024-05-15,2,non_breeder,136
Prunella modularis,Heckenbraunelle,bw395,2024,2024-06-13,0,non_breeder,165
Prunella modularis,Heckenbraunelle,bw395,2024,2024-04-26,2,non_breeder,117
Prunella modularis,Heckenbraunelle,bw395,2025,2025-05-09,2,non_breeder,129
Prunella modularis,Heckenbraunelle,bw395,2025,2025-06-16,0,non_breeder,167
Prunella modularis,Heckenbraunelle,bw395,2025,2025-03-27,3,non_breeder,86
Prunella modularis,Heckenbraunelle,bw395,2025,2025-04-11,2,non_breeder,101
Prunella modularis,Heckenbraunelle,bw396,2024,2024-03-20,1,non_breeder,80
Prunella modularis,Heckenbraunelle,bw396,2024,2024-05-16,0,non_breeder,137
Prunella modularis,Heckenbraunelle,bw396,2024,2024-04-29,1,non_breeder,120
Prunella modularis,Heckenbraunelle,bw396,2024,2024-06-11,0,non_breeder,163
Prunella modularis,Heckenbraunelle,bw396,2025,2025-04-24,0,non_breeder,114
Prunella modularis,Heckenbraunelle,bw396,2025,2025-05-23,0,non_breeder,143
Prunella modularis,Heckenbraunelle,bw396,2025,2025-05-12,2,non_breeder,132
Prunella modularis,Heckenbraunelle,bw396,2025,2025-03-24,1,non_breeder,83
Prunella modularis,Heckenbraunelle,bw397,2021,2021-06-13,2,non_breeder,164
Prunella modularis,Heckenbraunelle,bw397,2021,2021-04-05,3,non_breeder,95
Prunella modularis,Heckenbraunelle,bw397,2021,2021-05-13,0,non_breeder,133
Prunella modularis,Heckenbraunelle,bw397,2021,2021-03-21,0,non_breeder,80
Prunella modularis,Heckenbraunelle,bw397,2024,2024-06-12,0,non_breeder,164
Prunella modularis,Heckenbraunelle,bw397,2024,2024-04-07,2,non_breeder,98
Prunella modularis,Heckenbraunelle,bw397,2024,2024-03-20,0,non_breeder,80
Prunella modularis,Heckenbraunelle,bw397,2024,2024-05-01,0,non_breeder,122
Prunella modularis,Heckenbraunelle,bw398,2025,2025-05-27,0,non_breeder,147
Prunella modularis,Heckenbraunelle,bw398,2025,2025-05-11,2,non_breeder,131
Prunella modularis,Heckenbraunelle,bw398,2025,2025-03-18,0,non_breeder,77
Prunella modularis,Heckenbraunelle,bw398,2025,2025-04-30,0,non_breeder,120
Prunella modularis,Heckenbraunelle,bw4,2024,2024-03-25,0,non_breeder,85
Prunella modularis,Heckenbraunelle,bw4,2024,2024-04-23,1,non_breeder,114
Prunella modularis,Heckenbraunelle,bw4,2024,2024-05-14,2,non_breeder,135
Prunella modularis,Heckenbraunelle,bw4,2024,2024-06-07,1,non_breeder,159
Prunella modularis,Heckenbraunelle,bw4,2025,2025-06-05,0,non_breeder,156
Prunella modularis,Heckenbraunelle,bw4,2025,2025-03-22,1,non_breeder,81
Prunella modularis,Heckenbraunelle,bw4,2025,2025-04-22,0,non_breeder,112
Prunella modularis,Heckenbraunelle,bw4,2025,2025-05-12,1,non_breeder,132
Prunella modularis,Heckenbraunelle,bw400,2024,2024-04-25,2,non_breeder,116
Prunella modularis,Heckenbraunelle,bw400,2024,2024-03-20,2,non_breeder,80
Prunella modularis,Heckenbraunelle,bw400,2024,2024-05-15,0,non_breeder,136
Prunella modularis,Heckenbraunelle,bw400,2024,2024-06-06,0,non_breeder,158
Prunella modularis,Heckenbraunelle,bw400,2025,2025-03-30,2,non_breeder,89
Prunella modularis,Heckenbraunelle,bw400,2025,2025-04-24,0,non_breeder,114
Prunella modularis,Heckenbraunelle,bw400,2025,2025-05-14,0,non_breeder,134
Prunella modularis,Heckenbraunelle,bw400,2025,2025-06-13,0,non_breeder,164
Prunella modularis,Heckenbraunelle,bw41,2022,2022-03-23,4,non_breeder,82
Prunella modularis,Heckenbraunelle,bw41,2022,2022-04-13,4,non_breeder,103
Prunella modularis,Heckenbraunelle,bw41,2022,2022-06-19,1,non_breeder,170
Prunella modularis,Heckenbraunelle,bw41,2022,2022-05-17,3,non_breeder,137
Prunella modularis,Heckenbraunelle,bw41,2023,2023-04-26,2,non_breeder,116
Prunella modularis,Heckenbraunelle,bw41,2023,2023-05-19,2,non_breeder,139
Prunella modularis,Heckenbraunelle,bw41,2023,2023-03-28,11,non_breeder,87
Prunella modularis,Heckenbraunelle,bw41,2023,2023-06-14,2,non_breeder,165
Prunella modularis,Heckenbraunelle,bw41,2024,2024-03-20,4,non_breeder,80
Prunella modularis,Heckenbraunelle,bw41,2024,2024-04-30,2,non_breeder,121
Prunella modularis,Heckenbraunelle,bw41,2024,2024-05-20,2,non_breeder,141
Prunella modularis,Heckenbraunelle,bw41,2024,2024-06-14,1,non_breeder,166
Prunella modularis,Heckenbraunelle,bw41,2024,2024-04-29,0,non_breeder,120
Prunella modularis,Heckenbraunelle,bw41,2024,2024-05-19,0,non_breeder,140
Prunella modularis,Heckenbraunelle,bw41,2025,2025-04-13,6,non_breeder,103
Prunella modularis,Heckenbraunelle,bw41,2025,2025-05-18,8,non_breeder,138
Prunella modularis,Heckenbraunelle,bw41,2025,2025-03-22,9,non_breeder,81
Prunella modularis,Heckenbraunelle,bw41,2025,2025-06-15,0,non_breeder,166
Prunella modularis,Heckenbraunelle,bw411,2021,2021-06-04,3,non_breeder,155
Prunella modularis,Heckenbraunelle,bw411,2021,2021-05-11,5,non_breeder,131
Prunella modularis,Heckenbraunelle,bw411,2021,2021-04-25,3,non_breeder,115
Prunella modularis,Heckenbraunelle,bw411,2021,2021-03-28,4,non_breeder,87
Prunella modularis,Heckenbraunelle,bw411,2023,2023-05-31,0,non_breeder,151
Prunella modularis,Heckenbraunelle,bw411,2023,2023-06-19,0,non_breeder,170
Prunella modularis,Heckenbraunelle,bw411,2023,2023-04-30,1,non_breeder,120
Prunella modularis,Heckenbraunelle,bw411,2023,2023-03-23,1,non_breeder,82
Prunella modularis,Heckenbraunelle,bw411,2024,2024-05-11,0,non_breeder,132
Prunella modularis,Heckenbraunelle,bw411,2024,2024-06-16,0,non_breeder,168
Prunella modularis,Heckenbraunelle,bw411,2024,2024-03-31,0,non_breeder,91
Prunella modularis,Heckenbraunelle,bw411,2024,2024-04-13,1,non_breeder,104
Prunella modularis,Heckenbraunelle,bw411,2025,2025-05-10,1,non_breeder,130
Prunella modularis,Heckenbraunelle,bw411,2025,2025-06-18,1,non_breeder,169
Prunella modularis,Heckenbraunelle,bw411,2025,2025-04-11,0,non_breeder,101
Prunella modularis,Heckenbraunelle,bw411,2025,2025-03-21,1,non_breeder,80
Prunella modularis,Heckenbraunelle,bw42,2022,2022-03-28,5,non_breeder,87
Prunella modularis,Heckenbraunelle,bw42,2022,2022-04-23,1,non_breeder,113
Prunella modularis,Heckenbraunelle,bw42,2022,2022-05-18,2,non_breeder,138
Prunella modularis,Heckenbraunelle,bw42,2022,2022-06-03,2,non_breeder,154
Prunella modularis,Heckenbraunelle,bw42,2023,2023-03-29,3,non_breeder,88
Prunella modularis,Heckenbraunelle,bw42,2023,2023-04-22,4,non_breeder,112
Prunella modularis,Heckenbraunelle,bw42,2023,2023-05-20,2,non_breeder,140
Prunella modularis,Heckenbraunelle,bw42,2023,2023-06-04,2,non_breeder,155
Prunella modularis,Heckenbraunelle,bw42,2023,2023-05-19,0,non_breeder,139
Prunella modularis,Heckenbraunelle,bw42,2024,2024-05-13,2,non_breeder,134
Prunella modularis,Heckenbraunelle,bw42,2024,2024-03-30,3,non_breeder,90
Prunella modularis,Heckenbraunelle,bw42,2024,2024-04-28,3,non_breeder,119
Prunella modularis,Heckenbraunelle,bw42,2024,2024-06-06,3,non_breeder,158
Prunella modularis,Heckenbraunelle,bw42,2024,2024-05-12,0,non_breeder,133
Prunella modularis,Heckenbraunelle,bw42,2025,2025-05-20,1,non_breeder,140
Prunella modularis,Heckenbraunelle,bw42,2025,2025-03-28,1,non_breeder,87
Prunella modularis,Heckenbraunelle,bw42,2025,2025-04-30,2,non_breeder,120
Prunella modularis,Heckenbraunelle,bw42,2025,2025-06-10,2,non_breeder,161
Prunella modularis,Heckenbraunelle,bw42,2025,2025-06-09,0,non_breeder,160
Prunella modularis,Heckenbraunelle,bw43,2024,2024-03-19,3,non_breeder,79
Prunella modularis,Heckenbraunelle,bw43,2024,2024-04-24,0,non_breeder,115
Prunella modularis,Heckenbraunelle,bw43,2024,2024-05-08,2,non_breeder,129
Prunella modularis,Heckenbraunelle,bw43,2024,2024-05-29,2,non_breeder,150
Prunella modularis,Heckenbraunelle,bw43,2025,2025-03-18,1,non_breeder,77
Prunella modularis,Heckenbraunelle,bw43,2025,2025-04-22,1,non_breeder,112
Prunella modularis,Heckenbraunelle,bw43,2025,2025-05-13,0,non_breeder,133
Prunella modularis,Heckenbraunelle,bw43,2025,2025-06-10,0,non_breeder,161
Prunella modularis,Heckenbraunelle,bw45,2022,2022-06-15,0,non_breeder,166
Prunella modularis,Heckenbraunelle,bw45,2022,2022-03-13,1,non_breeder,72
Prunella modularis,Heckenbraunelle,bw45,2022,2022-04-18,0,non_breeder,108
Prunella modularis,Heckenbraunelle,bw45,2022,2022-05-09,0,non_breeder,129
Prunella modularis,Heckenbraunelle,bw45,2023,2023-03-31,1,non_breeder,90
Prunella modularis,Heckenbraunelle,bw45,2023,2023-04-29,0,non_breeder,119
Prunella modularis,Heckenbraunelle,bw45,2023,2023-05-18,0,non_breeder,138
Prunella modularis,Heckenbraunelle,bw45,2023,2023-06-10,0,non_breeder,161
Prunella modularis,Heckenbraunelle,bw45,2025,2025-03-15,0,non_breeder,74
Prunella modularis,Heckenbraunelle,bw45,2025,2025-04-05,1,non_breeder,95
Prunella modularis,Heckenbraunelle,bw45,2025,2025-05-01,0,non_breeder,121
Prunella modularis,Heckenbraunelle,bw45,2025,2025-05-31,0,non_breeder,151
Prunella modularis,Heckenbraunelle,bw47,2022,2022-04-25,1,non_breeder,115
Prunella modularis,Heckenbraunelle,bw47,2022,2022-06-20,0,non_breeder,171
Prunella modularis,Heckenbraunelle,bw47,2022,2022-05-13,0,non_breeder,133
Prunella modularis,Heckenbraunelle,bw47,2022,2022-03-24,0,non_breeder,83
Prunella modularis,Heckenbraunelle,bw48,2024,2024-04-25,0,non_breeder,116
Prunella modularis,Heckenbraunelle,bw48,2024,2024-03-30,3,non_breeder,90
Prunella modularis,Heckenbraunelle,bw48,2024,2024-05-20,1,non_breeder,141
Prunella modularis,Heckenbraunelle,bw48,2024,2024-06-09,2,non_breeder,161
Prunella modularis,Heckenbraunelle,bw49,2021,2021-03-23,1,non_breeder,82
Prunella modularis,Heckenbraunelle,bw49,2021,2021-04-27,0,non_breeder,117
Prunella modularis,Heckenbraunelle,bw49,2021,2021-05-29,0,non_breeder,149
Prunella modularis,Heckenbraunelle,bw49,2021,2021-06-16,0,non_breeder,167
Prunella modularis,Heckenbraunelle,bw49,2024,2024-03-28,2,non_breeder,88
Prunella modularis,Heckenbraunelle,bw49,2024,2024-05-12,0,non_breeder,133
Prunella modularis,Heckenbraunelle,bw49,2025,2025-03-28,2,non_breeder,87
Prunella modularis,Heckenbraunelle,bw49,2025,2025-04-28,0,non_breeder,118
Prunella modularis,Heckenbraunelle,bw49,2025,2025-05-15,3,non_breeder,135
Prunella modularis,Heckenbraunelle,bw49,2025,2025-06-14,1,non_breeder,165
Prunella modularis,Heckenbraunelle,bw51,2023,2023-03-29,0,non_breeder,88
Prunella modularis,Heckenbraunelle,bw51,2023,2023-06-14,0,non_breeder,165
Prunella modularis,Heckenbraunelle,bw51,2023,2023-04-26,1,non_breeder,116
Prunella modularis,Heckenbraunelle,bw51,2023,2023-05-23,0,non_breeder,143
Prunella modularis,Heckenbraunelle,bw51,2024,2024-03-22,2,non_breeder,82
Prunella modularis,Heckenbraunelle,bw51,2024,2024-04-25,0,non_breeder,116
Prunella modularis,Heckenbraunelle,bw51,2024,2024-05-16,0,non_breeder,137
Prunella modularis,Heckenbraunelle,bw51,2024,2024-06-19,0,non_breeder,171
Prunella modularis,Heckenbraunelle,bw51,2025,2025-04-07,2,non_breeder,97
Prunella modularis,Heckenbraunelle,bw51,2025,2025-06-15,0,non_breeder,166
Prunella modularis,Heckenbraunelle,bw51,2025,2025-03-19,0,non_breeder,78
Prunella modularis,Heckenbraunelle,bw51,2025,2025-05-15,0,non_breeder,135
Prunella modularis,Heckenbraunelle,bw53,2021,2021-03-28,1,non_breeder,87
Prunella modularis,Heckenbraunelle,bw53,2021,2021-04-25,0,non_breeder,115
Prunella modularis,Heckenbraunelle,bw53,2021,2021-05-23,0,non_breeder,143
Prunella modularis,Heckenbraunelle,bw53,2021,2021-06-20,0,non_breeder,171
Prunella modularis,Heckenbraunelle,bw53,2022,2022-04-10,2,non_breeder,100
Prunella modularis,Heckenbraunelle,bw53,2022,2022-05-04,1,non_breeder,124
Prunella modularis,Heckenbraunelle,bw53,2022,2022-05-22,1,non_breeder,142
Prunella modularis,Heckenbraunelle,bw53,2022,2022-06-06,1,non_breeder,157
Prunella modularis,Heckenbraunelle,bw53,2023,2023-03-10,0,non_breeder,69
Prunella modularis,Heckenbraunelle,bw53,2023,2023-04-16,1,non_breeder,106
Prunella modularis,Heckenbraunelle,bw53,2023,2023-05-14,1,non_breeder,134
Prunella modularis,Heckenbraunelle,bw53,2023,2023-06-04,0,non_breeder,155
Prunella modularis,Heckenbraunelle,bw53,2024,2024-03-24,1,non_breeder,84
Prunella modularis,Heckenbraunelle,bw53,2024,2024-04-28,1,non_breeder,119
Prunella modularis,Heckenbraunelle,bw53,2024,2024-05-19,0,non_breeder,140
Prunella modularis,Heckenbraunelle,bw53,2024,2024-06-16,2,non_breeder,168
Prunella modularis,Heckenbraunelle,bw53,2025,2025-03-23,1,non_breeder,82
Prunella modularis,Heckenbraunelle,bw53,2025,2025-04-14,2,non_breeder,104
Prunella modularis,Heckenbraunelle,bw53,2025,2025-05-18,1,non_breeder,138
Prunella modularis,Heckenbraunelle,bw53,2025,2025-06-08,0,non_breeder,159
Prunella modularis,Heckenbraunelle,bw54,2022,2022-05-17,0,non_breeder,137
Prunella modularis,Heckenbraunelle,bw54,2022,2022-06-12,2,non_breeder,163
Prunella modularis,Heckenbraunelle,bw54,2022,2022-03-22,0,non_breeder,81
Prunella modularis,Heckenbraunelle,bw54,2022,2022-04-19,0,non_breeder,109
Prunella modularis,Heckenbraunelle,bw54,2024,2024-04-03,0,non_breeder,94
Prunella modularis,Heckenbraunelle,bw54,2024,2024-05-07,0,non_breeder,128
Prunella modularis,Heckenbraunelle,bw54,2024,2024-06-06,0,non_breeder,158
Prunella modularis,Heckenbraunelle,bw54,2024,2024-03-14,1,non_breeder,74
Prunella modularis,Heckenbraunelle,bw56,2024,2024-06-08,0,non_breeder,160
Prunella modularis,Heckenbraunelle,bw56,2024,2024-03-30,1,non_breeder,90
Prunella modularis,Heckenbraunelle,bw56,2024,2024-04-14,0,non_breeder,105
Prunella modularis,Heckenbraunelle,bw56,2024,2024-05-01,0,non_breeder,122
Prunella modularis,Heckenbraunelle,bw56,2024,2024-04-30,0,non_breeder,121
Prunella modularis,Heckenbraunelle,bw56,2024,2024-04-13,0,non_breeder,104
Prunella modularis,Heckenbraunelle,bw56,2025,2025-03-21,0,non_breeder,80
Prunella modularis,Heckenbraunelle,bw56,2025,2025-04-15,1,non_breeder,105
Prunella modularis,Heckenbraunelle,bw56,2025,2025-05-02,1,non_breeder,122
Prunella modularis,Heckenbraunelle,bw56,2025,2025-05-31,0,non_breeder,151
Prunella modularis,Heckenbraunelle,bw58,2024,2024-04-30,3,non_breeder,121
Prunella modularis,Heckenbraunelle,bw58,2024,2024-05-20,1,non_breeder,141
Prunella modularis,Heckenbraunelle,bw58,2024,2024-06-16,1,non_breeder,168
Prunella modularis,Heckenbraunelle,bw58,2024,2024-03-24,2,non_breeder,84
Prunella modularis,Heckenbraunelle,bw58,2024,2024-05-19,0,non_breeder,140
Prunella modularis,Heckenbraunelle,bw58,2025,2025-03-30,2,non_breeder,89
Prunella modularis,Heckenbraunelle,bw58,2025,2025-06-18,0,non_breeder,169
Prunella modularis,Heckenbraunelle,bw58,2025,2025-04-26,1,non_breeder,116
Prunella modularis,Heckenbraunelle,bw58,2025,2025-05-17,2,non_breeder,137
Prunella modularis,Heckenbraunelle,bw59,2022,2022-06-07,0,non_breeder,158
Prunella modularis,Heckenbraunelle,bw59,2022,2022-05-02,1,non_breeder,122
Prunella modularis,Heckenbraunelle,bw59,2022,2022-03-17,0,non_breeder,76
Prunella modularis,Heckenbraunelle,bw59,2022,2022-04-11,2,non_breeder,101
Prunella modularis,Heckenbraunelle,bw59,2023,2023-03-14,1,non_breeder,73
Prunella modularis,Heckenbraunelle,bw59,2023,2023-04-03,3,non_breeder,93
Prunella modularis,Heckenbraunelle,bw59,2023,2023-06-07,1,non_breeder,158
Prunella modularis,Heckenbraunelle,bw59,2023,2023-05-04,3,non_breeder,124
Prunella modularis,Heckenbraunelle,bw59,2024,2024-03-12,2,non_breeder,72
Prunella modularis,Heckenbraunelle,bw59,2024,2024-04-11,4,non_breeder,102
Prunella modularis,Heckenbraunelle,bw59,2024,2024-05-14,1,non_breeder,135
Prunella modularis,Heckenbraunelle,bw59,2024,2024-06-04,2,non_breeder,156
Prunella modularis,Heckenbraunelle,bw59,2025,2025-04-12,2,non_breeder,102
Prunella modularis,Heckenbraunelle,bw59,2025,2025-03-12,0,non_breeder,71
Prunella modularis,Heckenbraunelle,bw59,2025,2025-05-09,0,non_breeder,129
Prunella modularis,Heckenbraunelle,bw59,2025,2025-05-30,0,non_breeder,150
Prunella modularis,Heckenbraunelle,bw60,2022,2022-05-06,0,non_breeder,126
Prunella modularis,Heckenbraunelle,bw60,2022,2022-06-06,1,non_breeder,157
Prunella modularis,Heckenbraunelle,bw60,2022,2022-03-27,2,non_breeder,86
Prunella modularis,Heckenbraunelle,bw60,2022,2022-04-16,2,non_breeder,106
Prunella modularis,Heckenbraunelle,bw60,2023,2023-04-09,0,non_breeder,99
Prunella modularis,Heckenbraunelle,bw60,2023,2023-05-14,1,non_breeder,134
Prunella modularis,Heckenbraunelle,bw60,2023,2023-03-19,0,non_breeder,78
Prunella modularis,Heckenbraunelle,bw60,2023,2023-05-28,0,non_breeder,148
Prunella modularis,Heckenbraunelle,bw60,2024,2024-03-13,1,non_breeder,73
Prunella modularis,Heckenbraunelle,bw60,2024,2024-04-05,0,non_breeder,96
Prunella modularis,Heckenbraunelle,bw60,2024,2024-05-02,0,non_breeder,123
Prunella modularis,Heckenbraunelle,bw60,2024,2024-05-25,0,non_breeder,146
Prunella modularis,Heckenbraunelle,bw60,2025,2025-03-17,0,non_breeder,76
Prunella modularis,Heckenbraunelle,bw60,2025,2025-04-03,2,non_breeder,93
Prunella modularis,Heckenbraunelle,bw60,2025,2025-05-01,0,non_breeder,121
Prunella modularis,Heckenbraunelle,bw60,2025,2025-06-03,0,non_breeder,154
Prunella modularis,Heckenbraunelle,bw62,2022,2022-03-26,0,non_breeder,85
Prunella modularis,Heckenbraunelle,bw62,2022,2022-04-15,2,non_breeder,105
Prunella modularis,Heckenbraunelle,bw62,2022,2022-05-03,0,non_breeder,123
Prunella modularis,Heckenbraunelle,bw62,2022,2022-06-11,1,non_breeder,162
Prunella modularis,Heckenbraunelle,bw62,2023,2023-03-18,1,non_breeder,77
Prunella modularis,Heckenbraunelle,bw62,2023,2023-04-16,1,non_breeder,106
Prunella modularis,Heckenbraunelle,bw62,2023,2023-05-27,0,non_breeder,147
Prunella modularis,Heckenbraunelle,bw62,2024,2024-03-14,2,non_breeder,74
Prunella modularis,Heckenbraunelle,bw62,2024,2024-04-07,1,non_breeder,98
Prunella modularis,Heckenbraunelle,bw62,2024,2024-05-08,0,non_breeder,129
Prunella modularis,Heckenbraunelle,bw62,2024,2024-05-26,0,non_breeder,147
Prunella modularis,Heckenbraunelle,bw62,2025,2025-04-15,0,non_breeder,105
Prunella modularis,Heckenbraunelle,bw62,2025,2025-05-07,0,non_breeder,127
Prunella modularis,Heckenbraunelle,bw62,2025,2025-06-05,0,non_breeder,156
Prunella modularis,Heckenbraunelle,bw62,2025,2025-03-13,1,non_breeder,72
Prunella modularis,Heckenbraunelle,bw64,2022,2022-05-15,0,non_breeder,135
Prunella modularis,Heckenbraunelle,bw64,2022,2022-03-28,1,non_breeder,87
Prunella modularis,Heckenbraunelle,bw64,2022,2022-04-27,0,non_breeder,117
Prunella modularis,Heckenbraunelle,bw64,2022,2022-06-06,0,non_breeder,157
Prunella modularis,Heckenbraunelle,bw64,2023,2023-06-04,0,non_breeder,155
Prunella modularis,Heckenbraunelle,bw64,2023,2023-03-29,1,non_breeder,88
Prunella modularis,Heckenbraunelle,bw64,2023,2023-04-26,0,non_breeder,116
Prunella modularis,Heckenbraunelle,bw64,2023,2023-05-13,0,non_breeder,133
Prunella modularis,Heckenbraunelle,bw64,2024,2024-06-12,0,non_breeder,164
Prunella modularis,Heckenbraunelle,bw64,2024,2024-03-20,1,non_breeder,80
Prunella modularis,Heckenbraunelle,bw64,2024,2024-04-13,0,non_breeder,104
Prunella modularis,Heckenbraunelle,bw64,2024,2024-05-09,0,non_breeder,130
Prunella modularis,Heckenbraunelle,bw64,2025,2025-06-07,0,non_breeder,158
Prunella modularis,Heckenbraunelle,bw64,2025,2025-03-20,0,non_breeder,79
Prunella modularis,Heckenbraunelle,bw64,2025,2025-04-11,1,non_breeder,101
Prunella modularis,Heckenbraunelle,bw64,2025,2025-05-10,1,non_breeder,130
Prunella modularis,Heckenbraunelle,bw67,2024,2024-03-22,3,non_breeder,82
Prunella modularis,Heckenbraunelle,bw67,2024,2024-04-11,2,non_breeder,102
Prunella modularis,Heckenbraunelle,bw67,2024,2024-05-03,1,non_breeder,124
Prunella modularis,Heckenbraunelle,bw67,2024,2024-06-04,0,non_breeder,156
Prunella modularis,Heckenbraunelle,bw67,2025,2025-03-24,6,non_breeder,83
Prunella modularis,Heckenbraunelle,bw67,2025,2025-04-20,3,non_breeder,110
Prunella modularis,Heckenbraunelle,bw67,2025,2025-05-14,1,non_breeder,134
Prunella modularis,Heckenbraunelle,bw67,2025,2025-06-12,1,non_breeder,163
Prunella modularis,Heckenbraunelle,bw68,2025,2025-03-19,1,non_breeder,78
Prunella modularis,Heckenbraunelle,bw68,2025,2025-04-19,1,non_breeder,109
Prunella modularis,Heckenbraunelle,bw68,2025,2025-05-12,1,non_breeder,132
Prunella modularis,Heckenbraunelle,bw68,2025,2025-06-09,0,non_breeder,160
Prunella modularis,Heckenbraunelle,bw69,2023,2023-06-12,0,non_breeder,163
Prunella modularis,Heckenbraunelle,bw69,2023,2023-03-27,2,non_breeder,86
Prunella modularis,Heckenbraunelle,bw69,2023,2023-04-22,2,non_breeder,112
Prunella modularis,Heckenbraunelle,bw69,2023,2023-05-14,0,non_breeder,134
Prunella modularis,Heckenbraunelle,bw69,2024,2024-03-25,2,non_breeder,85
Prunella modularis,Heckenbraunelle,bw69,2024,2024-05-12,2,non_breeder,133
Prunella modularis,Heckenbraunelle,bw69,2024,2024-04-23,1,non_breeder,114
Prunella modularis,Heckenbraunelle,bw69,2024,2024-06-17,0,non_breeder,169
Prunella modularis,Heckenbraunelle,bw69,2025,2025-05-21,1,non_breeder,141
Prunella modularis,Heckenbraunelle,bw69,2025,2025-03-27,1,non_breeder,86
Prunella modularis,Heckenbraunelle,bw69,2025,2025-04-15,2,non_breeder,105
Prunella modularis,Heckenbraunelle,bw69,2025,2025-06-12,0,non_breeder,163
Prunella modularis,Heckenbraunelle,bw7,2022,2022-06-06,0,non_breeder,157
Prunella modularis,Heckenbraunelle,bw7,2022,2022-03-20,0,non_breeder,79
Prunella modularis,Heckenbraunelle,bw7,2022,2022-04-15,1,non_breeder,105
Prunella modularis,Heckenbraunelle,bw7,2022,2022-05-08,2,non_breeder,128
Prunella modularis,Heckenbraunelle,bw70,2024,2024-03-26,1,non_breeder,86
Prunella modularis,Heckenbraunelle,bw70,2024,2024-06-11,0,non_breeder,163
Prunella modularis,Heckenbraunelle,bw70,2024,2024-04-29,2,non_breeder,120
Prunella modularis,Heckenbraunelle,bw70,2024,2024-05-16,1,non_breeder,137
Prunella modularis,Heckenbraunelle,bw70,2025,2025-05-19,0,non_breeder,139
Prunella modularis,Heckenbraunelle,bw70,2025,2025-03-21,1,non_breeder,80
Prunella modularis,Heckenbraunelle,bw70,2025,2025-04-22,0,non_breeder,112
Prunella modularis,Heckenbraunelle,bw70,2025,2025-06-18,0,non_breeder,169
Prunella modularis,Heckenbraunelle,bw71,2024,2024-03-20,3,non_breeder,80
Prunella modularis,Heckenbraunelle,bw71,2024,2024-04-23,0,non_breeder,114
Prunella modularis,Heckenbraunelle,bw71,2024,2024-05-15,2,non_breeder,136
Prunella modularis,Heckenbraunelle,bw71,2024,2024-06-07,0,non_breeder,159
Prunella modularis,Heckenbraunelle,bw71,2025,2025-03-19,1,non_breeder,78
Prunella modularis,Heckenbraunelle,bw71,2025,2025-04-16,0,non_breeder,106
Prunella modularis,Heckenbraunelle,bw71,2025,2025-05-12,2,non_breeder,132
Prunella modularis,Heckenbraunelle,bw71,2025,2025-06-13,0,non_breeder,164
Prunella modularis,Heckenbraunelle,bw72,2022,2022-03-20,1,non_breeder,79
Prunella modularis,Heckenbraunelle,bw72,2022,2022-06-05,0,non_breeder,156
Prunella modularis,Heckenbraunelle,bw72,2022,2022-04-17,2,non_breeder,107
Prunella modularis,Heckenbraunelle,bw72,2022,2022-05-08,0,non_breeder,128
Prunella modularis,Heckenbraunelle,bw72,2024,2024-06-16,1,non_breeder,168
Prunella modularis,Heckenbraunelle,bw72,2024,2024-04-28,0,non_breeder,119
Prunella modularis,Heckenbraunelle,bw72,2024,2024-05-14,0,non_breeder,135
Prunella modularis,Heckenbraunelle,bw72,2024,2024-03-22,0,non_breeder,82
Prunella modularis,Heckenbraunelle,bw72,2024,2024-06-15,0,non_breeder,167
Prunella modularis,Heckenbraunelle,bw74,2022,2022-06-03,0,non_breeder,154
Prunella modularis,Heckenbraunelle,bw74,2022,2022-03-21,1,non_breeder,80
Prunella modularis,Heckenbraunelle,bw74,2022,2022-04-16,2,non_breeder,106
Prunella modularis,Heckenbraunelle,bw74,2022,2022-05-07,0,non_breeder,127
Prunella modularis,Heckenbraunelle,bw74,2023,2023-03-17,1,non_breeder,76
Prunella modularis,Heckenbraunelle,bw74,2023,2023-04-27,1,non_breeder,117
Prunella modularis,Heckenbraunelle,bw74,2023,2023-05-15,0,non_breeder,135
Prunella modularis,Heckenbraunelle,bw74,2023,2023-06-03,0,non_breeder,154
Prunella modularis,Heckenbraunelle,bw74,2023,2023-04-26,0,non_breeder,116
Prunella modularis,Heckenbraunelle,bw74,2024,2024-03-20,2,non_breeder,80
Prunella modularis,Heckenbraunelle,bw74,2024,2024-04-29,0,non_breeder,120
Prunella modularis,Heckenbraunelle,bw74,2024,2024-05-13,1,non_breeder,134
Prunella modularis,Heckenbraunelle,bw74,2024,2024-06-13,0,non_breeder,165
Prunella modularis,Heckenbraunelle,bw74,2025,2025-04-16,1,non_breeder,106
Prunella modularis,Heckenbraunelle,bw74,2025,2025-05-15,0,non_breeder,135
Prunella modularis,Heckenbraunelle,bw74,2025,2025-03-24,0,non_breeder,83
Prunella modularis,Heckenbraunelle,bw74,2025,2025-06-12,0,non_breeder,163
Prunella modularis,Heckenbraunelle,bw75,2024,2024-06-05,0,non_breeder,157
Prunella modularis,Heckenbraunelle,bw75,2024,2024-03-19,0,non_breeder,79
Prunella modularis,Heckenbraunelle,bw75,2024,2024-04-15,0,non_breeder,106
Prunella modularis,Heckenbraunelle,bw75,2024,2024-05-14,1,non_breeder,135
Prunella modularis,Heckenbraunelle,bw75,2025,2025-06-03,0,non_breeder,154
Prunella modularis,Heckenbraunelle,bw75,2025,2025-03-17,1,non_breeder,76
Prunella modularis,Heckenbraunelle,bw75,2025,2025-05-09,0,non_breeder,129
Prunella modularis,Heckenbraunelle,bw75,2025,2025-04-08,0,non_breeder,98
Prunella modularis,Heckenbraunelle,bw76,2025,2025-03-20,0,non_breeder,79
Prunella modularis,Heckenbraunelle,bw76,2025,2025-04-17,0,non_breeder,107
Prunella modularis,Heckenbraunelle,bw76,2025,2025-05-09,0,non_breeder,129
Prunella modularis,Heckenbraunelle,bw76,2025,2025-06-10,1,non_breeder,161
Prunella modularis,Heckenbraunelle,bw77,2022,2022-03-27,0,non_breeder,86
Prunella modularis,Heckenbraunelle,bw77,2022,2022-04-30,0,non_breeder,120
Prunella modularis,Heckenbraunelle,bw77,2022,2022-05-20,1,non_breeder,140
Prunella modularis,Heckenbraunelle,bw77,2022,2022-06-19,1,non_breeder,170
Prunella modularis,Heckenbraunelle,bw77,2024,2024-03-27,1,non_breeder,87
Prunella modularis,Heckenbraunelle,bw77,2024,2024-04-20,0,non_breeder,111
Prunella modularis,Heckenbraunelle,bw77,2024,2024-05-11,2,non_breeder,132
Prunella modularis,Heckenbraunelle,bw77,2024,2024-06-01,1,non_breeder,153
Prunella modularis,Heckenbraunelle,bw77,2025,2025-03-22,1,non_breeder,81
Prunella modularis,Heckenbraunelle,bw77,2025,2025-04-12,0,non_breeder,102
Prunella modularis,Heckenbraunelle,bw77,2025,2025-05-02,1,non_breeder,122
Prunella modularis,Heckenbraunelle,bw77,2025,2025-06-07,0,non_breeder,158
Prunella modularis,Heckenbraunelle,bw79,2024,2024-03-15,2,non_breeder,75
Prunella modularis,Heckenbraunelle,bw79,2024,2024-04-12,1,non_breeder,103
Prunella modularis,Heckenbraunelle,bw79,2024,2024-05-09,0,non_breeder,130
Prunella modularis,Heckenbraunelle,bw79,2024,2024-06-11,0,non_breeder,163
Prunella modularis,Heckenbraunelle,bw79,2024,2024-05-08,0,non_breeder,129
Prunella modularis,Heckenbraunelle,bw79,2025,2025-05-09,0,non_breeder,129
Prunella modularis,Heckenbraunelle,bw79,2025,2025-04-12,0,non_breeder,102
Prunella modularis,Heckenbraunelle,bw79,2025,2025-06-10,1,non_breeder,161
Prunella modularis,Heckenbraunelle,bw79,2025,2025-03-20,0,non_breeder,79
Prunella modularis,Heckenbraunelle,bw81,2023,2023-03-31,2,non_breeder,90
Prunella modularis,Heckenbraunelle,bw81,2023,2023-04-29,1,non_breeder,119
Prunella modularis,Heckenbraunelle,bw81,2023,2023-05-20,0,non_breeder,140
Prunella modularis,Heckenbraunelle,bw81,2023,2023-06-08,0,non_breeder,159
Prunella modularis,Heckenbraunelle,bw82,2022,2022-04-10,1,non_breeder,100
Prunella modularis,Heckenbraunelle,bw82,2022,2022-05-08,0,non_breeder,128
Prunella modularis,Heckenbraunelle,bw82,2022,2022-05-29,0,non_breeder,149
Prunella modularis,Heckenbraunelle,bw82,2022,2022-03-13,0,non_breeder,72
Prunella modularis,Heckenbraunelle,bw85,2022,2022-04-15,0,non_breeder,105
Prunella modularis,Heckenbraunelle,bw85,2022,2022-05-15,0,non_breeder,135
Prunella modularis,Heckenbraunelle,bw85,2022,2022-06-16,0,non_breeder,167
Prunella modularis,Heckenbraunelle,bw85,2022,2022-03-20,1,non_breeder,79
Prunella modularis,Heckenbraunelle,bw87,2024,2024-03-30,0,non_breeder,90
Prunella modularis,Heckenbraunelle,bw87,2024,2024-04-23,0,non_breeder,114
Prunella modularis,Heckenbraunelle,bw87,2024,2024-06-06,1,non_breeder,158
Prunella modularis,Heckenbraunelle,bw87,2024,2024-05-13,1,non_breeder,134
Prunella modularis,Heckenbraunelle,bw87,2025,2025-03-20,0,non_breeder,79
Prunella modularis,Heckenbraunelle,bw87,2025,2025-06-14,0,non_breeder,165
Prunella modularis,Heckenbraunelle,bw87,2025,2025-04-15,1,non_breeder,105
Prunella modularis,Heckenbraunelle,bw87,2025,2025-05-19,1,non_breeder,139
Prunella modularis,Heckenbraunelle,bw88,2025,2025-03-22,1,non_breeder,81
Prunella modularis,Heckenbraunelle,bw88,2025,2025-04-13,0,non_breeder,103
Prunella modularis,Heckenbraunelle,bw88,2025,2025-06-15,0,non_breeder,166
Prunella modularis,Heckenbraunelle,bw88,2025,2025-05-17,0,non_breeder,137
Prunella modularis,Heckenbraunelle,bw89,2024,2024-06-18,0,non_breeder,170
Prunella modularis,Heckenbraunelle,bw89,2024,2024-04-29,0,non_breeder,120
Prunella modularis,Heckenbraunelle,bw89,2024,2024-03-26,1,non_breeder,86
Prunella modularis,Heckenbraunelle,bw89,2024,2024-05-13,0,non_breeder,134
Prunella modularis,Heckenbraunelle,bw90,2023,2023-06-02,0,non_breeder,153
Prunella modularis,Heckenbraunelle,bw90,2023,2023-04-04,1,non_breeder,94
Prunella modularis,Heckenbraunelle,bw90,2023,2023-05-07,1,non_breeder,127
Prunella modularis,Heckenbraunelle,bw90,2023,2023-03-11,0,non_breeder,70
Prunella modularis,Heckenbraunelle,bw90,2024,2024-03-14,1,non_breeder,74
Prunella modularis,Heckenbraunelle,bw90,2024,2024-04-05,0,non_breeder,96
Prunella modularis,Heckenbraunelle,bw90,2024,2024-05-04,0,non_breeder,125
Prunella modularis,Heckenbraunelle,bw90,2024,2024-06-04,1,non_breeder,156
Prunella modularis,Heckenbraunelle,bw91,2022,2022-06-06,0,non_breeder,157
Prunella modularis,Heckenbraunelle,bw91,2022,2022-03-27,2,non_breeder,86
Prunella modularis,Heckenbraunelle,bw91,2022,2022-04-18,2,non_breeder,108
Prunella modularis,Heckenbraunelle,bw91,2022,2022-05-05,1,non_breeder,125
Prunella modularis,Heckenbraunelle,bw91,2023,2023-06-10,0,non_breeder,161
Prunella modularis,Heckenbraunelle,bw91,2023,2023-03-19,2,non_breeder,78
Prunella modularis,Heckenbraunelle,bw91,2023,2023-04-15,0,non_breeder,105
Prunella modularis,Heckenbraunelle,bw91,2023,2023-05-18,0,non_breeder,138
Prunella modularis,Heckenbraunelle,bw92,2021,2021-05-31,1,non_breeder,151
Prunella modularis,Heckenbraunelle,bw92,2021,2021-05-15,1,non_breeder,135
Prunella modularis,Heckenbraunelle,bw92,2021,2021-04-17,2,non_breeder,107
Prunella modularis,Heckenbraunelle,bw92,2021,2021-03-22,0,non_breeder,81
Prunella modularis,Heckenbraunelle,bw92,2025,2025-06-19,0,non_breeder,170
Prunella modularis,Heckenbraunelle,bw92,2025,2025-04-05,1,non_breeder,95
Prunella modularis,Heckenbraunelle,bw92,2025,2025-03-29,0,non_breeder,88
Prunella modularis,Heckenbraunelle,bw94,2020,2020-03-28,1,non_breeder,88
Prunella modularis,Heckenbraunelle,bw94,2020,2020-04-19,0,non_breeder,110
Prunella modularis,Heckenbraunelle,bw94,2020,2020-05-10,0,non_breeder,131
Prunella modularis,Heckenbraunelle,bw94,2020,2020-06-07,0,non_breeder,159
Prunella modularis,Heckenbraunelle,bw95,2025,2025-05-16,2,non_breeder,136
Prunella modularis,Heckenbraunelle,bw95,2025,2025-06-18,0,non_breeder,169
Prunella modularis,Heckenbraunelle,bw95,2025,2025-03-16,1,non_breeder,75
Prunella modularis,Heckenbraunelle,bw95,2025,2025-04-12,1,non_breeder,102
Prunella modularis,Heckenbraunelle,bw96,2024,2024-04-11,1,non_breeder,102
Prunella modularis,Heckenbraunelle,bw96,2024,2024-05-19,0,non_breeder,140
Prunella modularis,Heckenbraunelle,bw96,2024,2024-03-11,1,non_breeder,71
Prunella modularis,Heckenbraunelle,bw96,2024,2024-06-05,0,non_breeder,157
Prunella modularis,Heckenbraunelle,bw96,2025,2025-05-12,0,non_breeder,132
Prunella modularis,Heckenbraunelle,bw96,2025,2025-06-03,0,non_breeder,154
Prunella modularis,Heckenbraunelle,bw96,2025,2025-03-19,0,non_breeder,78
Prunella modularis,Heckenbraunelle,bw96,2025,2025-04-04,1,non_breeder,94
Prunella modularis,Heckenbraunelle,bw97,2022,2022-05-14,0,non_breeder,134
Prunella modularis,Heckenbraunelle,bw97,2022,2022-06-10,0,non_breeder,161
Prunella modularis,Heckenbraunelle,bw97,2022,2022-04-16,1,non_breeder,106
Prunella modularis,Heckenbraunelle,bw97,2022,2022-03-21,0,non_breeder,80
Prunella modularis,Heckenbraunelle,bw97,2024,2024-04-27,0,non_breeder,118
Prunella modularis,Heckenbraunelle,bw97,2024,2024-05-13,0,non_breeder,134
Prunella modularis,Heckenbraunelle,bw97,2024,2024-03-21,1,non_breeder,81
Prunella modularis,Heckenbraunelle,bw97,2024,2024-06-11,0,non_breeder,163
Prunella modularis,Heckenbraunelle,bw98,2024,2024-03-25,2,non_breeder,85
Prunella modularis,Heckenbraunelle,bw98,2024,2024-04-11,1,non_breeder,102
Prunella modularis,Heckenbraunelle,bw98,2024,2024-05-08,2,non_breeder,129
Prunella modularis,Heckenbraunelle,bw98,2024,2024-06-07,0,non_breeder,159
Prunella modularis,Heckenbraunelle,bw98,2025,2025-03-21,2,non_breeder,80
Prunella modularis,Heckenbraunelle,bw98,2025,2025-04-26,1,non_breeder,116
Prunella modularis,Heckenbraunelle,bw98,2025,2025-05-13,1,non_breeder,133
Prunella modularis,Heckenbraunelle,bw98,2025,2025-06-10,0,non_breeder,161
Prunella modularis,Heckenbraunelle,bw99,2024,2024-03-12,2,non_breeder,72
Prunella modularis,Heckenbraunelle,bw99,2024,2024-05-27,0,non_breeder,148
Prunella modularis,Heckenbraunelle,bw99,2024,2024-05-14,3,non_breeder,135
Prunella modularis,Heckenbraunelle,bw99,2024,2024-04-22,2,non_breeder,113
Prunella modularis,Heckenbraunelle,bw99,2025,2025-05-12,3,non_breeder,132
Prunella modularis,Heckenbraunelle,bw99,2025,2025-03-11,3,non_breeder,70
Prunella modularis,Heckenbraunelle,bw99,2025,2025-04-17,2,non_breeder,107
Prunella modularis,Heckenbraunelle,bw99,2025,2025-06-05,1,non_breeder,156
