NameSci,NameDt,SiteNr,year,Date,Number_of_individuals,breeding_status_sy,doy
Carduelis carduelis,Stieglitz,bw100,2025,2025-04-13,0,non_breeder,103
Carduelis carduelis,Stieglitz,bw100,2025,2025-05-18,1,non_breeder,138
Carduelis carduelis,Stieglitz,bw100,2025,2025-06-19,1,non_breeder,170
Carduelis carduelis,Stieglitz,bw100,2025,2025-03-16,0,non_breeder,75
Carduelis carduelis,Stieglitz,bw105,2024,2024-04-13,1,non_breeder,104
Carduelis carduelis,Stieglitz,bw105,2024,2024-03-27,2,non_breeder,87
Carduelis carduelis,Stieglitz,bw105,2024,2024-05-12,3,non_breeder,133
Carduelis carduelis,Stieglitz,bw105,2024,2024-06-12,1,non_breeder,164
Carduelis carduelis,Stieglitz,bw105,2025,2025-03-27,0,non_breeder,86
Carduelis carduelis,Stieglitz,bw105,2025,2025-04-29,2,non_breeder,119
Carduelis carduelis,Stieglitz,bw105,2025,2025-06-17,4,non_breeder,168
Carduelis carduelis,Stieglitz,bw105,2025,2025-05-14,1,non_breeder,134
Carduelis carduelis,Stieglitz,bw106,2020,2020-04-19,1,non_breeder,110
Carduelis carduelis,Stieglitz,bw106,2020,2020-05-17,2,non_breeder,138
Carduelis carduelis,Stieglitz,bw106,2020,2020-03-27,2,non_breeder,87
Carduelis carduelis,Stieglitz,bw106,2020,2020-06-19,1,non_breeder,171
Carduelis carduelis,Stieglitz,bw106,2021,2021-05-19,3,non_breeder,139
Carduelis carduelis,Stieglitz,bw106,2021,2021-06-14,3,non_breeder,165
Carduelis carduelis,Stieglitz,bw106,2021,2021-03-28,4,non_breeder,87
Carduelis carduelis,Stieglitz,bw106,2021,2021-04-26,1,non_breeder,116
Carduelis carduelis,Stieglitz,bw106,2022,2022-05-30,2,non_breeder,150
Carduelis carduelis,Stieglitz,bw106,2022,2022-04-29,2,non_breeder,119
Carduelis carduelis,Stieglitz,bw106,2022,2022-05-07,3,non_breeder,127
Carduelis carduelis,Stieglitz,bw106,2022,2022-03-19,0,non_breeder,78
Carduelis carduelis,Stieglitz,bw106,2023,2023-03-22,2,non_breeder,81
Carduelis carduelis,Stieglitz,bw106,2023,2023-05-15,4,non_breeder,135
Carduelis carduelis,Stieglitz,bw106,2023,2023-06-08,5,non_breeder,159
Carduelis carduelis,Stieglitz,bw106,2023,2023-04-21,2,non_breeder,111
Carduelis carduelis,Stieglitz,bw106,2024,2024-03-21,2,non_breeder,81
Carduelis carduelis,Stieglitz,bw106,2024,2024-04-07,0,non_breeder,98
Carduelis carduelis,Stieglitz,bw106,2024,2024-05-19,10,non_breeder,140
Carduelis carduelis,Stieglitz,bw106,2024,2024-06-20,0,non_breeder,172
Carduelis carduelis,Stieglitz,bw106,2025,2025-03-22,0,non_breeder,81
Carduelis carduelis,Stieglitz,bw106,2025,2025-04-30,7,non_breeder,120
Carduelis carduelis,Stieglitz,bw106,2025,2025-05-19,2,non_breeder,139
Carduelis carduelis,Stieglitz,bw106,2025,2025-06-14,0,non_breeder,165
Carduelis carduelis,Stieglitz,bw108,2023,2023-05-05,5,non_breeder,125
Carduelis carduelis,Stieglitz,bw108,2023,2023-06-02,3,non_breeder,153
Carduelis carduelis,Stieglitz,bw108,2023,2023-03-22,17,non_breeder,81
Carduelis carduelis,Stieglitz,bw108,2023,2023-04-22,3,non_breeder,112
Carduelis carduelis,Stieglitz,bw108,2024,2024-04-06,8,non_breeder,97
Carduelis carduelis,Stieglitz,bw108,2024,2024-06-16,7,non_breeder,168
Carduelis carduelis,Stieglitz,bw108,2024,2024-03-22,12,non_breeder,82
Carduelis carduelis,Stieglitz,bw108,2024,2024-05-04,8,non_breeder,125
Carduelis carduelis,Stieglitz,bw108,2025,2025-03-25,5,non_breeder,84
Carduelis carduelis,Stieglitz,bw108,2025,2025-04-20,7,non_breeder,110
Carduelis carduelis,Stieglitz,bw108,2025,2025-05-10,5,non_breeder,130
Carduelis carduelis,Stieglitz,bw108,2025,2025-06-08,8,non_breeder,159
Carduelis carduelis,Stieglitz,bw110,2022,2022-04-14,1,non_breeder,104
Carduelis carduelis,Stieglitz,bw110,2022,2022-06-04,0,non_breeder,155
Carduelis carduelis,Stieglitz,bw110,2022,2022-03-29,0,non_breeder,88
Carduelis carduelis,Stieglitz,bw110,2022,2022-05-10,0,non_breeder,130
Carduelis carduelis,Stieglitz,bw110,2023,2023-04-09,0,non_breeder,99
Carduelis carduelis,Stieglitz,bw110,2023,2023-05-03,0,non_breeder,123
Carduelis carduelis,Stieglitz,bw110,2023,2023-05-19,3,non_breeder,139
Carduelis carduelis,Stieglitz,bw110,2023,2023-06-19,0,non_breeder,170
Carduelis carduelis,Stieglitz,bw110,2024,2024-03-31,0,non_breeder,91
Carduelis carduelis,Stieglitz,bw110,2024,2024-05-15,3,non_breeder,136
Carduelis carduelis,Stieglitz,bw110,2024,2024-04-27,2,non_breeder,118
Carduelis carduelis,Stieglitz,bw110,2024,2024-06-26,0,non_breeder,178
Carduelis carduelis,Stieglitz,bw111,2022,2022-03-20,0,non_breeder,79
Carduelis carduelis,Stieglitz,bw111,2022,2022-04-15,1,non_breeder,105
Carduelis carduelis,Stieglitz,bw111,2022,2022-05-08,3,non_breeder,128
Carduelis carduelis,Stieglitz,bw111,2022,2022-06-08,0,non_breeder,159
Carduelis carduelis,Stieglitz,bw114,2022,2022-06-18,1,non_breeder,169
Carduelis carduelis,Stieglitz,bw114,2022,2022-04-12,0,non_breeder,102
Carduelis carduelis,Stieglitz,bw114,2022,2022-03-24,0,non_breeder,83
Carduelis carduelis,Stieglitz,bw114,2022,2022-05-18,1,non_breeder,138
Carduelis carduelis,Stieglitz,bw115,2021,2021-03-21,4,non_breeder,80
Carduelis carduelis,Stieglitz,bw115,2021,2021-04-18,14,non_breeder,108
Carduelis carduelis,Stieglitz,bw115,2021,2021-05-09,5,non_breeder,129
Carduelis carduelis,Stieglitz,bw115,2021,2021-05-30,7,non_breeder,150
Carduelis carduelis,Stieglitz,bw115,2022,2022-03-13,5,non_breeder,72
Carduelis carduelis,Stieglitz,bw115,2022,2022-04-10,19,non_breeder,100
Carduelis carduelis,Stieglitz,bw115,2022,2022-06-06,5,non_breeder,157
Carduelis carduelis,Stieglitz,bw115,2022,2022-05-01,1,non_breeder,121
Carduelis carduelis,Stieglitz,bw115,2023,2023-03-11,9,non_breeder,70
Carduelis carduelis,Stieglitz,bw115,2023,2023-04-15,8,non_breeder,105
Carduelis carduelis,Stieglitz,bw115,2023,2023-05-01,5,non_breeder,121
Carduelis carduelis,Stieglitz,bw115,2023,2023-06-11,9,non_breeder,162
Carduelis carduelis,Stieglitz,bw115,2024,2024-03-10,9,non_breeder,70
Carduelis carduelis,Stieglitz,bw115,2024,2024-05-26,6,non_breeder,147
Carduelis carduelis,Stieglitz,bw115,2024,2024-04-07,3,non_breeder,98
Carduelis carduelis,Stieglitz,bw115,2024,2024-05-01,8,non_breeder,122
Carduelis carduelis,Stieglitz,bw115,2025,2025-03-16,3,non_breeder,75
Carduelis carduelis,Stieglitz,bw115,2025,2025-04-13,4,non_breeder,103
Carduelis carduelis,Stieglitz,bw115,2025,2025-06-01,3,non_breeder,152
Carduelis carduelis,Stieglitz,bw115,2025,2025-05-01,3,non_breeder,121
Carduelis carduelis,Stieglitz,bw116,2022,2022-04-10,2,non_breeder,100
Carduelis carduelis,Stieglitz,bw116,2022,2022-05-10,2,non_breeder,130
Carduelis carduelis,Stieglitz,bw116,2022,2022-03-13,2,non_breeder,72
Carduelis carduelis,Stieglitz,bw116,2022,2022-06-03,0,non_breeder,154
Carduelis carduelis,Stieglitz,bw116,2023,2023-03-17,0,non_breeder,76
Carduelis carduelis,Stieglitz,bw116,2023,2023-05-06,1,non_breeder,126
Carduelis carduelis,Stieglitz,bw116,2023,2023-05-27,3,non_breeder,147
Carduelis carduelis,Stieglitz,bw116,2023,2023-04-18,4,non_breeder,108
Carduelis carduelis,Stieglitz,bw116,2024,2024-04-23,0,non_breeder,114
Carduelis carduelis,Stieglitz,bw116,2024,2024-06-07,1,non_breeder,159
Carduelis carduelis,Stieglitz,bw116,2024,2024-05-11,1,non_breeder,132
Carduelis carduelis,Stieglitz,bw116,2024,2024-03-15,4,non_breeder,75
Carduelis carduelis,Stieglitz,bw118,2022,2022-06-06,1,non_breeder,157
Carduelis carduelis,Stieglitz,bw118,2022,2022-05-07,0,non_breeder,127
Carduelis carduelis,Stieglitz,bw118,2022,2022-04-22,0,non_breeder,112
Carduelis carduelis,Stieglitz,bw118,2022,2022-03-13,0,non_breeder,72
Carduelis carduelis,Stieglitz,bw118,2023,2023-04-07,0,non_breeder,97
Carduelis carduelis,Stieglitz,bw118,2023,2023-05-05,1,non_breeder,125
Carduelis carduelis,Stieglitz,bw118,2023,2023-05-26,5,non_breeder,146
Carduelis carduelis,Stieglitz,bw118,2023,2023-03-13,10,non_breeder,72
Carduelis carduelis,Stieglitz,bw118,2023,2023-05-25,0,non_breeder,145
Carduelis carduelis,Stieglitz,bw118,2024,2024-03-22,15,non_breeder,82
Carduelis carduelis,Stieglitz,bw118,2024,2024-04-05,0,non_breeder,96
Carduelis carduelis,Stieglitz,bw118,2024,2024-05-25,0,non_breeder,146
Carduelis carduelis,Stieglitz,bw118,2024,2024-05-04,1,non_breeder,125
Carduelis carduelis,Stieglitz,bw118,2024,2024-05-03,0,non_breeder,124
Carduelis carduelis,Stieglitz,bw120,2022,2022-04-16,0,non_breeder,106
Carduelis carduelis,Stieglitz,bw120,2022,2022-05-14,0,non_breeder,134
Carduelis carduelis,Stieglitz,bw120,2022,2022-06-11,1,non_breeder,162
Carduelis carduelis,Stieglitz,bw120,2023,2023-03-25,0,non_breeder,84
Carduelis carduelis,Stieglitz,bw120,2023,2023-04-23,2,non_breeder,113
Carduelis carduelis,Stieglitz,bw120,2023,2023-05-14,2,non_breeder,134
Carduelis carduelis,Stieglitz,bw120,2023,2023-06-03,0,non_breeder,154
Carduelis carduelis,Stieglitz,bw120,2024,2024-03-17,6,non_breeder,77
Carduelis carduelis,Stieglitz,bw120,2024,2024-04-27,0,non_breeder,118
Carduelis carduelis,Stieglitz,bw120,2024,2024-05-12,0,non_breeder,133
Carduelis carduelis,Stieglitz,bw120,2024,2024-06-08,5,non_breeder,160
Carduelis carduelis,Stieglitz,bw121,2023,2023-04-23,1,non_breeder,113
Carduelis carduelis,Stieglitz,bw121,2023,2023-05-18,0,non_breeder,138
Carduelis carduelis,Stieglitz,bw121,2023,2023-03-19,0,non_breeder,78
Carduelis carduelis,Stieglitz,bw121,2023,2023-06-12,0,non_breeder,163
Carduelis carduelis,Stieglitz,bw121,2025,2025-03-23,0,non_breeder,82
Carduelis carduelis,Stieglitz,bw121,2025,2025-05-18,1,non_breeder,138
Carduelis carduelis,Stieglitz,bw121,2025,2025-06-07,0,non_breeder,158
Carduelis carduelis,Stieglitz,bw121,2025,2025-04-12,0,non_breeder,102
Carduelis carduelis,Stieglitz,bw122,2021,2021-04-18,3,non_breeder,108
Carduelis carduelis,Stieglitz,bw122,2021,2021-05-13,1,non_breeder,133
Carduelis carduelis,Stieglitz,bw122,2021,2021-05-30,1,non_breeder,150
Carduelis carduelis,Stieglitz,bw122,2021,2021-03-21,7,non_breeder,80
Carduelis carduelis,Stieglitz,bw122,2024,2024-04-26,1,non_breeder,117
Carduelis carduelis,Stieglitz,bw122,2024,2024-03-15,2,non_breeder,75
Carduelis carduelis,Stieglitz,bw122,2024,2024-05-26,9,non_breeder,147
Carduelis carduelis,Stieglitz,bw122,2024,2024-06-16,1,non_breeder,168
Carduelis carduelis,Stieglitz,bw122,2025,2025-04-21,10,non_breeder,111
Carduelis carduelis,Stieglitz,bw122,2025,2025-06-09,4,non_breeder,160
Carduelis carduelis,Stieglitz,bw122,2025,2025-03-25,1,non_breeder,84
Carduelis carduelis,Stieglitz,bw122,2025,2025-05-16,3,non_breeder,136
Carduelis carduelis,Stieglitz,bw124,2023,2023-03-18,15,non_breeder,77
Carduelis carduelis,Stieglitz,bw124,2023,2023-04-10,9,non_breeder,100
Carduelis carduelis,Stieglitz,bw124,2023,2023-05-14,10,non_breeder,134
Carduelis carduelis,Stieglitz,bw124,2023,2023-05-29,4,non_breeder,149
Carduelis carduelis,Stieglitz,bw124,2024,2024-03-30,1,non_breeder,90
Carduelis carduelis,Stieglitz,bw124,2024,2024-04-27,7,non_breeder,118
Carduelis carduelis,Stieglitz,bw124,2024,2024-05-12,10,non_breeder,133
Carduelis carduelis,Stieglitz,bw124,2024,2024-06-09,6,non_breeder,161
Carduelis carduelis,Stieglitz,bw124,2025,2025-03-23,10,non_breeder,82
Carduelis carduelis,Stieglitz,bw124,2025,2025-04-20,7,non_breeder,110
Carduelis carduelis,Stieglitz,bw124,2025,2025-05-11,10,non_breeder,131
Carduelis carduelis,Stieglitz,bw124,2025,2025-06-14,9,non_breeder,165
Carduelis carduelis,Stieglitz,bw126,2024,2024-06-12,15,non_breeder,164
Carduelis carduelis,Stieglitz,bw126,2024,2024-03-20,4,non_breeder,80
Carduelis carduelis,Stieglitz,bw126,2024,2024-05-15,1,non_breeder,136
Carduelis carduelis,Stieglitz,bw126,2024,2024-04-22,4,non_breeder,113
Carduelis carduelis,Stieglitz,bw126,2025,2025-05-12,9,non_breeder,132
Carduelis carduelis,Stieglitz,bw126,2025,2025-06-10,12,non_breeder,161
Carduelis carduelis,Stieglitz,bw126,2025,2025-03-24,8,non_breeder,83
Carduelis carduelis,Stieglitz,bw126,2025,2025-04-28,18,non_breeder,118
Carduelis carduelis,Stieglitz,bw127,2024,2024-05-25,5,non_breeder,146
Carduelis carduelis,Stieglitz,bw127,2024,2024-04-27,6,non_breeder,118
Carduelis carduelis,Stieglitz,bw127,2024,2024-03-26,5,non_breeder,86
Carduelis carduelis,Stieglitz,bw127,2025,2025-04-11,3,non_breeder,101
Carduelis carduelis,Stieglitz,bw127,2025,2025-05-05,2,non_breeder,125
Carduelis carduelis,Stieglitz,bw127,2025,2025-03-22,7,non_breeder,81
Carduelis carduelis,Stieglitz,bw127,2025,2025-05-23,7,non_breeder,143
Carduelis carduelis,Stieglitz,bw129,2025,2025-03-25,0,non_breeder,84
Carduelis carduelis,Stieglitz,bw129,2025,2025-06-12,1,non_breeder,163
Carduelis carduelis,Stieglitz,bw129,2025,2025-05-09,1,non_breeder,129
Carduelis carduelis,Stieglitz,bw129,2025,2025-04-16,0,non_breeder,106
Carduelis carduelis,Stieglitz,bw131,2022,2022-03-27,0,non_breeder,86
Carduelis carduelis,Stieglitz,bw131,2022,2022-05-07,0,non_breeder,127
Carduelis carduelis,Stieglitz,bw131,2022,2022-05-28,1,non_breeder,148
Carduelis carduelis,Stieglitz,bw131,2022,2022-06-26,0,non_breeder,177
Carduelis carduelis,Stieglitz,bw131,2023,2023-03-28,1,non_breeder,87
Carduelis carduelis,Stieglitz,bw131,2023,2023-04-27,0,non_breeder,117
Carduelis carduelis,Stieglitz,bw131,2023,2023-05-14,2,non_breeder,134
Carduelis carduelis,Stieglitz,bw131,2023,2023-06-11,0,non_breeder,162
Carduelis carduelis,Stieglitz,bw131,2024,2024-03-30,2,non_breeder,90
Carduelis carduelis,Stieglitz,bw131,2024,2024-04-28,0,non_breeder,119
Carduelis carduelis,Stieglitz,bw131,2024,2024-05-19,2,non_breeder,140
Carduelis carduelis,Stieglitz,bw131,2024,2024-06-16,2,non_breeder,168
Carduelis carduelis,Stieglitz,bw131,2025,2025-03-28,1,non_breeder,87
Carduelis carduelis,Stieglitz,bw131,2025,2025-04-30,0,non_breeder,120
Carduelis carduelis,Stieglitz,bw131,2025,2025-05-26,0,non_breeder,146
Carduelis carduelis,Stieglitz,bw131,2025,2025-06-15,0,non_breeder,166
Carduelis carduelis,Stieglitz,bw132,2024,2024-04-05,2,non_breeder,96
Carduelis carduelis,Stieglitz,bw132,2024,2024-05-01,2,non_breeder,122
Carduelis carduelis,Stieglitz,bw132,2024,2024-03-18,0,non_breeder,78
Carduelis carduelis,Stieglitz,bw132,2024,2024-06-20,0,non_breeder,172
Carduelis carduelis,Stieglitz,bw132,2025,2025-05-19,1,non_breeder,139
Carduelis carduelis,Stieglitz,bw132,2025,2025-06-11,1,non_breeder,162
Carduelis carduelis,Stieglitz,bw132,2025,2025-03-22,0,non_breeder,81
Carduelis carduelis,Stieglitz,bw132,2025,2025-04-19,7,non_breeder,109
Carduelis carduelis,Stieglitz,bw134,2024,2024-04-26,1,non_breeder,117
Carduelis carduelis,Stieglitz,bw134,2024,2024-05-09,0,non_breeder,130
Carduelis carduelis,Stieglitz,bw134,2024,2024-06-11,0,non_breeder,163
Carduelis carduelis,Stieglitz,bw134,2024,2024-03-26,0,non_breeder,86
Carduelis carduelis,Stieglitz,bw134,2024,2024-04-25,0,non_breeder,116
Carduelis carduelis,Stieglitz,bw134,2024,2024-05-08,0,non_breeder,129
Carduelis carduelis,Stieglitz,bw135,2025,2025-05-10,0,non_breeder,130
Carduelis carduelis,Stieglitz,bw135,2025,2025-04-19,1,non_breeder,109
Carduelis carduelis,Stieglitz,bw135,2025,2025-05-31,0,non_breeder,151
Carduelis carduelis,Stieglitz,bw135,2025,2025-03-16,1,non_breeder,75
Carduelis carduelis,Stieglitz,bw136,2022,2022-03-27,1,non_breeder,86
Carduelis carduelis,Stieglitz,bw136,2022,2022-05-15,0,non_breeder,135
Carduelis carduelis,Stieglitz,bw136,2022,2022-04-27,0,non_breeder,117
Carduelis carduelis,Stieglitz,bw136,2022,2022-06-12,0,non_breeder,163
Carduelis carduelis,Stieglitz,bw136,2023,2023-06-12,0,non_breeder,163
Carduelis carduelis,Stieglitz,bw136,2023,2023-04-29,2,non_breeder,119
Carduelis carduelis,Stieglitz,bw136,2023,2023-05-18,4,non_breeder,138
Carduelis carduelis,Stieglitz,bw136,2023,2023-03-28,0,non_breeder,87
Carduelis carduelis,Stieglitz,bw136,2024,2024-03-30,0,non_breeder,90
Carduelis carduelis,Stieglitz,bw136,2024,2024-05-13,2,non_breeder,134
Carduelis carduelis,Stieglitz,bw136,2024,2024-06-29,2,non_breeder,181
Carduelis carduelis,Stieglitz,bw136,2024,2024-04-28,0,non_breeder,119
Carduelis carduelis,Stieglitz,bw136,2024,2024-06-28,0,non_breeder,180
Carduelis carduelis,Stieglitz,bw136,2025,2025-04-27,0,non_breeder,117
Carduelis carduelis,Stieglitz,bw136,2025,2025-03-28,0,non_breeder,87
Carduelis carduelis,Stieglitz,bw136,2025,2025-05-18,0,non_breeder,138
Carduelis carduelis,Stieglitz,bw136,2025,2025-06-19,1,non_breeder,170
Carduelis carduelis,Stieglitz,bw136,2025,2025-06-18,0,non_breeder,169
Carduelis carduelis,Stieglitz,bw139,2022,2022-04-28,0,non_breeder,118
Carduelis carduelis,Stieglitz,bw139,2022,2022-03-28,2,non_breeder,87
Carduelis carduelis,Stieglitz,bw139,2022,2022-05-13,1,non_breeder,133
Carduelis carduelis,Stieglitz,bw139,2022,2022-06-11,3,non_breeder,162
Carduelis carduelis,Stieglitz,bw139,2023,2023-03-27,2,non_breeder,86
Carduelis carduelis,Stieglitz,bw139,2023,2023-06-20,1,non_breeder,171
Carduelis carduelis,Stieglitz,bw139,2023,2023-04-29,1,non_breeder,119
Carduelis carduelis,Stieglitz,bw139,2023,2023-05-19,0,non_breeder,139
Carduelis carduelis,Stieglitz,bw139,2025,2025-03-28,3,non_breeder,87
Carduelis carduelis,Stieglitz,bw139,2025,2025-04-30,2,non_breeder,120
Carduelis carduelis,Stieglitz,bw139,2025,2025-05-14,3,non_breeder,134
Carduelis carduelis,Stieglitz,bw139,2025,2025-06-17,1,non_breeder,168
Carduelis carduelis,Stieglitz,bw14,2022,2022-03-12,1,non_breeder,71
Carduelis carduelis,Stieglitz,bw14,2022,2022-04-12,0,non_breeder,102
Carduelis carduelis,Stieglitz,bw14,2022,2022-05-03,0,non_breeder,123
Carduelis carduelis,Stieglitz,bw14,2022,2022-06-09,0,non_breeder,160
Carduelis carduelis,Stieglitz,bw140,2022,2022-05-03,2,non_breeder,123
Carduelis carduelis,Stieglitz,bw140,2022,2022-03-17,0,non_breeder,76
Carduelis carduelis,Stieglitz,bw140,2022,2022-05-29,0,non_breeder,149
Carduelis carduelis,Stieglitz,bw140,2022,2022-04-13,1,non_breeder,103
Carduelis carduelis,Stieglitz,bw140,2024,2024-03-18,0,non_breeder,78
Carduelis carduelis,Stieglitz,bw140,2024,2024-04-06,0,non_breeder,97
Carduelis carduelis,Stieglitz,bw140,2024,2024-05-01,1,non_breeder,122
Carduelis carduelis,Stieglitz,bw140,2024,2024-05-23,0,non_breeder,144
Carduelis carduelis,Stieglitz,bw140,2025,2025-05-24,2,non_breeder,144
Carduelis carduelis,Stieglitz,bw140,2025,2025-04-05,1,non_breeder,95
Carduelis carduelis,Stieglitz,bw140,2025,2025-05-06,2,non_breeder,126
Carduelis carduelis,Stieglitz,bw140,2025,2025-03-16,0,non_breeder,75
Carduelis carduelis,Stieglitz,bw141,2023,2023-05-20,2,non_breeder,140
Carduelis carduelis,Stieglitz,bw141,2023,2023-06-11,0,non_breeder,162
Carduelis carduelis,Stieglitz,bw141,2023,2023-03-29,0,non_breeder,88
Carduelis carduelis,Stieglitz,bw141,2023,2023-04-22,2,non_breeder,112
Carduelis carduelis,Stieglitz,bw141,2025,2025-03-16,0,non_breeder,75
Carduelis carduelis,Stieglitz,bw141,2025,2025-06-03,1,non_breeder,154
Carduelis carduelis,Stieglitz,bw141,2025,2025-05-09,2,non_breeder,129
Carduelis carduelis,Stieglitz,bw141,2025,2025-04-13,0,non_breeder,103
Carduelis carduelis,Stieglitz,bw144,2025,2025-04-07,1,non_breeder,97
Carduelis carduelis,Stieglitz,bw144,2025,2025-05-03,1,non_breeder,123
Carduelis carduelis,Stieglitz,bw144,2025,2025-03-17,0,non_breeder,76
Carduelis carduelis,Stieglitz,bw144,2025,2025-05-27,0,non_breeder,147
Carduelis carduelis,Stieglitz,bw149,2024,2024-03-14,0,non_breeder,74
Carduelis carduelis,Stieglitz,bw149,2024,2024-04-12,4,non_breeder,103
Carduelis carduelis,Stieglitz,bw149,2024,2024-05-10,0,non_breeder,131
Carduelis carduelis,Stieglitz,bw149,2024,2024-06-10,4,non_breeder,162
Carduelis carduelis,Stieglitz,bw149,2024,2024-05-09,0,non_breeder,130
Carduelis carduelis,Stieglitz,bw149,2024,2024-06-09,0,non_breeder,161
Carduelis carduelis,Stieglitz,bw149,2025,2025-05-12,7,non_breeder,132
Carduelis carduelis,Stieglitz,bw149,2025,2025-03-21,0,non_breeder,80
Carduelis carduelis,Stieglitz,bw149,2025,2025-04-15,5,non_breeder,105
Carduelis carduelis,Stieglitz,bw149,2025,2025-06-11,7,non_breeder,162
Carduelis carduelis,Stieglitz,bw15,2024,2024-03-26,0,non_breeder,86
Carduelis carduelis,Stieglitz,bw15,2024,2024-04-10,3,non_breeder,101
Carduelis carduelis,Stieglitz,bw15,2024,2024-05-12,1,non_breeder,133
Carduelis carduelis,Stieglitz,bw15,2024,2024-06-05,0,non_breeder,157
Carduelis carduelis,Stieglitz,bw15,2025,2025-03-28,3,non_breeder,87
Carduelis carduelis,Stieglitz,bw15,2025,2025-04-09,3,non_breeder,99
Carduelis carduelis,Stieglitz,bw15,2025,2025-05-10,0,non_breeder,130
Carduelis carduelis,Stieglitz,bw15,2025,2025-06-01,0,non_breeder,152
Carduelis carduelis,Stieglitz,bw150,2023,2023-03-25,0,non_breeder,84
Carduelis carduelis,Stieglitz,bw150,2023,2023-04-23,0,non_breeder,113
Carduelis carduelis,Stieglitz,bw150,2023,2023-05-07,1,non_breeder,127
Carduelis carduelis,Stieglitz,bw150,2023,2023-05-21,1,non_breeder,141
Carduelis carduelis,Stieglitz,bw151,2022,2022-03-27,0,non_breeder,86
Carduelis carduelis,Stieglitz,bw151,2022,2022-04-16,17,non_breeder,106
Carduelis carduelis,Stieglitz,bw151,2022,2022-05-08,5,non_breeder,128
Carduelis carduelis,Stieglitz,bw151,2022,2022-05-29,4,non_breeder,149
Carduelis carduelis,Stieglitz,bw151,2023,2023-03-26,3,non_breeder,85
Carduelis carduelis,Stieglitz,bw151,2023,2023-04-30,8,non_breeder,120
Carduelis carduelis,Stieglitz,bw151,2023,2023-05-14,2,non_breeder,134
Carduelis carduelis,Stieglitz,bw151,2023,2023-05-28,5,non_breeder,148
Carduelis carduelis,Stieglitz,bw151,2024,2024-03-29,1,non_breeder,89
Carduelis carduelis,Stieglitz,bw151,2024,2024-04-28,0,non_breeder,119
Carduelis carduelis,Stieglitz,bw151,2024,2024-05-11,5,non_breeder,132
Carduelis carduelis,Stieglitz,bw151,2024,2024-06-08,1,non_breeder,160
Carduelis carduelis,Stieglitz,bw151,2025,2025-03-30,8,non_breeder,89
Carduelis carduelis,Stieglitz,bw151,2025,2025-04-19,8,non_breeder,109
Carduelis carduelis,Stieglitz,bw151,2025,2025-05-12,6,non_breeder,132
Carduelis carduelis,Stieglitz,bw151,2025,2025-05-23,4,non_breeder,143
Carduelis carduelis,Stieglitz,bw152,2025,2025-03-18,0,non_breeder,77
Carduelis carduelis,Stieglitz,bw152,2025,2025-04-28,3,non_breeder,118
Carduelis carduelis,Stieglitz,bw152,2025,2025-05-16,2,non_breeder,136
Carduelis carduelis,Stieglitz,bw152,2025,2025-06-17,0,non_breeder,168
Carduelis carduelis,Stieglitz,bw154,2025,2025-06-13,0,non_breeder,164
Carduelis carduelis,Stieglitz,bw154,2025,2025-03-26,0,non_breeder,85
Carduelis carduelis,Stieglitz,bw154,2025,2025-05-15,0,non_breeder,135
Carduelis carduelis,Stieglitz,bw154,2025,2025-04-08,1,non_breeder,98
Carduelis carduelis,Stieglitz,bw155,2025,2025-03-25,0,non_breeder,84
Carduelis carduelis,Stieglitz,bw155,2025,2025-04-09,1,non_breeder,99
Carduelis carduelis,Stieglitz,bw155,2025,2025-05-19,0,non_breeder,139
Carduelis carduelis,Stieglitz,bw155,2025,2025-06-12,0,non_breeder,163
Carduelis carduelis,Stieglitz,bw156,2025,2025-06-11,2,non_breeder,162
Carduelis carduelis,Stieglitz,bw156,2025,2025-03-18,0,non_breeder,77
Carduelis carduelis,Stieglitz,bw156,2025,2025-04-07,2,non_breeder,97
Carduelis carduelis,Stieglitz,bw156,2025,2025-05-13,1,non_breeder,133
Carduelis carduelis,Stieglitz,bw157,2025,2025-06-07,2,non_breeder,158
Carduelis carduelis,Stieglitz,bw157,2025,2025-03-11,1,non_breeder,70
Carduelis carduelis,Stieglitz,bw157,2025,2025-04-05,1,non_breeder,95
Carduelis carduelis,Stieglitz,bw157,2025,2025-05-05,3,non_breeder,125
Carduelis carduelis,Stieglitz,bw162,2025,2025-03-21,1,non_breeder,80
Carduelis carduelis,Stieglitz,bw162,2025,2025-04-10,1,non_breeder,100
Carduelis carduelis,Stieglitz,bw162,2025,2025-05-17,2,non_breeder,137
Carduelis carduelis,Stieglitz,bw162,2025,2025-06-16,2,non_breeder,167
Carduelis carduelis,Stieglitz,bw165,2024,2024-05-07,3,non_breeder,128
Carduelis carduelis,Stieglitz,bw165,2024,2024-05-28,1,non_breeder,149
Carduelis carduelis,Stieglitz,bw165,2024,2024-03-18,0,non_breeder,78
Carduelis carduelis,Stieglitz,bw165,2024,2024-04-08,3,non_breeder,99
Carduelis carduelis,Stieglitz,bw165,2025,2025-05-27,2,non_breeder,147
Carduelis carduelis,Stieglitz,bw165,2025,2025-03-18,3,non_breeder,77
Carduelis carduelis,Stieglitz,bw165,2025,2025-05-06,3,non_breeder,126
Carduelis carduelis,Stieglitz,bw165,2025,2025-04-07,1,non_breeder,97
Carduelis carduelis,Stieglitz,bw166,2022,2022-05-01,1,non_breeder,121
Carduelis carduelis,Stieglitz,bw166,2022,2022-05-28,7,non_breeder,148
Carduelis carduelis,Stieglitz,bw166,2022,2022-03-12,1,non_breeder,71
Carduelis carduelis,Stieglitz,bw166,2022,2022-04-19,3,non_breeder,109
Carduelis carduelis,Stieglitz,bw166,2023,2023-04-10,2,non_breeder,100
Carduelis carduelis,Stieglitz,bw166,2023,2023-05-01,1,non_breeder,121
Carduelis carduelis,Stieglitz,bw166,2023,2023-06-09,4,non_breeder,160
Carduelis carduelis,Stieglitz,bw166,2023,2023-03-18,1,non_breeder,77
Carduelis carduelis,Stieglitz,bw166,2024,2024-04-14,3,non_breeder,105
Carduelis carduelis,Stieglitz,bw166,2024,2024-05-11,6,non_breeder,132
Carduelis carduelis,Stieglitz,bw166,2024,2024-06-09,4,non_breeder,161
Carduelis carduelis,Stieglitz,bw166,2024,2024-03-17,0,non_breeder,77
Carduelis carduelis,Stieglitz,bw166,2025,2025-04-26,0,non_breeder,116
Carduelis carduelis,Stieglitz,bw166,2025,2025-05-31,1,non_breeder,151
Carduelis carduelis,Stieglitz,bw166,2025,2025-04-12,1,non_breeder,102
Carduelis carduelis,Stieglitz,bw166,2025,2025-03-16,0,non_breeder,75
Carduelis carduelis,Stieglitz,bw167,2024,2024-04-22,2,non_breeder,113
Carduelis carduelis,Stieglitz,bw167,2024,2024-05-11,4,non_breeder,132
Carduelis carduelis,Stieglitz,bw167,2024,2024-06-17,0,non_breeder,169
Carduelis carduelis,Stieglitz,bw167,2024,2024-03-29,0,non_breeder,89
Carduelis carduelis,Stieglitz,bw167,2024,2024-04-21,0,non_breeder,112
Carduelis carduelis,Stieglitz,bw167,2025,2025-05-31,0,non_breeder,151
Carduelis carduelis,Stieglitz,bw167,2025,2025-03-20,0,non_breeder,79
Carduelis carduelis,Stieglitz,bw167,2025,2025-04-26,3,non_breeder,116
Carduelis carduelis,Stieglitz,bw167,2025,2025-05-19,0,non_breeder,139
Carduelis carduelis,Stieglitz,bw168,2024,2024-05-15,3,non_breeder,136
Carduelis carduelis,Stieglitz,bw168,2024,2024-06-11,1,non_breeder,163
Carduelis carduelis,Stieglitz,bw168,2024,2024-03-26,1,non_breeder,86
Carduelis carduelis,Stieglitz,bw168,2024,2024-04-16,1,non_breeder,107
Carduelis carduelis,Stieglitz,bw168,2025,2025-06-11,3,non_breeder,162
Carduelis carduelis,Stieglitz,bw168,2025,2025-03-27,5,non_breeder,86
Carduelis carduelis,Stieglitz,bw168,2025,2025-04-16,1,non_breeder,106
Carduelis carduelis,Stieglitz,bw168,2025,2025-05-07,1,non_breeder,127
Carduelis carduelis,Stieglitz,bw169,2024,2024-04-09,4,non_breeder,100
Carduelis carduelis,Stieglitz,bw169,2024,2024-05-01,0,non_breeder,122
Carduelis carduelis,Stieglitz,bw169,2024,2024-03-20,0,non_breeder,80
Carduelis carduelis,Stieglitz,bw169,2024,2024-06-04,1,non_breeder,156
Carduelis carduelis,Stieglitz,bw169,2025,2025-06-03,0,non_breeder,154
Carduelis carduelis,Stieglitz,bw169,2025,2025-05-06,1,non_breeder,126
Carduelis carduelis,Stieglitz,bw169,2025,2025-03-19,1,non_breeder,78
Carduelis carduelis,Stieglitz,bw169,2025,2025-04-08,1,non_breeder,98
Carduelis carduelis,Stieglitz,bw170,2024,2024-06-05,5,non_breeder,157
Carduelis carduelis,Stieglitz,bw170,2024,2024-03-21,2,non_breeder,81
Carduelis carduelis,Stieglitz,bw170,2024,2024-05-02,3,non_breeder,123
Carduelis carduelis,Stieglitz,bw170,2024,2024-04-10,4,non_breeder,101
Carduelis carduelis,Stieglitz,bw170,2025,2025-06-04,2,non_breeder,155
Carduelis carduelis,Stieglitz,bw170,2025,2025-04-02,6,non_breeder,92
Carduelis carduelis,Stieglitz,bw170,2025,2025-05-02,3,non_breeder,122
Carduelis carduelis,Stieglitz,bw170,2025,2025-03-18,3,non_breeder,77
Carduelis carduelis,Stieglitz,bw174,2022,2022-06-14,1,non_breeder,165
Carduelis carduelis,Stieglitz,bw174,2022,2022-05-15,0,non_breeder,135
Carduelis carduelis,Stieglitz,bw174,2022,2022-03-24,0,non_breeder,83
Carduelis carduelis,Stieglitz,bw174,2022,2022-04-28,0,non_breeder,118
Carduelis carduelis,Stieglitz,bw174,2023,2023-06-08,0,non_breeder,159
Carduelis carduelis,Stieglitz,bw174,2023,2023-04-09,1,non_breeder,99
Carduelis carduelis,Stieglitz,bw174,2023,2023-05-14,2,non_breeder,134
Carduelis carduelis,Stieglitz,bw174,2023,2023-03-27,0,non_breeder,86
Carduelis carduelis,Stieglitz,bw174,2024,2024-03-31,1,non_breeder,91
Carduelis carduelis,Stieglitz,bw174,2024,2024-05-19,2,non_breeder,140
Carduelis carduelis,Stieglitz,bw174,2024,2024-06-01,0,non_breeder,153
Carduelis carduelis,Stieglitz,bw174,2024,2024-04-30,0,non_breeder,121
Carduelis carduelis,Stieglitz,bw174,2025,2025-04-13,2,non_breeder,103
Carduelis carduelis,Stieglitz,bw174,2025,2025-05-17,0,non_breeder,137
Carduelis carduelis,Stieglitz,bw174,2025,2025-06-09,0,non_breeder,160
Carduelis carduelis,Stieglitz,bw175,2024,2024-05-14,0,non_breeder,135
Carduelis carduelis,Stieglitz,bw175,2024,2024-06-10,0,non_breeder,162
Carduelis carduelis,Stieglitz,bw175,2024,2024-04-10,1,non_breeder,101
Carduelis carduelis,Stieglitz,bw175,2024,2024-04-24,1,non_breeder,115
Carduelis carduelis,Stieglitz,bw176,2025,2025-04-26,0,non_breeder,116
Carduelis carduelis,Stieglitz,bw176,2025,2025-03-27,4,non_breeder,86
Carduelis carduelis,Stieglitz,bw176,2025,2025-05-18,0,non_breeder,138
Carduelis carduelis,Stieglitz,bw176,2025,2025-06-13,0,non_breeder,164
Carduelis carduelis,Stieglitz,bw179,2022,2022-06-06,0,non_breeder,157
Carduelis carduelis,Stieglitz,bw179,2022,2022-03-12,0,non_breeder,71
Carduelis carduelis,Stieglitz,bw179,2022,2022-04-11,4,non_breeder,101
Carduelis carduelis,Stieglitz,bw179,2022,2022-05-08,0,non_breeder,128
Carduelis carduelis,Stieglitz,bw179,2023,2023-06-03,1,non_breeder,154
Carduelis carduelis,Stieglitz,bw179,2023,2023-04-09,0,non_breeder,99
Carduelis carduelis,Stieglitz,bw179,2023,2023-05-04,0,non_breeder,124
Carduelis carduelis,Stieglitz,bw179,2023,2023-03-20,0,non_breeder,79
Carduelis carduelis,Stieglitz,bw179,2024,2024-04-06,2,non_breeder,97
Carduelis carduelis,Stieglitz,bw179,2024,2024-06-04,0,non_breeder,156
Carduelis carduelis,Stieglitz,bw179,2024,2024-03-17,3,non_breeder,77
Carduelis carduelis,Stieglitz,bw179,2024,2024-05-11,1,non_breeder,132
Carduelis carduelis,Stieglitz,bw179,2025,2025-05-31,2,non_breeder,151
Carduelis carduelis,Stieglitz,bw179,2025,2025-04-04,0,non_breeder,94
Carduelis carduelis,Stieglitz,bw179,2025,2025-03-11,0,non_breeder,70
Carduelis carduelis,Stieglitz,bw179,2025,2025-05-02,3,non_breeder,122
Carduelis carduelis,Stieglitz,bw180,2021,2021-06-13,2,non_breeder,164
Carduelis carduelis,Stieglitz,bw180,2021,2021-03-28,1,non_breeder,87
Carduelis carduelis,Stieglitz,bw180,2021,2021-04-17,0,non_breeder,107
Carduelis carduelis,Stieglitz,bw180,2021,2021-05-15,0,non_breeder,135
Carduelis carduelis,Stieglitz,bw180,2022,2022-06-06,2,non_breeder,157
Carduelis carduelis,Stieglitz,bw180,2022,2022-05-15,5,non_breeder,135
Carduelis carduelis,Stieglitz,bw180,2022,2022-03-29,0,non_breeder,88
Carduelis carduelis,Stieglitz,bw180,2022,2022-04-15,0,non_breeder,105
Carduelis carduelis,Stieglitz,bw180,2023,2023-03-19,0,non_breeder,78
Carduelis carduelis,Stieglitz,bw180,2023,2023-04-09,1,non_breeder,99
Carduelis carduelis,Stieglitz,bw180,2023,2023-05-28,2,non_breeder,148
Carduelis carduelis,Stieglitz,bw180,2023,2023-05-14,3,non_breeder,134
Carduelis carduelis,Stieglitz,bw180,2024,2024-03-11,0,non_breeder,71
Carduelis carduelis,Stieglitz,bw180,2024,2024-05-01,0,non_breeder,122
Carduelis carduelis,Stieglitz,bw180,2024,2024-04-07,1,non_breeder,98
Carduelis carduelis,Stieglitz,bw180,2024,2024-06-09,1,non_breeder,161
Carduelis carduelis,Stieglitz,bw183,2022,2022-03-19,1,non_breeder,78
Carduelis carduelis,Stieglitz,bw183,2022,2022-05-19,4,non_breeder,139
Carduelis carduelis,Stieglitz,bw183,2022,2022-04-21,6,non_breeder,111
Carduelis carduelis,Stieglitz,bw183,2022,2022-06-12,3,non_breeder,163
Carduelis carduelis,Stieglitz,bw183,2023,2023-03-25,0,non_breeder,84
Carduelis carduelis,Stieglitz,bw183,2023,2023-05-13,5,non_breeder,133
Carduelis carduelis,Stieglitz,bw183,2023,2023-06-18,0,non_breeder,169
Carduelis carduelis,Stieglitz,bw183,2023,2023-04-23,0,non_breeder,113
Carduelis carduelis,Stieglitz,bw183,2023,2023-04-22,0,non_breeder,112
Carduelis carduelis,Stieglitz,bw184,2022,2022-05-20,1,non_breeder,140
Carduelis carduelis,Stieglitz,bw184,2022,2022-06-12,10,non_breeder,163
Carduelis carduelis,Stieglitz,bw184,2022,2022-03-27,2,non_breeder,86
Carduelis carduelis,Stieglitz,bw184,2022,2022-04-22,2,non_breeder,112
Carduelis carduelis,Stieglitz,bw184,2023,2023-06-20,1,non_breeder,171
Carduelis carduelis,Stieglitz,bw184,2023,2023-03-17,6,non_breeder,76
Carduelis carduelis,Stieglitz,bw184,2023,2023-04-09,0,non_breeder,99
Carduelis carduelis,Stieglitz,bw184,2023,2023-05-18,2,non_breeder,138
Carduelis carduelis,Stieglitz,bw184,2024,2024-05-09,1,non_breeder,130
Carduelis carduelis,Stieglitz,bw184,2024,2024-06-04,7,non_breeder,156
Carduelis carduelis,Stieglitz,bw184,2024,2024-04-14,0,non_breeder,105
Carduelis carduelis,Stieglitz,bw184,2024,2024-03-22,3,non_breeder,82
Carduelis carduelis,Stieglitz,bw184,2024,2024-04-13,0,non_breeder,104
Carduelis carduelis,Stieglitz,bw184,2025,2025-05-16,0,non_breeder,136
Carduelis carduelis,Stieglitz,bw184,2025,2025-06-17,0,non_breeder,168
Carduelis carduelis,Stieglitz,bw184,2025,2025-04-15,1,non_breeder,105
Carduelis carduelis,Stieglitz,bw184,2025,2025-03-20,2,non_breeder,79
Carduelis carduelis,Stieglitz,bw184,2025,2025-04-14,0,non_breeder,104
Carduelis carduelis,Stieglitz,bw185,2024,2024-04-30,0,non_breeder,121
Carduelis carduelis,Stieglitz,bw185,2024,2024-05-14,0,non_breeder,135
Carduelis carduelis,Stieglitz,bw185,2024,2024-06-20,1,non_breeder,172
Carduelis carduelis,Stieglitz,bw185,2024,2024-03-21,0,non_breeder,81
Carduelis carduelis,Stieglitz,bw186,2024,2024-05-14,0,non_breeder,135
Carduelis carduelis,Stieglitz,bw186,2024,2024-06-11,1,non_breeder,163
Carduelis carduelis,Stieglitz,bw186,2024,2024-03-26,0,non_breeder,86
Carduelis carduelis,Stieglitz,bw186,2024,2024-04-30,0,non_breeder,121
Carduelis carduelis,Stieglitz,bw186,2025,2025-03-25,0,non_breeder,84
Carduelis carduelis,Stieglitz,bw186,2025,2025-05-20,1,non_breeder,140
Carduelis carduelis,Stieglitz,bw186,2025,2025-06-10,0,non_breeder,161
Carduelis carduelis,Stieglitz,bw186,2025,2025-04-23,7,non_breeder,113
Carduelis carduelis,Stieglitz,bw190,2025,2025-04-27,6,non_breeder,117
Carduelis carduelis,Stieglitz,bw190,2025,2025-06-08,3,non_breeder,159
Carduelis carduelis,Stieglitz,bw190,2025,2025-03-20,2,non_breeder,79
Carduelis carduelis,Stieglitz,bw190,2025,2025-04-11,1,non_breeder,101
Carduelis carduelis,Stieglitz,bw195,2022,2022-04-16,1,non_breeder,106
Carduelis carduelis,Stieglitz,bw195,2022,2022-03-19,0,non_breeder,78
Carduelis carduelis,Stieglitz,bw195,2022,2022-05-07,0,non_breeder,127
Carduelis carduelis,Stieglitz,bw195,2022,2022-06-05,0,non_breeder,156
Carduelis carduelis,Stieglitz,bw195,2023,2023-06-10,1,non_breeder,161
Carduelis carduelis,Stieglitz,bw195,2023,2023-04-15,0,non_breeder,105
Carduelis carduelis,Stieglitz,bw195,2023,2023-05-06,0,non_breeder,126
Carduelis carduelis,Stieglitz,bw195,2023,2023-03-17,0,non_breeder,76
Carduelis carduelis,Stieglitz,bw195,2024,2024-05-04,1,non_breeder,125
Carduelis carduelis,Stieglitz,bw195,2024,2024-06-08,0,non_breeder,160
Carduelis carduelis,Stieglitz,bw195,2024,2024-04-06,0,non_breeder,97
Carduelis carduelis,Stieglitz,bw195,2024,2024-03-09,0,non_breeder,69
Carduelis carduelis,Stieglitz,bw197,2024,2024-03-28,0,non_breeder,88
Carduelis carduelis,Stieglitz,bw197,2024,2024-04-27,0,non_breeder,118
Carduelis carduelis,Stieglitz,bw197,2024,2024-05-05,0,non_breeder,126
Carduelis carduelis,Stieglitz,bw197,2024,2024-06-17,1,non_breeder,169
Carduelis carduelis,Stieglitz,bw197,2025,2025-04-25,0,non_breeder,115
Carduelis carduelis,Stieglitz,bw197,2025,2025-06-09,0,non_breeder,160
Carduelis carduelis,Stieglitz,bw197,2025,2025-03-22,1,non_breeder,81
Carduelis carduelis,Stieglitz,bw197,2025,2025-05-07,2,non_breeder,127
Carduelis carduelis,Stieglitz,bw199,2022,2022-06-05,17,non_breeder,156
Carduelis carduelis,Stieglitz,bw199,2022,2022-03-26,0,non_breeder,85
Carduelis carduelis,Stieglitz,bw199,2022,2022-04-16,3,non_breeder,106
Carduelis carduelis,Stieglitz,bw199,2022,2022-05-11,2,non_breeder,131
Carduelis carduelis,Stieglitz,bw199,2023,2023-04-22,5,non_breeder,112
Carduelis carduelis,Stieglitz,bw199,2023,2023-05-07,5,non_breeder,127
Carduelis carduelis,Stieglitz,bw199,2023,2023-03-18,2,non_breeder,77
Carduelis carduelis,Stieglitz,bw199,2025,2025-03-30,5,non_breeder,89
Carduelis carduelis,Stieglitz,bw199,2025,2025-06-07,6,non_breeder,158
Carduelis carduelis,Stieglitz,bw199,2025,2025-05-14,5,non_breeder,134
Carduelis carduelis,Stieglitz,bw199,2025,2025-04-27,2,non_breeder,117
Carduelis carduelis,Stieglitz,bw20,2023,2023-03-23,0,non_breeder,82
Carduelis carduelis,Stieglitz,bw20,2023,2023-04-19,1,non_breeder,109
Carduelis carduelis,Stieglitz,bw20,2023,2023-05-17,1,non_breeder,137
Carduelis carduelis,Stieglitz,bw20,2023,2023-06-17,1,non_breeder,168
Carduelis carduelis,Stieglitz,bw20,2024,2024-03-21,1,non_breeder,81
Carduelis carduelis,Stieglitz,bw20,2024,2024-04-14,2,non_breeder,105
Carduelis carduelis,Stieglitz,bw20,2024,2024-05-27,0,non_breeder,148
Carduelis carduelis,Stieglitz,bw20,2024,2024-06-27,0,non_breeder,179
Carduelis carduelis,Stieglitz,bw20,2025,2025-04-21,0,non_breeder,111
Carduelis carduelis,Stieglitz,bw20,2025,2025-03-25,0,non_breeder,84
Carduelis carduelis,Stieglitz,bw20,2025,2025-05-12,1,non_breeder,132
Carduelis carduelis,Stieglitz,bw20,2025,2025-06-16,0,non_breeder,167
Carduelis carduelis,Stieglitz,bw204,2023,2023-03-18,0,non_breeder,77
Carduelis carduelis,Stieglitz,bw204,2023,2023-06-18,8,non_breeder,169
Carduelis carduelis,Stieglitz,bw204,2023,2023-05-06,7,non_breeder,126
Carduelis carduelis,Stieglitz,bw204,2023,2023-04-14,3,non_breeder,104
Carduelis carduelis,Stieglitz,bw204,2024,2024-03-10,4,non_breeder,70
Carduelis carduelis,Stieglitz,bw204,2024,2024-05-05,4,non_breeder,126
Carduelis carduelis,Stieglitz,bw204,2024,2024-04-07,2,non_breeder,98
Carduelis carduelis,Stieglitz,bw204,2024,2024-05-26,3,non_breeder,147
Carduelis carduelis,Stieglitz,bw204,2025,2025-03-16,0,non_breeder,75
Carduelis carduelis,Stieglitz,bw204,2025,2025-04-06,0,non_breeder,96
Carduelis carduelis,Stieglitz,bw204,2025,2025-05-29,2,non_breeder,149
Carduelis carduelis,Stieglitz,bw204,2025,2025-05-03,2,non_breeder,123
Carduelis carduelis,Stieglitz,bw205,2022,2022-06-12,0,non_breeder,163
Carduelis carduelis,Stieglitz,bw205,2022,2022-03-26,0,non_breeder,85
Carduelis carduelis,Stieglitz,bw205,2022,2022-04-29,1,non_breeder,119
Carduelis carduelis,Stieglitz,bw205,2022,2022-05-15,0,non_breeder,135
Carduelis carduelis,Stieglitz,bw205,2023,2023-05-19,3,non_breeder,139
Carduelis carduelis,Stieglitz,bw205,2023,2023-06-17,0,non_breeder,168
Carduelis carduelis,Stieglitz,bw205,2023,2023-03-26,0,non_breeder,85
Carduelis carduelis,Stieglitz,bw205,2023,2023-04-30,1,non_breeder,120
Carduelis carduelis,Stieglitz,bw205,2024,2024-03-25,0,non_breeder,85
Carduelis carduelis,Stieglitz,bw205,2024,2024-04-14,0,non_breeder,105
Carduelis carduelis,Stieglitz,bw205,2024,2024-05-12,4,non_breeder,133
Carduelis carduelis,Stieglitz,bw205,2024,2024-06-08,2,non_breeder,160
Carduelis carduelis,Stieglitz,bw206,2024,2024-03-20,0,non_breeder,80
Carduelis carduelis,Stieglitz,bw206,2024,2024-04-08,0,non_breeder,99
Carduelis carduelis,Stieglitz,bw206,2024,2024-05-10,0,non_breeder,131
Carduelis carduelis,Stieglitz,bw206,2024,2024-06-07,1,non_breeder,159
Carduelis carduelis,Stieglitz,bw206,2025,2025-03-15,0,non_breeder,74
Carduelis carduelis,Stieglitz,bw206,2025,2025-04-15,1,non_breeder,105
Carduelis carduelis,Stieglitz,bw206,2025,2025-05-10,0,non_breeder,130
Carduelis carduelis,Stieglitz,bw206,2025,2025-06-02,0,non_breeder,153
Carduelis carduelis,Stieglitz,bw210,2021,2021-04-11,3,non_breeder,101
Carduelis carduelis,Stieglitz,bw210,2021,2021-05-09,3,non_breeder,129
Carduelis carduelis,Stieglitz,bw211,2022,2022-03-26,2,non_breeder,85
Carduelis carduelis,Stieglitz,bw211,2022,2022-04-21,3,non_breeder,111
Carduelis carduelis,Stieglitz,bw211,2022,2022-05-20,8,non_breeder,140
Carduelis carduelis,Stieglitz,bw211,2022,2022-06-19,6,non_breeder,170
Carduelis carduelis,Stieglitz,bw211,2023,2023-04-29,6,non_breeder,119
Carduelis carduelis,Stieglitz,bw211,2023,2023-05-18,7,non_breeder,138
Carduelis carduelis,Stieglitz,bw211,2023,2023-06-16,3,non_breeder,167
Carduelis carduelis,Stieglitz,bw211,2023,2023-03-29,3,non_breeder,88
Carduelis carduelis,Stieglitz,bw211,2025,2025-03-29,1,non_breeder,88
Carduelis carduelis,Stieglitz,bw211,2025,2025-05-15,5,non_breeder,135
Carduelis carduelis,Stieglitz,bw211,2025,2025-04-26,4,non_breeder,116
Carduelis carduelis,Stieglitz,bw211,2025,2025-06-16,2,non_breeder,167
Carduelis carduelis,Stieglitz,bw215,2025,2025-03-20,0,non_breeder,79
Carduelis carduelis,Stieglitz,bw215,2025,2025-04-10,1,non_breeder,100
Carduelis carduelis,Stieglitz,bw215,2025,2025-05-02,0,non_breeder,122
Carduelis carduelis,Stieglitz,bw215,2025,2025-06-08,0,non_breeder,159
Carduelis carduelis,Stieglitz,bw221,2024,2024-05-12,0,non_breeder,133
Carduelis carduelis,Stieglitz,bw221,2024,2024-04-13,2,non_breeder,104
Carduelis carduelis,Stieglitz,bw221,2024,2024-06-07,1,non_breeder,159
Carduelis carduelis,Stieglitz,bw221,2024,2024-03-17,0,non_breeder,77
Carduelis carduelis,Stieglitz,bw221,2025,2025-03-22,2,non_breeder,81
Carduelis carduelis,Stieglitz,bw221,2025,2025-04-27,0,non_breeder,117
Carduelis carduelis,Stieglitz,bw221,2025,2025-06-09,7,non_breeder,160
Carduelis carduelis,Stieglitz,bw221,2025,2025-05-18,3,non_breeder,138
Carduelis carduelis,Stieglitz,bw225,2022,2022-03-16,4,non_breeder,75
Carduelis carduelis,Stieglitz,bw225,2022,2022-05-17,0,non_breeder,137
Carduelis carduelis,Stieglitz,bw225,2022,2022-05-30,0,non_breeder,150
Carduelis carduelis,Stieglitz,bw225,2022,2022-04-26,0,non_breeder,116
Carduelis carduelis,Stieglitz,bw225,2023,2023-04-30,0,non_breeder,120
Carduelis carduelis,Stieglitz,bw225,2023,2023-03-17,1,non_breeder,76
Carduelis carduelis,Stieglitz,bw225,2023,2023-05-31,0,non_breeder,151
Carduelis carduelis,Stieglitz,bw225,2023,2023-05-09,0,non_breeder,129
Carduelis carduelis,Stieglitz,bw225,2023,2023-04-29,0,non_breeder,119
Carduelis carduelis,Stieglitz,bw226,2022,2022-03-21,0,non_breeder,80
Carduelis carduelis,Stieglitz,bw226,2022,2022-04-10,1,non_breeder,100
Carduelis carduelis,Stieglitz,bw226,2022,2022-05-01,0,non_breeder,121
Carduelis carduelis,Stieglitz,bw226,2022,2022-05-22,0,non_breeder,142
Carduelis carduelis,Stieglitz,bw226,2023,2023-03-20,0,non_breeder,79
Carduelis carduelis,Stieglitz,bw226,2023,2023-05-24,1,non_breeder,144
Carduelis carduelis,Stieglitz,bw226,2023,2023-04-09,3,non_breeder,99
Carduelis carduelis,Stieglitz,bw226,2023,2023-05-03,4,non_breeder,123
Carduelis carduelis,Stieglitz,bw226,2023,2023-05-23,0,non_breeder,143
Carduelis carduelis,Stieglitz,bw226,2024,2024-03-20,4,non_breeder,80
Carduelis carduelis,Stieglitz,bw226,2024,2024-05-02,2,non_breeder,123
Carduelis carduelis,Stieglitz,bw226,2024,2024-04-13,0,non_breeder,104
Carduelis carduelis,Stieglitz,bw226,2024,2024-05-25,0,non_breeder,146
Carduelis carduelis,Stieglitz,bw226,2024,2024-05-24,0,non_breeder,145
Carduelis carduelis,Stieglitz,bw226,2025,2025-03-22,3,non_breeder,81
Carduelis carduelis,Stieglitz,bw226,2025,2025-04-13,2,non_breeder,103
Carduelis carduelis,Stieglitz,bw226,2025,2025-05-24,2,non_breeder,144
Carduelis carduelis,Stieglitz,bw226,2025,2025-05-01,0,non_breeder,121
Carduelis carduelis,Stieglitz,bw228,2024,2024-05-13,0,non_breeder,134
Carduelis carduelis,Stieglitz,bw228,2024,2024-03-29,0,non_breeder,89
Carduelis carduelis,Stieglitz,bw228,2024,2024-04-30,1,non_breeder,121
Carduelis carduelis,Stieglitz,bw228,2024,2024-06-16,2,non_breeder,168
Carduelis carduelis,Stieglitz,bw228,2025,2025-03-20,0,non_breeder,79
Carduelis carduelis,Stieglitz,bw228,2025,2025-04-20,0,non_breeder,110
Carduelis carduelis,Stieglitz,bw228,2025,2025-05-09,1,non_breeder,129
Carduelis carduelis,Stieglitz,bw228,2025,2025-06-04,0,non_breeder,155
Carduelis carduelis,Stieglitz,bw235,2021,2021-04-15,2,non_breeder,105
Carduelis carduelis,Stieglitz,bw235,2021,2021-05-13,0,non_breeder,133
Carduelis carduelis,Stieglitz,bw235,2021,2021-03-31,1,non_breeder,90
Carduelis carduelis,Stieglitz,bw235,2021,2021-05-30,0,non_breeder,150
Carduelis carduelis,Stieglitz,bw235,2022,2022-05-14,0,non_breeder,134
Carduelis carduelis,Stieglitz,bw235,2022,2022-03-25,0,non_breeder,84
Carduelis carduelis,Stieglitz,bw235,2022,2022-04-12,0,non_breeder,102
Carduelis carduelis,Stieglitz,bw235,2022,2022-06-01,1,non_breeder,152
Carduelis carduelis,Stieglitz,bw235,2024,2024-04-24,0,non_breeder,115
Carduelis carduelis,Stieglitz,bw235,2024,2024-05-15,2,non_breeder,136
Carduelis carduelis,Stieglitz,bw235,2024,2024-03-26,0,non_breeder,86
Carduelis carduelis,Stieglitz,bw235,2024,2024-06-04,1,non_breeder,156
Carduelis carduelis,Stieglitz,bw235,2025,2025-06-03,2,non_breeder,154
Carduelis carduelis,Stieglitz,bw235,2025,2025-03-21,2,non_breeder,80
Carduelis carduelis,Stieglitz,bw235,2025,2025-04-19,0,non_breeder,109
Carduelis carduelis,Stieglitz,bw235,2025,2025-05-14,3,non_breeder,134
Carduelis carduelis,Stieglitz,bw237,2022,2022-04-22,2,non_breeder,112
Carduelis carduelis,Stieglitz,bw237,2022,2022-05-14,3,non_breeder,134
Carduelis carduelis,Stieglitz,bw237,2022,2022-06-06,2,non_breeder,157
Carduelis carduelis,Stieglitz,bw237,2022,2022-03-16,6,non_breeder,75
Carduelis carduelis,Stieglitz,bw237,2024,2024-06-12,2,non_breeder,164
Carduelis carduelis,Stieglitz,bw237,2024,2024-03-22,0,non_breeder,82
Carduelis carduelis,Stieglitz,bw237,2024,2024-04-23,2,non_breeder,114
Carduelis carduelis,Stieglitz,bw237,2024,2024-05-13,2,non_breeder,134
Carduelis carduelis,Stieglitz,bw237,2025,2025-03-19,1,non_breeder,78
Carduelis carduelis,Stieglitz,bw237,2025,2025-04-22,2,non_breeder,112
Carduelis carduelis,Stieglitz,bw237,2025,2025-05-10,2,non_breeder,130
Carduelis carduelis,Stieglitz,bw237,2025,2025-06-11,2,non_breeder,162
Carduelis carduelis,Stieglitz,bw238,2024,2024-03-26,0,non_breeder,86
Carduelis carduelis,Stieglitz,bw238,2024,2024-04-08,0,non_breeder,99
Carduelis carduelis,Stieglitz,bw238,2024,2024-05-14,1,non_breeder,135
Carduelis carduelis,Stieglitz,bw238,2024,2024-06-07,0,non_breeder,159
Carduelis carduelis,Stieglitz,bw238,2025,2025-03-22,0,non_breeder,81
Carduelis carduelis,Stieglitz,bw238,2025,2025-04-22,1,non_breeder,112
Carduelis carduelis,Stieglitz,bw238,2025,2025-05-13,0,non_breeder,133
Carduelis carduelis,Stieglitz,bw238,2025,2025-06-05,0,non_breeder,156
Carduelis carduelis,Stieglitz,bw239,2022,2022-03-27,0,non_breeder,86
Carduelis carduelis,Stieglitz,bw239,2022,2022-04-30,0,non_breeder,120
Carduelis carduelis,Stieglitz,bw239,2022,2022-05-19,0,non_breeder,139
Carduelis carduelis,Stieglitz,bw239,2022,2022-06-12,1,non_breeder,163
Carduelis carduelis,Stieglitz,bw240,2022,2022-06-03,4,non_breeder,154
Carduelis carduelis,Stieglitz,bw240,2022,2022-03-16,0,non_breeder,75
Carduelis carduelis,Stieglitz,bw240,2022,2022-04-06,0,non_breeder,96
Carduelis carduelis,Stieglitz,bw240,2022,2022-05-09,0,non_breeder,129
Carduelis carduelis,Stieglitz,bw240,2023,2023-06-01,0,non_breeder,152
Carduelis carduelis,Stieglitz,bw240,2023,2023-03-17,0,non_breeder,76
Carduelis carduelis,Stieglitz,bw240,2023,2023-04-10,0,non_breeder,100
Carduelis carduelis,Stieglitz,bw240,2023,2023-05-03,1,non_breeder,123
Carduelis carduelis,Stieglitz,bw241,2024,2024-06-06,0,non_breeder,158
Carduelis carduelis,Stieglitz,bw241,2024,2024-03-27,0,non_breeder,87
Carduelis carduelis,Stieglitz,bw241,2024,2024-04-16,4,non_breeder,107
Carduelis carduelis,Stieglitz,bw241,2024,2024-05-08,2,non_breeder,129
Carduelis carduelis,Stieglitz,bw241,2025,2025-05-14,0,non_breeder,134
Carduelis carduelis,Stieglitz,bw241,2025,2025-06-09,3,non_breeder,160
Carduelis carduelis,Stieglitz,bw241,2025,2025-04-23,2,non_breeder,113
Carduelis carduelis,Stieglitz,bw241,2025,2025-03-25,0,non_breeder,84
Carduelis carduelis,Stieglitz,bw245,2024,2024-04-08,0,non_breeder,99
Carduelis carduelis,Stieglitz,bw245,2024,2024-03-18,0,non_breeder,78
Carduelis carduelis,Stieglitz,bw245,2024,2024-05-01,1,non_breeder,122
Carduelis carduelis,Stieglitz,bw246,2024,2024-03-25,0,non_breeder,85
Carduelis carduelis,Stieglitz,bw246,2024,2024-04-28,2,non_breeder,119
Carduelis carduelis,Stieglitz,bw246,2024,2024-05-11,1,non_breeder,132
Carduelis carduelis,Stieglitz,bw246,2024,2024-06-06,2,non_breeder,158
Carduelis carduelis,Stieglitz,bw246,2025,2025-05-13,1,non_breeder,133
Carduelis carduelis,Stieglitz,bw246,2025,2025-03-20,0,non_breeder,79
Carduelis carduelis,Stieglitz,bw246,2025,2025-04-17,1,non_breeder,107
Carduelis carduelis,Stieglitz,bw246,2025,2025-06-10,2,non_breeder,161
Carduelis carduelis,Stieglitz,bw247,2024,2024-04-11,4,non_breeder,102
Carduelis carduelis,Stieglitz,bw247,2024,2024-03-10,1,non_breeder,70
Carduelis carduelis,Stieglitz,bw247,2025,2025-03-14,5,non_breeder,73
Carduelis carduelis,Stieglitz,bw250,2024,2024-03-27,0,non_breeder,87
Carduelis carduelis,Stieglitz,bw250,2024,2024-04-30,0,non_breeder,121
Carduelis carduelis,Stieglitz,bw250,2024,2024-06-20,2,non_breeder,172
Carduelis carduelis,Stieglitz,bw250,2024,2024-05-21,0,non_breeder,142
Carduelis carduelis,Stieglitz,bw250,2025,2025-06-16,0,non_breeder,167
Carduelis carduelis,Stieglitz,bw250,2025,2025-04-27,1,non_breeder,117
Carduelis carduelis,Stieglitz,bw250,2025,2025-05-09,1,non_breeder,129
Carduelis carduelis,Stieglitz,bw250,2025,2025-03-31,0,non_breeder,90
Carduelis carduelis,Stieglitz,bw253,2022,2022-05-17,4,non_breeder,137
Carduelis carduelis,Stieglitz,bw253,2022,2022-03-29,5,non_breeder,88
Carduelis carduelis,Stieglitz,bw253,2022,2022-04-15,4,non_breeder,105
Carduelis carduelis,Stieglitz,bw255,2024,2024-03-20,4,non_breeder,80
Carduelis carduelis,Stieglitz,bw255,2024,2024-04-04,5,non_breeder,95
Carduelis carduelis,Stieglitz,bw255,2024,2024-06-06,7,non_breeder,158
Carduelis carduelis,Stieglitz,bw255,2024,2024-05-14,0,non_breeder,135
Carduelis carduelis,Stieglitz,bw255,2025,2025-05-08,3,non_breeder,128
Carduelis carduelis,Stieglitz,bw255,2025,2025-03-17,0,non_breeder,76
Carduelis carduelis,Stieglitz,bw255,2025,2025-04-08,4,non_breeder,98
Carduelis carduelis,Stieglitz,bw255,2025,2025-05-23,1,non_breeder,143
Carduelis carduelis,Stieglitz,bw259,2024,2024-05-20,5,non_breeder,141
Carduelis carduelis,Stieglitz,bw259,2024,2024-06-17,3,non_breeder,169
Carduelis carduelis,Stieglitz,bw259,2024,2024-03-21,0,non_breeder,81
Carduelis carduelis,Stieglitz,bw259,2024,2024-04-19,1,non_breeder,110
Carduelis carduelis,Stieglitz,bw259,2025,2025-04-26,0,non_breeder,116
Carduelis carduelis,Stieglitz,bw259,2025,2025-05-13,0,non_breeder,133
Carduelis carduelis,Stieglitz,bw259,2025,2025-06-13,1,non_breeder,164
Carduelis carduelis,Stieglitz,bw259,2025,2025-03-20,4,non_breeder,79
Carduelis carduelis,Stieglitz,bw261,2021,2021-04-23,5,non_breeder,113
Carduelis carduelis,Stieglitz,bw261,2021,2021-03-26,10,non_breeder,85
Carduelis carduelis,Stieglitz,bw261,2021,2021-05-13,4,non_breeder,133
Carduelis carduelis,Stieglitz,bw261,2021,2021-06-13,7,non_breeder,164
Carduelis carduelis,Stieglitz,bw261,2022,2022-06-05,2,non_breeder,156
Carduelis carduelis,Stieglitz,bw261,2022,2022-05-11,6,non_breeder,131
Carduelis carduelis,Stieglitz,bw261,2022,2022-04-15,4,non_breeder,105
Carduelis carduelis,Stieglitz,bw261,2022,2022-03-20,0,non_breeder,79
Carduelis carduelis,Stieglitz,bw261,2023,2023-03-26,3,non_breeder,85
Carduelis carduelis,Stieglitz,bw261,2023,2023-05-11,15,non_breeder,131
Carduelis carduelis,Stieglitz,bw261,2023,2023-04-10,11,non_breeder,100
Carduelis carduelis,Stieglitz,bw261,2023,2023-06-04,5,non_breeder,155
Carduelis carduelis,Stieglitz,bw261,2024,2024-05-13,8,non_breeder,134
Carduelis carduelis,Stieglitz,bw261,2024,2024-06-08,7,non_breeder,160
Carduelis carduelis,Stieglitz,bw261,2024,2024-04-13,9,non_breeder,104
Carduelis carduelis,Stieglitz,bw261,2024,2024-03-29,2,non_breeder,89
Carduelis carduelis,Stieglitz,bw261,2025,2025-03-29,6,non_breeder,88
Carduelis carduelis,Stieglitz,bw261,2025,2025-04-26,9,non_breeder,116
Carduelis carduelis,Stieglitz,bw261,2025,2025-05-09,6,non_breeder,129
Carduelis carduelis,Stieglitz,bw261,2025,2025-06-09,4,non_breeder,160
Carduelis carduelis,Stieglitz,bw262,2024,2024-03-10,1,non_breeder,70
Carduelis carduelis,Stieglitz,bw262,2024,2024-06-07,6,non_breeder,159
Carduelis carduelis,Stieglitz,bw262,2024,2024-05-10,4,non_breeder,131
Carduelis carduelis,Stieglitz,bw262,2024,2024-04-07,0,non_breeder,98
Carduelis carduelis,Stieglitz,bw262,2025,2025-06-06,5,non_breeder,157
Carduelis carduelis,Stieglitz,bw262,2025,2025-05-09,2,non_breeder,129
Carduelis carduelis,Stieglitz,bw262,2025,2025-03-14,0,non_breeder,73
Carduelis carduelis,Stieglitz,bw262,2025,2025-04-12,2,non_breeder,102
Carduelis carduelis,Stieglitz,bw265,2021,2021-03-27,6,non_breeder,86
Carduelis carduelis,Stieglitz,bw265,2021,2021-04-24,2,non_breeder,114
Carduelis carduelis,Stieglitz,bw265,2021,2021-06-19,4,non_breeder,170
Carduelis carduelis,Stieglitz,bw265,2021,2021-05-15,2,non_breeder,135
Carduelis carduelis,Stieglitz,bw265,2022,2022-06-06,6,non_breeder,157
Carduelis carduelis,Stieglitz,bw265,2022,2022-03-26,4,non_breeder,85
Carduelis carduelis,Stieglitz,bw265,2022,2022-04-16,3,non_breeder,106
Carduelis carduelis,Stieglitz,bw265,2022,2022-05-15,3,non_breeder,135
Carduelis carduelis,Stieglitz,bw265,2023,2023-04-15,2,non_breeder,105
Carduelis carduelis,Stieglitz,bw265,2023,2023-03-31,2,non_breeder,90
Carduelis carduelis,Stieglitz,bw265,2023,2023-06-11,2,non_breeder,162
Carduelis carduelis,Stieglitz,bw265,2023,2023-05-12,5,non_breeder,132
Carduelis carduelis,Stieglitz,bw265,2024,2024-05-11,2,non_breeder,132
Carduelis carduelis,Stieglitz,bw265,2024,2024-03-30,0,non_breeder,90
Carduelis carduelis,Stieglitz,bw265,2024,2024-04-14,4,non_breeder,105
Carduelis carduelis,Stieglitz,bw265,2024,2024-06-16,2,non_breeder,168
Carduelis carduelis,Stieglitz,bw265,2025,2025-05-11,2,non_breeder,131
Carduelis carduelis,Stieglitz,bw265,2025,2025-03-30,2,non_breeder,89
Carduelis carduelis,Stieglitz,bw265,2025,2025-06-14,1,non_breeder,165
Carduelis carduelis,Stieglitz,bw265,2025,2025-04-27,3,non_breeder,117
Carduelis carduelis,Stieglitz,bw267,2022,2022-05-19,3,non_breeder,139
Carduelis carduelis,Stieglitz,bw267,2022,2022-03-26,1,non_breeder,85
Carduelis carduelis,Stieglitz,bw267,2022,2022-04-29,1,non_breeder,119
Carduelis carduelis,Stieglitz,bw267,2022,2022-06-19,1,non_breeder,170
Carduelis carduelis,Stieglitz,bw267,2024,2024-03-22,0,non_breeder,82
Carduelis carduelis,Stieglitz,bw267,2024,2024-04-05,5,non_breeder,96
Carduelis carduelis,Stieglitz,bw267,2024,2024-05-25,3,non_breeder,146
Carduelis carduelis,Stieglitz,bw267,2024,2024-05-18,0,non_breeder,139
Carduelis carduelis,Stieglitz,bw267,2025,2025-03-10,1,non_breeder,69
Carduelis carduelis,Stieglitz,bw267,2025,2025-05-09,0,non_breeder,129
Carduelis carduelis,Stieglitz,bw267,2025,2025-05-23,1,non_breeder,143
Carduelis carduelis,Stieglitz,bw267,2025,2025-04-04,4,non_breeder,94
Carduelis carduelis,Stieglitz,bw272,2025,2025-03-20,0,non_breeder,79
Carduelis carduelis,Stieglitz,bw272,2025,2025-04-02,0,non_breeder,92
Carduelis carduelis,Stieglitz,bw272,2025,2025-05-01,1,non_breeder,121
Carduelis carduelis,Stieglitz,bw272,2025,2025-05-21,0,non_breeder,141
Carduelis carduelis,Stieglitz,bw273,2024,2024-03-21,0,non_breeder,81
Carduelis carduelis,Stieglitz,bw273,2024,2024-04-05,0,non_breeder,96
Carduelis carduelis,Stieglitz,bw273,2024,2024-05-08,10,non_breeder,129
Carduelis carduelis,Stieglitz,bw273,2024,2024-06-19,3,non_breeder,171
Carduelis carduelis,Stieglitz,bw273,2025,2025-03-27,0,non_breeder,86
Carduelis carduelis,Stieglitz,bw273,2025,2025-04-11,2,non_breeder,101
Carduelis carduelis,Stieglitz,bw273,2025,2025-05-15,4,non_breeder,135
Carduelis carduelis,Stieglitz,bw273,2025,2025-05-31,4,non_breeder,151
Carduelis carduelis,Stieglitz,bw274,2024,2024-04-18,3,non_breeder,109
Carduelis carduelis,Stieglitz,bw274,2024,2024-05-29,1,non_breeder,150
Carduelis carduelis,Stieglitz,bw274,2024,2024-03-27,0,non_breeder,87
Carduelis carduelis,Stieglitz,bw274,2024,2024-05-06,0,non_breeder,127
Carduelis carduelis,Stieglitz,bw275,2024,2024-03-25,0,non_breeder,85
Carduelis carduelis,Stieglitz,bw275,2024,2024-04-27,5,non_breeder,118
Carduelis carduelis,Stieglitz,bw275,2024,2024-05-18,2,non_breeder,139
Carduelis carduelis,Stieglitz,bw275,2024,2024-06-10,5,non_breeder,162
Carduelis carduelis,Stieglitz,bw275,2025,2025-05-02,4,non_breeder,122
Carduelis carduelis,Stieglitz,bw275,2025,2025-03-24,2,non_breeder,83
Carduelis carduelis,Stieglitz,bw275,2025,2025-04-10,1,non_breeder,100
Carduelis carduelis,Stieglitz,bw275,2025,2025-05-22,4,non_breeder,142
Carduelis carduelis,Stieglitz,bw28,2022,2022-06-10,1,non_breeder,161
Carduelis carduelis,Stieglitz,bw28,2022,2022-03-29,0,non_breeder,88
Carduelis carduelis,Stieglitz,bw28,2022,2022-04-17,0,non_breeder,107
Carduelis carduelis,Stieglitz,bw28,2022,2022-05-15,0,non_breeder,135
Carduelis carduelis,Stieglitz,bw28,2023,2023-03-25,2,non_breeder,84
Carduelis carduelis,Stieglitz,bw28,2023,2023-04-15,0,non_breeder,105
Carduelis carduelis,Stieglitz,bw28,2023,2023-05-18,1,non_breeder,138
Carduelis carduelis,Stieglitz,bw28,2023,2023-05-29,4,non_breeder,149
Carduelis carduelis,Stieglitz,bw28,2024,2024-03-12,0,non_breeder,72
Carduelis carduelis,Stieglitz,bw28,2024,2024-04-06,1,non_breeder,97
Carduelis carduelis,Stieglitz,bw28,2024,2024-05-01,0,non_breeder,122
Carduelis carduelis,Stieglitz,bw28,2024,2024-05-23,0,non_breeder,144
Carduelis carduelis,Stieglitz,bw280,2025,2025-04-16,0,non_breeder,106
Carduelis carduelis,Stieglitz,bw280,2025,2025-05-13,1,non_breeder,133
Carduelis carduelis,Stieglitz,bw280,2025,2025-03-29,0,non_breeder,88
Carduelis carduelis,Stieglitz,bw280,2025,2025-06-13,0,non_breeder,164
Carduelis carduelis,Stieglitz,bw284,2022,2022-03-14,0,non_breeder,73
Carduelis carduelis,Stieglitz,bw284,2022,2022-06-26,5,non_breeder,177
Carduelis carduelis,Stieglitz,bw284,2022,2022-04-14,2,non_breeder,104
Carduelis carduelis,Stieglitz,bw284,2022,2022-05-02,3,non_breeder,122
Carduelis carduelis,Stieglitz,bw284,2023,2023-04-12,7,non_breeder,102
Carduelis carduelis,Stieglitz,bw284,2023,2023-03-21,0,non_breeder,80
Carduelis carduelis,Stieglitz,bw284,2023,2023-06-10,4,non_breeder,161
Carduelis carduelis,Stieglitz,bw284,2023,2023-05-18,4,non_breeder,138
Carduelis carduelis,Stieglitz,bw284,2024,2024-05-09,5,non_breeder,130
Carduelis carduelis,Stieglitz,bw284,2024,2024-03-07,0,non_breeder,67
Carduelis carduelis,Stieglitz,bw284,2024,2024-04-07,3,non_breeder,98
Carduelis carduelis,Stieglitz,bw284,2024,2024-06-09,3,non_breeder,161
Carduelis carduelis,Stieglitz,bw284,2024,2024-04-06,0,non_breeder,97
Carduelis carduelis,Stieglitz,bw284,2025,2025-04-05,0,non_breeder,95
Carduelis carduelis,Stieglitz,bw284,2025,2025-06-09,2,non_breeder,160
Carduelis carduelis,Stieglitz,bw284,2025,2025-05-11,2,non_breeder,131
Carduelis carduelis,Stieglitz,bw284,2025,2025-03-18,0,non_breeder,77
Carduelis carduelis,Stieglitz,bw287,2025,2025-05-16,0,non_breeder,136
Carduelis carduelis,Stieglitz,bw287,2025,2025-06-16,0,non_breeder,167
Carduelis carduelis,Stieglitz,bw287,2025,2025-03-23,1,non_breeder,82
Carduelis carduelis,Stieglitz,bw287,2025,2025-04-18,0,non_breeder,108
Carduelis carduelis,Stieglitz,bw290,2024,2024-03-24,0,non_breeder,84
Carduelis carduelis,Stieglitz,bw290,2024,2024-04-11,3,non_breeder,102
Carduelis carduelis,Stieglitz,bw290,2024,2024-05-15,0,non_breeder,136
Carduelis carduelis,Stieglitz,bw290,2024,2024-05-31,3,non_breeder,152
Carduelis carduelis,Stieglitz,bw290,2025,2025-03-25,2,non_breeder,84
Carduelis carduelis,Stieglitz,bw290,2025,2025-04-29,3,non_breeder,119
Carduelis carduelis,Stieglitz,bw290,2025,2025-05-17,1,non_breeder,137
Carduelis carduelis,Stieglitz,bw290,2025,2025-06-16,1,non_breeder,167
Carduelis carduelis,Stieglitz,bw291,2025,2025-04-02,1,non_breeder,92
Carduelis carduelis,Stieglitz,bw291,2025,2025-05-02,0,non_breeder,122
Carduelis carduelis,Stieglitz,bw291,2025,2025-06-09,0,non_breeder,160
Carduelis carduelis,Stieglitz,bw291,2025,2025-03-11,0,non_breeder,70
Carduelis carduelis,Stieglitz,bw292,2024,2024-03-26,1,non_breeder,86
Carduelis carduelis,Stieglitz,bw292,2024,2024-04-29,0,non_breeder,120
Carduelis carduelis,Stieglitz,bw292,2024,2024-05-16,1,non_breeder,137
Carduelis carduelis,Stieglitz,bw292,2024,2024-06-13,0,non_breeder,165
Carduelis carduelis,Stieglitz,bw292,2025,2025-03-26,0,non_breeder,85
Carduelis carduelis,Stieglitz,bw292,2025,2025-04-24,1,non_breeder,114
Carduelis carduelis,Stieglitz,bw292,2025,2025-05-16,0,non_breeder,136
Carduelis carduelis,Stieglitz,bw292,2025,2025-06-10,0,non_breeder,161
Carduelis carduelis,Stieglitz,bw294,2022,2022-03-10,0,non_breeder,69
Carduelis carduelis,Stieglitz,bw294,2022,2022-04-06,0,non_breeder,96
Carduelis carduelis,Stieglitz,bw294,2022,2022-05-09,0,non_breeder,129
Carduelis carduelis,Stieglitz,bw294,2022,2022-05-21,5,non_breeder,141
Carduelis carduelis,Stieglitz,bw294,2023,2023-03-18,1,non_breeder,77
Carduelis carduelis,Stieglitz,bw294,2023,2023-04-19,9,non_breeder,109
Carduelis carduelis,Stieglitz,bw294,2023,2023-05-04,10,non_breeder,124
Carduelis carduelis,Stieglitz,bw294,2023,2023-05-25,1,non_breeder,145
Carduelis carduelis,Stieglitz,bw294,2024,2024-03-14,6,non_breeder,74
Carduelis carduelis,Stieglitz,bw294,2024,2024-04-07,1,non_breeder,98
Carduelis carduelis,Stieglitz,bw294,2024,2024-05-01,7,non_breeder,122
Carduelis carduelis,Stieglitz,bw294,2024,2024-05-23,5,non_breeder,144
Carduelis carduelis,Stieglitz,bw294,2025,2025-03-11,0,non_breeder,70
Carduelis carduelis,Stieglitz,bw294,2025,2025-04-04,0,non_breeder,94
Carduelis carduelis,Stieglitz,bw294,2025,2025-05-01,4,non_breeder,121
Carduelis carduelis,Stieglitz,bw294,2025,2025-05-21,2,non_breeder,141
Carduelis carduelis,Stieglitz,bw299,2021,2021-06-12,0,non_breeder,163
Carduelis carduelis,Stieglitz,bw299,2021,2021-03-27,0,non_breeder,86
Carduelis carduelis,Stieglitz,bw299,2021,2021-05-16,2,non_breeder,136
Carduelis carduelis,Stieglitz,bw299,2021,2021-04-10,11,non_breeder,100
Carduelis carduelis,Stieglitz,bw299,2022,2022-03-13,1,non_breeder,72
Carduelis carduelis,Stieglitz,bw299,2022,2022-05-15,1,non_breeder,135
Carduelis carduelis,Stieglitz,bw299,2022,2022-05-26,3,non_breeder,146
Carduelis carduelis,Stieglitz,bw299,2022,2022-04-14,0,non_breeder,104
Carduelis carduelis,Stieglitz,bw299,2023,2023-05-18,2,non_breeder,138
Carduelis carduelis,Stieglitz,bw299,2023,2023-03-18,0,non_breeder,77
Carduelis carduelis,Stieglitz,bw299,2023,2023-04-06,1,non_breeder,96
Carduelis carduelis,Stieglitz,bw299,2023,2023-06-18,6,non_breeder,169
Carduelis carduelis,Stieglitz,bw299,2024,2024-04-13,2,non_breeder,104
Carduelis carduelis,Stieglitz,bw299,2024,2024-05-10,2,non_breeder,131
Carduelis carduelis,Stieglitz,bw299,2024,2024-06-16,2,non_breeder,168
Carduelis carduelis,Stieglitz,bw299,2024,2024-03-23,2,non_breeder,83
Carduelis carduelis,Stieglitz,bw299,2025,2025-05-29,1,non_breeder,149
Carduelis carduelis,Stieglitz,bw299,2025,2025-04-13,3,non_breeder,103
Carduelis carduelis,Stieglitz,bw299,2025,2025-05-02,3,non_breeder,122
Carduelis carduelis,Stieglitz,bw299,2025,2025-03-22,1,non_breeder,81
Carduelis carduelis,Stieglitz,bw303,2024,2024-03-27,0,non_breeder,87
Carduelis carduelis,Stieglitz,bw303,2024,2024-05-12,0,non_breeder,133
Carduelis carduelis,Stieglitz,bw303,2024,2024-06-05,1,non_breeder,157
Carduelis carduelis,Stieglitz,bw303,2024,2024-04-19,3,non_breeder,110
Carduelis carduelis,Stieglitz,bw303,2025,2025-04-12,0,non_breeder,102
Carduelis carduelis,Stieglitz,bw303,2025,2025-03-23,0,non_breeder,82
Carduelis carduelis,Stieglitz,bw303,2025,2025-05-11,0,non_breeder,131
Carduelis carduelis,Stieglitz,bw303,2025,2025-06-10,3,non_breeder,161
Carduelis carduelis,Stieglitz,bw305,2024,2024-03-22,0,non_breeder,82
Carduelis carduelis,Stieglitz,bw305,2024,2024-04-21,4,non_breeder,112
Carduelis carduelis,Stieglitz,bw305,2024,2024-05-14,0,non_breeder,135
Carduelis carduelis,Stieglitz,bw305,2024,2024-06-14,1,non_breeder,166
Carduelis carduelis,Stieglitz,bw305,2025,2025-04-19,0,non_breeder,109
Carduelis carduelis,Stieglitz,bw305,2025,2025-06-13,0,non_breeder,164
Carduelis carduelis,Stieglitz,bw305,2025,2025-03-15,1,non_breeder,74
Carduelis carduelis,Stieglitz,bw305,2025,2025-05-18,0,non_breeder,138
Carduelis carduelis,Stieglitz,bw307,2021,2021-04-03,0,non_breeder,93
Carduelis carduelis,Stieglitz,bw307,2021,2021-04-11,0,non_breeder,101
Carduelis carduelis,Stieglitz,bw307,2021,2021-05-15,0,non_breeder,135
Carduelis carduelis,Stieglitz,bw307,2021,2021-06-13,1,non_breeder,164
Carduelis carduelis,Stieglitz,bw307,2022,2022-03-26,0,non_breeder,85
Carduelis carduelis,Stieglitz,bw307,2022,2022-04-16,0,non_breeder,106
Carduelis carduelis,Stieglitz,bw307,2022,2022-05-14,0,non_breeder,134
Carduelis carduelis,Stieglitz,bw307,2022,2022-06-05,1,non_breeder,156
Carduelis carduelis,Stieglitz,bw307,2024,2024-03-31,0,non_breeder,91
Carduelis carduelis,Stieglitz,bw307,2024,2024-04-07,0,non_breeder,98
Carduelis carduelis,Stieglitz,bw307,2024,2024-05-20,0,non_breeder,141
Carduelis carduelis,Stieglitz,bw307,2024,2024-06-08,1,non_breeder,160
Carduelis carduelis,Stieglitz,bw307,2025,2025-03-22,0,non_breeder,81
Carduelis carduelis,Stieglitz,bw307,2025,2025-04-06,0,non_breeder,96
Carduelis carduelis,Stieglitz,bw307,2025,2025-05-02,0,non_breeder,122
Carduelis carduelis,Stieglitz,bw307,2025,2025-05-30,1,non_breeder,150
Carduelis carduelis,Stieglitz,bw31,2023,2023-04-29,0,non_breeder,119
Carduelis carduelis,Stieglitz,bw31,2023,2023-03-28,4,non_breeder,87
Carduelis carduelis,Stieglitz,bw31,2023,2023-06-04,4,non_breeder,155
Carduelis carduelis,Stieglitz,bw31,2023,2023-05-16,0,non_breeder,136
Carduelis carduelis,Stieglitz,bw31,2024,2024-05-26,6,non_breeder,147
Carduelis carduelis,Stieglitz,bw31,2024,2024-03-20,3,non_breeder,80
Carduelis carduelis,Stieglitz,bw31,2024,2024-04-28,1,non_breeder,119
Carduelis carduelis,Stieglitz,bw31,2024,2024-06-18,2,non_breeder,170
Carduelis carduelis,Stieglitz,bw31,2024,2024-05-25,0,non_breeder,146
Carduelis carduelis,Stieglitz,bw310,2023,2023-05-20,1,non_breeder,140
Carduelis carduelis,Stieglitz,bw310,2023,2023-06-10,0,non_breeder,161
Carduelis carduelis,Stieglitz,bw310,2023,2023-04-27,0,non_breeder,117
Carduelis carduelis,Stieglitz,bw310,2025,2025-04-19,0,non_breeder,109
Carduelis carduelis,Stieglitz,bw310,2025,2025-03-27,1,non_breeder,86
Carduelis carduelis,Stieglitz,bw310,2025,2025-05-18,1,non_breeder,138
Carduelis carduelis,Stieglitz,bw310,2025,2025-06-14,0,non_breeder,165
Carduelis carduelis,Stieglitz,bw314,2024,2024-05-20,1,non_breeder,141
Carduelis carduelis,Stieglitz,bw314,2024,2024-06-20,2,non_breeder,172
Carduelis carduelis,Stieglitz,bw314,2024,2024-03-28,0,non_breeder,88
Carduelis carduelis,Stieglitz,bw314,2024,2024-04-30,0,non_breeder,121
Carduelis carduelis,Stieglitz,bw314,2025,2025-06-19,1,non_breeder,170
Carduelis carduelis,Stieglitz,bw314,2025,2025-03-24,0,non_breeder,83
Carduelis carduelis,Stieglitz,bw314,2025,2025-04-30,0,non_breeder,120
Carduelis carduelis,Stieglitz,bw314,2025,2025-05-19,2,non_breeder,139
Carduelis carduelis,Stieglitz,bw315,2021,2021-04-25,1,non_breeder,115
Carduelis carduelis,Stieglitz,bw315,2021,2021-05-16,0,non_breeder,136
Carduelis carduelis,Stieglitz,bw315,2021,2021-06-13,0,non_breeder,164
Carduelis carduelis,Stieglitz,bw315,2021,2021-03-28,0,non_breeder,87
Carduelis carduelis,Stieglitz,bw315,2022,2022-03-20,5,non_breeder,79
Carduelis carduelis,Stieglitz,bw315,2024,2024-05-12,0,non_breeder,133
Carduelis carduelis,Stieglitz,bw315,2024,2024-06-09,0,non_breeder,161
Carduelis carduelis,Stieglitz,bw315,2024,2024-03-17,0,non_breeder,77
Carduelis carduelis,Stieglitz,bw315,2024,2024-04-14,1,non_breeder,105
Carduelis carduelis,Stieglitz,bw315,2025,2025-05-11,1,non_breeder,131
Carduelis carduelis,Stieglitz,bw315,2025,2025-06-15,0,non_breeder,166
Carduelis carduelis,Stieglitz,bw315,2025,2025-03-23,0,non_breeder,82
Carduelis carduelis,Stieglitz,bw315,2025,2025-04-13,7,non_breeder,103
Carduelis carduelis,Stieglitz,bw318,2022,2022-05-07,0,non_breeder,127
Carduelis carduelis,Stieglitz,bw318,2022,2022-05-21,0,non_breeder,141
Carduelis carduelis,Stieglitz,bw318,2022,2022-06-19,0,non_breeder,170
Carduelis carduelis,Stieglitz,bw318,2022,2022-03-12,1,non_breeder,71
Carduelis carduelis,Stieglitz,bw320,2024,2024-05-14,2,non_breeder,135
Carduelis carduelis,Stieglitz,bw320,2024,2024-03-26,2,non_breeder,86
Carduelis carduelis,Stieglitz,bw320,2024,2024-04-19,2,non_breeder,110
Carduelis carduelis,Stieglitz,bw320,2024,2024-06-12,1,non_breeder,164
Carduelis carduelis,Stieglitz,bw320,2025,2025-03-20,2,non_breeder,79
Carduelis carduelis,Stieglitz,bw320,2025,2025-05-10,4,non_breeder,130
Carduelis carduelis,Stieglitz,bw320,2025,2025-04-22,1,non_breeder,112
Carduelis carduelis,Stieglitz,bw320,2025,2025-06-16,3,non_breeder,167
Carduelis carduelis,Stieglitz,bw321,2023,2023-06-09,0,non_breeder,160
Carduelis carduelis,Stieglitz,bw321,2023,2023-05-13,0,non_breeder,133
Carduelis carduelis,Stieglitz,bw321,2023,2023-03-29,1,non_breeder,88
Carduelis carduelis,Stieglitz,bw321,2023,2023-04-18,0,non_breeder,108
Carduelis carduelis,Stieglitz,bw328,2022,2022-03-28,4,non_breeder,87
Carduelis carduelis,Stieglitz,bw328,2022,2022-04-28,8,non_breeder,118
Carduelis carduelis,Stieglitz,bw328,2023,2023-04-25,10,non_breeder,115
Carduelis carduelis,Stieglitz,bw328,2023,2023-05-18,15,non_breeder,138
Carduelis carduelis,Stieglitz,bw328,2023,2023-06-18,12,non_breeder,169
Carduelis carduelis,Stieglitz,bw328,2023,2023-03-29,15,non_breeder,88
Carduelis carduelis,Stieglitz,bw329,2021,2021-04-22,5,non_breeder,112
Carduelis carduelis,Stieglitz,bw329,2021,2021-05-09,0,non_breeder,129
Carduelis carduelis,Stieglitz,bw329,2021,2021-06-20,2,non_breeder,171
Carduelis carduelis,Stieglitz,bw329,2021,2021-03-21,1,non_breeder,80
Carduelis carduelis,Stieglitz,bw329,2022,2022-03-19,2,non_breeder,78
Carduelis carduelis,Stieglitz,bw329,2022,2022-05-10,3,non_breeder,130
Carduelis carduelis,Stieglitz,bw329,2022,2022-06-07,4,non_breeder,158
Carduelis carduelis,Stieglitz,bw329,2022,2022-04-10,4,non_breeder,100
Carduelis carduelis,Stieglitz,bw329,2023,2023-05-10,4,non_breeder,130
Carduelis carduelis,Stieglitz,bw329,2023,2023-06-10,5,non_breeder,161
Carduelis carduelis,Stieglitz,bw329,2023,2023-03-19,6,non_breeder,78
Carduelis carduelis,Stieglitz,bw329,2023,2023-04-08,9,non_breeder,98
Carduelis carduelis,Stieglitz,bw329,2024,2024-06-02,5,non_breeder,154
Carduelis carduelis,Stieglitz,bw329,2024,2024-05-09,4,non_breeder,130
Carduelis carduelis,Stieglitz,bw329,2024,2024-03-17,9,non_breeder,77
Carduelis carduelis,Stieglitz,bw329,2024,2024-04-07,5,non_breeder,98
Carduelis carduelis,Stieglitz,bw329,2025,2025-03-15,5,non_breeder,74
Carduelis carduelis,Stieglitz,bw329,2025,2025-05-29,12,non_breeder,149
Carduelis carduelis,Stieglitz,bw329,2025,2025-05-06,3,non_breeder,126
Carduelis carduelis,Stieglitz,bw329,2025,2025-04-05,0,non_breeder,95
Carduelis carduelis,Stieglitz,bw332,2023,2023-05-24,0,non_breeder,144
Carduelis carduelis,Stieglitz,bw332,2023,2023-04-30,1,non_breeder,120
Carduelis carduelis,Stieglitz,bw332,2023,2023-03-28,1,non_breeder,87
Carduelis carduelis,Stieglitz,bw332,2024,2024-04-25,0,non_breeder,116
Carduelis carduelis,Stieglitz,bw332,2024,2024-06-09,2,non_breeder,161
Carduelis carduelis,Stieglitz,bw332,2024,2024-03-30,0,non_breeder,90
Carduelis carduelis,Stieglitz,bw332,2024,2024-05-19,0,non_breeder,140
Carduelis carduelis,Stieglitz,bw333,2023,2023-05-18,1,non_breeder,138
Carduelis carduelis,Stieglitz,bw333,2023,2023-04-20,1,non_breeder,110
Carduelis carduelis,Stieglitz,bw333,2023,2023-06-20,1,non_breeder,171
Carduelis carduelis,Stieglitz,bw336,2024,2024-03-26,6,non_breeder,86
Carduelis carduelis,Stieglitz,bw336,2024,2024-04-08,9,non_breeder,99
Carduelis carduelis,Stieglitz,bw336,2024,2024-05-08,3,non_breeder,129
Carduelis carduelis,Stieglitz,bw336,2024,2024-06-04,6,non_breeder,156
Carduelis carduelis,Stieglitz,bw336,2025,2025-03-20,14,non_breeder,79
Carduelis carduelis,Stieglitz,bw336,2025,2025-04-21,12,non_breeder,111
Carduelis carduelis,Stieglitz,bw336,2025,2025-05-06,9,non_breeder,126
Carduelis carduelis,Stieglitz,bw336,2025,2025-06-01,3,non_breeder,152
Carduelis carduelis,Stieglitz,bw337,2022,2022-04-22,0,non_breeder,112
Carduelis carduelis,Stieglitz,bw337,2022,2022-06-06,0,non_breeder,157
Carduelis carduelis,Stieglitz,bw337,2022,2022-05-15,1,non_breeder,135
Carduelis carduelis,Stieglitz,bw337,2022,2022-03-19,0,non_breeder,78
Carduelis carduelis,Stieglitz,bw337,2023,2023-03-18,0,non_breeder,77
Carduelis carduelis,Stieglitz,bw337,2023,2023-05-13,0,non_breeder,133
Carduelis carduelis,Stieglitz,bw337,2023,2023-04-23,0,non_breeder,113
Carduelis carduelis,Stieglitz,bw337,2023,2023-06-03,1,non_breeder,154
Carduelis carduelis,Stieglitz,bw337,2024,2024-03-20,0,non_breeder,80
Carduelis carduelis,Stieglitz,bw337,2024,2024-04-28,2,non_breeder,119
Carduelis carduelis,Stieglitz,bw337,2024,2024-05-10,1,non_breeder,131
Carduelis carduelis,Stieglitz,bw337,2024,2024-06-08,0,non_breeder,160
Carduelis carduelis,Stieglitz,bw337,2025,2025-06-09,1,non_breeder,160
Carduelis carduelis,Stieglitz,bw337,2025,2025-04-19,1,non_breeder,109
Carduelis carduelis,Stieglitz,bw337,2025,2025-05-10,0,non_breeder,130
Carduelis carduelis,Stieglitz,bw337,2025,2025-03-19,1,non_breeder,78
Carduelis carduelis,Stieglitz,bw341,2022,2022-03-26,0,non_breeder,85
Carduelis carduelis,Stieglitz,bw341,2022,2022-04-21,1,non_breeder,111
Carduelis carduelis,Stieglitz,bw341,2022,2022-06-11,0,non_breeder,162
Carduelis carduelis,Stieglitz,bw341,2022,2022-05-07,0,non_breeder,127
Carduelis carduelis,Stieglitz,bw342,2022,2022-03-23,0,non_breeder,82
Carduelis carduelis,Stieglitz,bw342,2022,2022-04-12,0,non_breeder,102
Carduelis carduelis,Stieglitz,bw342,2022,2022-05-10,2,non_breeder,130
Carduelis carduelis,Stieglitz,bw342,2022,2022-05-31,0,non_breeder,151
Carduelis carduelis,Stieglitz,bw345,2024,2024-05-01,0,non_breeder,122
Carduelis carduelis,Stieglitz,bw345,2024,2024-06-05,3,non_breeder,157
Carduelis carduelis,Stieglitz,bw345,2024,2024-03-30,0,non_breeder,90
Carduelis carduelis,Stieglitz,bw345,2024,2024-05-19,0,non_breeder,140
Carduelis carduelis,Stieglitz,bw346,2025,2025-03-30,0,non_breeder,89
Carduelis carduelis,Stieglitz,bw346,2025,2025-05-14,1,non_breeder,134
Carduelis carduelis,Stieglitz,bw346,2025,2025-06-20,0,non_breeder,171
Carduelis carduelis,Stieglitz,bw346,2025,2025-04-29,0,non_breeder,119
Carduelis carduelis,Stieglitz,bw349,2025,2025-06-17,2,non_breeder,168
Carduelis carduelis,Stieglitz,bw349,2025,2025-03-26,0,non_breeder,85
Carduelis carduelis,Stieglitz,bw349,2025,2025-04-16,0,non_breeder,106
Carduelis carduelis,Stieglitz,bw349,2025,2025-05-19,2,non_breeder,139
Carduelis carduelis,Stieglitz,bw350,2022,2022-03-26,1,non_breeder,85
Carduelis carduelis,Stieglitz,bw350,2022,2022-04-29,0,non_breeder,119
Carduelis carduelis,Stieglitz,bw350,2022,2022-05-20,1,non_breeder,140
Carduelis carduelis,Stieglitz,bw350,2022,2022-06-18,2,non_breeder,169
Carduelis carduelis,Stieglitz,bw350,2023,2023-03-12,0,non_breeder,71
Carduelis carduelis,Stieglitz,bw350,2023,2023-04-12,0,non_breeder,102
Carduelis carduelis,Stieglitz,bw350,2023,2023-05-04,0,non_breeder,124
Carduelis carduelis,Stieglitz,bw350,2023,2023-06-10,3,non_breeder,161
Carduelis carduelis,Stieglitz,bw350,2024,2024-05-18,0,non_breeder,139
Carduelis carduelis,Stieglitz,bw350,2024,2024-06-15,3,non_breeder,167
Carduelis carduelis,Stieglitz,bw350,2024,2024-03-03,0,non_breeder,63
Carduelis carduelis,Stieglitz,bw350,2024,2024-04-27,0,non_breeder,118
Carduelis carduelis,Stieglitz,bw350,2025,2025-03-22,0,non_breeder,81
Carduelis carduelis,Stieglitz,bw350,2025,2025-04-20,0,non_breeder,110
Carduelis carduelis,Stieglitz,bw350,2025,2025-05-11,2,non_breeder,131
Carduelis carduelis,Stieglitz,bw350,2025,2025-06-21,0,non_breeder,172
Carduelis carduelis,Stieglitz,bw356,2025,2025-03-28,0,non_breeder,87
Carduelis carduelis,Stieglitz,bw356,2025,2025-04-26,0,non_breeder,116
Carduelis carduelis,Stieglitz,bw356,2025,2025-05-31,3,non_breeder,151
Carduelis carduelis,Stieglitz,bw356,2025,2025-06-28,1,non_breeder,179
Carduelis carduelis,Stieglitz,bw358,2022,2022-05-13,7,non_breeder,133
Carduelis carduelis,Stieglitz,bw358,2022,2022-06-10,6,non_breeder,161
Carduelis carduelis,Stieglitz,bw358,2022,2022-03-28,17,non_breeder,87
Carduelis carduelis,Stieglitz,bw358,2022,2022-04-22,9,non_breeder,112
Carduelis carduelis,Stieglitz,bw358,2023,2023-03-17,7,non_breeder,76
Carduelis carduelis,Stieglitz,bw358,2023,2023-05-12,11,non_breeder,132
Carduelis carduelis,Stieglitz,bw358,2023,2023-06-09,9,non_breeder,160
Carduelis carduelis,Stieglitz,bw358,2023,2023-04-11,16,non_breeder,101
Carduelis carduelis,Stieglitz,bw358,2024,2024-06-13,4,non_breeder,165
Carduelis carduelis,Stieglitz,bw358,2024,2024-05-10,12,non_breeder,131
Carduelis carduelis,Stieglitz,bw358,2024,2024-03-15,4,non_breeder,75
Carduelis carduelis,Stieglitz,bw358,2024,2024-04-12,4,non_breeder,103
Carduelis carduelis,Stieglitz,bw358,2024,2024-05-09,0,non_breeder,130
Carduelis carduelis,Stieglitz,bw358,2025,2025-04-05,4,non_breeder,95
Carduelis carduelis,Stieglitz,bw358,2025,2025-05-13,3,non_breeder,133
Carduelis carduelis,Stieglitz,bw358,2025,2025-06-06,4,non_breeder,157
Carduelis carduelis,Stieglitz,bw358,2025,2025-03-12,7,non_breeder,71
Carduelis carduelis,Stieglitz,bw36,2022,2022-06-16,4,non_breeder,167
Carduelis carduelis,Stieglitz,bw36,2022,2022-05-07,3,non_breeder,127
Carduelis carduelis,Stieglitz,bw36,2022,2022-04-18,0,non_breeder,108
Carduelis carduelis,Stieglitz,bw36,2022,2022-03-19,0,non_breeder,78
Carduelis carduelis,Stieglitz,bw36,2023,2023-06-04,6,non_breeder,155
Carduelis carduelis,Stieglitz,bw36,2023,2023-05-01,0,non_breeder,121
Carduelis carduelis,Stieglitz,bw36,2023,2023-03-18,0,non_breeder,77
Carduelis carduelis,Stieglitz,bw36,2023,2023-04-08,0,non_breeder,98
Carduelis carduelis,Stieglitz,bw36,2023,2023-04-07,0,non_breeder,97
Carduelis carduelis,Stieglitz,bw36,2024,2024-05-26,2,non_breeder,147
Carduelis carduelis,Stieglitz,bw36,2024,2024-05-01,0,non_breeder,122
Carduelis carduelis,Stieglitz,bw36,2024,2024-03-30,0,non_breeder,90
Carduelis carduelis,Stieglitz,bw36,2024,2024-04-13,0,non_breeder,104
Carduelis carduelis,Stieglitz,bw36,2025,2025-05-13,3,non_breeder,133
Carduelis carduelis,Stieglitz,bw36,2025,2025-06-09,4,non_breeder,160
Carduelis carduelis,Stieglitz,bw36,2025,2025-03-22,0,non_breeder,81
Carduelis carduelis,Stieglitz,bw36,2025,2025-04-21,0,non_breeder,111
Carduelis carduelis,Stieglitz,bw360,2022,2022-05-15,2,non_breeder,135
Carduelis carduelis,Stieglitz,bw360,2022,2022-06-14,0,non_breeder,165
Carduelis carduelis,Stieglitz,bw360,2022,2022-03-26,0,non_breeder,85
Carduelis carduelis,Stieglitz,bw360,2022,2022-04-17,0,non_breeder,107
Carduelis carduelis,Stieglitz,bw360,2025,2025-05-11,3,non_breeder,131
Carduelis carduelis,Stieglitz,bw360,2025,2025-06-10,0,non_breeder,161
Carduelis carduelis,Stieglitz,bw360,2025,2025-04-12,0,non_breeder,102
Carduelis carduelis,Stieglitz,bw360,2025,2025-03-23,1,non_breeder,82
Carduelis carduelis,Stieglitz,bw362,2024,2024-04-10,0,non_breeder,101
Carduelis carduelis,Stieglitz,bw362,2024,2024-03-29,0,non_breeder,89
Carduelis carduelis,Stieglitz,bw362,2024,2024-05-12,1,non_breeder,133
Carduelis carduelis,Stieglitz,bw362,2024,2024-06-18,0,non_breeder,170
Carduelis carduelis,Stieglitz,bw362,2025,2025-03-28,0,non_breeder,87
Carduelis carduelis,Stieglitz,bw362,2025,2025-05-11,0,non_breeder,131
Carduelis carduelis,Stieglitz,bw362,2025,2025-04-21,0,non_breeder,111
Carduelis carduelis,Stieglitz,bw362,2025,2025-06-20,1,non_breeder,171
Carduelis carduelis,Stieglitz,bw363,2024,2024-03-29,3,non_breeder,89
Carduelis carduelis,Stieglitz,bw363,2024,2024-04-19,5,non_breeder,110
Carduelis carduelis,Stieglitz,bw363,2024,2024-05-18,2,non_breeder,139
Carduelis carduelis,Stieglitz,bw363,2024,2024-06-14,4,non_breeder,166
Carduelis carduelis,Stieglitz,bw363,2025,2025-03-27,0,non_breeder,86
Carduelis carduelis,Stieglitz,bw363,2025,2025-04-19,3,non_breeder,109
Carduelis carduelis,Stieglitz,bw363,2025,2025-05-16,2,non_breeder,136
Carduelis carduelis,Stieglitz,bw363,2025,2025-06-06,3,non_breeder,157
Carduelis carduelis,Stieglitz,bw368,2022,2022-06-11,2,non_breeder,162
Carduelis carduelis,Stieglitz,bw368,2022,2022-04-23,4,non_breeder,113
Carduelis carduelis,Stieglitz,bw368,2022,2022-05-08,3,non_breeder,128
Carduelis carduelis,Stieglitz,bw368,2022,2022-03-20,0,non_breeder,79
Carduelis carduelis,Stieglitz,bw368,2023,2023-05-20,2,non_breeder,140
Carduelis carduelis,Stieglitz,bw368,2023,2023-06-10,5,non_breeder,161
Carduelis carduelis,Stieglitz,bw368,2023,2023-04-29,3,non_breeder,119
Carduelis carduelis,Stieglitz,bw368,2023,2023-03-26,0,non_breeder,85
Carduelis carduelis,Stieglitz,bw368,2024,2024-05-12,2,non_breeder,133
Carduelis carduelis,Stieglitz,bw368,2024,2024-06-08,3,non_breeder,160
Carduelis carduelis,Stieglitz,bw368,2024,2024-03-17,2,non_breeder,77
Carduelis carduelis,Stieglitz,bw368,2024,2024-04-14,4,non_breeder,105
Carduelis carduelis,Stieglitz,bw368,2025,2025-05-17,4,non_breeder,137
Carduelis carduelis,Stieglitz,bw368,2025,2025-06-08,4,non_breeder,159
Carduelis carduelis,Stieglitz,bw368,2025,2025-04-20,5,non_breeder,110
Carduelis carduelis,Stieglitz,bw368,2025,2025-03-22,0,non_breeder,81
Carduelis carduelis,Stieglitz,bw37,2022,2022-04-18,9,non_breeder,108
Carduelis carduelis,Stieglitz,bw37,2022,2022-05-15,4,non_breeder,135
Carduelis carduelis,Stieglitz,bw37,2022,2022-03-20,5,non_breeder,79
Carduelis carduelis,Stieglitz,bw37,2022,2022-06-14,1,non_breeder,165
Carduelis carduelis,Stieglitz,bw37,2023,2023-03-29,3,non_breeder,88
Carduelis carduelis,Stieglitz,bw37,2023,2023-04-22,9,non_breeder,112
Carduelis carduelis,Stieglitz,bw37,2023,2023-05-14,6,non_breeder,134
Carduelis carduelis,Stieglitz,bw37,2023,2023-06-13,9,non_breeder,164
Carduelis carduelis,Stieglitz,bw37,2024,2024-06-09,2,non_breeder,161
Carduelis carduelis,Stieglitz,bw37,2024,2024-03-17,3,non_breeder,77
Carduelis carduelis,Stieglitz,bw37,2024,2024-04-14,8,non_breeder,105
Carduelis carduelis,Stieglitz,bw37,2024,2024-05-12,4,non_breeder,133
Carduelis carduelis,Stieglitz,bw37,2025,2025-05-17,0,non_breeder,137
Carduelis carduelis,Stieglitz,bw37,2025,2025-03-20,3,non_breeder,79
Carduelis carduelis,Stieglitz,bw37,2025,2025-04-11,2,non_breeder,101
Carduelis carduelis,Stieglitz,bw37,2025,2025-06-11,0,non_breeder,162
Carduelis carduelis,Stieglitz,bw374,2024,2024-04-24,8,non_breeder,115
Carduelis carduelis,Stieglitz,bw374,2024,2024-03-19,1,non_breeder,79
Carduelis carduelis,Stieglitz,bw374,2024,2024-05-14,3,non_breeder,135
Carduelis carduelis,Stieglitz,bw374,2024,2024-06-05,5,non_breeder,157
Carduelis carduelis,Stieglitz,bw374,2025,2025-06-17,15,non_breeder,168
Carduelis carduelis,Stieglitz,bw374,2025,2025-03-31,4,non_breeder,90
Carduelis carduelis,Stieglitz,bw374,2025,2025-05-13,0,non_breeder,133
Carduelis carduelis,Stieglitz,bw374,2025,2025-04-17,2,non_breeder,107
Carduelis carduelis,Stieglitz,bw375,2025,2025-06-14,6,non_breeder,165
Carduelis carduelis,Stieglitz,bw375,2025,2025-04-19,2,non_breeder,109
Carduelis carduelis,Stieglitz,bw375,2025,2025-03-22,4,non_breeder,81
Carduelis carduelis,Stieglitz,bw375,2025,2025-05-17,5,non_breeder,137
Carduelis carduelis,Stieglitz,bw376,2024,2024-03-26,0,non_breeder,86
Carduelis carduelis,Stieglitz,bw376,2024,2024-04-24,0,non_breeder,115
Carduelis carduelis,Stieglitz,bw376,2024,2024-05-14,1,non_breeder,135
Carduelis carduelis,Stieglitz,bw376,2024,2024-06-18,1,non_breeder,170
Carduelis carduelis,Stieglitz,bw376,2025,2025-03-21,1,non_breeder,80
Carduelis carduelis,Stieglitz,bw376,2025,2025-05-20,1,non_breeder,140
Carduelis carduelis,Stieglitz,bw376,2025,2025-06-12,0,non_breeder,163
Carduelis carduelis,Stieglitz,bw376,2025,2025-04-29,2,non_breeder,119
Carduelis carduelis,Stieglitz,bw382,2025,2025-03-21,0,non_breeder,80
Carduelis carduelis,Stieglitz,bw382,2025,2025-05-10,0,non_breeder,130
Carduelis carduelis,Stieglitz,bw382,2025,2025-04-13,0,non_breeder,103
Carduelis carduelis,Stieglitz,bw382,2025,2025-06-09,1,non_breeder,160
Carduelis carduelis,Stieglitz,bw384,2024,2024-05-20,0,non_breeder,141
Carduelis carduelis,Stieglitz,bw384,2024,2024-06-16,1,non_breeder,168
Carduelis carduelis,Stieglitz,bw384,2024,2024-04-29,0,non_breeder,120
Carduelis carduelis,Stieglitz,bw384,2025,2025-05-29,0,non_breeder,149
Carduelis carduelis,Stieglitz,bw384,2025,2025-05-10,1,non_breeder,130
Carduelis carduelis,Stieglitz,bw384,2025,2025-03-23,0,non_breeder,82
Carduelis carduelis,Stieglitz,bw384,2025,2025-04-08,0,non_breeder,98
Carduelis carduelis,Stieglitz,bw385,2024,2024-05-14,1,non_breeder,135
Carduelis carduelis,Stieglitz,bw385,2024,2024-06-18,0,non_breeder,170
Carduelis carduelis,Stieglitz,bw385,2024,2024-03-26,0,non_breeder,86
Carduelis carduelis,Stieglitz,bw385,2024,2024-04-25,2,non_breeder,116
Carduelis carduelis,Stieglitz,bw385,2025,2025-06-12,1,non_breeder,163
Carduelis carduelis,Stieglitz,bw385,2025,2025-04-29,1,non_breeder,119
Carduelis carduelis,Stieglitz,bw385,2025,2025-03-25,0,non_breeder,84
Carduelis carduelis,Stieglitz,bw385,2025,2025-05-20,0,non_breeder,140
Carduelis carduelis,Stieglitz,bw387,2025,2025-04-30,1,non_breeder,120
Carduelis carduelis,Stieglitz,bw387,2025,2025-05-15,0,non_breeder,135
Carduelis carduelis,Stieglitz,bw387,2025,2025-06-11,1,non_breeder,162
Carduelis carduelis,Stieglitz,bw387,2025,2025-03-30,0,non_breeder,89
Carduelis carduelis,Stieglitz,bw389,2024,2024-03-28,0,non_breeder,88
Carduelis carduelis,Stieglitz,bw389,2024,2024-04-30,2,non_breeder,121
Carduelis carduelis,Stieglitz,bw389,2024,2024-05-15,2,non_breeder,136
Carduelis carduelis,Stieglitz,bw389,2024,2024-06-19,2,non_breeder,171
Carduelis carduelis,Stieglitz,bw389,2025,2025-04-30,1,non_breeder,120
Carduelis carduelis,Stieglitz,bw389,2025,2025-05-14,3,non_breeder,134
Carduelis carduelis,Stieglitz,bw389,2025,2025-06-11,3,non_breeder,162
Carduelis carduelis,Stieglitz,bw389,2025,2025-03-30,0,non_breeder,89
Carduelis carduelis,Stieglitz,bw392,2024,2024-06-06,4,non_breeder,158
Carduelis carduelis,Stieglitz,bw392,2024,2024-05-16,3,non_breeder,137
Carduelis carduelis,Stieglitz,bw392,2024,2024-03-19,0,non_breeder,79
Carduelis carduelis,Stieglitz,bw392,2024,2024-04-25,3,non_breeder,116
Carduelis carduelis,Stieglitz,bw392,2025,2025-03-28,2,non_breeder,87
Carduelis carduelis,Stieglitz,bw392,2025,2025-04-09,0,non_breeder,99
Carduelis carduelis,Stieglitz,bw392,2025,2025-05-07,2,non_breeder,127
Carduelis carduelis,Stieglitz,bw392,2025,2025-06-11,0,non_breeder,162
Carduelis carduelis,Stieglitz,bw394,2024,2024-05-22,5,non_breeder,143
Carduelis carduelis,Stieglitz,bw394,2024,2024-03-14,0,non_breeder,74
Carduelis carduelis,Stieglitz,bw394,2024,2024-04-03,0,non_breeder,94
Carduelis carduelis,Stieglitz,bw394,2024,2024-05-06,1,non_breeder,127
Carduelis carduelis,Stieglitz,bw394,2025,2025-06-03,1,non_breeder,154
Carduelis carduelis,Stieglitz,bw394,2025,2025-05-16,1,non_breeder,136
Carduelis carduelis,Stieglitz,bw394,2025,2025-04-23,2,non_breeder,113
Carduelis carduelis,Stieglitz,bw394,2025,2025-03-20,0,non_breeder,79
Carduelis carduelis,Stieglitz,bw395,2024,2024-03-20,0,non_breeder,80
Carduelis carduelis,Stieglitz,bw395,2024,2024-05-15,0,non_breeder,136
Carduelis carduelis,Stieglitz,bw395,2024,2024-06-13,1,non_breeder,165
Carduelis carduelis,Stieglitz,bw395,2024,2024-04-26,0,non_breeder,117
Carduelis carduelis,Stieglitz,bw395,2025,2025-05-09,5,non_breeder,129
Carduelis carduelis,Stieglitz,bw395,2025,2025-06-16,2,non_breeder,167
Carduelis carduelis,Stieglitz,bw395,2025,2025-03-27,5,non_breeder,86
Carduelis carduelis,Stieglitz,bw395,2025,2025-04-11,0,non_breeder,101
Carduelis carduelis,Stieglitz,bw397,2021,2021-06-13,9,non_breeder,164
Carduelis carduelis,Stieglitz,bw397,2021,2021-04-05,3,non_breeder,95
Carduelis carduelis,Stieglitz,bw397,2021,2021-05-13,5,non_breeder,133
Carduelis carduelis,Stieglitz,bw397,2021,2021-03-21,3,non_breeder,80
Carduelis carduelis,Stieglitz,bw397,2022,2022-05-29,12,non_breeder,149
Carduelis carduelis,Stieglitz,bw397,2022,2022-04-10,3,non_breeder,100
Carduelis carduelis,Stieglitz,bw397,2022,2022-05-08,8,non_breeder,128
Carduelis carduelis,Stieglitz,bw397,2022,2022-03-21,0,non_breeder,80
Carduelis carduelis,Stieglitz,bw397,2023,2023-05-07,12,non_breeder,127
Carduelis carduelis,Stieglitz,bw397,2023,2023-06-08,6,non_breeder,159
Carduelis carduelis,Stieglitz,bw397,2023,2023-03-19,2,non_breeder,78
Carduelis carduelis,Stieglitz,bw397,2023,2023-04-07,5,non_breeder,97
Carduelis carduelis,Stieglitz,bw397,2024,2024-06-12,6,non_breeder,164
Carduelis carduelis,Stieglitz,bw397,2024,2024-04-07,5,non_breeder,98
Carduelis carduelis,Stieglitz,bw397,2024,2024-03-20,3,non_breeder,80
Carduelis carduelis,Stieglitz,bw397,2024,2024-05-01,5,non_breeder,122
Carduelis carduelis,Stieglitz,bw397,2025,2025-05-11,10,non_breeder,131
Carduelis carduelis,Stieglitz,bw397,2025,2025-06-01,5,non_breeder,152
Carduelis carduelis,Stieglitz,bw397,2025,2025-04-20,6,non_breeder,110
Carduelis carduelis,Stieglitz,bw397,2025,2025-04-05,4,non_breeder,95
Carduelis carduelis,Stieglitz,bw4,2024,2024-03-25,0,non_breeder,85
Carduelis carduelis,Stieglitz,bw4,2024,2024-04-23,2,non_breeder,114
Carduelis carduelis,Stieglitz,bw4,2024,2024-05-14,1,non_breeder,135
Carduelis carduelis,Stieglitz,bw4,2024,2024-06-07,2,non_breeder,159
Carduelis carduelis,Stieglitz,bw4,2025,2025-06-05,0,non_breeder,156
Carduelis carduelis,Stieglitz,bw4,2025,2025-03-22,1,non_breeder,81
Carduelis carduelis,Stieglitz,bw4,2025,2025-04-22,0,non_breeder,112
Carduelis carduelis,Stieglitz,bw4,2025,2025-05-12,2,non_breeder,132
Carduelis carduelis,Stieglitz,bw40,2024,2024-04-28,1,non_breeder,119
Carduelis carduelis,Stieglitz,bw40,2024,2024-03-31,0,non_breeder,91
Carduelis carduelis,Stieglitz,bw400,2024,2024-04-25,5,non_breeder,116
Carduelis carduelis,Stieglitz,bw400,2024,2024-03-20,0,non_breeder,80
Carduelis carduelis,Stieglitz,bw400,2024,2024-05-15,3,non_breeder,136
Carduelis carduelis,Stieglitz,bw400,2024,2024-06-06,11,non_breeder,158
Carduelis carduelis,Stieglitz,bw400,2025,2025-03-30,0,non_breeder,89
Carduelis carduelis,Stieglitz,bw400,2025,2025-04-24,2,non_breeder,114
Carduelis carduelis,Stieglitz,bw400,2025,2025-05-14,1,non_breeder,134
Carduelis carduelis,Stieglitz,bw400,2025,2025-06-13,3,non_breeder,164
Carduelis carduelis,Stieglitz,bw401,2025,2025-06-15,0,non_breeder,166
Carduelis carduelis,Stieglitz,bw401,2025,2025-04-27,4,non_breeder,117
Carduelis carduelis,Stieglitz,bw401,2025,2025-05-31,1,non_breeder,151
Carduelis carduelis,Stieglitz,bw412,2022,2022-05-11,0,non_breeder,131
Carduelis carduelis,Stieglitz,bw412,2022,2022-06-01,3,non_breeder,152
Carduelis carduelis,Stieglitz,bw412,2022,2022-03-01,0,non_breeder,60
Carduelis carduelis,Stieglitz,bw412,2022,2022-04-20,1,non_breeder,110
Carduelis carduelis,Stieglitz,bw412,2023,2023-03-22,0,non_breeder,81
Carduelis carduelis,Stieglitz,bw412,2023,2023-06-09,3,non_breeder,160
Carduelis carduelis,Stieglitz,bw412,2023,2023-04-27,0,non_breeder,117
Carduelis carduelis,Stieglitz,bw412,2023,2023-05-11,0,non_breeder,131
Carduelis carduelis,Stieglitz,bw412,2025,2025-05-14,0,non_breeder,134
Carduelis carduelis,Stieglitz,bw412,2025,2025-06-10,1,non_breeder,161
Carduelis carduelis,Stieglitz,bw412,2025,2025-03-19,0,non_breeder,78
Carduelis carduelis,Stieglitz,bw412,2025,2025-04-11,0,non_breeder,101
Carduelis carduelis,Stieglitz,bw42,2022,2022-03-28,0,non_breeder,87
Carduelis carduelis,Stieglitz,bw42,2022,2022-04-23,0,non_breeder,113
Carduelis carduelis,Stieglitz,bw42,2022,2022-05-18,2,non_breeder,138
Carduelis carduelis,Stieglitz,bw42,2022,2022-06-03,0,non_breeder,154
Carduelis carduelis,Stieglitz,bw42,2024,2024-05-13,0,non_breeder,134
Carduelis carduelis,Stieglitz,bw42,2024,2024-03-30,1,non_breeder,90
Carduelis carduelis,Stieglitz,bw42,2024,2024-04-28,0,non_breeder,119
Carduelis carduelis,Stieglitz,bw42,2024,2024-06-06,2,non_breeder,158
Carduelis carduelis,Stieglitz,bw42,2024,2024-05-12,0,non_breeder,133
Carduelis carduelis,Stieglitz,bw42,2025,2025-05-20,1,non_breeder,140
Carduelis carduelis,Stieglitz,bw42,2025,2025-03-28,0,non_breeder,87
Carduelis carduelis,Stieglitz,bw42,2025,2025-04-30,1,non_breeder,120
Carduelis carduelis,Stieglitz,bw42,2025,2025-06-10,2,non_breeder,161
Carduelis carduelis,Stieglitz,bw42,2025,2025-06-09,0,non_breeder,160
Carduelis carduelis,Stieglitz,bw45,2022,2022-06-15,9,non_breeder,166
Carduelis carduelis,Stieglitz,bw45,2022,2022-03-13,0,non_breeder,72
Carduelis carduelis,Stieglitz,bw45,2022,2022-04-18,5,non_breeder,108
Carduelis carduelis,Stieglitz,bw45,2022,2022-05-09,3,non_breeder,129
Carduelis carduelis,Stieglitz,bw45,2023,2023-03-31,3,non_breeder,90
Carduelis carduelis,Stieglitz,bw45,2023,2023-04-29,11,non_breeder,119
Carduelis carduelis,Stieglitz,bw45,2023,2023-05-18,10,non_breeder,138
Carduelis carduelis,Stieglitz,bw45,2023,2023-06-10,9,non_breeder,161
Carduelis carduelis,Stieglitz,bw45,2024,2024-03-14,0,non_breeder,74
Carduelis carduelis,Stieglitz,bw45,2024,2024-04-06,9,non_breeder,97
Carduelis carduelis,Stieglitz,bw45,2024,2024-05-02,4,non_breeder,123
Carduelis carduelis,Stieglitz,bw45,2024,2024-05-28,5,non_breeder,149
Carduelis carduelis,Stieglitz,bw45,2025,2025-03-15,0,non_breeder,74
Carduelis carduelis,Stieglitz,bw45,2025,2025-04-05,5,non_breeder,95
Carduelis carduelis,Stieglitz,bw45,2025,2025-05-01,13,non_breeder,121
Carduelis carduelis,Stieglitz,bw45,2025,2025-05-31,6,non_breeder,151
Carduelis carduelis,Stieglitz,bw46,2024,2024-05-12,2,non_breeder,133
Carduelis carduelis,Stieglitz,bw46,2024,2024-06-06,0,non_breeder,158
Carduelis carduelis,Stieglitz,bw46,2024,2024-03-10,3,non_breeder,70
Carduelis carduelis,Stieglitz,bw46,2024,2024-04-13,2,non_breeder,104
Carduelis carduelis,Stieglitz,bw46,2025,2025-05-10,2,non_breeder,130
Carduelis carduelis,Stieglitz,bw46,2025,2025-06-08,1,non_breeder,159
Carduelis carduelis,Stieglitz,bw46,2025,2025-04-05,8,non_breeder,95
Carduelis carduelis,Stieglitz,bw46,2025,2025-03-23,0,non_breeder,82
Carduelis carduelis,Stieglitz,bw48,2022,2022-04-29,1,non_breeder,119
Carduelis carduelis,Stieglitz,bw48,2022,2022-05-20,0,non_breeder,140
Carduelis carduelis,Stieglitz,bw48,2022,2022-03-31,1,non_breeder,90
Carduelis carduelis,Stieglitz,bw48,2022,2022-06-20,0,non_breeder,171
Carduelis carduelis,Stieglitz,bw48,2023,2023-03-29,0,non_breeder,88
Carduelis carduelis,Stieglitz,bw48,2023,2023-04-30,1,non_breeder,120
Carduelis carduelis,Stieglitz,bw48,2023,2023-06-19,0,non_breeder,170
Carduelis carduelis,Stieglitz,bw48,2023,2023-05-23,0,non_breeder,143
Carduelis carduelis,Stieglitz,bw48,2025,2025-03-31,0,non_breeder,90
Carduelis carduelis,Stieglitz,bw48,2025,2025-04-30,1,non_breeder,120
Carduelis carduelis,Stieglitz,bw48,2025,2025-05-19,0,non_breeder,139
Carduelis carduelis,Stieglitz,bw48,2025,2025-06-14,1,non_breeder,165
Carduelis carduelis,Stieglitz,bw51,2023,2023-03-29,14,non_breeder,88
Carduelis carduelis,Stieglitz,bw51,2023,2023-06-14,6,non_breeder,165
Carduelis carduelis,Stieglitz,bw51,2023,2023-04-26,3,non_breeder,116
Carduelis carduelis,Stieglitz,bw51,2023,2023-05-23,5,non_breeder,143
Carduelis carduelis,Stieglitz,bw51,2024,2024-03-22,0,non_breeder,82
Carduelis carduelis,Stieglitz,bw51,2024,2024-04-25,5,non_breeder,116
Carduelis carduelis,Stieglitz,bw51,2024,2024-05-16,4,non_breeder,137
Carduelis carduelis,Stieglitz,bw51,2024,2024-06-19,5,non_breeder,171
Carduelis carduelis,Stieglitz,bw51,2025,2025-04-07,0,non_breeder,97
Carduelis carduelis,Stieglitz,bw51,2025,2025-06-15,17,non_breeder,166
Carduelis carduelis,Stieglitz,bw51,2025,2025-03-19,1,non_breeder,78
Carduelis carduelis,Stieglitz,bw51,2025,2025-05-15,3,non_breeder,135
Carduelis carduelis,Stieglitz,bw55,2025,2025-03-21,2,non_breeder,80
Carduelis carduelis,Stieglitz,bw55,2025,2025-05-17,0,non_breeder,137
Carduelis carduelis,Stieglitz,bw55,2025,2025-06-13,0,non_breeder,164
Carduelis carduelis,Stieglitz,bw55,2025,2025-04-22,2,non_breeder,112
Carduelis carduelis,Stieglitz,bw56,2023,2023-04-10,1,non_breeder,100
Carduelis carduelis,Stieglitz,bw56,2023,2023-03-18,0,non_breeder,77
Carduelis carduelis,Stieglitz,bw56,2023,2023-05-05,0,non_breeder,125
Carduelis carduelis,Stieglitz,bw56,2023,2023-05-26,0,non_breeder,146
Carduelis carduelis,Stieglitz,bw56,2024,2024-06-08,0,non_breeder,160
Carduelis carduelis,Stieglitz,bw56,2024,2024-03-30,0,non_breeder,90
Carduelis carduelis,Stieglitz,bw56,2024,2024-04-14,0,non_breeder,105
Carduelis carduelis,Stieglitz,bw56,2024,2024-05-01,1,non_breeder,122
Carduelis carduelis,Stieglitz,bw56,2024,2024-04-30,0,non_breeder,121
Carduelis carduelis,Stieglitz,bw56,2024,2024-04-13,0,non_breeder,104
Carduelis carduelis,Stieglitz,bw58,2024,2024-04-30,0,non_breeder,121
Carduelis carduelis,Stieglitz,bw58,2024,2024-05-20,1,non_breeder,141
Carduelis carduelis,Stieglitz,bw58,2024,2024-06-16,0,non_breeder,168
Carduelis carduelis,Stieglitz,bw58,2024,2024-03-24,1,non_breeder,84
Carduelis carduelis,Stieglitz,bw58,2024,2024-05-19,0,non_breeder,140
Carduelis carduelis,Stieglitz,bw58,2025,2025-03-30,0,non_breeder,89
Carduelis carduelis,Stieglitz,bw58,2025,2025-06-18,2,non_breeder,169
Carduelis carduelis,Stieglitz,bw58,2025,2025-04-26,1,non_breeder,116
Carduelis carduelis,Stieglitz,bw58,2025,2025-05-17,0,non_breeder,137
Carduelis carduelis,Stieglitz,bw59,2022,2022-06-07,0,non_breeder,158
Carduelis carduelis,Stieglitz,bw59,2022,2022-05-02,0,non_breeder,122
Carduelis carduelis,Stieglitz,bw59,2022,2022-03-17,0,non_breeder,76
Carduelis carduelis,Stieglitz,bw59,2022,2022-04-11,4,non_breeder,101
Carduelis carduelis,Stieglitz,bw6,2022,2022-03-27,0,non_breeder,86
Carduelis carduelis,Stieglitz,bw6,2022,2022-04-18,0,non_breeder,108
Carduelis carduelis,Stieglitz,bw6,2022,2022-05-07,1,non_breeder,127
Carduelis carduelis,Stieglitz,bw6,2022,2022-05-26,1,non_breeder,146
Carduelis carduelis,Stieglitz,bw6,2023,2023-03-18,0,non_breeder,77
Carduelis carduelis,Stieglitz,bw6,2023,2023-04-10,0,non_breeder,100
Carduelis carduelis,Stieglitz,bw6,2023,2023-05-13,0,non_breeder,133
Carduelis carduelis,Stieglitz,bw6,2023,2023-06-10,2,non_breeder,161
Carduelis carduelis,Stieglitz,bw6,2025,2025-05-17,0,non_breeder,137
Carduelis carduelis,Stieglitz,bw6,2025,2025-06-07,11,non_breeder,158
Carduelis carduelis,Stieglitz,bw6,2025,2025-03-30,0,non_breeder,89
Carduelis carduelis,Stieglitz,bw6,2025,2025-04-17,0,non_breeder,107
Carduelis carduelis,Stieglitz,bw62,2023,2023-03-18,0,non_breeder,77
Carduelis carduelis,Stieglitz,bw62,2023,2023-04-16,0,non_breeder,106
Carduelis carduelis,Stieglitz,bw62,2023,2023-05-27,2,non_breeder,147
Carduelis carduelis,Stieglitz,bw64,2022,2022-05-15,0,non_breeder,135
Carduelis carduelis,Stieglitz,bw64,2022,2022-03-28,0,non_breeder,87
Carduelis carduelis,Stieglitz,bw64,2022,2022-04-27,1,non_breeder,117
Carduelis carduelis,Stieglitz,bw64,2022,2022-06-06,0,non_breeder,157
Carduelis carduelis,Stieglitz,bw64,2023,2023-06-04,1,non_breeder,155
Carduelis carduelis,Stieglitz,bw64,2023,2023-03-29,1,non_breeder,88
Carduelis carduelis,Stieglitz,bw64,2023,2023-04-26,1,non_breeder,116
Carduelis carduelis,Stieglitz,bw64,2023,2023-05-13,0,non_breeder,133
Carduelis carduelis,Stieglitz,bw64,2025,2025-06-07,0,non_breeder,158
Carduelis carduelis,Stieglitz,bw64,2025,2025-03-20,1,non_breeder,79
Carduelis carduelis,Stieglitz,bw64,2025,2025-04-11,0,non_breeder,101
Carduelis carduelis,Stieglitz,bw64,2025,2025-05-10,0,non_breeder,130
Carduelis carduelis,Stieglitz,bw66,2023,2023-04-23,1,non_breeder,113
Carduelis carduelis,Stieglitz,bw66,2023,2023-05-14,3,non_breeder,134
Carduelis carduelis,Stieglitz,bw66,2023,2023-06-08,0,non_breeder,159
Carduelis carduelis,Stieglitz,bw66,2023,2023-03-26,2,non_breeder,85
Carduelis carduelis,Stieglitz,bw66,2024,2024-03-22,2,non_breeder,82
Carduelis carduelis,Stieglitz,bw66,2024,2024-04-27,0,non_breeder,118
Carduelis carduelis,Stieglitz,bw67,2024,2024-03-22,0,non_breeder,82
Carduelis carduelis,Stieglitz,bw67,2024,2024-04-11,0,non_breeder,102
Carduelis carduelis,Stieglitz,bw67,2024,2024-05-03,0,non_breeder,124
Carduelis carduelis,Stieglitz,bw67,2024,2024-06-04,1,non_breeder,156
Carduelis carduelis,Stieglitz,bw69,2023,2023-06-12,7,non_breeder,163
Carduelis carduelis,Stieglitz,bw69,2023,2023-03-27,5,non_breeder,86
Carduelis carduelis,Stieglitz,bw69,2023,2023-04-22,15,non_breeder,112
Carduelis carduelis,Stieglitz,bw69,2023,2023-05-14,6,non_breeder,134
Carduelis carduelis,Stieglitz,bw69,2024,2024-03-25,5,non_breeder,85
Carduelis carduelis,Stieglitz,bw69,2024,2024-05-12,11,non_breeder,133
Carduelis carduelis,Stieglitz,bw69,2024,2024-04-23,5,non_breeder,114
Carduelis carduelis,Stieglitz,bw69,2024,2024-06-17,6,non_breeder,169
Carduelis carduelis,Stieglitz,bw69,2025,2025-05-21,4,non_breeder,141
Carduelis carduelis,Stieglitz,bw69,2025,2025-03-27,6,non_breeder,86
Carduelis carduelis,Stieglitz,bw69,2025,2025-04-15,8,non_breeder,105
Carduelis carduelis,Stieglitz,bw69,2025,2025-06-12,41,non_breeder,163
Carduelis carduelis,Stieglitz,bw73,2022,2022-03-26,0,non_breeder,85
Carduelis carduelis,Stieglitz,bw73,2022,2022-05-14,1,non_breeder,134
Carduelis carduelis,Stieglitz,bw73,2022,2022-06-04,0,non_breeder,155
Carduelis carduelis,Stieglitz,bw73,2022,2022-04-22,0,non_breeder,112
Carduelis carduelis,Stieglitz,bw73,2023,2023-03-25,0,non_breeder,84
Carduelis carduelis,Stieglitz,bw73,2023,2023-05-06,1,non_breeder,126
Carduelis carduelis,Stieglitz,bw73,2023,2023-04-15,0,non_breeder,105
Carduelis carduelis,Stieglitz,bw73,2023,2023-06-10,0,non_breeder,161
Carduelis carduelis,Stieglitz,bw73,2025,2025-06-05,1,non_breeder,156
Carduelis carduelis,Stieglitz,bw73,2025,2025-03-29,0,non_breeder,88
Carduelis carduelis,Stieglitz,bw73,2025,2025-04-25,0,non_breeder,115
Carduelis carduelis,Stieglitz,bw73,2025,2025-05-09,0,non_breeder,129
Carduelis carduelis,Stieglitz,bw78,2022,2022-06-03,0,non_breeder,154
Carduelis carduelis,Stieglitz,bw78,2022,2022-03-23,2,non_breeder,82
Carduelis carduelis,Stieglitz,bw78,2022,2022-04-14,1,non_breeder,104
Carduelis carduelis,Stieglitz,bw78,2022,2022-05-17,0,non_breeder,137
Carduelis carduelis,Stieglitz,bw78,2023,2023-06-01,0,non_breeder,152
Carduelis carduelis,Stieglitz,bw78,2023,2023-03-21,1,non_breeder,80
Carduelis carduelis,Stieglitz,bw78,2023,2023-04-18,0,non_breeder,108
Carduelis carduelis,Stieglitz,bw78,2023,2023-05-06,1,non_breeder,126
Carduelis carduelis,Stieglitz,bw78,2024,2024-06-07,2,non_breeder,159
Carduelis carduelis,Stieglitz,bw78,2024,2024-03-20,1,non_breeder,80
Carduelis carduelis,Stieglitz,bw78,2024,2024-04-23,2,non_breeder,114
Carduelis carduelis,Stieglitz,bw78,2024,2024-05-10,2,non_breeder,131
Carduelis carduelis,Stieglitz,bw78,2025,2025-06-11,0,non_breeder,162
Carduelis carduelis,Stieglitz,bw78,2025,2025-03-22,0,non_breeder,81
Carduelis carduelis,Stieglitz,bw78,2025,2025-04-12,1,non_breeder,102
Carduelis carduelis,Stieglitz,bw78,2025,2025-05-07,1,non_breeder,127
Carduelis carduelis,Stieglitz,bw79,2024,2024-03-15,0,non_breeder,75
Carduelis carduelis,Stieglitz,bw79,2024,2024-04-12,0,non_breeder,103
Carduelis carduelis,Stieglitz,bw79,2024,2024-05-09,2,non_breeder,130
Carduelis carduelis,Stieglitz,bw79,2024,2024-06-11,0,non_breeder,163
Carduelis carduelis,Stieglitz,bw79,2024,2024-05-08,0,non_breeder,129
Carduelis carduelis,Stieglitz,bw79,2025,2025-05-09,0,non_breeder,129
Carduelis carduelis,Stieglitz,bw79,2025,2025-04-12,0,non_breeder,102
Carduelis carduelis,Stieglitz,bw79,2025,2025-06-10,2,non_breeder,161
Carduelis carduelis,Stieglitz,bw79,2025,2025-03-20,0,non_breeder,79
Carduelis carduelis,Stieglitz,bw80,2024,2024-04-14,3,non_breeder,105
Carduelis carduelis,Stieglitz,bw80,2024,2024-03-26,2,non_breeder,86
Carduelis carduelis,Stieglitz,bw80,2024,2024-05-14,2,non_breeder,135
Carduelis carduelis,Stieglitz,bw80,2024,2024-06-04,6,non_breeder,156
Carduelis carduelis,Stieglitz,bw80,2025,2025-06-12,2,non_breeder,163
Carduelis carduelis,Stieglitz,bw80,2025,2025-03-28,2,non_breeder,87
Carduelis carduelis,Stieglitz,bw80,2025,2025-04-23,2,non_breeder,113
Carduelis carduelis,Stieglitz,bw80,2025,2025-05-15,1,non_breeder,135
Carduelis carduelis,Stieglitz,bw84,2022,2022-03-13,0,non_breeder,72
Carduelis carduelis,Stieglitz,bw84,2022,2022-04-28,3,non_breeder,118
Carduelis carduelis,Stieglitz,bw84,2022,2022-05-15,0,non_breeder,135
Carduelis carduelis,Stieglitz,bw84,2022,2022-06-03,0,non_breeder,154
Carduelis carduelis,Stieglitz,bw84,2024,2024-03-17,0,non_breeder,77
Carduelis carduelis,Stieglitz,bw84,2024,2024-05-07,0,non_breeder,128
Carduelis carduelis,Stieglitz,bw84,2024,2024-06-17,1,non_breeder,169
Carduelis carduelis,Stieglitz,bw84,2024,2024-04-22,0,non_breeder,113
Carduelis carduelis,Stieglitz,bw85,2022,2022-04-15,0,non_breeder,105
Carduelis carduelis,Stieglitz,bw85,2022,2022-05-15,8,non_breeder,135
Carduelis carduelis,Stieglitz,bw85,2022,2022-06-16,0,non_breeder,167
Carduelis carduelis,Stieglitz,bw85,2022,2022-03-20,0,non_breeder,79
Carduelis carduelis,Stieglitz,bw85,2023,2023-06-11,1,non_breeder,162
Carduelis carduelis,Stieglitz,bw85,2023,2023-04-29,1,non_breeder,119
Carduelis carduelis,Stieglitz,bw85,2023,2023-05-20,3,non_breeder,140
Carduelis carduelis,Stieglitz,bw85,2023,2023-03-29,0,non_breeder,88
Carduelis carduelis,Stieglitz,bw85,2024,2024-05-20,1,non_breeder,141
Carduelis carduelis,Stieglitz,bw85,2024,2024-06-20,4,non_breeder,172
Carduelis carduelis,Stieglitz,bw85,2024,2024-03-29,0,non_breeder,89
Carduelis carduelis,Stieglitz,bw85,2024,2024-04-23,0,non_breeder,114
Carduelis carduelis,Stieglitz,bw85,2025,2025-03-28,1,non_breeder,87
Carduelis carduelis,Stieglitz,bw85,2025,2025-06-19,1,non_breeder,170
Carduelis carduelis,Stieglitz,bw85,2025,2025-04-28,3,non_breeder,118
Carduelis carduelis,Stieglitz,bw85,2025,2025-05-21,2,non_breeder,141
Carduelis carduelis,Stieglitz,bw86,2024,2024-06-13,3,non_breeder,165
Carduelis carduelis,Stieglitz,bw86,2024,2024-05-14,5,non_breeder,135
Carduelis carduelis,Stieglitz,bw86,2024,2024-04-18,2,non_breeder,109
Carduelis carduelis,Stieglitz,bw86,2024,2024-03-27,0,non_breeder,87
Carduelis carduelis,Stieglitz,bw86,2025,2025-05-20,3,non_breeder,140
Carduelis carduelis,Stieglitz,bw86,2025,2025-06-17,11,non_breeder,168
Carduelis carduelis,Stieglitz,bw86,2025,2025-03-26,1,non_breeder,85
Carduelis carduelis,Stieglitz,bw86,2025,2025-04-23,5,non_breeder,113
Carduelis carduelis,Stieglitz,bw87,2024,2024-03-30,2,non_breeder,90
Carduelis carduelis,Stieglitz,bw87,2024,2024-04-23,1,non_breeder,114
Carduelis carduelis,Stieglitz,bw87,2024,2024-06-06,3,non_breeder,158
Carduelis carduelis,Stieglitz,bw87,2024,2024-05-13,2,non_breeder,134
Carduelis carduelis,Stieglitz,bw87,2025,2025-03-20,0,non_breeder,79
Carduelis carduelis,Stieglitz,bw87,2025,2025-06-14,1,non_breeder,165
Carduelis carduelis,Stieglitz,bw87,2025,2025-04-15,1,non_breeder,105
Carduelis carduelis,Stieglitz,bw87,2025,2025-05-19,1,non_breeder,139
Carduelis carduelis,Stieglitz,bw90,2023,2023-06-02,1,non_breeder,153
Carduelis carduelis,Stieglitz,bw90,2023,2023-04-04,2,non_breeder,94
Carduelis carduelis,Stieglitz,bw90,2023,2023-05-07,1,non_breeder,127
Carduelis carduelis,Stieglitz,bw90,2023,2023-03-11,0,non_breeder,70
Carduelis carduelis,Stieglitz,bw90,2024,2024-03-14,0,non_breeder,74
Carduelis carduelis,Stieglitz,bw90,2024,2024-04-05,1,non_breeder,96
Carduelis carduelis,Stieglitz,bw90,2024,2024-05-04,1,non_breeder,125
Carduelis carduelis,Stieglitz,bw90,2024,2024-06-04,0,non_breeder,156
Carduelis carduelis,Stieglitz,bw90,2025,2025-04-08,0,non_breeder,98
Carduelis carduelis,Stieglitz,bw90,2025,2025-03-11,2,non_breeder,70
Carduelis carduelis,Stieglitz,bw90,2025,2025-05-12,0,non_breeder,132
Carduelis carduelis,Stieglitz,bw90,2025,2025-06-03,3,non_breeder,154
Carduelis carduelis,Stieglitz,bw92,2021,2021-05-31,2,non_breeder,151
Carduelis carduelis,Stieglitz,bw92,2021,2021-05-15,5,non_breeder,135
Carduelis carduelis,Stieglitz,bw92,2021,2021-04-17,6,non_breeder,107
Carduelis carduelis,Stieglitz,bw92,2021,2021-03-22,0,non_breeder,81
Carduelis carduelis,Stieglitz,bw92,2025,2025-06-19,7,non_breeder,170
Carduelis carduelis,Stieglitz,bw92,2025,2025-04-05,3,non_breeder,95
Carduelis carduelis,Stieglitz,bw92,2025,2025-03-29,3,non_breeder,88
Carduelis carduelis,Stieglitz,bw94,2020,2020-03-28,9,non_breeder,88
Carduelis carduelis,Stieglitz,bw94,2020,2020-04-19,2,non_breeder,110
Carduelis carduelis,Stieglitz,bw94,2020,2020-05-10,2,non_breeder,131
Carduelis carduelis,Stieglitz,bw94,2020,2020-06-07,8,non_breeder,159
Carduelis carduelis,Stieglitz,bw94,2021,2021-03-21,10,non_breeder,80
Carduelis carduelis,Stieglitz,bw94,2021,2021-05-09,1,non_breeder,129
Carduelis carduelis,Stieglitz,bw94,2021,2021-06-13,0,non_breeder,164
Carduelis carduelis,Stieglitz,bw94,2021,2021-04-18,6,non_breeder,108
Carduelis carduelis,Stieglitz,bw94,2022,2022-03-19,0,non_breeder,78
Carduelis carduelis,Stieglitz,bw94,2022,2022-06-12,0,non_breeder,163
Carduelis carduelis,Stieglitz,bw94,2022,2022-04-18,1,non_breeder,108
Carduelis carduelis,Stieglitz,bw94,2022,2022-05-15,1,non_breeder,135
Carduelis carduelis,Stieglitz,bw94,2025,2025-05-11,1,non_breeder,131
Carduelis carduelis,Stieglitz,bw94,2025,2025-06-01,0,non_breeder,152
Carduelis carduelis,Stieglitz,bw94,2025,2025-03-22,1,non_breeder,81
Carduelis carduelis,Stieglitz,bw94,2025,2025-04-27,1,non_breeder,117
Carduelis carduelis,Stieglitz,bw98,2024,2024-03-25,1,non_breeder,85
Carduelis carduelis,Stieglitz,bw98,2024,2024-04-11,0,non_breeder,102
Carduelis carduelis,Stieglitz,bw98,2024,2024-05-08,1,non_breeder,129
Carduelis carduelis,Stieglitz,bw98,2024,2024-06-07,0,non_breeder,159
Carduelis carduelis,Stieglitz,bw98,2025,2025-03-21,0,non_breeder,80
Carduelis carduelis,Stieglitz,bw98,2025,2025-04-26,2,non_breeder,116
Carduelis carduelis,Stieglitz,bw98,2025,2025-05-13,0,non_breeder,133
Carduelis carduelis,Stieglitz,bw98,2025,2025-06-10,1,non_breeder,161
