x,y,year,pentade,count,atlascode_id,species_id,KmSquares
2736787,1212422,2021,1,1,0,1540,2736-1212
2702500,1156500,2023,7,3,0,1540,2702-1156
2742500,1224500,2025,12,6,0,1540,2742-1224
2736002,1192071,2025,12,1,0,1540,2736-1192
2727140,1212314,2025,7,5,0,1540,2727-1212
2727269,1211688,2025,7,2,0,1540,2727-1211
2613726,1138551,2021,12,2,0,1540,2613-1138
2788864,1186752,2025,12,2,0,1540,2788-1186
2639209,1184893,2025,25,1,2,1540,2639-1184
2601698,1157283,2025,19,2,4,1540,2601-1157
2732308,1151131,2022,31,1,3,1540,2732-1151
2732068,1151291,2022,31,2,4,1540,2732-1151
2601691,1157388,2025,19,4,3,1540,2601-1157
2603332,1105134,2025,31,2,4,1540,2603-1105
2607025,1159052,2025,31,2,4,1540,2607-1159
2674529,1182392,2021,31,1,1,1540,2674-1182
2674361,1182429,2021,31,1,1,1540,2674-1182
2674385,1182387,2021,31,1,1,1540,2674-1182
2674587,1182409,2021,31,1,1,1540,2674-1182
2616378,1166143,2025,31,2,1,1540,2616-1166
2732500,1205500,2023,31,2,4,1540,2732-1205
2786425,1175630,2021,31,2,4,1540,2786-1175
2727761,1209051,2023,31,2,4,1540,2727-1209
2826454,1169406,2023,37,1,3,1540,2826-1169
2703927,1174123,2025,37,1,2,1540,2703-1174
2726312,1211933,2025,25,2,1,1540,2726-1211
2726996,1211813,2025,25,2,4,1540,2726-1211
2722130,1182857,2021,31,2,4,1540,2722-1182
2715324,1164486,2024,43,1,3,1540,2715-1164
2599654,1172152,2024,43,1,1,1540,2599-1172
2597188,1134567,2025,43,1,8,1540,2597-1134
2742386,1234099,2021,31,1,1,1540,2742-1234
2742798,1234407,2021,31,1,1,1540,2742-1234
2742720,1234538,2021,31,1,1,1540,2742-1234
2742444,1234230,2021,31,1,1,1540,2742-1234
2742581,1234246,2021,31,1,1,1540,2742-1234
2742481,1234208,2021,31,1,1,1540,2742-1234
2725471,1171343,2021,31,6,4,1540,2725-1171
2724362,1171300,2021,31,2,4,1540,2724-1171
2726551,1171696,2021,31,2,4,1540,2726-1171
2603921,1164066,2021,31,1,2,1540,2603-1164
2741659,1224331,2025,37,5,13,1540,2741-1224
2597507,1169316,2023,31,2,3,1540,2597-1169
2741500,1224500,2023,55,1,0,1540,2741-1224
2603500,1164500,2021,31,1,3,1540,2603-1164
2732531,1150975,2021,31,2,6,1540,2732-1150
2790768,1154677,2022,37,2,4,1540,2790-1154
2662196.12069274,1203446.42408906,2022,61,5,0,1540,2662-1203
2742161.06163084,1224347.80636981,2024,61,2,0,1540,2742-1224
2662195,1203488,2023,49,1,0,1540,2662-1203
2682500,1157500,2024,43,1,2,1540,2682-1157
2597090,1134391,2025,43,3,13,1540,2597-1134
2812858,1170225,2022,43,8,2,1540,2812-1170
2812760,1170086,2022,43,8,2,1540,2812-1170
2742272,1224460,2023,55,3,0,1540,2742-1224
2795500,1194500,2021,31,2,4,1540,2795-1194
2764686,1209198,2023,55,3,0,1540,2764-1209
2586811,1130221,2021,49,5,13,1540,2586-1130
2606686,1112571,2024,49,1,0,1540,2606-1112
2741778,1224307,2025,37,5,13,1540,2741-1224
2741934,1224538,2024,61,2,0,1540,2741-1224
2616396,1166161,2022,61,3,0,1540,2616-1166
2616213,1165998,2024,61,7,0,1540,2616-1165
2741500,1224500,2023,55,1,0,1540,2741-1224
2616282,1166078,2022,43,1,3,1540,2616-1166
2711500,1205500,2023,49,3,0,1540,2711-1205
2738915,1193762,2021,49,1,0,1540,2738-1193
2646500,1181500,2021,49,13,0,1540,2646-1181
2585720,1128771,2021,49,1,0,1540,2585-1128
2741496,1224477,2023,55,5,0,1540,2741-1224
2742372,1224477,2023,55,1,0,1540,2742-1224
2733341,1160813,2025,7,1,0,1540,2733-1160
2751266,1220776,2025,19,2,4,1540,2751-1220
2727175,1212153,2024,61,10,0,1540,2727-1212
2727011,1212028,2025,61,5,0,1540,2727-1212
2578883.27446899,1124405.0133109,2025,61,1,0,1540,2578-1124
2744254,1234946,2022,61,1,0,1540,2744-1234
2727171,1211743,2025,67,1,0,1540,2727-1211
2727031,1172761,2021,19,3,4,1540,2727-1172
2726203,1173705,2021,19,1,2,1540,2726-1173
2725718,1172160,2021,19,3,2,1540,2725-1172
2599757,1172038,2023,31,1,3,1540,2599-1172
2599958,1172091,2023,31,1,3,1540,2599-1172
2741533,1224189,2023,1,1,0,1540,2741-1224
2727500,1212500,2022,1,2,0,1540,2727-1212
2641086,1158616,2022,31,2,2,1540,2641-1158
2641569,1158597,2023,31,2,3,1540,2641-1158
2641655,1158866,2023,31,1,3,1540,2641-1158
2616235,1165938,2023,31,1,2,1540,2616-1165
2639850,1185050,2023,37,1,2,1540,2639-1185
2727448,1212950,2022,1,2,0,1540,2727-1212
2727169,1212239,2025,1,4,0,1540,2727-1212
2665710,1181397,2023,37,2,4,1540,2665-1181
2639948,1185117,2023,37,1,2,1540,2639-1185
2665762,1181436,2023,37,2,4,1540,2665-1181
2665685,1181450,2023,37,2,2,1540,2665-1181
2793389,1167449,2024,37,1,2,1540,2793-1167
2793264,1167673,2024,37,2,4,1540,2793-1167
2613660.71031603,1138539.55652576,2023,1,2,0,1540,2613-1138
2599570,1171964,2024,43,1,1,1540,2599-1171
2792408,1179778,2023,43,4,2,1540,2792-1179
2792311,1179533,2023,43,1,2,1540,2792-1179
2792365,1179876,2023,43,4,13,1540,2792-1179
2722320,1183010,2025,25,2,4,1540,2722-1183
2627154,1174484,2025,13,1,0,1540,2627-1174
2741664,1224253,2023,49,4,0,1540,2741-1224
2790500,1145500,2021,19,2,4,1540,2790-1145
2748230,1207949,2025,13,1,0,1540,2748-1207
2662106,1203500,2025,55,1,0,1540,2662-1203
2584113,1158103,2025,25,1,1,1540,2584-1158
2577376,1122407,2022,37,3,13,1540,2577-1122
2632306,1132952,2024,37,1,2,1540,2632-1132
2741472,1224192,2025,37,5,13,1540,2741-1224
2741472,1224192,2025,37,4,3,1540,2741-1224
2622986,1140108,2025,25,3,5,1540,2622-1140
2646264,1182002,2021,37,7,1,1540,2646-1182
2785500,1198500,2022,37,4,4,1540,2785-1198
2809354,1187596,2021,37,1,3,1540,2809-1187
2809124,1187741,2022,43,3,2,1540,2809-1187
2679889,1161503,2025,31,1,2,1540,2679-1161
2729412,1158903,2023,31,1,2,1540,2729-1158
2584030,1158130,2023,31,2,4,1540,2584-1158
2742316,1224621,2023,49,7,0,1540,2742-1224
2741500,1224324,2023,49,2,0,1540,2741-1224
2741789,1224290,2023,49,5,0,1540,2741-1224
2625595.04577246,1173329.4938655,2024,49,2,0,1540,2625-1173
2742227,1224578,2023,49,7,0,1540,2742-1224
2641211,1158477,2025,7,1,0,1540,2641-1158
2662196.12069274,1203446.42408905,2023,55,2,0,1540,2662-1203
2664500,1155500,2021,37,1,2,1540,2664-1155
2664500,1155500,2021,37,1,2,1540,2664-1155
2640111,1184945,2025,25,2,4,1540,2640-1184
2576967,1151958,2024,37,1,2,1540,2576-1151
2788942,1196931,2025,7,1,0,1540,2788-1196
2608312,1115407,2021,37,2,4,1540,2608-1115
2726867,1211823,2023,31,2,4,1540,2726-1211
2726512,1211753,2023,31,1,2,1540,2726-1211
2616380,1166135,2023,31,1,3,1540,2616-1166
2710243,1205554,2023,49,6,0,1540,2710-1205
2710875,1205367,2023,49,1,0,1540,2710-1205
2710875,1205367,2023,49,4,0,1540,2710-1205
2711243,1205826,2022,49,11,0,1540,2711-1205
2711451,1205941,2022,49,5,0,1540,2711-1205
2666500,1182500,2023,55,2,0,1540,2666-1182
2812182.69183558,1169735.83000529,2021,55,12,0,1540,2812-1169
2599708,1172261,2021,19,2,1,1540,2599-1172
2812357,1169899,2021,55,7,0,1540,2812-1169
2812452,1169832,2021,55,7,0,1540,2812-1169
2812648,1169827,2021,55,5,0,1540,2812-1169
2741512,1224212,2023,49,2,0,1540,2741-1224
2741589,1224220,2023,49,4,0,1540,2741-1224
2741721,1224332,2023,49,5,0,1540,2741-1224
2749355,1223135,2021,1,2,0,1540,2749-1223
2579037,1089064,2023,49,1,0,1540,2579-1089
2747703,1233528,2023,49,2,0,1540,2747-1233
2641533,1158544,2023,31,1,3,1540,2641-1158
2641696,1158647,2023,31,1,3,1540,2641-1158
2641678,1158922,2023,31,1,3,1540,2641-1158
2812823,1169022,2023,31,2,4,1540,2812-1169
2744030,1234907,2024,62,5,0,1540,2744-1234
2744517,1234534,2024,62,1,0,1540,2744-1234
2744098,1234728,2024,62,14,0,1540,2744-1234
2744121,1234893,2024,62,20,0,1540,2744-1234
2638821,1121657,2025,37,3,13,1540,2638-1121
2803386,1171670,2023,37,2,5,1540,2803-1171
2757160,1186054,2022,37,6,13,1540,2757-1186
2757167,1186052,2022,37,6,13,1540,2757-1186
2747625,1165560,2022,68,,3,1540,2747-1165
2780500,1191500,2025,7,4,0,1540,2780-1191
2666501,1182151,2024,43,10,13,1540,2666-1182
2665658,1181264,2023,50,1,0,1540,2665-1181
2666574,1182070,2024,50,15,0,1540,2666-1182
2666430,1182097,2023,50,6,0,1540,2666-1182
2616364.97876014,1166132.55454562,2024,50,3,0,1540,2616-1166
2598206,1109991,2021,25,1,4,1540,2598-1109
2603106,1113042,2024,25,2,2,1540,2603-1113
2662196.12069274,1203446.42408906,2022,62,5,0,1540,2662-1203
2627380.05556946,1174629.48395264,2025,25,2,4,1540,2627-1174
2593500,1166500,2023,31,1,2,1540,2593-1166
2773063,1193150,2023,31,2,4,1540,2773-1193
2773999,1194814,2023,31,2,4,1540,2773-1194
2604815,1112109,2024,31,4,5,1540,2604-1112
2749260,1222926,2023,37,1,3,1540,2749-1222
2748828,1222759,2023,37,2,2,1540,2748-1222
2741890,1224293,2023,37,1,2,1540,2741-1224
2661907,1203469,2021,37,2,1,1540,2661-1203
2736914,1192713,2022,37,1,1,1540,2736-1192
2632397,1132798,2024,37,2,4,1540,2632-1132
2723221,1170870,2022,37,2,1,1540,2723-1170
2722500,1182500,2022,25,5,4,1540,2722-1182
2627380.05556946,1174629.48395264,2024,43,5,2,1540,2627-1174
2812159,1169034,2023,31,2,4,1540,2812-1169
2792543,1176169,2024,50,1,0,1540,2792-1176
2634665,1181691,2024,50,2,0,1540,2634-1181
2720974,1190875,2021,37,1,3,1540,2720-1190
2637500,1176500,2021,19,2,2,1540,2637-1176
2578811,1136429,2023,37,1,3,1540,2578-1136
2682746,1157577,2022,37,1,2,1540,2682-1157
2720946,1190824,2022,43,1,2,1540,2720-1190
2741500,1224500,2022,62,16,0,1540,2741-1224
2608600,1115786,2023,43,2,13,1540,2608-1115
2608198,1155493,2025,43,1,2,1540,2608-1155
2592800,1103074,2025,43,1,3,1540,2592-1103
2599946,1172087,2023,25,1,4,1540,2599-1172
2599642,1172121,2023,25,1,3,1540,2599-1172
2748206,1207815,2024,25,1,3,1540,2748-1207
2634649,1181606,2024,50,16,0,1540,2634-1181
2627012,1174516,2025,37,4,2,1540,2627-1174
2803329,1172039,2023,31,3,6,1540,2803-1172
2826712,1169393,2022,43,13,2,1540,2826-1169
2799635,1163496,2022,31,2,4,1540,2799-1163
2799354,1163618,2022,31,1,3,1540,2799-1163
2741500,1224500,2024,62,3,0,1540,2741-1224
2660889,1202597,2023,31,5,5,1540,2660-1202
2614552,1115442,2025,31,1,3,1540,2614-1115
2744288,1225599,2022,50,1,0,1540,2744-1225
2741675,1224375,2024,50,6,0,1540,2741-1224
2803481,1172634,2022,37,3,1,1540,2803-1172
2584609,1095805,2022,50,2,0,1540,2584-1095
2749673,1223432,2023,13,1,0,1540,2749-1223
2754887,1194571,2025,44,2,4,1540,2754-1194
2646263,1182066,2024,44,1,2,1540,2646-1182
2634657,1181515,2023,13,2,0,1540,2634-1181
2737953,1214778,2022,13,2,0,1540,2737-1214
2749500,1222500,2021,7,7,0,1540,2749-1222
2812361,1169773,2022,56,6,0,1540,2812-1169
2825896,1168226,2023,68,1,0,1540,2825-1168
2725804,1171341,2021,25,2,4,1540,2725-1171
2599730,1172091,2023,25,1,3,1540,2599-1172
2613570.55685494,1122088.57801935,2022,13,1,0,1540,2613-1122
2613660.71031603,1138539.55652576,2021,7,1,0,1540,2613-1138
2610500,1142500,2021,8,1,0,1540,2610-1142
2641101,1158707,2022,8,1,0,1540,2641-1158
2821260,1170067,2022,31,2,4,1540,2821-1170
2625977,1152526,2023,13,1,0,1540,2625-1152
2742833,1212740,2022,37,1,2,1540,2742-1212
2726816,1212771,2023,13,3,0,1540,2726-1212
2729819,1186549,2023,13,1,0,1540,2729-1186
2727500,1211500,2023,37,2,4,1540,2727-1211
2748267,1207211,2024,25,2,4,1540,2748-1207
2727401,1212893,2025,19,3,4,1540,2727-1212
2634688,1181674,2023,50,6,0,1540,2634-1181
2616349,1166079,2025,50,1,0,1540,2616-1166
2747221,1233428,2025,19,1,2,1540,2747-1233
2722500,1182500,2023,25,3,3,1540,2722-1182
2812910,1169635,2025,31,1,2,1540,2812-1169
2812916,1169568,2025,31,1,2,1540,2812-1169
2812087,1169890,2025,31,1,2,1540,2812-1169
2736500,1214500,2022,56,3,0,1540,2736-1214
2599500,1172500,2023,31,1,1,1540,2599-1172
2608867,1115521,2023,31,3,3,1540,2608-1115
2741655,1224361,2023,56,7,0,1540,2741-1224
2703500,1157500,2024,32,2,4,1540,2703-1157
2616043,1165926,2025,32,1,2,1540,2616-1165
2764573,1192555,2022,32,4,4,1540,2764-1192
2666500,1182500,2024,44,12,13,1540,2666-1182
2634902,1181424,2023,50,1,0,1540,2634-1181
2727221,1211821,2022,31,2,4,1540,2727-1211
2726514,1211943,2022,31,1,2,1540,2726-1211
2793493,1167472,2024,38,1,2,1540,2793-1167
2741158,1224251,2025,38,1,7,1540,2741-1224
2711128,1205640,2025,38,2,4,1540,2711-1205
2777828,1161338,2021,38,1,19,1540,2777-1161
2711008,1205091,2023,50,5,0,1540,2711-1205
2608209,1155518,2024,50,5,0,1540,2608-1155
2710271,1205921,2023,50,13,0,1540,2710-1205
2590500,1166500,2021,50,3,0,1540,2590-1166
2824569,1195389,2024,31,1,8,1540,2824-1195
2727500,1212499,2024,1,8,0,1540,2727-1212
2617494,1118961,2022,31,2,4,1540,2617-1118
2741958,1224231,2022,44,4,2,1540,2741-1224
2616364.97876014,1166132.55454562,2021,44,1,1,1540,2616-1166
2792052,1179574,2021,44,4,2,1540,2792-1179
2641590,1120429,2021,37,1,3,1540,2641-1120
2666563,1182088,2025,50,3,0,1540,2666-1182
2666542,1182086,2023,50,1,0,1540,2666-1182
2803485,1171222,2021,50,3,0,1540,2803-1171
2711500,1205500,2023,50,4,0,1540,2711-1205
2711315,1206080,2024,62,8,0,1540,2711-1206
2727242,1211680,2024,44,15,1,1540,2727-1211
2777401,1147095,2022,44,3,13,1540,2777-1147
2570886,1094586,2022,50,2,0,1540,2570-1094
2747002,1233559,2022,50,9,0,1540,2747-1233
2744191,1234833,2022,50,5,0,1540,2744-1234
2678711,1161119,2023,8,3,0,1540,2678-1161
2736204,1192711,2024,8,1,0,1540,2736-1192
2750758,1218642,2025,19,1,2,1540,2750-1218
2625234,1152436,2022,62,7,0,1540,2625-1152
2563411,1108548,2023,13,1,0,1540,2563-1108
2744664,1234488,2024,62,5,0,1540,2744-1234
2767395,1193116,2025,19,2,4,1540,2767-1193
2745500,1234500,2024,62,19,0,1540,2745-1234
2649322,1169031,2021,19,2,4,1540,2649-1169
2727441,1212242,2024,25,1,2,1540,2727-1212
2641087,1158560,2024,20,1,3,1540,2641-1158
2641382,1158697,2024,20,1,2,1540,2641-1158
2726316,1187663,2022,25,2,4,1540,2726-1187
2826248,1169095,2025,8,2,6,1540,2826-1169
2695702,1198562,2022,32,2,4,1540,2695-1198
2618367,1132930,2021,32,2,4,1540,2618-1132
2618348,1132941,2021,32,2,4,1540,2618-1132
2702223,1166317,2024,32,2,4,1540,2702-1166
2725885,1188049,2024,32,3,4,1540,2725-1188
2725697,1188156,2023,32,4,3,1540,2725-1188
2726073,1187679,2024,32,1,2,1540,2726-1187
2601643,1157755,2025,13,1,0,1540,2601-1157
2641224,1188604,2025,32,2,4,1540,2641-1188
2749073,1222620,2021,32,1,3,1540,2749-1222
2749100,1222438,2021,32,1,3,1540,2749-1222
2627380.05556946,1174629.48395265,2021,38,1,3,1540,2627-1174
2712500,1205500,2025,38,1,2,1540,2712-1205
2647345,1195548,2024,38,2,8,1540,2647-1195
2809283,1187654,2024,38,1,19,1540,2809-1187
2803233,1171760,2025,32,2,4,1540,2803-1171
2727500,1212500,2025,38,1,2,1540,2727-1212
2615333,1153524,2025,32,1,3,1540,2615-1153
2661914,1202385,2022,32,1,2,1540,2661-1202
2675500,1181500,2023,44,15,1,1540,2675-1181
2665175,1179009,2024,32,2,4,1540,2665-1179
2780487,1187922,2025,38,12,13,1540,2780-1187
2666549,1182050,2021,38,1,2,1540,2666-1182
2696188,1197808,2022,32,2,6,1540,2696-1197
2695957,1198122,2022,32,4,2,1540,2695-1198
2695948,1198123,2022,32,1,2,1540,2695-1198
2742394,1224453,2021,50,1,0,1540,2742-1224
2777603,1156723,2021,38,1,2,1540,2777-1156
2666653,1182367,2024,50,1,0,1540,2666-1182
2662130,1203566,2022,56,4,0,1540,2662-1203
2727427,1212911,2024,25,2,4,1540,2727-1212
2722305,1182711,2024,56,1,0,1540,2722-1182
2711432,1205688,2023,50,17,0,1540,2711-1205
2711315,1205841,2023,50,7,0,1540,2711-1205
2721974,1191800,2022,50,1,0,1540,2721-1191
2720951,1190905,2022,50,1,0,1540,2720-1190
2725663,1187500,2024,32,2,6,1540,2725-1187
2725727,1187393,2024,32,2,6,1540,2725-1187
2662196,1203446,2024,62,2,0,1540,2662-1203
2725551,1187607,2023,32,1,3,1540,2725-1187
2695944,1197911,2022,32,2,4,1540,2695-1197
2696188,1197798,2022,32,1,5,1540,2696-1197
2696110,1197906,2022,32,5,4,1540,2696-1197
2742191,1224277,2021,2,1,0,1540,2742-1224
2742500,1224500,2023,2,1,0,1540,2742-1224
2662196.12069274,1203446.42408906,2021,38,1,2,1540,2662-1203
2616350,1166144,2022,38,3,2,1540,2616-1166
2664393,1154697,2025,44,6,13,1540,2664-1154
2726695,1171917,2021,8,4,0,1540,2726-1171
2725978,1171656,2021,8,1,0,1540,2725-1171
2726510,1171974,2021,8,3,0,1540,2726-1171
2818500,1168500,2021,8,2,0,1540,2818-1168
2726833,1211841,2025,44,5,1,1540,2726-1211
2711500,1205500,2023,50,3,0,1540,2711-1205
2741577,1224424,2024,50,2,0,1540,2741-1224
2742161.06163084,1224347.80636981,2023,20,2,6,1540,2742-1224
2591098,1131723,2025,50,2,0,1540,2591-1131
2579550,1089912,2025,50,2,0,1540,2579-1089
2738724,1193778,2024,50,15,0,1540,2738-1193
2634883,1181380,2022,50,6,0,1540,2634-1181
2761591,1156638,2021,13,1,0,1540,2761-1156
2773762,1195213,2024,32,2,4,1540,2773-1195
2831165,1164607,2023,32,3,4,1540,2831-1164
2760804,1157190,2021,32,1,2,1540,2760-1157
2609234,1115328,2023,32,2,6,1540,2609-1115
2760500,1157500,2021,32,3,4,1540,2760-1157
2813780,1169425,2021,32,1,1,1540,2813-1169
2616364.97876014,1166132.55454562,2023,32,2,4,1540,2616-1166
2613708,1138737,2022,38,1,2,1540,2613-1138
2662196.12069274,1203446.42408905,2023,38,2,2,1540,2662-1203
2803244,1171798,2021,38,1,2,1540,2803-1171
2796627,1196992,2023,50,6,0,1540,2796-1196
2666566,1182203,2025,50,1,0,1540,2666-1182
2632500,1162500,2024,20,2,2,1540,2632-1162
2639872,1185056,2023,8,2,0,1540,2639-1185
2742161.06163084,1224347.80636981,2025,56,12,0,1540,2742-1224
2722500,1182500,2021,26,3,4,1540,2722-1182
2812474,1169836,2024,63,4,0,1540,2812-1169
2764084,1192567,2025,63,1,0,1540,2764-1192
2662196.12069274,1203446.42408905,2024,63,2,0,1540,2662-1203
2616277,1166206,2023,32,2,2,1540,2616-1166
2613711,1138575,2025,13,1,0,1540,2613-1138
2747601,1165731,2023,13,3,0,1540,2747-1165
2613660.71031603,1138539.55652576,2025,13,1,0,1540,2613-1138
2728836,1210701,2025,32,2,4,1540,2728-1210
2714500,1170500,2025,32,1,18,1540,2714-1170
2641099,1158590,2021,8,2,0,1540,2641-1158
2785500,1198500,2024,32,4,4,1540,2785-1198
2829259,1159652,2023,32,4,3,1540,2829-1159
2748961,1203406,2022,44,3,1,1540,2748-1203
2597712,1138188,2024,44,8,13,1540,2597-1138
2693117,1167218,2022,38,1,3,1540,2693-1167
2809289,1187681,2021,44,3,2,1540,2809-1187
2599500,1172500,2023,44,3,1,1540,2599-1172
2675515,1160821,2023,38,1,2,1540,2675-1160
2597468,1138036,2024,44,2,2,1540,2597-1138
2627380.05556946,1174629.48395264,2024,50,12,0,1540,2627-1174
2616361,1166103,2025,50,3,0,1540,2616-1166
2711285,1205843,2024,50,10,0,1540,2711-1205
2617558,1119419,2023,50,2,0,1540,2617-1119
2617323,1119796,2023,50,2,0,1540,2617-1119
2812721,1169847,2023,56,1,0,1540,2812-1169
2614017,1115945,2025,26,1,3,1540,2614-1115
2684302,1155345,2021,32,2,4,1540,2684-1155
2803076,1172098,2023,32,2,3,1540,2803-1172
2603500,1105500,2025,32,1,2,1540,2603-1105
2812500,1169500,2023,56,1,0,1540,2812-1169
2742877,1158259,2024,38,1,2,1540,2742-1158
2726963,1212875,2022,32,9,2,1540,2726-1212
2744092,1224754,2023,32,2,4,1540,2744-1224
2744044,1225301,2023,32,2,4,1540,2744-1225
2727045,1211700,2022,32,1,3,1540,2727-1211
2742161.06163084,1224347.80636981,2025,44,1,2,1540,2742-1224
2792315,1179460,2022,44,2,2,1540,2792-1179
2727500,1212500,2024,44,7,2,1540,2727-1212
2616303,1165950,2023,32,1,2,1540,2616-1165
2648763,1139861,2022,32,1,3,1540,2648-1139
2639789,1185240,2021,32,3,4,1540,2639-1185
2757500,1186500,2025,68,1,0,1540,2757-1186
2669025,1156038,2023,32,1,4,1540,2669-1156
2646166,1182023,2023,51,5,0,1540,2646-1182
2713500,1172500,2022,38,5,13,1540,2713-1172
2729782,1187313,2021,44,6,13,1540,2729-1187
2729860,1186748,2021,44,8,13,1540,2729-1186
2742300,1224278,2024,44,1,2,1540,2742-1224
2616318,1166128,2025,50,3,0,1540,2616-1166
2738683,1193504,2023,50,3,0,1540,2738-1193
2738645,1193702,2024,50,8,0,1540,2738-1193
2738884,1193392,2023,50,3,0,1540,2738-1193
2744364,1234803,2022,50,5,0,1540,2744-1234
2749042,1223039,2021,8,7,0,1540,2749-1223
2674500,1182500,2022,56,19,0,1540,2674-1182
2727002,1211808,2024,56,1,0,1540,2727-1211
2727616,1212089,2025,56,4,0,1540,2727-1212
2727867,1212223,2025,56,4,0,1540,2727-1212
2727765,1212526,2025,56,2,0,1540,2727-1212
2616366,1166126,2024,62,12,0,1540,2616-1166
2689296,1162862,2021,20,2,6,1540,2689-1162
2623500,1140500,2024,20,2,1,1540,2623-1140
2760500,1156500,2021,32,5,4,1540,2760-1156
2760490,1156608,2021,32,2,4,1540,2760-1156
2761144,1156897,2021,32,2,4,1540,2761-1156
2761125,1156526,2021,32,1,2,1540,2761-1156
2760245,1156295,2021,32,1,3,1540,2760-1156
2760663,1156968,2021,32,2,4,1540,2760-1156
2760861,1156161,2021,32,2,4,1540,2760-1156
2829021,1159663,2023,32,2,4,1540,2829-1159
2789447,1195471,2025,32,3,6,1540,2789-1195
2788471,1196526,2025,32,2,4,1540,2788-1196
2727478,1212857,2025,14,4,0,1540,2727-1212
2698794,1156848,2023,32,2,4,1540,2698-1156
2589771,1165200,2025,32,2,3,1540,2589-1165
2749341,1223019,2025,32,1,2,1540,2749-1223
2742161.06163084,1224347.80636981,2024,32,2,4,1540,2742-1224
2686285,1157650,2024,38,2,4,1540,2686-1157
2614863,1115302,2025,38,2,3,1540,2614-1115
2813018,1169160,2021,32,1,1,1540,2813-1169
2813571,1169254,2024,32,1,2,1540,2813-1169
2813596,1169546,2024,32,1,2,1540,2813-1169
2813008,1169134,2021,32,1,2,1540,2813-1169
2812636,1169918,2021,32,2,3,1540,2812-1169
2812523,1169156,2021,32,1,2,1540,2812-1169
2812884,1169452,2021,32,1,2,1540,2812-1169
2812488,1169479,2021,32,1,2,1540,2812-1169
2812744,1169217,2021,32,1,2,1540,2812-1169
2812200,1169732,2024,32,3,2,1540,2812-1169
2812251,1169377,2024,32,1,3,1540,2812-1169
2812666,1169271,2021,32,1,1,1540,2812-1169
2812893,1169872,2021,32,1,1,1540,2812-1169
2812670,1169858,2021,32,1,1,1540,2812-1169
2812572,1169591,2021,32,1,1,1540,2812-1169
2812890,1169553,2021,32,1,1,1540,2812-1169
2812550,1169292,2021,32,1,1,1540,2812-1169
2761500,1156500,2021,32,3,6,1540,2761-1156
2799980,1179787,2024,38,1,11,1540,2799-1179
2666671,1156487,2022,38,6,13,1540,2666-1156
2764684,1209139,2021,14,2,0,1540,2764-1209
2662123,1203532,2023,38,2,1,1540,2662-1203
2599524,1172421,2023,38,1,1,1540,2599-1172
2736393,1192466,2022,45,4,13,1540,2736-1192
2599750,1171885,2024,45,1,1,1540,2599-1171
2661050,1180322,2022,38,2,4,1540,2661-1180
2691500,1157500,2023,51,10,0,1540,2691-1157
2736590,1214393,2021,44,4,13,1540,2736-1214
2574500,1116500,2022,44,8,13,1540,2574-1116
2662263,1203382,2021,50,1,0,1540,2662-1203
2742161.06163084,1224347.80636981,2023,57,4,0,1540,2742-1224
2627380.05556946,1174629.48395264,2024,50,5,0,1540,2627-1174
2627380.05556946,1174629.48395264,2024,50,5,0,1540,2627-1174
2742117,1224484,2024,50,1,0,1540,2742-1224
2653500,1133500,2024,50,1,0,1540,2653-1133
2661974,1203547,2021,50,5,0,1540,2661-1203
2711186,1205652,2023,50,10,0,1540,2711-1205
2773367,1179403,2024,50,1,0,1540,2773-1179
2742500,1224500,2025,63,12,0,1540,2742-1224
2791195,1154516,2023,56,2,0,1540,2791-1154
2682680,1157445,2024,63,2,0,1540,2682-1157
2587846,1130780,2023,32,1,2,1540,2587-1130
2578112,1125282,2022,38,1,3,1540,2578-1125
2710108,1191496,2022,38,2,13,1540,2710-1191
2592246,1131910,2023,38,1,3,1540,2592-1131
2748381,1233666,2024,44,3,2,1540,2748-1233
2760622,1157276,2023,20,2,1,1540,2760-1157
2599506,1172545,2023,8,2,0,1540,2599-1172
2641104,1158718,2025,20,1,1,1540,2641-1158
2741343,1224654,2025,50,2,0,1540,2741-1224
2742137,1224468,2024,50,1,0,1540,2742-1224
2742155,1224476,2024,50,1,0,1540,2742-1224
2579003,1089063,2024,50,1,0,1540,2579-1089
2627176,1174516,2024,50,4,0,1540,2627-1174
2653500,1133500,2024,50,1,0,1540,2653-1133
2744143,1225406,2025,50,2,0,1540,2744-1225
2744096,1225446,2025,50,2,0,1540,2744-1225
2601622,1157299,2023,56,12,0,1540,2601-1157
2601750,1157388,2023,56,2,0,1540,2601-1157
2616364.97876014,1166132.55454562,2025,33,2,2,1540,2616-1166
2665084,1181066,2023,33,2,4,1540,2665-1181
2713870,1172659,2021,14,1,0,1540,2713-1172
2725110,1172622,2021,20,1,2,1540,2725-1172
2615481,1153516,2023,33,1,3,1540,2615-1153
2615729,1153109,2023,33,1,3,1540,2615-1153
2702500,1156500,2025,63,4,0,1540,2702-1156
2812773,1169798,2023,39,2,1,1540,2812-1169
2599601,1172551,2021,20,1,2,1540,2599-1172
2787040,1160591,2021,45,7,13,1540,2787-1160
2826248,1169138,2024,45,6,2,1540,2826-1169
2825652,1168250,2021,69,13,0,1540,2825-1168
2826466,1169389,2024,45,1,1,1540,2826-1169
2666341,1181881,2024,45,13,2,1540,2666-1181
2599636,1172165,2024,45,4,1,1540,2599-1172
2742161.06163084,1224347.80636981,2025,57,5,0,1540,2742-1224
2792856,1179931,2021,57,1,0,1540,2792-1179
2742492,1224011,2025,8,2,0,1540,2742-1224
2662210,1203434,2021,57,2,0,1540,2662-1203
2744131,1180634,2023,32,2,4,1540,2744-1180
2587795,1130938,2023,32,3,6,1540,2587-1130
2666148,1156718,2022,32,2,4,1540,2666-1156
2640523,1158293,2022,32,3,6,1540,2640-1158
2736380,1170946,2024,38,3,13,1540,2736-1170
2737252,1170631,2024,38,2,11,1540,2737-1170
2608073,1155618,2025,32,1,3,1540,2608-1155
2736243,1212033,2021,3,4,0,1540,2736-1212
2748761,1222701,2023,44,1,2,1540,2748-1222
2749384,1223015,2023,44,1,2,1540,2749-1223
2693500,1169500,2025,44,4,13,1540,2693-1169
2608867,1115521,2023,32,2,3,1540,2608-1115
2812552,1170087,2024,38,4,3,1540,2812-1170
2813059,1169546,2024,38,2,4,1540,2813-1169
2829288,1159282,2024,38,1,2,1540,2829-1159
2597500,1136500,2023,38,6,13,1540,2597-1136
2616101,1165988,2025,51,1,0,1540,2616-1165
2634603,1181668,2023,57,4,0,1540,2634-1181
2606028,1112641,2023,51,1,0,1540,2606-1112
2744500,1234500,2023,57,12,0,1540,2744-1234
2773932,1194269,2021,57,8,0,1540,2773-1194
2622512,1140461,2021,51,4,0,1540,2622-1140
2627380.05556946,1174629.48395264,2023,57,4,0,1540,2627-1174
2710794,1205567,2023,51,6,0,1540,2710-1205
2711193,1205549,2023,51,7,0,1540,2711-1205
2641197,1158558,2025,21,2,4,1540,2641-1158
2641593,1158892,2025,21,1,2,1540,2641-1158
2616366,1166127,2024,63,3,0,1540,2616-1166
2741794,1224586,2025,63,4,0,1540,2741-1224
2742461,1213041,2024,21,3,3,1540,2742-1213
2736055,1170826,2023,63,2,0,1540,2736-1170
2634714.09992908,1181787.45448945,2021,21,1,2,1540,2634-1181
2727402,1212096,2023,32,1,3,1540,2727-1212
2727475,1212806,2023,32,2,3,1540,2727-1212
2726534,1211798,2024,32,3,2,1540,2726-1211
2744500,1225499,2025,32,1,2,1540,2744-1225
2727223,1211801,2023,32,2,4,1540,2727-1211
2586779,1130036,2023,32,2,6,1540,2586-1130
2818957,1175356,2023,32,5,1,1540,2818-1175
2745729,1234261,2025,32,1,1,1540,2745-1234
2702500,1156500,2022,27,4,4,1540,2702-1156
2742040,1211611,2023,32,2,4,1540,2742-1211
2615718,1103453,2023,38,5,13,1540,2615-1103
2742659,1224030,2024,38,2,4,1540,2742-1224
2742245,1224278,2023,38,6,1,1540,2742-1224
2615440,1153263,2023,33,1,3,1540,2615-1153
2615389,1153764,2023,33,1,3,1540,2615-1153
2615686,1153088,2023,33,1,4,1540,2615-1153
2615177,1153216,2023,33,1,2,1540,2615-1153
2615224,1153408,2025,33,1,2,1540,2615-1153
2615463,1153631,2023,33,1,3,1540,2615-1153
2601740,1157275,2025,8,1,0,1540,2601-1157
2686302,1157243,2024,33,1,2,1540,2686-1157
2754914,1194531,2025,33,2,1,1540,2754-1194
2773500,1193500,2022,33,11,6,1540,2773-1193
2572930,1120575,2025,44,4,13,1540,2572-1120
2742161.06163084,1224347.80636981,2023,33,1,1,1540,2742-1224
2742161.06163084,1224347.80636981,2023,33,2,1,1540,2742-1224
2796500,1196500,2025,44,5,4,1540,2796-1196
2669662,1157645,2024,39,1,2,1540,2669-1157
2734986,1212056,2024,39,3,4,1540,2734-1212
2571464.60872643,1091750.27795182,2023,39,3,2,1540,2571-1091
2738779,1193855,2021,51,8,0,1540,2738-1193
2738677,1193902,2021,51,8,0,1540,2738-1193
2742479,1158968,2022,45,2,13,1540,2742-1158
2735250,1194944,2024,45,1,2,1540,2735-1194
2599879,1172080,2023,45,5,1,1540,2599-1172
2599756,1172047,2024,45,4,1,1540,2599-1172
2661958,1203536,2021,45,2,13,1540,2661-1203
2595532,1136493,2023,45,2,4,1540,2595-1136
2613951,1148982,2023,57,5,0,1540,2613-1148
2727500,1212500,2023,57,5,0,1540,2727-1212
2741500,1224500,2022,51,4,0,1540,2741-1224
2725922,1172577,2021,20,2,4,1540,2725-1172
2742855,1212280,2024,20,1,3,1540,2742-1212
2787856,1161163,2024,57,9,0,1540,2787-1161
2723197,1168434,2024,26,4,4,1540,2723-1168
2773659,1195395,2022,3,14,0,1540,2773-1195
2728540,1176345,2024,9,1,0,1540,2728-1176
2728872,1176505,2025,9,2,0,1540,2728-1176
2721486,1186382,2025,32,2,1,1540,2721-1186
2641130,1158519,2025,9,1,0,1540,2641-1158
2716008,1163249,2025,32,2,4,1540,2716-1163
2715411,1199890,2022,38,3,13,1540,2715-1199
2720295,1165686,2024,38,1,8,1540,2720-1165
2785500,1198500,2023,32,5,6,1540,2785-1198
2742347,1224396,2022,38,1,3,1540,2742-1224
2817313,1200383,2023,45,1,3,1540,2817-1200
2817455,1200352,2023,45,9,2,1540,2817-1200
2736046,1192258,2021,15,2,0,1540,2736-1192
2778057,1185089,2023,32,2,4,1540,2778-1185
2748770,1203694,2021,45,10,1,1540,2748-1203
2812420,1169778,2021,38,2,1,1540,2812-1169
2615984,1115227,2025,38,2,6,1540,2615-1115
2615267,1115029,2025,38,1,2,1540,2615-1115
2702076,1142043,2022,38,2,4,1540,2702-1142
2828178,1160237,2023,45,1,12,1540,2828-1160
2788820,1155950,2023,45,1,1,1540,2788-1155
2781500,1172500,2022,45,1,3,1540,2781-1172
2627380.05556946,1174629.48395264,2023,57,2,0,1540,2627-1174
2616364,1166132,2022,57,8,0,1540,2616-1166
2727042,1211900,2025,63,2,0,1540,2727-1211
2725494,1187667,2021,63,2,0,1540,2725-1187
2588192,1129606,2024,26,3,4,1540,2588-1129
2637401.06677039,1176886.42742744,2021,57,1,0,1540,2637-1176
2718500,1181500,2022,26,2,4,1540,2718-1181
2736059,1214507,2023,69,2,0,1540,2736-1214
2674500,1182500,2022,33,2,4,1540,2674-1182
2626535,1163573,2024,33,1,3,1540,2626-1163
2742161.06163084,1224347.80636981,2023,33,1,2,1540,2742-1224
2747158,1233389,2023,32,1,2,1540,2747-1233
2627192,1174551,2024,32,2,4,1540,2627-1174
2742418,1224098,2025,32,2,3,1540,2742-1224
2742621,1158812,2022,33,1,2,1540,2742-1158
2552330,1132124,2022,33,3,4,1540,2552-1132
2578418,1125508,2023,32,1,3,1540,2578-1125
2578753,1125032,2023,32,1,3,1540,2578-1125
2648708,1123244,2025,39,1,1,1540,2648-1123
2639849,1185084,2024,32,2,4,1540,2639-1185
2646167,1181985,2022,32,2,4,1540,2646-1181
2596425.52278148,1131950.75004805,2025,39,6,13,1540,2596-1131
2742358,1224433,2022,38,1,3,1540,2742-1224
2736418,1192274,2025,51,2,0,1540,2736-1192
2713708,1193688,2022,38,5,13,1540,2713-1193
2745835,1234292,2025,45,1,3,1540,2745-1234
2745835,1234294,2025,45,1,3,1540,2745-1234
2742161.06163084,1224347.80636981,2024,57,6,0,1540,2742-1224
2715853,1164551,2022,45,3,13,1540,2715-1164
2616364.97876014,1166132.55454562,2022,57,2,0,1540,2616-1166
2742476,1224054,2023,51,1,0,1540,2742-1224
2760955,1156605,2023,20,2,1,1540,2760-1156
2627251,1174667,2023,51,6,0,1540,2627-1174
2742500,1224500,2023,51,1,0,1540,2742-1224
2791171,1190823,2025,64,3,0,1540,2791-1190
2661853.79426479,1203599.45289931,2024,63,5,0,1540,2661-1203
2661853.79426479,1203599.45289931,2024,63,3,0,1540,2661-1203
2727247,1212783,2025,63,2,0,1540,2727-1212
2613897,1138808,2025,20,2,4,1540,2613-1138
2766500,1213500,2022,26,2,2,1540,2766-1213
2794500,1186500,2023,20,4,6,1540,2794-1186
2760905,1157839,2024,15,4,0,1540,2760-1157
2726370,1187155,2022,33,1,3,1540,2726-1187
2742426,1224701,2023,33,4,2,1540,2742-1224
2736049,1192057,2022,15,1,0,1540,2736-1192
2725604,1188139,2022,33,4,4,1540,2725-1188
2713500,1172500,2023,33,2,2,1540,2713-1172
2616346,1165975,2025,33,1,2,1540,2616-1165
2641111,1158563,2022,21,2,4,1540,2641-1158
2616244,1166028,2023,39,2,2,1540,2616-1166
2812169,1169780,2022,33,1,3,1540,2812-1169
2812496,1170133,2022,33,2,4,1540,2812-1170
2733423,1189453,2025,33,1,3,1540,2733-1189
2733501,1189447,2025,33,2,6,1540,2733-1189
2622287,1140192,2025,33,2,4,1540,2622-1140
2622071,1140273,2025,33,1,3,1540,2622-1140
2634705,1181764,2023,39,2,4,1540,2634-1181
2599620,1172129,2022,21,3,3,1540,2599-1172
2695500,1198500,2022,33,3,2,1540,2695-1198
2696404,1158321,2023,45,9,1,1540,2696-1158
2672013,1160115,2021,45,2,13,1540,2672-1160
2788829,1155447,2024,33,2,4,1540,2788-1155
2641500,1158500,2022,39,3,2,1540,2641-1158
2713981,1211716,2023,39,6,2,1540,2713-1211
2813155,1169521,2022,39,10,19,1540,2813-1169
2812959,1169776,2024,39,7,19,1540,2812-1169
2817338,1200420,2024,45,6,4,1540,2817-1200
2817361,1200525,2024,45,1,3,1540,2817-1200
2817334,1200541,2024,45,1,3,1540,2817-1200
2817361,1200525,2024,45,5,13,1540,2817-1200
2727246,1190624,2024,39,2,4,1540,2727-1190
2634866,1181505,2023,51,2,0,1540,2634-1181
2634613,1181605,2023,51,9,0,1540,2634-1181
2661931,1203504,2023,51,2,0,1540,2661-1203
2662058,1203532,2023,57,5,0,1540,2662-1203
2659951,1202395,2024,33,2,3,1540,2659-1202
2675439,1160770,2025,51,3,0,1540,2675-1160
2764340,1192353,2021,33,1,1,1540,2764-1192
2653500,1133500,2023,51,4,0,1540,2653-1133
2703500,1174499,2023,33,2,4,1540,2703-1174
2580338,1126230,2023,33,1,3,1540,2580-1126
2601154,1157570,2024,26,1,1,1540,2601-1157
2711347,1205928,2024,45,2,2,1540,2711-1205
2727288,1212940,2024,26,3,4,1540,2727-1212
2646267,1181962,2025,45,3,2,1540,2646-1181
2691339,1157674,2024,26,1,1,1540,2691-1157
2689539,1156718,2025,45,6,13,1540,2689-1156
2788211,1161434,2023,45,3,13,1540,2788-1161
2623500,1140500,2021,58,1,0,1540,2623-1140
2742429,1224696,2023,33,4,2,1540,2742-1224
2773500,1194500,2021,33,6,6,1540,2773-1194
2661853.79426479,1203599.45289931,2021,39,1,1,1540,2661-1203
2679313,1192975,2023,39,2,13,1540,2679-1192
2586658,1129654,2025,39,2,4,1540,2586-1129
2585613,1096666,2023,39,2,4,1540,2585-1096
2590090,1094192,2021,39,1,11,1540,2590-1094
2818677,1175924,2024,39,2,2,1540,2818-1175
2585824,1128799,2025,39,1,2,1540,2585-1128
2625144,1151402,2022,45,2,3,1540,2625-1151
2742161.06163084,1224347.80636981,2025,70,1,0,1540,2742-1224
2741500,1224500,2025,70,2,0,1540,2741-1224
2646165,1161084,2021,45,2,4,1540,2646-1161
2592112,1131878,2024,45,4,13,1540,2592-1131
2592155,1131811,2024,45,4,13,1540,2592-1131
2592769,1131852,2025,45,7,1,1540,2592-1131
2705341,1166891,2021,14,1,0,1540,2705-1166
2607566,1171344,2024,51,7,0,1540,2607-1171
2748269,1233680,2023,51,1,0,1540,2748-1233
2634922,1181485,2021,21,1,2,1540,2634-1181
2613660.71031603,1138539.55652576,2021,9,1,0,1540,2613-1138
2552558,1134221,2021,57,8,0,1540,2552-1134
2733104,1160585,2025,21,1,2,1540,2733-1160
2733428,1160921,2025,21,2,4,1540,2733-1160
2718500,1180499,2024,21,1,1,1540,2718-1180
2760855,1156202,2025,21,2,1,1540,2760-1156
2726990,1211845,2024,63,10,0,1540,2726-1211
2726716,1211919,2024,63,3,0,1540,2726-1211
2750500,1218500,2024,63,15,0,1540,2750-1218
2691213,1157430,2024,27,1,1,1540,2691-1157
2688534,1159559,2024,27,2,4,1540,2688-1159
2603500,1105500,2024,27,1,3,1540,2603-1105
2748178,1207814,2022,33,1,2,1540,2748-1207
2821281,1170152,2022,33,1,1,1540,2821-1170
2684859,1200034,2023,33,2,4,1540,2684-1200
2613660.71031603,1138539.55652576,2021,9,1,0,1540,2613-1138
2645631,1182219,2025,33,2,4,1540,2645-1182
2773500,1194500,2022,33,4,3,1540,2773-1194
2622766,1140442,2025,33,2,6,1540,2622-1140
2741685,1224339,2023,39,1,2,1540,2741-1224
2715533,1200023,2022,39,6,13,1540,2715-1200
2745500,1152500,2021,27,2,4,1540,2745-1152
2744500,1225500,2023,45,6,2,1540,2744-1225
2603414,1111851,2024,27,2,4,1540,2603-1111
2634666,1181604,2022,45,2,2,1540,2634-1181
2637382,1176935,2021,39,3,3,1540,2637-1176
2608310,1155603,2024,39,11,13,1540,2608-1155
2776972,1157384,2024,39,1,1,1540,2776-1157
2634877,1181853,2022,45,5,2,1540,2634-1181
2634396,1181864,2022,45,1,2,1540,2634-1181
2627380.05556946,1174629.48395265,2022,45,9,13,1540,2627-1174
2742500,1224500,2024,45,5,2,1540,2742-1224
2639571,1185529,2024,27,2,4,1540,2639-1185
2726122,1197601,2024,45,2,4,1540,2726-1197
2721511,1191027,2022,45,9,13,1540,2721-1191
2735269,1194924,2024,45,1,2,1540,2735-1194
2742500,1224500,2021,45,12,13,1540,2742-1224
2738500,1193500,2022,51,5,0,1540,2738-1193
2776642,1157426,2024,45,5,13,1540,2776-1157
2741527,1224534,2022,51,3,0,1540,2741-1224
2741546,1224692,2022,51,2,0,1540,2741-1224
2710500,1205500,2023,51,5,0,1540,2710-1205
2727500,1211500,2022,33,3,1,1540,2727-1211
2744113.04069474,1234899.89416983,2023,39,1,1,1540,2744-1234
2711500,1205500,2023,57,12,0,1540,2711-1205
2662196.12069274,1203446.42408906,2022,57,5,0,1540,2662-1203
2737500,1193500,2021,46,2,13,1540,2737-1193
2625502,1152086,2022,63,6,0,1540,2625-1152
2711159,1172161,2022,63,3,0,1540,2711-1172
2722500,1182500,2024,27,4,3,1540,2722-1182
2626895,1174305,2024,27,1,3,1540,2626-1174
2581867,1098130,2024,27,2,4,1540,2581-1098
2581767,1098559,2024,27,2,6,1540,2581-1098
2646398,1182053,2025,58,6,0,1540,2646-1182
2601321,1157276,2022,33,1,3,1540,2601-1157
2601469,1157584,2022,33,2,6,1540,2601-1157
2601683,1157401,2022,33,1,3,1540,2601-1157
2601650,1157591,2022,33,1,3,1540,2601-1157
2641092,1158555,2025,70,1,0,1540,2641-1158
2727173,1211676,2022,33,1,2,1540,2727-1211
2727400,1212957,2023,33,3,2,1540,2727-1212
2726535,1211945,2022,33,1,1,1540,2726-1211
2613660.71031603,1138539.55652576,2023,9,1,0,1540,2613-1138
2713262,1192917,2021,39,1,11,1540,2713-1192
2744135,1234977,2025,39,1,1,1540,2744-1234
2639818,1185058,2023,10,1,0,1540,2639-1185
2613826,1138677,2023,9,1,0,1540,2613-1138
2601597,1157342,2024,45,9,13,1540,2601-1157
2601558,1157205,2024,45,6,13,1540,2601-1157
2601692,1157400,2024,45,6,4,1540,2601-1157
2755500,1147500,2024,45,3,13,1540,2755-1147
2741500,1224500,2021,45,1,3,1540,2741-1224
2742500,1224500,2024,45,5,2,1540,2742-1224
2634909,1181423,2022,45,6,13,1540,2634-1181
2634675,1181728,2022,45,8,13,1540,2634-1181
2591874,1131803,2024,45,7,13,1540,2591-1131
2591880,1131796,2024,45,7,13,1540,2591-1131
2745187,1236564,2024,45,1,8,1540,2745-1236
2738949,1193824,2023,51,1,0,1540,2738-1193
2741259,1224562,2022,51,5,0,1540,2741-1224
2742329,1224922,2022,51,1,0,1540,2742-1224
2744626,1234541,2023,57,4,0,1540,2744-1234
2689275,1167461,2024,21,1,3,1540,2689-1167
2689572,1167595,2024,21,1,1,1540,2689-1167
2689203,1167371,2024,21,1,1,1540,2689-1167
2689388,1167492,2024,21,1,2,1540,2689-1167
2689418,1167662,2024,21,1,3,1540,2689-1167
2689120,1167439,2024,21,1,3,1540,2689-1167
2727240,1211637,2022,63,2,0,1540,2727-1211
2705480,1166925,2024,21,1,1,1540,2705-1166
2689577,1167692,2024,21,1,2,1540,2689-1167
2689409,1167505,2024,21,1,1,1540,2689-1167
2601543,1157680,2024,3,9,0,1540,2601-1157
2614411,1115359,2025,27,2,4,1540,2614-1115
2809467,1187539,2025,33,1,2,1540,2809-1187
2705923,1175385,2025,27,2,4,1540,2705-1175
2727500,1211500,2025,33,1,2,1540,2727-1211
2742644,1212871,2022,27,2,4,1540,2742-1212
2736500,1201500,2021,33,1,2,1540,2736-1201
2613660.71031603,1138539.55652576,2023,9,1,0,1540,2613-1138
2711091,1205702,2023,33,2,2,1540,2711-1205
2640012,1184874,2023,9,2,0,1540,2640-1184
2661923,1203110,2022,39,3,13,1540,2661-1203
2608915,1115580,2023,33,2,6,1540,2608-1115
2613474,1122877,2024,33,2,4,1540,2613-1122
2803333,1171951,2022,34,1,2,1540,2803-1171
2613660.71031603,1138539.55652576,2023,9,1,0,1540,2613-1138
2722500,1183500,2023,33,1,3,1540,2722-1183
2714500,1170500,2021,33,4,2,1540,2714-1170
2749500,1223500,2022,33,3,2,1540,2749-1223
2770285,1158530,2025,40,2,13,1540,2770-1158
2737424,1202965,2025,45,1,3,1540,2737-1202
2710908,1205696,2023,33,3,3,1540,2710-1205
2744207,1234832,2022,45,1,3,1540,2744-1234
2596564,1131842,2025,39,6,13,1540,2596-1131
2675583,1160844,2021,39,2,4,1540,2675-1160
2750914,1218729,2024,45,6,13,1540,2750-1218
2639598,1185489,2022,46,5,13,1540,2639-1185
2744500,1234500,2021,51,2,0,1540,2744-1234
2616364.97876014,1166132.55454562,2024,52,6,0,1540,2616-1166
2745500,1234500,2022,45,2,4,1540,2745-1234
2726500,1212500,2024,21,5,4,1540,2726-1212
2578734,1136673,2025,51,8,0,1540,2578-1136
2578555,1136615,2025,51,4,0,1540,2578-1136
2711500,1205500,2023,51,1,0,1540,2711-1205
2812472,1169847,2022,57,3,0,1540,2812-1169
2726714,1211785,2024,27,1,2,1540,2726-1211
2614076,1116005,2025,27,2,6,1540,2614-1116
2726837,1212843,2021,33,1,3,1540,2726-1212
2727159,1212699,2021,33,4,3,1540,2727-1212
2727059,1211613,2024,33,1,2,1540,2727-1211
2613660.71031603,1138539.55652576,2021,10,1,0,1540,2613-1138
2578569,1125963,2023,33,1,3,1540,2578-1125
2578925.29036971,1125366.01082976,2023,33,1,2,1540,2578-1125
2742280,1224477,2023,33,4,1,1540,2742-1224
2627345,1174697,2024,33,2,2,1540,2627-1174
2738767,1193956,2025,39,1,2,1540,2738-1193
2662196.12069274,1203446.42408906,2022,39,1,2,1540,2662-1203
2747224,1233620,2022,45,4,1,1540,2747-1233
2741800,1224306,2025,45,3,2,1540,2741-1224
2727006,1211710,2025,45,10,1,1540,2727-1211
2579301,1080373,2021,45,6,13,1540,2579-1080
2629500,1160500,2021,45,,2,1540,2629-1160
2628324,1156450,2025,45,9,13,1540,2628-1156
2634682,1181595,2021,51,3,0,1540,2634-1181
2570153,1094478,2021,51,1,0,1540,2570-1094
2785301,1157899,2024,22,1,2,1540,2785-1157
2787991,1161892,2021,22,2,4,1540,2787-1161
2738825,1193879,2023,51,6,0,1540,2738-1193
2639375,1185736,2025,21,1,2,1540,2639-1185
2689418,1167662,2024,22,3,4,1540,2689-1167
2608253,1155447,2023,57,1,0,1540,2608-1155
2661853.79426479,1203599.45289931,2023,57,3,0,1540,2661-1203
2727114,1211675,2025,57,3,0,1540,2727-1211
2667290,1156738,2024,34,2,4,1540,2667-1156
2702477,1142161,2022,34,3,4,1540,2702-1142
2574870,1116149,2025,40,6,13,1540,2574-1116
2604036,1112028,2024,27,2,2,1540,2604-1112
2727500,1211500,2023,33,3,3,1540,2727-1211
2737428,1214618,2021,33,1,2,1540,2737-1214
2788980,1155323,2022,27,2,6,1540,2788-1155
2789858,1155304,2022,27,1,3,1540,2789-1155
2789471,1155637,2022,27,1,2,1540,2789-1155
2779284,1190281,2025,58,8,0,1540,2779-1190
2742161.06163084,1224347.80636981,2023,58,1,0,1540,2742-1224
2744113.04069474,1234899.89416984,2022,58,2,0,1540,2744-1234
2661853.79426479,1203599.45289931,2025,58,2,0,1540,2661-1203
2764485,1209837,2022,33,1,3,1540,2764-1209
2666191,1156695,2022,33,1,2,1540,2666-1156
2768088,1167013,2025,33,4,6,1540,2768-1167
2742380,1224844,2023,33,1,3,1540,2742-1224
2596273,1131868,2023,58,1,0,1540,2596-1131
2634674,1181732,2023,45,4,1,1540,2634-1181
2764368,1209524,2021,45,2,2,1540,2764-1209
2634628,1181474,2023,45,8,13,1540,2634-1181
2780437,1187647,2023,39,2,4,1540,2780-1187
2780341,1187829,2023,39,5,2,1540,2780-1187
2812779,1169758,2024,39,6,13,1540,2812-1169
2715500,1201500,2023,58,1,0,1540,2715-1201
2780921,1191844,2025,10,4,0,1540,2780-1191
2659774,1202325,2025,58,1,0,1540,2659-1202
2741959,1224399,2022,64,4,0,1540,2741-1224
2592987,1103013,2023,52,15,0,1540,2592-1103
2742500,1224500,2022,64,1,0,1540,2742-1224
2812718,1169788,2022,58,3,0,1540,2812-1169
2615984,1107077,2021,22,2,4,1540,2615-1107
2715500,1179500,2022,27,2,4,1540,2715-1179
2601075,1154613,2024,3,2,0,1540,2601-1154
2796500,1196500,2022,58,4,0,1540,2796-1196
2588376,1129885,2024,27,3,4,1540,2588-1129
2818996,1175969,2022,27,2,4,1540,2818-1175
2737626,1224108,2025,33,1,3,1540,2737-1224
2825346,1169288,2023,33,2,4,1540,2825-1169
2661853.79426479,1203599.45289931,2021,33,2,1,1540,2661-1203
2689027,1167680,2024,33,2,4,1540,2689-1167
2764213,1192820,2025,28,1,2,1540,2764-1192
2733006,1160485,2024,9,1,0,1540,2733-1160
2733917,1160919,2021,9,3,0,1540,2733-1160
2613697,1138570,2021,9,1,0,1540,2613-1138
2616364.97876014,1166132.55454562,2024,34,3,1,1540,2616-1166
2727545,1190293,2024,39,1,3,1540,2727-1190
2738817,1193632,2022,39,1,2,1540,2738-1193
2738685,1193574,2022,39,2,4,1540,2738-1193
2733178,1160893,2022,15,1,0,1540,2733-1160
2768397,1142644,2025,34,2,4,1540,2768-1142
2634669,1181690,2023,45,5,13,1540,2634-1181
2638840,1120769,2025,40,9,13,1540,2638-1120
2779142,1190290,2022,40,9,4,1540,2779-1190
2792513,1179718,2022,40,3,13,1540,2792-1179
2584758,1095609,2021,52,6,0,1540,2584-1095
2744291,1234825,2023,58,2,0,1540,2744-1234
2646500,1181500,2025,58,3,0,1540,2646-1181
2826619,1169194,2023,58,3,0,1540,2826-1169
2747015,1233220,2022,64,8,0,1540,2747-1233
2693620,1169984,2025,64,3,0,1540,2693-1169
2625887,1152260,2025,64,2,0,1540,2625-1152
2761525,1156803,2022,15,1,0,1540,2761-1156
2718500,1181500,2021,27,1,3,1540,2718-1181
2604018,1112557,2024,27,2,3,1540,2604-1112
2660750,1202882,2022,27,1,2,1540,2660-1202
2661036,1202844,2022,27,2,4,1540,2661-1202
2737376,1202830,2025,33,3,3,1540,2737-1202
2689418,1167662,2024,22,1,3,1540,2689-1167
2715933,1201415,2022,33,1,2,1540,2715-1201
2742239,1224718,2025,33,1,2,1540,2742-1224
2741490,1224231,2025,33,2,4,1540,2741-1224
2616364,1166132,2021,33,1,2,1540,2616-1166
2742091,1224359,2024,39,1,1,1540,2742-1224
2679262,1178558,2024,39,6,13,1540,2679-1178
2798910,1164053,2024,28,2,4,1540,2798-1164
2627380.05556946,1174629.48395264,2024,52,2,0,1540,2627-1174
2626857,1163654,2025,28,1,3,1540,2626-1163
2661668,1203613,2021,52,1,0,1540,2661-1203
2580077,1125814,2023,28,2,4,1540,2580-1125
2580422,1125722,2023,28,1,3,1540,2580-1125
2580599,1125246,2023,28,1,1,1540,2580-1125
2727063,1212883,2023,27,5,4,1540,2727-1212
2812925,1169732,2023,33,2,1,1540,2812-1169
2793386,1167537,2024,34,2,4,1540,2793-1167
2793727,1167564,2024,34,2,4,1540,2793-1167
2634500,1181500,2023,34,13,6,1540,2634-1181
2711135,1205671,2022,33,1,2,1540,2711-1205
2607533,1171357,2021,34,1,3,1540,2607-1171
2773500,1194500,2024,33,3,3,1540,2773-1194
2614724,1114832,2025,27,2,4,1540,2614-1114
2672471,1147907,2021,34,2,4,1540,2672-1147
2800084,1158070,2021,34,2,3,1540,2800-1158
2791471,1154316,2023,39,2,4,1540,2791-1154
2750369,1219717,2025,33,1,2,1540,2750-1219
2620451,1155362,2022,33,1,19,1540,2620-1155
2616261,1165942,2024,33,1,1,1540,2616-1165
2599775,1172197,2024,40,1,2,1540,2599-1172
2727647,1212634,2024,33,2,3,1540,2727-1212
2727898,1212050,2024,33,2,3,1540,2727-1212
2616284,1166049,2023,39,2,3,1540,2616-1166
2736500,1214500,2021,58,1,0,1540,2736-1214
2693241,1167361,2025,59,1,0,1540,2693-1167
2737429,1193396,2021,46,2,13,1540,2737-1193
2666863,1156922,2021,58,10,0,1540,2666-1156
2624606,1151202,2022,46,2,4,1540,2624-1151
2812348,1169778,2023,58,7,0,1540,2812-1169
2646523,1182016,2025,59,1,0,1540,2646-1182
2689531,1167509,2023,58,1,0,1540,2689-1167
2780819,1191585,2023,71,3,0,1540,2780-1191
2727500,1213500,2025,70,4,0,1540,2727-1213
2749323,1223083,2023,15,3,0,1540,2749-1223
2613682,1138562,2023,10,1,0,1540,2613-1138
2613660.71031603,1138539.55652576,2021,10,1,0,1540,2613-1138
2727499,1212492,2023,10,3,0,1540,2727-1212
2751676,1218738,2021,27,1,1,1540,2751-1218
2727431,1212520,2023,10,2,0,1540,2727-1212
2825526,1168859,2021,10,2,0,1540,2825-1168
2716333,1180236,2025,27,1,3,1540,2716-1180
2718276,1180831,2025,27,2,2,1540,2718-1180
2748500,1207500,2025,10,,0,1540,2748-1207
2678500,1161500,2022,34,1,2,1540,2678-1161
2639671,1185170,2021,34,1,2,1540,2639-1185
2632512,1163670,2024,28,8,2,1540,2632-1163
2741632,1224234,2025,28,1,2,1540,2741-1224
2749122,1222813,2022,34,1,2,1540,2749-1222
2749264,1222789,2022,34,1,2,1540,2749-1222
2604954,1112157,2024,40,6,13,1540,2604-1112
2682412,1156953,2024,40,5,13,1540,2682-1156
2819734,1172417,2022,40,5,8,1540,2819-1172
2603172,1113204,2025,28,2,5,1540,2603-1113
2614459,1115263,2025,28,3,5,1540,2614-1115
2614572,1115057,2025,28,2,6,1540,2614-1115
2736863,1192385,2024,28,4,2,1540,2736-1192
2736717,1192474,2024,28,2,3,1540,2736-1192
2702331,1154712,2022,46,1,2,1540,2702-1154
2742161.06163084,1224347.80636982,2021,34,1,1,1540,2742-1224
2742161.06163084,1224347.80636982,2021,34,1,1,1540,2742-1224
2742161.06163084,1224347.80636982,2021,34,1,1,1540,2742-1224
2736214,1212030,2022,34,2,4,1540,2736-1212
2788276,1161385,2024,34,1,3,1540,2788-1161
2737786,1224791,2021,34,1,2,1540,2737-1224
2596425.52278148,1131950.75004805,2025,40,5,13,1540,2596-1131
2585500,1129500,2024,40,2,4,1540,2585-1129
2627380.05556946,1174629.48395264,2025,46,3,2,1540,2627-1174
2666392,1181911,2024,40,9,13,1540,2666-1181
2665179,1181110,2022,40,3,13,1540,2665-1181
2691635,1157699,2021,47,1,2,1540,2691-1157
2744113.04069474,1234899.89416983,2024,47,2,1,1540,2744-1234
2741500,1224500,2022,59,18,0,1540,2741-1224
2742500,1224500,2022,58,14,0,1540,2742-1224
2681448,1162655,2022,27,2,6,1540,2681-1162
2627380.05556946,1174629.48395264,2023,58,3,0,1540,2627-1174
2614541,1114965,2025,27,2,4,1540,2614-1114
2749169,1236524,2022,27,1,2,1540,2749-1236
2749289,1223085,2022,70,4,0,1540,2749-1223
2660136.12574172,1202406.42346079,2021,34,10,4,1540,2660-1202
2761351,1157149,2021,40,3,13,1540,2761-1157
2818971,1175698,2022,34,1,2,1540,2818-1175
2705406,1166099,2024,40,1,11,1540,2705-1166
2586614,1130158,2025,40,3,13,1540,2586-1130
2744260,1234885,2022,40,1,3,1540,2744-1234
2773418,1182045,2024,40,3,2,1540,2773-1182
2711875,1156294,2025,40,3,13,1540,2711-1156
2742500,1224500,2021,46,6,3,1540,2742-1224
2744241,1234899,2023,46,5,1,1540,2744-1234
2741479,1224502,2024,46,6,2,1540,2741-1224
2744330,1234601,2024,46,3,2,1540,2744-1234
2639944,1185129,2022,16,2,0,1540,2639-1185
2552490,1134209,2023,52,6,0,1540,2552-1134
2750018,1219647,2022,58,3,0,1540,2750-1219
2727127,1211604,2024,58,12,0,1540,2727-1211
2745650,1236573,2022,58,2,0,1540,2745-1236
2632500,1163500,2023,28,7,6,1540,2632-1163
2632500,1162500,2023,28,6,6,1540,2632-1162
2749500,1222500,2024,28,6,6,1540,2749-1222
2727432,1212509,2025,64,5,0,1540,2727-1212
2727502,1212237,2025,64,1,0,1540,2727-1212
2727226,1212744,2025,64,3,0,1540,2727-1212
2803333,1171885,2021,35,2,1,1540,2803-1171
2608894,1115546,2024,35,1,8,1540,2608-1115
2703500,1174500,2024,35,3,3,1540,2703-1174
2665189,1181066,2021,35,2,2,1540,2665-1181
2742748,1213047,2021,35,1,1,1540,2742-1213
2765959,1175991,2025,41,3,4,1540,2765-1175
2742161.06163084,1224347.80636981,2023,41,1,3,1540,2742-1224
2742161.06163084,1224347.80636981,2023,41,1,3,1540,2742-1224
2648073,1123861,2022,41,1,13,1540,2648-1123
2577346,1122400,2021,41,1,2,1540,2577-1122
2613735,1138782,2022,41,1,3,1540,2613-1138
2571464.60872643,1091750.27795182,2022,41,2,13,1540,2571-1091
2634668,1181730,2024,47,1,2,1540,2634-1181
2744113.04069474,1234899.89416984,2021,47,1,2,1540,2744-1234
2682983,1157864,2023,47,4,2,1540,2682-1157
2746986,1199643,2025,28,2,4,1540,2746-1199
2613950,1122242,2025,10,5,0,1540,2613-1122
2741479,1224173,2021,10,1,0,1540,2741-1224
2634883,1181393,2022,34,1,2,1540,2634-1181
2742477,1224024,2024,34,2,4,1540,2742-1224
2800013,1158131,2022,34,2,4,1540,2800-1158
2741500,1224500,2021,59,1,0,1540,2741-1224
2751294,1218838,2024,34,2,4,1540,2751-1218
2634672,1181751,2022,34,2,6,1540,2634-1181
2667135,1156457,2024,34,1,2,1540,2667-1156
2634627,1181512,2022,34,1,2,1540,2634-1181
2616066,1166095,2025,46,1,3,1540,2616-1166
2742310,1234024,2023,46,2,13,1540,2742-1234
2719877,1207388,2022,46,3,13,1540,2719-1207
2736066,1168425,2023,46,5,13,1540,2736-1168
2748906,1207160,2022,22,1,1,1540,2748-1207
2748294,1207323,2022,22,2,3,1540,2748-1207
2613822,1138857,2022,46,2,1,1540,2613-1138
2662113,1203498,2022,46,1,1,1540,2662-1203
2702178,1154714,2022,46,1,2,1540,2702-1154
2616062,1165875,2025,46,1,2,1540,2616-1165
2747117,1204059,2025,28,2,6,1540,2747-1204
2732288,1150814,2022,28,3,2,1540,2732-1150
2748388,1233666,2025,28,2,2,1540,2748-1233
2785387,1157992,2022,23,2,4,1540,2785-1157
2726831,1211798,2021,34,2,4,1540,2726-1211
2726776,1211937,2023,34,2,4,1540,2726-1211
2726473,1211809,2024,34,1,2,1540,2726-1211
2727578,1212166,2021,34,6,1,1540,2727-1212
2741665,1224354,2023,34,2,4,1540,2741-1224
2626755,1174171,2024,34,1,2,1540,2626-1174
2634816,1181781,2022,34,1,3,1540,2634-1181
2578911,1124324,2022,40,5,13,1540,2578-1124
2741535,1224803,2025,40,1,2,1540,2741-1224
2639729,1185162,2023,29,1,3,1540,2639-1185
2736697,1192219,2021,35,1,3,1540,2736-1192
2645969,1182608,2025,35,1,2,1540,2645-1182
2703500,1174500,2021,35,3,2,1540,2703-1174
2639500,1184500,2021,35,,1,1540,2639-1184
2727037,1211606,2023,46,8,1,1540,2727-1211
2793409,1167444,2024,35,1,3,1540,2793-1167
2793109,1167592,2024,35,1,2,1540,2793-1167
2793511,1167627,2024,35,2,4,1540,2793-1167
2686907,1145436,2025,46,9,13,1540,2686-1145
2686883,1145671,2025,46,9,13,1540,2686-1145
2789500,1195500,2022,41,4,2,1540,2789-1195
2721419,1186370,2022,41,4,2,1540,2721-1186
2627461,1174795,2023,52,7,0,1540,2627-1174
2666671,1182144,2023,47,4,13,1540,2666-1182
2744469,1234790,2022,58,2,0,1540,2744-1234
2727695,1212536,2025,64,10,0,1540,2727-1212
2727403,1212218,2025,64,2,0,1540,2727-1212
2706440,1210439,2025,28,2,2,1540,2706-1210
2706507,1210571,2025,28,2,4,1540,2706-1210
2661914,1203442,2022,28,1,1,1540,2661-1203
2639773,1185126,2022,34,2,4,1540,2639-1185
2581056,1136194,2021,34,2,4,1540,2581-1136
2737450,1214697,2022,34,2,4,1540,2737-1214
2666442,1156849,2021,34,1,1,1540,2666-1156
2725576,1188188,2021,34,3,5,1540,2725-1188
2742500,1224500,2023,16,4,0,1540,2742-1224
2623879,1140243,2024,34,1,1,1540,2623-1140
2812273,1169668,2022,16,1,0,1540,2812-1169
2623275,1140525,2024,34,2,4,1540,2623-1140
2616589,1166035,2025,52,2,0,1540,2616-1166
2805220,1191381,2022,22,2,4,1540,2805-1191
2748832,1233915,2025,28,1,2,1540,2748-1233
2666500,1183500,2022,58,6,0,1540,2666-1183
2648059,1194321,2025,28,2,4,1540,2648-1194
2825036,1168624,2023,28,2,4,1540,2825-1168
2640069,1184908,2025,28,,2,1540,2640-1184
2672803.99515324,1147822.3136694,2022,35,1,1,1540,2672-1147
2742161.06163084,1224347.80636981,2024,35,1,2,1540,2742-1224
2608955,1115468,2025,28,2,6,1540,2608-1115
2674500,1182500,2021,35,2,5,1540,2674-1182
2747850,1233521,2025,28,2,6,1540,2747-1233
2785500,1157500,2024,28,2,3,1540,2785-1157
2640473,1158288,2022,34,1,1,1540,2640-1158
2587782,1130589,2024,41,3,13,1540,2587-1130
2746643,1234104,2022,34,1,2,1540,2746-1234
2742500,1224500,2021,34,2,4,1540,2742-1224
2622772,1140339,2024,34,1,3,1540,2622-1140
2622395,1140630,2024,34,1,3,1540,2622-1140
2616364.97876014,1166132.55454562,2022,34,1,1,1540,2616-1166
2608998,1115602,2024,34,1,3,1540,2608-1115
2726500,1171500,2021,34,2,4,1540,2726-1171
2742039,1158881,2023,47,5,13,1540,2742-1158
2742500,1224500,2022,40,4,4,1540,2742-1224
2642500,1123500,2023,40,3,1,1540,2642-1123
2747482,1162257,2022,40,3,2,1540,2747-1162
2577292,1122288,2021,40,5,13,1540,2577-1122
2613589,1138638,2021,40,3,3,1540,2613-1138
2639500,1185500,2025,40,3,13,1540,2639-1185
2588257,1129755,2024,40,5,13,1540,2588-1129
2675453,1160828,2025,46,1,3,1540,2675-1160
2826582,1169555,2025,46,2,4,1540,2826-1169
2625595.04577246,1173329.4938655,2023,10,2,0,1540,2625-1173
2710942,1205750,2021,46,4,13,1540,2710-1205
2613749,1138797,2024,46,1,3,1540,2613-1138
2691398,1157524,2021,46,3,4,1540,2691-1157
2613842,1138733,2024,46,1,3,1540,2613-1138
2826589,1169503,2025,46,1,1,1540,2826-1169
2742594,1153607,2025,5,2,6,1540,2742-1153
2666220,1181640,2022,5,1,0,1540,2666-1181
2744296,1234952,2022,58,3,0,1540,2744-1234
2661853.79426479,1203599.45289931,2025,58,3,0,1540,2661-1203
2729882,1186670,2024,65,2,0,1540,2729-1186
2760500,1157500,2021,23,2,2,1540,2760-1157
2626428,1163717,2025,23,1,2,1540,2626-1163
2613328,1138370,2021,10,5,0,1540,2613-1138
2662444,1133654,2021,35,2,4,1540,2662-1133
2829500,1159500,2021,35,2,1,1540,2829-1159
2590500,1166500,2022,41,4,1,1540,2590-1166
2661836,1203451,2022,41,3,2,1540,2661-1203
2639927,1184883,2025,28,2,4,1540,2639-1184
2599504,1160629,2024,28,2,4,1540,2599-1160
2742500,1224500,2023,16,5,0,1540,2742-1224
2599150,1160190,2024,28,2,4,1540,2599-1160
2715833,1201072,2022,34,2,4,1540,2715-1201
2662270,1203461,2021,60,12,0,1540,2662-1203
2715421,1199925,2022,40,4,13,1540,2715-1199
2727500,1212500,2023,60,10,0,1540,2727-1212
2552120,1132125,2022,60,1,0,1540,2552-1132
2737500,1214500,2021,60,4,0,1540,2737-1214
2696417,1158434,2025,46,4,4,1540,2696-1158
2625553,1151687,2021,46,17,2,1540,2625-1151
2616073,1165931,2025,53,2,0,1540,2616-1165
2616365,1166116,2025,53,3,0,1540,2616-1166
2599528,1172445,2021,53,1,0,1540,2599-1172
2727933,1212142,2024,28,2,4,1540,2727-1212
2750053,1219088,2024,28,2,4,1540,2750-1219
2727760,1212575,2024,28,2,2,1540,2727-1212
2727400,1211877,2022,28,2,4,1540,2727-1211
2716500,1168500,2024,28,1,2,1540,2716-1168
2675500,1181500,2023,59,25,0,1540,2675-1181
2711182,1172441,2022,28,2,4,1540,2711-1172
2662047,1203552,2023,59,3,0,1540,2662-1203
2580069,1125808,2023,28,2,4,1540,2580-1125
2641500,1158500,2021,59,4,0,1540,2641-1158
2626756,1174105,2023,11,3,0,1540,2626-1174
2812925,1169847,2021,34,1,2,1540,2812-1169
2741571,1224398,2025,34,1,3,1540,2741-1224
2744096,1225676,2023,34,1,1,1540,2744-1225
2744003,1225558,2023,34,2,2,1540,2744-1225
2744043,1225219,2023,34,1,2,1540,2744-1225
2648997,1169588,2023,34,2,4,1540,2648-1169
2648961,1169459,2023,34,2,4,1540,2648-1169
2649214,1169188,2023,34,1,3,1540,2649-1169
2649188,1169495,2023,34,1,2,1540,2649-1169
2649050,1169490,2023,34,1,3,1540,2649-1169
2702151,1142383,2022,40,1,2,1540,2702-1142
2640695,1158389,2022,34,1,2,1540,2640-1158
2625903,1152473,2024,34,1,3,1540,2625-1152
2812460,1169922,2021,40,6,2,1540,2812-1169
2742667,1211741,2025,40,1,2,1540,2742-1211
2706912,1162773,2025,40,4,13,1540,2706-1162
2627140,1174508,2023,46,9,1,1540,2627-1174
2613733,1138628,2021,4,2,0,1540,2613-1138
2711435,1172132,2024,35,2,4,1540,2711-1172
2728696,1176535,2021,35,2,4,1540,2728-1176
2641420,1120778,2023,35,2,4,1540,2641-1120
2749216,1222738,2024,35,1,3,1540,2749-1222
2749181,1222981,2024,35,1,3,1540,2749-1222
2739996,1197477,2025,35,1,11,1540,2739-1197
2716500,1180500,2021,35,1,19,1540,2716-1180
2712094,1172170,2024,35,2,4,1540,2712-1172
2764382,1192638,2024,41,5,1,1540,2764-1192
2661853.79426479,1203599.45289931,2021,53,4,0,1540,2661-1203
2599500,1172500,2023,41,7,1,1540,2599-1172
2646767,1182105,2025,59,5,0,1540,2646-1182
2646500,1182500,2025,59,2,0,1540,2646-1182
2742345,1224243,2023,59,7,0,1540,2742-1224
2679094,1132021,2025,48,7,13,1540,2679-1132
2711500,1205500,2021,48,4,1,1540,2711-1205
2803353,1171664,2021,48,4,1,1540,2803-1171
2646236,1181955,2021,60,4,0,1540,2646-1181
2789500,1175500,2022,22,2,4,1540,2789-1175
2613690,1138573,2021,4,2,0,1540,2613-1138
2689418,1167662,2024,22,2,4,1540,2689-1167
2727693,1212255,2025,10,2,0,1540,2727-1212
2727135,1212354,2025,10,4,0,1540,2727-1212
2637174,1176952,2022,28,1,3,1540,2637-1176
2749159,1222933,2024,28,1,2,1540,2749-1222
2749038,1222977,2024,28,4,2,1540,2749-1222
2639049,1185639,2025,28,2,4,1540,2639-1185
2607613,1171431,2025,34,2,2,1540,2607-1171
2749984,1236933,2021,34,1,3,1540,2749-1236
2601523,1157958,2025,16,1,0,1540,2601-1157
2711705,1206128,2024,34,1,3,1540,2711-1206
2742452,1224686,2021,34,1,1,1540,2742-1224
2669500,1165500,2021,34,1,2,1540,2669-1165
2585842,1129222,2025,16,1,0,1540,2585-1129
2671026,1159605,2022,40,5,13,1540,2671-1159
2809321,1187574,2021,40,2,2,1540,2809-1187
2715085,1199779,2022,40,4,13,1540,2715-1199
2742629,1213131,2025,23,1,3,1540,2742-1213
2689374,1167475,2024,23,1,1,1540,2689-1167
2744062,1225178,2025,22,3,4,1540,2744-1225
2689269,1167446,2024,23,1,1,1540,2689-1167
2674500,1182500,2023,53,7,0,1540,2674-1182
2678655,1161399,2024,28,2,4,1540,2678-1161
2742300,1224725,2025,28,2,4,1540,2742-1224
2616170,1166157,2023,59,7,0,1540,2616-1166
2746628,1234652,2024,28,2,6,1540,2746-1234
2639495,1185508,2024,28,2,2,1540,2639-1185
2647852,1139096,2024,28,1,3,1540,2647-1139
2615738,1114918,2025,28,2,4,1540,2615-1114
2615344,1114322,2025,28,1,3,1540,2615-1114
2686212,1157405,2025,36,2,3,1540,2686-1157
2769271,1163804,2025,36,2,4,1540,2769-1163
2742379,1224390,2022,34,1,1,1540,2742-1224
2746944,1234183,2023,34,1,1,1540,2746-1234
2578124,1125388,2022,34,1,2,1540,2578-1125
2744118,1225335,2021,34,1,2,1540,2744-1225
2578835,1136323,2022,34,2,4,1540,2578-1136
2578842,1136314,2022,34,2,4,1540,2578-1136
2634899,1181445,2025,48,4,2,1540,2634-1181
2634426,1181556,2025,48,3,2,1540,2634-1181
2572500,1112500,2024,34,2,8,1540,2572-1112
2586500,1130500,2024,40,2,2,1540,2586-1130
2600088,1157193,2022,40,3,13,1540,2600-1157
2600090,1157206,2022,40,3,13,1540,2600-1157
2628977,1155351,2022,40,1,2,1540,2628-1155
2628044,1155784,2022,40,1,2,1540,2628-1155
2800431,1146740,2021,40,2,13,1540,2800-1146
2639500,1185500,2021,54,1,0,1540,2639-1185
2744247,1234946,2024,40,6,2,1540,2744-1234
2826296,1169160,2022,40,7,2,1540,2826-1169
2826702,1169425,2022,40,7,13,1540,2826-1169
2696728,1197075,2021,47,12,2,1540,2696-1197
2770500,1142500,2023,40,3,13,1540,2770-1142
2570523,1094489,2023,47,2,8,1540,2570-1094
2709385,1161813,2023,47,4,13,1540,2709-1161
2709614,1161729,2023,47,2,1,1540,2709-1161
2664500,1155500,2023,47,1,3,1540,2664-1155
2608199,1155447,2025,47,3,2,1540,2608-1155
2710137,1161771,2023,47,5,13,1540,2710-1161
2824500,1181500,2023,47,5,13,1540,2824-1181
2713485,1193320,2023,47,3,13,1540,2713-1193
2613714,1138616,2021,11,1,0,1540,2613-1138
2662196.12069274,1203446.42408906,2022,60,2,0,1540,2662-1203
2613818,1138569,2021,11,1,0,1540,2613-1138
2744283,1234919,2023,53,1,0,1540,2744-1234
2741500,1224500,2022,59,23,0,1540,2741-1224
2639876,1185165,2022,16,2,0,1540,2639-1185
2767261,1193798,2022,59,8,0,1540,2767-1193
2744130,1234899,2022,59,3,0,1540,2744-1234
2601690,1157433,2021,59,2,0,1540,2601-1157
2662166,1203501,2025,59,3,0,1540,2662-1203
2613719,1138564,2024,59,10,0,1540,2613-1138
2744297,1234796,2024,59,30,0,1540,2744-1234
2640697,1158873,2025,12,1,0,1540,2640-1158
2764500,1209500,2025,22,1,3,1540,2764-1209
2613885,1138710,2021,11,3,0,1540,2613-1138
2613755,1138650,2021,11,1,0,1540,2613-1138
2727522,1212652,2023,11,2,0,1540,2727-1212
2613711,1138565,2021,11,1,0,1540,2613-1138
2613660.71031603,1138539.55652576,2021,11,1,0,1540,2613-1138
2613660.71031603,1138539.55652576,2021,11,1,0,1540,2613-1138
2666922,1183819,2021,24,2,4,1540,2666-1183
2597753,1169606,2023,30,2,4,1540,2597-1169
2598451.53502055,1131735.72503829,2022,30,2,4,1540,2598-1131
2689580,1167703,2023,30,1,3,1540,2689-1167
2634500,1181500,2023,41,1,2,1540,2634-1181
2748500,1203500,2024,41,10,2,1540,2748-1203
2616368,1166144,2022,41,2,2,1540,2616-1166
2723213,1170815,2023,41,4,13,1540,2723-1170
2718840,1212772,2025,22,2,4,1540,2718-1212
2773806,1191819,2024,36,5,6,1540,2773-1191
2627380.05556946,1174629.48395265,2022,47,2,2,1540,2627-1174
2648888,1169710,2023,47,3,2,1540,2648-1169
2634753,1181754,2024,47,8,13,1540,2634-1181
2648788,1123300,2023,42,1,1,1540,2648-1123
2803335,1172104,2024,42,3,2,1540,2803-1172
2742058,1212105,2021,59,1,0,1540,2742-1212
2711208,1205742,2021,48,4,1,1540,2711-1205
2711054,1205459,2021,48,1,1,1540,2711-1205
2729750,1186529,2022,28,2,4,1540,2729-1186
2729819,1187334,2022,28,2,4,1540,2729-1187
2601500,1157500,2021,59,11,0,1540,2601-1157
2764667,1209159,2025,59,1,0,1540,2764-1209
2713803,1211703,2021,71,1,0,1540,2713-1211
2737500,1224500,2022,60,1,0,1540,2737-1224
2744084,1225234,2021,35,1,2,1540,2744-1225
2773500,1193500,2022,35,1,2,1540,2773-1193
2578779,1125026,2025,35,1,2,1540,2578-1125
2607537,1171390,2024,35,1,2,1540,2607-1171
2653788,1133722,2023,41,1,13,1540,2653-1133
2828324,1160086,2021,41,12,4,1540,2828-1160
2712500,1160500,2023,41,4,13,1540,2712-1160
2629924,1159806,2024,41,7,13,1540,2629-1159
2812845,1169722,2021,41,2,2,1540,2812-1169
2631353,1161496,2024,41,10,13,1540,2631-1161
2637230,1176811,2022,72,3,0,1540,2637-1176
2798276,1145166,2024,41,5,4,1540,2798-1145
2570445,1094403,2024,41,2,3,1540,2570-1094
2744538,1234774,2024,41,4,3,1540,2744-1234
2585353,1096693,2023,41,1,2,1540,2585-1096
2634495,1181754,2021,11,8,0,1540,2634-1181
2634895,1181423,2021,11,4,0,1540,2634-1181
2742487,1213064,2023,24,3,4,1540,2742-1213
2640004,1184886,2021,71,1,0,1540,2640-1184
2698615,1156803,2021,30,2,2,1540,2698-1156
2698418,1156955,2021,30,2,2,1540,2698-1156
2716500,1180500,2024,11,2,0,1540,2716-1180
2698936,1156911,2021,36,2,2,1540,2698-1156
2778219,1184053,2024,36,2,4,1540,2778-1184
2821327,1170096,2022,35,2,4,1540,2821-1170
2615431,1153515,2023,36,1,3,1540,2615-1153
2615717,1153125,2023,36,1,3,1540,2615-1153
2615210,1153392,2023,36,1,3,1540,2615-1153
2696320,1158090,2022,35,1,3,1540,2696-1158
2637192,1176721,2022,35,1,2,1540,2637-1176
2727500,1211500,2025,35,1,3,1540,2727-1211
2718315,1212830,2025,16,3,0,1540,2718-1212
2674500,1182500,2022,35,2,4,1540,2674-1182
2792718,1176535,2025,35,2,4,1540,2792-1176
2616100,1165965,2023,35,1,3,1540,2616-1165
2744113.04069474,1234899.89416984,2021,42,5,2,1540,2744-1234
2721270,1186825,2022,41,1,19,1540,2721-1186
2615272,1153347,2023,42,6,13,1540,2615-1153
2674142,1148216,2022,42,3,13,1540,2674-1148
2713102,1192790,2022,16,1,0,1540,2713-1192
2579443.70080995,1089832.15270123,2025,48,8,1,1540,2579-1089
2726745,1212748,2023,23,2,1,1540,2726-1212
2788901,1155278,2021,23,2,4,1540,2788-1155
2627380.05556946,1174629.48395264,2024,53,15,0,1540,2627-1174
2748776,1222816,2025,53,2,0,1540,2748-1222
2716500,1168500,2025,59,3,0,1540,2716-1168
2640007,1184989,2023,29,2,2,1540,2640-1184
2579443.70080995,1089832.15270123,2025,73,9,0,1540,2579-1089
2645787,1182131,2021,65,1,0,1540,2645-1182
2640764,1158122,2022,29,2,2,1540,2640-1158
2634801,1181300,2023,29,1,3,1540,2634-1181
2660054,1202527,2022,29,2,3,1540,2660-1202
2703500,1174500,2021,35,2,2,1540,2703-1174
2641133,1158703,2025,12,2,0,1540,2641-1158
2675351,1160668,2022,41,1,2,1540,2675-1160
2675347,1160650,2022,41,1,2,1540,2675-1160
2744424,1234704,2024,41,1,1,1540,2744-1234
2741500,1224500,2021,47,2,2,1540,2741-1224
2629863,1160093,2023,47,6,13,1540,2629-1160
2629974,1159696,2023,47,8,13,1540,2629-1159
2742500,1224500,2025,11,1,0,1540,2742-1224
2742500,1224500,2025,18,1,0,1540,2742-1224
2631083,1161248,2023,47,1,2,1540,2631-1161
2631338,1161423,2023,47,2,2,1540,2631-1161
2711480,1206283,2023,47,5,2,1540,2711-1206
2773595,1179573,2024,47,7,13,1540,2773-1179
2812411,1169755,2021,53,7,0,1540,2812-1169
2812247,1169781,2022,53,6,0,1540,2812-1169
2601778,1153928,2024,53,8,0,1540,2601-1153
2661853.79426479,1203599.45289931,2021,47,1,2,1540,2661-1203
2696536,1197284,2024,59,1,0,1540,2696-1197
2686177,1157388,2023,30,1,3,1540,2686-1157
2812517,1169570,2023,30,2,1,1540,2812-1169
2747500,1233500,2023,30,2,1,1540,2747-1233
2737140,1211035,2024,36,2,6,1540,2737-1211
2613459,1138574,2022,71,1,0,1540,2613-1138
2590500,1166500,2023,36,2,4,1540,2590-1166
2570099,1094373,2022,48,15,2,1540,2570-1094
2692500,1158500,2021,48,4,13,1540,2692-1158
2634714.09992908,1181787.45448945,2022,48,4,2,1540,2634-1181
2741500,1224500,2022,48,2,3,1540,2741-1224
2764795,1209820,2022,29,1,3,1540,2764-1209
2718500,1180500,2024,29,2,4,1540,2718-1180
2818986,1175788,2021,11,6,0,1540,2818-1175
2613660.71031603,1138539.55652576,2021,11,1,0,1540,2613-1138
2579443.70080995,1089832.15270123,2025,61,1,0,1540,2579-1089
2616364.97876014,1166132.55454562,2022,61,10,0,1540,2616-1166
2584993,1095507,2025,17,1,0,1540,2584-1095
2746539,1169474,2021,41,7,8,1540,2746-1169
2749178,1222695,2021,41,6,2,1540,2749-1222
2601105,1154629,2025,41,8,13,1540,2601-1154
2625582,1151877,2025,41,7,2,1540,2625-1151
2690616,1182441,2023,41,3,13,1540,2690-1182
2788269,1186199,2023,41,1,1,1540,2788-1186
2727500,1212499,2022,23,4,3,1540,2727-1212
2742459,1224253,2022,47,5,2,1540,2742-1224
2627500,1174500,2022,6,1,0,1540,2627-1174
2742459,1224262,2022,53,1,0,1540,2742-1224
2625408,1152919,2024,12,4,0,1540,2625-1152
2552492.27022654,1134207.48866261,2022,29,2,4,1540,2552-1134
2601500,1157500,2024,59,1,0,1540,2601-1157
2648500,1139500,2021,29,2,6,1540,2648-1139
2653330,1133059,2023,29,1,3,1540,2653-1133
2738691,1193756,2022,29,1,2,1540,2738-1193
2613660.71031603,1138539.55652576,2021,18,1,0,1540,2613-1138
2651189,1163512,2025,35,2,4,1540,2651-1163
2790864,1154868,2021,35,1,3,1540,2790-1154
2742092,1224364,2024,35,1,2,1540,2742-1224
2727126,1211630,2024,35,2,3,1540,2727-1211
2727410,1212798,2024,35,1,3,1540,2727-1212
2727354,1212195,2024,35,2,4,1540,2727-1212
2733929,1189631,2022,41,4,13,1540,2733-1189
2675301,1160670,2024,47,3,2,1540,2675-1160
2629970,1159118,2023,47,1,2,1540,2629-1159
2630233,1160086,2023,47,9,13,1540,2630-1160
2629847,1159694,2023,47,2,3,1540,2629-1159
2672824,1180747,2025,41,5,13,1540,2672-1180
2711253,1205731,2025,47,3,1,1540,2711-1205
2710822,1205850,2024,47,3,1,1540,2710-1205
2587996,1130344,2024,30,2,4,1540,2587-1130
2586746,1130370,2024,41,1,18,1540,2586-1130
2732272,1151207,2024,30,2,6,1540,2732-1151
2732767,1151446,2024,30,2,6,1540,2732-1151
2742152,1212381,2025,30,2,2,1540,2742-1212
2627164,1092535,2023,47,1,8,1540,2627-1092
2742865,1213110,2022,36,1,1,1540,2742-1213
2737783,1224129,2021,53,2,0,1540,2737-1224
2742526,1224168,2022,53,1,0,1540,2742-1224
2744027,1225506,2022,53,7,0,1540,2744-1225
2744028,1225196,2022,53,1,0,1540,2744-1225
2581500,1098500,2025,66,2,0,1540,2581-1098
2659942,1202409,2024,53,4,0,1540,2659-1202
2638849,1120664,2021,49,2,13,1540,2638-1120
2710500,1205500,2021,23,4,2,1540,2710-1205
2616084,1165934,2023,66,1,0,1540,2616-1165
2662196.12069274,1203446.42408906,2022,61,4,0,1540,2662-1203
2613812,1148283,2021,23,2,4,1540,2613-1148
2613500,1148429,2021,23,2,6,1540,2613-1148
2749162,1223215,2024,6,3,0,1540,2749-1223
2749053,1222998,2024,6,3,0,1540,2749-1222
2777358,1156083,2021,35,2,4,1540,2777-1156
2672861,1180619,2022,17,2,0,1540,2672-1180
2721092,1186634,2022,41,1,2,1540,2721-1186
2590500,1166500,2022,41,4,1,1540,2590-1166
2590500,1166500,2022,41,4,1,1540,2590-1166
2729173,1158919,2021,23,2,4,1540,2729-1158
2585500,1128500,2023,47,3,13,1540,2585-1128
2634773,1181781,2022,47,6,13,1540,2634-1181
2634366,1181292,2022,47,1,2,1540,2634-1181
2634656,1181604,2022,47,5,2,1540,2634-1181
2687219,1182665,2021,47,2,4,1540,2687-1182
2760500,1156500,2021,23,2,3,1540,2760-1156
2696581,1197235,2022,23,1,3,1540,2696-1197
2604248,1149706,2022,60,8,0,1540,2604-1149
2604594,1149840,2022,60,14,0,1540,2604-1149
2639933,1184744,2021,60,1,0,1540,2639-1184
2622690,1140318,2022,35,1,3,1540,2622-1140
2637104,1176740,2023,30,2,6,1540,2637-1176
2773429,1193933,2025,30,2,6,1540,2773-1193
2831328,1164737,2021,37,4,4,1540,2831-1164
2831033,1164143,2021,37,1,3,1540,2831-1164
2803389,1171852,2022,37,4,2,1540,2803-1171
2563247,1108957,2024,37,2,4,1540,2563-1108
2665069,1181287,2024,37,1,2,1540,2665-1181
2771739,1164231,2022,43,2,4,1540,2771-1164
2826378,1169158,2023,41,14,2,1540,2826-1169
2826428,1169237,2021,43,1,2,1540,2826-1169
2608301,1155548,2025,41,1,2,1540,2608-1155
2653450,1133917,2025,47,1,2,1540,2653-1133
2653450,1133917,2025,47,1,2,1540,2653-1133
2744211,1234867,2021,41,5,3,1540,2744-1234
2744367,1234623,2021,41,2,4,1540,2744-1234
2812971,1169902,2023,41,1,2,1540,2812-1169
2744265,1234891,2021,41,6,7,1540,2744-1234
2624967,1151277,2025,41,1,2,1540,2624-1151
2653500,1133500,2025,49,2,1,1540,2653-1133
2711089,1205580,2025,47,2,13,1540,2711-1205
2738715,1193878,2023,41,3,2,1540,2738-1193
2738659,1193952,2023,41,3,2,1540,2738-1193
2601546,1157525,2023,41,2,6,1540,2601-1157
2601549,1157277,2023,41,8,13,1540,2601-1157
2586739,1130337,2024,41,6,13,1540,2586-1130
2586520,1129197,2023,41,2,1,1540,2586-1129
2639389,1185314,2022,5,1,0,1540,2639-1185
2615481,1153050,2024,61,5,0,1540,2615-1153
2626640,1174087,2025,47,1,7,1540,2626-1174
2744253,1234907,2023,47,6,1,1540,2744-1234
2578663,1125110,2022,47,2,2,1540,2578-1125
2638410,1118186,2021,47,1,2,1540,2638-1118
2721267,1186330,2024,11,6,0,1540,2721-1186
2826580,1169344,2025,54,6,0,1540,2826-1169
2639951,1185096,2022,17,2,0,1540,2639-1185
2741500,1224500,2021,60,1,0,1540,2741-1224
2627500,1174500,2023,60,5,0,1540,2627-1174
2649500,1133500,2025,31,2,6,1540,2649-1133
2749025,1223103,2023,31,2,4,1540,2749-1223
2749520,1223497,2021,31,2,1,1540,2749-1223
2727158,1211723,2025,31,2,4,1540,2727-1211
2667837,1192254,2025,29,2,4,1540,2667-1192
2577224,1122104,2022,43,1,3,1540,2577-1122
2727388,1212810,2023,11,5,0,1540,2727-1212
2727803,1212224,2024,11,3,0,1540,2727-1212
2727149,1212703,2024,11,2,0,1540,2727-1212
2742161.06163084,1224347.80636981,2024,49,1,2,1540,2742-1224
2666561,1182175,2021,49,11,2,1540,2666-1182
2666473,1182226,2024,49,6,2,1540,2666-1182
2711227,1205859,2023,49,5,1,1540,2711-1205
2563214,1108275,2021,61,1,0,1540,2563-1108
2601500,1157500,2021,17,12,0,1540,2601-1157
2748720,1222933,2024,35,2,4,1540,2748-1222
2623081,1140498,2025,35,2,4,1540,2623-1140
2661060,1180479,2022,41,1,1,1540,2661-1180
2809139,1187856,2022,41,1,2,1540,2809-1187
2721591,1186691,2022,41,6,13,1540,2721-1186
2713760,1211475,2022,41,8,13,1540,2713-1211
2779500,1190500,2024,48,5,1,1540,2779-1190
2702659,1156122,2022,48,1,3,1540,2702-1156
2628844,1155696,2024,48,6,13,1540,2628-1155
2711500,1205500,2025,48,1,1,1540,2711-1205
2634693,1181686,2024,48,2,2,1540,2634-1181
2729563,1186515,2021,23,2,4,1540,2729-1186
2730317,1186783,2021,23,2,4,1540,2730-1186
2714224,1121712,2022,29,2,4,1540,2714-1121
2674388.186886,1182206.30106203,2021,60,10,0,1540,2674-1182
2745500,1236500,2021,66,1,0,1540,2745-1236
2711355,1172443,2024,35,1,1,1540,2711-1172
2599690,1172339,2021,72,2,0,1540,2599-1172
2592899,1103505,2025,41,1,8,1540,2592-1103
2796103,1160663,2022,41,2,13,1540,2796-1160
2796111,1160633,2022,41,2,2,1540,2796-1160
2766463,1213478,2025,35,1,3,1540,2766-1213
2766052,1213581,2025,35,2,4,1540,2766-1213
2628729,1155095,2024,48,4,2,1540,2628-1155
2812631,1169870,2022,48,3,2,1540,2812-1169
2720500,1190500,2025,35,2,4,1540,2720-1190
2669251,1157373,2024,35,2,4,1540,2669-1157
2710463,1205467,2024,48,1,2,1540,2710-1205
2710889,1205680,2024,48,5,13,1540,2710-1205
2710628,1205411,2024,48,1,2,1540,2710-1205
2710879,1205678,2024,48,5,13,1540,2710-1205
2711024,1205758,2024,48,2,2,1540,2711-1205
2607543,1171410,2025,35,1,3,1540,2607-1171
2738973,1193798,2021,35,1,1,1540,2738-1193
2672341,1145907,2022,41,2,9,1540,2672-1145
2742629,1224029,2022,41,4,1,1540,2742-1224
2674500,1148500,2021,54,1,0,1540,2674-1148
2728242,1166807,2021,41,4,19,1540,2728-1166
2729483,1187183,2022,48,4,13,1540,2729-1187
2738238,1193529,2025,48,1,2,1540,2738-1193
2727060,1211887,2025,48,18,2,1540,2727-1211
2738506,1193584,2025,48,3,2,1540,2738-1193
2796403,1160440,2021,54,2,0,1540,2796-1160
2710500,1205500,2021,48,5,1,1540,2710-1205
2586655,1130779,2021,48,6,13,1540,2586-1130
2592559,1131840,2021,48,1,2,1540,2592-1131
2628759,1155668,2024,48,1,2,1540,2628-1155
2601003,1154523,2021,60,1,0,1540,2601-1154
2749427,1223251,2021,17,4,0,1540,2749-1223
2744353,1234859,2024,60,7,0,1540,2744-1234
2729825,1158504,2025,72,2,0,1540,2729-1158
2689591,1167595,2024,23,1,1,1540,2689-1167
2726108,1173108,2021,23,3,4,1540,2726-1173
2689795,1167657,2024,23,3,4,1540,2689-1167
2715500,1201500,2021,23,1,2,1540,2715-1201
2627164,1174638,2022,12,1,0,1540,2627-1174
2666202,1156655,2021,36,2,1,1540,2666-1156
2599397,1160467,2023,36,1,2,1540,2599-1160
2781432,1172600,2025,36,2,4,1540,2781-1172
2603129,1116763,2021,23,2,6,1540,2603-1116
2725622,1171684,2021,23,1,3,1540,2725-1171
2599521,1172420,2023,36,1,2,1540,2599-1172
2616281,1165991,2022,36,4,8,1540,2616-1165
2632763,1115069,2021,17,1,0,1540,2632-1115
2727332,1211862,2022,17,4,0,1540,2727-1211
2579135,1089157,2024,48,10,13,1540,2579-1089
2634665,1181607,2025,48,6,2,1540,2634-1181
2634600,1181583,2025,48,5,2,1540,2634-1181
2748893,1203485,2023,48,15,13,1540,2748-1203
2627380.05556946,1174629.48395265,2022,48,8,2,1540,2627-1174
2722753,1168281,2023,36,1,8,1540,2722-1168
2689418,1167662,2024,23,2,3,1540,2689-1167
2584500,1095500,2022,42,3,11,1540,2584-1095
2632845,1115451,2021,23,2,6,1540,2632-1115
2626885,1174274,2025,29,2,2,1540,2626-1174
2662097,1203516,2021,60,4,0,1540,2662-1203
2812599,1169845,2023,48,1,2,1540,2812-1169
2750410,1205412,2023,48,4,13,1540,2750-1205
2552492.27022654,1134207.48866261,2021,54,4,0,1540,2552-1134
2727218,1211840,2021,36,3,2,1540,2727-1211
2634533,1181749,2022,36,1,2,1540,2634-1181
2623282,1140580,2023,36,2,4,1540,2623-1140
2741588,1224526,2025,36,1,2,1540,2741-1224
2657357,1137196,2021,36,1,2,1540,2657-1137
2657511,1137044,2021,36,3,5,1540,2657-1137
2657910,1137226,2021,36,1,3,1540,2657-1137
2773556,1182043,2023,36,2,3,1540,2773-1182
2727036,1211804,2024,42,20,13,1540,2727-1211
2742330,1224447,2024,48,1,1,1540,2742-1224
2626953,1174282,2022,48,7,2,1540,2626-1174
2726518,1171687,2021,12,5,0,1540,2726-1171
2722420,1182891,2025,60,2,0,1540,2722-1182
2722249,1182912,2025,60,1,0,1540,2722-1182
2718395,1180837,2024,30,2,2,1540,2718-1180
2749259,1223111,2024,30,1,2,1540,2749-1223
2749353,1223605,2024,30,1,3,1540,2749-1223
2749575,1223327,2024,30,1,3,1540,2749-1223
2749824,1223295,2024,30,3,3,1540,2749-1223
2749146,1223231,2024,30,1,2,1540,2749-1223
2749507,1223270,2024,30,1,3,1540,2749-1223
2749514,1223338,2024,30,1,3,1540,2749-1223
2639500,1184500,2021,36,1,3,1540,2639-1184
2634721,1181385,2021,36,1,2,1540,2634-1181
2634894,1181490,2021,36,2,6,1540,2634-1181
2623806,1140396,2023,36,1,2,1540,2623-1140
2634691,1181614,2021,36,1,18,1540,2634-1181
2603964.37681522,1113833.69756901,2021,17,1,0,1540,2603-1113
2710072,1201009,2025,24,2,4,1540,2710-1201
2634788,1181781,2021,36,2,4,1540,2634-1181
2634513,1181671,2021,36,1,3,1540,2634-1181
2742593,1212747,2021,36,1,1,1540,2742-1212
2627380.05556946,1174629.48395265,2022,48,14,2,1540,2627-1174
2627380.05556946,1174629.48395265,2022,48,14,2,1540,2627-1174
2634483,1181613,2022,48,2,4,1540,2634-1181
2634576,1181408,2022,48,10,2,1540,2634-1181
2634674,1181554,2022,48,8,2,1540,2634-1181
2738500,1193500,2025,48,2,1,1540,2738-1193
2727469,1212502,2023,24,1,2,1540,2727-1212
2812179,1169749,2022,30,1,1,1540,2812-1169
2726989,1212712,2023,24,3,4,1540,2726-1212
2622165,1140496,2023,36,1,2,1540,2622-1140
2742500,1212500,2021,36,2,4,1540,2742-1212
2679112,1161461,2021,36,3,4,1540,2679-1161
2741624,1224270,2021,54,5,0,1540,2741-1224
2742129,1224365,2023,54,5,0,1540,2742-1224
2780473,1187620,2023,36,2,4,1540,2780-1187
2616422,1166172,2023,60,8,0,1540,2616-1166
2710500,1205500,2021,48,1,1,1540,2710-1205
2576892,1151505,2022,48,2,4,1540,2576-1151
2578730,1124656,2022,30,1,3,1540,2578-1124
2726540,1211809,2024,30,1,2,1540,2726-1211
2732298,1150737,2023,30,3,3,1540,2732-1150
2812214,1169442,2025,54,4,0,1540,2812-1169
2812317,1169905,2023,54,1,0,1540,2812-1169
2639137,1184777,2021,36,1,3,1540,2639-1184
2773585,1182647,2023,36,2,4,1540,2773-1182
2637054,1176717,2022,72,2,0,1540,2637-1176
2737572,1224121,2021,36,4,4,1540,2737-1224
2747211,1165687,2024,36,4,8,1540,2747-1165
2732365,1150930,2022,36,1,3,1540,2732-1150
2607525,1171356,2023,36,2,4,1540,2607-1171
2662015,1203512,2021,42,3,4,1540,2662-1203
2662088,1203517,2021,42,3,4,1540,2662-1203
2741524,1224226,2023,48,3,2,1540,2741-1224
2742198,1224523,2023,48,7,13,1540,2742-1224
2634915,1181493,2022,48,1,2,1540,2634-1181
2666719,1156253,2022,48,8,1,1540,2666-1156
2570318,1094472,2025,48,13,13,1540,2570-1094
2738651,1193896,2022,48,3,2,1540,2738-1193
2613660.71031603,1138539.55652576,2021,12,3,0,1540,2613-1138
2742469,1224301,2021,54,5,0,1540,2742-1224
2741500,1224500,2021,54,6,0,1540,2741-1224
2637328,1176779,2022,72,1,0,1540,2637-1176
2639767,1185154,2022,18,2,4,1540,2639-1185
2613885,1138705,2021,12,3,0,1540,2613-1138
2678395,1161032,2024,12,1,0,1540,2678-1161
2613659,1138534,2021,12,3,0,1540,2613-1138
2727500,1212500,2024,6,4,0,1540,2727-1212
2593182,1166775,2023,30,2,4,1540,2593-1166
2616332,1166179,2025,36,2,3,1540,2616-1166
2736218,1168580,2023,36,1,2,1540,2736-1168
2709253,1197889,2025,24,2,4,1540,2709-1197
2682763,1157614,2024,42,2,4,1540,2682-1157
2662196.12069274,1203446.42408906,2021,42,2,4,1540,2662-1203
2601193,1153680,2024,42,8,13,1540,2601-1153
2625326,1151951,2021,42,2,4,1540,2625-1151
2711447,1206025,2021,48,1,2,1540,2711-1206
2712412,1205323,2021,48,2,4,1540,2712-1205
2764500,1209500,2022,30,1,3,1540,2764-1209
2812216,1169735,2025,36,1,2,1540,2812-1169
2679112,1161461,2021,36,1,2,1540,2679-1161
2713500,1193500,2024,36,3,3,1540,2713-1193
2698500,1156500,2021,36,2,1,1540,2698-1156
2608898,1115564,2023,36,2,8,1540,2608-1115
2711021,1205075,2022,36,2,2,1540,2711-1205
2711426,1206045,2022,36,1,2,1540,2711-1206
2617089,1119936,2024,36,2,4,1540,2617-1119
2791423,1154326,2022,42,2,2,1540,2791-1154
2606529,1112765,2025,42,11,2,1540,2606-1112
2710560,1166245,2024,42,4,13,1540,2710-1166
2741500,1224500,2023,30,2,2,1540,2741-1224
2596423,1169193,2023,30,2,4,1540,2596-1169
2711694,1205988,2021,48,1,2,1540,2711-1205
2745111,1234810,2023,30,2,1,1540,2745-1234
2738500,1193500,2022,48,3,1,1540,2738-1193
2607583,1171209,2025,30,2,4,1540,2607-1171
2747115,1204024,2023,30,1,3,1540,2747-1204
2744515,1234534,2025,36,10,1,1540,2744-1234
2586500,1124500,2024,36,1,1,1540,2586-1124
2675500,1181500,2021,36,3,6,1540,2675-1181
2626827,1174212,2025,36,2,4,1540,2626-1174
2627436,1174779,2023,36,2,4,1540,2627-1174
2744742,1234412,2023,42,7,3,1540,2744-1234
2740791,1159205,2023,42,5,13,1540,2740-1159
2742231,1224671,2024,6,1,0,1540,2742-1224
2638759,1118178,2024,48,6,13,1540,2638-1118
2641611,1120621,2021,48,1,2,1540,2641-1120
2738500,1193500,2022,48,3,1,1540,2738-1193
2621298,1090678,2024,48,2,4,1540,2621-1090
2627075,1174497,2024,48,6,2,1540,2627-1174
2585596,1129804,2021,48,2,4,1540,2585-1129
2744316,1234831,2023,54,5,0,1540,2744-1234
2727457,1212211,2023,54,3,0,1540,2727-1212
2742500,1224500,2022,60,8,0,1540,2742-1224
2613716,1138560,2023,6,1,0,1540,2613-1138
2744240,1234742,2022,60,4,0,1540,2744-1234
2590878,1166765,2022,24,1,2,1540,2590-1166
2747425,1165935,2024,73,3,0,1540,2747-1165
2618187,1132995,2022,30,2,2,1540,2618-1132
2809521,1187469,2022,30,2,4,1540,2809-1187
2587041,1124510,2023,30,2,6,1540,2587-1124
2586909,1124344,2023,30,2,6,1540,2586-1124
2578883.27446899,1124405.01331091,2021,12,3,0,1540,2578-1124
2749916,1236865,2025,36,7,13,1540,2749-1236
2661964,1203493,2023,36,1,1,1540,2661-1203
2634653,1181667,2023,36,1,2,1540,2634-1181
2666500,1156500,2021,36,4,6,1540,2666-1156
2613754,1138798,2024,36,2,4,1540,2613-1138
2616499,1135022,2025,36,5,6,1540,2616-1135
2711724,1186936,2024,42,1,13,1540,2711-1186
2726950,1212683,2025,12,1,0,1540,2726-1212
2748833,1222927,2022,48,11,2,1540,2748-1222
2622907,1140281,2025,30,4,3,1540,2622-1140
2738500,1193500,2022,48,2,2,1540,2738-1193
2616175,1166020,2025,55,6,0,1540,2616-1166
2616359,1166177,2025,55,3,0,1540,2616-1166
2649144,1169531,2023,36,1,2,1540,2649-1169
2648992,1169584,2023,36,1,3,1540,2648-1169
2649293,1169345,2023,36,2,5,1540,2649-1169
2711500,1205500,2022,61,2,0,1540,2711-1205
2606510,1112931,2025,36,1,2,1540,2606-1112
2616368,1166132,2022,61,6,0,1540,2616-1166
2599701,1172380,2021,61,6,0,1540,2599-1172
2625500,1151500,2023,42,1,2,1540,2625-1151
2738500,1193500,2022,48,2,2,1540,2738-1193
2603691.36894542,1113396.70201271,2022,30,2,5,1540,2603-1113
2625832,1152898,2023,30,2,1,1540,2625-1152
2587240,1130710,2024,30,1,2,1540,2587-1130
2587943,1130135,2024,30,1,2,1540,2587-1130
2586618,1130645,2024,30,1,2,1540,2586-1130
2732235,1150779,2025,30,1,3,1540,2732-1150
2732360,1150913,2025,30,2,3,1540,2732-1150
2601047,1154875,2022,6,2,0,1540,2601-1154
2721217,1150117,2022,36,7,13,1540,2721-1150
2727027,1211850,2023,36,1,2,1540,2727-1211
2662196.12069274,1203446.42408906,2022,61,4,0,1540,2662-1203
2727551,1212196,2024,36,2,2,1540,2727-1212
2749956,1236906,2025,36,7,13,1540,2749-1236
2745341,1236439,2025,36,3,2,1540,2745-1236
2721622,1165648,2025,36,2,11,1540,2721-1165
2744250,1234934,2024,42,1,2,1540,2744-1234
2586776,1130090,2023,42,4,13,1540,2586-1130
2634650,1181584,2022,48,4,2,1540,2634-1181
2738180,1193538,2021,48,2,2,1540,2738-1193
2742500,1224500,2022,48,22,3,1540,2742-1224
2744365,1234888,2024,48,1,1,1540,2744-1234
2623506,1140568,2025,24,2,4,1540,2623-1140
2742854,1234360,2024,30,1,3,1540,2742-1234
2742381,1234154,2024,30,2,4,1540,2742-1234
2581398,1136225,2024,30,1,2,1540,2581-1136
2581045,1136366,2024,30,1,3,1540,2581-1136
2737190,1170813,2023,30,6,6,1540,2737-1170
2662709,1203384,2022,30,1,2,1540,2662-1203
2791500,1190500,2023,36,2,4,1540,2791-1190
2711129,1206145,2023,36,1,3,1540,2711-1206
2634743,1181813,2025,36,1,2,1540,2634-1181
2618033,1132958,2023,36,1,2,1540,2618-1132
2669324,1157434,2022,36,2,4,1540,2669-1157
2744235,1234734,2024,42,3,2,1540,2744-1234
2604407,1149626,2024,49,2,4,1540,2604-1149
2607672,1171201,2022,30,1,1,1540,2607-1171
2715500,1201500,2023,36,3,2,1540,2715-1201
2776278,1191841,2022,24,2,4,1540,2776-1191
2637188,1176610,2024,36,3,2,1540,2637-1176
2608892,1115537,2024,36,2,4,1540,2608-1115
2608871,1115547,2024,36,1,2,1540,2608-1115
2608992,1115606,2024,36,2,2,1540,2608-1115
2788500,1186500,2024,42,6,13,1540,2788-1186
2742494,1234040,2024,30,1,3,1540,2742-1234
2742643,1234060,2024,30,2,3,1540,2742-1234
2722453,1182927,2025,73,1,0,1540,2722-1182
2726372,1211933,2023,30,1,2,1540,2726-1211
2789407,1155608,2022,49,2,13,1540,2789-1155
2711785,1205880,2022,49,4,2,1540,2711-1205
2710963,1205650,2022,49,4,2,1540,2710-1205
2616328,1166068,2025,30,1,2,1540,2616-1166
2732335,1150878,2024,30,2,3,1540,2732-1150
2586852,1130652,2024,30,2,6,1540,2586-1130
2587190,1130704,2024,30,2,6,1540,2587-1130
2587736,1130997,2024,30,2,5,1540,2587-1130
2727168,1212833,2025,36,3,3,1540,2727-1212
2702408,1142325,2022,36,2,1,1540,2702-1142
2745336,1163799,2024,36,2,2,1540,2745-1163
2745248,1163845,2024,36,2,4,1540,2745-1163
2625591,1152017,2021,42,16,4,1540,2625-1152
2749402,1223166,2024,6,1,0,1540,2749-1223
2584624,1095532,2021,42,1,2,1540,2584-1095
2585500,1096500,2023,61,8,0,1540,2585-1096
2744695,1234434,2024,61,10,0,1540,2744-1234
2662500,1203500,2021,61,7,0,1540,2662-1203
2722145,1182744,2025,24,2,4,1540,2722-1182
2639710,1185014,2025,30,1,2,1540,2639-1185
2637073,1176540,2023,30,1,2,1540,2637-1176
2640544,1158715,2025,18,2,0,1540,2640-1158
2599321,1160358,2025,30,2,4,1540,2599-1160
2737039,1202953,2025,37,1,3,1540,2737-1202
2737435,1202933,2025,37,1,3,1540,2737-1202
2738500,1193500,2024,49,5,2,1540,2738-1193
2579132,1089311,2025,49,10,1,1540,2579-1089
2812236,1169141,2022,30,1,2,1540,2812-1169
2813024,1169077,2022,30,1,2,1540,2813-1169
2813605,1169294,2022,30,1,2,1540,2813-1169
2597500,1138500,2024,55,2,0,1540,2597-1138
2722801,1159153,2022,37,6,13,1540,2722-1159
2727024,1213086,2025,67,4,0,1540,2727-1213
2828096,1160014,2025,43,7,2,1540,2828-1160
2627207,1174597,2025,30,1,2,1540,2627-1174
2578636,1125271,2025,30,3,4,1540,2578-1125
2738500,1193500,2024,49,6,2,1540,2738-1193
2639703,1185016,2025,30,1,2,1540,2639-1185
2747324,1165432,2024,30,1,3,1540,2747-1165
2613802,1138936,2023,55,7,0,1540,2613-1138
2702220,1142371,2022,37,3,3,1540,2702-1142
2613648,1138497,2023,7,1,0,1540,2613-1138
2662127,1203502,2022,61,1,0,1540,2662-1203
2662196.12069274,1203446.42408906,2021,61,6,0,1540,2662-1203
2789500,1195500,2024,43,1,2,1540,2789-1195
2625705,1152188,2021,43,20,4,1540,2625-1152
2651500,1126500,2023,43,5,13,1540,2651-1126
2738756,1193814,2025,49,3,2,1540,2738-1193
2738711,1193603,2025,49,3,2,1540,2738-1193
2738530,1193563,2025,49,7,1,1540,2738-1193
2738734,1193824,2025,49,3,2,1540,2738-1193
2738485,1193583,2025,49,6,2,1540,2738-1193
2680502,1164889,2025,31,3,4,1540,2680-1164
2748879,1222728,2021,31,2,1,1540,2748-1222
2748925,1222810,2021,31,1,1,1540,2748-1222
2749705,1223278,2025,31,2,3,1540,2749-1223
2748844,1223191,2025,31,1,1,1540,2748-1223
2749586,1223486,2021,31,2,1,1540,2749-1223
2749461,1223453,2021,31,1,1,1540,2749-1223
2748757,1222989,2023,31,1,3,1540,2748-1222
2748802,1222794,2021,31,2,1,1540,2748-1222
2749142,1223394,2021,31,1,1,1540,2749-1223
2749372,1223037,2023,31,1,3,1540,2749-1223
2749287,1223303,2021,31,1,1,1540,2749-1223
2749163,1223352,2021,31,1,1,1540,2749-1223
2780807,1159937,2023,31,2,4,1540,2780-1159
2662196.12069274,1203446.42408906,2022,61,5,0,1540,2662-1203
2613628,1138484,2023,7,1,0,1540,2613-1138
2710757,1205443,2022,43,1,2,1540,2710-1205
2634800,1181562,2025,49,4,1,1540,2634-1181
2634675,1181672,2025,49,1,1,1540,2634-1181
2727209,1211828,2025,67,3,0,1540,2727-1211
2726590,1171782,2021,61,3,0,1540,2726-1171
2616361,1166235,2022,61,8,0,1540,2616-1166
2613819,1138616,2022,73,1,0,1540,2613-1138
2726830,1171740,2021,73,1,0,1540,2726-1171
2572837,1112038,2025,73,1,0,1540,2572-1112
2608938,1115499,2025,31,1,7,1540,2608-1115
2648069,1194091,2023,31,2,4,1540,2648-1194
2812687,1169751,2022,43,6,2,1540,2812-1169
2812378,1169723,2022,43,5,2,1540,2812-1169
2610500,1142500,2024,43,1,1,1540,2610-1142
2596453,1131872,2025,43,3,13,1540,2596-1131
2597157,1134551,2025,43,6,13,1540,2597-1134
2616500,1135500,2025,49,1,1,1540,2616-1135
2790636,1154715,2023,49,4,13,1540,2790-1154
2711276,1205940,2023,49,8,1,1540,2711-1205
2711390,1206018,2023,49,6,13,1540,2711-1206
2711300,1206053,2023,49,7,2,1540,2711-1206
2710958,1205866,2023,49,1,2,1540,2710-1205
2608167,1155462,2024,49,3,2,1540,2608-1155
2608297,1155501,2024,49,1,2,1540,2608-1155
2608074,1155176,2024,49,6,13,1540,2608-1155
2587694,1127421,2021,31,2,4,1540,2587-1127
2680416,1165529,2025,31,2,4,1540,2680-1165
2742660,1234571,2023,31,1,3,1540,2742-1234
2742507,1234051,2023,31,1,4,1540,2742-1234
2742504,1234054,2023,31,1,4,1540,2742-1234
2742269,1234015,2023,31,1,3,1540,2742-1234
2601738,1157366,2025,31,2,4,1540,2601-1157
2601539,1157600,2023,31,2,2,1540,2601-1157
2613593,1138487,2023,73,1,0,1540,2613-1138
2738851,1193869,2025,49,3,2,1540,2738-1193
2738914,1193823,2025,49,3,3,1540,2738-1193
2571473,1082896,2023,49,3,13,1540,2571-1082
2601652,1157319,2021,61,6,0,1540,2601-1157
2601510,1157486,2021,61,3,0,1540,2601-1157
2726500,1171500,2021,73,1,0,1540,2726-1171
2821649,1169895,2022,19,2,1,1540,2821-1169
2821478,1169666,2022,19,2,4,1540,2821-1169
2580405,1126160,2024,31,1,2,1540,2580-1126
2674456,1182427,2021,31,1,1,1540,2674-1182
2820539,1166330,2022,31,1,3,1540,2820-1166
2702370,1154793,2021,31,2,4,1540,2702-1154
2646265,1181962,2021,49,13,0,1540,2646-1181
2613660.71031603,1138539.55652576,2023,1,1,0,1540,2613-1138
2727216,1213052,2024,13,3,0,1540,2727-1213
2603882,1164026,2025,25,2,6,1540,2603-1164
2589600,1165604,2023,31,3,5,1540,2589-1165
2584300,1158108,2023,31,1,2,1540,2584-1158
2584137,1158146,2023,31,1,3,1540,2584-1158
2664500,1155500,2021,37,1,2,1540,2664-1155
2664665,1155308,2022,37,1,2,1540,2664-1155
2821455,1164976,2021,37,1,2,1540,2821-1164
2599657,1172124,2024,43,2,1,1540,2599-1172
2627202,1174497,2023,49,6,0,1540,2627-1174
2627230,1174601,2023,49,6,0,1540,2627-1174
2748444,1223624,2023,49,3,0,1540,2748-1223
2662209,1203489,2025,55,1,0,1540,2662-1203
2669277,1165057,2021,19,5,4,1540,2669-1165
2603628,1112401,2024,25,2,4,1540,2603-1112
2604490,1111834,2024,31,2,4,1540,2604-1111
2604635,1111999,2024,31,2,4,1540,2604-1111
2785060,1158111,2025,31,1,3,1540,2785-1158
2664702,1155539,2023,43,6,13,1540,2664-1155
2764500,1209500,2021,43,4,13,1540,2764-1209
2812500,1169500,2024,50,4,0,1540,2812-1169
2627270,1174601,2022,56,6,0,1540,2627-1174
2748457,1222619,2023,68,1,0,1540,2748-1222
2610524,1142735,2024,1,3,0,1540,2610-1142
2780500,1191500,2021,7,2,0,1540,2780-1191
2613500,1138500,2022,13,4,0,1540,2613-1138
2761055,1156889,2021,13,2,0,1540,2761-1156
2639500,1184500,2022,31,1,3,1540,2639-1184
2639500,1184500,2022,31,1,3,1540,2639-1184
2677699,1194700,2022,31,4,4,1540,2677-1194
2625203,1175522,2022,31,2,4,1540,2625-1175
2613660.71031603,1138539.55652576,2021,31,2,2,1540,2613-1138
2642381,1123380,2024,37,2,4,1540,2642-1123
2647593,1139481,2024,37,2,5,1540,2647-1139
2826649,1169351,2025,37,2,4,1540,2826-1169
2627068,1174360,2025,37,2,2,1540,2627-1174
2818024,1168304,2024,37,1,2,1540,2818-1168
2666712,1182250,2024,50,4,0,1540,2666-1182
2646275,1181974,2025,56,5,0,1540,2646-1181
2610964,1142757,2021,8,1,0,1540,2610-1142
2734321,1189096,2023,13,2,0,1540,2734-1189
2735418,1200455,2023,32,2,2,1540,2735-1200
2587370,1130146,2025,32,3,3,1540,2587-1130
2711500,1205500,2025,38,3,3,1540,2711-1205
2746583,1168374,2024,38,5,2,1540,2746-1168
2707253,1190324,2025,38,12,4,1540,2707-1190
2702905,1156365,2023,38,1,2,1540,2702-1156
2746604,1168222,2024,38,5,2,1540,2746-1168
2664892,1155399,2025,38,2,4,1540,2664-1155
2662247,1203472,2021,50,3,0,1540,2662-1203
2742500,1224500,2025,20,2,4,1540,2742-1224
2647685,1138856,2024,32,2,2,1540,2647-1138
2648268,1194112,2022,32,2,4,1540,2648-1194
2626913,1163501,2024,38,6,4,1540,2626-1163
2627235,1174580,2025,50,6,0,1540,2627-1174
2627121,1174445,2025,50,1,0,1540,2627-1174
2627073,1174362,2024,50,1,0,1540,2627-1174
2666529,1182304,2024,50,9,0,1540,2666-1182
2710500,1205500,2024,50,9,0,1540,2710-1205
2748514,1223510,2023,56,6,0,1540,2748-1223
2720247,1214498,2022,56,1,0,1540,2720-1214
2627330,1174583,2025,2,5,0,1540,2627-1174
2667232,1157354,2022,32,2,2,1540,2667-1157
2627073,1174441,2024,50,5,0,1540,2627-1174
2696500,1158500,2022,56,13,0,1540,2696-1158
2627243,1174623,2021,63,1,0,1540,2627-1174
2649300,1194936,2023,8,1,0,1540,2649-1194
2603407,1112590,2024,26,5,6,1540,2603-1112
2648060,1139242,2023,32,2,4,1540,2648-1139
2647828,1139167,2023,32,1,3,1540,2647-1139
2735457,1200477,2024,32,2,4,1540,2735-1200
2677545,1194569,2025,32,2,4,1540,2677-1194
2627051,1174431,2024,32,2,3,1540,2627-1174
2586186,1129389,2023,32,2,4,1540,2586-1129
2586714,1129318,2023,32,4,2,1540,2586-1129
2749393,1223169,2024,32,1,2,1540,2749-1223
2785500,1198500,2023,38,4,4,1540,2785-1198
2714500,1194500,2023,38,6,13,1540,2714-1194
2590668,1166611,2023,38,1,2,1540,2590-1166
2610934,1142433,2023,44,6,13,1540,2610-1142
2749468,1223295,2025,57,1,0,1540,2749-1223
2788500,1196500,2023,63,16,0,1540,2788-1196
2616368,1166133,2024,63,2,0,1540,2616-1166
2726295,1171360,2021,20,2,2,1540,2726-1171
2610108,1142292,2025,20,2,2,1540,2610-1142
2675727,1174768,2021,26,2,1,1540,2675-1174
2818101,1167707,2022,32,2,4,1540,2818-1167
2818200,1170738,2025,32,2,4,1540,2818-1170
2667360,1185111,2023,38,2,13,1540,2667-1185
2707463,1190722,2025,38,3,2,1540,2707-1190
2707699,1190554,2023,38,1,1,1540,2707-1190
2645194,1182146,2023,51,1,0,1540,2645-1182
2646122,1182011,2021,57,6,0,1540,2646-1182
2632500,1162500,2023,20,1,1,1540,2632-1162
2703432,1157148,2024,26,1,2,1540,2703-1157
2733891,1189513,2025,33,1,3,1540,2733-1189
2734401,1189187,2025,33,2,6,1540,2734-1189
2734260,1189847,2025,33,1,2,1540,2734-1189
2717500,1168500,2021,33,2,4,1540,2717-1168
2627294,1174648,2021,33,2,1,1540,2627-1174
2806379,1171160,2023,33,1,2,1540,2806-1171
2708032,1190533,2025,33,2,4,1540,2708-1190
2647449,1139761,2025,39,2,2,1540,2647-1139
2773539,1166149,2025,39,1,3,1540,2773-1166
2627075,1174366,2025,45,2,2,1540,2627-1174
2627266,1174593,2022,45,1,3,1540,2627-1174
2639500,1099500,2021,45,4,13,1540,2639-1099
2662016,1203514,2021,51,5,0,1540,2662-1203
2806418,1171011,2023,51,1,0,1540,2806-1171
2662202,1203522,2024,63,4,0,1540,2662-1203
2627030,1174310,2024,27,1,2,1540,2627-1174
2764500,1209500,2024,27,1,3,1540,2764-1209
2680712,1196740,2022,33,2,4,1540,2680-1196
2647523,1138993,2025,33,2,4,1540,2647-1138
2773500,1194500,2022,33,8,3,1540,2773-1194
2648155,1139284,2025,33,2,4,1540,2648-1139
2755352,1165380,2023,33,2,4,1540,2755-1165
2821028,1164516,2023,39,1,3,1540,2821-1164
2821436,1164199,2023,39,2,2,1540,2821-1164
2746754,1168261,2025,39,7,2,1540,2746-1168
2661500,1202500,2022,39,5,13,1540,2661-1202
2647386,1195562,2022,45,2,2,1540,2647-1195
2627206,1174485,2022,45,3,3,1540,2627-1174
2675764,1174937,2023,45,6,13,1540,2675-1174
2662236,1203539,2021,57,5,0,1540,2662-1203
2748586,1207071,2021,9,1,0,1540,2748-1207
2613660.71031603,1138539.55652576,2023,9,1,0,1540,2613-1138
2613660.71031603,1138539.55652576,2023,9,1,0,1540,2613-1138
2613660.71031603,1138539.55652576,2021,9,1,0,1540,2613-1138
2613660.71031603,1138539.55652576,2023,9,1,0,1540,2613-1138
2613660.71031603,1138539.55652576,2023,9,1,0,1540,2613-1138
2627095,1174376,2024,27,1,3,1540,2627-1174
2689386,1167439,2024,33,1,3,1540,2689-1167
2647779,1139104,2025,33,2,2,1540,2647-1139
2648045,1139300,2025,33,2,4,1540,2648-1139
2639948,1184975,2021,39,1,1,1540,2639-1184
2662057,1181976,2025,39,3,13,1540,2662-1181
2746974,1168322,2022,45,10,13,1540,2746-1168
2737411,1202830,2025,45,2,13,1540,2737-1202
2742500,1224500,2021,45,3,1,1540,2742-1224
2627281,1174656,2022,45,9,3,1540,2627-1174
2634912,1181426,2021,51,2,0,1540,2634-1181
2649438,1194169,2025,64,1,0,1540,2649-1194
2613660.71031603,1138539.55652576,2021,9,1,0,1540,2613-1138
2590500,1166500,2023,9,2,0,1540,2590-1166
2794270,1172126,2025,9,2,6,1540,2794-1172
2748073,1223012,2023,9,1,0,1540,2748-1223
2610314,1142536,2021,21,5,2,1540,2610-1142
2599567,1171973,2022,21,2,5,1540,2599-1171
2603776,1112128,2024,27,2,4,1540,2603-1112
2647779,1139120,2024,33,3,4,1540,2647-1139
2590532,1166444,2024,33,1,2,1540,2590-1166
2689546,1167721,2024,33,1,3,1540,2689-1167
2806253,1171216,2023,33,1,3,1540,2806-1171
2742911,1213108,2023,33,2,3,1540,2742-1213
2677013,1194718,2022,33,2,4,1540,2677-1194
2742500,1224500,2024,33,2,4,1540,2742-1224
2727500,1212500,2023,33,1,2,1540,2727-1212
2741500,1224500,2024,33,2,4,1540,2741-1224
2647554,1138965,2023,39,1,1,1540,2647-1138
2647522,1138946,2023,39,1,1,1540,2647-1138
2659220,1150716,2022,45,4,13,1540,2659-1150
2593752.48477369,1130551.78605283,2023,58,4,0,1540,2593-1130
2622500,1140500,2021,58,1,0,1540,2622-1140
2662140,1203546,2022,64,1,0,1540,2662-1203
2817692,1166634,2022,21,1,1,1540,2817-1166
2603498,1112239,2024,27,2,5,1540,2603-1112
2736748,1201029,2024,33,2,4,1540,2736-1201
2646049,1181997,2023,33,1,2,1540,2646-1181
2590353,1166251,2025,33,1,3,1540,2590-1166
2604109.03637484,1172555.69185249,2023,39,4,13,1540,2604-1172
2748672,1223532,2025,64,1,0,1540,2748-1223
2647172,1138368,2022,27,1,3,1540,2647-1138
2627149,1174422,2024,34,2,4,1540,2627-1174
2645717,1182040,2023,34,1,2,1540,2645-1182
2646043,1181991,2023,34,1,2,1540,2646-1181
2755647,1165107,2025,34,1,3,1540,2755-1165
2718241,1213178,2023,34,2,6,1540,2718-1213
2818734,1170174,2022,34,1,3,1540,2818-1170
2818497,1170162,2021,34,1,3,1540,2818-1170
2667657,1185395,2023,40,6,13,1540,2667-1185
2735858,1191938,2025,40,5,13,1540,2735-1191
2605280,1111875,2024,40,8,13,1540,2605-1111
2819751,1165555,2023,40,6,8,1540,2819-1165
2662196.12069274,1203446.42408906,2021,46,6,1,1540,2662-1203
2746571,1168579,2025,52,4,0,1540,2746-1168
2666528,1182085,2023,10,1,0,1540,2666-1182
2794577,1144872,2022,22,2,4,1540,2794-1144
2603514,1112571,2024,28,2,6,1540,2603-1112
2603695,1112876,2024,28,1,2,1540,2603-1112
2627239,1174639,2023,34,3,3,1540,2627-1174
2667888,1157079,2024,34,2,6,1540,2667-1157
2627118,1174433,2025,40,1,2,1540,2627-1174
2664674,1155528,2024,40,2,4,1540,2664-1155
2586593,1129770,2024,40,6,2,1540,2586-1129
2817274,1166725,2022,46,25,4,1540,2817-1166
2591742,1134061,2023,46,6,13,1540,2591-1134
2806122,1171161,2023,46,6,2,1540,2806-1171
2748669,1223575,2022,58,3,0,1540,2748-1223
2616500,1106500,2021,22,2,4,1540,2616-1106
2748897,1233857,2025,28,2,4,1540,2748-1233
2713500,1172500,2022,28,2,2,1540,2713-1172
2625685,1173294,2024,34,2,4,1540,2625-1173
2806513,1171063,2021,34,3,4,1540,2806-1171
2747340,1162444,2022,40,1,2,1540,2747-1162
2742500,1226500,2025,46,3,13,1540,2742-1226
2691243,1157353,2021,46,10,4,1540,2691-1157
2662183,1203536,2022,58,1,0,1540,2662-1203
2727312,1213012,2024,28,2,4,1540,2727-1213
2626891,1163536,2025,28,2,4,1540,2626-1163
2646437,1181927,2024,34,2,4,1540,2646-1181
2697672,1175007,2025,34,2,4,1540,2697-1175
2580500,1126500,2022,34,2,4,1540,2580-1126
2812636,1174916,2025,34,2,4,1540,2812-1174
2625952,1173427,2024,34,1,3,1540,2625-1173
2624623,1160921,2025,40,5,13,1540,2624-1160
2624264,1160221,2025,40,1,2,1540,2624-1160
2613500,1139500,2024,40,8,13,1540,2613-1139
2727500,1212500,2025,40,5,1,1540,2727-1212
2646280,1181967,2025,59,2,0,1540,2646-1181
2604882,1112459,2021,59,8,0,1540,2604-1112
2703368,1157424,2021,71,1,0,1540,2703-1157
2744500,1225500,2025,22,1,2,1540,2744-1225
2787163,1160233,2022,28,2,4,1540,2787-1160
2647897,1139251,2024,28,1,3,1540,2647-1139
2648062,1139219,2024,28,1,3,1540,2648-1139
2748563,1223227,2024,28,2,4,1540,2748-1223
2787819,1160300,2021,34,2,4,1540,2787-1160
2670500,1181500,2021,34,1,2,1540,2670-1181
2764500,1209500,2021,34,1,2,1540,2764-1209
2653500,1133500,2024,34,1,2,1540,2653-1133
2670500,1181500,2021,34,3,4,1540,2670-1181
2720653,1214546,2025,40,7,13,1540,2720-1214
2590559,1166495,2022,53,4,0,1540,2590-1166
2639500,1184500,2023,71,3,0,1540,2639-1184
2613706,1138580,2021,11,1,0,1540,2613-1138
2742533,1213190,2022,22,2,3,1540,2742-1213
2785741,1158035,2021,22,3,2,1540,2785-1158
2733172,1189848,2025,28,1,2,1540,2733-1189
2603734,1112385,2024,28,2,6,1540,2603-1112
2778046,1157067,2022,28,2,4,1540,2778-1157
2818337,1168115,2024,35,1,14,1540,2818-1168
2818572,1168340,2024,35,1,2,1540,2818-1168
2818304,1168380,2024,35,1,2,1540,2818-1168
2820436,1166227,2023,35,1,3,1540,2820-1166
2659979,1202463,2025,35,2,4,1540,2659-1202
2626855,1174232,2024,35,1,3,1540,2626-1174
2626696,1174027,2024,35,1,3,1540,2626-1174
2627108,1174176,2021,35,1,2,1540,2627-1174
2593787,1166016,2024,47,1,2,1540,2593-1166
2627192,1174492,2023,59,3,0,1540,2627-1174
2693670,1167444,2021,59,1,0,1540,2693-1167
2634793,1181153,2021,11,2,0,1540,2634-1181
2817408,1166402,2025,16,4,0,1540,2817-1166
2603524,1111779,2023,29,2,4,1540,2603-1111
2677314,1194529,2023,35,1,2,1540,2677-1194
2677544,1194565,2023,35,1,2,1540,2677-1194
2677081,1194692,2023,35,2,2,1540,2677-1194
2659917,1202473,2021,35,1,2,1540,2659-1202
2662026,1203544,2021,41,6,6,1540,2662-1203
2661213,1202995,2022,41,2,3,1540,2661-1202
2649131,1194329,2023,47,3,1,1540,2649-1194
2649148,1194332,2023,47,3,13,1540,2649-1194
2603500,1113500,2021,47,1,17,1540,2603-1113
2606050,1135968,2021,47,6,13,1540,2606-1135
2627307,1174546,2024,53,5,0,1540,2627-1174
2613660.71031603,1138539.55652576,2021,11,1,0,1540,2613-1138
2613660.71031603,1138539.55652576,2021,11,1,0,1540,2613-1138
2737226,1230038,2022,29,1,6,1540,2737-1230
2666222,1156560,2021,35,2,1,1540,2666-1156
2748080,1223131,2024,35,2,4,1540,2748-1223
2773131,1166929,2025,41,2,13,1540,2773-1166
2716500,1168500,2021,41,2,13,1540,2716-1168
2669059,1165245,2022,53,3,0,1540,2669-1165
2669049,1165270,2022,53,3,0,1540,2669-1165
2744031,1225194,2022,53,1,0,1540,2744-1225
2785114,1158109,2022,29,2,4,1540,2785-1158
2721246,1150810,2025,35,2,1,1540,2721-1150
2826674,1169536,2023,35,2,4,1540,2826-1169
2820495,1166168,2021,35,2,4,1540,2820-1166
2586191,1129526,2021,41,1,3,1540,2586-1129
2586245,1129621,2021,41,1,3,1540,2586-1129
2586206,1129369,2024,41,3,2,1540,2586-1129
2639686,1185382,2024,41,3,3,1540,2639-1185
2821353,1164756,2021,41,3,1,1540,2821-1164
2634719,1181042,2022,47,1,2,1540,2634-1181
2627069,1174424,2023,11,2,0,1540,2627-1174
2693781,1167916,2022,29,2,4,1540,2693-1167
2584359,1158227,2024,35,1,3,1540,2584-1158
2584166,1158191,2024,35,1,2,1540,2584-1158
2720104,1214543,2022,41,5,13,1540,2720-1214
2587500,1130500,2022,41,2,4,1540,2587-1130
2702500,1156500,2022,48,1,3,1540,2702-1156
2593058,1130708,2021,48,9,13,1540,2593-1130
2666402,1182208,2024,48,3,13,1540,2666-1182
2666449,1182106,2024,48,5,13,1540,2666-1182
2632824,1114907,2021,17,1,0,1540,2632-1114
2742301,1212864,2025,23,2,4,1540,2742-1212
2632432,1114895,2021,23,2,4,1540,2632-1114
2632813,1114887,2021,23,1,2,1540,2632-1114
2727280,1213039,2024,36,2,1,1540,2727-1213
2590804,1166777,2021,42,1,2,1540,2590-1166
2627333,1174597,2022,48,8,2,1540,2627-1174
2627215,1174567,2022,48,2,2,1540,2627-1174
2747055,1162521,2023,48,8,13,1540,2747-1162
2653500,1133500,2021,48,3,1,1540,2653-1133
2735163,1194892,2021,48,7,13,1540,2735-1194
2638125,1118233,2021,54,7,0,1540,2638-1118
2817024,1166321,2023,6,1,0,1540,2817-1166
2634688,1181676,2022,6,1,0,1540,2634-1181
2727060,1213161,2024,24,3,4,1540,2727-1213
2610902,1142423,2021,24,1,1,1540,2610-1142
2750015,1223646,2024,30,2,8,1540,2750-1223
2560316,1113639,2022,30,2,4,1540,2560-1113
2707646,1190931,2021,36,1,2,1540,2707-1190
2764271,1192948,2024,36,3,2,1540,2764-1192
2707325,1190939,2021,36,1,1,1540,2707-1190
2742268,1212584,2021,36,2,4,1540,2742-1212
2774840,1132605,2023,36,8,19,1540,2774-1132
2727664,1212245,2022,48,5,1,1540,2727-1212
2634658,1181741,2022,48,7,13,1540,2634-1181
2711500,1205500,2021,48,8,2,1540,2711-1205
2639475,1185725,2023,54,2,0,1540,2639-1185
2742500,1224500,2021,54,5,0,1540,2742-1224
2667824,1192290,2023,54,9,0,1540,2667-1192
2677647,1194639,2022,12,2,0,1540,2677-1194
2780500,1191500,2021,24,2,4,1540,2780-1191
2593596,1166126,2023,30,1,2,1540,2593-1166
2648314,1173428,2021,36,2,4,1540,2648-1173
2727254,1203130,2022,36,8,13,1540,2727-1203
2727500,1211500,2023,36,1,3,1540,2727-1211
2711500,1205500,2022,36,2,2,1540,2711-1205
2745500,1236500,2021,42,2,2,1540,2745-1236
2587389,1158223,2024,42,6,13,1540,2587-1158
2821417,1164568,2021,42,2,13,1540,2821-1164
2682650,1156760,2024,48,6,2,1540,2682-1156
2606239.39281398,1112963.67570213,2022,48,12,8,1540,2606-1112
2711929,1205536,2025,48,3,2,1540,2711-1205
2749085,1223169,2023,6,1,0,1540,2749-1223
2749849,1223531,2023,6,2,0,1540,2749-1223
2734027,1189408,2025,24,3,2,1540,2734-1189
2587486,1129313,2024,30,2,6,1540,2587-1129
2599500,1172500,2021,30,1,2,1540,2599-1172
2773594,1182634,2023,30,2,4,1540,2773-1182
2646394,1182025,2025,36,7,13,1540,2646-1182
2821020,1169744,2025,36,1,2,1540,2821-1169
2627270,1174630,2023,36,3,3,1540,2627-1174
2727780,1203635,2022,36,1,3,1540,2727-1203
2586496,1129365,2023,42,2,13,1540,2586-1129
2659500,1202500,2021,61,2,0,1540,2659-1202
2749392,1223144,2021,67,1,0,1540,2749-1223
2727918,1213037,2025,73,7,0,1540,2727-1213
2680066,1196375,2023,73,1,0,1540,2680-1196
2639987,1184985,2022,6,1,0,1540,2639-1184
2727124,1213096,2023,24,1,2,1540,2727-1213
2722500,1182500,2024,24,2,3,1540,2722-1182
2675672,1175379,2023,30,2,4,1540,2675-1175
2708050,1190528,2024,30,1,2,1540,2708-1190
2764500,1209500,2023,30,1,2,1540,2764-1209
2742649,1212883,2022,36,2,4,1540,2742-1212
2776077,1180714,2025,36,2,4,1540,2776-1180
2590807,1166033,2021,42,1,1,1540,2590-1166
2586922,1129226,2025,42,6,13,1540,2586-1129
2586668,1129881,2025,42,3,13,1540,2586-1129
2586369,1129408,2025,42,2,13,1540,2586-1129
2662106,1203606,2021,61,7,0,1540,2662-1203
2627227,1174625,2024,73,4,0,1540,2627-1174
2736500,1212500,2022,6,3,0,1540,2736-1212
2747160,1162040,2025,30,1,2,1540,2747-1162
2639726,1185021,2025,30,1,2,1540,2639-1185
2665030,1181320,2024,37,1,2,1540,2665-1181
2665823,1181461,2024,37,1,2,1540,2665-1181
2693245,1167292,2022,37,1,2,1540,2693-1167
2643909,1170553,2021,43,7,13,1540,2643-1170
2643938,1170040,2021,43,2,2,1540,2643-1170
2720504,1214004,2024,49,1,3,1540,2720-1214
2720683,1214482,2024,49,3,13,1540,2720-1214
2627157,1174457,2024,49,2,3,1540,2627-1174
2806318,1171527,2024,55,1,0,1540,2806-1171
2727500,1211500,2021,61,2,0,1540,2727-1211
2651306,1183379,2021,31,2,4,1540,2651-1183
2649809,1133121,2025,31,2,6,1540,2649-1133
2590642,1166312,2021,43,1,3,1540,2590-1166
2698974,1156816,2025,49,7,1,1540,2698-1156
2727500,1211500,2023,49,3,1,1540,2727-1211
2803500,1171500,2024,49,5,1,1540,2803-1171
2666571,1182327,2024,49,8,2,1540,2666-1182
2571664,1082895,2023,49,2,13,1540,2571-1082
