species,site,year,date,n_individuals,n_guests,guest,singing,calling,warning,aggressive_interaction,couple,female,nesting_material,feeding,nest,juvenile,territory,doy
Misteldrossel,3,2021,2021-03-28,0,0,NA,NA,NA,NA,NA,NA,NA,NA,NA,NA,NA,NA,87
Misteldrossel,3,2021,2021-05-16,2,2,T,T,F,F,?,F,F,F,F,F,F,?,136
Misteldrossel,3,2021,2021-06-13,0,0,NA,NA,NA,NA,NA,NA,NA,NA,NA,NA,NA,NA,164
Misteldrossel,3,2021,2021-04-16,0,0,NA,NA,NA,NA,NA,NA,NA,NA,NA,NA,NA,NA,106
Misteldrossel,4,2019,2019-03-22,0,0,NA,NA,NA,NA,NA,NA,NA,NA,NA,NA,NA,NA,81
Misteldrossel,4,2019,2019-04-16,0,0,NA,NA,NA,NA,NA,NA,NA,NA,NA,NA,NA,NA,106
Misteldrossel,4,2019,2019-05-09,1,0,F,T,F,F,?,F,F,F,F,F,F,?,129
Misteldrossel,4,2019,2019-06-05,0,0,NA,NA,NA,NA,NA,NA,NA,NA,NA,NA,NA,NA,156
Misteldrossel,4,2020,2020-03-18,0,0,NA,NA,NA,NA,NA,NA,NA,NA,NA,NA,NA,NA,78
Misteldrossel,4,2020,2020-04-16,0,0,NA,NA,NA,NA,NA,NA,NA,NA,NA,NA,NA,NA,107
Misteldrossel,4,2020,2020-05-07,4,0,F,T,F,F,?,F,F,F,F,F,F,?,128
Misteldrossel,4,2020,2020-06-02,2,0,F,T,F,F,?,F,F,F,F,F,F,?,154
Misteldrossel,4,2021,2021-03-24,1,0,?,T,F,F,?,F,F,?,F,F,F,?,83
Misteldrossel,4,2021,2021-04-20,0,0,NA,NA,NA,NA,NA,NA,NA,NA,NA,NA,NA,NA,110
Misteldrossel,4,2021,2021-05-15,0,0,NA,NA,NA,NA,NA,NA,NA,NA,NA,NA,NA,NA,135
Misteldrossel,4,2021,2021-06-04,0,0,NA,NA,NA,NA,NA,NA,NA,NA,NA,NA,NA,NA,155
Misteldrossel,4,2022,2022-03-21,2,0,F,T,T,F,?,F,F,F,F,F,F,?,80
Misteldrossel,4,2022,2022-04-18,0,0,NA,NA,NA,NA,NA,NA,NA,NA,NA,NA,NA,NA,108
Misteldrossel,4,2022,2022-05-12,0,0,NA,NA,NA,NA,NA,NA,NA,NA,NA,NA,NA,NA,132
Misteldrossel,4,2022,2022-06-02,0,0,NA,NA,NA,NA,NA,NA,NA,NA,NA,NA,NA,NA,153
Misteldrossel,4,2023,2023-03-18,1,0,F,T,F,F,F,F,F,F,F,F,F,?,77
Misteldrossel,4,2023,2023-04-26,0,0,NA,NA,NA,NA,NA,NA,NA,NA,NA,NA,NA,NA,116
Misteldrossel,4,2023,2023-05-19,0,0,NA,NA,NA,NA,NA,NA,NA,NA,NA,NA,NA,NA,139
Misteldrossel,4,2023,2023-06-07,0,0,NA,NA,NA,NA,NA,NA,NA,NA,NA,NA,NA,NA,158
Misteldrossel,10,2018,2018-03-26,1,0,F,T,F,F,?,F,F,F,F,F,F,?,85
Misteldrossel,10,2018,2018-04-18,0,0,NA,NA,NA,NA,NA,NA,NA,NA,NA,NA,NA,NA,108
Misteldrossel,10,2018,2018-05-07,2,0,F,T,F,F,?,F,F,F,F,F,F,?,127
Misteldrossel,10,2018,2018-05-18,0,0,NA,NA,NA,NA,NA,NA,NA,NA,NA,NA,NA,NA,138
Misteldrossel,10,2018,2018-05-23,2,2,T,F,F,F,?,F,F,F,F,F,F,?,143
Misteldrossel,10,2020,2020-03-17,2,0,T,F,F,F,?,F,F,F,F,F,F,?,77
Misteldrossel,10,2020,2020-04-10,1,1,T,F,F,F,?,F,F,F,F,F,F,?,101
Misteldrossel,10,2020,2020-05-01,5,0,T,T,F,F,?,F,F,F,F,F,F,?,122
Misteldrossel,10,2020,2020-05-31,1,1,T,F,F,F,?,F,F,F,F,F,F,?,152
Misteldrossel,10,2021,2021-04-01,0,0,NA,NA,NA,NA,NA,NA,NA,NA,NA,NA,NA,NA,91
Misteldrossel,10,2021,2021-04-24,0,0,NA,NA,NA,NA,NA,NA,NA,NA,NA,NA,NA,NA,114
Misteldrossel,10,2021,2021-05-16,0,0,NA,NA,NA,NA,NA,NA,NA,NA,NA,NA,NA,NA,136
Misteldrossel,10,2021,2021-06-01,1,0,F,T,F,F,?,F,F,F,F,F,F,?,152
Misteldrossel,13,2018,2018-03-25,2,0,F,F,T,F,?,F,F,F,F,F,F,?,84
Misteldrossel,13,2018,2018-04-19,1,0,F,T,F,F,?,F,F,F,F,F,F,?,109
Misteldrossel,13,2018,2018-05-12,1,0,F,T,F,F,?,F,F,F,F,F,F,?,132
Misteldrossel,13,2018,2018-06-03,2,0,F,F,T,F,?,F,F,F,F,F,F,?,154
Misteldrossel,13,2020,2020-03-28,2,0,F,F,F,F,?,F,F,F,F,F,F,?,88
Misteldrossel,13,2020,2020-04-19,0,0,NA,NA,NA,NA,NA,NA,NA,NA,NA,NA,NA,NA,110
Misteldrossel,13,2020,2020-05-10,0,0,NA,NA,NA,NA,NA,NA,NA,NA,NA,NA,NA,NA,131
Misteldrossel,13,2020,2020-06-05,0,0,NA,NA,NA,NA,NA,NA,NA,NA,NA,NA,NA,NA,157
Misteldrossel,13,2021,2021-03-28,1,0,F,F,T,F,?,F,F,F,F,F,F,?,87
Misteldrossel,13,2021,2021-04-18,1,0,F,T,F,F,?,F,F,F,F,F,F,?,108
Misteldrossel,13,2021,2021-05-10,0,0,NA,NA,NA,NA,NA,NA,NA,NA,NA,NA,NA,NA,130
Misteldrossel,13,2021,2021-06-05,1,0,F,F,T,F,?,F,F,F,F,F,F,?,156
Misteldrossel,14,2018,2018-03-14,0,0,NA,NA,NA,NA,NA,NA,NA,NA,NA,NA,NA,NA,73
Misteldrossel,14,2018,2018-04-11,1,0,F,T,F,F,?,F,F,F,F,F,F,?,101
Misteldrossel,14,2018,2018-05-08,1,0,F,F,F,F,?,F,F,F,F,F,F,?,128
Misteldrossel,14,2018,2018-06-11,0,0,NA,NA,NA,NA,NA,NA,NA,NA,NA,NA,NA,NA,162
Misteldrossel,14,2018,2018-03-18,0,0,NA,NA,NA,NA,NA,NA,NA,NA,NA,NA,NA,NA,77
Misteldrossel,14,2020,2020-03-15,2,0,F,T,F,F,?,F,F,F,F,F,F,?,75
Misteldrossel,14,2020,2020-04-18,1,0,F,T,F,F,?,F,F,F,F,F,F,?,109
Misteldrossel,14,2020,2020-05-09,1,0,F,T,F,F,?,F,F,F,F,F,F,?,130
Misteldrossel,14,2020,2020-06-17,0,0,NA,NA,NA,NA,NA,NA,NA,NA,NA,NA,NA,NA,169
Misteldrossel,14,2021,2021-06-13,5,0,F,T,F,F,?,F,?,F,F,F,F,?,164
Misteldrossel,15,2020,2020-03-16,1,0,?,F,T,?,?,?,?,?,?,?,?,?,76
Misteldrossel,15,2020,2020-04-13,0,0,NA,NA,NA,NA,NA,NA,NA,NA,NA,NA,NA,NA,104
Misteldrossel,15,2020,2020-05-09,4,0,?,F,F,?,?,?,?,?,?,?,?,?,130
Misteldrossel,15,2020,2020-05-26,0,0,NA,NA,NA,NA,NA,NA,NA,NA,NA,NA,NA,NA,147
Misteldrossel,15,2021,2021-03-29,0,0,NA,NA,NA,NA,NA,NA,NA,NA,NA,NA,NA,NA,88
Misteldrossel,15,2021,2021-04-18,0,0,NA,NA,NA,NA,NA,NA,NA,NA,NA,NA,NA,NA,108
Misteldrossel,15,2021,2021-05-14,0,0,NA,NA,NA,NA,NA,NA,NA,NA,NA,NA,NA,NA,134
Misteldrossel,15,2021,2021-06-18,1,0,?,F,?,?,?,?,?,?,?,?,?,?,169
Misteldrossel,15,2021,2021-03-16,0,0,NA,NA,NA,NA,NA,NA,NA,NA,NA,NA,NA,NA,75
Misteldrossel,15,2022,2022-03-17,1,0,F,F,F,F,F,F,F,F,F,F,F,?,76
Misteldrossel,15,2022,2022-04-21,0,0,NA,NA,NA,NA,NA,NA,NA,NA,NA,NA,NA,NA,111
Misteldrossel,15,2022,2022-05-08,0,0,NA,NA,NA,NA,NA,NA,NA,NA,NA,NA,NA,NA,128
Misteldrossel,15,2022,2022-05-29,3,0,F,T,F,F,F,F,F,F,F,F,F,?,149
Misteldrossel,15,2022,2022-03-16,0,0,NA,NA,NA,NA,NA,NA,NA,NA,NA,NA,NA,NA,75
Misteldrossel,15,2023,2023-03-23,4,0,T,F,F,F,?,F,F,F,F,F,F,?,82
Misteldrossel,15,2023,2023-04-19,2,0,F,F,F,F,?,F,F,F,F,F,F,?,109
Misteldrossel,15,2023,2023-05-11,0,0,NA,NA,NA,NA,NA,NA,NA,NA,NA,NA,NA,NA,131
Misteldrossel,15,2023,2023-06-13,0,0,NA,NA,NA,NA,NA,NA,NA,NA,NA,NA,NA,NA,164
Misteldrossel,18,2019,2019-03-30,2,0,F,T,F,T,?,F,F,F,F,F,F,?,89
Misteldrossel,18,2019,2019-04-19,1,0,F,F,F,F,?,F,F,F,F,F,F,?,109
Misteldrossel,18,2019,2019-05-02,0,0,NA,NA,NA,NA,NA,NA,NA,NA,NA,NA,NA,NA,122
Misteldrossel,18,2019,2019-05-23,0,0,NA,NA,NA,NA,NA,NA,NA,NA,NA,NA,NA,NA,143
Misteldrossel,18,2019,2019-06-18,0,0,NA,NA,NA,NA,NA,NA,NA,NA,NA,NA,NA,NA,169
Misteldrossel,18,2019,2019-03-03,0,0,NA,NA,NA,NA,NA,NA,NA,NA,NA,NA,NA,NA,62
Misteldrossel,21,2019,2019-03-29,1,0,F,F,T,F,?,F,F,F,F,F,F,?,88
Misteldrossel,21,2019,2019-04-24,2,0,F,T,F,F,?,F,F,F,F,F,F,?,114
Misteldrossel,21,2019,2019-05-03,1,0,F,F,T,F,?,F,F,F,F,F,F,?,123
Misteldrossel,21,2019,2019-05-24,1,0,F,F,F,T,?,F,F,F,F,F,F,?,144
Misteldrossel,28,2019,2019-03-21,15,0,F,F,F,F,?,F,F,F,F,F,F,?,80
Misteldrossel,28,2019,2019-04-16,1,0,F,F,F,F,?,T,F,F,F,F,F,?,106
Misteldrossel,28,2019,2019-05-08,1,0,F,T,F,F,?,F,F,F,F,F,F,?,128
Misteldrossel,28,2019,2019-06-09,2,0,F,T,F,F,?,F,F,F,F,F,F,?,160
Misteldrossel,28,2019,2019-04-17,0,0,NA,NA,NA,NA,NA,NA,NA,NA,NA,NA,NA,NA,107
Misteldrossel,28,2019,2019-06-15,0,0,NA,NA,NA,NA,NA,NA,NA,NA,NA,NA,NA,NA,166
Misteldrossel,29,2019,2019-03-27,4,0,F,T,F,F,?,F,F,F,F,F,F,?,86
Misteldrossel,29,2019,2019-04-26,1,0,F,T,F,F,?,F,F,F,F,F,F,?,116
Misteldrossel,29,2019,2019-05-15,8,0,F,T,F,T,?,F,F,F,T,F,T,?,135
Misteldrossel,29,2019,2019-06-18,2,0,F,T,F,T,?,F,F,F,F,F,F,?,169
Misteldrossel,29,2019,2019-06-20,0,0,NA,NA,NA,NA,NA,NA,NA,NA,NA,NA,NA,NA,171
Misteldrossel,38,2019,2019-03-19,10,0,F,F,F,F,?,T,F,F,F,F,F,?,78
Misteldrossel,38,2019,2019-04-14,10,0,F,T,T,F,?,F,F,F,F,F,F,?,104
Misteldrossel,38,2019,2019-05-06,5,0,F,T,F,F,?,F,F,F,F,F,F,?,126
Misteldrossel,38,2019,2019-06-06,8,0,F,F,T,F,?,F,F,F,F,F,F,?,157
Misteldrossel,41,2020,2020-03-16,0,0,NA,NA,NA,NA,NA,NA,NA,NA,NA,NA,NA,NA,76
Misteldrossel,41,2020,2020-04-20,0,0,NA,NA,NA,NA,NA,NA,NA,NA,NA,NA,NA,NA,111
Misteldrossel,41,2020,2020-05-19,0,0,NA,NA,NA,NA,NA,NA,NA,NA,NA,NA,NA,NA,140
Misteldrossel,41,2020,2020-06-19,1,0,F,F,F,F,?,F,F,F,F,F,F,?,171
Misteldrossel,41,2021,2021-03-30,2,0,F,T,F,F,?,F,F,F,F,F,F,?,89
Misteldrossel,41,2021,2021-04-30,3,0,F,T,F,F,?,F,F,F,F,F,F,?,120
Misteldrossel,41,2021,2021-05-20,1,0,F,T,F,F,?,F,F,F,F,F,F,?,140
Misteldrossel,41,2021,2021-05-25,2,0,F,T,F,F,?,F,?,F,F,F,F,?,145
Misteldrossel,41,2021,2021-06-15,0,0,NA,NA,NA,NA,NA,NA,NA,NA,NA,NA,NA,NA,166
Misteldrossel,42,2020,2020-03-27,0,0,NA,NA,NA,NA,NA,NA,NA,NA,NA,NA,NA,NA,87
Misteldrossel,42,2020,2020-04-24,2,0,F,T,F,F,?,F,F,F,F,F,F,?,115
Misteldrossel,42,2020,2020-05-16,0,0,NA,NA,NA,NA,NA,NA,NA,NA,NA,NA,NA,NA,137
Misteldrossel,42,2020,2020-06-03,1,0,F,T,F,F,?,F,F,F,F,F,F,?,155
Misteldrossel,42,2021,2021-03-31,3,0,F,T,F,F,?,F,F,F,F,F,F,?,90
Misteldrossel,42,2021,2021-05-19,0,0,NA,NA,NA,NA,NA,NA,NA,NA,NA,NA,NA,NA,139
Misteldrossel,42,2021,2021-06-13,1,0,F,F,T,F,?,F,F,F,F,F,F,?,164
Misteldrossel,43,2019,2019-03-22,0,0,NA,NA,NA,NA,NA,NA,NA,NA,NA,NA,NA,NA,81
Misteldrossel,43,2019,2019-04-26,3,0,F,T,F,T,?,F,F,F,F,F,F,?,116
Misteldrossel,43,2019,2019-05-17,0,0,NA,NA,NA,NA,NA,NA,NA,NA,NA,NA,NA,NA,137
Misteldrossel,43,2019,2019-06-14,0,0,NA,NA,NA,NA,NA,NA,NA,NA,NA,NA,NA,NA,165
Misteldrossel,43,2020,2020-03-26,2,0,F,T,F,F,F,F,F,F,F,F,F,?,86
Misteldrossel,43,2020,2020-04-21,0,0,NA,NA,NA,NA,NA,NA,NA,NA,NA,NA,NA,NA,112
Misteldrossel,43,2020,2020-05-13,2,0,F,T,F,F,F,F,F,F,F,F,F,?,134
Misteldrossel,43,2020,2020-06-18,4,0,F,T,F,T,F,F,F,F,F,F,F,?,170
Misteldrossel,43,2021,2021-03-24,1,0,F,T,F,F,F,F,F,F,F,F,F,?,83
Misteldrossel,43,2021,2021-04-22,6,0,F,T,F,T,F,F,F,F,F,F,F,?,112
Misteldrossel,43,2021,2021-05-21,1,0,F,T,F,F,F,F,F,F,F,F,F,?,141
Misteldrossel,43,2021,2021-06-17,0,0,NA,NA,NA,NA,NA,NA,NA,NA,NA,NA,NA,NA,168
Misteldrossel,43,2022,2022-03-28,1,0,F,F,F,T,F,F,F,F,F,F,F,?,87
Misteldrossel,43,2022,2022-04-28,0,0,NA,NA,NA,NA,NA,NA,NA,NA,NA,NA,NA,NA,118
Misteldrossel,43,2022,2022-05-20,0,0,NA,NA,NA,NA,NA,NA,NA,NA,NA,NA,NA,NA,140
Misteldrossel,43,2022,2022-06-20,1,0,F,T,F,F,F,F,F,F,F,F,F,?,171
Misteldrossel,43,2023,2023-04-24,1,0,F,T,F,F,F,F,F,F,F,F,F,?,114
Misteldrossel,43,2023,2023-05-16,0,0,NA,NA,NA,NA,NA,NA,NA,NA,NA,NA,NA,NA,136
Misteldrossel,43,2023,2023-06-14,0,0,NA,NA,NA,NA,NA,NA,NA,NA,NA,NA,NA,NA,165
Misteldrossel,43,2023,2023-03-22,2,0,F,T,T,F,F,F,F,F,F,F,F,?,81
Misteldrossel,47,2020,2020-03-17,0,0,NA,NA,NA,NA,NA,NA,NA,NA,NA,NA,NA,NA,77
Misteldrossel,47,2020,2020-04-17,4,0,F,T,F,F,?,F,F,F,F,F,F,?,108
Misteldrossel,47,2020,2020-05-15,2,0,F,T,F,F,?,F,F,F,F,F,F,?,136
Misteldrossel,47,2020,2020-06-18,1,0,F,T,F,F,?,F,F,F,F,F,F,?,170
Misteldrossel,47,2021,2021-03-25,2,0,F,F,F,F,?,F,F,F,F,F,F,?,84
Misteldrossel,47,2021,2021-04-27,4,0,F,T,F,F,?,F,F,F,F,F,F,?,117
Misteldrossel,47,2021,2021-05-19,0,0,NA,NA,NA,NA,NA,NA,NA,NA,NA,NA,NA,NA,139
Misteldrossel,47,2021,2021-06-19,0,0,NA,NA,NA,NA,NA,NA,NA,NA,NA,NA,NA,NA,170
Misteldrossel,53,2020,2020-03-29,0,0,NA,NA,NA,NA,NA,NA,NA,NA,NA,NA,NA,NA,89
Misteldrossel,53,2020,2020-04-25,0,0,NA,NA,NA,NA,NA,NA,NA,NA,NA,NA,NA,NA,116
Misteldrossel,53,2020,2020-05-24,1,0,F,T,F,F,?,F,F,F,F,F,F,?,145
Misteldrossel,53,2020,2020-06-01,2,0,F,F,F,F,?,F,F,F,T,F,F,?,153
Misteldrossel,53,2021,2021-03-28,0,0,NA,NA,NA,NA,NA,NA,NA,NA,NA,NA,NA,NA,87
Misteldrossel,53,2021,2021-04-25,3,0,?,?,?,?,?,?,?,?,?,?,?,?,115
Misteldrossel,53,2021,2021-05-23,1,0,?,T,?,?,?,?,?,?,?,?,?,?,143
Misteldrossel,53,2021,2021-06-20,3,0,F,F,F,F,?,F,?,F,F,F,F,?,171
Misteldrossel,56,2018,2018-03-25,0,0,NA,NA,NA,NA,NA,NA,NA,NA,NA,NA,NA,NA,84
Misteldrossel,56,2018,2018-04-17,0,0,NA,NA,NA,NA,NA,NA,NA,NA,NA,NA,NA,NA,107
Misteldrossel,56,2018,2018-05-08,0,0,NA,NA,NA,NA,NA,NA,NA,NA,NA,NA,NA,NA,128
Misteldrossel,56,2018,2018-06-02,1,0,F,T,F,F,?,F,F,F,F,F,F,?,153
Misteldrossel,56,2020,2020-03-22,0,0,NA,NA,NA,NA,NA,NA,NA,NA,NA,NA,NA,NA,82
Misteldrossel,56,2020,2020-04-11,2,0,F,T,F,F,?,F,F,F,F,F,F,?,102
Misteldrossel,56,2020,2020-05-09,1,0,F,T,F,F,?,F,F,F,F,F,F,?,130
Misteldrossel,56,2020,2020-06-07,0,0,NA,NA,NA,NA,NA,NA,NA,NA,NA,NA,NA,NA,159
Misteldrossel,56,2021,2021-03-28,3,0,F,T,F,F,?,F,F,F,F,F,F,?,87
Misteldrossel,56,2021,2021-04-25,2,0,F,T,F,F,?,F,F,F,F,F,F,?,115
Misteldrossel,56,2021,2021-05-08,1,0,F,T,F,F,?,F,F,F,F,F,F,?,128
Misteldrossel,56,2021,2021-05-28,0,0,NA,NA,NA,NA,NA,NA,NA,NA,NA,NA,NA,NA,148
Misteldrossel,57,2019,2019-03-26,0,0,NA,NA,NA,NA,NA,NA,NA,NA,NA,NA,NA,NA,85
Misteldrossel,57,2019,2019-05-14,1,0,F,F,T,F,?,F,F,F,F,F,F,?,134
Misteldrossel,57,2019,2019-06-19,0,0,NA,NA,NA,NA,NA,NA,NA,NA,NA,NA,NA,NA,170
Misteldrossel,57,2019,2019-04-25,1,0,F,T,F,F,?,F,F,F,F,F,F,?,115
Misteldrossel,58,2018,2018-03-25,1,0,F,T,F,F,?,F,F,F,F,F,F,?,84
Misteldrossel,58,2018,2018-04-30,1,0,F,F,T,F,?,F,F,F,F,F,F,?,120
Misteldrossel,58,2018,2018-05-12,0,0,NA,NA,NA,NA,NA,NA,NA,NA,NA,NA,NA,NA,132
Misteldrossel,58,2018,2018-06-10,0,0,NA,NA,NA,NA,NA,NA,NA,NA,NA,NA,NA,NA,161
Misteldrossel,59,2018,2018-03-21,6,0,F,F,F,T,?,F,F,F,F,F,F,?,80
Misteldrossel,59,2018,2018-04-14,0,0,NA,NA,NA,NA,NA,NA,NA,NA,NA,NA,NA,NA,104
Misteldrossel,59,2018,2018-05-09,0,0,NA,NA,NA,NA,NA,NA,NA,NA,NA,NA,NA,NA,129
Misteldrossel,59,2018,2018-06-05,0,0,NA,NA,NA,NA,NA,NA,NA,NA,NA,NA,NA,NA,156
Misteldrossel,59,2020,2020-03-22,8,0,F,T,F,F,?,F,F,F,F,F,F,?,82
Misteldrossel,59,2020,2020-04-18,2,0,F,T,F,T,?,F,F,F,F,F,F,?,109
Misteldrossel,59,2020,2020-05-06,2,0,F,T,F,F,?,F,F,F,F,F,F,?,127
Misteldrossel,59,2020,2020-06-03,0,0,NA,NA,NA,NA,NA,NA,NA,NA,NA,NA,NA,NA,155
Misteldrossel,59,2021,2021-03-29,2,0,F,T,F,F,?,F,F,F,F,F,F,?,88
Misteldrossel,59,2021,2021-04-22,4,0,F,T,F,F,?,F,F,F,F,F,F,?,112
Misteldrossel,59,2021,2021-05-10,0,0,NA,NA,NA,NA,NA,NA,NA,NA,NA,NA,NA,NA,130
Misteldrossel,59,2021,2021-06-10,1,0,F,T,F,F,?,F,F,F,F,F,F,?,161
Misteldrossel,60,2019,2019-03-22,5,0,F,T,F,F,?,F,F,F,F,F,F,?,81
Misteldrossel,60,2019,2019-04-17,1,0,F,F,F,F,?,F,F,F,F,F,F,?,107
Misteldrossel,60,2019,2019-05-09,1,0,F,F,T,F,?,F,F,F,F,F,F,?,129
Misteldrossel,60,2019,2019-06-10,0,0,NA,NA,NA,NA,NA,NA,NA,NA,NA,NA,NA,NA,161
Misteldrossel,63,2019,2019-03-31,1,0,F,T,F,F,?,F,F,F,F,F,F,?,90
Misteldrossel,63,2019,2019-04-27,2,0,F,T,F,F,?,F,F,F,F,F,F,?,117
Misteldrossel,63,2019,2019-05-18,0,0,NA,NA,NA,NA,NA,NA,NA,NA,NA,NA,NA,NA,138
Misteldrossel,63,2019,2019-06-16,1,0,F,T,F,F,?,F,F,F,F,F,F,?,167
Misteldrossel,67,2019,2019-03-18,2,0,F,T,F,F,?,F,F,F,F,F,F,?,77
Misteldrossel,67,2019,2019-04-15,1,0,F,T,F,F,?,F,F,F,F,F,F,?,105
Misteldrossel,67,2019,2019-05-02,1,0,F,F,T,F,?,F,F,F,F,F,F,?,122
Misteldrossel,67,2019,2019-05-24,2,0,F,T,T,F,?,F,F,F,F,F,F,?,144
Misteldrossel,67,2020,2020-03-17,4,0,F,T,F,T,?,F,F,F,F,F,F,?,77
Misteldrossel,67,2020,2020-04-15,3,0,F,T,F,F,?,F,F,F,F,F,F,?,106
Misteldrossel,67,2020,2020-05-05,4,0,F,T,F,F,?,F,F,F,F,F,F,?,126
Misteldrossel,67,2020,2020-05-27,0,0,NA,NA,NA,NA,NA,NA,NA,NA,NA,NA,NA,NA,148
Misteldrossel,67,2021,2021-03-22,5,0,F,T,T,F,?,F,F,F,F,F,F,?,81
Misteldrossel,67,2021,2021-04-14,3,0,F,T,T,F,?,F,F,F,F,F,F,?,104
Misteldrossel,67,2021,2021-05-07,4,0,F,T,T,F,?,F,F,F,F,F,F,?,127
Misteldrossel,67,2021,2021-05-27,2,0,F,T,F,T,?,F,F,F,F,F,F,?,147
Misteldrossel,67,2022,2022-03-15,5,0,F,T,T,F,F,F,F,F,F,F,F,?,74
Misteldrossel,67,2022,2022-04-13,2,0,F,F,T,F,F,F,F,F,F,F,F,?,103
Misteldrossel,67,2022,2022-05-03,3,0,F,T,T,T,F,F,F,F,F,F,F,?,123
Misteldrossel,67,2022,2022-06-01,2,0,F,F,T,F,F,F,F,F,F,F,F,?,152
Misteldrossel,67,2023,2023-03-17,12,0,F,T,T,F,F,F,F,F,F,F,F,?,76
Misteldrossel,67,2023,2023-04-17,0,0,NA,NA,NA,NA,NA,NA,NA,NA,NA,NA,NA,NA,107
Misteldrossel,67,2023,2023-05-03,2,0,F,T,F,F,F,F,F,F,F,F,F,?,123
Misteldrossel,67,2023,2023-05-22,1,0,F,T,F,F,F,F,F,F,F,F,F,?,142
Misteldrossel,68,2019,2019-03-19,0,0,NA,NA,NA,NA,NA,NA,NA,NA,NA,NA,NA,NA,78
Misteldrossel,68,2019,2019-04-18,1,0,F,T,F,F,?,F,F,F,F,F,F,?,108
Misteldrossel,68,2019,2019-05-06,0,0,NA,NA,NA,NA,NA,NA,NA,NA,NA,NA,NA,NA,126
Misteldrossel,68,2019,2019-05-29,0,0,NA,NA,NA,NA,NA,NA,NA,NA,NA,NA,NA,NA,149
Misteldrossel,68,2020,2020-03-18,1,0,F,T,F,F,?,F,F,F,F,F,F,?,78
Misteldrossel,68,2020,2020-04-16,1,0,F,F,F,F,?,F,F,F,F,F,F,?,107
Misteldrossel,68,2020,2020-05-07,0,0,NA,NA,NA,NA,NA,NA,NA,NA,NA,NA,NA,NA,128
Misteldrossel,68,2020,2020-05-28,0,0,NA,NA,NA,NA,NA,NA,NA,NA,NA,NA,NA,NA,149
Misteldrossel,68,2021,2021-03-24,1,0,F,T,F,F,?,F,F,F,F,F,F,?,83
Misteldrossel,68,2021,2021-04-16,0,0,NA,NA,NA,NA,NA,NA,NA,NA,NA,NA,NA,NA,106
Misteldrossel,68,2021,2021-05-03,0,0,NA,NA,NA,NA,NA,NA,NA,NA,NA,NA,NA,NA,123
Misteldrossel,68,2021,2021-06-01,0,0,NA,NA,NA,NA,NA,NA,NA,NA,NA,NA,NA,NA,152
Misteldrossel,68,2022,2022-03-21,2,0,F,T,F,F,F,F,F,F,F,F,F,?,80
Misteldrossel,68,2022,2022-04-19,0,0,NA,NA,NA,NA,NA,NA,NA,NA,NA,NA,NA,NA,109
Misteldrossel,68,2022,2022-05-05,0,0,NA,NA,NA,NA,NA,NA,NA,NA,NA,NA,NA,NA,125
Misteldrossel,68,2022,2022-06-03,1,0,F,T,F,F,F,F,F,F,F,F,F,?,154
Misteldrossel,68,2023,2023-03-20,1,0,F,T,T,F,F,F,F,F,F,F,F,?,79
Misteldrossel,68,2023,2023-04-14,1,0,F,F,T,F,F,F,F,F,F,F,F,?,104
Misteldrossel,68,2023,2023-05-04,0,0,NA,NA,NA,NA,NA,NA,NA,NA,NA,NA,NA,NA,124
Misteldrossel,68,2023,2023-06-01,2,0,F,F,T,T,F,F,F,F,F,F,F,?,152
Misteldrossel,69,2019,2019-03-23,0,0,NA,NA,NA,NA,NA,NA,NA,NA,NA,NA,NA,NA,82
Misteldrossel,69,2019,2019-04-28,1,0,F,T,F,F,?,F,F,F,F,F,F,?,118
Misteldrossel,69,2019,2019-05-11,1,0,F,T,F,F,?,F,F,F,F,F,F,?,131
Misteldrossel,69,2019,2019-06-20,1,0,F,T,F,F,?,F,F,F,F,F,F,?,171
Misteldrossel,70,2022,2022-03-29,0,0,NA,NA,NA,NA,NA,NA,NA,NA,NA,NA,NA,NA,88
Misteldrossel,70,2022,2022-04-25,1,0,F,F,F,F,F,F,F,F,T,F,F,?,115
Misteldrossel,70,2022,2022-05-19,0,0,NA,NA,NA,NA,NA,NA,NA,NA,NA,NA,NA,NA,139
Misteldrossel,70,2022,2022-06-20,0,0,NA,NA,NA,NA,NA,NA,NA,NA,NA,NA,NA,NA,171
Misteldrossel,70,2023,2023-03-28,0,0,NA,NA,NA,NA,NA,NA,NA,NA,NA,NA,NA,NA,87
Misteldrossel,70,2023,2023-04-26,3,0,F,T,T,F,F,F,F,F,F,F,F,?,116
Misteldrossel,70,2023,2023-05-19,0,0,NA,NA,NA,NA,NA,NA,NA,NA,NA,NA,NA,NA,139
Misteldrossel,70,2023,2023-06-14,0,0,NA,NA,NA,NA,NA,NA,NA,NA,NA,NA,NA,NA,165
Misteldrossel,71,2019,2019-03-28,0,0,NA,NA,NA,NA,NA,NA,NA,NA,NA,NA,NA,NA,87
Misteldrossel,71,2019,2019-04-26,2,0,F,T,F,F,?,F,F,F,F,F,F,?,116
Misteldrossel,71,2019,2019-05-17,0,0,NA,NA,NA,NA,NA,NA,NA,NA,NA,NA,NA,NA,137
Misteldrossel,71,2019,2019-06-05,0,0,NA,NA,NA,NA,NA,NA,NA,NA,NA,NA,NA,NA,156
Misteldrossel,71,2020,2020-03-24,0,0,NA,NA,NA,NA,NA,NA,NA,NA,NA,NA,NA,NA,84
Misteldrossel,71,2020,2020-04-21,0,0,NA,NA,NA,NA,NA,NA,NA,NA,NA,NA,NA,NA,112
Misteldrossel,71,2020,2020-05-12,2,0,F,F,T,F,?,F,F,F,F,F,F,?,133
Misteldrossel,71,2020,2020-06-03,0,0,NA,NA,NA,NA,NA,NA,NA,NA,NA,NA,NA,NA,155
Misteldrossel,71,2021,2021-03-26,2,0,F,T,F,F,?,F,F,F,F,F,F,?,85
Misteldrossel,71,2021,2021-04-22,1,0,F,T,F,F,?,F,F,F,F,F,F,?,112
Misteldrossel,71,2021,2021-05-14,3,0,F,T,F,F,?,F,F,F,F,F,F,?,134
Misteldrossel,71,2022,2022-03-28,1,0,F,T,F,F,F,F,F,F,F,F,F,?,87
Misteldrossel,71,2022,2022-04-29,2,0,F,T,F,F,F,F,F,F,F,F,F,?,119
Misteldrossel,71,2022,2022-05-11,2,0,F,F,T,F,F,F,F,F,F,F,F,?,131
Misteldrossel,71,2022,2022-06-14,7,0,F,T,T,F,F,F,F,F,F,F,F,?,165
Misteldrossel,71,2023,2023-03-22,2,0,F,T,F,F,F,F,F,F,F,F,F,?,81
Misteldrossel,71,2023,2023-04-21,3,0,F,T,T,F,F,F,F,F,F,F,F,?,111
Misteldrossel,71,2023,2023-05-11,2,0,F,T,F,F,F,F,F,F,F,F,F,?,131
Misteldrossel,71,2023,2023-06-12,1,0,F,F,F,F,F,F,F,F,F,F,F,?,163
Misteldrossel,73,2020,2020-03-22,0,0,NA,NA,NA,NA,NA,NA,NA,NA,NA,NA,NA,NA,82
Misteldrossel,73,2020,2020-04-11,0,0,NA,NA,NA,NA,NA,NA,NA,NA,NA,NA,NA,NA,102
Misteldrossel,73,2020,2020-05-09,1,0,F,T,F,F,?,F,F,F,F,F,F,?,130
Misteldrossel,73,2020,2020-06-08,0,0,NA,NA,NA,NA,NA,NA,NA,NA,NA,NA,NA,NA,160
Misteldrossel,73,2021,2021-03-27,1,0,F,T,F,F,?,F,F,F,F,F,F,?,86
Misteldrossel,73,2021,2021-04-17,0,0,NA,NA,NA,NA,NA,NA,NA,NA,NA,NA,NA,NA,107
Misteldrossel,73,2021,2021-05-14,0,0,NA,NA,NA,NA,NA,NA,NA,NA,NA,NA,NA,NA,134
Misteldrossel,73,2021,2021-06-04,0,0,NA,NA,NA,NA,NA,NA,NA,NA,NA,NA,NA,NA,155
Misteldrossel,75,2021,2021-03-25,1,0,F,T,F,F,?,F,F,F,F,F,F,?,84
Misteldrossel,75,2021,2021-04-20,0,0,NA,NA,NA,NA,NA,NA,NA,NA,NA,NA,NA,NA,110
Misteldrossel,75,2021,2021-05-10,0,0,NA,NA,NA,NA,NA,NA,NA,NA,NA,NA,NA,NA,130
Misteldrossel,75,2021,2021-06-10,2,0,F,F,T,F,?,F,F,F,F,F,F,?,161
Misteldrossel,75,2022,2022-03-25,0,0,NA,NA,NA,NA,NA,NA,NA,NA,NA,NA,NA,NA,84
Misteldrossel,75,2022,2022-04-21,0,0,NA,NA,NA,NA,NA,NA,NA,NA,NA,NA,NA,NA,111
Misteldrossel,75,2022,2022-05-10,2,0,F,T,F,F,F,F,F,F,F,F,F,?,130
Misteldrossel,75,2022,2022-06-10,0,0,NA,NA,NA,NA,NA,NA,NA,NA,NA,NA,NA,NA,161
Misteldrossel,75,2023,2023-03-21,0,0,NA,NA,NA,NA,NA,NA,NA,NA,NA,NA,NA,NA,80
Misteldrossel,75,2023,2023-04-19,2,0,F,T,F,F,F,F,F,F,F,F,F,?,109
Misteldrossel,75,2023,2023-05-09,0,0,NA,NA,NA,NA,NA,NA,NA,NA,NA,NA,NA,NA,129
Misteldrossel,75,2023,2023-06-07,0,0,NA,NA,NA,NA,NA,NA,NA,NA,NA,NA,NA,NA,158
Misteldrossel,76,2019,2019-03-25,2,0,F,T,T,F,?,F,F,F,F,F,F,?,84
Misteldrossel,76,2019,2019-04-15,0,0,NA,NA,NA,NA,NA,NA,NA,NA,NA,NA,NA,NA,105
Misteldrossel,76,2019,2019-05-06,0,0,NA,NA,NA,NA,NA,NA,NA,NA,NA,NA,NA,NA,126
Misteldrossel,76,2019,2019-06-07,0,0,NA,NA,NA,NA,NA,NA,NA,NA,NA,NA,NA,NA,158
Misteldrossel,76,2020,2020-03-24,0,0,NA,NA,NA,NA,NA,NA,NA,NA,NA,NA,NA,NA,84
Misteldrossel,76,2020,2020-04-17,0,0,NA,NA,NA,NA,NA,NA,NA,NA,NA,NA,NA,NA,108
Misteldrossel,76,2020,2020-05-08,0,0,NA,NA,NA,NA,NA,NA,NA,NA,NA,NA,NA,NA,129
Misteldrossel,76,2020,2020-06-05,1,0,F,F,T,F,F,F,F,F,F,F,F,?,157
Misteldrossel,76,2021,2021-03-26,0,0,NA,NA,NA,NA,NA,NA,NA,NA,NA,NA,NA,NA,85
Misteldrossel,76,2021,2021-04-15,2,0,F,F,F,T,F,F,F,F,F,F,F,?,105
Misteldrossel,76,2021,2021-05-26,0,0,NA,NA,NA,NA,NA,NA,NA,NA,NA,NA,NA,NA,146
Misteldrossel,76,2021,2021-06-15,0,0,NA,NA,NA,NA,NA,NA,NA,NA,NA,NA,NA,NA,166
Misteldrossel,79,2020,2020-03-16,1,0,F,T,F,F,?,F,F,F,F,F,F,?,76
Misteldrossel,79,2020,2020-04-13,0,0,NA,NA,NA,NA,NA,NA,NA,NA,NA,NA,NA,NA,104
Misteldrossel,79,2020,2020-05-17,0,0,NA,NA,NA,NA,NA,NA,NA,NA,NA,NA,NA,NA,138
Misteldrossel,79,2020,2020-06-02,0,0,NA,NA,NA,NA,NA,NA,NA,NA,NA,NA,NA,NA,154
Misteldrossel,79,2022,2022-03-16,1,0,F,T,F,F,F,F,F,F,F,F,F,?,75
Misteldrossel,79,2022,2022-04-16,1,0,F,T,F,F,F,F,F,F,F,F,F,?,106
Misteldrossel,79,2022,2022-05-07,0,0,NA,NA,NA,NA,NA,NA,NA,NA,NA,NA,NA,NA,127
Misteldrossel,79,2022,2022-06-02,0,0,NA,NA,NA,NA,NA,NA,NA,NA,NA,NA,NA,NA,153
Misteldrossel,79,2023,2023-03-22,1,0,F,T,F,F,?,F,F,F,F,F,F,?,81
Misteldrossel,79,2023,2023-04-10,1,0,F,T,F,F,?,F,F,F,F,F,F,?,100
Misteldrossel,79,2023,2023-05-06,0,0,NA,NA,NA,NA,NA,NA,NA,NA,NA,NA,NA,NA,126
Misteldrossel,79,2023,2023-05-28,0,0,NA,NA,NA,NA,NA,NA,NA,NA,NA,NA,NA,NA,148
Misteldrossel,80,2020,2020-03-23,1,0,F,T,F,F,F,F,F,F,F,F,F,?,83
Misteldrossel,80,2020,2020-04-14,0,0,NA,NA,NA,NA,NA,NA,NA,NA,NA,NA,NA,NA,105
Misteldrossel,80,2020,2020-05-12,0,0,NA,NA,NA,NA,NA,NA,NA,NA,NA,NA,NA,NA,133
Misteldrossel,80,2020,2020-06-20,0,0,NA,NA,NA,NA,NA,NA,NA,NA,NA,NA,NA,NA,172
Misteldrossel,80,2021,2021-03-10,2,0,?,?,T,?,?,?,?,?,?,?,?,?,69
Misteldrossel,80,2021,2021-04-04,0,0,NA,NA,NA,NA,NA,NA,NA,NA,NA,NA,NA,NA,94
Misteldrossel,80,2021,2021-05-12,0,0,NA,NA,NA,NA,NA,NA,NA,NA,NA,NA,NA,NA,132
Misteldrossel,80,2021,2021-06-09,0,0,NA,NA,NA,NA,NA,NA,NA,NA,NA,NA,NA,NA,160
Misteldrossel,80,2022,2022-03-24,1,0,F,T,F,F,F,F,F,F,F,F,F,?,83
Misteldrossel,80,2022,2022-04-25,0,0,NA,NA,NA,NA,NA,NA,NA,NA,NA,NA,NA,NA,115
Misteldrossel,80,2022,2022-05-14,0,0,NA,NA,NA,NA,NA,NA,NA,NA,NA,NA,NA,NA,134
Misteldrossel,80,2022,2022-06-16,1,0,F,T,F,F,F,F,F,F,F,F,F,?,167
Misteldrossel,84,2020,2020-03-16,0,0,NA,NA,NA,NA,NA,NA,NA,NA,NA,NA,NA,NA,76
Misteldrossel,84,2020,2020-04-14,1,0,F,T,F,F,?,F,F,F,F,F,F,?,105
Misteldrossel,84,2020,2020-05-20,0,0,NA,NA,NA,NA,NA,NA,NA,NA,NA,NA,NA,NA,141
Misteldrossel,84,2020,2020-06-12,0,0,NA,NA,NA,NA,NA,NA,NA,NA,NA,NA,NA,NA,164
Misteldrossel,87,2020,2020-03-14,2,0,F,T,F,F,F,F,F,F,F,F,F,?,74
Misteldrossel,87,2020,2020-04-26,0,0,NA,NA,NA,NA,NA,NA,NA,NA,NA,NA,NA,NA,117
Misteldrossel,87,2020,2020-05-10,2,0,F,T,T,F,F,F,F,F,F,F,F,?,131
Misteldrossel,87,2020,2020-06-01,2,0,F,T,F,T,F,F,F,F,F,F,F,?,153
Misteldrossel,87,2021,2021-03-12,1,0,?,T,?,?,?,?,?,?,?,?,?,?,71
Misteldrossel,87,2021,2021-04-08,1,0,?,T,?,?,?,?,?,?,?,?,?,?,98
Misteldrossel,87,2021,2021-05-08,1,0,?,T,?,?,?,?,?,?,?,?,?,?,128
Misteldrossel,87,2021,2021-06-14,0,0,NA,NA,NA,NA,NA,NA,NA,NA,NA,NA,NA,NA,165
Misteldrossel,87,2023,2023-03-20,1,0,F,T,F,F,?,F,F,F,F,F,F,?,79
Misteldrossel,87,2023,2023-04-22,0,0,NA,NA,NA,NA,NA,NA,NA,NA,NA,NA,NA,NA,112
Misteldrossel,87,2023,2023-05-13,0,0,NA,NA,NA,NA,NA,NA,NA,NA,NA,NA,NA,NA,133
Misteldrossel,87,2023,2023-06-04,1,0,F,F,T,F,?,F,F,F,F,F,F,?,155
Misteldrossel,89,2020,2020-03-20,1,0,F,T,F,F,?,F,F,F,F,F,F,?,80
Misteldrossel,89,2020,2020-04-18,1,0,F,T,F,F,?,F,F,F,F,F,F,?,109
Misteldrossel,89,2020,2020-05-06,1,0,F,T,F,F,?,F,F,F,F,F,F,?,127
Misteldrossel,89,2020,2020-06-19,0,0,NA,NA,NA,NA,NA,NA,NA,NA,NA,NA,NA,NA,171
Misteldrossel,89,2021,2021-03-28,1,0,?,T,?,?,?,?,?,?,?,?,?,?,87
Misteldrossel,89,2021,2021-04-28,1,0,?,?,?,?,?,?,?,?,?,?,?,?,118
Misteldrossel,89,2021,2021-05-15,1,0,?,?,?,?,?,?,?,?,?,?,?,?,135
Misteldrossel,89,2021,2021-06-20,0,0,NA,NA,NA,NA,NA,NA,NA,NA,NA,NA,NA,NA,171
Misteldrossel,90,2020,2020-03-17,0,0,NA,NA,NA,NA,NA,NA,NA,NA,NA,NA,NA,NA,77
Misteldrossel,90,2020,2020-04-19,0,0,NA,NA,NA,NA,NA,NA,NA,NA,NA,NA,NA,NA,110
Misteldrossel,90,2020,2020-05-06,1,0,F,T,F,F,F,F,F,F,F,F,F,?,127
Misteldrossel,90,2020,2020-05-21,5,0,F,T,T,F,F,F,F,F,F,F,F,?,142
Misteldrossel,90,2021,2021-03-19,0,0,NA,NA,NA,NA,NA,NA,NA,NA,NA,NA,NA,NA,78
Misteldrossel,90,2021,2021-04-13,2,0,?,?,T,?,?,T,?,?,?,?,?,?,103
Misteldrossel,90,2021,2021-05-01,5,0,?,T,T,T,?,?,?,?,?,?,?,?,121
Misteldrossel,90,2021,2021-06-05,0,0,NA,NA,NA,NA,NA,NA,NA,NA,NA,NA,NA,NA,156
Misteldrossel,90,2022,2022-03-21,2,0,F,T,F,F,F,F,F,F,F,F,F,?,80
Misteldrossel,90,2022,2022-04-25,0,0,NA,NA,NA,NA,NA,NA,NA,NA,NA,NA,NA,NA,115
Misteldrossel,90,2022,2022-05-09,2,0,F,T,F,F,F,F,F,F,F,F,F,?,129
Misteldrossel,90,2022,2022-06-13,2,0,F,T,F,F,F,F,F,F,F,F,F,?,164
Misteldrossel,90,2023,2023-03-22,0,0,NA,NA,NA,NA,NA,NA,NA,NA,NA,NA,NA,NA,81
Misteldrossel,90,2023,2023-04-11,0,0,NA,NA,NA,NA,NA,NA,NA,NA,NA,NA,NA,NA,101
Misteldrossel,90,2023,2023-05-17,4,0,F,T,F,F,F,F,F,F,F,F,F,?,137
Misteldrossel,90,2023,2023-06-12,2,0,F,T,T,F,F,F,F,F,F,F,F,?,163
Misteldrossel,91,2018,2018-03-11,1,0,F,F,T,F,?,F,F,F,F,F,F,?,70
Misteldrossel,91,2018,2018-04-15,1,0,F,F,F,F,?,F,F,F,F,F,F,?,105
Misteldrossel,91,2018,2018-05-11,0,0,NA,NA,NA,NA,NA,NA,NA,NA,NA,NA,NA,NA,131
Misteldrossel,91,2018,2018-06-02,0,0,NA,NA,NA,NA,NA,NA,NA,NA,NA,NA,NA,NA,153
Misteldrossel,91,2020,2020-03-24,1,0,F,F,T,F,?,F,F,F,F,F,F,?,84
Misteldrossel,91,2020,2020-04-20,0,0,NA,NA,NA,NA,NA,NA,NA,NA,NA,NA,NA,NA,111
Misteldrossel,91,2020,2020-05-10,0,0,NA,NA,NA,NA,NA,NA,NA,NA,NA,NA,NA,NA,131
Misteldrossel,91,2020,2020-06-14,0,0,NA,NA,NA,NA,NA,NA,NA,NA,NA,NA,NA,NA,166
Misteldrossel,91,2021,2021-03-30,0,0,NA,NA,NA,NA,NA,NA,NA,NA,NA,NA,NA,NA,89
Misteldrossel,91,2021,2021-04-25,1,0,F,T,?,?,?,?,F,?,?,?,?,?,115
Misteldrossel,91,2021,2021-05-14,1,0,F,?,?,?,?,?,F,?,?,?,?,?,134
Misteldrossel,91,2021,2021-06-13,1,0,F,?,?,?,?,?,F,?,T,?,?,?,164
Misteldrossel,92,2020,2020-03-20,0,0,NA,NA,NA,NA,NA,NA,NA,NA,NA,NA,NA,NA,80
Misteldrossel,92,2020,2020-04-26,1,0,F,T,F,F,?,F,F,F,F,F,F,?,117
Misteldrossel,92,2020,2020-05-20,0,0,NA,NA,NA,NA,NA,NA,NA,NA,NA,NA,NA,NA,141
Misteldrossel,92,2020,2020-06-18,0,0,NA,NA,NA,NA,NA,NA,NA,NA,NA,NA,NA,NA,170
Misteldrossel,92,2021,2021-03-22,0,0,NA,NA,NA,NA,NA,NA,NA,NA,NA,NA,NA,NA,81
Misteldrossel,92,2021,2021-04-17,1,0,F,T,?,?,?,?,F,?,?,?,?,?,107
Misteldrossel,92,2021,2021-05-15,0,0,NA,NA,NA,NA,NA,NA,NA,NA,NA,NA,NA,NA,135
Misteldrossel,92,2021,2021-05-31,1,0,F,T,?,?,?,?,F,?,?,?,?,?,151
Misteldrossel,94,2020,2020-03-28,1,0,F,T,F,F,?,F,F,F,F,F,F,?,88
Misteldrossel,94,2020,2020-04-19,0,0,NA,NA,NA,NA,NA,NA,NA,NA,NA,NA,NA,NA,110
Misteldrossel,94,2020,2020-05-10,1,0,F,T,F,F,?,F,F,F,F,F,F,?,131
Misteldrossel,94,2020,2020-06-07,1,0,F,T,F,F,?,F,F,F,F,F,F,?,159
Misteldrossel,94,2021,2021-03-21,1,0,F,T,?,?,?,?,F,?,?,?,?,?,80
Misteldrossel,94,2021,2021-04-18,2,0,F,T,?,?,?,?,F,?,?,?,?,?,108
Misteldrossel,94,2021,2021-05-09,0,0,NA,NA,NA,NA,NA,NA,NA,NA,NA,NA,NA,NA,129
Misteldrossel,94,2021,2021-06-13,0,0,NA,NA,NA,NA,NA,NA,NA,NA,NA,NA,NA,NA,164
Misteldrossel,95,2018,2018-03-11,12,0,?,T,T,F,?,F,F,F,F,F,F,?,70
Misteldrossel,95,2018,2018-04-09,11,0,?,T,F,T,?,T,F,F,F,F,F,?,99
Misteldrossel,95,2018,2018-05-04,7,0,?,T,F,T,?,F,F,F,F,F,F,?,124
Misteldrossel,95,2018,2018-05-28,3,0,?,F,F,T,?,T,F,F,T,F,F,?,148
Misteldrossel,95,2020,2020-03-17,5,0,F,T,F,F,?,F,F,F,F,F,F,?,77
Misteldrossel,95,2020,2020-04-10,4,0,F,T,T,T,?,F,F,F,F,F,F,?,101
Misteldrossel,95,2020,2020-05-17,0,0,NA,NA,NA,NA,NA,NA,NA,NA,NA,NA,NA,NA,138
Misteldrossel,95,2020,2020-05-29,0,0,NA,NA,NA,NA,NA,NA,NA,NA,NA,NA,NA,NA,150
Misteldrossel,106,2021,2021-03-28,3,0,F,T,?,?,?,T,F,?,?,?,?,?,87
Misteldrossel,106,2021,2021-04-26,4,0,F,T,?,?,?,T,F,?,?,?,?,?,116
Misteldrossel,106,2021,2021-05-19,1,0,F,T,?,?,?,?,F,?,?,?,?,?,139
Misteldrossel,106,2021,2021-06-14,1,0,F,T,?,?,?,?,F,?,?,?,?,?,165
Misteldrossel,109,2019,2019-03-18,1,0,F,T,F,F,?,F,F,F,F,F,F,?,77
Misteldrossel,109,2019,2019-04-12,0,0,NA,NA,NA,NA,NA,NA,NA,NA,NA,NA,NA,NA,102
Misteldrossel,109,2019,2019-05-02,0,0,NA,NA,NA,NA,NA,NA,NA,NA,NA,NA,NA,NA,122
Misteldrossel,109,2019,2019-05-24,0,0,NA,NA,NA,NA,NA,NA,NA,NA,NA,NA,NA,NA,144
Misteldrossel,114,2020,2020-03-19,1,0,F,T,F,F,?,F,F,F,F,F,F,?,79
Misteldrossel,114,2020,2020-04-13,0,0,NA,NA,NA,NA,NA,NA,NA,NA,NA,NA,NA,NA,104
Misteldrossel,114,2020,2020-05-06,0,0,NA,NA,NA,NA,NA,NA,NA,NA,NA,NA,NA,NA,127
Misteldrossel,114,2020,2020-05-26,0,0,NA,NA,NA,NA,NA,NA,NA,NA,NA,NA,NA,NA,147
Misteldrossel,115,2018,2018-03-25,0,0,NA,NA,NA,NA,NA,NA,NA,NA,NA,NA,NA,NA,84
Misteldrossel,115,2018,2018-04-08,1,0,F,T,F,F,?,F,F,F,F,F,F,?,98
Misteldrossel,115,2018,2018-05-12,0,0,NA,NA,NA,NA,NA,NA,NA,NA,NA,NA,NA,NA,132
Misteldrossel,115,2018,2018-05-27,0,0,NA,NA,NA,NA,NA,NA,NA,NA,NA,NA,NA,NA,147
Misteldrossel,115,2020,2020-03-15,3,0,F,T,T,F,?,F,F,F,F,F,F,?,75
Misteldrossel,115,2020,2020-04-19,2,0,F,F,T,F,?,F,F,F,F,F,F,?,110
Misteldrossel,115,2020,2020-05-10,2,0,F,T,F,F,?,F,F,F,F,F,F,?,131
Misteldrossel,115,2020,2020-06-13,0,0,NA,NA,NA,NA,NA,NA,NA,NA,NA,NA,NA,NA,165
Misteldrossel,115,2021,2021-03-21,0,0,NA,NA,NA,NA,NA,NA,NA,NA,NA,NA,NA,NA,80
Misteldrossel,115,2021,2021-04-18,2,0,F,T,?,?,?,?,F,?,?,?,?,?,108
Misteldrossel,115,2021,2021-05-09,0,0,NA,NA,NA,NA,NA,NA,NA,NA,NA,NA,NA,NA,129
Misteldrossel,115,2021,2021-05-30,0,0,NA,NA,NA,NA,NA,NA,NA,NA,NA,NA,NA,NA,150
Misteldrossel,116,2021,2020-03-20,1,0,F,T,F,F,?,F,?,F,F,F,F,?,80
Misteldrossel,116,2021,2020-04-09,0,0,NA,NA,NA,NA,NA,NA,NA,NA,NA,NA,NA,NA,100
Misteldrossel,116,2021,2021-04-09,0,0,NA,NA,NA,NA,NA,NA,NA,NA,NA,NA,NA,NA,99
Misteldrossel,116,2021,2021-05-11,0,0,NA,NA,NA,NA,NA,NA,NA,NA,NA,NA,NA,NA,131
Misteldrossel,116,2021,2021-05-27,0,0,NA,NA,NA,NA,NA,NA,NA,NA,NA,NA,NA,NA,147
Misteldrossel,118,2018,2018-03-10,2,0,F,T,F,F,?,F,F,F,F,F,F,?,69
Misteldrossel,118,2018,2018-04-02,0,0,NA,NA,NA,NA,NA,NA,NA,NA,NA,NA,NA,NA,92
Misteldrossel,118,2018,2018-05-01,0,0,NA,NA,NA,NA,NA,NA,NA,NA,NA,NA,NA,NA,121
Misteldrossel,118,2018,2018-05-21,0,0,NA,NA,NA,NA,NA,NA,NA,NA,NA,NA,NA,NA,141
Misteldrossel,121,2018,2018-03-14,3,0,F,T,T,F,?,F,F,F,F,F,F,?,73
Misteldrossel,121,2018,2018-04-04,5,0,F,T,T,F,?,F,F,F,F,F,F,?,94
Misteldrossel,121,2018,2018-05-09,3,0,F,T,T,F,?,F,F,F,F,F,F,?,129
Misteldrossel,121,2018,2018-05-13,2,0,F,T,T,F,?,T,F,F,F,F,F,?,133
Misteldrossel,121,2021,2021-03-30,2,0,F,T,F,F,?,F,F,F,F,F,F,?,89
Misteldrossel,121,2021,2021-04-17,2,0,F,T,T,F,?,F,F,F,F,F,F,?,107
Misteldrossel,121,2021,2021-05-14,3,0,F,T,T,F,?,F,F,F,F,F,F,?,134
Misteldrossel,121,2021,2021-06-15,1,0,F,F,T,F,?,F,F,F,F,F,F,?,166
Misteldrossel,122,2018,2018-03-19,0,0,NA,NA,NA,NA,NA,NA,NA,NA,NA,NA,NA,NA,78
Misteldrossel,122,2018,2018-04-17,0,0,NA,NA,NA,NA,NA,NA,NA,NA,NA,NA,NA,NA,107
Misteldrossel,122,2018,2018-05-19,1,0,F,F,F,F,?,F,F,F,F,F,F,?,139
Misteldrossel,122,2018,2018-06-13,0,0,NA,NA,NA,NA,NA,NA,NA,NA,NA,NA,NA,NA,164
Misteldrossel,122,2020,2020-03-14,1,0,F,T,F,F,?,F,F,F,F,F,F,?,74
Misteldrossel,122,2020,2020-04-25,0,0,NA,NA,NA,NA,NA,NA,NA,NA,NA,NA,NA,NA,116
Misteldrossel,122,2020,2020-05-19,0,0,NA,NA,NA,NA,NA,NA,NA,NA,NA,NA,NA,NA,140
Misteldrossel,122,2020,2020-06-20,0,0,NA,NA,NA,NA,NA,NA,NA,NA,NA,NA,NA,NA,172
Misteldrossel,122,2021,2021-03-21,0,0,NA,NA,NA,NA,NA,NA,NA,NA,NA,NA,NA,NA,80
Misteldrossel,122,2021,2021-04-18,1,0,F,T,?,?,?,?,F,?,?,?,?,?,108
Misteldrossel,122,2021,2021-05-13,2,0,F,T,?,?,?,?,F,?,?,?,?,?,133
Misteldrossel,122,2021,2021-05-30,0,0,NA,NA,NA,NA,NA,NA,NA,NA,NA,NA,NA,NA,150
Misteldrossel,123,2018,2018-03-21,1,0,F,T,F,F,?,F,F,F,F,F,F,?,80
Misteldrossel,123,2018,2018-04-18,2,0,F,T,F,F,?,F,F,F,F,F,F,?,108
Misteldrossel,123,2018,2018-05-09,4,0,F,T,F,F,?,F,F,F,F,F,F,?,129
Misteldrossel,123,2018,2018-06-06,2,0,F,T,F,F,?,F,F,F,F,F,F,?,157
Misteldrossel,123,2020,2020-03-18,3,0,F,T,F,F,?,F,F,F,F,F,F,?,78
Misteldrossel,123,2020,2020-04-19,3,0,F,T,F,F,?,F,F,F,F,F,F,?,110
Misteldrossel,123,2020,2020-05-08,1,0,F,F,F,F,?,F,F,F,F,F,F,?,129
Misteldrossel,123,2020,2020-06-08,1,0,F,T,F,F,?,F,F,F,F,F,F,?,160
Misteldrossel,123,2021,2021-03-24,1,0,F,T,?,?,?,?,F,?,?,?,?,?,83
Misteldrossel,123,2021,2021-04-18,2,0,F,T,?,?,?,?,F,?,?,?,?,?,108
Misteldrossel,123,2021,2021-05-09,0,0,NA,NA,NA,NA,NA,NA,NA,NA,NA,NA,NA,NA,129
Misteldrossel,123,2021,2021-06-05,0,0,NA,NA,NA,NA,NA,NA,NA,NA,NA,NA,NA,NA,156
Misteldrossel,127,2018,2018-03-12,6,0,?,T,F,F,?,F,F,F,F,F,F,?,71
Misteldrossel,127,2018,2018-04-03,4,0,?,T,F,F,?,T,F,F,F,F,F,?,93
Misteldrossel,127,2018,2018-05-07,1,0,?,T,F,F,?,F,F,F,F,F,F,?,127
Misteldrossel,127,2018,2018-05-31,0,0,NA,NA,NA,NA,NA,NA,NA,NA,NA,NA,NA,NA,151
Misteldrossel,127,2020,2020-03-19,1,0,F,T,F,F,?,F,F,F,F,F,F,?,79
Misteldrossel,127,2020,2020-04-08,3,0,F,T,T,F,?,F,F,F,F,F,F,?,99
Misteldrossel,127,2020,2020-05-19,5,0,F,F,T,F,?,T,F,F,F,F,F,?,140
Misteldrossel,127,2020,2020-06-03,7,0,F,T,T,F,?,F,F,F,F,F,F,?,155
Misteldrossel,127,2021,2021-05-03,2,0,F,T,F,T,?,T,F,F,F,F,F,?,123
Misteldrossel,127,2021,2021-05-27,3,0,?,?,T,?,?,T,?,?,?,?,?,?,147
Misteldrossel,128,2021,2021-03-29,3,0,F,?,?,?,?,T,F,?,?,?,?,?,88
Misteldrossel,128,2021,2021-04-24,3,0,F,T,?,?,?,?,F,?,?,?,?,?,114
Misteldrossel,128,2021,2021-05-15,0,0,NA,NA,NA,NA,NA,NA,NA,NA,NA,NA,NA,NA,135
Misteldrossel,128,2021,2021-06-15,0,0,NA,NA,NA,NA,NA,NA,NA,NA,NA,NA,NA,NA,166
Misteldrossel,129,2021,2021-03-24,7,0,?,T,?,?,?,?,?,?,?,?,?,?,83
Misteldrossel,129,2021,2021-04-18,7,0,?,T,?,?,?,?,?,?,?,?,?,?,108
Misteldrossel,129,2021,2021-05-08,10,0,?,T,T,?,?,?,?,?,?,?,?,?,128
Misteldrossel,129,2021,2021-05-28,2,0,?,?,?,?,?,?,?,?,?,?,?,?,148
Misteldrossel,133,2019,2019-03-23,2,0,?,T,?,?,?,?,?,?,?,?,?,?,82
Misteldrossel,133,2019,2019-04-11,1,0,?,T,?,?,?,?,?,?,?,?,?,?,101
Misteldrossel,133,2019,2019-05-16,2,0,?,T,?,?,?,?,?,?,?,?,?,?,136
Misteldrossel,133,2019,2019-06-10,0,0,NA,NA,NA,NA,NA,NA,NA,NA,NA,NA,NA,NA,161
Misteldrossel,133,2020,2020-03-15,2,0,F,T,T,F,?,F,F,F,F,F,F,?,75
Misteldrossel,133,2020,2020-05-09,0,0,NA,NA,NA,NA,NA,NA,NA,NA,NA,NA,NA,NA,130
Misteldrossel,133,2020,2020-06-01,0,0,NA,NA,NA,NA,NA,NA,NA,NA,NA,NA,NA,NA,153
Misteldrossel,133,2020,2020-05-04,0,0,NA,NA,NA,NA,NA,NA,NA,NA,NA,NA,NA,NA,125
Misteldrossel,133,2022,2022-03-13,2,0,F,T,F,F,F,F,F,F,F,F,F,?,72
Misteldrossel,133,2022,2022-04-03,3,0,F,T,F,F,F,F,F,F,F,F,F,?,93
Misteldrossel,133,2022,2022-05-09,1,0,F,T,F,F,F,F,F,F,F,F,F,?,129
Misteldrossel,133,2022,2022-06-14,0,0,NA,NA,NA,NA,NA,NA,NA,NA,NA,NA,NA,NA,165
Misteldrossel,133,2022,2022-03-24,1,0,F,T,F,F,F,F,F,F,F,F,F,?,83
Misteldrossel,133,2023,2023-03-17,3,0,F,T,F,F,?,F,F,F,F,F,F,?,76
Misteldrossel,133,2023,2023-04-27,4,0,F,T,F,F,?,F,F,F,F,F,F,?,117
Misteldrossel,133,2023,2023-05-12,0,0,NA,NA,NA,NA,NA,NA,NA,NA,NA,NA,NA,NA,132
Misteldrossel,133,2023,2023-05-29,2,0,F,T,F,F,?,F,F,F,F,F,F,?,149
Misteldrossel,136,2018,2018-03-30,1,0,F,T,F,F,?,F,F,F,F,F,F,?,89
Misteldrossel,136,2018,2018-04-23,0,0,NA,NA,NA,NA,NA,NA,NA,NA,NA,NA,NA,NA,113
Misteldrossel,136,2018,2018-05-19,0,0,NA,NA,NA,NA,NA,NA,NA,NA,NA,NA,NA,NA,139
Misteldrossel,136,2018,2018-06-08,0,0,NA,NA,NA,NA,NA,NA,NA,NA,NA,NA,NA,NA,159
Misteldrossel,136,2020,2020-03-19,0,0,NA,NA,NA,NA,NA,NA,NA,NA,NA,NA,NA,NA,79
Misteldrossel,136,2020,2020-04-26,2,0,F,T,F,F,?,F,F,F,F,F,F,?,117
Misteldrossel,136,2020,2020-05-17,0,0,NA,NA,NA,NA,NA,NA,NA,NA,NA,NA,NA,NA,138
Misteldrossel,136,2020,2020-06-13,1,0,F,T,F,F,?,F,F,F,F,F,F,?,165
Misteldrossel,136,2021,2021-03-21,0,0,NA,NA,NA,NA,NA,NA,NA,NA,NA,NA,NA,NA,80
Misteldrossel,136,2021,2021-04-26,1,0,F,T,F,F,?,F,?,F,F,F,F,?,116
Misteldrossel,136,2021,2021-05-10,1,0,F,T,F,F,?,F,?,F,F,F,F,?,130
Misteldrossel,136,2021,2021-06-18,0,0,NA,NA,NA,NA,NA,NA,NA,NA,NA,NA,NA,NA,169
Misteldrossel,139,2018,2018-03-22,3,0,F,T,F,F,?,F,F,F,F,F,F,?,81
Misteldrossel,139,2018,2018-04-27,6,0,F,T,F,F,?,F,F,F,F,F,F,?,117
Misteldrossel,139,2018,2018-05-13,5,0,F,T,F,F,?,F,F,F,F,F,F,?,133
Misteldrossel,139,2018,2018-06-06,8,0,F,T,T,F,?,F,F,F,F,F,F,?,157
Misteldrossel,139,2020,2020-03-31,6,0,F,T,F,F,?,F,F,F,F,F,F,?,91
Misteldrossel,139,2020,2020-04-26,3,0,F,T,F,F,?,F,F,F,F,F,F,?,117
Misteldrossel,139,2020,2020-05-11,6,0,F,T,T,F,?,F,F,F,F,F,T,?,132
Misteldrossel,139,2020,2020-06-01,1,0,F,T,F,F,?,F,F,F,F,F,F,?,153
Misteldrossel,139,2021,2021-03-29,3,0,F,T,F,F,?,F,F,F,F,F,F,?,88
Misteldrossel,139,2021,2021-04-28,4,0,F,T,T,F,?,F,F,F,F,F,F,?,118
Misteldrossel,139,2021,2021-05-21,5,0,F,T,F,T,?,F,F,F,F,F,F,?,141
Misteldrossel,139,2021,2021-06-20,1,0,F,F,T,F,?,F,F,F,F,F,F,?,171
Misteldrossel,140,2018,2018-03-15,5,0,F,T,T,F,?,F,F,F,F,F,F,?,74
Misteldrossel,140,2018,2018-04-06,1,0,F,T,F,F,?,F,F,F,F,F,F,?,96
Misteldrossel,140,2018,2018-05-04,2,0,F,T,F,F,?,F,F,F,F,F,F,?,124
Misteldrossel,140,2018,2018-05-26,1,0,F,F,T,F,?,F,F,F,F,F,F,?,146
Misteldrossel,140,2020,2020-03-14,3,0,F,F,T,F,?,F,F,F,F,F,F,?,74
Misteldrossel,140,2020,2020-04-05,3,0,F,T,T,F,?,F,F,F,F,F,F,?,96
Misteldrossel,140,2020,2020-05-08,4,0,T,T,T,F,?,F,F,F,F,F,F,?,129
Misteldrossel,140,2020,2020-05-21,1,0,F,F,T,F,?,F,F,F,F,F,F,?,142
Misteldrossel,140,2021,2021-06-13,10,0,F,T,T,F,?,F,?,F,F,F,F,?,164
Misteldrossel,141,2018,2018-03-30,1,0,F,T,F,F,?,F,F,F,F,F,F,?,89
Misteldrossel,141,2018,2018-04-15,2,0,F,T,T,F,?,F,F,F,F,F,F,?,105
Misteldrossel,141,2018,2018-05-10,3,0,F,F,F,F,?,F,F,F,F,F,F,?,130
Misteldrossel,141,2018,2018-06-02,4,0,F,T,F,F,?,F,F,F,F,F,F,?,153
Misteldrossel,141,2018,2019-05-10,0,0,NA,NA,NA,NA,NA,NA,NA,NA,NA,NA,NA,NA,130
Misteldrossel,141,2018,2019-04-15,0,0,NA,NA,NA,NA,NA,NA,NA,NA,NA,NA,NA,NA,105
Misteldrossel,141,2020,2020-03-22,4,0,F,T,F,F,?,F,F,F,F,F,F,?,82
Misteldrossel,141,2020,2020-04-20,4,0,F,T,T,F,?,F,F,F,F,F,F,?,111
Misteldrossel,141,2020,2020-05-16,1,0,F,F,T,F,?,F,F,F,F,F,F,?,137
Misteldrossel,141,2020,2020-06-11,0,0,NA,NA,NA,NA,NA,NA,NA,NA,NA,NA,NA,NA,163
Misteldrossel,141,2021,2021-03-26,4,0,F,T,T,F,?,F,?,F,F,F,F,?,85
Misteldrossel,141,2021,2021-04-23,1,0,F,T,F,F,?,F,?,F,F,F,F,?,113
Misteldrossel,141,2021,2021-05-13,0,0,NA,NA,NA,NA,NA,NA,NA,NA,NA,NA,NA,NA,133
Misteldrossel,141,2021,2021-05-25,1,0,F,F,T,F,?,F,?,F,F,F,F,?,145
Misteldrossel,142,2019,2019-03-28,5,0,?,T,T,?,?,?,?,?,?,?,?,?,87
Misteldrossel,142,2019,2019-04-06,6,0,?,T,T,?,?,?,?,?,?,?,?,?,96
Misteldrossel,142,2019,2019-05-09,0,0,NA,NA,NA,NA,NA,NA,NA,NA,NA,NA,NA,NA,129
Misteldrossel,142,2019,2019-06-07,1,0,?,?,T,?,?,?,?,?,?,?,?,?,158
Misteldrossel,142,2020,2020-03-23,2,0,F,T,T,F,?,F,F,F,F,F,F,?,83
Misteldrossel,142,2020,2020-04-23,0,0,NA,NA,NA,NA,NA,NA,NA,NA,NA,NA,NA,NA,114
Misteldrossel,142,2020,2020-05-09,2,0,F,F,F,F,?,F,F,F,F,F,F,?,130
Misteldrossel,142,2020,2020-06-17,1,0,F,F,T,F,?,F,F,F,F,F,F,?,169
Misteldrossel,142,2021,2021-03-20,8,0,F,F,T,F,?,F,F,F,F,F,F,?,79
Misteldrossel,142,2021,2021-04-10,6,0,F,T,T,F,?,F,F,F,F,F,F,?,100
Misteldrossel,142,2021,2021-05-08,1,0,F,F,T,F,?,F,F,F,F,F,F,?,128
Misteldrossel,142,2021,2021-06-10,4,0,F,T,T,F,?,F,F,F,F,F,F,?,161
Misteldrossel,142,2022,2022-03-14,3,0,F,T,F,F,F,F,F,F,F,F,F,?,73
Misteldrossel,142,2022,2022-04-22,5,0,F,T,T,F,F,T,F,F,F,F,F,?,112
Misteldrossel,142,2022,2022-05-19,2,0,F,F,T,F,F,F,F,F,F,F,F,?,139
Misteldrossel,142,2022,2022-06-04,1,0,F,T,F,F,F,F,F,F,F,F,F,?,155
Misteldrossel,142,2023,2023-03-13,4,0,F,T,T,F,?,F,F,F,F,F,F,?,72
Misteldrossel,142,2023,2023-04-07,1,0,F,T,F,F,?,F,F,F,F,F,F,?,97
Misteldrossel,142,2023,2023-05-11,1,0,F,F,T,F,?,F,F,F,F,F,F,?,131
Misteldrossel,142,2023,2023-06-10,3,0,F,F,T,F,?,F,F,F,F,F,F,?,161
Misteldrossel,143,2018,2018-03-17,0,0,NA,NA,NA,NA,NA,NA,NA,NA,NA,NA,NA,NA,76
Misteldrossel,143,2018,2018-04-18,1,0,F,T,F,F,?,F,F,F,F,F,F,?,108
Misteldrossel,143,2018,2018-05-21,0,0,NA,NA,NA,NA,NA,NA,NA,NA,NA,NA,NA,NA,141
Misteldrossel,143,2018,2018-06-16,0,0,NA,NA,NA,NA,NA,NA,NA,NA,NA,NA,NA,NA,167
Misteldrossel,144,2020,2020-04-13,1,0,F,T,F,F,?,F,F,F,F,F,F,?,104
Misteldrossel,144,2020,2020-04-27,2,0,F,T,F,F,?,F,F,F,F,F,F,?,118
Misteldrossel,144,2020,2020-05-16,0,0,NA,NA,NA,NA,NA,NA,NA,NA,NA,NA,NA,NA,137
Misteldrossel,144,2020,2020-06-13,0,0,NA,NA,NA,NA,NA,NA,NA,NA,NA,NA,NA,NA,165
Misteldrossel,150,2018,2018-03-30,3,0,F,T,T,F,?,F,F,F,F,F,F,?,89
Misteldrossel,150,2018,2018-04-15,0,0,NA,NA,NA,NA,NA,NA,NA,NA,NA,NA,NA,NA,105
Misteldrossel,150,2018,2018-05-18,5,0,F,T,F,F,?,F,F,F,F,F,F,?,138
Misteldrossel,150,2018,2018-05-27,2,0,F,F,T,F,?,F,F,F,F,F,F,?,147
Misteldrossel,150,2018,2019-05-27,0,0,NA,NA,NA,NA,NA,NA,NA,NA,NA,NA,NA,NA,147
Misteldrossel,150,2020,2020-03-28,5,0,F,T,T,F,?,F,F,F,F,F,F,?,88
Misteldrossel,150,2020,2020-04-18,2,0,F,T,F,F,?,F,F,F,F,F,F,?,109
Misteldrossel,150,2020,2020-05-09,4,0,F,T,T,F,?,F,F,F,F,F,F,?,130
Misteldrossel,150,2020,2020-05-24,5,0,F,T,T,F,?,F,F,F,F,F,F,?,145
Misteldrossel,150,2021,2021-06-13,17,0,F,T,T,F,?,F,?,F,F,F,F,?,164
Misteldrossel,151,2018,2018-03-25,0,0,NA,NA,NA,NA,NA,NA,NA,NA,NA,NA,NA,NA,84
Misteldrossel,151,2018,2018-04-22,1,0,F,T,F,F,?,F,F,F,F,F,F,?,112
Misteldrossel,151,2018,2018-05-19,0,0,NA,NA,NA,NA,NA,NA,NA,NA,NA,NA,NA,NA,139
Misteldrossel,151,2018,2018-05-31,1,0,F,F,T,F,?,F,F,F,F,F,F,?,151
Misteldrossel,151,2020,2020-03-29,1,0,F,F,F,F,?,F,F,F,F,F,F,?,89
Misteldrossel,151,2020,2020-04-26,0,0,NA,NA,NA,NA,NA,NA,NA,NA,NA,NA,NA,NA,117
Misteldrossel,151,2020,2020-05-10,0,0,NA,NA,NA,NA,NA,NA,NA,NA,NA,NA,NA,NA,131
Misteldrossel,151,2020,2020-05-31,1,0,F,F,F,F,?,F,F,F,F,F,F,?,152
Misteldrossel,151,2021,2021-06-13,2,0,F,F,F,F,?,F,?,F,F,F,F,?,164
Misteldrossel,152,2022,2022-03-17,0,0,NA,NA,NA,NA,NA,NA,NA,NA,NA,NA,NA,NA,76
Misteldrossel,152,2022,2022-04-20,0,0,NA,NA,NA,NA,NA,NA,NA,NA,NA,NA,NA,NA,110
Misteldrossel,152,2022,2022-05-05,1,0,F,T,F,F,F,F,F,F,F,F,F,?,125
Misteldrossel,152,2022,2022-04-11,0,0,NA,NA,NA,NA,NA,NA,NA,NA,NA,NA,NA,NA,101
Misteldrossel,152,2023,2023-03-13,1,0,F,T,F,F,?,F,F,F,F,F,F,?,72
Misteldrossel,152,2023,2023-04-26,2,0,F,T,F,F,?,F,F,F,F,F,F,?,116
Misteldrossel,152,2023,2023-05-20,0,0,NA,NA,NA,NA,NA,NA,NA,NA,NA,NA,NA,NA,140
Misteldrossel,152,2023,2023-06-08,0,0,NA,NA,NA,NA,NA,NA,NA,NA,NA,NA,NA,NA,159
Misteldrossel,154,2020,2020-03-30,0,0,NA,NA,NA,NA,NA,NA,NA,NA,NA,NA,NA,NA,90
Misteldrossel,154,2020,2020-04-25,0,0,NA,NA,NA,NA,NA,NA,NA,NA,NA,NA,NA,NA,116
Misteldrossel,154,2020,2020-05-19,0,0,NA,NA,NA,NA,NA,NA,NA,NA,NA,NA,NA,NA,140
Misteldrossel,154,2020,2020-06-17,1,0,F,T,F,F,?,F,F,F,F,F,F,?,169
Misteldrossel,154,2022,2022-03-25,0,0,NA,NA,NA,NA,NA,NA,NA,NA,NA,NA,NA,NA,84
Misteldrossel,154,2022,2022-04-23,0,0,NA,NA,NA,NA,NA,NA,NA,NA,NA,NA,NA,NA,113
Misteldrossel,154,2022,2022-05-12,0,0,NA,NA,NA,NA,NA,NA,NA,NA,NA,NA,NA,NA,132
Misteldrossel,154,2022,2022-06-10,0,0,NA,NA,NA,NA,NA,NA,NA,NA,NA,NA,NA,NA,161
Misteldrossel,154,2022,2022-03-17,1,0,F,T,F,F,F,F,F,F,F,F,F,?,76
Misteldrossel,155,2019,2019-03-31,4,0,?,T,?,?,?,?,?,?,?,?,?,?,90
Misteldrossel,155,2019,2019-04-29,1,0,?,T,?,?,?,?,?,?,?,?,?,?,119
Misteldrossel,155,2019,2019-05-13,3,0,?,T,?,?,?,?,?,?,?,?,?,?,133
Misteldrossel,155,2019,2019-06-03,1,0,?,?,T,?,?,?,?,?,?,?,?,?,154
Misteldrossel,155,2020,2020-03-25,0,0,NA,NA,NA,NA,NA,NA,NA,NA,NA,NA,NA,NA,85
Misteldrossel,155,2020,2020-04-23,0,0,NA,NA,NA,NA,NA,NA,NA,NA,NA,NA,NA,NA,114
Misteldrossel,155,2020,2020-05-11,1,0,F,T,F,F,?,F,F,F,F,F,F,?,132
Misteldrossel,155,2020,2020-06-18,0,0,NA,NA,NA,NA,NA,NA,NA,NA,NA,NA,NA,NA,170
Misteldrossel,155,2022,2022-03-23,1,0,F,T,F,F,F,F,F,F,F,F,F,?,82
Misteldrossel,155,2022,2022-04-22,2,0,F,T,T,F,F,F,F,F,F,F,F,?,112
Misteldrossel,155,2022,2022-05-11,2,0,F,T,F,F,F,F,F,F,F,F,F,?,131
Misteldrossel,155,2022,2022-06-02,2,0,F,F,F,T,F,F,F,F,F,F,F,?,153
Misteldrossel,155,2023,2023-03-29,2,0,F,T,F,F,?,F,F,F,F,F,F,?,88
Misteldrossel,155,2023,2023-05-17,1,0,F,T,F,F,?,F,F,F,F,F,F,?,137
Misteldrossel,155,2023,2023-06-16,0,0,NA,NA,NA,NA,NA,NA,NA,NA,NA,NA,NA,NA,167
Misteldrossel,155,2023,2023-04-10,0,0,NA,NA,NA,NA,NA,NA,NA,NA,NA,NA,NA,NA,100
Misteldrossel,157,2022,2022-03-17,1,0,F,T,F,F,F,F,F,F,F,F,F,?,76
Misteldrossel,157,2022,2022-04-20,0,0,NA,NA,NA,NA,NA,NA,NA,NA,NA,NA,NA,NA,110
Misteldrossel,157,2022,2022-05-05,1,0,F,F,T,F,F,F,F,F,F,F,F,?,125
Misteldrossel,157,2022,2022-05-24,0,0,NA,NA,NA,NA,NA,NA,NA,NA,NA,NA,NA,NA,144
Misteldrossel,159,2018,2018-05-13,0,0,NA,NA,NA,NA,NA,NA,NA,NA,NA,NA,NA,NA,133
Misteldrossel,159,2018,2018-06-19,0,0,NA,NA,NA,NA,NA,NA,NA,NA,NA,NA,NA,NA,170
Misteldrossel,159,2018,2018-03-16,0,0,NA,NA,NA,NA,NA,NA,NA,NA,NA,NA,NA,NA,75
Misteldrossel,159,2018,2018-04-08,1,0,F,T,F,F,?,F,F,F,F,F,F,?,98
Misteldrossel,159,2020,2020-03-28,3,0,F,T,F,F,?,F,F,F,F,F,F,?,88
Misteldrossel,159,2020,2020-04-24,6,0,F,T,F,F,?,F,F,F,F,F,F,?,115
Misteldrossel,159,2020,2020-05-19,1,0,F,T,F,F,?,F,F,F,F,F,F,?,140
Misteldrossel,159,2020,2020-06-19,2,0,F,T,F,F,?,F,F,F,F,F,F,?,171
Misteldrossel,159,2021,2021-03-30,4,0,F,T,F,F,?,F,F,F,F,F,F,?,89
Misteldrossel,159,2021,2021-04-27,2,0,F,T,F,F,?,F,F,F,F,F,F,?,117
Misteldrossel,159,2021,2021-05-11,6,0,F,T,F,F,?,F,F,F,F,F,F,?,131
Misteldrossel,159,2021,2021-06-16,0,0,NA,NA,NA,NA,NA,NA,NA,NA,NA,NA,NA,NA,167
Misteldrossel,161,2018,2018-03-11,0,0,NA,NA,NA,NA,NA,NA,NA,NA,NA,NA,NA,NA,70
Misteldrossel,161,2018,2018-04-08,1,0,F,T,F,F,?,F,F,F,F,F,F,?,98
Misteldrossel,161,2018,2018-05-06,0,0,NA,NA,NA,NA,NA,NA,NA,NA,NA,NA,NA,NA,126
Misteldrossel,161,2018,2018-06-24,0,0,NA,NA,NA,NA,NA,NA,NA,NA,NA,NA,NA,NA,175
Misteldrossel,165,2022,2022-03-24,1,0,F,T,F,F,F,F,F,F,F,F,F,?,83
Misteldrossel,165,2022,2022-04-13,0,0,NA,NA,NA,NA,NA,NA,NA,NA,NA,NA,NA,NA,103
Misteldrossel,165,2022,2022-05-12,0,0,NA,NA,NA,NA,NA,NA,NA,NA,NA,NA,NA,NA,132
Misteldrossel,165,2022,2022-06-07,0,0,NA,NA,NA,NA,NA,NA,NA,NA,NA,NA,NA,NA,158
Misteldrossel,168,2020,2020-03-21,1,1,T,T,F,F,?,?,?,?,?,?,?,?,81
Misteldrossel,168,2020,2020-04-18,2,2,T,F,F,F,?,?,?,?,?,?,?,?,109
Misteldrossel,168,2020,2020-05-17,2,2,T,F,T,F,?,F,F,F,F,F,F,?,138
Misteldrossel,168,2020,2020-06-08,0,0,NA,NA,NA,NA,NA,NA,NA,NA,NA,NA,NA,NA,160
Misteldrossel,168,2021,2021-03-27,0,0,NA,NA,NA,NA,NA,NA,NA,NA,NA,NA,NA,NA,86
Misteldrossel,168,2021,2021-04-23,0,0,NA,NA,NA,NA,NA,NA,NA,NA,NA,NA,NA,NA,113
Misteldrossel,168,2021,2021-05-20,2,2,T,?,?,?,?,?,?,?,?,?,?,?,140
Misteldrossel,168,2021,2021-06-04,0,0,NA,NA,NA,NA,NA,NA,NA,NA,NA,NA,NA,NA,155
Misteldrossel,168,2023,2023-03-16,0,0,NA,NA,NA,NA,NA,NA,NA,NA,NA,NA,NA,NA,75
Misteldrossel,168,2023,2023-04-05,2,0,F,F,F,F,F,F,F,F,F,F,F,?,95
Misteldrossel,168,2023,2023-05-09,0,0,NA,NA,NA,NA,NA,NA,NA,NA,NA,NA,NA,NA,129
Misteldrossel,168,2023,2023-06-01,0,0,NA,NA,NA,NA,NA,NA,NA,NA,NA,NA,NA,NA,152
Misteldrossel,171,2018,2018-04-23,2,0,?,T,F,F,?,F,F,F,F,F,F,?,113
Misteldrossel,171,2018,2018-05-13,0,0,NA,NA,NA,NA,NA,NA,NA,NA,NA,NA,NA,NA,133
Misteldrossel,171,2018,2018-06-05,0,0,NA,NA,NA,NA,NA,NA,NA,NA,NA,NA,NA,NA,156
Misteldrossel,171,2018,2018-03-15,0,0,NA,NA,NA,NA,NA,NA,NA,NA,NA,NA,NA,NA,74
Misteldrossel,171,2020,2020-03-31,4,0,F,T,F,F,?,F,F,F,F,F,F,?,91
Misteldrossel,171,2020,2020-04-26,3,0,F,F,T,T,?,F,F,F,F,F,F,?,117
Misteldrossel,171,2020,2020-05-10,1,0,F,T,F,F,?,F,F,F,F,F,F,?,131
Misteldrossel,171,2020,2020-05-30,1,0,F,T,F,F,?,F,F,F,F,F,F,?,151
Misteldrossel,172,2018,2018-03-29,4,0,F,T,F,F,?,F,F,F,F,F,F,?,88
Misteldrossel,172,2018,2018-04-19,2,0,F,T,F,F,?,F,F,F,F,F,F,?,109
Misteldrossel,172,2018,2018-05-12,6,0,F,T,T,T,?,F,F,F,F,F,F,?,132
Misteldrossel,172,2018,2018-06-15,0,0,NA,NA,NA,NA,NA,NA,NA,NA,NA,NA,NA,NA,166
Misteldrossel,172,2020,2020-03-18,5,0,F,T,F,T,?,F,F,F,F,F,F,?,78
Misteldrossel,172,2020,2020-04-17,1,0,F,T,F,F,?,F,F,F,F,F,F,?,108
Misteldrossel,172,2020,2020-05-19,3,0,F,T,F,F,?,F,F,F,F,F,F,?,140
Misteldrossel,172,2020,2020-06-17,2,0,F,T,F,F,?,F,F,F,F,F,F,?,169
Misteldrossel,172,2021,2021-03-26,0,0,NA,NA,NA,NA,NA,NA,NA,NA,NA,NA,NA,NA,85
Misteldrossel,172,2021,2021-04-21,2,0,F,T,F,F,?,F,F,F,F,F,F,?,111
Misteldrossel,172,2021,2021-05-13,3,0,F,T,F,T,?,F,F,F,F,F,F,?,133
Misteldrossel,172,2021,2021-06-01,0,0,NA,NA,NA,NA,NA,NA,NA,NA,NA,NA,NA,NA,152
Misteldrossel,173,2018,2018-03-26,4,0,F,T,F,T,?,F,F,F,F,F,F,?,85
Misteldrossel,173,2018,2018-04-17,2,0,F,T,T,F,?,F,F,F,F,F,F,?,107
Misteldrossel,173,2018,2018-05-09,3,0,F,T,F,F,?,F,F,F,F,F,F,?,129
Misteldrossel,173,2018,2018-06-14,1,0,F,T,F,F,?,F,F,F,F,F,F,?,165
Misteldrossel,173,2020,2020-03-16,7,0,F,T,F,F,?,F,F,F,F,F,F,?,76
Misteldrossel,173,2020,2020-04-16,0,0,NA,NA,NA,NA,NA,NA,NA,NA,NA,NA,NA,NA,107
Misteldrossel,173,2020,2020-05-18,2,0,F,T,F,F,?,F,F,F,F,F,F,?,139
Misteldrossel,173,2020,2020-06-16,2,0,F,T,F,F,?,F,F,F,F,F,F,?,168
Misteldrossel,173,2021,2021-06-13,9,0,F,T,F,T,?,F,?,F,F,F,F,?,164
Misteldrossel,176,2018,2018-03-25,6,0,?,T,F,F,?,F,F,F,F,F,F,?,84
Misteldrossel,176,2018,2018-04-21,3,0,?,T,T,F,?,F,F,F,F,F,F,?,111
Misteldrossel,176,2018,2018-05-09,0,0,NA,NA,NA,NA,NA,NA,NA,NA,NA,NA,NA,NA,129
Misteldrossel,176,2018,2018-06-03,0,0,NA,NA,NA,NA,NA,NA,NA,NA,NA,NA,NA,NA,154
Misteldrossel,176,2020,2020-03-28,2,0,F,T,F,F,?,F,F,F,F,F,F,?,88
Misteldrossel,176,2020,2020-04-27,3,0,F,T,T,F,?,T,F,F,F,F,F,?,118
Misteldrossel,176,2020,2020-05-07,6,0,F,T,T,F,?,F,F,F,F,F,F,?,128
Misteldrossel,176,2020,2020-05-31,9,0,T,T,T,T,?,F,F,F,F,F,F,?,152
Misteldrossel,176,2021,2021-03-31,8,0,?,T,?,T,?,?,?,?,?,?,?,?,90
Misteldrossel,176,2021,2021-04-26,7,0,?,T,T,T,?,?,?,?,?,?,?,?,116
Misteldrossel,176,2021,2021-05-19,1,0,?,T,?,?,?,?,?,?,?,?,?,?,139
Misteldrossel,176,2021,2021-05-31,5,0,T,T,T,?,?,?,?,?,?,?,?,?,151
Misteldrossel,181,2020,2020-03-19,0,0,NA,NA,NA,NA,NA,NA,NA,NA,NA,NA,NA,NA,79
Misteldrossel,181,2020,2020-04-24,1,0,F,T,F,F,?,F,F,F,F,F,F,?,115
Misteldrossel,181,2020,2020-05-20,0,0,NA,NA,NA,NA,NA,NA,NA,NA,NA,NA,NA,NA,141
Misteldrossel,181,2020,2020-06-19,0,0,NA,NA,NA,NA,NA,NA,NA,NA,NA,NA,NA,NA,171
Misteldrossel,182,2018,2018-03-14,8,0,?,T,T,F,?,F,F,F,F,F,F,?,73
Misteldrossel,182,2018,2018-04-11,9,0,?,T,F,T,?,F,F,F,F,F,F,?,101
Misteldrossel,182,2018,2018-05-11,1,0,?,F,F,F,?,F,F,F,F,F,F,?,131
Misteldrossel,182,2018,2018-06-02,0,0,NA,NA,NA,NA,NA,NA,NA,NA,NA,NA,NA,NA,153
Misteldrossel,182,2020,2020-03-26,4,0,F,T,F,F,?,F,F,F,F,F,F,?,86
Misteldrossel,182,2020,2020-04-25,8,8,T,T,F,T,?,F,F,F,F,F,F,?,116
Misteldrossel,182,2020,2020-05-16,3,0,F,T,T,F,?,F,F,F,F,F,F,?,137
Misteldrossel,182,2020,2020-05-25,3,0,T,T,T,F,?,T,F,F,F,F,F,?,146
Misteldrossel,182,2021,2021-03-30,1,0,F,T,F,F,?,F,F,F,F,F,F,?,89
Misteldrossel,182,2021,2021-04-25,2,0,F,T,T,F,?,F,F,F,F,F,F,?,115
Misteldrossel,182,2021,2021-05-10,3,0,F,T,T,T,?,F,F,F,F,F,F,?,130
Misteldrossel,182,2021,2021-05-30,4,0,F,T,F,F,?,F,F,F,F,F,F,?,150
Misteldrossel,182,2021,2021-06-20,0,0,NA,NA,NA,NA,NA,NA,NA,NA,NA,NA,NA,NA,171
Misteldrossel,186,2020,2020-03-13,5,0,F,T,T,F,F,F,F,F,F,F,F,?,73
Misteldrossel,186,2020,2020-04-03,4,0,F,T,F,F,F,F,F,F,F,F,F,?,94
Misteldrossel,186,2020,2020-05-01,1,0,F,F,T,F,F,F,F,F,F,F,F,?,122
Misteldrossel,186,2020,2020-05-25,2,0,F,F,T,F,F,F,F,F,F,F,F,?,146
Misteldrossel,186,2021,2021-03-10,1,0,?,T,?,?,?,?,?,?,?,?,?,?,69
Misteldrossel,186,2021,2021-04-02,6,0,?,?,T,?,T,?,?,?,?,?,?,?,92
Misteldrossel,186,2021,2021-05-04,3,0,?,T,T,?,?,?,?,?,?,?,?,?,124
Misteldrossel,186,2021,2021-06-08,2,0,?,?,T,?,?,?,?,?,?,?,?,?,159
Misteldrossel,188,2018,2018-03-22,3,0,?,T,T,T,?,F,F,F,F,F,F,?,81
Misteldrossel,188,2018,2018-04-22,2,0,?,T,F,F,?,F,F,F,F,F,F,?,112
Misteldrossel,188,2018,2018-05-08,3,0,?,T,F,F,?,F,F,F,F,F,F,?,128
Misteldrossel,188,2018,2018-05-26,1,0,?,T,F,F,?,F,F,F,F,F,F,?,146
Misteldrossel,188,2020,2020-03-29,3,0,F,T,T,F,?,F,F,F,F,F,F,?,89
Misteldrossel,188,2020,2020-04-28,2,0,F,T,F,F,?,F,F,F,F,F,F,?,119
Misteldrossel,188,2020,2020-05-09,1,0,F,T,F,F,?,F,F,F,F,F,F,?,130
Misteldrossel,188,2020,2020-06-02,5,0,T,T,F,T,?,F,F,F,F,F,F,?,154
Misteldrossel,192,2018,2018-03-14,11,0,F,T,F,F,?,F,F,F,F,F,F,?,73
Misteldrossel,192,2018,2018-04-25,4,0,F,T,F,F,?,F,F,F,F,F,F,?,115
Misteldrossel,192,2018,2018-05-19,3,0,F,T,F,F,?,F,F,F,F,F,F,?,139
Misteldrossel,192,2018,2018-06-20,6,0,F,T,F,F,?,F,F,F,F,F,F,?,171
Misteldrossel,192,2020,2020-03-27,1,0,F,T,F,F,?,F,F,F,F,F,F,?,87
Misteldrossel,192,2020,2020-04-13,4,0,F,T,F,F,?,F,F,F,F,F,F,?,104
Misteldrossel,192,2020,2020-05-17,3,0,F,T,F,F,?,F,F,F,F,F,F,?,138
Misteldrossel,192,2020,2020-06-20,1,0,F,T,F,F,?,F,F,F,F,F,F,?,172
Misteldrossel,192,2021,2021-03-26,5,0,F,T,F,T,?,F,F,F,F,F,F,?,85
Misteldrossel,192,2021,2021-04-25,1,0,F,T,F,F,?,F,F,F,F,F,F,?,115
Misteldrossel,192,2021,2021-05-09,2,0,?,?,?,T,?,?,?,?,T,?,?,?,129
Misteldrossel,193,2018,2018-03-18,4,0,F,T,F,F,?,F,F,F,F,F,F,?,77
Misteldrossel,193,2018,2018-04-08,0,0,NA,NA,NA,NA,NA,NA,NA,NA,NA,NA,NA,NA,98
Misteldrossel,193,2018,2018-05-01,1,0,F,T,F,F,?,F,F,F,F,F,F,?,121
Misteldrossel,193,2018,2018-06-09,0,0,NA,NA,NA,NA,NA,NA,NA,NA,NA,NA,NA,NA,160
Misteldrossel,193,2018,2019-05-01,0,0,NA,NA,NA,NA,NA,NA,NA,NA,NA,NA,NA,NA,121
Misteldrossel,194,2020,2020-03-20,1,0,F,T,F,F,?,F,F,F,F,F,F,?,80
Misteldrossel,194,2020,2020-04-08,0,0,NA,NA,NA,NA,NA,NA,NA,NA,NA,NA,NA,NA,99
Misteldrossel,194,2020,2020-05-20,0,0,NA,NA,NA,NA,NA,NA,NA,NA,NA,NA,NA,NA,141
Misteldrossel,194,2020,2020-06-05,0,0,NA,NA,NA,NA,NA,NA,NA,NA,NA,NA,NA,NA,157
Misteldrossel,195,2021,2021-06-13,4,0,F,T,T,F,?,F,?,F,F,F,F,?,164
Misteldrossel,197,2018,2018-03-16,1,0,?,T,F,F,?,F,F,F,F,F,F,?,75
Misteldrossel,197,2018,2018-04-10,0,0,NA,NA,NA,NA,NA,NA,NA,NA,NA,NA,NA,NA,100
Misteldrossel,197,2018,2018-05-15,0,0,NA,NA,NA,NA,NA,NA,NA,NA,NA,NA,NA,NA,135
Misteldrossel,197,2018,2018-06-06,0,0,NA,NA,NA,NA,NA,NA,NA,NA,NA,NA,NA,NA,157
Misteldrossel,197,2020,2020-03-16,4,0,F,T,T,T,?,F,F,F,F,F,F,?,76
Misteldrossel,197,2020,2020-04-05,1,0,F,T,F,T,?,F,F,F,F,F,F,?,96
Misteldrossel,197,2020,2020-05-06,1,0,F,T,F,F,?,F,F,F,F,F,F,?,127
Misteldrossel,197,2020,2020-05-22,2,0,F,T,T,F,?,F,F,F,F,F,F,?,143
Misteldrossel,197,2021,2021-03-28,3,0,T,F,F,F,?,T,F,F,F,F,F,?,87
Misteldrossel,197,2021,2021-04-21,1,0,F,F,T,F,?,F,F,F,F,F,F,?,111
Misteldrossel,197,2021,2021-05-15,1,0,F,F,F,T,?,F,F,F,F,F,F,?,135
Misteldrossel,197,2021,2021-05-28,3,0,F,F,F,T,?,F,F,T,F,F,F,?,148
Misteldrossel,198,2018,2018-03-25,0,0,NA,NA,NA,NA,NA,NA,NA,NA,NA,NA,NA,NA,84
Misteldrossel,198,2018,2018-05-06,2,0,F,T,F,F,?,F,F,F,F,F,F,?,126
Misteldrossel,198,2018,2018-06-03,0,0,NA,NA,NA,NA,NA,NA,NA,NA,NA,NA,NA,NA,154
Misteldrossel,198,2018,2018-06-08,3,0,F,T,F,F,?,F,F,F,F,F,F,?,159
Misteldrossel,198,2020,2020-03-15,0,0,NA,NA,NA,NA,NA,NA,NA,NA,NA,NA,NA,NA,75
Misteldrossel,198,2020,2020-04-05,1,0,F,T,F,F,?,F,F,F,F,F,F,?,96
Misteldrossel,198,2020,2020-05-03,2,0,F,T,F,F,?,F,F,F,F,F,F,?,124
Misteldrossel,198,2020,2020-06-01,1,0,F,T,F,F,?,F,F,F,F,F,F,?,153
Misteldrossel,198,2021,2021-03-27,7,0,F,T,F,T,?,T,F,F,F,F,F,?,86
Misteldrossel,198,2021,2021-04-24,6,0,F,T,F,T,?,F,F,F,F,F,F,?,114
Misteldrossel,198,2021,2021-05-08,10,0,F,T,F,T,?,T,F,F,F,F,F,?,128
Misteldrossel,198,2021,2021-05-24,2,0,?,T,?,?,?,?,?,?,?,?,?,?,144
Misteldrossel,202,2020,2020-03-14,1,0,F,T,F,F,?,F,F,F,F,F,F,?,74
Misteldrossel,202,2020,2020-04-02,0,0,NA,NA,NA,NA,NA,NA,NA,NA,NA,NA,NA,NA,93
Misteldrossel,202,2020,2020-05-02,0,0,NA,NA,NA,NA,NA,NA,NA,NA,NA,NA,NA,NA,123
Misteldrossel,202,2020,2020-06-20,0,0,NA,NA,NA,NA,NA,NA,NA,NA,NA,NA,NA,NA,172
Misteldrossel,206,2019,2019-03-23,3,0,F,F,F,F,?,F,F,F,F,F,F,?,82
Misteldrossel,206,2019,2019-04-14,2,0,F,F,F,F,?,F,F,F,F,F,F,?,104
Misteldrossel,206,2019,2019-05-07,3,0,F,F,F,F,?,F,F,F,F,F,F,?,127
Misteldrossel,206,2019,2019-06-08,0,0,NA,NA,NA,NA,NA,NA,NA,NA,NA,NA,NA,NA,159
Misteldrossel,206,2020,2020-03-27,1,0,F,T,F,F,?,F,F,F,F,F,F,?,87
Misteldrossel,206,2020,2020-04-22,1,0,F,T,F,F,?,F,F,F,F,F,F,?,113
Misteldrossel,206,2020,2020-05-17,5,0,F,T,F,F,?,F,F,F,F,F,F,?,138
Misteldrossel,206,2020,2020-06-17,0,0,NA,NA,NA,NA,NA,NA,NA,NA,NA,NA,NA,NA,169
Misteldrossel,206,2021,2021-03-24,0,0,NA,NA,NA,NA,NA,NA,NA,NA,NA,NA,NA,NA,83
Misteldrossel,206,2021,2021-04-26,2,0,F,T,F,F,F,F,F,F,F,F,F,?,116
Misteldrossel,206,2021,2021-05-20,1,0,F,T,F,F,?,F,F,F,F,F,F,?,140
Misteldrossel,206,2022,2022-03-30,1,0,F,T,F,F,F,F,F,F,F,F,F,?,89
Misteldrossel,206,2022,2022-04-21,2,0,F,F,T,F,F,F,F,F,F,F,F,?,111
Misteldrossel,206,2022,2022-05-17,0,0,NA,NA,NA,NA,NA,NA,NA,NA,NA,NA,NA,NA,137
Misteldrossel,206,2022,2022-06-14,0,0,NA,NA,NA,NA,NA,NA,NA,NA,NA,NA,NA,NA,165
Misteldrossel,206,2023,2023-03-28,1,0,F,T,F,F,F,F,F,F,F,F,F,?,87
Misteldrossel,206,2023,2023-04-18,1,0,F,F,T,F,F,F,F,F,F,F,F,?,108
Misteldrossel,206,2023,2023-05-12,1,0,F,F,T,F,F,F,F,F,F,F,F,?,132
Misteldrossel,206,2023,2023-06-14,1,0,F,F,T,F,F,F,F,F,F,F,F,?,165
Misteldrossel,209,2018,2018-03-10,1,0,?,T,F,F,?,F,F,F,F,F,F,?,69
Misteldrossel,209,2018,2018-04-08,0,0,NA,NA,NA,NA,NA,NA,NA,NA,NA,NA,NA,NA,98
Misteldrossel,209,2018,2018-05-18,0,0,NA,NA,NA,NA,NA,NA,NA,NA,NA,NA,NA,NA,138
Misteldrossel,209,2018,2018-06-09,0,0,NA,NA,NA,NA,NA,NA,NA,NA,NA,NA,NA,NA,160
Misteldrossel,209,2021,2021-03-28,0,0,NA,NA,NA,NA,NA,NA,NA,NA,NA,NA,NA,NA,87
Misteldrossel,209,2021,2021-04-24,2,0,F,T,?,?,?,?,F,?,?,?,?,?,114
Misteldrossel,209,2021,2021-05-09,3,0,F,?,?,?,?,?,F,?,?,?,?,?,129
Misteldrossel,209,2021,2021-05-29,0,0,NA,NA,NA,NA,NA,NA,NA,NA,NA,NA,NA,NA,149
Misteldrossel,211,2018,2018-03-25,0,0,NA,NA,NA,NA,NA,NA,NA,NA,NA,NA,NA,NA,84
Misteldrossel,211,2018,2018-04-27,0,0,NA,NA,NA,NA,NA,NA,NA,NA,NA,NA,NA,NA,117
Misteldrossel,211,2018,2018-05-19,2,0,?,T,T,F,?,F,F,F,F,F,F,?,139
Misteldrossel,211,2018,2018-06-19,0,0,NA,NA,NA,NA,NA,NA,NA,NA,NA,NA,NA,NA,170
Misteldrossel,211,2020,2020-03-28,2,0,F,T,T,F,?,F,F,F,F,F,F,?,88
Misteldrossel,211,2020,2020-04-19,1,0,F,T,F,F,?,F,F,F,F,F,F,?,110
Misteldrossel,211,2020,2020-05-18,0,0,NA,NA,NA,NA,NA,NA,NA,NA,NA,NA,NA,NA,139
Misteldrossel,211,2020,2020-06-20,0,0,NA,NA,NA,NA,NA,NA,NA,NA,NA,NA,NA,NA,172
Misteldrossel,215,2018,2018-03-26,5,0,?,T,T,F,?,F,F,F,F,F,F,?,85
Misteldrossel,215,2018,2018-04-21,6,0,?,T,T,F,?,F,F,F,F,F,F,?,111
Misteldrossel,215,2018,2018-05-19,0,0,NA,NA,NA,NA,NA,NA,NA,NA,NA,NA,NA,NA,139
Misteldrossel,215,2018,2018-06-04,0,0,NA,NA,NA,NA,NA,NA,NA,NA,NA,NA,NA,NA,155
Misteldrossel,215,2020,2020-03-18,10,0,F,T,T,F,T,F,F,F,F,F,F,?,78
Misteldrossel,215,2020,2020-04-01,7,0,F,T,F,T,?,F,F,F,F,F,F,?,92
Misteldrossel,215,2020,2020-05-06,8,0,F,T,F,F,?,F,F,F,F,F,F,?,127
Misteldrossel,215,2020,2020-05-22,4,0,F,T,T,F,?,F,F,F,F,F,F,?,143
Misteldrossel,215,2021,2021-03-23,3,0,F,T,T,F,?,F,F,F,F,F,F,?,82
Misteldrossel,215,2021,2021-04-14,2,0,F,T,F,F,?,F,F,F,F,F,F,?,104
Misteldrossel,215,2021,2021-05-10,1,0,F,F,F,T,?,F,F,F,F,F,F,?,130
Misteldrossel,215,2021,2021-06-05,1,0,F,T,F,F,?,F,F,F,F,F,F,?,156
Misteldrossel,221,2019,2019-03-24,0,0,NA,NA,NA,NA,NA,NA,NA,NA,NA,NA,NA,NA,83
Misteldrossel,221,2019,2019-04-21,0,0,NA,NA,NA,NA,NA,NA,NA,NA,NA,NA,NA,NA,111
Misteldrossel,221,2019,2019-05-18,1,0,F,F,F,F,?,F,F,F,F,F,T,?,138
Misteldrossel,221,2019,2019-06-16,0,0,NA,NA,NA,NA,NA,NA,NA,NA,NA,NA,NA,NA,167
Misteldrossel,221,2019,2019-06-17,0,0,NA,NA,NA,NA,NA,NA,NA,NA,NA,NA,NA,NA,168
Misteldrossel,225,2018,2018-03-16,6,0,F,T,F,F,T,F,F,F,F,F,F,?,75
Misteldrossel,225,2018,2018-04-20,1,0,F,T,F,F,?,F,F,F,F,F,F,?,110
Misteldrossel,225,2018,2018-05-12,2,0,F,T,F,F,?,F,F,F,F,F,F,?,132
Misteldrossel,225,2018,2018-06-05,2,0,F,T,F,F,?,F,F,F,F,F,F,?,156
Misteldrossel,225,2020,2020-03-19,3,0,F,T,F,T,?,F,F,F,F,F,F,?,79
Misteldrossel,225,2020,2020-04-06,2,0,F,T,F,F,?,F,F,F,F,F,F,?,97
Misteldrossel,225,2020,2020-05-18,4,0,F,T,F,F,?,F,F,F,F,F,F,?,139
Misteldrossel,225,2020,2020-05-27,2,0,F,T,F,F,?,F,F,F,F,F,F,?,148
Misteldrossel,225,2021,2021-03-21,1,0,F,T,F,F,?,F,F,F,F,F,F,?,80
Misteldrossel,225,2021,2021-04-25,5,0,F,T,F,T,?,F,F,F,F,F,F,?,115
Misteldrossel,225,2021,2021-05-24,2,0,F,T,F,F,?,F,F,F,F,F,F,?,144
Misteldrossel,225,2021,2021-06-12,2,0,F,T,F,F,?,F,F,F,F,F,F,?,163
Misteldrossel,225,2021,2021-03-30,0,0,NA,NA,NA,NA,NA,NA,NA,NA,NA,NA,NA,NA,89
Misteldrossel,225,2021,2020-06-12,0,0,NA,NA,NA,NA,NA,NA,NA,NA,NA,NA,NA,NA,164
Misteldrossel,227,2018,2018-03-25,2,0,F,F,F,F,?,F,F,F,F,F,F,?,84
Misteldrossel,227,2018,2018-04-21,1,0,F,F,F,F,?,F,F,F,F,F,F,?,111
Misteldrossel,227,2018,2018-05-19,2,0,F,F,F,F,?,F,F,F,F,F,F,?,139
Misteldrossel,227,2018,2018-06-24,1,0,F,F,F,F,?,F,F,F,F,F,F,?,175
Misteldrossel,227,2020,2020-03-15,2,0,F,T,F,F,?,F,F,F,F,F,F,?,75
Misteldrossel,227,2020,2020-04-09,1,0,F,F,F,F,?,F,F,F,F,F,F,?,100
Misteldrossel,227,2020,2020-05-09,2,0,F,F,F,F,?,F,F,F,F,F,F,?,130
Misteldrossel,227,2020,2020-05-22,0,0,NA,NA,NA,NA,NA,NA,NA,NA,NA,NA,NA,NA,143
Misteldrossel,227,2021,2021-03-20,0,0,NA,NA,NA,NA,NA,NA,NA,NA,NA,NA,NA,NA,79
Misteldrossel,227,2021,2021-04-24,2,0,F,T,?,?,?,?,F,?,?,?,?,?,114
Misteldrossel,227,2021,2021-05-08,3,0,F,T,?,?,?,?,F,?,?,?,?,?,128
Misteldrossel,227,2021,2021-05-22,0,0,NA,NA,NA,NA,NA,NA,NA,NA,NA,NA,NA,NA,142
Misteldrossel,230,2018,2018-03-27,2,0,F,T,F,F,?,F,F,F,F,F,F,?,86
Misteldrossel,230,2018,2018-04-02,2,0,F,T,F,F,?,F,F,F,F,F,F,?,92
Misteldrossel,230,2018,2018-05-19,0,0,NA,NA,NA,NA,NA,NA,NA,NA,NA,NA,NA,NA,139
Misteldrossel,230,2018,2018-06-18,0,0,NA,NA,NA,NA,NA,NA,NA,NA,NA,NA,NA,NA,169
Misteldrossel,230,2020,2020-03-15,2,0,F,T,F,F,?,F,F,F,F,F,F,?,75
Misteldrossel,230,2020,2020-04-05,6,6,T,T,F,F,?,F,F,F,F,F,F,?,96
Misteldrossel,230,2020,2020-05-03,0,0,NA,NA,NA,NA,NA,NA,NA,NA,NA,NA,NA,NA,124
Misteldrossel,230,2020,2020-06-02,0,0,NA,NA,NA,NA,NA,NA,NA,NA,NA,NA,NA,NA,154
Misteldrossel,230,2021,2021-03-28,9,0,F,F,F,F,?,F,F,F,F,F,F,?,87
Misteldrossel,230,2021,2021-04-17,1,0,F,F,F,F,?,T,F,F,F,F,F,?,107
Misteldrossel,230,2021,2021-05-08,3,0,F,T,F,F,?,F,F,F,F,F,F,?,128
Misteldrossel,230,2021,2021-05-24,2,0,F,F,T,F,?,F,F,F,F,F,F,?,144
Misteldrossel,235,2021,2021-03-31,2,0,F,T,?,?,?,?,F,?,?,?,?,?,90
Misteldrossel,235,2021,2021-04-15,0,0,NA,NA,NA,NA,NA,NA,NA,NA,NA,NA,NA,NA,105
Misteldrossel,235,2021,2021-05-13,1,0,F,T,?,?,?,?,F,?,?,?,?,?,133
Misteldrossel,235,2021,2021-05-30,0,0,NA,NA,NA,NA,NA,NA,NA,NA,NA,NA,NA,NA,150
Misteldrossel,237,2020,2020-03-29,3,0,F,F,T,F,?,F,F,F,F,F,F,?,89
Misteldrossel,237,2020,2020-04-10,5,0,T,T,T,F,?,T,F,F,F,F,F,?,101
Misteldrossel,237,2020,2020-05-03,0,0,NA,NA,NA,NA,NA,NA,NA,NA,NA,NA,NA,NA,124
Misteldrossel,237,2020,2020-06-13,1,0,F,F,T,F,?,F,F,F,F,F,F,?,165
Misteldrossel,237,2021,2021-04-02,3,0,F,T,?,?,?,?,F,T,?,T,?,?,92
Misteldrossel,237,2021,2021-04-24,8,0,F,T,?,?,?,?,F,?,?,?,?,?,114
Misteldrossel,237,2021,2021-05-15,3,0,F,T,?,?,?,?,F,?,?,?,?,?,135
Misteldrossel,237,2021,2021-06-17,0,0,NA,NA,NA,NA,NA,NA,NA,NA,NA,NA,NA,NA,168
Misteldrossel,238,2019,2019-03-20,3,0,F,T,F,F,?,F,F,F,F,F,F,?,79
Misteldrossel,238,2019,2019-04-15,4,0,F,T,F,F,?,F,F,F,F,F,F,?,105
Misteldrossel,238,2019,2019-05-17,2,0,F,T,T,F,?,F,F,F,F,F,F,?,137
Misteldrossel,238,2019,2019-06-02,1,0,F,F,T,F,?,F,F,F,F,F,F,?,153
Misteldrossel,238,2020,2020-03-19,2,0,F,F,T,F,?,F,F,F,F,F,F,?,79
Misteldrossel,238,2020,2020-04-11,1,0,F,F,F,F,?,T,F,F,F,F,F,?,102
Misteldrossel,238,2020,2020-05-11,4,0,F,T,T,F,?,T,F,F,F,F,F,?,132
Misteldrossel,238,2020,2020-06-08,3,0,F,F,T,F,?,F,F,F,F,F,F,?,160
Misteldrossel,238,2021,2021-03-29,2,0,?,T,T,F,?,F,F,?,F,F,F,?,88
Misteldrossel,238,2021,2021-04-20,3,0,?,F,T,T,?,F,F,?,F,F,F,?,110
Misteldrossel,238,2021,2021-05-10,1,0,?,F,T,F,?,F,F,?,F,F,F,?,130
Misteldrossel,238,2021,2021-06-03,1,0,?,F,F,F,?,F,F,?,T,F,F,?,154
Misteldrossel,238,2022,2022-03-25,4,0,F,T,T,F,?,F,F,F,F,F,F,?,84
Misteldrossel,238,2022,2022-04-16,4,0,F,F,T,T,?,F,F,F,F,F,F,?,106
Misteldrossel,238,2022,2022-05-20,5,0,F,T,T,F,?,T,F,F,F,F,F,?,140
Misteldrossel,238,2022,2022-06-02,2,0,F,F,T,F,?,F,F,F,F,F,F,?,153
Misteldrossel,238,2023,2023-03-18,1,0,F,F,T,F,F,F,F,F,F,F,F,?,77
Misteldrossel,238,2023,2023-04-14,2,0,F,T,T,F,F,F,F,F,F,F,F,?,104
Misteldrossel,238,2023,2023-05-07,5,0,F,T,T,F,F,F,F,F,F,F,F,?,127
Misteldrossel,238,2023,2023-06-05,3,0,F,T,T,F,F,F,F,F,F,F,F,?,156
Misteldrossel,240,2020,2020-03-19,0,0,NA,NA,NA,NA,NA,NA,NA,NA,NA,NA,NA,NA,79
Misteldrossel,240,2020,2020-04-10,0,0,NA,NA,NA,NA,NA,NA,NA,NA,NA,NA,NA,NA,101
Misteldrossel,240,2020,2020-05-09,10,0,F,T,T,F,?,F,F,F,F,F,F,?,130
Misteldrossel,240,2020,2020-06-04,0,0,NA,NA,NA,NA,NA,NA,NA,NA,NA,NA,NA,NA,156
Misteldrossel,240,2021,2021-03-25,3,0,F,T,F,F,?,F,F,F,F,F,F,?,84
Misteldrossel,240,2021,2021-04-22,4,0,F,T,F,F,?,F,F,F,F,F,F,?,112
Misteldrossel,240,2021,2021-05-14,4,0,F,T,F,F,?,F,F,F,F,F,F,?,134
Misteldrossel,240,2021,2021-06-13,0,0,F,F,F,F,?,F,F,F,F,F,T,?,164
Misteldrossel,241,2019,2019-03-23,0,0,NA,NA,NA,NA,NA,NA,NA,NA,NA,NA,NA,NA,82
Misteldrossel,241,2019,2019-04-18,0,0,NA,NA,NA,NA,NA,NA,NA,NA,NA,NA,NA,NA,108
Misteldrossel,241,2019,2019-05-10,0,0,NA,NA,NA,NA,NA,NA,NA,NA,NA,NA,NA,NA,130
Misteldrossel,241,2019,2019-06-06,1,0,F,T,F,F,?,F,F,F,F,F,F,?,157
Misteldrossel,244,2021,2021-05-24,6,0,F,T,F,F,?,F,?,F,F,F,F,?,144
Misteldrossel,246,2021,2021-03-29,2,0,?,T,F,F,?,F,F,?,F,F,F,?,88
Misteldrossel,246,2021,2021-04-26,0,0,NA,NA,NA,NA,NA,NA,NA,NA,NA,NA,NA,NA,116
Misteldrossel,246,2021,2021-05-16,0,0,NA,NA,NA,NA,NA,NA,NA,NA,NA,NA,NA,NA,136
Misteldrossel,246,2021,2021-06-16,0,0,NA,NA,NA,NA,NA,NA,NA,NA,NA,NA,NA,NA,167
Misteldrossel,248,2020,2020-03-20,2,0,F,T,F,F,F,F,F,F,F,F,F,?,80
Misteldrossel,248,2020,2020-04-14,0,0,NA,NA,NA,NA,NA,NA,NA,NA,NA,NA,NA,NA,105
Misteldrossel,248,2020,2020-05-12,0,0,NA,NA,NA,NA,NA,NA,NA,NA,NA,NA,NA,NA,133
Misteldrossel,248,2020,2020-06-05,0,0,NA,NA,NA,NA,NA,NA,NA,NA,NA,NA,NA,NA,157
Misteldrossel,249,2018,2018-03-26,2,0,?,T,F,F,?,F,F,F,F,F,F,?,85
Misteldrossel,249,2018,2018-04-09,3,0,?,T,F,T,?,F,F,F,F,F,F,?,99
Misteldrossel,249,2018,2018-05-09,1,0,?,F,F,F,?,F,F,F,F,F,F,?,129
Misteldrossel,249,2018,2018-06-06,1,0,?,F,F,F,?,F,F,F,F,F,F,?,157
Misteldrossel,249,2020,2020-03-28,3,0,F,T,F,F,?,F,F,F,F,F,F,?,88
Misteldrossel,249,2020,2020-04-28,5,0,F,T,F,F,?,F,F,F,F,F,F,?,119
Misteldrossel,249,2020,2020-05-16,4,0,F,T,F,F,?,F,F,F,F,F,F,?,137
Misteldrossel,249,2020,2020-06-13,0,0,NA,NA,NA,NA,NA,NA,NA,NA,NA,NA,NA,NA,165
Misteldrossel,249,2021,2021-03-28,2,0,F,T,F,F,?,F,F,F,F,F,F,?,87
Misteldrossel,249,2021,2021-04-19,3,0,F,T,F,F,?,F,F,F,F,F,F,?,109
Misteldrossel,249,2021,2021-05-19,2,0,F,T,F,F,?,F,F,F,F,F,F,?,139
Misteldrossel,249,2021,2021-06-13,2,0,F,F,F,F,?,F,F,F,F,F,F,?,164
Misteldrossel,254,2020,2020-04-04,1,0,F,T,F,F,?,F,F,F,F,F,F,?,95
Misteldrossel,254,2020,2020-04-13,2,0,F,T,F,F,?,F,F,F,F,F,F,?,104
Misteldrossel,254,2020,2020-05-10,2,0,F,T,F,F,?,F,F,F,F,F,F,?,131
Misteldrossel,254,2020,2020-06-13,4,0,F,T,T,T,?,F,F,F,F,F,F,?,165
Misteldrossel,254,2021,2021-03-27,6,0,F,T,?,?,?,?,F,?,?,?,?,?,86
Misteldrossel,254,2021,2021-04-24,3,0,F,T,?,?,?,?,F,?,?,?,?,?,114
Misteldrossel,254,2021,2021-05-08,7,0,F,T,?,T,?,?,F,?,?,?,?,?,128
Misteldrossel,254,2021,2021-06-12,3,0,F,T,?,T,?,T,F,?,?,?,?,?,163
Misteldrossel,258,2020,2020-03-19,3,0,F,T,F,F,?,F,F,F,T,F,F,?,79
Misteldrossel,258,2020,2020-04-25,0,0,NA,NA,NA,NA,NA,NA,NA,NA,NA,NA,NA,NA,116
Misteldrossel,258,2020,2020-05-20,0,0,NA,NA,NA,NA,NA,NA,NA,NA,NA,NA,NA,NA,141
Misteldrossel,258,2020,2020-06-15,0,0,NA,NA,NA,NA,NA,NA,NA,NA,NA,NA,NA,NA,167
Misteldrossel,259,2022,2022-03-30,1,0,F,T,F,F,F,F,F,F,F,F,F,?,89
Misteldrossel,259,2022,2022-04-19,0,0,NA,NA,NA,NA,NA,NA,NA,NA,NA,NA,NA,NA,109
Misteldrossel,259,2022,2022-05-12,0,0,NA,NA,NA,NA,NA,NA,NA,NA,NA,NA,NA,NA,132
Misteldrossel,259,2022,2022-06-15,0,0,NA,NA,NA,NA,NA,NA,NA,NA,NA,NA,NA,NA,166
Misteldrossel,259,2023,2023-03-21,1,0,F,F,T,F,F,F,F,F,F,F,F,?,80
Misteldrossel,259,2023,2023-04-13,0,0,NA,NA,NA,NA,NA,NA,NA,NA,NA,NA,NA,NA,103
Misteldrossel,259,2023,2023-05-09,0,0,NA,NA,NA,NA,NA,NA,NA,NA,NA,NA,NA,NA,129
Misteldrossel,259,2023,2023-06-06,0,0,NA,NA,NA,NA,NA,NA,NA,NA,NA,NA,NA,NA,157
Misteldrossel,261,2021,2021-03-26,2,0,F,T,?,?,?,?,F,?,?,?,?,?,85
Misteldrossel,261,2021,2021-04-23,3,0,F,T,?,?,?,?,F,?,?,?,?,?,113
Misteldrossel,261,2021,2021-05-13,5,0,F,?,?,?,?,?,F,?,?,?,T,?,133
Misteldrossel,261,2021,2021-06-13,6,6,T,?,?,?,?,?,F,?,?,?,?,?,164
Misteldrossel,269,2018,2018-03-26,3,0,?,T,T,T,?,F,F,F,F,F,F,?,85
Misteldrossel,269,2018,2018-04-27,1,0,?,F,T,F,?,F,F,F,F,F,F,?,117
Misteldrossel,269,2018,2018-05-18,2,0,?,T,T,F,?,F,F,F,F,F,F,?,138
Misteldrossel,269,2018,2018-06-04,0,0,NA,NA,NA,NA,NA,NA,NA,NA,NA,NA,NA,NA,155
Misteldrossel,269,2020,2020-03-27,5,0,F,T,F,F,?,F,F,F,F,F,F,?,87
Misteldrossel,269,2020,2020-04-29,5,0,F,T,T,F,?,F,F,F,F,F,F,?,120
Misteldrossel,269,2020,2020-05-08,0,0,NA,NA,NA,NA,NA,NA,NA,NA,NA,NA,NA,NA,129
Misteldrossel,269,2020,2020-06-01,1,0,F,F,F,T,?,F,F,F,F,F,F,?,153
Misteldrossel,273,2019,2019-03-19,1,0,F,F,F,F,?,F,F,F,F,F,F,?,78
Misteldrossel,273,2019,2019-04-22,5,0,F,T,T,F,?,F,F,F,F,F,F,?,112
Misteldrossel,273,2019,2019-05-30,3,0,F,F,T,F,?,F,F,F,F,F,F,?,150
Misteldrossel,273,2019,2019-06-18,1,0,F,F,F,F,?,F,F,F,T,F,F,?,169
Misteldrossel,274,2019,2019-03-25,2,0,F,F,T,F,?,F,F,F,F,F,F,?,84
Misteldrossel,274,2019,2019-04-18,1,0,F,F,T,F,?,F,F,F,F,F,F,?,108
Misteldrossel,274,2019,2019-05-24,0,0,NA,NA,NA,NA,NA,NA,NA,NA,NA,NA,NA,NA,144
Misteldrossel,274,2019,2019-06-03,0,0,NA,NA,NA,NA,NA,NA,NA,NA,NA,NA,NA,NA,154
Misteldrossel,274,2022,2022-03-31,1,0,F,T,F,F,F,F,F,F,F,F,F,?,90
Misteldrossel,274,2022,2022-04-28,0,0,NA,NA,NA,NA,NA,NA,NA,NA,NA,NA,NA,NA,118
Misteldrossel,274,2022,2022-05-19,0,0,NA,NA,NA,NA,NA,NA,NA,NA,NA,NA,NA,NA,139
Misteldrossel,274,2022,2022-06-08,1,0,F,T,F,F,F,F,F,F,F,F,F,?,159
Misteldrossel,274,2023,2023-03-28,0,0,NA,NA,NA,NA,NA,NA,NA,NA,NA,NA,NA,NA,87
Misteldrossel,274,2023,2023-04-25,2,0,F,T,T,F,F,F,F,F,F,F,F,?,115
Misteldrossel,274,2023,2023-05-16,0,0,NA,NA,NA,NA,NA,NA,NA,NA,NA,NA,NA,NA,136
Misteldrossel,274,2023,2023-06-16,1,0,F,T,F,F,F,F,F,F,F,F,F,?,167
Misteldrossel,281,2018,2018-03-18,2,0,F,T,F,F,?,F,F,F,F,F,F,?,77
Misteldrossel,281,2018,2018-04-19,4,0,T,T,F,F,?,F,F,F,F,F,F,?,109
Misteldrossel,281,2018,2018-05-18,2,0,F,F,T,F,?,F,F,F,F,F,F,?,138
Misteldrossel,281,2018,2018-06-07,0,0,NA,NA,NA,NA,NA,NA,NA,NA,NA,NA,NA,NA,158
Misteldrossel,281,2020,2020-03-18,1,0,F,T,F,F,?,F,F,F,F,F,F,?,78
Misteldrossel,281,2020,2020-04-18,3,3,T,T,F,F,?,F,F,F,F,F,F,?,109
Misteldrossel,281,2020,2020-05-08,0,0,NA,NA,NA,NA,NA,NA,NA,NA,NA,NA,NA,NA,129
Misteldrossel,281,2020,2020-06-15,0,0,NA,NA,NA,NA,NA,NA,NA,NA,NA,NA,NA,NA,167
Misteldrossel,281,2021,2021-03-31,1,0,F,T,F,F,?,F,F,F,F,F,F,?,90
Misteldrossel,281,2021,2021-04-23,3,0,F,T,F,F,?,F,F,F,T,F,F,?,113
Misteldrossel,281,2021,2021-05-14,0,0,NA,NA,NA,NA,NA,NA,NA,NA,NA,NA,NA,NA,134
Misteldrossel,281,2021,2021-06-11,5,0,F,F,T,F,?,F,F,F,T,F,F,?,162
Misteldrossel,286,2020,2020-03-17,0,0,NA,NA,NA,NA,NA,NA,NA,NA,NA,NA,NA,NA,77
Misteldrossel,286,2020,2020-04-24,2,0,F,T,F,F,?,F,F,F,F,F,F,?,115
Misteldrossel,286,2020,2020-05-16,0,0,NA,NA,NA,NA,NA,NA,NA,NA,NA,NA,NA,NA,137
Misteldrossel,286,2020,2020-06-25,0,0,NA,NA,NA,NA,NA,NA,NA,NA,NA,NA,NA,NA,177
Misteldrossel,289,2018,2018-03-25,0,0,NA,NA,NA,NA,NA,NA,NA,NA,NA,NA,NA,NA,84
Misteldrossel,289,2018,2018-05-31,0,0,NA,NA,NA,NA,NA,NA,NA,NA,NA,NA,NA,NA,151
Misteldrossel,289,2018,2018-04-12,1,0,F,T,F,F,?,F,F,F,F,F,F,?,102
Misteldrossel,289,2020,2020-03-17,1,0,F,F,T,F,?,F,F,F,F,F,F,?,77
Misteldrossel,289,2020,2020-04-05,0,0,NA,NA,NA,NA,NA,NA,NA,NA,NA,NA,NA,NA,96
Misteldrossel,289,2020,2020-05-16,0,0,NA,NA,NA,NA,NA,NA,NA,NA,NA,NA,NA,NA,137
Misteldrossel,289,2020,2020-06-08,4,0,F,T,F,F,?,F,F,F,F,F,F,?,160
Misteldrossel,291,2018,2018-03-18,2,0,?,T,F,F,?,F,F,F,F,F,F,?,77
Misteldrossel,291,2018,2018-04-08,3,0,?,T,T,F,?,F,F,F,F,F,F,?,98
Misteldrossel,291,2018,2018-04-15,6,0,?,T,F,F,?,F,F,F,F,F,F,?,105
Misteldrossel,291,2018,2018-05-27,1,0,?,T,F,F,?,F,F,F,F,F,F,?,147
Misteldrossel,291,2020,2020-03-18,1,0,F,F,T,F,?,F,F,F,F,F,F,?,78
Misteldrossel,291,2020,2020-04-10,1,0,F,F,T,F,?,F,F,F,F,F,F,?,101
Misteldrossel,291,2020,2020-05-25,1,0,F,T,F,F,?,F,F,F,F,F,F,?,146
Misteldrossel,291,2020,2020-06-21,0,0,NA,NA,NA,NA,NA,NA,NA,NA,NA,NA,NA,NA,173
Misteldrossel,292,2019,2019-03-25,1,0,F,T,F,F,?,F,F,F,F,F,F,?,84
Misteldrossel,292,2019,2019-04-23,0,0,NA,NA,NA,NA,NA,NA,NA,NA,NA,NA,NA,NA,113
Misteldrossel,292,2019,2019-05-13,0,0,NA,NA,NA,NA,NA,NA,NA,NA,NA,NA,NA,NA,133
Misteldrossel,292,2019,2019-06-13,1,0,F,T,F,F,?,F,F,F,F,F,F,?,164
Misteldrossel,292,2020,2020-03-25,0,0,NA,NA,NA,NA,NA,NA,NA,NA,NA,NA,NA,NA,85
Misteldrossel,292,2020,2020-04-21,1,0,F,T,F,F,?,F,F,F,F,F,F,?,112
Misteldrossel,292,2020,2020-05-16,1,0,F,T,F,F,?,F,F,F,F,F,F,?,137
Misteldrossel,292,2020,2020-06-08,0,0,NA,NA,NA,NA,NA,NA,NA,NA,NA,NA,NA,NA,160
Misteldrossel,292,2023,2023-03-23,0,0,NA,NA,NA,NA,NA,NA,NA,NA,NA,NA,NA,NA,82
Misteldrossel,292,2023,2023-04-27,1,0,F,T,F,F,F,F,F,F,F,F,F,?,117
Misteldrossel,292,2023,2023-05-18,0,0,NA,NA,NA,NA,NA,NA,NA,NA,NA,NA,NA,NA,138
Misteldrossel,292,2023,2023-06-16,0,0,NA,NA,NA,NA,NA,NA,NA,NA,NA,NA,NA,NA,167
Misteldrossel,293,2021,2021-03-25,2,0,F,T,F,F,?,F,F,F,F,F,F,?,84
Misteldrossel,293,2021,2021-05-26,3,0,F,F,F,F,?,F,F,F,T,F,F,?,146
Misteldrossel,293,2021,2021-06-16,0,0,NA,NA,NA,NA,NA,NA,NA,NA,NA,NA,NA,NA,167
Misteldrossel,293,2021,2021-04-26,6,0,F,F,F,F,?,T,F,F,F,F,F,?,116
Misteldrossel,295,2021,2021-03-28,1,0,F,T,?,?,?,?,F,?,?,?,?,?,87
Misteldrossel,295,2021,2021-04-17,0,0,NA,NA,NA,NA,NA,NA,NA,NA,NA,NA,NA,NA,107
Misteldrossel,295,2021,2021-05-09,0,0,NA,NA,NA,NA,NA,NA,NA,NA,NA,NA,NA,NA,129
Misteldrossel,295,2021,2021-05-24,0,0,NA,NA,NA,NA,NA,NA,NA,NA,NA,NA,NA,NA,144
Misteldrossel,299,2018,2018-03-18,0,0,NA,NA,NA,NA,NA,NA,NA,NA,NA,NA,NA,NA,77
Misteldrossel,299,2018,2018-04-18,2,0,F,T,F,F,?,F,F,F,F,F,F,?,108
Misteldrossel,299,2018,2018-05-12,0,0,NA,NA,NA,NA,NA,NA,NA,NA,NA,NA,NA,NA,132
Misteldrossel,299,2018,2018-06-16,1,0,F,T,F,F,?,F,F,F,F,F,F,?,167
Misteldrossel,299,2020,2020-04-06,5,0,F,T,T,F,?,F,F,F,F,F,F,?,97
Misteldrossel,299,2020,2020-05-10,0,0,NA,NA,NA,NA,NA,NA,NA,NA,NA,NA,NA,NA,131
Misteldrossel,299,2020,2020-06-20,2,0,F,F,T,F,?,F,F,F,F,F,F,?,172
Misteldrossel,299,2020,2020-03-19,3,0,F,T,T,F,?,F,F,F,F,F,F,?,79
Misteldrossel,299,2021,2021-03-27,6,0,F,T,?,?,?,?,F,?,?,?,?,?,86
Misteldrossel,299,2021,2021-04-10,5,0,F,T,?,?,?,?,F,?,?,?,?,?,100
Misteldrossel,299,2021,2021-05-16,4,0,F,?,?,?,?,?,F,?,?,?,?,?,136
Misteldrossel,299,2021,2021-06-12,3,0,F,?,?,?,?,?,F,?,?,?,?,?,163
Misteldrossel,300,2020,2020-03-31,2,0,F,T,F,F,?,F,F,F,F,F,F,?,91
Misteldrossel,300,2020,2020-05-03,2,0,F,F,T,F,?,F,F,F,F,F,F,?,124
Misteldrossel,300,2020,2020-05-25,2,0,F,F,F,F,?,F,F,F,F,F,F,?,146
Misteldrossel,300,2020,2020-06-19,0,0,NA,NA,NA,NA,NA,NA,NA,NA,NA,NA,NA,NA,171
Misteldrossel,300,2021,2021-03-30,1,0,F,F,T,F,?,F,F,F,F,F,F,?,89
Misteldrossel,300,2021,2021-04-29,0,0,NA,NA,NA,NA,NA,NA,NA,NA,NA,NA,NA,NA,119
Misteldrossel,300,2021,2021-05-30,0,0,NA,NA,NA,NA,NA,NA,NA,NA,NA,NA,NA,NA,150
Misteldrossel,300,2021,2021-06-13,2,0,F,F,F,F,?,F,F,F,F,F,F,?,164
Misteldrossel,301,2018,2018-03-24,7,0,?,F,T,F,?,F,F,F,F,F,F,?,83
Misteldrossel,301,2018,2018-04-14,2,0,?,T,T,F,?,F,F,F,F,F,F,?,104
Misteldrossel,301,2018,2018-05-11,3,0,?,T,T,F,?,F,F,F,F,F,F,?,131
Misteldrossel,301,2018,2018-06-02,0,0,NA,NA,NA,NA,NA,NA,NA,NA,NA,NA,NA,NA,153
Misteldrossel,301,2020,2020-03-29,3,0,F,T,T,F,?,F,F,F,F,F,F,?,89
Misteldrossel,301,2020,2020-04-18,3,0,F,T,F,F,?,F,F,F,F,F,F,?,109
Misteldrossel,301,2020,2020-05-08,3,0,F,T,T,F,?,F,F,F,F,F,F,?,129
Misteldrossel,301,2020,2020-06-08,0,0,NA,NA,NA,NA,NA,NA,NA,NA,NA,NA,NA,NA,160
Misteldrossel,301,2021,2021-03-26,2,0,F,F,T,F,?,F,F,F,F,F,F,?,85
Misteldrossel,301,2021,2021-04-17,0,0,NA,NA,NA,NA,NA,NA,NA,NA,NA,NA,NA,NA,107
Misteldrossel,301,2021,2021-05-11,1,0,F,T,F,F,?,F,F,F,F,F,F,?,131
Misteldrossel,301,2021,2021-06-06,5,0,F,F,T,F,?,F,F,F,T,F,F,?,157
Misteldrossel,303,2020,2020-03-28,1,0,F,F,F,F,?,F,F,F,F,F,F,?,88
Misteldrossel,303,2020,2020-04-18,0,0,NA,NA,NA,NA,NA,NA,NA,NA,NA,NA,NA,NA,109
Misteldrossel,303,2020,2020-05-09,0,0,NA,NA,NA,NA,NA,NA,NA,NA,NA,NA,NA,NA,130
Misteldrossel,303,2020,2020-06-08,0,0,NA,NA,NA,NA,NA,NA,NA,NA,NA,NA,NA,NA,160
Misteldrossel,303,2022,2022-03-26,0,0,NA,NA,NA,NA,NA,NA,NA,NA,NA,NA,NA,NA,85
Misteldrossel,303,2022,2022-04-17,1,0,F,T,F,F,F,F,F,F,F,F,F,?,107
Misteldrossel,303,2022,2022-05-12,0,0,NA,NA,NA,NA,NA,NA,NA,NA,NA,NA,NA,NA,132
Misteldrossel,303,2022,2022-06-03,0,0,NA,NA,NA,NA,NA,NA,NA,NA,NA,NA,NA,NA,154
Misteldrossel,303,2023,2023-03-23,0,0,NA,NA,NA,NA,NA,NA,NA,NA,NA,NA,NA,NA,82
Misteldrossel,303,2023,2023-04-15,0,0,NA,NA,NA,NA,NA,NA,NA,NA,NA,NA,NA,NA,105
Misteldrossel,303,2023,2023-05-11,2,0,F,F,F,F,F,F,F,F,F,F,F,?,131
Misteldrossel,303,2023,2023-06-04,2,0,F,F,F,F,F,F,F,F,F,F,F,?,155
Misteldrossel,305,2019,2019-03-17,2,0,F,F,F,F,?,F,F,F,F,F,F,?,76
Misteldrossel,305,2019,2019-04-22,0,0,NA,NA,NA,NA,NA,NA,NA,NA,NA,NA,NA,NA,112
Misteldrossel,305,2019,2019-05-09,2,0,F,T,T,F,?,F,F,F,F,F,F,?,129
Misteldrossel,305,2019,2019-06-11,5,0,F,F,T,F,?,F,F,F,T,F,F,?,162
Misteldrossel,305,2020,2020-03-24,5,0,F,F,T,F,?,F,F,F,F,F,F,?,84
Misteldrossel,305,2020,2020-04-15,3,0,F,T,F,F,?,F,F,F,F,F,F,?,106
Misteldrossel,305,2020,2020-05-13,6,0,F,T,T,F,?,F,F,F,F,F,F,?,134
Misteldrossel,305,2020,2020-06-11,0,0,NA,NA,NA,NA,NA,NA,NA,NA,NA,NA,NA,NA,163
Misteldrossel,305,2021,2021-03-23,35,0,F,F,F,F,?,F,F,F,F,F,F,?,82
Misteldrossel,305,2021,2021-04-20,1,0,F,F,F,F,?,F,F,T,F,F,F,?,110
Misteldrossel,305,2021,2021-05-11,6,0,F,F,T,F,?,F,F,F,F,F,F,?,131
Misteldrossel,305,2021,2021-06-10,5,0,F,F,T,F,?,F,F,F,F,F,F,?,161
Misteldrossel,305,2022,2022-03-23,30,0,F,F,F,F,F,F,F,F,F,F,F,?,82
Misteldrossel,305,2022,2022-04-20,3,0,F,F,T,F,F,F,F,F,F,F,F,?,110
Misteldrossel,305,2022,2022-05-20,13,0,F,F,T,F,F,F,F,F,F,F,F,?,140
Misteldrossel,305,2022,2022-06-15,1,0,F,F,F,F,F,F,F,F,F,F,F,?,166
Misteldrossel,305,2023,2023-03-22,2,0,F,F,T,F,?,F,F,F,F,F,F,?,81
Misteldrossel,305,2023,2023-04-20,1,1,T,F,F,F,?,F,F,F,F,F,F,?,110
Misteldrossel,305,2023,2023-05-09,3,0,F,F,T,F,?,F,F,F,F,F,F,?,129
Misteldrossel,305,2023,2023-06-16,3,0,T,F,T,F,?,F,F,F,F,F,F,?,167
Misteldrossel,306,2018,2018-03-26,0,0,NA,NA,NA,NA,NA,NA,NA,NA,NA,NA,NA,NA,85
Misteldrossel,306,2018,2018-04-21,0,0,NA,NA,NA,NA,NA,NA,NA,NA,NA,NA,NA,NA,111
Misteldrossel,306,2018,2018-06-11,1,0,F,T,F,F,?,F,F,F,F,F,F,?,162
Misteldrossel,306,2018,2018-05-08,0,0,NA,NA,NA,NA,NA,NA,NA,NA,NA,NA,NA,NA,128
Misteldrossel,307,2021,2021-04-03,1,0,?,?,?,?,?,?,?,?,?,?,?,?,93
Misteldrossel,307,2021,2021-04-11,1,0,?,T,?,?,?,?,?,?,?,?,?,?,101
Misteldrossel,307,2021,2021-05-15,1,0,?,?,?,?,?,?,?,?,?,T,?,?,135
Misteldrossel,307,2021,2021-06-13,1,0,?,?,?,?,?,?,?,?,?,?,?,?,164
Misteldrossel,309,2018,2018-03-25,0,0,NA,NA,NA,NA,NA,NA,NA,NA,NA,NA,NA,NA,84
Misteldrossel,309,2018,2018-04-07,0,0,NA,NA,NA,NA,NA,NA,NA,NA,NA,NA,NA,NA,97
Misteldrossel,309,2018,2018-05-11,1,0,?,T,F,F,?,F,F,F,F,F,F,?,131
Misteldrossel,309,2018,2018-06-03,0,0,NA,NA,NA,NA,NA,NA,NA,NA,NA,NA,NA,NA,154
Misteldrossel,309,2020,2020-03-20,0,0,NA,NA,NA,NA,NA,NA,NA,NA,NA,NA,NA,NA,80
Misteldrossel,309,2020,2020-04-09,1,0,F,T,F,F,?,F,F,F,F,F,F,?,100
Misteldrossel,309,2020,2020-05-07,0,0,NA,NA,NA,NA,NA,NA,NA,NA,NA,NA,NA,NA,128
Misteldrossel,309,2020,2020-06-03,0,0,NA,NA,NA,NA,NA,NA,NA,NA,NA,NA,NA,NA,155
Misteldrossel,309,2021,2021-03-28,2,0,F,T,F,F,?,F,F,F,F,F,F,?,87
Misteldrossel,309,2021,2021-04-27,1,0,F,T,F,F,?,F,F,F,F,F,F,?,117
Misteldrossel,309,2021,2021-05-09,1,0,F,T,F,F,?,F,F,F,F,F,F,?,129
Misteldrossel,309,2021,2021-06-02,2,0,F,F,T,F,?,F,F,F,F,F,F,?,153
Misteldrossel,310,2020,2020-03-28,1,0,F,T,F,F,?,F,F,F,F,F,F,?,88
Misteldrossel,310,2020,2020-04-27,1,0,F,T,F,F,?,F,F,F,F,F,F,?,118
Misteldrossel,310,2020,2020-05-19,0,0,NA,NA,NA,NA,NA,NA,NA,NA,NA,NA,NA,NA,140
Misteldrossel,310,2020,2020-06-20,1,0,F,F,T,F,?,F,F,F,F,F,F,?,172
Misteldrossel,310,2021,2021-03-28,1,0,F,T,F,F,?,F,F,F,F,F,F,?,87
Misteldrossel,310,2021,2021-04-24,0,0,NA,NA,NA,NA,NA,NA,NA,NA,NA,NA,NA,NA,114
Misteldrossel,310,2021,2021-05-15,1,0,F,T,F,F,?,F,F,F,F,F,F,?,135
Misteldrossel,310,2021,2021-06-12,0,0,NA,NA,NA,NA,NA,NA,NA,NA,NA,NA,NA,NA,163
Misteldrossel,313,2020,2020-03-28,2,0,F,T,F,F,?,F,F,F,F,F,F,?,88
Misteldrossel,313,2020,2020-05-05,0,0,NA,NA,NA,NA,NA,NA,NA,NA,NA,NA,NA,NA,126
Misteldrossel,313,2020,2020-05-26,0,0,NA,NA,NA,NA,NA,NA,NA,NA,NA,NA,NA,NA,147
Misteldrossel,313,2020,2020-06-20,0,0,NA,NA,NA,NA,NA,NA,NA,NA,NA,NA,NA,NA,172
Misteldrossel,313,2021,2021-04-02,1,0,F,T,F,F,?,F,F,F,F,F,F,?,92
Misteldrossel,313,2021,2021-05-04,1,0,F,T,F,F,?,F,F,F,F,F,F,?,124
Misteldrossel,313,2021,2021-05-31,0,0,NA,NA,NA,NA,NA,NA,NA,NA,NA,NA,NA,NA,151
Misteldrossel,313,2021,2021-06-20,0,0,NA,NA,NA,NA,NA,NA,NA,NA,NA,NA,NA,NA,171
Misteldrossel,322,2019,2019-03-30,0,0,NA,NA,NA,NA,NA,NA,NA,NA,NA,NA,NA,NA,89
Misteldrossel,322,2019,2019-04-25,0,0,NA,NA,NA,NA,NA,NA,NA,NA,NA,NA,NA,NA,115
Misteldrossel,322,2019,2019-05-17,1,0,F,T,F,F,?,F,F,F,F,F,F,?,137
Misteldrossel,322,2019,2019-06-19,0,0,NA,NA,NA,NA,NA,NA,NA,NA,NA,NA,NA,NA,170
Misteldrossel,322,2021,2021-03-31,1,0,?,T,F,F,?,F,F,?,F,F,F,?,90
Misteldrossel,322,2021,2021-04-22,0,0,NA,NA,NA,NA,NA,NA,NA,NA,NA,NA,NA,NA,112
Misteldrossel,322,2021,2021-05-14,0,0,NA,NA,NA,NA,NA,NA,NA,NA,NA,NA,NA,NA,134
Misteldrossel,322,2021,2021-06-14,0,0,NA,NA,NA,NA,NA,NA,NA,NA,NA,NA,NA,NA,165
Misteldrossel,322,2022,2022-03-17,0,0,NA,NA,NA,NA,NA,NA,NA,NA,NA,NA,NA,NA,76
Misteldrossel,322,2022,2022-04-12,1,0,F,T,F,F,?,F,F,F,F,F,F,?,102
Misteldrossel,322,2022,2022-05-12,0,0,NA,NA,NA,NA,NA,NA,NA,NA,NA,NA,NA,NA,132
Misteldrossel,322,2022,2022-06-03,0,0,NA,NA,NA,NA,NA,NA,NA,NA,NA,NA,NA,NA,154
Misteldrossel,322,2023,2023-03-21,2,0,F,F,F,T,F,F,F,F,F,F,F,?,80
Misteldrossel,322,2023,2023-04-21,1,0,F,F,F,T,F,F,F,F,F,F,F,?,111
Misteldrossel,322,2023,2023-05-12,0,0,NA,NA,NA,NA,NA,NA,NA,NA,NA,NA,NA,NA,132
Misteldrossel,322,2023,2023-06-09,0,0,NA,NA,NA,NA,NA,NA,NA,NA,NA,NA,NA,NA,160
Misteldrossel,330,2021,2021-03-10,1,0,F,T,F,F,?,F,?,F,F,F,F,?,69
Misteldrossel,330,2021,2021-04-03,2,0,F,T,F,F,?,F,?,F,F,F,F,?,93
Misteldrossel,330,2021,2021-05-08,2,0,F,T,F,F,?,F,?,F,F,F,F,?,128
Misteldrossel,330,2021,2021-05-30,3,0,F,T,F,F,?,F,?,F,F,F,F,?,150
Misteldrossel,330,2021,2021-03-26,3,0,F,F,F,F,?,F,?,F,F,F,F,?,85
Misteldrossel,335,2020,2020-03-16,0,0,NA,NA,NA,NA,NA,NA,NA,NA,NA,NA,NA,NA,76
Misteldrossel,335,2020,2020-04-01,0,0,NA,NA,NA,NA,NA,NA,NA,NA,NA,NA,NA,NA,92
Misteldrossel,335,2020,2020-05-03,1,0,F,T,F,F,?,F,F,F,F,F,F,?,124
Misteldrossel,335,2020,2020-05-22,0,0,NA,NA,NA,NA,NA,NA,NA,NA,NA,NA,NA,NA,143
Misteldrossel,337,2021,2021-03-24,4,0,F,T,T,F,?,F,?,F,F,F,F,?,83
Misteldrossel,337,2021,2021-04-17,5,0,F,T,T,F,?,F,?,F,F,F,F,?,107
Misteldrossel,337,2021,2021-05-14,7,0,F,T,T,T,?,F,?,F,F,F,F,?,134
Misteldrossel,337,2021,2021-06-06,12,0,F,F,T,F,?,F,?,F,F,F,F,?,157
Misteldrossel,339,2018,2018-03-31,0,0,NA,NA,NA,NA,NA,NA,NA,NA,NA,NA,NA,NA,90
Misteldrossel,339,2018,2018-04-30,0,0,NA,NA,NA,NA,NA,NA,NA,NA,NA,NA,NA,NA,120
Misteldrossel,339,2018,2018-05-12,0,0,NA,NA,NA,NA,NA,NA,NA,NA,NA,NA,NA,NA,132
Misteldrossel,339,2018,2018-06-17,3,0,?,T,F,T,?,F,F,F,F,F,F,?,168
Misteldrossel,339,2020,2020-03-31,1,0,F,F,F,T,?,F,F,F,F,F,F,?,91
Misteldrossel,339,2020,2020-04-30,0,0,NA,NA,NA,NA,NA,NA,NA,NA,NA,NA,NA,NA,121
Misteldrossel,339,2020,2020-05-18,0,0,NA,NA,NA,NA,NA,NA,NA,NA,NA,NA,NA,NA,139
Misteldrossel,339,2020,2020-06-20,1,0,F,F,F,T,?,F,F,F,F,F,F,?,172
Misteldrossel,339,2021,2021-03-29,1,0,F,?,?,T,?,?,F,?,?,?,?,?,88
Misteldrossel,339,2021,2021-05-03,3,0,F,?,?,T,?,?,F,?,?,?,?,?,123
Misteldrossel,339,2021,2021-05-26,1,0,F,?,?,T,?,?,F,?,?,?,?,?,146
Misteldrossel,339,2021,2021-06-20,1,0,F,?,?,T,?,?,F,?,?,?,?,?,171
Misteldrossel,340,2019,2019-03-16,6,0,F,T,F,F,?,F,F,F,F,F,F,?,75
Misteldrossel,340,2019,2019-04-12,3,0,F,T,F,F,?,F,F,F,F,F,F,?,102
Misteldrossel,340,2019,2019-05-22,4,0,F,F,T,F,?,F,F,F,F,F,F,?,142
Misteldrossel,340,2019,2019-06-19,1,0,F,F,F,F,?,F,F,F,F,F,F,?,170
Misteldrossel,340,2020,2020-03-30,4,0,F,T,T,F,?,F,F,F,F,F,F,?,90
Misteldrossel,340,2020,2020-04-21,3,0,F,T,F,F,?,F,F,F,F,F,F,?,112
Misteldrossel,340,2020,2020-05-09,2,0,F,T,F,F,?,F,F,F,F,F,F,?,130
Misteldrossel,340,2020,2020-05-16,8,0,F,F,T,F,?,F,F,F,F,F,F,?,137
Misteldrossel,340,2021,2021-03-27,1,0,F,F,T,F,?,F,F,F,F,F,F,?,86
Misteldrossel,340,2021,2021-04-30,6,0,F,T,T,T,?,F,F,F,F,F,F,?,120
Misteldrossel,340,2021,2021-05-22,5,0,F,T,T,F,?,F,F,F,F,F,F,?,142
Misteldrossel,340,2021,2021-06-19,5,0,F,F,F,T,?,F,F,F,F,F,F,?,170
Misteldrossel,340,2022,2022-03-23,7,0,F,T,F,F,F,F,F,F,F,F,F,?,82
Misteldrossel,340,2022,2022-04-11,5,0,F,T,F,F,F,F,F,F,F,F,F,?,101
Misteldrossel,340,2022,2022-05-03,5,0,F,T,F,F,F,F,F,F,F,F,F,?,123
Misteldrossel,340,2022,2022-06-22,8,0,F,F,F,F,F,F,F,F,F,F,F,?,173
Misteldrossel,340,2023,2023-03-24,6,0,F,T,F,F,F,F,F,F,F,F,F,?,83
Misteldrossel,340,2023,2023-04-27,10,0,F,T,F,F,F,F,F,F,T,F,F,?,117
Misteldrossel,340,2023,2023-05-21,3,0,F,F,F,F,F,F,F,F,F,F,F,?,141
Misteldrossel,340,2023,2023-06-08,1,0,F,F,F,F,F,F,F,F,F,F,F,?,159
Misteldrossel,343,2019,2019-04-25,0,0,NA,NA,NA,NA,NA,NA,NA,NA,NA,NA,NA,NA,115
Misteldrossel,343,2019,2019-05-19,0,0,NA,NA,NA,NA,NA,NA,NA,NA,NA,NA,NA,NA,139
Misteldrossel,343,2019,2019-06-18,1,0,F,F,F,F,?,F,F,F,F,F,F,?,169
Misteldrossel,343,2019,2019-03-21,0,0,NA,NA,NA,NA,NA,NA,NA,NA,NA,NA,NA,NA,80
Misteldrossel,343,2020,2020-03-28,2,0,F,F,F,F,?,F,F,F,F,F,F,?,88
Misteldrossel,343,2020,2020-04-24,1,0,F,T,F,F,?,F,F,F,F,F,F,?,115
Misteldrossel,343,2020,2020-05-19,1,0,F,F,F,F,?,F,F,F,F,F,F,?,140
Misteldrossel,343,2020,2020-06-12,0,0,NA,NA,NA,NA,NA,NA,NA,NA,NA,NA,NA,NA,164
Misteldrossel,343,2021,2021-03-29,0,0,NA,NA,NA,NA,NA,NA,NA,NA,NA,NA,NA,NA,88
Misteldrossel,343,2021,2021-04-23,0,0,NA,NA,NA,NA,NA,NA,NA,NA,NA,NA,NA,NA,113
Misteldrossel,343,2021,2021-05-14,0,0,NA,NA,NA,NA,NA,NA,NA,NA,NA,NA,NA,NA,134
Misteldrossel,343,2021,2021-06-18,1,0,F,F,F,T,?,F,F,F,F,F,F,?,169
Misteldrossel,343,2022,2022-03-28,0,0,NA,NA,NA,NA,NA,NA,NA,NA,NA,NA,NA,NA,87
Misteldrossel,343,2022,2022-04-21,2,0,F,F,F,T,F,F,F,F,F,F,F,?,111
Misteldrossel,343,2022,2022-05-17,1,0,F,F,F,F,F,F,F,F,F,F,F,?,137
Misteldrossel,343,2022,2022-06-16,0,0,NA,NA,NA,NA,NA,NA,NA,NA,NA,NA,NA,NA,167
Misteldrossel,343,2023,2023-03-29,2,0,F,T,F,F,F,F,F,F,F,F,F,?,88
Misteldrossel,343,2023,2023-04-27,1,0,F,T,F,F,F,F,F,F,F,F,F,?,117
Misteldrossel,343,2023,2023-05-18,0,0,NA,NA,NA,NA,NA,NA,NA,NA,NA,NA,NA,NA,138
Misteldrossel,343,2023,2023-06-20,1,0,F,F,F,F,F,F,F,F,F,F,F,?,171
Misteldrossel,346,2019,2019-03-29,1,0,F,F,F,F,?,F,F,F,F,F,F,?,88
Misteldrossel,346,2019,2019-04-24,1,0,F,F,F,F,?,F,F,F,F,F,F,?,114
Misteldrossel,346,2019,2019-05-18,3,0,F,T,F,T,?,F,F,F,F,F,F,?,138
Misteldrossel,346,2019,2019-06-19,0,0,NA,NA,NA,NA,NA,NA,NA,NA,NA,NA,NA,NA,170
Misteldrossel,346,2020,2020-03-27,2,0,F,T,F,F,?,F,F,F,F,F,F,?,87
Misteldrossel,346,2020,2020-04-27,2,0,F,F,F,F,?,F,F,F,F,F,F,?,118
Misteldrossel,346,2020,2020-05-20,0,0,NA,NA,NA,NA,NA,NA,NA,NA,NA,NA,NA,NA,141
Misteldrossel,346,2020,2020-06-19,1,0,F,F,F,T,?,F,F,F,F,F,F,?,171
Misteldrossel,346,2021,2021-03-30,1,0,F,T,F,F,?,F,F,F,F,F,F,?,89
Misteldrossel,346,2021,2021-04-26,1,0,F,T,F,F,?,F,F,F,F,F,F,?,116
Misteldrossel,346,2021,2021-05-20,1,0,F,T,F,F,?,F,F,F,F,F,F,?,140
Misteldrossel,346,2021,2021-06-17,0,0,NA,NA,NA,NA,NA,NA,NA,NA,NA,NA,NA,NA,168
Misteldrossel,346,2022,2022-03-29,3,0,F,T,F,F,F,F,F,F,F,F,F,?,88
Misteldrossel,346,2022,2022-04-20,1,0,F,F,F,T,F,F,F,F,F,F,F,?,110
Misteldrossel,346,2022,2022-05-20,1,0,F,F,F,T,F,F,F,F,F,F,F,?,140
Misteldrossel,346,2022,2022-06-20,0,0,NA,NA,NA,NA,NA,NA,NA,NA,NA,NA,NA,NA,171
Misteldrossel,346,2023,2023-03-28,1,0,F,T,F,F,F,F,F,F,F,F,F,?,87
Misteldrossel,346,2023,2023-04-26,2,0,F,F,F,F,F,F,F,F,F,F,F,?,116
Misteldrossel,346,2023,2023-05-19,0,0,NA,NA,NA,NA,NA,NA,NA,NA,NA,NA,NA,NA,139
Misteldrossel,346,2023,2023-06-19,0,0,NA,NA,NA,NA,NA,NA,NA,NA,NA,NA,NA,NA,170
Misteldrossel,354,2021,2021-04-30,8,0,F,T,?,?,?,?,F,?,?,?,?,?,120
Misteldrossel,354,2021,2021-05-20,5,0,F,?,?,?,?,?,F,?,?,?,?,?,140
Misteldrossel,354,2021,2021-06-17,6,0,F,T,?,T,?,?,F,?,?,?,?,?,168
Misteldrossel,355,2019,2019-03-23,1,0,F,T,F,F,?,F,F,F,F,F,F,?,82
Misteldrossel,355,2019,2019-04-14,0,0,NA,NA,NA,NA,NA,NA,NA,NA,NA,NA,NA,NA,104
Misteldrossel,355,2019,2019-05-01,1,0,F,F,T,F,?,F,F,F,F,F,F,?,121
Misteldrossel,355,2019,2019-05-25,0,0,NA,NA,NA,NA,NA,NA,NA,NA,NA,NA,NA,NA,145
Misteldrossel,355,2020,2020-03-13,1,0,F,T,F,F,?,F,F,F,F,F,F,?,73
Misteldrossel,355,2020,2020-04-23,1,0,F,T,F,F,?,F,F,F,F,F,F,?,114
Misteldrossel,355,2020,2020-05-18,0,0,NA,NA,NA,NA,NA,NA,NA,NA,NA,NA,NA,NA,139
Misteldrossel,355,2020,2020-06-18,1,0,F,F,T,F,?,F,F,F,F,F,F,?,170
Misteldrossel,355,2021,2021-03-31,2,0,F,T,T,F,?,F,F,F,F,F,F,?,90
Misteldrossel,355,2021,2021-04-20,4,0,F,T,F,F,?,F,F,F,F,F,F,?,110
Misteldrossel,355,2021,2021-05-14,2,0,F,F,T,F,?,F,F,F,F,F,F,?,134
Misteldrossel,355,2021,2021-06-15,2,0,F,F,T,F,?,F,F,F,F,F,F,?,166
Misteldrossel,355,2022,2022-03-22,2,0,F,T,F,F,F,F,F,F,F,F,F,?,81
Misteldrossel,355,2022,2022-04-27,2,0,F,T,F,F,F,F,F,F,F,F,F,?,117
Misteldrossel,355,2022,2022-05-14,2,0,F,T,F,F,F,F,F,F,F,F,F,?,134
Misteldrossel,355,2022,2022-06-15,1,0,F,F,T,F,F,F,F,F,F,F,F,?,166
Misteldrossel,355,2023,2023-03-15,3,0,F,T,F,F,?,F,F,F,F,F,F,?,74
Misteldrossel,355,2023,2023-04-13,3,0,F,T,T,F,?,F,F,F,F,F,F,?,103
Misteldrossel,355,2023,2023-05-10,1,0,F,F,T,F,?,F,F,F,F,F,F,?,130
Misteldrossel,355,2023,2023-06-15,0,0,NA,NA,NA,NA,NA,NA,NA,NA,NA,NA,NA,NA,166
Misteldrossel,360,2018,2018-03-21,1,0,F,T,F,F,?,F,F,F,F,F,F,?,80
Misteldrossel,360,2018,2018-03-22,0,0,NA,NA,NA,NA,NA,NA,NA,NA,NA,NA,NA,NA,81
Misteldrossel,360,2018,2018-04-22,3,0,F,T,T,F,?,F,F,F,F,F,F,?,112
Misteldrossel,360,2018,2018-05-12,0,0,NA,NA,NA,NA,NA,NA,NA,NA,NA,NA,NA,NA,132
Misteldrossel,360,2018,2018-06-08,6,0,F,F,F,F,?,F,F,F,T,F,F,?,159
Misteldrossel,360,2020,2020-03-28,0,0,NA,NA,NA,NA,NA,NA,NA,NA,NA,NA,NA,NA,88
Misteldrossel,360,2020,2020-04-18,1,1,T,F,F,F,?,F,F,F,F,F,F,?,109
Misteldrossel,360,2020,2020-05-18,2,0,F,T,F,F,?,F,F,F,F,F,F,?,139
Misteldrossel,360,2020,2020-06-13,0,0,NA,NA,NA,NA,NA,NA,NA,NA,NA,NA,NA,NA,165
Misteldrossel,360,2021,2021-03-29,0,0,NA,NA,NA,NA,NA,NA,NA,NA,NA,NA,NA,NA,88
Misteldrossel,360,2021,2021-04-21,1,0,F,T,F,F,?,F,F,F,F,F,F,?,111
Misteldrossel,360,2021,2021-05-18,1,0,F,T,F,F,?,F,F,F,F,F,F,?,138
Misteldrossel,360,2021,2021-06-13,2,0,F,T,T,F,?,F,F,F,F,F,F,?,164
Misteldrossel,361,2018,2018-03-25,2,0,F,T,F,F,?,F,F,F,F,F,F,?,84
Misteldrossel,361,2018,2018-04-07,5,0,F,T,F,F,?,F,F,F,F,F,F,?,97
Misteldrossel,361,2018,2018-05-06,10,0,F,T,F,F,?,F,F,F,F,F,F,?,126
Misteldrossel,361,2018,2018-06-09,10,0,F,T,F,F,?,F,F,F,F,F,F,?,160
Misteldrossel,361,2020,2020-03-20,1,0,F,T,F,F,?,F,F,F,F,F,F,?,80
Misteldrossel,361,2020,2020-04-04,3,0,F,T,F,F,?,T,F,F,F,F,F,?,95
Misteldrossel,361,2020,2020-05-09,7,0,F,T,F,F,?,F,F,F,F,F,F,?,130
Misteldrossel,361,2020,2020-05-30,9,0,F,T,F,F,?,F,F,F,F,F,F,?,151
Misteldrossel,361,2021,2021-03-28,5,0,F,T,F,F,?,F,F,F,F,F,F,?,87
Misteldrossel,361,2021,2021-04-11,6,0,F,T,F,F,?,F,F,F,F,F,F,?,101
Misteldrossel,361,2021,2021-05-14,7,0,F,T,F,F,?,F,F,F,F,F,F,?,134
Misteldrossel,361,2021,2021-06-11,2,0,F,T,F,F,?,F,F,F,F,F,F,?,162
Misteldrossel,363,2019,2019-03-21,1,0,F,F,F,F,?,F,F,F,F,F,F,?,80
Misteldrossel,363,2019,2019-04-16,1,0,F,T,F,F,?,F,F,F,F,F,F,?,106
Misteldrossel,363,2019,2019-05-13,0,0,NA,NA,NA,NA,NA,NA,NA,NA,NA,NA,NA,NA,133
Misteldrossel,363,2019,2019-06-17,3,0,F,F,T,F,?,F,F,F,F,F,F,?,168
Misteldrossel,363,2020,2020-03-20,1,0,F,T,F,F,?,F,F,F,F,F,F,?,80
Misteldrossel,363,2020,2020-04-12,0,0,NA,NA,NA,NA,NA,NA,NA,NA,NA,NA,NA,NA,103
Misteldrossel,363,2020,2020-05-05,1,0,F,F,F,F,?,F,F,F,F,F,F,?,126
Misteldrossel,363,2020,2020-06-12,2,0,F,F,F,F,?,F,F,F,F,F,F,?,164
Misteldrossel,363,2022,2022-03-26,3,0,T,T,F,F,?,F,F,F,F,F,F,?,85
Misteldrossel,363,2022,2022-04-15,2,0,F,T,F,F,?,F,F,F,F,F,F,?,105
Misteldrossel,363,2022,2022-05-07,1,0,F,T,F,F,?,F,F,F,F,F,F,?,127
Misteldrossel,363,2022,2022-06-06,1,0,F,F,T,F,?,F,F,F,F,F,F,?,157
Misteldrossel,363,2023,2023-03-26,1,0,F,T,F,F,?,F,F,F,F,F,F,?,85
Misteldrossel,363,2023,2023-04-23,1,0,F,T,F,F,?,F,F,F,F,F,F,?,113
Misteldrossel,363,2023,2023-05-14,1,0,F,T,F,F,?,F,F,F,F,F,F,?,134
Misteldrossel,363,2023,2023-05-28,1,0,F,T,F,F,?,F,F,F,F,F,F,?,148
Misteldrossel,364,2019,2019-03-28,0,0,NA,NA,NA,NA,NA,NA,NA,NA,NA,NA,NA,NA,87
Misteldrossel,364,2019,2019-04-23,1,0,F,F,F,F,?,F,F,F,F,F,F,?,113
Misteldrossel,364,2019,2019-05-15,0,0,NA,NA,NA,NA,NA,NA,NA,NA,NA,NA,NA,NA,135
Misteldrossel,364,2019,2019-06-17,0,0,NA,NA,NA,NA,NA,NA,NA,NA,NA,NA,NA,NA,168
Misteldrossel,364,2020,2020-03-15,1,0,F,T,F,F,?,F,F,F,F,F,F,?,75
Misteldrossel,364,2020,2020-04-10,0,0,NA,NA,NA,NA,NA,NA,NA,NA,NA,NA,NA,NA,101
Misteldrossel,364,2020,2020-05-06,0,0,NA,NA,NA,NA,NA,NA,NA,NA,NA,NA,NA,NA,127
Misteldrossel,364,2020,2020-06-11,0,0,NA,NA,NA,NA,NA,NA,NA,NA,NA,NA,NA,NA,163
Misteldrossel,364,2022,2022-03-23,1,0,F,T,F,F,?,F,F,F,F,F,F,?,82
Misteldrossel,364,2022,2022-04-17,2,0,F,T,F,F,?,F,F,F,F,F,F,?,107
Misteldrossel,364,2022,2022-05-10,0,0,NA,NA,NA,NA,NA,NA,NA,NA,NA,NA,NA,NA,130
Misteldrossel,364,2022,2022-06-08,0,0,NA,NA,NA,NA,NA,NA,NA,NA,NA,NA,NA,NA,159
Misteldrossel,364,2023,2023-03-25,0,0,NA,NA,NA,NA,NA,NA,NA,NA,NA,NA,NA,NA,84
Misteldrossel,364,2023,2023-04-08,1,0,F,T,F,F,?,F,F,F,F,F,F,?,98
Misteldrossel,364,2023,2023-05-18,0,0,NA,NA,NA,NA,NA,NA,NA,NA,NA,NA,NA,NA,138
Misteldrossel,364,2023,2023-06-04,0,0,NA,NA,NA,NA,NA,NA,NA,NA,NA,NA,NA,NA,155
Misteldrossel,367,2019,2019-03-20,1,0,F,T,F,F,?,F,F,F,F,F,F,?,79
Misteldrossel,367,2019,2019-04-23,2,0,F,T,F,F,?,F,F,F,F,F,F,?,113
Misteldrossel,367,2019,2019-05-15,1,0,F,T,F,F,?,F,F,F,F,F,F,?,135
Misteldrossel,367,2019,2019-06-14,2,0,F,T,F,F,?,F,F,F,F,F,F,?,165
Misteldrossel,367,2020,2020-03-12,5,0,F,T,T,F,?,T,F,F,F,F,F,?,72
Misteldrossel,367,2020,2020-04-06,8,0,F,T,F,F,?,F,F,F,F,F,F,?,97
Misteldrossel,367,2020,2020-05-04,5,0,F,T,F,F,?,F,F,F,T,F,F,?,125
Misteldrossel,367,2020,2020-06-10,7,0,F,F,T,T,?,F,F,F,F,F,F,?,162
Misteldrossel,367,2022,2022-03-16,1,0,F,T,F,F,?,F,F,F,F,F,F,?,75
Misteldrossel,367,2022,2022-04-06,5,0,F,T,T,F,?,F,F,F,F,F,F,?,96
Misteldrossel,367,2022,2022-05-01,6,0,F,T,F,F,?,F,F,F,F,F,F,?,121
Misteldrossel,367,2022,2022-05-28,5,0,F,F,T,T,?,F,F,F,T,F,F,?,148
Misteldrossel,367,2023,2023-03-12,2,0,T,F,T,F,?,F,F,F,F,F,F,?,71
Misteldrossel,367,2023,2023-04-15,6,0,T,T,F,F,?,F,F,F,F,F,F,?,105
Misteldrossel,367,2023,2023-05-06,1,1,T,F,F,F,?,F,F,F,F,F,F,?,126
Misteldrossel,367,2023,2023-06-08,1,0,F,F,T,F,?,F,F,F,F,F,F,?,159
Misteldrossel,369,2021,2021-03-22,1,0,F,T,F,F,?,F,F,F,F,F,F,?,81
Misteldrossel,369,2021,2021-04-09,0,0,NA,NA,NA,NA,NA,NA,NA,NA,NA,NA,NA,NA,99
Misteldrossel,369,2021,2021-05-14,0,0,NA,NA,NA,NA,NA,NA,NA,NA,NA,NA,NA,NA,134
Misteldrossel,369,2021,2021-06-11,0,0,NA,NA,NA,NA,NA,NA,NA,NA,NA,NA,NA,NA,162
Misteldrossel,373,2018,2018-03-14,2,0,F,T,T,F,?,F,F,F,F,F,F,?,73
Misteldrossel,373,2018,2018-04-10,1,0,F,T,F,F,?,F,F,F,F,F,F,?,100
Misteldrossel,373,2018,2018-05-12,2,0,F,T,F,F,?,F,F,F,F,F,F,?,132
Misteldrossel,373,2018,2018-06-11,2,0,F,T,F,F,?,F,F,F,F,F,F,?,162
Misteldrossel,373,2020,2020-03-19,2,0,F,T,F,F,?,F,F,F,F,F,F,?,79
Misteldrossel,373,2020,2020-04-12,3,0,F,T,F,F,?,F,F,F,F,F,F,?,103
Misteldrossel,373,2020,2020-05-08,1,0,F,T,F,F,?,F,F,F,F,F,F,?,129
Misteldrossel,373,2020,2020-06-03,1,0,F,T,F,F,?,F,F,F,F,F,F,?,155
Misteldrossel,373,2021,2021-06-13,12,0,F,T,T,F,?,F,?,F,F,F,F,?,164
Misteldrossel,374,2019,2019-03-27,0,0,NA,NA,NA,NA,NA,NA,NA,NA,NA,NA,NA,NA,86
Misteldrossel,374,2019,2019-04-29,0,0,NA,NA,NA,NA,NA,NA,NA,NA,NA,NA,NA,NA,119
Misteldrossel,374,2019,2019-05-09,2,0,F,F,F,F,?,F,F,F,T,F,F,?,129
Misteldrossel,374,2019,2019-06-18,0,0,NA,NA,NA,NA,NA,NA,NA,NA,NA,NA,NA,NA,169
Misteldrossel,374,2020,2020-03-24,1,0,F,F,F,F,?,F,F,F,F,F,F,?,84
Misteldrossel,374,2020,2020-04-24,0,0,NA,NA,NA,NA,NA,NA,NA,NA,NA,NA,NA,NA,115
Misteldrossel,374,2020,2020-05-19,1,0,F,F,F,F,?,F,F,F,F,F,F,?,140
Misteldrossel,374,2020,2020-06-11,1,0,F,F,T,F,?,F,F,F,F,F,F,?,163
Misteldrossel,374,2023,2023-03-24,0,0,NA,NA,NA,NA,NA,NA,NA,NA,NA,NA,NA,NA,83
Misteldrossel,374,2023,2023-04-19,3,0,F,T,T,F,F,F,F,F,F,F,F,?,109
Misteldrossel,374,2023,2023-05-15,1,0,F,F,T,F,F,F,F,F,F,F,F,?,135
Misteldrossel,374,2023,2023-06-09,0,0,NA,NA,NA,NA,NA,NA,NA,NA,NA,NA,NA,NA,160
Misteldrossel,376,2020,2020-03-24,1,0,F,T,F,F,?,F,F,F,F,F,F,?,84
Misteldrossel,376,2020,2020-04-24,1,0,F,F,F,F,?,F,F,F,F,F,F,?,115
Misteldrossel,376,2020,2020-05-14,0,0,NA,NA,NA,NA,NA,NA,NA,NA,NA,NA,NA,NA,135
Misteldrossel,376,2020,2020-06-08,0,0,NA,NA,NA,NA,NA,NA,NA,NA,NA,NA,NA,NA,160
Misteldrossel,376,2023,2023-03-21,1,0,F,T,F,F,F,F,F,F,F,F,F,?,80
Misteldrossel,376,2023,2023-04-18,0,0,NA,NA,NA,NA,NA,NA,NA,NA,NA,NA,NA,NA,108
Misteldrossel,376,2023,2023-05-13,0,0,NA,NA,NA,NA,NA,NA,NA,NA,NA,NA,NA,NA,133
Misteldrossel,376,2023,2023-06-13,1,0,F,T,F,F,F,F,F,F,F,F,F,?,164
Misteldrossel,387,2020,2020-03-25,0,0,NA,NA,NA,NA,NA,NA,NA,NA,NA,NA,NA,NA,85
Misteldrossel,387,2020,2020-04-22,0,0,NA,NA,NA,NA,NA,NA,NA,NA,NA,NA,NA,NA,113
Misteldrossel,387,2020,2020-05-28,1,0,F,T,F,F,?,F,F,F,F,F,F,?,149
Misteldrossel,387,2020,2020-06-12,0,0,NA,NA,NA,NA,NA,NA,NA,NA,NA,NA,NA,NA,164
Misteldrossel,395,2019,2019-03-29,4,0,F,T,F,T,?,F,F,F,F,F,F,?,88
Misteldrossel,395,2019,2019-04-15,0,0,NA,NA,NA,NA,NA,NA,NA,NA,NA,NA,NA,NA,105
Misteldrossel,395,2019,2019-05-08,0,0,NA,NA,NA,NA,NA,NA,NA,NA,NA,NA,NA,NA,128
Misteldrossel,395,2019,2019-06-06,0,0,NA,NA,NA,NA,NA,NA,NA,NA,NA,NA,NA,NA,157
Misteldrossel,395,2020,2020-03-20,1,0,F,F,F,F,?,F,F,F,F,F,F,?,80
Misteldrossel,395,2020,2020-04-27,1,0,F,T,F,F,?,F,F,F,F,F,F,?,118
Misteldrossel,395,2020,2020-05-11,4,0,F,F,T,F,?,F,F,F,F,F,F,?,132
Misteldrossel,395,2020,2020-06-03,0,0,NA,NA,NA,NA,NA,NA,NA,NA,NA,NA,NA,NA,155
Misteldrossel,395,2022,2022-03-21,0,0,NA,NA,NA,NA,NA,NA,NA,NA,NA,NA,NA,NA,80
Misteldrossel,395,2022,2022-04-22,0,0,NA,NA,NA,NA,NA,NA,NA,NA,NA,NA,NA,NA,112
Misteldrossel,395,2022,2022-05-19,0,0,NA,NA,NA,NA,NA,NA,NA,NA,NA,NA,NA,NA,139
Misteldrossel,395,2022,2022-06-13,3,0,F,F,T,F,?,F,F,F,F,F,F,?,164
Misteldrossel,395,2023,2023-03-27,0,0,NA,NA,NA,NA,NA,NA,NA,NA,NA,NA,NA,NA,86
Misteldrossel,395,2023,2023-04-24,4,0,F,T,F,F,F,F,F,F,F,F,F,?,114
Misteldrossel,395,2023,2023-05-15,0,0,NA,NA,NA,NA,NA,NA,NA,NA,NA,NA,NA,NA,135
Misteldrossel,395,2023,2023-06-13,1,0,F,F,T,F,F,F,F,F,F,F,F,?,164
Misteldrossel,396,2019,2019-03-21,0,0,NA,NA,NA,NA,NA,NA,NA,NA,NA,NA,NA,NA,80
Misteldrossel,396,2019,2019-04-29,2,0,F,F,F,F,?,F,F,F,F,F,F,?,119
Misteldrossel,396,2019,2019-05-09,1,0,F,F,F,F,?,F,F,F,F,F,F,?,129
Misteldrossel,396,2019,2019-06-05,7,0,F,T,F,F,?,F,F,F,F,F,F,?,156
Misteldrossel,396,2020,2020-03-25,0,0,NA,NA,NA,NA,NA,NA,NA,NA,NA,NA,NA,NA,85
Misteldrossel,396,2020,2020-04-23,2,0,F,T,F,F,?,F,F,F,F,F,F,?,114
Misteldrossel,396,2020,2020-05-18,4,0,F,F,F,F,T,F,F,F,F,F,F,?,139
Misteldrossel,396,2020,2020-06-18,3,0,F,F,F,F,?,F,F,F,F,F,F,?,170
Misteldrossel,396,2022,2022-03-28,1,0,F,T,F,F,?,F,F,F,F,F,F,?,87
Misteldrossel,396,2022,2022-04-22,0,0,NA,NA,NA,NA,NA,NA,NA,NA,NA,NA,NA,NA,112
Misteldrossel,396,2022,2022-05-16,0,0,NA,NA,NA,NA,NA,NA,NA,NA,NA,NA,NA,NA,136
Misteldrossel,396,2022,2022-06-15,0,0,NA,NA,NA,NA,NA,NA,NA,NA,NA,NA,NA,NA,166
Misteldrossel,396,2023,2023-03-28,0,0,NA,NA,NA,NA,NA,NA,NA,NA,NA,NA,NA,NA,87
Misteldrossel,396,2023,2023-04-21,3,3,T,F,T,F,F,F,F,F,F,F,F,?,111
Misteldrossel,396,2023,2023-05-16,3,0,F,F,T,F,F,F,F,F,T,T,T,?,136
Misteldrossel,396,2023,2023-06-12,2,0,F,F,F,F,F,F,F,F,F,F,F,?,163
Misteldrossel,398,2019,2019-03-27,1,0,F,T,F,F,?,F,F,F,F,F,F,?,86
Misteldrossel,398,2019,2019-04-15,1,0,F,F,F,F,?,F,F,F,F,F,F,?,105
Misteldrossel,398,2019,2019-05-16,0,0,NA,NA,NA,NA,NA,NA,NA,NA,NA,NA,NA,NA,136
Misteldrossel,398,2019,2019-06-04,1,0,F,F,F,F,?,F,F,F,F,F,F,?,155
Misteldrossel,398,2020,2020-03-26,3,0,F,F,F,F,?,F,F,F,F,F,F,?,86
Misteldrossel,398,2020,2020-04-08,0,0,NA,NA,NA,NA,NA,NA,NA,NA,NA,NA,NA,NA,99
Misteldrossel,398,2020,2020-04-28,0,0,NA,NA,NA,NA,NA,NA,NA,NA,NA,NA,NA,NA,119
Misteldrossel,398,2020,2020-06-02,1,0,F,F,F,F,?,F,F,F,F,F,F,?,154
Misteldrossel,398,2022,2022-03-22,2,0,F,T,F,F,?,F,F,F,F,F,F,?,81
Misteldrossel,398,2022,2022-04-25,0,0,NA,NA,NA,NA,NA,NA,NA,NA,NA,NA,NA,NA,115
Misteldrossel,398,2022,2022-05-20,0,0,NA,NA,NA,NA,NA,NA,NA,NA,NA,NA,NA,NA,140
Misteldrossel,398,2022,2022-06-13,0,0,NA,NA,NA,NA,NA,NA,NA,NA,NA,NA,NA,NA,164
Misteldrossel,398,2023,2023-03-20,2,0,F,T,T,F,F,F,F,F,F,F,F,?,79
Misteldrossel,398,2023,2023-04-17,1,0,F,T,F,F,F,F,F,F,F,F,F,?,107
Misteldrossel,398,2023,2023-05-09,0,0,NA,NA,NA,NA,NA,NA,NA,NA,NA,NA,NA,NA,129
Misteldrossel,398,2023,2023-05-30,0,0,NA,NA,NA,NA,NA,NA,NA,NA,NA,NA,NA,NA,150
Misteldrossel,403,2019,2019-03-24,3,0,F,F,F,F,?,F,F,F,F,F,F,?,83
Misteldrossel,403,2019,2019-04-19,0,0,NA,NA,NA,NA,NA,NA,NA,NA,NA,NA,NA,NA,109
Misteldrossel,403,2019,2019-04-20,0,0,NA,NA,NA,NA,NA,NA,NA,NA,NA,NA,NA,NA,110
Misteldrossel,403,2019,2019-05-13,0,0,NA,NA,NA,NA,NA,NA,NA,NA,NA,NA,NA,NA,133
Misteldrossel,403,2019,2019-06-14,0,0,NA,NA,NA,NA,NA,NA,NA,NA,NA,NA,NA,NA,165
Misteldrossel,403,2022,2022-03-22,1,0,F,T,F,F,?,F,F,F,F,F,F,?,81
Misteldrossel,403,2022,2022-04-25,0,0,NA,NA,NA,NA,NA,NA,NA,NA,NA,NA,NA,NA,115
Misteldrossel,403,2022,2022-05-20,0,0,NA,NA,NA,NA,NA,NA,NA,NA,NA,NA,NA,NA,140
Misteldrossel,403,2022,2022-06-13,1,0,F,F,T,F,?,F,F,F,F,F,F,?,164
Misteldrossel,403,2023,2023-03-21,2,2,T,F,F,F,F,F,F,F,F,F,F,?,80
Misteldrossel,403,2023,2023-04-19,1,0,F,T,F,F,F,F,F,F,F,F,F,?,109
Misteldrossel,403,2023,2023-05-10,0,0,NA,NA,NA,NA,NA,NA,NA,NA,NA,NA,NA,NA,130
Misteldrossel,403,2023,2023-06-05,1,1,T,F,F,F,F,F,F,F,F,F,F,?,156
