species,site,year,date,n_individuals,n_guests,guest,singing,calling,warning,aggressive_interaction,couple,female,nesting_material,feeding,nest,juvenile,territory,doy
Goldammer,2,2019,2019-03-31,7,0,?,T,T,?,?,T,?,?,?,?,?,?,90
Goldammer,2,2019,2019-04-18,3,0,?,?,T,?,?,?,?,?,?,?,?,?,108
Goldammer,2,2019,2019-05-03,6,0,?,T,T,?,?,T,?,?,?,?,?,?,123
Goldammer,2,2019,2019-06-14,2,0,?,?,T,?,?,?,?,?,?,?,?,?,165
Goldammer,2,2020,2020-04-09,2,0,F,F,T,F,?,F,F,F,F,F,F,?,100
Goldammer,2,2020,2020-05-06,5,0,F,F,T,F,?,T,F,F,F,F,F,?,127
Goldammer,2,2020,2020-03-26,7,0,F,T,T,F,?,F,F,F,F,F,F,?,86
Goldammer,2,2020,2020-06-12,9,0,F,F,T,F,T,F,F,F,F,F,F,?,164
Goldammer,2,2021,2021-03-29,10,0,F,F,T,F,?,T,F,F,F,F,F,?,88
Goldammer,2,2021,2021-05-07,7,0,F,T,T,F,?,F,F,F,F,F,F,?,127
Goldammer,2,2021,2021-06-07,6,0,F,T,T,F,?,F,F,F,F,F,F,?,158
Goldammer,2,2021,2021-04-19,5,0,F,F,T,F,?,F,F,F,F,F,F,?,109
Goldammer,2,2022,2022-03-25,6,0,F,T,T,F,F,F,F,F,F,F,F,?,84
Goldammer,2,2022,2022-05-04,7,0,F,T,T,F,F,F,F,F,F,F,F,?,124
Goldammer,2,2022,2022-06-15,3,0,F,T,T,F,F,F,F,F,F,F,F,?,166
Goldammer,2,2022,2022-04-14,4,0,F,T,T,F,F,F,F,F,F,F,F,?,104
Goldammer,2,2023,2023-04-03,3,0,F,T,T,F,?,F,F,F,F,F,F,?,93
Goldammer,2,2023,2023-06-07,3,0,F,T,T,F,?,F,F,F,F,F,F,?,158
Goldammer,2,2023,2023-03-25,4,0,F,F,T,F,?,F,F,F,F,F,F,?,84
Goldammer,2,2023,2023-05-02,6,0,F,T,T,F,?,F,F,F,F,F,F,?,122
Goldammer,3,2021,2021-03-28,6,6,T,T,F,F,?,T,F,F,F,F,F,?,87
Goldammer,3,2021,2021-05-16,6,0,F,T,F,F,?,T,F,F,F,F,F,?,136
Goldammer,3,2021,2021-06-13,9,0,T,T,F,F,?,T,T,F,F,F,F,?,164
Goldammer,3,2021,2021-04-16,12,12,T,T,F,F,?,T,T,F,F,F,F,?,106
Goldammer,4,2019,2019-03-22,6,0,F,T,T,F,?,F,F,F,F,F,F,?,81
Goldammer,4,2019,2019-04-16,9,0,F,T,T,F,?,T,F,F,F,F,F,?,106
Goldammer,4,2019,2019-05-09,10,0,F,T,T,F,?,T,F,F,F,F,F,?,129
Goldammer,4,2019,2019-06-05,10,0,F,T,T,F,?,F,F,F,F,F,F,?,156
Goldammer,4,2020,2020-03-18,12,0,F,T,T,F,?,T,F,F,F,F,F,?,78
Goldammer,4,2020,2020-04-16,17,0,F,T,T,F,?,T,F,F,F,F,F,?,107
Goldammer,4,2020,2020-05-07,9,0,F,T,T,F,?,T,F,F,F,F,F,?,128
Goldammer,4,2020,2020-06-02,11,0,F,T,T,F,?,F,F,F,F,F,F,?,154
Goldammer,4,2021,2021-03-24,10,0,?,T,T,F,?,T,F,?,F,F,F,?,83
Goldammer,4,2021,2021-04-20,6,0,?,F,T,F,?,T,F,?,F,F,F,?,110
Goldammer,4,2021,2021-05-15,7,0,?,T,T,F,?,F,F,?,F,F,F,?,135
Goldammer,4,2021,2021-06-04,8,0,?,T,T,F,?,T,F,?,F,F,F,?,155
Goldammer,4,2022,2022-03-21,6,0,F,T,T,F,?,F,F,F,F,F,F,?,80
Goldammer,4,2022,2022-04-18,6,0,F,T,T,F,?,F,F,F,F,F,F,?,108
Goldammer,4,2022,2022-05-12,7,0,F,T,F,F,?,T,F,F,F,F,F,?,132
Goldammer,4,2022,2022-06-02,3,0,F,T,F,F,?,F,F,F,F,F,F,?,153
Goldammer,4,2023,2023-03-18,6,0,F,T,T,F,F,F,F,F,F,F,F,?,77
Goldammer,4,2023,2023-04-26,4,0,F,T,T,F,F,F,F,F,F,F,F,?,116
Goldammer,4,2023,2023-05-19,4,0,F,T,T,F,F,F,F,F,F,F,F,?,139
Goldammer,4,2023,2023-06-07,4,0,F,T,T,F,F,F,F,F,F,F,F,?,158
Goldammer,6,2018,2018-03-26,2,0,F,T,T,F,?,F,F,F,F,F,F,?,85
Goldammer,6,2018,2018-04-15,3,0,F,T,T,F,?,F,T,F,F,F,F,?,105
Goldammer,6,2018,2018-05-19,2,0,F,F,F,F,?,F,F,F,F,T,F,?,139
Goldammer,6,2018,2018-06-09,3,0,F,T,F,F,?,F,F,F,F,F,F,?,160
Goldammer,6,2020,2020-04-13,6,0,F,T,T,F,?,T,F,F,F,F,F,?,104
Goldammer,6,2020,2020-06-13,7,0,F,T,F,F,?,F,F,F,F,F,F,?,165
Goldammer,6,2020,2020-03-28,5,0,F,F,F,F,?,T,T,F,F,F,F,?,88
Goldammer,6,2021,2021-03-28,6,0,F,T,T,F,?,F,F,F,F,F,F,?,87
Goldammer,6,2021,2021-05-08,4,0,F,T,F,F,?,T,T,F,F,F,F,?,128
Goldammer,6,2021,2021-06-05,5,0,F,T,F,F,?,T,F,F,F,F,F,?,156
Goldammer,6,2021,2021-04-24,5,0,F,F,F,F,?,T,F,F,F,F,F,?,114
Goldammer,7,2020,2020-03-15,13,0,T,F,T,F,T,T,F,F,F,F,F,?,75
Goldammer,7,2020,2020-04-10,7,0,F,F,T,F,?,F,F,F,F,F,F,?,101
Goldammer,7,2020,2020-05-17,7,0,F,T,T,F,?,F,F,F,F,F,F,?,138
Goldammer,7,2020,2020-05-31,6,0,F,T,T,F,?,F,F,F,F,F,F,?,152
Goldammer,7,2021,2021-03-17,5,0,F,T,T,F,?,T,?,F,F,F,F,?,76
Goldammer,7,2021,2021-05-09,6,0,F,T,T,F,?,F,?,F,F,F,F,?,129
Goldammer,7,2021,2021-05-27,5,0,F,T,T,F,?,F,?,F,F,F,F,?,147
Goldammer,7,2021,2021-06-08,5,0,F,T,T,F,?,F,?,F,F,F,F,?,159
Goldammer,10,2018,2018-03-26,9,0,F,T,F,F,?,T,F,F,F,F,F,?,85
Goldammer,10,2018,2018-04-18,13,0,F,T,T,F,T,F,F,F,F,F,F,?,108
Goldammer,10,2018,2018-05-07,5,0,F,T,F,F,?,F,F,F,F,F,F,?,127
Goldammer,10,2018,2018-05-18,5,0,F,T,F,F,?,F,F,F,F,F,F,?,138
Goldammer,10,2018,2018-05-23,17,0,T,T,F,F,?,T,F,T,F,F,F,?,143
Goldammer,10,2020,2020-03-17,10,10,T,T,F,F,?,T,T,F,F,F,F,?,77
Goldammer,10,2020,2020-04-10,14,0,T,T,T,F,T,T,F,F,F,F,F,?,101
Goldammer,10,2020,2020-05-01,14,0,T,T,T,F,?,T,F,F,F,F,F,?,122
Goldammer,10,2020,2020-05-31,12,12,T,T,F,F,T,F,F,F,F,F,F,?,152
Goldammer,10,2021,2021-04-01,17,0,T,T,T,F,T,T,F,F,F,F,F,?,91
Goldammer,10,2021,2021-04-24,12,12,T,T,T,F,T,F,F,F,F,F,F,?,114
Goldammer,10,2021,2021-05-16,9,0,T,T,F,F,?,T,F,F,F,F,F,?,136
Goldammer,10,2021,2021-06-01,6,0,T,T,F,F,?,F,T,F,F,F,F,?,152
Goldammer,12,2018,2018-03-25,0,0,NA,NA,NA,NA,NA,NA,NA,NA,NA,NA,NA,NA,84
Goldammer,12,2018,2018-04-14,2,0,F,T,F,F,?,F,F,F,F,F,F,?,104
Goldammer,12,2018,2018-06-16,6,0,F,T,F,F,?,F,F,F,F,F,T,?,167
Goldammer,12,2020,2020-03-20,2,0,F,F,F,F,?,F,F,F,F,F,F,?,80
Goldammer,12,2020,2020-04-09,2,0,F,F,F,F,?,F,F,F,F,F,F,?,100
Goldammer,12,2020,2020-05-08,3,0,F,F,F,F,?,F,F,F,F,F,F,?,129
Goldammer,12,2020,2020-06-21,1,0,F,F,F,F,?,F,F,F,F,F,F,?,173
Goldammer,13,2018,2018-03-25,21,0,F,T,T,F,?,F,F,F,F,F,F,?,84
Goldammer,13,2018,2018-04-19,12,0,F,T,T,F,?,T,F,F,F,F,F,?,109
Goldammer,13,2018,2018-05-12,6,0,F,T,T,F,?,F,F,F,F,F,F,?,132
Goldammer,13,2018,2018-06-03,8,0,F,T,T,F,?,F,F,F,F,F,F,?,154
Goldammer,13,2020,2020-03-28,10,0,F,T,T,F,?,T,F,F,F,F,F,?,88
Goldammer,13,2020,2020-04-19,11,0,F,T,T,F,?,T,F,F,F,F,F,?,110
Goldammer,13,2020,2020-05-10,12,0,F,T,T,F,?,F,F,F,F,F,F,?,131
Goldammer,13,2020,2020-06-05,9,0,F,T,T,F,?,F,F,F,F,F,F,?,157
Goldammer,13,2021,2021-03-28,17,0,F,T,T,F,?,T,F,F,T,F,F,?,87
Goldammer,13,2021,2021-04-18,13,0,F,T,T,F,?,F,F,F,F,F,F,?,108
Goldammer,13,2021,2021-05-10,14,0,F,T,T,F,?,T,F,F,F,F,F,?,130
Goldammer,13,2021,2021-06-05,7,0,F,T,T,F,?,F,F,F,F,F,F,?,156
Goldammer,14,2018,2018-03-14,5,0,F,T,F,F,?,F,F,F,F,F,F,?,73
Goldammer,14,2018,2018-04-11,3,0,F,T,F,F,?,F,F,F,F,F,F,?,101
Goldammer,14,2018,2018-05-08,5,0,F,T,F,F,?,F,F,F,F,F,F,?,128
Goldammer,14,2018,2018-06-11,3,0,F,F,F,F,?,F,F,F,F,F,F,?,162
Goldammer,14,2018,2018-03-18,0,0,NA,NA,NA,NA,NA,NA,NA,NA,NA,NA,NA,NA,77
Goldammer,14,2020,2020-03-15,3,0,F,T,F,F,?,F,F,F,F,F,F,?,75
Goldammer,14,2020,2020-04-18,4,0,F,F,T,F,?,T,F,F,F,F,F,?,109
Goldammer,14,2020,2020-05-09,4,0,F,F,T,F,?,F,F,F,F,F,F,?,130
Goldammer,14,2020,2020-06-17,3,0,F,T,F,F,?,F,F,F,F,F,F,?,169
Goldammer,14,2021,2021-06-13,14,0,F,T,T,F,?,F,?,F,F,F,F,?,164
Goldammer,15,2019,2019-03-29,16,0,?,T,F,?,?,T,T,?,?,?,?,?,88
Goldammer,15,2019,2019-04-18,16,0,?,T,T,?,?,T,?,?,?,?,?,?,108
Goldammer,15,2019,2019-05-01,15,0,?,T,F,?,?,T,?,?,?,?,?,?,121
Goldammer,15,2019,2019-06-03,12,0,?,T,T,?,?,?,?,?,?,?,?,?,154
Goldammer,15,2020,2020-03-16,17,0,?,T,T,?,?,T,?,?,?,?,?,?,76
Goldammer,15,2020,2020-04-13,15,0,?,T,T,?,?,T,T,?,?,?,?,?,104
Goldammer,15,2020,2020-05-09,10,0,?,T,?,?,?,?,?,?,?,?,?,?,130
Goldammer,15,2020,2020-05-26,20,0,?,T,F,?,?,T,?,?,?,?,?,?,147
Goldammer,15,2021,2021-03-29,14,0,?,T,T,?,?,T,?,?,?,?,?,?,88
Goldammer,15,2021,2021-04-18,14,0,?,T,T,?,?,T,?,?,?,?,?,?,108
Goldammer,15,2021,2021-05-14,8,0,?,T,T,?,?,?,?,?,?,?,?,?,134
Goldammer,15,2021,2021-06-18,8,0,?,T,?,?,?,?,?,?,?,?,?,?,169
Goldammer,15,2021,2021-03-16,0,0,NA,NA,NA,NA,NA,NA,NA,NA,NA,NA,NA,NA,75
Goldammer,15,2022,2022-03-17,0,0,NA,NA,NA,NA,NA,NA,NA,NA,NA,NA,NA,NA,76
Goldammer,15,2022,2022-04-21,5,0,F,T,T,F,F,F,F,F,F,F,F,?,111
Goldammer,15,2022,2022-05-08,9,0,F,T,T,F,F,F,F,F,F,F,F,?,128
Goldammer,15,2022,2022-05-29,6,0,F,T,F,F,F,F,F,F,F,F,F,?,149
Goldammer,15,2022,2022-03-16,0,0,NA,NA,NA,NA,NA,NA,NA,NA,NA,NA,NA,NA,75
Goldammer,15,2023,2023-03-23,0,0,NA,NA,NA,NA,NA,NA,NA,NA,NA,NA,NA,NA,82
Goldammer,15,2023,2023-04-19,7,0,F,T,F,F,?,T,T,F,F,F,F,?,109
Goldammer,15,2023,2023-05-11,8,0,F,T,T,F,?,F,F,F,F,F,F,?,131
Goldammer,15,2023,2023-06-13,8,0,F,T,F,T,?,F,T,T,F,F,F,?,164
Goldammer,18,2019,2019-03-30,11,0,F,T,T,F,?,T,F,F,F,F,F,?,89
Goldammer,18,2019,2019-04-19,13,0,F,T,T,F,?,T,F,F,F,F,F,?,109
Goldammer,18,2019,2019-05-02,8,0,F,T,T,F,?,T,F,F,F,F,F,?,122
Goldammer,18,2019,2019-05-23,5,0,F,T,F,F,?,F,F,F,F,F,F,?,143
Goldammer,18,2019,2019-06-18,0,0,NA,NA,NA,NA,NA,NA,NA,NA,NA,NA,NA,NA,169
Goldammer,18,2019,2019-03-03,0,0,NA,NA,NA,NA,NA,NA,NA,NA,NA,NA,NA,NA,62
Goldammer,18,2021,2021-04-16,22,0,F,T,?,?,?,T,T,?,?,?,?,?,106
Goldammer,18,2021,2021-05-14,10,0,F,T,?,?,?,T,F,?,?,?,?,?,134
Goldammer,18,2021,2021-06-14,17,0,F,T,?,?,?,?,T,?,?,?,?,?,165
Goldammer,20,2019,2019-03-28,10,0,F,T,T,F,?,F,F,F,F,F,F,?,87
Goldammer,20,2019,2019-04-25,5,0,F,T,T,F,?,F,T,F,F,F,F,?,115
Goldammer,20,2019,2019-05-13,4,0,F,T,F,F,?,F,F,F,F,F,F,?,133
Goldammer,20,2019,2019-05-27,3,0,F,T,T,F,?,F,F,F,F,F,F,?,147
Goldammer,21,2019,2019-03-29,12,0,F,T,T,F,?,T,F,F,F,F,F,?,88
Goldammer,21,2019,2019-04-24,8,0,F,T,F,F,?,F,T,F,F,F,F,?,114
Goldammer,21,2019,2019-05-03,7,0,F,T,T,F,?,F,F,F,F,F,F,?,123
Goldammer,21,2019,2019-05-24,7,0,F,T,T,F,?,F,F,F,F,F,F,?,144
Goldammer,22,2019,2019-03-27,13,0,F,T,F,F,?,T,T,F,F,F,F,?,86
Goldammer,22,2019,2019-04-23,11,0,F,T,F,F,?,T,T,F,F,F,F,?,113
Goldammer,22,2019,2019-05-10,10,0,F,T,T,F,T,F,F,F,F,F,F,?,130
Goldammer,22,2019,2019-06-17,8,0,F,T,F,F,?,F,T,F,F,F,F,?,168
Goldammer,23,2019,2019-03-26,14,0,F,T,T,F,?,T,T,F,F,F,F,?,85
Goldammer,23,2019,2019-04-26,10,0,F,T,T,F,?,T,F,F,F,F,F,?,116
Goldammer,23,2019,2019-05-14,9,0,F,T,F,F,?,T,T,F,F,F,F,?,134
Goldammer,23,2019,2019-06-18,12,0,F,T,T,T,?,F,F,F,F,F,F,?,169
Goldammer,25,2020,2020-03-19,8,0,F,T,T,F,?,T,F,F,F,F,F,?,79
Goldammer,25,2020,2020-04-17,11,0,F,T,F,F,?,T,T,F,F,F,F,?,108
Goldammer,25,2020,2020-05-08,2,0,F,T,F,F,?,F,F,F,F,F,F,?,129
Goldammer,25,2020,2020-05-30,4,0,F,T,F,F,?,F,F,F,F,F,F,?,151
Goldammer,25,2021,2021-04-24,5,0,F,T,F,F,?,F,?,F,F,F,F,?,114
Goldammer,25,2021,2021-05-09,4,0,F,T,F,T,?,F,?,F,F,F,F,?,129
Goldammer,25,2021,2021-05-24,7,0,F,T,F,F,?,T,T,F,F,F,F,?,144
Goldammer,28,2019,2019-03-21,8,0,F,T,F,F,?,F,F,F,F,F,F,?,80
Goldammer,28,2019,2019-04-16,6,0,F,T,F,F,?,T,F,F,F,F,F,?,106
Goldammer,28,2019,2019-05-08,11,0,F,T,F,F,?,T,F,F,F,F,F,?,128
Goldammer,28,2019,2019-06-09,9,0,F,T,F,F,?,F,F,F,F,F,F,?,160
Goldammer,28,2019,2019-04-17,0,0,NA,NA,NA,NA,NA,NA,NA,NA,NA,NA,NA,NA,107
Goldammer,28,2019,2019-06-15,0,0,NA,NA,NA,NA,NA,NA,NA,NA,NA,NA,NA,NA,166
Goldammer,29,2019,2019-03-27,7,0,F,T,F,F,?,F,F,F,F,F,F,?,86
Goldammer,29,2019,2019-04-26,6,0,F,T,F,F,?,F,F,F,F,F,F,?,116
Goldammer,29,2019,2019-05-15,13,0,F,T,T,F,?,F,T,F,F,F,F,?,135
Goldammer,29,2019,2019-06-18,11,0,F,T,T,F,?,F,F,F,F,F,F,?,169
Goldammer,29,2019,2019-06-20,0,0,NA,NA,NA,NA,NA,NA,NA,NA,NA,NA,NA,NA,171
Goldammer,36,2018,2018-03-24,4,0,F,T,F,F,?,F,F,F,F,F,F,?,83
Goldammer,36,2018,2018-04-18,3,0,F,T,F,F,?,F,F,F,F,F,F,?,108
Goldammer,36,2018,2018-05-11,4,0,F,T,F,F,?,F,F,F,F,F,F,?,131
Goldammer,36,2018,2018-06-03,3,0,F,T,F,F,?,F,F,F,F,F,F,?,154
Goldammer,36,2020,2020-03-28,2,0,F,T,F,F,?,F,F,F,F,F,F,?,88
Goldammer,36,2020,2020-04-17,5,0,F,T,T,F,?,F,F,F,F,F,F,?,108
Goldammer,36,2020,2020-05-08,3,3,T,T,F,F,?,F,T,F,F,F,F,?,129
Goldammer,36,2020,2020-06-11,3,0,F,T,F,F,?,F,F,F,F,F,F,?,163
Goldammer,36,2021,2021-03-27,4,0,F,T,F,F,?,F,F,F,F,F,F,?,86
Goldammer,36,2021,2021-04-24,6,0,?,T,?,?,?,?,?,?,?,?,?,?,114
Goldammer,36,2021,2021-05-13,4,0,F,T,F,F,?,F,F,F,F,F,F,?,133
Goldammer,36,2021,2021-06-06,5,0,F,T,F,F,?,F,F,F,F,F,F,?,157
Goldammer,38,2019,2019-03-19,8,0,F,T,F,F,?,T,F,F,F,F,F,?,78
Goldammer,38,2019,2019-04-14,8,0,F,T,F,F,?,F,F,F,F,F,F,?,104
Goldammer,38,2019,2019-05-06,11,0,F,T,F,F,?,F,F,F,F,F,F,?,126
Goldammer,38,2019,2019-06-06,15,0,F,T,T,F,?,T,F,F,F,F,F,?,157
Goldammer,39,2019,2019-03-19,3,0,F,T,F,F,?,F,F,F,F,F,F,?,78
Goldammer,39,2019,2019-04-15,2,0,F,T,F,F,?,F,F,F,F,F,F,?,105
Goldammer,39,2019,2019-05-07,2,0,F,T,F,F,?,F,F,F,F,F,F,?,127
Goldammer,39,2019,2019-06-08,2,0,F,T,F,F,?,F,F,F,F,F,F,?,159
Goldammer,41,2020,2020-03-16,0,0,NA,NA,NA,NA,NA,NA,NA,NA,NA,NA,NA,NA,76
Goldammer,41,2020,2020-04-20,1,0,F,F,T,F,?,F,F,F,F,F,F,?,111
Goldammer,41,2020,2020-05-19,1,0,F,T,F,F,?,F,F,F,F,F,F,?,140
Goldammer,41,2020,2020-06-19,1,0,F,T,F,F,?,F,F,F,F,F,F,?,171
Goldammer,41,2021,2021-03-30,3,0,F,T,T,F,?,F,F,F,F,F,F,?,89
Goldammer,41,2021,2021-04-30,0,0,NA,NA,NA,NA,NA,NA,NA,NA,NA,NA,NA,NA,120
Goldammer,41,2021,2021-05-20,1,0,F,T,F,F,?,F,F,F,F,F,F,?,140
Goldammer,41,2021,2021-05-25,2,0,F,F,T,F,?,F,?,F,F,F,F,?,145
Goldammer,41,2021,2021-06-15,1,0,F,F,T,F,?,F,F,F,F,F,F,?,166
Goldammer,42,2020,2020-03-27,5,0,F,T,T,F,?,F,F,F,F,F,F,?,87
Goldammer,42,2020,2020-04-24,5,0,F,F,T,F,?,F,F,F,F,F,F,?,115
Goldammer,42,2020,2020-05-16,4,0,F,T,T,F,?,F,F,F,F,F,F,?,137
Goldammer,42,2020,2020-06-03,6,0,F,T,T,F,?,F,F,F,F,F,F,?,155
Goldammer,42,2021,2021-03-31,20,0,F,T,T,F,?,F,F,F,F,F,F,?,90
Goldammer,42,2021,2021-05-19,7,0,F,T,T,F,?,F,F,F,F,F,F,?,139
Goldammer,42,2021,2021-06-13,10,0,F,T,T,F,?,F,F,F,F,F,F,?,164
Goldammer,43,2019,2019-03-22,7,0,F,T,T,F,?,F,F,F,F,F,F,?,81
Goldammer,43,2019,2019-04-26,3,0,F,T,T,F,?,T,F,F,F,F,F,?,116
Goldammer,43,2019,2019-05-17,2,0,F,T,T,F,?,F,F,F,F,F,F,?,137
Goldammer,43,2019,2019-06-14,6,0,F,T,F,F,?,F,F,F,F,F,F,?,165
Goldammer,43,2020,2020-03-26,2,0,F,F,F,F,F,T,F,F,F,F,F,?,86
Goldammer,43,2020,2020-04-21,3,0,F,T,F,F,F,T,F,F,F,F,F,?,112
Goldammer,43,2020,2020-05-13,4,0,F,T,T,F,F,F,F,F,F,F,F,?,134
Goldammer,43,2020,2020-06-18,5,0,F,T,F,F,F,F,T,F,F,F,F,?,170
Goldammer,43,2021,2021-03-24,11,0,F,T,T,F,F,F,F,F,F,F,F,?,83
Goldammer,43,2021,2021-04-22,13,0,F,T,T,F,F,F,F,F,F,F,F,?,112
Goldammer,43,2021,2021-05-21,5,0,F,T,T,F,F,F,F,F,F,F,F,?,141
Goldammer,43,2021,2021-06-17,7,0,F,T,F,F,F,T,F,F,F,F,F,?,168
Goldammer,43,2022,2022-03-28,2,0,F,F,T,F,F,T,F,F,F,F,F,?,87
Goldammer,43,2022,2022-04-28,1,0,F,T,F,F,F,F,F,F,F,F,F,?,118
Goldammer,43,2022,2022-05-20,5,0,F,T,F,F,F,F,F,F,F,F,F,?,140
Goldammer,43,2022,2022-06-20,3,0,F,T,F,F,F,F,F,F,F,F,F,?,171
Goldammer,43,2023,2023-04-24,2,0,F,T,F,F,F,F,F,F,F,F,F,?,114
Goldammer,43,2023,2023-05-16,0,0,NA,NA,NA,NA,NA,NA,NA,NA,NA,NA,NA,NA,136
Goldammer,43,2023,2023-06-14,1,0,F,T,F,F,F,F,F,F,F,F,F,?,165
Goldammer,43,2023,2023-03-22,2,0,F,T,T,F,F,F,F,F,F,F,F,?,81
Goldammer,47,2020,2020-03-17,2,0,F,T,F,F,?,F,F,F,F,F,F,?,77
Goldammer,47,2020,2020-04-17,0,0,NA,NA,NA,NA,NA,NA,NA,NA,NA,NA,NA,NA,108
Goldammer,47,2020,2020-05-15,0,0,NA,NA,NA,NA,NA,NA,NA,NA,NA,NA,NA,NA,136
Goldammer,47,2020,2020-06-18,3,0,F,T,F,F,?,F,F,F,F,F,F,?,170
Goldammer,47,2021,2021-03-25,1,0,F,T,F,F,?,F,F,F,F,F,F,?,84
Goldammer,47,2021,2021-04-27,0,0,NA,NA,NA,NA,NA,NA,NA,NA,NA,NA,NA,NA,117
Goldammer,47,2021,2021-05-19,1,0,F,T,F,F,?,F,F,F,F,F,F,?,139
Goldammer,47,2021,2021-06-19,0,0,NA,NA,NA,NA,NA,NA,NA,NA,NA,NA,NA,NA,170
Goldammer,48,2020,2020-03-31,0,0,NA,NA,NA,NA,NA,NA,NA,NA,NA,NA,NA,NA,91
Goldammer,48,2020,2020-04-29,3,0,F,T,F,F,?,F,T,F,F,F,F,?,120
Goldammer,48,2020,2020-05-19,4,0,F,T,F,F,?,F,F,F,F,F,F,?,140
Goldammer,48,2020,2020-06-20,2,0,F,T,F,F,?,F,F,F,F,F,F,?,172
Goldammer,48,2021,2021-03-28,3,0,?,T,?,?,?,?,?,?,?,?,?,?,87
Goldammer,48,2021,2021-04-28,2,0,?,T,?,?,?,?,?,?,?,?,?,?,118
Goldammer,48,2021,2021-05-20,2,0,?,T,?,?,?,?,?,?,?,?,?,?,140
Goldammer,48,2021,2021-06-21,0,0,NA,NA,NA,NA,NA,NA,NA,NA,NA,NA,NA,NA,172
Goldammer,53,2018,2018-03-25,3,0,?,T,F,F,?,F,T,F,F,F,F,?,84
Goldammer,53,2018,2018-04-29,8,0,?,T,F,F,?,F,F,F,F,F,F,?,119
Goldammer,53,2018,2018-05-27,4,0,?,T,F,F,?,F,F,F,F,F,F,?,147
Goldammer,53,2018,2018-06-10,5,0,?,T,F,F,?,F,F,F,F,F,F,?,161
Goldammer,53,2020,2020-03-29,3,0,F,F,F,F,?,F,F,F,F,F,F,?,89
Goldammer,53,2020,2020-04-25,3,0,F,T,F,F,?,F,F,F,F,F,F,?,116
Goldammer,53,2020,2020-05-24,3,0,F,T,F,F,?,F,F,F,F,F,F,?,145
Goldammer,53,2020,2020-06-01,3,0,F,T,F,F,?,F,F,F,F,F,F,?,153
Goldammer,53,2021,2021-03-28,9,0,?,?,?,?,?,T,?,?,?,?,?,?,87
Goldammer,53,2021,2021-04-25,7,0,?,T,?,?,?,?,?,?,?,?,?,?,115
Goldammer,53,2021,2021-05-23,3,0,?,T,?,?,?,?,?,?,?,?,?,?,143
Goldammer,53,2021,2021-06-20,4,0,F,T,F,F,?,F,F,F,F,F,F,?,171
Goldammer,54,2018,2018-03-20,5,0,F,T,F,F,?,F,F,F,F,F,F,?,79
Goldammer,54,2018,2018-04-15,2,0,F,T,F,F,?,F,T,T,F,F,F,?,105
Goldammer,54,2018,2018-05-13,4,0,F,T,F,F,?,F,F,T,F,F,F,?,133
Goldammer,54,2018,2018-06-05,11,0,F,T,F,F,?,T,T,F,F,F,F,?,156
Goldammer,54,2020,2020-03-15,4,0,F,T,F,F,?,T,F,F,F,F,F,?,75
Goldammer,54,2020,2020-04-13,1,0,F,T,F,F,?,F,F,F,F,F,F,?,104
Goldammer,54,2020,2020-05-19,3,0,F,T,F,F,?,F,F,F,F,F,F,?,140
Goldammer,54,2020,2020-06-13,5,0,F,T,F,F,?,F,F,F,F,F,F,?,165
Goldammer,54,2021,2021-03-28,2,0,F,T,F,F,?,T,F,F,F,F,F,?,87
Goldammer,54,2021,2021-04-20,1,0,F,T,F,F,?,F,F,F,F,F,F,?,110
Goldammer,54,2021,2021-05-13,3,0,F,F,F,F,?,T,T,F,F,F,F,?,133
Goldammer,54,2021,2021-06-13,1,0,F,F,F,F,?,F,F,F,F,F,F,?,164
Goldammer,56,2018,2018-03-25,3,0,F,F,T,F,?,F,T,F,F,F,F,?,84
Goldammer,56,2018,2018-04-17,6,0,F,T,T,F,?,F,F,F,F,F,F,?,107
Goldammer,56,2018,2018-05-08,2,0,F,T,F,F,?,F,F,F,F,F,F,?,128
Goldammer,56,2018,2018-06-02,3,0,F,T,F,F,?,F,F,F,F,F,F,?,153
Goldammer,56,2020,2020-03-22,8,0,T,F,T,F,?,F,F,F,F,F,F,?,82
Goldammer,56,2020,2020-04-11,5,0,F,T,T,F,?,F,F,F,F,F,F,?,102
Goldammer,56,2020,2020-05-09,3,0,F,T,T,F,?,F,F,F,F,F,F,?,130
Goldammer,56,2020,2020-06-07,3,0,F,T,F,F,T,F,F,F,F,F,F,?,159
Goldammer,56,2021,2021-03-28,4,0,F,T,T,F,?,F,F,F,F,F,F,?,87
Goldammer,56,2021,2021-04-25,7,0,F,T,T,F,?,F,F,F,F,F,F,?,115
Goldammer,56,2021,2021-05-08,1,0,F,T,F,F,?,F,F,F,F,F,F,?,128
Goldammer,56,2021,2021-05-28,1,0,F,T,F,F,?,F,F,F,F,F,F,?,148
Goldammer,57,2019,2019-03-26,3,0,F,T,F,F,?,F,F,F,F,F,F,?,85
Goldammer,57,2019,2019-05-14,2,0,F,T,F,F,?,F,F,F,F,F,F,?,134
Goldammer,57,2019,2019-06-19,5,0,F,T,F,F,?,F,F,F,F,F,F,?,170
Goldammer,57,2019,2019-04-25,4,0,F,T,T,F,?,F,F,F,F,F,F,?,115
Goldammer,58,2018,2018-03-25,14,0,F,T,T,F,?,F,F,F,F,F,F,?,84
Goldammer,58,2018,2018-04-30,2,0,F,T,F,F,?,F,F,F,F,F,F,?,120
Goldammer,58,2018,2018-05-12,6,0,F,T,T,F,?,F,F,F,F,F,F,?,132
Goldammer,58,2018,2018-06-10,4,0,F,T,F,F,?,F,T,F,F,F,F,?,161
Goldammer,59,2018,2018-03-21,9,0,F,T,T,F,?,F,F,F,F,F,F,?,80
Goldammer,59,2018,2018-04-14,10,0,F,T,F,F,T,T,F,F,F,F,F,?,104
Goldammer,59,2018,2018-05-09,5,0,F,T,T,F,?,F,F,F,F,F,F,?,129
Goldammer,59,2018,2018-06-05,6,0,F,T,F,F,?,T,F,F,F,F,F,?,156
Goldammer,59,2020,2020-03-22,9,0,F,T,T,F,?,F,F,F,F,F,F,?,82
Goldammer,59,2020,2020-04-18,9,0,F,T,T,F,?,F,F,F,F,F,F,?,109
Goldammer,59,2020,2020-05-06,7,0,F,T,F,F,?,F,F,F,F,F,F,?,127
Goldammer,59,2020,2020-06-03,8,0,F,T,F,F,?,T,T,F,F,F,F,?,155
Goldammer,59,2021,2021-03-29,9,0,F,T,T,F,?,T,F,F,F,F,F,?,88
Goldammer,59,2021,2021-04-22,6,0,F,T,F,F,?,F,F,F,F,F,F,?,112
Goldammer,59,2021,2021-05-10,6,0,F,T,F,F,?,F,T,F,F,F,F,?,130
Goldammer,59,2021,2021-06-10,5,0,F,T,F,F,?,F,F,F,F,F,F,?,161
Goldammer,60,2019,2019-03-22,2,0,F,F,F,F,?,F,F,F,F,F,F,?,81
Goldammer,60,2019,2019-04-17,6,0,F,T,F,F,?,F,F,F,F,F,F,?,107
Goldammer,60,2019,2019-05-09,5,0,F,T,F,F,?,F,F,F,F,F,F,?,129
Goldammer,60,2019,2019-06-10,3,0,F,T,F,F,?,F,F,F,F,F,F,?,161
Goldammer,61,2018,2018-03-17,2,0,F,F,F,F,?,T,F,F,F,F,F,?,76
Goldammer,61,2018,2018-04-07,6,0,T,T,F,F,?,F,F,F,F,F,F,?,97
Goldammer,61,2018,2018-05-05,3,0,F,T,F,F,?,F,F,F,F,F,F,?,125
Goldammer,61,2018,2018-06-02,8,0,F,T,F,F,?,F,F,F,F,F,F,?,153
Goldammer,61,2020,2020-03-14,18,0,F,T,F,F,?,T,F,F,F,F,F,?,74
Goldammer,61,2020,2020-04-04,1,0,F,T,F,F,?,F,F,F,F,F,F,?,95
Goldammer,61,2020,2020-05-02,2,0,F,T,F,F,?,F,F,F,F,F,F,?,123
Goldammer,61,2020,2020-05-30,4,0,F,T,F,F,?,T,F,T,F,F,F,?,151
Goldammer,61,2021,2021-03-21,11,0,F,F,T,F,?,F,F,F,F,F,F,?,80
Goldammer,61,2021,2021-04-10,4,0,F,T,T,F,?,F,F,F,F,F,F,?,100
Goldammer,61,2021,2021-05-08,4,0,F,T,F,F,?,F,F,F,F,F,F,?,128
Goldammer,61,2021,2021-06-05,3,0,F,T,F,F,?,F,F,F,F,F,F,?,156
Goldammer,62,2019,2019-03-19,10,0,F,T,T,F,?,T,F,F,F,F,F,?,78
Goldammer,62,2019,2019-04-19,10,0,F,T,F,F,?,F,T,F,F,F,F,?,109
Goldammer,62,2019,2019-05-10,12,0,F,T,F,F,?,F,F,F,F,F,F,?,130
Goldammer,62,2019,2019-06-15,12,0,F,T,F,F,?,F,F,F,F,F,F,?,166
Goldammer,63,2019,2019-03-31,0,0,NA,NA,NA,NA,NA,NA,NA,NA,NA,NA,NA,NA,90
Goldammer,63,2019,2019-04-27,1,0,F,T,F,F,?,F,F,F,F,F,F,?,117
Goldammer,63,2019,2019-05-18,2,0,F,T,F,F,?,F,F,F,F,F,F,?,138
Goldammer,63,2019,2019-06-16,1,0,F,T,F,F,?,F,F,F,F,F,F,?,167
Goldammer,64,2019,2019-03-30,5,0,F,T,F,F,?,F,F,F,F,F,F,?,89
Goldammer,64,2019,2019-04-30,3,0,F,T,F,F,?,F,F,F,F,F,F,?,120
Goldammer,64,2019,2019-05-19,8,0,F,T,F,F,?,T,F,F,F,F,F,?,139
Goldammer,64,2019,2019-06-15,5,0,F,T,F,F,?,F,F,F,F,F,F,?,166
Goldammer,67,2019,2019-03-18,5,0,F,T,F,F,?,F,F,F,F,F,F,?,77
Goldammer,67,2019,2019-04-15,7,0,F,T,T,F,?,F,T,F,F,F,F,?,105
Goldammer,67,2019,2019-05-02,6,0,F,T,T,F,?,F,F,F,F,F,F,?,122
Goldammer,67,2019,2019-05-24,5,0,F,T,T,F,?,F,F,F,F,F,F,?,144
Goldammer,67,2020,2020-03-17,6,0,F,T,T,F,?,F,T,F,F,F,F,?,77
Goldammer,67,2020,2020-04-15,8,0,F,T,T,F,?,F,T,F,F,F,F,?,106
Goldammer,67,2020,2020-05-05,4,0,F,T,F,F,?,F,F,F,F,F,F,?,126
Goldammer,67,2020,2020-05-27,4,0,F,T,T,F,?,F,F,F,F,F,F,?,148
Goldammer,67,2021,2021-03-22,9,0,F,T,T,F,?,T,T,F,F,F,F,?,81
Goldammer,67,2021,2021-04-14,12,0,F,T,T,F,?,F,F,F,F,F,F,?,104
Goldammer,67,2021,2021-05-07,9,0,F,T,T,F,?,F,F,F,F,F,F,?,127
Goldammer,67,2021,2021-05-27,6,0,F,T,T,F,?,F,F,F,F,F,F,?,147
Goldammer,67,2022,2022-03-15,15,0,F,T,T,F,F,T,T,F,F,F,F,?,74
Goldammer,67,2022,2022-04-13,10,0,F,T,T,F,F,T,T,F,F,F,F,?,103
Goldammer,67,2022,2022-05-03,7,0,F,T,T,F,F,F,F,F,F,F,F,?,123
Goldammer,67,2022,2022-06-01,4,0,F,T,F,F,F,F,F,F,F,F,F,?,152
Goldammer,67,2023,2023-03-17,10,0,F,T,T,F,F,T,F,F,F,F,F,?,76
Goldammer,67,2023,2023-04-17,9,0,F,T,T,F,F,F,T,F,F,F,F,?,107
Goldammer,67,2023,2023-05-03,8,0,F,T,T,F,F,T,F,F,F,F,F,?,123
Goldammer,67,2023,2023-05-22,3,0,F,T,F,F,F,F,F,F,F,F,F,?,142
Goldammer,68,2019,2019-03-19,18,0,F,T,T,F,?,F,T,F,F,F,F,?,78
Goldammer,68,2019,2019-04-18,5,0,F,T,T,F,?,T,F,F,F,F,F,?,108
Goldammer,68,2019,2019-05-06,8,0,F,T,T,F,?,F,T,F,F,F,F,?,126
Goldammer,68,2019,2019-05-29,8,0,F,T,T,F,?,F,F,F,F,F,F,?,149
Goldammer,68,2020,2020-03-18,9,0,F,T,T,F,?,F,F,F,F,F,F,?,78
Goldammer,68,2020,2020-04-16,9,0,F,T,T,F,?,F,F,F,F,F,F,?,107
Goldammer,68,2020,2020-05-07,12,0,F,T,T,F,?,F,F,F,F,F,F,?,128
Goldammer,68,2020,2020-05-28,11,0,F,T,T,F,?,F,F,F,F,F,F,?,149
Goldammer,68,2021,2021-03-24,13,0,F,T,T,F,?,F,T,F,F,F,F,?,83
Goldammer,68,2021,2021-04-16,13,0,F,T,T,F,?,T,F,F,F,F,F,?,106
Goldammer,68,2021,2021-05-03,11,0,F,T,T,F,?,F,F,F,F,F,F,?,123
Goldammer,68,2021,2021-06-01,10,0,F,T,T,F,?,T,F,F,F,F,F,?,152
Goldammer,68,2022,2022-03-21,12,0,F,T,T,F,F,F,F,F,F,F,F,?,80
Goldammer,68,2022,2022-04-19,9,0,F,T,T,F,F,F,T,F,F,F,F,?,109
Goldammer,68,2022,2022-05-05,10,0,F,T,T,F,F,F,T,F,F,F,F,?,125
Goldammer,68,2022,2022-06-03,16,0,F,T,T,F,F,F,T,F,F,F,F,?,154
Goldammer,68,2023,2023-03-20,9,0,F,T,T,F,F,T,F,F,F,F,F,?,79
Goldammer,68,2023,2023-04-14,9,0,F,T,T,F,F,T,T,F,F,F,F,?,104
Goldammer,68,2023,2023-05-04,9,0,F,T,T,F,F,F,F,F,F,F,F,?,124
Goldammer,68,2023,2023-06-01,12,0,F,T,F,F,F,T,F,F,T,F,F,?,152
Goldammer,69,2019,2019-03-23,4,0,F,T,F,F,?,F,F,F,F,F,F,?,82
Goldammer,69,2019,2019-04-28,6,0,F,T,F,F,?,F,F,F,F,F,F,?,118
Goldammer,69,2019,2019-05-11,6,0,F,T,F,F,?,F,F,F,F,F,F,?,131
Goldammer,69,2019,2019-06-20,7,0,F,T,F,F,?,F,F,F,F,F,F,?,171
Goldammer,70,2019,2019-03-29,4,0,F,T,T,F,?,F,F,F,F,F,F,?,88
Goldammer,70,2019,2019-04-29,5,0,F,T,T,F,?,F,F,F,F,F,F,?,119
Goldammer,70,2019,2019-05-20,3,0,F,T,F,F,?,F,F,F,F,F,F,?,140
Goldammer,70,2019,2019-06-14,2,0,F,T,F,F,?,F,F,F,F,F,F,?,165
Goldammer,70,2020,2020-03-26,3,0,F,F,T,F,?,F,F,F,F,F,F,?,86
Goldammer,70,2020,2020-04-22,4,0,F,T,T,F,?,F,T,T,F,F,F,?,113
Goldammer,70,2020,2020-05-15,4,0,F,T,F,F,?,F,F,F,F,F,F,?,136
Goldammer,70,2020,2020-06-19,2,0,F,T,T,F,?,F,F,F,F,F,F,?,171
Goldammer,70,2021,2021-03-30,8,0,F,T,T,F,?,F,T,F,F,F,F,?,89
Goldammer,70,2021,2021-04-27,2,0,F,T,T,F,?,F,F,F,F,F,F,?,117
Goldammer,70,2021,2021-05-19,2,0,F,T,F,F,?,F,F,F,F,F,F,?,139
Goldammer,70,2021,2021-06-17,3,0,F,T,F,F,?,F,F,F,F,F,F,?,168
Goldammer,70,2022,2022-03-29,7,0,F,T,T,F,F,F,T,F,F,F,F,?,88
Goldammer,70,2022,2022-04-25,6,0,F,T,T,F,F,F,F,F,F,F,F,?,115
Goldammer,70,2022,2022-05-19,1,0,F,T,F,F,F,F,F,F,F,F,F,?,139
Goldammer,70,2022,2022-06-20,6,0,F,T,T,F,F,F,F,F,F,F,F,?,171
Goldammer,70,2023,2023-03-28,15,0,F,T,T,F,F,F,F,F,F,F,F,?,87
Goldammer,70,2023,2023-04-26,4,0,F,T,T,F,F,F,T,F,F,F,F,?,116
Goldammer,70,2023,2023-05-19,5,0,F,T,F,F,F,F,F,F,F,F,F,?,139
Goldammer,70,2023,2023-06-14,6,0,F,T,T,F,F,F,F,F,T,F,F,?,165
Goldammer,71,2019,2019-03-28,3,0,F,T,T,F,?,F,F,F,F,F,F,?,87
Goldammer,71,2019,2019-04-26,4,0,F,T,T,F,?,F,T,F,F,F,F,?,116
Goldammer,71,2019,2019-05-17,5,0,F,T,T,F,?,F,T,F,F,F,F,?,137
Goldammer,71,2019,2019-06-05,4,0,F,T,F,F,?,F,F,F,F,F,F,?,156
Goldammer,71,2020,2020-03-24,2,0,F,F,F,F,?,T,F,F,F,F,F,?,84
Goldammer,71,2020,2020-04-21,8,0,F,T,T,F,?,F,F,F,F,F,F,?,112
Goldammer,71,2020,2020-05-12,5,0,F,T,T,F,?,F,F,F,F,F,F,?,133
Goldammer,71,2020,2020-06-03,9,0,F,T,T,F,T,F,T,F,F,F,T,?,155
Goldammer,71,2021,2021-03-26,6,0,F,T,T,F,?,T,F,F,F,F,F,?,85
Goldammer,71,2021,2021-04-22,4,0,F,T,T,F,?,T,F,F,F,F,F,?,112
Goldammer,71,2021,2021-05-14,5,0,F,T,F,F,?,F,F,F,F,F,F,?,134
Goldammer,71,2022,2022-03-28,6,0,F,T,T,F,F,F,T,F,F,F,F,?,87
Goldammer,71,2022,2022-04-29,3,0,F,T,F,F,F,F,F,F,F,F,F,?,119
Goldammer,71,2022,2022-05-11,1,0,F,F,T,F,F,F,F,F,F,F,F,?,131
Goldammer,71,2022,2022-06-14,3,0,F,T,T,F,F,F,F,F,F,F,F,?,165
Goldammer,71,2023,2023-03-22,4,0,F,T,T,F,F,F,F,F,F,F,F,?,81
Goldammer,71,2023,2023-04-21,2,0,F,T,T,F,F,F,F,F,F,F,F,?,111
Goldammer,71,2023,2023-05-11,1,0,F,F,F,F,F,F,F,F,F,F,F,?,131
Goldammer,71,2023,2023-06-12,4,0,F,T,T,F,F,F,F,F,F,F,F,?,163
Goldammer,73,2018,2018-03-24,1,0,F,T,F,F,?,F,F,F,F,F,F,?,83
Goldammer,73,2018,2018-04-14,0,0,NA,NA,NA,NA,NA,NA,NA,NA,NA,NA,NA,NA,104
Goldammer,73,2018,2018-05-12,1,0,F,T,F,F,?,F,F,F,F,F,F,?,132
Goldammer,73,2018,2018-06-09,1,0,F,T,F,F,?,F,F,F,F,F,F,?,160
Goldammer,73,2020,2020-03-22,1,0,F,T,F,F,?,F,F,F,F,F,F,?,82
Goldammer,73,2020,2020-04-11,1,0,F,F,T,F,?,F,F,F,F,F,F,?,102
Goldammer,73,2020,2020-05-09,1,0,F,T,F,F,?,F,F,F,F,F,F,?,130
Goldammer,73,2020,2020-06-08,1,0,F,T,F,F,?,F,F,F,F,F,F,?,160
Goldammer,73,2021,2021-03-27,1,0,F,T,F,F,?,F,F,F,F,F,F,?,86
Goldammer,73,2021,2021-04-17,2,0,F,T,F,F,?,F,F,F,F,F,F,?,107
Goldammer,73,2021,2021-05-14,2,0,F,T,F,F,?,F,F,F,F,F,F,?,134
Goldammer,73,2021,2021-06-04,2,0,F,T,T,F,?,F,F,F,F,F,F,?,155
Goldammer,74,2021,2021-03-25,18,0,F,T,F,F,?,F,F,F,F,F,F,?,84
Goldammer,74,2021,2021-04-10,14,0,F,T,T,F,T,T,T,F,F,F,F,?,100
Goldammer,74,2021,2021-05-10,8,0,F,T,F,F,?,T,T,F,F,F,F,?,130
Goldammer,74,2021,2021-06-01,8,0,F,T,F,F,?,F,F,F,F,F,T,?,152
Goldammer,75,2019,2019-03-22,7,0,F,T,T,F,?,T,T,F,F,F,F,?,81
Goldammer,75,2019,2019-04-23,8,0,F,T,T,F,?,F,F,F,F,F,F,?,113
Goldammer,75,2019,2019-05-14,7,0,F,T,T,F,?,F,F,F,F,F,F,?,134
Goldammer,75,2019,2019-06-13,10,0,F,T,T,F,?,F,F,F,F,F,F,?,164
Goldammer,75,2020,2020-03-19,5,0,F,T,T,F,?,F,T,F,F,F,F,?,79
Goldammer,75,2020,2020-04-20,6,0,F,T,T,F,?,F,F,F,F,F,F,?,111
Goldammer,75,2020,2020-05-13,6,0,F,T,T,F,?,F,F,F,F,F,F,?,134
Goldammer,75,2020,2020-06-17,6,0,F,T,F,F,?,F,F,F,F,F,F,?,169
Goldammer,75,2021,2021-03-25,7,0,F,T,T,F,?,F,F,F,F,F,F,?,84
Goldammer,75,2021,2021-04-20,5,0,F,T,T,F,?,F,F,F,F,F,F,?,110
Goldammer,75,2021,2021-05-10,4,0,F,T,T,F,?,F,F,F,F,F,F,?,130
Goldammer,75,2021,2021-06-10,8,0,F,T,T,F,?,F,F,F,F,F,F,?,161
Goldammer,75,2022,2022-03-25,5,0,F,T,T,F,F,T,F,F,F,F,F,?,84
Goldammer,75,2022,2022-04-21,5,0,F,T,T,F,F,F,T,F,F,F,F,?,111
Goldammer,75,2022,2022-05-10,3,0,F,F,T,F,F,F,F,F,F,F,F,?,130
Goldammer,75,2022,2022-06-10,5,0,F,T,F,F,F,F,F,F,F,F,F,?,161
Goldammer,75,2023,2023-03-21,1,0,F,F,F,F,F,T,F,F,F,F,F,?,80
Goldammer,75,2023,2023-04-19,9,0,F,T,T,F,F,T,F,F,F,F,F,?,109
Goldammer,75,2023,2023-05-09,4,0,F,T,F,F,F,F,F,F,F,F,F,?,129
Goldammer,75,2023,2023-06-07,5,0,F,T,T,F,F,F,F,F,F,F,F,?,158
Goldammer,76,2019,2019-03-25,10,0,F,T,T,F,?,F,F,F,F,F,F,?,84
Goldammer,76,2019,2019-04-15,4,0,F,T,F,F,?,F,F,F,F,F,F,?,105
Goldammer,76,2019,2019-05-06,6,0,F,T,T,F,?,F,F,F,F,F,F,?,126
Goldammer,76,2019,2019-06-07,4,0,F,T,F,F,?,F,F,F,F,F,F,?,158
Goldammer,76,2020,2020-03-24,4,0,F,T,T,F,F,F,F,F,F,F,F,?,84
Goldammer,76,2020,2020-04-17,2,0,F,T,T,F,F,F,F,F,F,F,F,?,108
Goldammer,76,2020,2020-05-08,3,0,F,T,F,F,F,F,F,T,F,F,F,?,129
Goldammer,76,2020,2020-06-05,4,0,F,T,T,F,F,F,T,F,F,F,F,?,157
Goldammer,76,2021,2021-03-26,4,0,F,T,T,F,F,T,F,F,F,F,F,?,85
Goldammer,76,2021,2021-04-15,5,0,F,T,T,F,F,F,F,F,F,F,F,?,105
Goldammer,76,2021,2021-05-26,4,0,F,T,T,F,F,F,F,F,F,F,F,?,146
Goldammer,76,2021,2021-06-15,3,0,F,T,F,F,F,F,F,F,F,F,F,?,166
Goldammer,76,2022,2022-03-22,1,0,F,T,F,F,F,F,F,F,F,F,F,?,81
Goldammer,76,2022,2022-04-13,2,0,F,T,F,F,F,F,F,F,F,F,F,?,103
Goldammer,76,2022,2022-05-03,1,0,F,T,F,F,F,F,F,F,F,F,F,?,123
Goldammer,76,2022,2022-06-15,4,0,F,T,F,F,F,F,F,F,F,F,F,?,166
Goldammer,76,2023,2023-03-21,2,0,F,T,F,F,F,F,F,F,F,F,F,?,80
Goldammer,76,2023,2023-04-18,1,0,F,F,T,F,F,F,F,F,F,F,F,?,108
Goldammer,76,2023,2023-05-02,3,0,F,T,F,F,F,F,F,F,F,F,F,?,122
Goldammer,76,2023,2023-06-16,4,0,F,T,F,F,F,F,F,F,F,F,F,?,167
Goldammer,77,2020,2020-03-18,7,0,F,T,T,F,F,F,F,F,F,F,F,?,78
Goldammer,77,2020,2020-04-10,7,0,F,T,T,F,F,T,F,F,F,F,F,?,101
Goldammer,77,2020,2020-05-06,5,0,F,T,T,F,F,T,F,F,F,F,F,?,127
Goldammer,77,2020,2020-06-02,3,0,F,T,T,F,F,T,F,F,F,F,F,?,154
Goldammer,77,2021,2021-03-18,5,0,?,T,?,?,?,?,?,?,?,?,?,?,77
Goldammer,77,2021,2021-04-14,5,0,?,T,?,?,?,?,?,?,?,?,?,?,104
Goldammer,77,2021,2021-05-14,2,0,?,T,?,?,?,?,?,?,?,?,?,?,134
Goldammer,77,2021,2021-06-15,4,4,T,T,?,?,?,T,?,?,?,?,?,?,166
Goldammer,77,2022,2022-03-25,3,0,F,T,T,F,F,F,F,F,F,F,F,?,84
Goldammer,77,2022,2022-04-19,6,0,F,F,T,F,F,F,T,F,F,F,F,?,109
Goldammer,77,2022,2022-05-06,6,0,F,T,T,F,F,T,F,F,F,F,F,?,126
Goldammer,77,2022,2022-06-15,3,0,F,T,F,F,F,F,F,F,F,F,F,?,166
Goldammer,77,2023,2023-03-23,1,0,F,T,F,F,?,F,F,F,F,F,F,?,82
Goldammer,77,2023,2023-04-21,2,0,F,T,T,F,?,T,F,F,F,F,F,?,111
Goldammer,77,2023,2023-05-14,3,0,F,T,F,F,?,F,F,F,F,F,F,?,134
Goldammer,77,2023,2023-06-16,2,0,F,T,F,F,?,F,F,F,F,F,F,?,167
Goldammer,78,2020,2020-03-27,24,0,T,T,T,F,?,F,F,F,F,F,F,?,87
Goldammer,78,2020,2020-06-03,4,0,F,F,T,F,?,F,F,F,F,F,F,?,155
Goldammer,78,2020,2020-04-16,11,0,F,F,T,F,?,T,F,F,F,F,F,?,107
Goldammer,78,2020,2020-05-08,4,0,F,T,T,F,?,F,F,F,F,F,F,?,129
Goldammer,78,2021,2021-05-08,10,0,F,T,T,F,?,T,T,F,F,F,F,?,128
Goldammer,78,2021,2021-03-26,21,0,T,T,T,F,?,T,?,F,F,F,F,?,85
Goldammer,78,2021,2021-04-13,9,0,F,T,T,F,?,T,?,F,F,F,F,?,103
Goldammer,78,2021,2021-06-01,7,0,F,T,T,F,?,F,?,F,F,F,F,?,152
Goldammer,79,2019,2019-03-29,9,0,?,T,?,?,?,?,?,?,?,?,?,?,88
Goldammer,79,2019,2019-04-17,9,0,?,T,T,?,?,T,?,?,?,?,?,?,107
Goldammer,79,2019,2019-05-09,2,0,?,?,T,?,?,?,?,?,?,?,?,?,129
Goldammer,79,2019,2019-05-30,6,0,?,T,T,?,?,?,?,?,?,?,?,?,150
Goldammer,79,2020,2020-03-16,8,0,F,T,T,F,?,T,F,F,F,F,F,?,76
Goldammer,79,2020,2020-04-13,7,0,F,F,T,F,?,T,F,F,F,F,F,?,104
Goldammer,79,2020,2020-05-17,4,0,F,T,T,F,?,F,F,F,F,F,F,?,138
Goldammer,79,2020,2020-06-02,5,0,F,T,F,F,?,F,F,F,F,F,F,?,154
Goldammer,79,2022,2022-03-16,4,0,F,T,F,F,F,T,F,F,F,F,F,?,75
Goldammer,79,2022,2022-04-16,3,0,F,T,F,F,F,T,F,F,F,F,F,?,106
Goldammer,79,2022,2022-05-07,2,0,F,T,F,F,F,F,F,F,F,F,F,?,127
Goldammer,79,2022,2022-06-02,3,0,F,T,T,F,F,F,F,F,F,F,F,?,153
Goldammer,79,2023,2023-03-22,0,0,NA,NA,NA,NA,NA,NA,NA,NA,NA,NA,NA,NA,81
Goldammer,79,2023,2023-04-10,5,0,F,T,T,F,?,T,F,F,F,F,F,?,100
Goldammer,79,2023,2023-05-06,3,0,F,F,T,F,?,F,F,F,F,F,F,?,126
Goldammer,79,2023,2023-05-28,0,0,NA,NA,NA,NA,NA,NA,NA,NA,NA,NA,NA,NA,148
Goldammer,80,2020,2020-03-23,0,0,NA,NA,NA,NA,NA,NA,NA,NA,NA,NA,NA,NA,83
Goldammer,80,2020,2020-04-14,0,0,NA,NA,NA,NA,NA,NA,NA,NA,NA,NA,NA,NA,105
Goldammer,80,2020,2020-05-12,1,0,F,T,F,F,F,F,F,F,F,F,F,?,133
Goldammer,80,2020,2020-06-20,2,0,F,T,F,F,F,F,F,F,F,F,F,?,172
Goldammer,80,2021,2021-03-10,0,0,NA,NA,NA,NA,NA,NA,NA,NA,NA,NA,NA,NA,69
Goldammer,80,2021,2021-04-04,0,0,NA,NA,NA,NA,NA,NA,NA,NA,NA,NA,NA,NA,94
Goldammer,80,2021,2021-05-12,1,0,?,T,?,?,?,?,?,?,?,?,?,?,132
Goldammer,80,2021,2021-06-09,0,0,NA,NA,NA,NA,NA,NA,NA,NA,NA,NA,NA,NA,160
Goldammer,80,2022,2022-03-24,0,0,NA,NA,NA,NA,NA,NA,NA,NA,NA,NA,NA,NA,83
Goldammer,80,2022,2022-04-25,0,0,NA,NA,NA,NA,NA,NA,NA,NA,NA,NA,NA,NA,115
Goldammer,80,2022,2022-05-14,1,0,F,T,F,F,F,F,F,F,F,F,F,?,134
Goldammer,80,2022,2022-06-16,0,0,NA,NA,NA,NA,NA,NA,NA,NA,NA,NA,NA,NA,167
Goldammer,82,2021,2021-05-29,1,0,F,T,F,F,?,F,?,F,F,F,F,?,149
Goldammer,82,2021,2021-06-13,0,0,NA,NA,NA,NA,NA,NA,NA,NA,NA,NA,NA,NA,164
Goldammer,83,2018,2018-03-31,8,0,F,F,T,F,?,F,F,F,F,F,F,?,90
Goldammer,83,2018,2018-04-28,5,0,F,T,F,F,?,F,F,F,F,F,F,?,118
Goldammer,83,2018,2018-05-20,5,5,T,T,F,F,?,F,F,F,F,F,F,?,140
Goldammer,83,2018,2018-06-10,6,0,F,T,T,F,?,F,F,F,F,F,F,?,161
Goldammer,83,2020,2020-03-15,10,0,F,T,T,F,?,F,F,F,F,F,F,?,75
Goldammer,83,2020,2020-04-10,8,0,F,T,T,F,?,F,F,F,F,F,F,?,101
Goldammer,83,2020,2020-05-03,14,0,T,T,T,F,?,F,F,F,F,F,F,?,124
Goldammer,83,2020,2020-06-24,8,0,F,T,T,F,?,F,F,F,F,F,F,?,176
Goldammer,83,2021,2021-03-29,4,0,F,T,T,F,?,F,F,F,F,F,F,?,88
Goldammer,83,2021,2021-04-22,5,0,F,T,T,F,?,F,F,F,F,F,F,?,112
Goldammer,83,2021,2021-05-10,5,0,F,T,T,F,?,F,F,F,F,F,F,?,130
Goldammer,83,2021,2021-06-15,5,0,F,T,F,F,?,F,F,F,F,F,F,?,166
Goldammer,84,2020,2020-03-16,1,0,F,F,F,F,?,F,F,F,F,F,F,?,76
Goldammer,84,2020,2020-04-14,0,0,NA,NA,NA,NA,NA,NA,NA,NA,NA,NA,NA,NA,105
Goldammer,84,2020,2020-05-20,1,0,F,F,F,F,?,T,F,F,F,F,F,?,141
Goldammer,84,2020,2020-06-12,1,0,F,F,F,F,?,F,F,F,F,F,F,?,164
Goldammer,84,2021,2021-03-24,0,0,NA,NA,NA,NA,NA,NA,NA,NA,NA,NA,NA,NA,83
Goldammer,84,2021,2021-04-21,2,0,F,F,F,F,?,F,F,F,F,F,F,?,111
Goldammer,84,2021,2021-05-09,5,0,F,T,F,F,?,F,F,F,F,F,F,?,129
Goldammer,84,2021,2021-06-10,1,0,F,F,F,F,?,F,F,F,F,F,F,?,161
Goldammer,86,2020,2020-03-14,5,0,F,T,F,F,F,F,F,F,F,F,F,?,74
Goldammer,86,2020,2020-04-13,2,0,F,T,T,F,F,F,F,F,F,F,F,?,104
Goldammer,86,2020,2020-05-07,2,0,F,T,F,F,F,F,F,F,F,F,F,?,128
Goldammer,86,2020,2020-05-23,2,0,F,T,T,F,F,F,F,F,F,F,F,?,144
Goldammer,86,2021,2021-03-18,6,0,?,T,T,?,?,?,?,?,?,?,?,?,77
Goldammer,86,2021,2021-04-08,2,0,?,T,?,?,?,T,?,?,?,?,?,?,98
Goldammer,86,2021,2021-05-02,5,0,?,T,T,?,?,?,?,?,T,?,T,?,122
Goldammer,86,2021,2021-05-25,2,0,?,T,?,?,?,?,?,?,?,?,?,?,145
Goldammer,86,2022,2022-03-21,2,0,F,T,T,F,F,F,F,F,F,F,F,?,80
Goldammer,86,2022,2022-04-25,0,0,NA,NA,NA,NA,NA,NA,NA,NA,NA,NA,NA,NA,115
Goldammer,86,2022,2022-05-09,1,0,F,T,F,F,F,F,F,F,F,F,F,?,129
Goldammer,86,2022,2022-06-13,1,0,F,F,T,F,F,F,F,F,F,F,F,?,164
Goldammer,86,2023,2023-04-21,1,0,F,F,T,F,F,F,F,F,F,F,F,?,111
Goldammer,86,2023,2023-06-12,1,0,F,T,F,F,F,F,F,F,F,F,F,?,163
Goldammer,86,2023,2023-03-24,2,0,F,F,T,F,F,F,F,F,F,F,F,?,83
Goldammer,86,2023,2023-05-17,1,0,F,F,T,F,F,F,F,F,F,F,F,?,137
Goldammer,87,2020,2020-03-14,2,0,F,F,T,F,F,F,F,F,F,F,F,?,74
Goldammer,87,2020,2020-04-26,0,0,NA,NA,NA,NA,NA,NA,NA,NA,NA,NA,NA,NA,117
Goldammer,87,2020,2020-05-10,0,0,NA,NA,NA,NA,NA,NA,NA,NA,NA,NA,NA,NA,131
Goldammer,87,2020,2020-06-01,2,0,F,F,T,F,F,F,F,F,F,F,F,?,153
Goldammer,87,2021,2021-03-12,1,0,?,?,T,?,?,?,?,?,?,?,?,?,71
Goldammer,87,2021,2021-04-08,0,0,NA,NA,NA,NA,NA,NA,NA,NA,NA,NA,NA,NA,98
Goldammer,87,2021,2021-05-08,1,0,?,T,?,?,?,?,?,?,?,?,?,?,128
Goldammer,87,2021,2021-06-14,1,0,?,T,?,?,?,?,?,?,?,?,?,?,165
Goldammer,87,2022,2022-03-27,1,0,F,F,T,F,F,F,F,F,F,F,F,?,86
Goldammer,87,2022,2022-04-20,1,0,F,F,T,F,F,F,F,F,F,F,F,?,110
Goldammer,87,2022,2022-05-08,0,0,NA,NA,NA,NA,NA,NA,NA,NA,NA,NA,NA,NA,128
Goldammer,87,2022,2022-06-04,0,0,NA,NA,NA,NA,NA,NA,NA,NA,NA,NA,NA,NA,155
Goldammer,87,2023,2023-03-20,0,0,NA,NA,NA,NA,NA,NA,NA,NA,NA,NA,NA,NA,79
Goldammer,87,2023,2023-04-22,1,0,F,F,F,F,?,T,F,F,F,F,F,?,112
Goldammer,87,2023,2023-05-13,0,0,NA,NA,NA,NA,NA,NA,NA,NA,NA,NA,NA,NA,133
Goldammer,87,2023,2023-06-04,0,0,NA,NA,NA,NA,NA,NA,NA,NA,NA,NA,NA,NA,155
Goldammer,89,2018,2018-03-25,4,0,T,T,F,F,?,T,F,F,F,F,F,?,84
Goldammer,89,2018,2018-04-21,4,0,T,F,T,F,?,F,F,F,F,F,F,?,111
Goldammer,89,2018,2018-05-12,5,0,F,T,F,F,T,F,F,F,F,F,F,?,132
Goldammer,89,2018,2018-06-20,6,0,F,T,F,F,?,F,F,F,F,F,F,?,171
Goldammer,89,2020,2020-03-20,0,0,NA,NA,NA,NA,NA,NA,NA,NA,NA,NA,NA,NA,80
Goldammer,89,2020,2020-04-18,1,0,F,T,F,F,?,F,F,F,F,F,F,?,109
Goldammer,89,2020,2020-05-06,0,0,NA,NA,NA,NA,NA,NA,NA,NA,NA,NA,NA,NA,127
Goldammer,89,2020,2020-06-19,1,0,F,T,F,F,?,F,F,F,F,F,F,?,171
Goldammer,89,2021,2021-03-28,1,0,?,T,?,?,?,?,?,?,?,?,?,?,87
Goldammer,89,2021,2021-04-28,2,0,?,T,?,?,?,?,?,?,?,?,?,?,118
Goldammer,89,2021,2021-05-15,1,0,?,T,?,?,?,?,?,?,?,?,?,?,135
Goldammer,89,2021,2021-06-20,1,0,?,T,?,?,?,?,?,?,?,?,?,?,171
Goldammer,91,2018,2018-03-11,12,0,F,T,T,F,?,T,F,F,F,F,F,?,70
Goldammer,91,2018,2018-04-15,9,0,F,F,F,F,?,F,F,F,F,F,F,?,105
Goldammer,91,2018,2018-05-11,9,0,F,T,F,F,?,F,F,F,F,F,F,?,131
Goldammer,91,2018,2018-06-02,7,0,F,F,F,F,?,F,F,F,F,F,F,?,153
Goldammer,91,2020,2020-03-24,8,0,F,T,T,F,?,T,F,F,F,F,F,?,84
Goldammer,91,2020,2020-04-20,14,0,F,T,T,F,?,F,F,F,F,F,F,?,111
Goldammer,91,2020,2020-05-10,11,0,F,T,T,F,?,F,F,F,F,F,F,?,131
Goldammer,91,2020,2020-06-14,10,0,F,T,T,F,?,F,F,F,F,F,F,?,166
Goldammer,91,2021,2021-03-30,11,0,F,T,?,?,?,T,F,?,?,?,?,?,89
Goldammer,91,2021,2021-04-25,8,0,F,T,?,?,?,?,F,?,?,?,?,?,115
Goldammer,91,2021,2021-05-14,11,0,F,T,?,?,?,?,F,?,?,?,?,?,134
Goldammer,91,2021,2021-06-13,9,0,F,T,?,?,?,?,T,?,?,?,?,?,164
Goldammer,92,2020,2020-03-20,1,0,F,F,F,F,?,F,F,F,F,F,F,?,80
Goldammer,92,2020,2020-04-26,0,0,NA,NA,NA,NA,NA,NA,NA,NA,NA,NA,NA,NA,117
Goldammer,92,2020,2020-05-20,0,0,NA,NA,NA,NA,NA,NA,NA,NA,NA,NA,NA,NA,141
Goldammer,92,2020,2020-06-18,0,0,NA,NA,NA,NA,NA,NA,NA,NA,NA,NA,NA,NA,170
Goldammer,92,2021,2021-03-22,1,0,F,T,?,?,?,?,F,?,?,?,?,?,81
Goldammer,92,2021,2021-04-17,1,0,F,T,?,?,?,?,F,?,?,?,?,?,107
Goldammer,92,2021,2021-05-15,0,0,NA,NA,NA,NA,NA,NA,NA,NA,NA,NA,NA,NA,135
Goldammer,92,2021,2021-05-31,1,0,F,T,?,?,?,?,F,?,?,?,?,?,151
Goldammer,94,2020,2020-03-28,3,0,F,T,F,F,?,F,F,F,F,F,F,?,88
Goldammer,94,2020,2020-04-19,3,0,F,T,F,F,?,F,F,F,F,F,F,?,110
Goldammer,94,2020,2020-05-10,6,0,F,T,T,F,?,F,F,F,F,F,F,?,131
Goldammer,94,2020,2020-06-07,3,0,F,T,F,F,?,F,F,F,F,F,F,?,159
Goldammer,94,2021,2021-03-21,3,0,F,T,?,?,?,?,F,?,?,?,?,?,80
Goldammer,94,2021,2021-04-18,6,0,F,T,?,?,?,?,T,?,?,?,?,?,108
Goldammer,94,2021,2021-05-09,8,0,F,T,?,?,?,?,F,?,?,?,?,?,129
Goldammer,94,2021,2021-06-13,3,0,F,T,?,?,?,?,F,?,?,?,?,?,164
Goldammer,95,2018,2018-03-11,2,0,?,T,F,F,?,T,F,F,F,F,F,?,70
Goldammer,95,2018,2018-04-09,2,0,?,T,T,F,?,F,F,F,F,F,F,?,99
Goldammer,95,2018,2018-05-04,2,0,?,T,T,F,?,F,F,F,F,F,F,?,124
Goldammer,95,2018,2018-05-28,2,0,?,T,F,F,?,F,F,F,F,F,F,?,148
Goldammer,95,2020,2020-03-17,0,0,NA,NA,NA,NA,NA,NA,NA,NA,NA,NA,NA,NA,77
Goldammer,95,2020,2020-04-10,1,0,F,F,F,F,?,F,F,F,F,F,F,?,101
Goldammer,95,2020,2020-05-17,0,0,NA,NA,NA,NA,NA,NA,NA,NA,NA,NA,NA,NA,138
Goldammer,95,2020,2020-05-29,0,0,NA,NA,NA,NA,NA,NA,NA,NA,NA,NA,NA,NA,150
Goldammer,97,2018,2018-03-24,3,0,F,F,F,F,?,F,F,F,F,F,F,?,83
Goldammer,97,2018,2018-04-17,0,0,NA,NA,NA,NA,NA,NA,NA,NA,NA,NA,NA,NA,107
Goldammer,97,2018,2018-05-10,1,0,F,F,F,F,?,F,F,F,F,F,F,?,130
Goldammer,97,2018,2018-06-10,3,0,F,F,T,F,?,F,F,F,F,F,F,?,161
Goldammer,97,2020,2020-03-20,4,0,F,F,T,F,?,F,F,F,F,F,F,?,80
Goldammer,97,2020,2020-04-17,1,0,F,T,F,F,?,F,F,F,F,F,F,?,108
Goldammer,97,2020,2020-05-11,1,0,F,T,F,F,?,F,F,F,F,F,F,?,132
Goldammer,97,2020,2020-06-12,2,0,F,T,F,F,?,F,F,F,F,F,F,?,164
Goldammer,97,2021,2021-03-29,2,0,F,T,F,F,?,F,F,F,F,F,F,?,88
Goldammer,97,2021,2021-04-20,2,0,F,F,F,F,?,F,T,F,F,F,F,?,110
Goldammer,97,2021,2021-05-14,3,0,F,T,F,F,?,F,F,F,F,F,F,?,134
Goldammer,97,2021,2021-06-11,4,0,F,T,T,F,?,F,F,F,F,F,F,?,162
Goldammer,98,2020,2020-03-15,6,0,F,T,T,F,F,F,F,F,F,F,F,?,75
Goldammer,98,2020,2020-04-22,5,0,F,T,F,F,F,F,F,F,F,F,F,?,113
Goldammer,98,2020,2020-05-20,8,0,F,T,F,F,F,F,F,F,F,F,F,?,141
Goldammer,98,2020,2020-06-17,4,0,F,T,F,F,F,F,F,F,F,F,F,?,169
Goldammer,98,2021,2021-03-20,7,0,T,T,T,?,?,?,?,?,?,?,?,?,79
Goldammer,98,2021,2021-04-09,5,0,?,T,?,?,?,?,?,?,?,?,?,?,99
Goldammer,98,2021,2021-05-03,4,0,?,T,?,?,?,T,?,?,?,?,?,?,123
Goldammer,98,2021,2021-06-13,3,0,?,T,?,?,?,?,?,?,?,?,?,?,164
Goldammer,98,2022,2022-03-23,7,0,F,F,T,F,F,T,F,F,F,F,F,?,82
Goldammer,98,2022,2022-04-13,5,0,F,T,T,F,F,F,F,F,F,F,F,?,103
Goldammer,98,2022,2022-05-04,2,0,F,T,F,F,F,F,F,F,F,F,F,?,124
Goldammer,98,2022,2022-05-26,6,0,T,T,F,F,F,F,F,F,F,F,F,?,146
Goldammer,98,2023,2023-03-28,0,0,NA,NA,NA,NA,NA,NA,NA,NA,NA,NA,NA,NA,87
Goldammer,98,2023,2023-04-13,4,4,T,T,T,F,?,T,F,F,F,F,F,?,103
Goldammer,98,2023,2023-05-06,3,0,F,T,F,F,?,F,F,F,F,F,F,?,126
Goldammer,98,2023,2023-06-09,1,0,F,T,F,F,?,F,F,F,F,F,F,?,160
Goldammer,99,2019,2019-03-26,6,0,F,T,T,F,?,F,F,F,F,F,F,?,85
Goldammer,99,2019,2019-04-23,1,0,F,F,T,F,?,T,F,F,F,F,F,?,113
Goldammer,99,2019,2019-05-07,1,0,F,F,F,F,?,F,F,F,F,F,F,?,127
Goldammer,99,2019,2019-06-13,3,0,F,T,F,F,?,F,F,F,F,F,F,?,164
Goldammer,99,2020,2020-03-27,3,0,F,T,F,F,F,F,F,F,F,F,F,?,87
Goldammer,99,2020,2020-04-24,2,0,F,T,F,F,F,F,F,F,F,F,F,?,115
Goldammer,99,2020,2020-05-14,1,0,F,T,F,F,F,F,F,F,F,F,F,?,135
Goldammer,99,2020,2020-06-02,0,0,NA,NA,NA,NA,NA,NA,NA,NA,NA,NA,NA,NA,154
Goldammer,99,2021,2021-03-18,0,0,NA,NA,NA,NA,NA,NA,NA,NA,NA,NA,NA,NA,77
Goldammer,99,2021,2021-04-21,2,0,F,F,T,F,F,T,F,F,F,F,F,?,111
Goldammer,99,2021,2021-05-19,0,0,NA,NA,NA,NA,NA,NA,NA,NA,NA,NA,NA,NA,139
Goldammer,99,2021,2021-06-08,3,0,F,T,T,F,F,F,F,F,F,F,F,?,159
Goldammer,99,2022,2022-03-16,1,0,F,F,T,F,F,F,F,F,F,F,F,?,75
Goldammer,99,2022,2022-04-20,1,0,F,T,F,F,F,F,F,F,F,F,F,?,110
Goldammer,99,2022,2022-05-12,2,0,F,F,T,F,F,F,F,T,F,F,F,?,132
Goldammer,99,2022,2022-06-17,0,0,NA,NA,NA,NA,NA,NA,NA,NA,NA,NA,NA,NA,168
Goldammer,99,2023,2023-03-15,1,0,F,F,T,F,F,F,F,F,F,F,F,?,74
Goldammer,99,2023,2023-04-19,0,0,NA,NA,NA,NA,NA,NA,NA,NA,NA,NA,NA,NA,109
Goldammer,99,2023,2023-05-10,1,0,F,T,F,F,F,F,F,F,F,F,F,?,130
Goldammer,99,2023,2023-06-07,0,0,NA,NA,NA,NA,NA,NA,NA,NA,NA,NA,NA,NA,158
Goldammer,101,2018,2018-04-01,3,0,F,T,T,F,?,T,F,F,F,F,F,?,91
Goldammer,101,2018,2018-04-23,1,0,F,T,F,F,?,F,F,F,F,F,F,?,113
Goldammer,101,2018,2018-05-30,5,0,F,T,T,F,F,F,F,F,F,F,F,?,150
Goldammer,101,2018,2018-06-29,5,0,F,T,T,F,F,F,F,F,F,F,F,?,180
Goldammer,101,2021,2021-03-29,4,0,F,T,F,F,?,F,F,F,F,F,F,?,88
Goldammer,101,2021,2021-04-17,5,0,F,T,F,F,?,F,T,F,F,F,F,?,107
Goldammer,101,2021,2021-05-15,3,0,F,T,F,F,?,T,F,F,F,F,F,?,135
Goldammer,101,2021,2021-06-20,3,0,F,T,F,F,?,F,F,F,F,F,F,?,171
Goldammer,102,2019,2019-03-19,0,0,NA,NA,NA,NA,NA,NA,NA,NA,NA,NA,NA,NA,78
Goldammer,102,2019,2019-04-19,1,0,F,T,F,F,?,F,F,F,F,F,F,?,109
Goldammer,102,2019,2019-05-14,0,0,NA,NA,NA,NA,NA,NA,NA,NA,NA,NA,NA,NA,134
Goldammer,102,2019,2019-05-28,0,0,NA,NA,NA,NA,NA,NA,NA,NA,NA,NA,NA,NA,148
Goldammer,103,2018,2018-03-30,5,0,T,T,T,F,?,F,T,F,F,F,F,?,89
Goldammer,103,2018,2018-04-14,3,0,F,T,T,F,?,F,F,F,F,F,F,?,104
Goldammer,103,2018,2018-05-11,2,0,F,T,F,F,?,F,F,F,F,F,F,?,131
Goldammer,103,2018,2018-06-16,4,0,F,T,T,F,?,F,F,F,F,F,F,?,167
Goldammer,103,2020,2020-03-16,3,0,F,T,T,F,?,F,F,F,F,F,F,?,76
Goldammer,103,2020,2020-04-12,0,0,NA,NA,NA,NA,NA,NA,NA,NA,NA,NA,NA,NA,103
Goldammer,103,2020,2020-05-18,1,0,F,T,F,F,?,F,F,F,F,F,F,?,139
Goldammer,103,2020,2020-06-18,2,0,F,T,T,F,?,F,F,F,F,F,F,?,170
Goldammer,103,2021,2021-03-28,0,0,NA,NA,NA,NA,NA,NA,NA,NA,NA,NA,NA,NA,87
Goldammer,103,2021,2021-04-25,1,0,?,?,T,?,?,?,?,?,?,?,?,?,115
Goldammer,103,2021,2021-05-13,0,0,NA,NA,NA,NA,NA,NA,NA,NA,NA,NA,NA,NA,133
Goldammer,103,2021,2021-06-11,0,0,NA,NA,NA,NA,NA,NA,NA,NA,NA,NA,NA,NA,162
Goldammer,104,2018,2018-03-15,5,0,F,T,T,F,?,F,T,F,F,F,F,?,74
Goldammer,104,2018,2018-04-17,2,0,F,T,T,F,?,F,F,F,F,F,F,?,107
Goldammer,104,2018,2018-05-08,2,0,F,T,T,F,?,F,F,F,F,F,F,?,128
Goldammer,104,2018,2018-05-31,3,0,F,T,T,F,?,F,F,F,F,F,F,?,151
Goldammer,104,2020,2020-03-18,6,0,F,T,T,F,?,F,F,F,F,F,F,?,78
Goldammer,104,2020,2020-04-17,5,0,F,T,F,F,?,T,F,T,F,F,F,?,108
Goldammer,104,2020,2020-05-19,3,0,F,T,T,F,?,F,F,F,F,F,F,?,140
Goldammer,104,2020,2020-06-12,5,0,F,F,T,F,?,T,F,F,F,F,F,?,164
Goldammer,104,2021,2021-03-24,4,0,F,F,T,F,?,F,T,F,F,F,F,?,83
Goldammer,104,2021,2021-04-23,3,0,F,T,T,F,?,T,F,F,F,F,F,?,113
Goldammer,104,2021,2021-05-19,7,0,F,T,T,F,?,F,F,F,F,F,F,?,139
Goldammer,104,2021,2021-06-15,4,0,F,T,T,F,?,F,F,F,F,F,F,?,166
Goldammer,105,2020,2020-03-16,4,0,F,T,T,F,F,F,F,F,F,F,F,?,76
Goldammer,105,2020,2020-04-11,2,0,F,F,T,F,F,F,F,F,F,F,F,?,102
Goldammer,105,2020,2020-05-02,1,0,F,T,F,F,F,F,F,F,F,F,F,?,123
Goldammer,105,2020,2020-05-31,4,0,F,T,F,F,F,F,F,F,F,F,F,?,152
Goldammer,105,2021,2021-03-22,4,0,?,T,T,?,?,?,?,?,?,?,?,?,81
Goldammer,105,2021,2021-04-15,6,0,?,T,?,?,?,?,?,?,?,?,?,?,105
Goldammer,105,2021,2021-05-09,7,0,T,T,?,?,?,?,T,?,?,?,?,?,129
Goldammer,105,2021,2021-06-16,3,0,?,T,?,?,?,?,?,?,?,?,?,?,167
Goldammer,105,2022,2022-03-26,2,0,F,T,F,F,F,F,F,F,F,F,F,?,85
Goldammer,105,2022,2022-04-21,5,0,F,T,T,F,F,T,F,F,F,F,F,?,111
Goldammer,105,2022,2022-05-11,4,0,F,T,F,F,F,F,F,F,F,F,F,?,131
Goldammer,105,2022,2022-06-11,3,0,F,T,F,F,F,F,F,F,F,F,F,?,162
Goldammer,105,2023,2023-03-25,1,0,F,T,F,F,?,F,F,F,F,F,F,?,84
Goldammer,105,2023,2023-04-15,3,0,F,T,T,F,?,T,F,F,F,F,F,?,105
Goldammer,105,2023,2023-05-12,3,0,F,T,T,F,?,T,F,F,F,F,F,?,132
Goldammer,105,2023,2023-06-12,3,0,F,T,F,F,?,F,T,F,F,F,F,?,163
Goldammer,106,2018,2018-03-29,0,0,NA,NA,NA,NA,NA,NA,NA,NA,NA,NA,NA,NA,88
Goldammer,106,2018,2018-04-19,0,0,NA,NA,NA,NA,NA,NA,NA,NA,NA,NA,NA,NA,109
Goldammer,106,2018,2018-05-20,3,0,F,T,F,F,?,F,F,F,F,F,F,?,140
Goldammer,106,2018,2018-06-14,0,0,NA,NA,NA,NA,NA,NA,NA,NA,NA,NA,NA,NA,165
Goldammer,106,2021,2021-03-28,3,0,F,T,?,?,?,?,F,?,?,?,?,?,87
Goldammer,106,2021,2021-04-26,2,0,F,T,?,?,?,?,F,?,?,?,?,?,116
Goldammer,106,2021,2021-05-19,4,0,F,T,?,?,?,?,F,?,?,?,?,?,139
Goldammer,106,2021,2021-06-14,1,0,F,T,?,?,?,?,F,?,?,?,?,?,165
Goldammer,109,2019,2019-03-18,2,0,F,T,F,F,?,T,F,F,F,F,F,?,77
Goldammer,109,2019,2019-04-12,2,0,F,T,F,F,?,T,F,F,F,F,F,?,102
Goldammer,109,2019,2019-05-02,0,0,NA,NA,NA,NA,NA,NA,NA,NA,NA,NA,NA,NA,122
Goldammer,109,2019,2019-05-24,2,0,F,T,F,F,?,F,F,F,F,F,F,?,144
Goldammer,109,2020,2020-03-18,1,0,F,T,F,F,F,F,F,F,F,F,F,?,78
Goldammer,109,2020,2020-04-15,0,0,NA,NA,NA,NA,NA,NA,NA,NA,NA,NA,NA,NA,106
Goldammer,109,2020,2020-05-05,2,0,F,T,F,F,F,T,F,F,F,F,F,?,126
Goldammer,109,2020,2020-06-03,1,0,F,T,F,F,F,F,F,F,F,F,F,?,155
Goldammer,109,2021,2021-03-22,1,0,F,T,F,F,F,F,F,F,F,F,F,?,81
Goldammer,109,2021,2021-04-14,2,0,F,F,T,F,F,F,F,F,F,F,F,?,104
Goldammer,109,2021,2021-05-11,0,0,NA,NA,NA,NA,NA,NA,NA,NA,NA,NA,NA,NA,131
Goldammer,109,2021,2021-06-09,1,0,F,T,F,F,F,F,F,F,F,F,F,?,160
Goldammer,109,2022,2022-03-15,4,0,F,T,F,F,F,F,F,F,F,F,F,?,74
Goldammer,109,2022,2022-04-12,1,0,F,T,F,F,F,F,F,F,F,F,F,?,102
Goldammer,109,2022,2022-05-02,0,0,NA,NA,NA,NA,NA,NA,NA,NA,NA,NA,NA,NA,122
Goldammer,109,2022,2022-06-08,1,0,F,T,F,F,F,F,F,F,F,F,F,?,159
Goldammer,110,2020,2020-03-19,0,0,NA,NA,NA,NA,NA,NA,NA,NA,NA,NA,NA,NA,79
Goldammer,110,2020,2020-04-18,0,0,NA,NA,NA,NA,NA,NA,NA,NA,NA,NA,NA,NA,109
Goldammer,110,2020,2020-05-18,0,0,NA,NA,NA,NA,NA,NA,NA,NA,NA,NA,NA,NA,139
Goldammer,110,2020,2020-06-18,1,0,F,T,F,F,?,F,F,F,F,F,F,?,170
Goldammer,111,2018,2018-03-25,0,0,NA,NA,NA,NA,NA,NA,NA,NA,NA,NA,NA,NA,84
Goldammer,111,2018,2018-04-07,2,0,F,F,F,F,?,F,F,F,F,F,F,?,97
Goldammer,111,2018,2018-05-09,2,0,F,T,F,F,?,F,F,F,F,F,F,?,129
Goldammer,111,2018,2018-06-03,4,0,F,F,F,F,?,F,F,F,F,F,F,?,154
Goldammer,111,2020,2020-03-16,3,0,F,F,F,F,?,F,F,F,F,F,F,?,76
Goldammer,111,2020,2020-04-11,2,0,F,F,F,F,?,F,F,F,F,F,F,?,102
Goldammer,111,2020,2020-05-08,4,0,F,F,F,F,?,F,F,F,F,F,F,?,129
Goldammer,111,2020,2020-05-31,1,0,F,F,F,F,?,F,F,F,F,F,F,?,152
Goldammer,111,2021,2021-03-26,1,0,F,T,F,F,?,F,?,F,F,F,F,?,85
Goldammer,111,2021,2021-04-11,2,0,F,F,F,F,?,F,?,F,F,F,F,?,101
Goldammer,111,2021,2021-05-14,0,0,NA,NA,NA,NA,NA,NA,NA,NA,NA,NA,NA,NA,134
Goldammer,111,2021,2021-05-29,1,0,F,F,F,F,?,F,?,F,F,F,F,?,149
Goldammer,114,2018,2018-03-22,7,0,F,T,T,F,?,F,F,F,F,F,F,?,81
Goldammer,114,2018,2018-04-18,2,0,F,T,F,F,?,F,F,F,F,F,F,?,108
Goldammer,114,2018,2018-05-18,2,0,F,T,F,F,?,F,F,F,F,F,F,?,138
Goldammer,114,2018,2018-06-16,6,0,F,T,T,F,?,F,F,F,F,F,F,?,167
Goldammer,114,2020,2020-03-19,4,0,F,T,F,F,?,F,F,F,F,F,F,?,79
Goldammer,114,2020,2020-04-13,5,0,F,T,F,F,?,F,F,F,F,F,F,?,104
Goldammer,114,2020,2020-05-06,5,0,F,T,T,F,?,F,F,F,F,F,F,?,127
Goldammer,114,2020,2020-05-26,5,0,F,T,F,F,?,F,F,F,F,F,F,?,147
Goldammer,115,2018,2018-03-25,2,0,F,T,F,F,?,F,F,F,F,F,F,?,84
Goldammer,115,2018,2018-04-08,4,0,F,T,T,F,?,T,F,F,F,F,F,?,98
Goldammer,115,2018,2018-05-12,4,0,F,T,T,F,?,F,F,F,F,F,F,?,132
Goldammer,115,2018,2018-05-27,3,0,F,T,T,F,?,F,F,F,F,F,F,?,147
Goldammer,115,2020,2020-03-15,8,0,F,T,T,F,?,F,F,F,F,F,F,?,75
Goldammer,115,2020,2020-04-19,1,0,F,F,F,F,?,F,F,F,F,F,F,?,110
Goldammer,115,2020,2020-05-10,2,0,F,T,F,F,?,F,F,F,F,F,F,?,131
Goldammer,115,2020,2020-06-13,3,0,F,T,F,F,?,F,F,F,F,F,F,?,165
Goldammer,115,2021,2021-03-21,4,0,F,T,?,?,?,T,F,?,?,?,?,?,80
Goldammer,115,2021,2021-04-18,4,0,F,?,?,?,?,?,F,?,?,?,?,?,108
Goldammer,115,2021,2021-05-09,0,0,NA,NA,NA,NA,NA,NA,NA,NA,NA,NA,NA,NA,129
Goldammer,115,2021,2021-05-30,2,0,F,T,?,?,?,?,F,?,?,?,?,?,150
Goldammer,117,2018,2018-04-21,3,0,F,T,F,F,?,F,F,F,F,F,F,?,111
Goldammer,117,2018,2018-06-04,5,0,F,T,F,F,?,F,F,F,F,F,F,?,155
Goldammer,117,2018,2018-03-28,3,0,F,T,T,F,?,T,F,F,F,F,F,?,87
Goldammer,117,2018,2018-05-21,2,0,F,T,F,F,?,F,F,F,F,F,F,?,141
Goldammer,117,2021,2021-03-20,2,0,F,T,?,?,?,T,F,?,?,?,?,?,79
Goldammer,117,2021,2021-04-30,2,0,F,T,?,?,?,?,F,?,?,?,?,?,120
Goldammer,117,2021,2021-05-21,1,0,F,?,?,?,?,?,F,?,?,?,?,?,141
Goldammer,117,2021,2021-06-15,4,0,F,T,?,?,?,?,F,?,?,?,T,?,166
Goldammer,118,2018,2018-03-10,16,0,F,T,F,F,?,T,F,F,F,F,F,?,69
Goldammer,118,2018,2018-04-02,16,0,T,T,T,F,?,T,F,F,F,F,F,?,92
Goldammer,118,2018,2018-05-01,6,0,F,T,T,F,?,T,F,F,F,F,F,?,121
Goldammer,118,2018,2018-05-21,12,0,F,T,F,F,?,T,F,F,F,F,F,?,141
Goldammer,118,2020,2020-03-15,9,0,F,T,T,F,T,T,F,F,F,F,F,?,75
Goldammer,118,2020,2020-04-04,11,0,T,T,T,F,?,T,T,F,F,F,F,?,95
Goldammer,118,2020,2020-05-02,10,0,T,T,T,F,?,F,T,F,F,F,F,?,123
Goldammer,118,2020,2020-06-13,15,0,F,T,T,F,?,T,F,F,F,F,F,?,165
Goldammer,118,2021,2021-06-13,21,0,T,T,T,F,?,T,T,T,F,T,F,?,164
Goldammer,120,2018,2018-03-17,2,0,F,T,F,F,?,F,F,F,F,F,F,?,76
Goldammer,120,2018,2018-04-15,3,0,F,F,F,F,?,F,T,F,F,F,F,?,105
Goldammer,120,2018,2018-05-05,2,0,F,T,F,F,?,F,F,F,F,F,F,?,125
Goldammer,120,2018,2018-06-10,0,0,NA,NA,NA,NA,NA,NA,NA,NA,NA,NA,NA,NA,161
Goldammer,120,2020,2020-03-15,2,0,F,T,F,F,?,F,F,F,F,F,F,?,75
Goldammer,120,2020,2020-04-18,0,0,NA,NA,NA,NA,NA,NA,NA,NA,NA,NA,NA,NA,109
Goldammer,120,2020,2020-05-17,3,0,F,T,F,F,?,F,F,F,F,F,F,?,138
Goldammer,120,2020,2020-06-14,0,0,NA,NA,NA,NA,NA,NA,NA,NA,NA,NA,NA,NA,166
Goldammer,120,2021,2021-03-28,1,0,F,F,F,F,?,F,F,F,F,F,F,?,87
Goldammer,120,2021,2021-04-18,3,0,F,T,F,F,?,F,F,F,F,F,F,?,108
Goldammer,120,2021,2021-05-09,0,0,NA,NA,NA,NA,NA,NA,NA,NA,NA,NA,NA,NA,129
Goldammer,120,2021,2021-05-30,0,0,NA,NA,NA,NA,NA,NA,NA,NA,NA,NA,NA,NA,150
Goldammer,121,2018,2018-03-14,1,0,F,F,F,F,?,F,F,F,F,F,F,?,73
Goldammer,121,2018,2018-04-04,0,0,NA,NA,NA,NA,NA,NA,NA,NA,NA,NA,NA,NA,94
Goldammer,121,2018,2018-05-09,0,0,NA,NA,NA,NA,NA,NA,NA,NA,NA,NA,NA,NA,129
Goldammer,121,2018,2018-05-13,0,0,NA,NA,NA,NA,NA,NA,NA,NA,NA,NA,NA,NA,133
Goldammer,121,2021,2021-03-30,3,0,F,T,F,F,?,F,F,F,F,F,F,?,89
Goldammer,121,2021,2021-04-17,0,0,NA,NA,NA,NA,NA,NA,NA,NA,NA,NA,NA,NA,107
Goldammer,121,2021,2021-05-14,0,0,NA,NA,NA,NA,NA,NA,NA,NA,NA,NA,NA,NA,134
Goldammer,121,2021,2021-06-15,0,0,NA,NA,NA,NA,NA,NA,NA,NA,NA,NA,NA,NA,166
Goldammer,123,2018,2018-03-21,0,0,NA,NA,NA,NA,NA,NA,NA,NA,NA,NA,NA,NA,80
Goldammer,123,2018,2018-04-18,1,0,F,F,T,F,?,F,F,F,F,F,F,?,108
Goldammer,123,2018,2018-05-09,2,0,F,T,F,F,?,F,F,F,F,F,F,?,129
Goldammer,123,2018,2018-06-06,3,0,F,T,T,F,?,F,F,F,F,F,F,?,157
Goldammer,123,2020,2020-03-18,3,0,F,T,F,F,?,T,F,F,F,F,F,?,78
Goldammer,123,2020,2020-04-19,1,0,F,F,T,F,?,F,F,F,F,F,F,?,110
Goldammer,123,2020,2020-05-08,2,0,F,F,T,F,?,F,F,F,F,F,F,?,129
Goldammer,123,2020,2020-06-08,0,0,NA,NA,NA,NA,NA,NA,NA,NA,NA,NA,NA,NA,160
Goldammer,123,2021,2021-03-24,1,0,F,?,?,?,?,T,F,?,?,?,?,?,83
Goldammer,123,2021,2021-04-18,5,0,F,T,?,?,?,T,F,?,?,?,?,?,108
Goldammer,123,2021,2021-05-09,3,0,F,?,?,?,?,T,F,?,?,?,?,?,129
Goldammer,123,2021,2021-06-05,0,0,NA,NA,NA,NA,NA,NA,NA,NA,NA,NA,NA,NA,156
Goldammer,124,2018,2018-03-25,3,0,F,F,F,F,?,T,F,F,F,F,F,?,84
Goldammer,124,2018,2018-04-22,4,0,F,F,F,F,?,F,F,F,F,F,F,?,112
Goldammer,124,2018,2018-05-11,4,0,F,T,F,F,?,F,F,F,F,F,F,?,131
Goldammer,124,2018,2018-06-02,3,0,F,F,F,F,?,F,F,F,F,F,F,?,153
Goldammer,124,2020,2020-03-22,3,0,F,F,F,F,?,F,F,F,F,F,F,?,82
Goldammer,124,2020,2020-04-05,3,0,F,F,F,F,?,F,F,F,F,F,F,?,96
Goldammer,124,2020,2020-05-09,0,0,NA,NA,NA,NA,NA,NA,NA,NA,NA,NA,NA,NA,130
Goldammer,124,2020,2020-06-13,1,0,F,F,F,F,?,F,F,F,F,F,F,?,165
Goldammer,124,2021,2021-05-29,1,0,F,F,F,F,?,F,?,F,F,F,F,?,149
Goldammer,125,2018,2018-03-24,0,0,NA,NA,NA,NA,NA,NA,NA,NA,NA,NA,NA,NA,83
Goldammer,125,2018,2018-04-30,0,0,NA,NA,NA,NA,NA,NA,NA,NA,NA,NA,NA,NA,120
Goldammer,125,2018,2018-05-20,1,0,?,T,F,F,?,F,F,F,F,F,F,?,140
Goldammer,125,2018,2018-06-25,0,0,NA,NA,NA,NA,NA,NA,NA,NA,NA,NA,NA,NA,176
Goldammer,127,2018,2018-03-12,2,0,?,T,T,F,?,F,F,F,F,F,F,?,71
Goldammer,127,2018,2018-04-03,6,0,?,T,F,F,?,F,F,F,F,F,F,?,93
Goldammer,127,2018,2018-05-07,3,0,?,T,F,F,?,F,F,F,F,F,F,?,127
Goldammer,127,2018,2018-05-31,5,0,?,T,F,F,?,F,F,F,F,F,F,?,151
Goldammer,127,2020,2020-03-19,8,0,F,T,T,F,?,F,F,F,F,F,F,?,79
Goldammer,127,2020,2020-04-08,2,0,F,T,T,F,?,F,F,F,F,F,F,?,99
Goldammer,127,2020,2020-05-19,3,0,F,T,F,F,?,F,F,F,F,F,F,?,140
Goldammer,127,2020,2020-06-03,7,0,F,T,F,F,?,F,F,F,F,F,F,?,155
Goldammer,127,2021,2021-05-03,4,0,F,T,F,F,?,T,F,F,F,F,F,?,123
Goldammer,127,2021,2021-05-27,9,0,?,T,T,?,?,?,?,?,?,?,?,?,147
Goldammer,128,2021,2021-03-29,4,0,F,T,?,?,?,?,F,?,?,?,?,?,88
Goldammer,128,2021,2021-04-24,5,0,F,T,?,?,?,?,T,?,?,?,?,?,114
Goldammer,128,2021,2021-05-15,4,0,F,T,?,?,?,?,F,?,?,?,?,?,135
Goldammer,128,2021,2021-06-15,8,0,F,T,?,?,?,?,F,?,?,?,?,?,166
Goldammer,129,2021,2021-03-24,3,0,?,T,?,?,?,T,?,?,?,?,?,?,83
Goldammer,129,2021,2021-04-18,1,0,?,?,?,?,?,?,?,?,?,?,?,?,108
Goldammer,129,2021,2021-05-08,2,0,?,T,?,?,?,?,?,?,?,?,?,?,128
Goldammer,129,2021,2021-05-28,4,0,?,T,?,?,?,?,?,?,?,?,?,?,148
Goldammer,131,2018,2018-03-11,11,0,F,T,T,F,T,F,T,F,F,F,F,?,70
Goldammer,131,2018,2018-04-15,5,0,F,T,T,F,?,F,T,F,F,F,F,?,105
Goldammer,131,2018,2018-05-21,1,0,F,F,T,F,?,F,F,F,F,F,F,?,141
Goldammer,131,2018,2018-06-09,5,0,F,T,T,F,?,F,F,F,F,F,F,?,160
Goldammer,131,2020,2020-03-24,1,0,F,T,F,F,?,F,F,F,F,F,F,?,84
Goldammer,131,2020,2020-04-12,3,0,F,T,T,F,?,F,F,F,F,F,F,?,103
Goldammer,131,2020,2020-05-08,3,0,F,T,T,F,?,F,F,F,F,F,F,?,129
Goldammer,131,2020,2020-06-17,5,0,F,T,F,F,?,F,F,F,F,F,F,?,169
Goldammer,131,2021,2021-03-24,3,0,F,T,T,F,?,F,?,F,F,F,F,?,83
Goldammer,131,2021,2021-04-25,3,0,F,T,T,F,?,F,?,F,F,F,F,?,115
Goldammer,131,2021,2021-05-09,2,0,F,T,T,F,?,F,?,F,F,F,F,?,129
Goldammer,131,2021,2021-06-13,3,0,F,T,F,F,?,F,?,F,F,F,F,?,164
Goldammer,133,2019,2019-03-23,7,0,?,T,T,?,?,T,?,?,?,?,?,?,82
Goldammer,133,2019,2019-04-11,8,0,?,?,T,?,?,T,T,?,?,?,?,?,101
Goldammer,133,2019,2019-05-16,2,0,?,?,T,?,?,?,?,?,?,?,?,?,136
Goldammer,133,2019,2019-06-10,3,0,?,T,?,?,?,?,?,?,?,?,?,?,161
Goldammer,133,2020,2020-03-15,5,0,F,T,T,F,?,T,F,F,F,F,F,?,75
Goldammer,133,2020,2020-05-09,1,0,F,T,F,F,?,F,F,F,F,F,F,?,130
Goldammer,133,2020,2020-06-01,1,0,F,T,F,F,?,F,F,F,F,F,F,?,153
Goldammer,133,2020,2020-05-04,0,0,NA,NA,NA,NA,NA,NA,NA,NA,NA,NA,NA,NA,125
Goldammer,133,2022,2022-03-13,3,0,F,T,F,F,F,F,F,F,F,F,F,?,72
Goldammer,133,2022,2022-04-03,3,0,F,T,F,F,F,T,F,F,F,F,F,?,93
Goldammer,133,2022,2022-05-09,1,0,F,T,F,F,F,F,F,F,F,F,F,?,129
Goldammer,133,2022,2022-06-14,3,0,F,T,F,F,F,F,F,F,F,F,F,?,165
Goldammer,133,2022,2022-03-24,0,0,NA,NA,NA,NA,NA,NA,NA,NA,NA,NA,NA,NA,83
Goldammer,133,2023,2023-03-17,2,0,F,T,F,F,?,T,F,F,F,F,F,?,76
Goldammer,133,2023,2023-04-27,2,0,F,T,F,F,?,T,F,F,F,F,F,?,117
Goldammer,133,2023,2023-05-12,0,0,NA,NA,NA,NA,NA,NA,NA,NA,NA,NA,NA,NA,132
Goldammer,133,2023,2023-05-29,0,0,NA,NA,NA,NA,NA,NA,NA,NA,NA,NA,NA,NA,149
Goldammer,134,2018,2018-03-24,5,0,F,F,F,F,?,F,F,F,F,F,F,?,83
Goldammer,134,2018,2018-04-21,4,0,F,F,F,F,F,F,F,F,F,F,F,?,111
Goldammer,134,2018,2018-05-05,4,0,F,T,T,F,F,F,F,F,F,F,F,?,125
Goldammer,134,2018,2018-05-27,3,0,F,F,F,F,F,F,F,F,F,F,F,?,147
Goldammer,134,2020,2020-03-28,3,0,F,T,F,F,?,F,F,F,F,F,F,?,88
Goldammer,134,2020,2020-04-19,6,0,F,F,T,F,?,T,T,F,F,F,F,?,110
Goldammer,134,2020,2020-05-12,1,0,F,F,F,F,?,F,F,F,F,F,F,?,133
Goldammer,134,2020,2020-06-13,4,0,F,T,F,F,?,F,F,F,F,F,F,?,165
Goldammer,134,2021,2021-06-13,12,0,F,T,T,F,?,F,T,F,F,F,F,?,164
Goldammer,135,2019,2019-03-19,12,0,?,T,T,?,?,T,?,?,?,?,?,?,78
Goldammer,135,2019,2019-04-12,6,0,?,?,T,?,?,?,?,?,?,?,?,?,102
Goldammer,135,2019,2019-05-05,3,0,?,T,T,?,?,?,?,?,?,?,?,?,125
Goldammer,135,2019,2019-06-08,4,0,?,T,?,?,?,?,?,?,?,?,?,?,159
Goldammer,135,2020,2020-03-18,6,0,F,T,T,F,?,T,F,F,F,F,F,?,78
Goldammer,135,2020,2020-04-10,7,0,F,T,T,F,?,T,F,F,F,F,F,?,101
Goldammer,135,2020,2020-05-07,7,0,F,T,F,F,?,F,F,F,F,F,F,?,128
Goldammer,135,2020,2020-05-30,8,0,F,T,F,F,?,T,F,F,F,F,F,?,151
Goldammer,135,2020,2020-05-17,0,0,NA,NA,NA,NA,NA,NA,NA,NA,NA,NA,NA,NA,138
Goldammer,135,2022,2022-03-24,3,0,F,T,F,F,F,T,F,F,F,F,F,?,83
Goldammer,135,2022,2022-04-30,5,0,F,T,T,F,F,F,F,F,F,F,F,?,120
Goldammer,135,2022,2022-05-18,1,0,F,F,F,F,F,F,F,F,F,F,F,?,138
Goldammer,135,2022,2022-06-13,3,0,F,T,T,F,F,F,F,F,F,F,F,?,164
Goldammer,135,2023,2023-03-18,4,0,F,F,F,F,?,T,F,F,F,F,F,?,77
Goldammer,135,2023,2023-04-20,4,0,F,T,F,F,?,F,F,F,F,F,F,?,110
Goldammer,135,2023,2023-05-07,3,0,F,F,T,F,?,F,F,F,F,F,F,?,127
Goldammer,135,2023,2023-06-11,5,0,F,T,F,F,?,F,F,F,F,F,F,?,162
Goldammer,136,2018,2018-03-30,1,0,F,F,F,F,?,F,T,F,F,F,F,?,89
Goldammer,136,2018,2018-04-23,2,0,F,T,F,F,?,F,F,F,F,F,F,?,113
Goldammer,136,2018,2018-05-19,2,0,F,T,F,F,?,F,T,F,F,F,F,?,139
Goldammer,136,2018,2018-06-08,1,0,F,T,F,F,?,F,F,F,F,F,F,?,159
Goldammer,136,2020,2020-03-19,3,0,F,T,F,F,?,F,F,F,F,F,F,?,79
Goldammer,136,2020,2020-04-26,3,0,F,T,F,F,?,F,F,F,F,F,F,?,117
Goldammer,136,2020,2020-05-17,2,0,F,T,T,F,?,F,T,F,F,F,F,?,138
Goldammer,136,2020,2020-06-13,2,0,F,T,F,F,?,F,F,F,F,F,F,?,165
Goldammer,136,2021,2021-03-21,3,0,F,T,F,F,?,F,T,F,F,F,F,?,80
Goldammer,136,2021,2021-04-26,0,0,NA,NA,NA,NA,NA,NA,NA,NA,NA,NA,NA,NA,116
Goldammer,136,2021,2021-05-10,0,0,NA,NA,NA,NA,NA,NA,NA,NA,NA,NA,NA,NA,130
Goldammer,136,2021,2021-06-18,2,0,F,T,F,F,?,T,?,F,F,F,F,?,169
Goldammer,138,2020,2020-03-20,18,0,F,T,T,F,?,F,F,F,F,F,F,?,80
Goldammer,138,2020,2020-04-25,11,0,F,T,T,F,?,T,F,F,F,F,F,?,116
Goldammer,138,2020,2020-05-16,11,0,F,T,T,F,?,T,F,F,F,F,F,?,137
Goldammer,138,2020,2020-06-13,13,0,F,T,T,F,?,F,F,F,F,F,F,?,165
Goldammer,138,2021,2021-03-29,16,0,F,T,F,F,T,T,F,F,F,F,F,?,88
Goldammer,138,2021,2021-05-14,12,0,F,T,F,F,?,F,F,F,F,F,F,?,134
Goldammer,138,2021,2021-06-14,12,0,F,T,T,F,?,F,F,F,F,F,F,?,165
Goldammer,139,2018,2018-03-22,9,0,F,T,T,F,?,F,F,F,F,F,F,?,81
Goldammer,139,2018,2018-04-27,8,0,F,T,T,F,?,T,F,F,F,F,F,?,117
Goldammer,139,2018,2018-05-13,10,0,F,T,F,F,?,T,T,F,F,F,F,?,133
Goldammer,139,2018,2018-06-06,8,0,F,T,F,F,?,F,F,F,F,F,F,?,157
Goldammer,139,2020,2020-03-31,1,0,F,T,F,F,?,F,F,F,F,F,F,?,91
Goldammer,139,2020,2020-04-26,7,0,F,T,F,F,?,F,F,F,F,F,F,?,117
Goldammer,139,2020,2020-05-11,6,0,F,T,F,T,?,T,F,F,F,F,F,?,132
Goldammer,139,2020,2020-06-01,3,0,F,T,F,F,?,F,F,F,F,F,F,?,153
Goldammer,139,2021,2021-03-29,3,0,F,T,F,F,?,F,F,F,F,F,F,?,88
Goldammer,139,2021,2021-04-28,10,0,F,T,F,F,?,F,F,F,F,F,F,?,118
Goldammer,139,2021,2021-05-21,8,0,F,T,F,F,?,F,F,F,F,F,F,?,141
Goldammer,139,2021,2021-06-20,6,0,F,T,F,F,?,F,F,F,F,F,F,?,171
Goldammer,141,2018,2018-03-30,2,0,F,F,F,F,?,F,F,F,F,F,F,?,89
Goldammer,141,2018,2018-04-15,3,0,F,T,F,F,?,F,F,F,F,F,F,?,105
Goldammer,141,2018,2018-05-10,2,0,F,F,F,F,?,F,F,F,F,F,F,?,130
Goldammer,141,2018,2018-06-02,5,0,F,T,F,F,?,T,F,F,F,F,F,?,153
Goldammer,141,2018,2019-05-10,0,0,NA,NA,NA,NA,NA,NA,NA,NA,NA,NA,NA,NA,130
Goldammer,141,2018,2019-04-15,1,0,F,F,F,F,?,F,F,F,F,F,F,?,105
Goldammer,141,2020,2020-03-22,5,0,F,T,T,F,?,F,T,F,F,F,F,?,82
Goldammer,141,2020,2020-04-20,4,0,F,T,T,F,?,F,F,F,F,F,F,?,111
Goldammer,141,2020,2020-05-16,3,0,F,T,T,F,?,F,F,F,F,F,F,?,137
Goldammer,141,2020,2020-06-11,4,0,F,T,F,F,?,F,F,F,F,F,F,?,163
Goldammer,141,2021,2021-03-26,4,0,F,T,T,F,?,F,?,F,F,F,F,?,85
Goldammer,141,2021,2021-04-23,2,0,F,T,F,F,?,F,?,F,F,F,F,?,113
Goldammer,141,2021,2021-05-13,3,0,F,T,T,F,?,F,?,F,F,F,F,?,133
Goldammer,141,2021,2021-05-25,1,0,F,F,T,F,?,F,?,F,F,F,F,?,145
Goldammer,142,2019,2019-03-28,3,0,?,T,?,?,?,?,?,?,?,?,?,?,87
Goldammer,142,2019,2019-04-06,2,0,?,T,?,?,?,?,?,?,?,?,?,?,96
Goldammer,142,2019,2019-05-09,4,0,?,T,?,?,?,?,?,?,?,?,?,?,129
Goldammer,142,2019,2019-06-07,6,0,?,T,?,?,?,T,?,?,?,?,?,?,158
Goldammer,142,2020,2020-03-23,1,0,F,F,T,F,?,F,F,F,F,F,F,?,83
Goldammer,142,2020,2020-04-23,7,0,F,T,T,F,?,F,F,F,F,F,F,?,114
Goldammer,142,2020,2020-05-09,3,0,F,F,T,F,?,F,F,F,F,F,F,?,130
Goldammer,142,2020,2020-06-17,8,0,F,T,T,T,?,T,T,F,F,F,F,?,169
Goldammer,142,2021,2021-03-20,8,0,F,T,T,F,?,F,F,F,F,F,F,?,79
Goldammer,142,2021,2021-04-10,4,0,F,T,T,F,?,F,F,F,F,F,F,?,100
Goldammer,142,2021,2021-05-08,4,0,F,F,T,F,?,F,F,F,F,F,F,?,128
Goldammer,142,2021,2021-06-10,2,0,F,T,T,F,?,F,F,F,F,F,F,?,161
Goldammer,142,2022,2022-03-14,3,0,F,T,T,F,F,F,F,F,F,F,F,?,73
Goldammer,142,2022,2022-04-22,3,0,F,T,F,F,F,F,F,F,F,F,F,?,112
Goldammer,142,2022,2022-05-19,4,0,F,T,T,F,F,F,F,F,F,F,F,?,139
Goldammer,142,2022,2022-06-04,4,0,F,T,T,F,F,F,F,F,F,F,F,?,155
Goldammer,142,2023,2023-03-13,4,0,F,T,F,F,?,F,F,F,F,F,F,?,72
Goldammer,142,2023,2023-04-07,2,0,F,F,T,F,?,F,F,F,F,F,F,?,97
Goldammer,142,2023,2023-05-11,4,0,F,T,T,F,?,F,F,F,F,F,F,?,131
Goldammer,142,2023,2023-06-10,5,0,F,T,T,F,?,F,F,F,F,F,F,?,161
Goldammer,143,2018,2018-03-17,1,0,F,F,F,F,?,F,F,F,F,F,F,?,76
Goldammer,143,2018,2018-04-18,3,0,F,F,F,F,?,F,F,F,F,F,F,?,108
Goldammer,143,2018,2018-05-21,0,0,NA,NA,NA,NA,NA,NA,NA,NA,NA,NA,NA,NA,141
Goldammer,143,2018,2018-06-16,0,0,NA,NA,NA,NA,NA,NA,NA,NA,NA,NA,NA,NA,167
Goldammer,143,2020,2020-03-22,6,0,F,T,T,F,?,F,F,F,F,F,F,?,82
Goldammer,143,2020,2020-04-26,3,0,F,F,F,F,?,F,F,F,F,F,F,?,117
Goldammer,143,2020,2020-05-17,7,0,F,F,F,F,?,F,F,F,F,F,F,?,138
Goldammer,143,2020,2020-06-20,3,0,F,F,T,F,?,F,F,F,F,F,F,?,172
Goldammer,143,2021,2021-03-28,5,0,F,F,F,F,?,F,F,F,F,F,F,?,87
Goldammer,143,2021,2021-04-24,4,0,F,F,F,F,?,F,F,F,F,F,F,?,114
Goldammer,143,2021,2021-05-15,3,0,F,F,F,F,?,F,F,F,F,F,F,?,135
Goldammer,143,2021,2021-06-20,0,0,NA,NA,NA,NA,NA,NA,NA,NA,NA,NA,NA,NA,171
Goldammer,144,2020,2020-04-13,0,0,NA,NA,NA,NA,NA,NA,NA,NA,NA,NA,NA,NA,104
Goldammer,144,2020,2020-04-27,1,0,F,T,F,F,?,F,F,F,F,F,F,?,118
Goldammer,144,2020,2020-05-16,1,0,F,T,F,F,?,F,F,F,F,F,F,?,137
Goldammer,144,2020,2020-06-13,1,0,F,T,F,F,?,F,F,F,F,F,F,?,165
Goldammer,146,2021,2021-03-25,6,0,?,T,?,?,?,T,T,?,?,?,?,?,84
Goldammer,146,2021,2021-04-18,12,0,?,T,?,?,?,T,T,?,?,?,?,?,108
Goldammer,146,2021,2021-05-09,5,0,?,T,?,?,?,T,T,?,?,?,?,?,129
Goldammer,146,2021,2021-06-03,7,0,?,T,?,?,?,T,?,?,?,?,?,?,154
Goldammer,147,2018,2018-03-23,2,0,F,F,T,F,?,F,F,F,F,F,F,?,82
Goldammer,147,2018,2018-04-28,5,0,F,T,T,F,?,F,F,F,F,F,F,?,118
Goldammer,147,2018,2018-05-07,3,0,F,T,T,F,?,F,F,F,F,F,F,?,127
Goldammer,147,2018,2018-06-15,4,0,F,T,T,F,?,F,F,F,F,F,F,?,166
Goldammer,147,2020,2020-03-19,9,0,F,T,T,F,?,F,F,F,F,F,F,?,79
Goldammer,147,2020,2020-04-14,4,0,F,T,T,F,?,F,F,F,F,F,F,?,105
Goldammer,147,2020,2020-05-11,6,0,F,F,T,F,?,F,F,F,F,F,F,?,132
Goldammer,147,2020,2020-06-02,4,0,F,T,F,F,?,F,F,F,F,F,F,?,154
Goldammer,147,2021,2021-03-29,7,0,F,T,T,F,?,F,T,F,F,F,F,?,88
Goldammer,147,2021,2021-04-22,6,0,F,T,T,F,?,F,F,F,F,F,F,?,112
Goldammer,147,2021,2021-05-10,8,0,F,T,T,F,?,F,F,F,F,F,F,?,130
Goldammer,147,2021,2021-06-07,2,0,F,F,T,F,?,F,F,T,F,F,F,?,158
Goldammer,148,2019,2019-03-29,9,0,?,T,T,?,?,T,T,?,?,?,?,?,88
Goldammer,148,2019,2019-04-07,9,0,?,T,T,?,?,T,?,?,?,?,?,?,97
Goldammer,148,2019,2019-05-12,7,0,?,T,?,?,?,?,?,?,?,?,?,?,132
Goldammer,148,2019,2019-06-09,7,0,?,T,T,?,?,?,?,?,?,?,?,?,160
Goldammer,148,2020,2020-03-24,9,0,F,F,T,F,?,T,T,F,F,F,F,?,84
Goldammer,148,2020,2020-04-16,7,0,F,F,T,F,?,T,F,F,F,F,F,?,107
Goldammer,148,2020,2020-05-07,7,0,F,T,T,F,?,F,F,F,F,F,F,?,128
Goldammer,148,2020,2020-06-10,7,0,F,T,T,F,?,F,F,F,F,F,F,?,162
Goldammer,148,2021,2021-03-12,15,0,F,T,T,F,?,T,F,F,F,F,F,?,71
Goldammer,148,2021,2021-04-08,15,0,F,T,T,F,T,T,F,F,F,F,F,?,98
Goldammer,148,2021,2021-05-18,12,0,F,T,T,F,?,T,F,F,F,F,F,?,138
Goldammer,148,2021,2021-06-14,5,0,F,T,T,F,?,F,F,F,F,F,F,?,165
Goldammer,148,2022,2022-03-11,10,0,F,T,T,F,F,F,F,F,F,F,F,?,70
Goldammer,148,2022,2022-04-04,9,0,F,T,T,F,F,F,F,F,F,F,F,?,94
Goldammer,148,2022,2022-05-10,11,0,F,T,T,F,F,F,F,F,F,F,F,?,130
Goldammer,148,2022,2022-06-01,9,0,F,T,T,F,F,F,F,F,F,F,F,?,152
Goldammer,148,2023,2023-03-17,6,0,F,T,T,F,?,F,F,F,F,F,F,?,76
Goldammer,148,2023,2023-04-19,6,0,F,T,T,F,?,F,F,F,F,F,F,?,109
Goldammer,148,2023,2023-05-15,11,0,F,T,T,F,?,F,F,F,F,F,F,?,135
Goldammer,148,2023,2023-06-14,8,0,F,T,T,F,?,F,F,F,F,F,F,?,165
Goldammer,149,2019,2019-03-28,13,0,?,T,?,?,?,T,?,?,?,?,?,?,87
Goldammer,149,2019,2019-04-15,10,0,?,T,?,?,?,T,?,?,?,?,?,?,105
Goldammer,149,2019,2019-05-07,7,0,?,T,T,?,?,?,?,?,?,?,?,?,127
Goldammer,149,2019,2019-05-31,6,0,?,T,T,?,?,?,?,?,?,?,?,?,151
Goldammer,149,2020,2020-03-19,11,0,F,T,T,F,?,T,T,F,F,F,F,?,79
Goldammer,149,2020,2020-04-12,9,0,F,T,T,F,?,F,F,F,F,F,F,?,103
Goldammer,149,2020,2020-05-16,7,0,F,T,T,F,?,F,F,F,F,F,F,?,137
Goldammer,149,2020,2020-06-03,7,0,F,T,T,F,?,F,F,F,F,F,F,?,155
Goldammer,149,2022,2022-03-15,3,0,F,T,F,F,F,F,F,F,F,F,F,?,74
Goldammer,149,2022,2022-04-18,7,0,F,T,T,F,F,T,F,F,F,F,F,?,108
Goldammer,149,2022,2022-05-06,5,0,F,T,T,F,F,F,F,F,F,F,F,?,126
Goldammer,149,2022,2022-06-01,6,0,F,T,F,F,F,T,F,F,F,F,F,?,152
Goldammer,149,2023,2023-03-30,2,0,F,F,T,F,?,F,F,F,F,F,F,?,89
Goldammer,149,2023,2023-04-09,7,0,F,T,F,F,?,T,F,F,F,F,F,?,99
Goldammer,149,2023,2023-05-05,3,0,F,T,F,F,?,F,F,F,F,F,F,?,125
Goldammer,149,2023,2023-05-27,7,0,F,T,F,F,?,F,F,F,F,F,F,?,147
Goldammer,151,2018,2018-03-25,7,0,F,F,F,F,?,F,F,F,F,F,F,?,84
Goldammer,151,2018,2018-04-22,1,0,F,F,T,F,?,F,F,F,F,F,F,?,112
Goldammer,151,2018,2018-05-19,1,0,F,T,F,F,?,F,F,F,F,F,F,?,139
Goldammer,151,2018,2018-05-31,5,0,F,T,T,F,?,F,F,F,F,F,F,?,151
Goldammer,151,2020,2020-03-29,0,0,NA,NA,NA,NA,NA,NA,NA,NA,NA,NA,NA,NA,89
Goldammer,151,2020,2020-04-26,2,0,F,T,F,F,?,F,F,F,F,F,F,?,117
Goldammer,151,2020,2020-05-10,1,0,F,T,F,F,?,F,F,F,F,F,F,?,131
Goldammer,151,2020,2020-05-31,1,0,F,T,F,F,?,F,F,F,F,F,F,?,152
Goldammer,151,2021,2021-06-13,19,0,F,T,T,F,?,F,T,F,F,F,F,?,164
Goldammer,152,2019,2019-03-20,15,0,?,T,T,?,?,T,?,?,?,?,?,?,79
Goldammer,152,2019,2019-04-09,12,0,?,T,T,?,?,T,?,?,?,?,?,?,99
Goldammer,152,2019,2019-05-02,14,0,?,T,T,?,?,?,?,?,?,?,?,?,122
Goldammer,152,2019,2019-05-27,14,0,?,T,T,?,?,T,?,?,?,?,?,?,147
Goldammer,152,2020,2020-03-22,5,0,F,F,T,F,?,T,F,F,F,F,F,?,82
Goldammer,152,2020,2020-04-23,13,0,F,T,T,F,?,T,F,F,F,F,F,?,114
Goldammer,152,2020,2020-05-18,9,0,F,T,T,F,?,F,F,F,F,F,F,?,139
Goldammer,152,2020,2020-06-13,5,0,F,T,T,F,?,F,F,F,F,F,F,?,165
Goldammer,152,2022,2022-03-17,5,0,F,T,F,F,F,T,F,F,F,F,F,?,76
Goldammer,152,2022,2022-04-20,6,0,F,T,F,F,F,T,F,F,F,F,F,?,110
Goldammer,152,2022,2022-05-05,6,0,F,T,F,F,F,T,F,F,F,F,F,?,125
Goldammer,152,2022,2022-04-11,0,0,NA,NA,NA,NA,NA,NA,NA,NA,NA,NA,NA,NA,101
Goldammer,152,2023,2023-03-13,2,0,F,F,F,F,?,T,F,F,F,F,F,?,72
Goldammer,152,2023,2023-04-26,4,0,F,T,F,F,?,T,F,F,F,F,F,?,116
Goldammer,152,2023,2023-05-20,3,0,F,T,F,F,?,F,F,F,F,F,F,?,140
Goldammer,152,2023,2023-06-08,6,0,F,T,F,F,?,T,F,F,F,F,F,?,159
Goldammer,154,2019,2019-03-29,12,0,?,T,T,?,?,?,?,?,?,?,?,?,88
Goldammer,154,2019,2019-04-27,20,0,?,T,T,?,?,?,?,?,?,?,?,?,117
Goldammer,154,2019,2019-05-12,25,0,?,T,T,?,?,T,?,?,?,?,?,?,132
Goldammer,154,2019,2019-06-07,10,0,?,T,?,?,?,?,?,?,?,?,?,?,158
Goldammer,154,2020,2020-03-30,13,0,F,T,T,F,?,F,F,F,F,F,F,?,90
Goldammer,154,2020,2020-04-25,12,0,F,T,F,F,?,F,F,F,F,F,F,?,116
Goldammer,154,2020,2020-05-19,19,0,F,T,F,F,?,F,F,F,F,F,F,?,140
Goldammer,154,2020,2020-06-17,19,0,F,T,T,F,?,T,F,F,F,F,F,?,169
Goldammer,154,2022,2022-03-25,11,0,F,T,F,F,F,F,F,F,F,F,F,?,84
Goldammer,154,2022,2022-04-23,19,0,F,T,F,F,F,F,F,F,F,F,F,?,113
Goldammer,154,2022,2022-05-12,15,0,F,T,F,F,F,F,F,F,F,F,F,?,132
Goldammer,154,2022,2022-06-10,19,0,F,T,F,F,F,F,F,F,F,F,F,?,161
Goldammer,154,2022,2022-03-17,0,0,NA,NA,NA,NA,NA,NA,NA,NA,NA,NA,NA,NA,76
Goldammer,154,2023,2023-03-23,13,0,F,T,T,F,?,F,F,F,F,F,F,?,82
Goldammer,154,2023,2023-04-26,13,0,F,T,T,F,?,T,F,F,F,F,F,?,116
Goldammer,154,2023,2023-05-16,12,0,F,T,T,F,?,F,F,F,F,F,F,?,136
Goldammer,154,2023,2023-06-15,17,0,F,T,F,F,?,F,F,F,F,F,F,?,166
Goldammer,155,2019,2019-03-31,10,0,?,T,T,?,?,?,?,?,?,?,?,?,90
Goldammer,155,2019,2019-04-29,10,0,?,T,?,?,?,?,?,?,?,?,?,?,119
Goldammer,155,2019,2019-05-13,9,0,?,T,T,?,?,T,?,?,?,?,?,?,133
Goldammer,155,2019,2019-06-03,7,0,?,T,T,?,?,?,?,?,?,?,?,?,154
Goldammer,155,2020,2020-03-25,5,0,F,T,F,F,?,F,F,F,F,F,F,?,85
Goldammer,155,2020,2020-04-23,9,0,F,T,F,F,?,F,F,F,F,F,F,?,114
Goldammer,155,2020,2020-05-11,9,0,F,T,F,F,?,F,F,F,F,F,F,?,132
Goldammer,155,2020,2020-06-18,4,0,F,T,F,F,?,F,F,F,F,F,F,?,170
Goldammer,155,2022,2022-03-23,6,0,F,T,F,F,F,F,F,F,F,F,F,?,82
Goldammer,155,2022,2022-04-22,8,0,F,T,F,F,F,F,F,F,F,F,F,?,112
Goldammer,155,2022,2022-05-11,14,0,F,T,F,F,F,F,F,F,F,F,F,?,131
Goldammer,155,2022,2022-06-02,4,0,F,T,F,F,F,F,F,F,F,F,F,?,153
Goldammer,155,2023,2023-03-29,4,0,F,T,F,F,?,F,F,F,F,F,F,?,88
Goldammer,155,2023,2023-05-17,6,0,F,T,T,F,?,F,F,F,F,F,F,?,137
Goldammer,155,2023,2023-06-16,6,0,F,T,F,T,?,T,F,F,F,F,F,?,167
Goldammer,155,2023,2023-04-10,0,0,NA,NA,NA,NA,NA,NA,NA,NA,NA,NA,NA,NA,100
Goldammer,156,2019,2019-03-23,10,0,?,T,T,?,?,T,?,?,?,?,?,?,82
Goldammer,156,2019,2019-04-23,7,0,?,T,T,?,?,?,?,?,?,?,?,?,113
Goldammer,156,2019,2019-05-09,6,0,?,T,T,?,?,?,?,?,?,?,?,?,129
Goldammer,156,2019,2019-06-01,8,0,?,T,?,?,?,?,?,?,?,?,?,?,152
Goldammer,156,2020,2020-03-20,5,0,F,T,T,F,?,T,F,F,F,F,F,?,80
Goldammer,156,2020,2020-04-06,8,0,F,T,T,F,?,T,F,F,F,F,F,?,97
Goldammer,156,2020,2020-05-04,8,0,F,T,F,F,?,T,F,F,F,F,F,?,125
Goldammer,156,2020,2020-06-13,9,0,F,T,T,F,?,F,F,F,F,F,F,?,165
Goldammer,156,2022,2022-03-22,5,0,F,T,F,F,F,T,F,F,F,F,F,?,81
Goldammer,156,2022,2022-04-21,9,0,F,T,F,F,F,F,F,F,F,F,F,?,111
Goldammer,156,2022,2022-05-10,8,0,F,T,F,F,F,F,F,F,F,F,F,?,130
Goldammer,156,2022,2022-05-31,7,0,F,T,F,F,F,F,F,F,F,F,F,?,151
Goldammer,156,2023,2023-03-23,6,0,F,T,F,F,?,F,F,F,F,F,F,?,82
Goldammer,156,2023,2023-04-28,4,0,F,T,F,F,?,F,F,F,F,F,F,?,118
Goldammer,156,2023,2023-05-13,3,0,F,T,T,F,?,F,F,F,F,F,F,?,133
Goldammer,156,2023,2023-06-14,7,0,F,T,F,F,?,F,F,F,F,F,F,?,165
Goldammer,157,2019,2019-03-24,6,0,?,T,T,?,?,T,?,?,?,?,?,?,83
Goldammer,157,2019,2019-04-24,9,0,?,T,?,?,?,T,?,?,?,?,?,?,114
Goldammer,157,2019,2019-05-17,8,0,?,T,T,?,?,?,?,?,?,?,?,?,137
Goldammer,157,2019,2019-06-02,9,0,?,T,?,?,?,?,?,?,?,?,?,?,153
Goldammer,157,2020,2020-03-24,5,0,F,T,T,F,?,F,F,F,F,F,F,?,84
Goldammer,157,2020,2020-04-24,10,0,F,T,F,F,?,F,F,F,F,F,F,?,115
Goldammer,157,2020,2020-05-18,7,0,F,T,F,F,?,F,F,F,F,F,F,?,139
Goldammer,157,2020,2020-06-20,9,0,F,T,T,F,?,F,F,F,F,F,F,?,172
Goldammer,157,2022,2022-03-17,12,0,F,T,F,F,F,F,F,F,F,F,F,?,76
Goldammer,157,2022,2022-04-20,6,0,F,T,F,F,F,F,F,F,F,F,F,?,110
Goldammer,157,2022,2022-05-05,7,0,F,T,T,F,F,F,F,F,F,F,F,?,125
Goldammer,157,2022,2022-05-24,9,0,F,T,F,F,F,F,F,F,F,F,F,?,144
Goldammer,157,2023,2023-03-24,4,0,F,F,T,F,?,F,F,F,F,F,F,?,83
Goldammer,157,2023,2023-04-19,6,0,F,T,T,F,?,F,F,F,F,F,F,?,109
Goldammer,157,2023,2023-05-10,7,0,F,T,T,F,?,F,F,F,F,F,F,?,130
Goldammer,157,2023,2023-05-25,5,0,F,T,T,F,?,F,F,F,F,F,F,?,145
Goldammer,158,2019,2019-03-28,3,0,?,T,T,?,?,?,?,?,?,?,?,?,87
Goldammer,158,2019,2019-04-19,4,0,?,?,T,?,?,?,?,?,?,?,?,?,109
Goldammer,158,2019,2019-05-09,4,0,?,T,T,?,?,?,?,?,?,?,?,?,129
Goldammer,158,2019,2019-06-03,5,0,?,T,T,?,?,?,?,?,?,?,?,?,154
Goldammer,158,2020,2020-03-18,7,0,F,T,T,F,?,F,F,F,F,F,F,?,78
Goldammer,158,2020,2020-04-07,2,0,F,F,T,F,?,F,F,F,F,F,F,?,98
Goldammer,158,2020,2020-05-15,8,0,F,T,T,F,?,F,F,F,F,F,F,?,136
Goldammer,158,2020,2020-06-04,3,0,F,T,T,F,?,F,F,F,F,F,F,?,156
Goldammer,158,2021,2021-03-11,5,0,F,F,T,F,?,F,F,F,F,F,F,?,70
Goldammer,158,2021,2021-04-13,9,0,F,T,T,F,?,F,F,F,F,F,F,?,103
Goldammer,158,2021,2021-05-04,4,0,F,T,T,F,?,F,F,F,F,F,F,?,124
Goldammer,158,2021,2021-06-15,1,0,F,T,F,F,?,F,F,F,F,F,F,?,166
Goldammer,158,2022,2022-03-17,2,0,F,F,T,F,F,F,F,F,F,F,F,?,76
Goldammer,158,2022,2022-04-21,6,0,F,F,T,F,F,F,F,F,F,F,F,?,111
Goldammer,158,2022,2022-05-03,4,0,F,T,T,F,F,F,F,F,F,F,F,?,123
Goldammer,158,2022,2022-06-05,1,0,F,F,T,F,F,F,F,F,F,F,F,?,156
Goldammer,158,2023,2023-03-24,2,0,F,F,T,F,?,F,F,F,F,F,F,?,83
Goldammer,158,2023,2023-04-12,1,0,F,T,F,F,?,F,F,F,F,F,F,?,102
Goldammer,158,2023,2023-05-04,2,0,F,F,T,F,?,F,F,F,F,F,F,?,124
Goldammer,158,2023,2023-06-15,1,0,F,T,F,F,?,F,F,F,F,F,F,?,166
Goldammer,160,2019,2019-03-29,17,0,?,T,T,?,?,?,?,?,?,?,?,?,88
Goldammer,160,2019,2019-04-20,14,0,?,T,T,?,?,?,T,?,?,?,?,?,110
Goldammer,160,2019,2019-05-10,12,0,?,T,T,?,?,?,?,?,?,?,?,?,130
Goldammer,160,2019,2019-06-04,12,12,T,T,T,?,?,?,?,?,?,?,?,?,155
Goldammer,160,2020,2020-03-19,16,0,F,T,T,F,?,T,F,F,F,F,F,?,79
Goldammer,160,2020,2020-04-06,18,0,F,T,T,F,?,F,F,F,F,F,F,?,97
Goldammer,160,2020,2020-05-18,14,0,F,T,T,F,?,T,F,F,F,F,F,?,139
Goldammer,160,2020,2020-06-03,11,0,F,F,T,F,?,T,F,F,F,F,F,?,155
Goldammer,160,2021,2021-03-13,21,0,F,T,T,F,?,T,T,F,F,F,F,?,72
Goldammer,160,2021,2021-04-14,18,0,F,T,T,F,?,F,F,F,F,F,F,?,104
Goldammer,160,2021,2021-05-05,19,0,F,T,T,F,?,T,F,F,F,F,F,?,125
Goldammer,160,2021,2021-06-16,10,0,F,T,T,F,?,F,F,F,F,F,F,?,167
Goldammer,160,2022,2022-03-18,10,0,F,T,T,F,F,F,F,F,F,F,F,?,77
Goldammer,160,2022,2022-04-20,11,0,F,T,T,F,F,F,F,F,F,F,F,?,110
Goldammer,160,2022,2022-05-02,12,0,F,T,T,F,F,F,F,F,F,F,F,?,122
Goldammer,160,2022,2022-06-06,9,0,F,F,T,F,F,T,F,F,F,F,F,?,157
Goldammer,160,2023,2023-03-23,12,0,F,T,T,F,?,F,F,F,F,F,F,?,82
Goldammer,160,2023,2023-04-11,9,0,F,T,T,F,?,F,F,F,F,F,F,?,101
Goldammer,160,2023,2023-05-08,10,0,F,T,T,F,?,F,F,F,F,F,F,?,128
Goldammer,160,2023,2023-06-16,8,0,F,T,T,F,?,F,F,F,F,F,F,?,167
Goldammer,161,2018,2018-03-11,0,0,NA,NA,NA,NA,NA,NA,NA,NA,NA,NA,NA,NA,70
Goldammer,161,2018,2018-04-08,1,0,F,T,F,F,?,F,F,F,F,F,F,?,98
Goldammer,161,2018,2018-05-06,0,0,NA,NA,NA,NA,NA,NA,NA,NA,NA,NA,NA,NA,126
Goldammer,161,2018,2018-06-24,0,0,NA,NA,NA,NA,NA,NA,NA,NA,NA,NA,NA,NA,175
Goldammer,162,2019,2019-05-18,0,0,NA,NA,NA,NA,NA,NA,NA,NA,NA,NA,NA,NA,138
Goldammer,162,2019,2019-03-28,3,0,?,T,?,?,?,?,?,?,?,?,?,?,87
Goldammer,162,2019,2019-06-08,4,0,?,T,?,?,?,?,?,?,?,?,?,?,159
Goldammer,162,2019,2019-04-26,1,0,?,T,?,?,?,?,?,?,?,?,?,?,116
Goldammer,162,2020,2020-03-19,1,0,F,T,F,F,?,F,F,F,F,F,F,?,79
Goldammer,162,2020,2020-05-06,1,0,F,T,F,F,?,F,F,F,F,F,F,?,127
Goldammer,162,2020,2020-04-18,0,0,NA,NA,NA,NA,NA,NA,NA,NA,NA,NA,NA,NA,109
Goldammer,162,2020,2020-06-12,2,0,F,T,F,F,?,F,F,F,F,F,F,?,164
Goldammer,162,2022,2022-05-18,3,0,F,T,F,F,F,F,F,F,F,F,F,?,138
Goldammer,162,2022,2022-06-13,0,0,NA,NA,NA,NA,NA,NA,NA,NA,NA,NA,NA,NA,164
Goldammer,162,2022,2022-03-22,2,0,F,T,F,F,F,F,F,F,F,F,F,?,81
Goldammer,162,2022,2022-04-29,2,0,F,T,F,F,F,F,F,F,F,F,F,?,119
Goldammer,162,2023,2023-05-18,3,0,F,T,T,F,?,F,F,F,F,F,F,?,138
Goldammer,162,2023,2023-06-17,4,0,F,T,T,F,?,F,F,F,F,F,F,?,168
Goldammer,162,2023,2023-03-17,2,0,F,T,F,F,?,F,F,F,F,F,F,?,76
Goldammer,162,2023,2023-04-20,2,0,F,T,F,F,?,F,F,F,F,F,F,?,110
Goldammer,163,2018,2018-03-15,4,0,F,F,F,F,?,F,F,F,F,F,F,?,74
Goldammer,163,2018,2018-04-19,9,0,F,F,F,F,?,F,F,F,F,F,F,?,109
Goldammer,163,2018,2018-05-12,7,0,F,F,F,F,?,T,F,F,F,F,F,?,132
Goldammer,163,2018,2018-06-18,7,0,F,F,F,F,?,F,T,F,F,F,F,?,169
Goldammer,163,2020,2020-03-27,1,0,F,F,F,F,?,F,F,F,F,F,F,?,87
Goldammer,163,2020,2020-04-23,10,0,F,F,F,F,?,F,F,F,F,F,F,?,114
Goldammer,163,2020,2020-05-18,10,0,F,F,F,F,?,F,F,F,F,F,F,?,139
Goldammer,163,2020,2020-06-18,2,0,F,F,F,F,?,F,F,F,F,F,F,?,170
Goldammer,163,2021,2021-03-31,10,0,F,T,F,F,?,T,F,F,F,F,F,?,90
Goldammer,163,2021,2021-04-28,20,0,F,F,F,F,?,T,F,F,F,F,F,?,118
Goldammer,163,2021,2021-05-12,7,0,F,F,T,F,?,F,F,F,F,F,F,?,132
Goldammer,163,2021,2021-06-17,11,0,F,F,T,F,?,F,F,F,F,F,F,?,168
Goldammer,164,2020,2020-03-15,17,0,F,T,T,F,F,T,F,F,F,F,F,?,75
Goldammer,164,2020,2020-04-07,12,0,F,T,T,F,F,F,F,F,F,F,F,?,98
Goldammer,164,2020,2020-05-04,10,0,F,T,F,T,F,T,F,F,F,F,F,?,125
Goldammer,164,2020,2020-06-09,9,0,F,T,F,F,F,F,F,F,F,T,T,?,161
Goldammer,164,2021,2021-03-11,8,0,?,T,T,?,?,?,T,?,?,?,?,?,70
Goldammer,164,2021,2021-04-07,6,0,?,T,T,?,?,?,?,?,?,?,?,?,97
Goldammer,164,2021,2021-05-04,12,0,?,T,T,?,?,?,?,?,?,?,?,?,124
Goldammer,164,2021,2021-05-21,11,0,?,T,T,?,?,?,?,?,?,?,?,?,141
Goldammer,164,2022,2022-03-24,7,0,F,T,T,F,F,F,F,F,F,F,F,?,83
Goldammer,164,2022,2022-04-13,7,0,F,T,T,F,F,F,F,F,F,F,F,?,103
Goldammer,164,2022,2022-05-12,5,0,F,T,F,F,F,F,F,F,F,F,F,?,132
Goldammer,164,2022,2022-06-07,4,0,F,T,T,F,F,F,F,F,F,F,F,?,158
Goldammer,164,2023,2023-03-20,7,0,F,T,T,F,F,F,F,F,F,F,F,?,79
Goldammer,164,2023,2023-04-18,7,0,F,T,T,F,F,F,F,F,F,F,F,?,108
Goldammer,164,2023,2023-06-20,5,0,F,T,F,F,F,F,F,F,F,F,F,?,171
Goldammer,164,2023,2023-05-17,8,0,F,T,F,F,F,F,F,F,F,F,F,?,137
Goldammer,165,2019,2019-03-13,3,0,?,T,?,?,?,?,?,?,?,?,?,?,72
Goldammer,165,2019,2019-04-18,3,0,?,T,?,?,?,?,?,?,?,?,?,?,108
Goldammer,165,2019,2019-05-10,2,0,?,T,?,?,?,?,?,?,?,?,?,?,130
Goldammer,165,2019,2019-06-05,3,0,?,T,T,?,?,?,?,?,?,?,?,?,156
Goldammer,165,2020,2020-03-19,5,0,F,T,F,F,F,T,F,F,F,F,F,?,79
Goldammer,165,2020,2020-04-17,2,0,F,T,F,F,F,F,F,F,F,F,F,?,108
Goldammer,165,2020,2020-05-13,3,0,F,T,F,F,F,F,F,F,F,F,F,?,134
Goldammer,165,2020,2020-06-07,3,0,F,T,F,F,F,F,F,F,F,F,F,?,159
Goldammer,165,2021,2021-03-23,3,0,?,T,T,?,?,T,?,?,?,?,?,?,82
Goldammer,165,2021,2021-04-13,3,0,?,T,T,?,?,?,?,?,?,?,?,?,103
Goldammer,165,2021,2021-05-06,1,0,?,T,?,?,?,?,?,?,?,?,?,?,126
Goldammer,165,2021,2021-06-07,1,0,?,?,T,?,?,?,?,?,?,?,?,?,158
Goldammer,165,2022,2022-03-24,1,0,F,T,F,F,F,F,F,F,F,F,F,?,83
Goldammer,165,2022,2022-04-13,0,0,NA,NA,NA,NA,NA,NA,NA,NA,NA,NA,NA,NA,103
Goldammer,165,2022,2022-05-12,0,0,NA,NA,NA,NA,NA,NA,NA,NA,NA,NA,NA,NA,132
Goldammer,165,2022,2022-06-07,2,0,F,T,F,F,F,F,F,F,F,F,F,?,158
Goldammer,165,2023,2023-03-15,2,0,F,T,F,F,F,F,F,F,F,F,F,?,74
Goldammer,165,2023,2023-04-19,0,0,NA,NA,NA,NA,NA,NA,NA,NA,NA,NA,NA,NA,109
Goldammer,165,2023,2023-05-03,2,0,F,T,F,F,F,F,F,F,F,F,F,?,123
Goldammer,168,2019,2019-03-25,8,0,?,T,T,?,?,?,?,?,?,?,?,?,84
Goldammer,168,2019,2019-04-25,13,0,?,T,T,?,?,T,?,?,?,?,?,?,115
Goldammer,168,2019,2019-05-15,6,0,?,T,T,?,?,?,?,?,?,?,?,?,135
Goldammer,168,2019,2019-06-07,12,0,?,T,?,?,?,?,?,?,?,?,?,?,158
Goldammer,168,2020,2020-03-21,8,0,F,T,T,T,F,T,F,F,F,F,F,?,81
Goldammer,168,2020,2020-04-18,8,0,F,T,T,F,F,F,F,F,F,F,F,?,109
Goldammer,168,2020,2020-05-17,4,0,F,T,F,F,F,F,F,F,F,F,F,?,138
Goldammer,168,2020,2020-06-08,2,0,F,T,F,F,F,F,F,F,F,F,F,?,160
Goldammer,168,2021,2021-03-27,7,0,?,T,T,?,?,?,?,?,?,?,?,?,86
Goldammer,168,2021,2021-04-23,10,0,T,T,T,F,?,T,F,F,F,F,F,?,113
Goldammer,168,2021,2021-05-20,4,0,?,T,?,?,T,?,?,?,?,?,?,?,140
Goldammer,168,2021,2021-06-04,13,0,F,T,T,F,?,F,F,F,F,F,F,?,155
Goldammer,168,2022,2022-03-24,6,0,F,T,T,F,F,F,F,F,F,F,F,?,83
Goldammer,168,2022,2022-04-26,11,0,F,T,T,F,F,F,F,F,F,F,F,?,116
Goldammer,168,2022,2022-05-13,6,0,F,T,T,F,F,F,F,F,F,F,F,?,133
Goldammer,168,2022,2022-06-01,3,0,F,T,T,F,F,F,F,F,F,F,F,?,152
Goldammer,168,2023,2023-03-16,7,0,F,T,T,F,F,F,F,F,F,F,F,?,75
Goldammer,168,2023,2023-04-05,8,0,F,T,T,F,F,F,F,F,F,F,F,?,95
Goldammer,168,2023,2023-05-09,5,0,F,T,T,F,F,F,F,F,F,F,F,?,129
Goldammer,168,2023,2023-06-01,7,0,F,T,T,F,F,F,F,F,F,F,F,?,152
Goldammer,169,2019,2019-03-12,5,0,?,T,?,?,?,?,?,?,?,?,?,?,71
Goldammer,169,2019,2019-04-17,3,0,?,?,T,?,?,?,T,?,?,?,?,?,107
Goldammer,169,2019,2019-05-09,4,0,?,T,?,?,?,T,?,?,?,?,?,?,129
Goldammer,169,2019,2019-05-28,2,0,?,T,?,?,?,?,?,?,?,?,?,?,148
Goldammer,169,2020,2020-03-17,2,0,F,T,F,F,F,F,F,F,F,F,F,?,77
Goldammer,169,2020,2020-04-16,2,0,F,T,T,F,F,F,F,F,F,F,F,?,107
Goldammer,169,2020,2020-05-03,3,0,F,T,F,F,F,F,F,F,F,F,F,?,124
Goldammer,169,2020,2020-05-25,2,0,F,T,F,F,F,F,F,F,F,F,F,?,146
Goldammer,169,2021,2021-03-10,5,0,F,T,T,F,?,F,F,F,F,F,F,?,69
Goldammer,169,2021,2021-04-07,6,0,F,T,T,F,?,F,F,F,F,F,F,?,97
Goldammer,169,2021,2021-05-03,4,0,?,T,T,?,?,?,?,?,?,?,?,?,123
Goldammer,169,2021,2021-05-27,7,0,F,T,F,F,?,F,F,F,F,F,F,?,147
Goldammer,169,2022,2022-03-22,1,0,F,F,T,F,F,F,F,F,F,F,F,?,81
Goldammer,169,2022,2022-04-14,2,0,F,T,T,F,F,F,F,F,F,F,F,?,104
Goldammer,169,2022,2022-05-04,2,0,F,T,F,F,F,F,F,F,F,F,F,?,124
Goldammer,169,2022,2022-06-02,2,0,F,T,T,F,F,F,F,F,F,F,F,?,153
Goldammer,169,2023,2023-03-14,3,0,F,T,F,F,F,F,F,F,F,F,F,?,73
Goldammer,169,2023,2023-04-14,2,0,F,T,F,F,F,F,F,F,F,F,F,?,104
Goldammer,169,2023,2023-05-05,2,0,F,T,F,F,F,F,F,F,F,F,F,?,125
Goldammer,169,2023,2023-05-31,3,0,F,T,T,F,F,F,F,F,F,F,F,?,151
Goldammer,170,2019,2019-03-11,3,0,?,T,?,?,?,?,?,?,?,?,?,?,70
Goldammer,170,2019,2019-04-15,2,0,?,T,?,?,?,?,?,?,?,?,?,?,105
Goldammer,170,2019,2019-05-06,3,0,?,T,?,?,?,?,?,?,?,?,?,?,126
Goldammer,170,2019,2019-05-21,1,0,?,T,?,?,?,?,?,?,?,?,?,?,141
Goldammer,170,2020,2020-03-13,0,0,NA,NA,NA,NA,NA,NA,NA,NA,NA,NA,NA,NA,73
Goldammer,170,2020,2020-04-01,2,0,F,T,F,F,F,F,F,F,F,F,F,?,92
Goldammer,170,2020,2020-05-02,1,0,F,T,F,F,F,F,F,F,F,F,F,?,123
Goldammer,170,2020,2020-05-22,1,0,F,F,T,F,F,F,F,F,F,F,F,?,143
Goldammer,170,2021,2021-03-16,2,0,?,T,?,?,?,?,?,?,?,?,?,?,75
Goldammer,170,2021,2021-04-10,3,0,T,T,?,?,?,?,?,?,?,?,?,?,100
Goldammer,170,2021,2021-05-02,6,0,?,T,T,?,?,?,?,?,?,?,?,?,122
Goldammer,170,2021,2021-05-29,0,0,NA,NA,NA,NA,NA,NA,NA,NA,NA,NA,NA,NA,149
Goldammer,170,2023,2023-03-15,2,0,F,T,F,F,F,F,F,F,F,F,F,?,74
Goldammer,170,2023,2023-06-16,0,0,NA,NA,NA,NA,NA,NA,NA,NA,NA,NA,NA,NA,167
Goldammer,170,2023,2023-05-11,0,0,NA,NA,NA,NA,NA,NA,NA,NA,NA,NA,NA,NA,131
Goldammer,170,2023,2023-04-04,1,0,F,T,F,F,F,F,F,F,F,F,F,?,94
Goldammer,176,2018,2018-03-25,1,0,?,T,F,F,?,F,F,F,F,F,F,?,84
Goldammer,176,2018,2018-04-21,2,0,?,T,F,F,?,F,F,F,F,F,F,?,111
Goldammer,176,2018,2018-05-09,6,0,?,T,T,F,?,F,F,F,F,F,F,?,129
Goldammer,176,2018,2018-06-03,3,0,?,T,F,F,?,F,F,F,F,F,F,?,154
Goldammer,176,2020,2020-03-28,2,0,F,T,F,F,?,F,F,F,F,F,F,?,88
Goldammer,176,2020,2020-04-27,1,0,F,F,T,F,?,F,F,F,F,F,F,?,118
Goldammer,176,2020,2020-05-07,2,0,F,T,T,F,?,F,F,F,F,F,F,?,128
Goldammer,176,2020,2020-05-31,1,0,F,T,F,F,?,F,F,F,F,F,F,?,152
Goldammer,176,2021,2021-03-31,1,0,?,?,T,?,?,?,?,?,?,?,?,?,90
Goldammer,176,2021,2021-04-26,0,0,NA,NA,NA,NA,NA,NA,NA,NA,NA,NA,NA,NA,116
Goldammer,176,2021,2021-05-19,2,0,?,T,?,?,?,?,?,?,?,?,?,?,139
Goldammer,176,2021,2021-05-31,3,0,?,T,?,?,?,?,?,?,?,?,?,?,151
Goldammer,179,2018,2018-03-21,2,0,?,F,F,F,?,F,F,F,F,F,F,?,80
Goldammer,179,2018,2018-04-16,2,0,?,T,F,F,?,F,F,F,F,F,F,?,106
Goldammer,179,2018,2018-05-15,0,0,NA,NA,NA,NA,NA,NA,NA,NA,NA,NA,NA,NA,135
Goldammer,179,2018,2018-06-08,0,0,NA,NA,NA,NA,NA,NA,NA,NA,NA,NA,NA,NA,159
Goldammer,179,2018,2019-03-21,0,0,NA,NA,NA,NA,NA,NA,NA,NA,NA,NA,NA,NA,80
Goldammer,179,2020,2020-03-14,2,0,F,T,T,F,?,F,T,F,F,F,F,?,74
Goldammer,179,2020,2020-04-10,0,0,NA,NA,NA,NA,NA,NA,NA,NA,NA,NA,NA,NA,101
Goldammer,179,2020,2020-05-09,1,0,F,T,F,F,?,F,F,F,F,F,F,?,130
Goldammer,179,2020,2020-06-01,0,0,NA,NA,NA,NA,NA,NA,NA,NA,NA,NA,NA,NA,153
Goldammer,179,2021,2021-03-20,2,0,F,F,T,F,?,F,F,F,F,F,F,?,79
Goldammer,179,2021,2021-04-13,1,0,F,F,F,F,?,F,F,F,F,F,F,?,103
Goldammer,179,2021,2021-05-21,0,0,NA,NA,NA,NA,NA,NA,NA,NA,NA,NA,NA,NA,141
Goldammer,179,2021,2021-06-13,4,0,F,T,F,F,?,F,F,F,F,F,F,?,164
Goldammer,182,2018,2018-03-14,6,0,?,T,T,F,?,F,F,F,F,F,F,?,73
Goldammer,182,2018,2018-04-11,4,0,?,T,F,F,?,F,F,F,F,F,F,?,101
Goldammer,182,2018,2018-05-11,1,0,?,T,F,F,?,F,F,F,F,F,F,?,131
Goldammer,182,2018,2018-06-02,5,0,?,T,T,F,?,F,F,F,F,F,F,?,153
Goldammer,182,2020,2020-03-26,3,0,F,T,T,F,?,F,F,F,F,F,F,?,86
Goldammer,182,2020,2020-04-25,3,0,F,F,T,F,?,F,F,F,F,F,F,?,116
Goldammer,182,2020,2020-05-16,1,0,F,T,F,F,?,F,F,F,F,F,F,?,137
Goldammer,182,2020,2020-05-25,0,0,NA,NA,NA,NA,NA,NA,NA,NA,NA,NA,NA,NA,146
Goldammer,182,2021,2021-03-30,0,0,NA,NA,NA,NA,NA,NA,NA,NA,NA,NA,NA,NA,89
Goldammer,182,2021,2021-04-25,1,0,F,F,T,F,?,T,F,F,F,F,F,?,115
Goldammer,182,2021,2021-05-10,1,0,F,F,T,F,?,F,F,F,F,F,F,?,130
Goldammer,182,2021,2021-05-30,1,0,F,F,T,F,?,F,F,F,F,F,F,?,150
Goldammer,182,2021,2021-06-20,0,0,NA,NA,NA,NA,NA,NA,NA,NA,NA,NA,NA,NA,171
Goldammer,183,2018,2018-03-17,0,0,NA,NA,NA,NA,NA,NA,NA,NA,NA,NA,NA,NA,76
Goldammer,183,2018,2018-04-09,0,0,NA,NA,NA,NA,NA,NA,NA,NA,NA,NA,NA,NA,99
Goldammer,183,2018,2018-05-06,2,0,F,T,F,F,?,F,F,F,F,F,F,?,126
Goldammer,183,2018,2018-06-03,2,0,F,T,F,F,?,F,F,F,F,F,F,?,154
Goldammer,184,2018,2018-03-26,1,0,?,T,F,F,?,F,F,F,F,F,F,?,85
Goldammer,184,2018,2018-04-15,2,0,?,T,T,F,?,F,F,F,F,F,F,?,105
Goldammer,184,2018,2018-05-12,1,0,?,F,F,F,?,F,F,F,F,F,F,?,132
Goldammer,184,2018,2018-06-16,2,0,?,T,F,F,?,F,F,F,F,F,F,?,167
Goldammer,184,2020,2020-03-19,6,0,F,T,F,F,?,F,F,F,F,F,F,?,79
Goldammer,184,2020,2020-04-10,3,0,F,T,F,F,?,F,F,F,F,F,F,?,101
Goldammer,184,2020,2020-05-10,1,0,F,F,T,F,?,F,F,F,F,F,F,?,131
Goldammer,184,2020,2020-06-14,2,0,F,T,T,F,?,F,F,F,F,F,F,?,166
Goldammer,184,2021,2021-03-28,2,0,F,T,F,F,?,F,F,F,F,F,F,?,87
Goldammer,184,2021,2021-04-28,2,0,F,T,T,F,?,F,F,F,F,F,F,?,118
Goldammer,184,2021,2021-05-24,0,0,NA,NA,NA,NA,NA,NA,NA,NA,NA,NA,NA,NA,144
Goldammer,184,2021,2021-06-13,1,0,F,T,F,F,?,F,F,F,F,F,F,?,164
Goldammer,187,2018,2018-03-27,3,0,F,F,T,F,?,F,F,F,F,F,F,?,86
Goldammer,187,2018,2018-04-18,1,0,F,F,F,F,?,F,F,F,F,F,F,?,108
Goldammer,187,2018,2018-05-19,1,0,F,T,F,F,?,F,F,F,F,F,F,?,139
Goldammer,187,2018,2018-06-20,2,0,F,T,F,F,?,F,F,F,F,F,F,?,171
Goldammer,187,2020,2020-03-18,7,0,F,T,F,F,?,F,T,F,F,F,F,?,78
Goldammer,187,2020,2020-04-08,1,0,F,F,T,F,?,F,F,F,F,F,F,?,99
Goldammer,187,2020,2020-05-09,6,0,F,T,T,F,?,F,F,F,F,F,F,?,130
Goldammer,187,2020,2020-06-17,2,0,F,T,T,F,?,F,F,F,F,F,F,?,169
Goldammer,187,2021,2021-03-26,4,0,F,T,T,F,?,F,F,F,F,F,F,?,85
Goldammer,187,2021,2021-04-22,3,0,F,T,T,F,?,F,F,F,F,F,F,?,112
Goldammer,187,2021,2021-05-22,2,0,F,T,F,F,?,F,F,F,F,F,F,?,142
Goldammer,187,2021,2021-06-12,5,0,F,T,F,F,?,F,F,F,F,F,F,?,163
Goldammer,188,2018,2018-03-22,0,0,NA,NA,NA,NA,NA,NA,NA,NA,NA,NA,NA,NA,81
Goldammer,188,2018,2018-04-22,1,0,?,T,F,F,?,F,F,F,F,F,F,?,112
Goldammer,188,2018,2018-05-08,0,0,NA,NA,NA,NA,NA,NA,NA,NA,NA,NA,NA,NA,128
Goldammer,188,2018,2018-05-26,1,0,?,T,F,F,?,F,F,F,F,F,F,?,146
Goldammer,188,2020,2020-03-29,0,0,NA,NA,NA,NA,NA,NA,NA,NA,NA,NA,NA,NA,89
Goldammer,188,2020,2020-04-28,1,0,F,T,F,F,?,F,F,F,F,F,F,?,119
Goldammer,188,2020,2020-05-09,0,0,NA,NA,NA,NA,NA,NA,NA,NA,NA,NA,NA,NA,130
Goldammer,188,2020,2020-06-02,0,0,NA,NA,NA,NA,NA,NA,NA,NA,NA,NA,NA,NA,154
Goldammer,189,2020,2020-03-12,1,0,F,T,F,F,F,F,F,F,F,F,F,?,72
Goldammer,189,2020,2020-04-05,1,0,F,T,F,F,F,F,F,F,F,F,F,?,96
Goldammer,189,2020,2020-05-03,0,0,NA,NA,NA,NA,NA,NA,NA,NA,NA,NA,NA,NA,124
Goldammer,189,2020,2020-05-31,1,0,F,T,F,F,F,F,F,F,F,F,F,?,152
Goldammer,189,2021,2021-03-12,1,0,?,?,T,?,?,?,?,?,?,?,?,?,71
Goldammer,189,2021,2021-04-06,2,0,?,?,T,?,?,?,?,?,?,?,?,?,96
Goldammer,189,2021,2021-04-30,2,0,?,T,?,?,?,?,?,?,?,?,?,?,120
Goldammer,189,2021,2021-05-08,3,0,?,T,?,?,?,T,?,?,?,?,?,?,128
Goldammer,189,2023,2023-03-15,0,0,NA,NA,NA,NA,NA,NA,NA,NA,NA,NA,NA,NA,74
Goldammer,189,2023,2023-04-19,1,0,F,T,F,F,F,F,F,F,F,F,F,?,109
Goldammer,189,2023,2023-05-02,1,0,F,T,F,F,F,F,F,F,F,F,F,?,122
Goldammer,189,2023,2023-06-15,0,0,NA,NA,NA,NA,NA,NA,NA,NA,NA,NA,NA,NA,166
Goldammer,191,2018,2018-03-25,1,0,F,T,F,F,?,F,F,F,F,F,F,?,84
Goldammer,191,2018,2018-04-08,0,0,NA,NA,NA,NA,NA,NA,NA,NA,NA,NA,NA,NA,98
Goldammer,191,2018,2018-05-06,0,0,NA,NA,NA,NA,NA,NA,NA,NA,NA,NA,NA,NA,126
Goldammer,191,2018,2018-06-16,0,0,NA,NA,NA,NA,NA,NA,NA,NA,NA,NA,NA,NA,167
Goldammer,192,2018,2018-03-14,1,0,F,T,F,F,?,F,F,F,F,F,F,?,73
Goldammer,192,2018,2018-04-25,5,0,F,T,F,F,?,F,F,F,F,F,F,?,115
Goldammer,192,2018,2018-05-19,4,0,F,T,F,F,?,F,F,F,F,F,F,?,139
Goldammer,192,2018,2018-06-20,4,0,F,T,F,F,?,F,F,F,F,F,F,?,171
Goldammer,192,2020,2020-03-27,1,0,F,F,F,F,?,F,F,F,F,F,F,?,87
Goldammer,192,2020,2020-04-13,2,0,F,T,F,F,?,F,F,F,F,F,F,?,104
Goldammer,192,2020,2020-05-17,0,0,NA,NA,NA,NA,NA,NA,NA,NA,NA,NA,NA,NA,138
Goldammer,192,2020,2020-06-20,2,0,F,T,F,F,?,F,F,F,F,F,F,?,172
Goldammer,192,2021,2021-03-26,2,0,F,F,F,T,?,T,F,F,F,F,F,?,85
Goldammer,192,2021,2021-04-25,2,0,F,T,F,F,?,F,F,F,F,F,F,?,115
Goldammer,192,2021,2021-05-09,2,0,?,T,T,?,?,?,?,?,?,?,?,?,129
Goldammer,193,2018,2018-03-18,16,0,F,T,T,F,T,F,F,F,F,F,F,?,77
Goldammer,193,2018,2018-04-08,9,0,F,T,T,F,?,T,F,F,F,F,F,?,98
Goldammer,193,2018,2018-05-01,6,0,F,T,T,F,?,F,F,F,F,F,F,?,121
Goldammer,193,2018,2018-06-09,12,0,F,T,T,F,?,T,T,T,F,F,F,?,160
Goldammer,193,2018,2019-05-01,0,0,NA,NA,NA,NA,NA,NA,NA,NA,NA,NA,NA,NA,121
Goldammer,194,2018,2018-03-10,2,0,?,F,T,F,?,F,F,F,F,F,F,?,69
Goldammer,194,2018,2018-04-02,3,0,?,T,F,F,?,F,F,F,F,F,F,?,92
Goldammer,194,2018,2018-05-05,0,0,NA,NA,NA,NA,NA,NA,NA,NA,NA,NA,NA,NA,125
Goldammer,194,2018,2018-05-22,2,0,?,T,F,F,?,F,F,F,F,F,F,?,142
Goldammer,196,2021,2021-03-26,1,0,F,T,F,F,?,F,F,F,F,F,F,?,85
Goldammer,196,2021,2021-04-17,0,0,NA,NA,NA,NA,NA,NA,NA,NA,NA,NA,NA,NA,107
Goldammer,196,2021,2021-05-08,0,0,NA,NA,NA,NA,NA,NA,NA,NA,NA,NA,NA,NA,128
Goldammer,196,2021,2021-05-29,0,0,NA,NA,NA,NA,NA,NA,NA,NA,NA,NA,NA,NA,149
Goldammer,197,2018,2018-03-16,16,0,?,T,T,F,?,T,F,F,F,F,F,?,75
Goldammer,197,2018,2018-04-10,8,0,?,T,T,F,?,F,F,F,F,F,F,?,100
Goldammer,197,2018,2018-05-15,9,0,?,T,F,F,?,F,F,F,F,F,F,?,135
Goldammer,197,2018,2018-06-06,8,0,?,T,T,F,?,F,F,F,F,F,F,?,157
Goldammer,197,2020,2020-03-16,5,0,F,T,T,F,?,T,F,F,F,F,F,?,76
Goldammer,197,2020,2020-04-05,11,0,F,T,T,F,?,F,F,F,F,F,F,?,96
Goldammer,197,2020,2020-05-06,2,0,F,T,F,F,?,F,F,F,F,F,F,?,127
Goldammer,197,2020,2020-05-22,3,0,F,T,F,F,?,F,F,F,F,F,F,?,143
Goldammer,197,2021,2021-03-28,6,0,F,T,T,F,?,F,T,F,F,F,F,?,87
Goldammer,197,2021,2021-04-21,9,0,F,T,T,F,?,F,T,F,F,F,F,?,111
Goldammer,197,2021,2021-05-15,3,0,F,F,T,T,?,F,F,F,T,F,F,?,135
Goldammer,197,2021,2021-05-28,1,0,F,T,F,F,?,F,F,F,F,F,F,?,148
Goldammer,198,2018,2018-03-25,3,0,F,T,T,F,?,F,F,F,F,F,F,?,84
Goldammer,198,2018,2018-05-06,4,0,F,T,T,F,?,F,F,F,F,F,F,?,126
Goldammer,198,2018,2018-06-03,9,0,F,T,T,F,?,F,F,F,F,F,F,?,154
Goldammer,198,2018,2018-06-08,3,0,F,T,T,F,?,F,F,F,F,F,F,?,159
Goldammer,198,2020,2020-03-15,3,0,F,T,T,F,?,F,F,F,F,F,F,?,75
Goldammer,198,2020,2020-04-05,4,0,F,T,T,F,?,F,F,F,F,F,F,?,96
Goldammer,198,2020,2020-05-03,3,0,F,F,T,F,?,F,F,F,F,F,F,?,124
Goldammer,198,2020,2020-06-01,3,0,F,T,T,F,?,F,F,F,F,F,F,?,153
Goldammer,198,2021,2021-03-27,1,0,F,T,F,F,?,F,F,F,F,F,F,?,86
Goldammer,198,2021,2021-04-24,4,0,F,F,T,F,?,F,F,F,F,F,F,?,114
Goldammer,198,2021,2021-05-08,4,0,F,T,F,F,?,F,F,F,F,F,F,?,128
Goldammer,198,2021,2021-05-24,5,0,?,T,?,?,?,?,?,?,?,?,?,?,144
Goldammer,199,2018,2018-03-11,4,0,F,T,T,F,?,F,F,F,F,F,F,?,70
Goldammer,199,2018,2018-04-23,3,0,F,T,T,F,?,T,F,F,F,F,F,?,113
Goldammer,199,2018,2018-05-05,7,0,F,T,T,F,?,F,F,F,F,F,F,?,125
Goldammer,199,2018,2018-06-14,7,0,F,T,F,F,?,F,F,F,F,F,F,?,165
Goldammer,199,2020,2020-03-28,4,0,F,F,F,F,?,F,F,F,F,F,F,?,88
Goldammer,199,2020,2020-04-11,2,0,F,T,F,F,?,F,F,F,F,F,F,?,102
Goldammer,199,2020,2020-05-07,2,0,F,T,F,F,?,F,F,F,F,F,F,?,128
Goldammer,199,2020,2020-05-26,5,0,F,T,F,F,?,F,F,F,F,F,F,?,147
Goldammer,199,2021,2021-03-29,4,0,F,T,T,F,?,F,F,F,F,F,F,?,88
Goldammer,199,2021,2021-04-11,1,0,F,F,T,F,?,F,F,F,F,F,F,?,101
Goldammer,199,2021,2021-05-08,2,0,F,T,F,F,?,F,F,F,F,F,F,?,128
Goldammer,199,2021,2021-06-14,3,0,F,T,F,F,?,F,F,F,F,F,F,?,165
Goldammer,202,2020,2020-03-14,11,0,F,T,T,F,?,F,F,F,F,F,F,?,74
Goldammer,202,2020,2020-04-02,10,0,F,T,F,F,?,F,T,F,F,F,F,?,93
Goldammer,202,2020,2020-05-02,7,0,F,T,T,F,?,F,F,F,F,F,F,?,123
Goldammer,202,2020,2020-06-20,9,0,F,T,F,F,?,F,F,F,F,F,F,?,172
Goldammer,202,2021,2021-03-24,13,0,F,T,T,T,?,F,F,F,F,F,F,?,83
Goldammer,202,2021,2021-04-14,23,0,T,T,T,T,?,T,F,F,F,F,F,?,104
Goldammer,202,2021,2021-05-13,9,0,F,T,T,F,?,F,F,F,F,F,F,?,133
Goldammer,202,2021,2021-06-02,13,13,T,T,F,T,?,F,F,F,T,F,F,?,153
Goldammer,205,2019,2019-04-16,6,0,F,F,F,F,?,F,F,F,F,F,F,?,106
Goldammer,205,2019,2019-06-14,4,0,F,F,F,F,?,F,F,F,F,F,F,?,165
Goldammer,205,2019,2019-03-25,5,0,F,F,F,F,?,F,F,F,F,F,F,?,84
Goldammer,205,2019,2019-05-16,6,0,F,F,F,F,?,F,F,F,F,F,F,?,136
Goldammer,205,2020,2020-04-11,11,0,F,T,T,F,?,F,F,F,F,F,F,?,102
Goldammer,205,2020,2020-05-16,14,0,F,T,F,F,?,F,F,F,F,F,F,?,137
Goldammer,205,2020,2020-06-18,6,0,F,T,T,F,?,F,F,F,F,F,F,?,170
Goldammer,205,2021,2021-03-28,6,0,?,?,T,?,?,?,?,?,?,?,?,?,87
Goldammer,205,2021,2021-04-24,7,0,?,T,T,?,?,?,?,?,?,?,?,?,114
Goldammer,205,2021,2021-05-15,8,0,?,T,T,?,?,?,?,?,?,?,?,?,135
Goldammer,205,2021,2021-06-11,8,0,?,T,?,?,?,?,?,?,?,?,?,?,162
Goldammer,206,2019,2019-03-23,3,0,F,F,F,F,?,F,F,F,F,F,F,?,82
Goldammer,206,2019,2019-04-14,2,0,F,F,F,F,?,F,F,F,F,F,F,?,104
Goldammer,206,2019,2019-05-07,2,0,F,F,F,F,?,F,F,F,F,F,F,?,127
Goldammer,206,2019,2019-06-08,1,0,F,F,F,F,?,F,F,F,F,F,F,?,159
Goldammer,206,2020,2020-03-27,1,0,F,F,T,F,?,F,F,F,F,F,F,?,87
Goldammer,206,2020,2020-04-22,0,0,NA,NA,NA,NA,NA,NA,NA,NA,NA,NA,NA,NA,113
Goldammer,206,2020,2020-05-17,1,0,F,F,T,F,?,F,F,F,F,F,F,?,138
Goldammer,206,2020,2020-06-17,1,0,F,T,F,F,?,F,F,F,F,F,F,?,169
Goldammer,206,2021,2021-03-24,2,0,F,T,T,F,F,F,F,F,F,F,F,?,83
Goldammer,206,2021,2021-04-26,2,0,F,T,T,F,F,F,F,F,F,F,F,?,116
Goldammer,206,2021,2021-05-20,2,0,F,F,F,F,?,F,F,F,F,F,F,?,140
Goldammer,206,2022,2022-03-30,7,0,F,T,T,F,F,F,F,F,F,F,F,?,89
Goldammer,206,2022,2022-04-21,3,0,F,T,T,F,F,F,F,F,F,F,F,?,111
Goldammer,206,2022,2022-05-17,2,0,F,T,T,F,F,F,F,F,F,F,F,?,137
Goldammer,206,2022,2022-06-14,2,0,F,T,T,F,F,F,F,F,F,F,F,?,165
Goldammer,206,2023,2023-03-28,2,0,F,T,T,F,F,F,F,F,F,F,F,?,87
Goldammer,206,2023,2023-04-18,6,0,F,T,T,F,F,F,F,F,F,F,F,?,108
Goldammer,206,2023,2023-05-12,2,0,F,T,T,F,F,F,F,F,F,F,F,?,132
Goldammer,206,2023,2023-06-14,3,0,F,T,T,F,F,F,F,F,F,F,F,?,165
Goldammer,207,2018,2018-03-24,4,0,?,T,T,F,?,F,F,F,F,F,F,?,83
Goldammer,207,2018,2018-04-22,3,0,?,F,T,F,?,F,T,F,F,F,F,?,112
Goldammer,207,2018,2018-05-13,2,0,?,T,T,F,?,T,F,F,F,F,F,?,133
Goldammer,207,2018,2018-06-09,3,0,?,F,T,F,?,F,F,F,F,F,F,?,160
Goldammer,207,2020,2020-03-14,7,0,F,T,F,F,?,F,F,F,F,F,F,?,74
Goldammer,207,2020,2020-04-07,4,0,F,F,T,F,?,F,F,F,F,F,F,?,98
Goldammer,207,2020,2020-05-09,4,0,F,T,F,F,?,F,F,F,F,F,F,?,130
Goldammer,207,2020,2020-06-20,5,0,F,T,F,F,T,F,F,F,F,F,F,?,172
Goldammer,207,2021,2021-03-28,4,0,F,F,F,F,?,F,F,F,F,F,F,?,87
Goldammer,207,2021,2021-04-24,5,0,F,F,F,F,?,F,F,F,F,F,F,?,114
Goldammer,207,2021,2021-05-13,1,0,F,F,F,F,?,F,F,F,F,F,F,?,133
Goldammer,207,2021,2021-06-13,0,0,NA,NA,NA,NA,NA,NA,NA,NA,NA,NA,NA,NA,164
Goldammer,208,2020,2020-03-29,8,0,F,T,T,F,?,F,T,F,F,F,F,?,89
Goldammer,208,2020,2020-04-13,8,0,F,T,T,F,?,F,F,F,F,F,F,?,104
Goldammer,208,2020,2020-05-03,4,0,F,T,T,F,?,F,F,F,F,F,F,?,124
Goldammer,208,2020,2020-06-11,6,0,F,T,F,F,?,F,T,F,F,F,F,?,163
Goldammer,208,2021,2021-03-28,11,0,F,T,T,F,T,T,?,F,F,F,F,?,87
Goldammer,208,2021,2021-04-11,4,0,F,T,F,F,?,T,?,F,F,F,F,?,101
Goldammer,208,2021,2021-05-01,3,0,F,T,T,F,?,T,?,F,F,F,F,?,121
Goldammer,209,2018,2018-03-10,0,0,NA,NA,NA,NA,NA,NA,NA,NA,NA,NA,NA,NA,69
Goldammer,209,2018,2018-04-08,1,0,?,T,F,F,?,F,F,F,F,F,F,?,98
Goldammer,209,2018,2018-05-18,1,0,?,F,F,F,?,F,F,F,F,F,F,?,138
Goldammer,209,2018,2018-06-09,1,0,?,T,F,F,?,F,F,F,F,F,F,?,160
Goldammer,209,2021,2021-03-28,1,0,F,?,?,?,?,?,F,?,?,?,?,?,87
Goldammer,209,2021,2021-04-24,1,0,F,T,?,?,?,?,F,?,?,?,?,?,114
Goldammer,209,2021,2021-05-09,1,0,F,T,?,?,?,?,F,?,?,?,?,?,129
Goldammer,209,2021,2021-05-29,1,0,F,T,?,?,?,?,F,?,?,?,?,?,149
Goldammer,210,2018,2018-03-11,1,0,?,F,T,F,?,F,F,F,F,F,F,?,70
Goldammer,210,2018,2018-04-01,1,0,?,T,F,F,?,F,F,F,F,F,F,?,91
Goldammer,210,2018,2018-05-06,2,0,?,T,F,F,?,F,F,F,F,F,F,?,126
Goldammer,210,2018,2018-06-03,2,0,?,T,F,F,?,F,F,F,F,F,F,?,154
Goldammer,210,2020,2020-03-15,3,0,F,T,F,F,?,F,F,F,F,F,F,?,75
Goldammer,210,2020,2020-04-12,3,0,F,T,F,F,?,F,F,F,F,F,F,?,103
Goldammer,210,2020,2020-05-17,1,0,F,T,F,F,?,F,F,F,F,F,F,?,138
Goldammer,210,2020,2020-06-21,2,0,F,F,T,F,?,F,F,F,F,F,F,?,173
Goldammer,211,2018,2018-03-25,2,0,?,T,F,F,?,F,F,F,F,F,F,?,84
Goldammer,211,2018,2018-04-27,0,0,NA,NA,NA,NA,NA,NA,NA,NA,NA,NA,NA,NA,117
Goldammer,211,2018,2018-05-19,2,0,?,T,F,F,?,F,F,F,F,F,F,?,139
Goldammer,211,2018,2018-06-19,4,0,?,T,T,F,?,F,F,F,F,F,F,?,170
Goldammer,211,2020,2020-03-28,2,0,F,F,T,F,?,F,F,F,F,F,F,?,88
Goldammer,211,2020,2020-04-19,4,0,F,T,T,F,?,F,F,F,F,F,F,?,110
Goldammer,211,2020,2020-05-18,2,0,F,T,F,F,?,F,F,F,F,F,F,?,139
Goldammer,211,2020,2020-06-20,3,0,F,T,F,F,?,F,F,F,F,F,F,?,172
Goldammer,213,2018,2018-03-27,5,0,?,T,T,F,?,F,F,F,F,F,F,?,86
Goldammer,213,2018,2018-04-26,3,0,?,T,F,F,?,F,F,F,F,F,F,?,116
Goldammer,213,2018,2018-05-20,5,0,?,T,F,F,?,F,F,F,T,F,F,?,140
Goldammer,213,2021,2021-03-29,5,0,F,T,?,?,?,T,F,?,?,?,?,?,88
Goldammer,213,2021,2021-05-16,4,0,F,T,?,?,?,?,F,?,?,?,?,?,136
Goldammer,213,2021,2021-06-19,5,0,F,T,?,?,?,?,F,?,?,?,?,?,170
Goldammer,215,2018,2018-03-26,0,0,NA,NA,NA,NA,NA,NA,NA,NA,NA,NA,NA,NA,85
Goldammer,215,2018,2018-04-21,0,0,NA,NA,NA,NA,NA,NA,NA,NA,NA,NA,NA,NA,111
Goldammer,215,2018,2018-05-19,4,0,?,T,T,F,?,F,F,F,F,F,F,?,139
Goldammer,215,2018,2018-06-04,0,0,NA,NA,NA,NA,NA,NA,NA,NA,NA,NA,NA,NA,155
Goldammer,215,2020,2020-03-18,1,0,F,T,F,F,?,F,F,F,F,F,F,?,78
Goldammer,215,2020,2020-04-01,0,0,NA,NA,NA,NA,NA,NA,NA,NA,NA,NA,NA,NA,92
Goldammer,215,2020,2020-05-06,0,0,NA,NA,NA,NA,NA,NA,NA,NA,NA,NA,NA,NA,127
Goldammer,215,2020,2020-05-22,0,0,NA,NA,NA,NA,NA,NA,NA,NA,NA,NA,NA,NA,143
Goldammer,215,2021,2021-03-23,0,0,NA,NA,NA,NA,NA,NA,NA,NA,NA,NA,NA,NA,82
Goldammer,215,2021,2021-04-14,1,0,F,T,F,F,?,F,F,F,F,F,F,?,104
Goldammer,215,2021,2021-05-10,0,0,NA,NA,NA,NA,NA,NA,NA,NA,NA,NA,NA,NA,130
Goldammer,215,2021,2021-06-05,1,0,F,T,F,F,?,F,F,F,F,F,F,?,156
Goldammer,217,2018,2018-03-25,7,0,F,F,T,F,?,T,T,F,F,F,F,?,84
Goldammer,217,2018,2018-05-06,7,0,F,F,T,F,T,T,T,F,F,F,F,?,126
Goldammer,217,2018,2018-05-21,4,0,F,F,T,T,?,F,F,F,F,F,F,?,141
Goldammer,217,2018,2018-06-21,8,0,F,F,T,F,?,T,T,F,F,F,F,?,172
Goldammer,218,2018,2018-03-24,1,0,?,T,F,F,?,F,F,F,F,F,F,?,83
Goldammer,218,2018,2018-04-08,1,0,?,T,F,F,?,F,F,F,F,F,F,?,98
Goldammer,218,2018,2018-05-06,0,0,NA,NA,NA,NA,NA,NA,NA,NA,NA,NA,NA,NA,126
Goldammer,218,2018,2018-06-21,0,0,NA,NA,NA,NA,NA,NA,NA,NA,NA,NA,NA,NA,172
Goldammer,218,2021,2021-03-20,0,0,NA,NA,NA,NA,NA,NA,NA,NA,NA,NA,NA,NA,79
Goldammer,218,2021,2021-04-04,0,0,NA,NA,NA,NA,NA,NA,NA,NA,NA,NA,NA,NA,94
Goldammer,218,2021,2021-05-08,0,0,NA,NA,NA,NA,NA,NA,NA,NA,NA,NA,NA,NA,128
Goldammer,218,2021,2021-05-30,2,0,F,T,T,F,?,F,F,F,F,F,F,?,150
Goldammer,219,2020,2020-03-28,4,0,F,T,F,F,?,T,F,F,F,F,F,?,88
Goldammer,219,2020,2020-04-19,0,0,NA,NA,NA,NA,NA,NA,NA,NA,NA,NA,NA,NA,110
Goldammer,219,2020,2020-05-16,1,0,F,T,F,F,?,F,F,F,F,F,F,?,137
Goldammer,219,2020,2020-06-13,1,0,F,T,F,F,?,F,F,F,F,F,F,?,165
Goldammer,219,2021,2021-03-29,4,0,F,F,T,F,?,T,F,F,F,F,F,?,88
Goldammer,219,2021,2021-04-24,3,0,F,F,T,F,?,T,F,F,F,F,F,?,114
Goldammer,219,2021,2021-05-08,1,0,F,T,F,F,?,F,F,F,F,F,F,?,128
Goldammer,219,2021,2021-05-30,3,0,F,T,F,F,?,F,F,F,F,F,F,?,150
Goldammer,221,2019,2019-03-24,1,0,F,F,F,F,?,F,T,F,F,F,F,?,83
Goldammer,221,2019,2019-04-21,0,0,NA,NA,NA,NA,NA,NA,NA,NA,NA,NA,NA,NA,111
Goldammer,221,2019,2019-05-18,2,0,F,F,T,F,?,F,F,F,F,F,F,?,138
Goldammer,221,2019,2019-06-16,5,0,F,T,T,F,?,F,F,F,F,F,F,?,167
Goldammer,221,2019,2019-06-17,0,0,NA,NA,NA,NA,NA,NA,NA,NA,NA,NA,NA,NA,168
Goldammer,221,2020,2020-03-27,1,0,F,T,F,F,?,F,F,F,F,F,F,?,87
Goldammer,221,2020,2020-04-26,6,0,F,T,F,F,?,F,F,F,F,F,F,?,117
Goldammer,221,2020,2020-05-17,2,0,F,T,T,F,?,F,F,F,F,F,F,?,138
Goldammer,221,2020,2020-06-20,2,0,F,T,T,F,?,F,F,F,F,F,F,?,172
Goldammer,221,2021,2021-03-28,1,0,?,T,F,F,?,F,F,?,F,F,F,?,87
Goldammer,221,2021,2021-04-25,1,0,?,T,F,F,?,F,F,?,F,F,F,?,115
Goldammer,221,2021,2021-05-20,3,0,?,T,F,F,?,F,F,?,F,F,F,?,140
Goldammer,221,2021,2021-06-13,3,0,?,T,T,T,?,F,F,?,F,F,F,?,164
Goldammer,221,2022,2022-03-20,0,0,NA,NA,NA,NA,NA,NA,NA,NA,NA,NA,NA,NA,79
Goldammer,221,2022,2022-04-18,0,0,NA,NA,NA,NA,NA,NA,NA,NA,NA,NA,NA,NA,108
Goldammer,221,2022,2022-05-08,3,0,F,T,T,F,?,F,F,F,F,F,F,?,128
Goldammer,221,2022,2022-05-26,1,0,F,T,F,F,?,F,F,F,F,F,F,?,146
Goldammer,221,2023,2023-03-22,0,0,NA,NA,NA,NA,NA,NA,NA,NA,NA,NA,NA,NA,81
Goldammer,221,2023,2023-04-22,1,0,F,F,T,F,F,F,F,F,F,F,F,?,112
Goldammer,221,2023,2023-05-13,2,0,F,T,T,F,F,F,F,F,F,F,F,?,133
Goldammer,221,2023,2023-06-11,5,0,F,T,T,F,F,F,F,F,F,F,F,?,162
Goldammer,225,2020,2020-03-19,0,0,NA,NA,NA,NA,NA,NA,NA,NA,NA,NA,NA,NA,79
Goldammer,225,2020,2020-04-06,1,0,F,F,F,F,?,F,F,F,F,F,F,?,97
Goldammer,225,2020,2020-05-18,3,0,T,T,F,F,?,F,F,F,F,F,F,?,139
Goldammer,225,2020,2020-05-27,2,0,F,T,F,F,?,F,F,F,F,F,F,?,148
Goldammer,225,2021,2021-03-21,3,0,F,T,T,F,?,F,F,F,F,F,F,?,80
Goldammer,225,2021,2021-04-25,5,0,F,T,T,F,?,F,F,F,F,F,F,?,115
Goldammer,225,2021,2021-05-24,1,0,F,T,F,F,?,F,F,F,F,F,F,?,144
Goldammer,225,2021,2021-06-12,2,0,F,T,F,F,?,F,F,F,F,F,F,?,163
Goldammer,225,2021,2021-03-30,0,0,NA,NA,NA,NA,NA,NA,NA,NA,NA,NA,NA,NA,89
Goldammer,225,2021,2020-06-12,0,0,NA,NA,NA,NA,NA,NA,NA,NA,NA,NA,NA,NA,164
Goldammer,226,2018,2018-04-09,0,0,NA,NA,NA,NA,NA,NA,NA,NA,NA,NA,NA,NA,99
Goldammer,226,2018,2018-04-24,2,0,F,F,T,F,?,F,F,F,F,F,F,?,114
Goldammer,226,2018,2018-05-18,1,0,F,T,F,F,?,F,F,F,F,F,F,?,138
Goldammer,226,2018,2018-05-26,2,0,F,T,T,F,?,F,F,F,F,F,F,?,146
Goldammer,226,2020,2020-03-20,3,0,F,T,T,F,?,F,F,F,F,F,F,?,80
Goldammer,226,2020,2020-04-11,4,0,F,T,F,F,?,F,F,F,F,F,F,?,102
Goldammer,226,2020,2020-05-03,3,0,F,T,T,F,?,F,F,F,F,F,F,?,124
Goldammer,226,2020,2020-05-22,4,0,F,T,T,F,?,F,F,F,F,F,F,?,143
Goldammer,226,2021,2021-03-23,4,0,F,T,T,F,?,F,?,F,F,F,F,?,82
Goldammer,226,2021,2021-04-11,1,0,F,T,F,F,?,F,?,F,F,F,F,?,101
Goldammer,226,2021,2021-05-01,3,0,F,T,T,F,?,F,?,F,F,F,F,?,121
Goldammer,226,2021,2021-05-27,2,0,F,T,F,F,?,F,?,F,F,F,F,?,147
Goldammer,227,2018,2018-03-25,20,0,F,F,F,F,?,F,F,F,F,F,F,?,84
Goldammer,227,2018,2018-04-21,22,0,F,F,F,F,?,T,F,F,F,F,F,?,111
Goldammer,227,2018,2018-05-19,23,0,F,T,F,F,?,T,F,F,F,F,F,?,139
Goldammer,227,2018,2018-06-24,22,0,F,F,F,F,?,F,F,F,F,F,F,?,175
Goldammer,227,2020,2020-03-15,25,0,F,T,F,F,?,T,F,F,F,F,F,?,75
Goldammer,227,2020,2020-04-09,26,0,F,T,F,F,?,T,F,F,F,F,F,?,100
Goldammer,227,2020,2020-05-09,25,0,F,F,F,F,?,T,F,F,F,F,F,?,130
Goldammer,227,2020,2020-05-22,19,0,F,F,F,F,?,T,F,F,F,F,F,?,143
Goldammer,227,2021,2021-03-20,14,0,F,T,?,?,?,T,T,?,?,?,?,?,79
Goldammer,227,2021,2021-04-24,21,0,F,T,?,?,?,T,F,?,?,?,?,?,114
Goldammer,227,2021,2021-05-08,15,0,F,T,?,?,?,T,F,?,?,?,?,?,128
Goldammer,227,2021,2021-05-22,21,0,F,T,?,?,?,T,F,?,?,?,?,?,142
Goldammer,228,2019,2019-03-28,7,0,F,T,F,F,?,F,F,F,F,F,F,?,87
Goldammer,228,2019,2019-05-19,3,0,F,T,T,F,?,F,F,F,F,F,F,?,139
Goldammer,228,2019,2019-06-17,2,0,F,T,T,F,?,F,F,F,F,F,F,?,168
Goldammer,228,2019,2019-04-22,5,0,F,T,T,T,T,F,F,F,F,F,F,?,112
Goldammer,228,2020,2020-03-20,1,0,F,T,F,F,?,F,F,F,F,F,F,?,80
Goldammer,228,2020,2020-04-24,5,0,F,T,F,F,?,F,F,F,F,F,F,?,115
Goldammer,228,2020,2020-05-20,6,0,F,T,T,F,?,F,F,F,F,F,F,?,141
Goldammer,228,2020,2020-06-15,3,0,F,T,T,F,?,F,F,F,F,F,F,?,167
Goldammer,228,2021,2021-03-25,8,0,?,T,T,F,?,F,T,?,F,F,F,?,84
Goldammer,228,2021,2021-06-04,5,0,?,T,T,F,?,F,F,?,F,F,F,?,155
Goldammer,228,2021,2021-05-15,9,0,?,T,T,T,?,F,T,?,F,F,F,?,135
Goldammer,228,2021,2021-04-24,9,0,?,T,T,F,?,F,F,?,F,F,F,?,114
Goldammer,228,2021,2021-04-15,0,0,NA,NA,NA,NA,NA,NA,NA,NA,NA,NA,NA,NA,105
Goldammer,228,2022,2022-03-18,7,0,F,T,T,F,?,F,F,F,F,F,F,?,77
Goldammer,228,2022,2022-04-13,4,0,F,T,T,F,?,F,T,F,F,F,F,?,103
Goldammer,228,2022,2022-06-01,3,0,F,T,F,F,?,F,T,F,F,F,F,?,152
Goldammer,228,2022,2022-05-09,4,0,F,T,T,F,?,F,F,F,F,F,F,?,129
Goldammer,228,2023,2023-03-17,7,0,F,T,T,F,F,F,F,F,F,F,F,?,76
Goldammer,228,2023,2023-04-20,8,0,F,T,T,F,F,F,F,F,F,F,F,?,110
Goldammer,228,2023,2023-05-14,8,0,F,T,T,F,F,F,F,F,F,F,F,?,134
Goldammer,228,2023,2023-06-10,2,0,F,T,F,F,F,F,F,F,F,F,F,?,161
Goldammer,229,2018,2018-03-30,0,0,NA,NA,NA,NA,NA,NA,NA,NA,NA,NA,NA,NA,89
Goldammer,229,2018,2018-04-30,0,0,NA,NA,NA,NA,NA,NA,NA,NA,NA,NA,NA,NA,120
Goldammer,229,2018,2018-06-10,1,0,F,F,F,F,?,F,F,F,F,F,F,?,161
Goldammer,229,2020,2020-03-20,1,0,F,T,F,F,?,F,F,F,F,F,F,?,80
Goldammer,229,2020,2020-04-26,0,0,NA,NA,NA,NA,NA,NA,NA,NA,NA,NA,NA,NA,117
Goldammer,229,2020,2020-05-20,0,0,NA,NA,NA,NA,NA,NA,NA,NA,NA,NA,NA,NA,141
Goldammer,229,2020,2020-06-20,1,0,F,T,F,F,?,F,F,F,F,F,F,?,172
Goldammer,229,2021,2021-03-31,0,0,NA,NA,NA,NA,NA,NA,NA,NA,NA,NA,NA,NA,90
Goldammer,229,2021,2021-04-25,1,0,?,?,?,?,?,?,?,?,?,?,?,?,115
Goldammer,229,2021,2021-05-23,1,0,?,?,T,?,?,?,?,?,?,?,?,?,143
Goldammer,229,2021,2021-06-13,1,0,?,?,?,?,?,T,?,?,?,?,?,?,164
Goldammer,230,2018,2018-03-27,9,0,F,T,T,F,?,F,F,F,F,F,F,?,86
Goldammer,230,2018,2018-04-02,11,0,F,T,T,F,?,T,F,F,F,F,F,?,92
Goldammer,230,2018,2018-05-19,9,0,F,T,T,F,?,F,T,F,F,F,F,?,139
Goldammer,230,2018,2018-06-18,8,0,F,T,F,F,?,F,F,F,F,F,F,?,169
Goldammer,230,2020,2020-03-15,6,0,F,T,T,F,?,T,F,F,F,F,F,?,75
Goldammer,230,2020,2020-04-05,6,0,F,F,T,F,?,F,F,F,F,F,F,?,96
Goldammer,230,2020,2020-05-03,7,0,F,T,F,F,?,F,F,F,F,F,F,?,124
Goldammer,230,2020,2020-06-02,3,0,F,T,T,F,?,F,F,F,F,F,F,?,154
Goldammer,230,2021,2021-03-28,5,0,F,T,F,F,?,T,F,F,F,F,F,?,87
Goldammer,230,2021,2021-04-17,4,0,F,T,F,F,?,T,F,F,F,F,F,?,107
Goldammer,230,2021,2021-05-08,7,0,F,T,F,F,?,T,F,F,F,F,F,?,128
Goldammer,230,2021,2021-05-24,11,0,F,T,T,F,?,F,F,F,F,F,F,?,144
Goldammer,235,2021,2021-03-31,7,0,F,?,?,?,?,T,F,?,?,?,?,?,90
Goldammer,235,2021,2021-04-15,9,0,F,T,?,?,?,?,F,?,?,?,?,?,105
Goldammer,235,2021,2021-05-13,7,0,F,T,?,?,?,?,F,?,?,?,?,?,133
Goldammer,235,2021,2021-05-30,5,0,F,T,?,?,?,?,F,?,?,?,?,?,150
Goldammer,237,2020,2020-03-29,1,0,F,T,F,F,?,F,F,F,F,F,F,?,89
Goldammer,237,2020,2020-04-10,3,0,F,T,T,F,?,F,F,F,F,F,F,?,101
Goldammer,237,2020,2020-05-03,3,0,F,T,T,F,?,F,F,F,F,F,F,?,124
Goldammer,237,2020,2020-06-13,2,0,F,T,F,F,?,F,F,F,F,F,F,?,165
Goldammer,237,2021,2021-04-02,5,0,F,T,?,?,?,?,F,?,?,?,?,?,92
Goldammer,237,2021,2021-04-24,3,0,F,T,?,?,?,?,F,?,?,?,?,?,114
Goldammer,237,2021,2021-05-15,6,0,F,T,?,?,?,?,F,?,?,?,?,?,135
Goldammer,237,2021,2021-06-17,3,0,F,T,?,?,?,?,F,?,?,?,?,?,168
Goldammer,238,2019,2019-03-20,6,0,F,T,F,F,?,F,F,F,F,F,F,?,79
Goldammer,238,2019,2019-04-15,6,0,F,T,T,F,?,F,F,F,F,F,F,?,105
Goldammer,238,2019,2019-05-17,5,0,F,T,F,F,?,F,T,F,F,F,F,?,137
Goldammer,238,2019,2019-06-02,7,0,F,T,F,F,T,F,T,F,F,F,F,?,153
Goldammer,238,2020,2020-03-19,7,0,F,T,T,F,?,F,F,F,F,F,F,?,79
Goldammer,238,2020,2020-04-11,5,0,F,T,F,F,?,T,F,F,F,F,F,?,102
Goldammer,238,2020,2020-05-11,8,0,F,T,T,F,?,F,F,F,F,F,F,?,132
Goldammer,238,2020,2020-06-08,8,0,F,T,T,F,?,F,T,F,F,F,F,?,160
Goldammer,238,2021,2021-03-29,4,0,?,T,T,F,?,T,F,?,F,F,F,?,88
Goldammer,238,2021,2021-04-20,4,0,?,T,F,F,?,F,F,?,F,F,F,?,110
Goldammer,238,2021,2021-05-10,6,0,?,T,T,F,?,F,F,?,F,F,F,?,130
Goldammer,238,2021,2021-06-03,5,0,?,T,T,F,?,F,F,?,F,F,F,?,154
Goldammer,238,2022,2022-03-25,3,0,F,T,F,F,?,F,F,F,F,F,F,?,84
Goldammer,238,2022,2022-04-16,5,0,F,T,T,F,?,F,F,F,F,F,F,?,106
Goldammer,238,2022,2022-05-20,3,0,F,T,F,F,?,F,F,F,F,F,F,?,140
Goldammer,238,2022,2022-06-02,3,0,F,T,F,F,?,F,F,F,F,F,F,?,153
Goldammer,238,2023,2023-03-18,2,0,F,F,T,F,F,F,T,F,F,F,F,?,77
Goldammer,238,2023,2023-04-14,4,0,F,T,T,F,F,F,F,F,F,F,F,?,104
Goldammer,238,2023,2023-05-07,3,0,F,T,F,F,F,F,F,F,F,F,F,?,127
Goldammer,238,2023,2023-06-05,4,0,F,T,F,F,F,F,T,F,F,F,F,?,156
Goldammer,239,2021,2021-04-30,3,0,F,F,F,F,?,F,F,F,F,F,F,?,120
Goldammer,239,2021,2021-05-15,3,0,F,T,F,F,?,F,F,F,F,F,F,?,135
Goldammer,239,2021,2021-06-05,3,0,F,T,F,F,?,F,F,F,F,F,F,?,156
Goldammer,240,2018,2018-03-11,9,0,?,T,T,F,?,F,F,F,F,F,F,?,70
Goldammer,240,2018,2018-04-09,6,0,?,T,T,F,?,F,F,F,F,F,F,?,99
Goldammer,240,2018,2018-05-06,8,0,?,T,T,F,?,F,F,F,F,F,F,?,126
Goldammer,240,2018,2018-06-04,7,0,?,T,F,F,?,F,F,F,F,F,F,?,155
Goldammer,240,2020,2020-03-19,5,0,F,F,T,F,?,T,F,F,F,F,F,?,79
Goldammer,240,2020,2020-04-10,7,0,F,T,T,F,?,T,F,F,F,F,F,?,101
Goldammer,240,2020,2020-05-09,4,0,F,T,T,F,?,F,F,F,F,F,F,?,130
Goldammer,240,2020,2020-06-04,5,0,F,T,F,F,?,F,F,F,F,F,F,?,156
Goldammer,240,2021,2021-03-25,11,0,F,T,T,F,?,F,F,F,F,F,F,?,84
Goldammer,240,2021,2021-04-22,3,0,F,T,T,F,?,F,F,F,F,F,F,?,112
Goldammer,240,2021,2021-05-14,5,0,F,T,T,F,?,F,F,F,F,F,F,?,134
Goldammer,240,2021,2021-06-13,3,0,F,F,T,F,?,F,F,F,T,F,F,?,164
Goldammer,241,2019,2019-03-23,3,0,F,T,F,F,?,T,F,F,F,F,F,?,82
Goldammer,241,2019,2019-04-18,6,0,F,T,T,F,?,T,F,F,F,F,F,?,108
Goldammer,241,2019,2019-05-10,4,0,F,T,T,F,?,F,F,F,F,F,F,?,130
Goldammer,241,2019,2019-06-06,5,0,F,T,T,F,?,F,F,F,F,F,F,?,157
Goldammer,241,2020,2020-03-24,6,0,F,T,T,F,?,T,F,F,F,F,F,?,84
Goldammer,241,2020,2020-04-17,4,0,F,T,T,F,?,F,F,F,F,F,F,?,108
Goldammer,241,2020,2020-05-08,7,0,F,T,F,F,?,F,F,F,F,F,F,?,129
Goldammer,241,2020,2020-06-03,5,0,F,T,T,F,?,F,F,F,F,F,F,?,155
Goldammer,241,2021,2021-03-25,2,0,?,F,F,F,?,T,F,?,F,F,F,?,84
Goldammer,241,2021,2021-04-23,8,0,?,T,T,F,?,T,F,?,F,F,F,?,113
Goldammer,241,2021,2021-05-18,6,0,?,T,T,F,?,T,F,?,F,F,F,?,138
Goldammer,241,2021,2021-06-09,2,0,?,T,F,F,?,F,F,?,F,F,F,?,160
Goldammer,241,2022,2022-03-18,5,0,F,T,T,F,?,F,F,F,F,F,F,?,77
Goldammer,241,2022,2022-04-21,2,0,F,T,T,F,?,F,F,F,F,F,F,?,111
Goldammer,241,2022,2022-05-18,3,0,F,T,F,F,?,F,F,F,F,F,F,?,138
Goldammer,241,2022,2022-06-10,3,0,F,T,F,F,?,T,F,F,F,F,F,?,161
Goldammer,241,2023,2023-03-22,5,0,F,T,T,F,F,T,F,F,F,F,F,?,81
Goldammer,241,2023,2023-04-22,6,0,F,T,T,F,F,F,F,F,F,F,F,?,112
Goldammer,241,2023,2023-05-07,4,0,F,F,T,F,F,T,F,F,F,F,F,?,127
Goldammer,241,2023,2023-06-10,2,0,F,T,F,F,F,F,F,F,F,F,F,?,161
Goldammer,245,2021,2021-03-29,3,0,?,T,?,?,?,T,?,?,?,?,?,?,88
Goldammer,245,2021,2021-04-24,4,0,?,?,?,?,?,?,?,?,?,?,?,?,114
Goldammer,245,2021,2021-05-09,6,0,?,?,?,?,?,?,?,?,?,?,?,?,129
Goldammer,245,2021,2021-06-03,10,0,?,?,?,?,?,?,?,?,?,?,?,?,154
Goldammer,246,2019,2019-03-23,4,0,F,T,T,F,?,T,F,F,F,F,F,?,82
Goldammer,246,2019,2019-04-23,6,0,F,F,T,T,?,F,F,F,F,F,F,?,113
Goldammer,246,2019,2019-05-13,2,0,F,T,F,F,?,F,F,F,F,F,F,?,133
Goldammer,246,2019,2019-06-18,1,0,F,T,F,F,?,F,F,F,F,F,F,?,169
Goldammer,246,2019,2019-06-16,0,0,NA,NA,NA,NA,NA,NA,NA,NA,NA,NA,NA,NA,167
Goldammer,246,2020,2020-03-18,8,0,F,T,T,F,?,F,T,F,F,F,F,?,78
Goldammer,246,2020,2020-04-19,6,0,F,T,F,T,?,F,T,F,F,F,F,?,110
Goldammer,246,2020,2020-05-19,7,0,F,T,F,F,?,F,T,F,F,F,F,?,140
Goldammer,246,2020,2020-06-17,4,0,F,T,T,F,?,F,F,F,F,F,F,?,169
Goldammer,246,2021,2021-03-29,3,0,?,T,F,F,?,F,F,?,F,F,F,?,88
Goldammer,246,2021,2021-04-26,5,0,?,T,T,F,?,F,T,?,F,F,F,?,116
Goldammer,246,2021,2021-05-16,2,0,?,T,F,F,?,F,F,?,F,F,F,?,136
Goldammer,246,2021,2021-06-16,5,0,?,T,T,F,?,F,F,?,F,F,F,?,167
Goldammer,246,2022,2022-03-21,4,0,F,T,T,F,?,F,F,F,F,F,F,?,80
Goldammer,246,2022,2022-04-11,1,0,F,T,F,F,?,F,F,F,F,F,F,?,101
Goldammer,246,2022,2022-05-10,3,0,F,T,F,F,?,T,F,F,F,F,F,?,130
Goldammer,246,2022,2022-06-02,3,0,F,T,T,F,?,F,F,F,F,F,F,?,153
Goldammer,246,2023,2023-03-16,5,0,F,T,T,F,F,F,F,F,F,F,F,?,75
Goldammer,246,2023,2023-04-23,3,0,F,T,T,F,F,F,F,F,F,F,F,?,113
Goldammer,246,2023,2023-05-17,5,0,F,T,T,F,F,F,F,F,F,F,F,?,137
Goldammer,246,2023,2023-06-17,6,0,F,T,T,F,F,F,F,F,F,F,F,?,168
Goldammer,248,2019,2019-03-14,7,0,?,T,T,?,?,?,?,?,?,?,?,?,73
Goldammer,248,2019,2019-04-24,11,0,?,T,T,?,?,T,?,?,?,?,?,?,114
Goldammer,248,2019,2019-05-12,8,0,?,T,?,?,?,T,?,?,?,?,?,?,132
Goldammer,248,2019,2019-05-29,5,0,?,T,T,?,?,?,?,?,?,?,?,?,149
Goldammer,248,2020,2020-03-20,2,0,F,T,F,F,F,F,F,F,F,F,F,?,80
Goldammer,248,2020,2020-04-14,6,0,F,T,F,F,F,T,F,F,F,F,F,?,105
Goldammer,248,2020,2020-05-12,2,0,F,T,F,F,F,F,F,F,F,F,F,?,133
Goldammer,248,2020,2020-06-05,3,0,F,T,F,F,F,F,F,F,F,F,F,?,157
Goldammer,248,2021,2021-03-22,5,0,?,T,T,?,?,?,?,?,?,?,?,?,81
Goldammer,248,2021,2021-04-16,3,0,?,?,T,?,?,?,?,?,?,?,?,?,106
Goldammer,248,2021,2021-05-13,2,0,?,T,T,?,?,?,?,?,?,?,?,?,133
Goldammer,248,2021,2021-05-31,3,0,?,T,T,?,?,?,?,?,?,?,?,?,151
Goldammer,248,2022,2022-03-18,2,0,F,T,T,F,F,F,F,F,F,F,F,?,77
Goldammer,248,2022,2022-04-07,1,0,F,F,T,F,F,F,F,F,F,F,F,?,97
Goldammer,248,2022,2022-05-06,2,0,F,T,T,F,F,F,F,F,F,F,F,?,126
Goldammer,248,2022,2022-06-09,0,0,NA,NA,NA,NA,NA,NA,NA,NA,NA,NA,NA,NA,160
Goldammer,248,2023,2023-03-10,2,0,F,T,F,F,F,F,F,F,F,F,F,?,69
Goldammer,248,2023,2023-04-12,3,0,F,T,T,F,F,F,F,F,F,F,F,?,102
Goldammer,248,2023,2023-05-02,3,0,F,T,F,F,F,F,F,F,F,F,F,?,122
Goldammer,248,2023,2023-05-25,1,0,F,T,F,F,F,F,F,F,F,F,F,?,145
Goldammer,251,2021,2021-03-25,1,0,?,T,?,?,?,?,?,?,?,?,?,?,84
Goldammer,251,2021,2021-04-24,2,0,?,T,?,?,?,?,?,?,?,?,?,?,114
Goldammer,251,2021,2021-05-10,2,0,?,T,?,?,?,?,?,?,?,?,?,?,130
Goldammer,251,2021,2021-06-05,1,0,?,T,?,?,?,?,?,?,?,?,?,?,156
Goldammer,253,2021,2021-03-29,1,0,?,T,?,?,?,?,?,?,?,?,?,?,88
Goldammer,253,2021,2021-04-27,3,0,?,T,T,?,?,?,?,?,?,?,?,?,117
Goldammer,253,2021,2021-05-29,3,0,?,T,?,?,?,?,?,?,?,?,?,?,149
Goldammer,253,2021,2021-06-27,3,0,?,T,?,?,?,?,?,?,?,?,?,?,178
Goldammer,255,2020,2020-03-27,0,0,NA,NA,NA,NA,NA,NA,NA,NA,NA,NA,NA,NA,87
Goldammer,255,2020,2020-04-19,0,0,NA,NA,NA,NA,NA,NA,NA,NA,NA,NA,NA,NA,110
Goldammer,255,2020,2020-05-04,1,0,F,T,F,F,?,F,F,F,F,F,F,?,125
Goldammer,255,2020,2020-06-02,2,0,F,T,T,F,?,F,F,F,F,F,F,?,154
Goldammer,255,2021,2021-03-22,2,0,?,T,T,?,?,?,?,?,?,?,?,?,81
Goldammer,255,2021,2021-04-14,1,0,?,T,?,?,?,?,?,?,?,?,?,?,104
Goldammer,255,2021,2021-05-10,2,0,?,T,?,?,?,?,?,?,?,?,?,?,130
Goldammer,255,2021,2021-06-01,2,0,?,T,?,?,?,?,?,?,?,?,?,?,152
Goldammer,255,2022,2022-03-30,1,0,F,F,F,F,F,T,F,F,F,F,F,?,89
Goldammer,255,2022,2022-04-20,2,0,F,F,T,F,F,T,F,F,F,F,F,?,110
Goldammer,255,2022,2022-05-11,3,0,F,T,F,F,T,F,F,F,F,F,F,?,131
Goldammer,255,2022,2022-06-01,2,0,F,T,F,F,F,F,F,F,F,F,F,?,152
Goldammer,255,2023,2023-03-22,1,0,F,T,F,F,F,F,F,F,F,F,F,?,81
Goldammer,255,2023,2023-04-17,1,0,F,F,T,F,F,F,F,F,F,F,F,?,107
Goldammer,255,2023,2023-05-10,3,0,F,T,T,F,F,F,F,F,F,F,F,?,130
Goldammer,255,2023,2023-06-12,0,0,NA,NA,NA,NA,NA,NA,NA,NA,NA,NA,NA,NA,163
Goldammer,256,2020,2020-03-23,0,0,NA,NA,NA,NA,NA,NA,NA,NA,NA,NA,NA,NA,83
Goldammer,256,2020,2020-04-19,1,0,F,F,F,F,?,F,T,F,F,F,F,?,110
Goldammer,256,2020,2020-05-09,5,0,F,T,F,F,?,F,F,F,F,F,F,?,130
Goldammer,256,2020,2020-06-02,0,0,NA,NA,NA,NA,NA,NA,NA,NA,NA,NA,NA,NA,154
Goldammer,256,2021,2021-03-22,1,0,?,?,?,?,?,T,?,?,?,?,?,?,81
Goldammer,256,2021,2021-04-14,1,0,?,T,?,?,?,T,?,?,?,?,?,?,104
Goldammer,256,2021,2021-05-08,1,0,?,T,?,?,?,?,?,?,?,?,?,?,128
Goldammer,256,2021,2021-05-31,0,0,NA,NA,NA,NA,NA,NA,NA,NA,NA,NA,NA,NA,151
Goldammer,256,2022,2022-03-28,0,0,NA,NA,NA,NA,NA,NA,NA,NA,NA,NA,NA,NA,87
Goldammer,256,2022,2022-04-19,0,0,NA,NA,NA,NA,NA,NA,NA,NA,NA,NA,NA,NA,109
Goldammer,256,2022,2022-05-02,3,0,F,T,F,F,F,F,F,F,F,F,F,?,122
Goldammer,256,2022,2022-06-02,1,0,F,T,F,F,F,F,F,F,F,F,F,?,153
Goldammer,256,2023,2023-03-20,0,0,NA,NA,NA,NA,NA,NA,NA,NA,NA,NA,NA,NA,79
Goldammer,256,2023,2023-04-11,1,0,F,T,F,F,F,F,F,F,F,F,F,?,101
Goldammer,256,2023,2023-05-08,0,0,NA,NA,NA,NA,NA,NA,NA,NA,NA,NA,NA,NA,128
Goldammer,256,2023,2023-06-05,1,0,F,T,F,F,F,F,F,F,F,F,F,?,156
Goldammer,258,2020,2020-03-19,0,0,NA,NA,NA,NA,NA,NA,NA,NA,NA,NA,NA,NA,79
Goldammer,258,2020,2020-04-25,0,0,NA,NA,NA,NA,NA,NA,NA,NA,NA,NA,NA,NA,116
Goldammer,258,2020,2020-05-20,3,0,F,T,F,F,?,F,F,F,F,F,F,?,141
Goldammer,258,2020,2020-06-15,1,0,F,T,F,F,?,F,F,F,F,F,F,?,167
Goldammer,259,2020,2020-03-20,8,0,F,T,F,F,?,T,F,F,F,F,F,?,80
Goldammer,259,2020,2020-04-17,9,0,F,T,F,F,?,T,F,F,F,F,F,?,108
Goldammer,259,2020,2020-05-09,9,0,F,T,T,F,?,T,F,F,F,F,F,?,130
Goldammer,259,2020,2020-05-29,8,0,F,T,F,F,?,T,F,F,F,F,F,?,150
Goldammer,259,2021,2021-03-24,8,0,T,T,T,?,?,T,?,?,?,?,?,?,83
Goldammer,259,2021,2021-04-15,9,0,T,T,?,?,?,T,?,?,?,?,?,?,105
Goldammer,259,2021,2021-05-14,10,0,?,T,?,?,?,?,T,?,?,?,?,?,134
Goldammer,259,2021,2021-06-02,6,0,?,T,?,?,?,T,?,?,?,?,?,?,153
Goldammer,259,2022,2022-03-30,6,0,F,T,T,F,F,T,F,F,F,F,F,?,89
Goldammer,259,2022,2022-04-19,6,0,F,T,T,T,F,F,F,F,F,F,F,?,109
Goldammer,259,2022,2022-05-12,5,0,F,T,F,F,F,F,F,F,F,F,F,?,132
Goldammer,259,2022,2022-06-15,6,0,F,T,F,F,F,F,F,F,F,F,F,?,166
Goldammer,259,2023,2023-03-21,6,0,F,T,F,F,F,F,F,F,F,F,F,?,80
Goldammer,259,2023,2023-04-13,8,0,F,T,T,F,T,F,F,F,F,F,F,?,103
Goldammer,259,2023,2023-05-09,5,0,F,T,T,F,F,T,F,F,F,F,F,?,129
Goldammer,259,2023,2023-06-06,4,0,F,T,F,F,F,F,F,F,F,F,F,?,157
Goldammer,263,2018,2018-03-29,0,0,NA,NA,NA,NA,NA,NA,NA,NA,NA,NA,NA,NA,88
Goldammer,263,2018,2018-04-11,1,0,F,T,F,F,?,F,F,F,F,F,F,?,101
Goldammer,263,2018,2018-04-15,0,0,NA,NA,NA,NA,NA,NA,NA,NA,NA,NA,NA,NA,105
Goldammer,263,2018,2018-06-03,1,0,F,F,F,F,?,T,F,F,F,F,F,?,154
Goldammer,263,2020,2020-03-22,0,0,NA,NA,NA,NA,NA,NA,NA,NA,NA,NA,NA,NA,82
Goldammer,263,2020,2020-04-19,3,0,F,T,F,F,?,T,T,F,F,F,F,?,110
Goldammer,263,2020,2020-05-14,1,0,F,T,F,F,?,F,F,F,F,F,F,?,135
Goldammer,263,2020,2020-06-07,0,0,NA,NA,NA,NA,NA,NA,NA,NA,NA,NA,NA,NA,159
Goldammer,263,2021,2021-03-30,2,0,F,T,?,?,?,T,F,?,?,?,?,?,89
Goldammer,263,2021,2021-04-17,0,0,NA,NA,NA,NA,NA,NA,NA,NA,NA,NA,NA,NA,107
Goldammer,263,2021,2021-06-04,2,0,F,T,?,?,?,T,F,?,?,?,?,?,155
Goldammer,265,2021,2021-03-27,3,0,F,T,?,?,?,?,F,?,?,?,?,?,86
Goldammer,265,2021,2021-04-24,1,0,F,T,?,?,?,?,F,?,?,?,?,?,114
Goldammer,265,2021,2021-05-15,0,0,NA,NA,NA,NA,NA,NA,NA,NA,NA,NA,NA,NA,135
Goldammer,265,2021,2021-06-19,1,0,F,?,?,?,?,?,T,?,?,?,?,?,170
Goldammer,266,2018,2018-03-24,0,0,NA,NA,NA,NA,NA,NA,NA,NA,NA,NA,NA,NA,83
Goldammer,266,2018,2018-04-07,3,3,T,T,F,F,?,F,F,F,F,F,F,?,97
Goldammer,266,2018,2018-05-15,2,0,F,T,F,F,?,F,F,F,F,F,F,?,135
Goldammer,266,2018,2018-06-06,0,0,NA,NA,NA,NA,NA,NA,NA,NA,NA,NA,NA,NA,157
Goldammer,266,2020,2020-03-20,0,0,NA,NA,NA,NA,NA,NA,NA,NA,NA,NA,NA,NA,80
Goldammer,266,2020,2020-04-18,1,0,F,F,F,F,?,F,F,F,F,F,F,?,109
Goldammer,266,2020,2020-05-16,0,0,NA,NA,NA,NA,NA,NA,NA,NA,NA,NA,NA,NA,137
Goldammer,266,2020,2020-06-08,0,0,NA,NA,NA,NA,NA,NA,NA,NA,NA,NA,NA,NA,160
Goldammer,266,2021,2021-03-24,1,0,F,T,?,?,?,?,F,?,?,?,?,?,83
Goldammer,266,2021,2021-04-15,1,0,F,T,?,?,?,?,F,?,?,?,?,?,105
Goldammer,266,2021,2021-05-13,0,0,NA,NA,NA,NA,NA,NA,NA,NA,NA,NA,NA,NA,133
Goldammer,266,2021,2021-06-10,0,0,NA,NA,NA,NA,NA,NA,NA,NA,NA,NA,NA,NA,161
Goldammer,268,2018,2018-04-14,0,0,NA,NA,NA,NA,NA,NA,NA,NA,NA,NA,NA,NA,104
Goldammer,268,2018,2018-05-09,0,0,NA,NA,NA,NA,NA,NA,NA,NA,NA,NA,NA,NA,129
Goldammer,268,2018,2018-05-15,0,0,NA,NA,NA,NA,NA,NA,NA,NA,NA,NA,NA,NA,135
Goldammer,268,2018,2018-06-18,1,0,F,T,F,F,?,F,F,F,F,F,F,?,169
Goldammer,269,2018,2018-03-26,0,0,NA,NA,NA,NA,NA,NA,NA,NA,NA,NA,NA,NA,85
Goldammer,269,2018,2018-04-27,0,0,NA,NA,NA,NA,NA,NA,NA,NA,NA,NA,NA,NA,117
Goldammer,269,2018,2018-05-18,0,0,NA,NA,NA,NA,NA,NA,NA,NA,NA,NA,NA,NA,138
Goldammer,269,2018,2018-06-04,1,0,?,T,F,F,?,F,F,F,F,F,F,?,155
Goldammer,269,2020,2020-03-27,2,0,F,T,F,F,?,F,F,F,F,F,F,?,87
Goldammer,269,2020,2020-04-29,1,0,F,T,F,F,?,F,F,F,F,F,F,?,120
Goldammer,269,2020,2020-05-08,1,0,F,T,F,F,?,F,F,F,F,F,F,?,129
Goldammer,269,2020,2020-06-01,0,0,NA,NA,NA,NA,NA,NA,NA,NA,NA,NA,NA,NA,153
Goldammer,272,2019,2019-03-25,6,0,F,T,T,F,?,T,F,F,F,F,F,?,84
Goldammer,272,2019,2019-04-14,8,0,F,T,T,F,?,F,F,F,F,F,F,?,104
Goldammer,272,2019,2019-05-07,13,0,F,T,T,F,?,F,F,F,F,F,F,?,127
Goldammer,272,2019,2019-06-03,11,0,F,T,T,F,?,F,T,F,F,F,F,?,154
Goldammer,272,2020,2020-03-20,6,0,T,T,T,F,?,F,F,F,F,F,F,?,80
Goldammer,272,2020,2020-04-25,3,0,F,T,T,F,?,F,F,F,F,F,F,?,116
Goldammer,272,2020,2020-05-18,4,0,F,T,F,F,?,F,F,F,F,F,F,?,139
Goldammer,272,2020,2020-06-19,4,0,F,T,T,F,?,F,F,F,F,F,F,?,171
Goldammer,272,2021,2021-03-24,6,0,F,T,T,F,?,F,F,F,F,F,F,?,83
Goldammer,272,2021,2021-05-20,2,0,F,T,F,F,?,F,F,F,F,F,F,?,140
Goldammer,272,2021,2021-06-16,3,0,F,T,F,F,?,F,F,F,F,F,F,?,167
Goldammer,272,2021,2021-04-21,2,0,F,F,F,F,?,T,T,F,F,F,F,?,111
Goldammer,272,2022,2022-03-23,3,0,F,F,T,F,F,F,F,F,F,F,F,?,82
Goldammer,272,2022,2022-05-10,2,0,F,F,T,F,F,F,F,F,F,F,F,?,130
Goldammer,272,2022,2022-06-08,3,0,F,T,T,F,F,F,F,F,F,F,F,?,159
Goldammer,272,2022,2022-04-20,10,0,F,F,T,F,F,F,F,F,F,F,F,?,110
Goldammer,272,2023,2023-03-17,7,0,F,T,T,F,F,F,F,F,F,F,F,?,76
Goldammer,272,2023,2023-04-19,6,0,F,F,T,F,F,F,F,F,F,F,F,?,109
Goldammer,272,2023,2023-05-16,3,0,F,T,F,F,F,F,F,F,F,F,F,?,136
Goldammer,272,2023,2023-06-15,1,0,F,T,F,F,F,F,F,F,F,F,F,?,166
Goldammer,273,2019,2019-03-19,2,0,F,F,F,F,?,F,F,F,F,F,F,?,78
Goldammer,273,2019,2019-04-22,2,0,F,T,F,F,?,F,F,F,F,F,F,?,112
Goldammer,273,2019,2019-05-30,6,0,F,T,T,F,?,T,F,F,F,F,F,?,150
Goldammer,273,2019,2019-06-18,3,0,F,T,F,F,?,F,F,F,F,F,F,?,169
Goldammer,273,2020,2020-03-25,0,0,NA,NA,NA,NA,NA,NA,NA,NA,NA,NA,NA,NA,85
Goldammer,273,2020,2020-04-22,5,0,F,T,T,F,?,F,F,F,F,F,F,?,113
Goldammer,273,2020,2020-05-20,2,0,F,T,F,F,?,F,F,F,F,F,F,?,141
Goldammer,273,2020,2020-06-18,1,0,F,T,F,F,?,F,F,F,F,F,F,?,170
Goldammer,273,2021,2021-03-30,0,0,NA,NA,NA,NA,NA,NA,NA,NA,NA,NA,NA,NA,89
Goldammer,273,2021,2021-04-25,1,0,F,F,F,F,?,T,F,F,F,F,F,?,115
Goldammer,273,2021,2021-05-12,0,0,NA,NA,NA,NA,NA,NA,NA,NA,NA,NA,NA,NA,132
Goldammer,273,2021,2021-06-09,1,0,F,T,F,F,?,F,F,F,F,F,F,?,160
Goldammer,273,2022,2022-03-31,1,0,F,T,F,F,F,F,F,F,F,F,F,?,90
Goldammer,273,2022,2022-04-22,2,0,F,T,T,F,F,F,F,F,F,F,F,?,112
Goldammer,273,2022,2022-05-20,2,0,F,T,F,F,F,F,F,F,F,F,F,?,140
Goldammer,273,2022,2022-06-16,1,0,F,T,F,F,F,F,F,F,F,F,F,?,167
Goldammer,273,2023,2023-03-29,1,0,F,F,T,F,F,F,F,F,F,F,F,?,88
Goldammer,273,2023,2023-04-20,2,0,F,F,T,F,F,F,F,F,F,F,F,?,110
Goldammer,273,2023,2023-05-18,3,0,F,T,F,F,F,F,F,F,F,F,F,?,138
Goldammer,273,2023,2023-06-20,2,0,F,T,F,F,F,F,F,F,F,F,F,?,171
Goldammer,274,2019,2019-03-25,16,0,F,T,F,F,?,T,F,F,F,F,F,?,84
Goldammer,274,2019,2019-04-18,1,0,F,T,F,F,?,F,F,F,F,F,F,?,108
Goldammer,274,2019,2019-05-24,1,0,F,F,T,F,?,F,F,F,F,F,F,?,144
Goldammer,274,2019,2019-06-03,2,0,F,F,F,F,?,T,F,F,F,F,F,?,154
Goldammer,274,2020,2020-03-24,2,0,F,T,F,F,?,F,F,F,F,F,F,?,84
Goldammer,274,2020,2020-04-27,1,0,F,T,F,F,?,F,F,F,F,F,F,?,118
Goldammer,274,2020,2020-05-19,1,0,F,T,F,F,?,F,F,F,F,F,F,?,140
Goldammer,274,2020,2020-06-17,1,0,F,F,T,F,?,F,F,F,F,F,F,?,169
Goldammer,274,2021,2021-03-25,0,0,NA,NA,NA,NA,NA,NA,NA,NA,NA,NA,NA,NA,84
Goldammer,274,2021,2021-04-28,1,1,T,F,F,F,?,F,T,F,F,F,F,?,118
Goldammer,274,2021,2021-05-10,2,0,F,T,F,F,?,F,F,F,F,F,F,?,130
Goldammer,274,2021,2021-06-18,1,0,F,T,F,F,?,F,F,F,F,F,F,?,169
Goldammer,274,2022,2022-03-31,0,0,NA,NA,NA,NA,NA,NA,NA,NA,NA,NA,NA,NA,90
Goldammer,274,2022,2022-04-28,1,0,F,T,F,F,F,F,F,F,F,F,F,?,118
Goldammer,274,2022,2022-05-19,0,0,NA,NA,NA,NA,NA,NA,NA,NA,NA,NA,NA,NA,139
Goldammer,274,2022,2022-06-08,1,0,F,T,F,F,F,F,F,F,F,F,F,?,159
Goldammer,274,2023,2023-03-28,0,0,NA,NA,NA,NA,NA,NA,NA,NA,NA,NA,NA,NA,87
Goldammer,274,2023,2023-04-25,1,0,F,T,F,F,F,F,F,F,F,F,F,?,115
Goldammer,274,2023,2023-05-16,0,0,NA,NA,NA,NA,NA,NA,NA,NA,NA,NA,NA,NA,136
Goldammer,274,2023,2023-06-16,0,0,NA,NA,NA,NA,NA,NA,NA,NA,NA,NA,NA,NA,167
Goldammer,275,2019,2019-03-26,7,0,F,T,T,F,?,T,F,F,F,F,F,?,85
Goldammer,275,2019,2019-04-16,7,0,F,F,T,F,?,F,T,F,F,F,F,?,106
Goldammer,275,2019,2019-05-09,10,0,F,T,T,F,?,F,F,F,F,F,F,?,129
Goldammer,275,2020,2020-03-24,1,1,T,F,F,F,?,T,F,F,F,F,F,?,84
Goldammer,275,2020,2020-04-27,0,0,NA,NA,NA,NA,NA,NA,NA,NA,NA,NA,NA,NA,118
Goldammer,275,2020,2020-05-19,2,0,F,T,T,F,?,F,F,F,F,F,F,?,140
Goldammer,275,2020,2020-06-17,1,0,F,T,F,F,?,F,F,F,F,F,F,?,169
Goldammer,275,2021,2021-03-25,3,0,F,T,T,F,?,F,F,F,F,F,F,?,84
Goldammer,275,2021,2021-04-28,2,0,F,F,T,F,?,F,T,F,F,F,F,?,118
Goldammer,275,2021,2021-05-10,0,0,NA,NA,NA,NA,NA,NA,NA,NA,NA,NA,NA,NA,130
Goldammer,275,2021,2021-06-18,3,0,F,T,T,F,?,F,F,F,F,F,F,?,169
Goldammer,275,2022,2022-04-27,0,0,NA,NA,NA,NA,NA,NA,NA,NA,NA,NA,NA,NA,117
Goldammer,275,2022,2022-05-19,2,0,F,T,F,F,F,F,F,F,F,F,F,?,139
Goldammer,275,2022,2022-06-08,1,0,F,T,F,F,F,F,F,F,F,F,F,?,159
Goldammer,275,2022,2022-03-31,1,0,F,T,F,F,F,F,F,F,F,F,F,?,90
Goldammer,275,2023,2023-03-15,1,0,F,T,F,F,F,F,F,F,F,F,F,?,74
Goldammer,275,2023,2023-04-25,3,0,F,T,F,F,F,F,F,F,F,F,F,?,115
Goldammer,275,2023,2023-05-16,3,0,F,T,F,F,F,F,F,F,F,F,F,?,136
Goldammer,276,2018,2018-04-22,6,0,F,T,F,F,?,F,T,F,F,F,F,?,112
Goldammer,276,2018,2018-06-18,4,0,F,T,F,F,?,F,F,F,F,F,F,?,169
Goldammer,276,2018,2018-03-29,3,0,F,F,F,F,?,F,T,F,F,F,F,?,88
Goldammer,276,2018,2018-05-21,7,0,F,T,F,F,?,T,T,F,F,F,F,?,141
Goldammer,276,2020,2020-03-27,1,0,F,F,F,F,?,F,T,F,F,F,F,?,87
Goldammer,276,2020,2020-04-26,2,0,F,T,F,F,?,F,F,F,F,F,F,?,117
Goldammer,276,2020,2020-05-21,3,0,F,T,F,F,?,T,F,F,F,F,F,?,142
Goldammer,276,2020,2020-06-24,3,0,F,F,F,F,?,T,T,F,F,F,F,?,176
Goldammer,276,2021,2021-04-25,1,0,F,F,F,F,?,T,F,F,F,F,F,?,115
Goldammer,276,2021,2021-06-21,4,0,F,T,F,F,?,F,T,F,F,F,F,?,172
Goldammer,276,2021,2021-03-28,1,0,F,T,F,F,?,F,F,F,F,F,F,?,87
Goldammer,276,2021,2021-05-24,2,0,F,F,F,F,?,T,F,F,F,F,F,?,144
Goldammer,281,2021,2021-03-31,0,0,NA,NA,NA,NA,NA,NA,NA,NA,NA,NA,NA,NA,90
Goldammer,281,2021,2021-04-23,0,0,NA,NA,NA,NA,NA,NA,NA,NA,NA,NA,NA,NA,113
Goldammer,281,2021,2021-05-14,1,0,F,T,F,F,?,F,F,F,F,F,F,?,134
Goldammer,281,2021,2021-06-11,0,0,NA,NA,NA,NA,NA,NA,NA,NA,NA,NA,NA,NA,162
Goldammer,283,2018,2018-04-28,1,0,F,F,F,F,?,F,F,F,F,T,F,?,118
Goldammer,283,2018,2018-05-10,1,0,F,F,F,F,?,F,F,F,F,T,F,?,130
Goldammer,283,2018,2018-06-20,0,0,NA,NA,NA,NA,NA,NA,NA,NA,NA,NA,NA,NA,171
Goldammer,283,2020,2020-03-26,1,0,F,F,T,F,?,F,F,F,F,F,F,?,86
Goldammer,283,2020,2020-04-25,1,0,F,F,F,F,?,F,F,F,F,F,F,?,116
Goldammer,283,2020,2020-05-20,2,0,F,F,F,F,?,F,F,F,F,T,F,?,141
Goldammer,283,2020,2020-06-20,1,0,F,F,F,F,?,F,F,F,F,T,F,?,172
Goldammer,283,2021,2021-03-25,2,0,F,F,T,F,?,F,F,F,F,F,F,?,84
Goldammer,283,2021,2021-04-16,1,0,F,F,T,F,?,F,F,F,F,F,F,?,106
Goldammer,283,2021,2021-06-20,2,0,F,F,T,F,?,F,F,F,F,T,F,?,171
Goldammer,283,2021,2021-05-24,2,0,F,T,F,F,?,F,F,F,F,T,F,?,144
Goldammer,284,2018,2018-03-24,6,0,?,T,F,F,?,F,F,F,F,F,F,?,83
Goldammer,284,2018,2018-04-18,1,0,?,F,F,F,?,F,F,F,F,F,F,?,108
Goldammer,284,2018,2018-05-17,0,0,NA,NA,NA,NA,NA,NA,NA,NA,NA,NA,NA,NA,137
Goldammer,284,2018,2018-06-27,1,0,?,F,F,F,?,F,F,F,F,F,F,?,178
Goldammer,284,2020,2020-03-16,1,0,F,T,F,F,?,F,F,F,F,F,F,?,76
Goldammer,284,2020,2020-04-20,0,0,NA,NA,NA,NA,NA,NA,NA,NA,NA,NA,NA,NA,111
Goldammer,284,2020,2020-05-20,0,0,NA,NA,NA,NA,NA,NA,NA,NA,NA,NA,NA,NA,141
Goldammer,284,2020,2020-06-19,0,0,NA,NA,NA,NA,NA,NA,NA,NA,NA,NA,NA,NA,171
Goldammer,286,2020,2020-03-17,3,0,F,T,F,F,?,F,F,F,F,F,F,?,77
Goldammer,286,2020,2020-04-24,1,0,F,T,F,F,?,F,F,F,F,F,F,?,115
Goldammer,286,2020,2020-05-16,2,0,F,T,T,F,?,F,F,F,F,F,F,?,137
Goldammer,286,2020,2020-06-25,3,0,F,T,F,F,?,F,F,F,F,F,F,?,177
Goldammer,286,2021,2021-03-22,2,0,F,F,F,F,?,F,F,F,F,F,F,?,81
Goldammer,286,2021,2021-04-24,3,0,F,T,T,F,?,F,F,F,F,F,F,?,114
Goldammer,286,2021,2021-05-20,1,0,F,F,F,F,?,F,F,F,F,F,F,?,140
Goldammer,286,2021,2021-06-20,8,0,F,T,F,F,?,F,F,F,F,F,F,?,171
Goldammer,289,2018,2018-03-25,7,0,F,T,F,F,?,T,F,F,F,F,F,?,84
Goldammer,289,2018,2018-05-31,3,0,F,T,F,F,?,F,F,F,F,F,F,?,151
Goldammer,289,2018,2018-04-12,6,0,F,T,F,F,T,T,F,F,F,F,F,?,102
Goldammer,289,2020,2020-03-17,5,0,F,T,F,F,?,F,F,F,F,F,F,?,77
Goldammer,289,2020,2020-04-05,6,0,F,T,F,F,?,F,T,F,F,F,F,?,96
Goldammer,289,2020,2020-05-16,2,0,F,T,F,F,?,F,F,F,F,F,F,?,137
Goldammer,289,2020,2020-06-08,4,0,F,T,F,F,?,F,F,F,F,F,F,?,160
Goldammer,290,2019,2019-03-31,4,0,F,T,T,F,?,F,T,F,F,F,F,?,90
Goldammer,290,2019,2019-04-18,5,0,F,F,T,F,?,T,F,F,F,F,F,?,108
Goldammer,290,2019,2019-05-13,5,0,F,T,T,F,?,F,F,F,F,F,F,?,133
Goldammer,290,2019,2019-06-08,7,0,F,T,T,F,?,F,F,F,F,F,F,?,159
Goldammer,290,2020,2020-03-20,4,4,T,T,F,F,?,F,T,F,F,F,F,?,80
Goldammer,290,2020,2020-04-25,3,0,F,F,T,F,?,F,T,T,F,F,F,?,116
Goldammer,290,2020,2020-05-18,1,0,F,T,F,F,?,F,F,F,F,F,F,?,139
Goldammer,290,2020,2020-06-19,2,0,F,T,F,F,?,F,F,F,F,F,F,?,171
Goldammer,290,2021,2021-03-24,3,0,F,T,T,F,?,F,F,F,F,F,F,?,83
Goldammer,290,2021,2021-04-21,1,0,F,T,F,F,?,F,F,F,F,F,F,?,111
Goldammer,290,2021,2021-05-20,0,0,NA,NA,NA,NA,NA,NA,NA,NA,NA,NA,NA,NA,140
Goldammer,290,2021,2021-06-16,2,0,F,T,T,F,?,F,F,F,F,F,F,?,167
Goldammer,290,2022,2022-03-23,1,0,F,T,F,F,F,F,F,F,F,F,F,?,82
Goldammer,290,2022,2022-04-20,2,0,F,F,T,F,F,F,F,F,F,F,F,?,110
Goldammer,290,2022,2022-05-10,1,0,F,T,F,F,F,F,F,F,F,F,F,?,130
Goldammer,290,2022,2022-06-08,3,0,F,T,F,F,F,F,F,F,F,F,F,?,159
Goldammer,290,2023,2023-03-21,5,0,F,T,T,F,F,F,F,F,F,F,F,?,80
Goldammer,290,2023,2023-04-13,3,0,F,T,T,F,F,F,F,F,F,F,F,?,103
Goldammer,290,2023,2023-05-10,2,0,F,T,T,F,F,F,F,F,F,F,F,?,130
Goldammer,290,2023,2023-06-13,3,0,F,T,F,F,F,F,F,F,F,F,F,?,164
Goldammer,291,2018,2018-03-18,1,0,?,T,F,F,?,F,F,F,F,F,F,?,77
Goldammer,291,2018,2018-04-08,0,0,NA,NA,NA,NA,NA,NA,NA,NA,NA,NA,NA,NA,98
Goldammer,291,2018,2018-04-15,0,0,NA,NA,NA,NA,NA,NA,NA,NA,NA,NA,NA,NA,105
Goldammer,291,2018,2018-05-27,0,0,NA,NA,NA,NA,NA,NA,NA,NA,NA,NA,NA,NA,147
Goldammer,291,2020,2020-03-18,2,0,F,T,F,F,?,F,F,F,F,F,F,?,78
Goldammer,291,2020,2020-04-10,1,0,F,T,F,F,?,F,F,F,F,F,F,?,101
Goldammer,291,2020,2020-05-25,0,0,NA,NA,NA,NA,NA,NA,NA,NA,NA,NA,NA,NA,146
Goldammer,291,2020,2020-06-21,0,0,NA,NA,NA,NA,NA,NA,NA,NA,NA,NA,NA,NA,173
Goldammer,292,2021,2012-03-26,4,0,?,T,F,F,?,T,F,?,F,F,F,?,86
Goldammer,292,2021,2021-04-24,6,0,?,T,F,F,?,T,F,?,F,F,F,?,114
Goldammer,292,2021,2021-05-19,5,0,?,T,T,F,?,F,F,?,F,F,F,?,139
Goldammer,292,2021,2021-06-11,5,0,?,T,F,F,?,T,F,?,F,F,F,?,162
Goldammer,292,2021,2021-03-26,1,0,?,T,F,F,?,F,F,?,F,F,F,?,85
Goldammer,292,2019,2019-03-25,7,0,F,T,T,F,?,T,F,F,F,F,F,?,84
Goldammer,292,2019,2019-04-23,8,0,F,T,T,F,?,T,F,F,F,F,F,?,113
Goldammer,292,2019,2019-05-13,6,0,F,T,T,F,?,F,F,F,F,F,F,?,133
Goldammer,292,2019,2019-06-13,10,0,F,T,F,F,?,F,T,F,F,F,F,?,164
Goldammer,292,2020,2020-03-25,6,0,F,T,T,F,?,T,F,F,F,F,F,?,85
Goldammer,292,2020,2020-04-21,8,0,F,T,T,F,?,F,F,F,F,F,F,?,112
Goldammer,292,2020,2020-05-16,7,0,F,T,T,F,?,T,F,F,F,F,F,?,137
Goldammer,292,2020,2020-06-08,6,0,F,T,F,F,?,F,F,F,F,F,F,?,160
Goldammer,292,2022,2022-03-27,7,0,F,T,T,F,?,T,F,F,F,F,F,?,86
Goldammer,292,2022,2022-04-28,7,0,F,T,T,F,?,F,F,F,F,F,F,?,118
Goldammer,292,2022,2022-05-15,3,0,F,T,F,F,?,F,F,F,F,F,F,?,135
Goldammer,292,2022,2022-06-14,4,0,F,T,T,F,?,F,F,F,F,F,F,?,165
Goldammer,292,2023,2023-03-23,5,0,F,T,T,F,F,F,F,F,F,F,F,?,82
Goldammer,292,2023,2023-04-27,4,0,F,T,T,F,F,T,F,F,F,F,F,?,117
Goldammer,292,2023,2023-05-18,5,0,F,T,F,F,F,F,F,F,F,F,F,?,138
Goldammer,292,2023,2023-06-16,2,0,F,T,T,F,F,F,F,F,F,F,F,?,167
Goldammer,295,2018,2018-03-24,4,0,?,F,F,F,?,F,F,F,F,F,F,?,83
Goldammer,295,2018,2018-04-14,0,0,NA,NA,NA,NA,NA,NA,NA,NA,NA,NA,NA,NA,104
Goldammer,295,2018,2018-05-12,0,0,NA,NA,NA,NA,NA,NA,NA,NA,NA,NA,NA,NA,132
Goldammer,295,2018,2018-06-09,4,0,?,T,F,F,?,F,F,F,F,F,F,?,160
Goldammer,295,2020,2020-03-18,3,0,F,T,F,F,?,F,F,F,F,F,F,?,78
Goldammer,295,2020,2020-04-08,2,0,F,T,F,F,?,F,F,F,F,F,F,?,99
Goldammer,295,2020,2020-05-09,1,0,F,T,F,F,?,F,F,F,F,F,F,?,130
Goldammer,295,2020,2020-06-13,2,0,F,T,F,F,?,F,F,F,F,F,F,?,165
Goldammer,295,2021,2021-03-28,2,0,F,T,?,?,?,?,F,?,?,?,?,?,87
Goldammer,295,2021,2021-04-17,1,0,F,?,?,?,?,?,F,?,?,?,?,?,107
Goldammer,295,2021,2021-05-09,0,0,NA,NA,NA,NA,NA,NA,NA,NA,NA,NA,NA,NA,129
Goldammer,295,2021,2021-05-24,0,0,NA,NA,NA,NA,NA,NA,NA,NA,NA,NA,NA,NA,144
Goldammer,299,2018,2018-03-18,2,0,F,F,T,F,?,F,F,F,F,F,F,?,77
Goldammer,299,2018,2018-04-18,1,0,F,T,F,F,?,F,F,F,F,F,F,?,108
Goldammer,299,2018,2018-05-12,0,0,NA,NA,NA,NA,NA,NA,NA,NA,NA,NA,NA,NA,132
Goldammer,299,2018,2018-06-16,2,0,F,T,F,F,?,F,F,F,F,F,F,?,167
Goldammer,299,2020,2020-04-06,6,0,F,T,T,F,?,T,F,F,F,F,F,?,97
Goldammer,299,2020,2020-05-10,3,0,F,T,T,F,?,T,F,F,F,F,F,?,131
Goldammer,299,2020,2020-06-20,2,0,F,T,T,F,?,F,F,F,F,F,F,?,172
Goldammer,299,2020,2020-03-19,6,0,F,T,F,F,?,F,F,F,F,F,F,?,79
Goldammer,299,2021,2021-03-27,0,0,NA,NA,NA,NA,NA,NA,NA,NA,NA,NA,NA,NA,86
Goldammer,299,2021,2021-04-10,1,0,F,?,?,?,?,?,F,?,?,?,?,?,100
Goldammer,299,2021,2021-05-16,3,0,F,T,?,?,?,?,F,?,?,?,?,?,136
Goldammer,299,2021,2021-06-12,2,0,F,T,?,?,?,?,F,?,?,?,?,?,163
Goldammer,300,2018,2018-03-31,5,0,F,T,F,F,?,F,F,F,F,F,F,?,90
Goldammer,300,2018,2018-04-28,4,0,F,T,F,F,?,F,F,F,F,F,F,?,118
Goldammer,300,2018,2018-05-20,6,0,F,T,F,F,?,F,F,F,F,F,F,?,140
Goldammer,300,2018,2018-06-16,3,0,F,T,F,F,?,F,F,F,F,F,F,?,167
Goldammer,300,2020,2020-03-31,3,0,F,T,F,F,?,F,F,F,F,F,F,?,91
Goldammer,300,2020,2020-05-03,2,0,F,T,F,F,?,F,F,F,F,F,F,?,124
Goldammer,300,2020,2020-05-25,1,0,F,T,F,F,?,F,F,F,F,F,F,?,146
Goldammer,300,2020,2020-06-19,6,0,F,T,F,F,?,F,F,F,F,F,F,?,171
Goldammer,300,2021,2021-03-30,0,0,NA,NA,NA,NA,NA,NA,NA,NA,NA,NA,NA,NA,89
Goldammer,300,2021,2021-04-29,2,0,F,T,F,F,?,F,F,F,F,F,F,?,119
Goldammer,300,2021,2021-05-30,3,0,F,T,F,F,?,F,F,F,F,F,F,?,150
Goldammer,300,2021,2021-06-13,2,0,F,T,F,F,?,F,F,F,F,F,F,?,164
Goldammer,301,2018,2018-03-24,8,0,?,T,F,F,?,F,F,F,F,F,F,?,83
Goldammer,301,2018,2018-04-14,5,0,?,T,T,F,?,F,F,F,F,F,F,?,104
Goldammer,301,2018,2018-05-11,4,0,?,T,T,F,?,F,F,F,F,F,F,?,131
Goldammer,301,2018,2018-06-02,7,0,?,T,T,F,?,F,F,F,F,F,F,?,153
Goldammer,301,2020,2020-03-29,0,0,NA,NA,NA,NA,NA,NA,NA,NA,NA,NA,NA,NA,89
Goldammer,301,2020,2020-04-18,2,0,F,T,T,F,?,F,F,F,F,F,F,?,109
Goldammer,301,2020,2020-05-08,1,0,F,F,T,F,?,F,F,F,F,F,F,?,129
Goldammer,301,2020,2020-06-08,5,0,F,T,T,F,?,F,F,F,F,F,F,?,160
Goldammer,301,2021,2021-03-26,5,0,F,T,T,F,?,T,F,F,F,F,F,?,85
Goldammer,301,2021,2021-04-17,5,0,F,T,T,F,?,F,F,F,F,F,F,?,107
Goldammer,301,2021,2021-05-11,2,0,F,F,T,F,?,T,F,F,F,F,F,?,131
Goldammer,301,2021,2021-06-06,5,0,F,T,F,F,?,F,F,F,F,F,F,?,157
Goldammer,303,2019,2019-03-18,5,0,F,F,T,F,?,F,F,F,F,F,F,?,77
Goldammer,303,2019,2019-04-12,1,0,F,F,F,F,?,F,F,F,F,F,F,?,102
Goldammer,303,2019,2019-05-06,0,0,NA,NA,NA,NA,NA,NA,NA,NA,NA,NA,NA,NA,126
Goldammer,303,2019,2019-06-02,1,0,F,F,T,F,?,F,F,F,F,F,F,?,153
Goldammer,303,2020,2020-03-28,0,0,NA,NA,NA,NA,NA,NA,NA,NA,NA,NA,NA,NA,88
Goldammer,303,2020,2020-04-18,0,0,NA,NA,NA,NA,NA,NA,NA,NA,NA,NA,NA,NA,109
Goldammer,303,2020,2020-05-09,0,0,NA,NA,NA,NA,NA,NA,NA,NA,NA,NA,NA,NA,130
Goldammer,303,2020,2020-06-08,4,0,F,T,T,F,?,F,F,F,F,F,F,?,160
Goldammer,303,2021,2021-03-29,1,0,F,F,F,F,?,F,F,F,F,F,F,?,88
Goldammer,303,2021,2021-04-19,1,0,F,F,T,F,?,F,F,F,F,F,F,?,109
Goldammer,303,2021,2021-05-10,1,0,F,F,T,F,?,F,F,F,F,F,F,?,130
Goldammer,303,2021,2021-06-04,4,0,F,T,T,F,?,F,F,F,F,F,F,?,155
Goldammer,303,2022,2022-03-26,2,0,F,F,T,F,F,F,F,F,F,F,F,?,85
Goldammer,303,2022,2022-04-17,2,0,F,F,T,F,F,F,F,F,F,F,F,?,107
Goldammer,303,2022,2022-05-12,3,0,F,T,T,F,F,F,F,F,F,F,F,?,132
Goldammer,303,2022,2022-06-03,2,0,F,F,T,F,F,F,F,F,F,F,F,?,154
Goldammer,303,2023,2023-03-23,2,0,F,F,T,F,F,F,F,F,F,F,F,?,82
Goldammer,303,2023,2023-04-15,3,0,F,F,T,F,F,F,F,F,F,F,F,?,105
Goldammer,303,2023,2023-05-11,1,0,F,T,F,F,F,F,F,F,F,F,F,?,131
Goldammer,303,2023,2023-06-04,2,0,F,F,F,F,F,F,F,F,T,F,F,?,155
Goldammer,305,2019,2019-03-17,3,0,F,F,T,F,?,T,F,F,F,F,F,?,76
Goldammer,305,2019,2019-04-22,8,0,F,T,T,F,?,F,F,F,F,F,F,?,112
Goldammer,305,2019,2019-05-09,4,0,F,T,F,F,?,F,F,F,F,F,F,?,129
Goldammer,305,2019,2019-06-11,4,0,F,T,T,F,?,F,F,F,F,F,F,?,162
Goldammer,305,2020,2020-03-24,5,0,F,T,T,F,?,F,F,F,F,F,F,?,84
Goldammer,305,2020,2020-04-15,2,0,F,F,T,F,?,T,F,F,F,F,F,?,106
Goldammer,305,2020,2020-05-13,3,0,F,T,T,F,?,F,F,F,F,F,F,?,134
Goldammer,305,2020,2020-06-11,4,0,F,T,T,F,?,F,F,F,F,F,F,?,163
Goldammer,305,2021,2021-03-23,9,0,F,T,T,F,?,F,F,F,F,F,F,?,82
Goldammer,305,2021,2021-04-20,2,0,F,F,T,F,?,F,F,F,F,F,F,?,110
Goldammer,305,2021,2021-05-11,4,0,F,T,T,F,?,F,F,F,F,F,F,?,131
Goldammer,305,2021,2021-06-10,7,0,F,T,T,F,?,T,F,F,F,F,F,?,161
Goldammer,305,2022,2022-03-23,3,0,F,T,F,F,F,T,F,F,F,F,F,?,82
Goldammer,305,2022,2022-04-20,5,0,F,F,T,F,F,F,F,F,F,F,F,?,110
Goldammer,305,2022,2022-05-20,5,0,F,T,F,F,F,F,F,F,F,F,F,?,140
Goldammer,305,2022,2022-06-15,4,0,F,T,T,F,F,F,F,F,F,F,F,?,166
Goldammer,305,2023,2023-03-22,5,0,F,T,T,F,?,F,F,F,F,F,F,?,81
Goldammer,305,2023,2023-04-20,7,0,T,T,T,F,?,F,F,F,F,F,F,?,110
Goldammer,305,2023,2023-05-09,5,0,F,T,T,F,?,F,F,F,F,F,F,?,129
Goldammer,305,2023,2023-06-16,5,0,F,T,T,F,?,F,F,F,F,F,F,?,167
Goldammer,307,2020,2020-03-28,13,0,F,T,F,F,?,F,F,F,F,F,F,?,88
Goldammer,307,2020,2020-04-10,23,0,F,T,T,F,?,T,F,F,T,F,F,?,101
Goldammer,307,2021,2021-04-03,7,0,?,T,?,?,?,T,?,?,?,?,?,?,93
Goldammer,307,2021,2021-04-11,7,0,?,T,?,?,?,T,?,?,?,?,?,?,101
Goldammer,307,2021,2021-05-15,5,0,?,T,?,?,?,?,?,?,?,?,?,?,135
Goldammer,307,2021,2021-06-13,7,0,?,T,?,?,?,?,?,?,?,?,?,?,164
Goldammer,308,2019,2019-03-21,8,0,F,T,T,F,?,T,F,F,F,F,F,?,80
Goldammer,308,2019,2019-04-18,9,0,F,T,T,F,?,F,F,F,F,F,F,?,108
Goldammer,308,2019,2019-05-16,6,0,F,T,F,F,?,F,T,F,F,F,F,?,136
Goldammer,308,2019,2019-06-14,3,0,F,T,F,F,?,F,F,F,F,F,F,?,165
Goldammer,308,2020,2020-03-28,3,0,F,T,F,F,?,T,F,F,F,F,F,?,88
Goldammer,308,2020,2020-04-18,5,0,F,T,F,F,?,F,F,F,F,F,F,?,109
Goldammer,308,2020,2020-05-19,5,0,F,T,F,F,?,F,F,F,F,F,F,?,140
Goldammer,308,2020,2020-06-20,5,0,F,T,F,F,?,F,T,F,F,F,F,?,172
Goldammer,308,2021,2021-03-24,2,0,?,T,F,F,?,F,F,?,F,F,F,?,83
Goldammer,308,2021,2021-04-17,3,0,?,T,T,F,?,F,F,?,F,F,F,?,107
Goldammer,308,2021,2021-05-14,3,0,?,T,T,F,?,T,F,?,F,F,F,?,134
Goldammer,308,2021,2021-06-15,4,0,?,T,F,F,?,T,F,?,T,F,F,?,166
Goldammer,308,2022,2022-03-21,4,0,F,T,T,F,?,T,F,F,F,F,F,?,80
Goldammer,308,2022,2022-04-21,3,0,F,T,T,F,?,F,F,F,F,F,F,?,111
Goldammer,308,2022,2022-05-11,3,0,F,T,T,F,?,F,F,F,F,F,F,?,131
Goldammer,308,2022,2022-06-06,3,0,F,T,F,F,?,T,F,F,T,F,F,?,157
Goldammer,308,2023,2023-03-24,1,0,F,F,T,F,F,F,F,F,F,F,F,?,83
Goldammer,308,2023,2023-04-18,1,0,F,T,F,F,F,F,F,F,F,F,F,?,108
Goldammer,308,2023,2023-05-12,2,0,F,T,F,F,F,F,F,F,F,F,F,?,132
Goldammer,308,2023,2023-06-12,4,0,F,T,T,F,F,F,F,F,F,F,F,?,163
Goldammer,309,2018,2018-03-25,2,0,?,T,F,F,?,F,F,F,F,F,F,?,84
Goldammer,309,2018,2018-04-07,4,0,?,T,T,F,?,F,F,F,F,F,F,?,97
Goldammer,309,2018,2018-05-11,4,0,?,T,F,F,?,F,F,F,F,F,F,?,131
Goldammer,309,2018,2018-06-03,2,0,?,T,F,F,?,F,F,F,F,F,F,?,154
Goldammer,309,2020,2020-03-20,4,0,F,T,F,F,?,F,F,F,F,F,F,?,80
Goldammer,309,2020,2020-04-09,2,0,F,T,T,F,?,F,F,F,F,F,F,?,100
Goldammer,309,2020,2020-05-07,3,0,F,T,T,F,?,F,F,F,F,F,F,?,128
Goldammer,309,2020,2020-06-03,3,0,F,T,T,F,?,F,F,F,F,F,F,?,155
Goldammer,309,2021,2021-03-28,3,0,F,F,T,F,?,F,F,F,F,F,F,?,87
Goldammer,309,2021,2021-04-27,4,0,F,T,T,F,?,F,F,F,F,F,F,?,117
Goldammer,309,2021,2021-05-09,2,0,F,T,T,F,?,F,F,F,F,F,F,?,129
Goldammer,309,2021,2021-06-02,5,0,F,T,T,F,?,F,F,F,F,F,F,?,153
Goldammer,310,2020,2020-03-28,5,0,F,T,T,F,?,F,F,F,F,F,F,?,88
Goldammer,310,2020,2020-04-27,6,0,F,T,F,F,?,F,F,F,F,F,F,?,118
Goldammer,310,2020,2020-05-19,4,0,F,T,T,F,?,F,F,F,F,F,F,?,140
Goldammer,310,2020,2020-06-20,6,0,F,T,T,F,?,F,F,F,F,F,F,?,172
Goldammer,310,2021,2021-03-28,2,0,F,T,F,F,?,F,F,F,F,F,F,?,87
Goldammer,310,2021,2021-04-24,1,0,F,T,F,F,?,F,F,F,F,F,F,?,114
Goldammer,310,2021,2021-05-15,4,0,F,F,T,F,?,F,F,F,F,F,F,?,135
Goldammer,310,2021,2021-06-12,3,0,F,T,F,F,?,F,F,F,F,F,F,?,163
Goldammer,311,2019,2019-03-20,5,0,F,T,T,F,?,F,F,F,F,F,F,?,79
Goldammer,311,2019,2019-04-13,4,0,F,F,T,F,?,F,T,F,F,F,F,?,103
Goldammer,311,2019,2019-05-13,3,0,F,F,T,F,?,T,F,F,F,F,F,?,133
Goldammer,311,2019,2019-06-06,3,0,F,T,T,F,?,T,F,F,F,F,F,?,157
Goldammer,311,2020,2020-03-19,3,0,F,T,T,F,?,F,F,F,F,F,F,?,79
Goldammer,311,2020,2020-04-16,4,0,F,F,T,F,?,F,T,F,F,F,F,?,107
Goldammer,311,2020,2020-05-16,4,0,F,T,T,F,?,F,F,F,F,F,F,?,137
Goldammer,311,2020,2020-06-08,4,0,F,T,F,F,?,F,T,F,T,F,F,?,160
Goldammer,311,2021,2021-03-26,3,0,?,F,T,F,?,T,T,?,F,F,F,?,85
Goldammer,311,2021,2021-04-15,4,0,?,T,F,F,?,F,F,?,F,F,F,?,105
Goldammer,311,2021,2021-05-13,2,0,?,T,F,F,?,F,F,?,F,F,F,?,133
Goldammer,311,2021,2021-06-05,1,0,?,F,F,F,?,F,F,?,F,F,F,?,156
Goldammer,311,2021,2011-05-13,0,0,NA,NA,NA,NA,NA,NA,NA,NA,NA,NA,NA,NA,133
Goldammer,311,2022,2022-03-24,4,0,F,T,F,F,?,F,F,F,F,F,F,?,83
Goldammer,311,2022,2022-04-20,3,0,F,T,T,F,?,F,F,F,F,F,F,?,110
Goldammer,311,2022,2022-05-04,3,0,F,T,F,F,?,F,T,F,F,F,F,?,124
Goldammer,311,2022,2022-06-02,3,0,F,T,F,F,?,F,F,F,F,F,F,?,153
Goldammer,311,2023,2023-03-24,3,0,F,T,T,F,F,F,F,F,F,F,F,?,83
Goldammer,311,2023,2023-04-20,4,0,F,T,T,F,F,T,F,F,F,F,F,?,110
Goldammer,311,2023,2023-05-13,2,0,F,T,F,F,F,F,F,F,F,F,F,?,133
Goldammer,311,2023,2023-06-05,4,0,F,T,T,F,F,F,F,F,F,F,F,?,156
Goldammer,313,2018,2018-03-30,0,0,NA,NA,NA,NA,NA,NA,NA,NA,NA,NA,NA,NA,89
Goldammer,313,2018,2018-04-27,3,0,F,T,F,F,?,F,F,F,F,F,F,?,117
Goldammer,313,2018,2018-05-19,1,0,F,T,F,F,?,F,F,F,F,F,F,?,139
Goldammer,313,2018,2018-06-19,0,0,NA,NA,NA,NA,NA,NA,NA,NA,NA,NA,NA,NA,170
Goldammer,315,2019,2019-03-22,12,0,F,T,T,F,?,T,F,F,F,F,F,?,81
Goldammer,315,2019,2019-04-18,7,0,F,T,T,F,?,T,F,F,F,F,F,?,108
Goldammer,315,2019,2019-05-14,6,0,F,F,T,F,?,T,T,F,F,F,F,?,134
Goldammer,315,2019,2019-06-14,7,0,F,T,F,F,?,T,F,F,F,F,F,?,165
Goldammer,315,2020,2020-03-25,3,0,F,T,F,F,?,F,F,F,F,F,F,?,85
Goldammer,315,2020,2020-03-28,18,0,T,T,F,F,?,F,F,F,F,F,F,?,88
Goldammer,315,2020,2020-04-18,5,0,F,F,F,F,?,F,F,F,F,F,F,?,109
Goldammer,315,2020,2020-04-25,5,0,T,T,F,F,?,F,T,F,F,F,F,?,116
Goldammer,315,2020,2020-05-17,13,0,T,T,T,F,?,F,F,F,F,F,F,?,138
Goldammer,315,2020,2020-06-12,6,0,F,T,T,F,?,F,F,F,F,F,F,?,164
Goldammer,315,2020,2020-06-20,9,0,T,T,F,F,?,F,T,F,F,F,F,?,172
Goldammer,315,2021,2021-03-28,28,0,F,T,T,F,?,T,T,?,F,F,F,?,87
Goldammer,315,2021,2021-04-16,9,0,?,T,T,F,?,T,F,?,F,F,F,?,106
Goldammer,315,2021,2021-04-25,6,0,F,T,?,?,?,T,F,?,?,?,?,?,115
Goldammer,315,2021,2021-05-14,5,0,?,T,F,F,?,F,F,?,F,F,F,?,134
Goldammer,315,2021,2021-05-16,10,0,F,T,?,?,?,?,F,?,?,?,?,?,136
Goldammer,315,2021,2021-06-12,6,0,?,T,T,F,?,F,F,?,F,F,F,?,163
Goldammer,315,2021,2021-06-13,7,0,F,T,?,?,?,?,F,?,?,?,?,?,164
Goldammer,315,2022,2022-03-25,5,0,F,T,T,F,?,T,F,F,F,F,F,?,84
Goldammer,315,2022,2022-04-19,8,0,F,T,T,F,?,T,F,F,F,F,F,?,109
Goldammer,315,2022,2022-05-11,5,0,F,T,T,F,?,F,F,F,F,F,F,?,131
Goldammer,315,2022,2022-06-15,8,0,F,T,F,F,?,F,F,F,F,F,F,?,166
Goldammer,315,2023,2023-03-23,11,0,F,T,T,F,F,F,T,F,F,F,F,?,82
Goldammer,315,2023,2023-04-21,6,0,F,T,T,F,F,F,F,F,F,F,F,?,111
Goldammer,315,2023,2023-05-19,10,0,F,T,T,F,F,F,F,F,F,F,F,?,139
Goldammer,315,2023,2023-05-30,7,0,F,T,F,F,F,F,F,F,F,F,F,?,150
Goldammer,316,2019,2019-03-26,4,0,F,T,T,F,?,T,F,F,F,F,F,?,85
Goldammer,316,2019,2019-04-24,5,0,F,T,T,F,?,F,F,F,F,F,F,?,114
Goldammer,316,2019,2019-05-17,3,0,F,T,T,F,?,F,F,F,F,F,F,?,137
Goldammer,316,2019,2019-06-14,2,0,F,T,F,F,?,F,F,F,F,F,F,?,165
Goldammer,316,2020,2020-03-28,4,0,F,T,T,F,?,T,F,F,F,F,F,?,88
Goldammer,316,2020,2020-04-24,4,0,F,T,F,F,?,F,F,F,F,F,F,?,115
Goldammer,316,2020,2020-05-20,3,0,F,T,F,F,?,F,F,F,F,F,F,?,141
Goldammer,316,2020,2020-06-18,2,0,F,T,F,F,?,F,F,F,F,F,F,?,170
Goldammer,316,2021,2021-03-29,3,0,?,T,F,F,?,F,F,?,F,T,F,?,88
Goldammer,316,2021,2021-04-21,2,0,?,F,F,F,?,T,F,?,F,F,F,?,111
Goldammer,316,2021,2021-05-08,2,0,?,F,T,F,?,F,F,?,F,F,F,?,128
Goldammer,316,2021,2021-06-10,4,0,?,T,T,F,?,F,F,?,F,F,F,?,161
Goldammer,316,2022,2022-03-23,5,0,F,T,T,F,?,F,F,F,F,F,F,?,82
Goldammer,316,2022,2022-04-23,3,0,F,T,T,F,?,F,F,F,F,F,F,?,113
Goldammer,316,2022,2022-05-19,2,0,F,T,F,F,?,F,F,F,F,F,F,?,139
Goldammer,316,2022,2022-06-15,3,0,F,T,F,F,?,F,F,F,F,F,F,?,166
Goldammer,316,2023,2023-03-24,1,0,F,T,F,F,F,F,F,F,F,F,F,?,83
Goldammer,316,2023,2023-04-29,1,0,F,T,F,F,F,F,F,F,F,F,F,?,119
Goldammer,316,2023,2023-05-17,2,0,F,T,F,F,F,F,F,F,F,F,F,?,137
Goldammer,316,2023,2023-06-16,2,0,F,T,F,F,F,F,F,F,F,F,F,?,167
Goldammer,317,2019,2019-03-22,6,0,F,T,F,F,?,T,T,F,F,F,F,?,81
Goldammer,317,2019,2019-04-19,10,0,F,T,F,F,?,T,F,F,F,F,F,?,109
Goldammer,317,2019,2019-05-01,7,0,F,T,T,F,?,T,F,F,F,F,F,?,121
Goldammer,317,2019,2019-05-31,6,0,F,T,F,F,?,F,F,F,F,F,F,?,151
Goldammer,317,2020,2020-03-26,6,0,F,T,T,F,?,T,F,F,F,F,F,?,86
Goldammer,317,2020,2020-04-17,10,0,F,T,T,F,?,F,T,F,F,F,F,?,108
Goldammer,317,2020,2020-05-04,7,0,F,T,T,F,?,F,F,F,F,F,F,?,125
Goldammer,317,2020,2020-06-01,10,0,F,T,T,F,?,T,T,T,F,F,F,?,153
Goldammer,317,2021,2021-03-26,9,0,?,T,T,F,?,T,F,?,F,F,F,?,85
Goldammer,317,2021,2021-04-10,8,0,?,T,T,F,?,F,F,?,F,F,F,?,100
Goldammer,317,2021,2021-05-01,6,0,?,T,T,F,?,F,F,?,F,F,F,?,121
Goldammer,317,2021,2021-06-11,7,0,?,T,F,F,?,T,F,?,F,F,F,?,162
Goldammer,317,2022,2022-03-23,5,0,F,F,T,F,?,T,F,F,F,F,F,?,82
Goldammer,317,2022,2022-04-20,7,0,F,T,T,F,?,T,F,F,F,F,F,?,110
Goldammer,317,2022,2022-05-03,7,0,F,T,T,F,?,F,F,F,F,F,F,?,123
Goldammer,317,2022,2022-06-03,6,0,F,T,F,F,?,F,F,F,F,F,F,?,154
Goldammer,317,2023,2023-03-23,6,0,F,T,T,F,F,T,F,F,F,F,F,?,82
Goldammer,317,2023,2023-04-25,4,0,F,T,T,F,F,F,F,F,F,F,F,?,115
Goldammer,317,2023,2023-05-14,6,0,F,T,T,F,F,F,F,F,F,F,F,?,134
Goldammer,317,2023,2023-05-30,4,0,F,T,F,F,F,F,F,F,F,F,F,?,150
Goldammer,318,2021,2021-03-24,8,0,F,T,?,?,?,?,F,?,?,?,?,?,83
Goldammer,318,2021,2021-04-18,5,0,F,T,?,?,?,?,F,?,?,?,?,?,108
Goldammer,318,2021,2021-05-09,3,0,F,T,?,?,?,?,F,?,?,?,?,?,129
Goldammer,318,2021,2021-06-04,5,0,F,T,?,?,?,?,F,?,?,?,?,?,155
Goldammer,319,2019,2019-03-30,8,0,F,T,F,F,?,T,F,F,F,F,F,?,89
Goldammer,319,2019,2019-04-11,9,0,F,T,T,F,?,T,T,F,F,F,F,?,101
Goldammer,319,2019,2019-05-02,5,0,F,T,T,F,?,F,F,F,F,F,F,?,122
Goldammer,319,2019,2019-05-31,6,0,F,T,F,F,?,F,T,F,F,F,F,?,151
Goldammer,319,2020,2020-03-27,4,0,F,T,F,F,?,F,T,F,F,F,F,?,87
Goldammer,319,2020,2020-04-10,6,0,F,F,F,F,?,T,F,F,F,F,F,?,101
Goldammer,319,2020,2020-05-07,9,0,F,T,T,F,?,T,F,F,F,F,F,?,128
Goldammer,319,2020,2020-06-03,9,0,F,T,T,F,?,F,F,F,F,F,F,?,155
Goldammer,319,2020,2020-06-08,0,0,NA,NA,NA,NA,NA,NA,NA,NA,NA,NA,NA,NA,160
Goldammer,319,2020,2020-05-17,0,0,NA,NA,NA,NA,NA,NA,NA,NA,NA,NA,NA,NA,138
Goldammer,319,2021,2021-03-25,5,0,?,T,F,F,?,T,F,?,F,F,F,?,84
Goldammer,319,2021,2021-04-14,5,0,?,T,T,F,?,F,F,?,F,F,F,?,104
Goldammer,319,2021,2021-05-03,8,0,?,T,T,F,?,F,F,?,F,F,F,?,123
Goldammer,319,2021,2021-06-09,5,0,?,T,T,F,?,F,F,?,F,F,F,?,160
Goldammer,319,2022,2022-03-21,8,0,F,T,T,F,?,T,T,F,F,F,F,?,80
Goldammer,319,2022,2022-04-14,5,0,F,T,F,F,?,T,F,F,F,F,F,?,104
Goldammer,319,2022,2022-05-03,3,0,F,T,T,F,?,F,F,F,F,F,F,?,123
Goldammer,319,2022,2022-06-01,6,0,F,T,F,F,?,F,F,F,F,F,F,?,152
Goldammer,319,2023,2023-03-17,6,0,F,T,T,F,F,T,F,F,F,F,F,?,76
Goldammer,319,2023,2023-04-14,5,0,F,T,T,F,F,T,F,F,F,F,F,?,104
Goldammer,319,2023,2023-05-03,4,0,F,T,T,F,F,F,T,F,F,F,F,?,123
Goldammer,319,2023,2023-06-02,3,0,F,T,F,F,F,F,F,F,F,F,F,?,153
Goldammer,320,2019,2019-03-21,1,0,F,F,F,F,?,F,F,F,F,F,F,?,80
Goldammer,320,2019,2019-04-16,2,0,F,F,F,F,?,F,F,F,F,F,F,?,106
Goldammer,320,2019,2019-05-10,0,0,NA,NA,NA,NA,NA,NA,NA,NA,NA,NA,NA,NA,130
Goldammer,320,2019,2019-06-13,1,0,F,F,F,F,?,F,T,F,F,F,F,?,164
Goldammer,320,2020,2020-03-24,0,0,NA,NA,NA,NA,NA,NA,NA,NA,NA,NA,NA,NA,84
Goldammer,320,2020,2020-04-17,1,0,?,F,T,F,?,F,F,?,F,F,F,?,108
Goldammer,320,2020,2020-05-08,1,0,F,F,F,F,?,F,T,F,F,F,F,?,129
Goldammer,320,2020,2020-06-19,1,0,?,T,F,F,?,F,F,?,F,F,F,?,171
Goldammer,320,2022,2022-03-22,0,0,NA,NA,NA,NA,NA,NA,NA,NA,NA,NA,NA,NA,81
Goldammer,320,2022,2022-03-23,0,0,NA,NA,NA,NA,NA,NA,NA,NA,NA,NA,NA,NA,82
Goldammer,320,2022,2022-04-18,0,0,NA,NA,NA,NA,NA,NA,NA,NA,NA,NA,NA,NA,108
Goldammer,320,2022,2022-05-12,1,0,F,F,F,F,?,T,F,F,F,F,F,?,132
Goldammer,320,2022,2022-06-16,0,0,NA,NA,NA,NA,NA,NA,NA,NA,NA,NA,NA,NA,167
Goldammer,321,2021,2021-03-29,6,0,F,T,F,F,F,F,F,F,F,F,F,?,88
Goldammer,321,2021,2021-04-23,4,0,F,T,F,F,F,F,F,F,F,F,F,?,113
Goldammer,321,2021,2021-05-24,3,0,F,T,F,F,F,F,F,F,T,F,F,?,144
Goldammer,321,2021,2021-06-17,4,0,F,T,F,F,F,F,F,F,F,F,F,?,168
Goldammer,322,2019,2019-03-30,7,0,F,T,T,F,T,F,F,F,F,F,F,?,89
Goldammer,322,2019,2019-04-25,4,0,F,T,T,F,?,F,F,F,F,F,F,?,115
Goldammer,322,2019,2019-05-17,3,0,F,T,T,F,?,F,F,F,F,F,F,?,137
Goldammer,322,2019,2019-06-19,8,0,F,T,F,F,?,T,F,F,F,F,F,?,170
Goldammer,322,2020,2020-03-19,0,0,NA,NA,NA,NA,NA,NA,NA,NA,NA,NA,NA,NA,79
Goldammer,322,2020,2020-04-23,7,0,F,T,T,F,?,F,F,F,F,F,F,?,114
Goldammer,322,2020,2020-05-18,6,0,F,T,F,F,?,F,F,F,F,F,F,?,139
Goldammer,322,2020,2020-06-13,8,0,F,T,T,F,?,F,F,F,F,F,F,?,165
Goldammer,322,2021,2021-03-31,5,0,?,T,T,F,?,F,F,?,F,F,F,?,90
Goldammer,322,2021,2021-04-22,2,0,?,T,F,F,?,F,T,?,F,F,F,?,112
Goldammer,322,2021,2021-05-14,7,0,?,T,T,F,?,F,F,?,F,F,F,?,134
Goldammer,322,2021,2021-06-14,5,0,?,T,T,F,?,F,F,?,F,F,F,?,165
Goldammer,322,2022,2022-03-17,3,0,F,T,T,F,?,F,F,F,F,F,F,?,76
Goldammer,322,2022,2022-04-12,4,0,F,T,T,F,?,F,F,F,F,F,F,?,102
Goldammer,322,2022,2022-05-12,5,0,F,T,T,F,?,F,F,F,F,F,F,?,132
Goldammer,322,2022,2022-06-03,4,0,F,T,T,F,?,F,F,F,F,F,F,?,154
Goldammer,322,2023,2023-03-21,10,0,F,T,T,F,F,F,T,F,F,F,F,?,80
Goldammer,322,2023,2023-04-21,7,0,F,T,T,F,F,F,F,F,F,F,F,?,111
Goldammer,322,2023,2023-05-12,3,0,F,T,T,F,F,F,F,F,F,F,F,?,132
Goldammer,322,2023,2023-06-09,9,0,F,T,T,F,F,F,F,F,F,F,F,?,160
Goldammer,325,2020,2020-03-29,0,0,NA,NA,NA,NA,NA,NA,NA,NA,NA,NA,NA,NA,89
Goldammer,325,2020,2020-04-26,0,0,NA,NA,NA,NA,NA,NA,NA,NA,NA,NA,NA,NA,117
Goldammer,325,2020,2020-05-18,1,0,F,T,F,F,?,F,F,F,F,F,F,?,139
Goldammer,325,2020,2020-06-20,0,0,NA,NA,NA,NA,NA,NA,NA,NA,NA,NA,NA,NA,172
Goldammer,329,2018,2018-03-30,1,0,F,T,F,F,?,F,F,F,F,F,F,?,89
Goldammer,329,2018,2018-04-27,1,0,F,T,F,F,?,F,F,F,F,F,F,?,117
Goldammer,329,2018,2018-05-20,1,0,F,T,F,F,?,F,F,F,F,F,F,?,140
Goldammer,329,2018,2018-06-17,1,0,F,T,F,F,?,F,F,F,F,F,F,?,168
Goldammer,330,2021,2021-03-10,5,0,F,T,F,F,?,F,?,F,F,F,F,?,69
Goldammer,330,2021,2021-04-03,1,0,F,T,F,F,?,F,?,F,F,F,F,?,93
Goldammer,330,2021,2021-05-08,3,0,F,T,F,F,?,F,?,F,F,F,F,?,128
Goldammer,330,2021,2021-05-30,6,0,F,T,F,F,?,F,?,F,F,F,F,?,150
Goldammer,330,2021,2021-03-26,0,0,NA,NA,NA,NA,NA,NA,NA,NA,NA,NA,NA,NA,85
Goldammer,335,2018,2018-03-30,0,0,NA,NA,NA,NA,NA,NA,NA,NA,NA,NA,NA,NA,89
Goldammer,335,2018,2018-04-15,3,0,?,T,F,F,?,F,F,F,F,F,F,?,105
Goldammer,335,2018,2018-05-18,2,0,?,T,F,F,?,F,F,F,F,F,F,?,138
Goldammer,335,2018,2018-06-06,0,0,NA,NA,NA,NA,NA,NA,NA,NA,NA,NA,NA,NA,157
Goldammer,335,2020,2020-03-16,1,0,F,T,F,F,?,F,F,F,F,F,F,?,76
Goldammer,335,2020,2020-04-01,2,0,F,T,F,F,?,F,F,F,F,F,F,?,92
Goldammer,335,2020,2020-05-03,2,0,F,T,F,F,?,T,F,F,F,F,F,?,124
Goldammer,335,2020,2020-05-22,0,0,NA,NA,NA,NA,NA,NA,NA,NA,NA,NA,NA,NA,143
Goldammer,335,2021,2021-03-24,1,0,F,T,F,F,?,F,?,F,F,F,F,?,83
Goldammer,335,2021,2021-04-09,2,0,F,T,F,F,?,F,?,F,F,F,F,?,99
Goldammer,335,2021,2021-05-09,3,0,F,T,F,F,?,F,?,F,F,F,F,?,129
Goldammer,335,2021,2021-06-12,4,0,F,T,F,F,?,F,?,F,F,F,F,?,163
Goldammer,336,2019,2019-03-19,8,0,F,T,T,F,?,T,F,F,F,F,F,?,78
Goldammer,336,2019,2019-04-13,12,0,?,F,T,?,?,F,?,?,?,?,?,?,103
Goldammer,336,2019,2019-05-10,6,0,F,T,T,F,?,F,F,F,F,F,F,?,130
Goldammer,336,2019,2019-05-26,18,0,?,T,F,?,?,T,?,?,?,?,F,?,146
Goldammer,336,2020,2020-03-15,7,0,F,T,?,?,?,T,?,?,?,?,?,?,75
Goldammer,336,2020,2020-04-10,9,0,?,T,T,?,?,T,?,?,?,?,?,?,101
Goldammer,336,2020,2020-05-08,4,0,F,T,T,F,?,F,F,F,F,F,F,?,129
Goldammer,336,2020,2020-06-12,8,0,F,T,T,F,?,F,F,F,F,F,F,?,164
Goldammer,336,2021,2021-03-26,11,0,?,T,T,?,?,T,T,?,?,?,?,?,85
Goldammer,336,2021,2021-04-22,5,0,F,T,T,F,?,F,T,F,F,F,F,?,112
Goldammer,336,2021,2021-05-13,10,0,?,T,T,?,?,T,T,?,?,?,?,?,133
Goldammer,336,2021,2021-06-01,11,0,F,T,T,F,?,F,F,F,F,F,F,?,152
Goldammer,336,2022,2022-03-25,7,0,F,T,T,F,F,F,F,F,F,F,F,?,84
Goldammer,336,2022,2022-04-26,2,0,F,T,T,F,F,F,F,F,F,F,F,?,116
Goldammer,336,2022,2022-05-16,3,0,F,T,F,F,F,F,F,F,F,F,F,?,136
Goldammer,336,2022,2022-05-30,4,0,F,T,T,F,F,F,F,F,F,F,F,?,150
Goldammer,336,2023,2023-03-28,2,0,F,F,T,F,?,T,F,F,F,F,F,?,87
Goldammer,336,2023,2023-04-17,0,0,NA,NA,NA,NA,NA,NA,NA,NA,NA,NA,NA,NA,107
Goldammer,336,2023,2023-05-08,2,0,F,T,F,F,?,F,F,F,F,F,F,?,128
Goldammer,336,2023,2023-06-07,2,0,F,T,F,F,?,F,F,F,F,F,F,?,158
Goldammer,336,2023,2023-04-05,0,0,NA,NA,NA,NA,NA,NA,NA,NA,NA,NA,NA,NA,95
Goldammer,337,2021,2021-03-24,7,0,F,T,F,F,?,F,?,F,F,F,F,?,83
Goldammer,337,2021,2021-04-17,1,0,F,T,F,F,?,F,?,F,F,F,F,?,107
Goldammer,337,2021,2021-05-14,3,0,F,T,F,F,?,F,?,F,F,F,F,?,134
Goldammer,337,2021,2021-06-06,6,0,F,T,F,F,?,F,?,F,F,F,F,?,157
Goldammer,339,2020,2020-03-31,0,0,NA,NA,NA,NA,NA,NA,NA,NA,NA,NA,NA,NA,91
Goldammer,339,2020,2020-04-30,1,0,F,T,F,F,?,F,F,F,F,F,F,?,121
Goldammer,339,2020,2020-05-18,0,0,NA,NA,NA,NA,NA,NA,NA,NA,NA,NA,NA,NA,139
Goldammer,339,2020,2020-06-20,0,0,NA,NA,NA,NA,NA,NA,NA,NA,NA,NA,NA,NA,172
Goldammer,340,2019,2019-03-16,6,0,F,T,F,F,?,T,T,F,F,F,F,?,75
Goldammer,340,2019,2019-04-12,4,0,F,T,F,F,?,F,F,F,F,F,F,?,102
Goldammer,340,2019,2019-05-22,11,0,F,T,T,F,?,F,F,F,F,F,F,?,142
Goldammer,340,2019,2019-06-19,4,0,F,T,T,F,?,F,F,F,F,F,F,?,170
Goldammer,340,2020,2020-03-30,5,0,F,T,T,F,?,F,F,F,F,F,F,?,90
Goldammer,340,2020,2020-04-21,8,0,F,T,F,F,?,T,F,F,F,F,F,?,112
Goldammer,340,2020,2020-05-09,7,0,F,T,F,F,?,T,F,F,T,F,F,?,130
Goldammer,340,2020,2020-05-16,6,0,F,T,T,F,?,F,F,F,F,F,F,?,137
Goldammer,340,2021,2021-03-27,7,0,F,F,T,F,?,F,F,F,F,F,F,?,86
Goldammer,340,2021,2021-04-30,13,0,F,T,T,F,T,T,F,F,F,F,F,?,120
Goldammer,340,2021,2021-05-22,7,0,F,T,T,F,?,F,F,F,F,F,F,?,142
Goldammer,340,2021,2021-06-19,10,0,F,T,T,F,?,F,F,F,F,F,F,?,170
Goldammer,340,2022,2022-03-23,7,0,F,T,F,F,F,F,F,F,F,F,F,?,82
Goldammer,340,2022,2022-04-11,7,0,F,T,F,F,F,T,F,F,F,F,F,?,101
Goldammer,340,2022,2022-05-03,7,0,F,T,F,F,T,F,F,F,F,F,F,?,123
Goldammer,340,2022,2022-06-22,3,0,F,T,F,F,F,F,F,F,F,F,F,?,173
Goldammer,340,2023,2023-03-24,6,0,F,T,F,F,F,F,F,F,F,F,F,?,83
Goldammer,340,2023,2023-04-27,5,0,F,F,F,F,F,F,F,F,F,F,F,?,117
Goldammer,340,2023,2023-05-21,3,0,F,T,F,F,F,F,F,F,F,F,F,?,141
Goldammer,340,2023,2023-06-08,3,0,F,T,F,F,F,F,F,F,F,F,F,?,159
Goldammer,341,2018,2018-03-26,0,0,NA,NA,NA,NA,NA,NA,NA,NA,NA,NA,NA,NA,85
Goldammer,341,2018,2018-04-14,0,0,NA,NA,NA,NA,NA,NA,NA,NA,NA,NA,NA,NA,104
Goldammer,341,2018,2018-05-05,0,0,NA,NA,NA,NA,NA,NA,NA,NA,NA,NA,NA,NA,125
Goldammer,341,2018,2018-06-02,3,0,F,T,F,F,?,F,F,F,F,F,F,?,153
Goldammer,342,2018,2018-03-24,0,0,NA,NA,NA,NA,NA,NA,NA,NA,NA,NA,NA,NA,83
Goldammer,342,2018,2018-04-11,1,0,F,T,F,F,?,F,F,F,F,F,F,?,101
Goldammer,342,2018,2018-05-02,0,0,NA,NA,NA,NA,NA,NA,NA,NA,NA,NA,NA,NA,122
Goldammer,342,2018,2018-06-05,2,0,F,T,F,F,?,F,F,F,F,F,F,?,156
Goldammer,343,2019,2019-04-25,1,0,F,F,T,F,?,F,F,F,F,F,F,?,115
Goldammer,343,2019,2019-05-19,1,0,F,T,F,F,?,F,F,F,F,F,F,?,139
Goldammer,343,2019,2019-06-18,0,0,NA,NA,NA,NA,NA,NA,NA,NA,NA,NA,NA,NA,169
Goldammer,343,2019,2019-03-21,0,0,NA,NA,NA,NA,NA,NA,NA,NA,NA,NA,NA,NA,80
Goldammer,343,2020,2020-03-28,1,0,F,F,T,F,?,F,F,F,F,F,F,?,88
Goldammer,343,2020,2020-04-24,1,0,F,T,F,F,?,F,F,F,F,F,F,?,115
Goldammer,343,2020,2020-05-19,1,0,F,T,F,F,?,F,F,F,F,F,F,?,140
Goldammer,343,2020,2020-06-12,1,0,F,F,T,F,?,F,F,F,F,F,F,?,164
Goldammer,343,2021,2021-03-29,1,0,F,T,F,F,?,F,F,F,F,F,F,?,88
Goldammer,343,2021,2021-04-23,1,0,F,T,F,F,?,F,F,F,F,F,F,?,113
Goldammer,343,2021,2021-05-14,1,0,F,T,F,F,?,F,F,F,F,F,F,?,134
Goldammer,343,2021,2021-06-18,1,0,F,T,F,F,?,F,F,F,F,F,F,?,169
Goldammer,346,2019,2019-03-29,1,0,F,T,F,F,?,F,F,F,F,F,F,?,88
Goldammer,346,2019,2019-04-24,0,0,NA,NA,NA,NA,NA,NA,NA,NA,NA,NA,NA,NA,114
Goldammer,346,2019,2019-05-18,4,0,F,T,T,F,?,F,F,F,F,F,F,?,138
Goldammer,346,2019,2019-06-19,1,0,F,T,F,F,?,F,F,F,F,F,F,?,170
Goldammer,346,2020,2020-03-27,1,0,F,F,T,F,?,F,F,F,F,F,F,?,87
Goldammer,346,2020,2020-04-27,2,0,F,T,F,F,?,F,F,F,F,F,F,?,118
Goldammer,346,2020,2020-05-20,0,0,NA,NA,NA,NA,NA,NA,NA,NA,NA,NA,NA,NA,141
Goldammer,346,2020,2020-06-19,1,0,F,T,F,F,?,F,F,F,F,F,F,?,171
Goldammer,346,2021,2021-03-30,0,0,NA,NA,NA,NA,NA,NA,NA,NA,NA,NA,NA,NA,89
Goldammer,346,2021,2021-04-26,1,0,F,F,F,F,?,F,F,F,F,F,F,?,116
Goldammer,346,2021,2021-05-20,0,0,NA,NA,NA,NA,NA,NA,NA,NA,NA,NA,NA,NA,140
Goldammer,346,2021,2021-06-17,2,0,F,T,F,F,?,F,F,F,F,F,F,?,168
Goldammer,346,2022,2022-03-29,0,0,NA,NA,NA,NA,NA,NA,NA,NA,NA,NA,NA,NA,88
Goldammer,346,2022,2022-04-20,1,0,F,T,F,F,F,F,F,F,F,F,F,?,110
Goldammer,346,2022,2022-05-20,1,0,F,T,F,F,F,F,F,F,F,F,F,?,140
Goldammer,346,2022,2022-06-20,0,0,NA,NA,NA,NA,NA,NA,NA,NA,NA,NA,NA,NA,171
Goldammer,350,2018,2018-03-25,2,0,?,T,F,F,?,F,F,F,F,F,F,?,84
Goldammer,350,2018,2018-06-16,4,0,?,T,F,F,?,F,F,F,F,F,F,?,167
Goldammer,350,2018,2018-05-20,4,0,?,T,F,F,?,F,F,F,F,F,F,?,140
Goldammer,350,2020,2020-03-28,3,0,F,T,F,F,?,F,F,F,F,F,F,?,88
Goldammer,350,2020,2020-05-19,2,0,F,T,F,F,?,F,F,F,F,F,F,?,140
Goldammer,350,2020,2020-06-18,2,0,F,T,F,F,?,F,F,F,F,F,F,?,170
Goldammer,350,2020,2020-04-30,1,0,F,T,F,F,?,F,F,F,F,F,F,?,121
Goldammer,350,2021,2021-03-28,4,0,F,T,F,F,?,F,F,F,F,F,F,?,87
Goldammer,350,2021,2021-04-25,1,0,F,T,F,F,?,F,F,F,F,F,F,?,115
Goldammer,350,2021,2021-05-28,4,0,F,T,F,F,?,F,F,F,F,F,F,?,148
Goldammer,350,2021,2021-05-09,1,0,F,T,F,F,?,F,F,F,F,F,F,?,129
Goldammer,353,2019,2019-03-16,4,0,F,T,F,F,?,F,F,F,F,F,F,?,75
Goldammer,353,2019,2019-04-24,7,0,F,T,T,F,T,F,F,F,F,F,F,?,114
Goldammer,353,2019,2019-06-14,6,0,F,T,F,F,?,F,F,F,F,F,F,?,165
Goldammer,353,2019,2019-05-17,9,0,F,T,T,F,?,T,T,F,F,F,F,?,137
Goldammer,353,2020,2020-04-16,3,0,F,T,F,F,?,T,F,F,F,F,F,?,107
Goldammer,353,2020,2020-03-20,6,0,F,T,T,F,?,F,F,F,F,F,F,?,80
Goldammer,353,2020,2020-05-14,3,0,F,T,T,F,?,F,F,F,F,F,F,?,135
Goldammer,353,2020,2020-06-15,3,0,F,T,F,F,?,F,F,F,F,F,F,?,167
Goldammer,353,2021,2021-03-19,2,0,F,T,T,F,?,F,F,F,F,F,F,?,78
Goldammer,353,2021,2021-04-21,3,0,F,F,T,F,?,T,F,F,F,F,F,?,111
Goldammer,353,2021,2021-05-13,5,0,F,T,T,F,?,F,F,F,F,F,F,?,133
Goldammer,353,2021,2021-06-11,3,0,F,T,T,F,?,F,F,F,F,F,F,?,162
Goldammer,353,2022,2022-04-16,2,0,F,F,T,F,F,T,F,F,F,F,F,?,106
Goldammer,353,2022,2022-05-18,2,0,F,T,F,F,F,T,F,F,F,F,F,?,138
Goldammer,353,2022,2022-03-20,4,0,F,F,T,F,F,T,F,F,F,F,F,?,79
Goldammer,353,2022,2022-06-14,2,0,F,T,T,F,F,F,F,F,F,F,F,?,165
Goldammer,353,2023,2023-03-17,8,0,F,T,T,F,?,F,F,F,F,F,F,?,76
Goldammer,353,2023,2023-04-19,6,0,F,T,T,F,?,T,F,F,F,F,F,?,109
Goldammer,353,2023,2023-05-11,4,0,F,T,T,F,?,T,F,F,F,F,F,?,131
Goldammer,353,2023,2023-06-13,4,0,F,T,T,F,?,F,F,F,F,F,F,?,164
Goldammer,355,2019,2019-03-23,16,0,F,T,T,F,?,T,F,F,F,F,F,?,82
Goldammer,355,2019,2019-04-14,14,0,F,T,T,F,T,T,F,F,F,F,F,?,104
Goldammer,355,2019,2019-05-01,10,0,F,T,T,F,?,F,F,F,F,F,F,?,121
Goldammer,355,2019,2019-05-25,11,0,F,T,T,F,?,F,F,F,F,F,F,?,145
Goldammer,355,2020,2020-03-13,12,0,F,T,T,F,?,T,T,F,F,F,F,?,73
Goldammer,355,2020,2020-04-23,11,0,F,T,T,F,?,T,F,F,F,F,F,?,114
Goldammer,355,2020,2020-05-18,12,0,F,T,T,F,?,F,T,F,F,F,F,?,139
Goldammer,355,2020,2020-06-18,12,0,F,T,T,F,?,T,F,F,F,F,F,?,170
Goldammer,355,2021,2021-03-31,11,0,F,T,T,F,?,T,F,F,F,F,F,?,90
Goldammer,355,2021,2021-04-20,10,0,F,T,T,F,?,T,T,F,F,F,F,?,110
Goldammer,355,2021,2021-05-14,10,0,F,T,T,F,?,F,F,F,F,F,F,?,134
Goldammer,355,2021,2021-06-15,9,0,F,T,T,F,?,F,F,F,F,F,F,?,166
Goldammer,355,2022,2022-03-22,11,0,F,T,T,F,F,T,F,F,F,F,F,?,81
Goldammer,355,2022,2022-04-27,8,0,F,T,T,F,F,F,F,F,F,F,F,?,117
Goldammer,355,2022,2022-05-14,4,0,F,T,T,F,F,F,F,F,F,F,F,?,134
Goldammer,355,2022,2022-06-15,6,0,F,T,T,F,F,F,F,F,T,F,F,?,166
Goldammer,355,2023,2023-03-15,6,0,F,T,F,F,?,F,F,F,F,F,F,?,74
Goldammer,355,2023,2023-04-13,7,0,F,T,T,F,?,F,T,F,F,F,F,?,103
Goldammer,355,2023,2023-05-10,4,0,F,T,F,F,?,F,F,F,F,F,F,?,130
Goldammer,355,2023,2023-06-15,7,0,F,T,F,F,?,T,F,F,F,F,F,?,166
Goldammer,357,2021,2021-03-28,0,0,NA,NA,NA,NA,NA,NA,NA,NA,NA,NA,NA,NA,87
Goldammer,357,2021,2021-04-24,1,0,F,T,?,?,?,?,F,?,?,?,?,?,114
Goldammer,357,2021,2021-05-14,2,0,F,T,?,?,?,?,F,?,?,?,?,?,134
Goldammer,357,2021,2021-06-12,3,0,F,T,?,?,?,?,F,?,?,?,?,?,163
Goldammer,358,2018,2018-03-16,1,0,?,T,F,F,?,F,F,F,F,F,F,?,75
Goldammer,358,2018,2018-04-13,0,0,NA,NA,NA,NA,NA,NA,NA,NA,NA,NA,NA,NA,103
Goldammer,358,2018,2018-05-08,0,0,NA,NA,NA,NA,NA,NA,NA,NA,NA,NA,NA,NA,128
Goldammer,358,2018,2018-06-05,1,0,?,T,F,F,?,F,F,F,F,F,T,?,156
Goldammer,359,2021,2021-03-31,1,0,F,T,F,F,?,F,F,F,F,F,F,?,90
Goldammer,359,2021,2021-04-22,0,0,NA,NA,NA,NA,NA,NA,NA,NA,NA,NA,NA,NA,112
Goldammer,359,2021,2021-05-19,0,0,NA,NA,NA,NA,NA,NA,NA,NA,NA,NA,NA,NA,139
Goldammer,359,2021,2021-06-14,0,0,NA,NA,NA,NA,NA,NA,NA,NA,NA,NA,NA,NA,165
Goldammer,360,2018,2018-03-21,2,0,F,T,F,F,?,F,T,F,F,F,F,?,80
Goldammer,360,2018,2018-03-22,8,0,F,T,T,F,?,T,F,F,F,F,F,?,81
Goldammer,360,2018,2018-04-22,12,0,F,T,T,F,?,F,T,F,F,F,F,?,112
Goldammer,360,2018,2018-05-12,9,0,F,T,T,F,T,F,F,F,F,F,F,?,132
Goldammer,360,2018,2018-06-08,10,0,F,T,T,F,?,F,F,F,F,F,F,?,159
Goldammer,360,2020,2020-03-28,4,0,F,T,F,F,?,F,F,F,F,F,F,?,88
Goldammer,360,2020,2020-04-18,5,0,F,T,F,F,?,F,F,F,F,F,F,?,109
Goldammer,360,2020,2020-05-18,6,0,F,T,T,F,?,F,F,F,F,F,F,?,139
Goldammer,360,2020,2020-06-13,7,0,F,T,T,F,?,F,F,F,F,F,F,?,165
Goldammer,360,2021,2021-03-29,11,0,F,T,T,F,T,F,F,F,F,F,F,?,88
Goldammer,360,2021,2021-04-21,6,0,F,T,T,F,T,F,F,F,F,F,F,?,111
Goldammer,360,2021,2021-05-18,6,0,F,T,F,F,?,F,F,F,F,F,F,?,138
Goldammer,360,2021,2021-06-13,9,0,F,T,T,F,?,F,F,F,F,F,F,?,164
Goldammer,361,2018,2018-03-25,2,0,F,T,F,F,?,F,F,F,F,F,F,?,84
Goldammer,361,2018,2018-04-07,2,0,F,T,F,F,?,F,F,F,F,F,F,?,97
Goldammer,361,2018,2018-05-06,1,0,F,T,F,F,?,F,F,F,F,F,F,?,126
Goldammer,361,2018,2018-06-09,2,0,F,T,F,F,?,F,F,F,F,F,F,?,160
Goldammer,361,2020,2020-03-20,4,0,F,T,F,F,?,F,F,F,F,F,F,?,80
Goldammer,361,2020,2020-04-04,3,0,F,T,F,F,?,F,F,F,F,F,F,?,95
Goldammer,361,2020,2020-05-09,1,0,F,T,F,F,?,F,F,F,F,F,F,?,130
Goldammer,361,2020,2020-05-30,1,0,F,T,F,F,?,F,F,F,F,F,F,?,151
Goldammer,361,2021,2021-03-28,1,0,F,T,F,F,?,F,F,F,F,F,F,?,87
Goldammer,361,2021,2021-04-11,1,0,F,F,F,F,?,T,F,F,F,F,F,?,101
Goldammer,361,2021,2021-05-14,4,0,F,T,F,F,?,T,F,F,F,F,F,?,134
Goldammer,361,2021,2021-06-11,1,0,F,T,F,F,?,F,F,F,F,F,F,?,162
Goldammer,363,2019,2019-03-21,4,0,F,F,F,F,?,T,F,F,F,F,F,?,80
Goldammer,363,2019,2019-04-16,3,0,F,T,F,F,?,T,F,F,F,F,F,?,106
Goldammer,363,2019,2019-05-13,3,0,F,T,F,F,?,F,F,F,F,F,F,?,133
Goldammer,363,2019,2019-06-17,7,0,F,T,F,F,?,T,F,F,F,F,F,?,168
Goldammer,363,2020,2020-03-20,12,0,F,T,F,F,?,F,T,F,F,F,F,?,80
Goldammer,363,2020,2020-04-12,12,0,F,T,T,F,?,F,T,F,F,F,F,?,103
Goldammer,363,2020,2020-05-05,5,0,F,T,T,F,?,F,F,F,F,F,F,?,126
Goldammer,363,2020,2020-06-12,9,0,F,T,T,F,?,F,F,F,F,F,F,?,164
Goldammer,363,2022,2022-03-26,9,0,T,T,F,F,?,T,F,F,F,F,F,?,85
Goldammer,363,2022,2022-04-15,6,0,F,T,F,F,T,F,F,F,F,F,F,?,105
Goldammer,363,2022,2022-05-07,17,0,T,T,T,T,?,T,F,F,F,F,F,?,127
Goldammer,363,2022,2022-06-06,8,0,F,T,T,T,?,F,F,F,F,F,F,?,157
Goldammer,363,2023,2023-03-26,6,0,F,T,T,F,?,F,F,F,F,F,F,?,85
Goldammer,363,2023,2023-04-23,11,0,F,T,T,F,?,F,F,F,F,F,F,?,113
Goldammer,363,2023,2023-05-14,11,0,T,T,T,T,?,T,F,F,F,F,F,?,134
Goldammer,363,2023,2023-05-28,10,0,T,T,T,T,?,F,F,F,F,F,F,?,148
Goldammer,364,2019,2019-03-28,7,0,F,T,F,F,?,T,F,F,F,F,F,?,87
Goldammer,364,2019,2019-04-23,6,0,F,T,F,F,?,F,T,T,F,F,F,?,113
Goldammer,364,2019,2019-05-15,11,0,F,T,T,F,?,T,F,F,F,F,F,?,135
Goldammer,364,2019,2019-06-17,8,0,F,T,F,F,?,F,F,F,F,F,F,?,168
Goldammer,364,2020,2020-03-15,6,0,F,T,F,F,?,F,T,F,F,F,F,?,75
Goldammer,364,2020,2020-04-10,11,0,F,F,T,F,T,F,F,F,F,F,F,?,101
Goldammer,364,2020,2020-05-06,4,0,F,T,T,F,?,F,F,F,F,F,F,?,127
Goldammer,364,2020,2020-06-11,9,0,F,T,F,T,?,F,F,F,F,F,F,?,163
Goldammer,364,2022,2022-03-23,6,6,T,T,T,F,?,T,T,F,F,F,F,?,82
Goldammer,364,2022,2022-04-17,13,0,F,T,T,F,?,F,T,F,F,F,F,?,107
Goldammer,364,2022,2022-05-10,6,0,F,T,T,T,?,F,F,F,F,F,F,?,130
Goldammer,364,2022,2022-06-08,7,0,T,T,F,F,?,F,T,F,F,F,F,?,159
Goldammer,364,2023,2023-03-25,6,0,F,T,T,F,?,F,T,F,F,F,F,?,84
Goldammer,364,2023,2023-04-08,5,0,F,T,T,T,?,F,F,F,F,F,F,?,98
Goldammer,364,2023,2023-05-18,8,0,F,T,F,F,T,F,F,F,F,F,F,?,138
Goldammer,364,2023,2023-06-04,4,0,F,T,F,T,?,F,F,F,F,F,F,?,155
Goldammer,366,2019,2019-03-20,1,0,F,F,F,F,?,F,F,F,F,F,F,?,79
Goldammer,366,2019,2019-04-11,1,0,F,T,F,F,?,F,F,F,F,F,F,?,101
Goldammer,366,2019,2019-05-06,0,0,NA,NA,NA,NA,NA,NA,NA,NA,NA,NA,NA,NA,126
Goldammer,366,2019,2019-06-03,2,0,F,T,F,F,?,F,F,F,F,F,F,?,154
Goldammer,366,2020,2020-03-26,1,0,F,F,F,F,?,F,T,F,F,F,F,?,86
Goldammer,366,2020,2020-04-11,0,0,NA,NA,NA,NA,NA,NA,NA,NA,NA,NA,NA,NA,102
Goldammer,366,2020,2020-05-08,0,0,NA,NA,NA,NA,NA,NA,NA,NA,NA,NA,NA,NA,129
Goldammer,366,2020,2020-06-08,0,0,NA,NA,NA,NA,NA,NA,NA,NA,NA,NA,NA,NA,160
Goldammer,366,2022,2022-03-20,0,0,NA,NA,NA,NA,NA,NA,NA,NA,NA,NA,NA,NA,79
Goldammer,366,2022,2022-04-10,2,0,F,F,F,F,?,F,F,F,F,F,F,?,100
Goldammer,366,2022,2022-05-08,0,0,NA,NA,NA,NA,NA,NA,NA,NA,NA,NA,NA,NA,128
Goldammer,366,2022,2022-06-04,0,0,NA,NA,NA,NA,NA,NA,NA,NA,NA,NA,NA,NA,155
Goldammer,367,2019,2019-03-20,8,0,F,T,F,F,?,F,F,F,F,F,F,?,79
Goldammer,367,2019,2019-04-23,5,0,F,F,T,F,?,F,F,F,F,F,F,?,113
Goldammer,367,2019,2019-05-15,7,0,F,T,T,F,?,T,T,F,F,F,F,?,135
Goldammer,367,2019,2019-06-14,5,0,F,T,T,F,?,T,F,F,F,F,F,?,165
Goldammer,367,2020,2020-03-12,9,0,F,T,F,F,?,F,F,F,F,F,F,?,72
Goldammer,367,2020,2020-04-06,8,0,F,T,F,F,?,T,T,F,F,F,F,?,97
Goldammer,367,2020,2020-05-04,6,0,F,T,T,F,?,F,F,F,F,F,F,?,125
Goldammer,367,2020,2020-06-10,7,0,F,T,F,T,?,F,F,F,F,F,F,?,162
Goldammer,367,2022,2022-03-16,1,0,F,F,T,F,?,F,F,F,F,F,F,?,75
Goldammer,367,2022,2022-04-06,1,0,F,T,F,F,?,F,F,F,F,F,F,?,96
Goldammer,367,2022,2022-05-01,5,0,T,T,F,T,?,F,F,F,F,F,F,?,121
Goldammer,367,2022,2022-05-28,1,0,F,T,F,F,?,F,F,F,F,F,F,?,148
Goldammer,367,2023,2023-03-12,1,0,F,F,F,F,?,F,F,F,F,F,F,?,71
Goldammer,367,2023,2023-04-15,5,0,T,T,F,F,?,T,F,F,F,F,F,?,105
Goldammer,367,2023,2023-05-06,4,0,F,F,F,T,?,T,F,F,F,T,F,?,126
Goldammer,367,2023,2023-06-08,5,5,T,T,F,T,?,F,F,F,F,F,F,?,159
Goldammer,368,2018,2018-03-26,12,0,?,T,T,F,?,F,F,F,F,F,F,?,85
Goldammer,368,2018,2018-04-14,8,0,?,T,T,F,?,F,F,F,F,F,F,?,104
Goldammer,368,2018,2018-05-12,7,0,?,T,T,F,?,F,F,F,F,F,F,?,132
Goldammer,368,2018,2018-05-26,2,0,?,T,F,F,?,F,F,F,F,F,F,?,146
Goldammer,368,2018,2018-03-30,0,0,NA,NA,NA,NA,NA,NA,NA,NA,NA,NA,NA,NA,89
Goldammer,368,2020,2020-03-28,5,0,F,T,T,F,?,T,F,F,F,F,F,?,88
Goldammer,368,2020,2020-04-18,5,0,F,T,T,F,?,F,T,F,F,F,F,?,109
Goldammer,368,2020,2020-05-17,6,0,T,T,F,F,?,F,F,F,F,F,F,?,138
Goldammer,368,2020,2020-06-06,3,0,F,T,F,F,?,F,F,F,F,F,F,?,158
Goldammer,368,2021,2021-03-28,3,0,F,F,T,F,?,T,?,F,F,F,F,?,87
Goldammer,368,2021,2021-04-13,0,0,NA,NA,NA,NA,NA,NA,NA,NA,NA,NA,NA,NA,103
Goldammer,368,2021,2021-05-25,13,0,F,T,T,F,?,F,?,F,F,F,F,?,145
Goldammer,369,2018,2018-03-22,1,0,?,F,F,F,?,F,F,F,F,F,F,?,81
Goldammer,369,2018,2018-04-06,1,0,?,T,F,F,?,F,F,F,F,F,F,?,96
Goldammer,369,2018,2018-05-07,0,0,NA,NA,NA,NA,NA,NA,NA,NA,NA,NA,NA,NA,127
Goldammer,369,2018,2018-06-02,1,0,?,F,F,F,?,F,F,F,F,F,F,?,153
Goldammer,369,2020,2020-03-16,0,0,NA,NA,NA,NA,NA,NA,NA,NA,NA,NA,NA,NA,76
Goldammer,369,2020,2020-04-08,0,0,NA,NA,NA,NA,NA,NA,NA,NA,NA,NA,NA,NA,99
Goldammer,369,2020,2020-05-16,0,0,NA,NA,NA,NA,NA,NA,NA,NA,NA,NA,NA,NA,137
Goldammer,369,2020,2020-06-02,2,0,F,T,F,F,?,F,F,F,F,F,F,?,154
Goldammer,369,2021,2021-03-22,0,0,NA,NA,NA,NA,NA,NA,NA,NA,NA,NA,NA,NA,81
Goldammer,369,2021,2021-04-09,1,0,F,T,F,F,?,F,F,F,F,F,F,?,99
Goldammer,369,2021,2021-05-14,0,0,NA,NA,NA,NA,NA,NA,NA,NA,NA,NA,NA,NA,134
Goldammer,369,2021,2021-06-11,1,0,F,T,F,F,?,F,F,F,F,F,F,?,162
Goldammer,370,2018,2018-03-24,1,0,?,T,F,F,?,F,F,F,F,F,F,?,83
Goldammer,370,2018,2018-04-22,4,0,?,T,T,F,?,F,F,F,F,F,F,?,112
Goldammer,370,2018,2018-05-21,5,0,?,T,T,F,?,F,F,F,F,F,F,?,141
Goldammer,370,2018,2018-06-17,7,0,?,T,F,F,?,F,F,T,F,F,F,?,168
Goldammer,370,2020,2020-03-20,2,0,F,T,T,F,?,F,F,F,F,F,F,?,80
Goldammer,370,2020,2020-04-19,5,0,F,F,T,F,?,F,F,F,F,F,F,?,110
Goldammer,370,2020,2020-05-17,2,0,F,F,T,F,?,T,F,F,F,F,F,?,138
Goldammer,370,2020,2020-06-12,4,0,F,T,T,F,?,F,F,F,F,F,F,?,164
Goldammer,370,2021,2021-03-28,3,0,F,F,T,F,?,T,?,F,F,F,F,?,87
Goldammer,370,2021,2021-04-25,1,0,F,F,T,F,?,F,?,F,F,F,F,?,115
Goldammer,370,2021,2021-05-13,5,0,F,F,T,F,?,T,?,F,F,F,F,?,133
Goldammer,370,2021,2021-06-03,4,0,F,T,T,F,?,F,?,F,F,F,F,?,154
Goldammer,372,2018,2018-03-30,6,0,?,T,T,F,?,F,F,F,F,F,F,?,89
Goldammer,372,2018,2018-04-13,3,0,?,T,T,F,?,F,F,F,F,F,F,?,103
Goldammer,372,2018,2018-05-11,2,0,?,F,F,F,?,F,F,F,F,F,F,?,131
Goldammer,372,2018,2018-06-20,2,0,?,T,F,F,?,F,F,F,F,F,F,?,171
Goldammer,372,2018,2018-04-01,0,0,NA,NA,NA,NA,NA,NA,NA,NA,NA,NA,NA,NA,91
Goldammer,372,2020,2020-03-27,8,0,F,T,T,F,?,T,F,F,F,F,F,?,87
Goldammer,372,2020,2020-04-16,5,0,F,T,F,F,T,F,F,F,F,F,F,?,107
Goldammer,372,2020,2020-05-19,7,0,F,T,F,F,?,F,F,F,F,F,F,?,140
Goldammer,372,2020,2020-06-17,8,0,F,T,F,F,?,F,F,F,F,F,F,?,169
Goldammer,372,2021,2021-03-26,9,0,F,T,?,?,?,?,F,?,?,?,?,?,85
Goldammer,372,2021,2021-04-23,10,0,F,T,?,?,?,?,T,?,?,?,?,?,113
Goldammer,372,2021,2021-05-20,8,0,F,T,?,?,?,?,F,?,?,?,?,?,140
Goldammer,372,2021,2021-06-19,10,0,F,T,?,?,?,?,F,?,?,?,?,?,170
Goldammer,373,2018,2018-03-14,0,0,NA,NA,NA,NA,NA,NA,NA,NA,NA,NA,NA,NA,73
Goldammer,373,2018,2018-04-10,1,0,F,T,F,F,?,F,F,F,F,F,F,?,100
Goldammer,373,2018,2018-05-12,1,0,F,T,F,F,?,F,F,F,F,F,F,?,132
Goldammer,373,2018,2018-06-11,0,0,NA,NA,NA,NA,NA,NA,NA,NA,NA,NA,NA,NA,162
Goldammer,373,2021,2021-06-13,2,0,F,T,F,F,?,F,?,F,F,F,F,?,164
Goldammer,374,2019,2019-03-27,6,0,F,T,F,F,?,F,F,F,F,F,F,?,86
Goldammer,374,2019,2019-04-29,5,0,F,T,T,F,?,F,F,F,F,F,F,?,119
Goldammer,374,2019,2019-05-09,6,0,F,T,T,F,?,F,F,F,F,F,F,?,129
Goldammer,374,2019,2019-06-18,8,0,F,T,T,T,?,F,F,F,F,F,F,?,169
Goldammer,374,2020,2020-03-24,2,0,F,T,F,F,?,F,F,F,F,F,F,?,84
Goldammer,374,2020,2020-04-24,4,0,F,T,T,F,?,F,T,F,F,F,F,?,115
Goldammer,374,2020,2020-05-19,3,0,F,T,T,F,?,F,F,F,F,F,F,?,140
Goldammer,374,2020,2020-06-11,5,0,F,T,F,F,?,T,F,F,F,F,F,?,163
Goldammer,374,2022,2022-03-29,1,0,F,T,F,F,?,F,F,F,F,F,F,?,88
Goldammer,374,2022,2022-04-19,1,0,F,T,F,F,?,F,F,F,F,F,F,?,109
Goldammer,374,2022,2022-05-20,2,0,F,T,F,F,?,F,F,F,F,F,F,?,140
Goldammer,374,2022,2022-06-14,5,0,F,T,F,F,F,F,F,F,F,F,F,?,165
Goldammer,374,2023,2023-03-24,1,0,F,T,F,F,F,F,F,F,F,F,F,?,83
Goldammer,374,2023,2023-04-19,7,7,T,T,T,F,F,F,F,F,F,F,F,?,109
Goldammer,374,2023,2023-05-15,9,0,F,T,T,F,F,F,F,F,F,F,F,?,135
Goldammer,374,2023,2023-06-09,4,0,F,T,T,F,F,F,F,F,F,F,F,?,160
Goldammer,376,2020,2020-03-24,0,0,NA,NA,NA,NA,NA,NA,NA,NA,NA,NA,NA,NA,84
Goldammer,376,2020,2020-04-24,3,0,F,T,F,F,?,F,F,F,F,F,F,?,115
Goldammer,376,2020,2020-05-14,4,0,F,T,F,F,?,F,F,F,F,F,F,?,135
Goldammer,376,2020,2020-06-08,4,0,F,T,F,F,?,F,F,F,F,F,F,?,160
Goldammer,376,2022,2022-03-25,4,0,F,T,F,F,F,F,F,F,F,F,F,?,84
Goldammer,376,2022,2022-04-25,4,0,F,T,F,F,F,F,F,F,F,F,F,?,115
Goldammer,376,2022,2022-05-17,3,0,F,T,F,F,F,F,F,F,F,F,F,?,137
Goldammer,376,2022,2022-06-16,3,0,F,T,T,F,F,F,F,F,F,F,F,?,167
Goldammer,376,2023,2023-03-21,0,0,NA,NA,NA,NA,NA,NA,NA,NA,NA,NA,NA,NA,80
Goldammer,376,2023,2023-04-18,2,0,F,T,F,F,F,F,F,F,F,F,F,?,108
Goldammer,376,2023,2023-05-13,2,0,F,T,F,F,F,F,F,F,F,F,F,?,133
Goldammer,376,2023,2023-06-13,1,0,F,T,F,F,F,F,F,F,F,F,F,?,164
Goldammer,379,2018,2018-03-27,1,0,?,T,F,F,?,F,F,F,F,F,F,?,86
Goldammer,379,2018,2018-04-29,2,0,?,T,F,F,?,F,F,F,F,F,F,?,119
Goldammer,379,2018,2018-05-20,1,0,?,T,F,F,?,F,F,F,F,F,F,?,140
Goldammer,379,2018,2018-06-03,4,0,?,T,F,F,?,F,F,F,F,F,F,?,154
Goldammer,379,2020,2020-03-15,2,0,F,F,F,F,?,F,F,F,F,F,F,?,75
Goldammer,379,2020,2020-04-10,3,0,F,T,T,F,?,F,F,F,F,F,F,?,101
Goldammer,379,2020,2020-05-03,2,0,F,T,F,F,?,F,F,F,F,F,F,?,124
Goldammer,379,2020,2020-05-24,1,0,F,T,F,F,?,F,F,F,F,F,F,?,145
Goldammer,385,2019,2019-03-27,2,0,F,T,F,F,?,F,F,F,F,F,F,?,86
Goldammer,385,2019,2019-04-17,3,0,F,T,F,F,?,F,F,F,F,F,F,?,107
Goldammer,385,2019,2019-05-15,3,0,F,T,F,F,?,F,F,F,F,F,F,?,135
Goldammer,385,2019,2019-06-05,3,0,F,T,F,F,?,F,F,F,F,F,F,?,156
Goldammer,385,2020,2020-03-25,1,0,F,T,F,F,?,F,F,F,F,F,F,?,85
Goldammer,385,2020,2020-04-23,2,0,F,T,F,F,?,F,F,F,F,F,F,?,114
Goldammer,385,2020,2020-05-14,4,0,F,T,F,F,?,F,F,F,F,F,F,?,135
Goldammer,385,2020,2020-06-08,3,0,F,T,F,F,?,F,F,F,F,F,F,?,160
Goldammer,385,2022,2022-03-21,3,0,F,T,F,F,F,F,F,F,F,F,F,?,80
Goldammer,385,2022,2022-04-19,3,0,F,T,F,F,F,F,F,F,F,F,F,?,109
Goldammer,385,2022,2022-05-11,3,0,F,T,F,F,F,F,F,F,F,F,F,?,131
Goldammer,385,2022,2022-06-07,3,0,F,T,F,F,F,F,F,F,F,F,F,?,158
Goldammer,385,2023,2023-03-21,1,0,F,T,F,F,F,F,F,F,F,F,F,?,80
Goldammer,385,2023,2023-04-18,3,0,F,T,F,F,F,F,F,F,F,F,F,?,108
Goldammer,385,2023,2023-05-13,3,0,F,T,F,F,F,F,F,F,F,F,F,?,133
Goldammer,385,2023,2023-06-13,3,0,F,T,F,F,F,F,F,F,F,F,F,?,164
Goldammer,387,2019,2019-03-25,2,0,F,T,F,F,?,F,F,F,F,F,F,?,84
Goldammer,387,2019,2019-04-24,1,0,F,T,F,F,?,F,F,F,F,F,F,?,114
Goldammer,387,2019,2019-05-08,1,0,F,T,F,F,?,F,F,F,F,F,F,?,128
Goldammer,387,2019,2019-06-19,1,0,F,T,F,F,?,F,F,F,F,F,F,?,170
Goldammer,387,2019,2019-03-27,0,0,NA,NA,NA,NA,NA,NA,NA,NA,NA,NA,NA,NA,86
Goldammer,387,2020,2020-03-25,1,0,F,T,F,F,?,F,F,F,F,F,F,?,85
Goldammer,387,2020,2020-04-22,3,0,F,T,F,F,?,F,F,F,F,F,F,?,113
Goldammer,387,2020,2020-05-28,4,0,F,T,F,F,?,F,F,F,F,F,F,?,149
Goldammer,387,2020,2020-06-12,3,0,F,T,F,F,?,F,F,F,F,F,F,?,164
Goldammer,387,2022,2022-03-23,4,0,F,T,F,F,F,F,F,F,F,F,F,?,82
Goldammer,387,2022,2022-04-20,4,0,F,T,F,F,F,F,F,F,F,F,F,?,110
Goldammer,387,2022,2022-05-13,3,0,F,T,F,F,F,F,F,F,F,F,F,?,133
Goldammer,387,2022,2022-06-15,4,0,F,T,F,F,F,F,F,F,F,F,F,?,166
Goldammer,387,2023,2023-03-22,5,0,F,T,F,F,F,F,F,F,F,F,F,?,81
Goldammer,387,2023,2023-04-25,3,0,F,T,F,F,F,F,F,F,F,F,F,?,115
Goldammer,387,2023,2023-05-16,4,0,F,T,F,F,F,F,F,F,F,F,F,?,136
Goldammer,387,2023,2023-06-20,3,0,F,T,F,F,F,F,F,F,F,F,F,?,171
Goldammer,389,2019,2019-03-27,1,0,F,T,F,F,?,F,F,F,F,F,F,?,86
Goldammer,389,2019,2019-04-24,3,0,F,T,F,F,?,F,F,F,F,F,F,?,114
Goldammer,389,2019,2019-05-15,3,0,F,T,F,F,?,F,T,F,F,F,F,?,135
Goldammer,389,2019,2019-06-19,4,0,F,T,F,F,?,F,F,F,F,F,F,?,170
Goldammer,389,2020,2020-03-28,3,0,F,T,F,F,?,F,T,F,F,F,F,?,88
Goldammer,389,2020,2020-04-28,8,0,F,T,F,F,?,F,F,F,F,F,F,?,119
Goldammer,389,2020,2020-05-17,6,0,F,T,F,F,?,F,F,F,F,F,F,?,138
Goldammer,389,2020,2020-06-18,5,0,F,T,F,F,?,F,F,F,F,F,F,?,170
Goldammer,389,2022,2022-03-26,8,0,F,T,T,F,F,F,F,F,F,F,F,?,85
Goldammer,389,2022,2022-04-27,7,0,F,T,T,F,F,F,F,F,F,F,F,?,117
Goldammer,389,2022,2022-05-20,3,0,F,T,F,F,F,F,F,F,F,F,F,?,140
Goldammer,389,2022,2022-06-18,7,0,F,T,T,F,F,F,F,F,F,F,F,?,169
Goldammer,389,2023,2023-03-23,2,0,F,T,F,F,F,F,F,F,F,F,F,?,82
Goldammer,389,2023,2023-04-26,4,0,F,T,F,F,F,F,F,F,F,F,F,?,116
Goldammer,389,2023,2023-05-17,4,0,F,T,F,F,F,F,F,F,F,F,F,?,137
Goldammer,389,2023,2023-06-17,5,0,F,T,F,F,F,F,F,F,F,F,F,?,168
Goldammer,392,2019,2019-03-28,4,0,F,T,F,F,?,T,F,F,F,F,F,?,87
Goldammer,392,2019,2019-04-24,7,0,F,F,T,F,?,T,F,T,T,F,F,?,114
Goldammer,392,2019,2019-05-06,9,0,F,T,T,F,?,T,F,F,F,F,F,?,126
Goldammer,392,2019,2019-06-05,13,0,F,T,T,F,?,T,F,F,F,F,F,?,156
Goldammer,392,2020,2020-03-19,6,0,F,T,T,F,?,T,F,F,F,F,F,?,79
Goldammer,392,2020,2020-04-21,4,0,F,T,T,F,?,T,F,F,F,F,F,?,112
Goldammer,392,2020,2020-05-06,6,0,F,T,T,F,?,T,F,F,F,F,F,?,127
Goldammer,392,2020,2020-06-08,5,0,F,T,T,F,?,T,F,F,F,F,F,?,160
Goldammer,392,2022,2022-03-21,3,0,F,T,T,F,?,F,F,F,F,F,F,?,80
Goldammer,392,2022,2022-04-22,4,0,F,T,T,F,?,F,F,F,F,F,F,?,112
Goldammer,392,2022,2022-05-16,4,0,F,T,T,F,?,F,F,F,F,F,F,?,136
Goldammer,392,2022,2022-06-13,10,0,F,T,T,F,?,F,F,F,F,F,T,?,164
Goldammer,392,2023,2023-03-28,6,0,F,T,T,F,F,F,F,F,F,F,F,?,87
Goldammer,392,2023,2023-04-20,8,0,F,T,T,F,F,F,F,T,F,F,F,?,110
Goldammer,392,2023,2023-05-09,6,0,F,T,T,F,F,F,F,F,F,F,F,?,129
Goldammer,392,2023,2023-06-07,9,0,T,T,T,F,T,F,F,F,F,F,F,?,158
Goldammer,395,2019,2019-03-29,1,0,F,F,F,F,?,F,F,F,F,F,F,?,88
Goldammer,395,2019,2019-04-15,5,0,F,T,F,F,?,T,F,F,F,F,F,?,105
Goldammer,395,2019,2019-05-08,1,0,F,T,F,F,?,F,F,F,F,F,F,?,128
Goldammer,395,2019,2019-06-06,3,0,F,T,F,F,?,F,F,F,F,F,F,?,157
Goldammer,395,2020,2020-03-20,2,0,F,T,F,F,?,T,F,F,F,F,F,?,80
Goldammer,395,2020,2020-04-27,1,0,F,T,F,F,?,F,F,F,F,F,F,?,118
Goldammer,395,2020,2020-05-11,2,0,F,T,T,F,?,F,F,F,F,F,F,?,132
Goldammer,395,2020,2020-06-03,0,0,NA,NA,NA,NA,NA,NA,NA,NA,NA,NA,NA,NA,155
Goldammer,395,2022,2022-03-21,1,0,F,T,F,F,?,F,F,F,F,F,F,?,80
Goldammer,395,2022,2022-04-22,0,0,NA,NA,NA,NA,NA,NA,NA,NA,NA,NA,NA,NA,112
Goldammer,395,2022,2022-05-19,1,0,F,T,F,F,?,F,F,F,F,F,F,?,139
Goldammer,395,2022,2022-06-13,3,0,T,T,T,F,?,F,F,F,F,F,F,?,164
Goldammer,395,2023,2023-03-27,1,0,F,T,F,F,F,F,F,F,F,F,F,?,86
Goldammer,395,2023,2023-04-24,1,0,F,F,F,F,F,T,F,F,F,F,F,?,114
Goldammer,395,2023,2023-05-15,1,0,F,T,F,F,F,F,F,F,F,F,F,?,135
Goldammer,395,2023,2023-06-13,1,0,F,T,F,F,F,F,F,F,F,F,F,?,164
Goldammer,396,2019,2019-03-21,4,0,F,F,F,F,?,F,F,F,F,F,F,?,80
Goldammer,396,2019,2019-04-29,3,0,F,T,F,F,?,F,F,F,F,F,F,?,119
Goldammer,396,2019,2019-05-09,4,0,F,T,F,F,?,F,F,F,F,F,F,?,129
Goldammer,396,2019,2019-06-05,5,0,F,T,F,F,?,F,T,F,F,F,F,?,156
Goldammer,396,2020,2020-03-25,5,0,F,T,T,F,?,T,F,F,F,F,F,?,85
Goldammer,396,2020,2020-04-23,4,0,F,F,T,F,?,T,F,F,F,F,F,?,114
Goldammer,396,2020,2020-05-18,3,0,F,T,T,F,?,T,F,F,F,F,F,?,139
Goldammer,396,2020,2020-06-18,4,0,F,T,T,F,?,F,F,F,F,F,F,?,170
Goldammer,396,2022,2022-03-28,3,0,F,T,F,F,?,F,F,F,F,F,F,?,87
Goldammer,396,2022,2022-04-22,2,2,T,T,F,F,?,F,F,F,F,F,F,?,112
Goldammer,396,2022,2022-05-16,3,0,F,T,F,F,?,F,F,F,F,F,F,?,136
Goldammer,396,2022,2022-06-15,2,0,F,T,F,F,?,F,F,F,F,F,F,?,166
Goldammer,396,2023,2023-03-28,1,1,T,F,F,F,F,F,F,F,F,F,F,?,87
Goldammer,396,2023,2023-04-21,2,0,F,F,T,F,F,F,F,F,F,F,F,?,111
Goldammer,396,2023,2023-05-16,1,0,F,T,F,F,F,F,F,F,F,F,F,?,136
Goldammer,396,2023,2023-06-12,3,3,T,T,F,F,F,F,F,F,F,F,F,?,163
Goldammer,397,2018,2018-03-11,2,0,?,T,F,F,?,F,F,F,F,F,F,?,70
Goldammer,397,2018,2018-04-08,2,0,?,T,F,F,?,F,F,F,F,F,F,?,98
Goldammer,397,2018,2018-05-06,2,0,?,F,T,F,?,F,F,F,F,F,F,?,126
Goldammer,397,2018,2018-06-10,3,0,?,T,T,F,?,F,F,F,F,F,F,?,161
Goldammer,397,2020,2020-03-28,2,2,T,T,F,F,?,T,F,F,F,F,F,?,88
Goldammer,397,2020,2020-04-10,3,0,F,T,F,F,?,T,F,F,F,F,F,?,101
Goldammer,397,2020,2020-05-21,9,0,T,T,F,F,?,F,T,F,F,F,F,?,142
Goldammer,397,2020,2020-06-16,3,0,F,T,F,F,?,F,F,F,F,F,F,?,168
Goldammer,397,2021,2021-03-21,2,0,F,T,F,F,?,F,F,F,F,F,F,?,80
Goldammer,397,2021,2021-04-05,4,0,F,T,T,F,?,F,F,F,F,F,F,?,95
Goldammer,397,2021,2021-05-13,6,0,F,T,T,F,?,F,F,F,F,F,F,?,133
Goldammer,397,2021,2021-06-13,2,0,F,T,T,F,?,F,F,F,F,F,F,?,164
Goldammer,398,2019,2019-03-27,1,0,F,T,F,F,?,F,F,F,F,F,F,?,86
Goldammer,398,2019,2019-04-15,3,0,F,T,F,F,?,F,F,F,F,F,F,?,105
Goldammer,398,2019,2019-05-16,0,0,NA,NA,NA,NA,NA,NA,NA,NA,NA,NA,NA,NA,136
Goldammer,398,2019,2019-06-04,1,0,F,T,F,F,?,F,F,F,F,F,F,?,155
Goldammer,398,2020,2020-03-26,3,0,F,F,T,F,?,F,F,F,F,F,F,?,86
Goldammer,398,2020,2020-04-08,3,0,F,T,F,F,?,F,F,F,F,F,F,?,99
Goldammer,398,2020,2020-04-28,1,0,F,T,F,F,?,F,F,F,F,F,F,?,119
Goldammer,398,2020,2020-06-02,1,0,F,T,F,F,?,F,F,F,F,F,F,?,154
Goldammer,398,2022,2022-03-22,0,0,NA,NA,NA,NA,NA,NA,NA,NA,NA,NA,NA,NA,81
Goldammer,398,2022,2022-04-25,1,0,F,T,F,F,?,F,F,F,F,F,F,?,115
Goldammer,398,2022,2022-05-20,0,0,NA,NA,NA,NA,NA,NA,NA,NA,NA,NA,NA,NA,140
Goldammer,398,2022,2022-06-13,0,0,NA,NA,NA,NA,NA,NA,NA,NA,NA,NA,NA,NA,164
Goldammer,403,2019,2019-03-24,0,0,NA,NA,NA,NA,NA,NA,NA,NA,NA,NA,NA,NA,83
Goldammer,403,2019,2019-04-19,1,0,F,T,F,F,?,F,F,F,F,F,F,?,109
Goldammer,403,2019,2019-04-20,0,0,NA,NA,NA,NA,NA,NA,NA,NA,NA,NA,NA,NA,110
Goldammer,403,2019,2019-05-13,1,0,F,T,F,F,?,F,F,F,F,F,F,?,133
Goldammer,403,2019,2019-06-14,0,0,NA,NA,NA,NA,NA,NA,NA,NA,NA,NA,NA,NA,165
Goldammer,403,2020,2020-03-27,1,0,F,T,F,F,?,F,F,F,F,F,F,?,87
Goldammer,403,2020,2020-04-29,1,0,F,T,F,F,?,F,F,F,F,F,F,?,120
Goldammer,403,2020,2020-05-19,2,0,F,T,F,F,?,F,F,F,F,F,F,?,140
Goldammer,403,2020,2020-06-20,1,0,F,T,F,F,?,F,F,F,F,F,F,?,172
Goldammer,403,2022,2022-03-22,1,0,F,T,F,F,?,F,F,F,F,F,F,?,81
Goldammer,403,2022,2022-04-25,0,0,NA,NA,NA,NA,NA,NA,NA,NA,NA,NA,NA,NA,115
Goldammer,403,2022,2022-05-20,0,0,NA,NA,NA,NA,NA,NA,NA,NA,NA,NA,NA,NA,140
Goldammer,403,2022,2022-06-13,0,0,NA,NA,NA,NA,NA,NA,NA,NA,NA,NA,NA,NA,164
Goldammer,403,2023,2023-03-21,0,0,NA,NA,NA,NA,NA,NA,NA,NA,NA,NA,NA,NA,80
Goldammer,403,2023,2023-04-19,0,0,NA,NA,NA,NA,NA,NA,NA,NA,NA,NA,NA,NA,109
Goldammer,403,2023,2023-05-10,0,0,NA,NA,NA,NA,NA,NA,NA,NA,NA,NA,NA,NA,130
Goldammer,403,2023,2023-06-05,1,0,F,F,T,F,F,F,F,F,F,F,F,?,156
Goldammer,411,2018,2018-03-29,9,0,?,T,T,F,?,T,F,F,F,F,F,?,88
Goldammer,411,2018,2018-04-22,6,0,?,T,T,F,?,F,F,F,F,F,F,?,112
Goldammer,411,2018,2018-05-12,4,0,?,T,F,F,?,F,F,F,F,F,F,?,132
Goldammer,411,2018,2018-06-02,9,0,?,T,T,F,?,F,F,F,F,F,F,?,153
Goldammer,411,2020,2020-03-28,5,0,F,T,T,F,?,T,F,F,F,F,F,?,88
Goldammer,411,2020,2020-04-13,6,0,F,T,T,F,?,T,F,F,F,F,F,?,104
Goldammer,411,2020,2020-05-17,6,0,F,T,T,F,?,F,F,F,F,F,F,?,138
Goldammer,411,2020,2020-06-02,5,0,F,T,F,F,?,F,T,F,F,F,F,?,154
Goldammer,411,2021,2021-03-28,11,0,F,T,?,?,?,T,T,?,?,?,?,?,87
Goldammer,411,2021,2021-04-25,8,0,F,T,?,?,?,?,F,?,?,?,?,?,115
Goldammer,411,2021,2021-05-11,7,0,F,T,?,?,?,T,T,?,?,?,?,?,131
Goldammer,411,2021,2021-06-04,9,0,F,T,?,?,?,?,F,?,?,?,?,?,155
Goldammer,412,2021,2021-03-25,10,0,F,T,F,F,?,T,F,F,F,F,F,?,84
Goldammer,412,2021,2021-05-20,5,0,F,T,F,F,?,T,F,F,F,F,F,?,140
Goldammer,412,2021,2021-04-21,8,0,F,T,F,F,?,T,F,F,F,F,F,?,111
Goldammer,412,2021,2021-06-04,7,0,F,T,F,F,?,T,F,F,F,F,F,?,155
