NameSci,NameDt,SiteNr,year,Date,Number_of_individuals,breeding_status_sy,doy
Falco tinnunculus,Turmfalke,bw10,2022,2022-06-09,2,breeder,160
Falco tinnunculus,Turmfalke,bw10,2022,2022-05-14,5,breeder,134
Falco tinnunculus,Turmfalke,bw10,2022,2022-03-20,2,breeder,79
Falco tinnunculus,Turmfalke,bw10,2022,2022-04-22,3,breeder,112
Falco tinnunculus,Turmfalke,bw10,2023,2023-04-30,2,breeder,120
Falco tinnunculus,Turmfalke,bw10,2023,2023-05-14,3,breeder,134
Falco tinnunculus,Turmfalke,bw10,2023,2023-05-27,8,breeder,147
Falco tinnunculus,Turmfalke,bw10,2023,2023-03-18,3,breeder,77
Falco tinnunculus,Turmfalke,bw10,2024,2024-06-08,7,breeder,160
Falco tinnunculus,Turmfalke,bw10,2024,2024-03-11,4,breeder,71
Falco tinnunculus,Turmfalke,bw10,2024,2024-04-05,7,breeder,96
Falco tinnunculus,Turmfalke,bw10,2024,2024-05-04,5,breeder,125
Falco tinnunculus,Turmfalke,bw10,2024,2024-04-04,0,breeder,95
Falco tinnunculus,Turmfalke,bw10,2025,2025-04-16,13,breeder,106
Falco tinnunculus,Turmfalke,bw10,2025,2025-05-31,5,breeder,151
Falco tinnunculus,Turmfalke,bw10,2025,2025-03-23,4,breeder,82
Falco tinnunculus,Turmfalke,bw10,2025,2025-05-11,3,breeder,131
Falco tinnunculus,Turmfalke,bw101,2022,2022-03-27,5,breeder,86
Falco tinnunculus,Turmfalke,bw101,2022,2022-04-17,3,breeder,107
Falco tinnunculus,Turmfalke,bw101,2022,2022-05-20,1,breeder,140
Falco tinnunculus,Turmfalke,bw101,2022,2022-06-20,2,breeder,171
Falco tinnunculus,Turmfalke,bw101,2023,2023-03-31,1,breeder,90
Falco tinnunculus,Turmfalke,bw101,2023,2023-04-30,0,breeder,120
Falco tinnunculus,Turmfalke,bw101,2023,2023-05-14,1,breeder,134
Falco tinnunculus,Turmfalke,bw101,2023,2023-06-06,1,breeder,157
Falco tinnunculus,Turmfalke,bw102,2024,2024-04-27,0,breeder,118
Falco tinnunculus,Turmfalke,bw102,2024,2024-03-25,2,breeder,85
Falco tinnunculus,Turmfalke,bw102,2024,2024-05-18,2,breeder,139
Falco tinnunculus,Turmfalke,bw102,2024,2024-06-17,2,breeder,169
Falco tinnunculus,Turmfalke,bw102,2025,2025-03-25,0,breeder,84
Falco tinnunculus,Turmfalke,bw102,2025,2025-04-10,0,breeder,100
Falco tinnunculus,Turmfalke,bw102,2025,2025-06-09,0,breeder,160
Falco tinnunculus,Turmfalke,bw102,2025,2025-05-12,1,breeder,132
Falco tinnunculus,Turmfalke,bw103,2022,2022-03-27,6,breeder,86
Falco tinnunculus,Turmfalke,bw103,2022,2022-04-22,5,breeder,112
Falco tinnunculus,Turmfalke,bw103,2022,2022-05-13,8,breeder,133
Falco tinnunculus,Turmfalke,bw103,2022,2022-06-19,15,breeder,170
Falco tinnunculus,Turmfalke,bw103,2023,2023-04-23,10,breeder,113
Falco tinnunculus,Turmfalke,bw103,2023,2023-05-18,8,breeder,138
Falco tinnunculus,Turmfalke,bw103,2023,2023-06-09,9,breeder,160
Falco tinnunculus,Turmfalke,bw103,2023,2023-03-27,10,breeder,86
Falco tinnunculus,Turmfalke,bw103,2024,2024-05-20,3,breeder,141
Falco tinnunculus,Turmfalke,bw103,2024,2024-06-03,8,breeder,155
Falco tinnunculus,Turmfalke,bw103,2024,2024-03-25,12,breeder,85
Falco tinnunculus,Turmfalke,bw103,2024,2024-04-22,8,breeder,113
Falco tinnunculus,Turmfalke,bw103,2025,2025-06-11,5,breeder,162
Falco tinnunculus,Turmfalke,bw103,2025,2025-03-28,7,breeder,87
Falco tinnunculus,Turmfalke,bw103,2025,2025-04-23,7,breeder,113
Falco tinnunculus,Turmfalke,bw103,2025,2025-05-17,4,breeder,137
Falco tinnunculus,Turmfalke,bw103,2025,2025-05-19,0,breeder,139
Falco tinnunculus,Turmfalke,bw104,2022,2022-05-30,2,breeder,150
Falco tinnunculus,Turmfalke,bw104,2022,2022-05-11,5,breeder,131
Falco tinnunculus,Turmfalke,bw104,2022,2022-03-21,1,breeder,80
Falco tinnunculus,Turmfalke,bw104,2022,2022-04-13,7,breeder,103
Falco tinnunculus,Turmfalke,bw104,2023,2023-06-09,3,breeder,160
Falco tinnunculus,Turmfalke,bw104,2023,2023-04-27,4,breeder,117
Falco tinnunculus,Turmfalke,bw104,2023,2023-05-18,3,breeder,138
Falco tinnunculus,Turmfalke,bw104,2023,2023-03-21,1,breeder,80
Falco tinnunculus,Turmfalke,bw104,2023,2023-06-08,0,breeder,159
Falco tinnunculus,Turmfalke,bw104,2024,2024-06-12,1,breeder,164
Falco tinnunculus,Turmfalke,bw104,2024,2024-05-14,2,breeder,135
Falco tinnunculus,Turmfalke,bw104,2024,2024-03-19,2,breeder,79
Falco tinnunculus,Turmfalke,bw104,2024,2024-04-13,1,breeder,104
Falco tinnunculus,Turmfalke,bw104,2025,2025-05-13,1,breeder,133
Falco tinnunculus,Turmfalke,bw104,2025,2025-06-17,3,breeder,168
Falco tinnunculus,Turmfalke,bw104,2025,2025-04-11,2,breeder,101
Falco tinnunculus,Turmfalke,bw104,2025,2025-03-21,3,breeder,80
Falco tinnunculus,Turmfalke,bw104,2025,2025-04-10,0,breeder,100
Falco tinnunculus,Turmfalke,bw104,2025,2025-05-12,0,breeder,132
Falco tinnunculus,Turmfalke,bw105,2024,2024-04-13,1,breeder,104
Falco tinnunculus,Turmfalke,bw105,2024,2024-03-27,1,breeder,87
Falco tinnunculus,Turmfalke,bw105,2024,2024-05-12,1,breeder,133
Falco tinnunculus,Turmfalke,bw105,2024,2024-06-12,1,breeder,164
Falco tinnunculus,Turmfalke,bw105,2025,2025-03-27,5,breeder,86
Falco tinnunculus,Turmfalke,bw105,2025,2025-04-29,1,breeder,119
Falco tinnunculus,Turmfalke,bw105,2025,2025-06-17,2,breeder,168
Falco tinnunculus,Turmfalke,bw105,2025,2025-05-14,1,breeder,134
Falco tinnunculus,Turmfalke,bw106,2020,2020-04-19,0,breeder,110
Falco tinnunculus,Turmfalke,bw106,2020,2020-05-17,2,breeder,138
Falco tinnunculus,Turmfalke,bw106,2020,2020-03-27,1,breeder,87
Falco tinnunculus,Turmfalke,bw106,2020,2020-06-19,4,breeder,171
Falco tinnunculus,Turmfalke,bw106,2021,2021-05-19,2,breeder,139
Falco tinnunculus,Turmfalke,bw106,2021,2021-06-14,1,breeder,165
Falco tinnunculus,Turmfalke,bw106,2021,2021-03-28,6,breeder,87
Falco tinnunculus,Turmfalke,bw106,2021,2021-04-26,2,breeder,116
Falco tinnunculus,Turmfalke,bw106,2022,2022-05-30,0,breeder,150
Falco tinnunculus,Turmfalke,bw106,2022,2022-04-29,2,breeder,119
Falco tinnunculus,Turmfalke,bw106,2022,2022-05-07,1,breeder,127
Falco tinnunculus,Turmfalke,bw106,2022,2022-03-19,1,breeder,78
Falco tinnunculus,Turmfalke,bw106,2023,2023-03-22,1,breeder,81
Falco tinnunculus,Turmfalke,bw106,2023,2023-05-15,0,breeder,135
Falco tinnunculus,Turmfalke,bw106,2023,2023-06-08,1,breeder,159
Falco tinnunculus,Turmfalke,bw106,2023,2023-04-21,2,breeder,111
Falco tinnunculus,Turmfalke,bw106,2024,2024-03-21,0,breeder,81
Falco tinnunculus,Turmfalke,bw106,2024,2024-04-07,1,breeder,98
Falco tinnunculus,Turmfalke,bw106,2024,2024-05-19,0,breeder,140
Falco tinnunculus,Turmfalke,bw106,2024,2024-06-20,2,breeder,172
Falco tinnunculus,Turmfalke,bw106,2025,2025-03-22,3,breeder,81
Falco tinnunculus,Turmfalke,bw106,2025,2025-04-30,1,breeder,120
Falco tinnunculus,Turmfalke,bw106,2025,2025-05-19,1,breeder,139
Falco tinnunculus,Turmfalke,bw106,2025,2025-06-14,1,breeder,165
Falco tinnunculus,Turmfalke,bw108,2023,2023-05-05,2,breeder,125
Falco tinnunculus,Turmfalke,bw108,2023,2023-06-02,2,breeder,153
Falco tinnunculus,Turmfalke,bw108,2023,2023-03-22,1,breeder,81
Falco tinnunculus,Turmfalke,bw108,2023,2023-04-22,3,breeder,112
Falco tinnunculus,Turmfalke,bw108,2024,2024-04-06,4,breeder,97
Falco tinnunculus,Turmfalke,bw108,2024,2024-06-16,1,breeder,168
Falco tinnunculus,Turmfalke,bw108,2024,2024-03-22,0,breeder,82
Falco tinnunculus,Turmfalke,bw108,2024,2024-05-04,2,breeder,125
Falco tinnunculus,Turmfalke,bw108,2025,2025-03-25,4,breeder,84
Falco tinnunculus,Turmfalke,bw108,2025,2025-04-20,4,breeder,110
Falco tinnunculus,Turmfalke,bw108,2025,2025-05-10,2,breeder,130
Falco tinnunculus,Turmfalke,bw108,2025,2025-06-08,1,breeder,159
Falco tinnunculus,Turmfalke,bw110,2022,2022-04-14,1,breeder,104
Falco tinnunculus,Turmfalke,bw110,2022,2022-06-04,0,breeder,155
Falco tinnunculus,Turmfalke,bw110,2022,2022-03-29,2,breeder,88
Falco tinnunculus,Turmfalke,bw110,2022,2022-05-10,0,breeder,130
Falco tinnunculus,Turmfalke,bw110,2023,2023-04-09,3,breeder,99
Falco tinnunculus,Turmfalke,bw110,2023,2023-05-03,0,breeder,123
Falco tinnunculus,Turmfalke,bw110,2023,2023-05-19,0,breeder,139
Falco tinnunculus,Turmfalke,bw110,2023,2023-06-19,2,breeder,170
Falco tinnunculus,Turmfalke,bw110,2024,2024-03-31,0,breeder,91
Falco tinnunculus,Turmfalke,bw110,2024,2024-05-15,1,breeder,136
Falco tinnunculus,Turmfalke,bw110,2024,2024-04-27,1,breeder,118
Falco tinnunculus,Turmfalke,bw110,2024,2024-06-26,3,breeder,178
Falco tinnunculus,Turmfalke,bw115,2021,2021-03-21,2,breeder,80
Falco tinnunculus,Turmfalke,bw115,2021,2021-04-18,2,breeder,108
Falco tinnunculus,Turmfalke,bw115,2021,2021-05-09,2,breeder,129
Falco tinnunculus,Turmfalke,bw115,2021,2021-05-30,0,breeder,150
Falco tinnunculus,Turmfalke,bw115,2023,2023-03-11,0,breeder,70
Falco tinnunculus,Turmfalke,bw115,2023,2023-04-15,1,breeder,105
Falco tinnunculus,Turmfalke,bw115,2023,2023-05-01,0,breeder,121
Falco tinnunculus,Turmfalke,bw115,2023,2023-06-11,0,breeder,162
Falco tinnunculus,Turmfalke,bw115,2024,2024-03-10,2,breeder,70
Falco tinnunculus,Turmfalke,bw115,2024,2024-05-26,0,breeder,147
Falco tinnunculus,Turmfalke,bw115,2024,2024-04-07,2,breeder,98
Falco tinnunculus,Turmfalke,bw115,2024,2024-05-01,0,breeder,122
Falco tinnunculus,Turmfalke,bw115,2025,2025-03-16,2,breeder,75
Falco tinnunculus,Turmfalke,bw115,2025,2025-04-13,0,breeder,103
Falco tinnunculus,Turmfalke,bw115,2025,2025-06-01,0,breeder,152
Falco tinnunculus,Turmfalke,bw115,2025,2025-05-01,2,breeder,121
Falco tinnunculus,Turmfalke,bw117,2021,2021-03-20,0,breeder,79
Falco tinnunculus,Turmfalke,bw117,2021,2021-04-30,3,breeder,120
Falco tinnunculus,Turmfalke,bw117,2021,2021-05-21,0,breeder,141
Falco tinnunculus,Turmfalke,bw117,2021,2021-06-15,1,breeder,166
Falco tinnunculus,Turmfalke,bw117,2025,2025-03-27,1,breeder,86
Falco tinnunculus,Turmfalke,bw117,2025,2025-04-23,1,breeder,113
Falco tinnunculus,Turmfalke,bw117,2025,2025-05-16,2,breeder,136
Falco tinnunculus,Turmfalke,bw117,2025,2025-06-13,1,breeder,164
Falco tinnunculus,Turmfalke,bw118,2022,2022-06-06,2,breeder,157
Falco tinnunculus,Turmfalke,bw118,2022,2022-05-07,1,breeder,127
Falco tinnunculus,Turmfalke,bw118,2022,2022-04-22,2,breeder,112
Falco tinnunculus,Turmfalke,bw118,2022,2022-03-13,1,breeder,72
Falco tinnunculus,Turmfalke,bw118,2023,2023-04-07,7,breeder,97
Falco tinnunculus,Turmfalke,bw118,2023,2023-05-05,1,breeder,125
Falco tinnunculus,Turmfalke,bw118,2023,2023-05-26,0,breeder,146
Falco tinnunculus,Turmfalke,bw118,2023,2023-03-13,1,breeder,72
Falco tinnunculus,Turmfalke,bw118,2023,2023-05-25,0,breeder,145
Falco tinnunculus,Turmfalke,bw118,2024,2024-03-22,0,breeder,82
Falco tinnunculus,Turmfalke,bw118,2024,2024-04-05,2,breeder,96
Falco tinnunculus,Turmfalke,bw118,2024,2024-05-25,0,breeder,146
Falco tinnunculus,Turmfalke,bw118,2024,2024-05-04,0,breeder,125
Falco tinnunculus,Turmfalke,bw118,2024,2024-05-03,0,breeder,124
Falco tinnunculus,Turmfalke,bw119,2022,2022-04-27,0,breeder,117
Falco tinnunculus,Turmfalke,bw119,2022,2022-03-30,2,breeder,89
Falco tinnunculus,Turmfalke,bw119,2022,2022-06-13,2,breeder,164
Falco tinnunculus,Turmfalke,bw119,2022,2022-05-19,0,breeder,139
Falco tinnunculus,Turmfalke,bw119,2023,2023-05-20,1,breeder,140
Falco tinnunculus,Turmfalke,bw119,2023,2023-06-15,0,breeder,166
Falco tinnunculus,Turmfalke,bw119,2023,2023-03-22,0,breeder,81
Falco tinnunculus,Turmfalke,bw119,2023,2023-04-19,3,breeder,109
Falco tinnunculus,Turmfalke,bw119,2023,2023-04-18,0,breeder,108
Falco tinnunculus,Turmfalke,bw123,2021,2021-03-24,1,breeder,83
Falco tinnunculus,Turmfalke,bw123,2021,2021-04-18,3,breeder,108
Falco tinnunculus,Turmfalke,bw123,2021,2021-05-09,3,breeder,129
Falco tinnunculus,Turmfalke,bw123,2021,2021-06-05,3,breeder,156
Falco tinnunculus,Turmfalke,bw123,2022,2022-03-24,1,breeder,83
Falco tinnunculus,Turmfalke,bw123,2022,2022-04-20,0,breeder,110
Falco tinnunculus,Turmfalke,bw123,2022,2022-05-08,1,breeder,128
Falco tinnunculus,Turmfalke,bw123,2022,2022-06-10,3,breeder,161
Falco tinnunculus,Turmfalke,bw123,2023,2023-03-21,1,breeder,80
Falco tinnunculus,Turmfalke,bw123,2023,2023-04-22,2,breeder,112
Falco tinnunculus,Turmfalke,bw123,2023,2023-05-07,0,breeder,127
Falco tinnunculus,Turmfalke,bw123,2023,2023-06-08,2,breeder,159
Falco tinnunculus,Turmfalke,bw123,2024,2024-03-22,1,breeder,82
Falco tinnunculus,Turmfalke,bw123,2024,2024-04-23,4,breeder,114
Falco tinnunculus,Turmfalke,bw123,2024,2024-05-11,1,breeder,132
Falco tinnunculus,Turmfalke,bw123,2024,2024-06-05,2,breeder,157
Falco tinnunculus,Turmfalke,bw123,2025,2025-03-24,1,breeder,83
Falco tinnunculus,Turmfalke,bw123,2025,2025-04-16,1,breeder,106
Falco tinnunculus,Turmfalke,bw123,2025,2025-05-11,1,breeder,131
Falco tinnunculus,Turmfalke,bw123,2025,2025-06-12,1,breeder,163
Falco tinnunculus,Turmfalke,bw125,2023,2023-03-23,0,breeder,82
Falco tinnunculus,Turmfalke,bw125,2023,2023-06-18,1,breeder,169
Falco tinnunculus,Turmfalke,bw125,2023,2023-05-18,2,breeder,138
Falco tinnunculus,Turmfalke,bw125,2023,2023-04-22,3,breeder,112
Falco tinnunculus,Turmfalke,bw125,2024,2024-03-29,4,breeder,89
Falco tinnunculus,Turmfalke,bw128,2020,2020-04-18,1,breeder,109
Falco tinnunculus,Turmfalke,bw128,2020,2020-06-20,1,breeder,172
Falco tinnunculus,Turmfalke,bw128,2020,2020-03-28,0,breeder,88
Falco tinnunculus,Turmfalke,bw128,2020,2020-05-19,1,breeder,140
Falco tinnunculus,Turmfalke,bw128,2021,2021-03-29,2,breeder,88
Falco tinnunculus,Turmfalke,bw128,2021,2021-04-24,2,breeder,114
Falco tinnunculus,Turmfalke,bw128,2021,2021-06-15,2,breeder,166
Falco tinnunculus,Turmfalke,bw128,2021,2021-05-15,2,breeder,135
Falco tinnunculus,Turmfalke,bw128,2025,2025-04-19,1,breeder,109
Falco tinnunculus,Turmfalke,bw128,2025,2025-03-29,0,breeder,88
Falco tinnunculus,Turmfalke,bw128,2025,2025-06-15,2,breeder,166
Falco tinnunculus,Turmfalke,bw128,2025,2025-05-19,0,breeder,139
Falco tinnunculus,Turmfalke,bw13,2020,2020-03-28,0,breeder,88
Falco tinnunculus,Turmfalke,bw13,2020,2020-05-10,1,breeder,131
Falco tinnunculus,Turmfalke,bw13,2020,2020-06-05,0,breeder,157
Falco tinnunculus,Turmfalke,bw13,2020,2020-04-19,1,breeder,110
Falco tinnunculus,Turmfalke,bw13,2020,2020-04-18,0,breeder,109
Falco tinnunculus,Turmfalke,bw13,2021,2021-04-18,1,breeder,108
Falco tinnunculus,Turmfalke,bw13,2021,2021-05-10,2,breeder,130
Falco tinnunculus,Turmfalke,bw13,2021,2021-03-28,0,breeder,87
Falco tinnunculus,Turmfalke,bw13,2021,2021-06-05,2,breeder,156
Falco tinnunculus,Turmfalke,bw13,2021,2021-06-04,0,breeder,155
Falco tinnunculus,Turmfalke,bw13,2022,2022-03-27,0,breeder,86
Falco tinnunculus,Turmfalke,bw13,2022,2022-04-15,1,breeder,105
Falco tinnunculus,Turmfalke,bw13,2022,2022-05-09,1,breeder,129
Falco tinnunculus,Turmfalke,bw13,2022,2022-06-04,0,breeder,155
Falco tinnunculus,Turmfalke,bw13,2023,2023-04-15,1,breeder,105
Falco tinnunculus,Turmfalke,bw13,2023,2023-03-29,1,breeder,88
Falco tinnunculus,Turmfalke,bw13,2023,2023-05-11,2,breeder,131
Falco tinnunculus,Turmfalke,bw13,2023,2023-06-08,1,breeder,159
Falco tinnunculus,Turmfalke,bw13,2024,2024-04-15,2,breeder,106
Falco tinnunculus,Turmfalke,bw13,2024,2024-06-05,1,breeder,157
Falco tinnunculus,Turmfalke,bw13,2024,2024-03-30,1,breeder,90
Falco tinnunculus,Turmfalke,bw13,2024,2024-05-06,2,breeder,127
Falco tinnunculus,Turmfalke,bw13,2025,2025-03-28,4,breeder,87
Falco tinnunculus,Turmfalke,bw13,2025,2025-04-15,0,breeder,105
Falco tinnunculus,Turmfalke,bw13,2025,2025-05-10,0,breeder,130
Falco tinnunculus,Turmfalke,bw13,2025,2025-06-08,0,breeder,159
Falco tinnunculus,Turmfalke,bw132,2024,2024-04-05,3,breeder,96
Falco tinnunculus,Turmfalke,bw132,2024,2024-05-01,6,breeder,122
Falco tinnunculus,Turmfalke,bw132,2024,2024-03-18,2,breeder,78
Falco tinnunculus,Turmfalke,bw132,2024,2024-06-20,1,breeder,172
Falco tinnunculus,Turmfalke,bw132,2025,2025-05-19,1,breeder,139
Falco tinnunculus,Turmfalke,bw132,2025,2025-06-11,3,breeder,162
Falco tinnunculus,Turmfalke,bw132,2025,2025-03-22,1,breeder,81
Falco tinnunculus,Turmfalke,bw132,2025,2025-04-19,3,breeder,109
Falco tinnunculus,Turmfalke,bw14,2024,2024-06-18,0,breeder,170
Falco tinnunculus,Turmfalke,bw14,2024,2024-03-19,0,breeder,79
Falco tinnunculus,Turmfalke,bw14,2024,2024-04-06,2,breeder,97
Falco tinnunculus,Turmfalke,bw14,2024,2024-05-18,0,breeder,139
Falco tinnunculus,Turmfalke,bw14,2025,2025-05-07,2,breeder,127
Falco tinnunculus,Turmfalke,bw14,2025,2025-03-17,1,breeder,76
Falco tinnunculus,Turmfalke,bw14,2025,2025-04-11,1,breeder,101
Falco tinnunculus,Turmfalke,bw14,2025,2025-06-12,0,breeder,163
Falco tinnunculus,Turmfalke,bw146,2021,2021-06-03,4,breeder,154
Falco tinnunculus,Turmfalke,bw146,2021,2021-03-25,1,breeder,84
Falco tinnunculus,Turmfalke,bw146,2021,2021-04-18,3,breeder,108
Falco tinnunculus,Turmfalke,bw146,2021,2021-05-09,6,breeder,129
Falco tinnunculus,Turmfalke,bw146,2022,2022-03-18,0,breeder,77
Falco tinnunculus,Turmfalke,bw146,2022,2022-04-06,0,breeder,96
Falco tinnunculus,Turmfalke,bw146,2022,2022-05-01,1,breeder,121
Falco tinnunculus,Turmfalke,bw146,2022,2022-06-08,2,breeder,159
Falco tinnunculus,Turmfalke,bw146,2023,2023-06-05,2,breeder,156
Falco tinnunculus,Turmfalke,bw146,2023,2023-03-15,0,breeder,74
Falco tinnunculus,Turmfalke,bw146,2023,2023-04-06,3,breeder,96
Falco tinnunculus,Turmfalke,bw146,2023,2023-05-02,0,breeder,122
Falco tinnunculus,Turmfalke,bw146,2024,2024-03-15,1,breeder,75
Falco tinnunculus,Turmfalke,bw146,2024,2024-04-06,1,breeder,97
Falco tinnunculus,Turmfalke,bw146,2024,2024-05-04,4,breeder,125
Falco tinnunculus,Turmfalke,bw146,2024,2024-05-25,2,breeder,146
Falco tinnunculus,Turmfalke,bw146,2025,2025-03-22,5,breeder,81
Falco tinnunculus,Turmfalke,bw146,2025,2025-04-05,3,breeder,95
Falco tinnunculus,Turmfalke,bw146,2025,2025-05-02,3,breeder,122
Falco tinnunculus,Turmfalke,bw146,2025,2025-05-30,2,breeder,150
Falco tinnunculus,Turmfalke,bw147,2022,2022-03-10,4,breeder,69
Falco tinnunculus,Turmfalke,bw147,2022,2022-04-07,1,breeder,97
Falco tinnunculus,Turmfalke,bw147,2022,2022-05-04,0,breeder,124
Falco tinnunculus,Turmfalke,bw147,2022,2022-06-03,1,breeder,154
Falco tinnunculus,Turmfalke,bw147,2024,2024-03-28,0,breeder,88
Falco tinnunculus,Turmfalke,bw147,2024,2024-06-20,0,breeder,172
Falco tinnunculus,Turmfalke,bw147,2024,2024-05-11,0,breeder,132
Falco tinnunculus,Turmfalke,bw147,2024,2024-04-16,1,breeder,107
Falco tinnunculus,Turmfalke,bw147,2025,2025-04-12,2,breeder,102
Falco tinnunculus,Turmfalke,bw147,2025,2025-05-31,6,breeder,151
Falco tinnunculus,Turmfalke,bw147,2025,2025-03-17,2,breeder,76
Falco tinnunculus,Turmfalke,bw147,2025,2025-05-10,1,breeder,130
Falco tinnunculus,Turmfalke,bw148,2024,2024-04-27,2,breeder,118
Falco tinnunculus,Turmfalke,bw148,2024,2024-05-11,3,breeder,132
Falco tinnunculus,Turmfalke,bw148,2024,2024-04-01,1,breeder,92
Falco tinnunculus,Turmfalke,bw148,2025,2025-05-17,3,breeder,137
Falco tinnunculus,Turmfalke,bw148,2025,2025-06-09,2,breeder,160
Falco tinnunculus,Turmfalke,bw148,2025,2025-03-29,1,breeder,88
Falco tinnunculus,Turmfalke,bw148,2025,2025-04-26,2,breeder,116
Falco tinnunculus,Turmfalke,bw149,2024,2024-03-14,2,breeder,74
Falco tinnunculus,Turmfalke,bw149,2024,2024-04-12,0,breeder,103
Falco tinnunculus,Turmfalke,bw149,2024,2024-05-10,0,breeder,131
Falco tinnunculus,Turmfalke,bw149,2024,2024-06-10,1,breeder,162
Falco tinnunculus,Turmfalke,bw149,2024,2024-05-09,0,breeder,130
Falco tinnunculus,Turmfalke,bw149,2024,2024-06-09,0,breeder,161
Falco tinnunculus,Turmfalke,bw149,2025,2025-05-12,4,breeder,132
Falco tinnunculus,Turmfalke,bw149,2025,2025-03-21,2,breeder,80
Falco tinnunculus,Turmfalke,bw149,2025,2025-04-15,5,breeder,105
Falco tinnunculus,Turmfalke,bw149,2025,2025-06-11,1,breeder,162
Falco tinnunculus,Turmfalke,bw151,2022,2022-03-27,2,breeder,86
Falco tinnunculus,Turmfalke,bw151,2022,2022-04-16,1,breeder,106
Falco tinnunculus,Turmfalke,bw151,2022,2022-05-08,1,breeder,128
Falco tinnunculus,Turmfalke,bw151,2022,2022-05-29,5,breeder,149
Falco tinnunculus,Turmfalke,bw151,2023,2023-03-26,0,breeder,85
Falco tinnunculus,Turmfalke,bw151,2023,2023-04-30,3,breeder,120
Falco tinnunculus,Turmfalke,bw151,2023,2023-05-14,1,breeder,134
Falco tinnunculus,Turmfalke,bw151,2023,2023-05-28,2,breeder,148
Falco tinnunculus,Turmfalke,bw151,2024,2024-03-29,1,breeder,89
Falco tinnunculus,Turmfalke,bw151,2024,2024-04-28,5,breeder,119
Falco tinnunculus,Turmfalke,bw151,2024,2024-05-11,4,breeder,132
Falco tinnunculus,Turmfalke,bw151,2024,2024-06-08,1,breeder,160
Falco tinnunculus,Turmfalke,bw151,2025,2025-03-30,1,breeder,89
Falco tinnunculus,Turmfalke,bw151,2025,2025-04-19,3,breeder,109
Falco tinnunculus,Turmfalke,bw151,2025,2025-05-12,2,breeder,132
Falco tinnunculus,Turmfalke,bw151,2025,2025-05-23,0,breeder,143
Falco tinnunculus,Turmfalke,bw152,2025,2025-03-18,0,breeder,77
Falco tinnunculus,Turmfalke,bw152,2025,2025-04-28,4,breeder,118
Falco tinnunculus,Turmfalke,bw152,2025,2025-05-16,1,breeder,136
Falco tinnunculus,Turmfalke,bw152,2025,2025-06-17,2,breeder,168
Falco tinnunculus,Turmfalke,bw154,2025,2025-06-13,0,breeder,164
Falco tinnunculus,Turmfalke,bw154,2025,2025-03-26,2,breeder,85
Falco tinnunculus,Turmfalke,bw154,2025,2025-05-15,3,breeder,135
Falco tinnunculus,Turmfalke,bw154,2025,2025-04-08,1,breeder,98
Falco tinnunculus,Turmfalke,bw157,2025,2025-06-07,2,breeder,158
Falco tinnunculus,Turmfalke,bw157,2025,2025-03-11,4,breeder,70
Falco tinnunculus,Turmfalke,bw157,2025,2025-04-05,4,breeder,95
Falco tinnunculus,Turmfalke,bw157,2025,2025-05-05,2,breeder,125
Falco tinnunculus,Turmfalke,bw158,2025,2025-05-08,2,breeder,128
Falco tinnunculus,Turmfalke,bw158,2025,2025-05-23,2,breeder,143
Falco tinnunculus,Turmfalke,bw158,2025,2025-04-04,4,breeder,94
Falco tinnunculus,Turmfalke,bw158,2025,2025-03-19,1,breeder,78
Falco tinnunculus,Turmfalke,bw160,2025,2025-05-10,2,breeder,130
Falco tinnunculus,Turmfalke,bw160,2025,2025-06-11,2,breeder,162
Falco tinnunculus,Turmfalke,bw160,2025,2025-03-22,1,breeder,81
Falco tinnunculus,Turmfalke,bw160,2025,2025-04-16,5,breeder,106
Falco tinnunculus,Turmfalke,bw162,2025,2025-03-21,0,breeder,80
Falco tinnunculus,Turmfalke,bw162,2025,2025-04-10,2,breeder,100
Falco tinnunculus,Turmfalke,bw162,2025,2025-05-17,2,breeder,137
Falco tinnunculus,Turmfalke,bw162,2025,2025-06-16,4,breeder,167
Falco tinnunculus,Turmfalke,bw164,2024,2024-04-23,1,breeder,114
Falco tinnunculus,Turmfalke,bw164,2024,2024-05-21,0,breeder,142
Falco tinnunculus,Turmfalke,bw164,2024,2024-06-19,0,breeder,171
Falco tinnunculus,Turmfalke,bw164,2024,2024-03-19,0,breeder,79
Falco tinnunculus,Turmfalke,bw164,2025,2025-04-15,1,breeder,105
Falco tinnunculus,Turmfalke,bw164,2025,2025-06-16,0,breeder,167
Falco tinnunculus,Turmfalke,bw164,2025,2025-05-15,1,breeder,135
Falco tinnunculus,Turmfalke,bw164,2025,2025-03-17,1,breeder,76
Falco tinnunculus,Turmfalke,bw170,2024,2024-06-05,1,breeder,157
Falco tinnunculus,Turmfalke,bw170,2024,2024-03-21,3,breeder,81
Falco tinnunculus,Turmfalke,bw170,2024,2024-05-02,0,breeder,123
Falco tinnunculus,Turmfalke,bw170,2024,2024-04-10,0,breeder,101
Falco tinnunculus,Turmfalke,bw170,2025,2025-06-04,0,breeder,155
Falco tinnunculus,Turmfalke,bw170,2025,2025-04-02,0,breeder,92
Falco tinnunculus,Turmfalke,bw170,2025,2025-05-02,1,breeder,122
Falco tinnunculus,Turmfalke,bw170,2025,2025-03-18,0,breeder,77
Falco tinnunculus,Turmfalke,bw179,2022,2022-06-06,2,breeder,157
Falco tinnunculus,Turmfalke,bw179,2022,2022-03-12,0,breeder,71
Falco tinnunculus,Turmfalke,bw179,2022,2022-04-11,0,breeder,101
Falco tinnunculus,Turmfalke,bw179,2022,2022-05-08,2,breeder,128
Falco tinnunculus,Turmfalke,bw179,2023,2023-06-03,3,breeder,154
Falco tinnunculus,Turmfalke,bw179,2023,2023-04-09,0,breeder,99
Falco tinnunculus,Turmfalke,bw179,2023,2023-05-04,0,breeder,124
Falco tinnunculus,Turmfalke,bw179,2023,2023-03-20,0,breeder,79
Falco tinnunculus,Turmfalke,bw179,2024,2024-04-06,5,breeder,97
Falco tinnunculus,Turmfalke,bw179,2024,2024-06-04,1,breeder,156
Falco tinnunculus,Turmfalke,bw179,2024,2024-03-17,3,breeder,77
Falco tinnunculus,Turmfalke,bw179,2024,2024-05-11,1,breeder,132
Falco tinnunculus,Turmfalke,bw179,2025,2025-05-31,0,breeder,151
Falco tinnunculus,Turmfalke,bw179,2025,2025-04-04,1,breeder,94
Falco tinnunculus,Turmfalke,bw179,2025,2025-03-11,2,breeder,70
Falco tinnunculus,Turmfalke,bw179,2025,2025-05-02,1,breeder,122
Falco tinnunculus,Turmfalke,bw180,2021,2021-06-13,2,breeder,164
Falco tinnunculus,Turmfalke,bw180,2021,2021-03-28,1,breeder,87
Falco tinnunculus,Turmfalke,bw180,2021,2021-04-17,0,breeder,107
Falco tinnunculus,Turmfalke,bw180,2021,2021-05-15,1,breeder,135
Falco tinnunculus,Turmfalke,bw180,2022,2022-06-06,1,breeder,157
Falco tinnunculus,Turmfalke,bw180,2022,2022-05-15,3,breeder,135
Falco tinnunculus,Turmfalke,bw180,2022,2022-03-29,1,breeder,88
Falco tinnunculus,Turmfalke,bw180,2022,2022-04-15,1,breeder,105
Falco tinnunculus,Turmfalke,bw180,2024,2024-03-11,0,breeder,71
Falco tinnunculus,Turmfalke,bw180,2024,2024-05-01,0,breeder,122
Falco tinnunculus,Turmfalke,bw180,2024,2024-04-07,0,breeder,98
Falco tinnunculus,Turmfalke,bw180,2024,2024-06-09,2,breeder,161
Falco tinnunculus,Turmfalke,bw180,2025,2025-03-21,0,breeder,80
Falco tinnunculus,Turmfalke,bw180,2025,2025-06-14,2,breeder,165
Falco tinnunculus,Turmfalke,bw180,2025,2025-04-06,1,breeder,96
Falco tinnunculus,Turmfalke,bw180,2025,2025-05-01,1,breeder,121
Falco tinnunculus,Turmfalke,bw186,2024,2024-05-14,0,breeder,135
Falco tinnunculus,Turmfalke,bw186,2024,2024-06-11,2,breeder,163
Falco tinnunculus,Turmfalke,bw186,2024,2024-03-26,0,breeder,86
Falco tinnunculus,Turmfalke,bw186,2024,2024-04-30,0,breeder,121
Falco tinnunculus,Turmfalke,bw186,2025,2025-03-25,0,breeder,84
Falco tinnunculus,Turmfalke,bw186,2025,2025-05-20,0,breeder,140
Falco tinnunculus,Turmfalke,bw186,2025,2025-06-10,0,breeder,161
Falco tinnunculus,Turmfalke,bw186,2025,2025-04-23,5,breeder,113
Falco tinnunculus,Turmfalke,bw189,2024,2024-06-04,2,breeder,156
Falco tinnunculus,Turmfalke,bw189,2024,2024-03-25,4,breeder,85
Falco tinnunculus,Turmfalke,bw189,2024,2024-04-16,1,breeder,107
Falco tinnunculus,Turmfalke,bw189,2024,2024-05-13,2,breeder,134
Falco tinnunculus,Turmfalke,bw189,2025,2025-06-05,1,breeder,156
Falco tinnunculus,Turmfalke,bw189,2025,2025-05-13,3,breeder,133
Falco tinnunculus,Turmfalke,bw189,2025,2025-04-08,5,breeder,98
Falco tinnunculus,Turmfalke,bw189,2025,2025-03-24,5,breeder,83
Falco tinnunculus,Turmfalke,bw193,2024,2024-03-31,0,breeder,91
Falco tinnunculus,Turmfalke,bw193,2024,2024-05-20,0,breeder,141
Falco tinnunculus,Turmfalke,bw193,2024,2024-06-24,1,breeder,176
Falco tinnunculus,Turmfalke,bw193,2024,2024-04-26,3,breeder,117
Falco tinnunculus,Turmfalke,bw193,2025,2025-04-20,5,breeder,110
Falco tinnunculus,Turmfalke,bw193,2025,2025-05-20,3,breeder,140
Falco tinnunculus,Turmfalke,bw193,2025,2025-03-27,0,breeder,86
Falco tinnunculus,Turmfalke,bw193,2025,2025-06-17,2,breeder,168
Falco tinnunculus,Turmfalke,bw194,2022,2022-04-18,2,breeder,108
Falco tinnunculus,Turmfalke,bw194,2022,2022-05-08,1,breeder,128
Falco tinnunculus,Turmfalke,bw194,2022,2022-06-12,0,breeder,163
Falco tinnunculus,Turmfalke,bw194,2022,2022-04-08,3,breeder,98
Falco tinnunculus,Turmfalke,bw194,2024,2024-04-24,1,breeder,115
Falco tinnunculus,Turmfalke,bw194,2024,2024-03-24,2,breeder,84
Falco tinnunculus,Turmfalke,bw194,2024,2024-05-18,2,breeder,139
Falco tinnunculus,Turmfalke,bw194,2024,2024-06-18,0,breeder,170
Falco tinnunculus,Turmfalke,bw194,2025,2025-03-23,3,breeder,82
Falco tinnunculus,Turmfalke,bw194,2025,2025-05-24,0,breeder,144
Falco tinnunculus,Turmfalke,bw194,2025,2025-04-27,1,breeder,117
Falco tinnunculus,Turmfalke,bw194,2025,2025-06-19,0,breeder,170
Falco tinnunculus,Turmfalke,bw196,2022,2022-05-28,2,breeder,148
Falco tinnunculus,Turmfalke,bw196,2022,2022-03-26,0,breeder,85
Falco tinnunculus,Turmfalke,bw196,2022,2022-04-16,0,breeder,106
Falco tinnunculus,Turmfalke,bw196,2022,2022-05-07,0,breeder,127
Falco tinnunculus,Turmfalke,bw196,2023,2023-06-03,2,breeder,154
Falco tinnunculus,Turmfalke,bw196,2023,2023-03-18,2,breeder,77
Falco tinnunculus,Turmfalke,bw196,2023,2023-04-09,5,breeder,99
Falco tinnunculus,Turmfalke,bw196,2023,2023-05-14,0,breeder,134
Falco tinnunculus,Turmfalke,bw196,2024,2024-06-17,0,breeder,169
Falco tinnunculus,Turmfalke,bw196,2024,2024-03-29,1,breeder,89
Falco tinnunculus,Turmfalke,bw196,2024,2024-04-13,0,breeder,104
Falco tinnunculus,Turmfalke,bw196,2024,2024-05-11,0,breeder,132
Falco tinnunculus,Turmfalke,bw196,2025,2025-05-10,0,breeder,130
Falco tinnunculus,Turmfalke,bw196,2025,2025-05-31,1,breeder,151
Falco tinnunculus,Turmfalke,bw196,2025,2025-03-23,0,breeder,82
Falco tinnunculus,Turmfalke,bw196,2025,2025-04-12,1,breeder,102
Falco tinnunculus,Turmfalke,bw199,2022,2022-06-05,3,breeder,156
Falco tinnunculus,Turmfalke,bw199,2022,2022-03-26,2,breeder,85
Falco tinnunculus,Turmfalke,bw199,2022,2022-04-16,3,breeder,106
Falco tinnunculus,Turmfalke,bw199,2022,2022-05-11,0,breeder,131
Falco tinnunculus,Turmfalke,bw199,2023,2023-04-22,3,breeder,112
Falco tinnunculus,Turmfalke,bw199,2023,2023-05-07,1,breeder,127
Falco tinnunculus,Turmfalke,bw199,2023,2023-03-18,0,breeder,77
Falco tinnunculus,Turmfalke,bw199,2025,2025-03-30,5,breeder,89
Falco tinnunculus,Turmfalke,bw199,2025,2025-06-07,1,breeder,158
Falco tinnunculus,Turmfalke,bw199,2025,2025-05-14,2,breeder,134
Falco tinnunculus,Turmfalke,bw199,2025,2025-04-27,5,breeder,117
Falco tinnunculus,Turmfalke,bw2,2025,2025-03-20,4,breeder,79
Falco tinnunculus,Turmfalke,bw2,2025,2025-04-11,4,breeder,101
Falco tinnunculus,Turmfalke,bw2,2025,2025-05-12,4,breeder,132
Falco tinnunculus,Turmfalke,bw2,2025,2025-06-09,5,breeder,160
Falco tinnunculus,Turmfalke,bw202,2022,2022-03-20,1,breeder,79
Falco tinnunculus,Turmfalke,bw202,2022,2022-04-06,0,breeder,96
Falco tinnunculus,Turmfalke,bw202,2022,2022-05-02,1,breeder,122
Falco tinnunculus,Turmfalke,bw202,2022,2022-05-23,3,breeder,143
Falco tinnunculus,Turmfalke,bw202,2023,2023-05-05,1,breeder,125
Falco tinnunculus,Turmfalke,bw202,2023,2023-06-02,1,breeder,153
Falco tinnunculus,Turmfalke,bw202,2023,2023-03-20,0,breeder,79
Falco tinnunculus,Turmfalke,bw202,2023,2023-04-14,4,breeder,104
Falco tinnunculus,Turmfalke,bw202,2024,2024-06-05,1,breeder,157
Falco tinnunculus,Turmfalke,bw202,2024,2024-03-22,1,breeder,82
Falco tinnunculus,Turmfalke,bw202,2024,2024-04-08,2,breeder,99
Falco tinnunculus,Turmfalke,bw202,2024,2024-05-08,1,breeder,129
Falco tinnunculus,Turmfalke,bw203,2022,2022-03-27,2,breeder,86
Falco tinnunculus,Turmfalke,bw203,2022,2022-04-22,0,breeder,112
Falco tinnunculus,Turmfalke,bw203,2022,2022-05-16,0,breeder,136
Falco tinnunculus,Turmfalke,bw203,2022,2022-06-20,0,breeder,171
Falco tinnunculus,Turmfalke,bw203,2024,2024-03-20,1,breeder,80
Falco tinnunculus,Turmfalke,bw203,2024,2024-04-27,1,breeder,118
Falco tinnunculus,Turmfalke,bw203,2024,2024-05-09,0,breeder,130
Falco tinnunculus,Turmfalke,bw203,2024,2024-06-09,0,breeder,161
Falco tinnunculus,Turmfalke,bw204,2023,2023-03-18,2,breeder,77
Falco tinnunculus,Turmfalke,bw204,2023,2023-06-18,2,breeder,169
Falco tinnunculus,Turmfalke,bw204,2023,2023-05-06,1,breeder,126
Falco tinnunculus,Turmfalke,bw204,2023,2023-04-14,0,breeder,104
Falco tinnunculus,Turmfalke,bw204,2024,2024-03-10,3,breeder,70
Falco tinnunculus,Turmfalke,bw204,2024,2024-05-05,3,breeder,126
Falco tinnunculus,Turmfalke,bw204,2024,2024-04-07,3,breeder,98
Falco tinnunculus,Turmfalke,bw204,2024,2024-05-26,3,breeder,147
Falco tinnunculus,Turmfalke,bw204,2025,2025-03-16,1,breeder,75
Falco tinnunculus,Turmfalke,bw204,2025,2025-04-06,3,breeder,96
Falco tinnunculus,Turmfalke,bw204,2025,2025-05-29,1,breeder,149
Falco tinnunculus,Turmfalke,bw204,2025,2025-05-03,1,breeder,123
Falco tinnunculus,Turmfalke,bw207,2022,2022-03-26,6,breeder,85
Falco tinnunculus,Turmfalke,bw207,2022,2022-04-23,2,breeder,113
Falco tinnunculus,Turmfalke,bw207,2022,2022-05-20,3,breeder,140
Falco tinnunculus,Turmfalke,bw207,2022,2022-06-12,3,breeder,163
Falco tinnunculus,Turmfalke,bw207,2023,2023-03-20,3,breeder,79
Falco tinnunculus,Turmfalke,bw207,2023,2023-04-09,1,breeder,99
Falco tinnunculus,Turmfalke,bw207,2023,2023-05-19,1,breeder,139
Falco tinnunculus,Turmfalke,bw207,2023,2023-06-09,0,breeder,160
Falco tinnunculus,Turmfalke,bw207,2024,2024-03-29,2,breeder,89
Falco tinnunculus,Turmfalke,bw207,2024,2024-04-13,2,breeder,104
Falco tinnunculus,Turmfalke,bw207,2024,2024-05-11,1,breeder,132
Falco tinnunculus,Turmfalke,bw207,2024,2024-06-08,2,breeder,160
Falco tinnunculus,Turmfalke,bw207,2024,2024-05-10,0,breeder,131
Falco tinnunculus,Turmfalke,bw207,2024,2024-06-07,0,breeder,159
Falco tinnunculus,Turmfalke,bw207,2025,2025-03-28,2,breeder,87
Falco tinnunculus,Turmfalke,bw207,2025,2025-04-12,4,breeder,102
Falco tinnunculus,Turmfalke,bw207,2025,2025-05-10,2,breeder,130
Falco tinnunculus,Turmfalke,bw207,2025,2025-06-09,2,breeder,160
Falco tinnunculus,Turmfalke,bw208,2023,2023-03-19,1,breeder,78
Falco tinnunculus,Turmfalke,bw208,2023,2023-04-09,2,breeder,99
Falco tinnunculus,Turmfalke,bw208,2023,2023-05-07,2,breeder,127
Falco tinnunculus,Turmfalke,bw208,2023,2023-05-28,1,breeder,148
Falco tinnunculus,Turmfalke,bw208,2024,2024-03-17,0,breeder,77
Falco tinnunculus,Turmfalke,bw208,2024,2024-04-12,2,breeder,103
Falco tinnunculus,Turmfalke,bw208,2024,2024-05-19,0,breeder,140
Falco tinnunculus,Turmfalke,bw208,2025,2025-03-23,2,breeder,82
Falco tinnunculus,Turmfalke,bw208,2025,2025-04-12,2,breeder,102
Falco tinnunculus,Turmfalke,bw208,2025,2025-05-01,2,breeder,121
Falco tinnunculus,Turmfalke,bw208,2025,2025-06-19,2,breeder,170
Falco tinnunculus,Turmfalke,bw209,2021,2021-05-09,1,breeder,129
Falco tinnunculus,Turmfalke,bw209,2021,2021-03-28,1,breeder,87
Falco tinnunculus,Turmfalke,bw209,2021,2021-04-24,0,breeder,114
Falco tinnunculus,Turmfalke,bw209,2021,2021-05-29,1,breeder,149
Falco tinnunculus,Turmfalke,bw209,2022,2022-05-29,1,breeder,149
Falco tinnunculus,Turmfalke,bw209,2022,2022-03-12,2,breeder,71
Falco tinnunculus,Turmfalke,bw209,2022,2022-04-16,1,breeder,106
Falco tinnunculus,Turmfalke,bw209,2022,2022-05-08,1,breeder,128
Falco tinnunculus,Turmfalke,bw209,2023,2023-04-22,1,breeder,112
Falco tinnunculus,Turmfalke,bw209,2023,2023-05-27,0,breeder,147
Falco tinnunculus,Turmfalke,bw209,2023,2023-05-06,2,breeder,126
Falco tinnunculus,Turmfalke,bw209,2023,2023-03-18,0,breeder,77
Falco tinnunculus,Turmfalke,bw209,2024,2024-03-10,0,breeder,70
Falco tinnunculus,Turmfalke,bw209,2024,2024-05-11,0,breeder,132
Falco tinnunculus,Turmfalke,bw209,2024,2024-06-14,1,breeder,166
Falco tinnunculus,Turmfalke,bw209,2024,2024-04-13,0,breeder,104
Falco tinnunculus,Turmfalke,bw209,2025,2025-06-01,2,breeder,152
Falco tinnunculus,Turmfalke,bw209,2025,2025-03-22,5,breeder,81
Falco tinnunculus,Turmfalke,bw209,2025,2025-04-06,4,breeder,96
Falco tinnunculus,Turmfalke,bw209,2025,2025-05-11,1,breeder,131
Falco tinnunculus,Turmfalke,bw21,2022,2022-03-25,1,breeder,84
Falco tinnunculus,Turmfalke,bw21,2025,2025-03-27,0,breeder,86
Falco tinnunculus,Turmfalke,bw21,2025,2025-04-29,2,breeder,119
Falco tinnunculus,Turmfalke,bw21,2025,2025-05-20,1,breeder,140
Falco tinnunculus,Turmfalke,bw21,2025,2025-06-17,1,breeder,168
Falco tinnunculus,Turmfalke,bw210,2021,2021-04-11,9,breeder,101
Falco tinnunculus,Turmfalke,bw210,2021,2021-05-09,1,breeder,129
Falco tinnunculus,Turmfalke,bw213,2021,2021-05-16,1,breeder,136
Falco tinnunculus,Turmfalke,bw213,2021,2021-03-29,1,breeder,88
Falco tinnunculus,Turmfalke,bw213,2021,2021-06-19,0,breeder,170
Falco tinnunculus,Turmfalke,bw213,2022,2022-06-04,0,breeder,155
Falco tinnunculus,Turmfalke,bw213,2022,2022-03-13,0,breeder,72
Falco tinnunculus,Turmfalke,bw213,2022,2022-04-22,2,breeder,112
Falco tinnunculus,Turmfalke,bw213,2022,2022-05-15,0,breeder,135
Falco tinnunculus,Turmfalke,bw213,2023,2023-03-28,0,breeder,87
Falco tinnunculus,Turmfalke,bw213,2023,2023-04-29,1,breeder,119
Falco tinnunculus,Turmfalke,bw213,2023,2023-05-20,0,breeder,140
Falco tinnunculus,Turmfalke,bw213,2023,2023-06-19,0,breeder,170
Falco tinnunculus,Turmfalke,bw218,2022,2022-04-17,0,breeder,107
Falco tinnunculus,Turmfalke,bw218,2022,2022-05-07,3,breeder,127
Falco tinnunculus,Turmfalke,bw218,2022,2022-03-12,0,breeder,71
Falco tinnunculus,Turmfalke,bw218,2022,2022-05-22,2,breeder,142
Falco tinnunculus,Turmfalke,bw218,2023,2023-03-22,0,breeder,81
Falco tinnunculus,Turmfalke,bw218,2023,2023-04-10,2,breeder,100
Falco tinnunculus,Turmfalke,bw218,2023,2023-05-07,2,breeder,127
Falco tinnunculus,Turmfalke,bw218,2023,2023-05-27,4,breeder,147
Falco tinnunculus,Turmfalke,bw218,2024,2024-03-17,1,breeder,77
Falco tinnunculus,Turmfalke,bw218,2024,2024-04-07,2,breeder,98
Falco tinnunculus,Turmfalke,bw218,2024,2024-05-09,0,breeder,130
Falco tinnunculus,Turmfalke,bw218,2024,2024-05-28,3,breeder,149
Falco tinnunculus,Turmfalke,bw218,2025,2025-04-19,1,breeder,109
Falco tinnunculus,Turmfalke,bw218,2025,2025-03-22,3,breeder,81
Falco tinnunculus,Turmfalke,bw218,2025,2025-05-11,5,breeder,131
Falco tinnunculus,Turmfalke,bw218,2025,2025-05-31,2,breeder,151
Falco tinnunculus,Turmfalke,bw219,2022,2022-03-27,0,breeder,86
Falco tinnunculus,Turmfalke,bw219,2022,2022-04-16,2,breeder,106
Falco tinnunculus,Turmfalke,bw219,2022,2022-05-14,2,breeder,134
Falco tinnunculus,Turmfalke,bw219,2022,2022-06-12,0,breeder,163
Falco tinnunculus,Turmfalke,bw219,2023,2023-06-03,0,breeder,154
Falco tinnunculus,Turmfalke,bw219,2023,2023-03-31,3,breeder,90
Falco tinnunculus,Turmfalke,bw219,2023,2023-04-24,1,breeder,114
Falco tinnunculus,Turmfalke,bw219,2023,2023-05-12,2,breeder,132
Falco tinnunculus,Turmfalke,bw219,2023,2023-04-23,0,breeder,113
Falco tinnunculus,Turmfalke,bw219,2024,2024-06-08,3,breeder,160
Falco tinnunculus,Turmfalke,bw219,2024,2024-03-30,0,breeder,90
Falco tinnunculus,Turmfalke,bw219,2024,2024-04-28,2,breeder,119
Falco tinnunculus,Turmfalke,bw219,2024,2024-05-13,1,breeder,134
Falco tinnunculus,Turmfalke,bw219,2025,2025-05-31,0,breeder,151
Falco tinnunculus,Turmfalke,bw219,2025,2025-03-23,2,breeder,82
Falco tinnunculus,Turmfalke,bw219,2025,2025-04-12,2,breeder,102
Falco tinnunculus,Turmfalke,bw219,2025,2025-05-03,1,breeder,123
Falco tinnunculus,Turmfalke,bw219,2025,2025-03-31,0,breeder,90
Falco tinnunculus,Turmfalke,bw221,2024,2024-05-12,0,breeder,133
Falco tinnunculus,Turmfalke,bw221,2024,2024-04-13,0,breeder,104
Falco tinnunculus,Turmfalke,bw221,2024,2024-06-07,0,breeder,159
Falco tinnunculus,Turmfalke,bw221,2024,2024-03-17,1,breeder,77
Falco tinnunculus,Turmfalke,bw221,2025,2025-03-22,1,breeder,81
Falco tinnunculus,Turmfalke,bw221,2025,2025-04-27,1,breeder,117
Falco tinnunculus,Turmfalke,bw221,2025,2025-06-09,0,breeder,160
Falco tinnunculus,Turmfalke,bw221,2025,2025-05-18,0,breeder,138
Falco tinnunculus,Turmfalke,bw226,2022,2022-03-21,0,breeder,80
Falco tinnunculus,Turmfalke,bw226,2022,2022-04-10,0,breeder,100
Falco tinnunculus,Turmfalke,bw226,2022,2022-05-01,1,breeder,121
Falco tinnunculus,Turmfalke,bw226,2022,2022-05-22,1,breeder,142
Falco tinnunculus,Turmfalke,bw226,2023,2023-03-20,2,breeder,79
Falco tinnunculus,Turmfalke,bw226,2023,2023-05-24,0,breeder,144
Falco tinnunculus,Turmfalke,bw226,2023,2023-04-09,2,breeder,99
Falco tinnunculus,Turmfalke,bw226,2023,2023-05-03,0,breeder,123
Falco tinnunculus,Turmfalke,bw226,2023,2023-05-23,0,breeder,143
Falco tinnunculus,Turmfalke,bw226,2024,2024-03-20,2,breeder,80
Falco tinnunculus,Turmfalke,bw226,2024,2024-05-02,0,breeder,123
Falco tinnunculus,Turmfalke,bw226,2024,2024-04-13,0,breeder,104
Falco tinnunculus,Turmfalke,bw226,2024,2024-05-25,2,breeder,146
Falco tinnunculus,Turmfalke,bw226,2024,2024-05-24,0,breeder,145
Falco tinnunculus,Turmfalke,bw226,2025,2025-03-22,1,breeder,81
Falco tinnunculus,Turmfalke,bw226,2025,2025-04-13,1,breeder,103
Falco tinnunculus,Turmfalke,bw226,2025,2025-05-24,0,breeder,144
Falco tinnunculus,Turmfalke,bw226,2025,2025-05-01,0,breeder,121
Falco tinnunculus,Turmfalke,bw227,2021,2021-05-08,0,breeder,128
Falco tinnunculus,Turmfalke,bw227,2021,2021-03-20,0,breeder,79
Falco tinnunculus,Turmfalke,bw227,2021,2021-04-24,1,breeder,114
Falco tinnunculus,Turmfalke,bw227,2021,2021-05-22,1,breeder,142
Falco tinnunculus,Turmfalke,bw227,2022,2022-03-20,0,breeder,79
Falco tinnunculus,Turmfalke,bw227,2022,2022-04-17,0,breeder,107
Falco tinnunculus,Turmfalke,bw227,2022,2022-05-09,1,breeder,129
Falco tinnunculus,Turmfalke,bw227,2022,2022-05-28,0,breeder,148
Falco tinnunculus,Turmfalke,bw227,2023,2023-03-21,0,breeder,80
Falco tinnunculus,Turmfalke,bw227,2023,2023-06-20,2,breeder,171
Falco tinnunculus,Turmfalke,bw227,2023,2023-04-20,1,breeder,110
Falco tinnunculus,Turmfalke,bw227,2023,2023-05-15,0,breeder,135
Falco tinnunculus,Turmfalke,bw227,2024,2024-03-27,0,breeder,87
Falco tinnunculus,Turmfalke,bw227,2024,2024-05-13,2,breeder,134
Falco tinnunculus,Turmfalke,bw227,2024,2024-06-08,1,breeder,160
Falco tinnunculus,Turmfalke,bw227,2024,2024-04-28,2,breeder,119
Falco tinnunculus,Turmfalke,bw227,2025,2025-03-30,0,breeder,89
Falco tinnunculus,Turmfalke,bw227,2025,2025-04-16,0,breeder,106
Falco tinnunculus,Turmfalke,bw227,2025,2025-05-19,2,breeder,139
Falco tinnunculus,Turmfalke,bw227,2025,2025-06-08,1,breeder,159
Falco tinnunculus,Turmfalke,bw228,2024,2024-05-13,0,breeder,134
Falco tinnunculus,Turmfalke,bw228,2024,2024-03-29,1,breeder,89
Falco tinnunculus,Turmfalke,bw228,2024,2024-04-30,0,breeder,121
Falco tinnunculus,Turmfalke,bw228,2024,2024-06-16,0,breeder,168
Falco tinnunculus,Turmfalke,bw228,2025,2025-03-20,3,breeder,79
Falco tinnunculus,Turmfalke,bw228,2025,2025-04-20,1,breeder,110
Falco tinnunculus,Turmfalke,bw228,2025,2025-05-09,1,breeder,129
Falco tinnunculus,Turmfalke,bw228,2025,2025-06-04,3,breeder,155
Falco tinnunculus,Turmfalke,bw229,2022,2022-03-25,1,breeder,84
Falco tinnunculus,Turmfalke,bw229,2022,2022-06-12,1,breeder,163
Falco tinnunculus,Turmfalke,bw229,2022,2022-04-29,1,breeder,119
Falco tinnunculus,Turmfalke,bw229,2022,2022-05-21,1,breeder,141
Falco tinnunculus,Turmfalke,bw229,2023,2023-03-25,0,breeder,84
Falco tinnunculus,Turmfalke,bw229,2023,2023-04-29,1,breeder,119
Falco tinnunculus,Turmfalke,bw229,2023,2023-05-20,1,breeder,140
Falco tinnunculus,Turmfalke,bw229,2023,2023-06-19,1,breeder,170
Falco tinnunculus,Turmfalke,bw229,2024,2024-03-22,0,breeder,82
Falco tinnunculus,Turmfalke,bw229,2024,2024-04-30,0,breeder,121
Falco tinnunculus,Turmfalke,bw229,2024,2024-05-15,0,breeder,136
Falco tinnunculus,Turmfalke,bw229,2024,2024-06-18,3,breeder,170
Falco tinnunculus,Turmfalke,bw229,2025,2025-03-27,1,breeder,86
Falco tinnunculus,Turmfalke,bw229,2025,2025-04-15,2,breeder,105
Falco tinnunculus,Turmfalke,bw229,2025,2025-05-12,2,breeder,132
Falco tinnunculus,Turmfalke,bw229,2025,2025-06-16,1,breeder,167
Falco tinnunculus,Turmfalke,bw230,2022,2022-03-20,0,breeder,79
Falco tinnunculus,Turmfalke,bw230,2022,2022-04-15,1,breeder,105
Falco tinnunculus,Turmfalke,bw230,2022,2022-05-02,0,breeder,122
Falco tinnunculus,Turmfalke,bw230,2022,2022-06-03,0,breeder,154
Falco tinnunculus,Turmfalke,bw230,2023,2023-04-05,0,breeder,95
Falco tinnunculus,Turmfalke,bw230,2023,2023-03-17,0,breeder,76
Falco tinnunculus,Turmfalke,bw230,2023,2023-05-12,3,breeder,132
Falco tinnunculus,Turmfalke,bw230,2023,2023-06-12,0,breeder,163
Falco tinnunculus,Turmfalke,bw230,2025,2025-05-01,1,breeder,121
Falco tinnunculus,Turmfalke,bw230,2025,2025-03-10,0,breeder,69
Falco tinnunculus,Turmfalke,bw230,2025,2025-05-27,0,breeder,147
Falco tinnunculus,Turmfalke,bw230,2025,2025-04-15,0,breeder,105
Falco tinnunculus,Turmfalke,bw245,2022,2022-04-10,0,breeder,100
Falco tinnunculus,Turmfalke,bw245,2022,2022-04-21,1,breeder,111
Falco tinnunculus,Turmfalke,bw245,2022,2022-05-23,2,breeder,143
Falco tinnunculus,Turmfalke,bw245,2022,2022-06-13,1,breeder,164
Falco tinnunculus,Turmfalke,bw245,2023,2023-04-26,0,breeder,116
Falco tinnunculus,Turmfalke,bw245,2023,2023-04-07,0,breeder,97
Falco tinnunculus,Turmfalke,bw245,2023,2023-05-01,0,breeder,121
Falco tinnunculus,Turmfalke,bw245,2023,2023-06-04,1,breeder,155
Falco tinnunculus,Turmfalke,bw245,2024,2024-04-08,1,breeder,99
Falco tinnunculus,Turmfalke,bw245,2024,2024-03-18,0,breeder,78
Falco tinnunculus,Turmfalke,bw245,2024,2024-05-01,0,breeder,122
Falco tinnunculus,Turmfalke,bw246,2024,2024-03-25,2,breeder,85
Falco tinnunculus,Turmfalke,bw246,2024,2024-04-28,1,breeder,119
Falco tinnunculus,Turmfalke,bw246,2024,2024-05-11,0,breeder,132
Falco tinnunculus,Turmfalke,bw246,2024,2024-06-06,3,breeder,158
Falco tinnunculus,Turmfalke,bw246,2025,2025-05-13,0,breeder,133
Falco tinnunculus,Turmfalke,bw246,2025,2025-03-20,2,breeder,79
Falco tinnunculus,Turmfalke,bw246,2025,2025-04-17,1,breeder,107
Falco tinnunculus,Turmfalke,bw246,2025,2025-06-10,1,breeder,161
Falco tinnunculus,Turmfalke,bw248,2024,2024-03-25,2,breeder,85
Falco tinnunculus,Turmfalke,bw248,2024,2024-05-16,3,breeder,137
Falco tinnunculus,Turmfalke,bw248,2024,2024-06-18,1,breeder,170
Falco tinnunculus,Turmfalke,bw248,2024,2024-04-29,0,breeder,120
Falco tinnunculus,Turmfalke,bw248,2025,2025-06-17,2,breeder,168
Falco tinnunculus,Turmfalke,bw248,2025,2025-05-20,2,breeder,140
Falco tinnunculus,Turmfalke,bw248,2025,2025-03-26,6,breeder,85
Falco tinnunculus,Turmfalke,bw248,2025,2025-04-09,3,breeder,99
Falco tinnunculus,Turmfalke,bw25,2022,2022-06-18,0,breeder,169
Falco tinnunculus,Turmfalke,bw25,2022,2022-03-27,1,breeder,86
Falco tinnunculus,Turmfalke,bw25,2022,2022-04-10,1,breeder,100
Falco tinnunculus,Turmfalke,bw25,2022,2022-05-01,1,breeder,121
Falco tinnunculus,Turmfalke,bw25,2024,2024-05-12,0,breeder,133
Falco tinnunculus,Turmfalke,bw25,2024,2024-05-26,1,breeder,147
Falco tinnunculus,Turmfalke,bw25,2024,2024-03-20,0,breeder,80
Falco tinnunculus,Turmfalke,bw25,2024,2024-04-07,1,breeder,98
Falco tinnunculus,Turmfalke,bw25,2025,2025-03-21,1,breeder,80
Falco tinnunculus,Turmfalke,bw25,2025,2025-04-04,1,breeder,94
Falco tinnunculus,Turmfalke,bw25,2025,2025-05-16,2,breeder,136
Falco tinnunculus,Turmfalke,bw25,2025,2025-06-03,1,breeder,154
Falco tinnunculus,Turmfalke,bw251,2022,2022-06-13,0,breeder,164
Falco tinnunculus,Turmfalke,bw251,2022,2022-03-26,1,breeder,85
Falco tinnunculus,Turmfalke,bw251,2022,2022-04-27,2,breeder,117
Falco tinnunculus,Turmfalke,bw251,2022,2022-05-09,1,breeder,129
Falco tinnunculus,Turmfalke,bw251,2023,2023-05-30,2,breeder,150
Falco tinnunculus,Turmfalke,bw251,2023,2023-03-28,1,breeder,87
Falco tinnunculus,Turmfalke,bw251,2023,2023-04-26,2,breeder,116
Falco tinnunculus,Turmfalke,bw251,2023,2023-05-15,1,breeder,135
Falco tinnunculus,Turmfalke,bw251,2024,2024-06-17,0,breeder,169
Falco tinnunculus,Turmfalke,bw251,2024,2024-04-22,0,breeder,113
Falco tinnunculus,Turmfalke,bw251,2024,2024-03-14,2,breeder,74
Falco tinnunculus,Turmfalke,bw251,2024,2024-05-14,1,breeder,135
Falco tinnunculus,Turmfalke,bw251,2025,2025-05-19,2,breeder,139
Falco tinnunculus,Turmfalke,bw251,2025,2025-06-05,0,breeder,156
Falco tinnunculus,Turmfalke,bw251,2025,2025-03-14,0,breeder,73
Falco tinnunculus,Turmfalke,bw251,2025,2025-04-30,1,breeder,120
Falco tinnunculus,Turmfalke,bw254,2024,2024-03-20,0,breeder,80
Falco tinnunculus,Turmfalke,bw254,2024,2024-05-19,1,breeder,140
Falco tinnunculus,Turmfalke,bw254,2024,2024-04-14,0,breeder,105
Falco tinnunculus,Turmfalke,bw254,2024,2024-06-18,0,breeder,170
Falco tinnunculus,Turmfalke,bw254,2025,2025-03-24,0,breeder,83
Falco tinnunculus,Turmfalke,bw254,2025,2025-04-07,2,breeder,97
Falco tinnunculus,Turmfalke,bw254,2025,2025-06-16,0,breeder,167
Falco tinnunculus,Turmfalke,bw254,2025,2025-05-12,0,breeder,132
Falco tinnunculus,Turmfalke,bw255,2024,2024-03-20,1,breeder,80
Falco tinnunculus,Turmfalke,bw255,2024,2024-04-04,3,breeder,95
Falco tinnunculus,Turmfalke,bw255,2024,2024-06-06,2,breeder,158
Falco tinnunculus,Turmfalke,bw255,2024,2024-05-14,2,breeder,135
Falco tinnunculus,Turmfalke,bw255,2025,2025-05-08,1,breeder,128
Falco tinnunculus,Turmfalke,bw255,2025,2025-03-17,1,breeder,76
Falco tinnunculus,Turmfalke,bw255,2025,2025-04-08,3,breeder,98
Falco tinnunculus,Turmfalke,bw255,2025,2025-05-23,1,breeder,143
Falco tinnunculus,Turmfalke,bw256,2024,2024-03-22,0,breeder,82
Falco tinnunculus,Turmfalke,bw256,2024,2024-04-11,0,breeder,102
Falco tinnunculus,Turmfalke,bw256,2024,2024-05-15,0,breeder,136
Falco tinnunculus,Turmfalke,bw256,2024,2024-06-19,2,breeder,171
Falco tinnunculus,Turmfalke,bw256,2025,2025-03-21,0,breeder,80
Falco tinnunculus,Turmfalke,bw256,2025,2025-04-10,3,breeder,100
Falco tinnunculus,Turmfalke,bw256,2025,2025-05-06,2,breeder,126
Falco tinnunculus,Turmfalke,bw256,2025,2025-06-05,0,breeder,156
Falco tinnunculus,Turmfalke,bw257,2022,2022-03-27,1,breeder,86
Falco tinnunculus,Turmfalke,bw257,2022,2022-04-16,2,breeder,106
Falco tinnunculus,Turmfalke,bw257,2022,2022-05-09,2,breeder,129
Falco tinnunculus,Turmfalke,bw257,2022,2022-06-06,3,breeder,157
Falco tinnunculus,Turmfalke,bw257,2023,2023-03-19,2,breeder,78
Falco tinnunculus,Turmfalke,bw257,2023,2023-04-10,2,breeder,100
Falco tinnunculus,Turmfalke,bw257,2023,2023-05-02,4,breeder,122
Falco tinnunculus,Turmfalke,bw257,2023,2023-05-21,2,breeder,141
Falco tinnunculus,Turmfalke,bw257,2024,2024-03-22,2,breeder,82
Falco tinnunculus,Turmfalke,bw257,2024,2024-05-07,5,breeder,128
Falco tinnunculus,Turmfalke,bw257,2024,2024-05-26,3,breeder,147
Falco tinnunculus,Turmfalke,bw257,2024,2024-04-12,2,breeder,103
Falco tinnunculus,Turmfalke,bw257,2025,2025-05-30,3,breeder,150
Falco tinnunculus,Turmfalke,bw257,2025,2025-03-24,2,breeder,83
Falco tinnunculus,Turmfalke,bw257,2025,2025-04-15,4,breeder,105
Falco tinnunculus,Turmfalke,bw257,2025,2025-05-07,1,breeder,127
Falco tinnunculus,Turmfalke,bw259,2024,2024-05-20,2,breeder,141
Falco tinnunculus,Turmfalke,bw259,2024,2024-06-17,1,breeder,169
Falco tinnunculus,Turmfalke,bw259,2024,2024-03-21,0,breeder,81
Falco tinnunculus,Turmfalke,bw259,2024,2024-04-19,2,breeder,110
Falco tinnunculus,Turmfalke,bw259,2025,2025-04-26,2,breeder,116
Falco tinnunculus,Turmfalke,bw259,2025,2025-05-13,0,breeder,133
Falco tinnunculus,Turmfalke,bw259,2025,2025-06-13,0,breeder,164
Falco tinnunculus,Turmfalke,bw259,2025,2025-03-20,2,breeder,79
Falco tinnunculus,Turmfalke,bw263,2021,2021-06-04,0,breeder,155
Falco tinnunculus,Turmfalke,bw263,2021,2021-03-30,1,breeder,89
Falco tinnunculus,Turmfalke,bw263,2021,2021-04-17,0,breeder,107
Falco tinnunculus,Turmfalke,bw263,2022,2022-05-15,0,breeder,135
Falco tinnunculus,Turmfalke,bw263,2022,2022-06-04,1,breeder,155
Falco tinnunculus,Turmfalke,bw263,2022,2022-04-22,2,breeder,112
Falco tinnunculus,Turmfalke,bw263,2022,2022-03-20,0,breeder,79
Falco tinnunculus,Turmfalke,bw263,2023,2023-06-01,0,breeder,152
Falco tinnunculus,Turmfalke,bw263,2023,2023-04-22,0,breeder,112
Falco tinnunculus,Turmfalke,bw263,2023,2023-04-04,3,breeder,94
Falco tinnunculus,Turmfalke,bw263,2023,2023-05-13,4,breeder,133
Falco tinnunculus,Turmfalke,bw263,2024,2024-05-10,1,breeder,131
Falco tinnunculus,Turmfalke,bw263,2024,2024-06-16,0,breeder,168
Falco tinnunculus,Turmfalke,bw263,2024,2024-03-17,0,breeder,77
Falco tinnunculus,Turmfalke,bw263,2024,2024-04-14,2,breeder,105
Falco tinnunculus,Turmfalke,bw263,2025,2025-06-12,0,breeder,163
Falco tinnunculus,Turmfalke,bw263,2025,2025-04-19,0,breeder,109
Falco tinnunculus,Turmfalke,bw263,2025,2025-05-11,1,breeder,131
Falco tinnunculus,Turmfalke,bw263,2025,2025-03-30,2,breeder,89
Falco tinnunculus,Turmfalke,bw265,2021,2021-03-27,1,breeder,86
Falco tinnunculus,Turmfalke,bw265,2021,2021-04-24,2,breeder,114
Falco tinnunculus,Turmfalke,bw265,2021,2021-06-19,4,breeder,170
Falco tinnunculus,Turmfalke,bw265,2021,2021-05-15,2,breeder,135
Falco tinnunculus,Turmfalke,bw265,2022,2022-06-06,5,breeder,157
Falco tinnunculus,Turmfalke,bw265,2022,2022-03-26,1,breeder,85
Falco tinnunculus,Turmfalke,bw265,2022,2022-04-16,2,breeder,106
Falco tinnunculus,Turmfalke,bw265,2022,2022-05-15,2,breeder,135
Falco tinnunculus,Turmfalke,bw265,2023,2023-04-15,1,breeder,105
Falco tinnunculus,Turmfalke,bw265,2023,2023-03-31,0,breeder,90
Falco tinnunculus,Turmfalke,bw265,2023,2023-06-11,1,breeder,162
Falco tinnunculus,Turmfalke,bw265,2023,2023-05-12,0,breeder,132
Falco tinnunculus,Turmfalke,bw265,2024,2024-05-11,2,breeder,132
Falco tinnunculus,Turmfalke,bw265,2024,2024-03-30,0,breeder,90
Falco tinnunculus,Turmfalke,bw265,2024,2024-04-14,2,breeder,105
Falco tinnunculus,Turmfalke,bw265,2024,2024-06-16,2,breeder,168
Falco tinnunculus,Turmfalke,bw265,2025,2025-05-11,2,breeder,131
Falco tinnunculus,Turmfalke,bw265,2025,2025-03-30,0,breeder,89
Falco tinnunculus,Turmfalke,bw265,2025,2025-06-14,1,breeder,165
Falco tinnunculus,Turmfalke,bw265,2025,2025-04-27,2,breeder,117
Falco tinnunculus,Turmfalke,bw266,2021,2021-06-10,0,breeder,161
Falco tinnunculus,Turmfalke,bw266,2021,2021-04-15,3,breeder,105
Falco tinnunculus,Turmfalke,bw266,2021,2021-05-13,1,breeder,133
Falco tinnunculus,Turmfalke,bw266,2021,2021-03-24,1,breeder,83
Falco tinnunculus,Turmfalke,bw266,2023,2023-04-17,3,breeder,107
Falco tinnunculus,Turmfalke,bw266,2023,2023-06-14,1,breeder,165
Falco tinnunculus,Turmfalke,bw266,2023,2023-05-08,3,breeder,128
Falco tinnunculus,Turmfalke,bw266,2023,2023-03-27,1,breeder,86
Falco tinnunculus,Turmfalke,bw266,2024,2024-06-17,0,breeder,169
Falco tinnunculus,Turmfalke,bw266,2024,2024-04-17,0,breeder,108
Falco tinnunculus,Turmfalke,bw266,2024,2024-05-13,4,breeder,134
Falco tinnunculus,Turmfalke,bw266,2024,2024-03-11,2,breeder,71
Falco tinnunculus,Turmfalke,bw266,2025,2025-06-04,1,breeder,155
Falco tinnunculus,Turmfalke,bw266,2025,2025-05-14,4,breeder,134
Falco tinnunculus,Turmfalke,bw266,2025,2025-03-26,0,breeder,85
Falco tinnunculus,Turmfalke,bw266,2025,2025-04-23,5,breeder,113
Falco tinnunculus,Turmfalke,bw267,2022,2022-05-19,0,breeder,139
Falco tinnunculus,Turmfalke,bw267,2022,2022-03-26,2,breeder,85
Falco tinnunculus,Turmfalke,bw267,2022,2022-04-29,1,breeder,119
Falco tinnunculus,Turmfalke,bw267,2022,2022-06-19,0,breeder,170
Falco tinnunculus,Turmfalke,bw267,2024,2024-03-22,1,breeder,82
Falco tinnunculus,Turmfalke,bw267,2024,2024-04-05,4,breeder,96
Falco tinnunculus,Turmfalke,bw267,2024,2024-05-25,1,breeder,146
Falco tinnunculus,Turmfalke,bw267,2024,2024-05-18,2,breeder,139
Falco tinnunculus,Turmfalke,bw267,2025,2025-03-10,0,breeder,69
Falco tinnunculus,Turmfalke,bw267,2025,2025-05-09,0,breeder,129
Falco tinnunculus,Turmfalke,bw267,2025,2025-05-23,1,breeder,143
Falco tinnunculus,Turmfalke,bw267,2025,2025-04-04,3,breeder,94
Falco tinnunculus,Turmfalke,bw268,2022,2022-03-26,0,breeder,85
Falco tinnunculus,Turmfalke,bw268,2022,2022-04-28,1,breeder,118
Falco tinnunculus,Turmfalke,bw268,2022,2022-05-14,1,breeder,134
Falco tinnunculus,Turmfalke,bw268,2022,2022-05-26,3,breeder,146
Falco tinnunculus,Turmfalke,bw268,2023,2023-04-21,5,breeder,111
Falco tinnunculus,Turmfalke,bw268,2023,2023-05-12,2,breeder,132
Falco tinnunculus,Turmfalke,bw268,2023,2023-05-28,3,breeder,148
Falco tinnunculus,Turmfalke,bw268,2023,2023-03-17,0,breeder,76
Falco tinnunculus,Turmfalke,bw268,2024,2024-05-30,1,breeder,151
Falco tinnunculus,Turmfalke,bw268,2024,2024-03-22,0,breeder,82
Falco tinnunculus,Turmfalke,bw268,2024,2024-04-08,2,breeder,99
Falco tinnunculus,Turmfalke,bw268,2024,2024-05-19,2,breeder,140
Falco tinnunculus,Turmfalke,bw268,2025,2025-04-26,2,breeder,116
Falco tinnunculus,Turmfalke,bw268,2025,2025-05-30,1,breeder,150
Falco tinnunculus,Turmfalke,bw268,2025,2025-03-20,0,breeder,79
Falco tinnunculus,Turmfalke,bw268,2025,2025-05-11,0,breeder,131
Falco tinnunculus,Turmfalke,bw28,2022,2022-06-10,3,breeder,161
Falco tinnunculus,Turmfalke,bw28,2022,2022-03-29,4,breeder,88
Falco tinnunculus,Turmfalke,bw28,2022,2022-04-17,1,breeder,107
Falco tinnunculus,Turmfalke,bw28,2022,2022-05-15,4,breeder,135
Falco tinnunculus,Turmfalke,bw28,2023,2023-03-25,0,breeder,84
Falco tinnunculus,Turmfalke,bw28,2023,2023-04-15,5,breeder,105
Falco tinnunculus,Turmfalke,bw28,2023,2023-05-18,3,breeder,138
Falco tinnunculus,Turmfalke,bw28,2023,2023-05-29,0,breeder,149
Falco tinnunculus,Turmfalke,bw28,2024,2024-03-12,1,breeder,72
Falco tinnunculus,Turmfalke,bw28,2024,2024-04-06,0,breeder,97
Falco tinnunculus,Turmfalke,bw28,2024,2024-05-01,3,breeder,122
Falco tinnunculus,Turmfalke,bw28,2024,2024-05-23,3,breeder,144
Falco tinnunculus,Turmfalke,bw28,2025,2025-05-06,2,breeder,126
Falco tinnunculus,Turmfalke,bw28,2025,2025-03-11,2,breeder,70
Falco tinnunculus,Turmfalke,bw28,2025,2025-04-01,2,breeder,91
Falco tinnunculus,Turmfalke,bw28,2025,2025-06-02,2,breeder,153
Falco tinnunculus,Turmfalke,bw29,2024,2024-03-23,0,breeder,83
Falco tinnunculus,Turmfalke,bw29,2024,2024-04-15,0,breeder,106
Falco tinnunculus,Turmfalke,bw29,2024,2024-05-29,1,breeder,150
Falco tinnunculus,Turmfalke,bw29,2024,2024-06-28,0,breeder,180
Falco tinnunculus,Turmfalke,bw29,2025,2025-05-14,2,breeder,134
Falco tinnunculus,Turmfalke,bw29,2025,2025-03-27,0,breeder,86
Falco tinnunculus,Turmfalke,bw29,2025,2025-04-21,0,breeder,111
Falco tinnunculus,Turmfalke,bw29,2025,2025-06-19,0,breeder,170
Falco tinnunculus,Turmfalke,bw293,2025,2025-03-10,2,breeder,69
Falco tinnunculus,Turmfalke,bw293,2025,2025-04-12,0,breeder,102
Falco tinnunculus,Turmfalke,bw293,2025,2025-05-11,0,breeder,131
Falco tinnunculus,Turmfalke,bw293,2025,2025-06-10,0,breeder,161
Falco tinnunculus,Turmfalke,bw294,2022,2022-03-10,1,breeder,69
Falco tinnunculus,Turmfalke,bw294,2022,2022-04-06,0,breeder,96
Falco tinnunculus,Turmfalke,bw294,2022,2022-05-09,3,breeder,129
Falco tinnunculus,Turmfalke,bw294,2022,2022-05-21,5,breeder,141
Falco tinnunculus,Turmfalke,bw294,2023,2023-03-18,0,breeder,77
Falco tinnunculus,Turmfalke,bw294,2023,2023-04-19,3,breeder,109
Falco tinnunculus,Turmfalke,bw294,2023,2023-05-04,4,breeder,124
Falco tinnunculus,Turmfalke,bw294,2023,2023-05-25,2,breeder,145
Falco tinnunculus,Turmfalke,bw294,2024,2024-03-14,1,breeder,74
Falco tinnunculus,Turmfalke,bw294,2024,2024-04-07,4,breeder,98
Falco tinnunculus,Turmfalke,bw294,2024,2024-05-01,3,breeder,122
Falco tinnunculus,Turmfalke,bw294,2024,2024-05-23,2,breeder,144
Falco tinnunculus,Turmfalke,bw294,2025,2025-03-11,0,breeder,70
Falco tinnunculus,Turmfalke,bw294,2025,2025-04-04,2,breeder,94
Falco tinnunculus,Turmfalke,bw294,2025,2025-05-01,1,breeder,121
Falco tinnunculus,Turmfalke,bw294,2025,2025-05-21,3,breeder,141
Falco tinnunculus,Turmfalke,bw295,2021,2021-05-09,1,breeder,129
Falco tinnunculus,Turmfalke,bw295,2021,2021-05-24,4,breeder,144
Falco tinnunculus,Turmfalke,bw295,2021,2021-03-28,1,breeder,87
Falco tinnunculus,Turmfalke,bw295,2021,2021-04-17,2,breeder,107
Falco tinnunculus,Turmfalke,bw295,2022,2022-03-13,1,breeder,72
Falco tinnunculus,Turmfalke,bw295,2022,2022-04-13,0,breeder,103
Falco tinnunculus,Turmfalke,bw295,2022,2022-05-08,1,breeder,128
Falco tinnunculus,Turmfalke,bw295,2022,2022-06-11,0,breeder,162
Falco tinnunculus,Turmfalke,bw295,2023,2023-06-09,1,breeder,160
Falco tinnunculus,Turmfalke,bw295,2023,2023-04-22,2,breeder,112
Falco tinnunculus,Turmfalke,bw295,2023,2023-05-19,0,breeder,139
Falco tinnunculus,Turmfalke,bw295,2024,2024-03-17,0,breeder,77
Falco tinnunculus,Turmfalke,bw295,2024,2024-04-13,2,breeder,104
Falco tinnunculus,Turmfalke,bw295,2024,2024-06-16,1,breeder,168
Falco tinnunculus,Turmfalke,bw295,2024,2024-05-09,2,breeder,130
Falco tinnunculus,Turmfalke,bw295,2025,2025-05-06,2,breeder,126
Falco tinnunculus,Turmfalke,bw295,2025,2025-03-20,0,breeder,79
Falco tinnunculus,Turmfalke,bw295,2025,2025-04-09,0,breeder,99
Falco tinnunculus,Turmfalke,bw3,2024,2024-03-17,0,breeder,77
Falco tinnunculus,Turmfalke,bw3,2024,2024-04-14,3,breeder,105
Falco tinnunculus,Turmfalke,bw3,2024,2024-05-12,2,breeder,133
Falco tinnunculus,Turmfalke,bw3,2024,2024-06-16,1,breeder,168
Falco tinnunculus,Turmfalke,bw3,2025,2025-03-14,0,breeder,73
Falco tinnunculus,Turmfalke,bw3,2025,2025-04-13,4,breeder,103
Falco tinnunculus,Turmfalke,bw3,2025,2025-05-10,0,breeder,130
Falco tinnunculus,Turmfalke,bw3,2025,2025-05-11,2,breeder,131
Falco tinnunculus,Turmfalke,bw3,2025,2025-06-07,0,breeder,158
Falco tinnunculus,Turmfalke,bw3,2025,2025-06-08,2,breeder,159
Falco tinnunculus,Turmfalke,bw301,2022,2022-04-17,1,breeder,107
Falco tinnunculus,Turmfalke,bw301,2022,2022-03-25,0,breeder,84
Falco tinnunculus,Turmfalke,bw301,2022,2022-05-06,2,breeder,126
Falco tinnunculus,Turmfalke,bw301,2022,2022-06-07,2,breeder,158
Falco tinnunculus,Turmfalke,bw301,2023,2023-04-14,1,breeder,104
Falco tinnunculus,Turmfalke,bw301,2023,2023-03-23,1,breeder,82
Falco tinnunculus,Turmfalke,bw301,2023,2023-05-09,1,breeder,129
Falco tinnunculus,Turmfalke,bw301,2023,2023-06-07,0,breeder,158
Falco tinnunculus,Turmfalke,bw301,2024,2024-03-27,1,breeder,87
Falco tinnunculus,Turmfalke,bw301,2024,2024-06-07,1,breeder,159
Falco tinnunculus,Turmfalke,bw301,2024,2024-05-05,1,breeder,126
Falco tinnunculus,Turmfalke,bw301,2024,2024-04-19,1,breeder,110
Falco tinnunculus,Turmfalke,bw301,2025,2025-06-06,2,breeder,157
Falco tinnunculus,Turmfalke,bw301,2025,2025-03-25,1,breeder,84
Falco tinnunculus,Turmfalke,bw301,2025,2025-04-16,1,breeder,106
Falco tinnunculus,Turmfalke,bw301,2025,2025-05-09,2,breeder,129
Falco tinnunculus,Turmfalke,bw303,2024,2024-03-27,4,breeder,87
Falco tinnunculus,Turmfalke,bw303,2024,2024-05-12,4,breeder,133
Falco tinnunculus,Turmfalke,bw303,2024,2024-06-05,4,breeder,157
Falco tinnunculus,Turmfalke,bw303,2024,2024-04-19,3,breeder,110
Falco tinnunculus,Turmfalke,bw303,2025,2025-04-12,2,breeder,102
Falco tinnunculus,Turmfalke,bw303,2025,2025-03-23,5,breeder,82
Falco tinnunculus,Turmfalke,bw303,2025,2025-05-11,2,breeder,131
Falco tinnunculus,Turmfalke,bw303,2025,2025-06-10,1,breeder,161
Falco tinnunculus,Turmfalke,bw307,2021,2021-04-03,1,breeder,93
Falco tinnunculus,Turmfalke,bw307,2021,2021-04-11,0,breeder,101
Falco tinnunculus,Turmfalke,bw307,2021,2021-05-15,2,breeder,135
Falco tinnunculus,Turmfalke,bw307,2021,2021-06-13,0,breeder,164
Falco tinnunculus,Turmfalke,bw307,2022,2022-03-26,0,breeder,85
Falco tinnunculus,Turmfalke,bw307,2022,2022-04-16,1,breeder,106
Falco tinnunculus,Turmfalke,bw307,2022,2022-05-14,0,breeder,134
Falco tinnunculus,Turmfalke,bw307,2022,2022-06-05,0,breeder,156
Falco tinnunculus,Turmfalke,bw307,2023,2023-03-26,2,breeder,85
Falco tinnunculus,Turmfalke,bw307,2023,2023-04-07,0,breeder,97
Falco tinnunculus,Turmfalke,bw307,2023,2023-05-14,1,breeder,134
Falco tinnunculus,Turmfalke,bw307,2023,2023-05-21,1,breeder,141
Falco tinnunculus,Turmfalke,bw307,2024,2024-03-31,2,breeder,91
Falco tinnunculus,Turmfalke,bw307,2024,2024-04-07,1,breeder,98
Falco tinnunculus,Turmfalke,bw307,2024,2024-05-20,1,breeder,141
Falco tinnunculus,Turmfalke,bw307,2024,2024-06-08,3,breeder,160
Falco tinnunculus,Turmfalke,bw307,2025,2025-03-22,1,breeder,81
Falco tinnunculus,Turmfalke,bw307,2025,2025-04-06,1,breeder,96
Falco tinnunculus,Turmfalke,bw307,2025,2025-05-02,1,breeder,122
Falco tinnunculus,Turmfalke,bw307,2025,2025-05-30,0,breeder,150
Falco tinnunculus,Turmfalke,bw308,2024,2024-03-25,2,breeder,85
Falco tinnunculus,Turmfalke,bw308,2024,2024-04-14,1,breeder,105
Falco tinnunculus,Turmfalke,bw308,2024,2024-05-01,2,breeder,122
Falco tinnunculus,Turmfalke,bw308,2024,2024-06-13,1,breeder,165
Falco tinnunculus,Turmfalke,bw308,2025,2025-03-28,4,breeder,87
Falco tinnunculus,Turmfalke,bw308,2025,2025-04-11,5,breeder,101
Falco tinnunculus,Turmfalke,bw308,2025,2025-05-12,2,breeder,132
Falco tinnunculus,Turmfalke,bw308,2025,2025-06-03,4,breeder,154
Falco tinnunculus,Turmfalke,bw309,2023,2023-05-29,0,breeder,149
Falco tinnunculus,Turmfalke,bw309,2023,2023-03-25,1,breeder,84
Falco tinnunculus,Turmfalke,bw309,2023,2023-05-13,0,breeder,133
Falco tinnunculus,Turmfalke,bw309,2023,2023-04-08,1,breeder,98
Falco tinnunculus,Turmfalke,bw309,2024,2024-06-08,0,breeder,160
Falco tinnunculus,Turmfalke,bw309,2024,2024-03-26,0,breeder,86
Falco tinnunculus,Turmfalke,bw309,2024,2024-04-14,1,breeder,105
Falco tinnunculus,Turmfalke,bw309,2024,2024-05-11,1,breeder,132
Falco tinnunculus,Turmfalke,bw309,2025,2025-06-09,0,breeder,160
Falco tinnunculus,Turmfalke,bw309,2025,2025-03-28,2,breeder,87
Falco tinnunculus,Turmfalke,bw309,2025,2025-05-09,0,breeder,129
Falco tinnunculus,Turmfalke,bw309,2025,2025-04-21,2,breeder,111
Falco tinnunculus,Turmfalke,bw31,2023,2023-04-29,1,breeder,119
Falco tinnunculus,Turmfalke,bw31,2023,2023-03-28,1,breeder,87
Falco tinnunculus,Turmfalke,bw31,2023,2023-06-04,1,breeder,155
Falco tinnunculus,Turmfalke,bw31,2023,2023-05-16,2,breeder,136
Falco tinnunculus,Turmfalke,bw31,2024,2024-05-26,1,breeder,147
Falco tinnunculus,Turmfalke,bw31,2024,2024-03-20,2,breeder,80
Falco tinnunculus,Turmfalke,bw31,2024,2024-04-28,2,breeder,119
Falco tinnunculus,Turmfalke,bw31,2024,2024-06-18,5,breeder,170
Falco tinnunculus,Turmfalke,bw31,2024,2024-05-25,0,breeder,146
Falco tinnunculus,Turmfalke,bw311,2024,2024-04-13,1,breeder,104
Falco tinnunculus,Turmfalke,bw311,2024,2024-06-07,0,breeder,159
Falco tinnunculus,Turmfalke,bw311,2024,2024-03-20,1,breeder,80
Falco tinnunculus,Turmfalke,bw311,2024,2024-05-04,1,breeder,125
Falco tinnunculus,Turmfalke,bw311,2025,2025-05-12,0,breeder,132
Falco tinnunculus,Turmfalke,bw311,2025,2025-06-08,1,breeder,159
Falco tinnunculus,Turmfalke,bw311,2025,2025-03-25,3,breeder,84
Falco tinnunculus,Turmfalke,bw311,2025,2025-04-11,2,breeder,101
Falco tinnunculus,Turmfalke,bw313,2022,2022-05-26,2,breeder,146
Falco tinnunculus,Turmfalke,bw313,2022,2022-03-30,1,breeder,89
Falco tinnunculus,Turmfalke,bw313,2022,2022-06-23,1,breeder,174
Falco tinnunculus,Turmfalke,bw313,2022,2022-05-04,1,breeder,124
Falco tinnunculus,Turmfalke,bw313,2023,2023-04-29,3,breeder,119
Falco tinnunculus,Turmfalke,bw313,2023,2023-06-17,0,breeder,168
Falco tinnunculus,Turmfalke,bw313,2023,2023-03-28,1,breeder,87
Falco tinnunculus,Turmfalke,bw313,2023,2023-05-19,4,breeder,139
Falco tinnunculus,Turmfalke,bw313,2024,2024-03-03,3,breeder,63
Falco tinnunculus,Turmfalke,bw313,2024,2024-04-27,1,breeder,118
Falco tinnunculus,Turmfalke,bw313,2024,2024-05-31,1,breeder,152
Falco tinnunculus,Turmfalke,bw313,2024,2024-06-19,7,breeder,171
Falco tinnunculus,Turmfalke,bw313,2025,2025-03-23,5,breeder,82
Falco tinnunculus,Turmfalke,bw313,2025,2025-04-22,6,breeder,112
Falco tinnunculus,Turmfalke,bw313,2025,2025-05-29,3,breeder,149
Falco tinnunculus,Turmfalke,bw313,2025,2025-06-12,1,breeder,163
Falco tinnunculus,Turmfalke,bw316,2024,2024-05-16,5,breeder,137
Falco tinnunculus,Turmfalke,bw316,2024,2024-06-17,4,breeder,169
Falco tinnunculus,Turmfalke,bw316,2024,2024-03-25,1,breeder,85
Falco tinnunculus,Turmfalke,bw316,2024,2024-04-24,2,breeder,115
Falco tinnunculus,Turmfalke,bw316,2025,2025-05-16,3,breeder,136
Falco tinnunculus,Turmfalke,bw316,2025,2025-06-10,2,breeder,161
Falco tinnunculus,Turmfalke,bw316,2025,2025-03-28,1,breeder,87
Falco tinnunculus,Turmfalke,bw316,2025,2025-04-23,4,breeder,113
Falco tinnunculus,Turmfalke,bw317,2024,2024-04-12,3,breeder,103
Falco tinnunculus,Turmfalke,bw317,2024,2024-06-05,2,breeder,157
Falco tinnunculus,Turmfalke,bw317,2024,2024-03-20,4,breeder,80
Falco tinnunculus,Turmfalke,bw317,2024,2024-05-09,3,breeder,130
Falco tinnunculus,Turmfalke,bw317,2025,2025-06-10,2,breeder,161
Falco tinnunculus,Turmfalke,bw317,2025,2025-03-27,2,breeder,86
Falco tinnunculus,Turmfalke,bw317,2025,2025-05-09,1,breeder,129
Falco tinnunculus,Turmfalke,bw317,2025,2025-04-16,3,breeder,106
Falco tinnunculus,Turmfalke,bw318,2021,2021-03-24,0,breeder,83
Falco tinnunculus,Turmfalke,bw318,2021,2021-04-18,0,breeder,108
Falco tinnunculus,Turmfalke,bw318,2021,2021-05-09,0,breeder,129
Falco tinnunculus,Turmfalke,bw318,2021,2021-06-04,1,breeder,155
Falco tinnunculus,Turmfalke,bw318,2023,2023-04-30,2,breeder,120
Falco tinnunculus,Turmfalke,bw318,2023,2023-03-29,0,breeder,88
Falco tinnunculus,Turmfalke,bw318,2023,2023-05-13,0,breeder,133
Falco tinnunculus,Turmfalke,bw318,2023,2023-06-04,0,breeder,155
Falco tinnunculus,Turmfalke,bw318,2024,2024-03-17,0,breeder,77
Falco tinnunculus,Turmfalke,bw318,2024,2024-04-28,0,breeder,119
Falco tinnunculus,Turmfalke,bw318,2024,2024-05-12,1,breeder,133
Falco tinnunculus,Turmfalke,bw318,2024,2024-06-16,0,breeder,168
Falco tinnunculus,Turmfalke,bw318,2025,2025-06-09,0,breeder,160
Falco tinnunculus,Turmfalke,bw318,2025,2025-03-16,2,breeder,75
Falco tinnunculus,Turmfalke,bw318,2025,2025-04-23,3,breeder,113
Falco tinnunculus,Turmfalke,bw318,2025,2025-05-17,1,breeder,137
Falco tinnunculus,Turmfalke,bw319,2024,2024-06-06,0,breeder,158
Falco tinnunculus,Turmfalke,bw319,2024,2024-05-11,0,breeder,132
Falco tinnunculus,Turmfalke,bw319,2024,2024-03-21,1,breeder,81
Falco tinnunculus,Turmfalke,bw319,2024,2024-04-12,2,breeder,103
Falco tinnunculus,Turmfalke,bw319,2025,2025-03-19,0,breeder,78
Falco tinnunculus,Turmfalke,bw319,2025,2025-06-05,0,breeder,156
Falco tinnunculus,Turmfalke,bw319,2025,2025-04-16,2,breeder,106
Falco tinnunculus,Turmfalke,bw319,2025,2025-05-01,1,breeder,121
Falco tinnunculus,Turmfalke,bw32,2021,2021-05-10,2,breeder,130
Falco tinnunculus,Turmfalke,bw32,2021,2021-03-22,2,breeder,81
Falco tinnunculus,Turmfalke,bw32,2021,2021-04-28,2,breeder,118
Falco tinnunculus,Turmfalke,bw32,2021,2021-06-17,3,breeder,168
Falco tinnunculus,Turmfalke,bw32,2023,2023-04-29,1,breeder,119
Falco tinnunculus,Turmfalke,bw32,2023,2023-06-09,2,breeder,160
Falco tinnunculus,Turmfalke,bw32,2023,2023-04-03,2,breeder,93
Falco tinnunculus,Turmfalke,bw32,2023,2023-05-18,1,breeder,138
Falco tinnunculus,Turmfalke,bw32,2024,2024-06-18,4,breeder,170
Falco tinnunculus,Turmfalke,bw32,2024,2024-05-01,2,breeder,122
Falco tinnunculus,Turmfalke,bw32,2024,2024-03-22,4,breeder,82
Falco tinnunculus,Turmfalke,bw32,2024,2024-05-20,3,breeder,141
Falco tinnunculus,Turmfalke,bw32,2025,2025-05-20,1,breeder,140
Falco tinnunculus,Turmfalke,bw32,2025,2025-04-27,2,breeder,117
Falco tinnunculus,Turmfalke,bw32,2025,2025-06-13,1,breeder,164
Falco tinnunculus,Turmfalke,bw32,2025,2025-03-28,1,breeder,87
Falco tinnunculus,Turmfalke,bw320,2024,2024-05-14,2,breeder,135
Falco tinnunculus,Turmfalke,bw320,2024,2024-03-26,0,breeder,86
Falco tinnunculus,Turmfalke,bw320,2024,2024-04-19,3,breeder,110
Falco tinnunculus,Turmfalke,bw320,2024,2024-06-12,1,breeder,164
Falco tinnunculus,Turmfalke,bw320,2025,2025-03-20,2,breeder,79
Falco tinnunculus,Turmfalke,bw320,2025,2025-05-10,1,breeder,130
Falco tinnunculus,Turmfalke,bw320,2025,2025-04-22,1,breeder,112
Falco tinnunculus,Turmfalke,bw320,2025,2025-06-16,0,breeder,167
Falco tinnunculus,Turmfalke,bw329,2021,2021-04-22,1,breeder,112
Falco tinnunculus,Turmfalke,bw329,2021,2021-05-09,1,breeder,129
Falco tinnunculus,Turmfalke,bw329,2021,2021-06-20,3,breeder,171
Falco tinnunculus,Turmfalke,bw329,2021,2021-03-21,4,breeder,80
Falco tinnunculus,Turmfalke,bw329,2022,2022-03-19,0,breeder,78
Falco tinnunculus,Turmfalke,bw329,2022,2022-05-10,1,breeder,130
Falco tinnunculus,Turmfalke,bw329,2022,2022-06-07,3,breeder,158
Falco tinnunculus,Turmfalke,bw329,2022,2022-04-10,2,breeder,100
Falco tinnunculus,Turmfalke,bw329,2023,2023-05-10,4,breeder,130
Falco tinnunculus,Turmfalke,bw329,2023,2023-06-10,1,breeder,161
Falco tinnunculus,Turmfalke,bw329,2023,2023-03-19,1,breeder,78
Falco tinnunculus,Turmfalke,bw329,2023,2023-04-08,1,breeder,98
Falco tinnunculus,Turmfalke,bw329,2024,2024-06-02,0,breeder,154
Falco tinnunculus,Turmfalke,bw329,2024,2024-05-09,0,breeder,130
Falco tinnunculus,Turmfalke,bw329,2024,2024-03-17,0,breeder,77
Falco tinnunculus,Turmfalke,bw329,2024,2024-04-07,3,breeder,98
Falco tinnunculus,Turmfalke,bw329,2025,2025-03-15,1,breeder,74
Falco tinnunculus,Turmfalke,bw329,2025,2025-05-29,0,breeder,149
Falco tinnunculus,Turmfalke,bw329,2025,2025-05-06,4,breeder,126
Falco tinnunculus,Turmfalke,bw329,2025,2025-04-05,2,breeder,95
Falco tinnunculus,Turmfalke,bw33,2021,2021-05-10,0,breeder,130
Falco tinnunculus,Turmfalke,bw33,2021,2021-05-30,1,breeder,150
Falco tinnunculus,Turmfalke,bw33,2021,2021-04-25,0,breeder,115
Falco tinnunculus,Turmfalke,bw33,2021,2021-03-30,0,breeder,89
Falco tinnunculus,Turmfalke,bw33,2022,2022-03-27,5,breeder,86
Falco tinnunculus,Turmfalke,bw33,2022,2022-04-23,0,breeder,113
Falco tinnunculus,Turmfalke,bw33,2022,2022-05-08,0,breeder,128
Falco tinnunculus,Turmfalke,bw33,2022,2022-05-29,0,breeder,149
Falco tinnunculus,Turmfalke,bw33,2023,2023-05-06,1,breeder,126
Falco tinnunculus,Turmfalke,bw33,2023,2023-05-27,1,breeder,147
Falco tinnunculus,Turmfalke,bw33,2023,2023-04-22,1,breeder,112
Falco tinnunculus,Turmfalke,bw33,2023,2023-03-25,1,breeder,84
Falco tinnunculus,Turmfalke,bw33,2024,2024-03-30,0,breeder,90
Falco tinnunculus,Turmfalke,bw33,2024,2024-04-20,1,breeder,111
Falco tinnunculus,Turmfalke,bw33,2024,2024-05-08,1,breeder,129
Falco tinnunculus,Turmfalke,bw33,2024,2024-06-03,1,breeder,155
Falco tinnunculus,Turmfalke,bw33,2025,2025-03-28,0,breeder,87
Falco tinnunculus,Turmfalke,bw33,2025,2025-04-19,2,breeder,109
Falco tinnunculus,Turmfalke,bw33,2025,2025-05-09,0,breeder,129
Falco tinnunculus,Turmfalke,bw33,2025,2025-05-29,1,breeder,149
Falco tinnunculus,Turmfalke,bw332,2023,2023-05-24,0,breeder,144
Falco tinnunculus,Turmfalke,bw332,2023,2023-04-30,2,breeder,120
Falco tinnunculus,Turmfalke,bw332,2023,2023-03-28,0,breeder,87
Falco tinnunculus,Turmfalke,bw332,2024,2024-04-25,2,breeder,116
Falco tinnunculus,Turmfalke,bw332,2024,2024-06-09,1,breeder,161
Falco tinnunculus,Turmfalke,bw332,2024,2024-03-30,0,breeder,90
Falco tinnunculus,Turmfalke,bw332,2024,2024-05-19,1,breeder,140
Falco tinnunculus,Turmfalke,bw334,2024,2024-05-14,4,breeder,135
Falco tinnunculus,Turmfalke,bw334,2024,2024-03-17,4,breeder,77
Falco tinnunculus,Turmfalke,bw334,2024,2024-04-13,4,breeder,104
Falco tinnunculus,Turmfalke,bw334,2024,2024-06-18,3,breeder,170
Falco tinnunculus,Turmfalke,bw334,2025,2025-03-22,7,breeder,81
Falco tinnunculus,Turmfalke,bw334,2025,2025-04-30,3,breeder,120
Falco tinnunculus,Turmfalke,bw334,2025,2025-05-24,1,breeder,144
Falco tinnunculus,Turmfalke,bw334,2025,2025-04-05,2,breeder,95
Falco tinnunculus,Turmfalke,bw336,2024,2024-03-26,1,breeder,86
Falco tinnunculus,Turmfalke,bw336,2024,2024-04-08,4,breeder,99
Falco tinnunculus,Turmfalke,bw336,2024,2024-05-08,2,breeder,129
Falco tinnunculus,Turmfalke,bw336,2024,2024-06-04,2,breeder,156
Falco tinnunculus,Turmfalke,bw336,2025,2025-03-20,2,breeder,79
Falco tinnunculus,Turmfalke,bw336,2025,2025-04-21,4,breeder,111
Falco tinnunculus,Turmfalke,bw336,2025,2025-05-06,0,breeder,126
Falco tinnunculus,Turmfalke,bw336,2025,2025-06-01,3,breeder,152
Falco tinnunculus,Turmfalke,bw34,2021,2021-04-23,2,breeder,113
Falco tinnunculus,Turmfalke,bw34,2021,2021-05-07,4,breeder,127
Falco tinnunculus,Turmfalke,bw34,2021,2021-03-29,1,breeder,88
Falco tinnunculus,Turmfalke,bw34,2021,2021-06-20,1,breeder,171
Falco tinnunculus,Turmfalke,bw34,2022,2022-05-15,2,breeder,135
Falco tinnunculus,Turmfalke,bw34,2022,2022-03-16,3,breeder,75
Falco tinnunculus,Turmfalke,bw34,2022,2022-06-20,4,breeder,171
Falco tinnunculus,Turmfalke,bw34,2022,2022-04-20,1,breeder,110
Falco tinnunculus,Turmfalke,bw34,2024,2024-04-28,4,breeder,119
Falco tinnunculus,Turmfalke,bw34,2024,2024-06-16,2,breeder,168
Falco tinnunculus,Turmfalke,bw34,2024,2024-03-10,1,breeder,70
Falco tinnunculus,Turmfalke,bw34,2024,2024-05-20,3,breeder,141
Falco tinnunculus,Turmfalke,bw34,2025,2025-04-27,1,breeder,117
Falco tinnunculus,Turmfalke,bw34,2025,2025-03-30,4,breeder,89
Falco tinnunculus,Turmfalke,bw34,2025,2025-05-18,2,breeder,138
Falco tinnunculus,Turmfalke,bw34,2025,2025-06-15,3,breeder,166
Falco tinnunculus,Turmfalke,bw343,2024,2024-05-01,0,breeder,122
Falco tinnunculus,Turmfalke,bw343,2024,2024-05-14,0,breeder,135
Falco tinnunculus,Turmfalke,bw343,2024,2024-06-18,0,breeder,170
Falco tinnunculus,Turmfalke,bw343,2024,2024-03-27,2,breeder,87
Falco tinnunculus,Turmfalke,bw346,2024,2024-06-12,0,breeder,164
Falco tinnunculus,Turmfalke,bw346,2024,2024-03-30,1,breeder,90
Falco tinnunculus,Turmfalke,bw346,2024,2024-04-30,0,breeder,121
Falco tinnunculus,Turmfalke,bw346,2024,2024-05-20,0,breeder,141
Falco tinnunculus,Turmfalke,bw346,2025,2025-03-30,0,breeder,89
Falco tinnunculus,Turmfalke,bw346,2025,2025-05-14,0,breeder,134
Falco tinnunculus,Turmfalke,bw346,2025,2025-06-20,0,breeder,171
Falco tinnunculus,Turmfalke,bw346,2025,2025-04-29,2,breeder,119
Falco tinnunculus,Turmfalke,bw349,2025,2025-06-17,1,breeder,168
Falco tinnunculus,Turmfalke,bw349,2025,2025-03-26,0,breeder,85
Falco tinnunculus,Turmfalke,bw349,2025,2025-04-16,1,breeder,106
Falco tinnunculus,Turmfalke,bw349,2025,2025-05-19,2,breeder,139
Falco tinnunculus,Turmfalke,bw35,2022,2022-05-14,0,breeder,134
Falco tinnunculus,Turmfalke,bw35,2022,2022-03-19,0,breeder,78
Falco tinnunculus,Turmfalke,bw35,2022,2022-04-10,1,breeder,100
Falco tinnunculus,Turmfalke,bw35,2022,2022-05-29,0,breeder,149
Falco tinnunculus,Turmfalke,bw35,2023,2023-04-10,1,breeder,100
Falco tinnunculus,Turmfalke,bw35,2023,2023-05-14,1,breeder,134
Falco tinnunculus,Turmfalke,bw35,2023,2023-06-10,0,breeder,161
Falco tinnunculus,Turmfalke,bw35,2023,2023-03-19,0,breeder,78
Falco tinnunculus,Turmfalke,bw35,2024,2024-03-17,2,breeder,77
Falco tinnunculus,Turmfalke,bw35,2024,2024-04-13,0,breeder,104
Falco tinnunculus,Turmfalke,bw35,2024,2024-05-18,2,breeder,139
Falco tinnunculus,Turmfalke,bw35,2024,2024-06-09,0,breeder,161
Falco tinnunculus,Turmfalke,bw35,2025,2025-06-08,2,breeder,159
Falco tinnunculus,Turmfalke,bw35,2025,2025-03-16,1,breeder,75
Falco tinnunculus,Turmfalke,bw35,2025,2025-04-11,1,breeder,101
Falco tinnunculus,Turmfalke,bw35,2025,2025-05-10,0,breeder,130
Falco tinnunculus,Turmfalke,bw350,2022,2022-03-26,0,breeder,85
Falco tinnunculus,Turmfalke,bw350,2022,2022-04-29,1,breeder,119
Falco tinnunculus,Turmfalke,bw350,2022,2022-05-20,1,breeder,140
Falco tinnunculus,Turmfalke,bw350,2022,2022-06-18,0,breeder,169
Falco tinnunculus,Turmfalke,bw350,2023,2023-03-12,0,breeder,71
Falco tinnunculus,Turmfalke,bw350,2023,2023-04-12,1,breeder,102
Falco tinnunculus,Turmfalke,bw350,2023,2023-05-04,1,breeder,124
Falco tinnunculus,Turmfalke,bw350,2023,2023-06-10,2,breeder,161
Falco tinnunculus,Turmfalke,bw350,2024,2024-05-18,1,breeder,139
Falco tinnunculus,Turmfalke,bw350,2024,2024-06-15,2,breeder,167
Falco tinnunculus,Turmfalke,bw350,2024,2024-03-03,1,breeder,63
Falco tinnunculus,Turmfalke,bw350,2024,2024-04-27,2,breeder,118
Falco tinnunculus,Turmfalke,bw350,2025,2025-03-22,2,breeder,81
Falco tinnunculus,Turmfalke,bw350,2025,2025-04-20,1,breeder,110
Falco tinnunculus,Turmfalke,bw350,2025,2025-05-11,1,breeder,131
Falco tinnunculus,Turmfalke,bw350,2025,2025-06-21,0,breeder,172
Falco tinnunculus,Turmfalke,bw353,2024,2024-03-21,0,breeder,81
Falco tinnunculus,Turmfalke,bw353,2024,2024-04-18,0,breeder,109
Falco tinnunculus,Turmfalke,bw353,2024,2024-05-13,0,breeder,134
Falco tinnunculus,Turmfalke,bw353,2024,2024-06-12,5,breeder,164
Falco tinnunculus,Turmfalke,bw353,2025,2025-03-14,1,breeder,73
Falco tinnunculus,Turmfalke,bw353,2025,2025-04-18,1,breeder,108
Falco tinnunculus,Turmfalke,bw353,2025,2025-05-15,3,breeder,135
Falco tinnunculus,Turmfalke,bw353,2025,2025-06-12,0,breeder,163
Falco tinnunculus,Turmfalke,bw355,2024,2024-04-24,1,breeder,115
Falco tinnunculus,Turmfalke,bw355,2024,2024-03-22,0,breeder,82
Falco tinnunculus,Turmfalke,bw355,2024,2024-05-13,1,breeder,134
Falco tinnunculus,Turmfalke,bw355,2024,2024-06-10,0,breeder,162
Falco tinnunculus,Turmfalke,bw355,2024,2024-03-26,0,breeder,86
Falco tinnunculus,Turmfalke,bw355,2025,2025-03-27,0,breeder,86
Falco tinnunculus,Turmfalke,bw355,2025,2025-06-19,0,breeder,170
Falco tinnunculus,Turmfalke,bw355,2025,2025-04-19,1,breeder,109
Falco tinnunculus,Turmfalke,bw355,2025,2025-05-09,2,breeder,129
Falco tinnunculus,Turmfalke,bw357,2021,2021-06-12,2,breeder,163
Falco tinnunculus,Turmfalke,bw357,2021,2021-03-28,0,breeder,87
Falco tinnunculus,Turmfalke,bw357,2021,2021-04-24,1,breeder,114
Falco tinnunculus,Turmfalke,bw357,2021,2021-05-14,0,breeder,134
Falco tinnunculus,Turmfalke,bw357,2022,2022-05-14,2,breeder,134
Falco tinnunculus,Turmfalke,bw357,2022,2022-06-04,2,breeder,155
Falco tinnunculus,Turmfalke,bw357,2022,2022-03-26,0,breeder,85
Falco tinnunculus,Turmfalke,bw357,2022,2022-04-23,2,breeder,113
Falco tinnunculus,Turmfalke,bw357,2023,2023-05-14,0,breeder,134
Falco tinnunculus,Turmfalke,bw357,2023,2023-06-09,1,breeder,160
Falco tinnunculus,Turmfalke,bw357,2023,2023-03-12,0,breeder,71
Falco tinnunculus,Turmfalke,bw357,2023,2023-04-15,0,breeder,105
Falco tinnunculus,Turmfalke,bw357,2024,2024-04-05,1,breeder,96
Falco tinnunculus,Turmfalke,bw357,2024,2024-04-20,0,breeder,111
Falco tinnunculus,Turmfalke,bw357,2024,2024-05-19,0,breeder,140
Falco tinnunculus,Turmfalke,bw357,2024,2024-06-09,1,breeder,161
Falco tinnunculus,Turmfalke,bw357,2025,2025-03-16,0,breeder,75
Falco tinnunculus,Turmfalke,bw357,2025,2025-05-11,0,breeder,131
Falco tinnunculus,Turmfalke,bw357,2025,2025-06-10,2,breeder,161
Falco tinnunculus,Turmfalke,bw357,2025,2025-04-12,0,breeder,102
Falco tinnunculus,Turmfalke,bw358,2022,2022-05-13,0,breeder,133
Falco tinnunculus,Turmfalke,bw358,2022,2022-06-10,0,breeder,161
Falco tinnunculus,Turmfalke,bw358,2022,2022-03-28,1,breeder,87
Falco tinnunculus,Turmfalke,bw358,2022,2022-04-22,0,breeder,112
Falco tinnunculus,Turmfalke,bw358,2023,2023-03-17,0,breeder,76
Falco tinnunculus,Turmfalke,bw358,2023,2023-05-12,1,breeder,132
Falco tinnunculus,Turmfalke,bw358,2023,2023-06-09,0,breeder,160
Falco tinnunculus,Turmfalke,bw358,2023,2023-04-11,0,breeder,101
Falco tinnunculus,Turmfalke,bw358,2024,2024-06-13,0,breeder,165
Falco tinnunculus,Turmfalke,bw358,2024,2024-05-10,1,breeder,131
Falco tinnunculus,Turmfalke,bw358,2024,2024-03-15,2,breeder,75
Falco tinnunculus,Turmfalke,bw358,2024,2024-04-12,0,breeder,103
Falco tinnunculus,Turmfalke,bw358,2024,2024-05-09,0,breeder,130
Falco tinnunculus,Turmfalke,bw358,2025,2025-04-05,0,breeder,95
Falco tinnunculus,Turmfalke,bw358,2025,2025-05-13,0,breeder,133
Falco tinnunculus,Turmfalke,bw358,2025,2025-06-06,2,breeder,157
Falco tinnunculus,Turmfalke,bw358,2025,2025-03-12,0,breeder,71
Falco tinnunculus,Turmfalke,bw360,2022,2022-05-15,2,breeder,135
Falco tinnunculus,Turmfalke,bw360,2022,2022-06-14,4,breeder,165
Falco tinnunculus,Turmfalke,bw360,2022,2022-03-26,0,breeder,85
Falco tinnunculus,Turmfalke,bw360,2022,2022-04-17,0,breeder,107
Falco tinnunculus,Turmfalke,bw360,2023,2023-06-09,2,breeder,160
Falco tinnunculus,Turmfalke,bw360,2023,2023-04-15,0,breeder,105
Falco tinnunculus,Turmfalke,bw360,2023,2023-05-13,0,breeder,133
Falco tinnunculus,Turmfalke,bw360,2023,2023-03-26,0,breeder,85
Falco tinnunculus,Turmfalke,bw360,2023,2023-04-14,0,breeder,104
Falco tinnunculus,Turmfalke,bw360,2024,2024-05-11,0,breeder,132
Falco tinnunculus,Turmfalke,bw360,2024,2024-06-08,4,breeder,160
Falco tinnunculus,Turmfalke,bw360,2024,2024-03-28,0,breeder,88
Falco tinnunculus,Turmfalke,bw360,2024,2024-04-19,0,breeder,110
Falco tinnunculus,Turmfalke,bw363,2024,2024-03-29,0,breeder,89
Falco tinnunculus,Turmfalke,bw363,2024,2024-04-19,1,breeder,110
Falco tinnunculus,Turmfalke,bw363,2024,2024-05-18,0,breeder,139
Falco tinnunculus,Turmfalke,bw363,2024,2024-06-14,2,breeder,166
Falco tinnunculus,Turmfalke,bw363,2025,2025-03-27,1,breeder,86
Falco tinnunculus,Turmfalke,bw363,2025,2025-04-19,1,breeder,109
Falco tinnunculus,Turmfalke,bw363,2025,2025-05-16,0,breeder,136
Falco tinnunculus,Turmfalke,bw363,2025,2025-06-06,0,breeder,157
Falco tinnunculus,Turmfalke,bw364,2024,2024-05-14,0,breeder,135
Falco tinnunculus,Turmfalke,bw364,2024,2024-04-13,2,breeder,104
Falco tinnunculus,Turmfalke,bw364,2024,2024-03-26,2,breeder,86
Falco tinnunculus,Turmfalke,bw364,2024,2024-06-13,0,breeder,165
Falco tinnunculus,Turmfalke,bw364,2025,2025-05-13,1,breeder,133
Falco tinnunculus,Turmfalke,bw364,2025,2025-03-20,2,breeder,79
Falco tinnunculus,Turmfalke,bw364,2025,2025-04-04,1,breeder,94
Falco tinnunculus,Turmfalke,bw364,2025,2025-05-31,3,breeder,151
Falco tinnunculus,Turmfalke,bw366,2024,2024-05-12,0,breeder,133
Falco tinnunculus,Turmfalke,bw366,2024,2024-04-12,0,breeder,103
Falco tinnunculus,Turmfalke,bw366,2024,2024-03-25,3,breeder,85
Falco tinnunculus,Turmfalke,bw366,2024,2024-06-06,2,breeder,158
Falco tinnunculus,Turmfalke,bw366,2025,2025-03-22,0,breeder,81
Falco tinnunculus,Turmfalke,bw366,2025,2025-04-09,0,breeder,99
Falco tinnunculus,Turmfalke,bw366,2025,2025-05-12,1,breeder,132
Falco tinnunculus,Turmfalke,bw366,2025,2025-05-30,1,breeder,150
Falco tinnunculus,Turmfalke,bw367,2022,2022-06-18,1,breeder,169
Falco tinnunculus,Turmfalke,bw367,2022,2022-03-18,0,breeder,77
Falco tinnunculus,Turmfalke,bw367,2022,2022-04-09,1,breeder,99
Falco tinnunculus,Turmfalke,bw367,2024,2024-04-06,1,breeder,97
Falco tinnunculus,Turmfalke,bw367,2024,2024-06-12,6,breeder,164
Falco tinnunculus,Turmfalke,bw367,2024,2024-03-10,1,breeder,70
Falco tinnunculus,Turmfalke,bw367,2024,2024-05-10,1,breeder,131
Falco tinnunculus,Turmfalke,bw367,2025,2025-04-12,0,breeder,102
Falco tinnunculus,Turmfalke,bw367,2025,2025-05-12,1,breeder,132
Falco tinnunculus,Turmfalke,bw367,2025,2025-03-22,1,breeder,81
Falco tinnunculus,Turmfalke,bw367,2025,2025-06-13,1,breeder,164
Falco tinnunculus,Turmfalke,bw372,2021,2021-05-20,0,breeder,140
Falco tinnunculus,Turmfalke,bw372,2021,2021-06-19,2,breeder,170
Falco tinnunculus,Turmfalke,bw372,2021,2021-04-23,0,breeder,113
Falco tinnunculus,Turmfalke,bw372,2021,2021-03-26,0,breeder,85
Falco tinnunculus,Turmfalke,bw372,2022,2022-05-20,1,breeder,140
Falco tinnunculus,Turmfalke,bw372,2022,2022-06-01,0,breeder,152
Falco tinnunculus,Turmfalke,bw372,2022,2022-04-10,0,breeder,100
Falco tinnunculus,Turmfalke,bw372,2022,2022-03-20,0,breeder,79
Falco tinnunculus,Turmfalke,bw372,2023,2023-05-13,2,breeder,133
Falco tinnunculus,Turmfalke,bw372,2023,2023-06-08,2,breeder,159
Falco tinnunculus,Turmfalke,bw372,2023,2023-03-30,2,breeder,89
Falco tinnunculus,Turmfalke,bw372,2023,2023-04-14,1,breeder,104
Falco tinnunculus,Turmfalke,bw372,2024,2024-05-18,0,breeder,139
Falco tinnunculus,Turmfalke,bw372,2024,2024-06-16,1,breeder,168
Falco tinnunculus,Turmfalke,bw372,2024,2024-04-30,0,breeder,121
Falco tinnunculus,Turmfalke,bw372,2024,2024-03-30,0,breeder,90
Falco tinnunculus,Turmfalke,bw372,2025,2025-05-23,2,breeder,143
Falco tinnunculus,Turmfalke,bw372,2025,2025-04-21,1,breeder,111
Falco tinnunculus,Turmfalke,bw372,2025,2025-05-10,2,breeder,130
Falco tinnunculus,Turmfalke,bw372,2025,2025-03-30,1,breeder,89
Falco tinnunculus,Turmfalke,bw38,2022,2022-03-27,3,breeder,86
Falco tinnunculus,Turmfalke,bw38,2022,2022-06-03,1,breeder,154
Falco tinnunculus,Turmfalke,bw38,2022,2022-04-23,1,breeder,113
Falco tinnunculus,Turmfalke,bw38,2022,2022-05-13,0,breeder,133
Falco tinnunculus,Turmfalke,bw38,2023,2023-06-05,0,breeder,156
Falco tinnunculus,Turmfalke,bw38,2023,2023-05-09,1,breeder,129
Falco tinnunculus,Turmfalke,bw38,2023,2023-03-16,1,breeder,75
Falco tinnunculus,Turmfalke,bw38,2023,2023-04-17,7,breeder,107
Falco tinnunculus,Turmfalke,bw38,2024,2024-04-10,3,breeder,101
Falco tinnunculus,Turmfalke,bw38,2024,2024-05-10,1,breeder,131
Falco tinnunculus,Turmfalke,bw38,2024,2024-03-19,2,breeder,79
Falco tinnunculus,Turmfalke,bw38,2024,2024-06-14,3,breeder,166
Falco tinnunculus,Turmfalke,bw38,2025,2025-04-03,3,breeder,93
Falco tinnunculus,Turmfalke,bw38,2025,2025-03-16,3,breeder,75
Falco tinnunculus,Turmfalke,bw38,2025,2025-05-08,3,breeder,128
Falco tinnunculus,Turmfalke,bw38,2025,2025-05-30,6,breeder,150
Falco tinnunculus,Turmfalke,bw39,2022,2022-05-12,2,breeder,132
Falco tinnunculus,Turmfalke,bw39,2022,2022-06-02,0,breeder,153
Falco tinnunculus,Turmfalke,bw39,2022,2022-03-27,1,breeder,86
Falco tinnunculus,Turmfalke,bw39,2022,2022-04-21,0,breeder,111
Falco tinnunculus,Turmfalke,bw39,2023,2023-05-08,3,breeder,128
Falco tinnunculus,Turmfalke,bw39,2023,2023-06-02,0,breeder,153
Falco tinnunculus,Turmfalke,bw39,2023,2023-03-13,0,breeder,72
Falco tinnunculus,Turmfalke,bw39,2023,2023-04-14,2,breeder,104
Falco tinnunculus,Turmfalke,bw39,2024,2024-04-09,4,breeder,100
Falco tinnunculus,Turmfalke,bw39,2024,2024-05-11,1,breeder,132
Falco tinnunculus,Turmfalke,bw39,2024,2024-06-11,0,breeder,163
Falco tinnunculus,Turmfalke,bw39,2024,2024-03-15,5,breeder,75
Falco tinnunculus,Turmfalke,bw39,2025,2025-05-13,2,breeder,133
Falco tinnunculus,Turmfalke,bw39,2025,2025-03-17,2,breeder,76
Falco tinnunculus,Turmfalke,bw39,2025,2025-04-14,5,breeder,104
Falco tinnunculus,Turmfalke,bw39,2025,2025-06-09,0,breeder,160
Falco tinnunculus,Turmfalke,bw392,2024,2024-06-06,3,breeder,158
Falco tinnunculus,Turmfalke,bw392,2024,2024-05-16,1,breeder,137
Falco tinnunculus,Turmfalke,bw392,2024,2024-03-19,0,breeder,79
Falco tinnunculus,Turmfalke,bw392,2024,2024-04-25,0,breeder,116
Falco tinnunculus,Turmfalke,bw392,2025,2025-03-28,3,breeder,87
Falco tinnunculus,Turmfalke,bw392,2025,2025-04-09,1,breeder,99
Falco tinnunculus,Turmfalke,bw392,2025,2025-05-07,1,breeder,127
Falco tinnunculus,Turmfalke,bw392,2025,2025-06-11,2,breeder,162
Falco tinnunculus,Turmfalke,bw394,2024,2024-05-22,0,breeder,143
Falco tinnunculus,Turmfalke,bw394,2024,2024-03-14,0,breeder,74
Falco tinnunculus,Turmfalke,bw394,2024,2024-04-03,1,breeder,94
Falco tinnunculus,Turmfalke,bw394,2024,2024-05-06,3,breeder,127
Falco tinnunculus,Turmfalke,bw394,2025,2025-06-03,1,breeder,154
Falco tinnunculus,Turmfalke,bw394,2025,2025-05-16,1,breeder,136
Falco tinnunculus,Turmfalke,bw394,2025,2025-04-23,2,breeder,113
Falco tinnunculus,Turmfalke,bw394,2025,2025-03-20,1,breeder,79
Falco tinnunculus,Turmfalke,bw396,2024,2024-03-20,3,breeder,80
Falco tinnunculus,Turmfalke,bw396,2024,2024-05-16,2,breeder,137
Falco tinnunculus,Turmfalke,bw396,2024,2024-04-29,0,breeder,120
Falco tinnunculus,Turmfalke,bw396,2024,2024-06-11,1,breeder,163
Falco tinnunculus,Turmfalke,bw396,2025,2025-04-24,0,breeder,114
Falco tinnunculus,Turmfalke,bw396,2025,2025-05-23,1,breeder,143
Falco tinnunculus,Turmfalke,bw396,2025,2025-05-12,0,breeder,132
Falco tinnunculus,Turmfalke,bw396,2025,2025-03-24,0,breeder,83
Falco tinnunculus,Turmfalke,bw397,2021,2021-06-13,3,breeder,164
Falco tinnunculus,Turmfalke,bw397,2021,2021-04-05,2,breeder,95
Falco tinnunculus,Turmfalke,bw397,2021,2021-05-13,0,breeder,133
Falco tinnunculus,Turmfalke,bw397,2021,2021-03-21,0,breeder,80
Falco tinnunculus,Turmfalke,bw397,2022,2022-05-29,0,breeder,149
Falco tinnunculus,Turmfalke,bw397,2022,2022-04-10,0,breeder,100
Falco tinnunculus,Turmfalke,bw397,2022,2022-05-08,3,breeder,128
Falco tinnunculus,Turmfalke,bw397,2022,2022-03-21,0,breeder,80
Falco tinnunculus,Turmfalke,bw397,2023,2023-05-07,1,breeder,127
Falco tinnunculus,Turmfalke,bw397,2023,2023-06-08,2,breeder,159
Falco tinnunculus,Turmfalke,bw397,2023,2023-03-19,1,breeder,78
Falco tinnunculus,Turmfalke,bw397,2023,2023-04-07,0,breeder,97
Falco tinnunculus,Turmfalke,bw397,2024,2024-06-12,2,breeder,164
Falco tinnunculus,Turmfalke,bw397,2024,2024-04-07,0,breeder,98
Falco tinnunculus,Turmfalke,bw397,2024,2024-03-20,0,breeder,80
Falco tinnunculus,Turmfalke,bw397,2024,2024-05-01,1,breeder,122
Falco tinnunculus,Turmfalke,bw397,2025,2025-05-11,2,breeder,131
Falco tinnunculus,Turmfalke,bw397,2025,2025-06-01,2,breeder,152
Falco tinnunculus,Turmfalke,bw397,2025,2025-04-20,1,breeder,110
Falco tinnunculus,Turmfalke,bw397,2025,2025-04-05,2,breeder,95
Falco tinnunculus,Turmfalke,bw398,2024,2024-05-28,1,breeder,149
Falco tinnunculus,Turmfalke,bw398,2024,2024-03-12,2,breeder,72
Falco tinnunculus,Turmfalke,bw398,2024,2024-04-13,2,breeder,104
Falco tinnunculus,Turmfalke,bw398,2024,2024-05-12,2,breeder,133
Falco tinnunculus,Turmfalke,bw398,2025,2025-05-27,4,breeder,147
Falco tinnunculus,Turmfalke,bw398,2025,2025-05-11,0,breeder,131
Falco tinnunculus,Turmfalke,bw398,2025,2025-03-18,5,breeder,77
Falco tinnunculus,Turmfalke,bw398,2025,2025-04-30,2,breeder,120
Falco tinnunculus,Turmfalke,bw45,2022,2022-06-15,2,breeder,166
Falco tinnunculus,Turmfalke,bw45,2022,2022-03-13,0,breeder,72
Falco tinnunculus,Turmfalke,bw45,2022,2022-04-18,5,breeder,108
Falco tinnunculus,Turmfalke,bw45,2022,2022-05-09,0,breeder,129
Falco tinnunculus,Turmfalke,bw45,2023,2023-03-31,0,breeder,90
Falco tinnunculus,Turmfalke,bw45,2023,2023-04-29,4,breeder,119
Falco tinnunculus,Turmfalke,bw45,2023,2023-05-18,0,breeder,138
Falco tinnunculus,Turmfalke,bw45,2023,2023-06-10,2,breeder,161
Falco tinnunculus,Turmfalke,bw45,2024,2024-03-14,0,breeder,74
Falco tinnunculus,Turmfalke,bw45,2024,2024-04-06,3,breeder,97
Falco tinnunculus,Turmfalke,bw45,2024,2024-05-02,2,breeder,123
Falco tinnunculus,Turmfalke,bw45,2024,2024-05-28,0,breeder,149
Falco tinnunculus,Turmfalke,bw45,2025,2025-03-15,0,breeder,74
Falco tinnunculus,Turmfalke,bw45,2025,2025-04-05,1,breeder,95
Falco tinnunculus,Turmfalke,bw45,2025,2025-05-01,2,breeder,121
Falco tinnunculus,Turmfalke,bw45,2025,2025-05-31,0,breeder,151
Falco tinnunculus,Turmfalke,bw53,2021,2021-03-28,0,breeder,87
Falco tinnunculus,Turmfalke,bw53,2021,2021-04-25,0,breeder,115
Falco tinnunculus,Turmfalke,bw53,2021,2021-05-23,1,breeder,143
Falco tinnunculus,Turmfalke,bw53,2021,2021-06-20,1,breeder,171
Falco tinnunculus,Turmfalke,bw53,2022,2022-04-10,0,breeder,100
Falco tinnunculus,Turmfalke,bw53,2022,2022-05-04,1,breeder,124
Falco tinnunculus,Turmfalke,bw53,2022,2022-05-22,0,breeder,142
Falco tinnunculus,Turmfalke,bw53,2022,2022-06-06,2,breeder,157
Falco tinnunculus,Turmfalke,bw53,2023,2023-03-10,1,breeder,69
Falco tinnunculus,Turmfalke,bw53,2023,2023-04-16,0,breeder,106
Falco tinnunculus,Turmfalke,bw53,2023,2023-05-14,3,breeder,134
Falco tinnunculus,Turmfalke,bw53,2023,2023-06-04,1,breeder,155
Falco tinnunculus,Turmfalke,bw53,2024,2024-03-24,0,breeder,84
Falco tinnunculus,Turmfalke,bw53,2024,2024-04-28,0,breeder,119
Falco tinnunculus,Turmfalke,bw53,2024,2024-05-19,0,breeder,140
Falco tinnunculus,Turmfalke,bw53,2024,2024-06-16,1,breeder,168
Falco tinnunculus,Turmfalke,bw53,2025,2025-03-23,1,breeder,82
Falco tinnunculus,Turmfalke,bw53,2025,2025-04-14,0,breeder,104
Falco tinnunculus,Turmfalke,bw53,2025,2025-05-18,2,breeder,138
Falco tinnunculus,Turmfalke,bw53,2025,2025-06-08,1,breeder,159
Falco tinnunculus,Turmfalke,bw54,2022,2022-05-17,3,breeder,137
Falco tinnunculus,Turmfalke,bw54,2022,2022-06-12,0,breeder,163
Falco tinnunculus,Turmfalke,bw54,2022,2022-03-22,4,breeder,81
Falco tinnunculus,Turmfalke,bw54,2022,2022-04-19,3,breeder,109
Falco tinnunculus,Turmfalke,bw54,2023,2023-04-26,0,breeder,116
Falco tinnunculus,Turmfalke,bw54,2023,2023-05-20,0,breeder,140
Falco tinnunculus,Turmfalke,bw54,2023,2023-03-22,3,breeder,81
Falco tinnunculus,Turmfalke,bw54,2023,2023-06-19,2,breeder,170
Falco tinnunculus,Turmfalke,bw54,2024,2024-04-03,0,breeder,94
Falco tinnunculus,Turmfalke,bw54,2024,2024-05-07,0,breeder,128
Falco tinnunculus,Turmfalke,bw54,2024,2024-06-06,3,breeder,158
Falco tinnunculus,Turmfalke,bw54,2024,2024-03-14,1,breeder,74
Falco tinnunculus,Turmfalke,bw54,2025,2025-03-18,0,breeder,77
Falco tinnunculus,Turmfalke,bw54,2025,2025-05-12,0,breeder,132
Falco tinnunculus,Turmfalke,bw54,2025,2025-06-09,1,breeder,160
Falco tinnunculus,Turmfalke,bw54,2025,2025-04-07,0,breeder,97
Falco tinnunculus,Turmfalke,bw55,2025,2025-03-21,0,breeder,80
Falco tinnunculus,Turmfalke,bw55,2025,2025-05-17,0,breeder,137
Falco tinnunculus,Turmfalke,bw55,2025,2025-06-13,1,breeder,164
Falco tinnunculus,Turmfalke,bw55,2025,2025-04-22,2,breeder,112
Falco tinnunculus,Turmfalke,bw59,2022,2022-06-07,1,breeder,158
Falco tinnunculus,Turmfalke,bw59,2022,2022-05-02,2,breeder,122
Falco tinnunculus,Turmfalke,bw59,2022,2022-03-17,1,breeder,76
Falco tinnunculus,Turmfalke,bw59,2022,2022-04-11,1,breeder,101
Falco tinnunculus,Turmfalke,bw59,2023,2023-03-14,2,breeder,73
Falco tinnunculus,Turmfalke,bw59,2023,2023-04-03,0,breeder,93
Falco tinnunculus,Turmfalke,bw59,2023,2023-06-07,0,breeder,158
Falco tinnunculus,Turmfalke,bw59,2023,2023-05-04,1,breeder,124
Falco tinnunculus,Turmfalke,bw59,2024,2024-03-12,0,breeder,72
Falco tinnunculus,Turmfalke,bw59,2024,2024-04-11,0,breeder,102
Falco tinnunculus,Turmfalke,bw59,2024,2024-05-14,1,breeder,135
Falco tinnunculus,Turmfalke,bw59,2024,2024-06-04,3,breeder,156
Falco tinnunculus,Turmfalke,bw59,2025,2025-04-12,1,breeder,102
Falco tinnunculus,Turmfalke,bw59,2025,2025-03-12,1,breeder,71
Falco tinnunculus,Turmfalke,bw59,2025,2025-05-09,0,breeder,129
Falco tinnunculus,Turmfalke,bw59,2025,2025-05-30,3,breeder,150
Falco tinnunculus,Turmfalke,bw6,2021,2021-03-28,0,breeder,87
Falco tinnunculus,Turmfalke,bw6,2021,2021-04-24,0,breeder,114
Falco tinnunculus,Turmfalke,bw6,2021,2021-05-08,1,breeder,128
Falco tinnunculus,Turmfalke,bw6,2021,2021-06-04,0,breeder,155
Falco tinnunculus,Turmfalke,bw6,2021,2021-06-05,1,breeder,156
Falco tinnunculus,Turmfalke,bw6,2022,2022-03-27,0,breeder,86
Falco tinnunculus,Turmfalke,bw6,2022,2022-04-18,2,breeder,108
Falco tinnunculus,Turmfalke,bw6,2022,2022-05-07,0,breeder,127
Falco tinnunculus,Turmfalke,bw6,2022,2022-05-26,0,breeder,146
Falco tinnunculus,Turmfalke,bw6,2023,2023-03-18,1,breeder,77
Falco tinnunculus,Turmfalke,bw6,2023,2023-04-10,1,breeder,100
Falco tinnunculus,Turmfalke,bw6,2023,2023-05-13,3,breeder,133
Falco tinnunculus,Turmfalke,bw6,2023,2023-06-10,7,breeder,161
Falco tinnunculus,Turmfalke,bw6,2025,2025-05-17,1,breeder,137
Falco tinnunculus,Turmfalke,bw6,2025,2025-06-07,0,breeder,158
Falco tinnunculus,Turmfalke,bw6,2025,2025-03-30,1,breeder,89
Falco tinnunculus,Turmfalke,bw6,2025,2025-04-17,1,breeder,107
Falco tinnunculus,Turmfalke,bw61,2022,2022-03-18,1,breeder,77
Falco tinnunculus,Turmfalke,bw61,2022,2022-05-28,1,breeder,148
Falco tinnunculus,Turmfalke,bw61,2022,2022-04-16,1,breeder,106
Falco tinnunculus,Turmfalke,bw61,2022,2022-05-07,0,breeder,127
Falco tinnunculus,Turmfalke,bw61,2023,2023-03-11,1,breeder,70
Falco tinnunculus,Turmfalke,bw61,2023,2023-04-08,4,breeder,98
Falco tinnunculus,Turmfalke,bw61,2023,2023-06-03,1,breeder,154
Falco tinnunculus,Turmfalke,bw61,2023,2023-05-19,1,breeder,139
Falco tinnunculus,Turmfalke,bw61,2024,2024-03-16,1,breeder,76
Falco tinnunculus,Turmfalke,bw61,2024,2024-04-13,3,breeder,104
Falco tinnunculus,Turmfalke,bw61,2024,2024-05-04,3,breeder,125
Falco tinnunculus,Turmfalke,bw61,2024,2024-05-31,3,breeder,152
Falco tinnunculus,Turmfalke,bw61,2025,2025-03-15,3,breeder,74
Falco tinnunculus,Turmfalke,bw61,2025,2025-04-19,0,breeder,109
Falco tinnunculus,Turmfalke,bw61,2025,2025-05-03,3,breeder,123
Falco tinnunculus,Turmfalke,bw61,2025,2025-05-30,2,breeder,150
Falco tinnunculus,Turmfalke,bw65,2021,2021-03-28,3,breeder,87
Falco tinnunculus,Turmfalke,bw65,2021,2021-04-21,3,breeder,111
Falco tinnunculus,Turmfalke,bw65,2021,2021-05-20,2,breeder,140
Falco tinnunculus,Turmfalke,bw65,2021,2021-06-12,0,breeder,163
Falco tinnunculus,Turmfalke,bw65,2025,2025-05-02,1,breeder,122
Falco tinnunculus,Turmfalke,bw65,2025,2025-03-19,0,breeder,78
Falco tinnunculus,Turmfalke,bw65,2025,2025-04-19,0,breeder,109
Falco tinnunculus,Turmfalke,bw65,2025,2025-05-31,2,breeder,151
Falco tinnunculus,Turmfalke,bw69,2023,2023-06-12,2,breeder,163
Falco tinnunculus,Turmfalke,bw69,2023,2023-03-27,0,breeder,86
Falco tinnunculus,Turmfalke,bw69,2023,2023-04-22,2,breeder,112
Falco tinnunculus,Turmfalke,bw69,2023,2023-05-14,1,breeder,134
Falco tinnunculus,Turmfalke,bw69,2024,2024-03-25,2,breeder,85
Falco tinnunculus,Turmfalke,bw69,2024,2024-05-12,2,breeder,133
Falco tinnunculus,Turmfalke,bw69,2024,2024-04-23,3,breeder,114
Falco tinnunculus,Turmfalke,bw69,2024,2024-06-17,2,breeder,169
Falco tinnunculus,Turmfalke,bw69,2025,2025-05-21,2,breeder,141
Falco tinnunculus,Turmfalke,bw69,2025,2025-03-27,2,breeder,86
Falco tinnunculus,Turmfalke,bw69,2025,2025-04-15,4,breeder,105
Falco tinnunculus,Turmfalke,bw69,2025,2025-06-12,3,breeder,163
Falco tinnunculus,Turmfalke,bw70,2024,2024-03-26,0,breeder,86
Falco tinnunculus,Turmfalke,bw70,2024,2024-06-11,5,breeder,163
Falco tinnunculus,Turmfalke,bw70,2024,2024-04-29,1,breeder,120
Falco tinnunculus,Turmfalke,bw70,2024,2024-05-16,0,breeder,137
Falco tinnunculus,Turmfalke,bw70,2025,2025-05-19,0,breeder,139
Falco tinnunculus,Turmfalke,bw70,2025,2025-03-21,0,breeder,80
Falco tinnunculus,Turmfalke,bw70,2025,2025-04-22,1,breeder,112
Falco tinnunculus,Turmfalke,bw70,2025,2025-06-18,0,breeder,169
Falco tinnunculus,Turmfalke,bw71,2024,2024-03-20,3,breeder,80
Falco tinnunculus,Turmfalke,bw71,2024,2024-04-23,0,breeder,114
Falco tinnunculus,Turmfalke,bw71,2024,2024-05-15,2,breeder,136
Falco tinnunculus,Turmfalke,bw71,2024,2024-06-07,2,breeder,159
Falco tinnunculus,Turmfalke,bw71,2025,2025-03-19,1,breeder,78
Falco tinnunculus,Turmfalke,bw71,2025,2025-04-16,1,breeder,106
Falco tinnunculus,Turmfalke,bw71,2025,2025-05-12,2,breeder,132
Falco tinnunculus,Turmfalke,bw71,2025,2025-06-13,3,breeder,164
Falco tinnunculus,Turmfalke,bw72,2022,2022-03-20,0,breeder,79
Falco tinnunculus,Turmfalke,bw72,2022,2022-06-05,0,breeder,156
Falco tinnunculus,Turmfalke,bw72,2022,2022-04-17,2,breeder,107
Falco tinnunculus,Turmfalke,bw72,2022,2022-05-08,0,breeder,128
Falco tinnunculus,Turmfalke,bw72,2023,2023-03-18,4,breeder,77
Falco tinnunculus,Turmfalke,bw72,2023,2023-04-26,0,breeder,116
Falco tinnunculus,Turmfalke,bw72,2023,2023-05-17,3,breeder,137
Falco tinnunculus,Turmfalke,bw72,2023,2023-06-04,4,breeder,155
Falco tinnunculus,Turmfalke,bw72,2024,2024-06-16,1,breeder,168
Falco tinnunculus,Turmfalke,bw72,2024,2024-04-28,1,breeder,119
Falco tinnunculus,Turmfalke,bw72,2024,2024-05-14,3,breeder,135
Falco tinnunculus,Turmfalke,bw72,2024,2024-03-22,3,breeder,82
Falco tinnunculus,Turmfalke,bw72,2024,2024-06-15,1,breeder,167
Falco tinnunculus,Turmfalke,bw72,2025,2025-05-11,2,breeder,131
Falco tinnunculus,Turmfalke,bw72,2025,2025-06-09,1,breeder,160
Falco tinnunculus,Turmfalke,bw72,2025,2025-03-23,1,breeder,82
Falco tinnunculus,Turmfalke,bw72,2025,2025-04-13,1,breeder,103
Falco tinnunculus,Turmfalke,bw74,2022,2022-06-03,3,breeder,154
Falco tinnunculus,Turmfalke,bw74,2022,2022-03-21,0,breeder,80
Falco tinnunculus,Turmfalke,bw74,2022,2022-04-16,0,breeder,106
Falco tinnunculus,Turmfalke,bw74,2022,2022-05-07,1,breeder,127
Falco tinnunculus,Turmfalke,bw74,2023,2023-03-17,0,breeder,76
Falco tinnunculus,Turmfalke,bw74,2023,2023-04-27,1,breeder,117
Falco tinnunculus,Turmfalke,bw74,2023,2023-05-15,2,breeder,135
Falco tinnunculus,Turmfalke,bw74,2023,2023-06-03,2,breeder,154
Falco tinnunculus,Turmfalke,bw74,2023,2023-04-26,0,breeder,116
Falco tinnunculus,Turmfalke,bw74,2024,2024-03-20,0,breeder,80
Falco tinnunculus,Turmfalke,bw74,2024,2024-04-29,2,breeder,120
Falco tinnunculus,Turmfalke,bw74,2024,2024-05-13,2,breeder,134
Falco tinnunculus,Turmfalke,bw74,2024,2024-06-13,4,breeder,165
Falco tinnunculus,Turmfalke,bw74,2025,2025-04-16,2,breeder,106
Falco tinnunculus,Turmfalke,bw74,2025,2025-05-15,2,breeder,135
Falco tinnunculus,Turmfalke,bw74,2025,2025-03-24,0,breeder,83
Falco tinnunculus,Turmfalke,bw74,2025,2025-06-12,6,breeder,163
Falco tinnunculus,Turmfalke,bw75,2024,2024-06-05,2,breeder,157
Falco tinnunculus,Turmfalke,bw75,2024,2024-03-19,2,breeder,79
Falco tinnunculus,Turmfalke,bw75,2024,2024-04-15,2,breeder,106
Falco tinnunculus,Turmfalke,bw75,2024,2024-05-14,2,breeder,135
Falco tinnunculus,Turmfalke,bw75,2025,2025-06-03,4,breeder,154
Falco tinnunculus,Turmfalke,bw75,2025,2025-03-17,3,breeder,76
Falco tinnunculus,Turmfalke,bw75,2025,2025-05-09,2,breeder,129
Falco tinnunculus,Turmfalke,bw75,2025,2025-04-08,7,breeder,98
Falco tinnunculus,Turmfalke,bw76,2024,2024-03-15,0,breeder,75
Falco tinnunculus,Turmfalke,bw76,2024,2024-04-08,2,breeder,99
Falco tinnunculus,Turmfalke,bw76,2024,2024-05-06,2,breeder,127
Falco tinnunculus,Turmfalke,bw76,2024,2024-05-28,0,breeder,149
Falco tinnunculus,Turmfalke,bw76,2025,2025-03-20,0,breeder,79
Falco tinnunculus,Turmfalke,bw76,2025,2025-04-17,3,breeder,107
Falco tinnunculus,Turmfalke,bw76,2025,2025-05-09,1,breeder,129
Falco tinnunculus,Turmfalke,bw76,2025,2025-06-10,3,breeder,161
Falco tinnunculus,Turmfalke,bw77,2022,2022-03-27,0,breeder,86
Falco tinnunculus,Turmfalke,bw77,2022,2022-04-30,1,breeder,120
Falco tinnunculus,Turmfalke,bw77,2022,2022-05-20,1,breeder,140
Falco tinnunculus,Turmfalke,bw77,2022,2022-06-19,0,breeder,170
Falco tinnunculus,Turmfalke,bw77,2024,2024-03-27,0,breeder,87
Falco tinnunculus,Turmfalke,bw77,2024,2024-04-20,3,breeder,111
Falco tinnunculus,Turmfalke,bw77,2024,2024-05-11,2,breeder,132
Falco tinnunculus,Turmfalke,bw77,2024,2024-06-01,3,breeder,153
Falco tinnunculus,Turmfalke,bw77,2025,2025-03-22,3,breeder,81
Falco tinnunculus,Turmfalke,bw77,2025,2025-04-12,3,breeder,102
Falco tinnunculus,Turmfalke,bw77,2025,2025-05-02,3,breeder,122
Falco tinnunculus,Turmfalke,bw77,2025,2025-06-07,1,breeder,158
Falco tinnunculus,Turmfalke,bw80,2024,2024-04-14,2,breeder,105
Falco tinnunculus,Turmfalke,bw80,2024,2024-03-26,0,breeder,86
Falco tinnunculus,Turmfalke,bw80,2024,2024-05-14,1,breeder,135
Falco tinnunculus,Turmfalke,bw80,2024,2024-06-04,0,breeder,156
Falco tinnunculus,Turmfalke,bw84,2022,2022-03-13,0,breeder,72
Falco tinnunculus,Turmfalke,bw84,2022,2022-04-28,0,breeder,118
Falco tinnunculus,Turmfalke,bw84,2022,2022-05-15,4,breeder,135
Falco tinnunculus,Turmfalke,bw84,2022,2022-06-03,1,breeder,154
Falco tinnunculus,Turmfalke,bw84,2023,2023-03-27,0,breeder,86
Falco tinnunculus,Turmfalke,bw84,2023,2023-05-11,0,breeder,131
Falco tinnunculus,Turmfalke,bw84,2023,2023-04-30,2,breeder,120
Falco tinnunculus,Turmfalke,bw84,2023,2023-06-16,1,breeder,167
Falco tinnunculus,Turmfalke,bw84,2024,2024-03-17,0,breeder,77
Falco tinnunculus,Turmfalke,bw84,2024,2024-05-07,3,breeder,128
Falco tinnunculus,Turmfalke,bw84,2024,2024-06-17,1,breeder,169
Falco tinnunculus,Turmfalke,bw84,2024,2024-04-22,1,breeder,113
Falco tinnunculus,Turmfalke,bw84,2025,2025-03-23,2,breeder,82
Falco tinnunculus,Turmfalke,bw84,2025,2025-04-28,1,breeder,118
Falco tinnunculus,Turmfalke,bw84,2025,2025-06-19,0,breeder,170
Falco tinnunculus,Turmfalke,bw84,2025,2025-05-11,0,breeder,131
Falco tinnunculus,Turmfalke,bw86,2024,2024-06-13,1,breeder,165
Falco tinnunculus,Turmfalke,bw86,2024,2024-05-14,1,breeder,135
Falco tinnunculus,Turmfalke,bw86,2024,2024-04-18,1,breeder,109
Falco tinnunculus,Turmfalke,bw86,2024,2024-03-27,3,breeder,87
Falco tinnunculus,Turmfalke,bw86,2025,2025-05-20,1,breeder,140
Falco tinnunculus,Turmfalke,bw86,2025,2025-06-17,1,breeder,168
Falco tinnunculus,Turmfalke,bw86,2025,2025-03-26,3,breeder,85
Falco tinnunculus,Turmfalke,bw86,2025,2025-04-23,2,breeder,113
Falco tinnunculus,Turmfalke,bw87,2024,2024-03-30,2,breeder,90
Falco tinnunculus,Turmfalke,bw87,2024,2024-04-23,2,breeder,114
Falco tinnunculus,Turmfalke,bw87,2024,2024-06-06,0,breeder,158
Falco tinnunculus,Turmfalke,bw87,2024,2024-05-13,2,breeder,134
Falco tinnunculus,Turmfalke,bw87,2025,2025-03-20,1,breeder,79
Falco tinnunculus,Turmfalke,bw87,2025,2025-06-14,2,breeder,165
Falco tinnunculus,Turmfalke,bw87,2025,2025-04-15,2,breeder,105
Falco tinnunculus,Turmfalke,bw87,2025,2025-05-19,0,breeder,139
Falco tinnunculus,Turmfalke,bw89,2021,2021-04-28,1,breeder,118
Falco tinnunculus,Turmfalke,bw89,2021,2021-05-15,2,breeder,135
Falco tinnunculus,Turmfalke,bw89,2021,2021-03-28,0,breeder,87
Falco tinnunculus,Turmfalke,bw89,2021,2021-06-20,0,breeder,171
Falco tinnunculus,Turmfalke,bw89,2022,2022-05-18,2,breeder,138
Falco tinnunculus,Turmfalke,bw89,2022,2022-04-29,0,breeder,119
Falco tinnunculus,Turmfalke,bw89,2022,2022-03-25,0,breeder,84
Falco tinnunculus,Turmfalke,bw89,2022,2022-06-17,1,breeder,168
Falco tinnunculus,Turmfalke,bw89,2024,2024-06-18,0,breeder,170
Falco tinnunculus,Turmfalke,bw89,2024,2024-04-29,1,breeder,120
Falco tinnunculus,Turmfalke,bw89,2024,2024-03-26,0,breeder,86
Falco tinnunculus,Turmfalke,bw89,2024,2024-05-13,2,breeder,134
Falco tinnunculus,Turmfalke,bw89,2025,2025-05-13,0,breeder,133
Falco tinnunculus,Turmfalke,bw89,2025,2025-03-27,2,breeder,86
Falco tinnunculus,Turmfalke,bw89,2025,2025-04-28,0,breeder,118
Falco tinnunculus,Turmfalke,bw89,2025,2025-06-19,0,breeder,170
Falco tinnunculus,Turmfalke,bw90,2023,2023-06-02,1,breeder,153
Falco tinnunculus,Turmfalke,bw90,2023,2023-04-04,1,breeder,94
Falco tinnunculus,Turmfalke,bw90,2023,2023-05-07,0,breeder,127
Falco tinnunculus,Turmfalke,bw90,2023,2023-03-11,1,breeder,70
Falco tinnunculus,Turmfalke,bw90,2024,2024-03-14,2,breeder,74
Falco tinnunculus,Turmfalke,bw90,2024,2024-04-05,0,breeder,96
Falco tinnunculus,Turmfalke,bw90,2024,2024-05-04,1,breeder,125
Falco tinnunculus,Turmfalke,bw90,2024,2024-06-04,2,breeder,156
Falco tinnunculus,Turmfalke,bw90,2025,2025-04-08,4,breeder,98
Falco tinnunculus,Turmfalke,bw90,2025,2025-03-11,3,breeder,70
Falco tinnunculus,Turmfalke,bw90,2025,2025-05-12,2,breeder,132
Falco tinnunculus,Turmfalke,bw90,2025,2025-06-03,1,breeder,154
Falco tinnunculus,Turmfalke,bw91,2021,2021-05-14,4,breeder,134
Falco tinnunculus,Turmfalke,bw91,2021,2021-06-13,1,breeder,164
Falco tinnunculus,Turmfalke,bw91,2021,2021-03-30,0,breeder,89
Falco tinnunculus,Turmfalke,bw91,2021,2021-04-25,3,breeder,115
Falco tinnunculus,Turmfalke,bw91,2022,2022-06-06,1,breeder,157
Falco tinnunculus,Turmfalke,bw91,2022,2022-03-27,2,breeder,86
Falco tinnunculus,Turmfalke,bw91,2022,2022-04-18,2,breeder,108
Falco tinnunculus,Turmfalke,bw91,2022,2022-05-05,3,breeder,125
Falco tinnunculus,Turmfalke,bw91,2023,2023-06-10,1,breeder,161
Falco tinnunculus,Turmfalke,bw91,2023,2023-03-19,0,breeder,78
Falco tinnunculus,Turmfalke,bw91,2023,2023-04-15,2,breeder,105
Falco tinnunculus,Turmfalke,bw91,2023,2023-05-18,2,breeder,138
Falco tinnunculus,Turmfalke,bw91,2024,2024-05-19,3,breeder,140
Falco tinnunculus,Turmfalke,bw91,2024,2024-06-07,1,breeder,159
Falco tinnunculus,Turmfalke,bw91,2024,2024-03-17,0,breeder,77
Falco tinnunculus,Turmfalke,bw91,2024,2024-04-07,1,breeder,98
Falco tinnunculus,Turmfalke,bw91,2025,2025-05-11,1,breeder,131
Falco tinnunculus,Turmfalke,bw91,2025,2025-06-14,0,breeder,165
Falco tinnunculus,Turmfalke,bw91,2025,2025-03-28,2,breeder,87
Falco tinnunculus,Turmfalke,bw91,2025,2025-04-21,0,breeder,111
Falco tinnunculus,Turmfalke,bw92,2021,2021-05-31,2,breeder,151
Falco tinnunculus,Turmfalke,bw92,2021,2021-05-15,1,breeder,135
Falco tinnunculus,Turmfalke,bw92,2021,2021-04-17,4,breeder,107
Falco tinnunculus,Turmfalke,bw92,2021,2021-03-22,0,breeder,81
Falco tinnunculus,Turmfalke,bw92,2025,2025-06-19,3,breeder,170
Falco tinnunculus,Turmfalke,bw92,2025,2025-04-05,3,breeder,95
Falco tinnunculus,Turmfalke,bw92,2025,2025-03-29,2,breeder,88
Falco tinnunculus,Turmfalke,bw93,2022,2022-06-07,1,breeder,158
Falco tinnunculus,Turmfalke,bw93,2022,2022-04-25,2,breeder,115
Falco tinnunculus,Turmfalke,bw93,2022,2022-05-11,0,breeder,131
Falco tinnunculus,Turmfalke,bw93,2022,2022-03-28,0,breeder,87
Falco tinnunculus,Turmfalke,bw93,2023,2023-06-17,1,breeder,168
Falco tinnunculus,Turmfalke,bw93,2023,2023-05-02,3,breeder,122
Falco tinnunculus,Turmfalke,bw93,2023,2023-03-28,1,breeder,87
Falco tinnunculus,Turmfalke,bw93,2023,2023-04-24,1,breeder,114
Falco tinnunculus,Turmfalke,bw93,2024,2024-03-21,0,breeder,81
Falco tinnunculus,Turmfalke,bw93,2024,2024-05-15,0,breeder,136
Falco tinnunculus,Turmfalke,bw93,2024,2024-06-19,1,breeder,171
Falco tinnunculus,Turmfalke,bw93,2024,2024-04-30,0,breeder,121
Falco tinnunculus,Turmfalke,bw93,2025,2025-03-24,1,breeder,83
Falco tinnunculus,Turmfalke,bw93,2025,2025-05-12,0,breeder,132
Falco tinnunculus,Turmfalke,bw93,2025,2025-04-29,0,breeder,119
Falco tinnunculus,Turmfalke,bw93,2025,2025-06-20,0,breeder,171
Falco tinnunculus,Turmfalke,bw97,2022,2022-05-14,2,breeder,134
Falco tinnunculus,Turmfalke,bw97,2022,2022-06-10,0,breeder,161
Falco tinnunculus,Turmfalke,bw97,2022,2022-04-16,0,breeder,106
Falco tinnunculus,Turmfalke,bw97,2022,2022-03-21,0,breeder,80
Falco tinnunculus,Turmfalke,bw97,2023,2023-04-22,1,breeder,112
Falco tinnunculus,Turmfalke,bw97,2023,2023-05-14,0,breeder,134
Falco tinnunculus,Turmfalke,bw97,2023,2023-06-08,1,breeder,159
Falco tinnunculus,Turmfalke,bw97,2023,2023-03-20,2,breeder,79
Falco tinnunculus,Turmfalke,bw97,2024,2024-04-27,0,breeder,118
Falco tinnunculus,Turmfalke,bw97,2024,2024-05-13,1,breeder,134
Falco tinnunculus,Turmfalke,bw97,2024,2024-03-21,0,breeder,81
Falco tinnunculus,Turmfalke,bw97,2024,2024-06-11,0,breeder,163
Falco tinnunculus,Turmfalke,bw98,2024,2024-03-25,0,breeder,85
Falco tinnunculus,Turmfalke,bw98,2024,2024-04-11,1,breeder,102
Falco tinnunculus,Turmfalke,bw98,2024,2024-05-08,2,breeder,129
Falco tinnunculus,Turmfalke,bw98,2024,2024-06-07,4,breeder,159
Falco tinnunculus,Turmfalke,bw98,2025,2025-03-21,2,breeder,80
Falco tinnunculus,Turmfalke,bw98,2025,2025-04-26,1,breeder,116
Falco tinnunculus,Turmfalke,bw98,2025,2025-05-13,1,breeder,133
Falco tinnunculus,Turmfalke,bw98,2025,2025-06-10,2,breeder,161
Falco tinnunculus,Turmfalke,bw99,2024,2024-03-12,2,breeder,72
Falco tinnunculus,Turmfalke,bw99,2024,2024-05-27,0,breeder,148
Falco tinnunculus,Turmfalke,bw99,2024,2024-05-14,1,breeder,135
Falco tinnunculus,Turmfalke,bw99,2024,2024-04-22,1,breeder,113
Falco tinnunculus,Turmfalke,bw99,2025,2025-05-12,1,breeder,132
Falco tinnunculus,Turmfalke,bw99,2025,2025-03-11,0,breeder,70
Falco tinnunculus,Turmfalke,bw99,2025,2025-04-17,4,breeder,107
Falco tinnunculus,Turmfalke,bw99,2025,2025-06-05,1,breeder,156
