NameSci,NameDt,SiteNr,year,Date,Number_of_individuals,breeding_status_sy,doy
Erithacus rubecula,Rotkehlchen,bw10,2022,2022-06-09,0,breeder,160
Erithacus rubecula,Rotkehlchen,bw10,2022,2022-05-14,1,breeder,134
Erithacus rubecula,Rotkehlchen,bw10,2022,2022-03-20,7,breeder,79
Erithacus rubecula,Rotkehlchen,bw10,2022,2022-04-22,3,breeder,112
Erithacus rubecula,Rotkehlchen,bw10,2023,2023-04-30,2,breeder,120
Erithacus rubecula,Rotkehlchen,bw10,2023,2023-05-14,2,breeder,134
Erithacus rubecula,Rotkehlchen,bw10,2023,2023-05-27,1,breeder,147
Erithacus rubecula,Rotkehlchen,bw10,2023,2023-03-18,9,breeder,77
Erithacus rubecula,Rotkehlchen,bw10,2024,2024-06-08,2,breeder,160
Erithacus rubecula,Rotkehlchen,bw10,2024,2024-03-11,8,breeder,71
Erithacus rubecula,Rotkehlchen,bw10,2024,2024-04-05,1,breeder,96
Erithacus rubecula,Rotkehlchen,bw10,2024,2024-05-04,1,breeder,125
Erithacus rubecula,Rotkehlchen,bw10,2024,2024-04-04,0,breeder,95
Erithacus rubecula,Rotkehlchen,bw10,2025,2025-04-16,4,breeder,106
Erithacus rubecula,Rotkehlchen,bw10,2025,2025-05-31,1,breeder,151
Erithacus rubecula,Rotkehlchen,bw10,2025,2025-03-23,7,breeder,82
Erithacus rubecula,Rotkehlchen,bw10,2025,2025-05-11,1,breeder,131
Erithacus rubecula,Rotkehlchen,bw100,2025,2025-04-13,13,breeder,103
Erithacus rubecula,Rotkehlchen,bw100,2025,2025-05-18,9,breeder,138
Erithacus rubecula,Rotkehlchen,bw100,2025,2025-06-19,4,breeder,170
Erithacus rubecula,Rotkehlchen,bw100,2025,2025-03-16,10,breeder,75
Erithacus rubecula,Rotkehlchen,bw103,2022,2022-03-27,12,breeder,86
Erithacus rubecula,Rotkehlchen,bw103,2022,2022-04-22,9,breeder,112
Erithacus rubecula,Rotkehlchen,bw103,2022,2022-05-13,3,breeder,133
Erithacus rubecula,Rotkehlchen,bw103,2022,2022-06-19,3,breeder,170
Erithacus rubecula,Rotkehlchen,bw103,2023,2023-04-23,3,breeder,113
Erithacus rubecula,Rotkehlchen,bw103,2023,2023-05-18,2,breeder,138
Erithacus rubecula,Rotkehlchen,bw103,2023,2023-06-09,6,breeder,160
Erithacus rubecula,Rotkehlchen,bw103,2023,2023-03-27,8,breeder,86
Erithacus rubecula,Rotkehlchen,bw103,2024,2024-05-20,2,breeder,141
Erithacus rubecula,Rotkehlchen,bw103,2024,2024-06-03,0,breeder,155
Erithacus rubecula,Rotkehlchen,bw103,2024,2024-03-25,7,breeder,85
Erithacus rubecula,Rotkehlchen,bw103,2024,2024-04-22,0,breeder,113
Erithacus rubecula,Rotkehlchen,bw103,2025,2025-06-11,3,breeder,162
Erithacus rubecula,Rotkehlchen,bw103,2025,2025-03-28,9,breeder,87
Erithacus rubecula,Rotkehlchen,bw103,2025,2025-04-23,1,breeder,113
Erithacus rubecula,Rotkehlchen,bw103,2025,2025-05-17,2,breeder,137
Erithacus rubecula,Rotkehlchen,bw103,2025,2025-05-19,0,breeder,139
Erithacus rubecula,Rotkehlchen,bw104,2022,2022-05-30,1,breeder,150
Erithacus rubecula,Rotkehlchen,bw104,2022,2022-05-11,0,breeder,131
Erithacus rubecula,Rotkehlchen,bw104,2022,2022-03-21,8,breeder,80
Erithacus rubecula,Rotkehlchen,bw104,2022,2022-04-13,1,breeder,103
Erithacus rubecula,Rotkehlchen,bw104,2023,2023-06-09,0,breeder,160
Erithacus rubecula,Rotkehlchen,bw104,2023,2023-04-27,1,breeder,117
Erithacus rubecula,Rotkehlchen,bw104,2023,2023-05-18,0,breeder,138
Erithacus rubecula,Rotkehlchen,bw104,2023,2023-03-21,5,breeder,80
Erithacus rubecula,Rotkehlchen,bw104,2023,2023-06-08,0,breeder,159
Erithacus rubecula,Rotkehlchen,bw104,2024,2024-06-12,0,breeder,164
Erithacus rubecula,Rotkehlchen,bw104,2024,2024-05-14,1,breeder,135
Erithacus rubecula,Rotkehlchen,bw104,2024,2024-03-19,5,breeder,79
Erithacus rubecula,Rotkehlchen,bw104,2024,2024-04-13,3,breeder,104
Erithacus rubecula,Rotkehlchen,bw104,2025,2025-05-13,0,breeder,133
Erithacus rubecula,Rotkehlchen,bw104,2025,2025-06-17,1,breeder,168
Erithacus rubecula,Rotkehlchen,bw104,2025,2025-04-11,1,breeder,101
Erithacus rubecula,Rotkehlchen,bw104,2025,2025-03-21,3,breeder,80
Erithacus rubecula,Rotkehlchen,bw104,2025,2025-04-10,0,breeder,100
Erithacus rubecula,Rotkehlchen,bw104,2025,2025-05-12,0,breeder,132
Erithacus rubecula,Rotkehlchen,bw106,2020,2020-04-19,11,breeder,110
Erithacus rubecula,Rotkehlchen,bw106,2020,2020-05-17,11,breeder,138
Erithacus rubecula,Rotkehlchen,bw106,2020,2020-03-27,23,breeder,87
Erithacus rubecula,Rotkehlchen,bw106,2020,2020-06-19,11,breeder,171
Erithacus rubecula,Rotkehlchen,bw106,2021,2021-05-19,8,breeder,139
Erithacus rubecula,Rotkehlchen,bw106,2021,2021-06-14,7,breeder,165
Erithacus rubecula,Rotkehlchen,bw106,2021,2021-03-28,32,breeder,87
Erithacus rubecula,Rotkehlchen,bw106,2021,2021-04-26,16,breeder,116
Erithacus rubecula,Rotkehlchen,bw106,2022,2022-05-30,7,breeder,150
Erithacus rubecula,Rotkehlchen,bw106,2022,2022-04-29,8,breeder,119
Erithacus rubecula,Rotkehlchen,bw106,2022,2022-05-07,9,breeder,127
Erithacus rubecula,Rotkehlchen,bw106,2022,2022-03-19,22,breeder,78
Erithacus rubecula,Rotkehlchen,bw106,2023,2023-03-22,22,breeder,81
Erithacus rubecula,Rotkehlchen,bw106,2023,2023-05-15,8,breeder,135
Erithacus rubecula,Rotkehlchen,bw106,2023,2023-06-08,9,breeder,159
Erithacus rubecula,Rotkehlchen,bw106,2023,2023-04-21,14,breeder,111
Erithacus rubecula,Rotkehlchen,bw106,2024,2024-03-21,13,breeder,81
Erithacus rubecula,Rotkehlchen,bw106,2024,2024-04-07,10,breeder,98
Erithacus rubecula,Rotkehlchen,bw106,2024,2024-05-19,7,breeder,140
Erithacus rubecula,Rotkehlchen,bw106,2024,2024-06-20,6,breeder,172
Erithacus rubecula,Rotkehlchen,bw106,2025,2025-03-22,10,breeder,81
Erithacus rubecula,Rotkehlchen,bw106,2025,2025-04-30,4,breeder,120
Erithacus rubecula,Rotkehlchen,bw106,2025,2025-05-19,2,breeder,139
Erithacus rubecula,Rotkehlchen,bw106,2025,2025-06-14,6,breeder,165
Erithacus rubecula,Rotkehlchen,bw107,2022,2022-04-18,9,breeder,108
Erithacus rubecula,Rotkehlchen,bw107,2022,2022-03-20,15,breeder,79
Erithacus rubecula,Rotkehlchen,bw107,2022,2022-06-06,11,breeder,157
Erithacus rubecula,Rotkehlchen,bw107,2022,2022-05-15,7,breeder,135
Erithacus rubecula,Rotkehlchen,bw107,2023,2023-05-07,14,breeder,127
Erithacus rubecula,Rotkehlchen,bw107,2023,2023-03-19,27,breeder,78
Erithacus rubecula,Rotkehlchen,bw107,2023,2023-04-10,18,breeder,100
Erithacus rubecula,Rotkehlchen,bw107,2023,2023-05-28,17,breeder,148
Erithacus rubecula,Rotkehlchen,bw107,2024,2024-05-12,19,breeder,133
Erithacus rubecula,Rotkehlchen,bw107,2024,2024-06-09,25,breeder,161
Erithacus rubecula,Rotkehlchen,bw107,2024,2024-03-30,22,breeder,90
Erithacus rubecula,Rotkehlchen,bw107,2024,2024-05-01,14,breeder,122
Erithacus rubecula,Rotkehlchen,bw107,2025,2025-03-16,24,breeder,75
Erithacus rubecula,Rotkehlchen,bw107,2025,2025-04-06,24,breeder,96
Erithacus rubecula,Rotkehlchen,bw107,2025,2025-06-01,15,breeder,152
Erithacus rubecula,Rotkehlchen,bw107,2025,2025-05-01,16,breeder,121
Erithacus rubecula,Rotkehlchen,bw108,2023,2023-05-05,1,breeder,125
Erithacus rubecula,Rotkehlchen,bw108,2023,2023-06-02,0,breeder,153
Erithacus rubecula,Rotkehlchen,bw108,2023,2023-03-22,3,breeder,81
Erithacus rubecula,Rotkehlchen,bw108,2023,2023-04-22,0,breeder,112
Erithacus rubecula,Rotkehlchen,bw108,2024,2024-04-06,0,breeder,97
Erithacus rubecula,Rotkehlchen,bw108,2024,2024-06-16,3,breeder,168
Erithacus rubecula,Rotkehlchen,bw108,2024,2024-03-22,4,breeder,82
Erithacus rubecula,Rotkehlchen,bw108,2024,2024-05-04,0,breeder,125
Erithacus rubecula,Rotkehlchen,bw108,2025,2025-03-25,5,breeder,84
Erithacus rubecula,Rotkehlchen,bw108,2025,2025-04-20,3,breeder,110
Erithacus rubecula,Rotkehlchen,bw108,2025,2025-05-10,4,breeder,130
Erithacus rubecula,Rotkehlchen,bw108,2025,2025-06-08,0,breeder,159
Erithacus rubecula,Rotkehlchen,bw115,2021,2021-03-21,7,breeder,80
Erithacus rubecula,Rotkehlchen,bw115,2021,2021-04-18,13,breeder,108
Erithacus rubecula,Rotkehlchen,bw115,2021,2021-05-09,8,breeder,129
Erithacus rubecula,Rotkehlchen,bw115,2021,2021-05-30,16,breeder,150
Erithacus rubecula,Rotkehlchen,bw115,2022,2022-03-13,16,breeder,72
Erithacus rubecula,Rotkehlchen,bw115,2022,2022-04-10,14,breeder,100
Erithacus rubecula,Rotkehlchen,bw115,2022,2022-06-06,8,breeder,157
Erithacus rubecula,Rotkehlchen,bw115,2022,2022-05-01,10,breeder,121
Erithacus rubecula,Rotkehlchen,bw115,2023,2023-03-11,5,breeder,70
Erithacus rubecula,Rotkehlchen,bw115,2023,2023-04-15,13,breeder,105
Erithacus rubecula,Rotkehlchen,bw115,2023,2023-05-01,8,breeder,121
Erithacus rubecula,Rotkehlchen,bw115,2023,2023-06-11,3,breeder,162
Erithacus rubecula,Rotkehlchen,bw115,2024,2024-03-10,19,breeder,70
Erithacus rubecula,Rotkehlchen,bw115,2024,2024-05-26,10,breeder,147
Erithacus rubecula,Rotkehlchen,bw115,2024,2024-04-07,16,breeder,98
Erithacus rubecula,Rotkehlchen,bw115,2024,2024-05-01,9,breeder,122
Erithacus rubecula,Rotkehlchen,bw115,2025,2025-03-16,18,breeder,75
Erithacus rubecula,Rotkehlchen,bw115,2025,2025-04-13,13,breeder,103
Erithacus rubecula,Rotkehlchen,bw115,2025,2025-06-01,16,breeder,152
Erithacus rubecula,Rotkehlchen,bw115,2025,2025-05-01,5,breeder,121
Erithacus rubecula,Rotkehlchen,bw118,2022,2022-06-06,0,breeder,157
Erithacus rubecula,Rotkehlchen,bw118,2022,2022-05-07,0,breeder,127
Erithacus rubecula,Rotkehlchen,bw118,2022,2022-04-22,0,breeder,112
Erithacus rubecula,Rotkehlchen,bw118,2022,2022-03-13,11,breeder,72
Erithacus rubecula,Rotkehlchen,bw118,2023,2023-04-07,3,breeder,97
Erithacus rubecula,Rotkehlchen,bw118,2023,2023-05-05,0,breeder,125
Erithacus rubecula,Rotkehlchen,bw118,2023,2023-05-26,0,breeder,146
Erithacus rubecula,Rotkehlchen,bw118,2023,2023-03-13,7,breeder,72
Erithacus rubecula,Rotkehlchen,bw118,2023,2023-05-25,0,breeder,145
Erithacus rubecula,Rotkehlchen,bw118,2025,2025-05-02,1,breeder,122
Erithacus rubecula,Rotkehlchen,bw118,2025,2025-06-01,0,breeder,152
Erithacus rubecula,Rotkehlchen,bw118,2025,2025-04-04,2,breeder,94
Erithacus rubecula,Rotkehlchen,bw118,2025,2025-03-15,1,breeder,74
Erithacus rubecula,Rotkehlchen,bw119,2022,2022-04-27,4,breeder,117
Erithacus rubecula,Rotkehlchen,bw119,2022,2022-03-30,10,breeder,89
Erithacus rubecula,Rotkehlchen,bw119,2022,2022-06-13,4,breeder,164
Erithacus rubecula,Rotkehlchen,bw119,2022,2022-05-19,1,breeder,139
Erithacus rubecula,Rotkehlchen,bw119,2023,2023-05-20,1,breeder,140
Erithacus rubecula,Rotkehlchen,bw119,2023,2023-06-15,1,breeder,166
Erithacus rubecula,Rotkehlchen,bw119,2023,2023-03-22,8,breeder,81
Erithacus rubecula,Rotkehlchen,bw119,2023,2023-04-19,6,breeder,109
Erithacus rubecula,Rotkehlchen,bw119,2023,2023-04-18,0,breeder,108
Erithacus rubecula,Rotkehlchen,bw119,2024,2024-05-02,2,breeder,123
Erithacus rubecula,Rotkehlchen,bw119,2024,2024-03-12,15,breeder,72
Erithacus rubecula,Rotkehlchen,bw119,2024,2024-04-22,4,breeder,113
Erithacus rubecula,Rotkehlchen,bw119,2024,2024-06-16,3,breeder,168
Erithacus rubecula,Rotkehlchen,bw119,2024,2024-04-21,0,breeder,112
Erithacus rubecula,Rotkehlchen,bw119,2025,2025-03-26,10,breeder,85
Erithacus rubecula,Rotkehlchen,bw119,2025,2025-04-16,5,breeder,106
Erithacus rubecula,Rotkehlchen,bw119,2025,2025-05-07,1,breeder,127
Erithacus rubecula,Rotkehlchen,bw119,2025,2025-06-05,8,breeder,156
Erithacus rubecula,Rotkehlchen,bw121,2022,2022-05-17,13,breeder,137
Erithacus rubecula,Rotkehlchen,bw121,2022,2022-03-29,33,breeder,88
Erithacus rubecula,Rotkehlchen,bw121,2022,2022-04-26,29,breeder,116
Erithacus rubecula,Rotkehlchen,bw121,2022,2022-06-12,18,breeder,163
Erithacus rubecula,Rotkehlchen,bw121,2023,2023-04-23,18,breeder,113
Erithacus rubecula,Rotkehlchen,bw121,2023,2023-05-18,11,breeder,138
Erithacus rubecula,Rotkehlchen,bw121,2023,2023-03-19,31,breeder,78
Erithacus rubecula,Rotkehlchen,bw121,2023,2023-06-12,12,breeder,163
Erithacus rubecula,Rotkehlchen,bw121,2024,2024-06-12,18,breeder,164
Erithacus rubecula,Rotkehlchen,bw121,2024,2024-04-13,21,breeder,104
Erithacus rubecula,Rotkehlchen,bw121,2024,2024-03-28,18,breeder,88
Erithacus rubecula,Rotkehlchen,bw121,2024,2024-05-03,15,breeder,124
Erithacus rubecula,Rotkehlchen,bw121,2024,2024-05-02,0,breeder,123
Erithacus rubecula,Rotkehlchen,bw121,2025,2025-03-23,25,breeder,82
Erithacus rubecula,Rotkehlchen,bw121,2025,2025-05-18,12,breeder,138
Erithacus rubecula,Rotkehlchen,bw121,2025,2025-06-07,19,breeder,158
Erithacus rubecula,Rotkehlchen,bw121,2025,2025-04-12,18,breeder,102
Erithacus rubecula,Rotkehlchen,bw123,2021,2021-03-24,22,breeder,83
Erithacus rubecula,Rotkehlchen,bw123,2021,2021-04-18,16,breeder,108
Erithacus rubecula,Rotkehlchen,bw123,2021,2021-05-09,12,breeder,129
Erithacus rubecula,Rotkehlchen,bw123,2021,2021-06-05,15,breeder,156
Erithacus rubecula,Rotkehlchen,bw123,2022,2022-03-24,18,breeder,83
Erithacus rubecula,Rotkehlchen,bw123,2022,2022-04-20,8,breeder,110
Erithacus rubecula,Rotkehlchen,bw123,2022,2022-05-08,5,breeder,128
Erithacus rubecula,Rotkehlchen,bw123,2022,2022-06-10,14,breeder,161
Erithacus rubecula,Rotkehlchen,bw123,2023,2023-03-21,16,breeder,80
Erithacus rubecula,Rotkehlchen,bw123,2023,2023-04-22,22,breeder,112
Erithacus rubecula,Rotkehlchen,bw123,2023,2023-05-07,17,breeder,127
Erithacus rubecula,Rotkehlchen,bw123,2023,2023-06-08,11,breeder,159
Erithacus rubecula,Rotkehlchen,bw123,2024,2024-03-22,22,breeder,82
Erithacus rubecula,Rotkehlchen,bw123,2024,2024-04-23,9,breeder,114
Erithacus rubecula,Rotkehlchen,bw123,2024,2024-05-11,15,breeder,132
Erithacus rubecula,Rotkehlchen,bw123,2024,2024-06-05,12,breeder,157
Erithacus rubecula,Rotkehlchen,bw123,2025,2025-03-24,34,breeder,83
Erithacus rubecula,Rotkehlchen,bw123,2025,2025-04-16,15,breeder,106
Erithacus rubecula,Rotkehlchen,bw123,2025,2025-05-11,7,breeder,131
Erithacus rubecula,Rotkehlchen,bw123,2025,2025-06-12,13,breeder,163
Erithacus rubecula,Rotkehlchen,bw125,2023,2023-03-23,10,breeder,82
Erithacus rubecula,Rotkehlchen,bw125,2023,2023-06-18,6,breeder,169
Erithacus rubecula,Rotkehlchen,bw125,2023,2023-05-18,8,breeder,138
Erithacus rubecula,Rotkehlchen,bw125,2023,2023-04-22,6,breeder,112
Erithacus rubecula,Rotkehlchen,bw125,2024,2024-03-29,17,breeder,89
Erithacus rubecula,Rotkehlchen,bw128,2020,2020-04-18,15,breeder,109
Erithacus rubecula,Rotkehlchen,bw128,2020,2020-06-20,11,breeder,172
Erithacus rubecula,Rotkehlchen,bw128,2020,2020-03-28,24,breeder,88
Erithacus rubecula,Rotkehlchen,bw128,2020,2020-05-19,6,breeder,140
Erithacus rubecula,Rotkehlchen,bw128,2021,2021-03-29,24,breeder,88
Erithacus rubecula,Rotkehlchen,bw128,2021,2021-04-24,11,breeder,114
Erithacus rubecula,Rotkehlchen,bw128,2021,2021-06-15,4,breeder,166
Erithacus rubecula,Rotkehlchen,bw128,2021,2021-05-15,3,breeder,135
Erithacus rubecula,Rotkehlchen,bw128,2022,2022-04-22,8,breeder,112
Erithacus rubecula,Rotkehlchen,bw128,2022,2022-05-08,4,breeder,128
Erithacus rubecula,Rotkehlchen,bw128,2022,2022-03-25,24,breeder,84
Erithacus rubecula,Rotkehlchen,bw128,2022,2022-06-03,6,breeder,154
Erithacus rubecula,Rotkehlchen,bw128,2023,2023-04-14,15,breeder,104
Erithacus rubecula,Rotkehlchen,bw128,2023,2023-05-13,6,breeder,133
Erithacus rubecula,Rotkehlchen,bw128,2023,2023-03-28,15,breeder,87
Erithacus rubecula,Rotkehlchen,bw128,2023,2023-06-02,2,breeder,153
Erithacus rubecula,Rotkehlchen,bw128,2025,2025-04-19,2,breeder,109
Erithacus rubecula,Rotkehlchen,bw128,2025,2025-03-29,4,breeder,88
Erithacus rubecula,Rotkehlchen,bw128,2025,2025-06-15,1,breeder,166
Erithacus rubecula,Rotkehlchen,bw128,2025,2025-05-19,1,breeder,139
Erithacus rubecula,Rotkehlchen,bw13,2020,2020-03-28,16,breeder,88
Erithacus rubecula,Rotkehlchen,bw13,2020,2020-05-10,3,breeder,131
Erithacus rubecula,Rotkehlchen,bw13,2020,2020-06-05,9,breeder,157
Erithacus rubecula,Rotkehlchen,bw13,2020,2020-04-19,9,breeder,110
Erithacus rubecula,Rotkehlchen,bw13,2020,2020-04-18,1,breeder,109
Erithacus rubecula,Rotkehlchen,bw13,2021,2021-04-18,11,breeder,108
Erithacus rubecula,Rotkehlchen,bw13,2021,2021-05-10,6,breeder,130
Erithacus rubecula,Rotkehlchen,bw13,2021,2021-03-28,16,breeder,87
Erithacus rubecula,Rotkehlchen,bw13,2021,2021-06-05,8,breeder,156
Erithacus rubecula,Rotkehlchen,bw13,2021,2021-06-04,1,breeder,155
Erithacus rubecula,Rotkehlchen,bw13,2022,2022-03-27,15,breeder,86
Erithacus rubecula,Rotkehlchen,bw13,2022,2022-04-15,13,breeder,105
Erithacus rubecula,Rotkehlchen,bw13,2022,2022-05-09,3,breeder,129
Erithacus rubecula,Rotkehlchen,bw13,2022,2022-06-04,7,breeder,155
Erithacus rubecula,Rotkehlchen,bw13,2023,2023-04-15,12,breeder,105
Erithacus rubecula,Rotkehlchen,bw13,2023,2023-03-29,13,breeder,88
Erithacus rubecula,Rotkehlchen,bw13,2023,2023-05-11,4,breeder,131
Erithacus rubecula,Rotkehlchen,bw13,2023,2023-06-08,10,breeder,159
Erithacus rubecula,Rotkehlchen,bw13,2024,2024-04-15,13,breeder,106
Erithacus rubecula,Rotkehlchen,bw13,2024,2024-06-05,9,breeder,157
Erithacus rubecula,Rotkehlchen,bw13,2024,2024-03-30,14,breeder,90
Erithacus rubecula,Rotkehlchen,bw13,2024,2024-05-06,5,breeder,127
Erithacus rubecula,Rotkehlchen,bw13,2025,2025-03-28,11,breeder,87
Erithacus rubecula,Rotkehlchen,bw13,2025,2025-04-15,13,breeder,105
Erithacus rubecula,Rotkehlchen,bw13,2025,2025-05-10,4,breeder,130
Erithacus rubecula,Rotkehlchen,bw13,2025,2025-06-08,7,breeder,159
Erithacus rubecula,Rotkehlchen,bw136,2022,2022-03-27,18,breeder,86
Erithacus rubecula,Rotkehlchen,bw136,2022,2022-05-15,7,breeder,135
Erithacus rubecula,Rotkehlchen,bw136,2022,2022-04-27,11,breeder,117
Erithacus rubecula,Rotkehlchen,bw136,2022,2022-06-12,12,breeder,163
Erithacus rubecula,Rotkehlchen,bw136,2023,2023-06-12,11,breeder,163
Erithacus rubecula,Rotkehlchen,bw136,2023,2023-04-29,14,breeder,119
Erithacus rubecula,Rotkehlchen,bw136,2023,2023-05-18,10,breeder,138
Erithacus rubecula,Rotkehlchen,bw136,2023,2023-03-28,8,breeder,87
Erithacus rubecula,Rotkehlchen,bw136,2024,2024-03-30,14,breeder,90
Erithacus rubecula,Rotkehlchen,bw136,2024,2024-05-13,14,breeder,134
Erithacus rubecula,Rotkehlchen,bw136,2024,2024-06-29,10,breeder,181
Erithacus rubecula,Rotkehlchen,bw136,2024,2024-04-28,10,breeder,119
Erithacus rubecula,Rotkehlchen,bw136,2024,2024-06-28,0,breeder,180
Erithacus rubecula,Rotkehlchen,bw136,2025,2025-04-27,14,breeder,117
Erithacus rubecula,Rotkehlchen,bw136,2025,2025-03-28,17,breeder,87
Erithacus rubecula,Rotkehlchen,bw136,2025,2025-05-18,19,breeder,138
Erithacus rubecula,Rotkehlchen,bw136,2025,2025-06-19,14,breeder,170
Erithacus rubecula,Rotkehlchen,bw136,2025,2025-06-18,0,breeder,169
Erithacus rubecula,Rotkehlchen,bw138,2022,2022-06-11,5,breeder,162
Erithacus rubecula,Rotkehlchen,bw138,2022,2022-03-19,9,breeder,78
Erithacus rubecula,Rotkehlchen,bw138,2022,2022-04-15,6,breeder,105
Erithacus rubecula,Rotkehlchen,bw138,2022,2022-05-10,2,breeder,130
Erithacus rubecula,Rotkehlchen,bw138,2023,2023-06-10,1,breeder,161
Erithacus rubecula,Rotkehlchen,bw138,2023,2023-03-29,3,breeder,88
Erithacus rubecula,Rotkehlchen,bw138,2023,2023-04-04,3,breeder,94
Erithacus rubecula,Rotkehlchen,bw138,2023,2023-05-17,2,breeder,137
Erithacus rubecula,Rotkehlchen,bw138,2024,2024-05-14,2,breeder,135
Erithacus rubecula,Rotkehlchen,bw138,2024,2024-06-02,1,breeder,154
Erithacus rubecula,Rotkehlchen,bw138,2024,2024-03-20,5,breeder,80
Erithacus rubecula,Rotkehlchen,bw138,2024,2024-04-13,4,breeder,104
Erithacus rubecula,Rotkehlchen,bw138,2025,2025-06-14,1,breeder,165
Erithacus rubecula,Rotkehlchen,bw138,2025,2025-03-21,3,breeder,80
Erithacus rubecula,Rotkehlchen,bw138,2025,2025-04-16,6,breeder,106
Erithacus rubecula,Rotkehlchen,bw138,2025,2025-05-10,0,breeder,130
Erithacus rubecula,Rotkehlchen,bw139,2022,2022-04-28,17,breeder,118
Erithacus rubecula,Rotkehlchen,bw139,2022,2022-03-28,28,breeder,87
Erithacus rubecula,Rotkehlchen,bw139,2022,2022-05-13,18,breeder,133
Erithacus rubecula,Rotkehlchen,bw139,2022,2022-06-11,13,breeder,162
Erithacus rubecula,Rotkehlchen,bw139,2023,2023-03-27,18,breeder,86
Erithacus rubecula,Rotkehlchen,bw139,2023,2023-06-20,13,breeder,171
Erithacus rubecula,Rotkehlchen,bw139,2023,2023-04-29,11,breeder,119
Erithacus rubecula,Rotkehlchen,bw139,2023,2023-05-19,17,breeder,139
Erithacus rubecula,Rotkehlchen,bw139,2025,2025-03-28,26,breeder,87
Erithacus rubecula,Rotkehlchen,bw139,2025,2025-04-30,10,breeder,120
Erithacus rubecula,Rotkehlchen,bw139,2025,2025-05-14,14,breeder,134
Erithacus rubecula,Rotkehlchen,bw139,2025,2025-06-17,30,breeder,168
Erithacus rubecula,Rotkehlchen,bw140,2022,2022-05-03,12,breeder,123
Erithacus rubecula,Rotkehlchen,bw140,2022,2022-03-17,21,breeder,76
Erithacus rubecula,Rotkehlchen,bw140,2022,2022-05-29,16,breeder,149
Erithacus rubecula,Rotkehlchen,bw140,2022,2022-04-13,21,breeder,103
Erithacus rubecula,Rotkehlchen,bw140,2023,2023-05-26,17,breeder,146
Erithacus rubecula,Rotkehlchen,bw140,2023,2023-05-12,15,breeder,132
Erithacus rubecula,Rotkehlchen,bw140,2023,2023-03-17,20,breeder,76
Erithacus rubecula,Rotkehlchen,bw140,2023,2023-04-10,22,breeder,100
Erithacus rubecula,Rotkehlchen,bw140,2024,2024-03-18,27,breeder,78
Erithacus rubecula,Rotkehlchen,bw140,2024,2024-04-06,20,breeder,97
Erithacus rubecula,Rotkehlchen,bw140,2024,2024-05-01,19,breeder,122
Erithacus rubecula,Rotkehlchen,bw140,2024,2024-05-23,21,breeder,144
Erithacus rubecula,Rotkehlchen,bw140,2025,2025-05-24,13,breeder,144
Erithacus rubecula,Rotkehlchen,bw140,2025,2025-04-05,23,breeder,95
Erithacus rubecula,Rotkehlchen,bw140,2025,2025-05-06,13,breeder,126
Erithacus rubecula,Rotkehlchen,bw140,2025,2025-03-16,16,breeder,75
Erithacus rubecula,Rotkehlchen,bw147,2022,2022-03-10,3,breeder,69
Erithacus rubecula,Rotkehlchen,bw147,2022,2022-04-07,1,breeder,97
Erithacus rubecula,Rotkehlchen,bw147,2022,2022-05-04,1,breeder,124
Erithacus rubecula,Rotkehlchen,bw147,2022,2022-06-03,0,breeder,154
Erithacus rubecula,Rotkehlchen,bw147,2023,2023-03-16,6,breeder,75
Erithacus rubecula,Rotkehlchen,bw147,2023,2023-04-30,0,breeder,120
Erithacus rubecula,Rotkehlchen,bw147,2023,2023-05-13,1,breeder,133
Erithacus rubecula,Rotkehlchen,bw147,2023,2023-05-23,1,breeder,143
Erithacus rubecula,Rotkehlchen,bw147,2024,2024-03-28,0,breeder,88
Erithacus rubecula,Rotkehlchen,bw147,2024,2024-06-20,0,breeder,172
Erithacus rubecula,Rotkehlchen,bw147,2024,2024-05-11,0,breeder,132
Erithacus rubecula,Rotkehlchen,bw147,2024,2024-04-16,2,breeder,107
Erithacus rubecula,Rotkehlchen,bw147,2025,2025-04-12,6,breeder,102
Erithacus rubecula,Rotkehlchen,bw147,2025,2025-05-31,2,breeder,151
Erithacus rubecula,Rotkehlchen,bw147,2025,2025-03-17,1,breeder,76
Erithacus rubecula,Rotkehlchen,bw147,2025,2025-05-10,3,breeder,130
Erithacus rubecula,Rotkehlchen,bw149,2024,2024-03-14,7,breeder,74
Erithacus rubecula,Rotkehlchen,bw149,2024,2024-04-12,4,breeder,103
Erithacus rubecula,Rotkehlchen,bw149,2024,2024-05-10,5,breeder,131
Erithacus rubecula,Rotkehlchen,bw149,2024,2024-06-10,3,breeder,162
Erithacus rubecula,Rotkehlchen,bw149,2024,2024-05-09,0,breeder,130
Erithacus rubecula,Rotkehlchen,bw149,2024,2024-06-09,0,breeder,161
Erithacus rubecula,Rotkehlchen,bw149,2025,2025-05-12,5,breeder,132
Erithacus rubecula,Rotkehlchen,bw149,2025,2025-03-21,18,breeder,80
Erithacus rubecula,Rotkehlchen,bw149,2025,2025-04-15,8,breeder,105
Erithacus rubecula,Rotkehlchen,bw149,2025,2025-06-11,5,breeder,162
Erithacus rubecula,Rotkehlchen,bw151,2022,2022-03-27,13,breeder,86
Erithacus rubecula,Rotkehlchen,bw151,2022,2022-04-16,4,breeder,106
Erithacus rubecula,Rotkehlchen,bw151,2022,2022-05-08,0,breeder,128
Erithacus rubecula,Rotkehlchen,bw151,2022,2022-05-29,1,breeder,149
Erithacus rubecula,Rotkehlchen,bw151,2023,2023-03-26,7,breeder,85
Erithacus rubecula,Rotkehlchen,bw151,2023,2023-04-30,1,breeder,120
Erithacus rubecula,Rotkehlchen,bw151,2023,2023-05-14,0,breeder,134
Erithacus rubecula,Rotkehlchen,bw151,2023,2023-05-28,1,breeder,148
Erithacus rubecula,Rotkehlchen,bw151,2024,2024-03-29,3,breeder,89
Erithacus rubecula,Rotkehlchen,bw151,2024,2024-04-28,0,breeder,119
Erithacus rubecula,Rotkehlchen,bw151,2024,2024-05-11,0,breeder,132
Erithacus rubecula,Rotkehlchen,bw151,2024,2024-06-08,3,breeder,160
Erithacus rubecula,Rotkehlchen,bw151,2025,2025-03-30,5,breeder,89
Erithacus rubecula,Rotkehlchen,bw151,2025,2025-04-19,1,breeder,109
Erithacus rubecula,Rotkehlchen,bw151,2025,2025-05-12,5,breeder,132
Erithacus rubecula,Rotkehlchen,bw151,2025,2025-05-23,1,breeder,143
Erithacus rubecula,Rotkehlchen,bw160,2025,2025-05-10,3,breeder,130
Erithacus rubecula,Rotkehlchen,bw160,2025,2025-06-11,0,breeder,162
Erithacus rubecula,Rotkehlchen,bw160,2025,2025-03-22,15,breeder,81
Erithacus rubecula,Rotkehlchen,bw160,2025,2025-04-16,8,breeder,106
Erithacus rubecula,Rotkehlchen,bw165,2024,2024-05-07,0,breeder,128
Erithacus rubecula,Rotkehlchen,bw165,2024,2024-05-28,0,breeder,149
Erithacus rubecula,Rotkehlchen,bw165,2024,2024-03-18,3,breeder,78
Erithacus rubecula,Rotkehlchen,bw165,2024,2024-04-08,0,breeder,99
Erithacus rubecula,Rotkehlchen,bw165,2025,2025-05-27,1,breeder,147
Erithacus rubecula,Rotkehlchen,bw165,2025,2025-03-18,1,breeder,77
Erithacus rubecula,Rotkehlchen,bw165,2025,2025-05-06,0,breeder,126
Erithacus rubecula,Rotkehlchen,bw165,2025,2025-04-07,1,breeder,97
Erithacus rubecula,Rotkehlchen,bw172,2022,2022-04-12,29,breeder,102
Erithacus rubecula,Rotkehlchen,bw172,2022,2022-05-11,25,breeder,131
Erithacus rubecula,Rotkehlchen,bw172,2022,2022-06-02,20,breeder,153
Erithacus rubecula,Rotkehlchen,bw172,2022,2022-03-24,18,breeder,83
Erithacus rubecula,Rotkehlchen,bw172,2023,2023-05-11,29,breeder,131
Erithacus rubecula,Rotkehlchen,bw172,2023,2023-06-07,19,breeder,158
Erithacus rubecula,Rotkehlchen,bw172,2023,2023-03-17,4,breeder,76
Erithacus rubecula,Rotkehlchen,bw172,2023,2023-04-18,16,breeder,108
Erithacus rubecula,Rotkehlchen,bw172,2023,2023-04-17,0,breeder,107
Erithacus rubecula,Rotkehlchen,bw172,2024,2024-04-09,16,breeder,100
Erithacus rubecula,Rotkehlchen,bw172,2024,2024-05-10,26,breeder,131
Erithacus rubecula,Rotkehlchen,bw172,2024,2024-06-07,28,breeder,159
Erithacus rubecula,Rotkehlchen,bw172,2024,2024-03-15,9,breeder,75
Erithacus rubecula,Rotkehlchen,bw172,2024,2024-04-08,1,breeder,99
Erithacus rubecula,Rotkehlchen,bw172,2025,2025-03-20,14,breeder,79
Erithacus rubecula,Rotkehlchen,bw172,2025,2025-04-10,18,breeder,100
Erithacus rubecula,Rotkehlchen,bw172,2025,2025-05-09,19,breeder,129
Erithacus rubecula,Rotkehlchen,bw172,2025,2025-05-31,23,breeder,151
Erithacus rubecula,Rotkehlchen,bw173,2022,2022-03-22,19,breeder,81
Erithacus rubecula,Rotkehlchen,bw173,2022,2022-04-11,21,breeder,101
Erithacus rubecula,Rotkehlchen,bw173,2022,2022-05-10,17,breeder,130
Erithacus rubecula,Rotkehlchen,bw173,2022,2022-06-01,25,breeder,152
Erithacus rubecula,Rotkehlchen,bw173,2023,2023-03-16,3,breeder,75
Erithacus rubecula,Rotkehlchen,bw173,2023,2023-06-06,20,breeder,157
Erithacus rubecula,Rotkehlchen,bw173,2023,2023-04-14,16,breeder,104
Erithacus rubecula,Rotkehlchen,bw173,2023,2023-05-09,16,breeder,129
Erithacus rubecula,Rotkehlchen,bw173,2024,2024-04-08,14,breeder,99
Erithacus rubecula,Rotkehlchen,bw173,2024,2024-06-06,24,breeder,158
Erithacus rubecula,Rotkehlchen,bw173,2024,2024-03-19,18,breeder,79
Erithacus rubecula,Rotkehlchen,bw173,2024,2024-05-04,12,breeder,125
Erithacus rubecula,Rotkehlchen,bw173,2024,2024-06-05,0,breeder,157
Erithacus rubecula,Rotkehlchen,bw173,2025,2025-04-07,20,breeder,97
Erithacus rubecula,Rotkehlchen,bw173,2025,2025-05-08,18,breeder,128
Erithacus rubecula,Rotkehlchen,bw173,2025,2025-05-30,19,breeder,150
Erithacus rubecula,Rotkehlchen,bw173,2025,2025-03-17,16,breeder,76
Erithacus rubecula,Rotkehlchen,bw18,2021,2021-04-16,21,breeder,106
Erithacus rubecula,Rotkehlchen,bw18,2021,2021-06-14,17,breeder,165
Erithacus rubecula,Rotkehlchen,bw18,2021,2021-05-14,13,breeder,134
Erithacus rubecula,Rotkehlchen,bw18,2022,2022-04-22,17,breeder,112
Erithacus rubecula,Rotkehlchen,bw18,2022,2022-05-12,11,breeder,132
Erithacus rubecula,Rotkehlchen,bw18,2022,2022-03-15,11,breeder,74
Erithacus rubecula,Rotkehlchen,bw18,2022,2022-06-21,17,breeder,172
Erithacus rubecula,Rotkehlchen,bw18,2023,2023-03-30,24,breeder,89
Erithacus rubecula,Rotkehlchen,bw181,2022,2022-04-13,39,breeder,103
Erithacus rubecula,Rotkehlchen,bw181,2022,2022-05-17,26,breeder,137
Erithacus rubecula,Rotkehlchen,bw181,2022,2022-06-11,14,breeder,162
Erithacus rubecula,Rotkehlchen,bw181,2022,2022-03-16,5,breeder,75
Erithacus rubecula,Rotkehlchen,bw181,2023,2023-04-27,20,breeder,117
Erithacus rubecula,Rotkehlchen,bw181,2023,2023-05-15,14,breeder,135
Erithacus rubecula,Rotkehlchen,bw181,2023,2023-06-16,9,breeder,167
Erithacus rubecula,Rotkehlchen,bw181,2023,2023-03-21,21,breeder,80
Erithacus rubecula,Rotkehlchen,bw181,2024,2024-04-30,26,breeder,121
Erithacus rubecula,Rotkehlchen,bw181,2024,2024-05-14,20,breeder,135
Erithacus rubecula,Rotkehlchen,bw181,2024,2024-06-13,13,breeder,165
Erithacus rubecula,Rotkehlchen,bw181,2024,2024-03-20,29,breeder,80
Erithacus rubecula,Rotkehlchen,bw181,2025,2025-03-20,6,breeder,79
Erithacus rubecula,Rotkehlchen,bw181,2025,2025-04-14,19,breeder,104
Erithacus rubecula,Rotkehlchen,bw181,2025,2025-05-13,17,breeder,133
Erithacus rubecula,Rotkehlchen,bw181,2025,2025-06-11,10,breeder,162
Erithacus rubecula,Rotkehlchen,bw185,2023,2023-03-31,6,breeder,90
Erithacus rubecula,Rotkehlchen,bw185,2024,2024-04-30,7,breeder,121
Erithacus rubecula,Rotkehlchen,bw185,2024,2024-05-14,6,breeder,135
Erithacus rubecula,Rotkehlchen,bw185,2024,2024-06-20,7,breeder,172
Erithacus rubecula,Rotkehlchen,bw185,2024,2024-03-21,9,breeder,81
Erithacus rubecula,Rotkehlchen,bw186,2024,2024-05-14,6,breeder,135
Erithacus rubecula,Rotkehlchen,bw186,2024,2024-06-11,5,breeder,163
Erithacus rubecula,Rotkehlchen,bw186,2024,2024-03-26,11,breeder,86
Erithacus rubecula,Rotkehlchen,bw186,2024,2024-04-30,6,breeder,121
Erithacus rubecula,Rotkehlchen,bw186,2025,2025-03-25,12,breeder,84
Erithacus rubecula,Rotkehlchen,bw186,2025,2025-05-20,3,breeder,140
Erithacus rubecula,Rotkehlchen,bw186,2025,2025-06-10,7,breeder,161
Erithacus rubecula,Rotkehlchen,bw186,2025,2025-04-23,7,breeder,113
Erithacus rubecula,Rotkehlchen,bw188,2023,2023-03-21,1,breeder,80
Erithacus rubecula,Rotkehlchen,bw188,2023,2023-04-27,2,breeder,117
Erithacus rubecula,Rotkehlchen,bw188,2023,2023-06-12,4,breeder,163
Erithacus rubecula,Rotkehlchen,bw188,2023,2023-05-15,6,breeder,135
Erithacus rubecula,Rotkehlchen,bw188,2024,2024-04-11,14,breeder,102
Erithacus rubecula,Rotkehlchen,bw188,2024,2024-03-27,7,breeder,87
Erithacus rubecula,Rotkehlchen,bw188,2024,2024-05-09,10,breeder,130
Erithacus rubecula,Rotkehlchen,bw188,2024,2024-06-08,8,breeder,160
Erithacus rubecula,Rotkehlchen,bw188,2025,2025-03-11,17,breeder,70
Erithacus rubecula,Rotkehlchen,bw188,2025,2025-06-03,19,breeder,154
Erithacus rubecula,Rotkehlchen,bw188,2025,2025-05-09,19,breeder,129
Erithacus rubecula,Rotkehlchen,bw188,2025,2025-04-05,3,breeder,95
Erithacus rubecula,Rotkehlchen,bw189,2024,2024-06-04,0,breeder,156
Erithacus rubecula,Rotkehlchen,bw189,2024,2024-03-25,1,breeder,85
Erithacus rubecula,Rotkehlchen,bw189,2024,2024-04-16,0,breeder,107
Erithacus rubecula,Rotkehlchen,bw189,2024,2024-05-13,0,breeder,134
Erithacus rubecula,Rotkehlchen,bw189,2025,2025-06-05,0,breeder,156
Erithacus rubecula,Rotkehlchen,bw189,2025,2025-05-13,1,breeder,133
Erithacus rubecula,Rotkehlchen,bw189,2025,2025-04-08,2,breeder,98
Erithacus rubecula,Rotkehlchen,bw189,2025,2025-03-24,2,breeder,83
Erithacus rubecula,Rotkehlchen,bw192,2022,2022-06-16,12,breeder,167
Erithacus rubecula,Rotkehlchen,bw192,2022,2022-03-20,24,breeder,79
Erithacus rubecula,Rotkehlchen,bw192,2022,2022-04-10,23,breeder,100
Erithacus rubecula,Rotkehlchen,bw192,2022,2022-05-08,13,breeder,128
Erithacus rubecula,Rotkehlchen,bw192,2023,2023-03-22,22,breeder,81
Erithacus rubecula,Rotkehlchen,bw192,2023,2023-04-29,7,breeder,119
Erithacus rubecula,Rotkehlchen,bw192,2023,2023-05-14,10,breeder,134
Erithacus rubecula,Rotkehlchen,bw192,2025,2025-05-31,8,breeder,151
Erithacus rubecula,Rotkehlchen,bw192,2025,2025-05-12,11,breeder,132
Erithacus rubecula,Rotkehlchen,bw192,2025,2025-03-24,22,breeder,83
Erithacus rubecula,Rotkehlchen,bw192,2025,2025-04-06,17,breeder,96
Erithacus rubecula,Rotkehlchen,bw193,2024,2024-03-31,24,breeder,91
Erithacus rubecula,Rotkehlchen,bw193,2024,2024-05-20,19,breeder,141
Erithacus rubecula,Rotkehlchen,bw193,2024,2024-06-24,24,breeder,176
Erithacus rubecula,Rotkehlchen,bw193,2024,2024-04-26,19,breeder,117
Erithacus rubecula,Rotkehlchen,bw193,2025,2025-04-20,28,breeder,110
Erithacus rubecula,Rotkehlchen,bw193,2025,2025-05-20,27,breeder,140
Erithacus rubecula,Rotkehlchen,bw193,2025,2025-03-27,32,breeder,86
Erithacus rubecula,Rotkehlchen,bw193,2025,2025-06-17,14,breeder,168
Erithacus rubecula,Rotkehlchen,bw194,2022,2022-04-18,2,breeder,108
Erithacus rubecula,Rotkehlchen,bw194,2022,2022-05-08,0,breeder,128
Erithacus rubecula,Rotkehlchen,bw194,2022,2022-06-12,0,breeder,163
Erithacus rubecula,Rotkehlchen,bw194,2022,2022-04-08,3,breeder,98
Erithacus rubecula,Rotkehlchen,bw194,2024,2024-04-24,3,breeder,115
Erithacus rubecula,Rotkehlchen,bw194,2024,2024-03-24,4,breeder,84
Erithacus rubecula,Rotkehlchen,bw194,2024,2024-05-18,2,breeder,139
Erithacus rubecula,Rotkehlchen,bw194,2024,2024-06-18,2,breeder,170
Erithacus rubecula,Rotkehlchen,bw194,2025,2025-03-23,4,breeder,82
Erithacus rubecula,Rotkehlchen,bw194,2025,2025-05-24,1,breeder,144
Erithacus rubecula,Rotkehlchen,bw194,2025,2025-04-27,1,breeder,117
Erithacus rubecula,Rotkehlchen,bw194,2025,2025-06-19,2,breeder,170
Erithacus rubecula,Rotkehlchen,bw195,2021,2021-04-03,7,breeder,93
Erithacus rubecula,Rotkehlchen,bw195,2021,2021-03-12,0,breeder,71
Erithacus rubecula,Rotkehlchen,bw195,2021,2021-06-03,3,breeder,154
Erithacus rubecula,Rotkehlchen,bw195,2021,2021-05-10,4,breeder,130
Erithacus rubecula,Rotkehlchen,bw195,2022,2022-04-16,5,breeder,106
Erithacus rubecula,Rotkehlchen,bw195,2022,2022-03-19,0,breeder,78
Erithacus rubecula,Rotkehlchen,bw195,2022,2022-05-07,3,breeder,127
Erithacus rubecula,Rotkehlchen,bw195,2022,2022-06-05,4,breeder,156
Erithacus rubecula,Rotkehlchen,bw195,2023,2023-06-10,6,breeder,161
Erithacus rubecula,Rotkehlchen,bw195,2023,2023-04-15,6,breeder,105
Erithacus rubecula,Rotkehlchen,bw195,2023,2023-05-06,4,breeder,126
Erithacus rubecula,Rotkehlchen,bw195,2023,2023-03-17,7,breeder,76
Erithacus rubecula,Rotkehlchen,bw195,2024,2024-05-04,4,breeder,125
Erithacus rubecula,Rotkehlchen,bw195,2024,2024-06-08,6,breeder,160
Erithacus rubecula,Rotkehlchen,bw195,2024,2024-04-06,6,breeder,97
Erithacus rubecula,Rotkehlchen,bw195,2024,2024-03-09,3,breeder,69
Erithacus rubecula,Rotkehlchen,bw195,2025,2025-06-13,3,breeder,164
Erithacus rubecula,Rotkehlchen,bw195,2025,2025-03-25,10,breeder,84
Erithacus rubecula,Rotkehlchen,bw195,2025,2025-05-03,2,breeder,123
Erithacus rubecula,Rotkehlchen,bw195,2025,2025-05-17,6,breeder,137
Erithacus rubecula,Rotkehlchen,bw197,2024,2024-03-28,1,breeder,88
Erithacus rubecula,Rotkehlchen,bw197,2024,2024-04-27,1,breeder,118
Erithacus rubecula,Rotkehlchen,bw197,2024,2024-05-05,1,breeder,126
Erithacus rubecula,Rotkehlchen,bw197,2024,2024-06-17,5,breeder,169
Erithacus rubecula,Rotkehlchen,bw197,2025,2025-04-25,4,breeder,115
Erithacus rubecula,Rotkehlchen,bw197,2025,2025-06-09,2,breeder,160
Erithacus rubecula,Rotkehlchen,bw197,2025,2025-03-22,9,breeder,81
Erithacus rubecula,Rotkehlchen,bw197,2025,2025-05-07,8,breeder,127
Erithacus rubecula,Rotkehlchen,bw20,2023,2023-03-23,9,breeder,82
Erithacus rubecula,Rotkehlchen,bw20,2023,2023-04-19,4,breeder,109
Erithacus rubecula,Rotkehlchen,bw20,2023,2023-05-17,9,breeder,137
Erithacus rubecula,Rotkehlchen,bw20,2023,2023-06-17,10,breeder,168
Erithacus rubecula,Rotkehlchen,bw20,2024,2024-03-21,13,breeder,81
Erithacus rubecula,Rotkehlchen,bw20,2024,2024-04-14,9,breeder,105
Erithacus rubecula,Rotkehlchen,bw20,2024,2024-05-27,5,breeder,148
Erithacus rubecula,Rotkehlchen,bw20,2024,2024-06-27,2,breeder,179
Erithacus rubecula,Rotkehlchen,bw20,2025,2025-04-21,13,breeder,111
Erithacus rubecula,Rotkehlchen,bw20,2025,2025-03-25,18,breeder,84
Erithacus rubecula,Rotkehlchen,bw20,2025,2025-05-12,4,breeder,132
Erithacus rubecula,Rotkehlchen,bw20,2025,2025-06-16,10,breeder,167
Erithacus rubecula,Rotkehlchen,bw200,2023,2023-03-25,1,breeder,84
Erithacus rubecula,Rotkehlchen,bw200,2023,2023-04-10,5,breeder,100
Erithacus rubecula,Rotkehlchen,bw200,2023,2023-05-13,2,breeder,133
Erithacus rubecula,Rotkehlchen,bw200,2023,2023-06-03,3,breeder,154
Erithacus rubecula,Rotkehlchen,bw200,2024,2024-06-16,2,breeder,168
Erithacus rubecula,Rotkehlchen,bw200,2024,2024-03-17,3,breeder,77
Erithacus rubecula,Rotkehlchen,bw200,2024,2024-04-07,0,breeder,98
Erithacus rubecula,Rotkehlchen,bw200,2024,2024-05-12,0,breeder,133
Erithacus rubecula,Rotkehlchen,bw200,2025,2025-05-23,1,breeder,143
Erithacus rubecula,Rotkehlchen,bw200,2025,2025-06-17,1,breeder,168
Erithacus rubecula,Rotkehlchen,bw200,2025,2025-03-19,7,breeder,78
Erithacus rubecula,Rotkehlchen,bw200,2025,2025-04-15,2,breeder,105
Erithacus rubecula,Rotkehlchen,bw202,2022,2022-03-20,2,breeder,79
Erithacus rubecula,Rotkehlchen,bw202,2022,2022-04-06,2,breeder,96
Erithacus rubecula,Rotkehlchen,bw202,2022,2022-05-02,4,breeder,122
Erithacus rubecula,Rotkehlchen,bw202,2022,2022-05-23,0,breeder,143
Erithacus rubecula,Rotkehlchen,bw202,2023,2023-05-05,1,breeder,125
Erithacus rubecula,Rotkehlchen,bw202,2023,2023-06-02,0,breeder,153
Erithacus rubecula,Rotkehlchen,bw202,2023,2023-03-20,0,breeder,79
Erithacus rubecula,Rotkehlchen,bw202,2023,2023-04-14,2,breeder,104
Erithacus rubecula,Rotkehlchen,bw202,2024,2024-06-05,0,breeder,157
Erithacus rubecula,Rotkehlchen,bw202,2024,2024-03-22,3,breeder,82
Erithacus rubecula,Rotkehlchen,bw202,2024,2024-04-08,2,breeder,99
Erithacus rubecula,Rotkehlchen,bw202,2024,2024-05-08,0,breeder,129
Erithacus rubecula,Rotkehlchen,bw203,2022,2022-03-27,10,breeder,86
Erithacus rubecula,Rotkehlchen,bw203,2022,2022-04-22,2,breeder,112
Erithacus rubecula,Rotkehlchen,bw203,2022,2022-05-16,6,breeder,136
Erithacus rubecula,Rotkehlchen,bw203,2022,2022-06-20,4,breeder,171
Erithacus rubecula,Rotkehlchen,bw203,2024,2024-03-20,10,breeder,80
Erithacus rubecula,Rotkehlchen,bw203,2024,2024-04-27,1,breeder,118
Erithacus rubecula,Rotkehlchen,bw203,2024,2024-05-09,4,breeder,130
Erithacus rubecula,Rotkehlchen,bw203,2024,2024-06-09,1,breeder,161
Erithacus rubecula,Rotkehlchen,bw204,2023,2023-03-18,14,breeder,77
Erithacus rubecula,Rotkehlchen,bw204,2023,2023-06-18,3,breeder,169
Erithacus rubecula,Rotkehlchen,bw204,2023,2023-05-06,8,breeder,126
Erithacus rubecula,Rotkehlchen,bw204,2023,2023-04-14,13,breeder,104
Erithacus rubecula,Rotkehlchen,bw204,2024,2024-03-10,14,breeder,70
Erithacus rubecula,Rotkehlchen,bw204,2024,2024-05-05,3,breeder,126
Erithacus rubecula,Rotkehlchen,bw204,2024,2024-04-07,6,breeder,98
Erithacus rubecula,Rotkehlchen,bw204,2024,2024-05-26,7,breeder,147
Erithacus rubecula,Rotkehlchen,bw204,2025,2025-03-16,22,breeder,75
Erithacus rubecula,Rotkehlchen,bw204,2025,2025-04-06,13,breeder,96
Erithacus rubecula,Rotkehlchen,bw204,2025,2025-05-29,10,breeder,149
Erithacus rubecula,Rotkehlchen,bw204,2025,2025-05-03,8,breeder,123
Erithacus rubecula,Rotkehlchen,bw205,2022,2022-06-12,1,breeder,163
Erithacus rubecula,Rotkehlchen,bw205,2022,2022-03-26,3,breeder,85
Erithacus rubecula,Rotkehlchen,bw205,2022,2022-04-29,0,breeder,119
Erithacus rubecula,Rotkehlchen,bw205,2022,2022-05-15,0,breeder,135
Erithacus rubecula,Rotkehlchen,bw205,2023,2023-05-19,1,breeder,139
Erithacus rubecula,Rotkehlchen,bw205,2023,2023-06-17,1,breeder,168
Erithacus rubecula,Rotkehlchen,bw205,2023,2023-03-26,3,breeder,85
Erithacus rubecula,Rotkehlchen,bw205,2023,2023-04-30,1,breeder,120
Erithacus rubecula,Rotkehlchen,bw208,2022,2022-03-27,4,breeder,86
Erithacus rubecula,Rotkehlchen,bw208,2022,2022-05-01,0,breeder,121
Erithacus rubecula,Rotkehlchen,bw208,2022,2022-05-29,0,breeder,149
Erithacus rubecula,Rotkehlchen,bw208,2023,2023-03-19,0,breeder,78
Erithacus rubecula,Rotkehlchen,bw208,2023,2023-04-09,0,breeder,99
Erithacus rubecula,Rotkehlchen,bw208,2023,2023-05-07,0,breeder,127
Erithacus rubecula,Rotkehlchen,bw208,2023,2023-05-28,1,breeder,148
Erithacus rubecula,Rotkehlchen,bw208,2024,2024-03-17,2,breeder,77
Erithacus rubecula,Rotkehlchen,bw208,2024,2024-04-12,0,breeder,103
Erithacus rubecula,Rotkehlchen,bw208,2024,2024-05-19,0,breeder,140
Erithacus rubecula,Rotkehlchen,bw208,2025,2025-03-23,0,breeder,82
Erithacus rubecula,Rotkehlchen,bw208,2025,2025-04-12,1,breeder,102
Erithacus rubecula,Rotkehlchen,bw208,2025,2025-05-01,0,breeder,121
Erithacus rubecula,Rotkehlchen,bw208,2025,2025-06-19,0,breeder,170
Erithacus rubecula,Rotkehlchen,bw209,2021,2021-05-09,5,breeder,129
Erithacus rubecula,Rotkehlchen,bw209,2021,2021-03-28,11,breeder,87
Erithacus rubecula,Rotkehlchen,bw209,2021,2021-04-24,10,breeder,114
Erithacus rubecula,Rotkehlchen,bw209,2021,2021-05-29,7,breeder,149
Erithacus rubecula,Rotkehlchen,bw209,2022,2022-05-29,7,breeder,149
Erithacus rubecula,Rotkehlchen,bw209,2022,2022-03-12,6,breeder,71
Erithacus rubecula,Rotkehlchen,bw209,2022,2022-04-16,7,breeder,106
Erithacus rubecula,Rotkehlchen,bw209,2022,2022-05-08,7,breeder,128
Erithacus rubecula,Rotkehlchen,bw209,2023,2023-04-22,9,breeder,112
Erithacus rubecula,Rotkehlchen,bw209,2023,2023-05-27,4,breeder,147
Erithacus rubecula,Rotkehlchen,bw209,2023,2023-05-06,5,breeder,126
Erithacus rubecula,Rotkehlchen,bw209,2023,2023-03-18,6,breeder,77
Erithacus rubecula,Rotkehlchen,bw209,2024,2024-03-10,4,breeder,70
Erithacus rubecula,Rotkehlchen,bw209,2024,2024-05-11,6,breeder,132
Erithacus rubecula,Rotkehlchen,bw209,2024,2024-06-14,15,breeder,166
Erithacus rubecula,Rotkehlchen,bw209,2024,2024-04-13,12,breeder,104
Erithacus rubecula,Rotkehlchen,bw209,2025,2025-06-01,10,breeder,152
Erithacus rubecula,Rotkehlchen,bw209,2025,2025-03-22,18,breeder,81
Erithacus rubecula,Rotkehlchen,bw209,2025,2025-04-06,20,breeder,96
Erithacus rubecula,Rotkehlchen,bw209,2025,2025-05-11,4,breeder,131
Erithacus rubecula,Rotkehlchen,bw21,2022,2022-03-25,3,breeder,84
Erithacus rubecula,Rotkehlchen,bw21,2023,2023-04-26,6,breeder,116
Erithacus rubecula,Rotkehlchen,bw21,2024,2024-03-30,13,breeder,90
Erithacus rubecula,Rotkehlchen,bw21,2024,2024-04-13,9,breeder,104
Erithacus rubecula,Rotkehlchen,bw21,2024,2024-05-20,10,breeder,141
Erithacus rubecula,Rotkehlchen,bw21,2024,2024-06-07,9,breeder,159
Erithacus rubecula,Rotkehlchen,bw21,2025,2025-03-27,16,breeder,86
Erithacus rubecula,Rotkehlchen,bw21,2025,2025-04-29,6,breeder,119
Erithacus rubecula,Rotkehlchen,bw21,2025,2025-05-20,7,breeder,140
Erithacus rubecula,Rotkehlchen,bw21,2025,2025-06-17,9,breeder,168
Erithacus rubecula,Rotkehlchen,bw215,2022,2022-03-17,9,breeder,76
Erithacus rubecula,Rotkehlchen,bw215,2022,2022-04-13,13,breeder,103
Erithacus rubecula,Rotkehlchen,bw215,2022,2022-05-10,6,breeder,130
Erithacus rubecula,Rotkehlchen,bw215,2022,2022-06-02,8,breeder,153
Erithacus rubecula,Rotkehlchen,bw215,2023,2023-03-21,17,breeder,80
Erithacus rubecula,Rotkehlchen,bw215,2023,2023-05-14,9,breeder,134
Erithacus rubecula,Rotkehlchen,bw215,2023,2023-04-22,15,breeder,112
Erithacus rubecula,Rotkehlchen,bw215,2023,2023-06-01,9,breeder,152
Erithacus rubecula,Rotkehlchen,bw215,2024,2024-04-27,11,breeder,118
Erithacus rubecula,Rotkehlchen,bw215,2024,2024-05-14,12,breeder,135
Erithacus rubecula,Rotkehlchen,bw215,2024,2024-03-20,21,breeder,80
Erithacus rubecula,Rotkehlchen,bw215,2024,2024-06-04,14,breeder,156
Erithacus rubecula,Rotkehlchen,bw215,2025,2025-03-20,20,breeder,79
Erithacus rubecula,Rotkehlchen,bw215,2025,2025-04-10,19,breeder,100
Erithacus rubecula,Rotkehlchen,bw215,2025,2025-05-02,14,breeder,122
Erithacus rubecula,Rotkehlchen,bw215,2025,2025-06-08,7,breeder,159
Erithacus rubecula,Rotkehlchen,bw216,2020,2020-04-10,5,breeder,101
Erithacus rubecula,Rotkehlchen,bw216,2020,2020-03-22,3,breeder,82
Erithacus rubecula,Rotkehlchen,bw216,2020,2020-05-09,1,breeder,130
Erithacus rubecula,Rotkehlchen,bw216,2020,2020-05-31,0,breeder,152
Erithacus rubecula,Rotkehlchen,bw216,2020,2020-05-30,0,breeder,151
Erithacus rubecula,Rotkehlchen,bw216,2021,2021-03-28,7,breeder,87
Erithacus rubecula,Rotkehlchen,bw216,2021,2021-04-25,0,breeder,115
Erithacus rubecula,Rotkehlchen,bw216,2021,2021-06-13,0,breeder,164
Erithacus rubecula,Rotkehlchen,bw216,2021,2021-05-16,0,breeder,136
Erithacus rubecula,Rotkehlchen,bw216,2022,2022-05-08,1,breeder,128
Erithacus rubecula,Rotkehlchen,bw216,2022,2022-06-19,1,breeder,170
Erithacus rubecula,Rotkehlchen,bw216,2022,2022-03-19,5,breeder,78
Erithacus rubecula,Rotkehlchen,bw216,2022,2022-04-10,4,breeder,100
Erithacus rubecula,Rotkehlchen,bw216,2023,2023-04-10,2,breeder,100
Erithacus rubecula,Rotkehlchen,bw216,2023,2023-03-25,4,breeder,84
Erithacus rubecula,Rotkehlchen,bw216,2023,2023-06-04,0,breeder,155
Erithacus rubecula,Rotkehlchen,bw216,2023,2023-05-13,0,breeder,133
Erithacus rubecula,Rotkehlchen,bw216,2024,2024-03-25,6,breeder,85
Erithacus rubecula,Rotkehlchen,bw216,2024,2024-05-09,0,breeder,130
Erithacus rubecula,Rotkehlchen,bw216,2024,2024-04-14,0,breeder,105
Erithacus rubecula,Rotkehlchen,bw216,2024,2024-06-16,0,breeder,168
Erithacus rubecula,Rotkehlchen,bw216,2025,2025-03-26,8,breeder,85
Erithacus rubecula,Rotkehlchen,bw216,2025,2025-05-11,2,breeder,131
Erithacus rubecula,Rotkehlchen,bw216,2025,2025-04-13,3,breeder,103
Erithacus rubecula,Rotkehlchen,bw216,2025,2025-06-08,0,breeder,159
Erithacus rubecula,Rotkehlchen,bw220,2021,2021-05-20,2,breeder,140
Erithacus rubecula,Rotkehlchen,bw220,2021,2021-06-20,3,breeder,171
Erithacus rubecula,Rotkehlchen,bw220,2021,2021-03-28,13,breeder,87
Erithacus rubecula,Rotkehlchen,bw220,2021,2021-04-25,5,breeder,115
Erithacus rubecula,Rotkehlchen,bw220,2022,2022-06-06,3,breeder,157
Erithacus rubecula,Rotkehlchen,bw220,2022,2022-05-16,2,breeder,136
Erithacus rubecula,Rotkehlchen,bw220,2022,2022-03-26,9,breeder,85
Erithacus rubecula,Rotkehlchen,bw220,2022,2022-04-17,4,breeder,107
Erithacus rubecula,Rotkehlchen,bw220,2023,2023-06-11,3,breeder,162
Erithacus rubecula,Rotkehlchen,bw220,2023,2023-03-26,17,breeder,85
Erithacus rubecula,Rotkehlchen,bw220,2023,2023-04-23,6,breeder,113
Erithacus rubecula,Rotkehlchen,bw220,2023,2023-05-18,1,breeder,138
Erithacus rubecula,Rotkehlchen,bw220,2025,2025-05-25,4,breeder,145
Erithacus rubecula,Rotkehlchen,bw220,2025,2025-03-23,7,breeder,82
Erithacus rubecula,Rotkehlchen,bw220,2025,2025-04-27,6,breeder,117
Erithacus rubecula,Rotkehlchen,bw220,2025,2025-06-15,2,breeder,166
Erithacus rubecula,Rotkehlchen,bw223,2023,2023-05-04,0,breeder,124
Erithacus rubecula,Rotkehlchen,bw223,2023,2023-05-26,1,breeder,146
Erithacus rubecula,Rotkehlchen,bw223,2023,2023-03-12,0,breeder,71
Erithacus rubecula,Rotkehlchen,bw223,2023,2023-04-15,2,breeder,105
Erithacus rubecula,Rotkehlchen,bw223,2024,2024-05-11,3,breeder,132
Erithacus rubecula,Rotkehlchen,bw223,2024,2024-03-10,0,breeder,70
Erithacus rubecula,Rotkehlchen,bw223,2024,2024-04-11,1,breeder,102
Erithacus rubecula,Rotkehlchen,bw223,2024,2024-06-09,3,breeder,161
Erithacus rubecula,Rotkehlchen,bw223,2025,2025-03-21,6,breeder,80
Erithacus rubecula,Rotkehlchen,bw223,2025,2025-05-10,2,breeder,130
Erithacus rubecula,Rotkehlchen,bw223,2025,2025-04-12,6,breeder,102
Erithacus rubecula,Rotkehlchen,bw223,2025,2025-05-24,2,breeder,144
Erithacus rubecula,Rotkehlchen,bw225,2022,2022-03-16,10,breeder,75
Erithacus rubecula,Rotkehlchen,bw225,2022,2022-05-17,16,breeder,137
Erithacus rubecula,Rotkehlchen,bw225,2022,2022-05-30,20,breeder,150
Erithacus rubecula,Rotkehlchen,bw225,2022,2022-04-26,20,breeder,116
Erithacus rubecula,Rotkehlchen,bw225,2023,2023-04-30,20,breeder,120
Erithacus rubecula,Rotkehlchen,bw225,2023,2023-03-17,3,breeder,76
Erithacus rubecula,Rotkehlchen,bw225,2023,2023-05-31,12,breeder,151
Erithacus rubecula,Rotkehlchen,bw225,2023,2023-05-09,17,breeder,129
Erithacus rubecula,Rotkehlchen,bw225,2023,2023-04-29,0,breeder,119
Erithacus rubecula,Rotkehlchen,bw225,2025,2025-05-09,8,breeder,129
Erithacus rubecula,Rotkehlchen,bw225,2025,2025-05-25,16,breeder,145
Erithacus rubecula,Rotkehlchen,bw225,2025,2025-03-21,22,breeder,80
Erithacus rubecula,Rotkehlchen,bw227,2021,2021-05-08,4,breeder,128
Erithacus rubecula,Rotkehlchen,bw227,2021,2021-03-20,1,breeder,79
Erithacus rubecula,Rotkehlchen,bw227,2021,2021-04-24,8,breeder,114
Erithacus rubecula,Rotkehlchen,bw227,2021,2021-05-22,4,breeder,142
Erithacus rubecula,Rotkehlchen,bw227,2022,2022-03-20,7,breeder,79
Erithacus rubecula,Rotkehlchen,bw227,2022,2022-04-17,2,breeder,107
Erithacus rubecula,Rotkehlchen,bw227,2022,2022-05-09,0,breeder,129
Erithacus rubecula,Rotkehlchen,bw227,2022,2022-05-28,1,breeder,148
Erithacus rubecula,Rotkehlchen,bw227,2023,2023-03-21,5,breeder,80
Erithacus rubecula,Rotkehlchen,bw227,2023,2023-06-20,0,breeder,171
Erithacus rubecula,Rotkehlchen,bw227,2023,2023-04-20,6,breeder,110
Erithacus rubecula,Rotkehlchen,bw227,2023,2023-05-15,1,breeder,135
Erithacus rubecula,Rotkehlchen,bw227,2024,2024-03-27,7,breeder,87
Erithacus rubecula,Rotkehlchen,bw227,2024,2024-05-13,0,breeder,134
Erithacus rubecula,Rotkehlchen,bw227,2024,2024-06-08,1,breeder,160
Erithacus rubecula,Rotkehlchen,bw227,2024,2024-04-28,0,breeder,119
Erithacus rubecula,Rotkehlchen,bw227,2025,2025-03-30,3,breeder,89
Erithacus rubecula,Rotkehlchen,bw227,2025,2025-04-16,5,breeder,106
Erithacus rubecula,Rotkehlchen,bw227,2025,2025-05-19,0,breeder,139
Erithacus rubecula,Rotkehlchen,bw227,2025,2025-06-08,0,breeder,159
Erithacus rubecula,Rotkehlchen,bw229,2022,2022-03-25,11,breeder,84
Erithacus rubecula,Rotkehlchen,bw229,2022,2022-06-12,9,breeder,163
Erithacus rubecula,Rotkehlchen,bw229,2022,2022-04-29,7,breeder,119
Erithacus rubecula,Rotkehlchen,bw229,2022,2022-05-21,4,breeder,141
Erithacus rubecula,Rotkehlchen,bw229,2023,2023-03-25,2,breeder,84
Erithacus rubecula,Rotkehlchen,bw229,2023,2023-04-29,5,breeder,119
Erithacus rubecula,Rotkehlchen,bw229,2023,2023-05-20,6,breeder,140
Erithacus rubecula,Rotkehlchen,bw229,2023,2023-06-19,9,breeder,170
Erithacus rubecula,Rotkehlchen,bw229,2024,2024-03-22,7,breeder,82
Erithacus rubecula,Rotkehlchen,bw229,2024,2024-04-30,9,breeder,121
Erithacus rubecula,Rotkehlchen,bw229,2024,2024-05-15,7,breeder,136
Erithacus rubecula,Rotkehlchen,bw229,2024,2024-06-18,6,breeder,170
Erithacus rubecula,Rotkehlchen,bw229,2025,2025-03-27,8,breeder,86
Erithacus rubecula,Rotkehlchen,bw229,2025,2025-04-15,8,breeder,105
Erithacus rubecula,Rotkehlchen,bw229,2025,2025-05-12,4,breeder,132
Erithacus rubecula,Rotkehlchen,bw229,2025,2025-06-16,5,breeder,167
Erithacus rubecula,Rotkehlchen,bw230,2022,2022-03-20,15,breeder,79
Erithacus rubecula,Rotkehlchen,bw230,2022,2022-04-15,16,breeder,105
Erithacus rubecula,Rotkehlchen,bw230,2022,2022-05-02,12,breeder,122
Erithacus rubecula,Rotkehlchen,bw230,2022,2022-06-03,3,breeder,154
Erithacus rubecula,Rotkehlchen,bw230,2023,2023-04-05,8,breeder,95
Erithacus rubecula,Rotkehlchen,bw230,2023,2023-03-17,1,breeder,76
Erithacus rubecula,Rotkehlchen,bw230,2023,2023-05-12,7,breeder,132
Erithacus rubecula,Rotkehlchen,bw230,2023,2023-06-12,5,breeder,163
Erithacus rubecula,Rotkehlchen,bw230,2024,2024-05-02,13,breeder,123
Erithacus rubecula,Rotkehlchen,bw230,2024,2024-04-10,12,breeder,101
Erithacus rubecula,Rotkehlchen,bw230,2024,2024-06-10,9,breeder,162
Erithacus rubecula,Rotkehlchen,bw230,2024,2024-03-20,14,breeder,80
Erithacus rubecula,Rotkehlchen,bw230,2025,2025-05-01,12,breeder,121
Erithacus rubecula,Rotkehlchen,bw230,2025,2025-03-10,14,breeder,69
Erithacus rubecula,Rotkehlchen,bw230,2025,2025-05-27,8,breeder,147
Erithacus rubecula,Rotkehlchen,bw230,2025,2025-04-15,17,breeder,105
Erithacus rubecula,Rotkehlchen,bw235,2021,2021-04-15,4,breeder,105
Erithacus rubecula,Rotkehlchen,bw235,2021,2021-05-13,2,breeder,133
Erithacus rubecula,Rotkehlchen,bw235,2021,2021-03-31,7,breeder,90
Erithacus rubecula,Rotkehlchen,bw235,2021,2021-05-30,1,breeder,150
Erithacus rubecula,Rotkehlchen,bw235,2022,2022-05-14,2,breeder,134
Erithacus rubecula,Rotkehlchen,bw235,2022,2022-03-25,7,breeder,84
Erithacus rubecula,Rotkehlchen,bw235,2022,2022-04-12,12,breeder,102
Erithacus rubecula,Rotkehlchen,bw235,2022,2022-06-01,5,breeder,152
Erithacus rubecula,Rotkehlchen,bw235,2023,2023-03-29,2,breeder,88
Erithacus rubecula,Rotkehlchen,bw235,2023,2023-04-26,12,breeder,116
Erithacus rubecula,Rotkehlchen,bw235,2023,2023-05-26,3,breeder,146
Erithacus rubecula,Rotkehlchen,bw235,2023,2023-06-13,1,breeder,164
Erithacus rubecula,Rotkehlchen,bw235,2024,2024-04-24,5,breeder,115
Erithacus rubecula,Rotkehlchen,bw235,2024,2024-05-15,2,breeder,136
Erithacus rubecula,Rotkehlchen,bw235,2024,2024-03-26,3,breeder,86
Erithacus rubecula,Rotkehlchen,bw235,2024,2024-06-04,1,breeder,156
Erithacus rubecula,Rotkehlchen,bw235,2025,2025-06-03,1,breeder,154
Erithacus rubecula,Rotkehlchen,bw235,2025,2025-03-21,2,breeder,80
Erithacus rubecula,Rotkehlchen,bw235,2025,2025-04-19,3,breeder,109
Erithacus rubecula,Rotkehlchen,bw235,2025,2025-05-14,3,breeder,134
Erithacus rubecula,Rotkehlchen,bw240,2022,2022-06-03,10,breeder,154
Erithacus rubecula,Rotkehlchen,bw240,2022,2022-03-16,5,breeder,75
Erithacus rubecula,Rotkehlchen,bw240,2022,2022-04-06,14,breeder,96
Erithacus rubecula,Rotkehlchen,bw240,2022,2022-05-09,11,breeder,129
Erithacus rubecula,Rotkehlchen,bw240,2023,2023-06-01,4,breeder,152
Erithacus rubecula,Rotkehlchen,bw240,2023,2023-03-17,7,breeder,76
Erithacus rubecula,Rotkehlchen,bw240,2023,2023-04-10,10,breeder,100
Erithacus rubecula,Rotkehlchen,bw240,2023,2023-05-03,3,breeder,123
Erithacus rubecula,Rotkehlchen,bw240,2024,2024-05-06,9,breeder,127
Erithacus rubecula,Rotkehlchen,bw240,2024,2024-04-08,9,breeder,99
Erithacus rubecula,Rotkehlchen,bw240,2024,2024-03-11,1,breeder,71
Erithacus rubecula,Rotkehlchen,bw240,2024,2024-06-08,12,breeder,160
Erithacus rubecula,Rotkehlchen,bw240,2025,2025-05-15,6,breeder,135
Erithacus rubecula,Rotkehlchen,bw240,2025,2025-06-01,14,breeder,152
Erithacus rubecula,Rotkehlchen,bw240,2025,2025-03-14,3,breeder,73
Erithacus rubecula,Rotkehlchen,bw240,2025,2025-04-09,12,breeder,99
Erithacus rubecula,Rotkehlchen,bw252,2022,2022-04-30,2,breeder,120
Erithacus rubecula,Rotkehlchen,bw252,2022,2022-05-21,0,breeder,141
Erithacus rubecula,Rotkehlchen,bw252,2022,2022-06-20,0,breeder,171
Erithacus rubecula,Rotkehlchen,bw252,2022,2022-04-05,1,breeder,95
Erithacus rubecula,Rotkehlchen,bw252,2024,2024-05-12,0,breeder,133
Erithacus rubecula,Rotkehlchen,bw252,2024,2024-06-18,0,breeder,170
Erithacus rubecula,Rotkehlchen,bw252,2024,2024-03-30,2,breeder,90
Erithacus rubecula,Rotkehlchen,bw252,2024,2024-04-28,1,breeder,119
Erithacus rubecula,Rotkehlchen,bw252,2025,2025-05-11,1,breeder,131
Erithacus rubecula,Rotkehlchen,bw252,2025,2025-03-30,3,breeder,89
Erithacus rubecula,Rotkehlchen,bw252,2025,2025-06-15,0,breeder,166
Erithacus rubecula,Rotkehlchen,bw252,2025,2025-04-19,3,breeder,109
Erithacus rubecula,Rotkehlchen,bw254,2021,2021-03-27,32,breeder,86
Erithacus rubecula,Rotkehlchen,bw254,2021,2021-04-24,23,breeder,114
Erithacus rubecula,Rotkehlchen,bw254,2021,2021-05-08,24,breeder,128
Erithacus rubecula,Rotkehlchen,bw254,2021,2021-06-12,21,breeder,163
Erithacus rubecula,Rotkehlchen,bw254,2024,2024-03-20,31,breeder,80
Erithacus rubecula,Rotkehlchen,bw254,2024,2024-05-19,14,breeder,140
Erithacus rubecula,Rotkehlchen,bw254,2024,2024-04-14,22,breeder,105
Erithacus rubecula,Rotkehlchen,bw254,2024,2024-06-18,13,breeder,170
Erithacus rubecula,Rotkehlchen,bw254,2025,2025-03-24,31,breeder,83
Erithacus rubecula,Rotkehlchen,bw254,2025,2025-04-07,23,breeder,97
Erithacus rubecula,Rotkehlchen,bw254,2025,2025-06-16,5,breeder,167
Erithacus rubecula,Rotkehlchen,bw254,2025,2025-05-12,10,breeder,132
Erithacus rubecula,Rotkehlchen,bw255,2024,2024-03-20,3,breeder,80
Erithacus rubecula,Rotkehlchen,bw255,2024,2024-04-04,2,breeder,95
Erithacus rubecula,Rotkehlchen,bw255,2024,2024-06-06,0,breeder,158
Erithacus rubecula,Rotkehlchen,bw255,2024,2024-05-14,1,breeder,135
Erithacus rubecula,Rotkehlchen,bw255,2025,2025-05-08,1,breeder,128
Erithacus rubecula,Rotkehlchen,bw255,2025,2025-03-17,2,breeder,76
Erithacus rubecula,Rotkehlchen,bw255,2025,2025-04-08,1,breeder,98
Erithacus rubecula,Rotkehlchen,bw255,2025,2025-05-23,0,breeder,143
Erithacus rubecula,Rotkehlchen,bw260,2023,2023-05-14,14,breeder,134
Erithacus rubecula,Rotkehlchen,bw260,2023,2023-06-20,7,breeder,171
Erithacus rubecula,Rotkehlchen,bw260,2023,2023-04-29,11,breeder,119
Erithacus rubecula,Rotkehlchen,bw260,2023,2023-03-29,9,breeder,88
Erithacus rubecula,Rotkehlchen,bw260,2024,2024-05-15,7,breeder,136
Erithacus rubecula,Rotkehlchen,bw260,2024,2024-06-19,1,breeder,171
Erithacus rubecula,Rotkehlchen,bw260,2024,2024-03-30,20,breeder,90
Erithacus rubecula,Rotkehlchen,bw260,2024,2024-04-29,11,breeder,120
Erithacus rubecula,Rotkehlchen,bw262,2024,2024-03-10,6,breeder,70
Erithacus rubecula,Rotkehlchen,bw262,2024,2024-06-07,1,breeder,159
Erithacus rubecula,Rotkehlchen,bw262,2024,2024-05-10,0,breeder,131
Erithacus rubecula,Rotkehlchen,bw262,2024,2024-04-07,0,breeder,98
Erithacus rubecula,Rotkehlchen,bw262,2025,2025-06-06,0,breeder,157
Erithacus rubecula,Rotkehlchen,bw262,2025,2025-05-09,0,breeder,129
Erithacus rubecula,Rotkehlchen,bw262,2025,2025-03-14,5,breeder,73
Erithacus rubecula,Rotkehlchen,bw262,2025,2025-04-12,3,breeder,102
Erithacus rubecula,Rotkehlchen,bw265,2021,2021-03-27,15,breeder,86
Erithacus rubecula,Rotkehlchen,bw265,2021,2021-04-24,7,breeder,114
Erithacus rubecula,Rotkehlchen,bw265,2021,2021-06-19,2,breeder,170
Erithacus rubecula,Rotkehlchen,bw265,2021,2021-05-15,1,breeder,135
Erithacus rubecula,Rotkehlchen,bw265,2022,2022-06-06,4,breeder,157
Erithacus rubecula,Rotkehlchen,bw265,2022,2022-03-26,12,breeder,85
Erithacus rubecula,Rotkehlchen,bw265,2022,2022-04-16,6,breeder,106
Erithacus rubecula,Rotkehlchen,bw265,2022,2022-05-15,2,breeder,135
Erithacus rubecula,Rotkehlchen,bw265,2023,2023-04-15,9,breeder,105
Erithacus rubecula,Rotkehlchen,bw265,2023,2023-03-31,7,breeder,90
Erithacus rubecula,Rotkehlchen,bw265,2023,2023-06-11,4,breeder,162
Erithacus rubecula,Rotkehlchen,bw265,2023,2023-05-12,4,breeder,132
Erithacus rubecula,Rotkehlchen,bw265,2024,2024-05-11,3,breeder,132
Erithacus rubecula,Rotkehlchen,bw265,2024,2024-03-30,15,breeder,90
Erithacus rubecula,Rotkehlchen,bw265,2024,2024-04-14,2,breeder,105
Erithacus rubecula,Rotkehlchen,bw265,2024,2024-06-16,4,breeder,168
Erithacus rubecula,Rotkehlchen,bw265,2025,2025-05-11,1,breeder,131
Erithacus rubecula,Rotkehlchen,bw265,2025,2025-03-30,11,breeder,89
Erithacus rubecula,Rotkehlchen,bw265,2025,2025-06-14,3,breeder,165
Erithacus rubecula,Rotkehlchen,bw265,2025,2025-04-27,5,breeder,117
Erithacus rubecula,Rotkehlchen,bw266,2021,2021-06-10,4,breeder,161
Erithacus rubecula,Rotkehlchen,bw266,2021,2021-04-15,3,breeder,105
Erithacus rubecula,Rotkehlchen,bw266,2021,2021-05-13,4,breeder,133
Erithacus rubecula,Rotkehlchen,bw266,2021,2021-03-24,7,breeder,83
Erithacus rubecula,Rotkehlchen,bw266,2023,2023-04-17,1,breeder,107
Erithacus rubecula,Rotkehlchen,bw266,2023,2023-06-14,3,breeder,165
Erithacus rubecula,Rotkehlchen,bw266,2023,2023-05-08,2,breeder,128
Erithacus rubecula,Rotkehlchen,bw266,2023,2023-03-27,1,breeder,86
Erithacus rubecula,Rotkehlchen,bw266,2024,2024-06-17,1,breeder,169
Erithacus rubecula,Rotkehlchen,bw266,2024,2024-04-17,3,breeder,108
Erithacus rubecula,Rotkehlchen,bw266,2024,2024-05-13,1,breeder,134
Erithacus rubecula,Rotkehlchen,bw266,2024,2024-03-11,2,breeder,71
Erithacus rubecula,Rotkehlchen,bw266,2025,2025-06-04,3,breeder,155
Erithacus rubecula,Rotkehlchen,bw266,2025,2025-05-14,2,breeder,134
Erithacus rubecula,Rotkehlchen,bw266,2025,2025-03-26,1,breeder,85
Erithacus rubecula,Rotkehlchen,bw266,2025,2025-04-23,2,breeder,113
Erithacus rubecula,Rotkehlchen,bw268,2022,2022-03-26,5,breeder,85
Erithacus rubecula,Rotkehlchen,bw268,2022,2022-04-28,0,breeder,118
Erithacus rubecula,Rotkehlchen,bw268,2022,2022-05-14,1,breeder,134
Erithacus rubecula,Rotkehlchen,bw268,2022,2022-05-26,0,breeder,146
Erithacus rubecula,Rotkehlchen,bw268,2023,2023-04-21,5,breeder,111
Erithacus rubecula,Rotkehlchen,bw268,2023,2023-05-12,2,breeder,132
Erithacus rubecula,Rotkehlchen,bw268,2023,2023-05-28,5,breeder,148
Erithacus rubecula,Rotkehlchen,bw268,2023,2023-03-17,2,breeder,76
Erithacus rubecula,Rotkehlchen,bw268,2024,2024-05-30,5,breeder,151
Erithacus rubecula,Rotkehlchen,bw268,2024,2024-03-22,17,breeder,82
Erithacus rubecula,Rotkehlchen,bw268,2024,2024-04-08,7,breeder,99
Erithacus rubecula,Rotkehlchen,bw268,2024,2024-05-19,0,breeder,140
Erithacus rubecula,Rotkehlchen,bw268,2025,2025-04-26,5,breeder,116
Erithacus rubecula,Rotkehlchen,bw268,2025,2025-05-30,4,breeder,150
Erithacus rubecula,Rotkehlchen,bw268,2025,2025-03-20,23,breeder,79
Erithacus rubecula,Rotkehlchen,bw268,2025,2025-05-11,2,breeder,131
Erithacus rubecula,Rotkehlchen,bw283,2022,2022-03-27,1,breeder,86
Erithacus rubecula,Rotkehlchen,bw283,2022,2022-05-28,1,breeder,148
Erithacus rubecula,Rotkehlchen,bw283,2022,2022-04-23,1,breeder,113
Erithacus rubecula,Rotkehlchen,bw283,2022,2022-06-19,0,breeder,170
Erithacus rubecula,Rotkehlchen,bw283,2023,2023-04-22,1,breeder,112
Erithacus rubecula,Rotkehlchen,bw283,2023,2023-05-30,1,breeder,150
Erithacus rubecula,Rotkehlchen,bw283,2023,2023-06-18,0,breeder,169
Erithacus rubecula,Rotkehlchen,bw283,2023,2023-03-19,0,breeder,78
Erithacus rubecula,Rotkehlchen,bw286,2022,2022-03-16,11,breeder,75
Erithacus rubecula,Rotkehlchen,bw286,2022,2022-06-14,3,breeder,165
Erithacus rubecula,Rotkehlchen,bw286,2022,2022-04-13,19,breeder,103
Erithacus rubecula,Rotkehlchen,bw286,2022,2022-05-05,7,breeder,125
Erithacus rubecula,Rotkehlchen,bw286,2023,2023-04-23,5,breeder,113
Erithacus rubecula,Rotkehlchen,bw286,2023,2023-06-12,5,breeder,163
Erithacus rubecula,Rotkehlchen,bw286,2023,2023-03-23,12,breeder,82
Erithacus rubecula,Rotkehlchen,bw286,2023,2023-05-20,6,breeder,140
Erithacus rubecula,Rotkehlchen,bw286,2024,2024-06-12,5,breeder,164
Erithacus rubecula,Rotkehlchen,bw286,2024,2024-03-20,12,breeder,80
Erithacus rubecula,Rotkehlchen,bw286,2024,2024-04-14,9,breeder,105
Erithacus rubecula,Rotkehlchen,bw286,2024,2024-05-14,1,breeder,135
Erithacus rubecula,Rotkehlchen,bw286,2024,2024-06-11,0,breeder,163
Erithacus rubecula,Rotkehlchen,bw286,2024,2024-04-13,0,breeder,104
Erithacus rubecula,Rotkehlchen,bw286,2025,2025-03-22,6,breeder,81
Erithacus rubecula,Rotkehlchen,bw286,2025,2025-04-22,6,breeder,112
Erithacus rubecula,Rotkehlchen,bw286,2025,2025-06-14,4,breeder,165
Erithacus rubecula,Rotkehlchen,bw286,2025,2025-05-14,5,breeder,134
Erithacus rubecula,Rotkehlchen,bw287,2025,2025-05-16,10,breeder,136
Erithacus rubecula,Rotkehlchen,bw287,2025,2025-06-16,15,breeder,167
Erithacus rubecula,Rotkehlchen,bw287,2025,2025-03-23,19,breeder,82
Erithacus rubecula,Rotkehlchen,bw287,2025,2025-04-18,8,breeder,108
Erithacus rubecula,Rotkehlchen,bw289,2024,2024-05-04,7,breeder,125
Erithacus rubecula,Rotkehlchen,bw289,2024,2024-03-09,1,breeder,69
Erithacus rubecula,Rotkehlchen,bw289,2024,2024-04-07,7,breeder,98
Erithacus rubecula,Rotkehlchen,bw289,2024,2024-06-08,4,breeder,160
Erithacus rubecula,Rotkehlchen,bw289,2025,2025-03-23,7,breeder,82
Erithacus rubecula,Rotkehlchen,bw289,2025,2025-04-05,11,breeder,95
Erithacus rubecula,Rotkehlchen,bw289,2025,2025-05-01,6,breeder,121
Erithacus rubecula,Rotkehlchen,bw289,2025,2025-05-30,5,breeder,150
Erithacus rubecula,Rotkehlchen,bw29,2023,2023-03-27,17,breeder,86
Erithacus rubecula,Rotkehlchen,bw29,2023,2023-04-29,13,breeder,119
Erithacus rubecula,Rotkehlchen,bw29,2023,2023-05-18,13,breeder,138
Erithacus rubecula,Rotkehlchen,bw29,2023,2023-06-18,18,breeder,169
Erithacus rubecula,Rotkehlchen,bw29,2024,2024-03-23,17,breeder,83
Erithacus rubecula,Rotkehlchen,bw29,2024,2024-04-15,14,breeder,106
Erithacus rubecula,Rotkehlchen,bw29,2024,2024-05-29,2,breeder,150
Erithacus rubecula,Rotkehlchen,bw29,2024,2024-06-28,9,breeder,180
Erithacus rubecula,Rotkehlchen,bw29,2025,2025-05-14,12,breeder,134
Erithacus rubecula,Rotkehlchen,bw29,2025,2025-03-27,33,breeder,86
Erithacus rubecula,Rotkehlchen,bw29,2025,2025-04-21,18,breeder,111
Erithacus rubecula,Rotkehlchen,bw29,2025,2025-06-19,8,breeder,170
Erithacus rubecula,Rotkehlchen,bw291,2024,2024-03-10,8,breeder,70
Erithacus rubecula,Rotkehlchen,bw291,2024,2024-04-06,8,breeder,97
Erithacus rubecula,Rotkehlchen,bw291,2024,2024-05-07,12,breeder,128
Erithacus rubecula,Rotkehlchen,bw291,2024,2024-05-26,17,breeder,147
Erithacus rubecula,Rotkehlchen,bw291,2025,2025-04-02,8,breeder,92
Erithacus rubecula,Rotkehlchen,bw291,2025,2025-05-02,7,breeder,122
Erithacus rubecula,Rotkehlchen,bw291,2025,2025-06-09,10,breeder,160
Erithacus rubecula,Rotkehlchen,bw291,2025,2025-03-11,5,breeder,70
Erithacus rubecula,Rotkehlchen,bw293,2022,2022-03-23,3,breeder,82
Erithacus rubecula,Rotkehlchen,bw293,2022,2022-04-22,3,breeder,112
Erithacus rubecula,Rotkehlchen,bw293,2022,2022-05-15,0,breeder,135
Erithacus rubecula,Rotkehlchen,bw293,2022,2022-06-13,3,breeder,164
Erithacus rubecula,Rotkehlchen,bw293,2023,2023-03-22,1,breeder,81
Erithacus rubecula,Rotkehlchen,bw293,2023,2023-04-10,3,breeder,100
Erithacus rubecula,Rotkehlchen,bw293,2023,2023-05-08,2,breeder,128
Erithacus rubecula,Rotkehlchen,bw293,2023,2023-06-10,2,breeder,161
Erithacus rubecula,Rotkehlchen,bw293,2024,2024-03-10,2,breeder,70
Erithacus rubecula,Rotkehlchen,bw293,2024,2024-04-14,4,breeder,105
Erithacus rubecula,Rotkehlchen,bw293,2024,2024-05-16,2,breeder,137
Erithacus rubecula,Rotkehlchen,bw293,2024,2024-06-12,2,breeder,164
Erithacus rubecula,Rotkehlchen,bw293,2025,2025-03-10,2,breeder,69
Erithacus rubecula,Rotkehlchen,bw293,2025,2025-04-12,3,breeder,102
Erithacus rubecula,Rotkehlchen,bw293,2025,2025-05-11,2,breeder,131
Erithacus rubecula,Rotkehlchen,bw293,2025,2025-06-10,4,breeder,161
Erithacus rubecula,Rotkehlchen,bw295,2021,2021-05-09,1,breeder,129
Erithacus rubecula,Rotkehlchen,bw295,2021,2021-05-24,1,breeder,144
Erithacus rubecula,Rotkehlchen,bw295,2021,2021-03-28,5,breeder,87
Erithacus rubecula,Rotkehlchen,bw295,2021,2021-04-17,2,breeder,107
Erithacus rubecula,Rotkehlchen,bw295,2022,2022-03-13,4,breeder,72
Erithacus rubecula,Rotkehlchen,bw295,2022,2022-04-13,4,breeder,103
Erithacus rubecula,Rotkehlchen,bw295,2022,2022-05-08,1,breeder,128
Erithacus rubecula,Rotkehlchen,bw295,2022,2022-06-11,0,breeder,162
Erithacus rubecula,Rotkehlchen,bw295,2023,2023-06-09,0,breeder,160
Erithacus rubecula,Rotkehlchen,bw295,2023,2023-04-22,1,breeder,112
Erithacus rubecula,Rotkehlchen,bw295,2023,2023-05-19,1,breeder,139
Erithacus rubecula,Rotkehlchen,bw295,2024,2024-03-17,4,breeder,77
Erithacus rubecula,Rotkehlchen,bw295,2024,2024-04-13,2,breeder,104
Erithacus rubecula,Rotkehlchen,bw295,2024,2024-06-16,0,breeder,168
Erithacus rubecula,Rotkehlchen,bw295,2024,2024-05-09,0,breeder,130
Erithacus rubecula,Rotkehlchen,bw295,2025,2025-05-06,0,breeder,126
Erithacus rubecula,Rotkehlchen,bw295,2025,2025-03-20,4,breeder,79
Erithacus rubecula,Rotkehlchen,bw295,2025,2025-04-09,3,breeder,99
Erithacus rubecula,Rotkehlchen,bw300,2022,2022-04-09,11,breeder,99
Erithacus rubecula,Rotkehlchen,bw300,2022,2022-05-25,9,breeder,145
Erithacus rubecula,Rotkehlchen,bw300,2022,2022-04-30,14,breeder,120
Erithacus rubecula,Rotkehlchen,bw300,2022,2022-06-19,8,breeder,170
Erithacus rubecula,Rotkehlchen,bw300,2023,2023-05-01,9,breeder,121
Erithacus rubecula,Rotkehlchen,bw300,2023,2023-05-20,8,breeder,140
Erithacus rubecula,Rotkehlchen,bw300,2023,2023-06-20,7,breeder,171
Erithacus rubecula,Rotkehlchen,bw300,2023,2023-04-03,3,breeder,93
Erithacus rubecula,Rotkehlchen,bw300,2024,2024-06-20,3,breeder,172
Erithacus rubecula,Rotkehlchen,bw300,2024,2024-03-31,13,breeder,91
Erithacus rubecula,Rotkehlchen,bw300,2024,2024-04-14,19,breeder,105
Erithacus rubecula,Rotkehlchen,bw300,2024,2024-05-30,13,breeder,151
Erithacus rubecula,Rotkehlchen,bw300,2025,2025-03-30,17,breeder,89
Erithacus rubecula,Rotkehlchen,bw300,2025,2025-04-27,12,breeder,117
Erithacus rubecula,Rotkehlchen,bw300,2025,2025-06-17,13,breeder,168
Erithacus rubecula,Rotkehlchen,bw300,2025,2025-05-31,14,breeder,151
Erithacus rubecula,Rotkehlchen,bw313,2022,2022-05-26,5,breeder,146
Erithacus rubecula,Rotkehlchen,bw313,2022,2022-03-30,15,breeder,89
Erithacus rubecula,Rotkehlchen,bw313,2022,2022-06-23,6,breeder,174
Erithacus rubecula,Rotkehlchen,bw313,2022,2022-05-04,6,breeder,124
Erithacus rubecula,Rotkehlchen,bw313,2023,2023-04-29,2,breeder,119
Erithacus rubecula,Rotkehlchen,bw313,2023,2023-06-17,5,breeder,168
Erithacus rubecula,Rotkehlchen,bw313,2023,2023-03-28,5,breeder,87
Erithacus rubecula,Rotkehlchen,bw313,2023,2023-05-19,3,breeder,139
Erithacus rubecula,Rotkehlchen,bw313,2024,2024-03-03,6,breeder,63
Erithacus rubecula,Rotkehlchen,bw313,2024,2024-04-27,1,breeder,118
Erithacus rubecula,Rotkehlchen,bw313,2024,2024-05-31,2,breeder,152
Erithacus rubecula,Rotkehlchen,bw313,2024,2024-06-19,3,breeder,171
Erithacus rubecula,Rotkehlchen,bw313,2025,2025-03-23,10,breeder,82
Erithacus rubecula,Rotkehlchen,bw313,2025,2025-04-22,8,breeder,112
Erithacus rubecula,Rotkehlchen,bw313,2025,2025-05-29,7,breeder,149
Erithacus rubecula,Rotkehlchen,bw313,2025,2025-06-12,4,breeder,163
Erithacus rubecula,Rotkehlchen,bw315,2021,2021-04-25,7,breeder,115
Erithacus rubecula,Rotkehlchen,bw315,2021,2021-05-16,8,breeder,136
Erithacus rubecula,Rotkehlchen,bw315,2021,2021-06-13,10,breeder,164
Erithacus rubecula,Rotkehlchen,bw315,2021,2021-03-28,20,breeder,87
Erithacus rubecula,Rotkehlchen,bw315,2022,2022-03-20,18,breeder,79
Erithacus rubecula,Rotkehlchen,bw315,2023,2023-04-02,10,breeder,92
Erithacus rubecula,Rotkehlchen,bw315,2023,2023-05-28,8,breeder,148
Erithacus rubecula,Rotkehlchen,bw315,2023,2023-06-11,4,breeder,162
Erithacus rubecula,Rotkehlchen,bw315,2023,2023-03-11,7,breeder,70
Erithacus rubecula,Rotkehlchen,bw315,2024,2024-05-12,0,breeder,133
Erithacus rubecula,Rotkehlchen,bw315,2024,2024-06-09,9,breeder,161
Erithacus rubecula,Rotkehlchen,bw315,2024,2024-03-17,23,breeder,77
Erithacus rubecula,Rotkehlchen,bw315,2024,2024-04-14,12,breeder,105
Erithacus rubecula,Rotkehlchen,bw315,2025,2025-05-11,6,breeder,131
Erithacus rubecula,Rotkehlchen,bw315,2025,2025-06-15,14,breeder,166
Erithacus rubecula,Rotkehlchen,bw315,2025,2025-03-23,24,breeder,82
Erithacus rubecula,Rotkehlchen,bw315,2025,2025-04-13,16,breeder,103
Erithacus rubecula,Rotkehlchen,bw318,2021,2021-03-24,6,breeder,83
Erithacus rubecula,Rotkehlchen,bw318,2021,2021-04-18,7,breeder,108
Erithacus rubecula,Rotkehlchen,bw318,2021,2021-05-09,2,breeder,129
Erithacus rubecula,Rotkehlchen,bw318,2021,2021-06-04,2,breeder,155
Erithacus rubecula,Rotkehlchen,bw318,2022,2022-05-07,2,breeder,127
Erithacus rubecula,Rotkehlchen,bw318,2022,2022-05-21,1,breeder,141
Erithacus rubecula,Rotkehlchen,bw318,2022,2022-06-19,4,breeder,170
Erithacus rubecula,Rotkehlchen,bw318,2022,2022-03-12,3,breeder,71
Erithacus rubecula,Rotkehlchen,bw318,2023,2023-04-30,1,breeder,120
Erithacus rubecula,Rotkehlchen,bw318,2023,2023-03-29,7,breeder,88
Erithacus rubecula,Rotkehlchen,bw318,2023,2023-05-13,2,breeder,133
Erithacus rubecula,Rotkehlchen,bw318,2023,2023-06-04,4,breeder,155
Erithacus rubecula,Rotkehlchen,bw318,2024,2024-03-17,7,breeder,77
Erithacus rubecula,Rotkehlchen,bw318,2024,2024-04-28,4,breeder,119
Erithacus rubecula,Rotkehlchen,bw318,2024,2024-05-12,5,breeder,133
Erithacus rubecula,Rotkehlchen,bw318,2024,2024-06-16,6,breeder,168
Erithacus rubecula,Rotkehlchen,bw318,2025,2025-06-09,8,breeder,160
Erithacus rubecula,Rotkehlchen,bw318,2025,2025-03-16,6,breeder,75
Erithacus rubecula,Rotkehlchen,bw318,2025,2025-04-23,9,breeder,113
Erithacus rubecula,Rotkehlchen,bw318,2025,2025-05-17,7,breeder,137
Erithacus rubecula,Rotkehlchen,bw321,2022,2022-03-25,15,breeder,84
Erithacus rubecula,Rotkehlchen,bw321,2022,2022-06-19,6,breeder,170
Erithacus rubecula,Rotkehlchen,bw321,2022,2022-04-16,3,breeder,106
Erithacus rubecula,Rotkehlchen,bw321,2022,2022-05-14,3,breeder,134
Erithacus rubecula,Rotkehlchen,bw321,2023,2023-06-09,8,breeder,160
Erithacus rubecula,Rotkehlchen,bw321,2023,2023-05-13,4,breeder,133
Erithacus rubecula,Rotkehlchen,bw321,2023,2023-03-29,16,breeder,88
Erithacus rubecula,Rotkehlchen,bw321,2023,2023-04-18,6,breeder,108
Erithacus rubecula,Rotkehlchen,bw321,2024,2024-05-14,3,breeder,135
Erithacus rubecula,Rotkehlchen,bw321,2024,2024-06-06,3,breeder,158
Erithacus rubecula,Rotkehlchen,bw321,2024,2024-03-26,9,breeder,86
Erithacus rubecula,Rotkehlchen,bw321,2024,2024-04-27,4,breeder,118
Erithacus rubecula,Rotkehlchen,bw321,2025,2025-03-20,6,breeder,79
Erithacus rubecula,Rotkehlchen,bw321,2025,2025-04-10,10,breeder,100
Erithacus rubecula,Rotkehlchen,bw321,2025,2025-05-08,0,breeder,128
Erithacus rubecula,Rotkehlchen,bw321,2025,2025-06-05,1,breeder,156
Erithacus rubecula,Rotkehlchen,bw325,2022,2022-06-16,2,breeder,167
Erithacus rubecula,Rotkehlchen,bw325,2022,2022-04-19,0,breeder,109
Erithacus rubecula,Rotkehlchen,bw325,2022,2022-05-15,2,breeder,135
Erithacus rubecula,Rotkehlchen,bw325,2022,2022-03-27,0,breeder,86
Erithacus rubecula,Rotkehlchen,bw325,2023,2023-06-03,2,breeder,154
Erithacus rubecula,Rotkehlchen,bw325,2023,2023-04-07,0,breeder,97
Erithacus rubecula,Rotkehlchen,bw325,2023,2023-05-05,1,breeder,125
Erithacus rubecula,Rotkehlchen,bw325,2023,2023-03-18,0,breeder,77
Erithacus rubecula,Rotkehlchen,bw325,2024,2024-04-06,0,breeder,97
Erithacus rubecula,Rotkehlchen,bw325,2024,2024-05-26,2,breeder,147
Erithacus rubecula,Rotkehlchen,bw325,2024,2024-05-04,2,breeder,125
Erithacus rubecula,Rotkehlchen,bw325,2024,2024-03-10,0,breeder,70
Erithacus rubecula,Rotkehlchen,bw325,2025,2025-06-12,1,breeder,163
Erithacus rubecula,Rotkehlchen,bw325,2025,2025-04-20,0,breeder,110
Erithacus rubecula,Rotkehlchen,bw325,2025,2025-05-18,1,breeder,138
Erithacus rubecula,Rotkehlchen,bw325,2025,2025-03-25,0,breeder,84
Erithacus rubecula,Rotkehlchen,bw326,2022,2022-04-15,0,breeder,105
Erithacus rubecula,Rotkehlchen,bw326,2022,2022-05-11,1,breeder,131
Erithacus rubecula,Rotkehlchen,bw326,2022,2022-06-05,0,breeder,156
Erithacus rubecula,Rotkehlchen,bw326,2022,2022-03-19,0,breeder,78
Erithacus rubecula,Rotkehlchen,bw326,2023,2023-05-04,1,breeder,124
Erithacus rubecula,Rotkehlchen,bw326,2023,2023-06-02,0,breeder,153
Erithacus rubecula,Rotkehlchen,bw326,2023,2023-04-07,0,breeder,97
Erithacus rubecula,Rotkehlchen,bw326,2023,2023-03-17,0,breeder,76
Erithacus rubecula,Rotkehlchen,bw326,2024,2024-05-11,1,breeder,132
Erithacus rubecula,Rotkehlchen,bw326,2024,2024-06-01,2,breeder,153
Erithacus rubecula,Rotkehlchen,bw326,2024,2024-03-19,0,breeder,79
Erithacus rubecula,Rotkehlchen,bw326,2024,2024-04-07,0,breeder,98
Erithacus rubecula,Rotkehlchen,bw327,2022,2022-04-18,0,breeder,108
Erithacus rubecula,Rotkehlchen,bw327,2022,2022-05-14,4,breeder,134
Erithacus rubecula,Rotkehlchen,bw327,2022,2022-06-12,8,breeder,163
Erithacus rubecula,Rotkehlchen,bw327,2022,2022-03-26,0,breeder,85
Erithacus rubecula,Rotkehlchen,bw327,2023,2023-04-23,0,breeder,113
Erithacus rubecula,Rotkehlchen,bw327,2023,2023-05-20,5,breeder,140
Erithacus rubecula,Rotkehlchen,bw327,2023,2023-06-10,6,breeder,161
Erithacus rubecula,Rotkehlchen,bw327,2023,2023-03-24,0,breeder,83
Erithacus rubecula,Rotkehlchen,bw327,2024,2024-04-14,0,breeder,105
Erithacus rubecula,Rotkehlchen,bw327,2024,2024-05-12,2,breeder,133
Erithacus rubecula,Rotkehlchen,bw327,2024,2024-06-02,2,breeder,154
Erithacus rubecula,Rotkehlchen,bw327,2024,2024-03-20,0,breeder,80
Erithacus rubecula,Rotkehlchen,bw327,2025,2025-04-27,0,breeder,117
Erithacus rubecula,Rotkehlchen,bw327,2025,2025-06-14,4,breeder,165
Erithacus rubecula,Rotkehlchen,bw327,2025,2025-05-19,3,breeder,139
Erithacus rubecula,Rotkehlchen,bw327,2025,2025-03-29,0,breeder,88
Erithacus rubecula,Rotkehlchen,bw328,2022,2022-03-28,27,breeder,87
Erithacus rubecula,Rotkehlchen,bw328,2022,2022-04-28,13,breeder,118
Erithacus rubecula,Rotkehlchen,bw328,2023,2023-04-25,19,breeder,115
Erithacus rubecula,Rotkehlchen,bw328,2023,2023-05-18,20,breeder,138
Erithacus rubecula,Rotkehlchen,bw328,2023,2023-06-18,20,breeder,169
Erithacus rubecula,Rotkehlchen,bw328,2023,2023-03-29,32,breeder,88
Erithacus rubecula,Rotkehlchen,bw33,2021,2021-05-10,8,breeder,130
Erithacus rubecula,Rotkehlchen,bw33,2021,2021-05-30,2,breeder,150
Erithacus rubecula,Rotkehlchen,bw33,2021,2021-04-25,7,breeder,115
Erithacus rubecula,Rotkehlchen,bw33,2021,2021-03-30,17,breeder,89
Erithacus rubecula,Rotkehlchen,bw33,2022,2022-03-27,21,breeder,86
Erithacus rubecula,Rotkehlchen,bw33,2022,2022-04-23,5,breeder,113
Erithacus rubecula,Rotkehlchen,bw33,2022,2022-05-08,7,breeder,128
Erithacus rubecula,Rotkehlchen,bw33,2022,2022-05-29,8,breeder,149
Erithacus rubecula,Rotkehlchen,bw33,2023,2023-05-06,7,breeder,126
Erithacus rubecula,Rotkehlchen,bw33,2023,2023-05-27,4,breeder,147
Erithacus rubecula,Rotkehlchen,bw33,2023,2023-04-22,3,breeder,112
Erithacus rubecula,Rotkehlchen,bw33,2023,2023-03-25,24,breeder,84
Erithacus rubecula,Rotkehlchen,bw33,2024,2024-03-30,11,breeder,90
Erithacus rubecula,Rotkehlchen,bw33,2024,2024-04-20,4,breeder,111
Erithacus rubecula,Rotkehlchen,bw33,2024,2024-05-08,7,breeder,129
Erithacus rubecula,Rotkehlchen,bw33,2024,2024-06-03,13,breeder,155
Erithacus rubecula,Rotkehlchen,bw33,2025,2025-03-28,14,breeder,87
Erithacus rubecula,Rotkehlchen,bw33,2025,2025-04-19,7,breeder,109
Erithacus rubecula,Rotkehlchen,bw33,2025,2025-05-09,4,breeder,129
Erithacus rubecula,Rotkehlchen,bw33,2025,2025-05-29,13,breeder,149
Erithacus rubecula,Rotkehlchen,bw334,2024,2024-05-14,0,breeder,135
Erithacus rubecula,Rotkehlchen,bw334,2024,2024-03-17,8,breeder,77
Erithacus rubecula,Rotkehlchen,bw334,2024,2024-04-13,2,breeder,104
Erithacus rubecula,Rotkehlchen,bw334,2024,2024-06-18,0,breeder,170
Erithacus rubecula,Rotkehlchen,bw334,2025,2025-03-22,4,breeder,81
Erithacus rubecula,Rotkehlchen,bw334,2025,2025-04-30,0,breeder,120
Erithacus rubecula,Rotkehlchen,bw334,2025,2025-05-24,0,breeder,144
Erithacus rubecula,Rotkehlchen,bw334,2025,2025-04-05,2,breeder,95
Erithacus rubecula,Rotkehlchen,bw338,2024,2024-03-15,9,breeder,75
Erithacus rubecula,Rotkehlchen,bw338,2024,2024-06-07,3,breeder,159
Erithacus rubecula,Rotkehlchen,bw338,2024,2024-04-14,5,breeder,105
Erithacus rubecula,Rotkehlchen,bw338,2024,2024-05-12,1,breeder,133
Erithacus rubecula,Rotkehlchen,bw338,2025,2025-03-21,15,breeder,80
Erithacus rubecula,Rotkehlchen,bw338,2025,2025-05-19,5,breeder,139
Erithacus rubecula,Rotkehlchen,bw338,2025,2025-04-22,6,breeder,112
Erithacus rubecula,Rotkehlchen,bw338,2025,2025-06-01,0,breeder,152
Erithacus rubecula,Rotkehlchen,bw339,2021,2021-03-29,22,breeder,88
Erithacus rubecula,Rotkehlchen,bw339,2021,2021-05-03,18,breeder,123
Erithacus rubecula,Rotkehlchen,bw339,2021,2021-05-26,9,breeder,146
Erithacus rubecula,Rotkehlchen,bw339,2021,2021-06-20,12,breeder,171
Erithacus rubecula,Rotkehlchen,bw34,2021,2021-04-23,0,breeder,113
Erithacus rubecula,Rotkehlchen,bw34,2021,2021-05-07,0,breeder,127
Erithacus rubecula,Rotkehlchen,bw34,2021,2021-03-29,3,breeder,88
Erithacus rubecula,Rotkehlchen,bw34,2021,2021-06-20,0,breeder,171
Erithacus rubecula,Rotkehlchen,bw34,2022,2022-05-15,0,breeder,135
Erithacus rubecula,Rotkehlchen,bw34,2022,2022-03-16,7,breeder,75
Erithacus rubecula,Rotkehlchen,bw34,2022,2022-06-20,0,breeder,171
Erithacus rubecula,Rotkehlchen,bw34,2022,2022-04-20,0,breeder,110
Erithacus rubecula,Rotkehlchen,bw34,2025,2025-04-27,0,breeder,117
Erithacus rubecula,Rotkehlchen,bw34,2025,2025-03-30,1,breeder,89
Erithacus rubecula,Rotkehlchen,bw34,2025,2025-05-18,0,breeder,138
Erithacus rubecula,Rotkehlchen,bw34,2025,2025-06-15,0,breeder,166
Erithacus rubecula,Rotkehlchen,bw340,2024,2024-03-29,14,breeder,89
Erithacus rubecula,Rotkehlchen,bw340,2024,2024-05-11,5,breeder,132
Erithacus rubecula,Rotkehlchen,bw340,2024,2024-04-26,3,breeder,117
Erithacus rubecula,Rotkehlchen,bw340,2024,2024-06-19,3,breeder,171
Erithacus rubecula,Rotkehlchen,bw340,2025,2025-04-03,12,breeder,93
Erithacus rubecula,Rotkehlchen,bw340,2025,2025-04-23,6,breeder,113
Erithacus rubecula,Rotkehlchen,bw340,2025,2025-05-08,2,breeder,128
Erithacus rubecula,Rotkehlchen,bw340,2025,2025-06-18,3,breeder,169
Erithacus rubecula,Rotkehlchen,bw343,2024,2024-05-01,1,breeder,122
Erithacus rubecula,Rotkehlchen,bw343,2024,2024-05-14,0,breeder,135
Erithacus rubecula,Rotkehlchen,bw343,2024,2024-06-18,0,breeder,170
Erithacus rubecula,Rotkehlchen,bw343,2024,2024-03-27,4,breeder,87
Erithacus rubecula,Rotkehlchen,bw343,2025,2025-05-20,0,breeder,140
Erithacus rubecula,Rotkehlchen,bw343,2025,2025-06-19,1,breeder,170
Erithacus rubecula,Rotkehlchen,bw343,2025,2025-04-28,1,breeder,118
Erithacus rubecula,Rotkehlchen,bw343,2025,2025-03-27,4,breeder,86
Erithacus rubecula,Rotkehlchen,bw345,2024,2024-05-01,20,breeder,122
Erithacus rubecula,Rotkehlchen,bw345,2024,2024-06-05,15,breeder,157
Erithacus rubecula,Rotkehlchen,bw345,2024,2024-03-30,5,breeder,90
Erithacus rubecula,Rotkehlchen,bw345,2024,2024-05-19,15,breeder,140
Erithacus rubecula,Rotkehlchen,bw345,2025,2025-03-31,7,breeder,90
Erithacus rubecula,Rotkehlchen,bw345,2025,2025-05-31,19,breeder,151
Erithacus rubecula,Rotkehlchen,bw345,2025,2025-04-23,19,breeder,113
Erithacus rubecula,Rotkehlchen,bw345,2025,2025-05-16,16,breeder,136
Erithacus rubecula,Rotkehlchen,bw346,2024,2024-06-12,13,breeder,164
Erithacus rubecula,Rotkehlchen,bw346,2024,2024-03-30,12,breeder,90
Erithacus rubecula,Rotkehlchen,bw346,2024,2024-04-30,9,breeder,121
Erithacus rubecula,Rotkehlchen,bw346,2024,2024-05-20,6,breeder,141
Erithacus rubecula,Rotkehlchen,bw346,2025,2025-03-30,14,breeder,89
Erithacus rubecula,Rotkehlchen,bw346,2025,2025-05-14,12,breeder,134
Erithacus rubecula,Rotkehlchen,bw346,2025,2025-06-20,10,breeder,171
Erithacus rubecula,Rotkehlchen,bw346,2025,2025-04-29,7,breeder,119
Erithacus rubecula,Rotkehlchen,bw354,2021,2021-04-30,3,breeder,120
Erithacus rubecula,Rotkehlchen,bw354,2021,2021-06-17,2,breeder,168
Erithacus rubecula,Rotkehlchen,bw354,2021,2021-05-20,2,breeder,140
Erithacus rubecula,Rotkehlchen,bw354,2022,2022-03-29,9,breeder,88
Erithacus rubecula,Rotkehlchen,bw354,2022,2022-04-30,7,breeder,120
Erithacus rubecula,Rotkehlchen,bw354,2022,2022-05-19,4,breeder,139
Erithacus rubecula,Rotkehlchen,bw354,2023,2023-03-28,8,breeder,87
Erithacus rubecula,Rotkehlchen,bw354,2023,2023-05-20,6,breeder,140
Erithacus rubecula,Rotkehlchen,bw354,2023,2023-06-19,5,breeder,170
Erithacus rubecula,Rotkehlchen,bw354,2023,2023-04-27,6,breeder,117
Erithacus rubecula,Rotkehlchen,bw354,2024,2024-04-30,3,breeder,121
Erithacus rubecula,Rotkehlchen,bw354,2024,2024-06-24,5,breeder,176
Erithacus rubecula,Rotkehlchen,bw354,2024,2024-05-19,4,breeder,140
Erithacus rubecula,Rotkehlchen,bw354,2024,2024-03-29,5,breeder,89
Erithacus rubecula,Rotkehlchen,bw354,2025,2025-04-01,4,breeder,91
Erithacus rubecula,Rotkehlchen,bw354,2025,2025-05-20,8,breeder,140
Erithacus rubecula,Rotkehlchen,bw354,2025,2025-06-20,7,breeder,171
Erithacus rubecula,Rotkehlchen,bw354,2025,2025-05-02,6,breeder,122
Erithacus rubecula,Rotkehlchen,bw357,2021,2021-06-12,2,breeder,163
Erithacus rubecula,Rotkehlchen,bw357,2021,2021-03-28,20,breeder,87
Erithacus rubecula,Rotkehlchen,bw357,2021,2021-04-24,9,breeder,114
Erithacus rubecula,Rotkehlchen,bw357,2021,2021-05-14,4,breeder,134
Erithacus rubecula,Rotkehlchen,bw357,2022,2022-05-14,0,breeder,134
Erithacus rubecula,Rotkehlchen,bw357,2022,2022-06-04,0,breeder,155
Erithacus rubecula,Rotkehlchen,bw357,2022,2022-03-26,6,breeder,85
Erithacus rubecula,Rotkehlchen,bw357,2022,2022-04-23,4,breeder,113
Erithacus rubecula,Rotkehlchen,bw357,2023,2023-05-14,0,breeder,134
Erithacus rubecula,Rotkehlchen,bw357,2023,2023-06-09,2,breeder,160
Erithacus rubecula,Rotkehlchen,bw357,2023,2023-03-12,5,breeder,71
Erithacus rubecula,Rotkehlchen,bw357,2023,2023-04-15,7,breeder,105
Erithacus rubecula,Rotkehlchen,bw357,2024,2024-04-05,4,breeder,96
Erithacus rubecula,Rotkehlchen,bw357,2024,2024-04-20,4,breeder,111
Erithacus rubecula,Rotkehlchen,bw357,2024,2024-05-19,1,breeder,140
Erithacus rubecula,Rotkehlchen,bw357,2024,2024-06-09,2,breeder,161
Erithacus rubecula,Rotkehlchen,bw357,2025,2025-03-16,13,breeder,75
Erithacus rubecula,Rotkehlchen,bw357,2025,2025-05-11,2,breeder,131
Erithacus rubecula,Rotkehlchen,bw357,2025,2025-06-10,0,breeder,161
Erithacus rubecula,Rotkehlchen,bw357,2025,2025-04-12,3,breeder,102
Erithacus rubecula,Rotkehlchen,bw360,2022,2022-05-15,4,breeder,135
Erithacus rubecula,Rotkehlchen,bw360,2022,2022-06-14,6,breeder,165
Erithacus rubecula,Rotkehlchen,bw360,2022,2022-03-26,14,breeder,85
Erithacus rubecula,Rotkehlchen,bw360,2022,2022-04-17,12,breeder,107
Erithacus rubecula,Rotkehlchen,bw360,2023,2023-06-09,4,breeder,160
Erithacus rubecula,Rotkehlchen,bw360,2023,2023-04-15,7,breeder,105
Erithacus rubecula,Rotkehlchen,bw360,2023,2023-05-13,4,breeder,133
Erithacus rubecula,Rotkehlchen,bw360,2023,2023-03-26,10,breeder,85
Erithacus rubecula,Rotkehlchen,bw360,2023,2023-04-14,1,breeder,104
Erithacus rubecula,Rotkehlchen,bw360,2024,2024-05-11,6,breeder,132
Erithacus rubecula,Rotkehlchen,bw360,2024,2024-06-08,7,breeder,160
Erithacus rubecula,Rotkehlchen,bw360,2024,2024-03-28,12,breeder,88
Erithacus rubecula,Rotkehlchen,bw360,2024,2024-04-19,4,breeder,110
Erithacus rubecula,Rotkehlchen,bw360,2025,2025-05-11,4,breeder,131
Erithacus rubecula,Rotkehlchen,bw360,2025,2025-06-10,4,breeder,161
Erithacus rubecula,Rotkehlchen,bw360,2025,2025-04-12,12,breeder,102
Erithacus rubecula,Rotkehlchen,bw360,2025,2025-03-23,11,breeder,82
Erithacus rubecula,Rotkehlchen,bw361,2022,2022-03-23,15,breeder,82
Erithacus rubecula,Rotkehlchen,bw361,2022,2022-05-01,6,breeder,121
Erithacus rubecula,Rotkehlchen,bw361,2022,2022-05-11,9,breeder,131
Erithacus rubecula,Rotkehlchen,bw361,2022,2022-05-26,9,breeder,146
Erithacus rubecula,Rotkehlchen,bw361,2023,2023-04-22,5,breeder,112
Erithacus rubecula,Rotkehlchen,bw361,2023,2023-06-10,14,breeder,161
Erithacus rubecula,Rotkehlchen,bw361,2023,2023-03-18,14,breeder,77
Erithacus rubecula,Rotkehlchen,bw361,2023,2023-05-13,5,breeder,133
Erithacus rubecula,Rotkehlchen,bw361,2023,2023-04-21,0,breeder,111
Erithacus rubecula,Rotkehlchen,bw361,2024,2024-04-13,12,breeder,104
Erithacus rubecula,Rotkehlchen,bw361,2024,2024-03-23,19,breeder,83
Erithacus rubecula,Rotkehlchen,bw361,2024,2024-05-29,10,breeder,150
Erithacus rubecula,Rotkehlchen,bw361,2024,2024-05-12,10,breeder,133
Erithacus rubecula,Rotkehlchen,bw361,2024,2024-05-28,1,breeder,149
Erithacus rubecula,Rotkehlchen,bw361,2024,2024-04-12,0,breeder,103
Erithacus rubecula,Rotkehlchen,bw361,2025,2025-03-22,15,breeder,81
Erithacus rubecula,Rotkehlchen,bw361,2025,2025-04-05,23,breeder,95
Erithacus rubecula,Rotkehlchen,bw361,2025,2025-05-18,12,breeder,138
Erithacus rubecula,Rotkehlchen,bw361,2025,2025-05-29,18,breeder,149
Erithacus rubecula,Rotkehlchen,bw37,2022,2022-04-18,1,breeder,108
Erithacus rubecula,Rotkehlchen,bw37,2022,2022-05-15,3,breeder,135
Erithacus rubecula,Rotkehlchen,bw37,2022,2022-03-20,10,breeder,79
Erithacus rubecula,Rotkehlchen,bw37,2022,2022-06-14,4,breeder,165
Erithacus rubecula,Rotkehlchen,bw37,2023,2023-03-29,5,breeder,88
Erithacus rubecula,Rotkehlchen,bw37,2023,2023-04-22,2,breeder,112
Erithacus rubecula,Rotkehlchen,bw37,2023,2023-05-14,0,breeder,134
Erithacus rubecula,Rotkehlchen,bw37,2023,2023-06-13,0,breeder,164
Erithacus rubecula,Rotkehlchen,bw37,2024,2024-06-09,2,breeder,161
Erithacus rubecula,Rotkehlchen,bw37,2024,2024-03-17,7,breeder,77
Erithacus rubecula,Rotkehlchen,bw37,2024,2024-04-14,1,breeder,105
Erithacus rubecula,Rotkehlchen,bw37,2024,2024-05-12,1,breeder,133
Erithacus rubecula,Rotkehlchen,bw37,2025,2025-05-17,0,breeder,137
Erithacus rubecula,Rotkehlchen,bw37,2025,2025-03-20,10,breeder,79
Erithacus rubecula,Rotkehlchen,bw37,2025,2025-04-11,3,breeder,101
Erithacus rubecula,Rotkehlchen,bw37,2025,2025-06-11,0,breeder,162
Erithacus rubecula,Rotkehlchen,bw372,2021,2021-05-20,0,breeder,140
Erithacus rubecula,Rotkehlchen,bw372,2021,2021-06-19,0,breeder,170
Erithacus rubecula,Rotkehlchen,bw372,2021,2021-04-23,2,breeder,113
Erithacus rubecula,Rotkehlchen,bw372,2021,2021-03-26,18,breeder,85
Erithacus rubecula,Rotkehlchen,bw372,2022,2022-05-20,0,breeder,140
Erithacus rubecula,Rotkehlchen,bw372,2022,2022-06-01,0,breeder,152
Erithacus rubecula,Rotkehlchen,bw372,2022,2022-04-10,5,breeder,100
Erithacus rubecula,Rotkehlchen,bw372,2022,2022-03-20,14,breeder,79
Erithacus rubecula,Rotkehlchen,bw372,2023,2023-05-13,1,breeder,133
Erithacus rubecula,Rotkehlchen,bw372,2023,2023-06-08,1,breeder,159
Erithacus rubecula,Rotkehlchen,bw372,2023,2023-03-30,4,breeder,89
Erithacus rubecula,Rotkehlchen,bw372,2023,2023-04-14,1,breeder,104
Erithacus rubecula,Rotkehlchen,bw372,2024,2024-05-18,1,breeder,139
Erithacus rubecula,Rotkehlchen,bw372,2024,2024-06-16,0,breeder,168
Erithacus rubecula,Rotkehlchen,bw372,2024,2024-04-30,0,breeder,121
Erithacus rubecula,Rotkehlchen,bw372,2024,2024-03-30,5,breeder,90
Erithacus rubecula,Rotkehlchen,bw372,2025,2025-05-23,0,breeder,143
Erithacus rubecula,Rotkehlchen,bw372,2025,2025-04-21,2,breeder,111
Erithacus rubecula,Rotkehlchen,bw372,2025,2025-05-10,0,breeder,130
Erithacus rubecula,Rotkehlchen,bw372,2025,2025-03-30,17,breeder,89
Erithacus rubecula,Rotkehlchen,bw373,2022,2022-03-24,11,breeder,83
Erithacus rubecula,Rotkehlchen,bw373,2022,2022-04-24,3,breeder,114
Erithacus rubecula,Rotkehlchen,bw373,2022,2022-06-11,9,breeder,162
Erithacus rubecula,Rotkehlchen,bw373,2022,2022-05-10,4,breeder,130
Erithacus rubecula,Rotkehlchen,bw373,2023,2023-03-28,17,breeder,87
Erithacus rubecula,Rotkehlchen,bw373,2023,2023-04-26,16,breeder,116
Erithacus rubecula,Rotkehlchen,bw373,2023,2023-06-14,12,breeder,165
Erithacus rubecula,Rotkehlchen,bw373,2023,2023-05-06,17,breeder,126
Erithacus rubecula,Rotkehlchen,bw373,2024,2024-03-22,22,breeder,82
Erithacus rubecula,Rotkehlchen,bw373,2024,2024-04-28,12,breeder,119
Erithacus rubecula,Rotkehlchen,bw373,2024,2024-05-16,20,breeder,137
Erithacus rubecula,Rotkehlchen,bw373,2024,2024-06-20,9,breeder,172
Erithacus rubecula,Rotkehlchen,bw373,2025,2025-03-11,20,breeder,70
Erithacus rubecula,Rotkehlchen,bw373,2025,2025-05-08,27,breeder,128
Erithacus rubecula,Rotkehlchen,bw373,2025,2025-04-14,29,breeder,104
Erithacus rubecula,Rotkehlchen,bw373,2025,2025-06-11,42,breeder,162
Erithacus rubecula,Rotkehlchen,bw374,2024,2024-04-24,5,breeder,115
Erithacus rubecula,Rotkehlchen,bw374,2024,2024-03-19,23,breeder,79
Erithacus rubecula,Rotkehlchen,bw374,2024,2024-05-14,3,breeder,135
Erithacus rubecula,Rotkehlchen,bw374,2024,2024-06-05,5,breeder,157
Erithacus rubecula,Rotkehlchen,bw374,2025,2025-06-17,4,breeder,168
Erithacus rubecula,Rotkehlchen,bw374,2025,2025-03-31,15,breeder,90
Erithacus rubecula,Rotkehlchen,bw374,2025,2025-05-13,3,breeder,133
Erithacus rubecula,Rotkehlchen,bw374,2025,2025-04-17,14,breeder,107
Erithacus rubecula,Rotkehlchen,bw379,2024,2024-05-14,3,breeder,135
Erithacus rubecula,Rotkehlchen,bw379,2024,2024-04-10,10,breeder,101
Erithacus rubecula,Rotkehlchen,bw379,2024,2024-06-12,9,breeder,164
Erithacus rubecula,Rotkehlchen,bw379,2024,2024-03-20,18,breeder,80
Erithacus rubecula,Rotkehlchen,bw379,2025,2025-05-16,2,breeder,136
Erithacus rubecula,Rotkehlchen,bw379,2025,2025-06-06,8,breeder,157
Erithacus rubecula,Rotkehlchen,bw379,2025,2025-03-21,13,breeder,80
Erithacus rubecula,Rotkehlchen,bw379,2025,2025-04-11,16,breeder,101
Erithacus rubecula,Rotkehlchen,bw38,2022,2022-03-27,10,breeder,86
Erithacus rubecula,Rotkehlchen,bw38,2022,2022-06-03,3,breeder,154
Erithacus rubecula,Rotkehlchen,bw38,2022,2022-04-23,5,breeder,113
Erithacus rubecula,Rotkehlchen,bw38,2022,2022-05-13,6,breeder,133
Erithacus rubecula,Rotkehlchen,bw38,2023,2023-06-05,4,breeder,156
Erithacus rubecula,Rotkehlchen,bw38,2023,2023-05-09,9,breeder,129
Erithacus rubecula,Rotkehlchen,bw38,2023,2023-03-16,5,breeder,75
Erithacus rubecula,Rotkehlchen,bw38,2023,2023-04-17,8,breeder,107
Erithacus rubecula,Rotkehlchen,bw38,2024,2024-04-10,8,breeder,101
Erithacus rubecula,Rotkehlchen,bw38,2024,2024-05-10,8,breeder,131
Erithacus rubecula,Rotkehlchen,bw38,2024,2024-03-19,11,breeder,79
Erithacus rubecula,Rotkehlchen,bw38,2024,2024-06-14,5,breeder,166
Erithacus rubecula,Rotkehlchen,bw38,2025,2025-04-03,10,breeder,93
Erithacus rubecula,Rotkehlchen,bw38,2025,2025-03-16,7,breeder,75
Erithacus rubecula,Rotkehlchen,bw38,2025,2025-05-08,2,breeder,128
Erithacus rubecula,Rotkehlchen,bw38,2025,2025-05-30,5,breeder,150
Erithacus rubecula,Rotkehlchen,bw381,2023,2023-04-22,0,breeder,112
Erithacus rubecula,Rotkehlchen,bw381,2023,2023-06-09,2,breeder,160
Erithacus rubecula,Rotkehlchen,bw381,2023,2023-05-13,0,breeder,133
Erithacus rubecula,Rotkehlchen,bw381,2023,2023-03-20,0,breeder,79
Erithacus rubecula,Rotkehlchen,bw381,2025,2025-04-04,0,breeder,94
Erithacus rubecula,Rotkehlchen,bw381,2025,2025-06-01,2,breeder,152
Erithacus rubecula,Rotkehlchen,bw381,2025,2025-03-10,0,breeder,69
Erithacus rubecula,Rotkehlchen,bw381,2025,2025-05-01,1,breeder,121
Erithacus rubecula,Rotkehlchen,bw39,2022,2022-05-12,0,breeder,132
Erithacus rubecula,Rotkehlchen,bw39,2022,2022-06-02,3,breeder,153
Erithacus rubecula,Rotkehlchen,bw39,2022,2022-03-27,12,breeder,86
Erithacus rubecula,Rotkehlchen,bw39,2022,2022-04-21,1,breeder,111
Erithacus rubecula,Rotkehlchen,bw39,2023,2023-05-08,0,breeder,128
Erithacus rubecula,Rotkehlchen,bw39,2023,2023-06-02,1,breeder,153
Erithacus rubecula,Rotkehlchen,bw39,2023,2023-03-13,3,breeder,72
Erithacus rubecula,Rotkehlchen,bw39,2023,2023-04-14,2,breeder,104
Erithacus rubecula,Rotkehlchen,bw39,2024,2024-04-09,0,breeder,100
Erithacus rubecula,Rotkehlchen,bw39,2024,2024-05-11,0,breeder,132
Erithacus rubecula,Rotkehlchen,bw39,2024,2024-06-11,0,breeder,163
Erithacus rubecula,Rotkehlchen,bw39,2024,2024-03-15,4,breeder,75
Erithacus rubecula,Rotkehlchen,bw39,2025,2025-05-13,0,breeder,133
Erithacus rubecula,Rotkehlchen,bw39,2025,2025-03-17,9,breeder,76
Erithacus rubecula,Rotkehlchen,bw39,2025,2025-04-14,4,breeder,104
Erithacus rubecula,Rotkehlchen,bw39,2025,2025-06-09,2,breeder,160
Erithacus rubecula,Rotkehlchen,bw391,2022,2022-05-19,35,breeder,139
Erithacus rubecula,Rotkehlchen,bw391,2022,2022-06-19,29,breeder,170
Erithacus rubecula,Rotkehlchen,bw391,2022,2022-04-27,22,breeder,117
Erithacus rubecula,Rotkehlchen,bw391,2022,2022-03-20,15,breeder,79
Erithacus rubecula,Rotkehlchen,bw391,2023,2023-04-29,29,breeder,119
Erithacus rubecula,Rotkehlchen,bw391,2023,2023-05-30,45,breeder,150
Erithacus rubecula,Rotkehlchen,bw391,2023,2023-06-29,27,breeder,180
Erithacus rubecula,Rotkehlchen,bw391,2023,2023-03-19,22,breeder,78
Erithacus rubecula,Rotkehlchen,bw391,2024,2024-03-17,34,breeder,77
Erithacus rubecula,Rotkehlchen,bw391,2024,2024-06-12,32,breeder,164
Erithacus rubecula,Rotkehlchen,bw391,2024,2024-04-26,21,breeder,117
Erithacus rubecula,Rotkehlchen,bw391,2024,2024-05-13,37,breeder,134
Erithacus rubecula,Rotkehlchen,bw391,2025,2025-06-18,40,breeder,169
Erithacus rubecula,Rotkehlchen,bw391,2025,2025-03-27,46,breeder,86
Erithacus rubecula,Rotkehlchen,bw391,2025,2025-04-20,34,breeder,110
Erithacus rubecula,Rotkehlchen,bw391,2025,2025-05-18,41,breeder,138
Erithacus rubecula,Rotkehlchen,bw396,2024,2024-03-20,9,breeder,80
Erithacus rubecula,Rotkehlchen,bw396,2024,2024-05-16,1,breeder,137
Erithacus rubecula,Rotkehlchen,bw396,2024,2024-04-29,3,breeder,120
Erithacus rubecula,Rotkehlchen,bw396,2024,2024-06-11,1,breeder,163
Erithacus rubecula,Rotkehlchen,bw396,2025,2025-04-24,8,breeder,114
Erithacus rubecula,Rotkehlchen,bw396,2025,2025-05-23,2,breeder,143
Erithacus rubecula,Rotkehlchen,bw396,2025,2025-05-12,10,breeder,132
Erithacus rubecula,Rotkehlchen,bw396,2025,2025-03-24,8,breeder,83
Erithacus rubecula,Rotkehlchen,bw397,2021,2021-06-13,0,breeder,164
Erithacus rubecula,Rotkehlchen,bw397,2021,2021-04-05,3,breeder,95
Erithacus rubecula,Rotkehlchen,bw397,2021,2021-05-13,0,breeder,133
Erithacus rubecula,Rotkehlchen,bw397,2021,2021-03-21,5,breeder,80
Erithacus rubecula,Rotkehlchen,bw397,2022,2022-05-29,0,breeder,149
Erithacus rubecula,Rotkehlchen,bw397,2022,2022-04-10,2,breeder,100
Erithacus rubecula,Rotkehlchen,bw397,2022,2022-05-08,0,breeder,128
Erithacus rubecula,Rotkehlchen,bw397,2022,2022-03-21,2,breeder,80
Erithacus rubecula,Rotkehlchen,bw397,2023,2023-05-07,0,breeder,127
Erithacus rubecula,Rotkehlchen,bw397,2023,2023-06-08,0,breeder,159
Erithacus rubecula,Rotkehlchen,bw397,2023,2023-03-19,0,breeder,78
Erithacus rubecula,Rotkehlchen,bw397,2023,2023-04-07,1,breeder,97
Erithacus rubecula,Rotkehlchen,bw397,2025,2025-05-11,0,breeder,131
Erithacus rubecula,Rotkehlchen,bw397,2025,2025-06-01,0,breeder,152
Erithacus rubecula,Rotkehlchen,bw397,2025,2025-04-20,0,breeder,110
Erithacus rubecula,Rotkehlchen,bw397,2025,2025-04-05,1,breeder,95
Erithacus rubecula,Rotkehlchen,bw398,2024,2024-05-28,0,breeder,149
Erithacus rubecula,Rotkehlchen,bw398,2024,2024-03-12,4,breeder,72
Erithacus rubecula,Rotkehlchen,bw398,2024,2024-04-13,3,breeder,104
Erithacus rubecula,Rotkehlchen,bw398,2024,2024-05-12,3,breeder,133
Erithacus rubecula,Rotkehlchen,bw398,2025,2025-05-27,0,breeder,147
Erithacus rubecula,Rotkehlchen,bw398,2025,2025-05-11,2,breeder,131
Erithacus rubecula,Rotkehlchen,bw398,2025,2025-03-18,6,breeder,77
Erithacus rubecula,Rotkehlchen,bw398,2025,2025-04-30,3,breeder,120
Erithacus rubecula,Rotkehlchen,bw401,2025,2025-06-15,4,breeder,166
Erithacus rubecula,Rotkehlchen,bw401,2025,2025-04-27,0,breeder,117
Erithacus rubecula,Rotkehlchen,bw401,2025,2025-05-31,2,breeder,151
Erithacus rubecula,Rotkehlchen,bw405,2022,2022-04-10,0,breeder,100
Erithacus rubecula,Rotkehlchen,bw405,2022,2022-05-08,3,breeder,128
Erithacus rubecula,Rotkehlchen,bw405,2022,2022-06-04,3,breeder,155
Erithacus rubecula,Rotkehlchen,bw405,2022,2022-03-13,0,breeder,72
Erithacus rubecula,Rotkehlchen,bw405,2023,2023-04-21,0,breeder,111
Erithacus rubecula,Rotkehlchen,bw405,2023,2023-05-06,2,breeder,126
Erithacus rubecula,Rotkehlchen,bw405,2023,2023-06-04,2,breeder,155
Erithacus rubecula,Rotkehlchen,bw405,2023,2023-03-19,0,breeder,78
Erithacus rubecula,Rotkehlchen,bw405,2025,2025-06-10,2,breeder,161
Erithacus rubecula,Rotkehlchen,bw405,2025,2025-03-11,0,breeder,70
Erithacus rubecula,Rotkehlchen,bw405,2025,2025-04-05,0,breeder,95
Erithacus rubecula,Rotkehlchen,bw405,2025,2025-05-11,3,breeder,131
Erithacus rubecula,Rotkehlchen,bw41,2022,2022-03-23,20,breeder,82
Erithacus rubecula,Rotkehlchen,bw41,2022,2022-04-13,43,breeder,103
Erithacus rubecula,Rotkehlchen,bw41,2022,2022-06-19,13,breeder,170
Erithacus rubecula,Rotkehlchen,bw41,2022,2022-05-17,34,breeder,137
Erithacus rubecula,Rotkehlchen,bw41,2023,2023-04-26,22,breeder,116
Erithacus rubecula,Rotkehlchen,bw41,2023,2023-05-19,30,breeder,139
Erithacus rubecula,Rotkehlchen,bw41,2023,2023-03-28,29,breeder,87
Erithacus rubecula,Rotkehlchen,bw41,2023,2023-06-14,17,breeder,165
Erithacus rubecula,Rotkehlchen,bw41,2024,2024-03-20,37,breeder,80
Erithacus rubecula,Rotkehlchen,bw41,2024,2024-04-30,21,breeder,121
Erithacus rubecula,Rotkehlchen,bw41,2024,2024-05-20,29,breeder,141
Erithacus rubecula,Rotkehlchen,bw41,2024,2024-06-14,22,breeder,166
Erithacus rubecula,Rotkehlchen,bw41,2024,2024-04-29,0,breeder,120
Erithacus rubecula,Rotkehlchen,bw41,2024,2024-05-19,0,breeder,140
Erithacus rubecula,Rotkehlchen,bw41,2025,2025-04-13,45,breeder,103
Erithacus rubecula,Rotkehlchen,bw41,2025,2025-05-18,39,breeder,138
Erithacus rubecula,Rotkehlchen,bw41,2025,2025-03-22,46,breeder,81
Erithacus rubecula,Rotkehlchen,bw41,2025,2025-06-15,21,breeder,166
Erithacus rubecula,Rotkehlchen,bw411,2021,2021-06-04,6,breeder,155
Erithacus rubecula,Rotkehlchen,bw411,2021,2021-05-11,1,breeder,131
Erithacus rubecula,Rotkehlchen,bw411,2021,2021-04-25,7,breeder,115
Erithacus rubecula,Rotkehlchen,bw411,2021,2021-03-28,19,breeder,87
Erithacus rubecula,Rotkehlchen,bw411,2023,2023-05-31,1,breeder,151
Erithacus rubecula,Rotkehlchen,bw411,2023,2023-06-19,2,breeder,170
Erithacus rubecula,Rotkehlchen,bw411,2023,2023-04-30,2,breeder,120
Erithacus rubecula,Rotkehlchen,bw411,2023,2023-03-23,6,breeder,82
Erithacus rubecula,Rotkehlchen,bw411,2024,2024-05-11,4,breeder,132
Erithacus rubecula,Rotkehlchen,bw411,2024,2024-06-16,2,breeder,168
Erithacus rubecula,Rotkehlchen,bw411,2024,2024-03-31,5,breeder,91
Erithacus rubecula,Rotkehlchen,bw411,2024,2024-04-13,4,breeder,104
Erithacus rubecula,Rotkehlchen,bw411,2025,2025-05-10,4,breeder,130
Erithacus rubecula,Rotkehlchen,bw411,2025,2025-06-18,2,breeder,169
Erithacus rubecula,Rotkehlchen,bw411,2025,2025-04-11,10,breeder,101
Erithacus rubecula,Rotkehlchen,bw411,2025,2025-03-21,8,breeder,80
Erithacus rubecula,Rotkehlchen,bw42,2022,2022-03-28,8,breeder,87
Erithacus rubecula,Rotkehlchen,bw42,2022,2022-04-23,3,breeder,113
Erithacus rubecula,Rotkehlchen,bw42,2022,2022-05-18,2,breeder,138
Erithacus rubecula,Rotkehlchen,bw42,2022,2022-06-03,3,breeder,154
Erithacus rubecula,Rotkehlchen,bw42,2023,2023-03-29,6,breeder,88
Erithacus rubecula,Rotkehlchen,bw42,2023,2023-04-22,4,breeder,112
Erithacus rubecula,Rotkehlchen,bw42,2023,2023-05-20,1,breeder,140
Erithacus rubecula,Rotkehlchen,bw42,2023,2023-06-04,3,breeder,155
Erithacus rubecula,Rotkehlchen,bw42,2023,2023-05-19,0,breeder,139
Erithacus rubecula,Rotkehlchen,bw42,2024,2024-05-13,1,breeder,134
Erithacus rubecula,Rotkehlchen,bw42,2024,2024-03-30,5,breeder,90
Erithacus rubecula,Rotkehlchen,bw42,2024,2024-04-28,4,breeder,119
Erithacus rubecula,Rotkehlchen,bw42,2024,2024-06-06,3,breeder,158
Erithacus rubecula,Rotkehlchen,bw42,2024,2024-05-12,0,breeder,133
Erithacus rubecula,Rotkehlchen,bw42,2025,2025-05-20,1,breeder,140
Erithacus rubecula,Rotkehlchen,bw42,2025,2025-03-28,7,breeder,87
Erithacus rubecula,Rotkehlchen,bw42,2025,2025-04-30,1,breeder,120
Erithacus rubecula,Rotkehlchen,bw42,2025,2025-06-10,2,breeder,161
Erithacus rubecula,Rotkehlchen,bw42,2025,2025-06-09,0,breeder,160
Erithacus rubecula,Rotkehlchen,bw45,2022,2022-06-15,1,breeder,166
Erithacus rubecula,Rotkehlchen,bw45,2022,2022-03-13,10,breeder,72
Erithacus rubecula,Rotkehlchen,bw45,2022,2022-04-18,3,breeder,108
Erithacus rubecula,Rotkehlchen,bw45,2022,2022-05-09,2,breeder,129
Erithacus rubecula,Rotkehlchen,bw45,2023,2023-03-31,10,breeder,90
Erithacus rubecula,Rotkehlchen,bw45,2023,2023-04-29,6,breeder,119
Erithacus rubecula,Rotkehlchen,bw45,2023,2023-05-18,7,breeder,138
Erithacus rubecula,Rotkehlchen,bw45,2023,2023-06-10,5,breeder,161
Erithacus rubecula,Rotkehlchen,bw45,2024,2024-03-14,11,breeder,74
Erithacus rubecula,Rotkehlchen,bw45,2024,2024-04-06,12,breeder,97
Erithacus rubecula,Rotkehlchen,bw45,2024,2024-05-02,1,breeder,123
Erithacus rubecula,Rotkehlchen,bw45,2024,2024-05-28,1,breeder,149
Erithacus rubecula,Rotkehlchen,bw45,2025,2025-03-15,15,breeder,74
Erithacus rubecula,Rotkehlchen,bw45,2025,2025-04-05,14,breeder,95
Erithacus rubecula,Rotkehlchen,bw45,2025,2025-05-01,5,breeder,121
Erithacus rubecula,Rotkehlchen,bw45,2025,2025-05-31,5,breeder,151
Erithacus rubecula,Rotkehlchen,bw46,2022,2022-05-14,6,breeder,134
Erithacus rubecula,Rotkehlchen,bw46,2022,2022-06-14,2,breeder,165
Erithacus rubecula,Rotkehlchen,bw46,2022,2022-03-19,5,breeder,78
Erithacus rubecula,Rotkehlchen,bw46,2022,2022-04-16,4,breeder,106
Erithacus rubecula,Rotkehlchen,bw46,2023,2023-05-29,5,breeder,149
Erithacus rubecula,Rotkehlchen,bw46,2023,2023-03-20,4,breeder,79
Erithacus rubecula,Rotkehlchen,bw46,2023,2023-05-18,8,breeder,138
Erithacus rubecula,Rotkehlchen,bw46,2023,2023-04-22,8,breeder,112
Erithacus rubecula,Rotkehlchen,bw46,2023,2023-04-21,0,breeder,111
Erithacus rubecula,Rotkehlchen,bw46,2024,2024-05-12,7,breeder,133
Erithacus rubecula,Rotkehlchen,bw46,2024,2024-06-06,8,breeder,158
Erithacus rubecula,Rotkehlchen,bw46,2024,2024-03-10,10,breeder,70
Erithacus rubecula,Rotkehlchen,bw46,2024,2024-04-13,10,breeder,104
Erithacus rubecula,Rotkehlchen,bw46,2025,2025-05-10,3,breeder,130
Erithacus rubecula,Rotkehlchen,bw46,2025,2025-06-08,4,breeder,159
Erithacus rubecula,Rotkehlchen,bw46,2025,2025-04-05,6,breeder,95
Erithacus rubecula,Rotkehlchen,bw46,2025,2025-03-23,12,breeder,82
Erithacus rubecula,Rotkehlchen,bw47,2022,2022-04-25,16,breeder,115
Erithacus rubecula,Rotkehlchen,bw47,2022,2022-06-20,18,breeder,171
Erithacus rubecula,Rotkehlchen,bw47,2022,2022-05-13,14,breeder,133
Erithacus rubecula,Rotkehlchen,bw47,2022,2022-03-24,30,breeder,83
Erithacus rubecula,Rotkehlchen,bw47,2023,2023-03-24,29,breeder,83
Erithacus rubecula,Rotkehlchen,bw47,2023,2023-04-27,25,breeder,117
Erithacus rubecula,Rotkehlchen,bw47,2023,2023-05-16,22,breeder,136
Erithacus rubecula,Rotkehlchen,bw47,2023,2023-06-13,18,breeder,164
Erithacus rubecula,Rotkehlchen,bw47,2024,2024-05-17,23,breeder,138
Erithacus rubecula,Rotkehlchen,bw47,2024,2024-03-22,37,breeder,82
Erithacus rubecula,Rotkehlchen,bw47,2024,2024-06-13,19,breeder,165
Erithacus rubecula,Rotkehlchen,bw47,2024,2024-04-29,20,breeder,120
Erithacus rubecula,Rotkehlchen,bw47,2025,2025-06-20,31,breeder,171
Erithacus rubecula,Rotkehlchen,bw47,2025,2025-03-15,38,breeder,74
Erithacus rubecula,Rotkehlchen,bw47,2025,2025-05-20,30,breeder,140
Erithacus rubecula,Rotkehlchen,bw47,2025,2025-04-25,32,breeder,115
Erithacus rubecula,Rotkehlchen,bw49,2021,2021-03-23,7,breeder,82
Erithacus rubecula,Rotkehlchen,bw49,2021,2021-04-27,4,breeder,117
Erithacus rubecula,Rotkehlchen,bw49,2021,2021-05-29,4,breeder,149
Erithacus rubecula,Rotkehlchen,bw49,2021,2021-06-16,0,breeder,167
Erithacus rubecula,Rotkehlchen,bw49,2022,2022-03-27,2,breeder,86
Erithacus rubecula,Rotkehlchen,bw49,2022,2022-04-28,1,breeder,118
Erithacus rubecula,Rotkehlchen,bw49,2022,2022-05-18,2,breeder,138
Erithacus rubecula,Rotkehlchen,bw49,2022,2022-06-18,2,breeder,169
Erithacus rubecula,Rotkehlchen,bw49,2023,2023-04-30,0,breeder,120
Erithacus rubecula,Rotkehlchen,bw49,2023,2023-04-07,1,breeder,97
Erithacus rubecula,Rotkehlchen,bw49,2023,2023-05-20,0,breeder,140
Erithacus rubecula,Rotkehlchen,bw49,2023,2023-06-08,0,breeder,159
Erithacus rubecula,Rotkehlchen,bw49,2024,2024-03-28,5,breeder,88
Erithacus rubecula,Rotkehlchen,bw49,2024,2024-05-12,0,breeder,133
Erithacus rubecula,Rotkehlchen,bw49,2025,2025-03-28,6,breeder,87
Erithacus rubecula,Rotkehlchen,bw49,2025,2025-04-28,1,breeder,118
Erithacus rubecula,Rotkehlchen,bw49,2025,2025-05-15,2,breeder,135
Erithacus rubecula,Rotkehlchen,bw49,2025,2025-06-14,2,breeder,165
Erithacus rubecula,Rotkehlchen,bw51,2023,2023-03-29,6,breeder,88
Erithacus rubecula,Rotkehlchen,bw51,2023,2023-06-14,4,breeder,165
Erithacus rubecula,Rotkehlchen,bw51,2023,2023-04-26,7,breeder,116
Erithacus rubecula,Rotkehlchen,bw51,2023,2023-05-23,5,breeder,143
Erithacus rubecula,Rotkehlchen,bw51,2024,2024-03-22,3,breeder,82
Erithacus rubecula,Rotkehlchen,bw51,2024,2024-04-25,5,breeder,116
Erithacus rubecula,Rotkehlchen,bw51,2024,2024-05-16,9,breeder,137
Erithacus rubecula,Rotkehlchen,bw51,2024,2024-06-19,4,breeder,171
Erithacus rubecula,Rotkehlchen,bw51,2025,2025-04-07,10,breeder,97
Erithacus rubecula,Rotkehlchen,bw51,2025,2025-06-15,10,breeder,166
Erithacus rubecula,Rotkehlchen,bw51,2025,2025-03-19,15,breeder,78
Erithacus rubecula,Rotkehlchen,bw51,2025,2025-05-15,7,breeder,135
Erithacus rubecula,Rotkehlchen,bw54,2022,2022-05-17,3,breeder,137
Erithacus rubecula,Rotkehlchen,bw54,2022,2022-06-12,3,breeder,163
Erithacus rubecula,Rotkehlchen,bw54,2022,2022-03-22,17,breeder,81
Erithacus rubecula,Rotkehlchen,bw54,2022,2022-04-19,4,breeder,109
Erithacus rubecula,Rotkehlchen,bw54,2023,2023-04-26,2,breeder,116
Erithacus rubecula,Rotkehlchen,bw54,2023,2023-05-20,1,breeder,140
Erithacus rubecula,Rotkehlchen,bw54,2023,2023-03-22,6,breeder,81
Erithacus rubecula,Rotkehlchen,bw54,2023,2023-06-19,1,breeder,170
Erithacus rubecula,Rotkehlchen,bw54,2024,2024-04-03,4,breeder,94
Erithacus rubecula,Rotkehlchen,bw54,2024,2024-05-07,2,breeder,128
Erithacus rubecula,Rotkehlchen,bw54,2024,2024-06-06,1,breeder,158
Erithacus rubecula,Rotkehlchen,bw54,2024,2024-03-14,1,breeder,74
Erithacus rubecula,Rotkehlchen,bw54,2025,2025-03-18,6,breeder,77
Erithacus rubecula,Rotkehlchen,bw54,2025,2025-05-12,4,breeder,132
Erithacus rubecula,Rotkehlchen,bw54,2025,2025-06-09,5,breeder,160
Erithacus rubecula,Rotkehlchen,bw54,2025,2025-04-07,10,breeder,97
Erithacus rubecula,Rotkehlchen,bw55,2025,2025-03-21,17,breeder,80
Erithacus rubecula,Rotkehlchen,bw55,2025,2025-05-17,9,breeder,137
Erithacus rubecula,Rotkehlchen,bw55,2025,2025-06-13,19,breeder,164
Erithacus rubecula,Rotkehlchen,bw55,2025,2025-04-22,12,breeder,112
Erithacus rubecula,Rotkehlchen,bw57,2023,2023-03-28,8,breeder,87
Erithacus rubecula,Rotkehlchen,bw57,2023,2023-04-28,5,breeder,118
Erithacus rubecula,Rotkehlchen,bw57,2023,2023-05-19,1,breeder,139
Erithacus rubecula,Rotkehlchen,bw57,2023,2023-06-19,2,breeder,170
Erithacus rubecula,Rotkehlchen,bw57,2023,2023-06-20,0,breeder,171
Erithacus rubecula,Rotkehlchen,bw57,2024,2024-03-26,7,breeder,86
Erithacus rubecula,Rotkehlchen,bw57,2024,2024-04-29,3,breeder,120
Erithacus rubecula,Rotkehlchen,bw57,2024,2024-05-30,2,breeder,151
Erithacus rubecula,Rotkehlchen,bw57,2024,2024-06-29,1,breeder,181
Erithacus rubecula,Rotkehlchen,bw57,2025,2025-03-28,8,breeder,87
Erithacus rubecula,Rotkehlchen,bw57,2025,2025-04-19,3,breeder,109
Erithacus rubecula,Rotkehlchen,bw57,2025,2025-05-16,5,breeder,136
Erithacus rubecula,Rotkehlchen,bw57,2025,2025-06-18,7,breeder,169
Erithacus rubecula,Rotkehlchen,bw58,2024,2024-04-30,8,breeder,121
Erithacus rubecula,Rotkehlchen,bw58,2024,2024-05-20,6,breeder,141
Erithacus rubecula,Rotkehlchen,bw58,2024,2024-06-16,10,breeder,168
Erithacus rubecula,Rotkehlchen,bw58,2024,2024-03-24,7,breeder,84
Erithacus rubecula,Rotkehlchen,bw58,2024,2024-05-19,1,breeder,140
Erithacus rubecula,Rotkehlchen,bw58,2025,2025-03-30,2,breeder,89
Erithacus rubecula,Rotkehlchen,bw58,2025,2025-06-18,4,breeder,169
Erithacus rubecula,Rotkehlchen,bw58,2025,2025-04-26,4,breeder,116
Erithacus rubecula,Rotkehlchen,bw58,2025,2025-05-17,7,breeder,137
Erithacus rubecula,Rotkehlchen,bw59,2022,2022-06-07,4,breeder,158
Erithacus rubecula,Rotkehlchen,bw59,2022,2022-05-02,7,breeder,122
Erithacus rubecula,Rotkehlchen,bw59,2022,2022-03-17,12,breeder,76
Erithacus rubecula,Rotkehlchen,bw59,2022,2022-04-11,7,breeder,101
Erithacus rubecula,Rotkehlchen,bw59,2023,2023-03-14,5,breeder,73
Erithacus rubecula,Rotkehlchen,bw59,2023,2023-04-03,11,breeder,93
Erithacus rubecula,Rotkehlchen,bw59,2023,2023-06-07,3,breeder,158
Erithacus rubecula,Rotkehlchen,bw59,2023,2023-05-04,3,breeder,124
Erithacus rubecula,Rotkehlchen,bw59,2024,2024-03-12,7,breeder,72
Erithacus rubecula,Rotkehlchen,bw59,2024,2024-04-11,8,breeder,102
Erithacus rubecula,Rotkehlchen,bw59,2024,2024-05-14,9,breeder,135
Erithacus rubecula,Rotkehlchen,bw59,2024,2024-06-04,5,breeder,156
Erithacus rubecula,Rotkehlchen,bw59,2025,2025-04-12,13,breeder,102
Erithacus rubecula,Rotkehlchen,bw59,2025,2025-03-12,11,breeder,71
Erithacus rubecula,Rotkehlchen,bw59,2025,2025-05-09,2,breeder,129
Erithacus rubecula,Rotkehlchen,bw59,2025,2025-05-30,4,breeder,150
Erithacus rubecula,Rotkehlchen,bw64,2022,2022-05-15,0,breeder,135
Erithacus rubecula,Rotkehlchen,bw64,2022,2022-03-28,4,breeder,87
Erithacus rubecula,Rotkehlchen,bw64,2022,2022-04-27,0,breeder,117
Erithacus rubecula,Rotkehlchen,bw64,2022,2022-06-06,0,breeder,157
Erithacus rubecula,Rotkehlchen,bw64,2023,2023-06-04,0,breeder,155
Erithacus rubecula,Rotkehlchen,bw64,2023,2023-03-29,2,breeder,88
Erithacus rubecula,Rotkehlchen,bw64,2023,2023-04-26,0,breeder,116
Erithacus rubecula,Rotkehlchen,bw64,2023,2023-05-13,0,breeder,133
Erithacus rubecula,Rotkehlchen,bw64,2024,2024-06-12,0,breeder,164
Erithacus rubecula,Rotkehlchen,bw64,2024,2024-03-20,3,breeder,80
Erithacus rubecula,Rotkehlchen,bw64,2024,2024-04-13,1,breeder,104
Erithacus rubecula,Rotkehlchen,bw64,2024,2024-05-09,0,breeder,130
Erithacus rubecula,Rotkehlchen,bw64,2025,2025-06-07,0,breeder,158
Erithacus rubecula,Rotkehlchen,bw64,2025,2025-03-20,2,breeder,79
Erithacus rubecula,Rotkehlchen,bw64,2025,2025-04-11,1,breeder,101
Erithacus rubecula,Rotkehlchen,bw64,2025,2025-05-10,1,breeder,130
Erithacus rubecula,Rotkehlchen,bw69,2023,2023-06-12,5,breeder,163
Erithacus rubecula,Rotkehlchen,bw69,2023,2023-03-27,4,breeder,86
Erithacus rubecula,Rotkehlchen,bw69,2023,2023-04-22,2,breeder,112
Erithacus rubecula,Rotkehlchen,bw69,2023,2023-05-14,1,breeder,134
Erithacus rubecula,Rotkehlchen,bw69,2024,2024-03-25,14,breeder,85
Erithacus rubecula,Rotkehlchen,bw69,2024,2024-05-12,3,breeder,133
Erithacus rubecula,Rotkehlchen,bw69,2024,2024-04-23,2,breeder,114
Erithacus rubecula,Rotkehlchen,bw69,2024,2024-06-17,7,breeder,169
Erithacus rubecula,Rotkehlchen,bw69,2025,2025-05-21,8,breeder,141
Erithacus rubecula,Rotkehlchen,bw69,2025,2025-03-27,20,breeder,86
Erithacus rubecula,Rotkehlchen,bw69,2025,2025-04-15,5,breeder,105
Erithacus rubecula,Rotkehlchen,bw69,2025,2025-06-12,3,breeder,163
Erithacus rubecula,Rotkehlchen,bw70,2024,2024-03-26,36,breeder,86
Erithacus rubecula,Rotkehlchen,bw70,2024,2024-06-11,19,breeder,163
Erithacus rubecula,Rotkehlchen,bw70,2024,2024-04-29,10,breeder,120
Erithacus rubecula,Rotkehlchen,bw70,2024,2024-05-16,26,breeder,137
Erithacus rubecula,Rotkehlchen,bw70,2025,2025-05-19,22,breeder,139
Erithacus rubecula,Rotkehlchen,bw70,2025,2025-03-21,45,breeder,80
Erithacus rubecula,Rotkehlchen,bw70,2025,2025-04-22,12,breeder,112
Erithacus rubecula,Rotkehlchen,bw70,2025,2025-06-18,25,breeder,169
Erithacus rubecula,Rotkehlchen,bw71,2024,2024-03-20,13,breeder,80
Erithacus rubecula,Rotkehlchen,bw71,2024,2024-04-23,3,breeder,114
Erithacus rubecula,Rotkehlchen,bw71,2024,2024-05-15,3,breeder,136
Erithacus rubecula,Rotkehlchen,bw71,2024,2024-06-07,6,breeder,159
Erithacus rubecula,Rotkehlchen,bw71,2025,2025-03-19,9,breeder,78
Erithacus rubecula,Rotkehlchen,bw71,2025,2025-04-16,10,breeder,106
Erithacus rubecula,Rotkehlchen,bw71,2025,2025-05-12,5,breeder,132
Erithacus rubecula,Rotkehlchen,bw71,2025,2025-06-13,1,breeder,164
Erithacus rubecula,Rotkehlchen,bw73,2022,2022-03-26,12,breeder,85
Erithacus rubecula,Rotkehlchen,bw73,2022,2022-05-14,7,breeder,134
Erithacus rubecula,Rotkehlchen,bw73,2022,2022-06-04,7,breeder,155
Erithacus rubecula,Rotkehlchen,bw73,2022,2022-04-22,5,breeder,112
Erithacus rubecula,Rotkehlchen,bw73,2023,2023-03-25,9,breeder,84
Erithacus rubecula,Rotkehlchen,bw73,2023,2023-05-06,9,breeder,126
Erithacus rubecula,Rotkehlchen,bw73,2023,2023-04-15,10,breeder,105
Erithacus rubecula,Rotkehlchen,bw73,2023,2023-06-10,8,breeder,161
Erithacus rubecula,Rotkehlchen,bw73,2024,2024-06-08,11,breeder,160
Erithacus rubecula,Rotkehlchen,bw73,2024,2024-04-27,9,breeder,118
Erithacus rubecula,Rotkehlchen,bw73,2024,2024-05-10,7,breeder,131
Erithacus rubecula,Rotkehlchen,bw73,2024,2024-03-30,15,breeder,90
Erithacus rubecula,Rotkehlchen,bw73,2024,2024-04-26,0,breeder,117
Erithacus rubecula,Rotkehlchen,bw73,2025,2025-06-05,9,breeder,156
Erithacus rubecula,Rotkehlchen,bw73,2025,2025-03-29,15,breeder,88
Erithacus rubecula,Rotkehlchen,bw73,2025,2025-04-25,4,breeder,115
Erithacus rubecula,Rotkehlchen,bw73,2025,2025-05-09,10,breeder,129
Erithacus rubecula,Rotkehlchen,bw74,2022,2022-06-03,1,breeder,154
Erithacus rubecula,Rotkehlchen,bw74,2022,2022-03-21,13,breeder,80
Erithacus rubecula,Rotkehlchen,bw74,2022,2022-04-16,5,breeder,106
Erithacus rubecula,Rotkehlchen,bw74,2022,2022-05-07,7,breeder,127
Erithacus rubecula,Rotkehlchen,bw74,2023,2023-03-17,13,breeder,76
Erithacus rubecula,Rotkehlchen,bw74,2023,2023-04-27,9,breeder,117
Erithacus rubecula,Rotkehlchen,bw74,2023,2023-05-15,2,breeder,135
Erithacus rubecula,Rotkehlchen,bw74,2023,2023-06-03,6,breeder,154
Erithacus rubecula,Rotkehlchen,bw74,2023,2023-04-26,0,breeder,116
Erithacus rubecula,Rotkehlchen,bw74,2024,2024-03-20,11,breeder,80
Erithacus rubecula,Rotkehlchen,bw74,2024,2024-04-29,5,breeder,120
Erithacus rubecula,Rotkehlchen,bw74,2024,2024-05-13,2,breeder,134
Erithacus rubecula,Rotkehlchen,bw74,2024,2024-06-13,4,breeder,165
Erithacus rubecula,Rotkehlchen,bw74,2025,2025-04-16,5,breeder,106
Erithacus rubecula,Rotkehlchen,bw74,2025,2025-05-15,3,breeder,135
Erithacus rubecula,Rotkehlchen,bw74,2025,2025-03-24,15,breeder,83
Erithacus rubecula,Rotkehlchen,bw74,2025,2025-06-12,7,breeder,163
Erithacus rubecula,Rotkehlchen,bw75,2024,2024-06-05,14,breeder,157
Erithacus rubecula,Rotkehlchen,bw75,2024,2024-03-19,27,breeder,79
Erithacus rubecula,Rotkehlchen,bw75,2024,2024-04-15,9,breeder,106
Erithacus rubecula,Rotkehlchen,bw75,2024,2024-05-14,10,breeder,135
Erithacus rubecula,Rotkehlchen,bw75,2025,2025-06-03,11,breeder,154
Erithacus rubecula,Rotkehlchen,bw75,2025,2025-03-17,38,breeder,76
Erithacus rubecula,Rotkehlchen,bw75,2025,2025-05-09,8,breeder,129
Erithacus rubecula,Rotkehlchen,bw75,2025,2025-04-08,30,breeder,98
Erithacus rubecula,Rotkehlchen,bw77,2022,2022-03-27,9,breeder,86
Erithacus rubecula,Rotkehlchen,bw77,2022,2022-04-30,1,breeder,120
Erithacus rubecula,Rotkehlchen,bw77,2022,2022-05-20,1,breeder,140
Erithacus rubecula,Rotkehlchen,bw77,2022,2022-06-19,2,breeder,170
Erithacus rubecula,Rotkehlchen,bw77,2024,2024-03-27,6,breeder,87
Erithacus rubecula,Rotkehlchen,bw77,2024,2024-04-20,4,breeder,111
Erithacus rubecula,Rotkehlchen,bw77,2024,2024-05-11,5,breeder,132
Erithacus rubecula,Rotkehlchen,bw77,2024,2024-06-01,3,breeder,153
Erithacus rubecula,Rotkehlchen,bw77,2025,2025-03-22,10,breeder,81
Erithacus rubecula,Rotkehlchen,bw77,2025,2025-04-12,9,breeder,102
Erithacus rubecula,Rotkehlchen,bw77,2025,2025-05-02,4,breeder,122
Erithacus rubecula,Rotkehlchen,bw77,2025,2025-06-07,3,breeder,158
Erithacus rubecula,Rotkehlchen,bw78,2022,2022-06-03,0,breeder,154
Erithacus rubecula,Rotkehlchen,bw78,2022,2022-03-23,4,breeder,82
Erithacus rubecula,Rotkehlchen,bw78,2022,2022-04-14,1,breeder,104
Erithacus rubecula,Rotkehlchen,bw78,2022,2022-05-17,0,breeder,137
Erithacus rubecula,Rotkehlchen,bw78,2024,2024-06-07,0,breeder,159
Erithacus rubecula,Rotkehlchen,bw78,2024,2024-03-20,1,breeder,80
Erithacus rubecula,Rotkehlchen,bw78,2024,2024-04-23,0,breeder,114
Erithacus rubecula,Rotkehlchen,bw78,2024,2024-05-10,0,breeder,131
Erithacus rubecula,Rotkehlchen,bw78,2025,2025-06-11,0,breeder,162
Erithacus rubecula,Rotkehlchen,bw78,2025,2025-03-22,1,breeder,81
Erithacus rubecula,Rotkehlchen,bw78,2025,2025-04-12,2,breeder,102
Erithacus rubecula,Rotkehlchen,bw78,2025,2025-05-07,0,breeder,127
Erithacus rubecula,Rotkehlchen,bw81,2023,2023-03-31,25,breeder,90
Erithacus rubecula,Rotkehlchen,bw81,2023,2023-04-29,10,breeder,119
Erithacus rubecula,Rotkehlchen,bw81,2023,2023-05-20,15,breeder,140
Erithacus rubecula,Rotkehlchen,bw81,2023,2023-06-08,16,breeder,159
Erithacus rubecula,Rotkehlchen,bw81,2024,2024-03-29,12,breeder,89
Erithacus rubecula,Rotkehlchen,bw81,2024,2024-05-09,28,breeder,130
Erithacus rubecula,Rotkehlchen,bw81,2024,2024-06-08,20,breeder,160
Erithacus rubecula,Rotkehlchen,bw81,2024,2024-04-14,11,breeder,105
Erithacus rubecula,Rotkehlchen,bw81,2024,2024-03-28,6,breeder,88
Erithacus rubecula,Rotkehlchen,bw81,2025,2025-03-29,29,breeder,88
Erithacus rubecula,Rotkehlchen,bw81,2025,2025-05-10,19,breeder,130
Erithacus rubecula,Rotkehlchen,bw81,2025,2025-04-27,14,breeder,117
Erithacus rubecula,Rotkehlchen,bw81,2025,2025-06-19,16,breeder,170
Erithacus rubecula,Rotkehlchen,bw83,2022,2022-05-11,0,breeder,131
Erithacus rubecula,Rotkehlchen,bw83,2022,2022-06-04,0,breeder,155
Erithacus rubecula,Rotkehlchen,bw83,2022,2022-04-22,2,breeder,112
Erithacus rubecula,Rotkehlchen,bw83,2022,2022-03-16,10,breeder,75
Erithacus rubecula,Rotkehlchen,bw83,2022,2022-03-17,0,breeder,76
Erithacus rubecula,Rotkehlchen,bw83,2025,2025-05-31,1,breeder,151
Erithacus rubecula,Rotkehlchen,bw83,2025,2025-05-01,0,breeder,121
Erithacus rubecula,Rotkehlchen,bw83,2025,2025-03-18,2,breeder,77
Erithacus rubecula,Rotkehlchen,bw83,2025,2025-04-19,1,breeder,109
Erithacus rubecula,Rotkehlchen,bw85,2022,2022-04-15,8,breeder,105
Erithacus rubecula,Rotkehlchen,bw85,2022,2022-05-15,2,breeder,135
Erithacus rubecula,Rotkehlchen,bw85,2022,2022-06-16,4,breeder,167
Erithacus rubecula,Rotkehlchen,bw85,2022,2022-03-20,19,breeder,79
Erithacus rubecula,Rotkehlchen,bw85,2023,2023-06-11,2,breeder,162
Erithacus rubecula,Rotkehlchen,bw85,2023,2023-04-29,2,breeder,119
Erithacus rubecula,Rotkehlchen,bw85,2023,2023-05-20,1,breeder,140
Erithacus rubecula,Rotkehlchen,bw85,2023,2023-03-29,9,breeder,88
Erithacus rubecula,Rotkehlchen,bw85,2024,2024-05-20,3,breeder,141
Erithacus rubecula,Rotkehlchen,bw85,2024,2024-06-20,1,breeder,172
Erithacus rubecula,Rotkehlchen,bw85,2024,2024-03-29,9,breeder,89
Erithacus rubecula,Rotkehlchen,bw85,2024,2024-04-23,1,breeder,114
Erithacus rubecula,Rotkehlchen,bw85,2025,2025-03-28,5,breeder,87
Erithacus rubecula,Rotkehlchen,bw85,2025,2025-06-19,3,breeder,170
Erithacus rubecula,Rotkehlchen,bw85,2025,2025-04-28,4,breeder,118
Erithacus rubecula,Rotkehlchen,bw85,2025,2025-05-21,1,breeder,141
Erithacus rubecula,Rotkehlchen,bw89,2021,2021-04-28,17,breeder,118
Erithacus rubecula,Rotkehlchen,bw89,2021,2021-05-15,9,breeder,135
Erithacus rubecula,Rotkehlchen,bw89,2021,2021-03-28,37,breeder,87
Erithacus rubecula,Rotkehlchen,bw89,2021,2021-06-20,10,breeder,171
Erithacus rubecula,Rotkehlchen,bw89,2022,2022-05-18,9,breeder,138
Erithacus rubecula,Rotkehlchen,bw89,2022,2022-04-29,7,breeder,119
Erithacus rubecula,Rotkehlchen,bw89,2022,2022-03-25,24,breeder,84
Erithacus rubecula,Rotkehlchen,bw89,2022,2022-06-17,8,breeder,168
Erithacus rubecula,Rotkehlchen,bw89,2023,2023-03-29,24,breeder,88
Erithacus rubecula,Rotkehlchen,bw89,2023,2023-04-17,10,breeder,107
Erithacus rubecula,Rotkehlchen,bw89,2023,2023-05-15,10,breeder,135
Erithacus rubecula,Rotkehlchen,bw89,2023,2023-06-08,11,breeder,159
Erithacus rubecula,Rotkehlchen,bw89,2023,2023-05-14,0,breeder,134
Erithacus rubecula,Rotkehlchen,bw89,2024,2024-06-18,9,breeder,170
Erithacus rubecula,Rotkehlchen,bw89,2024,2024-04-29,6,breeder,120
Erithacus rubecula,Rotkehlchen,bw89,2024,2024-03-26,13,breeder,86
Erithacus rubecula,Rotkehlchen,bw89,2024,2024-05-13,4,breeder,134
Erithacus rubecula,Rotkehlchen,bw89,2025,2025-05-13,9,breeder,133
Erithacus rubecula,Rotkehlchen,bw89,2025,2025-03-27,19,breeder,86
Erithacus rubecula,Rotkehlchen,bw89,2025,2025-04-28,9,breeder,118
Erithacus rubecula,Rotkehlchen,bw89,2025,2025-06-19,6,breeder,170
Erithacus rubecula,Rotkehlchen,bw90,2023,2023-06-02,16,breeder,153
Erithacus rubecula,Rotkehlchen,bw90,2023,2023-04-04,25,breeder,94
Erithacus rubecula,Rotkehlchen,bw90,2023,2023-05-07,19,breeder,127
Erithacus rubecula,Rotkehlchen,bw90,2023,2023-03-11,17,breeder,70
Erithacus rubecula,Rotkehlchen,bw90,2024,2024-03-14,32,breeder,74
Erithacus rubecula,Rotkehlchen,bw90,2024,2024-04-05,23,breeder,96
Erithacus rubecula,Rotkehlchen,bw90,2024,2024-05-04,20,breeder,125
Erithacus rubecula,Rotkehlchen,bw90,2024,2024-06-04,19,breeder,156
Erithacus rubecula,Rotkehlchen,bw90,2025,2025-04-08,29,breeder,98
Erithacus rubecula,Rotkehlchen,bw90,2025,2025-03-11,27,breeder,70
Erithacus rubecula,Rotkehlchen,bw90,2025,2025-05-12,20,breeder,132
Erithacus rubecula,Rotkehlchen,bw90,2025,2025-06-03,20,breeder,154
Erithacus rubecula,Rotkehlchen,bw91,2021,2021-05-14,4,breeder,134
Erithacus rubecula,Rotkehlchen,bw91,2021,2021-06-13,3,breeder,164
Erithacus rubecula,Rotkehlchen,bw91,2021,2021-03-30,12,breeder,89
Erithacus rubecula,Rotkehlchen,bw91,2021,2021-04-25,8,breeder,115
Erithacus rubecula,Rotkehlchen,bw91,2022,2022-06-06,3,breeder,157
Erithacus rubecula,Rotkehlchen,bw91,2022,2022-03-27,13,breeder,86
Erithacus rubecula,Rotkehlchen,bw91,2022,2022-04-18,6,breeder,108
Erithacus rubecula,Rotkehlchen,bw91,2022,2022-05-05,4,breeder,125
Erithacus rubecula,Rotkehlchen,bw91,2023,2023-06-10,3,breeder,161
Erithacus rubecula,Rotkehlchen,bw91,2023,2023-03-19,7,breeder,78
Erithacus rubecula,Rotkehlchen,bw91,2023,2023-04-15,7,breeder,105
Erithacus rubecula,Rotkehlchen,bw91,2023,2023-05-18,5,breeder,138
Erithacus rubecula,Rotkehlchen,bw91,2024,2024-05-19,6,breeder,140
Erithacus rubecula,Rotkehlchen,bw91,2024,2024-06-07,3,breeder,159
Erithacus rubecula,Rotkehlchen,bw91,2024,2024-03-17,8,breeder,77
Erithacus rubecula,Rotkehlchen,bw91,2024,2024-04-07,4,breeder,98
Erithacus rubecula,Rotkehlchen,bw91,2025,2025-05-11,2,breeder,131
Erithacus rubecula,Rotkehlchen,bw91,2025,2025-06-14,3,breeder,165
Erithacus rubecula,Rotkehlchen,bw91,2025,2025-03-28,1,breeder,87
Erithacus rubecula,Rotkehlchen,bw91,2025,2025-04-21,3,breeder,111
Erithacus rubecula,Rotkehlchen,bw92,2021,2021-05-31,3,breeder,151
Erithacus rubecula,Rotkehlchen,bw92,2021,2021-05-15,3,breeder,135
Erithacus rubecula,Rotkehlchen,bw92,2021,2021-04-17,10,breeder,107
Erithacus rubecula,Rotkehlchen,bw92,2021,2021-03-22,12,breeder,81
Erithacus rubecula,Rotkehlchen,bw92,2025,2025-06-19,0,breeder,170
Erithacus rubecula,Rotkehlchen,bw92,2025,2025-04-05,1,breeder,95
Erithacus rubecula,Rotkehlchen,bw92,2025,2025-03-29,2,breeder,88
Erithacus rubecula,Rotkehlchen,bw94,2020,2020-03-28,25,breeder,88
Erithacus rubecula,Rotkehlchen,bw94,2020,2020-04-19,14,breeder,110
Erithacus rubecula,Rotkehlchen,bw94,2020,2020-05-10,5,breeder,131
Erithacus rubecula,Rotkehlchen,bw94,2020,2020-06-07,14,breeder,159
Erithacus rubecula,Rotkehlchen,bw94,2021,2021-03-21,13,breeder,80
Erithacus rubecula,Rotkehlchen,bw94,2021,2021-05-09,9,breeder,129
Erithacus rubecula,Rotkehlchen,bw94,2021,2021-06-13,10,breeder,164
Erithacus rubecula,Rotkehlchen,bw94,2021,2021-04-18,13,breeder,108
Erithacus rubecula,Rotkehlchen,bw94,2022,2022-03-19,21,breeder,78
Erithacus rubecula,Rotkehlchen,bw94,2022,2022-06-12,6,breeder,163
Erithacus rubecula,Rotkehlchen,bw94,2022,2022-04-18,5,breeder,108
Erithacus rubecula,Rotkehlchen,bw94,2022,2022-05-15,4,breeder,135
Erithacus rubecula,Rotkehlchen,bw94,2025,2025-05-11,4,breeder,131
Erithacus rubecula,Rotkehlchen,bw94,2025,2025-06-01,5,breeder,152
Erithacus rubecula,Rotkehlchen,bw94,2025,2025-03-22,21,breeder,81
Erithacus rubecula,Rotkehlchen,bw94,2025,2025-04-27,3,breeder,117
