x,y,year,pentade,count,atlascode_id,species_id,KmSquares
2716410.0839195,1113823.61702929,2022,25,1,0,3000,2716-1113
2716322,1114101,2024,25,1,0,3000,2716-1114
2718889,1114485,2022,25,1,0,3000,2718-1114
2715721,1113679,2022,25,2,0,3000,2715-1113
2570500,1203500,2022,25,2,0,3000,2570-1203
2712500,1113500,2023,25,1,0,3000,2712-1113
2712716,1113668,2023,25,2,0,3000,2712-1113
2712292,1113435,2022,25,2,0,3000,2712-1113
2712460,1113588,2022,25,2,0,3000,2712-1113
2712688,1113777,2023,25,3,0,3000,2712-1113
2712581,1113936,2021,25,1,0,3000,2712-1113
2576263.55745271,1205353.17232896,2023,25,3,0,3000,2576-1205
2712500,1113500,2023,25,2,0,3000,2712-1113
2712500,1113500,2023,25,1,0,3000,2712-1113
2570171.55826185,1203620.27005927,2024,25,1,0,3000,2570-1203
2710500,1113500,2021,25,1,0,3000,2710-1113
2715500,1113500,2021,25,1,0,3000,2715-1113
2572500,1204500,2021,25,1,0,3000,2572-1204
2569807,1192499,2023,25,1,0,3000,2569-1192
2490148,1112207,2023,25,1,0,3000,2490-1112
2710500,1114500,2021,25,5,0,3000,2710-1114
2712500,1113500,2023,25,2,0,3000,2712-1113
2578772,1203800,2024,25,1,0,3000,2578-1203
2716231,1113888,2023,25,1,0,3000,2716-1113
2716231,1113888,2023,25,1,0,3000,2716-1113
2715500,1113500,2021,25,1,0,3000,2715-1113
2715780,1113908,2022,25,4,0,3000,2715-1113
2710532,1113288,2021,25,1,0,3000,2710-1113
2576263.55745271,1205353.17232896,2025,25,3,0,3000,2576-1205
2712500,1113500,2023,25,1,0,3000,2712-1113
2716301,1113754,2022,25,1,0,3000,2716-1113
2715906,1113624,2022,25,1,0,3000,2715-1113
2578893,1204718,2024,25,1,0,3000,2578-1204
2709981,1113133,2022,25,2,0,3000,2709-1113
2716276,1113709,2022,25,1,0,3000,2716-1113
2570171.55826185,1203620.27005927,2024,25,1,0,3000,2570-1203
2714962,1114653,2021,25,1,0,3000,2714-1114
2716553,1113079,2021,25,1,0,3000,2716-1113
2712500,1113500,2023,25,1,0,3000,2712-1113
2570560,1203031,2021,31,1,3,3000,2570-1203
2715500,1113500,2021,25,1,0,3000,2715-1113
2576263.55745271,1205353.17232896,2025,31,2,3,3000,2576-1205
2490674.50214671,1112307.18317356,2024,31,2,3,3000,2490-1112
2490674.50214671,1112307.18317356,2024,31,1,3,3000,2490-1112
2491153,1112570,2025,25,1,2,3000,2491-1112
2569783,1192469,2023,31,1,3,3000,2569-1192
2569817,1192494,2022,31,1,3,3000,2569-1192
2490224,1112251,2024,31,2,3,3000,2490-1112
2569811,1192423,2025,31,1,3,3000,2569-1192
2536394,1171798,2024,31,1,3,3000,2536-1171
2490462.60499855,1115806.16573781,2024,31,1,3,3000,2490-1115
2490481.51409212,1112705.18624407,2024,43,1,0,3000,2490-1112
2490481.51409212,1112705.18624407,2021,43,9,0,3000,2490-1112
2714343,1114114,2024,31,2,4,3000,2714-1114
2491210,1112506,2021,31,1,3,3000,2491-1112
2490947,1112621,2025,31,2,1,3000,2490-1112
2576599,1205280,2022,31,1,2,3000,2576-1205
2576580,1205277,2022,31,4,4,3000,2576-1205
2576513,1205316,2022,37,2,6,3000,2576-1205
2491022,1112827,2021,37,2,16,3000,2491-1112
2576592,1205284,2025,37,1,2,3000,2576-1205
2709699,1113723,2022,37,1,3,3000,2709-1113
2490471,1112871,2025,31,1,1,3000,2490-1112
2578550,1203800,2022,49,1,0,3000,2578-1203
2716377,1113822,2025,37,1,3,3000,2716-1113
2490267,1112204,2023,37,5,2,3000,2490-1112
2715438,1113930,2023,37,1,3,3000,2715-1113
2576511,1205417,2023,43,3,0,3000,2576-1205
2576533,1205262,2023,43,3,0,3000,2576-1205
2492839.4912478,1111972.11949428,2025,43,1,0,3000,2492-1111
2680500,1272500,2022,43,2,0,3000,2680-1272
2620500,1256500,2022,31,2,4,3000,2620-1256
2490109,1111286,2022,37,1,3,3000,2490-1111
2618670.65278626,1128170.52219958,2025,31,2,4,3000,2618-1128
2578710,1203687,2024,49,3,0,3000,2578-1203
2709500,1113500,2022,43,1,0,3000,2709-1113
2572792,1204807,2022,37,1,3,3000,2572-1204
2712495,1113604,2023,25,1,0,3000,2712-1113
2712495,1113604,2023,25,1,0,3000,2712-1113
2712515,1113611,2023,25,1,0,3000,2712-1113
2712274,1113852,2024,25,1,0,3000,2712-1113
2712496,1113626,2023,25,1,0,3000,2712-1113
2576263.55745271,1205353.17232896,2023,25,2,0,3000,2576-1205
2710500,1113500,2021,25,2,0,3000,2710-1113
2710500,1114500,2021,25,10,0,3000,2710-1114
2718791,1114449,2021,25,2,0,3000,2718-1114
2718286,1114026,2021,25,5,0,3000,2718-1114
2718196,1114959,2021,25,1,0,3000,2718-1114
2718104,1114001,2021,25,4,0,3000,2718-1114
2716225,1114274,2025,25,1,3,3000,2716-1114
2716299,1114188,2023,25,1,0,3000,2716-1114
2718182,1114017,2021,25,1,0,3000,2718-1114
2718250,1114032,2021,25,6,0,3000,2718-1114
2718715,1114419,2021,25,2,0,3000,2718-1114
2570126,1203225,2021,31,1,3,3000,2570-1203
2490674.50214671,1112307.18317357,2021,31,1,2,3000,2490-1112
2576263.55745271,1205353.17232896,2024,31,1,1,3000,2576-1205
2576263.55745271,1205353.17232896,2024,31,1,3,3000,2576-1205
2490481.51409212,1112705.18624407,2021,31,2,4,3000,2490-1112
2569665.36336221,1192199.24205318,2022,31,1,3,3000,2569-1192
2716168,1114170,2025,31,1,1,3000,2716-1114
2578651,1203676,2022,37,1,2,3000,2578-1203
2490367.49844419,1112175.19352428,2023,37,2,6,3000,2490-1112
2709500,1113500,2023,25,1,0,3000,2709-1113
2576604,1205300,2025,25,3,2,3000,2576-1205
2710500,1113500,2023,25,1,0,3000,2710-1113
2715720,1113856,2021,25,3,0,3000,2715-1113
2715626,1113713,2021,25,1,0,3000,2715-1113
2709667,1113936,2023,49,1,0,3000,2709-1113
2712500,1113500,2024,25,1,0,3000,2712-1113
2491075,1112576,2021,31,2,2,3000,2491-1112
2576621,1205289,2024,31,1,3,3000,2576-1205
2576637,1205296,2023,31,2,3,3000,2576-1205
2490876,1112728,2024,31,1,3,3000,2490-1112
2576649,1205319,2023,31,2,3,3000,2576-1205
2576664,1205298,2022,31,2,3,3000,2576-1205
2576675,1205302,2023,31,1,3,3000,2576-1205
2576665,1205297,2022,31,2,3,3000,2576-1205
2716410.0839195,1113823.61702929,2024,31,1,2,3000,2716-1113
2678660,1273980,2023,31,1,3,3000,2678-1273
2718500,1114500,2021,25,4,0,3000,2718-1114
2490947,1112396,2024,31,1,2,3000,2490-1112
2576555,1205384,2021,37,3,1,3000,2576-1205
2576593,1205313,2022,37,2,3,3000,2576-1205
2490461,1112298,2023,25,1,0,3000,2490-1112
2490273,1112013,2023,25,1,0,3000,2490-1112
2714122,1114155,2022,25,1,0,3000,2714-1114
2714281,1114122,2022,25,1,0,3000,2714-1114
2620500,1256500,2022,25,1,0,3000,2620-1256
2492839.4912478,1111972.11949428,2023,37,1,1,3000,2492-1111
2716410.0839195,1113823.61702929,2025,25,1,3,3000,2716-1113
2576482,1205331,2024,43,1,0,3000,2576-1205
2569500,1192500,2023,25,1,0,3000,2569-1192
2709628.1002368,1113293.57333526,2024,43,1,0,3000,2709-1113
2713500,1113500,2024,31,2,4,3000,2713-1113
2570171.55826185,1203620.27005927,2024,31,1,3,3000,2570-1203
2576263.55745271,1205353.17232896,2021,31,3,3,3000,2576-1205
2490243,1112173,2023,31,3,2,3000,2490-1112
2569820,1192510,2022,31,1,3,3000,2569-1192
2569826,1192520,2021,31,1,3,3000,2569-1192
2576711,1205381,2023,49,2,0,3000,2576-1205
2716500,1113500,2021,37,2,3,3000,2716-1113
2492809,1111943,2024,37,1,3,3000,2492-1111
2490204,1112051,2022,37,1,2,3000,2490-1112
2569782,1192488,2024,37,1,3,3000,2569-1192
2694504,1275129,2025,37,1,3,3000,2694-1275
2490889.47316003,1111339.18359881,2021,25,1,0,3000,2490-1111
2620321,1256738,2023,31,1,2,3000,2620-1256
2572857,1204443,2023,49,1,0,3000,2572-1204
2578212,1203523,2022,37,1,1,3000,2578-1203
2491198,1112523,2023,37,1,3,3000,2491-1112
2714500,1114500,2023,37,2,4,3000,2714-1114
2490717,1112389,2023,43,2,0,3000,2490-1112
2710500,1113500,2022,25,3,0,3000,2710-1113
2578256,1203738,2022,49,3,0,3000,2578-1203
2578667.51943261,1203746.12803837,2021,25,1,0,3000,2578-1203
2712777,1113824,2022,25,8,0,3000,2712-1113
2712712,1113707,2022,25,8,0,3000,2712-1113
2576500,1205500,2023,49,2,0,3000,2576-1205
2490885,1111496,2023,25,1,0,3000,2490-1111
2578821,1203740,2024,49,5,0,3000,2578-1203
2578500,1203500,2023,49,2,0,3000,2578-1203
2576263.55745271,1205353.17232896,2025,25,1,0,3000,2576-1205
2576263.55745271,1205353.17232896,2025,25,2,0,3000,2576-1205
2718427,1114050,2025,31,2,4,3000,2718-1114
2718347,1114031,2025,31,2,4,3000,2718-1114
2576402,1205360,2023,31,1,1,3000,2576-1205
2490367.49844419,1112175.19352428,2021,31,1,2,3000,2490-1112
2490367.49844419,1112175.19352428,2023,31,2,2,3000,2490-1112
2713500,1113500,2024,37,2,2,3000,2713-1113
2490481.51409212,1112705.18624407,2021,37,1,3,3000,2490-1112
2710759,1113778,2022,50,1,0,3000,2710-1113
2578667.51943261,1203746.12803837,2022,50,3,0,3000,2578-1203
2709433,1113882,2023,25,1,0,3000,2709-1113
2709433,1113882,2023,25,1,0,3000,2709-1113
2576263.55745271,1205353.17232896,2021,25,1,0,3000,2576-1205
2576500,1205500,2025,25,1,0,3000,2576-1205
2576475,1205283,2021,25,2,0,3000,2576-1205
2576588,1205372,2021,25,1,0,3000,2576-1205
2576417,1205330,2025,25,1,0,3000,2576-1205
2716410.0839195,1113823.61702929,2021,25,3,0,3000,2716-1113
2710500,1113500,2024,31,1,3,3000,2710-1113
2572752,1204745,2022,31,1,1,3000,2572-1204
2576423,1205247,2022,31,1,3,3000,2576-1205
2490522,1112849,2023,31,1,2,3000,2490-1112
2576263.55745271,1205353.17232896,2025,25,1,0,3000,2576-1205
2578729,1203681,2022,31,2,4,3000,2578-1203
2490994,1112383,2024,31,2,4,3000,2490-1112
2693908,1286840,2024,31,1,3,3000,2693-1286
2715473,1113412,2024,25,1,0,3000,2715-1113
2709978,1113170,2022,25,2,0,3000,2709-1113
2716212,1113622,2022,25,6,0,3000,2716-1113
2576264.48101826,1205351.93080855,2025,25,1,3,3000,2576-1205
2576263.55745271,1205353.17232896,2021,25,2,0,3000,2576-1205
2492839.4912478,1111972.11949428,2024,37,1,3,3000,2492-1111
2576263.55745271,1205353.17232896,2025,25,1,0,3000,2576-1205
2490500,1112500,2025,37,1,3,3000,2490-1112
2537036,1173022,2024,37,1,3,3000,2537-1173
2578656,1203665,2021,37,1,3,3000,2578-1203
2716165,1113966,2022,37,1,3,3000,2716-1113
2569901,1192530,2023,25,2,0,3000,2569-1192
2709647,1113550,2024,43,1,0,3000,2709-1113
2680933,1272560,2025,43,1,0,3000,2680-1272
2490948,1112065,2025,43,2,0,3000,2490-1112
2490674.50214671,1112307.18317357,2021,31,1,2,3000,2490-1112
2576626,1205353,2022,50,1,0,3000,2576-1205
2709605,1113335,2022,50,1,0,3000,2709-1113
2578500,1203500,2022,50,3,0,3000,2578-1203
2576262,1205232,2022,31,1,2,3000,2576-1205
2713051,1113839,2025,31,2,4,3000,2713-1113
2559928,1130329,2025,25,2,2,3000,2559-1130
2559872,1130114,2025,25,3,0,3000,2559-1130
2569803,1192488,2021,31,1,3,3000,2569-1192
2490531,1111244,2025,31,1,1,3000,2490-1111
2569815,1192495,2022,31,1,3,3000,2569-1192
2490326,1112304,2022,31,1,3,3000,2490-1112
2490293,1112133,2024,31,1,2,3000,2490-1112
2709721,1113380,2023,25,3,0,3000,2709-1113
2578500,1204500,2022,25,1,0,3000,2578-1204
2714329,1113598,2022,37,1,3,3000,2714-1113
2490572,1111239,2025,37,1,3,3000,2490-1111
2490491,1111285,2025,37,1,3,3000,2490-1111
2569779,1192467,2023,37,1,3,3000,2569-1192
2569806,1192511,2023,43,1,0,3000,2569-1192
2569694,1192474,2022,43,1,0,3000,2569-1192
2709628.1002368,1113293.57333526,2021,25,2,0,3000,2709-1113
2713894,1113808,2025,43,1,0,3000,2713-1113
2489104,1112727,2023,31,2,3,3000,2489-1112
2578667.51943261,1203746.12803837,2022,50,5,0,3000,2578-1203
2715374,1113372,2021,25,4,0,3000,2715-1113
2712551,1113502,2024,25,1,0,3000,2712-1113
2490411,1112185,2024,25,2,0,3000,2490-1112
2569801,1192516,2024,50,1,0,3000,2569-1192
2569824,1192491,2024,31,1,3,3000,2569-1192
2576359,1205356,2024,31,1,2,3000,2576-1205
2709628.1002368,1113293.57333526,2021,31,1,1,3000,2709-1113
2578667.51943261,1203746.12803837,2021,25,1,0,3000,2578-1203
2718060,1114063,2021,25,3,0,3000,2718-1114
2489143,1112784,2023,37,1,3,3000,2489-1112
2710687,1113813,2025,25,2,0,3000,2710-1113
2710879,1113867,2025,25,2,0,3000,2710-1113
2570285,1212406,2021,31,2,4,3000,2570-1212
2716079,1114115,2023,31,1,3,3000,2716-1114
2578179,1203752,2022,50,3,0,3000,2578-1203
2578248,1203335,2022,50,5,0,3000,2578-1203
2571708,1202618,2022,37,1,3,3000,2571-1202
2578458,1203801,2022,50,1,0,3000,2578-1203
2710923,1113820,2022,50,1,0,3000,2710-1113
2716520,1114391,2022,44,1,0,3000,2716-1114
2581026,1208195,2025,44,2,4,3000,2581-1208
2578667.51943261,1203746.12803837,2024,50,14,0,3000,2578-1203
2578667.51943261,1203746.12803837,2021,50,1,0,3000,2578-1203
2578544,1203932,2022,50,3,0,3000,2578-1203
2576263.55745271,1205353.17232896,2023,50,2,0,3000,2576-1205
2490367.49844419,1112175.19352428,2021,50,2,0,3000,2490-1112
2490955,1112494,2025,25,1,0,3000,2490-1112
2576538,1205378,2025,25,1,0,3000,2576-1205
2716242,1113851,2021,25,3,0,3000,2716-1113
2716500,1113500,2023,25,2,0,3000,2716-1113
2710500,1113500,2022,25,2,0,3000,2710-1113
2712500,1113500,2024,25,1,0,3000,2712-1113
2570500,1203500,2024,25,1,0,3000,2570-1203
2572836,1204623,2022,25,1,0,3000,2572-1204
2573305.93534902,1107846.15727397,2025,25,1,0,3000,2573-1107
2576414,1205358,2022,31,2,2,3000,2576-1205
2709662,1113876,2022,31,1,3,3000,2709-1113
2490751,1112188,2022,37,1,2,3000,2490-1112
2490343,1112312,2022,37,1,3,3000,2490-1112
2576453,1205350,2021,37,1,2,3000,2576-1205
2576714,1205290,2021,37,1,3,3000,2576-1205
2709528,1113595,2021,37,1,2,3000,2709-1113
2576500,1205500,2022,37,3,5,3000,2576-1205
2714500,1114500,2024,37,1,3,3000,2714-1114
2716202,1113795,2021,37,3,4,3000,2716-1113
2576261,1205228,2024,25,1,3,3000,2576-1205
2576261,1205238,2024,25,1,0,3000,2576-1205
2709792,1113977,2025,25,1,0,3000,2709-1113
2576263.55745271,1205353.17232896,2025,25,1,0,3000,2576-1205
2714432,1114174,2024,25,1,0,3000,2714-1114
2710501,1113704,2025,25,2,4,3000,2710-1113
2491159,1112616,2023,50,3,0,3000,2491-1112
2578658,1204710,2023,50,1,0,3000,2578-1204
2572915,1204508,2023,50,1,0,3000,2572-1204
2578486,1203905,2024,50,7,0,3000,2578-1203
2578523,1203930,2023,50,3,0,3000,2578-1203
2490345,1112144,2023,25,1,0,3000,2490-1112
2490271,1112289,2024,25,2,0,3000,2490-1112
2716318,1114144,2021,25,1,3,3000,2716-1114
2710442,1113645,2021,25,3,0,3000,2710-1113
2710508,1113187,2021,25,1,0,3000,2710-1113
2490713,1112117,2023,31,1,3,3000,2490-1112
2569797,1192498,2021,31,1,3,3000,2569-1192
2714500,1113500,2022,31,4,3,3000,2714-1113
2710500,1113500,2025,25,1,3,3000,2710-1113
2576263.55745271,1205353.17232896,2023,25,2,0,3000,2576-1205
2712542,1113665,2021,25,5,0,3000,2712-1113
2490656,1112032,2022,37,1,3,3000,2490-1112
2490419,1112182,2023,37,7,2,3000,2490-1112
2569774,1192460,2023,37,1,3,3000,2569-1192
2490253,1112194,2022,37,2,4,3000,2490-1112
2491139.51119183,1112622.16671605,2021,37,1,3,3000,2491-1112
2535059,1171260,2024,37,1,3,3000,2535-1171
2710511,1113181,2021,25,1,0,3000,2710-1113
2492792,1111953,2025,37,1,3,3000,2492-1111
2537165.05919441,1174136.85085337,2024,44,1,0,3000,2537-1174
2576176,1205337,2022,32,2,2,3000,2576-1205
2618670.65278626,1128170.52219959,2021,25,1,0,3000,2618-1128
2572789,1204671,2021,32,1,3,3000,2572-1204
2576263.55745271,1205353.17232896,2025,32,1,3,3000,2576-1205
2569806,1192493,2025,44,1,0,3000,2569-1192
2490620,1112238,2024,44,1,0,3000,2490-1112
2569791,1192498,2023,44,1,0,3000,2569-1192
2490494,1112299,2023,31,2,3,3000,2490-1112
2491139.51119183,1112622.16671605,2025,38,1,3,3000,2491-1112
2576263.55745271,1205353.17232896,2024,38,1,3,3000,2576-1205
2712157,1113049,2023,44,2,0,3000,2712-1113
2569808,1192490,2024,31,1,3,3000,2569-1192
2569822,1192514,2024,50,1,0,3000,2569-1192
2490232,1112068,2022,50,1,0,3000,2490-1112
2569798,1192500,2023,50,1,0,3000,2569-1192
2573451,1204690,2022,44,1,3,3000,2573-1204
2489246,1112879,2025,37,1,1,3000,2489-1112
2572500,1204500,2024,37,2,4,3000,2572-1204
2491110,1112672,2025,37,1,3,3000,2491-1112
2576263.55745271,1205353.17232896,2021,25,2,0,3000,2576-1205
2709664,1113757,2024,25,1,0,3000,2709-1113
2576574,1205274,2023,25,2,0,3000,2576-1205
2715951,1113967,2021,25,1,0,3000,2715-1113
2569798,1192473,2021,25,1,0,3000,2569-1192
2490215,1112090,2023,25,1,0,3000,2490-1112
2710675,1113037,2021,25,2,0,3000,2710-1113
2487382.46998156,1111116.29339116,2021,32,2,4,3000,2487-1111
2714371,1114133,2023,25,2,4,3000,2714-1114
2489235,1112911,2023,25,1,3,3000,2489-1112
2576473,1205251,2025,32,1,3,3000,2576-1205
2715837,1113479,2021,25,4,0,3000,2715-1113
2709676,1113209,2022,25,1,3,3000,2709-1113
2715969,1113625,2021,25,1,0,3000,2715-1113
2714500,1113500,2021,32,1,2,3000,2714-1113
2576263.55745271,1205353.17232896,2021,25,2,0,3000,2576-1205
2490674.50214671,1112307.18317356,2024,25,1,0,3000,2490-1112
2713982,1113521,2024,25,1,0,3000,2713-1113
2714353,1114135,2023,25,1,3,3000,2714-1114
2715171,1112820,2025,32,3,4,3000,2715-1112
2557304.38920156,1191785.47097057,2023,25,2,6,3000,2557-1191
2576263.55745271,1205353.17232896,2025,32,2,2,3000,2576-1205
2576263.55745271,1205353.17232896,2023,32,2,3,3000,2576-1205
2490481.51409212,1112705.18624407,2022,32,1,3,3000,2490-1112
2576517,1205335,2024,38,1,3,3000,2576-1205
2490882,1112608,2021,38,1,2,3000,2490-1112
2569802,1192490,2023,32,1,3,3000,2569-1192
2490259,1112154,2023,32,2,1,3000,2490-1112
2714500,1114500,2023,38,2,2,3000,2714-1114
2492713,1111912,2024,32,1,10,3000,2492-1111
2490364,1112763,2023,44,1,0,3000,2490-1112
2716154,1114009,2021,32,5,3,3000,2716-1114
2716218,1114037,2021,32,1,1,3000,2716-1114
2489089,1112739,2023,32,1,2,3000,2489-1112
2487414,1111075,2021,32,2,4,3000,2487-1111
2491139.51119183,1112622.16671605,2025,38,1,2,3000,2491-1112
2576263.55745271,1205353.17232896,2025,38,1,3,3000,2576-1205
2490463,1112293,2023,44,5,0,3000,2490-1112
2489183,1112983,2023,44,1,0,3000,2489-1112
2576628,1205295,2025,44,1,0,3000,2576-1205
2576640,1205322,2023,44,1,0,3000,2576-1205
2576665,1205297,2021,50,2,0,3000,2576-1205
2570500,1203500,2022,32,1,2,3000,2570-1203
2578667.51943261,1203746.12803837,2021,44,3,0,3000,2578-1203
2694500,1275500,2023,38,1,3,3000,2694-1275
2576263.55745271,1205353.17232896,2024,44,2,0,3000,2576-1205
2491139.51119183,1112622.16671605,2025,44,1,0,3000,2491-1112
2576263.55745271,1205353.17232896,2024,38,2,4,3000,2576-1205
2490674.50214671,1112307.18317356,2023,38,3,2,3000,2490-1112
2569786,1192475,2023,38,1,3,3000,2569-1192
2578806,1203719,2024,50,11,0,3000,2578-1203
2716240,1113717,2021,38,3,4,3000,2716-1113
2694308,1275339,2023,38,1,3,3000,2694-1275
2694308,1275340,2023,38,1,3,3000,2694-1275
2576263.55745271,1205353.17232896,2025,50,2,0,3000,2576-1205
2578500,1204500,2023,44,2,0,3000,2578-1204
2492744,1111924,2025,44,1,5,3000,2492-1111
2572500,1204500,2022,25,1,0,3000,2572-1204
2576263.55745271,1205353.17232896,2023,44,1,0,3000,2576-1205
2569819,1192511,2024,44,1,0,3000,2569-1192
2569806,1192497,2022,44,1,0,3000,2569-1192
2715500,1113500,2021,25,7,0,3000,2715-1113
2714370,1114229,2023,44,2,0,3000,2714-1114
2572819,1204640,2023,25,1,0,3000,2572-1204
2490674.50214671,1112307.18317357,2021,50,3,0,3000,2490-1112
2490657.48462595,1111718.1879437,2023,50,2,0,3000,2490-1111
2709672,1113813,2022,25,1,0,3000,2709-1113
2569812,1192504,2023,50,1,0,3000,2569-1192
2618072,1128103,2025,25,3,0,3000,2618-1128
2491086,1112566,2025,32,1,2,3000,2491-1112
2536409,1171663,2025,32,2,4,3000,2536-1171
2536163,1171474,2025,32,1,2,3000,2536-1171
2536637,1171615,2025,32,1,2,3000,2536-1171
2536654,1171790,2025,32,1,3,3000,2536-1171
2536487,1172452,2025,32,2,4,3000,2536-1172
2536587,1172576,2025,32,1,3,3000,2536-1172
2536882,1172601,2025,32,1,3,3000,2536-1172
2536521,1172505,2025,32,1,3,3000,2536-1172
2569815,1192494,2024,38,1,3,3000,2569-1192
2490536,1112276,2022,38,2,2,3000,2490-1112
2490553,1111876,2023,44,1,0,3000,2490-1111
2490684,1111823,2024,44,1,1,3000,2490-1111
2576500,1205500,2023,44,1,0,3000,2576-1205
2576264,1205166,2025,44,1,0,3000,2576-1205
2578707,1203742,2024,50,11,0,3000,2578-1203
2569813,1192506,2022,50,1,0,3000,2569-1192
2619842,1128547,2022,26,1,0,3000,2619-1128
2718652,1114600,2021,26,3,0,3000,2718-1114
2490367.49844419,1112175.19352428,2023,26,3,0,3000,2490-1112
2490674.50214671,1112307.18317356,2023,26,1,0,3000,2490-1112
2710500,1113500,2023,26,1,0,3000,2710-1113
2573480,1107741,2024,26,3,0,3000,2573-1107
2572287,1203834,2025,32,1,2,3000,2572-1203
2576263.55745271,1205353.17232896,2022,32,1,3,3000,2576-1205
2576185,1205309,2023,38,1,2,3000,2576-1205
2714900,1113518,2025,38,1,3,3000,2714-1113
2490953,1112584,2023,26,4,0,3000,2490-1112
2490916,1112336,2024,26,1,0,3000,2490-1112
2712453,1113741,2022,44,1,0,3000,2712-1113
2490502,1112224,2023,26,2,0,3000,2490-1112
2572207,1203879,2024,50,1,0,3000,2572-1203
2572234,1203859,2024,50,1,0,3000,2572-1203
2712968,1113531,2024,50,1,0,3000,2712-1113
2578667.51943261,1203746.12803837,2022,50,2,0,3000,2578-1203
2490295,1112177,2023,26,1,0,3000,2490-1112
2576263.55745271,1205353.17232896,2023,26,2,0,3000,2576-1205
2490415,1112305,2023,26,1,0,3000,2490-1112
2692700,1285537,2021,26,1,0,3000,2692-1285
2709500,1113500,2025,26,1,3,3000,2709-1113
2709940,1113344,2022,26,2,0,3000,2709-1113
2576780,1205332,2021,32,3,6,3000,2576-1205
2576799,1205332,2022,32,1,3,3000,2576-1205
2576672,1205418,2021,32,1,3,3000,2576-1205
2576584,1205402,2021,32,5,3,3000,2576-1205
2576624,1205287,2023,32,2,3,3000,2576-1205
2573621,1203696,2021,32,3,4,3000,2573-1203
2715722,1113818,2025,32,2,4,3000,2715-1113
2537003,1174578,2021,32,1,3,3000,2537-1174
2537357,1173907,2021,32,1,3,3000,2537-1173
2569796,1192474,2024,32,1,3,3000,2569-1192
2714093,1113264,2025,32,2,4,3000,2714-1113
2680973,1272445,2025,38,1,1,3000,2680-1272
2576018,1205074,2022,32,1,2,3000,2576-1205
2491074,1112615,2021,38,1,3,3000,2491-1112
2576627,1205378,2025,38,1,3,3000,2576-1205
2716754,1113880,2023,38,1,3,3000,2716-1113
2489144,1113012,2022,32,3,4,3000,2489-1113
2716891,1113961,2025,38,1,2,3000,2716-1113
2490750,1112188,2021,44,1,0,3000,2490-1112
2491056,1112682,2022,44,2,4,3000,2491-1112
2490500,1112500,2022,38,6,2,3000,2490-1112
2716410.0839195,1113823.61702929,2024,44,1,0,3000,2716-1113
2491334,1112410,2025,50,5,0,3000,2491-1112
2569796,1192516,2024,44,1,0,3000,2569-1192
2488726.51533158,1112691.24019453,2024,44,2,0,3000,2488-1112
2490500,1112500,2022,50,16,0,3000,2490-1112
2569802,1192475,2023,50,1,0,3000,2569-1192
2490674.50214671,1112307.18317357,2022,26,1,0,3000,2490-1112
2576263.55745271,1205353.17232896,2023,26,2,0,3000,2576-1205
2491139.51119183,1112622.16671605,2023,26,1,0,3000,2491-1112
2710426,1113087,2021,26,1,0,3000,2710-1113
2578500,1203500,2021,26,1,0,3000,2578-1203
2582798,1113875,2025,26,1,0,3000,2582-1113
2714500,1114500,2022,26,1,0,3000,2714-1114
2709713,1113962,2023,26,1,0,3000,2709-1113
2716242,1114118,2023,32,1,1,3000,2716-1114
2716500,1113500,2021,32,5,3,3000,2716-1113
2710703,1113701,2025,26,2,0,3000,2710-1113
2576356,1205359,2022,32,4,4,3000,2576-1205
2709628.1002368,1113293.57333526,2021,26,1,0,3000,2709-1113
2718395,1114750,2023,38,2,2,3000,2718-1114
2576403,1205355,2025,32,1,2,3000,2576-1205
2578547,1203903,2022,38,2,4,3000,2578-1203
2572500,1203500,2024,38,2,4,3000,2572-1203
2578500,1203500,2024,50,1,0,3000,2578-1203
2491317,1112415,2025,50,3,0,3000,2491-1112
2576263.55745271,1205353.17232896,2023,26,2,0,3000,2576-1205
2713500,1113500,2024,26,2,0,3000,2713-1113
2573524,1107786,2024,26,8,0,3000,2573-1107
2716263,1114047,2025,26,1,0,3000,2716-1114
2569804,1192470,2024,26,1,0,3000,2569-1192
2490040,1112528,2024,26,1,0,3000,2490-1112
2490465,1111361,2022,26,2,0,3000,2490-1111
2569819,1192516,2021,26,1,3,3000,2569-1192
2710447.09883396,1113357.57841614,2021,26,1,0,3000,2710-1113
2576500,1205500,2021,26,6,0,3000,2576-1205
2490243,1112549,2023,26,2,0,3000,2490-1112
2490842,1111440,2023,26,1,0,3000,2490-1111
2490367.49844419,1112175.19352428,2021,26,6,0,3000,2490-1112
2694576,1275168,2023,26,1,2,3000,2694-1275
2694575,1275166,2023,26,1,2,3000,2694-1275
2490500,1111500,2022,26,2,0,3000,2490-1111
2576263.55745271,1205353.17232896,2022,26,1,0,3000,2576-1205
2491139.51119183,1112622.16671605,2024,26,4,0,3000,2491-1112
2572879,1204431,2022,26,1,0,3000,2572-1204
2490438,1112305,2023,26,2,0,3000,2490-1112
2709599,1113341,2023,26,5,0,3000,2709-1113
2715534,1113627,2025,32,1,3,3000,2715-1113
2715721,1113544,2025,32,3,4,3000,2715-1113
2570500,1203500,2025,26,1,0,3000,2570-1203
2490322,1112176,2023,32,1,2,3000,2490-1112
2569789,1192475,2021,32,1,3,3000,2569-1192
2715088,1112892,2025,32,1,3,3000,2715-1112
2576263.55745271,1205353.17232896,2021,32,6,1,3000,2576-1205
2715339,1113511,2024,32,1,3,3000,2715-1113
2491139.51119183,1112622.16671605,2024,32,2,3,3000,2491-1112
2535106,1171267,2024,32,1,3,3000,2535-1171
2576345,1205215,2021,32,3,3,3000,2576-1205
2694500,1275500,2022,38,1,3,3000,2694-1275
2678660,1273980,2023,32,1,5,3000,2678-1273
2569775,1192466,2023,38,1,3,3000,2569-1192
2714887,1113500,2025,38,1,3,3000,2714-1113
2490333,1112745,2023,44,1,0,3000,2490-1112
2490662,1112041,2024,44,1,0,3000,2490-1112
2569801,1192476,2023,44,1,0,3000,2569-1192
2576472,1205318,2024,38,2,3,3000,2576-1205
2576263.55745271,1205353.17232896,2025,44,1,0,3000,2576-1205
2491075,1112745,2024,44,1,0,3000,2491-1112
2578983,1205120,2022,44,4,13,3000,2578-1205
2578927,1205065,2022,44,2,0,3000,2578-1205
2569809,1192493,2021,50,2,0,3000,2569-1192
2569823,1192508,2023,50,1,0,3000,2569-1192
2490656,1112279,2024,44,6,0,3000,2490-1112
2715469,1113579,2024,50,1,0,3000,2715-1113
2712500,1113500,2024,50,1,0,3000,2712-1113
2712500,1113500,2023,26,3,0,3000,2712-1113
2716500,1113500,2023,26,2,0,3000,2716-1113
2578494,1203803,2025,50,1,0,3000,2578-1203
2578342,1203886,2024,50,1,0,3000,2578-1203
2576635,1205344,2025,50,1,0,3000,2576-1205
2559702,1130512,2025,26,1,0,3000,2559-1130
2490956,1111574,2021,26,2,0,3000,2490-1111
2491080,1112717,2021,26,1,0,3000,2491-1112
2491284,1112334,2024,26,3,0,3000,2491-1112
2620506,1256795,2021,32,1,3,3000,2620-1256
2618670.65278626,1128170.52219959,2021,32,1,2,3000,2618-1128
2572440,1204187,2024,38,1,3,3000,2572-1204
2712967,1113908,2024,26,2,4,3000,2712-1113
2713034,1113662,2024,50,1,0,3000,2713-1113
2578500,1203500,2024,50,1,0,3000,2578-1203
2578500,1203500,2024,50,3,0,3000,2578-1203
2569817,1192504,2022,50,1,0,3000,2569-1192
2578653,1203665,2024,50,1,0,3000,2578-1203
2578649,1203665,2025,50,1,0,3000,2578-1203
2578489,1203918,2022,50,2,0,3000,2578-1203
2490481.51409212,1112705.18624407,2023,33,2,3,3000,2490-1112
2490594,1111244,2024,33,1,3,3000,2490-1111
2578780,1203705,2024,51,1,0,3000,2578-1203
2712500,1113500,2023,26,5,0,3000,2712-1113
2489285,1112851,2023,26,1,0,3000,2489-1112
2716058,1113646,2023,26,3,0,3000,2716-1113
2569665.36336221,1192199.24205318,2025,51,1,0,3000,2569-1192
2576468,1205343,2021,26,3,0,3000,2576-1205
2576455,1205276,2023,26,2,0,3000,2576-1205
2576450,1205273,2023,26,3,0,3000,2576-1205
2576263.55745271,1205353.17232896,2021,26,2,0,3000,2576-1205
2490674.50214671,1112307.18317357,2022,26,3,0,3000,2490-1112
2491069,1112014,2022,26,4,0,3000,2491-1112
2490945,1112348,2024,26,1,2,3000,2490-1112
2492742,1111937,2025,26,1,3,3000,2492-1111
2714500,1114500,2022,26,1,0,3000,2714-1114
2709628.1002368,1113293.57333526,2021,26,1,0,3000,2709-1113
2710447.09883396,1113357.57841614,2021,26,2,0,3000,2710-1113
2692835,1285701,2021,26,1,0,3000,2692-1285
2572500,1204500,2021,26,1,0,3000,2572-1204
2716410.0839195,1113823.61702929,2024,32,2,3,3000,2716-1113
2714421,1114147,2022,26,1,0,3000,2714-1114
2489277,1112884,2023,32,1,3,3000,2489-1112
2713500,1113500,2025,32,2,4,3000,2713-1113
2490384,1112100,2023,26,1,0,3000,2490-1112
2716373,1113672,2023,32,1,3,3000,2716-1113
2490686,1112354,2021,38,1,2,3000,2490-1112
2576652,1205290,2022,38,4,2,3000,2576-1205
2580173,1208904,2023,38,2,4,3000,2580-1208
2569814,1192503,2023,32,1,3,3000,2569-1192
2569796,1192509,2021,32,1,3,3000,2569-1192
2578019,1204218,2024,51,4,0,3000,2578-1204
2578364,1203837,2024,51,5,0,3000,2578-1203
2578675,1203697,2024,51,3,0,3000,2578-1203
2569798,1192492,2025,44,1,0,3000,2569-1192
2569796,1192516,2024,44,1,0,3000,2569-1192
2569815,1192501,2021,51,2,0,3000,2569-1192
2578500,1203500,2025,51,2,0,3000,2578-1203
2618669,1128071,2021,26,1,0,3000,2618-1128
2491009,1112553,2025,26,1,2,3000,2491-1112
2569801,1192480,2024,26,1,0,3000,2569-1192
2618670.65278626,1128170.52219959,2021,26,1,0,3000,2618-1128
2490889.47316003,1111339.18359881,2022,26,3,4,3000,2490-1111
2618745,1128122,2025,32,1,2,3000,2618-1128
2491100,1112333,2021,32,1,2,3000,2491-1112
2716942,1114134,2025,27,1,0,3000,2716-1114
2716346,1114184,2024,27,2,0,3000,2716-1114
2716933,1114199,2025,27,1,0,3000,2716-1114
2620394,1256943,2021,32,1,3,3000,2620-1256
2618550,1128098,2025,32,1,2,3000,2618-1128
2490674.50214671,1112307.18317357,2021,27,4,6,3000,2490-1112
2490674.50214671,1112307.18317357,2021,27,2,0,3000,2490-1112
2714500,1114500,2023,38,1,2,3000,2714-1114
2716165,1114126,2023,33,1,3,3000,2716-1114
2576338,1205340,2025,33,1,3,3000,2576-1205
2491139.51119183,1112622.16671605,2021,33,1,3,3000,2491-1112
2576263.55745271,1205353.17232896,2024,33,2,3,3000,2576-1205
2490419,1111438,2024,39,1,3,3000,2490-1111
2578665,1203998,2024,51,5,0,3000,2578-1203
2491139.51119183,1112622.16671605,2025,51,4,0,3000,2491-1112
2572813,1204616,2022,26,1,0,3000,2572-1204
2490391,1111414,2024,26,1,0,3000,2490-1111
2716402,1113820,2024,26,1,0,3000,2716-1113
2490959,1112543,2021,26,1,0,3000,2490-1112
2618983,1128778,2022,26,1,0,3000,2618-1128
2490774,1112422,2021,26,1,0,3000,2490-1112
2491074,1112650,2024,26,1,0,3000,2491-1112
2490233,1112064,2025,26,2,0,3000,2490-1112
2709726,1113244,2022,26,1,0,3000,2709-1113
2570520,1203853,2023,26,1,0,3000,2570-1203
2490956,1111591,2021,32,1,2,3000,2490-1111
2714156,1113917,2021,26,1,3,3000,2714-1113
2680979,1272461,2024,32,1,2,3000,2680-1272
2680979,1272460,2024,32,1,2,3000,2680-1272
2490355,1112301,2024,32,1,2,3000,2490-1112
2490276,1112194,2023,32,3,2,3000,2490-1112
2576648,1205265,2022,32,2,2,3000,2576-1205
2576263.55745271,1205353.17232896,2021,26,1,0,3000,2576-1205
2576391,1205396,2024,38,2,4,3000,2576-1205
2576263.55745271,1205353.17232896,2024,26,1,0,3000,2576-1205
2576263.55745271,1205353.17232896,2022,26,4,6,3000,2576-1205
2490481.51409212,1112705.18624407,2024,26,2,0,3000,2490-1112
2490481.51409212,1112705.18624407,2021,26,5,0,3000,2490-1112
2537500,1173500,2023,38,2,3,3000,2537-1173
2576522,1205337,2022,38,2,4,3000,2576-1205
2714278,1113187,2022,38,1,3,3000,2714-1113
2576659,1205338,2025,38,1,3,3000,2576-1205
2709559,1113159,2023,38,2,3,3000,2709-1113
2573759,1203495,2021,38,1,3,3000,2573-1203
2573103,1203144,2023,38,1,3,3000,2573-1203
2715290,1113623,2024,32,1,3,3000,2715-1113
2715342,1113515,2024,32,1,3,3000,2715-1113
2709718,1113950,2021,32,1,3,3000,2709-1113
2714500,1114500,2023,32,2,2,3000,2714-1114
2709665,1113341,2023,45,1,0,3000,2709-1113
2490323,1112308,2022,38,6,2,3000,2490-1112
2490508,1112211,2024,38,2,6,3000,2490-1112
2576263.55745271,1205353.17232896,2021,38,1,3,3000,2576-1205
2576263.55745271,1205353.17232896,2021,38,2,3,3000,2576-1205
2576263.55745271,1205353.17232896,2021,38,2,3,3000,2576-1205
2489184.52091186,1112896.2246438,2022,38,3,4,3000,2489-1112
2694930,1275235,2022,38,1,3,3000,2694-1275
2570171.55826185,1203620.27005927,2025,21,1,0,3000,2570-1203
2578667.51943261,1203746.12803837,2021,45,3,0,3000,2578-1203
2569823,1192485,2023,45,1,0,3000,2569-1192
2490926,1112357,2025,51,1,0,3000,2490-1112
2578563,1205456,2022,45,2,0,3000,2578-1205
2490732,1112409,2021,26,1,0,3000,2490-1112
2489845,1112350,2025,51,6,0,3000,2489-1112
2491139.51119183,1112622.16671605,2024,27,2,0,3000,2491-1112
2576263.55745271,1205353.17232896,2023,27,3,0,3000,2576-1205
2576263.55745271,1205353.17232896,2021,27,1,3,3000,2576-1205
2576263.55745271,1205353.17232896,2023,27,1,0,3000,2576-1205
2559521,1130303,2025,26,2,0,3000,2559-1130
2559521,1130303,2025,26,2,0,3000,2559-1130
2576160,1205270,2023,27,1,3,3000,2576-1205
2709660,1113763,2024,26,1,0,3000,2709-1113
2491139.51119183,1112622.16671605,2025,33,1,1,3000,2491-1112
2491065.50845104,1112528.16964175,2023,33,2,4,3000,2491-1112
2713500,1113500,2021,33,1,3,3000,2713-1113
2490500,1112500,2025,33,1,3,3000,2490-1112
2569797,1192462,2024,26,1,0,3000,2569-1192
2570500,1203500,2022,32,1,3,3000,2570-1203
2490084,1111287,2023,33,1,2,3000,2490-1111
2715500,1113500,2024,32,6,3,3000,2715-1113
2572739,1204525,2023,33,1,2,3000,2572-1204
2715500,1113500,2024,32,1,3,3000,2715-1113
2491139.51119183,1112622.16671605,2025,45,1,0,3000,2491-1112
2572127,1203705,2022,45,2,0,3000,2572-1203
2569825,1192502,2024,38,1,3,3000,2569-1192
2709500,1113500,2022,26,2,0,3000,2709-1113
2490287,1112043,2023,26,1,0,3000,2490-1112
2715606,1114412,2023,26,1,0,3000,2715-1114
2716740,1113993,2021,26,2,0,3000,2716-1113
2709593,1113458,2025,26,1,0,3000,2709-1113
2491129,1112585,2024,26,1,0,3000,2491-1112
2578500,1203500,2022,26,1,0,3000,2578-1203
2570328,1203089,2021,26,1,0,3000,2570-1203
2714191,1114042,2023,26,2,4,3000,2714-1114
2714500,1114500,2023,26,2,0,3000,2714-1114
2715332,1113530,2021,26,1,0,3000,2715-1113
2490316,1112202,2023,26,2,0,3000,2490-1112
2490928,1112311,2024,33,2,6,3000,2490-1112
2490782,1112314,2021,33,1,2,3000,2490-1112
2490965,1112386,2021,33,2,4,3000,2490-1112
2491103,1112639,2021,33,1,3,3000,2491-1112
2490658,1112023,2024,26,1,0,3000,2490-1112
2712293,1113627,2023,21,1,0,3000,2712-1113
2491062,1112337,2022,39,1,2,3000,2491-1112
2573914,1203729,2021,39,1,3,3000,2573-1203
2576117,1205222,2025,26,2,0,3000,2576-1205
2573115,1203128,2023,39,1,3,3000,2573-1203
2573792,1203585,2021,39,1,3,3000,2573-1203
2573723,1203548,2021,39,2,4,3000,2573-1203
2573644,1203338,2021,39,1,3,3000,2573-1203
2712500,1113500,2021,33,1,3,3000,2712-1113
2537165.05919441,1174136.85085337,2025,33,1,3,3000,2537-1174
2715322,1113333,2024,33,1,2,3000,2715-1113
2572826,1204456,2021,39,1,3,3000,2572-1204
2490199,1112043,2022,33,1,3,3000,2490-1112
2490560,1112252,2022,33,1,2,3000,2490-1112
2490667,1112216,2024,33,2,2,3000,2490-1112
2490952,1111438,2023,33,2,3,3000,2490-1111
2490500,1112500,2022,33,1,3,3000,2490-1112
2536758,1171434,2021,33,1,3,3000,2536-1171
2576400,1205328,2022,39,3,3,3000,2576-1205
2576263.55745271,1205353.17232896,2024,39,2,3,3000,2576-1205
2569795,1192516,2024,39,1,3,3000,2569-1192
2716253,1114390,2023,27,2,2,3000,2716-1114
2576430,1205217,2023,27,1,0,3000,2576-1205
2712637,1113848,2023,27,3,0,3000,2712-1113
2712516,1113545,2023,27,1,0,3000,2712-1113
2490674.50214671,1112307.18317356,2024,45,2,0,3000,2490-1112
2576736,1205284,2023,27,1,0,3000,2576-1205
2575557.51255861,1202401.1742508,2025,27,2,4,3000,2575-1202
2576263.55745271,1205353.17232896,2025,27,1,0,3000,2576-1205
2576263.55745271,1205353.17232896,2021,27,1,0,3000,2576-1205
2490367.49844419,1112175.19352428,2022,51,1,0,3000,2490-1112
2490674.50214671,1112307.18317356,2025,33,1,1,3000,2490-1112
2490367.49844419,1112175.19352428,2023,33,4,4,3000,2490-1112
2715021,1112791,2024,33,1,2,3000,2715-1112
2715942,1113665,2025,51,3,0,3000,2715-1113
2710500,1113500,2024,26,1,0,3000,2710-1113
2576500,1205500,2025,39,1,2,3000,2576-1205
2490349,1111192,2025,39,1,3,3000,2490-1111
2618083.64816464,1128164.52708708,2024,26,2,0,3000,2618-1128
2618014,1128520,2022,26,2,0,3000,2618-1128
2491070,1112732,2024,26,2,0,3000,2491-1112
2709611,1113388,2025,26,1,0,3000,2709-1113
2715500,1113500,2024,33,1,3,3000,2715-1113
2489234,1112881,2023,33,1,2,3000,2489-1112
2569797,1192476,2024,33,1,3,3000,2569-1192
2572723,1204559,2021,39,1,3,3000,2572-1204
2490367.49844419,1112175.19352428,2024,45,6,0,3000,2490-1112
2578785,1203706,2024,51,6,0,3000,2578-1203
2578658,1203768,2024,51,6,0,3000,2578-1203
2490898,1111518,2025,27,1,3,3000,2490-1111
2578551,1203942,2025,27,1,0,3000,2578-1203
2489651,1113749,2024,27,1,0,3000,2489-1113
2490500,1111500,2025,27,1,0,3000,2490-1111
2490481.51409212,1112705.18624407,2025,27,1,0,3000,2490-1112
2491139.51119183,1112622.16671605,2024,27,4,0,3000,2491-1112
2716410.0839195,1113823.61702929,2024,27,1,0,3000,2716-1113
2716410.0839195,1113823.61702929,2022,27,1,0,3000,2716-1113
2491000,1112609,2021,27,1,0,3000,2491-1112
2490315,1112327,2024,27,1,0,3000,2490-1112
2489184.52091186,1112896.2246438,2025,27,3,0,3000,2489-1112
2572500,1204500,2021,27,1,0,3000,2572-1204
2576500,1205500,2023,33,1,3,3000,2576-1205
2576263.55745271,1205353.17232896,2021,33,1,3,3000,2576-1205
2490894,1111510,2022,33,1,3,3000,2490-1111
2490185,1111301,2023,33,1,3,3000,2490-1111
2570500,1203500,2024,33,1,3,3000,2570-1203
2715230,1113858,2024,33,2,4,3000,2715-1113
2709698,1113586,2023,33,1,3,3000,2709-1113
2491073,1112234,2025,33,1,2,3000,2491-1112
2490586,1112256,2021,33,1,2,3000,2490-1112
2490837,1112139,2025,33,1,2,3000,2490-1112
2490250,1112215,2023,33,1,2,3000,2490-1112
2714500,1114500,2025,39,1,2,3000,2714-1114
2576263.55745271,1205353.17232896,2025,27,3,0,3000,2576-1205
2491065.50845104,1112528.16964175,2025,27,2,0,3000,2491-1112
2576263.55745271,1205353.17232896,2023,27,1,0,3000,2576-1205
2716500,1113709,2021,39,1,3,3000,2716-1113
2576263.55745271,1205353.17232896,2022,27,2,3,3000,2576-1205
2570500,1203500,2021,27,1,0,3000,2570-1203
2709663,1113579,2021,39,1,3,3000,2709-1113
2576500,1205500,2021,39,1,3,3000,2576-1205
2576263.55745271,1205353.17232896,2022,39,2,3,3000,2576-1205
2716336,1114065,2023,27,1,0,3000,2716-1114
2712656,1113294,2021,27,3,0,3000,2712-1113
2490545,1111871,2023,27,2,0,3000,2490-1111
2677582,1285353,2021,27,2,4,3000,2677-1285
2490367.49844419,1112175.19352428,2023,27,3,0,3000,2490-1112
2576698,1205292,2024,27,1,0,3000,2576-1205
2709697,1113993,2022,27,1,0,3000,2709-1113
2569810,1192503,2022,45,1,0,3000,2569-1192
2569808,1192456,2025,45,1,0,3000,2569-1192
2569809,1192500,2023,51,1,0,3000,2569-1192
2490755.50618846,1112445.17970938,2021,33,1,1,3000,2490-1112
2490914,1112365,2025,51,2,0,3000,2490-1112
2490901,1112235,2025,51,1,0,3000,2490-1112
2515853,1152927,2023,39,2,4,3000,2515-1152
2576576,1205345,2024,39,2,1,3000,2576-1205
2576263.55745271,1205353.17232896,2023,39,3,3,3000,2576-1205
2490367.49844419,1112175.19352428,2024,39,1,2,3000,2490-1112
2578667.51943261,1203746.12803837,2024,46,1,0,3000,2578-1203
2572500,1204500,2022,27,1,0,3000,2572-1204
2618083.64816464,1128164.52708708,2025,27,2,0,3000,2618-1128
2490418,1112528,2024,33,3,2,3000,2490-1112
2570171.55826185,1203620.27005927,2024,33,1,3,3000,2570-1203
2536700,1172398,2025,39,1,3,3000,2536-1172
2536895,1172270,2025,39,1,3,3000,2536-1172
2536493,1172551,2025,39,1,3,3000,2536-1172
2536686,1171871,2025,39,1,3,3000,2536-1171
2536405,1171696,2025,39,1,3,3000,2536-1171
2491180,1112640,2021,39,1,1,3000,2491-1112
2490745,1112272,2025,51,1,0,3000,2490-1112
2490987,1112631,2021,27,1,0,3000,2490-1112
2491048,1112348,2024,27,8,0,3000,2491-1112
2490992,1112609,2024,27,3,0,3000,2490-1112
2491020,1112815,2024,27,6,0,3000,2491-1112
2576514,1205362,2023,27,1,3,3000,2576-1205
2490983,1112348,2024,27,3,0,3000,2490-1112
2576548,1205332,2024,27,2,0,3000,2576-1205
2576641,1205296,2023,27,2,0,3000,2576-1205
2716366,1113641,2022,27,1,0,3000,2716-1113
2716410.0839195,1113823.61702929,2021,27,1,0,3000,2716-1113
2678641,1273996,2024,27,1,3,3000,2678-1273
2716410.0839195,1113823.61702929,2021,27,1,0,3000,2716-1113
2491065.50845104,1112528.16964176,2021,27,1,2,3000,2491-1112
2490367.49844419,1112175.19352428,2024,27,4,2,3000,2490-1112
2491061,1112703,2024,27,2,3,3000,2491-1112
2712500,1113500,2021,27,10,0,3000,2712-1113
2712500,1113500,2023,27,1,1,3000,2712-1113
2533500,1174500,2025,27,1,3,3000,2533-1174
2715500,1113500,2021,27,3,0,3000,2715-1113
2716330,1114059,2021,27,1,3,3000,2716-1114
2716163,1114153,2022,27,2,1,3000,2716-1114
2716410.0839195,1113823.61702929,2021,33,1,2,3000,2716-1113
2570630,1203798,2023,27,1,0,3000,2570-1203
2572972,1204351,2025,27,1,0,3000,2572-1204
2716500,1113500,2024,27,2,2,3000,2716-1113
2576628,1205299,2021,33,3,10,3000,2576-1205
2576457,1205356,2022,33,1,3,3000,2576-1205
2490813,1112283,2021,33,2,3,3000,2490-1112
2576427,1205299,2022,33,2,2,3000,2576-1205
2576669,1205339,2022,33,1,3,3000,2576-1205
2490844,1111492,2023,27,2,2,3000,2490-1111
2576263.55745271,1205353.17232896,2023,27,6,0,3000,2576-1205
2579371,1205204,2023,27,1,3,3000,2579-1205
2716500,1114500,2022,34,2,4,3000,2716-1114
2576518,1205298,2021,33,1,2,3000,2576-1205
2576727,1205313,2021,33,2,3,3000,2576-1205
2576472,1205302,2021,33,1,10,3000,2576-1205
2576387,1205224,2021,33,1,3,3000,2576-1205
2576341,1205211,2021,33,1,2,3000,2576-1205
2576067,1205356,2021,33,1,2,3000,2576-1205
2490427,1112894,2021,33,1,2,3000,2490-1112
2715281,1113572,2024,33,1,2,3000,2715-1113
2573637,1203867,2023,39,1,3,3000,2573-1203
2572026,1203766,2022,34,1,2,3000,2572-1203
2715500,1113500,2022,39,7,4,3000,2715-1113
2490192,1112146,2023,33,1,2,3000,2490-1112
2490572,1112252,2022,33,1,1,3000,2490-1112
2715320,1113287,2024,34,2,2,3000,2715-1113
2490844,1111432,2021,34,1,3,3000,2490-1111
2716206,1113941,2022,39,1,3,3000,2716-1113
2536971,1171009,2025,33,1,3,3000,2536-1171
2490481.51409212,1112705.18624407,2024,33,4,7,3000,2490-1112
2714840,1113387,2022,40,1,3,3000,2714-1113
2492722,1111889,2023,39,1,2,3000,2492-1111
2490563,1112225,2021,39,2,4,3000,2490-1112
2569777,1192470,2023,39,1,3,3000,2569-1192
2491139.51119183,1112622.16671605,2025,46,1,0,3000,2491-1112
2569805,1192530,2025,45,1,0,3000,2569-1192
2569797,1192512,2024,45,1,0,3000,2569-1192
2489769,1112375,2025,51,1,0,3000,2489-1112
2712500,1113500,2021,27,10,0,3000,2712-1113
2491062,1112338,2024,27,3,0,3000,2491-1112
2491116,1112394,2024,27,3,0,3000,2491-1112
2491087,1112606,2021,27,1,0,3000,2491-1112
2490500,1112500,2025,33,1,2,3000,2490-1112
2489200,1112786,2023,33,2,2,3000,2489-1112
2491500,1112500,2025,33,1,2,3000,2491-1112
2689343,1274600,2025,33,1,2,3000,2689-1274
2689361,1274042,2021,33,1,3,3000,2689-1274
2569814,1192468,2024,33,1,3,3000,2569-1192
2490473,1111263,2025,33,1,3,3000,2490-1111
2490170,1112342,2023,39,1,3,3000,2490-1112
2491086,1112697,2025,45,1,0,3000,2491-1112
2710500,1113500,2023,45,1,0,3000,2710-1113
2578503,1203756,2024,51,3,0,3000,2578-1203
2715941,1113533,2025,22,1,0,3000,2715-1113
2716301,1114157,2023,22,1,0,3000,2716-1114
2716283,1114164,2023,22,1,0,3000,2716-1114
2710500,1113500,2023,22,1,0,3000,2710-1113
2569801,1192459,2025,51,1,0,3000,2569-1192
2490674.50214671,1112307.18317357,2022,28,3,2,3000,2490-1112
2716276,1114160,2021,28,2,1,3000,2716-1114
2716285,1114066,2024,28,1,3,3000,2716-1114
2490855,1112192,2025,21,1,0,3000,2490-1112
2677300,1285288,2021,28,2,4,3000,2677-1285
2490433,1112292,2024,34,1,3,3000,2490-1112
2715521,1113357,2024,34,2,2,3000,2715-1113
2714500,1114500,2023,34,2,2,3000,2714-1114
2710306,1113599,2025,21,1,0,3000,2710-1113
2715500,1113500,2024,34,1,2,3000,2715-1113
2712611,1113500,2022,34,1,3,3000,2712-1113
2570500,1203500,2022,40,1,3,3000,2570-1203
2572500,1204500,2023,27,2,0,3000,2572-1204
2490539,1111519,2021,40,1,3,3000,2490-1111
2712605,1113238,2024,40,1,2,3000,2712-1113
2710500,1113500,2021,27,2,0,3000,2710-1113
2714500,1113500,2023,27,1,0,3000,2714-1113
2491091,1112394,2021,27,3,0,3000,2491-1112
2491132,1112662,2025,27,3,0,3000,2491-1112
2490361,1112126,2024,27,2,0,3000,2490-1112
2692854,1285638,2021,27,1,0,3000,2692-1285
2576263.55745271,1205353.17232896,2025,27,2,0,3000,2576-1205
2576263.55745271,1205353.17232896,2023,27,4,0,3000,2576-1205
2710500,1113500,2022,21,2,0,3000,2710-1113
2712500,1113500,2021,27,1,0,3000,2712-1113
2492501,1111483,2023,27,2,0,3000,2492-1111
2576482,1205267,2025,27,1,0,3000,2576-1205
2576669,1205291,2025,27,1,0,3000,2576-1205
2576263.55745271,1205353.17232896,2023,27,1,3,3000,2576-1205
2576638,1205357,2023,27,1,0,3000,2576-1205
2576438,1205308,2023,27,1,0,3000,2576-1205
2490907,1112361,2025,27,1,0,3000,2490-1112
2576483,1205319,2025,27,2,3,3000,2576-1205
2576263.55745271,1205353.17232896,2025,27,3,0,3000,2576-1205
2572135.55908827,1204214.23795533,2021,27,2,0,3000,2572-1204
2576263.55745271,1205353.17232896,2023,27,4,0,3000,2576-1205
2712500,1113500,2021,27,1,0,3000,2712-1113
2489195,1112917,2025,27,1,3,3000,2489-1112
2489253,1112824,2022,27,2,0,3000,2489-1112
2490911,1111535,2023,27,1,3,3000,2490-1111
2714500,1114500,2024,52,1,0,3000,2714-1114
2710500,1114500,2024,27,4,0,3000,2710-1114
2537127,1174338,2024,33,1,3,3000,2537-1174
2537206,1174347,2024,33,1,3,3000,2537-1174
2576182,1205288,2023,33,5,13,3000,2576-1205
2716410.0839195,1113823.61702929,2023,27,1,0,3000,2716-1113
2490199.47395831,1111350.20469332,2021,27,1,0,3000,2490-1111
2576239,1205167,2023,27,1,3,3000,2576-1205
2490085,1112126,2023,27,2,3,3000,2490-1112
2716410.0839195,1113823.61702929,2021,33,1,3,3000,2716-1113
2490894,1111514,2025,27,1,3,3000,2490-1111
2491139.51119183,1112622.16671605,2024,27,4,0,3000,2491-1112
2491139.51119183,1112622.16671605,2021,27,1,0,3000,2491-1112
2712500,1113500,2023,27,1,0,3000,2712-1113
2572839,1204535,2023,39,1,1,3000,2572-1204
2576385,1205279,2025,39,2,2,3000,2576-1205
2576263.55745271,1205353.17232896,2025,39,1,2,3000,2576-1205
2689592,1274136,2024,39,1,3,3000,2689-1274
2576540,1205279,2024,39,2,2,3000,2576-1205
2576548,1205271,2024,39,2,2,3000,2576-1205
2576444,1205276,2024,39,1,3,3000,2576-1205
2490109,1111813,2022,33,1,2,3000,2490-1111
2490384,1111535,2024,45,1,0,3000,2490-1111
2694559,1275150,2025,33,1,3,3000,2694-1275
2569813,1192503,2022,33,1,3,3000,2569-1192
2569784,1192465,2023,39,1,3,3000,2569-1192
2489184.52091186,1112896.2246438,2025,39,1,3,3000,2489-1112
2490405,1111264,2021,39,1,3,3000,2490-1111
2570475,1203799,2025,21,1,0,3000,2570-1203
2490264,1112786,2024,45,1,0,3000,2490-1112
2490509,1112196,2024,52,1,0,3000,2490-1112
2712500,1113500,2024,27,1,0,3000,2712-1113
2714500,1114500,2022,27,1,0,3000,2714-1114
2572681,1204322,2023,27,2,0,3000,2572-1204
2572929,1204749,2023,27,2,0,3000,2572-1204
2490181,1112330,2023,27,1,0,3000,2490-1112
2576411,1205340,2022,27,1,0,3000,2576-1205
2570857,1203733,2022,27,1,0,3000,2570-1203
2576695,1205307,2021,27,3,0,3000,2576-1205
2488935,1112949,2025,27,2,4,3000,2488-1112
2570107,1203028,2025,22,1,0,3000,2570-1203
2712573,1113578,2023,22,1,0,3000,2712-1113
2570109,1203015,2022,22,1,0,3000,2570-1203
2712480,1113663,2025,22,1,0,3000,2712-1113
2712513,1113626,2025,22,1,0,3000,2712-1113
2712400,1113579,2025,22,1,0,3000,2712-1113
2491109,1112605,2024,27,4,3,3000,2491-1112
2618508,1128019,2023,27,1,0,3000,2618-1128
2569803,1192499,2024,27,1,0,3000,2569-1192
2490367.49844419,1112175.19352428,2023,27,3,4,3000,2490-1112
2578719,1203668,2022,33,1,2,3000,2578-1203
2715500,1113500,2024,33,2,3,3000,2715-1113
2576263.55745271,1205353.17232896,2025,28,1,2,3000,2576-1205
2693390,1286814,2024,33,1,3,3000,2693-1286
2490684,1112262,2021,33,2,4,3000,2490-1112
2490729,1112293,2021,33,2,4,3000,2490-1112
2572615,1203358,2023,28,1,2,3000,2572-1203
2569817,1192503,2024,33,1,3,3000,2569-1192
2712650,1113990,2025,28,1,2,3000,2712-1113
2716127,1114151,2025,28,1,1,3000,2716-1114
2491038,1112679,2022,39,1,1,3000,2491-1112
2716381,1113132,2024,28,1,1,3000,2716-1113
2689592,1274135,2024,39,1,3,3000,2689-1274
2490326,1111747,2021,34,2,4,3000,2490-1111
2578651,1203763,2024,52,2,0,3000,2578-1203
2491139.51119183,1112622.16671605,2025,40,2,4,3000,2491-1112
2680500,1272500,2022,40,1,1,3000,2680-1272
2689500,1274500,2024,40,2,5,3000,2689-1274
2572922,1204677,2021,40,1,3,3000,2572-1204
2578667.51943261,1203746.12803837,2023,46,8,0,3000,2578-1203
2491139.51119183,1112622.16671605,2025,46,4,0,3000,2491-1112
2491139.51119183,1112622.16671605,2025,46,1,0,3000,2491-1112
2578525,1204897,2023,21,1,0,3000,2578-1204
2490301,1112224,2023,27,3,6,3000,2490-1112
2715500,1113500,2021,27,1,0,3000,2715-1113
2490312,1112319,2023,27,1,0,3000,2490-1112
2576539,1205339,2022,27,2,0,3000,2576-1205
2716500,1113500,2023,27,2,0,3000,2716-1113
2692894,1285964,2025,27,1,0,3000,2692-1285
2709594,1113921,2022,27,1,0,3000,2709-1113
2492839.4912478,1111972.11949428,2025,27,1,0,3000,2492-1111
2576453,1205241,2023,27,1,3,3000,2576-1205
2713439,1113022,2025,22,1,0,3000,2713-1113
2576463,1205272,2021,33,1,3,3000,2576-1205
2576431,1205350,2022,33,1,3,3000,2576-1205
2710500,1113500,2024,33,1,2,3000,2710-1113
2692655,1285645,2022,33,1,3,3000,2692-1285
2537525,1173521,2021,33,1,3,3000,2537-1173
2710521,1113270,2025,22,1,0,3000,2710-1113
2714500,1114500,2023,39,2,2,3000,2714-1114
2572500,1204500,2022,39,1,3,3000,2572-1204
2576263,1205347,2024,39,1,3,3000,2576-1205
2680874,1272832,2025,46,2,0,3000,2680-1272
2576421,1205341,2021,46,1,0,3000,2576-1205
2576165,1205252,2023,27,1,3,3000,2576-1205
2490343,1112092,2023,27,2,0,3000,2490-1112
2576263.55745271,1205353.17232896,2022,27,1,0,3000,2576-1205
2576263.55745271,1205353.17232896,2022,27,5,0,3000,2576-1205
2578653,1203665,2024,52,2,0,3000,2578-1203
2582337.13101358,1113358.98740927,2023,28,2,4,3000,2582-1113
2572945.55793635,1204379.22464648,2021,27,1,0,3000,2572-1204
2576263.55745271,1205353.17232896,2022,27,2,3,3000,2576-1205
2578531,1203941,2022,52,2,0,3000,2578-1203
2582435,1113852,2023,28,1,2,3000,2582-1113
2709500,1113500,2021,27,2,0,3000,2709-1113
2713490,1113074,2024,28,1,2,3000,2713-1113
2488354,1112366,2023,27,2,0,3000,2488-1112
2491139.51119183,1112622.16671605,2021,28,3,2,3000,2491-1112
2576263.55745271,1205353.17232896,2022,28,1,2,3000,2576-1205
2576263.55745271,1205353.17232896,2023,28,1,3,3000,2576-1205
2576263.55745271,1205353.17232896,2023,28,1,1,3000,2576-1205
2491139.51119183,1112622.16671605,2024,28,3,2,3000,2491-1112
2490194,1112243,2023,27,1,0,3000,2490-1112
2490019,1112412,2025,27,3,0,3000,2490-1112
2490360,1112037,2023,27,1,2,3000,2490-1112
2710613,1113290,2024,28,1,3,3000,2710-1113
2710524,1113279,2024,28,2,1,3000,2710-1113
2714283,1113602,2022,27,2,0,3000,2714-1113
2716692,1113451,2024,27,5,0,3000,2716-1113
2716469,1114016,2023,28,1,3,3000,2716-1114
2618500,1128500,2025,27,1,0,3000,2618-1128
2712635,1113736,2024,28,1,1,3000,2712-1113
2712755,1113717,2024,28,1,3,3000,2712-1113
2490910,1112365,2025,58,1,0,3000,2490-1112
2490367.49844419,1112175.19352428,2023,28,2,3,3000,2490-1112
2490201,1112364,2023,27,2,0,3000,2490-1112
2570747,1203908,2023,27,1,0,3000,2570-1203
2709500,1113500,2021,27,2,0,3000,2709-1113
2620489,1256776,2022,27,1,0,3000,2620-1256
2709836,1113639,2021,27,1,0,3000,2709-1113
2576263.55745271,1205353.17232896,2023,34,3,2,3000,2576-1205
2570500,1203500,2022,27,1,0,3000,2570-1203
2537165.05919441,1174136.85085337,2023,39,1,3,3000,2537-1174
2709587,1113455,2021,27,1,0,3000,2709-1113
2570500,1203500,2022,39,2,4,3000,2570-1203
2490353,1112192,2023,39,5,13,3000,2490-1112
2569805,1192501,2025,46,1,0,3000,2569-1192
2689374,1274277,2021,33,1,3,3000,2689-1274
2709600,1113339,2025,39,1,1,3000,2709-1113
2578781,1203798,2021,46,2,0,3000,2578-1203
2570500,1203500,2025,46,1,0,3000,2570-1203
2491034,1112467,2022,46,2,0,3000,2491-1112
2569795,1192491,2023,46,1,0,3000,2569-1192
2680500,1272500,2022,46,1,0,3000,2680-1272
2710500,1113500,2024,46,2,0,3000,2710-1113
2715500,1113500,2025,21,1,0,3000,2715-1113
2491003,1112630,2021,27,1,2,3000,2491-1112
2490500,1111500,2023,27,1,1,3000,2490-1111
2715500,1113500,2022,27,2,3,3000,2715-1113
2490514,1112294,2023,27,1,1,3000,2490-1112
2490769,1112293,2024,27,2,2,3000,2490-1112
2657500,1189500,2024,27,2,4,3000,2657-1189
2712799,1113820,2025,22,1,0,3000,2712-1113
2716197,1114045,2025,22,2,0,3000,2716-1114
2716198,1114013,2025,22,2,0,3000,2716-1114
2710447.09883396,1113357.57841614,2025,22,1,0,3000,2710-1113
2692487,1285427,2022,34,1,3,3000,2692-1285
2692717,1285745,2022,34,1,3,3000,2692-1285
2692734,1285501,2022,34,1,3,3000,2692-1285
2710567,1113362,2025,22,1,0,3000,2710-1113
2576500,1205500,2025,34,5,4,3000,2576-1205
2715416,1113521,2025,21,2,0,3000,2715-1113
2576774,1205264,2025,34,2,4,3000,2576-1205
2576495,1205373,2025,34,5,4,3000,2576-1205
2576263.55745271,1205353.17232896,2021,28,3,6,3000,2576-1205
2712806,1113771,2025,28,2,2,3000,2712-1113
2573915,1107207,2024,28,3,13,3000,2573-1107
2619568,1128212,2023,28,2,4,3000,2619-1128
2710500,1113500,2024,40,1,2,3000,2710-1113
2492839.4912478,1111972.11949428,2025,40,2,3,3000,2492-1111
2716422,1113232,2024,28,3,1,3000,2716-1113
2716499,1113124,2024,28,3,1,3000,2716-1113
2716280,1114198,2022,40,2,4,3000,2716-1114
2716791,1114002,2023,28,1,3,3000,2716-1114
2716310,1114072,2023,28,1,3,3000,2716-1114
2572183,1204519,2021,40,2,2,3000,2572-1204
2576100,1205149,2023,40,2,4,3000,2576-1205
2572955,1203494,2021,34,4,4,3000,2572-1203
2709500,1113500,2023,21,1,0,3000,2709-1113
2718347,1114956,2025,34,1,3,3000,2718-1114
2716154,1114171,2024,34,2,3,3000,2716-1114
2569817,1192486,2025,21,1,0,3000,2569-1192
2490225,1111666,2022,46,1,0,3000,2490-1111
2714500,1114500,2025,21,1,0,3000,2714-1114
2576780,1205416,2025,46,2,0,3000,2576-1205
2576263.55745271,1205353.17232896,2023,40,1,2,3000,2576-1205
2570500,1203500,2021,40,1,3,3000,2570-1203
2578667.51943261,1203746.12803837,2021,47,3,0,3000,2578-1203
2490500,1112500,2023,27,2,4,3000,2490-1112
2491199,1112059,2025,52,1,0,3000,2491-1112
2490118,1111338,2024,27,1,1,3000,2490-1111
2576263.55745271,1205353.17232896,2022,27,2,7,3000,2576-1205
2576263.55745271,1205353.17232896,2023,27,3,3,3000,2576-1205
2576263.55745271,1205353.17232896,2021,27,1,2,3000,2576-1205
2709836.10043796,1113214.57532459,2023,21,1,0,3000,2709-1113
2714697,1113773,2022,27,1,3,3000,2714-1113
2492624,1111774,2025,27,1,3,3000,2492-1111
2490206,1112230,2023,27,3,2,3000,2490-1112
2490426,1112012,2021,27,2,4,3000,2490-1112
2490638,1112030,2021,27,2,4,3000,2490-1112
2569827,1192403,2025,27,1,3,3000,2569-1192
2490435,1112177,2023,27,4,2,3000,2490-1112
2714437,1114152,2023,27,1,3,3000,2714-1114
2575179,1202388,2022,27,1,2,3000,2575-1202
2618459,1128085,2023,27,2,4,3000,2618-1128
2569789,1192482,2024,27,1,3,3000,2569-1192
2709688,1113683,2023,34,1,3,3000,2709-1113
2576263.55745271,1205353.17232896,2023,34,3,4,3000,2576-1205
2709620,1113819,2021,27,3,2,3000,2709-1113
2569805,1192508,2022,34,1,3,3000,2569-1192
2694984,1275378,2025,34,1,3,3000,2694-1275
2618670.65278626,1128170.52219958,2024,27,1,2,3000,2618-1128
2490231,1112334,2021,27,1,2,3000,2490-1112
2569824,1192503,2022,40,1,3,3000,2569-1192
2490489,1112295,2024,40,1,5,3000,2490-1112
2689395,1274036,2023,34,1,3,3000,2689-1274
2689395,1274035,2023,34,1,3,3000,2689-1274
2492738,1111970,2025,40,1,3,3000,2492-1111
2569777,1192472,2023,46,1,0,3000,2569-1192
2569805,1192501,2024,40,1,3,3000,2569-1192
2569803,1192505,2025,52,1,0,3000,2569-1192
2578666,1203999,2024,52,1,0,3000,2578-1203
2715429,1113566,2025,22,2,0,3000,2715-1113
2491139.51119183,1112622.16671605,2025,22,1,3,3000,2491-1112
2710733,1113289,2025,22,1,0,3000,2710-1113
2716282,1114110,2025,22,1,0,3000,2716-1114
2712500,1113500,2023,22,2,0,3000,2712-1113
2710500,1113500,2023,22,1,0,3000,2710-1113
2712500,1113500,2023,22,2,0,3000,2712-1113
2491139.51119183,1112622.16671605,2024,28,2,2,3000,2491-1112
2712500,1113500,2023,22,2,0,3000,2712-1113
2490674.50214671,1112307.18317357,2022,35,2,2,3000,2490-1112
2576263.55745271,1205353.17232896,2021,35,3,3,3000,2576-1205
2571676,1202666,2022,35,3,4,3000,2571-1202
2580079,1208872,2021,41,1,1,3000,2580-1208
2576263.55745271,1205353.17232896,2023,41,4,4,3000,2576-1205
2576570,1205305,2023,47,2,0,3000,2576-1205
2692835,1285659,2021,28,1,3,3000,2692-1285
2576431,1205337,2025,28,1,3,3000,2576-1205
2491066,1112859,2021,28,1,3,3000,2491-1112
2709667,1113804,2021,28,1,1,3000,2709-1113
2490812,1112280,2024,28,2,2,3000,2490-1112
2576685,1205325,2021,28,1,3,3000,2576-1205
2709603,1113339,2025,47,2,0,3000,2709-1113
2576263.55745271,1205353.17232896,2024,47,1,0,3000,2576-1205
2490850,1112177,2024,28,1,1,3000,2490-1112
2572744,1204755,2021,28,1,3,3000,2572-1204
2491085,1112744,2021,28,1,1,3000,2491-1112
2490350,1112312,2021,28,1,3,3000,2490-1112
2576535,1205268,2023,34,1,1,3000,2576-1205
2490894,1112243,2024,34,1,2,3000,2490-1112
2576535,1205414,2021,40,2,3,3000,2576-1205
2715440,1113570,2025,22,1,0,3000,2715-1113
2715867,1113600,2025,22,1,0,3000,2715-1113
2715440,1113570,2025,22,1,0,3000,2715-1113
2710447.09883396,1113357.57841614,2023,22,1,0,3000,2710-1113
2712500,1113500,2023,22,2,0,3000,2712-1113
2712500,1113500,2023,22,2,0,3000,2712-1113
2559676.2353714,1130311.34797854,2021,28,1,1,3000,2559-1130
2490757,1112430,2021,28,2,4,3000,2490-1112
2576212,1205221,2025,28,4,4,3000,2576-1205
2576208,1205233,2025,28,1,3,3000,2576-1205
2572640,1204544,2021,28,1,3,3000,2572-1204
2490674.50214671,1112307.18317357,2021,28,1,2,3000,2490-1112
2576263.55745271,1205353.17232896,2025,28,4,4,3000,2576-1205
2716278,1113711,2022,34,1,3,3000,2716-1113
2715345,1113501,2024,34,1,3,3000,2715-1113
2569815,1192491,2024,28,1,3,3000,2569-1192
2712508,1113620,2023,23,1,0,3000,2712-1113
2715371,1113339,2024,34,2,2,3000,2715-1113
2715282,1113194,2025,34,2,2,3000,2715-1113
2715521,1113357,2024,34,2,2,3000,2715-1113
2618887,1128190,2021,28,1,2,3000,2618-1128
2618666,1128079,2021,28,1,2,3000,2618-1128
2490625,1112204,2024,34,4,4,3000,2490-1112
2569827,1192423,2025,34,3,13,3000,2569-1192
2491041,1112646,2024,28,5,3,3000,2491-1112
2570500,1203500,2022,34,2,3,3000,2570-1203
2576263.55745271,1205353.17232896,2023,40,2,1,3000,2576-1205
2576452,1205259,2022,29,2,2,3000,2576-1205
2489082,1112724,2025,40,1,3,3000,2489-1112
2716500,1113500,2023,29,1,2,3000,2716-1113
2536941,1171120,2025,40,1,3,3000,2536-1171
2570651,1203756,2023,40,1,3,3000,2570-1203
2569812,1192482,2025,40,1,3,3000,2569-1192
2490674.50214671,1112307.18317356,2023,29,1,3,3000,2490-1112
2570500,1203500,2021,40,1,3,3000,2570-1203
2490836,1111408,2024,46,1,0,3000,2490-1111
2569816,1192503,2023,46,1,0,3000,2569-1192
2490314,1112098,2023,46,7,0,3000,2490-1112
2569794,1192500,2024,46,1,0,3000,2569-1192
2710500,1113500,2024,41,1,2,3000,2710-1113
2578632,1203933,2021,47,2,0,3000,2578-1203
2713244,1113885,2025,22,1,0,3000,2713-1113
2576424,1205344,2024,28,1,2,3000,2576-1205
2576677,1205015,2025,28,1,1,3000,2576-1205
2490890,1112275,2021,28,2,2,3000,2490-1112
2576599,1205318,2022,28,1,2,3000,2576-1205
2716410.0839195,1113823.61702929,2023,28,1,3,3000,2716-1113
2490328,1112160,2024,34,2,4,3000,2490-1112
2489154,1113016,2024,34,1,3,3000,2489-1113
2490345,1112134,2025,34,2,3,3000,2490-1112
2491110,1112413,2021,34,3,1,3000,2491-1112
2490890,1112321,2025,34,1,2,3000,2490-1112
2578629,1203864,2021,40,1,2,3000,2578-1203
2578675,1203741,2021,40,1,2,3000,2578-1203
2489281,1112868,2025,40,2,2,3000,2489-1112
2576684,1205311,2025,40,1,3,3000,2576-1205
2573791,1203317,2023,40,1,3,3000,2573-1203
2576627,1205291,2025,46,2,0,3000,2576-1205
2712500,1113500,2023,23,1,0,3000,2712-1113
2712361,1113672,2025,23,2,0,3000,2712-1113
2712947,1113901,2025,23,2,0,3000,2712-1113
2569804,1192504,2025,22,1,0,3000,2569-1192
2490367.49844419,1112175.19352428,2023,29,2,4,3000,2490-1112
2557508,1191630,2023,29,1,2,3000,2557-1191
2718466,1114987,2023,29,1,3,3000,2718-1114
2715500,1113500,2024,28,2,1,3000,2715-1113
2576263.55745271,1205353.17232896,2021,29,1,2,3000,2576-1205
2576263.55745271,1205353.17232896,2023,29,5,2,3000,2576-1205
2489184.52091186,1112896.2246438,2025,28,1,2,3000,2489-1112
2712794,1113809,2021,29,1,3,3000,2712-1113
2572832,1204635,2021,28,1,3,3000,2572-1204
2491077,1112851,2021,28,1,3,3000,2491-1112
2491048,1112860,2021,28,1,3,3000,2491-1112
2580134,1208862,2022,29,1,3,3000,2580-1208
2576500,1205500,2025,28,3,3,3000,2576-1205
2715547,1113529,2024,28,2,1,3000,2715-1113
2576651,1205924,2025,28,1,1,3000,2576-1205
2490748,1112183,2021,28,2,2,3000,2490-1112
2569801,1192494,2024,34,1,3,3000,2569-1192
2490507,1112208,2024,34,1,3,3000,2490-1112
2490821,1112069,2025,34,3,1,3000,2490-1112
2569806,1192509,2022,34,1,3,3000,2569-1192
2559500,1130500,2024,34,1,2,3000,2559-1130
2572813,1204620,2021,40,1,2,3000,2572-1204
2716283,1113766,2022,40,1,3,3000,2716-1113
2490398,1115921,2024,40,1,1,3000,2490-1115
2578667.51943261,1203746.12803837,2023,47,5,0,3000,2578-1203
2572771,1204583,2021,40,1,3,3000,2572-1204
2569834,1192475,2025,40,1,3,3000,2569-1192
2569797,1192504,2024,40,1,3,3000,2569-1192
2709609,1113698,2022,40,3,3,3000,2709-1113
2490606,1112252,2024,46,9,0,3000,2490-1112
2710655,1113822,2024,46,1,0,3000,2710-1113
2490889.47316003,1111339.1835988,2024,46,3,0,3000,2490-1111
2569807,1192506,2022,46,1,0,3000,2569-1192
2569816,1192533,2021,46,1,0,3000,2569-1192
2709628.1002368,1113293.57333526,2023,46,1,0,3000,2709-1113
2709628.1002368,1113293.57333526,2023,46,1,0,3000,2709-1113
2569817,1192514,2025,52,1,0,3000,2569-1192
2709668,1113802,2023,22,1,0,3000,2709-1113
2709683,1113826,2023,22,1,0,3000,2709-1113
2716329,1113606,2022,23,1,0,3000,2716-1113
2710500,1114500,2021,23,1,0,3000,2710-1114
2712851,1113830,2023,23,1,0,3000,2712-1113
2712508,1113601,2023,23,1,0,3000,2712-1113
2490367.49844419,1112175.19352428,2021,29,1,3,3000,2490-1112
2490500,1111500,2025,28,3,3,3000,2490-1111
2716484,1114007,2022,29,2,3,3000,2716-1114
2716313,1114164,2021,29,1,1,3000,2716-1114
2487296,1111246,2023,29,2,4,3000,2487-1111
2576448,1205276,2023,29,3,14,3000,2576-1205
2576500,1205500,2024,28,2,3,3000,2576-1205
2692360,1285652,2022,28,1,3,3000,2692-1285
2537035,1174415,2025,28,1,3,3000,2537-1174
2824565,1190889,2024,28,2,4,3000,2824-1190
2824559,1190886,2024,28,2,4,3000,2824-1190
2713040,1113790,2024,28,2,3,3000,2713-1113
2576635,1205290,2024,28,1,1,3000,2576-1205
2710736,1113811,2024,28,1,3,3000,2710-1113
2576441,1205480,2023,28,2,3,3000,2576-1205
2576470,1205312,2023,28,2,3,3000,2576-1205
2576657,1205368,2025,28,2,3,3000,2576-1205
2618639,1128162,2023,28,1,2,3000,2618-1128
2576611,1205417,2024,28,1,2,3000,2576-1205
2576701,1205319,2021,28,1,3,3000,2576-1205
2490984,1112345,2024,28,3,1,3000,2490-1112
2576493,1205379,2024,28,1,3,3000,2576-1205
2492839.4912478,1111972.11949428,2025,35,1,1,3000,2492-1111
2716410.0839195,1113823.61702929,2024,28,3,2,3000,2716-1113
2488987,1112980,2025,28,2,1,3000,2488-1112
2490332,1111271,2025,28,1,2,3000,2490-1111
2576263.55745271,1205353.17232896,2023,41,3,2,3000,2576-1205
2716722,1113873,2023,28,1,3,3000,2716-1113
2537314,1173702,2021,34,1,3,3000,2537-1173
2576493,1205300,2022,34,1,10,3000,2576-1205
2576663,1205039,2025,34,1,1,3000,2576-1205
2576471,1205340,2023,34,4,4,3000,2576-1205
2576600,1205288,2024,34,2,2,3000,2576-1205
2709564,1113402,2021,34,1,3,3000,2709-1113
2576509,1205389,2021,34,5,4,3000,2576-1205
2576702,1205325,2022,34,1,3,3000,2576-1205
2576263.55745271,1205353.17232896,2023,34,4,4,3000,2576-1205
2576263.55745271,1205353.17232896,2025,34,1,1,3000,2576-1205
2576418,1205285,2023,34,2,1,3000,2576-1205
2572500,1204500,2021,34,1,2,3000,2572-1204
2712500,1113500,2025,22,1,0,3000,2712-1113
2709628.1002368,1113293.57333526,2023,22,1,0,3000,2709-1113
2570508,1203809,2022,22,1,0,3000,2570-1203
2620281,1256656,2024,28,1,3,3000,2620-1256
2576263.55745271,1205353.17232896,2023,28,6,3,3000,2576-1205
2576263.55745271,1205353.17232896,2025,28,2,3,3000,2576-1205
2490212,1112213,2023,28,2,4,3000,2490-1112
2576263.55745271,1205353.17232896,2022,28,2,4,3000,2576-1205
2490459,1112158,2023,28,3,2,3000,2490-1112
2716483,1113131,2024,28,5,1,3000,2716-1113
2489184.52091186,1112896.2246438,2025,28,2,6,3000,2489-1112
2689421,1275692,2025,28,1,3,3000,2689-1275
2689625,1275396,2025,28,1,3,3000,2689-1275
2689545,1275564,2025,28,1,3,3000,2689-1275
2490167,1112202,2023,34,2,1,3000,2490-1112
2487211,1111059,2023,34,1,3,3000,2487-1111
2576363,1205350,2025,40,2,4,3000,2576-1205
2569814,1192495,2025,40,1,3,3000,2569-1192
2490412,1112180,2024,40,4,1,3000,2490-1112
2709625,1113302,2023,40,1,3,3000,2709-1113
2710595,1113206,2021,23,1,0,3000,2710-1113
2569820,1192538,2021,46,1,0,3000,2569-1192
2569810,1192488,2023,46,1,0,3000,2569-1192
2569791,1192443,2025,46,1,0,3000,2569-1192
2578667.51943261,1203746.12803837,2021,46,9,0,3000,2578-1203
2712232,1113146,2024,23,2,0,3000,2712-1113
2712284,1113144,2022,23,1,0,3000,2712-1113
2716500,1113500,2022,23,2,0,3000,2716-1113
2716500,1113500,2021,53,1,0,3000,2716-1113
2714971,1113559,2022,29,2,3,3000,2714-1113
2576449,1205232,2025,29,1,1,3000,2576-1205
2709500,1113500,2023,29,1,3,3000,2709-1113
2710500,1113500,2022,29,1,3,3000,2710-1113
2712500,1113500,2022,29,1,2,3000,2712-1113
2716111,1114156,2022,29,1,1,3000,2716-1114
2716878,1114028,2025,29,2,4,3000,2716-1114
2491139.51119183,1112622.16671605,2021,29,4,3,3000,2491-1112
2576263.55745271,1205353.17232896,2025,29,1,3,3000,2576-1205
2576263.55745271,1205353.17232896,2023,29,5,2,3000,2576-1205
2490481.51409212,1112705.18624407,2024,29,2,2,3000,2490-1112
2576263.55745271,1205353.17232896,2021,29,1,3,3000,2576-1205
2491139.51119183,1112622.16671605,2025,48,2,0,3000,2491-1112
2715317,1113848,2022,22,1,0,3000,2715-1113
2716443,1113992,2023,28,1,3,3000,2716-1113
2692847,1285655,2022,28,2,4,3000,2692-1285
2716258,1114041,2024,28,1,3,3000,2716-1114
2576500,1205500,2022,28,3,3,3000,2576-1205
2490397,1112307,2023,28,3,3,3000,2490-1112
2490829,1112139,2024,28,2,2,3000,2490-1112
2490874,1112119,2024,28,2,4,3000,2490-1112
2693956,1286828,2024,28,1,3,3000,2693-1286
2490656,1112310,2021,28,1,3,3000,2490-1112
2490792,1112198,2024,28,2,2,3000,2490-1112
2576472,1205367,2022,28,3,1,3000,2576-1205
2576714,1205314,2023,28,1,3,3000,2576-1205
2576490,1205374,2024,28,2,4,3000,2576-1205
2619500,1128500,2023,28,2,2,3000,2619-1128
2576489,1205309,2025,34,3,3,3000,2576-1205
2576431,1205348,2021,34,2,4,3000,2576-1205
2576660,1205305,2021,34,1,3,3000,2576-1205
2576418,1205335,2024,34,1,2,3000,2576-1205
2576444,1205351,2022,34,2,7,3000,2576-1205
2678992,1273668,2022,34,1,3,3000,2678-1273
2576594,1205278,2025,40,2,3,3000,2576-1205
2576652,1205311,2025,40,2,3,3000,2576-1205
2576452,1205293,2023,40,1,1,3000,2576-1205
2576690,1205106,2024,40,1,3,3000,2576-1205
2680706,1272384,2025,40,1,2,3000,2680-1272
2710500,1113500,2025,22,1,0,3000,2710-1113
2713500,1113500,2024,23,1,0,3000,2713-1113
2710500,1113500,2024,23,1,0,3000,2710-1113
2715621,1113100,2025,22,1,0,3000,2715-1113
2576678,1205054,2024,47,2,0,3000,2576-1205
2712702,1113833,2022,23,1,0,3000,2712-1113
2716281,1114083,2022,23,1,0,3000,2716-1114
2710379,1113265,2025,22,1,0,3000,2710-1113
2710680,1113782,2024,23,1,0,3000,2710-1113
2710689,1113755,2024,23,1,0,3000,2710-1113
2715500,1113500,2021,22,1,0,3000,2715-1113
2710500,1113500,2024,23,1,0,3000,2710-1113
2716500,1113500,2021,22,2,0,3000,2716-1113
2490199.47395831,1111350.20469332,2025,22,1,0,3000,2490-1111
2712500,1113500,2025,22,1,0,3000,2712-1113
2579999,1205830,2025,29,2,4,3000,2579-1205
2710500,1113500,2025,22,1,0,3000,2710-1113
2576263.55745271,1205353.17232896,2022,29,3,2,3000,2576-1205
2576263.55745271,1205353.17232896,2023,29,2,4,3000,2576-1205
2491139.51119183,1112622.16671605,2024,29,1,3,3000,2491-1112
2559500,1130500,2021,28,2,1,3000,2559-1130
2619500,1128500,2023,28,2,2,3000,2619-1128
2710585,1113307,2024,28,2,6,3000,2710-1113
2689585,1275150,2025,29,2,4,3000,2689-1275
2710655,1113390,2024,28,2,2,3000,2710-1113
2576263.55745271,1205353.17232896,2024,28,2,2,3000,2576-1205
2576263.55745271,1205353.17232896,2024,28,2,3,3000,2576-1205
2576263.55745271,1205353.17232896,2024,36,1,3,3000,2576-1205
2489256,1112835,2025,28,3,3,3000,2489-1112
2576500,1205500,2024,28,2,4,3000,2576-1205
2572893,1204457,2025,36,1,2,3000,2572-1204
2560118.24931875,1130881.33845116,2021,28,1,2,3000,2560-1130
2490283,1112309,2024,28,1,1,3000,2490-1112
2569814,1192430,2025,28,1,3,3000,2569-1192
2490870,1112115,2024,28,2,4,3000,2490-1112
2709660,1113803,2024,28,1,1,3000,2709-1113
2490456,1111324,2024,28,1,3,3000,2490-1111
2709628.1002368,1113293.57333526,2024,28,2,3,3000,2709-1113
2718360,1114961,2025,36,1,3,3000,2718-1114
2710500,1113500,2024,34,1,3,3000,2710-1113
2544824,1178137,2025,34,3,13,3000,2544-1178
2491139.51119183,1112622.16671605,2021,34,4,4,3000,2491-1112
2576756,1205299,2025,34,1,10,3000,2576-1205
2490389,1112178,2023,34,2,2,3000,2490-1112
2569801,1192491,2025,34,1,3,3000,2569-1192
2490651,1112216,2022,34,1,1,3000,2490-1112
2490886,1111493,2022,34,1,3,3000,2490-1111
2714622,1113694,2024,34,1,3,3000,2714-1113
2578667.51943261,1203746.12803837,2023,48,6,0,3000,2578-1203
2578667.51943261,1203746.12803837,2021,48,6,0,3000,2578-1203
2569807,1192495,2024,34,1,3,3000,2569-1192
2537165.05919441,1174136.85085337,2024,40,1,3,3000,2537-1174
2570628,1203747,2021,40,1,3,3000,2570-1203
2569821,1192504,2022,40,1,3,3000,2569-1192
2569797,1192469,2023,40,1,3,3000,2569-1192
2490141,1112070,2023,40,1,3,3000,2490-1112
2569821,1192500,2024,40,1,3,3000,2569-1192
2569812,1192505,2024,47,1,0,3000,2569-1192
2569805,1192491,2025,47,1,0,3000,2569-1192
2569810,1192500,2021,47,1,0,3000,2569-1192
2714500,1114500,2024,53,2,0,3000,2714-1114
2490478,1112147,2025,22,1,0,3000,2490-1112
2573254.9265452,1107392.16009338,2025,22,1,0,3000,2573-1107
2824691,1190934,2024,28,1,1,3000,2824-1190
2692644,1285531,2021,28,1,3,3000,2692-1285
2716484,1113916,2023,28,1,3,3000,2716-1113
2824807,1190900,2024,28,1,2,3000,2824-1190
2576836,1205369,2023,28,1,3,3000,2576-1205
2576639,1205349,2024,28,2,3,3000,2576-1205
2710909,1113921,2025,24,1,0,3000,2710-1113
2572673,1204663,2021,28,1,3,3000,2572-1204
2490462.60499855,1115806.16573781,2025,24,1,0,3000,2490-1115
2490305,1112300,2023,28,4,2,3000,2490-1112
2490888,1112112,2024,28,4,2,3000,2490-1112
2490303,1112304,2023,28,7,4,3000,2490-1112
2490185,1112834,2023,28,2,2,3000,2490-1112
2714500,1114500,2025,28,3,2,3000,2714-1114
2710968.0960105,1113724.57925709,2024,28,2,2,3000,2710-1113
2576263.55745271,1205353.17232896,2021,28,1,2,3000,2576-1205
2712548,1112054,2025,24,1,0,3000,2712-1112
2578720,1203862,2023,24,1,0,3000,2578-1203
2712696,1113310,2021,24,1,0,3000,2712-1113
2576485,1205319,2024,35,1,3,3000,2576-1205
2576463,1205253,2022,35,2,3,3000,2576-1205
2714930,1113548,2022,30,1,3,3000,2714-1113
2572873,1204495,2021,35,1,3,3000,2572-1204
2576071,1205295,2021,35,2,2,3000,2576-1205
2572032,1204613,2021,30,1,2,3000,2572-1204
2578500,1203500,2022,30,1,3,3000,2578-1203
2576588,1205359,2023,41,3,3,3000,2576-1205
2490827,1112254,2023,41,1,2,3000,2490-1112
2576780,1205326,2023,41,1,3,3000,2576-1205
2715317,1113104,2025,22,1,0,3000,2715-1113
2576500,1205500,2022,30,2,6,3000,2576-1205
2490112,1112218,2022,47,3,0,3000,2490-1112
2715500,1113500,2025,22,1,0,3000,2715-1113
2576263.55745271,1205353.17232896,2024,36,1,3,3000,2576-1205
2537888,1173604,2021,36,4,1,3000,2537-1173
2491162,1112573,2025,22,1,0,3000,2491-1112
2490500,1112500,2024,28,5,2,3000,2490-1112
2576263.55745271,1205353.17232896,2024,42,4,3,3000,2576-1205
2570500,1203500,2023,28,1,3,3000,2570-1203
2578655,1203662,2024,48,4,0,3000,2578-1203
2716410.0839195,1113823.61702929,2021,28,2,4,3000,2716-1113
2490292,1112166,2023,28,7,2,3000,2490-1112
2489994,1112657,2025,28,1,2,3000,2489-1112
2569804,1192502,2022,28,1,3,3000,2569-1192
2490836,1112141,2024,28,2,4,3000,2490-1112
2576263.55745271,1205353.17232896,2022,28,3,3,3000,2576-1205
2490674.50214671,1112307.18317356,2024,28,4,2,3000,2490-1112
2535128,1171261,2025,35,1,3,3000,2535-1171
2490384,1112175,2021,35,2,2,3000,2490-1112
2569801,1192459,2025,35,1,3,3000,2569-1192
2576263.55745271,1205353.17232896,2025,35,2,2,3000,2576-1205
2490481.51409212,1112705.18624407,2021,35,5,2,3000,2490-1112
2689542,1275681,2024,35,2,3,3000,2689-1275
2689543,1275682,2024,35,2,3,3000,2689-1275
2689591,1275032,2024,35,1,3,3000,2689-1275
2689591,1275033,2024,35,1,3,3000,2689-1275
2578667.51943261,1203746.12803837,2024,47,6,0,3000,2578-1203
2488838,1112991,2022,47,1,0,3000,2488-1112
2490074,1112259,2022,47,4,0,3000,2490-1112
2569812,1192492,2021,47,1,0,3000,2569-1192
2569797,1192462,2025,47,1,0,3000,2569-1192
2569814,1192498,2024,47,1,0,3000,2569-1192
2490500,1112500,2022,47,8,0,3000,2490-1112
2490161,1112331,2022,47,4,0,3000,2490-1112
2490420,1112896,2022,47,2,0,3000,2490-1112
2572830,1204582,2022,47,2,0,3000,2572-1204
2709635,1113375,2023,47,1,0,3000,2709-1113
2490424,1112905,2022,47,2,0,3000,2490-1112
2491148,1112607,2024,47,1,0,3000,2491-1112
2559784,1130435,2025,53,1,0,3000,2559-1130
2712726,1113621,2025,24,2,0,3000,2712-1113
2709500,1113500,2024,24,1,3,3000,2709-1113
2576263.55745271,1205353.17232896,2023,24,1,0,3000,2576-1205
2709628.1002368,1113293.57333526,2023,23,1,0,3000,2709-1113
2578667.51943261,1203746.12803837,2021,24,1,0,3000,2578-1203
2559500,1130500,2025,24,2,4,3000,2559-1130
2572500,1204500,2022,24,1,0,3000,2572-1204
2716138,1114068,2024,24,2,0,3000,2716-1114
2709677,1113976,2024,24,2,4,3000,2709-1113
2709694,1113972,2024,24,2,4,3000,2709-1113
2619467,1128263,2023,24,2,0,3000,2619-1128
2710692,1113723,2025,24,1,0,3000,2710-1113
2619554,1128272,2023,24,2,0,3000,2619-1128
2710477,1113177,2024,24,1,0,3000,2710-1113
2571491,1202885,2025,30,1,2,3000,2571-1202
2715652,1114317,2023,29,1,1,3000,2715-1114
2490541,1111098,2025,29,1,3,3000,2490-1111
2715653,1114356,2023,29,3,6,3000,2715-1114
2490481.51409212,1112705.18624407,2023,30,2,3,3000,2490-1112
2576529,1205256,2022,29,2,2,3000,2576-1205
2490781,1112270,2022,29,1,2,3000,2490-1112
2576637,1205292,2022,29,2,3,3000,2576-1205
2678679,1273919,2023,29,1,3,3000,2678-1273
2678860,1273915,2023,29,2,4,3000,2678-1273
2678860,1273914,2023,29,2,4,3000,2678-1273
2678678,1273918,2023,29,1,3,3000,2678-1273
2578500,1204500,2022,29,2,4,3000,2578-1204
2572822,1203089,2023,36,2,4,3000,2572-1203
2716275,1113787,2025,29,1,3,3000,2716-1113
2490651,1112300,2021,35,2,2,3000,2490-1112
2576263.55745271,1205353.17232896,2022,42,2,3,3000,2576-1205
2490500,1112500,2022,42,1,1,3000,2490-1112
2490697,1111906,2025,41,1,2,3000,2490-1111
2572500,1204500,2022,41,1,3,3000,2572-1204
2578667.51943261,1203746.12803837,2023,48,4,0,3000,2578-1203
2716500,1113500,2022,23,1,0,3000,2716-1113
2490367.49844419,1112175.19352428,2023,48,10,0,3000,2490-1112
2709628.1002368,1113293.57333526,2025,47,1,0,3000,2709-1113
2709631,1113246,2025,47,1,0,3000,2709-1113
2680501,1272504,2022,47,6,0,3000,2680-1272
2710687,1113301,2025,23,1,0,3000,2710-1113
2710447.09883396,1113357.57841614,2025,23,1,0,3000,2710-1113
2491139.51119183,1112622.16671605,2022,29,1,3,3000,2491-1112
2492768,1111959,2021,29,1,2,3000,2492-1111
2715951,1113654,2023,29,1,3,3000,2715-1113
2489155,1112784,2023,29,2,2,3000,2489-1112
2569797,1192332,2025,29,1,3,3000,2569-1192
2490480,1111269,2025,29,1,3,3000,2490-1111
2490108,1112111,2022,29,1,2,3000,2490-1112
2490522,1112208,2023,29,1,3,3000,2490-1112
2576122,1205292,2021,29,1,3,3000,2576-1205
2491018,1112643,2022,29,1,3,3000,2491-1112
2576455,1205245,2023,29,2,4,3000,2576-1205
2487023,1111085,2025,35,1,1,3000,2487-1111
2569806,1192502,2021,35,1,3,3000,2569-1192
2569801,1192496,2024,35,1,3,3000,2569-1192
2487301,1111249,2022,35,1,2,3000,2487-1111
2489168,1112898,2024,35,1,3,3000,2489-1112
2490645,1111070,2021,41,1,3,3000,2490-1111
2491079,1112376,2021,35,1,3,3000,2491-1112
2569795,1192513,2025,41,1,3,3000,2569-1192
2580154,1208740,2021,41,1,2,3000,2580-1208
2709628.1002368,1113293.57333526,2023,41,2,2,3000,2709-1113
2569817,1192508,2024,47,1,0,3000,2569-1192
2569796,1192503,2023,47,1,0,3000,2569-1192
2578534,1203799,2022,47,1,0,3000,2578-1203
2716398,1114082,2021,24,1,0,3000,2716-1114
2718238,1114425,2025,24,2,0,3000,2718-1114
2716274,1114202,2021,24,1,0,3000,2716-1114
2718238,1114425,2025,24,2,0,3000,2718-1114
2716373,1114157,2021,24,2,0,3000,2716-1114
2710670,1113714,2025,24,1,0,3000,2710-1113
2712560,1113701,2023,24,1,0,3000,2712-1113
2716247,1114144,2022,30,1,3,3000,2716-1114
2576263.55745271,1205353.17232896,2021,30,1,2,3000,2576-1205
2572945.55793635,1204379.22464648,2021,30,1,2,3000,2572-1204
2490889.47316003,1111339.18359881,2022,30,2,2,3000,2490-1111
2492859,1111976,2024,36,1,3,3000,2492-1111
2709796,1113991,2023,23,1,0,3000,2709-1113
2709542,1113382,2023,23,1,0,3000,2709-1113
2710144,1113093,2025,23,1,0,3000,2710-1113
2576449,1205316,2021,23,1,0,3000,2576-1205
2578833,1204683,2022,29,1,3,3000,2578-1204
2713278,1113835,2021,29,4,2,3000,2713-1113
2576747,1205317,2022,29,1,3,3000,2576-1205
2491080,1112083,2023,29,1,2,3000,2491-1112
2490915,1112276,2024,29,5,2,3000,2490-1112
2576466,1205263,2022,29,1,3,3000,2576-1205
2576629,1205284,2022,29,1,3,3000,2576-1205
2576622,1205309,2022,29,2,4,3000,2576-1205
2537377,1173936,2021,29,1,2,3000,2537-1173
2491113,1112591,2024,29,1,2,3000,2491-1112
2491541,1112016,2021,29,4,2,3000,2491-1112
2490301,1112081,2023,29,1,1,3000,2490-1112
2537180,1173642,2024,35,1,3,3000,2537-1173
2537172,1174258,2024,35,1,3,3000,2537-1174
2576661,1205362,2025,35,2,3,3000,2576-1205
2490361,1112324,2025,35,1,3,3000,2490-1112
2490579,1111266,2025,35,1,3,3000,2490-1111
2712500,1113500,2023,23,1,0,3000,2712-1113
2576580,1205283,2024,41,1,2,3000,2576-1205
2710500,1113500,2024,41,1,2,3000,2710-1113
2570500,1203500,2022,23,1,0,3000,2570-1203
2716500,1114500,2024,23,2,0,3000,2716-1114
2576379,1205224,2023,29,2,3,3000,2576-1205
2576152,1205296,2023,29,1,2,3000,2576-1205
2715906,1113701,2023,29,1,1,3000,2715-1113
2490331,1111341,2023,29,1,3,3000,2490-1111
2714218,1114010,2024,29,1,3,3000,2714-1114
2714059,1113337,2022,29,2,4,3000,2714-1113
2714359,1113475,2022,29,1,3,3000,2714-1113
2569803,1192499,2023,29,1,3,3000,2569-1192
2490488,1111261,2022,29,1,3,3000,2490-1111
2490903,1111442,2021,29,2,2,3000,2490-1111
2490912,1112302,2024,29,5,1,3000,2490-1112
2569826,1192509,2022,35,1,3,3000,2569-1192
2694929,1275353,2022,35,1,3,3000,2694-1275
2576500,1205500,2025,41,1,3,3000,2576-1205
2560063,1130577,2024,35,2,4,3000,2560-1130
2715204,1113085,2024,24,1,0,3000,2715-1113
2712524,1113718,2023,24,1,0,3000,2712-1113
2712612,1113842,2023,24,1,0,3000,2712-1113
2712733,1113963,2022,24,6,0,3000,2712-1113
2715494,1113497,2021,24,7,0,3000,2715-1113
2569796,1192469,2022,41,1,3,3000,2569-1192
2569805,1192493,2024,41,1,3,3000,2569-1192
2716085,1113505,2023,24,1,0,3000,2716-1113
2576263.55745271,1205353.17232896,2025,24,2,0,3000,2576-1205
2489205,1112883,2025,35,1,3,3000,2489-1112
2490367.49844419,1112175.19352428,2023,24,2,0,3000,2490-1112
2490546,1111892,2024,41,1,2,3000,2490-1111
2718036,1114746,2021,24,2,0,3000,2718-1114
2716913,1114034,2022,24,1,0,3000,2716-1114
2689500,1274500,2025,41,1,3,3000,2689-1274
2709910,1113130,2022,24,1,0,3000,2709-1113
2710725,1113847,2025,24,1,0,3000,2710-1113
2569808,1192503,2024,47,1,0,3000,2569-1192
2569802,1192498,2025,47,1,0,3000,2569-1192
2570517,1203524,2024,30,1,2,3000,2570-1203
2576263.55745271,1205353.17232896,2021,30,5,3,3000,2576-1205
2576263.55745271,1205353.17232896,2021,30,5,3,3000,2576-1205
2576263.55745271,1205353.17232896,2022,30,3,3,3000,2576-1205
2491139.51119183,1112622.16671605,2025,30,1,1,3000,2491-1112
2576263.55745271,1205353.17232896,2022,30,3,4,3000,2576-1205
2576263.55745271,1205353.17232896,2025,30,1,3,3000,2576-1205
2490674.50214671,1112307.18317357,2021,30,1,2,3000,2490-1112
2490367.49844419,1112175.19352428,2025,30,1,3,3000,2490-1112
2716363,1114223,2025,30,2,3,3000,2716-1114
2569815,1192492,2022,47,1,0,3000,2569-1192
2491139.51119183,1112622.16671605,2025,36,1,3,3000,2491-1112
2576263.55745271,1205353.17232896,2023,36,2,3,3000,2576-1205
2578209,1203776,2024,53,2,0,3000,2578-1203
2578667.51943261,1203746.12803837,2023,49,4,0,3000,2578-1203
2578667.51943261,1203746.12803837,2023,49,4,0,3000,2578-1203
2578667.51943261,1203746.12803837,2023,49,6,0,3000,2578-1203
2578667.51943261,1203746.12803837,2023,49,4,0,3000,2578-1203
2578667.51943261,1203746.12803837,2021,49,12,0,3000,2578-1203
2578667.51943261,1203746.12803837,2021,49,10,0,3000,2578-1203
2578805,1203683,2023,49,4,0,3000,2578-1203
2490481.51409212,1112705.18624407,2024,49,2,0,3000,2490-1112
2576721,1205311,2023,23,2,0,3000,2576-1205
2716251,1113838,2024,23,1,2,3000,2716-1113
2490500,1112500,2021,29,1,3,3000,2490-1112
2576444,1205273,2023,29,3,14,3000,2576-1205
2576549,1205286,2022,29,1,2,3000,2576-1205
2576406,1205358,2024,29,2,1,3000,2576-1205
2716410.0839195,1113823.61702929,2021,29,2,1,3000,2716-1113
2490309,1111268,2021,29,1,3,3000,2490-1111
2489090.52921181,1113173.22555659,2025,41,2,2,3000,2489-1113
2576633,1205293,2023,41,1,1,3000,2576-1205
2710656,1113794,2022,23,1,0,3000,2710-1113
2716074,1113487,2022,23,1,0,3000,2716-1113
2716260,1113740,2022,23,2,0,3000,2716-1113
2716266,1114046,2022,24,1,0,3000,2716-1114
2716266,1114046,2022,24,2,0,3000,2716-1114
2712500,1113500,2023,23,2,0,3000,2712-1113
2715033,1112938,2022,24,2,0,3000,2715-1112
2570500,1203500,2021,24,1,0,3000,2570-1203
2716410.0839195,1113823.61702929,2022,23,2,0,3000,2716-1113
2619216,1128095,2021,24,3,0,3000,2619-1128
2710703,1113770,2023,24,1,0,3000,2710-1113
2710716,1113831,2022,24,1,0,3000,2710-1113
2710500,1113500,2023,23,1,0,3000,2710-1113
2571500,1202500,2021,24,1,0,3000,2571-1202
2716500,1113500,2022,24,2,0,3000,2716-1113
2490950,1111446,2023,29,1,3,3000,2490-1111
2710500,1113500,2022,23,1,0,3000,2710-1113
2712455,1113535,2022,24,1,0,3000,2712-1113
2712107,1113103,2021,24,1,0,3000,2712-1113
2712391,1113617,2022,24,5,0,3000,2712-1113
2712631,1113821,2022,24,4,0,3000,2712-1113
2490755.50618846,1112445.17970938,2021,29,1,3,3000,2490-1112
2712682,1113879,2022,24,3,0,3000,2712-1113
2712774,1113665,2022,24,3,0,3000,2712-1113
2712682,1113888,2022,24,1,0,3000,2712-1113
2712693,1113856,2022,24,3,0,3000,2712-1113
2715500,1113500,2025,24,2,0,3000,2715-1113
2576263.55745271,1205353.17232896,2025,24,1,2,3000,2576-1205
2576681,1205277,2021,30,1,3,3000,2576-1205
2569790,1192463,2025,29,1,3,3000,2569-1192
2569812,1192492,2022,29,1,3,3000,2569-1192
2710968.0960105,1113724.57925709,2022,23,1,0,3000,2710-1113
2714902,1113400,2022,30,2,1,3000,2714-1113
2576263.55745271,1205353.17232896,2022,29,4,2,3000,2576-1205
2572966,1204345,2021,29,2,4,3000,2572-1204
2560237,1130247,2025,29,3,2,3000,2560-1130
2559633,1130683,2025,29,3,2,3000,2559-1130
2560320,1130344,2025,29,3,1,3000,2560-1130
2576399,1205257,2023,29,2,3,3000,2576-1205
2490417,1112901,2021,29,1,2,3000,2490-1112
2576263.55745271,1205353.17232896,2022,30,4,2,3000,2576-1205
2578667.51943261,1203746.12803837,2022,30,1,2,3000,2578-1203
2492838,1111966,2024,35,1,1,3000,2492-1111
2716281,1114070,2023,37,2,1,3000,2716-1114
2716282,1114065,2023,37,2,2,3000,2716-1114
2618670.65278626,1128170.52219958,2025,29,5,4,3000,2618-1128
2569801,1192439,2025,35,1,3,3000,2569-1192
2569811,1192507,2023,35,1,3,3000,2569-1192
2490247,1112201,2023,35,2,6,3000,2490-1112
2576263.55745271,1205353.17232896,2022,37,2,4,3000,2576-1205
2576263.55745271,1205353.17232896,2022,37,3,2,3000,2576-1205
2576263.55745271,1205353.17232896,2021,37,2,3,3000,2576-1205
2490827,1111423,2022,29,1,2,3000,2490-1111
2491139.51119183,1112622.16671605,2022,43,2,3,3000,2491-1112
2490743,1112284,2023,35,1,3,3000,2490-1112
2569818,1192449,2025,41,1,3,3000,2569-1192
2578667.51943261,1203746.12803837,2022,49,5,0,3000,2578-1203
2569894,1192559,2021,47,1,0,3000,2569-1192
2490278,1112025,2025,47,9,0,3000,2490-1112
2569822,1192507,2024,47,1,0,3000,2569-1192
2691299,1273965,2021,41,2,4,3000,2691-1273
2716458,1113804,2023,54,1,0,3000,2716-1113
2578500,1203500,2022,47,1,0,3000,2578-1203
2578595,1203622,2022,47,1,0,3000,2578-1203
2569810,1192485,2023,47,1,0,3000,2569-1192
2716410.0839195,1113823.61702929,2022,23,3,0,3000,2716-1113
2716054,1113845,2022,23,3,0,3000,2716-1113
2572070,1203133,2024,31,1,2,3000,2572-1203
2576471,1205247,2022,31,1,3,3000,2576-1205
2576629,1205285,2025,31,2,2,3000,2576-1205
2576263.55745271,1205353.17232896,2024,31,1,1,3000,2576-1205
2712500,1113500,2024,23,2,0,3000,2712-1113
2716299,1114061,2024,31,1,1,3000,2716-1114
2716251,1114039,2024,31,2,3,3000,2716-1114
2570500,1203500,2021,29,,1,3000,2570-1203
2490674.50214671,1112307.18317357,2021,43,2,2,3000,2490-1112
2572873,1204495,2025,29,1,3,3000,2572-1204
2689500,1274500,2021,43,1,3,3000,2689-1274
2576475,1205093,2025,29,2,1,3000,2576-1205
2576263.55745271,1205353.17232896,2021,29,2,3,3000,2576-1205
2576263.55745271,1205353.17232896,2021,29,4,3,3000,2576-1205
2490674.50214671,1112307.18317356,2024,49,2,0,3000,2490-1112
2490500,1112500,2024,29,1,2,3000,2490-1112
2713500,1113500,2023,29,1,2,3000,2713-1113
2576472,1205335,2025,29,1,1,3000,2576-1205
2709839,1113980,2022,29,1,2,3000,2709-1113
2576525,1205294,2024,29,1,3,3000,2576-1205
2709744,1113885,2025,29,1,2,3000,2709-1113
2491022,1112338,2024,29,1,1,3000,2491-1112
2576590,1205291,2021,35,1,3,3000,2576-1205
2576703,1205417,2021,35,1,3,3000,2576-1205
2576682,1205310,2021,35,2,3,3000,2576-1205
2490828,1112250,2025,35,1,2,3000,2490-1112
2715469,1113492,2022,23,3,0,3000,2715-1113
2716298,1113663,2022,23,1,0,3000,2716-1113
2715949,1113608,2022,23,1,0,3000,2715-1113
2716291,1113660,2022,23,8,0,3000,2716-1113
2715853,1113599,2022,23,1,0,3000,2715-1113
2715878,1113646,2022,23,3,0,3000,2715-1113
2716095,1113651,2022,23,4,0,3000,2716-1113
2716058,1113685,2022,23,5,0,3000,2716-1113
2716120,1113703,2022,23,9,0,3000,2716-1113
2576500,1205500,2022,41,2,4,3000,2576-1205
2572812,1204632,2021,41,1,3,3000,2572-1204
2709707,1113560,2024,23,1,0,3000,2709-1113
2716183,1113181,2022,23,1,0,3000,2716-1113
2714941,1113796,2021,23,1,0,3000,2714-1113
2570500,1203500,2021,23,1,0,3000,2570-1203
2716500,1113500,2022,23,10,0,3000,2716-1113
2710968.0960105,1113724.57925709,2022,23,1,0,3000,2710-1113
2578723,1203779,2022,48,3,0,3000,2578-1203
2578675,1203729,2022,48,6,0,3000,2578-1203
2716500,1113500,2022,23,1,0,3000,2716-1113
2709707,1113560,2024,23,1,0,3000,2709-1113
2712500,1113500,2024,23,2,0,3000,2712-1113
2710968.0960105,1113724.57925709,2022,23,1,0,3000,2710-1113
2710968.0960105,1113724.57925709,2022,23,1,0,3000,2710-1113
2716402,1113656,2025,29,2,4,3000,2716-1113
2490674.50214671,1112307.18317357,2021,29,5,4,3000,2490-1112
2576263.55745271,1205353.17232896,2025,29,2,1,3000,2576-1205
2490903,1111459,2025,29,2,4,3000,2490-1111
2714874,1113825,2022,29,2,4,3000,2714-1113
2714790,1113626,2022,29,1,3,3000,2714-1113
2490386,1112176,2024,29,1,1,3000,2490-1112
2490306,1112200,2024,29,1,2,3000,2490-1112
2490468,1112199,2025,29,1,2,3000,2490-1112
2490379,1112212,2021,29,1,2,3000,2490-1112
2490421,1111374,2024,29,6,2,3000,2490-1111
2618670.65278626,1128170.52219959,2021,29,2,4,3000,2618-1128
2559676.2353714,1130311.34797854,2021,29,1,1,3000,2559-1130
2710500,1113500,2022,29,1,3,3000,2710-1113
2714322,1113529,2022,29,1,3,3000,2714-1113
2709500,1113500,2023,29,1,3,3000,2709-1113
2618672,1128057,2021,29,1,1,3000,2618-1128
2569790,1192380,2025,35,1,3,3000,2569-1192
2569807,1192485,2022,35,1,3,3000,2569-1192
2515537,1152773,2025,29,2,4,3000,2515-1152
2712500,1113500,2025,41,1,13,3000,2712-1113
2569803,1192482,2023,41,1,3,3000,2569-1192
2490413,1112300,2024,41,6,1,3000,2490-1112
2569793,1192503,2023,48,1,0,3000,2569-1192
2709628.1002368,1113293.57333526,2025,41,1,1,3000,2709-1113
2576456,1205348,2021,23,1,0,3000,2576-1205
2491102,1112689,2025,23,1,0,3000,2491-1112
2491121,1112353,2023,23,2,0,3000,2491-1112
2576429,1205327,2024,29,1,1,3000,2576-1205
2576482,1205252,2024,29,1,3,3000,2576-1205
2576800,1205463,2025,29,1,2,3000,2576-1205
2576627,1205291,2025,29,3,2,3000,2576-1205
2576500,1205500,2024,29,1,1,3000,2576-1205
2576424,1205285,2025,29,1,1,3000,2576-1205
2715681,1113668,2022,23,1,0,3000,2715-1113
2576561,1205329,2025,29,2,2,3000,2576-1205
2489278,1112874,2025,29,1,3,3000,2489-1112
2715226,1113835,2022,29,1,3,3000,2715-1113
2716500,1113500,2021,29,2,2,3000,2716-1113
2692346,1285592,2023,29,1,3,3000,2692-1285
2537100,1174379,2024,29,1,3,3000,2537-1174
2537195,1173318,2025,29,1,3,3000,2537-1173
2576263.55745271,1205353.17232896,2025,29,1,2,3000,2576-1205
2490262,1112242,2024,36,1,2,3000,2490-1112
2576584,1205383,2022,36,1,3,3000,2576-1205
2533417,1174728,2025,36,1,2,3000,2533-1174
2576500,1205500,2022,36,1,3,3000,2576-1205
2537290,1173951,2025,36,1,3,3000,2537-1173
2537345,1173726,2025,36,1,3,3000,2537-1173
2537102,1174017,2025,36,2,4,3000,2537-1174
2537182,1174259,2025,36,1,3,3000,2537-1174
2537129,1174054,2024,36,1,3,3000,2537-1174
2537113,1174355,2025,36,1,3,3000,2537-1174
2537122,1174690,2024,36,1,3,3000,2537-1174
2537290,1173840,2024,36,1,3,3000,2537-1173
2537074,1173641,2025,36,1,3,3000,2537-1173
2710500,1113500,2022,23,2,0,3000,2710-1113
2714750,1113723,2021,23,1,0,3000,2714-1113
2576446,1205277,2023,23,1,0,3000,2576-1205
2537165.05919441,1174136.85085337,2024,29,1,1,3000,2537-1174
2559526.24219672,1130711.35034141,2025,29,1,2,3000,2559-1130
2578708,1203680,2022,48,5,0,3000,2578-1203
2535048,1171210,2025,29,1,3,3000,2535-1171
2490889,1111510,2025,29,1,3,3000,2490-1111
2490322,1112171,2023,29,2,6,3000,2490-1112
2576263.55745271,1205353.17232896,2021,36,2,2,3000,2576-1205
2569812,1192502,2024,36,1,3,3000,2569-1192
2569801,1192449,2025,36,2,3,3000,2569-1192
2572846,1204589,2021,42,2,2,3000,2572-1204
2569819,1192499,2022,42,1,3,3000,2569-1192
2569803,1192488,2024,42,1,3,3000,2569-1192
2618670.65278626,1128170.52219958,2024,29,5,1,3000,2618-1128
2618670.65278626,1128170.52219958,2025,29,4,1,3000,2618-1128
2618670.65278626,1128170.52219958,2025,29,5,1,3000,2618-1128
2618753,1128110,2025,29,5,1,3000,2618-1128
2689615,1275397,2025,29,1,3,3000,2689-1275
2689696,1275493,2025,29,1,3,3000,2689-1275
2689614,1275043,2025,29,2,2,3000,2689-1275
2560109,1130417,2025,29,3,1,3000,2560-1130
2559707,1130666,2025,29,3,1,3000,2559-1130
2559939,1130981,2021,29,1,2,3000,2559-1130
2569809,1192530,2023,48,1,0,3000,2569-1192
2569810,1192499,2022,29,1,3,3000,2569-1192
2489178,1112921,2024,29,1,3,3000,2489-1112
2576137,1205301,2024,36,1,2,3000,2576-1205
2572775,1204420,2021,42,1,3,3000,2572-1204
2578680,1203759,2022,48,6,0,3000,2578-1203
2491125,1112661,2025,24,1,0,3000,2491-1112
2578500,1204500,2022,24,2,0,3000,2578-1204
2710968.0960105,1113724.57925709,2022,24,2,0,3000,2710-1113
2578495,1204018,2023,24,1,0,3000,2578-1204
2533144.07716398,1174938.94579796,2021,30,1,3,3000,2533-1174
2576500,1205500,2022,30,2,2,3000,2576-1205
2576468,1205235,2025,30,2,2,3000,2576-1205
2537154,1174041,2024,30,2,6,3000,2537-1174
2537093,1174126,2025,30,1,3,3000,2537-1174
2537072,1174273,2025,30,1,2,3000,2537-1174
2537121,1174344,2025,30,1,3,3000,2537-1174
2537312,1173811,2024,30,1,3,3000,2537-1173
2537464,1173464,2024,30,1,3,3000,2537-1173
2537342,1174209,2024,30,1,3,3000,2537-1174
2537115,1173621,2024,30,1,3,3000,2537-1173
2716260,1113838,2023,30,1,1,3000,2716-1113
2490500,1111500,2022,30,1,2,3000,2490-1111
2709659,1113812,2022,30,1,3,3000,2709-1113
2537318,1173757,2021,36,2,4,3000,2537-1173
2559526.24219672,1130711.35034141,2025,24,1,0,3000,2559-1130
2710500,1114500,2025,24,1,0,3000,2710-1114
2712500,1113500,2024,24,1,0,3000,2712-1113
2576130,1205225,2024,42,4,3,3000,2576-1205
2713500,1113500,2024,42,2,2,3000,2713-1113
2490618,1115861,2024,30,2,4,3000,2490-1115
2713500,1113500,2025,30,2,4,3000,2713-1113
2490254,1112245,2021,30,4,2,3000,2490-1112
2490226,1115851,2025,24,1,0,3000,2490-1115
2578659,1203660,2023,48,6,0,3000,2578-1203
2560500,1130500,2025,24,1,0,3000,2560-1130
2560210,1130230,2025,24,1,0,3000,2560-1130
2559794,1130516,2025,24,1,0,3000,2559-1130
2559794,1130516,2025,24,1,0,3000,2559-1130
2559794,1130516,2025,24,1,0,3000,2559-1130
2560229,1130275,2025,24,1,0,3000,2560-1130
2560256,1130244,2025,24,1,0,3000,2560-1130
2559794,1130516,2025,24,1,0,3000,2559-1130
2560134,1130290,2025,24,2,0,3000,2560-1130
2559794,1130516,2025,24,1,0,3000,2559-1130
2560046,1130435,2025,24,1,0,3000,2560-1130
2560244,1130358,2025,24,1,0,3000,2560-1130
2560046,1130435,2025,24,1,0,3000,2560-1130
2694767,1275200,2022,36,1,3,3000,2694-1275
2569787,1192468,2025,36,1,3,3000,2569-1192
2490661,1112188,2022,36,2,2,3000,2490-1112
2490463,1111350,2024,36,2,6,3000,2490-1111
2710500,1114500,2024,24,2,0,3000,2710-1114
2490462.60499855,1115806.16573781,2025,24,1,0,3000,2490-1115
2576263.55745271,1205353.17232896,2024,42,4,3,3000,2576-1205
2569788,1192472,2023,42,1,3,3000,2569-1192
2578667.51943261,1203746.12803837,2023,48,2,0,3000,2578-1203
2569815,1192506,2021,48,1,0,3000,2569-1192
2578667.51943261,1203746.12803837,2022,48,3,0,3000,2578-1203
2689699,1275475,2025,30,1,3,3000,2689-1275
2578207,1203842,2022,30,1,3,3000,2578-1203
2689252,1274780,2025,30,1,2,3000,2689-1274
2576362,1205416,2022,30,2,2,3000,2576-1205
2576182,1205342,2025,30,1,3,3000,2576-1205
2569832,1192502,2024,36,1,3,3000,2569-1192
2569805,1192503,2024,42,1,3,3000,2569-1192
2578180,1203784,2022,48,1,0,3000,2578-1203
2578755,1203697,2024,48,4,0,3000,2578-1203
2716500,1113500,2023,24,1,0,3000,2716-1113
2576487,1205364,2023,24,2,3,3000,2576-1205
2709658,1113755,2024,24,1,0,3000,2709-1113
2576463,1205360,2025,24,2,0,3000,2576-1205
2559500,1130500,2025,24,2,4,3000,2559-1130
2559500,1130500,2025,24,2,4,3000,2559-1130
2490679,1112276,2021,30,1,1,3000,2490-1112
2576655,1205309,2023,30,2,3,3000,2576-1205
2576763,1205400,2024,30,1,2,3000,2576-1205
2490964,1112608,2021,30,2,1,3000,2490-1112
2490857,1112213,2024,30,1,2,3000,2490-1112
2491139.51119183,1112622.16671605,2025,24,1,0,3000,2491-1112
2490375,1111313,2025,30,1,3,3000,2490-1111
2490452,1111362,2025,30,1,3,3000,2490-1111
2489260,1112858,2025,30,2,4,3000,2489-1112
2490347,1111244,2025,30,1,2,3000,2490-1111
2576263.55745271,1205353.17232896,2021,24,1,0,3000,2576-1205
2712500,1113500,2023,30,1,2,3000,2712-1113
2576502,1205281,2024,36,1,3,3000,2576-1205
2490262,1112335,2023,36,1,3,3000,2490-1112
2680983,1272468,2025,36,1,1,3000,2680-1272
2569806,1192502,2023,24,1,0,3000,2569-1192
2569811,1192500,2021,24,1,0,3000,2569-1192
2490825,1112099,2023,36,1,3,3000,2490-1112
2490346,1111242,2021,36,1,2,3000,2490-1111
2716133,1113897,2021,42,2,2,3000,2716-1113
2576208,1205240,2021,30,1,3,3000,2576-1205
2709628,1113293,2022,42,1,2,3000,2709-1113
2709628.1002368,1113293.57333526,2024,42,1,3,3000,2709-1113
2716292,1113744,2023,30,1,3,3000,2716-1113
2492839.4912478,1111972.11949428,2025,42,1,1,3000,2492-1111
2490314,1112308,2023,48,10,0,3000,2490-1112
2490359,1112746,2025,48,1,0,3000,2490-1112
2569807,1192499,2021,30,1,3,3000,2569-1192
2709675,1113851,2024,24,1,3,3000,2709-1113
2576263.55745271,1205353.17232896,2022,36,1,3,3000,2576-1205
2710690,1113686,2025,24,1,0,3000,2710-1113
2559548,1130425,2025,24,1,0,3000,2559-1130
2572945.55793635,1204379.22464648,2021,36,2,2,3000,2572-1204
2490395,1111238,2024,36,1,3,3000,2490-1111
2490449,1112182,2023,36,1,2,3000,2490-1112
2490666,1112217,2023,36,1,2,3000,2490-1112
2490292,1111612,2021,36,1,3,3000,2490-1111
2618670.65278626,1128170.52219959,2022,24,1,0,3000,2618-1128
2569792,1192475,2025,36,1,3,3000,2569-1192
2709628.1002368,1113293.57333526,2021,24,2,0,3000,2709-1113
2694529,1275228,2023,42,1,3,3000,2694-1275
2694529,1275227,2023,42,1,3,3000,2694-1275
2491236.49683571,1112140.16717818,2025,48,1,0,3000,2491-1112
2491123,1112582,2021,30,2,4,3000,2491-1112
2578667.51943261,1203746.12803837,2021,48,6,0,3000,2578-1203
2578667.51943261,1203746.12803837,2023,48,9,0,3000,2578-1203
2578667.51943261,1203746.12803837,2023,48,4,0,3000,2578-1203
2490265,1112312,2023,48,4,0,3000,2490-1112
2569799,1192506,2021,48,1,0,3000,2569-1192
2489238,1112867,2023,36,1,3,3000,2489-1112
2689414,1274438,2024,36,2,3,3000,2689-1274
2689415,1274439,2024,36,2,3,3000,2689-1274
2490500,1112500,2023,42,3,2,3000,2490-1112
2709628.1002368,1113293.57333526,2022,42,1,2,3000,2709-1113
2709628.1002368,1113293.57333526,2023,42,2,2,3000,2709-1113
2490500,1112500,2021,48,6,0,3000,2490-1112
2490331,1112309,2025,24,2,4,3000,2490-1112
2576178,1205241,2021,30,4,3,3000,2576-1205
2576965,1205006,2023,30,1,2,3000,2576-1205
2576634,1205298,2025,30,1,3,3000,2576-1205
2576872,1205335,2021,30,1,3,3000,2576-1205
2716500,1113500,2024,24,1,0,3000,2716-1113
2716500,1113428,2024,24,2,0,3000,2716-1113
2716440,1113432,2024,24,3,0,3000,2716-1113
2715877,1113612,2024,24,2,0,3000,2715-1113
2716500,1113428,2024,24,2,0,3000,2716-1113
2694536,1275264,2023,36,1,13,3000,2694-1275
2578667.51943261,1203746.12803837,2021,24,1,0,3000,2578-1203
2714019,1113347,2023,24,1,0,3000,2714-1113
2714042,1113552,2023,24,1,0,3000,2714-1113
2714087,1113402,2023,24,1,3,3000,2714-1113
2576263.55745271,1205353.17232896,2022,30,3,1,3000,2576-1205
2490597,1112226,2022,48,5,0,3000,2490-1112
2578608,1203930,2023,48,6,0,3000,2578-1203
2576192,1205253,2021,30,1,3,3000,2576-1205
2714852,1113540,2023,30,1,3,3000,2714-1113
2694500,1275500,2023,36,1,13,3000,2694-1275
2694537,1275265,2023,36,1,13,3000,2694-1275
2569802,1192498,2024,36,1,3,3000,2569-1192
2710574,1113722,2025,24,1,0,3000,2710-1113
2559889,1130603,2025,24,2,0,3000,2559-1130
2576293,1205242,2023,42,2,4,3000,2576-1205
2489099,1112745,2024,42,3,3,3000,2489-1112
2578555,1203943,2021,24,1,0,3000,2578-1203
2618670.65278626,1128170.52219959,2021,24,1,0,3000,2618-1128
2578772.27103375,1203697.59310127,2023,48,6,0,3000,2578-1203
2576263.55745271,1205353.17232896,2024,48,5,0,3000,2576-1205
2569819,1192510,2024,48,1,0,3000,2569-1192
2618574,1128703,2023,30,1,2,3000,2618-1128
2488806,1112873,2022,30,1,1,3000,2488-1112
2620330,1256697,2022,30,1,3,3000,2620-1256
2576500,1205500,2022,30,2,4,3000,2576-1205
2576283,1205540,2021,30,1,3,3000,2576-1205
2715500,1113500,2022,30,3,3,3000,2715-1113
2536728,1171952,2024,36,1,2,3000,2536-1171
2536386,1171784,2024,36,1,2,3000,2536-1171
2491047,1112715,2025,36,1,3,3000,2491-1112
2569796,1192483,2023,42,1,3,3000,2569-1192
2578794,1203702,2023,48,6,0,3000,2578-1203
2578791,1203707,2023,24,1,0,3000,2578-1203
2490892,1112291,2022,24,1,0,3000,2490-1112
2709629,1113298,2022,24,2,0,3000,2709-1113
2709729,1113844,2024,24,2,0,3000,2709-1113
2709575,1113407,2022,24,2,3,3000,2709-1113
2709745,1113684,2024,24,1,0,3000,2709-1113
2576421,1205314,2025,24,1,0,3000,2576-1205
2576599,1205292,2025,24,2,0,3000,2576-1205
2678681,1273910,2023,24,1,0,3000,2678-1273
2716410.0839195,1113823.61702929,2025,24,1,2,3000,2716-1113
2715192,1113910,2023,24,2,0,3000,2715-1113
2712500,1113500,2023,24,2,0,3000,2712-1113
2692500,1285500,2022,30,1,3,3000,2692-1285
2520780,1149885,2024,30,2,4,3000,2520-1149
2576451,1205341,2021,30,1,3,3000,2576-1205
2578352,1204122,2024,30,1,2,3000,2578-1204
2576680,1205215,2021,30,2,3,3000,2576-1205
2576582,1205276,2022,30,2,3,3000,2576-1205
2576559,1205294,2023,30,1,3,3000,2576-1205
2715716,1114412,2025,30,1,3,3000,2715-1114
2490403,1112277,2024,30,2,6,3000,2490-1112
2490232,1112313,2021,30,1,3,3000,2490-1112
2490289,1111411,2025,30,1,2,3000,2490-1111
2490869,1112315,2024,30,1,2,3000,2490-1112
2576283,1205346,2021,42,1,3,3000,2576-1205
2710500,1113500,2024,42,1,2,3000,2710-1113
2569804,1192501,2021,24,1,0,3000,2569-1192
2710500,1113500,2024,24,1,0,3000,2710-1113
2490327,1112179,2023,49,13,0,3000,2490-1112
2489100,1113339,2023,49,1,0,3000,2489-1113
2578667.51943261,1203746.12803837,2021,24,1,0,3000,2578-1203
2714207,1114092,2023,24,1,3,3000,2714-1114
2714475,1114087,2023,24,2,0,3000,2714-1114
2578500,1204500,2023,49,1,0,3000,2578-1204
2578719,1203683,2024,49,8,0,3000,2578-1203
2578735,1203721,2024,49,1,0,3000,2578-1203
2489098,1112858,2021,30,2,4,3000,2489-1112
2692500,1285500,2022,30,1,1,3000,2692-1285
2490353,1112031,2025,30,2,4,3000,2490-1112
2710015,1113103,2022,24,1,0,3000,2710-1113
2490674.50214671,1112307.18317356,2025,36,2,1,3000,2490-1112
2709678,1113402,2022,24,1,0,3000,2709-1113
2709704,1113682,2023,24,2,0,3000,2709-1113
2569806,1192510,2021,36,1,3,3000,2569-1192
2709729,1113844,2024,24,2,0,3000,2709-1113
2569808,1192491,2025,42,1,3,3000,2569-1192
2490805,1111389,2023,42,1,2,3000,2490-1111
2490471,1112300,2023,42,3,2,3000,2490-1112
2709628.1002368,1113293.57333526,2022,24,3,0,3000,2709-1113
2489124,1112833,2021,30,2,2,3000,2489-1112
2490773,1112126,2023,49,3,0,3000,2490-1112
2490154,1112331,2023,49,8,0,3000,2490-1112
2578667.51943261,1203746.12803837,2021,49,7,0,3000,2578-1203
2490629,1112241,2021,30,1,2,3000,2490-1112
2489044,1112749,2025,36,1,2,3000,2489-1112
2489222,1112896,2025,36,1,3,3000,2489-1112
2489255,1112844,2025,36,1,3,3000,2489-1112
2569820,1192486,2024,49,1,0,3000,2569-1192
2680500,1272500,2021,49,6,0,3000,2680-1272
2578792,1203718,2024,49,8,0,3000,2578-1203
2572401,1204275,2025,24,2,0,3000,2572-1204
2572671,1204708,2023,24,1,3,3000,2572-1204
2716500,1114500,2022,24,1,0,3000,2716-1114
2712500,1113500,2022,24,1,0,3000,2712-1113
2715252,1113804,2023,24,1,0,3000,2715-1113
2490680,1112189,2023,24,2,0,3000,2490-1112
2576541,1205533,2023,24,1,0,3000,2576-1205
2713196,1113882,2023,24,1,0,3000,2713-1113
2576606,1205274,2023,24,2,0,3000,2576-1205
2576523,1205264,2025,24,1,0,3000,2576-1205
2576263.55745271,1205353.17232896,2021,30,1,3,3000,2576-1205
2709874,1113918,2023,30,1,2,3000,2709-1113
2491034,1112676,2025,30,1,3,3000,2491-1112
2537170,1174354,2025,30,1,3,3000,2537-1174
2490296,1112157,2023,30,1,1,3000,2490-1112
2491047,1112836,2021,37,1,3,3000,2491-1112
2490806,1111415,2021,37,2,4,3000,2490-1111
2576686,1205293,2021,37,1,3,3000,2576-1205
2716410.0839195,1113823.61702929,2023,37,1,1,3000,2716-1113
2715387,1113384,2021,24,1,0,3000,2715-1113
2572945.55793635,1204379.22464648,2022,24,2,0,3000,2572-1204
2576263.55745271,1205353.17232896,2022,24,3,0,3000,2576-1205
2489184.52091186,1112896.2246438,2023,24,2,0,3000,2489-1112
2491122,1112686,2023,43,1,3,3000,2491-1112
2714785,1113322,2022,24,1,0,3000,2714-1113
2490177,1112394,2023,24,1,0,3000,2490-1112
2714049,1113351,2023,24,1,0,3000,2714-1113
2714216,1114061,2023,24,2,0,3000,2714-1114
2714324,1114107,2023,24,2,3,3000,2714-1114
2576500,1205500,2022,24,3,0,3000,2576-1205
2491059,1112546,2025,49,1,0,3000,2491-1112
2576263.55745271,1205353.17232896,2021,30,4,3,3000,2576-1205
2714144,1113361,2024,30,3,4,3000,2714-1113
2533822.0661904,1174436.92878259,2021,24,1,0,3000,2533-1174
2618670.65278626,1128170.52219958,2023,24,2,0,3000,2618-1128
2537165.05919441,1174136.85085338,2022,30,1,3,3000,2537-1174
2576263.55745271,1205353.17232896,2023,37,1,2,3000,2576-1205
2576263.55745271,1205353.17232896,2024,37,1,3,3000,2576-1205
2572805,1204639,2022,24,1,0,3000,2572-1204
2710500,1113500,2022,24,2,0,3000,2710-1113
2570500,1203500,2025,24,2,0,3000,2570-1203
2709940,1113357,2022,24,1,0,3000,2709-1113
2569796,1192515,2024,43,1,3,3000,2569-1192
2489500,1113500,2023,49,3,0,3000,2489-1113
2714667,1114164,2021,49,1,0,3000,2714-1114
2490500,1112500,2022,49,6,0,3000,2490-1112
2570500,1203500,2025,30,1,3,3000,2570-1203
2490444,1112290,2022,49,4,0,3000,2490-1112
2490929,1112539,2021,30,1,3,3000,2490-1112
2491027,1112663,2023,30,3,4,3000,2491-1112
2490657.48462595,1111718.1879437,2022,30,1,2,3000,2490-1111
2713505,1113169,2024,30,1,3,3000,2713-1113
2689603,1275371,2024,37,1,3,3000,2689-1275
2689603,1275372,2024,37,1,3,3000,2689-1275
2570500,1203500,2022,37,1,2,3000,2570-1203
2576298,1205221,2023,43,3,3,3000,2576-1205
2576674,1205303,2022,31,1,2,3000,2576-1205
2576698,1205315,2021,31,3,3,3000,2576-1205
2576287,1205192,2021,31,1,3,3000,2576-1205
2576607,1205212,2021,31,1,3,3000,2576-1205
2576543,1205368,2021,31,1,2,3000,2576-1205
2680973,1272466,2022,43,2,1,3000,2680-1272
2576625,1205289,2025,43,1,3,3000,2576-1205
2490674.50214671,1112307.18317356,2024,49,2,0,3000,2490-1112
2578724,1203994,2024,49,7,0,3000,2578-1203
2578603,1203890,2024,49,10,0,3000,2578-1203
2576263.55745271,1205353.17232896,2024,31,1,1,3000,2576-1205
2576263.55745271,1205353.17232896,2025,31,1,1,3000,2576-1205
2490269,1112147,2024,31,2,2,3000,2490-1112
2569824,1192506,2022,31,1,3,3000,2569-1192
2569800,1192522,2024,43,1,3,3000,2569-1192
2570171.55826185,1203620.27005927,2022,49,1,0,3000,2570-1203
2569802,1192499,2022,49,1,0,3000,2569-1192
2689813,1274446,2025,43,1,2,3000,2689-1274
2572500,1204500,2024,43,1,3,3000,2572-1204
2618670.65278626,1128170.52219958,2025,43,2,4,3000,2618-1128
2710889,1114377,2021,25,1,0,3000,2710-1114
2712482,1113611,2023,25,1,0,3000,2712-1113
2712292,1113418,2023,25,1,0,3000,2712-1113
2710713,1114402,2021,25,5,0,3000,2710-1114
2710713,1114402,2021,25,5,0,3000,2710-1114
2712561,1113633,2023,25,1,0,3000,2712-1113
2716410.0839195,1113823.61702929,2022,25,1,0,3000,2716-1113
2618670.65278626,1128170.52219959,2021,25,2,0,3000,2618-1128
2576263.55745271,1205353.17232896,2025,25,1,0,3000,2576-1205
2710500,1113500,2023,25,2,0,3000,2710-1113
2578990,1204708,2024,25,2,0,3000,2578-1204
2490500,1112500,2021,31,2,2,3000,2490-1112
2576597,1205353,2025,31,1,7,3000,2576-1205
2492848,1111958,2023,37,2,2,3000,2492-1111
2715500,1113500,2024,37,2,2,3000,2715-1113
2714085,1113288,2025,43,2,0,3000,2714-1113
2490367.49844419,1112175.19352428,2023,43,6,0,3000,2490-1112
2489054,1112834,2025,25,1,0,3000,2489-1112
2490199.47395831,1111350.20469332,2023,25,2,0,3000,2490-1111
2618670.65278626,1128170.52219958,2024,25,1,0,3000,2618-1128
2712500,1113500,2021,25,2,0,3000,2712-1113
2576455,1205274,2021,25,1,3,3000,2576-1205
2716083,1113903,2023,25,1,0,3000,2716-1113
2710813,1114388,2021,25,10,0,3000,2710-1114
2712657,1113783,2022,25,2,0,3000,2712-1113
2576594,1205319,2025,25,2,0,3000,2576-1205
2576263.55745271,1205353.17232896,2023,25,3,0,3000,2576-1205
2576371,1205215,2021,25,1,3,3000,2576-1205
2572716,1204600,2021,31,2,2,3000,2572-1204
2712809,1112989,2025,31,1,3,3000,2712-1112
2576685,1205323,2021,31,2,3,3000,2576-1205
2490420,1111230,2025,31,1,2,3000,2490-1111
2715500,1114500,2021,31,3,2,3000,2715-1114
2714286,1113205,2025,43,2,0,3000,2714-1113
2710500,1113500,2024,43,2,3,3000,2710-1113
2576555,1205380,2023,49,2,0,3000,2576-1205
2576359,1205372,2023,49,4,0,3000,2576-1205
2572500,1204500,2023,49,1,0,3000,2572-1204
2572500,1204500,2023,49,1,0,3000,2572-1204
2712308,1113574,2024,25,1,3,3000,2712-1113
2710932,1114384,2022,25,6,0,3000,2710-1114
2490853,1111458,2022,25,1,0,3000,2490-1111
2576446,1205242,2025,25,1,0,3000,2576-1205
2576500,1205500,2023,25,1,0,3000,2576-1205
2490342,1111425,2024,25,1,0,3000,2490-1111
2576444,1205274,2023,25,1,0,3000,2576-1205
2709844,1113162,2022,25,1,0,3000,2709-1113
2576370,1205353,2021,31,2,6,3000,2576-1205
2713252,1113839,2025,31,2,4,3000,2713-1113
2713456,1113310,2025,31,2,4,3000,2713-1113
2712381,1112815,2025,31,2,4,3000,2712-1112
2576900,1205356,2023,37,2,2,3000,2576-1205
2490657,1111813,2023,43,1,0,3000,2490-1111
2576578,1205199,2025,43,2,0,3000,2576-1205
2713273,1113849,2022,50,1,0,3000,2713-1113
2709598,1113342,2022,50,1,0,3000,2709-1113
2490367.49844419,1112175.19352428,2024,25,3,0,3000,2490-1112
2570071,1203075,2025,25,1,0,3000,2570-1203
2533320,1174128,2024,25,1,0,3000,2533-1174
2576412,1205231,2021,25,1,0,3000,2576-1205
2576390,1205234,2025,25,1,0,3000,2576-1205
2576182,1205289,2025,25,1,0,3000,2576-1205
2618670.65278626,1128170.52219958,2024,31,1,2,3000,2618-1128
2716190,1113826,2023,31,2,2,3000,2716-1113
2576263.55745271,1205353.17232896,2021,31,3,2,3000,2576-1205
2572500,1204500,2021,31,2,3,3000,2572-1204
2744928,1188340,2022,31,2,4,3000,2744-1188
2490755.50618846,1112445.17970937,2023,31,2,2,3000,2490-1112
2490775,1111341,2023,37,2,2,3000,2490-1111
2490153,1111371,2023,37,1,3,3000,2490-1111
2490367.49844419,1112175.19352428,2025,37,3,1,3000,2490-1112
2716090,1113796,2021,37,2,3,3000,2716-1113
2576310,1205346,2023,50,2,0,3000,2576-1205
2714500,1114500,2024,25,2,0,3000,2714-1114
2709669,1113795,2022,25,1,0,3000,2709-1113
2490348,1111250,2024,25,2,0,3000,2490-1111
2489245,1112914,2023,25,1,0,3000,2489-1112
2714500,1114500,2025,32,1,2,3000,2714-1114
2576545,1205269,2022,32,1,3,3000,2576-1205
2709627,1113414,2022,50,1,0,3000,2709-1113
2618181,1128115,2025,26,6,0,3000,2618-1128
2576263.55745271,1205353.17232896,2021,26,3,0,3000,2576-1205
2716928,1113926,2025,26,2,0,3000,2716-1113
2710011,1114159,2021,26,1,0,3000,2710-1114
2570762,1203636,2022,26,1,0,3000,2570-1203
2570457,1203307,2025,26,1,0,3000,2570-1203
2490615,1115968,2024,32,1,2,3000,2490-1115
2576625,1205288,2023,32,2,3,3000,2576-1205
2576522,1205404,2021,32,1,3,3000,2576-1205
2490926,1111455,2023,32,1,2,3000,2490-1111
2715441,1113668,2025,32,1,2,3000,2715-1113
2533114,1174282,2025,32,2,4,3000,2533-1174
2619196.65693071,1128177.51787465,2025,32,2,2,3000,2619-1128
2576385,1205268,2022,32,1,3,3000,2576-1205
2578470,1203891,2024,50,2,0,3000,2578-1203
2689049,1275253,2023,26,1,0,3000,2689-1275
2619922,1128590,2022,26,1,0,3000,2619-1128
2570568,1203804,2022,26,1,0,3000,2570-1203
2491103,1112407,2024,26,3,0,3000,2491-1112
2490339,1111254,2025,26,1,0,3000,2490-1111
2618670.65278626,1128170.52219958,2025,32,1,2,3000,2618-1128
2712341,1112777,2025,32,1,3,3000,2712-1112
2489204,1112743,2023,38,2,4,3000,2489-1112
2713452,1113143,2025,38,1,3,3000,2713-1113
2716361,1113870,2022,38,1,3,3000,2716-1113
2713020,1113526,2024,50,1,0,3000,2713-1113
2578500,1203500,2021,26,1,0,3000,2578-1203
2716235,1113980,2022,26,1,0,3000,2716-1113
2576652,1205313,2021,26,1,0,3000,2576-1205
2490358,1111385,2024,26,1,0,3000,2490-1111
2572500,1204500,2021,26,1,0,3000,2572-1204
2618670.65278626,1128170.52219959,2021,26,1,0,3000,2618-1128
2618670.65278626,1128170.52219959,2021,26,1,0,3000,2618-1128
2618670.65278626,1128170.52219958,2025,26,1,0,3000,2618-1128
2618670.65278626,1128170.52219959,2021,26,1,0,3000,2618-1128
2576281,1205312,2024,32,1,2,3000,2576-1205
2618670.65278626,1128170.52219958,2024,38,1,2,3000,2618-1128
2618670.65278626,1128170.52219958,2024,26,1,0,3000,2618-1128
2559500,1130500,2021,26,1,0,3000,2559-1130
2576263.55745271,1205353.17232896,2023,26,1,0,3000,2576-1205
2714094,1113208,2024,26,1,0,3000,2714-1113
2715274,1113755,2024,32,1,3,3000,2715-1113
2716345,1113872,2021,32,1,2,3000,2716-1113
2715286,1113683,2024,32,1,3,3000,2715-1113
2576439,1205283,2025,38,1,2,3000,2576-1205
2573776.53915215,1203501.20764645,2021,38,1,3,3000,2573-1203
2578667.51943261,1203746.12803837,2023,45,2,0,3000,2578-1203
2570500,1203500,2024,45,1,0,3000,2570-1203
2710500,1113500,2024,45,1,0,3000,2710-1113
2576451,1205259,2024,20,1,0,3000,2576-1205
2576465,1205349,2025,26,2,0,3000,2576-1205
2576465,1205336,2022,26,1,3,3000,2576-1205
2490212,1111310,2024,26,2,0,3000,2490-1111
2490386,1111340,2024,26,1,0,3000,2490-1111
2710607,1113786,2025,26,1,0,3000,2710-1113
2576287,1205254,2025,26,1,0,3000,2576-1205
2576477,1205239,2025,26,2,0,3000,2576-1205
2712733,1113823,2023,26,1,0,3000,2712-1113
2490504,1111242,2024,26,1,0,3000,2490-1111
2490500,1112500,2023,33,1,3,3000,2490-1112
2715216,1113680,2024,33,1,3,3000,2715-1113
2715308,1113639,2024,33,1,3,3000,2715-1113
2715303,1113644,2024,33,2,3,3000,2715-1113
2713933,1113328,2024,33,1,2,3000,2713-1113
2709611,1113617,2021,33,1,3,3000,2709-1113
2576498,1205343,2021,39,1,3,3000,2576-1205
2713687,1113266,2022,39,1,3,3000,2713-1113
2716247,1113879,2021,39,2,3,3000,2716-1113
2576318,1205315,2021,39,2,3,3000,2576-1205
2572776,1204684,2021,39,1,3,3000,2572-1204
2576263.55745271,1205353.17232896,2023,27,4,0,3000,2576-1205
2490886,1112096,2025,27,2,4,3000,2490-1112
2715197,1113799,2024,27,1,0,3000,2715-1113
2490403,1112182,2025,27,1,3,3000,2490-1112
2489184.52091186,1112896.2246438,2024,27,2,0,3000,2489-1112
2490392,1111394,2024,33,1,3,3000,2490-1111
2715851,1113946,2024,33,1,2,3000,2715-1113
2715178,1113718,2024,33,1,3,3000,2715-1113
2490367.49844419,1112175.19352428,2023,33,2,2,3000,2490-1112
2576504,1205374,2024,45,1,0,3000,2576-1205
2578459,1203901,2024,51,12,0,3000,2578-1203
2572132,1203612,2025,27,2,0,3000,2572-1203
2712568,1113845,2023,27,6,0,3000,2712-1113
2576263.55745271,1205353.17232896,2025,27,3,0,3000,2576-1205
2573776.53915215,1203501.20764645,2021,27,1,0,3000,2573-1203
2576631,1205302,2021,33,3,2,3000,2576-1205
2578417,1204343,2022,33,1,3,3000,2578-1204
2578500,1204500,2025,33,1,2,3000,2578-1204
2714500,1113500,2022,39,9,4,3000,2714-1113
2709500,1113500,2024,45,1,0,3000,2709-1113
2572500,1204500,2022,45,1,0,3000,2572-1204
2576431,1205271,2025,45,2,0,3000,2576-1205
2490793,1111939,2025,21,1,0,3000,2490-1111
2618670.65278626,1128170.52219958,2023,27,1,0,3000,2618-1128
2716282,1113902,2025,27,1,0,3000,2716-1113
2570630,1203763,2023,27,1,0,3000,2570-1203
2572794,1204549,2023,27,1,0,3000,2572-1204
2576439,1205275,2024,27,2,0,3000,2576-1205
2619531,1128356,2021,27,3,0,3000,2619-1128
2619438,1128343,2021,27,3,0,3000,2619-1128
2710858,1114484,2024,27,1,0,3000,2710-1114
2576263.55745271,1205353.17232896,2023,27,1,0,3000,2576-1205
2576867,1205384,2023,27,1,0,3000,2576-1205
2490464,1112296,2023,27,2,3,3000,2490-1112
2713104,1113641,2021,33,2,4,3000,2713-1113
2490264,1111215,2025,39,1,3,3000,2490-1111
2618670.65278626,1128170.52219958,2024,39,1,2,3000,2618-1128
2716883,1113926,2025,39,3,1,3000,2716-1113
2490419,1111952,2024,45,4,0,3000,2490-1111
2709500,1113500,2025,45,2,0,3000,2709-1113
2569500,1192500,2024,45,1,0,3000,2569-1192
2491629.50840959,1112537.15236063,2025,52,7,0,3000,2491-1112
2578514,1203930,2024,52,2,0,3000,2578-1203
2712500,1113500,2021,27,3,0,3000,2712-1113
2490367.49844419,1112175.19352428,2023,27,1,0,3000,2490-1112
2490367.49844419,1112175.19352428,2023,27,1,0,3000,2490-1112
2576470,1205279,2025,27,1,0,3000,2576-1205
2709621,1113383,2021,27,1,0,3000,2709-1113
2576384,1205196,2022,27,1,0,3000,2576-1205
2576439,1205243,2024,27,1,0,3000,2576-1205
2715252,1113751,2024,33,1,3,3000,2715-1113
2576598,1205296,2024,39,4,3,3000,2576-1205
2573171,1204633,2022,39,1,1,3000,2573-1204
2680908,1272029,2025,39,2,6,3000,2680-1272
2716343,1113859,2023,27,1,3,3000,2716-1113
2710885,1114382,2024,27,5,4,3000,2710-1114
2576317,1205335,2023,27,1,3,3000,2576-1205
2576278,1205346,2023,27,2,3,3000,2576-1205
2490367.49844419,1112175.19352428,2023,27,4,2,3000,2490-1112
2716500,1113500,2023,27,1,2,3000,2716-1113
2490367.49844419,1112175.19352428,2023,27,1,2,3000,2490-1112
2490367.49844419,1112175.19352428,2023,27,1,2,3000,2490-1112
2490367.49844419,1112175.19352428,2021,27,2,3,3000,2490-1112
2573130,1204449,2021,34,2,4,3000,2573-1204
2709587,1113360,2022,40,1,3,3000,2709-1113
2572849,1204549,2021,46,1,0,3000,2572-1204
2490353,1111240,2025,46,3,0,3000,2490-1111
2710500,1113500,2023,22,1,0,3000,2710-1113
2710650,1114333,2025,22,1,0,3000,2710-1114
2710500,1113500,2023,22,1,0,3000,2710-1113
2490500,1112500,2023,28,5,3,3000,2490-1112
2572732,1204551,2022,28,1,3,3000,2572-1204
2576267,1205277,2024,28,1,2,3000,2576-1205
2692500,1285500,2021,28,1,3,3000,2692-1285
2715225,1113849,2022,34,1,3,3000,2715-1113
2715304,1113635,2024,34,1,3,3000,2715-1113
2715365,1113650,2024,34,2,3,3000,2715-1113
2490367.49844419,1112175.19352428,2024,34,1,2,3000,2490-1112
2716257,1113796,2023,28,3,3,3000,2716-1113
2712500,1113500,2024,28,1,2,3000,2712-1113
2576399,1205281,2025,28,1,2,3000,2576-1205
2576446,1205253,2025,28,2,1,3000,2576-1205
2576651,1205304,2025,28,1,1,3000,2576-1205
2715500,1113500,2024,34,2,4,3000,2715-1113
2714500,1114500,2022,46,2,0,3000,2714-1114
2578516,1203931,2024,46,5,0,3000,2578-1203
2709623,1113794,2023,22,1,3,3000,2709-1113
2709665,1113802,2023,22,1,0,3000,2709-1113
2712316,1113607,2024,28,1,1,3000,2712-1113
2693924,1286570,2022,28,1,3,3000,2693-1286
2576624,1205297,2024,28,1,3,3000,2576-1205
2576597,1205303,2025,28,1,3,3000,2576-1205
2576618,1205346,2025,28,2,3,3000,2576-1205
2693270,1286621,2022,28,2,4,3000,2693-1286
2491065.50845104,1112528.16964175,2024,28,2,1,3000,2491-1112
2712500,1113500,2024,28,1,3,3000,2712-1113
2689262,1275521,2025,28,1,3,3000,2689-1275
2576436,1205238,2021,28,1,3,3000,2576-1205
2576430,1205292,2024,28,1,2,3000,2576-1205
2490707,1111546,2025,34,1,2,3000,2490-1111
2490481,1111321,2025,34,1,3,3000,2490-1111
2710447.09883396,1113357.57841614,2022,22,1,0,3000,2710-1113
2710842,1114457,2022,22,1,0,3000,2710-1114
2619526,1128201,2023,28,2,2,3000,2619-1128
2619580,1128160,2023,28,2,4,3000,2619-1128
2689283,1275512,2024,28,1,3,3000,2689-1275
2689283,1275513,2024,28,1,3,3000,2689-1275
2689519,1275582,2024,28,1,3,3000,2689-1275
2689520,1275583,2024,28,1,3,3000,2689-1275
2576579,1205366,2023,28,2,4,3000,2576-1205
2576679,1205343,2022,28,3,3,3000,2576-1205
2576182,1205326,2023,28,2,2,3000,2576-1205
2576373,1205340,2021,28,2,3,3000,2576-1205
2712500,1113500,2024,28,2,2,3000,2712-1113
2715188,1113741,2024,34,1,3,3000,2715-1113
2576381,1205241,2025,34,1,3,3000,2576-1205
2715298,1113715,2024,34,1,2,3000,2715-1113
2576694,1205232,2025,40,3,2,3000,2576-1205
2576584,1205277,2025,40,2,3,3000,2576-1205
2490979,1111421,2023,40,1,3,3000,2490-1111
2570500,1203500,2021,40,1,3,3000,2570-1203
2709581,1113398,2022,22,1,0,3000,2709-1113
2709500,1113500,2022,22,1,0,3000,2709-1113
2576666,1205304,2023,28,1,3,3000,2576-1205
2490367.49844419,1112175.19352428,2023,28,7,6,3000,2490-1112
2576287,1205216,2023,28,1,3,3000,2576-1205
2490357,1111381,2023,35,1,3,3000,2490-1111
2576700,1205313,2025,35,1,3,3000,2576-1205
2535896,1171497,2025,35,2,4,3000,2535-1171
2573403,1204617,2022,41,1,2,3000,2573-1204
2576262,1205237,2025,41,4,2,3000,2576-1205
2576322,1205228,2025,41,4,3,3000,2576-1205
2490500,1112500,2024,47,2,0,3000,2490-1112
2490500,1112500,2022,47,8,0,3000,2490-1112
2489090.52921181,1113173.2255566,2022,47,2,0,3000,2489-1113
2715500,1113500,2025,23,2,0,3000,2715-1113
2716410.0839195,1113823.61702929,2025,29,1,2,3000,2716-1113
2490263.48848686,1111838.19915336,2023,29,2,2,3000,2490-1111
2572500,1204500,2025,29,1,3,3000,2572-1204
2715937,1113732,2023,29,2,1,3000,2715-1113
2716771,1113985,2023,29,1,3,3000,2716-1113
2576489,1205274,2024,29,1,3,3000,2576-1205
2576401,1205301,2023,29,1,3,3000,2576-1205
2576263.55745271,1205353.17232896,2022,29,3,3,3000,2576-1205
2570171.55826185,1203620.27005927,2023,29,1,3,3000,2570-1203
2490367.49844419,1112175.19352428,2023,29,2,14,3000,2490-1112
2576500,1205500,2023,29,2,4,3000,2576-1205
2709500,1113500,2025,35,2,3,3000,2709-1113
2576433,1205244,2025,35,1,3,3000,2576-1205
2712773,1113762,2023,23,1,0,3000,2712-1113
2578700,1203678,2025,23,1,0,3000,2578-1203
2578500,1203500,2022,23,1,0,3000,2578-1203
2576607,1205399,2022,29,1,10,3000,2576-1205
2538222,1189469,2021,29,2,4,3000,2538-1189
2618670.65278626,1128170.52219959,2021,29,1,3,3000,2618-1128
2576263.55745271,1205353.17232896,2021,29,1,2,3000,2576-1205
2490396,1111274,2025,35,2,3,3000,2490-1111
2490329,1111208,2025,35,1,3,3000,2490-1111
2576329,1205338,2023,35,1,2,3000,2576-1205
2578244,1204226,2021,47,2,0,3000,2578-1204
2709500,1113500,2022,23,1,0,3000,2709-1113
2716606,1113967,2021,29,1,3,3000,2716-1113
2576633,1205296,2025,29,2,3,3000,2576-1205
2576397,1205257,2022,29,1,2,3000,2576-1205
2576408,1205249,2024,29,2,4,3000,2576-1205
2572841,1204579,2021,29,1,3,3000,2572-1204
2619110.66228281,1128912.51747667,2021,29,1,1,3000,2619-1128
2490367.49844419,1112175.19352428,2023,35,2,4,3000,2490-1112
2490637,1111989,2023,35,1,3,3000,2490-1111
2490945,1111408,2023,35,1,3,3000,2490-1111
2709500,1113500,2024,23,1,0,3000,2709-1113
2710757,1114119,2022,23,1,0,3000,2710-1114
2710757,1114119,2022,23,1,0,3000,2710-1114
2716410.0839195,1113823.61702929,2022,23,3,0,3000,2716-1113
2716799,1113932,2022,23,1,0,3000,2716-1113
2709887,1113251,2023,23,1,3,3000,2709-1113
2709796,1113139,2023,23,1,3,3000,2709-1113
2713445,1113847,2025,23,2,0,3000,2713-1113
2709854,1113103,2023,23,1,3,3000,2709-1113
2716150,1113901,2023,29,1,2,3000,2716-1113
2715284,1113705,2022,29,2,3,3000,2715-1113
2618353,1128034,2021,29,1,1,3000,2618-1128
2490705,1111999,2021,29,7,1,3000,2490-1111
2490469,1111288,2025,35,1,3,3000,2490-1111
2576336,1205230,2024,35,3,2,3000,2576-1205
2715500,1113500,2021,41,9,4,3000,2715-1113
2713538,1113121,2022,41,1,3,3000,2713-1113
2576212,1205410,2023,41,2,3,3000,2576-1205
2490367.49844419,1112175.19352428,2024,48,9,0,3000,2490-1112
2710500,1113500,2022,23,2,0,3000,2710-1113
2709952,1113156,2023,23,1,3,3000,2709-1113
2709642,1113406,2021,23,2,0,3000,2709-1113
2710500,1113500,2022,23,2,0,3000,2710-1113
2710912,1114422,2021,23,2,0,3000,2710-1114
2710968.0960105,1113724.57925709,2022,23,2,0,3000,2710-1113
2576399,1205387,2023,23,1,0,3000,2576-1205
2576395,1205351,2025,29,1,2,3000,2576-1205
2576386,1205349,2025,29,1,2,3000,2576-1205
2618670.65278626,1128170.52219958,2025,29,4,1,3000,2618-1128
2618670.65278626,1128170.52219958,2025,29,4,1,3000,2618-1128
2716891,1113922,2025,36,5,1,3000,2716-1113
2576698,1205312,2024,36,1,2,3000,2576-1205
2576386,1205308,2024,36,1,2,3000,2576-1205
2576380,1205205,2022,36,1,1,3000,2576-1205
2710171,1114691,2025,24,1,0,3000,2710-1114
2710439,1114677,2025,24,1,0,3000,2710-1114
2710439,1114677,2025,24,1,0,3000,2710-1114
2710930,1114669,2021,24,1,0,3000,2710-1114
2572734,1204552,2022,24,1,0,3000,2572-1204
2619196.65693071,1128177.51787465,2023,24,2,0,3000,2619-1128
2710859,1114418,2024,24,2,0,3000,2710-1114
2559500,1130500,2025,24,1,0,3000,2559-1130
2716242,1113848,2021,24,1,0,3000,2716-1113
2490367.49844419,1112175.19352428,2022,30,4,6,3000,2490-1112
2576095,1205403,2024,30,1,3,3000,2576-1205
2576358,1205408,2022,30,1,3,3000,2576-1205
2576263.55745271,1205353.17232896,2023,30,4,2,3000,2576-1205
2715230,1113857,2022,30,1,3,3000,2715-1113
2716369,1113858,2022,30,1,1,3000,2716-1113
2576672,1205285,2023,30,1,3,3000,2576-1205
2576631,1205284,2022,30,2,6,3000,2576-1205
2490548,1111792,2023,30,2,2,3000,2490-1111
2572719,1204571,2021,36,1,3,3000,2572-1204
2572500,1204500,2021,36,2,3,3000,2572-1204
2716918,1113946,2025,36,1,3,3000,2716-1113
2576473,1205330,2024,36,1,3,3000,2576-1205
2570500,1203500,2021,42,1,3,3000,2570-1203
2578472,1203906,2021,48,10,0,3000,2578-1203
2576528,1205265,2023,24,2,0,3000,2576-1205
2716289,1113965,2024,24,1,0,3000,2716-1113
2576456,1205278,2023,24,2,0,3000,2576-1205
2710955,1114371,2021,24,2,0,3000,2710-1114
2576412,1205222,2023,24,2,0,3000,2576-1205
2576276,1205332,2023,24,1,0,3000,2576-1205
2559500,1130500,2025,24,2,4,3000,2559-1130
2576621,1205287,2022,30,1,2,3000,2576-1205
2576605,1205276,2023,30,1,3,3000,2576-1205
2716369,1113856,2023,30,1,3,3000,2716-1113
2570402,1203235,2023,30,1,2,3000,2570-1203
2572816,1204611,2024,30,1,2,3000,2572-1204
2490471,1111341,2023,36,1,3,3000,2490-1111
2490489,1111318,2024,36,1,3,3000,2490-1111
2576608,1205279,2022,48,1,0,3000,2576-1205
2712500,1113500,2025,24,1,0,3000,2712-1113
2716500,1113500,2021,24,1,0,3000,2716-1113
2576688,1205319,2021,24,2,0,3000,2576-1205
2490367.49844419,1112175.19352428,2024,24,1,0,3000,2490-1112
2709500,1113500,2024,30,1,3,3000,2709-1113
2576423,1205231,2021,30,1,3,3000,2576-1205
2572758,1204532,2021,30,1,2,3000,2572-1204
2618670.65278626,1128170.52219958,2025,30,1,2,3000,2618-1128
2576675,1205317,2021,30,1,3,3000,2576-1205
2576644,1205336,2022,30,5,3,3000,2576-1205
2489201,1112840,2025,30,1,3,3000,2489-1112
2618670.65278626,1128170.52219958,2025,36,1,2,3000,2618-1128
2490000,1111238,2024,36,1,3,3000,2490-1111
2716216,1113940,2021,42,2,1,3000,2716-1113
2576611,1205288,2024,42,2,2,3000,2576-1205
2576499,1205262,2023,24,2,0,3000,2576-1205
2709977,1113150,2022,24,2,0,3000,2709-1113
2714500,1113500,2021,24,1,0,3000,2714-1113
2573576,1204538,2025,24,1,0,3000,2573-1204
2716975,1113958,2022,24,1,0,3000,2716-1113
2710901,1114316,2021,24,8,0,3000,2710-1114
2712044,1113104,2024,24,1,0,3000,2712-1113
2576500,1205500,2023,24,1,0,3000,2576-1205
2709628.1002368,1113293.57333526,2022,24,3,0,3000,2709-1113
2709628.1002368,1113293.57333526,2022,24,2,0,3000,2709-1113
2709628.1002368,1113293.57333526,2022,24,2,0,3000,2709-1113
2618670.65278626,1128170.52219959,2021,24,2,0,3000,2618-1128
2578298,1204290,2024,30,1,2,3000,2578-1204
2576500,1205500,2021,30,2,3,3000,2576-1205
2570497,1203807,2023,30,1,2,3000,2570-1203
2576356,1205464,2024,30,2,3,3000,2576-1205
2576424,1205219,2022,30,2,3,3000,2576-1205
2576256,1205316,2022,30,2,3,3000,2576-1205
2576371,1205373,2022,30,3,1,3000,2576-1205
2571470.53406229,1202564.24394484,2021,36,1,2,3000,2571-1202
2573776.53915215,1203501.20764645,2023,36,1,3,3000,2573-1203
2576180,1205338,2022,24,3,0,3000,2576-1205
2710500,1114500,2021,24,5,0,3000,2710-1114
2618670.65278626,1128170.52219958,2025,24,1,0,3000,2618-1128
2618670.65278626,1128170.52219959,2021,24,3,0,3000,2618-1128
2712382,1113684,2023,24,2,0,3000,2712-1113
2710950,1114327,2021,24,5,0,3000,2710-1114
2715021,1113860,2023,24,1,0,3000,2715-1113
2716281,1113951,2022,24,2,0,3000,2716-1113
2578826,1204681,2024,24,1,0,3000,2578-1204
2576481,1205310,2024,24,1,0,3000,2576-1205
2714075,1113301,2023,24,1,3,3000,2714-1113
2709616,1113512,2023,24,1,0,3000,2709-1113
2559500,1130500,2025,24,1,0,3000,2559-1130
2576500,1205500,2021,24,1,0,3000,2576-1205
2709797,1113306,2022,30,1,2,3000,2709-1113
2709596,1113344,2022,30,1,3,3000,2709-1113
2576511,1205333,2024,37,2,2,3000,2576-1205
2716350,1113839,2022,37,1,3,3000,2716-1113
2709638,1113357,2021,49,1,0,3000,2709-1113
2576463,1205264,2022,31,1,2,3000,2576-1205
2573144,1204218,2021,31,1,2,3000,2573-1204
2572836,1204574,2022,31,1,2,3000,2572-1204
2576439,1205243,2025,31,1,2,3000,2576-1205
2680500,1272500,2022,43,2,1,3000,2680-1272
2714192,1113203,2025,43,2,2,3000,2714-1113
2490503,1111720,2023,43,1,2,3000,2490-1111
