NameSci,NameDt,SiteNr,year,Date,Number_of_individuals,breeding_status_sy,doy
Garrulus glandarius,Eichelhäher,bw10,2022,2022-06-09,0,non_breeder,160
Garrulus glandarius,Eichelhäher,bw10,2022,2022-05-14,0,non_breeder,134
Garrulus glandarius,Eichelhäher,bw10,2022,2022-03-20,0,non_breeder,79
Garrulus glandarius,Eichelhäher,bw10,2022,2022-04-22,4,non_breeder,112
Garrulus glandarius,Eichelhäher,bw10,2023,2023-04-30,0,non_breeder,120
Garrulus glandarius,Eichelhäher,bw10,2023,2023-05-14,1,non_breeder,134
Garrulus glandarius,Eichelhäher,bw10,2023,2023-05-27,3,non_breeder,147
Garrulus glandarius,Eichelhäher,bw10,2023,2023-03-18,0,non_breeder,77
Garrulus glandarius,Eichelhäher,bw10,2024,2024-06-08,0,non_breeder,160
Garrulus glandarius,Eichelhäher,bw10,2024,2024-03-11,1,non_breeder,71
Garrulus glandarius,Eichelhäher,bw10,2024,2024-04-05,0,non_breeder,96
Garrulus glandarius,Eichelhäher,bw10,2024,2024-05-04,0,non_breeder,125
Garrulus glandarius,Eichelhäher,bw10,2024,2024-04-04,0,non_breeder,95
Garrulus glandarius,Eichelhäher,bw10,2025,2025-04-16,0,non_breeder,106
Garrulus glandarius,Eichelhäher,bw10,2025,2025-05-31,0,non_breeder,151
Garrulus glandarius,Eichelhäher,bw10,2025,2025-03-23,2,non_breeder,82
Garrulus glandarius,Eichelhäher,bw10,2025,2025-05-11,1,non_breeder,131
Garrulus glandarius,Eichelhäher,bw100,2025,2025-04-13,0,non_breeder,103
Garrulus glandarius,Eichelhäher,bw100,2025,2025-05-18,0,non_breeder,138
Garrulus glandarius,Eichelhäher,bw100,2025,2025-06-19,1,non_breeder,170
Garrulus glandarius,Eichelhäher,bw100,2025,2025-03-16,1,non_breeder,75
Garrulus glandarius,Eichelhäher,bw101,2022,2022-03-27,1,non_breeder,86
Garrulus glandarius,Eichelhäher,bw101,2022,2022-04-17,0,non_breeder,107
Garrulus glandarius,Eichelhäher,bw101,2022,2022-05-20,0,non_breeder,140
Garrulus glandarius,Eichelhäher,bw101,2022,2022-06-20,0,non_breeder,171
Garrulus glandarius,Eichelhäher,bw102,2024,2024-04-27,0,non_breeder,118
Garrulus glandarius,Eichelhäher,bw102,2024,2024-03-25,3,non_breeder,85
Garrulus glandarius,Eichelhäher,bw102,2024,2024-05-18,2,non_breeder,139
Garrulus glandarius,Eichelhäher,bw102,2024,2024-06-17,1,non_breeder,169
Garrulus glandarius,Eichelhäher,bw102,2025,2025-03-25,1,non_breeder,84
Garrulus glandarius,Eichelhäher,bw102,2025,2025-04-10,2,non_breeder,100
Garrulus glandarius,Eichelhäher,bw102,2025,2025-06-09,1,non_breeder,160
Garrulus glandarius,Eichelhäher,bw102,2025,2025-05-12,0,non_breeder,132
Garrulus glandarius,Eichelhäher,bw103,2022,2022-03-27,1,non_breeder,86
Garrulus glandarius,Eichelhäher,bw103,2022,2022-04-22,1,non_breeder,112
Garrulus glandarius,Eichelhäher,bw103,2022,2022-05-13,0,non_breeder,133
Garrulus glandarius,Eichelhäher,bw103,2022,2022-06-19,2,non_breeder,170
Garrulus glandarius,Eichelhäher,bw103,2023,2023-04-23,3,non_breeder,113
Garrulus glandarius,Eichelhäher,bw103,2023,2023-05-18,1,non_breeder,138
Garrulus glandarius,Eichelhäher,bw103,2023,2023-06-09,2,non_breeder,160
Garrulus glandarius,Eichelhäher,bw103,2023,2023-03-27,6,non_breeder,86
Garrulus glandarius,Eichelhäher,bw103,2024,2024-05-20,1,non_breeder,141
Garrulus glandarius,Eichelhäher,bw103,2024,2024-06-03,1,non_breeder,155
Garrulus glandarius,Eichelhäher,bw103,2024,2024-03-25,2,non_breeder,85
Garrulus glandarius,Eichelhäher,bw103,2024,2024-04-22,0,non_breeder,113
Garrulus glandarius,Eichelhäher,bw103,2025,2025-06-11,2,non_breeder,162
Garrulus glandarius,Eichelhäher,bw103,2025,2025-03-28,2,non_breeder,87
Garrulus glandarius,Eichelhäher,bw103,2025,2025-04-23,1,non_breeder,113
Garrulus glandarius,Eichelhäher,bw103,2025,2025-05-17,3,non_breeder,137
Garrulus glandarius,Eichelhäher,bw103,2025,2025-05-19,0,non_breeder,139
Garrulus glandarius,Eichelhäher,bw108,2025,2025-03-25,1,non_breeder,84
Garrulus glandarius,Eichelhäher,bw108,2025,2025-04-20,0,non_breeder,110
Garrulus glandarius,Eichelhäher,bw108,2025,2025-05-10,0,non_breeder,130
Garrulus glandarius,Eichelhäher,bw108,2025,2025-06-08,0,non_breeder,159
Garrulus glandarius,Eichelhäher,bw109,2024,2024-03-27,0,non_breeder,87
Garrulus glandarius,Eichelhäher,bw109,2024,2024-04-26,3,non_breeder,117
Garrulus glandarius,Eichelhäher,bw109,2024,2024-05-20,0,non_breeder,141
Garrulus glandarius,Eichelhäher,bw109,2024,2024-06-14,0,non_breeder,166
Garrulus glandarius,Eichelhäher,bw109,2024,2024-03-28,0,non_breeder,88
Garrulus glandarius,Eichelhäher,bw110,2023,2023-04-09,1,non_breeder,99
Garrulus glandarius,Eichelhäher,bw110,2023,2023-05-03,1,non_breeder,123
Garrulus glandarius,Eichelhäher,bw110,2023,2023-05-19,0,non_breeder,139
Garrulus glandarius,Eichelhäher,bw110,2023,2023-06-19,0,non_breeder,170
Garrulus glandarius,Eichelhäher,bw114,2022,2022-06-18,0,non_breeder,169
Garrulus glandarius,Eichelhäher,bw114,2022,2022-04-12,2,non_breeder,102
Garrulus glandarius,Eichelhäher,bw114,2022,2022-03-24,3,non_breeder,83
Garrulus glandarius,Eichelhäher,bw114,2022,2022-05-18,2,non_breeder,138
Garrulus glandarius,Eichelhäher,bw114,2023,2023-04-26,2,non_breeder,116
Garrulus glandarius,Eichelhäher,bw114,2023,2023-05-19,0,non_breeder,139
Garrulus glandarius,Eichelhäher,bw114,2023,2023-06-20,1,non_breeder,171
Garrulus glandarius,Eichelhäher,bw114,2023,2023-03-28,1,non_breeder,87
Garrulus glandarius,Eichelhäher,bw114,2024,2024-03-28,0,non_breeder,88
Garrulus glandarius,Eichelhäher,bw114,2024,2024-04-28,4,non_breeder,119
Garrulus glandarius,Eichelhäher,bw114,2024,2024-05-18,1,non_breeder,139
Garrulus glandarius,Eichelhäher,bw114,2024,2024-06-14,4,non_breeder,166
Garrulus glandarius,Eichelhäher,bw114,2025,2025-04-04,4,non_breeder,94
Garrulus glandarius,Eichelhäher,bw114,2025,2025-03-09,3,non_breeder,68
Garrulus glandarius,Eichelhäher,bw114,2025,2025-05-10,3,non_breeder,130
Garrulus glandarius,Eichelhäher,bw114,2025,2025-06-12,1,non_breeder,163
Garrulus glandarius,Eichelhäher,bw115,2021,2021-03-21,3,non_breeder,80
Garrulus glandarius,Eichelhäher,bw115,2021,2021-04-18,3,non_breeder,108
Garrulus glandarius,Eichelhäher,bw115,2021,2021-05-09,3,non_breeder,129
Garrulus glandarius,Eichelhäher,bw115,2021,2021-05-30,2,non_breeder,150
Garrulus glandarius,Eichelhäher,bw115,2022,2022-03-13,3,non_breeder,72
Garrulus glandarius,Eichelhäher,bw115,2022,2022-04-10,2,non_breeder,100
Garrulus glandarius,Eichelhäher,bw115,2022,2022-06-06,2,non_breeder,157
Garrulus glandarius,Eichelhäher,bw115,2022,2022-05-01,1,non_breeder,121
Garrulus glandarius,Eichelhäher,bw115,2023,2023-03-11,2,non_breeder,70
Garrulus glandarius,Eichelhäher,bw115,2023,2023-04-15,2,non_breeder,105
Garrulus glandarius,Eichelhäher,bw115,2023,2023-05-01,3,non_breeder,121
Garrulus glandarius,Eichelhäher,bw115,2023,2023-06-11,1,non_breeder,162
Garrulus glandarius,Eichelhäher,bw115,2024,2024-03-10,5,non_breeder,70
Garrulus glandarius,Eichelhäher,bw115,2024,2024-05-26,1,non_breeder,147
Garrulus glandarius,Eichelhäher,bw115,2024,2024-04-07,2,non_breeder,98
Garrulus glandarius,Eichelhäher,bw115,2024,2024-05-01,1,non_breeder,122
Garrulus glandarius,Eichelhäher,bw115,2025,2025-03-16,3,non_breeder,75
Garrulus glandarius,Eichelhäher,bw115,2025,2025-04-13,4,non_breeder,103
Garrulus glandarius,Eichelhäher,bw115,2025,2025-06-01,1,non_breeder,152
Garrulus glandarius,Eichelhäher,bw115,2025,2025-05-01,1,non_breeder,121
Garrulus glandarius,Eichelhäher,bw116,2022,2022-04-10,1,non_breeder,100
Garrulus glandarius,Eichelhäher,bw116,2022,2022-05-10,0,non_breeder,130
Garrulus glandarius,Eichelhäher,bw116,2022,2022-03-13,4,non_breeder,72
Garrulus glandarius,Eichelhäher,bw116,2022,2022-06-03,0,non_breeder,154
Garrulus glandarius,Eichelhäher,bw117,2021,2021-03-20,1,non_breeder,79
Garrulus glandarius,Eichelhäher,bw117,2021,2021-04-30,1,non_breeder,120
Garrulus glandarius,Eichelhäher,bw117,2021,2021-05-21,0,non_breeder,141
Garrulus glandarius,Eichelhäher,bw117,2021,2021-06-15,0,non_breeder,166
Garrulus glandarius,Eichelhäher,bw119,2022,2022-04-27,1,non_breeder,117
Garrulus glandarius,Eichelhäher,bw119,2022,2022-03-30,1,non_breeder,89
Garrulus glandarius,Eichelhäher,bw119,2022,2022-06-13,0,non_breeder,164
Garrulus glandarius,Eichelhäher,bw119,2022,2022-05-19,2,non_breeder,139
Garrulus glandarius,Eichelhäher,bw119,2023,2023-05-20,0,non_breeder,140
Garrulus glandarius,Eichelhäher,bw119,2023,2023-06-15,1,non_breeder,166
Garrulus glandarius,Eichelhäher,bw119,2023,2023-03-22,1,non_breeder,81
Garrulus glandarius,Eichelhäher,bw119,2023,2023-04-19,0,non_breeder,109
Garrulus glandarius,Eichelhäher,bw119,2023,2023-04-18,0,non_breeder,108
Garrulus glandarius,Eichelhäher,bw119,2024,2024-05-02,0,non_breeder,123
Garrulus glandarius,Eichelhäher,bw119,2024,2024-03-12,1,non_breeder,72
Garrulus glandarius,Eichelhäher,bw119,2024,2024-04-22,0,non_breeder,113
Garrulus glandarius,Eichelhäher,bw119,2024,2024-06-16,0,non_breeder,168
Garrulus glandarius,Eichelhäher,bw119,2024,2024-04-21,0,non_breeder,112
Garrulus glandarius,Eichelhäher,bw119,2025,2025-03-26,1,non_breeder,85
Garrulus glandarius,Eichelhäher,bw119,2025,2025-04-16,0,non_breeder,106
Garrulus glandarius,Eichelhäher,bw119,2025,2025-05-07,0,non_breeder,127
Garrulus glandarius,Eichelhäher,bw119,2025,2025-06-05,0,non_breeder,156
Garrulus glandarius,Eichelhäher,bw122,2021,2021-04-18,1,non_breeder,108
Garrulus glandarius,Eichelhäher,bw122,2021,2021-05-13,4,non_breeder,133
Garrulus glandarius,Eichelhäher,bw122,2021,2021-05-30,0,non_breeder,150
Garrulus glandarius,Eichelhäher,bw122,2021,2021-03-21,3,non_breeder,80
Garrulus glandarius,Eichelhäher,bw122,2023,2023-06-20,1,non_breeder,171
Garrulus glandarius,Eichelhäher,bw122,2023,2023-05-10,1,non_breeder,130
Garrulus glandarius,Eichelhäher,bw122,2024,2024-04-26,1,non_breeder,117
Garrulus glandarius,Eichelhäher,bw122,2024,2024-03-15,3,non_breeder,75
Garrulus glandarius,Eichelhäher,bw122,2024,2024-05-26,0,non_breeder,147
Garrulus glandarius,Eichelhäher,bw122,2024,2024-06-16,0,non_breeder,168
Garrulus glandarius,Eichelhäher,bw122,2025,2025-04-21,0,non_breeder,111
Garrulus glandarius,Eichelhäher,bw122,2025,2025-06-09,1,non_breeder,160
Garrulus glandarius,Eichelhäher,bw122,2025,2025-03-25,0,non_breeder,84
Garrulus glandarius,Eichelhäher,bw122,2025,2025-05-16,0,non_breeder,136
Garrulus glandarius,Eichelhäher,bw124,2023,2023-03-18,2,non_breeder,77
Garrulus glandarius,Eichelhäher,bw124,2023,2023-04-10,6,non_breeder,100
Garrulus glandarius,Eichelhäher,bw124,2023,2023-05-14,0,non_breeder,134
Garrulus glandarius,Eichelhäher,bw124,2023,2023-05-29,2,non_breeder,149
Garrulus glandarius,Eichelhäher,bw124,2024,2024-03-30,1,non_breeder,90
Garrulus glandarius,Eichelhäher,bw124,2024,2024-04-27,2,non_breeder,118
Garrulus glandarius,Eichelhäher,bw124,2024,2024-05-12,1,non_breeder,133
Garrulus glandarius,Eichelhäher,bw124,2024,2024-06-09,0,non_breeder,161
Garrulus glandarius,Eichelhäher,bw124,2025,2025-03-23,2,non_breeder,82
Garrulus glandarius,Eichelhäher,bw124,2025,2025-04-20,0,non_breeder,110
Garrulus glandarius,Eichelhäher,bw124,2025,2025-05-11,0,non_breeder,131
Garrulus glandarius,Eichelhäher,bw124,2025,2025-06-14,0,non_breeder,165
Garrulus glandarius,Eichelhäher,bw127,2024,2024-05-25,2,non_breeder,146
Garrulus glandarius,Eichelhäher,bw127,2024,2024-04-27,2,non_breeder,118
Garrulus glandarius,Eichelhäher,bw127,2024,2024-03-26,2,non_breeder,86
Garrulus glandarius,Eichelhäher,bw127,2025,2025-04-11,1,non_breeder,101
Garrulus glandarius,Eichelhäher,bw127,2025,2025-05-05,1,non_breeder,125
Garrulus glandarius,Eichelhäher,bw127,2025,2025-03-22,3,non_breeder,81
Garrulus glandarius,Eichelhäher,bw127,2025,2025-05-23,1,non_breeder,143
Garrulus glandarius,Eichelhäher,bw129,2022,2022-03-24,4,non_breeder,83
Garrulus glandarius,Eichelhäher,bw129,2022,2022-04-18,3,non_breeder,108
Garrulus glandarius,Eichelhäher,bw129,2022,2022-05-28,0,non_breeder,148
Garrulus glandarius,Eichelhäher,bw129,2022,2022-05-08,3,non_breeder,128
Garrulus glandarius,Eichelhäher,bw129,2023,2023-05-13,3,non_breeder,133
Garrulus glandarius,Eichelhäher,bw129,2023,2023-05-30,0,non_breeder,150
Garrulus glandarius,Eichelhäher,bw129,2023,2023-04-18,1,non_breeder,108
Garrulus glandarius,Eichelhäher,bw129,2023,2023-03-25,4,non_breeder,84
Garrulus glandarius,Eichelhäher,bw129,2024,2024-04-16,1,non_breeder,107
Garrulus glandarius,Eichelhäher,bw129,2024,2024-03-22,5,non_breeder,82
Garrulus glandarius,Eichelhäher,bw129,2024,2024-05-13,3,non_breeder,134
Garrulus glandarius,Eichelhäher,bw129,2024,2024-06-04,1,non_breeder,156
Garrulus glandarius,Eichelhäher,bw129,2025,2025-03-25,3,non_breeder,84
Garrulus glandarius,Eichelhäher,bw129,2025,2025-06-12,2,non_breeder,163
Garrulus glandarius,Eichelhäher,bw129,2025,2025-05-09,1,non_breeder,129
Garrulus glandarius,Eichelhäher,bw129,2025,2025-04-16,1,non_breeder,106
Garrulus glandarius,Eichelhäher,bw131,2022,2022-03-27,2,non_breeder,86
Garrulus glandarius,Eichelhäher,bw131,2022,2022-05-07,0,non_breeder,127
Garrulus glandarius,Eichelhäher,bw131,2022,2022-05-28,0,non_breeder,148
Garrulus glandarius,Eichelhäher,bw131,2022,2022-06-26,0,non_breeder,177
Garrulus glandarius,Eichelhäher,bw131,2023,2023-03-28,0,non_breeder,87
Garrulus glandarius,Eichelhäher,bw131,2023,2023-04-27,1,non_breeder,117
Garrulus glandarius,Eichelhäher,bw131,2023,2023-05-14,0,non_breeder,134
Garrulus glandarius,Eichelhäher,bw131,2023,2023-06-11,0,non_breeder,162
Garrulus glandarius,Eichelhäher,bw131,2024,2024-03-30,1,non_breeder,90
Garrulus glandarius,Eichelhäher,bw131,2024,2024-04-28,0,non_breeder,119
Garrulus glandarius,Eichelhäher,bw131,2024,2024-05-19,1,non_breeder,140
Garrulus glandarius,Eichelhäher,bw131,2024,2024-06-16,0,non_breeder,168
Garrulus glandarius,Eichelhäher,bw132,2024,2024-04-05,1,non_breeder,96
Garrulus glandarius,Eichelhäher,bw132,2024,2024-05-01,3,non_breeder,122
Garrulus glandarius,Eichelhäher,bw132,2024,2024-03-18,2,non_breeder,78
Garrulus glandarius,Eichelhäher,bw132,2024,2024-06-20,2,non_breeder,172
Garrulus glandarius,Eichelhäher,bw132,2025,2025-05-19,0,non_breeder,139
Garrulus glandarius,Eichelhäher,bw132,2025,2025-06-11,0,non_breeder,162
Garrulus glandarius,Eichelhäher,bw132,2025,2025-03-22,1,non_breeder,81
Garrulus glandarius,Eichelhäher,bw132,2025,2025-04-19,0,non_breeder,109
Garrulus glandarius,Eichelhäher,bw134,2022,2022-04-10,3,non_breeder,100
Garrulus glandarius,Eichelhäher,bw134,2022,2022-03-20,0,non_breeder,79
Garrulus glandarius,Eichelhäher,bw134,2022,2022-05-05,0,non_breeder,125
Garrulus glandarius,Eichelhäher,bw134,2022,2022-06-07,2,non_breeder,158
Garrulus glandarius,Eichelhäher,bw134,2023,2023-05-18,1,non_breeder,138
Garrulus glandarius,Eichelhäher,bw134,2023,2023-04-30,0,non_breeder,120
Garrulus glandarius,Eichelhäher,bw134,2023,2023-03-26,1,non_breeder,85
Garrulus glandarius,Eichelhäher,bw134,2023,2023-06-11,1,non_breeder,162
Garrulus glandarius,Eichelhäher,bw134,2024,2024-04-26,1,non_breeder,117
Garrulus glandarius,Eichelhäher,bw134,2024,2024-05-09,0,non_breeder,130
Garrulus glandarius,Eichelhäher,bw134,2024,2024-06-11,0,non_breeder,163
Garrulus glandarius,Eichelhäher,bw134,2024,2024-03-26,1,non_breeder,86
Garrulus glandarius,Eichelhäher,bw134,2024,2024-04-25,0,non_breeder,116
Garrulus glandarius,Eichelhäher,bw134,2024,2024-05-08,0,non_breeder,129
Garrulus glandarius,Eichelhäher,bw134,2025,2025-05-16,1,non_breeder,136
Garrulus glandarius,Eichelhäher,bw134,2025,2025-06-14,1,non_breeder,165
Garrulus glandarius,Eichelhäher,bw134,2025,2025-04-15,2,non_breeder,105
Garrulus glandarius,Eichelhäher,bw134,2025,2025-03-16,6,non_breeder,75
Garrulus glandarius,Eichelhäher,bw135,2025,2025-05-10,0,non_breeder,130
Garrulus glandarius,Eichelhäher,bw135,2025,2025-04-19,0,non_breeder,109
Garrulus glandarius,Eichelhäher,bw135,2025,2025-05-31,0,non_breeder,151
Garrulus glandarius,Eichelhäher,bw135,2025,2025-03-16,1,non_breeder,75
Garrulus glandarius,Eichelhäher,bw136,2022,2022-03-27,1,non_breeder,86
Garrulus glandarius,Eichelhäher,bw136,2022,2022-05-15,1,non_breeder,135
Garrulus glandarius,Eichelhäher,bw136,2022,2022-04-27,0,non_breeder,117
Garrulus glandarius,Eichelhäher,bw136,2022,2022-06-12,1,non_breeder,163
Garrulus glandarius,Eichelhäher,bw136,2023,2023-06-12,0,non_breeder,163
Garrulus glandarius,Eichelhäher,bw136,2023,2023-04-29,1,non_breeder,119
Garrulus glandarius,Eichelhäher,bw136,2023,2023-05-18,0,non_breeder,138
Garrulus glandarius,Eichelhäher,bw136,2023,2023-03-28,2,non_breeder,87
Garrulus glandarius,Eichelhäher,bw136,2024,2024-03-30,1,non_breeder,90
Garrulus glandarius,Eichelhäher,bw136,2024,2024-05-13,0,non_breeder,134
Garrulus glandarius,Eichelhäher,bw136,2024,2024-06-29,0,non_breeder,181
Garrulus glandarius,Eichelhäher,bw136,2024,2024-04-28,2,non_breeder,119
Garrulus glandarius,Eichelhäher,bw136,2024,2024-06-28,0,non_breeder,180
Garrulus glandarius,Eichelhäher,bw136,2025,2025-04-27,0,non_breeder,117
Garrulus glandarius,Eichelhäher,bw136,2025,2025-03-28,4,non_breeder,87
Garrulus glandarius,Eichelhäher,bw136,2025,2025-05-18,1,non_breeder,138
Garrulus glandarius,Eichelhäher,bw136,2025,2025-06-19,2,non_breeder,170
Garrulus glandarius,Eichelhäher,bw136,2025,2025-06-18,0,non_breeder,169
Garrulus glandarius,Eichelhäher,bw137,2024,2024-06-20,0,non_breeder,172
Garrulus glandarius,Eichelhäher,bw137,2024,2024-03-29,1,non_breeder,89
Garrulus glandarius,Eichelhäher,bw137,2024,2024-04-27,0,non_breeder,118
Garrulus glandarius,Eichelhäher,bw137,2024,2024-05-16,0,non_breeder,137
Garrulus glandarius,Eichelhäher,bw137,2024,2024-05-15,0,non_breeder,136
Garrulus glandarius,Eichelhäher,bw137,2025,2025-06-19,1,non_breeder,170
Garrulus glandarius,Eichelhäher,bw137,2025,2025-03-22,1,non_breeder,81
Garrulus glandarius,Eichelhäher,bw137,2025,2025-05-10,0,non_breeder,130
Garrulus glandarius,Eichelhäher,bw137,2025,2025-04-06,0,non_breeder,96
Garrulus glandarius,Eichelhäher,bw138,2022,2022-06-11,0,non_breeder,162
Garrulus glandarius,Eichelhäher,bw138,2022,2022-03-19,2,non_breeder,78
Garrulus glandarius,Eichelhäher,bw138,2022,2022-04-15,1,non_breeder,105
Garrulus glandarius,Eichelhäher,bw138,2022,2022-05-10,0,non_breeder,130
Garrulus glandarius,Eichelhäher,bw138,2023,2023-06-10,2,non_breeder,161
Garrulus glandarius,Eichelhäher,bw138,2023,2023-03-29,0,non_breeder,88
Garrulus glandarius,Eichelhäher,bw138,2023,2023-04-04,0,non_breeder,94
Garrulus glandarius,Eichelhäher,bw138,2023,2023-05-17,0,non_breeder,137
Garrulus glandarius,Eichelhäher,bw140,2022,2022-05-03,0,non_breeder,123
Garrulus glandarius,Eichelhäher,bw140,2022,2022-03-17,2,non_breeder,76
Garrulus glandarius,Eichelhäher,bw140,2022,2022-05-29,2,non_breeder,149
Garrulus glandarius,Eichelhäher,bw140,2022,2022-04-13,4,non_breeder,103
Garrulus glandarius,Eichelhäher,bw140,2023,2023-05-26,0,non_breeder,146
Garrulus glandarius,Eichelhäher,bw140,2023,2023-05-12,0,non_breeder,132
Garrulus glandarius,Eichelhäher,bw140,2023,2023-03-17,4,non_breeder,76
Garrulus glandarius,Eichelhäher,bw140,2023,2023-04-10,6,non_breeder,100
Garrulus glandarius,Eichelhäher,bw140,2024,2024-03-18,2,non_breeder,78
Garrulus glandarius,Eichelhäher,bw140,2024,2024-04-06,0,non_breeder,97
Garrulus glandarius,Eichelhäher,bw140,2024,2024-05-01,0,non_breeder,122
Garrulus glandarius,Eichelhäher,bw140,2024,2024-05-23,1,non_breeder,144
Garrulus glandarius,Eichelhäher,bw140,2025,2025-05-24,2,non_breeder,144
Garrulus glandarius,Eichelhäher,bw140,2025,2025-04-05,3,non_breeder,95
Garrulus glandarius,Eichelhäher,bw140,2025,2025-05-06,0,non_breeder,126
Garrulus glandarius,Eichelhäher,bw140,2025,2025-03-16,4,non_breeder,75
Garrulus glandarius,Eichelhäher,bw142,2025,2025-03-21,1,non_breeder,80
Garrulus glandarius,Eichelhäher,bw142,2025,2025-04-10,1,non_breeder,100
Garrulus glandarius,Eichelhäher,bw142,2025,2025-05-09,0,non_breeder,129
Garrulus glandarius,Eichelhäher,bw142,2025,2025-05-30,0,non_breeder,150
Garrulus glandarius,Eichelhäher,bw144,2025,2025-04-07,1,non_breeder,97
Garrulus glandarius,Eichelhäher,bw144,2025,2025-05-03,1,non_breeder,123
Garrulus glandarius,Eichelhäher,bw144,2025,2025-03-17,1,non_breeder,76
Garrulus glandarius,Eichelhäher,bw144,2025,2025-05-27,1,non_breeder,147
Garrulus glandarius,Eichelhäher,bw146,2021,2021-06-03,0,non_breeder,154
Garrulus glandarius,Eichelhäher,bw146,2021,2021-03-25,0,non_breeder,84
Garrulus glandarius,Eichelhäher,bw146,2021,2021-04-18,0,non_breeder,108
Garrulus glandarius,Eichelhäher,bw146,2021,2021-05-09,1,non_breeder,129
Garrulus glandarius,Eichelhäher,bw146,2022,2022-03-18,1,non_breeder,77
Garrulus glandarius,Eichelhäher,bw146,2022,2022-04-06,0,non_breeder,96
Garrulus glandarius,Eichelhäher,bw146,2022,2022-05-01,1,non_breeder,121
Garrulus glandarius,Eichelhäher,bw146,2022,2022-06-08,0,non_breeder,159
Garrulus glandarius,Eichelhäher,bw146,2025,2025-03-22,2,non_breeder,81
Garrulus glandarius,Eichelhäher,bw146,2025,2025-04-05,0,non_breeder,95
Garrulus glandarius,Eichelhäher,bw146,2025,2025-05-02,0,non_breeder,122
Garrulus glandarius,Eichelhäher,bw146,2025,2025-05-30,0,non_breeder,150
Garrulus glandarius,Eichelhäher,bw15,2024,2024-03-26,2,non_breeder,86
Garrulus glandarius,Eichelhäher,bw15,2024,2024-04-10,0,non_breeder,101
Garrulus glandarius,Eichelhäher,bw15,2024,2024-05-12,0,non_breeder,133
Garrulus glandarius,Eichelhäher,bw15,2024,2024-06-05,0,non_breeder,157
Garrulus glandarius,Eichelhäher,bw15,2025,2025-03-28,4,non_breeder,87
Garrulus glandarius,Eichelhäher,bw15,2025,2025-04-09,0,non_breeder,99
Garrulus glandarius,Eichelhäher,bw15,2025,2025-05-10,0,non_breeder,130
Garrulus glandarius,Eichelhäher,bw15,2025,2025-06-01,0,non_breeder,152
Garrulus glandarius,Eichelhäher,bw150,2022,2022-05-28,1,non_breeder,148
Garrulus glandarius,Eichelhäher,bw150,2022,2022-04-15,6,non_breeder,105
Garrulus glandarius,Eichelhäher,bw150,2022,2022-05-07,10,non_breeder,127
Garrulus glandarius,Eichelhäher,bw150,2022,2022-03-26,4,non_breeder,85
Garrulus glandarius,Eichelhäher,bw150,2023,2023-03-25,4,non_breeder,84
Garrulus glandarius,Eichelhäher,bw150,2023,2023-04-23,4,non_breeder,113
Garrulus glandarius,Eichelhäher,bw150,2023,2023-05-07,4,non_breeder,127
Garrulus glandarius,Eichelhäher,bw150,2023,2023-05-21,3,non_breeder,141
Garrulus glandarius,Eichelhäher,bw150,2024,2024-05-09,3,non_breeder,130
Garrulus glandarius,Eichelhäher,bw150,2024,2024-03-30,6,non_breeder,90
Garrulus glandarius,Eichelhäher,bw150,2024,2024-04-27,13,non_breeder,118
Garrulus glandarius,Eichelhäher,bw150,2024,2024-05-26,1,non_breeder,147
Garrulus glandarius,Eichelhäher,bw150,2025,2025-03-23,11,non_breeder,82
Garrulus glandarius,Eichelhäher,bw150,2025,2025-04-18,4,non_breeder,108
Garrulus glandarius,Eichelhäher,bw150,2025,2025-05-24,1,non_breeder,144
Garrulus glandarius,Eichelhäher,bw150,2025,2025-05-10,0,non_breeder,130
Garrulus glandarius,Eichelhäher,bw151,2022,2022-03-27,4,non_breeder,86
Garrulus glandarius,Eichelhäher,bw151,2022,2022-04-16,3,non_breeder,106
Garrulus glandarius,Eichelhäher,bw151,2022,2022-05-08,0,non_breeder,128
Garrulus glandarius,Eichelhäher,bw151,2022,2022-05-29,2,non_breeder,149
Garrulus glandarius,Eichelhäher,bw151,2023,2023-03-26,3,non_breeder,85
Garrulus glandarius,Eichelhäher,bw151,2023,2023-04-30,0,non_breeder,120
Garrulus glandarius,Eichelhäher,bw151,2023,2023-05-14,0,non_breeder,134
Garrulus glandarius,Eichelhäher,bw151,2023,2023-05-28,0,non_breeder,148
Garrulus glandarius,Eichelhäher,bw151,2024,2024-03-29,0,non_breeder,89
Garrulus glandarius,Eichelhäher,bw151,2024,2024-04-28,1,non_breeder,119
Garrulus glandarius,Eichelhäher,bw151,2024,2024-05-11,1,non_breeder,132
Garrulus glandarius,Eichelhäher,bw151,2024,2024-06-08,3,non_breeder,160
Garrulus glandarius,Eichelhäher,bw151,2025,2025-03-30,0,non_breeder,89
Garrulus glandarius,Eichelhäher,bw151,2025,2025-04-19,1,non_breeder,109
Garrulus glandarius,Eichelhäher,bw151,2025,2025-05-12,0,non_breeder,132
Garrulus glandarius,Eichelhäher,bw151,2025,2025-05-23,0,non_breeder,143
Garrulus glandarius,Eichelhäher,bw160,2025,2025-05-10,0,non_breeder,130
Garrulus glandarius,Eichelhäher,bw160,2025,2025-06-11,0,non_breeder,162
Garrulus glandarius,Eichelhäher,bw160,2025,2025-03-22,1,non_breeder,81
Garrulus glandarius,Eichelhäher,bw160,2025,2025-04-16,0,non_breeder,106
Garrulus glandarius,Eichelhäher,bw163,2022,2022-03-15,0,non_breeder,74
Garrulus glandarius,Eichelhäher,bw163,2022,2022-04-29,1,non_breeder,119
Garrulus glandarius,Eichelhäher,bw163,2022,2022-05-19,0,non_breeder,139
Garrulus glandarius,Eichelhäher,bw163,2022,2022-06-13,0,non_breeder,164
Garrulus glandarius,Eichelhäher,bw163,2023,2023-03-31,1,non_breeder,90
Garrulus glandarius,Eichelhäher,bw163,2023,2023-04-28,0,non_breeder,118
Garrulus glandarius,Eichelhäher,bw163,2023,2023-05-04,0,non_breeder,124
Garrulus glandarius,Eichelhäher,bw163,2023,2023-06-20,0,non_breeder,171
Garrulus glandarius,Eichelhäher,bw163,2024,2024-03-27,0,non_breeder,87
Garrulus glandarius,Eichelhäher,bw163,2024,2024-04-25,0,non_breeder,116
Garrulus glandarius,Eichelhäher,bw163,2024,2024-05-10,0,non_breeder,131
Garrulus glandarius,Eichelhäher,bw163,2024,2024-05-22,1,non_breeder,143
Garrulus glandarius,Eichelhäher,bw165,2024,2024-05-07,0,non_breeder,128
Garrulus glandarius,Eichelhäher,bw165,2024,2024-05-28,1,non_breeder,149
Garrulus glandarius,Eichelhäher,bw165,2024,2024-03-18,0,non_breeder,78
Garrulus glandarius,Eichelhäher,bw165,2024,2024-04-08,0,non_breeder,99
Garrulus glandarius,Eichelhäher,bw166,2022,2022-05-01,0,non_breeder,121
Garrulus glandarius,Eichelhäher,bw166,2022,2022-05-28,0,non_breeder,148
Garrulus glandarius,Eichelhäher,bw166,2022,2022-03-12,1,non_breeder,71
Garrulus glandarius,Eichelhäher,bw166,2022,2022-04-19,0,non_breeder,109
Garrulus glandarius,Eichelhäher,bw166,2023,2023-04-10,0,non_breeder,100
Garrulus glandarius,Eichelhäher,bw166,2023,2023-05-01,1,non_breeder,121
Garrulus glandarius,Eichelhäher,bw166,2023,2023-06-09,0,non_breeder,160
Garrulus glandarius,Eichelhäher,bw166,2023,2023-03-18,0,non_breeder,77
Garrulus glandarius,Eichelhäher,bw166,2024,2024-04-14,1,non_breeder,105
Garrulus glandarius,Eichelhäher,bw166,2024,2024-05-11,0,non_breeder,132
Garrulus glandarius,Eichelhäher,bw166,2024,2024-06-09,0,non_breeder,161
Garrulus glandarius,Eichelhäher,bw166,2024,2024-03-17,0,non_breeder,77
Garrulus glandarius,Eichelhäher,bw166,2025,2025-04-26,0,non_breeder,116
Garrulus glandarius,Eichelhäher,bw166,2025,2025-05-31,0,non_breeder,151
Garrulus glandarius,Eichelhäher,bw166,2025,2025-04-12,2,non_breeder,102
Garrulus glandarius,Eichelhäher,bw166,2025,2025-03-16,1,non_breeder,75
Garrulus glandarius,Eichelhäher,bw167,2024,2024-04-22,1,non_breeder,113
Garrulus glandarius,Eichelhäher,bw167,2024,2024-05-11,0,non_breeder,132
Garrulus glandarius,Eichelhäher,bw167,2024,2024-06-17,0,non_breeder,169
Garrulus glandarius,Eichelhäher,bw167,2024,2024-03-29,0,non_breeder,89
Garrulus glandarius,Eichelhäher,bw167,2024,2024-04-21,0,non_breeder,112
Garrulus glandarius,Eichelhäher,bw168,2025,2025-06-11,0,non_breeder,162
Garrulus glandarius,Eichelhäher,bw168,2025,2025-03-27,0,non_breeder,86
Garrulus glandarius,Eichelhäher,bw168,2025,2025-04-16,1,non_breeder,106
Garrulus glandarius,Eichelhäher,bw168,2025,2025-05-07,0,non_breeder,127
Garrulus glandarius,Eichelhäher,bw169,2024,2024-04-09,0,non_breeder,100
Garrulus glandarius,Eichelhäher,bw169,2024,2024-05-01,0,non_breeder,122
Garrulus glandarius,Eichelhäher,bw169,2024,2024-03-20,2,non_breeder,80
Garrulus glandarius,Eichelhäher,bw169,2024,2024-06-04,1,non_breeder,156
Garrulus glandarius,Eichelhäher,bw169,2025,2025-06-03,1,non_breeder,154
Garrulus glandarius,Eichelhäher,bw169,2025,2025-05-06,3,non_breeder,126
Garrulus glandarius,Eichelhäher,bw169,2025,2025-03-19,1,non_breeder,78
Garrulus glandarius,Eichelhäher,bw169,2025,2025-04-08,1,non_breeder,98
Garrulus glandarius,Eichelhäher,bw170,2024,2024-06-05,0,non_breeder,157
Garrulus glandarius,Eichelhäher,bw170,2024,2024-03-21,3,non_breeder,81
Garrulus glandarius,Eichelhäher,bw170,2024,2024-05-02,0,non_breeder,123
Garrulus glandarius,Eichelhäher,bw170,2024,2024-04-10,0,non_breeder,101
Garrulus glandarius,Eichelhäher,bw170,2025,2025-06-04,2,non_breeder,155
Garrulus glandarius,Eichelhäher,bw170,2025,2025-04-02,0,non_breeder,92
Garrulus glandarius,Eichelhäher,bw170,2025,2025-05-02,0,non_breeder,122
Garrulus glandarius,Eichelhäher,bw170,2025,2025-03-18,0,non_breeder,77
Garrulus glandarius,Eichelhäher,bw171,2023,2023-03-25,7,non_breeder,84
Garrulus glandarius,Eichelhäher,bw178,2022,2022-06-19,1,non_breeder,170
Garrulus glandarius,Eichelhäher,bw178,2022,2022-03-12,0,non_breeder,71
Garrulus glandarius,Eichelhäher,bw178,2022,2022-04-23,1,non_breeder,113
Garrulus glandarius,Eichelhäher,bw178,2022,2022-05-21,1,non_breeder,141
Garrulus glandarius,Eichelhäher,bw183,2022,2022-03-19,2,non_breeder,78
Garrulus glandarius,Eichelhäher,bw183,2022,2022-05-19,6,non_breeder,139
Garrulus glandarius,Eichelhäher,bw183,2022,2022-04-21,2,non_breeder,111
Garrulus glandarius,Eichelhäher,bw183,2022,2022-06-12,2,non_breeder,163
Garrulus glandarius,Eichelhäher,bw183,2023,2023-03-25,2,non_breeder,84
Garrulus glandarius,Eichelhäher,bw183,2023,2023-05-13,1,non_breeder,133
Garrulus glandarius,Eichelhäher,bw183,2023,2023-06-18,2,non_breeder,169
Garrulus glandarius,Eichelhäher,bw183,2023,2023-04-23,2,non_breeder,113
Garrulus glandarius,Eichelhäher,bw183,2023,2023-04-22,0,non_breeder,112
Garrulus glandarius,Eichelhäher,bw185,2024,2024-04-30,0,non_breeder,121
Garrulus glandarius,Eichelhäher,bw185,2024,2024-05-14,0,non_breeder,135
Garrulus glandarius,Eichelhäher,bw185,2024,2024-06-20,0,non_breeder,172
Garrulus glandarius,Eichelhäher,bw185,2024,2024-03-21,1,non_breeder,81
Garrulus glandarius,Eichelhäher,bw186,2024,2024-05-14,0,non_breeder,135
Garrulus glandarius,Eichelhäher,bw186,2024,2024-06-11,1,non_breeder,163
Garrulus glandarius,Eichelhäher,bw186,2024,2024-03-26,0,non_breeder,86
Garrulus glandarius,Eichelhäher,bw186,2024,2024-04-30,0,non_breeder,121
Garrulus glandarius,Eichelhäher,bw186,2025,2025-03-25,1,non_breeder,84
Garrulus glandarius,Eichelhäher,bw186,2025,2025-05-20,1,non_breeder,140
Garrulus glandarius,Eichelhäher,bw186,2025,2025-06-10,2,non_breeder,161
Garrulus glandarius,Eichelhäher,bw186,2025,2025-04-23,0,non_breeder,113
Garrulus glandarius,Eichelhäher,bw187,2022,2022-03-24,7,non_breeder,83
Garrulus glandarius,Eichelhäher,bw187,2022,2022-04-23,4,non_breeder,113
Garrulus glandarius,Eichelhäher,bw187,2022,2022-05-17,2,non_breeder,137
Garrulus glandarius,Eichelhäher,bw187,2022,2022-06-18,0,non_breeder,169
Garrulus glandarius,Eichelhäher,bw187,2023,2023-03-17,9,non_breeder,76
Garrulus glandarius,Eichelhäher,bw187,2023,2023-04-05,10,non_breeder,95
Garrulus glandarius,Eichelhäher,bw187,2023,2023-05-17,3,non_breeder,137
Garrulus glandarius,Eichelhäher,bw187,2023,2023-06-15,0,non_breeder,166
Garrulus glandarius,Eichelhäher,bw187,2024,2024-05-22,1,non_breeder,143
Garrulus glandarius,Eichelhäher,bw187,2024,2024-03-19,3,non_breeder,79
Garrulus glandarius,Eichelhäher,bw187,2024,2024-06-05,1,non_breeder,157
Garrulus glandarius,Eichelhäher,bw187,2024,2024-04-12,4,non_breeder,103
Garrulus glandarius,Eichelhäher,bw187,2025,2025-06-12,1,non_breeder,163
Garrulus glandarius,Eichelhäher,bw187,2025,2025-03-18,3,non_breeder,77
Garrulus glandarius,Eichelhäher,bw187,2025,2025-04-14,1,non_breeder,104
Garrulus glandarius,Eichelhäher,bw187,2025,2025-05-14,2,non_breeder,134
Garrulus glandarius,Eichelhäher,bw190,2025,2025-04-27,1,non_breeder,117
Garrulus glandarius,Eichelhäher,bw190,2025,2025-06-08,1,non_breeder,159
Garrulus glandarius,Eichelhäher,bw190,2025,2025-03-20,4,non_breeder,79
Garrulus glandarius,Eichelhäher,bw190,2025,2025-04-11,0,non_breeder,101
Garrulus glandarius,Eichelhäher,bw191,2023,2023-04-19,0,non_breeder,109
Garrulus glandarius,Eichelhäher,bw191,2023,2023-03-17,2,non_breeder,76
Garrulus glandarius,Eichelhäher,bw191,2023,2023-05-13,0,non_breeder,133
Garrulus glandarius,Eichelhäher,bw191,2023,2023-06-13,0,non_breeder,164
Garrulus glandarius,Eichelhäher,bw191,2024,2024-04-06,1,non_breeder,97
Garrulus glandarius,Eichelhäher,bw191,2024,2024-06-08,0,non_breeder,160
Garrulus glandarius,Eichelhäher,bw191,2024,2024-03-17,0,non_breeder,77
Garrulus glandarius,Eichelhäher,bw191,2024,2024-05-04,0,non_breeder,125
Garrulus glandarius,Eichelhäher,bw195,2021,2021-04-03,5,non_breeder,93
Garrulus glandarius,Eichelhäher,bw195,2021,2021-03-12,3,non_breeder,71
Garrulus glandarius,Eichelhäher,bw195,2021,2021-06-03,0,non_breeder,154
Garrulus glandarius,Eichelhäher,bw195,2021,2021-05-10,0,non_breeder,130
Garrulus glandarius,Eichelhäher,bw195,2022,2022-04-16,1,non_breeder,106
Garrulus glandarius,Eichelhäher,bw195,2022,2022-03-19,0,non_breeder,78
Garrulus glandarius,Eichelhäher,bw195,2022,2022-05-07,0,non_breeder,127
Garrulus glandarius,Eichelhäher,bw195,2022,2022-06-05,0,non_breeder,156
Garrulus glandarius,Eichelhäher,bw195,2023,2023-06-10,0,non_breeder,161
Garrulus glandarius,Eichelhäher,bw195,2023,2023-04-15,0,non_breeder,105
Garrulus glandarius,Eichelhäher,bw195,2023,2023-05-06,0,non_breeder,126
Garrulus glandarius,Eichelhäher,bw195,2023,2023-03-17,3,non_breeder,76
Garrulus glandarius,Eichelhäher,bw201,2024,2024-06-16,0,non_breeder,168
Garrulus glandarius,Eichelhäher,bw201,2024,2024-03-26,1,non_breeder,86
Garrulus glandarius,Eichelhäher,bw201,2024,2024-05-09,0,non_breeder,130
Garrulus glandarius,Eichelhäher,bw201,2024,2024-05-30,0,non_breeder,151
Garrulus glandarius,Eichelhäher,bw201,2025,2025-06-10,0,non_breeder,161
Garrulus glandarius,Eichelhäher,bw201,2025,2025-04-05,3,non_breeder,95
Garrulus glandarius,Eichelhäher,bw201,2025,2025-03-29,0,non_breeder,88
Garrulus glandarius,Eichelhäher,bw201,2025,2025-05-18,0,non_breeder,138
Garrulus glandarius,Eichelhäher,bw204,2023,2023-03-18,3,non_breeder,77
Garrulus glandarius,Eichelhäher,bw204,2023,2023-06-18,4,non_breeder,169
Garrulus glandarius,Eichelhäher,bw204,2023,2023-05-06,2,non_breeder,126
Garrulus glandarius,Eichelhäher,bw204,2023,2023-04-14,4,non_breeder,104
Garrulus glandarius,Eichelhäher,bw204,2024,2024-03-10,9,non_breeder,70
Garrulus glandarius,Eichelhäher,bw204,2024,2024-05-05,2,non_breeder,126
Garrulus glandarius,Eichelhäher,bw204,2024,2024-04-07,4,non_breeder,98
Garrulus glandarius,Eichelhäher,bw204,2024,2024-05-26,0,non_breeder,147
Garrulus glandarius,Eichelhäher,bw204,2025,2025-03-16,3,non_breeder,75
Garrulus glandarius,Eichelhäher,bw204,2025,2025-04-06,0,non_breeder,96
Garrulus glandarius,Eichelhäher,bw204,2025,2025-05-29,2,non_breeder,149
Garrulus glandarius,Eichelhäher,bw204,2025,2025-05-03,1,non_breeder,123
Garrulus glandarius,Eichelhäher,bw207,2024,2024-03-29,1,non_breeder,89
Garrulus glandarius,Eichelhäher,bw207,2024,2024-04-13,0,non_breeder,104
Garrulus glandarius,Eichelhäher,bw207,2024,2024-05-11,0,non_breeder,132
Garrulus glandarius,Eichelhäher,bw207,2024,2024-06-08,0,non_breeder,160
Garrulus glandarius,Eichelhäher,bw207,2024,2024-05-10,0,non_breeder,131
Garrulus glandarius,Eichelhäher,bw207,2024,2024-06-07,0,non_breeder,159
Garrulus glandarius,Eichelhäher,bw209,2021,2021-05-09,0,non_breeder,129
Garrulus glandarius,Eichelhäher,bw209,2021,2021-03-28,3,non_breeder,87
Garrulus glandarius,Eichelhäher,bw209,2021,2021-04-24,0,non_breeder,114
Garrulus glandarius,Eichelhäher,bw209,2021,2021-05-29,1,non_breeder,149
Garrulus glandarius,Eichelhäher,bw209,2022,2022-05-29,2,non_breeder,149
Garrulus glandarius,Eichelhäher,bw209,2022,2022-03-12,2,non_breeder,71
Garrulus glandarius,Eichelhäher,bw209,2022,2022-04-16,1,non_breeder,106
Garrulus glandarius,Eichelhäher,bw209,2022,2022-05-08,0,non_breeder,128
Garrulus glandarius,Eichelhäher,bw209,2023,2023-04-22,2,non_breeder,112
Garrulus glandarius,Eichelhäher,bw209,2023,2023-05-27,0,non_breeder,147
Garrulus glandarius,Eichelhäher,bw209,2023,2023-05-06,3,non_breeder,126
Garrulus glandarius,Eichelhäher,bw209,2023,2023-03-18,6,non_breeder,77
Garrulus glandarius,Eichelhäher,bw209,2024,2024-03-10,0,non_breeder,70
Garrulus glandarius,Eichelhäher,bw209,2024,2024-05-11,1,non_breeder,132
Garrulus glandarius,Eichelhäher,bw209,2024,2024-06-14,0,non_breeder,166
Garrulus glandarius,Eichelhäher,bw209,2024,2024-04-13,0,non_breeder,104
Garrulus glandarius,Eichelhäher,bw209,2025,2025-06-01,1,non_breeder,152
Garrulus glandarius,Eichelhäher,bw209,2025,2025-03-22,1,non_breeder,81
Garrulus glandarius,Eichelhäher,bw209,2025,2025-04-06,0,non_breeder,96
Garrulus glandarius,Eichelhäher,bw209,2025,2025-05-11,1,non_breeder,131
Garrulus glandarius,Eichelhäher,bw21,2022,2022-03-25,3,non_breeder,84
Garrulus glandarius,Eichelhäher,bw21,2023,2023-04-26,2,non_breeder,116
Garrulus glandarius,Eichelhäher,bw21,2024,2024-03-30,3,non_breeder,90
Garrulus glandarius,Eichelhäher,bw21,2024,2024-04-13,0,non_breeder,104
Garrulus glandarius,Eichelhäher,bw21,2024,2024-05-20,3,non_breeder,141
Garrulus glandarius,Eichelhäher,bw21,2024,2024-06-07,2,non_breeder,159
Garrulus glandarius,Eichelhäher,bw21,2025,2025-03-27,4,non_breeder,86
Garrulus glandarius,Eichelhäher,bw21,2025,2025-04-29,0,non_breeder,119
Garrulus glandarius,Eichelhäher,bw21,2025,2025-05-20,2,non_breeder,140
Garrulus glandarius,Eichelhäher,bw21,2025,2025-06-17,1,non_breeder,168
Garrulus glandarius,Eichelhäher,bw210,2021,2021-04-11,0,non_breeder,101
Garrulus glandarius,Eichelhäher,bw210,2021,2021-05-09,2,non_breeder,129
Garrulus glandarius,Eichelhäher,bw211,2023,2023-04-29,0,non_breeder,119
Garrulus glandarius,Eichelhäher,bw211,2023,2023-05-18,0,non_breeder,138
Garrulus glandarius,Eichelhäher,bw211,2023,2023-06-16,0,non_breeder,167
Garrulus glandarius,Eichelhäher,bw211,2023,2023-03-29,1,non_breeder,88
Garrulus glandarius,Eichelhäher,bw218,2022,2022-04-17,0,non_breeder,107
Garrulus glandarius,Eichelhäher,bw218,2022,2022-05-07,4,non_breeder,127
Garrulus glandarius,Eichelhäher,bw218,2022,2022-03-12,0,non_breeder,71
Garrulus glandarius,Eichelhäher,bw218,2022,2022-05-22,0,non_breeder,142
Garrulus glandarius,Eichelhäher,bw223,2023,2023-05-04,1,non_breeder,124
Garrulus glandarius,Eichelhäher,bw223,2023,2023-05-26,0,non_breeder,146
Garrulus glandarius,Eichelhäher,bw223,2023,2023-03-12,0,non_breeder,71
Garrulus glandarius,Eichelhäher,bw223,2023,2023-04-15,0,non_breeder,105
Garrulus glandarius,Eichelhäher,bw223,2024,2024-05-11,1,non_breeder,132
Garrulus glandarius,Eichelhäher,bw223,2024,2024-03-10,2,non_breeder,70
Garrulus glandarius,Eichelhäher,bw223,2024,2024-04-11,0,non_breeder,102
Garrulus glandarius,Eichelhäher,bw223,2024,2024-06-09,0,non_breeder,161
Garrulus glandarius,Eichelhäher,bw223,2025,2025-03-21,0,non_breeder,80
Garrulus glandarius,Eichelhäher,bw223,2025,2025-05-10,0,non_breeder,130
Garrulus glandarius,Eichelhäher,bw223,2025,2025-04-12,3,non_breeder,102
Garrulus glandarius,Eichelhäher,bw223,2025,2025-05-24,0,non_breeder,144
Garrulus glandarius,Eichelhäher,bw224,2022,2022-05-03,3,non_breeder,123
Garrulus glandarius,Eichelhäher,bw224,2022,2022-05-25,2,non_breeder,145
Garrulus glandarius,Eichelhäher,bw224,2022,2022-03-10,0,non_breeder,69
Garrulus glandarius,Eichelhäher,bw224,2022,2022-04-28,0,non_breeder,118
Garrulus glandarius,Eichelhäher,bw226,2022,2022-03-21,3,non_breeder,80
Garrulus glandarius,Eichelhäher,bw226,2022,2022-04-10,4,non_breeder,100
Garrulus glandarius,Eichelhäher,bw226,2022,2022-05-01,1,non_breeder,121
Garrulus glandarius,Eichelhäher,bw226,2022,2022-05-22,1,non_breeder,142
Garrulus glandarius,Eichelhäher,bw226,2023,2023-03-20,2,non_breeder,79
Garrulus glandarius,Eichelhäher,bw226,2023,2023-05-24,0,non_breeder,144
Garrulus glandarius,Eichelhäher,bw226,2023,2023-04-09,2,non_breeder,99
Garrulus glandarius,Eichelhäher,bw226,2023,2023-05-03,3,non_breeder,123
Garrulus glandarius,Eichelhäher,bw226,2023,2023-05-23,0,non_breeder,143
Garrulus glandarius,Eichelhäher,bw226,2024,2024-03-20,4,non_breeder,80
Garrulus glandarius,Eichelhäher,bw226,2024,2024-05-02,1,non_breeder,123
Garrulus glandarius,Eichelhäher,bw226,2024,2024-04-13,3,non_breeder,104
Garrulus glandarius,Eichelhäher,bw226,2024,2024-05-25,3,non_breeder,146
Garrulus glandarius,Eichelhäher,bw226,2024,2024-05-24,0,non_breeder,145
Garrulus glandarius,Eichelhäher,bw226,2025,2025-03-22,5,non_breeder,81
Garrulus glandarius,Eichelhäher,bw226,2025,2025-04-13,2,non_breeder,103
Garrulus glandarius,Eichelhäher,bw226,2025,2025-05-24,2,non_breeder,144
Garrulus glandarius,Eichelhäher,bw226,2025,2025-05-01,2,non_breeder,121
Garrulus glandarius,Eichelhäher,bw23,2025,2025-03-24,0,non_breeder,83
Garrulus glandarius,Eichelhäher,bw23,2025,2025-04-24,0,non_breeder,114
Garrulus glandarius,Eichelhäher,bw23,2025,2025-05-17,0,non_breeder,137
Garrulus glandarius,Eichelhäher,bw23,2025,2025-06-21,1,non_breeder,172
Garrulus glandarius,Eichelhäher,bw233,2025,2025-04-23,0,non_breeder,113
Garrulus glandarius,Eichelhäher,bw233,2025,2025-05-21,0,non_breeder,141
Garrulus glandarius,Eichelhäher,bw233,2025,2025-06-11,1,non_breeder,162
Garrulus glandarius,Eichelhäher,bw235,2021,2021-04-15,0,non_breeder,105
Garrulus glandarius,Eichelhäher,bw235,2021,2021-05-13,1,non_breeder,133
Garrulus glandarius,Eichelhäher,bw235,2021,2021-03-31,2,non_breeder,90
Garrulus glandarius,Eichelhäher,bw235,2021,2021-05-30,0,non_breeder,150
Garrulus glandarius,Eichelhäher,bw235,2022,2022-05-14,5,non_breeder,134
Garrulus glandarius,Eichelhäher,bw235,2022,2022-03-25,0,non_breeder,84
Garrulus glandarius,Eichelhäher,bw235,2022,2022-04-12,0,non_breeder,102
Garrulus glandarius,Eichelhäher,bw235,2022,2022-06-01,1,non_breeder,152
Garrulus glandarius,Eichelhäher,bw235,2023,2023-03-29,1,non_breeder,88
Garrulus glandarius,Eichelhäher,bw235,2023,2023-04-26,1,non_breeder,116
Garrulus glandarius,Eichelhäher,bw235,2023,2023-05-26,1,non_breeder,146
Garrulus glandarius,Eichelhäher,bw235,2023,2023-06-13,0,non_breeder,164
Garrulus glandarius,Eichelhäher,bw235,2024,2024-04-24,1,non_breeder,115
Garrulus glandarius,Eichelhäher,bw235,2024,2024-05-15,0,non_breeder,136
Garrulus glandarius,Eichelhäher,bw235,2024,2024-03-26,2,non_breeder,86
Garrulus glandarius,Eichelhäher,bw235,2024,2024-06-04,0,non_breeder,156
Garrulus glandarius,Eichelhäher,bw235,2025,2025-06-03,0,non_breeder,154
Garrulus glandarius,Eichelhäher,bw235,2025,2025-03-21,0,non_breeder,80
Garrulus glandarius,Eichelhäher,bw235,2025,2025-04-19,0,non_breeder,109
Garrulus glandarius,Eichelhäher,bw235,2025,2025-05-14,1,non_breeder,134
Garrulus glandarius,Eichelhäher,bw241,2024,2024-06-06,1,non_breeder,158
Garrulus glandarius,Eichelhäher,bw241,2024,2024-03-27,2,non_breeder,87
Garrulus glandarius,Eichelhäher,bw241,2024,2024-04-16,0,non_breeder,107
Garrulus glandarius,Eichelhäher,bw241,2024,2024-05-08,1,non_breeder,129
Garrulus glandarius,Eichelhäher,bw246,2025,2025-05-13,0,non_breeder,133
Garrulus glandarius,Eichelhäher,bw246,2025,2025-03-20,1,non_breeder,79
Garrulus glandarius,Eichelhäher,bw246,2025,2025-04-17,0,non_breeder,107
Garrulus glandarius,Eichelhäher,bw246,2025,2025-06-10,0,non_breeder,161
Garrulus glandarius,Eichelhäher,bw251,2022,2022-06-13,1,non_breeder,164
Garrulus glandarius,Eichelhäher,bw251,2022,2022-03-26,2,non_breeder,85
Garrulus glandarius,Eichelhäher,bw251,2022,2022-04-27,0,non_breeder,117
Garrulus glandarius,Eichelhäher,bw251,2022,2022-05-09,2,non_breeder,129
Garrulus glandarius,Eichelhäher,bw251,2023,2023-05-30,0,non_breeder,150
Garrulus glandarius,Eichelhäher,bw251,2023,2023-03-28,2,non_breeder,87
Garrulus glandarius,Eichelhäher,bw251,2023,2023-04-26,1,non_breeder,116
Garrulus glandarius,Eichelhäher,bw251,2023,2023-05-15,0,non_breeder,135
Garrulus glandarius,Eichelhäher,bw252,2022,2022-04-30,1,non_breeder,120
Garrulus glandarius,Eichelhäher,bw252,2022,2022-05-21,0,non_breeder,141
Garrulus glandarius,Eichelhäher,bw252,2022,2022-06-20,0,non_breeder,171
Garrulus glandarius,Eichelhäher,bw252,2022,2022-04-05,0,non_breeder,95
Garrulus glandarius,Eichelhäher,bw253,2022,2022-05-17,0,non_breeder,137
Garrulus glandarius,Eichelhäher,bw253,2022,2022-03-29,2,non_breeder,88
Garrulus glandarius,Eichelhäher,bw253,2022,2022-04-15,1,non_breeder,105
Garrulus glandarius,Eichelhäher,bw255,2024,2024-03-20,0,non_breeder,80
Garrulus glandarius,Eichelhäher,bw255,2024,2024-04-04,0,non_breeder,95
Garrulus glandarius,Eichelhäher,bw255,2024,2024-06-06,0,non_breeder,158
Garrulus glandarius,Eichelhäher,bw255,2024,2024-05-14,1,non_breeder,135
Garrulus glandarius,Eichelhäher,bw255,2025,2025-05-08,0,non_breeder,128
Garrulus glandarius,Eichelhäher,bw255,2025,2025-03-17,3,non_breeder,76
Garrulus glandarius,Eichelhäher,bw255,2025,2025-04-08,0,non_breeder,98
Garrulus glandarius,Eichelhäher,bw255,2025,2025-05-23,1,non_breeder,143
Garrulus glandarius,Eichelhäher,bw259,2024,2024-05-20,2,non_breeder,141
Garrulus glandarius,Eichelhäher,bw259,2024,2024-06-17,1,non_breeder,169
Garrulus glandarius,Eichelhäher,bw259,2024,2024-03-21,0,non_breeder,81
Garrulus glandarius,Eichelhäher,bw259,2024,2024-04-19,0,non_breeder,110
Garrulus glandarius,Eichelhäher,bw259,2025,2025-04-26,1,non_breeder,116
Garrulus glandarius,Eichelhäher,bw259,2025,2025-05-13,0,non_breeder,133
Garrulus glandarius,Eichelhäher,bw259,2025,2025-06-13,0,non_breeder,164
Garrulus glandarius,Eichelhäher,bw259,2025,2025-03-20,1,non_breeder,79
Garrulus glandarius,Eichelhäher,bw261,2021,2021-04-23,2,non_breeder,113
Garrulus glandarius,Eichelhäher,bw261,2021,2021-03-26,5,non_breeder,85
Garrulus glandarius,Eichelhäher,bw261,2021,2021-05-13,1,non_breeder,133
Garrulus glandarius,Eichelhäher,bw261,2021,2021-06-13,4,non_breeder,164
Garrulus glandarius,Eichelhäher,bw261,2022,2022-06-05,1,non_breeder,156
Garrulus glandarius,Eichelhäher,bw261,2022,2022-05-11,0,non_breeder,131
Garrulus glandarius,Eichelhäher,bw261,2022,2022-04-15,2,non_breeder,105
Garrulus glandarius,Eichelhäher,bw261,2022,2022-03-20,0,non_breeder,79
Garrulus glandarius,Eichelhäher,bw261,2023,2023-03-26,1,non_breeder,85
Garrulus glandarius,Eichelhäher,bw261,2023,2023-05-11,0,non_breeder,131
Garrulus glandarius,Eichelhäher,bw261,2023,2023-04-10,1,non_breeder,100
Garrulus glandarius,Eichelhäher,bw261,2023,2023-06-04,0,non_breeder,155
Garrulus glandarius,Eichelhäher,bw261,2024,2024-05-13,0,non_breeder,134
Garrulus glandarius,Eichelhäher,bw261,2024,2024-06-08,0,non_breeder,160
Garrulus glandarius,Eichelhäher,bw261,2024,2024-04-13,4,non_breeder,104
Garrulus glandarius,Eichelhäher,bw261,2024,2024-03-29,2,non_breeder,89
Garrulus glandarius,Eichelhäher,bw261,2025,2025-03-29,3,non_breeder,88
Garrulus glandarius,Eichelhäher,bw261,2025,2025-04-26,1,non_breeder,116
Garrulus glandarius,Eichelhäher,bw261,2025,2025-05-09,0,non_breeder,129
Garrulus glandarius,Eichelhäher,bw261,2025,2025-06-09,0,non_breeder,160
Garrulus glandarius,Eichelhäher,bw263,2021,2021-06-04,2,non_breeder,155
Garrulus glandarius,Eichelhäher,bw263,2021,2021-03-30,2,non_breeder,89
Garrulus glandarius,Eichelhäher,bw263,2021,2021-04-17,1,non_breeder,107
Garrulus glandarius,Eichelhäher,bw263,2022,2022-05-15,2,non_breeder,135
Garrulus glandarius,Eichelhäher,bw263,2022,2022-06-04,0,non_breeder,155
Garrulus glandarius,Eichelhäher,bw263,2022,2022-04-22,0,non_breeder,112
Garrulus glandarius,Eichelhäher,bw263,2022,2022-03-20,1,non_breeder,79
Garrulus glandarius,Eichelhäher,bw263,2023,2023-06-01,0,non_breeder,152
Garrulus glandarius,Eichelhäher,bw263,2023,2023-04-22,0,non_breeder,112
Garrulus glandarius,Eichelhäher,bw263,2023,2023-04-04,2,non_breeder,94
Garrulus glandarius,Eichelhäher,bw263,2023,2023-05-13,0,non_breeder,133
Garrulus glandarius,Eichelhäher,bw263,2024,2024-05-10,0,non_breeder,131
Garrulus glandarius,Eichelhäher,bw263,2024,2024-06-16,1,non_breeder,168
Garrulus glandarius,Eichelhäher,bw263,2024,2024-03-17,0,non_breeder,77
Garrulus glandarius,Eichelhäher,bw263,2024,2024-04-14,0,non_breeder,105
Garrulus glandarius,Eichelhäher,bw265,2021,2021-03-27,0,non_breeder,86
Garrulus glandarius,Eichelhäher,bw265,2021,2021-04-24,4,non_breeder,114
Garrulus glandarius,Eichelhäher,bw265,2021,2021-06-19,0,non_breeder,170
Garrulus glandarius,Eichelhäher,bw265,2021,2021-05-15,0,non_breeder,135
Garrulus glandarius,Eichelhäher,bw265,2022,2022-06-06,0,non_breeder,157
Garrulus glandarius,Eichelhäher,bw265,2022,2022-03-26,3,non_breeder,85
Garrulus glandarius,Eichelhäher,bw265,2022,2022-04-16,0,non_breeder,106
Garrulus glandarius,Eichelhäher,bw265,2022,2022-05-15,0,non_breeder,135
Garrulus glandarius,Eichelhäher,bw265,2023,2023-04-15,1,non_breeder,105
Garrulus glandarius,Eichelhäher,bw265,2023,2023-03-31,1,non_breeder,90
Garrulus glandarius,Eichelhäher,bw265,2023,2023-06-11,2,non_breeder,162
Garrulus glandarius,Eichelhäher,bw265,2023,2023-05-12,1,non_breeder,132
Garrulus glandarius,Eichelhäher,bw265,2024,2024-05-11,0,non_breeder,132
Garrulus glandarius,Eichelhäher,bw265,2024,2024-03-30,0,non_breeder,90
Garrulus glandarius,Eichelhäher,bw265,2024,2024-04-14,0,non_breeder,105
Garrulus glandarius,Eichelhäher,bw265,2024,2024-06-16,2,non_breeder,168
Garrulus glandarius,Eichelhäher,bw265,2025,2025-05-11,0,non_breeder,131
Garrulus glandarius,Eichelhäher,bw265,2025,2025-03-30,3,non_breeder,89
Garrulus glandarius,Eichelhäher,bw265,2025,2025-06-14,1,non_breeder,165
Garrulus glandarius,Eichelhäher,bw265,2025,2025-04-27,0,non_breeder,117
Garrulus glandarius,Eichelhäher,bw266,2021,2021-06-10,0,non_breeder,161
Garrulus glandarius,Eichelhäher,bw266,2021,2021-04-15,0,non_breeder,105
Garrulus glandarius,Eichelhäher,bw266,2021,2021-05-13,2,non_breeder,133
Garrulus glandarius,Eichelhäher,bw266,2021,2021-03-24,0,non_breeder,83
Garrulus glandarius,Eichelhäher,bw266,2023,2023-04-17,0,non_breeder,107
Garrulus glandarius,Eichelhäher,bw266,2023,2023-06-14,1,non_breeder,165
Garrulus glandarius,Eichelhäher,bw266,2023,2023-05-08,1,non_breeder,128
Garrulus glandarius,Eichelhäher,bw266,2023,2023-03-27,0,non_breeder,86
Garrulus glandarius,Eichelhäher,bw266,2025,2025-06-04,2,non_breeder,155
Garrulus glandarius,Eichelhäher,bw266,2025,2025-05-14,1,non_breeder,134
Garrulus glandarius,Eichelhäher,bw266,2025,2025-03-26,2,non_breeder,85
Garrulus glandarius,Eichelhäher,bw266,2025,2025-04-23,1,non_breeder,113
Garrulus glandarius,Eichelhäher,bw267,2024,2024-03-22,0,non_breeder,82
Garrulus glandarius,Eichelhäher,bw267,2024,2024-04-05,0,non_breeder,96
Garrulus glandarius,Eichelhäher,bw267,2024,2024-05-25,1,non_breeder,146
Garrulus glandarius,Eichelhäher,bw267,2024,2024-05-18,0,non_breeder,139
Garrulus glandarius,Eichelhäher,bw273,2025,2025-03-27,0,non_breeder,86
Garrulus glandarius,Eichelhäher,bw273,2025,2025-04-11,0,non_breeder,101
Garrulus glandarius,Eichelhäher,bw273,2025,2025-05-15,0,non_breeder,135
Garrulus glandarius,Eichelhäher,bw273,2025,2025-05-31,1,non_breeder,151
Garrulus glandarius,Eichelhäher,bw274,2024,2024-04-18,0,non_breeder,109
Garrulus glandarius,Eichelhäher,bw274,2024,2024-05-29,0,non_breeder,150
Garrulus glandarius,Eichelhäher,bw274,2024,2024-03-27,2,non_breeder,87
Garrulus glandarius,Eichelhäher,bw274,2024,2024-05-06,0,non_breeder,127
Garrulus glandarius,Eichelhäher,bw274,2025,2025-04-26,0,non_breeder,116
Garrulus glandarius,Eichelhäher,bw274,2025,2025-03-26,0,non_breeder,85
Garrulus glandarius,Eichelhäher,bw274,2025,2025-05-19,1,non_breeder,139
Garrulus glandarius,Eichelhäher,bw274,2025,2025-06-02,0,non_breeder,153
Garrulus glandarius,Eichelhäher,bw280,2024,2024-06-18,0,non_breeder,170
Garrulus glandarius,Eichelhäher,bw280,2024,2024-05-13,1,non_breeder,134
Garrulus glandarius,Eichelhäher,bw280,2024,2024-03-22,0,non_breeder,82
Garrulus glandarius,Eichelhäher,bw280,2024,2024-04-12,1,non_breeder,103
Garrulus glandarius,Eichelhäher,bw280,2025,2025-04-16,0,non_breeder,106
Garrulus glandarius,Eichelhäher,bw280,2025,2025-05-13,0,non_breeder,133
Garrulus glandarius,Eichelhäher,bw280,2025,2025-03-29,0,non_breeder,88
Garrulus glandarius,Eichelhäher,bw280,2025,2025-06-13,1,non_breeder,164
Garrulus glandarius,Eichelhäher,bw284,2023,2023-04-12,1,non_breeder,102
Garrulus glandarius,Eichelhäher,bw284,2023,2023-03-21,0,non_breeder,80
Garrulus glandarius,Eichelhäher,bw284,2023,2023-06-10,0,non_breeder,161
Garrulus glandarius,Eichelhäher,bw284,2023,2023-05-18,0,non_breeder,138
Garrulus glandarius,Eichelhäher,bw286,2022,2022-03-16,3,non_breeder,75
Garrulus glandarius,Eichelhäher,bw286,2022,2022-06-14,1,non_breeder,165
Garrulus glandarius,Eichelhäher,bw286,2022,2022-04-13,1,non_breeder,103
Garrulus glandarius,Eichelhäher,bw286,2022,2022-05-05,0,non_breeder,125
Garrulus glandarius,Eichelhäher,bw286,2023,2023-04-23,0,non_breeder,113
Garrulus glandarius,Eichelhäher,bw286,2023,2023-06-12,2,non_breeder,163
Garrulus glandarius,Eichelhäher,bw286,2023,2023-03-23,1,non_breeder,82
Garrulus glandarius,Eichelhäher,bw286,2023,2023-05-20,1,non_breeder,140
Garrulus glandarius,Eichelhäher,bw286,2024,2024-06-12,0,non_breeder,164
Garrulus glandarius,Eichelhäher,bw286,2024,2024-03-20,0,non_breeder,80
Garrulus glandarius,Eichelhäher,bw286,2024,2024-04-14,1,non_breeder,105
Garrulus glandarius,Eichelhäher,bw286,2024,2024-05-14,2,non_breeder,135
Garrulus glandarius,Eichelhäher,bw286,2024,2024-06-11,0,non_breeder,163
Garrulus glandarius,Eichelhäher,bw286,2024,2024-04-13,0,non_breeder,104
Garrulus glandarius,Eichelhäher,bw286,2025,2025-03-22,3,non_breeder,81
Garrulus glandarius,Eichelhäher,bw286,2025,2025-04-22,0,non_breeder,112
Garrulus glandarius,Eichelhäher,bw286,2025,2025-06-14,0,non_breeder,165
Garrulus glandarius,Eichelhäher,bw286,2025,2025-05-14,0,non_breeder,134
Garrulus glandarius,Eichelhäher,bw287,2025,2025-05-16,1,non_breeder,136
Garrulus glandarius,Eichelhäher,bw287,2025,2025-06-16,1,non_breeder,167
Garrulus glandarius,Eichelhäher,bw287,2025,2025-03-23,2,non_breeder,82
Garrulus glandarius,Eichelhäher,bw287,2025,2025-04-18,1,non_breeder,108
Garrulus glandarius,Eichelhäher,bw289,2024,2024-05-04,0,non_breeder,125
Garrulus glandarius,Eichelhäher,bw289,2024,2024-03-09,1,non_breeder,69
Garrulus glandarius,Eichelhäher,bw289,2024,2024-04-07,0,non_breeder,98
Garrulus glandarius,Eichelhäher,bw289,2024,2024-06-08,0,non_breeder,160
Garrulus glandarius,Eichelhäher,bw289,2025,2025-03-23,1,non_breeder,82
Garrulus glandarius,Eichelhäher,bw289,2025,2025-04-05,2,non_breeder,95
Garrulus glandarius,Eichelhäher,bw289,2025,2025-05-01,0,non_breeder,121
Garrulus glandarius,Eichelhäher,bw289,2025,2025-05-30,0,non_breeder,150
Garrulus glandarius,Eichelhäher,bw29,2023,2023-03-27,1,non_breeder,86
Garrulus glandarius,Eichelhäher,bw29,2023,2023-04-29,1,non_breeder,119
Garrulus glandarius,Eichelhäher,bw29,2023,2023-05-18,0,non_breeder,138
Garrulus glandarius,Eichelhäher,bw29,2023,2023-06-18,0,non_breeder,169
Garrulus glandarius,Eichelhäher,bw29,2024,2024-03-23,1,non_breeder,83
Garrulus glandarius,Eichelhäher,bw29,2024,2024-04-15,1,non_breeder,106
Garrulus glandarius,Eichelhäher,bw29,2024,2024-05-29,0,non_breeder,150
Garrulus glandarius,Eichelhäher,bw29,2024,2024-06-28,0,non_breeder,180
Garrulus glandarius,Eichelhäher,bw29,2025,2025-05-14,0,non_breeder,134
Garrulus glandarius,Eichelhäher,bw29,2025,2025-03-27,1,non_breeder,86
Garrulus glandarius,Eichelhäher,bw29,2025,2025-04-21,0,non_breeder,111
Garrulus glandarius,Eichelhäher,bw29,2025,2025-06-19,1,non_breeder,170
Garrulus glandarius,Eichelhäher,bw292,2024,2024-03-26,0,non_breeder,86
Garrulus glandarius,Eichelhäher,bw292,2024,2024-04-29,0,non_breeder,120
Garrulus glandarius,Eichelhäher,bw292,2024,2024-05-16,0,non_breeder,137
Garrulus glandarius,Eichelhäher,bw292,2024,2024-06-13,1,non_breeder,165
Garrulus glandarius,Eichelhäher,bw292,2025,2025-03-26,1,non_breeder,85
Garrulus glandarius,Eichelhäher,bw292,2025,2025-04-24,0,non_breeder,114
Garrulus glandarius,Eichelhäher,bw292,2025,2025-05-16,0,non_breeder,136
Garrulus glandarius,Eichelhäher,bw292,2025,2025-06-10,0,non_breeder,161
Garrulus glandarius,Eichelhäher,bw295,2021,2021-05-09,1,non_breeder,129
Garrulus glandarius,Eichelhäher,bw295,2021,2021-05-24,0,non_breeder,144
Garrulus glandarius,Eichelhäher,bw295,2021,2021-03-28,0,non_breeder,87
Garrulus glandarius,Eichelhäher,bw295,2021,2021-04-17,0,non_breeder,107
Garrulus glandarius,Eichelhäher,bw295,2022,2022-03-13,1,non_breeder,72
Garrulus glandarius,Eichelhäher,bw295,2022,2022-04-13,0,non_breeder,103
Garrulus glandarius,Eichelhäher,bw295,2022,2022-05-08,0,non_breeder,128
Garrulus glandarius,Eichelhäher,bw295,2022,2022-06-11,0,non_breeder,162
Garrulus glandarius,Eichelhäher,bw295,2024,2024-03-17,2,non_breeder,77
Garrulus glandarius,Eichelhäher,bw295,2024,2024-04-13,0,non_breeder,104
Garrulus glandarius,Eichelhäher,bw295,2024,2024-06-16,0,non_breeder,168
Garrulus glandarius,Eichelhäher,bw295,2024,2024-05-09,1,non_breeder,130
Garrulus glandarius,Eichelhäher,bw295,2025,2025-05-06,1,non_breeder,126
Garrulus glandarius,Eichelhäher,bw295,2025,2025-03-20,1,non_breeder,79
Garrulus glandarius,Eichelhäher,bw295,2025,2025-04-09,2,non_breeder,99
Garrulus glandarius,Eichelhäher,bw299,2021,2021-06-12,2,non_breeder,163
Garrulus glandarius,Eichelhäher,bw299,2021,2021-03-27,0,non_breeder,86
Garrulus glandarius,Eichelhäher,bw299,2021,2021-05-16,4,non_breeder,136
Garrulus glandarius,Eichelhäher,bw299,2021,2021-04-10,7,non_breeder,100
Garrulus glandarius,Eichelhäher,bw299,2022,2022-03-13,1,non_breeder,72
Garrulus glandarius,Eichelhäher,bw299,2022,2022-05-15,1,non_breeder,135
Garrulus glandarius,Eichelhäher,bw299,2022,2022-05-26,2,non_breeder,146
Garrulus glandarius,Eichelhäher,bw299,2022,2022-04-14,4,non_breeder,104
Garrulus glandarius,Eichelhäher,bw299,2023,2023-05-18,2,non_breeder,138
Garrulus glandarius,Eichelhäher,bw299,2023,2023-03-18,4,non_breeder,77
Garrulus glandarius,Eichelhäher,bw299,2023,2023-04-06,5,non_breeder,96
Garrulus glandarius,Eichelhäher,bw299,2023,2023-06-18,1,non_breeder,169
Garrulus glandarius,Eichelhäher,bw299,2024,2024-04-13,4,non_breeder,104
Garrulus glandarius,Eichelhäher,bw299,2024,2024-05-10,1,non_breeder,131
Garrulus glandarius,Eichelhäher,bw299,2024,2024-06-16,2,non_breeder,168
Garrulus glandarius,Eichelhäher,bw299,2024,2024-03-23,2,non_breeder,83
Garrulus glandarius,Eichelhäher,bw299,2025,2025-05-29,2,non_breeder,149
Garrulus glandarius,Eichelhäher,bw299,2025,2025-04-13,2,non_breeder,103
Garrulus glandarius,Eichelhäher,bw299,2025,2025-05-02,0,non_breeder,122
Garrulus glandarius,Eichelhäher,bw299,2025,2025-03-22,1,non_breeder,81
Garrulus glandarius,Eichelhäher,bw305,2024,2024-03-22,7,non_breeder,82
Garrulus glandarius,Eichelhäher,bw305,2024,2024-04-21,0,non_breeder,112
Garrulus glandarius,Eichelhäher,bw305,2024,2024-05-14,2,non_breeder,135
Garrulus glandarius,Eichelhäher,bw305,2024,2024-06-14,0,non_breeder,166
Garrulus glandarius,Eichelhäher,bw305,2025,2025-04-19,4,non_breeder,109
Garrulus glandarius,Eichelhäher,bw305,2025,2025-06-13,0,non_breeder,164
Garrulus glandarius,Eichelhäher,bw305,2025,2025-03-15,0,non_breeder,74
Garrulus glandarius,Eichelhäher,bw305,2025,2025-05-18,2,non_breeder,138
Garrulus glandarius,Eichelhäher,bw307,2021,2021-04-03,1,non_breeder,93
Garrulus glandarius,Eichelhäher,bw307,2021,2021-04-11,0,non_breeder,101
Garrulus glandarius,Eichelhäher,bw307,2021,2021-05-15,0,non_breeder,135
Garrulus glandarius,Eichelhäher,bw307,2021,2021-06-13,0,non_breeder,164
Garrulus glandarius,Eichelhäher,bw307,2023,2023-03-26,0,non_breeder,85
Garrulus glandarius,Eichelhäher,bw307,2023,2023-04-07,1,non_breeder,97
Garrulus glandarius,Eichelhäher,bw307,2023,2023-05-14,1,non_breeder,134
Garrulus glandarius,Eichelhäher,bw307,2023,2023-05-21,0,non_breeder,141
Garrulus glandarius,Eichelhäher,bw307,2024,2024-03-31,0,non_breeder,91
Garrulus glandarius,Eichelhäher,bw307,2024,2024-04-07,1,non_breeder,98
Garrulus glandarius,Eichelhäher,bw307,2024,2024-05-20,0,non_breeder,141
Garrulus glandarius,Eichelhäher,bw307,2024,2024-06-08,0,non_breeder,160
Garrulus glandarius,Eichelhäher,bw308,2025,2025-03-28,1,non_breeder,87
Garrulus glandarius,Eichelhäher,bw308,2025,2025-04-11,1,non_breeder,101
Garrulus glandarius,Eichelhäher,bw308,2025,2025-05-12,0,non_breeder,132
Garrulus glandarius,Eichelhäher,bw308,2025,2025-06-03,0,non_breeder,154
Garrulus glandarius,Eichelhäher,bw309,2022,2022-04-18,2,non_breeder,108
Garrulus glandarius,Eichelhäher,bw309,2022,2022-06-04,0,non_breeder,155
Garrulus glandarius,Eichelhäher,bw309,2022,2022-03-24,2,non_breeder,83
Garrulus glandarius,Eichelhäher,bw309,2022,2022-05-08,0,non_breeder,128
Garrulus glandarius,Eichelhäher,bw309,2023,2023-05-29,1,non_breeder,149
Garrulus glandarius,Eichelhäher,bw309,2023,2023-03-25,3,non_breeder,84
Garrulus glandarius,Eichelhäher,bw309,2023,2023-05-13,0,non_breeder,133
Garrulus glandarius,Eichelhäher,bw309,2023,2023-04-08,1,non_breeder,98
Garrulus glandarius,Eichelhäher,bw309,2024,2024-06-08,3,non_breeder,160
Garrulus glandarius,Eichelhäher,bw309,2024,2024-03-26,1,non_breeder,86
Garrulus glandarius,Eichelhäher,bw309,2024,2024-04-14,0,non_breeder,105
Garrulus glandarius,Eichelhäher,bw309,2024,2024-05-11,0,non_breeder,132
Garrulus glandarius,Eichelhäher,bw309,2025,2025-06-09,0,non_breeder,160
Garrulus glandarius,Eichelhäher,bw309,2025,2025-03-28,2,non_breeder,87
Garrulus glandarius,Eichelhäher,bw309,2025,2025-05-09,2,non_breeder,129
Garrulus glandarius,Eichelhäher,bw309,2025,2025-04-21,0,non_breeder,111
Garrulus glandarius,Eichelhäher,bw31,2024,2024-05-26,0,non_breeder,147
Garrulus glandarius,Eichelhäher,bw31,2024,2024-03-20,0,non_breeder,80
Garrulus glandarius,Eichelhäher,bw31,2024,2024-04-28,1,non_breeder,119
Garrulus glandarius,Eichelhäher,bw31,2024,2024-06-18,0,non_breeder,170
Garrulus glandarius,Eichelhäher,bw31,2024,2024-05-25,0,non_breeder,146
Garrulus glandarius,Eichelhäher,bw311,2024,2024-04-13,0,non_breeder,104
Garrulus glandarius,Eichelhäher,bw311,2024,2024-06-07,0,non_breeder,159
Garrulus glandarius,Eichelhäher,bw311,2024,2024-03-20,1,non_breeder,80
Garrulus glandarius,Eichelhäher,bw311,2024,2024-05-04,0,non_breeder,125
Garrulus glandarius,Eichelhäher,bw311,2025,2025-05-12,1,non_breeder,132
Garrulus glandarius,Eichelhäher,bw311,2025,2025-06-08,0,non_breeder,159
Garrulus glandarius,Eichelhäher,bw311,2025,2025-03-25,0,non_breeder,84
Garrulus glandarius,Eichelhäher,bw311,2025,2025-04-11,0,non_breeder,101
Garrulus glandarius,Eichelhäher,bw312,2022,2022-04-20,0,non_breeder,110
Garrulus glandarius,Eichelhäher,bw312,2022,2022-03-25,1,non_breeder,84
Garrulus glandarius,Eichelhäher,bw312,2022,2022-05-18,0,non_breeder,138
Garrulus glandarius,Eichelhäher,bw312,2022,2022-06-22,0,non_breeder,173
Garrulus glandarius,Eichelhäher,bw312,2023,2023-04-18,0,non_breeder,108
Garrulus glandarius,Eichelhäher,bw312,2023,2023-05-22,0,non_breeder,142
Garrulus glandarius,Eichelhäher,bw312,2023,2023-06-14,0,non_breeder,165
Garrulus glandarius,Eichelhäher,bw312,2023,2023-03-13,1,non_breeder,72
Garrulus glandarius,Eichelhäher,bw312,2024,2024-05-23,1,non_breeder,144
Garrulus glandarius,Eichelhäher,bw312,2024,2024-04-11,0,non_breeder,102
Garrulus glandarius,Eichelhäher,bw312,2024,2024-03-14,1,non_breeder,74
Garrulus glandarius,Eichelhäher,bw312,2024,2024-06-20,0,non_breeder,172
Garrulus glandarius,Eichelhäher,bw313,2024,2024-03-03,0,non_breeder,63
Garrulus glandarius,Eichelhäher,bw313,2024,2024-04-27,1,non_breeder,118
Garrulus glandarius,Eichelhäher,bw313,2024,2024-05-31,0,non_breeder,152
Garrulus glandarius,Eichelhäher,bw313,2024,2024-06-19,0,non_breeder,171
Garrulus glandarius,Eichelhäher,bw313,2025,2025-03-23,1,non_breeder,82
Garrulus glandarius,Eichelhäher,bw313,2025,2025-04-22,0,non_breeder,112
Garrulus glandarius,Eichelhäher,bw313,2025,2025-05-29,1,non_breeder,149
Garrulus glandarius,Eichelhäher,bw313,2025,2025-06-12,0,non_breeder,163
Garrulus glandarius,Eichelhäher,bw316,2024,2024-05-16,0,non_breeder,137
Garrulus glandarius,Eichelhäher,bw316,2024,2024-06-17,0,non_breeder,169
Garrulus glandarius,Eichelhäher,bw316,2024,2024-03-25,1,non_breeder,85
Garrulus glandarius,Eichelhäher,bw316,2024,2024-04-24,0,non_breeder,115
Garrulus glandarius,Eichelhäher,bw316,2025,2025-05-16,1,non_breeder,136
Garrulus glandarius,Eichelhäher,bw316,2025,2025-06-10,0,non_breeder,161
Garrulus glandarius,Eichelhäher,bw316,2025,2025-03-28,0,non_breeder,87
Garrulus glandarius,Eichelhäher,bw316,2025,2025-04-23,0,non_breeder,113
Garrulus glandarius,Eichelhäher,bw317,2024,2024-04-12,0,non_breeder,103
Garrulus glandarius,Eichelhäher,bw317,2024,2024-06-05,1,non_breeder,157
Garrulus glandarius,Eichelhäher,bw317,2024,2024-03-20,0,non_breeder,80
Garrulus glandarius,Eichelhäher,bw317,2024,2024-05-09,1,non_breeder,130
Garrulus glandarius,Eichelhäher,bw317,2025,2025-06-10,1,non_breeder,161
Garrulus glandarius,Eichelhäher,bw317,2025,2025-03-27,0,non_breeder,86
Garrulus glandarius,Eichelhäher,bw317,2025,2025-05-09,0,non_breeder,129
Garrulus glandarius,Eichelhäher,bw317,2025,2025-04-16,0,non_breeder,106
Garrulus glandarius,Eichelhäher,bw318,2021,2021-03-24,3,non_breeder,83
Garrulus glandarius,Eichelhäher,bw318,2021,2021-04-18,2,non_breeder,108
Garrulus glandarius,Eichelhäher,bw318,2021,2021-05-09,0,non_breeder,129
Garrulus glandarius,Eichelhäher,bw318,2021,2021-06-04,0,non_breeder,155
Garrulus glandarius,Eichelhäher,bw318,2022,2022-05-07,3,non_breeder,127
Garrulus glandarius,Eichelhäher,bw318,2022,2022-05-21,1,non_breeder,141
Garrulus glandarius,Eichelhäher,bw318,2022,2022-06-19,0,non_breeder,170
Garrulus glandarius,Eichelhäher,bw318,2022,2022-03-12,3,non_breeder,71
Garrulus glandarius,Eichelhäher,bw318,2023,2023-04-30,3,non_breeder,120
Garrulus glandarius,Eichelhäher,bw318,2023,2023-03-29,4,non_breeder,88
Garrulus glandarius,Eichelhäher,bw318,2023,2023-05-13,4,non_breeder,133
Garrulus glandarius,Eichelhäher,bw318,2023,2023-06-04,0,non_breeder,155
Garrulus glandarius,Eichelhäher,bw318,2024,2024-03-17,5,non_breeder,77
Garrulus glandarius,Eichelhäher,bw318,2024,2024-04-28,2,non_breeder,119
Garrulus glandarius,Eichelhäher,bw318,2024,2024-05-12,3,non_breeder,133
Garrulus glandarius,Eichelhäher,bw318,2024,2024-06-16,1,non_breeder,168
Garrulus glandarius,Eichelhäher,bw318,2025,2025-06-09,1,non_breeder,160
Garrulus glandarius,Eichelhäher,bw318,2025,2025-03-16,3,non_breeder,75
Garrulus glandarius,Eichelhäher,bw318,2025,2025-04-23,2,non_breeder,113
Garrulus glandarius,Eichelhäher,bw318,2025,2025-05-17,3,non_breeder,137
Garrulus glandarius,Eichelhäher,bw320,2024,2024-05-14,1,non_breeder,135
Garrulus glandarius,Eichelhäher,bw320,2024,2024-03-26,0,non_breeder,86
Garrulus glandarius,Eichelhäher,bw320,2024,2024-04-19,0,non_breeder,110
Garrulus glandarius,Eichelhäher,bw320,2024,2024-06-12,2,non_breeder,164
Garrulus glandarius,Eichelhäher,bw320,2025,2025-03-20,1,non_breeder,79
Garrulus glandarius,Eichelhäher,bw320,2025,2025-05-10,1,non_breeder,130
Garrulus glandarius,Eichelhäher,bw320,2025,2025-04-22,1,non_breeder,112
Garrulus glandarius,Eichelhäher,bw320,2025,2025-06-16,0,non_breeder,167
Garrulus glandarius,Eichelhäher,bw321,2022,2022-03-25,1,non_breeder,84
Garrulus glandarius,Eichelhäher,bw321,2022,2022-06-19,0,non_breeder,170
Garrulus glandarius,Eichelhäher,bw321,2022,2022-04-16,0,non_breeder,106
Garrulus glandarius,Eichelhäher,bw321,2022,2022-05-14,0,non_breeder,134
Garrulus glandarius,Eichelhäher,bw321,2023,2023-06-09,3,non_breeder,160
Garrulus glandarius,Eichelhäher,bw321,2023,2023-05-13,0,non_breeder,133
Garrulus glandarius,Eichelhäher,bw321,2023,2023-03-29,2,non_breeder,88
Garrulus glandarius,Eichelhäher,bw321,2023,2023-04-18,0,non_breeder,108
Garrulus glandarius,Eichelhäher,bw321,2024,2024-05-14,1,non_breeder,135
Garrulus glandarius,Eichelhäher,bw321,2024,2024-06-06,0,non_breeder,158
Garrulus glandarius,Eichelhäher,bw321,2024,2024-03-26,0,non_breeder,86
Garrulus glandarius,Eichelhäher,bw321,2024,2024-04-27,0,non_breeder,118
Garrulus glandarius,Eichelhäher,bw329,2021,2021-04-22,1,non_breeder,112
Garrulus glandarius,Eichelhäher,bw329,2021,2021-05-09,0,non_breeder,129
Garrulus glandarius,Eichelhäher,bw329,2021,2021-06-20,0,non_breeder,171
Garrulus glandarius,Eichelhäher,bw329,2021,2021-03-21,5,non_breeder,80
Garrulus glandarius,Eichelhäher,bw329,2022,2022-03-19,1,non_breeder,78
Garrulus glandarius,Eichelhäher,bw329,2022,2022-05-10,4,non_breeder,130
Garrulus glandarius,Eichelhäher,bw329,2022,2022-06-07,0,non_breeder,158
Garrulus glandarius,Eichelhäher,bw329,2022,2022-04-10,3,non_breeder,100
Garrulus glandarius,Eichelhäher,bw329,2023,2023-05-10,1,non_breeder,130
Garrulus glandarius,Eichelhäher,bw329,2023,2023-06-10,0,non_breeder,161
Garrulus glandarius,Eichelhäher,bw329,2023,2023-03-19,2,non_breeder,78
Garrulus glandarius,Eichelhäher,bw329,2023,2023-04-08,1,non_breeder,98
Garrulus glandarius,Eichelhäher,bw329,2024,2024-06-02,0,non_breeder,154
Garrulus glandarius,Eichelhäher,bw329,2024,2024-05-09,0,non_breeder,130
Garrulus glandarius,Eichelhäher,bw329,2024,2024-03-17,3,non_breeder,77
Garrulus glandarius,Eichelhäher,bw329,2024,2024-04-07,4,non_breeder,98
Garrulus glandarius,Eichelhäher,bw329,2025,2025-03-15,5,non_breeder,74
Garrulus glandarius,Eichelhäher,bw329,2025,2025-05-29,2,non_breeder,149
Garrulus glandarius,Eichelhäher,bw329,2025,2025-05-06,1,non_breeder,126
Garrulus glandarius,Eichelhäher,bw329,2025,2025-04-05,2,non_breeder,95
Garrulus glandarius,Eichelhäher,bw331,2024,2024-04-27,3,non_breeder,118
Garrulus glandarius,Eichelhäher,bw331,2024,2024-06-23,2,non_breeder,175
Garrulus glandarius,Eichelhäher,bw331,2024,2024-05-19,1,non_breeder,140
Garrulus glandarius,Eichelhäher,bw331,2025,2025-04-27,1,non_breeder,117
Garrulus glandarius,Eichelhäher,bw331,2025,2025-06-15,1,non_breeder,166
Garrulus glandarius,Eichelhäher,bw331,2025,2025-03-15,1,non_breeder,74
Garrulus glandarius,Eichelhäher,bw331,2025,2025-05-29,0,non_breeder,149
Garrulus glandarius,Eichelhäher,bw334,2024,2024-05-14,1,non_breeder,135
Garrulus glandarius,Eichelhäher,bw334,2024,2024-03-17,1,non_breeder,77
Garrulus glandarius,Eichelhäher,bw334,2024,2024-04-13,0,non_breeder,104
Garrulus glandarius,Eichelhäher,bw334,2024,2024-06-18,2,non_breeder,170
Garrulus glandarius,Eichelhäher,bw334,2025,2025-03-22,1,non_breeder,81
Garrulus glandarius,Eichelhäher,bw334,2025,2025-04-30,0,non_breeder,120
Garrulus glandarius,Eichelhäher,bw334,2025,2025-05-24,0,non_breeder,144
Garrulus glandarius,Eichelhäher,bw334,2025,2025-04-05,1,non_breeder,95
Garrulus glandarius,Eichelhäher,bw341,2022,2022-03-26,2,non_breeder,85
Garrulus glandarius,Eichelhäher,bw341,2022,2022-04-21,2,non_breeder,111
Garrulus glandarius,Eichelhäher,bw341,2022,2022-06-11,2,non_breeder,162
Garrulus glandarius,Eichelhäher,bw341,2022,2022-05-07,1,non_breeder,127
Garrulus glandarius,Eichelhäher,bw343,2024,2024-05-01,1,non_breeder,122
Garrulus glandarius,Eichelhäher,bw343,2024,2024-05-14,0,non_breeder,135
Garrulus glandarius,Eichelhäher,bw343,2024,2024-06-18,0,non_breeder,170
Garrulus glandarius,Eichelhäher,bw343,2024,2024-03-27,0,non_breeder,87
Garrulus glandarius,Eichelhäher,bw343,2025,2025-05-20,0,non_breeder,140
Garrulus glandarius,Eichelhäher,bw343,2025,2025-06-19,1,non_breeder,170
Garrulus glandarius,Eichelhäher,bw343,2025,2025-04-28,0,non_breeder,118
Garrulus glandarius,Eichelhäher,bw343,2025,2025-03-27,2,non_breeder,86
Garrulus glandarius,Eichelhäher,bw35,2022,2022-05-14,0,non_breeder,134
Garrulus glandarius,Eichelhäher,bw35,2022,2022-03-19,1,non_breeder,78
Garrulus glandarius,Eichelhäher,bw35,2022,2022-04-10,1,non_breeder,100
Garrulus glandarius,Eichelhäher,bw35,2022,2022-05-29,0,non_breeder,149
Garrulus glandarius,Eichelhäher,bw35,2023,2023-04-10,0,non_breeder,100
Garrulus glandarius,Eichelhäher,bw35,2023,2023-05-14,0,non_breeder,134
Garrulus glandarius,Eichelhäher,bw35,2023,2023-06-10,0,non_breeder,161
Garrulus glandarius,Eichelhäher,bw35,2023,2023-03-19,1,non_breeder,78
Garrulus glandarius,Eichelhäher,bw350,2024,2024-05-18,0,non_breeder,139
Garrulus glandarius,Eichelhäher,bw350,2024,2024-06-15,0,non_breeder,167
Garrulus glandarius,Eichelhäher,bw350,2024,2024-03-03,1,non_breeder,63
Garrulus glandarius,Eichelhäher,bw350,2024,2024-04-27,0,non_breeder,118
Garrulus glandarius,Eichelhäher,bw355,2024,2024-04-24,2,non_breeder,115
Garrulus glandarius,Eichelhäher,bw355,2024,2024-03-22,1,non_breeder,82
Garrulus glandarius,Eichelhäher,bw355,2024,2024-05-13,0,non_breeder,134
Garrulus glandarius,Eichelhäher,bw355,2024,2024-06-10,1,non_breeder,162
Garrulus glandarius,Eichelhäher,bw355,2024,2024-03-26,0,non_breeder,86
Garrulus glandarius,Eichelhäher,bw355,2025,2025-03-27,0,non_breeder,86
Garrulus glandarius,Eichelhäher,bw355,2025,2025-06-19,2,non_breeder,170
Garrulus glandarius,Eichelhäher,bw355,2025,2025-04-19,0,non_breeder,109
Garrulus glandarius,Eichelhäher,bw355,2025,2025-05-09,0,non_breeder,129
Garrulus glandarius,Eichelhäher,bw356,2024,2024-03-22,1,non_breeder,82
Garrulus glandarius,Eichelhäher,bw356,2024,2024-06-19,0,non_breeder,171
Garrulus glandarius,Eichelhäher,bw356,2024,2024-05-29,0,non_breeder,150
Garrulus glandarius,Eichelhäher,bw356,2024,2024-04-30,0,non_breeder,121
Garrulus glandarius,Eichelhäher,bw356,2024,2024-05-28,0,non_breeder,149
Garrulus glandarius,Eichelhäher,bw356,2025,2025-03-28,0,non_breeder,87
Garrulus glandarius,Eichelhäher,bw356,2025,2025-04-26,1,non_breeder,116
Garrulus glandarius,Eichelhäher,bw356,2025,2025-05-31,3,non_breeder,151
Garrulus glandarius,Eichelhäher,bw356,2025,2025-06-28,1,non_breeder,179
Garrulus glandarius,Eichelhäher,bw357,2024,2024-04-05,0,non_breeder,96
Garrulus glandarius,Eichelhäher,bw357,2024,2024-04-20,0,non_breeder,111
Garrulus glandarius,Eichelhäher,bw357,2024,2024-05-19,0,non_breeder,140
Garrulus glandarius,Eichelhäher,bw357,2024,2024-06-09,1,non_breeder,161
Garrulus glandarius,Eichelhäher,bw360,2022,2022-05-15,2,non_breeder,135
Garrulus glandarius,Eichelhäher,bw360,2022,2022-06-14,1,non_breeder,165
Garrulus glandarius,Eichelhäher,bw360,2022,2022-03-26,0,non_breeder,85
Garrulus glandarius,Eichelhäher,bw360,2022,2022-04-17,1,non_breeder,107
Garrulus glandarius,Eichelhäher,bw360,2023,2023-06-09,1,non_breeder,160
Garrulus glandarius,Eichelhäher,bw360,2023,2023-04-15,3,non_breeder,105
Garrulus glandarius,Eichelhäher,bw360,2023,2023-05-13,0,non_breeder,133
Garrulus glandarius,Eichelhäher,bw360,2023,2023-03-26,3,non_breeder,85
Garrulus glandarius,Eichelhäher,bw360,2023,2023-04-14,0,non_breeder,104
Garrulus glandarius,Eichelhäher,bw360,2024,2024-05-11,1,non_breeder,132
Garrulus glandarius,Eichelhäher,bw360,2024,2024-06-08,2,non_breeder,160
Garrulus glandarius,Eichelhäher,bw360,2024,2024-03-28,1,non_breeder,88
Garrulus glandarius,Eichelhäher,bw360,2024,2024-04-19,1,non_breeder,110
Garrulus glandarius,Eichelhäher,bw360,2025,2025-05-11,2,non_breeder,131
Garrulus glandarius,Eichelhäher,bw360,2025,2025-06-10,0,non_breeder,161
Garrulus glandarius,Eichelhäher,bw360,2025,2025-04-12,1,non_breeder,102
Garrulus glandarius,Eichelhäher,bw360,2025,2025-03-23,4,non_breeder,82
Garrulus glandarius,Eichelhäher,bw361,2022,2022-03-23,0,non_breeder,82
Garrulus glandarius,Eichelhäher,bw361,2022,2022-05-01,0,non_breeder,121
Garrulus glandarius,Eichelhäher,bw361,2022,2022-05-11,1,non_breeder,131
Garrulus glandarius,Eichelhäher,bw361,2022,2022-05-26,0,non_breeder,146
Garrulus glandarius,Eichelhäher,bw361,2023,2023-04-22,0,non_breeder,112
Garrulus glandarius,Eichelhäher,bw361,2023,2023-06-10,0,non_breeder,161
Garrulus glandarius,Eichelhäher,bw361,2023,2023-03-18,1,non_breeder,77
Garrulus glandarius,Eichelhäher,bw361,2023,2023-05-13,0,non_breeder,133
Garrulus glandarius,Eichelhäher,bw361,2023,2023-04-21,0,non_breeder,111
Garrulus glandarius,Eichelhäher,bw361,2024,2024-04-13,0,non_breeder,104
Garrulus glandarius,Eichelhäher,bw361,2024,2024-03-23,0,non_breeder,83
Garrulus glandarius,Eichelhäher,bw361,2024,2024-05-29,0,non_breeder,150
Garrulus glandarius,Eichelhäher,bw361,2024,2024-05-12,2,non_breeder,133
Garrulus glandarius,Eichelhäher,bw361,2024,2024-05-28,0,non_breeder,149
Garrulus glandarius,Eichelhäher,bw361,2024,2024-04-12,0,non_breeder,103
Garrulus glandarius,Eichelhäher,bw361,2025,2025-03-22,4,non_breeder,81
Garrulus glandarius,Eichelhäher,bw361,2025,2025-04-05,2,non_breeder,95
Garrulus glandarius,Eichelhäher,bw361,2025,2025-05-18,0,non_breeder,138
Garrulus glandarius,Eichelhäher,bw361,2025,2025-05-29,1,non_breeder,149
Garrulus glandarius,Eichelhäher,bw363,2024,2024-03-29,1,non_breeder,89
Garrulus glandarius,Eichelhäher,bw363,2024,2024-04-19,1,non_breeder,110
Garrulus glandarius,Eichelhäher,bw363,2024,2024-05-18,1,non_breeder,139
Garrulus glandarius,Eichelhäher,bw363,2024,2024-06-14,0,non_breeder,166
Garrulus glandarius,Eichelhäher,bw364,2024,2024-05-14,0,non_breeder,135
Garrulus glandarius,Eichelhäher,bw364,2024,2024-04-13,0,non_breeder,104
Garrulus glandarius,Eichelhäher,bw364,2024,2024-03-26,1,non_breeder,86
Garrulus glandarius,Eichelhäher,bw364,2024,2024-06-13,1,non_breeder,165
Garrulus glandarius,Eichelhäher,bw364,2025,2025-05-13,1,non_breeder,133
Garrulus glandarius,Eichelhäher,bw364,2025,2025-03-20,0,non_breeder,79
Garrulus glandarius,Eichelhäher,bw364,2025,2025-04-04,1,non_breeder,94
Garrulus glandarius,Eichelhäher,bw364,2025,2025-05-31,0,non_breeder,151
Garrulus glandarius,Eichelhäher,bw367,2022,2022-06-18,0,non_breeder,169
Garrulus glandarius,Eichelhäher,bw367,2022,2022-03-18,2,non_breeder,77
Garrulus glandarius,Eichelhäher,bw367,2022,2022-04-09,3,non_breeder,99
Garrulus glandarius,Eichelhäher,bw367,2024,2024-04-06,4,non_breeder,97
Garrulus glandarius,Eichelhäher,bw367,2024,2024-06-12,1,non_breeder,164
Garrulus glandarius,Eichelhäher,bw367,2024,2024-03-10,6,non_breeder,70
Garrulus glandarius,Eichelhäher,bw367,2024,2024-05-10,0,non_breeder,131
Garrulus glandarius,Eichelhäher,bw367,2025,2025-04-12,0,non_breeder,102
Garrulus glandarius,Eichelhäher,bw367,2025,2025-05-12,0,non_breeder,132
Garrulus glandarius,Eichelhäher,bw367,2025,2025-03-22,9,non_breeder,81
Garrulus glandarius,Eichelhäher,bw367,2025,2025-06-13,3,non_breeder,164
Garrulus glandarius,Eichelhäher,bw368,2025,2025-05-17,0,non_breeder,137
Garrulus glandarius,Eichelhäher,bw368,2025,2025-06-08,0,non_breeder,159
Garrulus glandarius,Eichelhäher,bw368,2025,2025-04-20,2,non_breeder,110
Garrulus glandarius,Eichelhäher,bw368,2025,2025-03-22,0,non_breeder,81
Garrulus glandarius,Eichelhäher,bw369,2022,2022-04-06,0,non_breeder,96
Garrulus glandarius,Eichelhäher,bw369,2022,2022-05-31,0,non_breeder,151
Garrulus glandarius,Eichelhäher,bw369,2022,2022-03-16,0,non_breeder,75
Garrulus glandarius,Eichelhäher,bw369,2022,2022-05-10,1,non_breeder,130
Garrulus glandarius,Eichelhäher,bw369,2025,2025-05-29,0,non_breeder,149
Garrulus glandarius,Eichelhäher,bw369,2025,2025-04-03,0,non_breeder,93
Garrulus glandarius,Eichelhäher,bw369,2025,2025-04-18,3,non_breeder,108
Garrulus glandarius,Eichelhäher,bw369,2025,2025-05-10,0,non_breeder,130
Garrulus glandarius,Eichelhäher,bw37,2022,2022-04-18,1,non_breeder,108
Garrulus glandarius,Eichelhäher,bw37,2022,2022-05-15,0,non_breeder,135
Garrulus glandarius,Eichelhäher,bw37,2022,2022-03-20,1,non_breeder,79
Garrulus glandarius,Eichelhäher,bw37,2022,2022-06-14,4,non_breeder,165
Garrulus glandarius,Eichelhäher,bw37,2023,2023-03-29,0,non_breeder,88
Garrulus glandarius,Eichelhäher,bw37,2023,2023-04-22,1,non_breeder,112
Garrulus glandarius,Eichelhäher,bw37,2023,2023-05-14,0,non_breeder,134
Garrulus glandarius,Eichelhäher,bw37,2023,2023-06-13,0,non_breeder,164
Garrulus glandarius,Eichelhäher,bw37,2024,2024-06-09,1,non_breeder,161
Garrulus glandarius,Eichelhäher,bw37,2024,2024-03-17,2,non_breeder,77
Garrulus glandarius,Eichelhäher,bw37,2024,2024-04-14,0,non_breeder,105
Garrulus glandarius,Eichelhäher,bw37,2024,2024-05-12,0,non_breeder,133
Garrulus glandarius,Eichelhäher,bw37,2025,2025-05-17,0,non_breeder,137
Garrulus glandarius,Eichelhäher,bw37,2025,2025-03-20,2,non_breeder,79
Garrulus glandarius,Eichelhäher,bw37,2025,2025-04-11,1,non_breeder,101
Garrulus glandarius,Eichelhäher,bw37,2025,2025-06-11,0,non_breeder,162
Garrulus glandarius,Eichelhäher,bw374,2025,2025-06-17,0,non_breeder,168
Garrulus glandarius,Eichelhäher,bw374,2025,2025-03-31,0,non_breeder,90
Garrulus glandarius,Eichelhäher,bw374,2025,2025-05-13,1,non_breeder,133
Garrulus glandarius,Eichelhäher,bw374,2025,2025-04-17,1,non_breeder,107
Garrulus glandarius,Eichelhäher,bw379,2024,2024-05-14,0,non_breeder,135
Garrulus glandarius,Eichelhäher,bw379,2024,2024-04-10,1,non_breeder,101
Garrulus glandarius,Eichelhäher,bw379,2024,2024-06-12,1,non_breeder,164
Garrulus glandarius,Eichelhäher,bw379,2024,2024-03-20,1,non_breeder,80
Garrulus glandarius,Eichelhäher,bw379,2025,2025-05-16,0,non_breeder,136
Garrulus glandarius,Eichelhäher,bw379,2025,2025-06-06,1,non_breeder,157
Garrulus glandarius,Eichelhäher,bw379,2025,2025-03-21,0,non_breeder,80
Garrulus glandarius,Eichelhäher,bw379,2025,2025-04-11,0,non_breeder,101
Garrulus glandarius,Eichelhäher,bw382,2023,2023-04-10,5,non_breeder,100
Garrulus glandarius,Eichelhäher,bw382,2023,2023-05-07,0,non_breeder,127
Garrulus glandarius,Eichelhäher,bw382,2024,2024-03-29,3,non_breeder,89
Garrulus glandarius,Eichelhäher,bw382,2024,2024-04-13,0,non_breeder,104
Garrulus glandarius,Eichelhäher,bw382,2024,2024-05-10,1,non_breeder,131
Garrulus glandarius,Eichelhäher,bw382,2025,2025-03-21,1,non_breeder,80
Garrulus glandarius,Eichelhäher,bw382,2025,2025-05-10,5,non_breeder,130
Garrulus glandarius,Eichelhäher,bw382,2025,2025-04-13,1,non_breeder,103
Garrulus glandarius,Eichelhäher,bw382,2025,2025-06-09,1,non_breeder,160
Garrulus glandarius,Eichelhäher,bw384,2025,2025-05-29,1,non_breeder,149
Garrulus glandarius,Eichelhäher,bw384,2025,2025-05-10,1,non_breeder,130
Garrulus glandarius,Eichelhäher,bw384,2025,2025-03-23,1,non_breeder,82
Garrulus glandarius,Eichelhäher,bw384,2025,2025-04-08,0,non_breeder,98
Garrulus glandarius,Eichelhäher,bw385,2024,2024-05-14,0,non_breeder,135
Garrulus glandarius,Eichelhäher,bw385,2024,2024-06-18,0,non_breeder,170
Garrulus glandarius,Eichelhäher,bw385,2024,2024-03-26,0,non_breeder,86
Garrulus glandarius,Eichelhäher,bw385,2024,2024-04-25,1,non_breeder,116
Garrulus glandarius,Eichelhäher,bw395,2024,2024-03-20,4,non_breeder,80
Garrulus glandarius,Eichelhäher,bw395,2024,2024-05-15,0,non_breeder,136
Garrulus glandarius,Eichelhäher,bw395,2024,2024-06-13,2,non_breeder,165
Garrulus glandarius,Eichelhäher,bw395,2024,2024-04-26,1,non_breeder,117
Garrulus glandarius,Eichelhäher,bw395,2025,2025-05-09,2,non_breeder,129
Garrulus glandarius,Eichelhäher,bw395,2025,2025-06-16,2,non_breeder,167
Garrulus glandarius,Eichelhäher,bw395,2025,2025-03-27,1,non_breeder,86
Garrulus glandarius,Eichelhäher,bw395,2025,2025-04-11,0,non_breeder,101
Garrulus glandarius,Eichelhäher,bw396,2024,2024-03-20,2,non_breeder,80
Garrulus glandarius,Eichelhäher,bw396,2024,2024-05-16,0,non_breeder,137
Garrulus glandarius,Eichelhäher,bw396,2024,2024-04-29,1,non_breeder,120
Garrulus glandarius,Eichelhäher,bw396,2024,2024-06-11,0,non_breeder,163
Garrulus glandarius,Eichelhäher,bw396,2025,2025-04-24,1,non_breeder,114
Garrulus glandarius,Eichelhäher,bw396,2025,2025-05-23,0,non_breeder,143
Garrulus glandarius,Eichelhäher,bw396,2025,2025-05-12,0,non_breeder,132
Garrulus glandarius,Eichelhäher,bw396,2025,2025-03-24,1,non_breeder,83
Garrulus glandarius,Eichelhäher,bw4,2024,2024-03-25,1,non_breeder,85
Garrulus glandarius,Eichelhäher,bw4,2024,2024-04-23,0,non_breeder,114
Garrulus glandarius,Eichelhäher,bw4,2024,2024-05-14,0,non_breeder,135
Garrulus glandarius,Eichelhäher,bw4,2024,2024-06-07,0,non_breeder,159
Garrulus glandarius,Eichelhäher,bw400,2024,2024-04-25,0,non_breeder,116
Garrulus glandarius,Eichelhäher,bw400,2024,2024-03-20,1,non_breeder,80
Garrulus glandarius,Eichelhäher,bw400,2024,2024-05-15,1,non_breeder,136
Garrulus glandarius,Eichelhäher,bw400,2024,2024-06-06,0,non_breeder,158
Garrulus glandarius,Eichelhäher,bw400,2025,2025-03-30,2,non_breeder,89
Garrulus glandarius,Eichelhäher,bw400,2025,2025-04-24,0,non_breeder,114
Garrulus glandarius,Eichelhäher,bw400,2025,2025-05-14,0,non_breeder,134
Garrulus glandarius,Eichelhäher,bw400,2025,2025-06-13,0,non_breeder,164
Garrulus glandarius,Eichelhäher,bw401,2025,2025-06-15,0,non_breeder,166
Garrulus glandarius,Eichelhäher,bw401,2025,2025-04-27,1,non_breeder,117
Garrulus glandarius,Eichelhäher,bw401,2025,2025-05-31,1,non_breeder,151
Garrulus glandarius,Eichelhäher,bw403,2024,2024-03-17,0,non_breeder,77
Garrulus glandarius,Eichelhäher,bw403,2024,2024-04-08,0,non_breeder,99
Garrulus glandarius,Eichelhäher,bw403,2024,2024-05-29,1,non_breeder,150
Garrulus glandarius,Eichelhäher,bw403,2024,2024-05-13,0,non_breeder,134
Garrulus glandarius,Eichelhäher,bw403,2025,2025-03-25,0,non_breeder,84
Garrulus glandarius,Eichelhäher,bw403,2025,2025-05-28,1,non_breeder,148
Garrulus glandarius,Eichelhäher,bw403,2025,2025-04-10,0,non_breeder,100
Garrulus glandarius,Eichelhäher,bw403,2025,2025-05-17,0,non_breeder,137
Garrulus glandarius,Eichelhäher,bw405,2024,2024-06-16,1,non_breeder,168
Garrulus glandarius,Eichelhäher,bw405,2024,2024-03-30,0,non_breeder,90
Garrulus glandarius,Eichelhäher,bw405,2024,2024-04-28,0,non_breeder,119
Garrulus glandarius,Eichelhäher,bw405,2024,2024-05-20,0,non_breeder,141
Garrulus glandarius,Eichelhäher,bw405,2025,2025-06-10,1,non_breeder,161
Garrulus glandarius,Eichelhäher,bw405,2025,2025-03-11,0,non_breeder,70
Garrulus glandarius,Eichelhäher,bw405,2025,2025-04-05,0,non_breeder,95
Garrulus glandarius,Eichelhäher,bw405,2025,2025-05-11,0,non_breeder,131
Garrulus glandarius,Eichelhäher,bw42,2022,2022-03-28,0,non_breeder,87
Garrulus glandarius,Eichelhäher,bw42,2022,2022-04-23,0,non_breeder,113
Garrulus glandarius,Eichelhäher,bw42,2022,2022-05-18,3,non_breeder,138
Garrulus glandarius,Eichelhäher,bw42,2022,2022-06-03,0,non_breeder,154
Garrulus glandarius,Eichelhäher,bw42,2023,2023-03-29,1,non_breeder,88
Garrulus glandarius,Eichelhäher,bw42,2023,2023-04-22,1,non_breeder,112
Garrulus glandarius,Eichelhäher,bw42,2023,2023-05-20,1,non_breeder,140
Garrulus glandarius,Eichelhäher,bw42,2023,2023-06-04,1,non_breeder,155
Garrulus glandarius,Eichelhäher,bw42,2023,2023-05-19,0,non_breeder,139
Garrulus glandarius,Eichelhäher,bw42,2024,2024-05-13,0,non_breeder,134
Garrulus glandarius,Eichelhäher,bw42,2024,2024-03-30,4,non_breeder,90
Garrulus glandarius,Eichelhäher,bw42,2024,2024-04-28,0,non_breeder,119
Garrulus glandarius,Eichelhäher,bw42,2024,2024-06-06,0,non_breeder,158
Garrulus glandarius,Eichelhäher,bw42,2024,2024-05-12,0,non_breeder,133
Garrulus glandarius,Eichelhäher,bw42,2025,2025-05-20,1,non_breeder,140
Garrulus glandarius,Eichelhäher,bw42,2025,2025-03-28,1,non_breeder,87
Garrulus glandarius,Eichelhäher,bw42,2025,2025-04-30,0,non_breeder,120
Garrulus glandarius,Eichelhäher,bw42,2025,2025-06-10,0,non_breeder,161
Garrulus glandarius,Eichelhäher,bw42,2025,2025-06-09,0,non_breeder,160
Garrulus glandarius,Eichelhäher,bw45,2022,2022-06-15,1,non_breeder,166
Garrulus glandarius,Eichelhäher,bw45,2022,2022-03-13,2,non_breeder,72
Garrulus glandarius,Eichelhäher,bw45,2022,2022-04-18,5,non_breeder,108
Garrulus glandarius,Eichelhäher,bw45,2022,2022-05-09,1,non_breeder,129
Garrulus glandarius,Eichelhäher,bw45,2023,2023-03-31,1,non_breeder,90
Garrulus glandarius,Eichelhäher,bw45,2023,2023-04-29,0,non_breeder,119
Garrulus glandarius,Eichelhäher,bw45,2023,2023-05-18,0,non_breeder,138
Garrulus glandarius,Eichelhäher,bw45,2023,2023-06-10,1,non_breeder,161
Garrulus glandarius,Eichelhäher,bw45,2024,2024-03-14,4,non_breeder,74
Garrulus glandarius,Eichelhäher,bw45,2024,2024-04-06,8,non_breeder,97
Garrulus glandarius,Eichelhäher,bw45,2024,2024-05-02,0,non_breeder,123
Garrulus glandarius,Eichelhäher,bw45,2024,2024-05-28,2,non_breeder,149
Garrulus glandarius,Eichelhäher,bw45,2025,2025-03-15,1,non_breeder,74
Garrulus glandarius,Eichelhäher,bw45,2025,2025-04-05,1,non_breeder,95
Garrulus glandarius,Eichelhäher,bw45,2025,2025-05-01,1,non_breeder,121
Garrulus glandarius,Eichelhäher,bw45,2025,2025-05-31,1,non_breeder,151
Garrulus glandarius,Eichelhäher,bw46,2024,2024-05-12,0,non_breeder,133
Garrulus glandarius,Eichelhäher,bw46,2024,2024-06-06,0,non_breeder,158
Garrulus glandarius,Eichelhäher,bw46,2024,2024-03-10,1,non_breeder,70
Garrulus glandarius,Eichelhäher,bw46,2024,2024-04-13,0,non_breeder,104
Garrulus glandarius,Eichelhäher,bw46,2025,2025-05-10,0,non_breeder,130
Garrulus glandarius,Eichelhäher,bw46,2025,2025-06-08,0,non_breeder,159
Garrulus glandarius,Eichelhäher,bw46,2025,2025-04-05,0,non_breeder,95
Garrulus glandarius,Eichelhäher,bw46,2025,2025-03-23,2,non_breeder,82
Garrulus glandarius,Eichelhäher,bw49,2022,2022-03-27,1,non_breeder,86
Garrulus glandarius,Eichelhäher,bw49,2022,2022-04-28,0,non_breeder,118
Garrulus glandarius,Eichelhäher,bw49,2022,2022-05-18,1,non_breeder,138
Garrulus glandarius,Eichelhäher,bw49,2022,2022-06-18,0,non_breeder,169
Garrulus glandarius,Eichelhäher,bw49,2023,2023-04-30,0,non_breeder,120
Garrulus glandarius,Eichelhäher,bw49,2023,2023-04-07,1,non_breeder,97
Garrulus glandarius,Eichelhäher,bw49,2023,2023-05-20,0,non_breeder,140
Garrulus glandarius,Eichelhäher,bw49,2023,2023-06-08,1,non_breeder,159
Garrulus glandarius,Eichelhäher,bw49,2024,2024-03-28,1,non_breeder,88
Garrulus glandarius,Eichelhäher,bw49,2024,2024-05-12,0,non_breeder,133
Garrulus glandarius,Eichelhäher,bw49,2025,2025-03-28,2,non_breeder,87
Garrulus glandarius,Eichelhäher,bw49,2025,2025-04-28,0,non_breeder,118
Garrulus glandarius,Eichelhäher,bw49,2025,2025-05-15,0,non_breeder,135
Garrulus glandarius,Eichelhäher,bw49,2025,2025-06-14,0,non_breeder,165
Garrulus glandarius,Eichelhäher,bw51,2023,2023-03-29,0,non_breeder,88
Garrulus glandarius,Eichelhäher,bw51,2023,2023-06-14,1,non_breeder,165
Garrulus glandarius,Eichelhäher,bw51,2023,2023-04-26,0,non_breeder,116
Garrulus glandarius,Eichelhäher,bw51,2023,2023-05-23,0,non_breeder,143
Garrulus glandarius,Eichelhäher,bw51,2024,2024-03-22,0,non_breeder,82
Garrulus glandarius,Eichelhäher,bw51,2024,2024-04-25,0,non_breeder,116
Garrulus glandarius,Eichelhäher,bw51,2024,2024-05-16,1,non_breeder,137
Garrulus glandarius,Eichelhäher,bw51,2024,2024-06-19,2,non_breeder,171
Garrulus glandarius,Eichelhäher,bw53,2022,2022-04-10,0,non_breeder,100
Garrulus glandarius,Eichelhäher,bw53,2022,2022-05-04,2,non_breeder,124
Garrulus glandarius,Eichelhäher,bw53,2022,2022-05-22,0,non_breeder,142
Garrulus glandarius,Eichelhäher,bw53,2022,2022-06-06,0,non_breeder,157
Garrulus glandarius,Eichelhäher,bw53,2023,2023-03-10,0,non_breeder,69
Garrulus glandarius,Eichelhäher,bw53,2023,2023-04-16,0,non_breeder,106
Garrulus glandarius,Eichelhäher,bw53,2023,2023-05-14,1,non_breeder,134
Garrulus glandarius,Eichelhäher,bw53,2023,2023-06-04,0,non_breeder,155
Garrulus glandarius,Eichelhäher,bw55,2025,2025-03-21,8,non_breeder,80
Garrulus glandarius,Eichelhäher,bw55,2025,2025-05-17,0,non_breeder,137
Garrulus glandarius,Eichelhäher,bw55,2025,2025-06-13,1,non_breeder,164
Garrulus glandarius,Eichelhäher,bw55,2025,2025-04-22,1,non_breeder,112
Garrulus glandarius,Eichelhäher,bw58,2024,2024-04-30,1,non_breeder,121
Garrulus glandarius,Eichelhäher,bw58,2024,2024-05-20,0,non_breeder,141
Garrulus glandarius,Eichelhäher,bw58,2024,2024-06-16,6,non_breeder,168
Garrulus glandarius,Eichelhäher,bw58,2024,2024-03-24,0,non_breeder,84
Garrulus glandarius,Eichelhäher,bw58,2024,2024-05-19,0,non_breeder,140
Garrulus glandarius,Eichelhäher,bw58,2025,2025-03-30,1,non_breeder,89
Garrulus glandarius,Eichelhäher,bw58,2025,2025-06-18,4,non_breeder,169
Garrulus glandarius,Eichelhäher,bw58,2025,2025-04-26,0,non_breeder,116
Garrulus glandarius,Eichelhäher,bw58,2025,2025-05-17,4,non_breeder,137
Garrulus glandarius,Eichelhäher,bw60,2022,2022-05-06,0,non_breeder,126
Garrulus glandarius,Eichelhäher,bw60,2022,2022-06-06,0,non_breeder,157
Garrulus glandarius,Eichelhäher,bw60,2022,2022-03-27,2,non_breeder,86
Garrulus glandarius,Eichelhäher,bw60,2022,2022-04-16,0,non_breeder,106
Garrulus glandarius,Eichelhäher,bw60,2023,2023-04-09,2,non_breeder,99
Garrulus glandarius,Eichelhäher,bw60,2023,2023-05-14,1,non_breeder,134
Garrulus glandarius,Eichelhäher,bw60,2023,2023-03-19,2,non_breeder,78
Garrulus glandarius,Eichelhäher,bw60,2023,2023-05-28,0,non_breeder,148
Garrulus glandarius,Eichelhäher,bw60,2024,2024-03-13,2,non_breeder,73
Garrulus glandarius,Eichelhäher,bw60,2024,2024-04-05,0,non_breeder,96
Garrulus glandarius,Eichelhäher,bw60,2024,2024-05-02,0,non_breeder,123
Garrulus glandarius,Eichelhäher,bw60,2024,2024-05-25,0,non_breeder,146
Garrulus glandarius,Eichelhäher,bw63,2024,2024-03-17,0,non_breeder,77
Garrulus glandarius,Eichelhäher,bw63,2024,2024-06-16,4,non_breeder,168
Garrulus glandarius,Eichelhäher,bw63,2024,2024-05-12,0,non_breeder,133
Garrulus glandarius,Eichelhäher,bw63,2024,2024-04-07,0,non_breeder,98
Garrulus glandarius,Eichelhäher,bw63,2025,2025-05-18,2,non_breeder,138
Garrulus glandarius,Eichelhäher,bw63,2025,2025-06-09,0,non_breeder,160
Garrulus glandarius,Eichelhäher,bw63,2025,2025-03-16,0,non_breeder,75
Garrulus glandarius,Eichelhäher,bw63,2025,2025-04-13,0,non_breeder,103
Garrulus glandarius,Eichelhäher,bw64,2024,2024-06-12,2,non_breeder,164
Garrulus glandarius,Eichelhäher,bw64,2024,2024-03-20,0,non_breeder,80
Garrulus glandarius,Eichelhäher,bw64,2024,2024-04-13,0,non_breeder,104
Garrulus glandarius,Eichelhäher,bw64,2024,2024-05-09,0,non_breeder,130
Garrulus glandarius,Eichelhäher,bw66,2023,2023-04-23,2,non_breeder,113
Garrulus glandarius,Eichelhäher,bw66,2023,2023-05-14,0,non_breeder,134
Garrulus glandarius,Eichelhäher,bw66,2023,2023-06-08,0,non_breeder,159
Garrulus glandarius,Eichelhäher,bw66,2023,2023-03-26,0,non_breeder,85
Garrulus glandarius,Eichelhäher,bw69,2023,2023-06-12,2,non_breeder,163
Garrulus glandarius,Eichelhäher,bw69,2023,2023-03-27,3,non_breeder,86
Garrulus glandarius,Eichelhäher,bw69,2023,2023-04-22,1,non_breeder,112
Garrulus glandarius,Eichelhäher,bw69,2023,2023-05-14,3,non_breeder,134
Garrulus glandarius,Eichelhäher,bw69,2025,2025-05-21,0,non_breeder,141
Garrulus glandarius,Eichelhäher,bw69,2025,2025-03-27,2,non_breeder,86
Garrulus glandarius,Eichelhäher,bw69,2025,2025-04-15,0,non_breeder,105
Garrulus glandarius,Eichelhäher,bw69,2025,2025-06-12,0,non_breeder,163
Garrulus glandarius,Eichelhäher,bw70,2024,2024-03-26,1,non_breeder,86
Garrulus glandarius,Eichelhäher,bw70,2024,2024-06-11,2,non_breeder,163
Garrulus glandarius,Eichelhäher,bw70,2024,2024-04-29,3,non_breeder,120
Garrulus glandarius,Eichelhäher,bw70,2024,2024-05-16,0,non_breeder,137
Garrulus glandarius,Eichelhäher,bw70,2025,2025-05-19,3,non_breeder,139
Garrulus glandarius,Eichelhäher,bw70,2025,2025-03-21,2,non_breeder,80
Garrulus glandarius,Eichelhäher,bw70,2025,2025-04-22,1,non_breeder,112
Garrulus glandarius,Eichelhäher,bw70,2025,2025-06-18,4,non_breeder,169
Garrulus glandarius,Eichelhäher,bw71,2024,2024-03-20,1,non_breeder,80
Garrulus glandarius,Eichelhäher,bw71,2024,2024-04-23,0,non_breeder,114
Garrulus glandarius,Eichelhäher,bw71,2024,2024-05-15,0,non_breeder,136
Garrulus glandarius,Eichelhäher,bw71,2024,2024-06-07,1,non_breeder,159
Garrulus glandarius,Eichelhäher,bw71,2025,2025-03-19,0,non_breeder,78
Garrulus glandarius,Eichelhäher,bw71,2025,2025-04-16,2,non_breeder,106
Garrulus glandarius,Eichelhäher,bw71,2025,2025-05-12,0,non_breeder,132
Garrulus glandarius,Eichelhäher,bw71,2025,2025-06-13,3,non_breeder,164
Garrulus glandarius,Eichelhäher,bw72,2022,2022-03-20,0,non_breeder,79
Garrulus glandarius,Eichelhäher,bw72,2022,2022-06-05,0,non_breeder,156
Garrulus glandarius,Eichelhäher,bw72,2022,2022-04-17,0,non_breeder,107
Garrulus glandarius,Eichelhäher,bw72,2022,2022-05-08,2,non_breeder,128
Garrulus glandarius,Eichelhäher,bw73,2022,2022-03-26,1,non_breeder,85
Garrulus glandarius,Eichelhäher,bw73,2022,2022-05-14,2,non_breeder,134
Garrulus glandarius,Eichelhäher,bw73,2022,2022-06-04,0,non_breeder,155
Garrulus glandarius,Eichelhäher,bw73,2022,2022-04-22,4,non_breeder,112
Garrulus glandarius,Eichelhäher,bw73,2023,2023-03-25,5,non_breeder,84
Garrulus glandarius,Eichelhäher,bw73,2023,2023-05-06,2,non_breeder,126
Garrulus glandarius,Eichelhäher,bw73,2023,2023-04-15,7,non_breeder,105
Garrulus glandarius,Eichelhäher,bw73,2023,2023-06-10,2,non_breeder,161
Garrulus glandarius,Eichelhäher,bw73,2024,2024-06-08,2,non_breeder,160
Garrulus glandarius,Eichelhäher,bw73,2024,2024-04-27,0,non_breeder,118
Garrulus glandarius,Eichelhäher,bw73,2024,2024-05-10,1,non_breeder,131
Garrulus glandarius,Eichelhäher,bw73,2024,2024-03-30,2,non_breeder,90
Garrulus glandarius,Eichelhäher,bw73,2024,2024-04-26,0,non_breeder,117
Garrulus glandarius,Eichelhäher,bw73,2025,2025-06-05,0,non_breeder,156
Garrulus glandarius,Eichelhäher,bw73,2025,2025-03-29,1,non_breeder,88
Garrulus glandarius,Eichelhäher,bw73,2025,2025-04-25,1,non_breeder,115
Garrulus glandarius,Eichelhäher,bw73,2025,2025-05-09,0,non_breeder,129
Garrulus glandarius,Eichelhäher,bw75,2024,2024-06-05,1,non_breeder,157
Garrulus glandarius,Eichelhäher,bw75,2024,2024-03-19,1,non_breeder,79
Garrulus glandarius,Eichelhäher,bw75,2024,2024-04-15,0,non_breeder,106
Garrulus glandarius,Eichelhäher,bw75,2024,2024-05-14,0,non_breeder,135
Garrulus glandarius,Eichelhäher,bw75,2025,2025-06-03,0,non_breeder,154
Garrulus glandarius,Eichelhäher,bw75,2025,2025-03-17,3,non_breeder,76
Garrulus glandarius,Eichelhäher,bw75,2025,2025-05-09,0,non_breeder,129
Garrulus glandarius,Eichelhäher,bw75,2025,2025-04-08,5,non_breeder,98
Garrulus glandarius,Eichelhäher,bw76,2024,2024-03-15,0,non_breeder,75
Garrulus glandarius,Eichelhäher,bw76,2024,2024-04-08,1,non_breeder,99
Garrulus glandarius,Eichelhäher,bw76,2024,2024-05-06,0,non_breeder,127
Garrulus glandarius,Eichelhäher,bw76,2024,2024-05-28,0,non_breeder,149
Garrulus glandarius,Eichelhäher,bw76,2025,2025-03-20,1,non_breeder,79
Garrulus glandarius,Eichelhäher,bw76,2025,2025-04-17,0,non_breeder,107
Garrulus glandarius,Eichelhäher,bw76,2025,2025-05-09,0,non_breeder,129
Garrulus glandarius,Eichelhäher,bw76,2025,2025-06-10,0,non_breeder,161
Garrulus glandarius,Eichelhäher,bw77,2024,2024-03-27,0,non_breeder,87
Garrulus glandarius,Eichelhäher,bw77,2024,2024-04-20,0,non_breeder,111
Garrulus glandarius,Eichelhäher,bw77,2024,2024-05-11,1,non_breeder,132
Garrulus glandarius,Eichelhäher,bw77,2024,2024-06-01,0,non_breeder,153
Garrulus glandarius,Eichelhäher,bw80,2024,2024-04-14,1,non_breeder,105
Garrulus glandarius,Eichelhäher,bw80,2024,2024-03-26,2,non_breeder,86
Garrulus glandarius,Eichelhäher,bw80,2024,2024-05-14,0,non_breeder,135
Garrulus glandarius,Eichelhäher,bw80,2024,2024-06-04,0,non_breeder,156
Garrulus glandarius,Eichelhäher,bw80,2025,2025-06-12,2,non_breeder,163
Garrulus glandarius,Eichelhäher,bw80,2025,2025-03-28,1,non_breeder,87
Garrulus glandarius,Eichelhäher,bw80,2025,2025-04-23,0,non_breeder,113
Garrulus glandarius,Eichelhäher,bw80,2025,2025-05-15,0,non_breeder,135
Garrulus glandarius,Eichelhäher,bw82,2022,2022-04-10,0,non_breeder,100
Garrulus glandarius,Eichelhäher,bw82,2022,2022-05-08,0,non_breeder,128
Garrulus glandarius,Eichelhäher,bw82,2022,2022-05-29,0,non_breeder,149
Garrulus glandarius,Eichelhäher,bw82,2022,2022-03-13,4,non_breeder,72
Garrulus glandarius,Eichelhäher,bw82,2023,2023-03-26,0,non_breeder,85
Garrulus glandarius,Eichelhäher,bw82,2023,2023-04-30,0,non_breeder,120
Garrulus glandarius,Eichelhäher,bw82,2023,2023-05-21,0,non_breeder,141
Garrulus glandarius,Eichelhäher,bw82,2023,2023-06-11,1,non_breeder,162
Garrulus glandarius,Eichelhäher,bw83,2022,2022-05-11,0,non_breeder,131
Garrulus glandarius,Eichelhäher,bw83,2022,2022-06-04,0,non_breeder,155
Garrulus glandarius,Eichelhäher,bw83,2022,2022-04-22,3,non_breeder,112
Garrulus glandarius,Eichelhäher,bw83,2022,2022-03-16,0,non_breeder,75
Garrulus glandarius,Eichelhäher,bw83,2022,2022-03-17,0,non_breeder,76
Garrulus glandarius,Eichelhäher,bw84,2023,2023-03-27,3,non_breeder,86
Garrulus glandarius,Eichelhäher,bw84,2023,2023-05-11,0,non_breeder,131
Garrulus glandarius,Eichelhäher,bw84,2023,2023-04-30,0,non_breeder,120
Garrulus glandarius,Eichelhäher,bw84,2023,2023-06-16,0,non_breeder,167
Garrulus glandarius,Eichelhäher,bw85,2022,2022-04-15,0,non_breeder,105
Garrulus glandarius,Eichelhäher,bw85,2022,2022-05-15,0,non_breeder,135
Garrulus glandarius,Eichelhäher,bw85,2022,2022-06-16,0,non_breeder,167
Garrulus glandarius,Eichelhäher,bw85,2022,2022-03-20,4,non_breeder,79
Garrulus glandarius,Eichelhäher,bw85,2023,2023-06-11,1,non_breeder,162
Garrulus glandarius,Eichelhäher,bw85,2023,2023-04-29,0,non_breeder,119
Garrulus glandarius,Eichelhäher,bw85,2023,2023-05-20,0,non_breeder,140
Garrulus glandarius,Eichelhäher,bw85,2023,2023-03-29,3,non_breeder,88
Garrulus glandarius,Eichelhäher,bw85,2024,2024-05-20,0,non_breeder,141
Garrulus glandarius,Eichelhäher,bw85,2024,2024-06-20,0,non_breeder,172
Garrulus glandarius,Eichelhäher,bw85,2024,2024-03-29,0,non_breeder,89
Garrulus glandarius,Eichelhäher,bw85,2024,2024-04-23,2,non_breeder,114
Garrulus glandarius,Eichelhäher,bw86,2025,2025-05-20,0,non_breeder,140
Garrulus glandarius,Eichelhäher,bw86,2025,2025-06-17,1,non_breeder,168
Garrulus glandarius,Eichelhäher,bw86,2025,2025-03-26,0,non_breeder,85
Garrulus glandarius,Eichelhäher,bw86,2025,2025-04-23,0,non_breeder,113
Garrulus glandarius,Eichelhäher,bw87,2024,2024-03-30,6,non_breeder,90
Garrulus glandarius,Eichelhäher,bw87,2024,2024-04-23,0,non_breeder,114
Garrulus glandarius,Eichelhäher,bw87,2024,2024-06-06,2,non_breeder,158
Garrulus glandarius,Eichelhäher,bw87,2024,2024-05-13,2,non_breeder,134
Garrulus glandarius,Eichelhäher,bw87,2025,2025-03-20,0,non_breeder,79
Garrulus glandarius,Eichelhäher,bw87,2025,2025-06-14,1,non_breeder,165
Garrulus glandarius,Eichelhäher,bw87,2025,2025-04-15,2,non_breeder,105
Garrulus glandarius,Eichelhäher,bw87,2025,2025-05-19,1,non_breeder,139
Garrulus glandarius,Eichelhäher,bw88,2025,2025-03-22,0,non_breeder,81
Garrulus glandarius,Eichelhäher,bw88,2025,2025-04-13,0,non_breeder,103
Garrulus glandarius,Eichelhäher,bw88,2025,2025-06-15,0,non_breeder,166
Garrulus glandarius,Eichelhäher,bw88,2025,2025-05-17,1,non_breeder,137
Garrulus glandarius,Eichelhäher,bw92,2025,2025-06-19,0,non_breeder,170
Garrulus glandarius,Eichelhäher,bw92,2025,2025-04-05,0,non_breeder,95
Garrulus glandarius,Eichelhäher,bw92,2025,2025-03-29,1,non_breeder,88
Garrulus glandarius,Eichelhäher,bw94,2020,2020-03-28,6,non_breeder,88
Garrulus glandarius,Eichelhäher,bw94,2020,2020-04-19,6,non_breeder,110
Garrulus glandarius,Eichelhäher,bw94,2020,2020-05-10,3,non_breeder,131
Garrulus glandarius,Eichelhäher,bw94,2020,2020-06-07,2,non_breeder,159
Garrulus glandarius,Eichelhäher,bw94,2021,2021-03-21,4,non_breeder,80
Garrulus glandarius,Eichelhäher,bw94,2021,2021-05-09,5,non_breeder,129
Garrulus glandarius,Eichelhäher,bw94,2021,2021-06-13,3,non_breeder,164
Garrulus glandarius,Eichelhäher,bw94,2021,2021-04-18,1,non_breeder,108
Garrulus glandarius,Eichelhäher,bw94,2022,2022-03-19,5,non_breeder,78
Garrulus glandarius,Eichelhäher,bw94,2022,2022-06-12,2,non_breeder,163
Garrulus glandarius,Eichelhäher,bw94,2022,2022-04-18,2,non_breeder,108
Garrulus glandarius,Eichelhäher,bw94,2022,2022-05-15,3,non_breeder,135
Garrulus glandarius,Eichelhäher,bw94,2025,2025-05-11,2,non_breeder,131
Garrulus glandarius,Eichelhäher,bw94,2025,2025-06-01,0,non_breeder,152
Garrulus glandarius,Eichelhäher,bw94,2025,2025-03-22,4,non_breeder,81
Garrulus glandarius,Eichelhäher,bw94,2025,2025-04-27,1,non_breeder,117
Garrulus glandarius,Eichelhäher,bw95,2025,2025-05-16,0,non_breeder,136
Garrulus glandarius,Eichelhäher,bw95,2025,2025-06-18,0,non_breeder,169
Garrulus glandarius,Eichelhäher,bw95,2025,2025-03-16,3,non_breeder,75
Garrulus glandarius,Eichelhäher,bw95,2025,2025-04-12,3,non_breeder,102
Garrulus glandarius,Eichelhäher,bw96,2022,2022-05-03,1,non_breeder,123
Garrulus glandarius,Eichelhäher,bw96,2022,2022-05-31,0,non_breeder,151
Garrulus glandarius,Eichelhäher,bw96,2022,2022-03-14,0,non_breeder,73
Garrulus glandarius,Eichelhäher,bw96,2022,2022-04-11,0,non_breeder,101
Garrulus glandarius,Eichelhäher,bw96,2023,2023-04-07,1,non_breeder,97
Garrulus glandarius,Eichelhäher,bw96,2023,2023-05-04,0,non_breeder,124
Garrulus glandarius,Eichelhäher,bw96,2023,2023-05-29,1,non_breeder,149
Garrulus glandarius,Eichelhäher,bw96,2023,2023-03-16,2,non_breeder,75
Garrulus glandarius,Eichelhäher,bw96,2024,2024-04-11,0,non_breeder,102
Garrulus glandarius,Eichelhäher,bw96,2024,2024-05-19,0,non_breeder,140
Garrulus glandarius,Eichelhäher,bw96,2024,2024-03-11,1,non_breeder,71
Garrulus glandarius,Eichelhäher,bw96,2024,2024-06-05,2,non_breeder,157
Garrulus glandarius,Eichelhäher,bw97,2022,2022-05-14,0,non_breeder,134
Garrulus glandarius,Eichelhäher,bw97,2022,2022-06-10,0,non_breeder,161
Garrulus glandarius,Eichelhäher,bw97,2022,2022-04-16,1,non_breeder,106
Garrulus glandarius,Eichelhäher,bw97,2022,2022-03-21,5,non_breeder,80
Garrulus glandarius,Eichelhäher,bw97,2023,2023-04-22,0,non_breeder,112
Garrulus glandarius,Eichelhäher,bw97,2023,2023-05-14,0,non_breeder,134
Garrulus glandarius,Eichelhäher,bw97,2023,2023-06-08,0,non_breeder,159
Garrulus glandarius,Eichelhäher,bw97,2023,2023-03-20,2,non_breeder,79
Garrulus glandarius,Eichelhäher,bw97,2024,2024-04-27,0,non_breeder,118
Garrulus glandarius,Eichelhäher,bw97,2024,2024-05-13,0,non_breeder,134
Garrulus glandarius,Eichelhäher,bw97,2024,2024-03-21,0,non_breeder,81
Garrulus glandarius,Eichelhäher,bw97,2024,2024-06-11,1,non_breeder,163
Garrulus glandarius,Eichelhäher,bw99,2024,2024-03-12,0,non_breeder,72
Garrulus glandarius,Eichelhäher,bw99,2024,2024-05-27,1,non_breeder,148
Garrulus glandarius,Eichelhäher,bw99,2024,2024-05-14,0,non_breeder,135
Garrulus glandarius,Eichelhäher,bw99,2024,2024-04-22,0,non_breeder,113
Garrulus glandarius,Eichelhäher,bw99,2025,2025-05-12,1,non_breeder,132
Garrulus glandarius,Eichelhäher,bw99,2025,2025-03-11,1,non_breeder,70
Garrulus glandarius,Eichelhäher,bw99,2025,2025-04-17,1,non_breeder,107
Garrulus glandarius,Eichelhäher,bw99,2025,2025-06-05,0,non_breeder,156
