species,site,year,date,n_individuals,n_guests,guest,singing,calling,warning,aggressive_interaction,couple,female,nesting_material,feeding,nest,juvenile,territory,doy
Feldsperling,2,2019,2019-03-31,0,0,NA,NA,NA,NA,NA,NA,NA,NA,NA,NA,NA,NA,90
Feldsperling,2,2019,2019-04-18,0,0,NA,NA,NA,NA,NA,NA,NA,NA,NA,NA,NA,NA,108
Feldsperling,2,2019,2019-05-03,1,0,?,?,T,?,?,?,?,?,?,?,?,?,123
Feldsperling,2,2019,2019-06-14,0,0,NA,NA,NA,NA,NA,NA,NA,NA,NA,NA,NA,NA,165
Feldsperling,2,2020,2020-04-09,6,0,F,F,T,F,?,F,F,F,F,F,F,?,100
Feldsperling,2,2020,2020-05-06,6,0,F,F,T,F,?,F,F,F,F,F,F,?,127
Feldsperling,2,2020,2020-03-26,7,0,F,F,T,F,?,F,F,F,F,F,F,?,86
Feldsperling,2,2020,2020-06-12,2,0,F,F,T,F,?,F,F,F,F,F,F,?,164
Feldsperling,2,2021,2021-03-29,8,0,F,F,T,F,?,F,F,F,F,F,F,?,88
Feldsperling,2,2021,2021-05-07,7,0,F,T,T,F,?,F,F,F,F,F,F,?,127
Feldsperling,2,2021,2021-06-07,3,0,F,F,T,F,?,F,F,F,F,F,F,?,158
Feldsperling,2,2021,2021-04-19,2,0,F,F,T,F,?,F,F,F,F,F,F,?,109
Feldsperling,2,2022,2022-03-25,5,0,F,T,T,F,F,F,F,F,F,F,F,?,84
Feldsperling,2,2022,2022-05-04,5,0,F,F,T,F,F,F,F,F,F,F,F,?,124
Feldsperling,2,2022,2022-06-15,0,0,NA,NA,NA,NA,NA,NA,NA,NA,NA,NA,NA,NA,166
Feldsperling,2,2022,2022-04-14,2,0,F,F,T,F,F,F,F,F,F,F,F,?,104
Feldsperling,2,2023,2023-04-03,1,0,F,F,T,F,?,F,F,F,F,F,F,?,93
Feldsperling,2,2023,2023-06-07,3,0,F,F,T,F,?,F,F,F,F,F,F,?,158
Feldsperling,2,2023,2023-03-25,3,0,F,F,T,F,?,F,F,F,F,F,F,?,84
Feldsperling,2,2023,2023-05-02,6,0,F,F,T,F,?,F,F,F,F,F,F,?,122
Feldsperling,3,2021,2021-03-28,4,0,F,F,F,F,?,F,F,F,F,F,F,?,87
Feldsperling,3,2021,2021-05-16,11,0,F,T,F,F,?,T,F,F,F,F,F,?,136
Feldsperling,3,2021,2021-06-13,19,0,F,F,F,F,?,F,F,F,F,F,F,?,164
Feldsperling,3,2021,2021-04-16,27,0,F,F,F,F,?,F,F,F,F,F,F,?,106
Feldsperling,4,2019,2019-03-22,1,0,F,T,F,F,?,F,F,F,F,F,F,?,81
Feldsperling,4,2019,2019-04-16,0,0,NA,NA,NA,NA,NA,NA,NA,NA,NA,NA,NA,NA,106
Feldsperling,4,2019,2019-05-09,0,0,NA,NA,NA,NA,NA,NA,NA,NA,NA,NA,NA,NA,129
Feldsperling,4,2019,2019-06-05,1,0,F,F,F,F,?,F,F,F,T,F,F,?,156
Feldsperling,4,2020,2020-03-18,4,0,F,T,F,F,?,F,F,F,F,F,F,?,78
Feldsperling,4,2020,2020-04-16,0,0,NA,NA,NA,NA,NA,NA,NA,NA,NA,NA,NA,NA,107
Feldsperling,4,2020,2020-05-07,0,0,NA,NA,NA,NA,NA,NA,NA,NA,NA,NA,NA,NA,128
Feldsperling,4,2020,2020-06-02,0,0,NA,NA,NA,NA,NA,NA,NA,NA,NA,NA,NA,NA,154
Feldsperling,4,2021,2021-03-24,0,0,NA,NA,NA,NA,NA,NA,NA,NA,NA,NA,NA,NA,83
Feldsperling,4,2021,2021-04-20,0,0,NA,NA,NA,NA,NA,NA,NA,NA,NA,NA,NA,NA,110
Feldsperling,4,2021,2021-05-15,0,0,NA,NA,NA,NA,NA,NA,NA,NA,NA,NA,NA,NA,135
Feldsperling,4,2021,2021-06-04,1,0,?,T,F,F,?,F,F,?,F,F,F,?,155
Feldsperling,4,2022,2022-03-21,0,0,NA,NA,NA,NA,NA,NA,NA,NA,NA,NA,NA,NA,80
Feldsperling,4,2022,2022-04-18,1,0,F,T,F,F,?,F,F,F,F,F,F,?,108
Feldsperling,4,2022,2022-05-12,1,0,F,T,F,F,?,F,F,F,F,F,F,?,132
Feldsperling,4,2022,2022-06-02,0,0,NA,NA,NA,NA,NA,NA,NA,NA,NA,NA,NA,NA,153
Feldsperling,4,2023,2023-03-18,0,0,NA,NA,NA,NA,NA,NA,NA,NA,NA,NA,NA,NA,77
Feldsperling,4,2023,2023-04-26,0,0,NA,NA,NA,NA,NA,NA,NA,NA,NA,NA,NA,NA,116
Feldsperling,4,2023,2023-05-19,0,0,NA,NA,NA,NA,NA,NA,NA,NA,NA,NA,NA,NA,139
Feldsperling,4,2023,2023-06-07,1,0,F,F,F,F,F,F,F,F,F,F,F,?,158
Feldsperling,6,2018,2018-03-26,3,0,F,F,F,F,?,F,F,F,F,F,F,?,85
Feldsperling,6,2018,2018-04-15,4,0,F,F,F,F,?,F,F,F,F,F,F,?,105
Feldsperling,6,2018,2018-05-19,7,0,F,F,F,F,?,F,F,F,F,F,F,?,139
Feldsperling,6,2018,2018-06-09,23,0,F,F,F,F,?,F,F,F,F,F,T,?,160
Feldsperling,6,2020,2020-04-13,1,0,F,F,F,F,?,F,F,F,F,F,F,?,104
Feldsperling,6,2020,2020-06-13,2,0,F,F,F,F,?,F,F,F,F,F,F,?,165
Feldsperling,6,2020,2020-03-28,4,0,F,F,F,F,?,F,F,F,F,F,F,?,88
Feldsperling,6,2021,2021-03-28,3,0,F,F,F,F,?,F,F,F,F,F,F,?,87
Feldsperling,6,2021,2021-05-08,5,0,F,F,F,F,?,F,F,F,F,F,F,?,128
Feldsperling,6,2021,2021-06-05,8,0,F,F,F,F,?,F,F,F,F,F,F,?,156
Feldsperling,6,2021,2021-04-24,4,0,F,F,F,F,?,F,F,F,F,F,F,?,114
Feldsperling,7,2020,2020-03-15,4,0,F,T,F,F,?,F,F,F,F,F,F,?,75
Feldsperling,7,2020,2020-04-10,7,0,F,F,F,F,?,F,F,F,F,F,F,?,101
Feldsperling,7,2020,2020-05-17,11,0,F,F,T,F,T,F,F,F,F,F,F,?,138
Feldsperling,7,2020,2020-05-31,6,0,F,F,F,F,?,F,F,F,F,F,F,?,152
Feldsperling,7,2021,2021-03-17,10,0,F,T,F,F,?,F,?,F,F,F,F,?,76
Feldsperling,7,2021,2021-05-09,13,0,F,F,T,F,?,F,?,F,F,F,F,?,129
Feldsperling,7,2021,2021-05-27,10,0,F,T,T,F,?,T,?,F,F,F,F,?,147
Feldsperling,7,2021,2021-06-08,5,0,F,T,T,F,?,F,?,F,F,F,F,?,159
Feldsperling,10,2018,2018-03-26,11,0,F,F,T,F,?,F,F,F,F,F,F,?,85
Feldsperling,10,2018,2018-04-18,15,0,F,F,T,F,?,T,F,F,F,F,F,?,108
Feldsperling,10,2018,2018-05-07,4,0,F,T,F,F,?,F,F,F,F,F,F,?,127
Feldsperling,10,2018,2018-05-18,8,0,F,T,F,F,?,F,F,F,F,F,F,?,138
Feldsperling,10,2018,2018-05-23,20,0,T,T,F,T,?,F,F,F,T,F,F,?,143
Feldsperling,10,2020,2020-03-17,20,0,T,T,F,F,?,F,F,F,F,T,F,?,77
Feldsperling,10,2020,2020-04-10,19,19,T,T,F,F,T,F,F,F,F,F,F,?,101
Feldsperling,10,2020,2020-05-01,22,0,F,F,F,F,?,F,F,F,F,F,F,?,122
Feldsperling,10,2020,2020-05-31,18,0,T,T,F,F,?,F,F,F,F,F,F,?,152
Feldsperling,10,2021,2021-04-01,12,0,T,T,F,F,?,F,F,F,F,F,F,?,91
Feldsperling,10,2021,2021-04-24,17,17,T,T,T,T,?,F,F,F,F,F,F,?,114
Feldsperling,10,2021,2021-05-16,12,0,T,T,F,F,?,F,F,F,F,F,F,?,136
Feldsperling,10,2021,2021-06-01,8,8,T,T,F,F,?,F,F,F,F,F,F,?,152
Feldsperling,12,2018,2018-03-25,8,0,F,F,F,F,?,F,F,F,F,F,F,?,84
Feldsperling,12,2018,2018-04-14,10,0,F,F,F,F,?,F,F,F,F,F,F,?,104
Feldsperling,12,2018,2018-06-16,3,0,F,F,F,F,?,F,F,F,F,F,F,?,167
Feldsperling,12,2020,2020-03-20,12,0,F,F,F,F,?,F,F,F,F,T,F,?,80
Feldsperling,12,2020,2020-04-09,7,0,F,F,F,F,?,F,F,F,F,F,F,?,100
Feldsperling,12,2020,2020-05-08,10,0,F,F,F,F,?,F,F,F,F,T,F,?,129
Feldsperling,12,2020,2020-06-21,16,0,F,F,F,F,?,F,F,F,F,F,F,?,173
Feldsperling,14,2018,2018-03-14,3,0,F,F,F,F,?,F,F,F,F,F,F,?,73
Feldsperling,14,2018,2018-04-11,1,0,F,F,F,F,?,F,F,F,F,F,F,?,101
Feldsperling,14,2018,2018-05-08,0,0,NA,NA,NA,NA,NA,NA,NA,NA,NA,NA,NA,NA,128
Feldsperling,14,2018,2018-06-11,1,0,F,F,F,F,?,F,F,F,F,F,F,?,162
Feldsperling,14,2018,2018-03-18,0,0,NA,NA,NA,NA,NA,NA,NA,NA,NA,NA,NA,NA,77
Feldsperling,14,2020,2020-03-15,1,0,F,T,F,F,?,F,F,F,F,F,F,?,75
Feldsperling,14,2020,2020-04-18,0,0,NA,NA,NA,NA,NA,NA,NA,NA,NA,NA,NA,NA,109
Feldsperling,14,2020,2020-05-09,0,0,NA,NA,NA,NA,NA,NA,NA,NA,NA,NA,NA,NA,130
Feldsperling,14,2020,2020-06-17,0,0,NA,NA,NA,NA,NA,NA,NA,NA,NA,NA,NA,NA,169
Feldsperling,14,2021,2021-06-13,1,0,F,F,F,F,?,T,?,F,F,F,F,?,164
Feldsperling,21,2019,2019-03-29,5,0,F,T,T,F,?,F,F,F,F,F,F,?,88
Feldsperling,21,2019,2019-04-24,2,0,F,T,F,F,?,F,F,F,F,F,F,?,114
Feldsperling,21,2019,2019-05-03,3,0,F,T,F,F,?,F,F,F,F,F,F,?,123
Feldsperling,21,2019,2019-05-24,2,0,F,T,F,F,?,F,F,F,F,F,F,?,144
Feldsperling,28,2019,2019-03-21,26,0,F,T,F,F,?,F,F,F,F,T,F,?,80
Feldsperling,28,2019,2019-04-16,3,0,F,F,F,F,?,F,F,F,F,T,F,?,106
Feldsperling,28,2019,2019-05-08,8,0,F,F,F,F,?,F,F,F,F,T,F,?,128
Feldsperling,28,2019,2019-06-09,26,0,F,F,F,F,?,F,F,F,F,F,T,?,160
Feldsperling,28,2019,2019-04-17,0,0,NA,NA,NA,NA,NA,NA,NA,NA,NA,NA,NA,NA,107
Feldsperling,28,2019,2019-06-15,0,0,NA,NA,NA,NA,NA,NA,NA,NA,NA,NA,NA,NA,166
Feldsperling,29,2019,2019-03-27,1,0,F,F,T,F,?,F,F,F,F,F,F,?,86
Feldsperling,29,2019,2019-04-26,0,0,NA,NA,NA,NA,NA,NA,NA,NA,NA,NA,NA,NA,116
Feldsperling,29,2019,2019-05-15,1,0,F,T,F,F,?,F,F,F,F,F,F,?,135
Feldsperling,29,2019,2019-06-18,1,0,F,T,F,F,?,F,F,F,F,F,F,?,169
Feldsperling,29,2019,2019-06-20,1,0,F,F,F,F,?,F,F,F,F,F,F,?,171
Feldsperling,34,2021,2021-03-29,1,0,F,?,?,?,?,?,F,?,?,?,?,?,88
Feldsperling,34,2021,2021-04-23,0,0,NA,NA,NA,NA,NA,NA,NA,NA,NA,NA,NA,NA,113
Feldsperling,34,2021,2021-05-07,1,0,F,?,?,?,?,?,F,?,T,?,?,?,127
Feldsperling,34,2021,2021-06-20,0,0,NA,NA,NA,NA,NA,NA,NA,NA,NA,NA,NA,NA,171
Feldsperling,36,2018,2018-03-24,2,0,F,T,F,F,?,F,F,F,F,F,F,?,83
Feldsperling,36,2018,2018-04-18,0,0,NA,NA,NA,NA,NA,NA,NA,NA,NA,NA,NA,NA,108
Feldsperling,36,2018,2018-05-11,0,0,NA,NA,NA,NA,NA,NA,NA,NA,NA,NA,NA,NA,131
Feldsperling,36,2018,2018-06-03,1,0,F,T,F,F,?,F,F,F,F,F,F,?,154
Feldsperling,36,2020,2020-03-28,0,0,NA,NA,NA,NA,NA,NA,NA,NA,NA,NA,NA,NA,88
Feldsperling,36,2020,2020-04-17,0,0,NA,NA,NA,NA,NA,NA,NA,NA,NA,NA,NA,NA,108
Feldsperling,36,2020,2020-05-08,0,0,NA,NA,NA,NA,NA,NA,NA,NA,NA,NA,NA,NA,129
Feldsperling,36,2020,2020-06-11,1,0,F,F,F,F,?,F,F,F,F,F,F,?,163
Feldsperling,38,2019,2019-03-19,17,0,F,F,F,F,?,F,F,F,F,F,F,?,78
Feldsperling,38,2019,2019-04-14,1,0,F,F,F,F,?,F,F,F,F,T,F,?,104
Feldsperling,38,2019,2019-05-06,4,0,F,F,F,F,?,F,F,F,F,T,F,?,126
Feldsperling,38,2019,2019-06-06,11,0,F,F,F,F,?,F,F,F,F,T,F,?,157
Feldsperling,42,2020,2020-03-27,7,0,F,F,T,F,?,F,F,F,F,F,F,?,87
Feldsperling,42,2020,2020-04-24,1,0,F,F,T,F,?,F,F,F,F,F,F,?,115
Feldsperling,42,2020,2020-05-16,5,0,F,F,T,F,?,F,F,F,F,T,F,?,137
Feldsperling,42,2020,2020-06-03,5,0,F,F,T,T,?,F,F,F,F,F,F,?,155
Feldsperling,42,2021,2021-03-31,2,0,F,F,T,T,?,F,F,F,F,F,F,?,90
Feldsperling,42,2021,2021-05-19,1,0,F,F,F,F,?,F,F,F,F,F,F,?,139
Feldsperling,42,2021,2021-06-13,0,0,NA,NA,NA,NA,NA,NA,NA,NA,NA,NA,NA,NA,164
Feldsperling,43,2019,2019-03-22,1,0,F,F,F,F,?,F,F,F,F,F,F,?,81
Feldsperling,43,2019,2019-04-26,0,0,NA,NA,NA,NA,NA,NA,NA,NA,NA,NA,NA,NA,116
Feldsperling,43,2019,2019-05-17,8,0,F,F,F,F,T,F,F,F,F,F,F,?,137
Feldsperling,43,2019,2019-06-14,6,0,F,F,F,F,?,F,F,F,F,F,F,?,165
Feldsperling,43,2020,2020-03-26,0,0,NA,NA,NA,NA,NA,NA,NA,NA,NA,NA,NA,NA,86
Feldsperling,43,2020,2020-04-21,0,0,NA,NA,NA,NA,NA,NA,NA,NA,NA,NA,NA,NA,112
Feldsperling,43,2020,2020-05-13,13,0,F,T,T,F,F,F,F,F,F,F,F,?,134
Feldsperling,43,2020,2020-06-18,5,0,F,T,F,F,F,F,F,F,F,F,F,?,170
Feldsperling,43,2021,2021-03-24,2,0,F,F,T,F,F,F,F,F,F,F,F,?,83
Feldsperling,43,2021,2021-04-22,0,0,NA,NA,NA,NA,NA,NA,NA,NA,NA,NA,NA,NA,112
Feldsperling,43,2021,2021-05-21,0,0,NA,NA,NA,NA,NA,NA,NA,NA,NA,NA,NA,NA,141
Feldsperling,43,2021,2021-06-17,5,0,F,T,T,F,F,F,F,F,F,F,F,?,168
Feldsperling,43,2022,2022-03-28,0,0,NA,NA,NA,NA,NA,NA,NA,NA,NA,NA,NA,NA,87
Feldsperling,43,2022,2022-04-28,0,0,NA,NA,NA,NA,NA,NA,NA,NA,NA,NA,NA,NA,118
Feldsperling,43,2022,2022-05-20,0,0,NA,NA,NA,NA,NA,NA,NA,NA,NA,NA,NA,NA,140
Feldsperling,43,2022,2022-06-20,4,0,F,T,F,F,F,F,F,F,F,F,F,?,171
Feldsperling,48,2020,2020-03-31,1,0,F,T,F,F,?,F,F,F,F,F,F,?,91
Feldsperling,48,2020,2020-04-29,1,0,F,T,F,F,?,F,F,F,F,F,F,?,120
Feldsperling,48,2020,2020-05-19,0,0,NA,NA,NA,NA,NA,NA,NA,NA,NA,NA,NA,NA,140
Feldsperling,48,2020,2020-06-20,3,0,F,F,F,F,?,T,F,F,F,F,F,?,172
Feldsperling,48,2021,2021-03-28,0,0,NA,NA,NA,NA,NA,NA,NA,NA,NA,NA,NA,NA,87
Feldsperling,48,2021,2021-04-28,0,0,NA,NA,NA,NA,NA,NA,NA,NA,NA,NA,NA,NA,118
Feldsperling,48,2021,2021-05-20,4,0,?,?,?,?,?,?,?,?,?,?,?,?,140
Feldsperling,48,2021,2021-06-21,0,0,NA,NA,NA,NA,NA,NA,NA,NA,NA,NA,NA,NA,172
Feldsperling,49,2020,2020-03-28,2,0,F,F,F,F,?,F,F,F,F,F,F,?,88
Feldsperling,49,2020,2020-04-11,3,0,F,F,F,F,?,F,F,F,F,F,F,?,102
Feldsperling,49,2020,2020-05-10,1,0,F,F,F,F,?,F,F,F,F,T,F,?,131
Feldsperling,49,2020,2020-06-19,1,0,F,F,F,F,?,F,F,F,F,T,F,?,171
Feldsperling,53,2018,2018-03-25,6,0,?,F,F,F,?,F,F,F,F,F,F,?,84
Feldsperling,53,2018,2018-04-29,3,0,?,T,F,F,?,T,F,F,F,F,F,?,119
Feldsperling,53,2018,2018-05-27,11,0,?,T,F,F,?,F,F,F,F,F,F,?,147
Feldsperling,53,2018,2018-06-10,7,0,?,T,F,F,?,F,F,F,F,F,F,?,161
Feldsperling,53,2020,2020-03-29,9,0,F,F,F,F,?,F,F,F,F,F,F,?,89
Feldsperling,53,2020,2020-04-25,2,0,F,T,F,F,?,F,F,F,F,F,F,?,116
Feldsperling,53,2020,2020-05-24,4,0,F,F,F,F,?,F,F,F,F,F,F,?,145
Feldsperling,53,2020,2020-06-01,4,0,F,F,F,F,?,F,F,F,F,F,F,?,153
Feldsperling,53,2021,2021-03-28,9,0,?,T,?,?,?,T,?,?,?,?,?,?,87
Feldsperling,53,2021,2021-04-25,4,0,?,?,?,?,?,?,?,?,?,?,?,?,115
Feldsperling,53,2021,2021-05-23,7,0,?,T,?,?,?,?,?,?,?,?,?,?,143
Feldsperling,53,2021,2021-06-20,0,0,NA,NA,NA,NA,NA,NA,NA,NA,NA,NA,NA,NA,171
Feldsperling,60,2019,2019-03-22,21,0,F,F,F,F,?,F,F,F,F,F,F,?,81
Feldsperling,60,2019,2019-04-17,5,0,F,F,F,F,?,F,F,F,F,T,F,?,107
Feldsperling,60,2019,2019-05-09,14,0,F,F,F,F,?,T,F,F,F,F,F,?,129
Feldsperling,60,2019,2019-06-10,17,0,F,F,F,F,?,F,F,F,F,T,F,?,161
Feldsperling,63,2019,2019-03-31,0,0,NA,NA,NA,NA,NA,NA,NA,NA,NA,NA,NA,NA,90
Feldsperling,63,2019,2019-04-27,1,0,F,T,F,F,?,F,F,F,F,F,F,?,117
Feldsperling,63,2019,2019-05-18,0,0,NA,NA,NA,NA,NA,NA,NA,NA,NA,NA,NA,NA,138
Feldsperling,63,2019,2019-06-16,0,0,NA,NA,NA,NA,NA,NA,NA,NA,NA,NA,NA,NA,167
Feldsperling,63,2021,2021-03-20,4,0,?,?,?,?,?,?,?,?,?,?,?,?,79
Feldsperling,63,2021,2021-04-10,0,0,NA,NA,NA,NA,NA,NA,NA,NA,NA,NA,NA,NA,100
Feldsperling,63,2021,2021-05-09,0,0,NA,NA,NA,NA,NA,NA,NA,NA,NA,NA,NA,NA,129
Feldsperling,63,2021,2021-06-19,0,0,NA,NA,NA,NA,NA,NA,NA,NA,NA,NA,NA,NA,170
Feldsperling,64,2019,2019-03-30,0,0,NA,NA,NA,NA,NA,NA,NA,NA,NA,NA,NA,NA,89
Feldsperling,64,2019,2019-04-30,2,0,F,F,F,F,?,F,F,F,F,F,F,?,120
Feldsperling,64,2019,2019-05-19,4,0,F,T,F,F,?,F,F,F,F,F,F,?,139
Feldsperling,64,2019,2019-06-15,1,0,F,F,T,F,?,F,F,F,F,F,F,?,166
Feldsperling,69,2019,2019-03-23,0,0,NA,NA,NA,NA,NA,NA,NA,NA,NA,NA,NA,NA,82
Feldsperling,69,2019,2019-04-28,1,0,F,F,T,F,?,F,F,F,F,F,F,?,118
Feldsperling,69,2019,2019-05-11,9,0,F,T,T,F,?,F,F,F,F,F,F,?,131
Feldsperling,69,2019,2019-06-20,21,0,F,F,F,F,?,F,F,F,F,F,F,?,171
Feldsperling,72,2021,2021-03-24,11,0,F,T,F,F,?,F,F,F,F,F,F,?,83
Feldsperling,72,2021,2021-04-11,22,0,F,T,F,F,?,F,F,F,F,F,F,?,101
Feldsperling,72,2021,2021-05-09,24,0,F,T,F,F,?,F,F,F,F,F,F,?,129
Feldsperling,72,2021,2021-05-30,26,0,F,T,F,F,?,F,F,F,T,F,T,?,150
Feldsperling,74,2021,2021-03-25,15,0,F,T,F,F,?,F,F,F,F,F,F,?,84
Feldsperling,74,2021,2021-04-10,5,0,F,T,F,F,?,F,F,F,F,F,F,?,100
Feldsperling,74,2021,2021-05-10,5,0,F,F,F,F,?,F,F,F,F,F,F,?,130
Feldsperling,74,2021,2021-06-01,17,0,F,T,F,F,?,F,F,F,F,T,T,?,152
Feldsperling,75,2019,2019-03-22,11,0,F,F,T,F,?,F,F,F,F,T,F,?,81
Feldsperling,75,2019,2019-04-23,26,0,F,F,T,F,?,F,F,F,F,F,F,?,113
Feldsperling,75,2019,2019-05-14,8,0,F,F,T,F,?,F,F,F,T,F,F,?,134
Feldsperling,75,2019,2019-06-13,22,0,F,F,T,F,?,F,F,F,F,F,F,?,164
Feldsperling,75,2020,2020-03-19,2,0,F,F,T,F,?,F,F,F,F,F,F,?,79
Feldsperling,75,2020,2020-04-20,13,0,F,F,T,F,?,F,F,F,F,F,F,?,111
Feldsperling,75,2020,2020-05-13,5,0,F,F,T,F,?,T,F,F,F,F,F,?,134
Feldsperling,75,2020,2020-06-17,1,0,F,F,F,F,?,F,F,F,F,F,F,?,169
Feldsperling,75,2021,2021-03-25,4,0,F,F,T,F,?,F,F,F,F,F,F,?,84
Feldsperling,75,2021,2021-04-20,2,0,F,F,T,F,?,F,F,F,F,F,F,?,110
Feldsperling,75,2021,2021-05-10,2,0,F,F,T,F,?,F,F,F,F,F,F,?,130
Feldsperling,75,2021,2021-06-10,2,0,F,F,T,F,?,F,F,F,F,F,F,?,161
Feldsperling,75,2022,2022-03-25,2,0,F,F,T,F,F,F,F,F,F,F,F,?,84
Feldsperling,75,2022,2022-04-21,1,0,F,F,T,F,F,F,F,F,F,F,F,?,111
Feldsperling,75,2022,2022-05-10,2,0,F,F,T,F,F,F,F,F,F,T,F,?,130
Feldsperling,75,2022,2022-06-10,1,0,F,F,T,F,F,F,F,F,F,F,F,?,161
Feldsperling,75,2023,2023-03-21,1,0,F,F,T,F,F,F,F,F,F,F,F,?,80
Feldsperling,75,2023,2023-04-19,0,0,NA,NA,NA,NA,NA,NA,NA,NA,NA,NA,NA,NA,109
Feldsperling,75,2023,2023-05-09,0,0,NA,NA,NA,NA,NA,NA,NA,NA,NA,NA,NA,NA,129
Feldsperling,75,2023,2023-06-07,0,0,NA,NA,NA,NA,NA,NA,NA,NA,NA,NA,NA,NA,158
Feldsperling,76,2019,2019-03-25,2,0,F,T,F,F,?,T,F,F,F,F,F,?,84
Feldsperling,76,2019,2019-04-15,1,0,F,T,F,F,?,T,F,F,F,F,F,?,105
Feldsperling,76,2019,2019-05-06,0,0,NA,NA,NA,NA,NA,NA,NA,NA,NA,NA,NA,NA,126
Feldsperling,76,2019,2019-06-07,2,0,F,T,T,F,?,F,F,F,T,F,T,?,158
Feldsperling,76,2020,2020-03-24,7,0,F,T,T,F,F,F,F,F,F,F,F,?,84
Feldsperling,76,2020,2020-04-17,2,0,F,T,F,F,F,F,F,F,F,F,F,?,108
Feldsperling,76,2020,2020-05-08,1,0,F,T,F,F,F,F,F,F,F,F,F,?,129
Feldsperling,76,2020,2020-06-05,1,0,F,F,T,F,F,F,F,F,F,F,F,?,157
Feldsperling,76,2021,2021-03-26,1,0,F,T,F,F,F,F,F,F,F,F,F,?,85
Feldsperling,76,2021,2021-04-15,1,0,F,F,F,T,F,T,F,F,F,F,F,?,105
Feldsperling,76,2021,2021-05-26,2,0,F,T,F,F,F,F,F,F,F,F,F,?,146
Feldsperling,76,2021,2021-06-15,1,0,F,T,F,F,F,F,F,F,F,F,F,?,166
Feldsperling,76,2022,2022-03-22,3,0,F,F,T,F,F,F,F,F,F,F,F,?,81
Feldsperling,76,2022,2022-04-13,2,0,F,T,F,F,F,T,F,F,F,F,F,?,103
Feldsperling,76,2022,2022-05-03,3,0,F,T,T,F,F,F,F,F,F,F,F,?,123
Feldsperling,76,2022,2022-06-15,1,0,F,F,F,T,F,F,F,F,F,F,F,?,166
Feldsperling,78,2021,2021-05-08,0,0,NA,NA,NA,NA,NA,NA,NA,NA,NA,NA,NA,NA,128
Feldsperling,78,2021,2021-03-26,0,0,NA,NA,NA,NA,NA,NA,NA,NA,NA,NA,NA,NA,85
Feldsperling,78,2021,2021-04-13,1,0,F,T,F,F,?,F,?,F,F,F,F,?,103
Feldsperling,78,2021,2021-06-01,2,0,F,F,F,F,?,F,?,F,F,F,F,?,152
Feldsperling,80,2023,2023-03-19,1,0,F,T,F,F,?,F,F,F,F,F,F,?,78
Feldsperling,80,2023,2023-04-17,1,0,F,F,T,F,?,F,F,F,F,F,F,?,107
Feldsperling,80,2023,2023-05-05,0,0,NA,NA,NA,NA,NA,NA,NA,NA,NA,NA,NA,NA,125
Feldsperling,80,2023,2023-06-03,0,0,NA,NA,NA,NA,NA,NA,NA,NA,NA,NA,NA,NA,154
Feldsperling,83,2018,2018-03-31,3,0,F,T,F,F,?,F,F,F,F,F,F,?,90
Feldsperling,83,2018,2018-04-28,4,0,F,T,F,F,?,F,F,F,F,F,F,?,118
Feldsperling,83,2018,2018-05-20,7,0,F,T,F,F,?,F,F,F,F,F,F,?,140
Feldsperling,83,2018,2018-06-10,1,0,F,T,F,F,?,F,F,F,F,F,F,?,161
Feldsperling,83,2020,2020-03-15,4,0,F,T,F,F,?,F,F,F,F,F,F,?,75
Feldsperling,83,2020,2020-04-10,2,0,F,T,F,F,?,F,F,F,F,F,F,?,101
Feldsperling,83,2020,2020-05-03,3,0,F,T,F,F,?,F,F,F,F,F,F,?,124
Feldsperling,83,2020,2020-06-24,2,0,F,T,F,F,?,F,F,F,F,F,F,?,176
Feldsperling,83,2021,2021-03-29,3,0,F,T,T,F,?,F,F,F,F,F,F,?,88
Feldsperling,83,2021,2021-04-22,4,0,F,T,T,F,?,F,F,F,F,F,F,?,112
Feldsperling,83,2021,2021-05-10,4,0,F,T,T,F,?,F,F,F,F,F,F,?,130
Feldsperling,83,2021,2021-06-15,2,0,F,F,T,F,?,F,F,F,F,F,F,?,166
Feldsperling,86,2020,2020-03-14,0,0,NA,NA,NA,NA,NA,NA,NA,NA,NA,NA,NA,NA,74
Feldsperling,86,2020,2020-04-13,2,0,F,T,F,F,F,F,F,F,F,F,F,?,104
Feldsperling,86,2020,2020-05-07,0,0,NA,NA,NA,NA,NA,NA,NA,NA,NA,NA,NA,NA,128
Feldsperling,86,2020,2020-05-23,1,0,F,T,F,F,F,F,F,F,F,F,F,?,144
Feldsperling,86,2021,2021-03-18,5,0,?,T,?,?,T,T,?,?,?,?,?,?,77
Feldsperling,86,2021,2021-04-08,2,0,?,T,?,?,?,?,?,?,?,?,?,?,98
Feldsperling,86,2021,2021-05-02,2,0,?,T,T,?,?,?,?,?,?,?,?,?,122
Feldsperling,86,2021,2021-05-25,4,0,?,T,?,?,?,?,?,?,?,?,?,?,145
Feldsperling,91,2018,2018-03-11,6,0,F,F,T,F,?,F,F,F,F,F,F,?,70
Feldsperling,91,2018,2018-04-15,2,0,F,F,F,F,?,F,F,F,F,F,F,?,105
Feldsperling,91,2018,2018-05-11,8,0,F,F,F,F,?,F,F,F,F,F,F,?,131
Feldsperling,91,2018,2018-06-02,9,0,F,F,F,F,?,F,F,F,F,F,F,?,153
Feldsperling,91,2020,2020-03-24,4,4,T,F,F,F,?,F,F,F,F,T,F,?,84
Feldsperling,91,2020,2020-04-20,6,0,F,F,T,F,?,F,F,F,F,F,F,?,111
Feldsperling,91,2020,2020-05-10,3,0,F,F,F,F,?,F,F,F,F,T,F,?,131
Feldsperling,91,2020,2020-06-14,2,0,F,F,T,F,?,F,F,F,F,T,F,?,166
Feldsperling,91,2021,2021-03-30,2,0,F,T,?,?,?,?,F,?,?,?,?,?,89
Feldsperling,91,2021,2021-04-25,5,0,F,T,?,?,?,?,F,?,?,?,?,?,115
Feldsperling,91,2021,2021-05-14,2,0,F,?,?,?,?,?,F,?,?,?,?,?,134
Feldsperling,91,2021,2021-06-13,5,0,F,?,?,?,?,?,F,?,?,?,?,?,164
Feldsperling,94,2018,2018-03-11,0,0,NA,NA,NA,NA,NA,NA,NA,NA,NA,NA,NA,NA,70
Feldsperling,94,2018,2018-04-11,0,0,NA,NA,NA,NA,NA,NA,NA,NA,NA,NA,NA,NA,101
Feldsperling,94,2018,2018-05-06,1,0,F,T,F,F,?,F,F,F,F,F,F,?,126
Feldsperling,94,2018,2018-05-27,2,0,F,T,F,F,?,F,F,F,F,F,F,?,147
Feldsperling,94,2020,2020-03-28,8,0,T,T,T,F,?,F,F,F,F,F,F,?,88
Feldsperling,94,2020,2020-04-19,9,0,F,T,F,F,?,F,F,F,F,F,F,?,110
Feldsperling,94,2020,2020-05-10,7,0,F,T,F,F,?,F,F,F,F,F,F,?,131
Feldsperling,94,2020,2020-06-07,4,0,F,T,F,F,?,F,F,F,F,F,F,?,159
Feldsperling,94,2021,2021-03-21,8,0,F,T,?,?,?,?,T,?,?,?,?,?,80
Feldsperling,94,2021,2021-04-18,8,0,F,T,?,?,?,?,F,?,?,?,?,?,108
Feldsperling,94,2021,2021-05-09,5,0,F,T,?,?,?,?,F,?,?,?,?,?,129
Feldsperling,94,2021,2021-06-13,21,0,F,T,?,?,?,?,F,?,?,?,?,?,164
Feldsperling,97,2018,2018-03-24,1,0,F,F,T,F,?,F,F,F,F,F,F,?,83
Feldsperling,97,2018,2018-04-17,0,0,NA,NA,NA,NA,NA,NA,NA,NA,NA,NA,NA,NA,107
Feldsperling,97,2018,2018-05-10,0,0,NA,NA,NA,NA,NA,NA,NA,NA,NA,NA,NA,NA,130
Feldsperling,97,2018,2018-06-10,0,0,NA,NA,NA,NA,NA,NA,NA,NA,NA,NA,NA,NA,161
Feldsperling,97,2021,2021-03-29,0,0,NA,NA,NA,NA,NA,NA,NA,NA,NA,NA,NA,NA,88
Feldsperling,97,2021,2021-04-20,2,0,F,T,F,F,?,F,F,F,F,F,F,?,110
Feldsperling,97,2021,2021-05-14,0,0,NA,NA,NA,NA,NA,NA,NA,NA,NA,NA,NA,NA,134
Feldsperling,97,2021,2021-06-11,1,0,F,F,T,F,?,F,F,F,F,F,F,?,162
Feldsperling,98,2020,2020-03-15,8,0,F,F,T,F,F,F,F,F,F,T,F,?,75
Feldsperling,98,2020,2020-04-22,1,0,F,F,T,F,F,F,F,F,F,F,F,?,113
Feldsperling,98,2020,2020-05-20,1,0,F,F,T,F,F,F,F,F,F,F,F,?,141
Feldsperling,98,2020,2020-06-17,1,0,F,F,T,F,F,F,F,F,F,F,F,?,169
Feldsperling,98,2021,2021-03-20,7,0,?,?,T,?,T,?,?,?,?,?,?,?,79
Feldsperling,98,2021,2021-04-09,3,0,?,?,T,?,?,?,?,?,?,?,?,?,99
Feldsperling,98,2021,2021-05-03,1,0,?,?,T,?,?,?,?,?,?,?,?,?,123
Feldsperling,98,2021,2021-06-13,1,0,?,?,T,?,?,?,?,?,?,?,?,?,164
Feldsperling,98,2022,2022-03-23,1,0,F,T,F,F,F,F,F,F,F,F,F,?,82
Feldsperling,98,2022,2022-04-13,6,6,T,F,T,F,F,F,F,F,F,T,F,?,103
Feldsperling,98,2022,2022-05-04,0,0,NA,NA,NA,NA,NA,NA,NA,NA,NA,NA,NA,NA,124
Feldsperling,98,2022,2022-05-26,0,0,NA,NA,NA,NA,NA,NA,NA,NA,NA,NA,NA,NA,146
Feldsperling,99,2019,2019-03-26,0,0,NA,NA,NA,NA,NA,NA,NA,NA,NA,NA,NA,NA,85
Feldsperling,99,2019,2019-04-23,0,0,NA,NA,NA,NA,NA,NA,NA,NA,NA,NA,NA,NA,113
Feldsperling,99,2019,2019-05-07,1,0,F,T,F,F,?,F,F,F,F,F,F,?,127
Feldsperling,99,2019,2019-06-13,0,0,NA,NA,NA,NA,NA,NA,NA,NA,NA,NA,NA,NA,164
Feldsperling,99,2020,2020-03-27,0,0,NA,NA,NA,NA,NA,NA,NA,NA,NA,NA,NA,NA,87
Feldsperling,99,2020,2020-04-24,0,0,NA,NA,NA,NA,NA,NA,NA,NA,NA,NA,NA,NA,115
Feldsperling,99,2020,2020-05-14,1,0,F,F,T,F,F,F,F,F,F,F,F,?,135
Feldsperling,99,2020,2020-06-02,0,0,NA,NA,NA,NA,NA,NA,NA,NA,NA,NA,NA,NA,154
Feldsperling,99,2021,2021-03-18,0,0,NA,NA,NA,NA,NA,NA,NA,NA,NA,NA,NA,NA,77
Feldsperling,99,2021,2021-04-21,0,0,NA,NA,NA,NA,NA,NA,NA,NA,NA,NA,NA,NA,111
Feldsperling,99,2021,2021-05-19,2,0,F,T,T,F,F,F,F,F,F,F,F,?,139
Feldsperling,99,2021,2021-06-08,0,0,NA,NA,NA,NA,NA,NA,NA,NA,NA,NA,NA,NA,159
Feldsperling,99,2022,2022-03-16,1,0,F,T,F,F,F,F,F,F,F,F,F,?,75
Feldsperling,99,2022,2022-04-20,0,0,NA,NA,NA,NA,NA,NA,NA,NA,NA,NA,NA,NA,110
Feldsperling,99,2022,2022-05-12,0,0,NA,NA,NA,NA,NA,NA,NA,NA,NA,NA,NA,NA,132
Feldsperling,99,2022,2022-06-17,0,0,NA,NA,NA,NA,NA,NA,NA,NA,NA,NA,NA,NA,168
Feldsperling,101,2021,2021-03-29,3,0,F,F,F,F,?,F,F,F,F,F,F,?,88
Feldsperling,101,2021,2021-04-17,0,0,NA,NA,NA,NA,NA,NA,NA,NA,NA,NA,NA,NA,107
Feldsperling,101,2021,2021-05-15,8,0,F,F,T,F,?,F,F,F,F,F,F,?,135
Feldsperling,101,2021,2021-06-20,6,0,F,T,T,F,?,F,F,F,F,F,F,?,171
Feldsperling,109,2021,2021-03-22,1,0,F,T,F,F,F,F,F,F,F,F,F,?,81
Feldsperling,109,2021,2021-04-14,2,0,F,T,F,F,F,F,F,F,F,F,F,?,104
Feldsperling,109,2021,2021-05-11,1,0,F,F,T,F,F,F,F,F,F,F,F,?,131
Feldsperling,109,2021,2021-06-09,2,0,F,F,T,F,F,T,F,T,F,F,F,?,160
Feldsperling,109,2022,2022-03-15,0,0,NA,NA,NA,NA,NA,NA,NA,NA,NA,NA,NA,NA,74
Feldsperling,109,2022,2022-04-12,0,0,NA,NA,NA,NA,NA,NA,NA,NA,NA,NA,NA,NA,102
Feldsperling,109,2022,2022-05-02,2,0,F,T,F,F,F,F,F,F,F,F,F,?,122
Feldsperling,109,2022,2022-06-08,0,0,NA,NA,NA,NA,NA,NA,NA,NA,NA,NA,NA,NA,159
Feldsperling,115,2020,2020-03-15,1,0,F,T,F,F,?,F,F,F,F,F,F,?,75
Feldsperling,115,2020,2020-04-19,1,0,F,T,F,F,?,F,F,F,F,F,F,?,110
Feldsperling,115,2020,2020-05-10,1,0,F,F,F,F,?,F,F,F,F,F,F,?,131
Feldsperling,115,2020,2020-06-13,0,0,NA,NA,NA,NA,NA,NA,NA,NA,NA,NA,NA,NA,165
Feldsperling,115,2021,2021-03-21,1,0,F,?,?,?,?,?,F,?,?,?,?,?,80
Feldsperling,115,2021,2021-04-18,2,0,F,?,?,?,?,?,F,?,?,?,?,?,108
Feldsperling,115,2021,2021-05-09,0,0,NA,NA,NA,NA,NA,NA,NA,NA,NA,NA,NA,NA,129
Feldsperling,115,2021,2021-05-30,1,0,F,?,?,?,?,?,F,?,?,?,?,?,150
Feldsperling,117,2018,2018-04-21,12,0,F,F,T,F,?,F,F,F,F,T,F,?,111
Feldsperling,117,2018,2018-06-04,0,0,NA,NA,NA,NA,NA,NA,NA,NA,NA,NA,NA,NA,155
Feldsperling,117,2018,2018-03-28,0,0,NA,NA,NA,NA,NA,NA,NA,NA,NA,NA,NA,NA,87
Feldsperling,117,2018,2018-05-21,3,0,F,F,F,F,?,F,F,F,F,T,F,?,141
Feldsperling,117,2021,2021-03-20,5,0,F,?,?,?,?,?,F,?,?,?,?,?,79
Feldsperling,117,2021,2021-04-30,5,0,F,?,?,?,?,?,T,?,T,?,?,?,120
Feldsperling,117,2021,2021-05-21,1,0,F,?,?,?,?,?,F,?,T,?,?,?,141
Feldsperling,117,2021,2021-06-15,0,0,NA,NA,NA,NA,NA,NA,NA,NA,NA,NA,NA,NA,166
Feldsperling,118,2018,2018-03-10,0,0,NA,NA,NA,NA,NA,NA,NA,NA,NA,NA,NA,NA,69
Feldsperling,118,2018,2018-04-02,1,0,F,T,F,F,?,F,F,F,F,F,F,?,92
Feldsperling,118,2018,2018-05-01,1,0,F,T,F,F,?,F,F,F,F,F,F,?,121
Feldsperling,118,2018,2018-05-21,0,0,NA,NA,NA,NA,NA,NA,NA,NA,NA,NA,NA,NA,141
Feldsperling,127,2018,2018-03-12,3,0,?,T,T,F,?,F,F,F,F,F,F,?,71
Feldsperling,127,2018,2018-04-03,1,0,?,F,T,F,?,F,F,F,F,F,F,?,93
Feldsperling,127,2018,2018-05-07,1,0,?,F,T,F,?,F,F,F,F,F,F,?,127
Feldsperling,127,2018,2018-05-31,3,0,?,T,F,F,?,F,F,F,F,F,F,?,151
Feldsperling,127,2020,2020-03-19,0,0,NA,NA,NA,NA,NA,NA,NA,NA,NA,NA,NA,NA,79
Feldsperling,127,2020,2020-04-08,1,0,F,F,F,F,?,F,F,F,F,F,F,?,99
Feldsperling,127,2020,2020-05-19,0,0,NA,NA,NA,NA,NA,NA,NA,NA,NA,NA,NA,NA,140
Feldsperling,127,2020,2020-06-03,0,0,NA,NA,NA,NA,NA,NA,NA,NA,NA,NA,NA,NA,155
Feldsperling,127,2021,2021-05-03,0,0,NA,NA,NA,NA,NA,NA,NA,NA,NA,NA,NA,NA,123
Feldsperling,127,2021,2021-05-27,3,0,?,?,T,?,?,?,?,?,?,?,?,?,147
Feldsperling,128,2021,2021-03-29,1,0,F,?,?,?,?,T,F,?,?,?,?,?,88
Feldsperling,128,2021,2021-04-24,1,0,F,T,?,?,?,?,F,?,?,?,?,?,114
Feldsperling,128,2021,2021-05-15,1,0,F,T,?,?,?,?,F,?,?,?,?,?,135
Feldsperling,128,2021,2021-06-15,0,0,NA,NA,NA,NA,NA,NA,NA,NA,NA,NA,NA,NA,166
Feldsperling,131,2018,2018-03-11,2,0,F,F,T,F,?,F,F,F,F,F,F,?,70
Feldsperling,131,2018,2018-04-15,1,0,F,F,T,F,?,F,F,F,F,F,F,?,105
Feldsperling,131,2018,2018-05-21,2,0,F,T,T,F,?,F,F,F,F,F,F,?,141
Feldsperling,131,2018,2018-06-09,1,0,F,T,F,F,?,F,F,F,F,F,F,?,160
Feldsperling,131,2020,2020-03-24,0,0,NA,NA,NA,NA,NA,NA,NA,NA,NA,NA,NA,NA,84
Feldsperling,131,2020,2020-04-12,1,0,F,F,T,F,?,F,F,F,F,F,F,?,103
Feldsperling,131,2020,2020-05-08,3,0,F,T,T,F,?,F,F,F,F,F,F,?,129
Feldsperling,131,2020,2020-06-17,1,0,F,T,F,F,?,F,F,F,F,F,F,?,169
Feldsperling,131,2021,2021-03-24,2,0,F,T,T,F,?,T,?,F,F,F,F,?,83
Feldsperling,131,2021,2021-04-25,2,0,F,F,T,F,?,F,?,F,F,F,F,?,115
Feldsperling,131,2021,2021-05-09,1,0,F,F,T,F,?,F,?,F,F,F,F,?,129
Feldsperling,131,2021,2021-06-13,0,0,NA,NA,NA,NA,NA,NA,NA,NA,NA,NA,NA,NA,164
Feldsperling,135,2019,2019-03-19,10,0,?,?,T,?,?,?,?,?,?,?,?,?,78
Feldsperling,135,2019,2019-04-12,4,0,?,?,T,?,?,?,?,?,?,?,?,?,102
Feldsperling,135,2019,2019-05-05,6,0,?,T,T,?,?,?,?,?,?,T,?,?,125
Feldsperling,135,2019,2019-06-08,3,0,?,?,T,?,?,?,?,?,?,T,?,?,159
Feldsperling,135,2020,2020-03-18,7,0,F,F,T,F,?,T,F,F,F,F,F,?,78
Feldsperling,135,2020,2020-04-10,1,0,F,T,F,F,?,F,F,F,F,F,F,?,101
Feldsperling,135,2020,2020-05-07,5,0,F,F,T,F,?,F,F,F,F,F,F,?,128
Feldsperling,135,2020,2020-05-30,5,0,F,F,T,F,?,F,F,F,F,F,F,?,151
Feldsperling,135,2020,2020-05-17,1,0,F,T,F,F,?,F,F,F,F,F,F,?,138
Feldsperling,135,2022,2022-03-24,4,0,F,F,T,F,F,F,F,F,F,F,F,?,83
Feldsperling,135,2022,2022-04-30,1,0,F,F,T,F,F,F,F,F,F,F,F,?,120
Feldsperling,135,2022,2022-05-18,4,0,F,F,T,F,F,T,F,F,F,F,F,?,138
Feldsperling,135,2022,2022-06-13,2,0,F,F,T,F,F,F,F,F,F,F,F,?,164
Feldsperling,135,2023,2023-03-18,0,0,NA,NA,NA,NA,NA,NA,NA,NA,NA,NA,NA,NA,77
Feldsperling,135,2023,2023-04-20,0,0,NA,NA,NA,NA,NA,NA,NA,NA,NA,NA,NA,NA,110
Feldsperling,135,2023,2023-05-07,3,0,F,F,T,F,?,F,F,F,F,F,F,?,127
Feldsperling,135,2023,2023-06-11,5,0,F,F,T,F,?,F,F,F,F,F,F,?,162
Feldsperling,139,2018,2018-03-22,2,0,F,T,F,F,?,F,F,F,F,F,F,?,81
Feldsperling,139,2018,2018-04-27,1,0,F,T,F,F,?,F,F,F,F,F,F,?,117
Feldsperling,139,2018,2018-05-13,0,0,NA,NA,NA,NA,NA,NA,NA,NA,NA,NA,NA,NA,133
Feldsperling,139,2018,2018-06-06,2,0,F,T,F,F,?,F,F,F,F,F,F,?,157
Feldsperling,139,2020,2020-03-31,1,0,F,T,F,F,?,F,F,F,F,F,F,?,91
Feldsperling,139,2020,2020-04-26,1,0,F,T,F,F,?,F,F,F,F,F,F,?,117
Feldsperling,139,2020,2020-05-11,1,0,F,T,F,F,?,F,F,F,F,F,F,?,132
Feldsperling,139,2020,2020-06-01,2,0,F,T,F,F,?,F,F,F,F,F,F,?,153
Feldsperling,139,2021,2021-03-29,2,0,F,T,F,F,?,F,F,F,F,F,F,?,88
Feldsperling,139,2021,2021-04-28,2,0,F,T,F,F,?,F,F,F,F,T,F,?,118
Feldsperling,139,2021,2021-05-21,3,0,F,T,F,F,?,F,F,F,F,F,F,?,141
Feldsperling,139,2021,2021-06-20,1,0,F,T,F,F,?,F,F,F,F,F,F,?,171
Feldsperling,143,2018,2018-03-17,0,0,NA,NA,NA,NA,NA,NA,NA,NA,NA,NA,NA,NA,76
Feldsperling,143,2018,2018-04-18,0,0,NA,NA,NA,NA,NA,NA,NA,NA,NA,NA,NA,NA,108
Feldsperling,143,2018,2018-05-21,2,0,F,T,F,F,?,F,F,F,F,F,F,?,141
Feldsperling,143,2018,2018-06-16,6,0,F,F,F,F,?,F,F,F,F,F,F,?,167
Feldsperling,143,2020,2020-03-22,0,0,NA,NA,NA,NA,NA,NA,NA,NA,NA,NA,NA,NA,82
Feldsperling,143,2020,2020-04-26,0,0,NA,NA,NA,NA,NA,NA,NA,NA,NA,NA,NA,NA,117
Feldsperling,143,2020,2020-05-17,0,0,NA,NA,NA,NA,NA,NA,NA,NA,NA,NA,NA,NA,138
Feldsperling,143,2020,2020-06-20,3,0,F,T,F,F,?,F,F,F,F,F,F,?,172
Feldsperling,147,2018,2018-03-23,0,0,NA,NA,NA,NA,NA,NA,NA,NA,NA,NA,NA,NA,82
Feldsperling,147,2018,2018-04-28,4,0,F,T,F,F,?,F,F,F,F,F,F,?,118
Feldsperling,147,2018,2018-05-07,1,0,F,T,F,F,?,F,F,F,F,F,F,?,127
Feldsperling,147,2018,2018-06-15,1,0,F,T,F,F,?,F,F,F,F,F,F,?,166
Feldsperling,147,2021,2021-03-29,2,0,F,F,T,F,?,F,F,F,F,F,F,?,88
Feldsperling,147,2021,2021-04-22,2,0,F,T,F,F,?,F,F,F,F,F,F,?,112
Feldsperling,147,2021,2021-05-10,0,0,NA,NA,NA,NA,NA,NA,NA,NA,NA,NA,NA,NA,130
Feldsperling,147,2021,2021-06-07,4,0,F,F,T,F,?,F,F,T,F,F,F,?,158
Feldsperling,149,2019,2019-03-28,3,0,?,?,T,?,?,?,?,?,?,?,?,?,87
Feldsperling,149,2019,2019-04-15,3,0,?,?,T,?,?,?,?,?,?,?,?,?,105
Feldsperling,149,2019,2019-05-07,5,0,?,T,T,?,?,?,?,?,?,?,?,?,127
Feldsperling,149,2019,2019-05-31,3,0,?,?,T,?,?,T,?,?,?,?,?,?,151
Feldsperling,149,2020,2020-03-19,3,0,F,F,T,F,?,F,F,F,F,F,F,?,79
Feldsperling,149,2020,2020-04-12,4,0,F,F,T,F,?,F,F,F,F,F,F,?,103
Feldsperling,149,2020,2020-05-16,3,0,F,F,T,F,?,F,F,F,F,F,F,?,137
Feldsperling,149,2020,2020-06-03,1,0,F,F,T,F,?,F,F,F,F,F,F,?,155
Feldsperling,149,2022,2022-03-15,3,0,F,F,T,F,F,T,F,F,F,F,F,?,74
Feldsperling,149,2022,2022-04-18,1,0,F,T,F,F,F,F,F,F,F,F,F,?,108
Feldsperling,149,2022,2022-05-06,3,0,F,F,T,F,F,T,F,F,F,F,F,?,126
Feldsperling,149,2022,2022-06-01,1,0,F,F,T,F,F,F,F,F,F,F,F,?,152
Feldsperling,149,2023,2023-03-30,0,0,NA,NA,NA,NA,NA,NA,NA,NA,NA,NA,NA,NA,89
Feldsperling,149,2023,2023-04-09,0,0,NA,NA,NA,NA,NA,NA,NA,NA,NA,NA,NA,NA,99
Feldsperling,149,2023,2023-05-05,2,0,F,F,T,F,?,F,F,F,F,F,F,?,125
Feldsperling,149,2023,2023-05-27,4,0,F,F,T,F,?,F,F,F,F,F,F,?,147
Feldsperling,151,2018,2018-03-25,10,0,F,F,F,F,?,F,F,F,F,F,F,?,84
Feldsperling,151,2018,2018-04-22,3,0,F,F,T,F,?,F,F,F,F,F,F,?,112
Feldsperling,151,2018,2018-05-19,10,0,F,F,T,F,?,F,F,F,F,F,F,?,139
Feldsperling,151,2018,2018-05-31,3,0,F,F,T,F,?,F,F,F,F,F,F,?,151
Feldsperling,151,2020,2020-03-29,9,0,F,T,T,F,?,F,F,F,F,F,F,?,89
Feldsperling,151,2020,2020-04-26,5,0,F,F,T,F,?,F,F,F,F,F,F,?,117
Feldsperling,151,2020,2020-05-10,6,0,F,F,T,F,?,F,F,F,F,F,F,?,131
Feldsperling,151,2020,2020-05-31,7,0,F,F,T,F,?,F,F,F,F,F,F,?,152
Feldsperling,151,2021,2021-06-13,36,0,F,F,T,F,?,F,?,T,F,F,F,?,164
Feldsperling,152,2019,2019-03-20,3,0,?,?,T,?,?,T,?,?,?,?,?,?,79
Feldsperling,152,2019,2019-04-09,5,0,?,T,T,?,?,?,?,?,?,?,?,?,99
Feldsperling,152,2019,2019-05-02,3,0,?,?,T,?,?,?,?,?,?,?,?,?,122
Feldsperling,152,2019,2019-05-27,4,0,?,?,T,?,?,?,?,?,?,?,?,?,147
Feldsperling,152,2020,2020-03-22,2,0,F,F,T,F,?,F,F,F,F,F,F,?,82
Feldsperling,152,2020,2020-04-23,3,0,F,F,T,F,?,F,F,F,F,F,F,?,114
Feldsperling,152,2020,2020-05-18,3,0,F,F,T,F,?,F,F,F,F,F,F,?,139
Feldsperling,152,2020,2020-06-13,1,0,F,F,T,F,?,F,F,F,F,F,F,?,165
Feldsperling,152,2022,2022-03-17,2,0,F,F,T,F,F,F,F,F,F,F,F,?,76
Feldsperling,152,2022,2022-04-20,0,0,NA,NA,NA,NA,NA,NA,NA,NA,NA,NA,NA,NA,110
Feldsperling,152,2022,2022-05-05,2,0,F,F,T,F,F,F,F,F,F,F,F,?,125
Feldsperling,152,2022,2022-04-11,0,0,NA,NA,NA,NA,NA,NA,NA,NA,NA,NA,NA,NA,101
Feldsperling,152,2023,2023-03-13,0,0,NA,NA,NA,NA,NA,NA,NA,NA,NA,NA,NA,NA,72
Feldsperling,152,2023,2023-04-26,1,0,F,F,T,F,?,F,F,F,F,F,F,?,116
Feldsperling,152,2023,2023-05-20,3,0,F,F,T,F,?,F,F,F,F,F,F,?,140
Feldsperling,152,2023,2023-06-08,2,0,F,F,T,F,?,T,F,F,F,F,F,?,159
Feldsperling,154,2019,2019-03-29,2,0,?,T,?,?,?,?,?,?,?,?,?,?,88
Feldsperling,154,2019,2019-04-27,3,0,?,T,?,?,?,?,?,?,?,?,?,?,117
Feldsperling,154,2019,2019-05-12,2,0,?,T,?,?,?,?,?,?,?,?,?,?,132
Feldsperling,154,2019,2019-06-07,1,0,?,T,?,?,?,?,?,?,?,?,?,?,158
Feldsperling,154,2020,2020-03-30,3,0,F,T,F,F,?,F,F,F,F,F,F,?,90
Feldsperling,154,2020,2020-04-25,4,0,F,T,F,F,?,F,F,F,F,F,F,?,116
Feldsperling,154,2020,2020-05-19,2,0,F,T,F,F,?,F,F,F,F,F,F,?,140
Feldsperling,154,2020,2020-06-17,2,0,F,T,F,F,?,F,F,F,F,F,F,?,169
Feldsperling,154,2022,2022-03-25,6,0,F,T,F,F,F,F,F,F,F,F,F,?,84
Feldsperling,154,2022,2022-04-23,3,0,F,T,F,F,F,F,F,F,F,F,F,?,113
Feldsperling,154,2022,2022-05-12,3,0,F,T,F,F,F,F,F,F,F,F,F,?,132
Feldsperling,154,2022,2022-06-10,1,0,F,T,F,F,F,F,F,F,F,F,F,?,161
Feldsperling,154,2022,2022-03-17,0,0,NA,NA,NA,NA,NA,NA,NA,NA,NA,NA,NA,NA,76
Feldsperling,154,2023,2023-03-23,3,0,F,T,F,F,?,F,F,F,F,F,F,?,82
Feldsperling,154,2023,2023-04-26,6,0,F,T,F,F,?,F,F,F,F,F,F,?,116
Feldsperling,154,2023,2023-05-16,2,0,F,T,F,F,?,F,F,F,F,T,F,?,136
Feldsperling,154,2023,2023-06-15,2,0,F,T,F,F,?,F,F,F,F,T,F,?,166
Feldsperling,156,2019,2019-03-23,4,0,?,T,?,?,?,?,?,?,?,?,?,?,82
Feldsperling,156,2019,2019-04-23,1,0,?,T,?,?,?,?,?,?,?,?,?,?,113
Feldsperling,156,2019,2019-05-09,4,0,?,T,T,?,?,?,?,?,?,?,?,?,129
Feldsperling,156,2019,2019-06-01,2,0,?,T,?,?,?,?,?,?,?,?,?,?,152
Feldsperling,156,2020,2020-03-20,3,0,F,T,F,F,?,F,F,F,F,F,F,?,80
Feldsperling,156,2020,2020-04-06,2,0,F,T,F,F,?,F,F,T,F,F,F,?,97
Feldsperling,156,2020,2020-05-04,3,0,F,T,F,F,?,F,F,F,F,F,F,?,125
Feldsperling,156,2020,2020-06-13,2,0,F,T,F,F,?,F,F,F,F,F,F,?,165
Feldsperling,156,2022,2022-03-22,3,0,F,T,F,F,F,F,F,F,F,F,F,?,81
Feldsperling,156,2022,2022-04-21,2,0,F,T,F,F,F,F,F,F,F,F,F,?,111
Feldsperling,156,2022,2022-05-10,4,0,F,T,F,F,F,F,F,F,F,F,F,?,130
Feldsperling,156,2022,2022-05-31,1,0,F,T,F,F,F,F,F,F,F,F,F,?,151
Feldsperling,156,2023,2023-03-23,1,0,F,T,F,F,?,F,F,F,F,F,F,?,82
Feldsperling,156,2023,2023-04-28,4,0,F,T,F,F,?,F,F,F,F,F,F,?,118
Feldsperling,156,2023,2023-05-13,2,0,F,T,F,F,?,F,F,F,F,F,F,?,133
Feldsperling,156,2023,2023-06-14,3,0,F,T,F,F,?,F,F,F,F,F,F,?,165
Feldsperling,157,2019,2019-03-24,4,0,?,T,?,?,?,?,?,?,?,?,?,?,83
Feldsperling,157,2019,2019-04-24,7,0,?,T,?,?,?,?,?,?,?,?,?,?,114
Feldsperling,157,2019,2019-05-17,4,0,?,T,?,?,?,?,?,?,?,?,?,?,137
Feldsperling,157,2019,2019-06-02,3,0,?,T,?,?,?,?,?,?,?,?,?,?,153
Feldsperling,157,2020,2020-03-24,8,0,F,T,F,F,?,F,F,F,F,F,F,?,84
Feldsperling,157,2020,2020-04-24,12,0,F,T,F,F,?,F,F,F,F,F,F,?,115
Feldsperling,157,2020,2020-05-18,13,0,F,T,F,F,?,F,F,F,F,F,F,?,139
Feldsperling,157,2020,2020-06-20,8,0,F,T,F,F,?,F,F,F,F,T,F,?,172
Feldsperling,157,2022,2022-03-17,15,0,F,T,F,F,F,F,F,F,F,F,F,?,76
Feldsperling,157,2022,2022-04-20,10,0,F,T,F,F,F,F,F,F,F,F,F,?,110
Feldsperling,157,2022,2022-05-05,12,0,F,T,F,F,F,F,F,F,F,F,F,?,125
Feldsperling,157,2022,2022-05-24,9,0,F,T,F,F,F,F,F,F,F,F,F,?,144
Feldsperling,157,2023,2023-03-24,8,0,F,T,F,F,?,F,F,F,F,F,F,?,83
Feldsperling,157,2023,2023-04-19,11,0,F,T,F,F,?,F,F,F,F,F,F,?,109
Feldsperling,157,2023,2023-05-10,10,0,F,T,F,F,?,F,F,F,F,T,F,?,130
Feldsperling,157,2023,2023-05-25,10,0,F,T,F,F,?,F,F,F,F,T,F,?,145
Feldsperling,158,2019,2019-03-28,13,0,?,?,T,?,?,?,?,?,?,?,?,?,87
Feldsperling,158,2019,2019-04-19,4,0,?,?,T,?,?,?,?,?,?,T,?,?,109
Feldsperling,158,2019,2019-05-09,6,0,?,T,T,?,?,?,?,?,?,?,?,?,129
Feldsperling,158,2019,2019-06-03,2,0,?,?,T,?,?,?,?,?,?,T,?,?,154
Feldsperling,158,2020,2020-03-18,2,0,F,F,T,F,?,F,F,F,F,F,F,?,78
Feldsperling,158,2020,2020-04-07,11,0,F,F,T,F,?,F,F,F,F,F,F,?,98
Feldsperling,158,2020,2020-05-15,5,0,F,F,T,F,?,F,F,F,F,F,F,?,136
Feldsperling,158,2020,2020-06-04,3,0,F,F,T,F,?,F,F,F,F,F,F,?,156
Feldsperling,158,2021,2021-03-11,6,0,F,F,T,F,?,F,F,F,F,F,F,?,70
Feldsperling,158,2021,2021-04-13,4,0,F,T,T,F,?,F,F,F,F,F,F,?,103
Feldsperling,158,2021,2021-05-04,15,0,F,F,T,F,?,T,F,F,F,F,F,?,124
Feldsperling,158,2021,2021-06-15,1,0,F,F,T,F,?,F,F,F,F,F,F,?,166
Feldsperling,158,2022,2022-03-17,3,0,F,F,T,F,F,F,F,F,F,F,F,?,76
Feldsperling,158,2022,2022-04-21,8,0,F,F,T,F,F,F,F,F,F,F,F,?,111
Feldsperling,158,2022,2022-05-03,1,0,F,F,T,F,F,F,F,F,F,F,F,?,123
Feldsperling,158,2022,2022-06-05,3,0,F,F,T,F,F,T,F,F,F,F,F,?,156
Feldsperling,158,2023,2023-03-24,3,0,F,F,T,F,?,F,F,F,F,F,F,?,83
Feldsperling,158,2023,2023-04-12,0,0,NA,NA,NA,NA,NA,NA,NA,NA,NA,NA,NA,NA,102
Feldsperling,158,2023,2023-05-04,0,0,NA,NA,NA,NA,NA,NA,NA,NA,NA,NA,NA,NA,124
Feldsperling,158,2023,2023-06-15,0,0,NA,NA,NA,NA,NA,NA,NA,NA,NA,NA,NA,NA,166
Feldsperling,160,2019,2019-03-29,12,0,?,T,T,?,?,?,?,?,?,?,?,?,88
Feldsperling,160,2019,2019-04-20,13,0,?,?,T,?,?,?,?,?,?,?,?,?,110
Feldsperling,160,2019,2019-05-10,17,0,?,?,T,?,?,?,?,?,?,?,?,?,130
Feldsperling,160,2019,2019-06-04,12,0,?,?,T,?,?,?,?,?,?,?,?,?,155
Feldsperling,160,2020,2020-03-19,15,0,F,F,T,F,?,F,F,F,F,F,F,?,79
Feldsperling,160,2020,2020-04-06,8,0,F,F,T,F,?,F,F,F,F,F,F,?,97
Feldsperling,160,2020,2020-05-18,11,0,F,F,T,F,?,F,F,F,F,F,F,?,139
Feldsperling,160,2020,2020-06-03,9,0,F,T,T,F,?,F,F,F,F,F,F,?,155
Feldsperling,160,2021,2021-03-13,8,0,F,F,T,F,?,F,F,F,F,F,F,?,72
Feldsperling,160,2021,2021-04-14,26,0,F,F,T,F,?,F,F,F,F,F,F,?,104
Feldsperling,160,2021,2021-05-05,19,0,F,F,T,F,?,F,F,F,F,T,F,?,125
Feldsperling,160,2021,2021-06-16,6,0,F,F,T,F,?,F,F,F,F,F,F,?,167
Feldsperling,160,2022,2022-03-18,7,0,F,F,T,F,F,F,F,F,F,F,F,?,77
Feldsperling,160,2022,2022-04-20,8,0,F,F,T,F,F,F,F,F,F,F,F,?,110
Feldsperling,160,2022,2022-05-02,2,0,F,F,T,F,F,F,F,F,F,F,F,?,122
Feldsperling,160,2022,2022-06-06,8,0,F,F,T,F,F,F,F,F,F,F,F,?,157
Feldsperling,160,2023,2023-03-23,11,0,F,F,T,F,?,F,F,F,F,F,F,?,82
Feldsperling,160,2023,2023-04-11,0,0,NA,NA,NA,NA,NA,NA,NA,NA,NA,NA,NA,NA,101
Feldsperling,160,2023,2023-05-08,5,0,F,F,T,F,?,F,F,F,F,F,F,?,128
Feldsperling,160,2023,2023-06-16,1,0,F,F,T,F,?,F,F,F,F,F,F,?,167
Feldsperling,161,2018,2018-03-11,16,0,F,F,F,F,?,F,F,F,F,F,F,?,70
Feldsperling,161,2018,2018-04-08,4,0,F,F,F,F,?,F,F,F,F,F,F,?,98
Feldsperling,161,2018,2018-05-06,6,0,F,T,F,F,?,F,F,F,T,F,F,?,126
Feldsperling,161,2018,2018-06-24,3,0,F,F,F,F,?,F,F,F,F,F,F,?,175
Feldsperling,161,2021,2021-03-28,2,0,?,?,?,?,?,?,?,?,?,?,?,?,87
Feldsperling,161,2021,2021-04-18,0,0,NA,NA,NA,NA,NA,NA,NA,NA,NA,NA,NA,NA,108
Feldsperling,161,2021,2021-05-01,0,0,NA,NA,NA,NA,NA,NA,NA,NA,NA,NA,NA,NA,121
Feldsperling,161,2021,2021-06-03,0,0,NA,NA,NA,NA,NA,NA,NA,NA,NA,NA,NA,NA,154
Feldsperling,162,2019,2019-05-18,2,0,?,T,?,?,?,?,?,?,?,?,?,?,138
Feldsperling,162,2019,2019-03-28,3,0,?,T,T,?,?,?,?,?,?,?,?,?,87
Feldsperling,162,2019,2019-06-08,1,0,?,T,?,?,?,?,?,?,?,?,?,?,159
Feldsperling,162,2019,2019-04-26,2,0,?,T,?,?,?,?,?,?,?,?,?,?,116
Feldsperling,162,2020,2020-03-19,2,0,F,T,F,F,?,F,F,F,F,F,F,?,79
Feldsperling,162,2020,2020-05-06,5,0,F,T,F,F,?,F,F,F,F,F,F,?,127
Feldsperling,162,2020,2020-04-18,2,0,F,T,F,F,?,F,F,F,F,F,F,?,109
Feldsperling,162,2020,2020-06-12,3,0,F,T,F,F,?,F,F,F,F,F,F,?,164
Feldsperling,162,2022,2022-05-18,5,0,F,T,F,F,F,F,F,F,F,T,F,?,138
Feldsperling,162,2022,2022-06-13,4,0,F,T,F,F,F,F,F,F,F,F,F,?,164
Feldsperling,162,2022,2022-03-22,8,0,F,T,F,F,F,F,F,F,F,F,F,?,81
Feldsperling,162,2022,2022-04-29,3,0,F,T,F,F,F,F,F,F,F,F,F,?,119
Feldsperling,162,2023,2023-05-18,6,0,F,T,F,F,?,F,F,F,F,F,F,?,138
Feldsperling,162,2023,2023-06-17,4,0,F,T,F,F,?,F,F,F,F,F,F,?,168
Feldsperling,162,2023,2023-03-17,2,0,F,T,F,F,?,F,F,F,F,F,F,?,76
Feldsperling,162,2023,2023-04-20,5,0,F,T,F,F,?,F,F,F,F,F,F,?,110
Feldsperling,163,2018,2018-03-15,0,0,NA,NA,NA,NA,NA,NA,NA,NA,NA,NA,NA,NA,74
Feldsperling,163,2018,2018-04-19,0,0,NA,NA,NA,NA,NA,NA,NA,NA,NA,NA,NA,NA,109
Feldsperling,163,2018,2018-05-12,2,0,F,F,F,F,?,F,F,F,F,F,F,?,132
Feldsperling,163,2018,2018-06-18,1,0,F,F,F,F,?,F,F,F,T,F,F,?,169
Feldsperling,163,2021,2021-03-31,0,0,NA,NA,NA,NA,NA,NA,NA,NA,NA,NA,NA,NA,90
Feldsperling,163,2021,2021-04-28,0,0,NA,NA,NA,NA,NA,NA,NA,NA,NA,NA,NA,NA,118
Feldsperling,163,2021,2021-05-12,0,0,NA,NA,NA,NA,NA,NA,NA,NA,NA,NA,NA,NA,132
Feldsperling,163,2021,2021-06-17,1,0,F,F,F,F,?,F,F,F,F,F,F,?,168
Feldsperling,164,2020,2020-03-15,3,0,F,T,F,F,F,T,F,F,F,F,F,?,75
Feldsperling,164,2020,2020-04-07,6,0,F,T,T,F,F,F,F,F,F,F,F,?,98
Feldsperling,164,2020,2020-05-04,2,0,F,T,F,F,F,F,F,F,F,F,F,?,125
Feldsperling,164,2020,2020-06-09,3,0,F,T,F,F,F,F,F,F,F,F,F,?,161
Feldsperling,164,2021,2021-03-11,1,0,?,T,?,?,?,?,?,T,?,?,?,?,70
Feldsperling,164,2021,2021-04-07,5,0,?,T,?,?,?,?,?,?,?,?,?,?,97
Feldsperling,164,2021,2021-05-04,2,0,?,T,?,?,?,T,?,?,?,?,?,?,124
Feldsperling,164,2021,2021-05-21,2,0,?,T,?,?,?,?,?,T,?,?,?,?,141
Feldsperling,164,2022,2022-03-24,6,0,F,F,T,F,F,F,F,F,F,F,F,?,83
Feldsperling,164,2022,2022-04-13,4,0,F,F,F,F,F,F,F,F,F,F,F,?,103
Feldsperling,164,2022,2022-05-12,0,0,NA,NA,NA,NA,NA,NA,NA,NA,NA,NA,NA,NA,132
Feldsperling,164,2022,2022-06-07,0,0,NA,NA,NA,NA,NA,NA,NA,NA,NA,NA,NA,NA,158
Feldsperling,165,2020,2020-03-19,2,0,F,F,T,F,F,T,F,F,F,F,F,?,79
Feldsperling,165,2020,2020-04-17,3,0,F,F,F,F,F,F,F,F,F,F,F,?,108
Feldsperling,165,2020,2020-05-13,1,0,F,F,F,F,F,F,F,F,F,T,F,?,134
Feldsperling,165,2020,2020-06-07,0,0,NA,NA,NA,NA,NA,NA,NA,NA,NA,NA,NA,NA,159
Feldsperling,165,2021,2021-03-23,1,0,?,?,T,?,?,T,?,?,?,?,?,?,82
Feldsperling,165,2021,2021-04-13,0,0,NA,NA,NA,NA,NA,NA,NA,NA,NA,NA,NA,NA,103
Feldsperling,165,2021,2021-05-06,0,0,NA,NA,NA,NA,NA,NA,NA,NA,NA,NA,NA,NA,126
Feldsperling,165,2021,2021-06-07,0,0,NA,NA,NA,NA,NA,NA,NA,NA,NA,NA,NA,NA,158
Feldsperling,168,2019,2019-03-25,8,0,?,?,T,?,?,T,?,?,?,?,?,?,84
Feldsperling,168,2019,2019-04-25,12,0,?,?,T,?,?,T,?,?,?,?,?,?,115
Feldsperling,168,2019,2019-05-15,5,0,?,?,T,?,?,T,?,?,?,T,?,?,135
Feldsperling,168,2019,2019-06-07,5,0,?,?,T,?,?,T,?,?,?,?,?,?,158
Feldsperling,168,2020,2020-03-21,17,0,F,F,T,F,F,F,F,F,F,F,F,?,81
Feldsperling,168,2020,2020-04-18,9,0,F,F,T,F,F,T,F,F,F,T,F,?,109
Feldsperling,168,2020,2020-05-17,8,0,F,F,T,F,F,F,F,F,F,F,F,?,138
Feldsperling,168,2020,2020-06-08,2,0,F,F,T,F,F,F,F,F,F,F,F,?,160
Feldsperling,168,2021,2021-03-27,9,0,?,T,T,?,?,T,?,T,?,?,?,?,86
Feldsperling,168,2021,2021-04-23,8,0,?,?,T,?,?,T,?,?,?,?,?,?,113
Feldsperling,168,2021,2021-05-20,8,0,?,?,T,?,?,?,?,?,?,?,?,?,140
Feldsperling,168,2021,2021-06-04,5,0,F,T,T,F,?,T,F,F,F,F,F,?,155
Feldsperling,168,2022,2022-03-24,6,0,F,T,T,F,F,F,F,F,F,F,F,?,83
Feldsperling,168,2022,2022-04-26,3,0,F,T,F,F,F,F,F,F,F,F,F,?,116
Feldsperling,168,2022,2022-05-13,1,0,F,T,F,F,F,F,F,F,F,F,F,?,133
Feldsperling,168,2022,2022-06-01,3,0,F,T,F,F,F,F,F,F,F,F,F,?,152
Feldsperling,168,2023,2023-03-16,5,0,F,F,T,F,F,F,F,F,F,F,F,?,75
Feldsperling,168,2023,2023-04-05,2,0,F,T,F,F,F,F,F,F,F,F,F,?,95
Feldsperling,168,2023,2023-05-09,2,0,F,T,F,F,F,F,F,F,F,F,F,?,129
Feldsperling,168,2023,2023-06-01,3,0,F,T,F,F,F,F,F,F,F,F,F,?,152
Feldsperling,170,2019,2019-03-11,0,0,NA,NA,NA,NA,NA,NA,NA,NA,NA,NA,NA,NA,70
Feldsperling,170,2019,2019-04-15,4,0,?,?,?,?,?,T,?,?,?,T,?,?,105
Feldsperling,170,2019,2019-05-06,6,0,?,?,T,?,?,?,?,?,?,?,?,?,126
Feldsperling,170,2019,2019-05-21,1,0,?,?,?,?,?,?,?,?,?,T,?,?,141
Feldsperling,170,2020,2020-03-13,1,0,F,F,T,F,F,T,F,F,F,F,F,?,73
Feldsperling,170,2020,2020-04-01,3,0,F,F,T,F,F,F,F,F,F,F,F,?,92
Feldsperling,170,2020,2020-05-02,1,0,F,F,F,F,F,F,F,F,F,T,F,?,123
Feldsperling,170,2020,2020-05-22,2,0,F,F,F,F,F,F,F,F,F,T,F,?,143
Feldsperling,170,2021,2021-03-16,0,0,NA,NA,NA,NA,NA,NA,NA,NA,NA,NA,NA,NA,75
Feldsperling,170,2021,2021-04-10,1,0,?,?,T,?,?,?,?,?,?,?,?,?,100
Feldsperling,170,2021,2021-05-02,2,0,T,?,T,?,?,?,?,?,?,?,?,?,122
Feldsperling,170,2021,2021-05-29,7,0,?,T,?,?,?,?,?,T,T,T,T,?,149
Feldsperling,170,2022,2022-03-17,1,0,F,F,F,F,F,F,F,T,F,F,F,?,76
Feldsperling,170,2022,2022-04-26,1,0,F,F,F,F,F,F,F,T,F,F,F,?,116
Feldsperling,170,2022,2022-05-18,0,0,NA,NA,NA,NA,NA,NA,NA,NA,NA,NA,NA,NA,138
Feldsperling,170,2022,2022-06-01,0,0,NA,NA,NA,NA,NA,NA,NA,NA,NA,NA,NA,NA,152
Feldsperling,179,2018,2018-03-21,15,0,?,T,F,F,?,F,F,T,F,F,F,?,80
Feldsperling,179,2018,2018-04-16,13,0,?,F,T,F,?,F,F,F,F,T,F,?,106
Feldsperling,179,2018,2018-05-15,6,0,?,F,F,F,?,F,F,F,F,T,F,?,135
Feldsperling,179,2018,2018-06-08,5,0,?,F,T,F,?,F,T,F,F,F,F,?,159
Feldsperling,179,2018,2019-03-21,0,0,NA,NA,NA,NA,NA,NA,NA,NA,NA,NA,NA,NA,80
Feldsperling,179,2020,2020-03-14,10,0,F,T,F,F,?,F,F,F,F,F,F,?,74
Feldsperling,179,2020,2020-04-10,10,0,F,T,T,F,?,F,F,F,F,F,F,?,101
Feldsperling,179,2020,2020-05-09,11,0,T,T,T,F,?,F,F,F,F,F,F,?,130
Feldsperling,179,2020,2020-06-01,3,0,F,F,F,T,?,F,F,F,F,F,F,?,153
Feldsperling,179,2021,2021-03-20,6,0,F,T,F,F,?,F,F,F,F,F,F,?,79
Feldsperling,179,2021,2021-04-13,7,0,F,T,F,F,?,F,F,F,F,T,F,?,103
Feldsperling,179,2021,2021-05-21,6,6,T,F,F,F,?,F,F,F,F,F,F,?,141
Feldsperling,179,2021,2021-06-13,5,0,F,F,T,F,?,F,F,F,F,T,F,?,164
Feldsperling,180,2020,2019-03-24,10,0,F,T,T,F,?,F,F,F,F,F,F,?,83
Feldsperling,180,2020,2019-04-07,11,0,F,T,T,F,?,F,F,F,F,F,F,?,97
Feldsperling,180,2020,2019-05-18,3,0,F,T,T,F,?,F,F,F,F,F,F,?,138
Feldsperling,180,2020,2019-06-15,3,0,F,F,T,F,?,F,F,F,F,F,F,?,166
Feldsperling,180,2020,2020-03-28,0,0,NA,NA,NA,NA,NA,NA,NA,NA,NA,NA,NA,NA,88
Feldsperling,180,2020,2020-04-19,0,0,NA,NA,NA,NA,NA,NA,NA,NA,NA,NA,NA,NA,110
Feldsperling,180,2020,2020-05-17,2,0,F,F,T,F,?,F,F,F,F,F,F,?,138
Feldsperling,180,2020,2020-05-31,0,0,NA,NA,NA,NA,NA,NA,NA,NA,NA,NA,NA,NA,152
Feldsperling,180,2021,2021-03-28,10,0,F,T,?,?,?,?,F,?,?,T,?,?,87
Feldsperling,180,2021,2021-04-17,3,0,F,T,?,?,?,?,F,?,?,?,?,?,107
Feldsperling,180,2021,2021-05-15,4,0,F,T,?,?,?,?,F,?,?,?,?,?,135
Feldsperling,180,2021,2021-06-13,2,0,F,?,?,?,?,?,F,?,?,?,?,?,164
Feldsperling,182,2018,2018-03-14,1,0,?,T,F,F,?,F,F,F,F,F,F,?,73
Feldsperling,182,2018,2018-04-11,4,0,?,T,F,F,?,F,F,F,F,F,F,?,101
Feldsperling,182,2018,2018-05-11,0,0,NA,NA,NA,NA,NA,NA,NA,NA,NA,NA,NA,NA,131
Feldsperling,182,2018,2018-06-02,2,0,?,T,F,F,?,F,F,F,F,F,F,?,153
Feldsperling,182,2020,2020-03-26,0,0,NA,NA,NA,NA,NA,NA,NA,NA,NA,NA,NA,NA,86
Feldsperling,182,2020,2020-04-25,1,0,F,T,F,F,?,F,F,F,F,F,F,?,116
Feldsperling,182,2020,2020-05-16,0,0,NA,NA,NA,NA,NA,NA,NA,NA,NA,NA,NA,NA,137
Feldsperling,182,2020,2020-05-25,0,0,NA,NA,NA,NA,NA,NA,NA,NA,NA,NA,NA,NA,146
Feldsperling,182,2021,2021-03-30,0,0,NA,NA,NA,NA,NA,NA,NA,NA,NA,NA,NA,NA,89
Feldsperling,182,2021,2021-04-25,0,0,NA,NA,NA,NA,NA,NA,NA,NA,NA,NA,NA,NA,115
Feldsperling,182,2021,2021-05-10,5,0,F,T,F,F,?,F,F,F,F,F,F,?,130
Feldsperling,182,2021,2021-05-30,1,0,F,T,F,F,?,F,F,F,F,F,F,?,150
Feldsperling,182,2021,2021-06-20,0,0,NA,NA,NA,NA,NA,NA,NA,NA,NA,NA,NA,NA,171
Feldsperling,184,2018,2018-03-26,3,0,?,T,F,F,?,F,F,F,F,F,F,?,85
Feldsperling,184,2018,2018-04-15,3,0,?,T,F,F,?,F,F,F,F,F,F,?,105
Feldsperling,184,2018,2018-05-12,4,0,?,T,F,F,?,F,F,F,F,F,F,?,132
Feldsperling,184,2018,2018-06-16,7,0,?,F,T,F,?,F,F,F,F,F,F,?,167
Feldsperling,184,2020,2020-03-19,11,0,F,F,F,F,?,F,F,F,F,F,F,?,79
Feldsperling,184,2020,2020-04-10,9,0,F,F,F,F,?,F,F,F,F,F,F,?,101
Feldsperling,184,2020,2020-05-10,5,0,F,F,F,F,?,F,F,F,F,F,F,?,131
Feldsperling,184,2020,2020-06-14,2,0,F,F,F,F,?,F,F,F,F,F,F,?,166
Feldsperling,184,2021,2021-03-28,4,0,F,F,F,F,?,F,F,F,F,F,F,?,87
Feldsperling,184,2021,2021-04-28,2,0,F,F,T,F,?,F,F,F,F,F,F,?,118
Feldsperling,184,2021,2021-05-24,1,0,F,F,F,F,?,F,F,F,F,F,F,?,144
Feldsperling,184,2021,2021-06-13,1,0,F,F,F,F,?,F,F,F,F,F,F,?,164
Feldsperling,187,2018,2018-03-27,13,0,F,F,F,F,?,F,F,F,F,F,F,?,86
Feldsperling,187,2018,2018-04-18,8,0,F,F,T,F,?,F,F,T,F,F,F,?,108
Feldsperling,187,2018,2018-05-19,6,0,F,F,F,F,?,F,F,F,F,F,F,?,139
Feldsperling,187,2018,2018-06-20,3,0,F,F,T,F,?,F,F,F,F,F,F,?,171
Feldsperling,187,2020,2020-03-18,5,0,F,F,F,F,?,F,F,F,F,F,F,?,78
Feldsperling,187,2020,2020-04-08,10,0,F,F,T,F,?,F,F,F,F,F,F,?,99
Feldsperling,187,2020,2020-05-09,4,0,F,T,T,F,?,F,F,F,F,F,F,?,130
Feldsperling,187,2020,2020-06-17,4,0,F,F,T,F,?,F,F,F,F,F,F,?,169
Feldsperling,187,2021,2021-03-26,4,0,F,F,F,F,?,F,F,F,F,F,F,?,85
Feldsperling,187,2021,2021-04-22,5,0,F,F,F,F,?,F,F,F,F,F,F,?,112
Feldsperling,187,2021,2021-05-22,2,0,F,F,T,F,?,F,F,F,F,F,F,?,142
Feldsperling,187,2021,2021-06-12,1,0,F,F,F,F,?,F,F,F,F,F,F,?,163
Feldsperling,189,2020,2020-03-12,6,0,F,T,T,F,F,F,F,F,F,F,F,?,72
Feldsperling,189,2020,2020-04-05,8,0,F,T,F,F,F,F,F,F,F,F,F,?,96
Feldsperling,189,2020,2020-05-03,2,0,F,T,F,F,F,F,F,F,F,F,F,?,124
Feldsperling,189,2020,2020-05-31,2,0,F,T,F,F,F,F,F,F,F,F,F,?,152
Feldsperling,189,2021,2021-03-12,4,0,?,T,?,?,?,T,?,?,?,?,?,?,71
Feldsperling,189,2021,2021-04-06,2,0,?,T,?,?,?,?,?,?,?,?,?,?,96
Feldsperling,189,2021,2021-04-30,2,0,?,T,?,?,?,?,?,?,?,?,?,?,120
Feldsperling,189,2021,2021-05-08,2,0,?,T,?,?,?,?,?,?,?,?,?,?,128
Feldsperling,189,2022,2022-03-29,0,0,NA,NA,NA,NA,NA,NA,NA,NA,NA,NA,NA,NA,88
Feldsperling,189,2022,2022-04-27,0,0,NA,NA,NA,NA,NA,NA,NA,NA,NA,NA,NA,NA,117
Feldsperling,189,2022,2022-05-16,3,0,F,T,F,F,F,F,F,F,F,F,F,?,136
Feldsperling,189,2022,2022-06-15,0,0,NA,NA,NA,NA,NA,NA,NA,NA,NA,NA,NA,NA,166
Feldsperling,189,2023,2023-03-15,5,0,F,T,F,F,F,F,F,F,F,F,F,?,74
Feldsperling,189,2023,2023-04-19,0,0,NA,NA,NA,NA,NA,NA,NA,NA,NA,NA,NA,NA,109
Feldsperling,189,2023,2023-05-02,0,0,NA,NA,NA,NA,NA,NA,NA,NA,NA,NA,NA,NA,122
Feldsperling,189,2023,2023-06-15,3,0,F,T,F,F,F,F,F,F,F,F,F,?,166
Feldsperling,193,2018,2018-03-18,0,0,NA,NA,NA,NA,NA,NA,NA,NA,NA,NA,NA,NA,77
Feldsperling,193,2018,2018-04-08,1,0,F,T,F,F,?,F,F,F,F,F,F,?,98
Feldsperling,193,2018,2018-05-01,0,0,NA,NA,NA,NA,NA,NA,NA,NA,NA,NA,NA,NA,121
Feldsperling,193,2018,2018-06-09,0,0,NA,NA,NA,NA,NA,NA,NA,NA,NA,NA,NA,NA,160
Feldsperling,193,2018,2019-05-01,0,0,NA,NA,NA,NA,NA,NA,NA,NA,NA,NA,NA,NA,121
Feldsperling,195,2018,2018-03-20,0,0,NA,NA,NA,NA,NA,NA,NA,NA,NA,NA,NA,NA,79
Feldsperling,195,2018,2018-04-12,1,0,F,T,F,F,?,F,F,F,F,F,F,?,102
Feldsperling,195,2018,2018-05-18,0,0,NA,NA,NA,NA,NA,NA,NA,NA,NA,NA,NA,NA,138
Feldsperling,195,2018,2018-06-08,0,0,NA,NA,NA,NA,NA,NA,NA,NA,NA,NA,NA,NA,159
Feldsperling,197,2018,2018-03-16,1,0,?,T,F,F,?,T,F,F,F,F,F,?,75
Feldsperling,197,2018,2018-04-10,1,0,?,T,F,F,?,F,F,F,F,F,F,?,100
Feldsperling,197,2018,2018-05-15,0,0,NA,NA,NA,NA,NA,NA,NA,NA,NA,NA,NA,NA,135
Feldsperling,197,2018,2018-06-06,1,0,?,T,F,F,?,F,F,F,F,F,F,?,157
Feldsperling,197,2020,2020-03-16,0,0,NA,NA,NA,NA,NA,NA,NA,NA,NA,NA,NA,NA,76
Feldsperling,197,2020,2020-04-05,0,0,NA,NA,NA,NA,NA,NA,NA,NA,NA,NA,NA,NA,96
Feldsperling,197,2020,2020-05-06,1,0,F,T,F,F,?,F,F,F,F,F,F,?,127
Feldsperling,197,2020,2020-05-22,0,0,NA,NA,NA,NA,NA,NA,NA,NA,NA,NA,NA,NA,143
Feldsperling,197,2021,2021-03-28,0,0,NA,NA,NA,NA,NA,NA,NA,NA,NA,NA,NA,NA,87
Feldsperling,197,2021,2021-04-21,0,0,NA,NA,NA,NA,NA,NA,NA,NA,NA,NA,NA,NA,111
Feldsperling,197,2021,2021-05-15,1,0,F,T,F,F,?,F,F,F,F,F,F,?,135
Feldsperling,197,2021,2021-05-28,0,0,NA,NA,NA,NA,NA,NA,NA,NA,NA,NA,NA,NA,148
Feldsperling,199,2018,2018-03-11,1,0,F,F,F,F,?,T,F,F,F,F,F,?,70
Feldsperling,199,2018,2018-04-23,1,0,F,F,T,F,?,F,F,F,F,F,F,?,113
Feldsperling,199,2018,2018-05-05,0,0,NA,NA,NA,NA,NA,NA,NA,NA,NA,NA,NA,NA,125
Feldsperling,199,2018,2018-06-14,0,0,NA,NA,NA,NA,NA,NA,NA,NA,NA,NA,NA,NA,165
Feldsperling,199,2020,2020-03-28,1,0,F,F,T,F,?,F,F,F,F,F,F,?,88
Feldsperling,199,2020,2020-04-11,0,0,NA,NA,NA,NA,NA,NA,NA,NA,NA,NA,NA,NA,102
Feldsperling,199,2020,2020-05-07,1,0,F,F,F,F,?,F,F,F,F,F,F,?,128
Feldsperling,199,2020,2020-05-26,1,0,F,T,F,F,?,F,F,F,F,F,F,?,147
Feldsperling,199,2021,2021-03-29,0,0,NA,NA,NA,NA,NA,NA,NA,NA,NA,NA,NA,NA,88
Feldsperling,199,2021,2021-04-11,2,0,F,F,T,F,?,F,F,F,F,F,F,?,101
Feldsperling,199,2021,2021-05-08,1,0,F,F,F,T,?,F,F,F,F,F,F,?,128
Feldsperling,199,2021,2021-06-14,0,0,NA,NA,NA,NA,NA,NA,NA,NA,NA,NA,NA,NA,165
Feldsperling,202,2020,2020-03-14,0,0,NA,NA,NA,NA,NA,NA,NA,NA,NA,NA,NA,NA,74
Feldsperling,202,2020,2020-04-02,2,0,F,F,T,F,?,F,F,F,F,F,F,?,93
Feldsperling,202,2020,2020-05-02,16,0,F,T,T,F,?,T,F,F,F,F,F,?,123
Feldsperling,202,2020,2020-06-20,3,0,F,T,F,F,?,F,F,F,F,F,F,?,172
Feldsperling,202,2021,2021-03-24,2,0,F,T,T,F,?,F,F,F,F,F,F,?,83
Feldsperling,202,2021,2021-04-14,3,0,F,T,T,F,?,T,F,F,F,F,F,?,104
Feldsperling,202,2021,2021-05-13,3,0,F,T,F,T,?,F,F,F,F,F,F,?,133
Feldsperling,202,2021,2021-06-02,7,0,F,T,T,T,?,F,F,F,F,F,F,?,153
Feldsperling,205,2019,2019-04-16,7,0,F,F,F,F,?,F,F,F,F,F,F,?,106
Feldsperling,205,2019,2019-06-14,11,0,F,F,F,F,?,F,F,F,F,F,F,?,165
Feldsperling,205,2019,2019-03-25,6,0,F,F,F,F,?,F,F,F,F,F,F,?,84
Feldsperling,205,2019,2019-05-16,6,0,F,F,F,F,?,F,F,F,F,F,F,?,136
Feldsperling,205,2020,2020-04-11,6,0,F,T,F,F,?,F,F,F,F,F,F,?,102
Feldsperling,205,2020,2020-05-16,0,0,NA,NA,NA,NA,NA,NA,NA,NA,NA,NA,NA,NA,137
Feldsperling,205,2020,2020-06-18,4,0,F,F,T,F,?,F,F,F,F,F,F,?,170
Feldsperling,205,2021,2021-03-28,11,0,?,?,?,?,?,?,?,?,?,?,?,?,87
Feldsperling,205,2021,2021-04-24,5,0,?,T,?,?,?,?,?,?,?,?,?,?,114
Feldsperling,205,2021,2021-05-15,5,0,?,T,?,?,?,?,?,?,?,?,?,?,135
Feldsperling,205,2021,2021-06-11,4,0,?,T,T,?,?,?,?,?,?,?,?,?,162
Feldsperling,206,2019,2019-03-23,0,0,NA,NA,NA,NA,NA,NA,NA,NA,NA,NA,NA,NA,82
Feldsperling,206,2019,2019-04-14,0,0,NA,NA,NA,NA,NA,NA,NA,NA,NA,NA,NA,NA,104
Feldsperling,206,2019,2019-05-07,2,0,F,F,F,F,?,F,F,F,F,F,F,?,127
Feldsperling,206,2019,2019-06-08,1,0,F,F,F,F,?,F,F,F,F,F,F,?,159
Feldsperling,206,2020,2020-03-27,0,0,NA,NA,NA,NA,NA,NA,NA,NA,NA,NA,NA,NA,87
Feldsperling,206,2020,2020-04-22,2,0,F,T,F,F,?,F,F,F,F,F,F,?,113
Feldsperling,206,2020,2020-05-17,0,0,NA,NA,NA,NA,NA,NA,NA,NA,NA,NA,NA,NA,138
Feldsperling,206,2020,2020-06-17,0,0,NA,NA,NA,NA,NA,NA,NA,NA,NA,NA,NA,NA,169
Feldsperling,207,2018,2018-03-24,5,0,?,F,F,F,?,F,F,F,F,F,F,?,83
Feldsperling,207,2018,2018-04-22,7,0,?,T,F,F,?,F,F,F,F,F,F,?,112
Feldsperling,207,2018,2018-05-13,3,0,?,T,F,F,?,F,F,F,F,F,F,?,133
Feldsperling,207,2018,2018-06-09,9,0,?,F,F,F,?,F,F,F,F,F,F,?,160
Feldsperling,207,2020,2020-03-14,5,0,T,F,F,F,?,T,F,F,F,F,F,?,74
Feldsperling,207,2020,2020-04-07,10,0,T,F,F,F,?,F,F,F,F,F,F,?,98
Feldsperling,207,2020,2020-05-09,3,0,F,F,F,F,?,F,F,F,F,F,F,?,130
Feldsperling,207,2020,2020-06-20,0,0,NA,NA,NA,NA,NA,NA,NA,NA,NA,NA,NA,NA,172
Feldsperling,207,2021,2021-03-28,11,0,F,F,F,F,?,F,F,F,F,F,F,?,87
Feldsperling,207,2021,2021-04-24,3,0,F,F,F,F,?,F,F,F,F,F,F,?,114
Feldsperling,207,2021,2021-05-13,3,0,F,F,F,F,?,F,F,F,F,F,F,?,133
Feldsperling,207,2021,2021-06-13,0,0,NA,NA,NA,NA,NA,NA,NA,NA,NA,NA,NA,NA,164
Feldsperling,210,2018,2018-03-11,31,0,?,F,T,F,?,F,F,F,F,F,F,?,70
Feldsperling,210,2018,2018-04-01,17,0,?,F,F,F,?,F,F,F,F,F,F,?,91
Feldsperling,210,2018,2018-05-06,1,0,?,F,F,F,?,F,F,F,F,F,F,?,126
Feldsperling,210,2018,2018-06-03,6,0,?,F,F,F,?,F,F,F,F,F,F,?,154
Feldsperling,210,2020,2020-03-15,9,0,F,F,F,F,?,F,F,F,F,F,F,?,75
Feldsperling,210,2020,2020-04-12,2,0,F,F,T,F,?,F,F,F,F,F,F,?,103
Feldsperling,210,2020,2020-05-17,11,0,F,T,T,F,?,F,F,F,F,F,F,?,138
Feldsperling,210,2020,2020-06-21,5,0,F,F,T,F,?,F,F,F,F,F,F,?,173
Feldsperling,210,2021,2021-03-28,5,0,F,F,T,F,?,F,F,F,F,F,F,?,87
Feldsperling,210,2021,2021-04-11,7,0,F,F,F,F,?,F,F,F,F,F,F,?,101
Feldsperling,210,2021,2021-05-09,1,0,F,F,F,F,?,F,F,F,F,F,F,?,129
Feldsperling,211,2018,2018-03-25,1,0,?,F,T,F,?,F,F,F,F,F,F,?,84
Feldsperling,211,2018,2018-04-27,1,0,?,T,F,F,?,F,F,F,F,F,F,?,117
Feldsperling,211,2018,2018-05-19,0,0,NA,NA,NA,NA,NA,NA,NA,NA,NA,NA,NA,NA,139
Feldsperling,211,2018,2018-06-19,0,0,NA,NA,NA,NA,NA,NA,NA,NA,NA,NA,NA,NA,170
Feldsperling,211,2020,2020-03-28,2,0,F,T,T,F,?,F,F,F,F,F,F,?,88
Feldsperling,211,2020,2020-04-19,0,0,NA,NA,NA,NA,NA,NA,NA,NA,NA,NA,NA,NA,110
Feldsperling,211,2020,2020-05-18,0,0,NA,NA,NA,NA,NA,NA,NA,NA,NA,NA,NA,NA,139
Feldsperling,211,2020,2020-06-20,0,0,NA,NA,NA,NA,NA,NA,NA,NA,NA,NA,NA,NA,172
Feldsperling,213,2018,2018-03-27,5,0,?,T,T,F,?,F,F,F,F,F,F,?,86
Feldsperling,213,2018,2018-04-26,3,0,?,F,T,F,?,F,F,F,F,F,F,?,116
Feldsperling,213,2018,2018-05-20,8,0,?,F,F,F,?,F,F,F,F,T,F,?,140
Feldsperling,213,2021,2021-03-29,6,0,F,T,?,?,?,?,F,?,?,T,?,?,88
Feldsperling,213,2021,2021-05-16,2,0,F,T,?,?,?,?,F,?,?,?,?,?,136
Feldsperling,213,2021,2021-06-19,2,0,F,?,?,?,?,?,F,?,?,T,?,?,170
Feldsperling,218,2018,2018-03-24,7,0,?,T,T,F,?,F,F,F,F,F,F,?,83
Feldsperling,218,2018,2018-04-08,7,0,?,T,T,F,?,F,F,F,F,F,F,?,98
Feldsperling,218,2018,2018-05-06,4,0,?,T,T,F,?,F,F,T,F,F,F,?,126
Feldsperling,218,2018,2018-06-21,6,0,?,T,T,F,?,F,F,T,F,F,F,?,172
Feldsperling,218,2020,2020-03-15,13,0,F,F,T,F,T,F,F,F,F,F,F,?,75
Feldsperling,218,2020,2020-04-05,11,0,F,T,T,F,?,F,F,F,F,F,F,?,96
Feldsperling,218,2020,2020-05-03,9,0,F,F,T,T,?,F,F,F,F,T,F,?,124
Feldsperling,218,2020,2020-05-24,4,0,F,F,T,F,?,F,F,F,F,F,F,?,145
Feldsperling,218,2021,2021-03-20,9,0,F,T,T,F,?,F,F,F,F,T,F,?,79
Feldsperling,218,2021,2021-04-04,8,0,F,F,T,F,?,F,F,F,F,F,F,?,94
Feldsperling,218,2021,2021-05-08,6,0,F,F,T,F,?,F,F,F,F,T,F,?,128
Feldsperling,218,2021,2021-05-30,6,0,F,F,T,F,?,F,F,F,F,F,F,?,150
Feldsperling,219,2020,2020-03-28,3,0,F,T,F,F,?,F,F,F,F,F,F,?,88
Feldsperling,219,2020,2020-04-19,1,0,F,T,F,F,?,F,F,F,F,F,F,?,110
Feldsperling,219,2020,2020-05-16,2,0,F,F,T,F,?,F,F,F,F,F,F,?,137
Feldsperling,219,2020,2020-06-13,1,0,F,F,F,F,?,F,F,F,F,F,F,?,165
Feldsperling,219,2021,2021-03-29,1,0,F,F,F,F,?,F,F,F,F,F,F,?,88
Feldsperling,219,2021,2021-04-24,4,0,F,T,T,F,?,F,F,F,F,F,F,?,114
Feldsperling,219,2021,2021-05-08,2,0,F,T,F,F,?,F,F,F,F,F,F,?,128
Feldsperling,219,2021,2021-05-30,1,0,F,F,T,F,?,F,F,F,F,F,F,?,150
Feldsperling,221,2019,2019-03-24,1,0,F,T,F,F,?,F,F,F,F,F,F,?,83
Feldsperling,221,2019,2019-04-21,0,0,NA,NA,NA,NA,NA,NA,NA,NA,NA,NA,NA,NA,111
Feldsperling,221,2019,2019-05-18,3,0,F,T,F,F,?,F,F,F,F,F,F,?,138
Feldsperling,221,2019,2019-06-16,6,0,F,F,F,F,?,F,F,F,F,F,T,?,167
Feldsperling,221,2019,2019-06-17,0,0,NA,NA,NA,NA,NA,NA,NA,NA,NA,NA,NA,NA,168
Feldsperling,221,2020,2020-03-27,0,0,NA,NA,NA,NA,NA,NA,NA,NA,NA,NA,NA,NA,87
Feldsperling,221,2020,2020-04-26,6,0,F,T,T,F,?,F,F,F,F,F,F,?,117
Feldsperling,221,2020,2020-05-17,4,0,F,F,T,F,?,F,F,F,F,F,F,?,138
Feldsperling,221,2020,2020-06-20,6,0,F,T,T,F,?,T,F,F,F,F,F,?,172
Feldsperling,221,2021,2021-03-28,1,0,?,T,F,F,?,F,F,?,F,F,F,?,87
Feldsperling,221,2021,2021-04-25,1,0,?,T,F,F,?,F,F,?,F,F,F,?,115
Feldsperling,221,2021,2021-05-20,0,0,NA,NA,NA,NA,NA,NA,NA,NA,NA,NA,NA,NA,140
Feldsperling,221,2021,2021-06-13,1,0,?,T,F,F,?,F,F,?,F,F,F,?,164
Feldsperling,221,2022,2022-03-20,2,0,F,T,F,F,?,F,F,F,F,F,F,?,79
Feldsperling,221,2022,2022-04-18,0,0,NA,NA,NA,NA,NA,NA,NA,NA,NA,NA,NA,NA,108
Feldsperling,221,2022,2022-05-08,2,0,F,T,F,F,?,F,F,F,F,F,F,?,128
Feldsperling,221,2022,2022-05-26,0,0,NA,NA,NA,NA,NA,NA,NA,NA,NA,NA,NA,NA,146
Feldsperling,221,2023,2023-03-22,7,0,F,T,F,F,F,F,F,F,F,F,F,?,81
Feldsperling,221,2023,2023-04-22,2,0,F,T,F,F,F,F,F,F,F,F,F,?,112
Feldsperling,221,2023,2023-05-13,3,0,F,T,F,F,F,F,F,F,F,F,F,?,133
Feldsperling,221,2023,2023-06-11,0,0,NA,NA,NA,NA,NA,NA,NA,NA,NA,NA,NA,NA,162
Feldsperling,226,2018,2018-04-09,0,0,NA,NA,NA,NA,NA,NA,NA,NA,NA,NA,NA,NA,99
Feldsperling,226,2018,2018-04-24,1,0,F,F,T,F,?,F,F,F,F,F,F,?,114
Feldsperling,226,2018,2018-05-18,0,0,NA,NA,NA,NA,NA,NA,NA,NA,NA,NA,NA,NA,138
Feldsperling,226,2018,2018-05-26,2,0,F,T,F,F,?,F,F,F,F,F,F,?,146
Feldsperling,226,2020,2020-03-20,0,0,NA,NA,NA,NA,NA,NA,NA,NA,NA,NA,NA,NA,80
Feldsperling,226,2020,2020-04-11,1,0,F,T,F,F,?,F,F,F,F,F,F,?,102
Feldsperling,226,2020,2020-05-03,0,0,NA,NA,NA,NA,NA,NA,NA,NA,NA,NA,NA,NA,124
Feldsperling,226,2020,2020-05-22,1,0,F,T,F,F,?,F,F,F,F,F,F,?,143
Feldsperling,227,2018,2018-03-25,0,0,NA,NA,NA,NA,NA,NA,NA,NA,NA,NA,NA,NA,84
Feldsperling,227,2018,2018-04-21,0,0,NA,NA,NA,NA,NA,NA,NA,NA,NA,NA,NA,NA,111
Feldsperling,227,2018,2018-05-19,0,0,NA,NA,NA,NA,NA,NA,NA,NA,NA,NA,NA,NA,139
Feldsperling,227,2018,2018-06-24,1,0,F,F,F,F,?,F,F,F,F,F,F,?,175
Feldsperling,227,2020,2020-03-15,1,0,F,T,F,F,?,T,F,F,F,F,F,?,75
Feldsperling,227,2020,2020-04-09,1,0,F,F,F,F,?,T,F,F,F,F,F,?,100
Feldsperling,227,2020,2020-05-09,2,0,F,F,F,F,?,F,F,F,F,F,F,?,130
Feldsperling,227,2020,2020-05-22,1,0,F,F,F,F,?,F,F,F,F,F,F,?,143
Feldsperling,227,2021,2021-03-20,2,0,F,?,?,?,?,T,F,?,?,?,?,?,79
Feldsperling,227,2021,2021-04-24,2,0,F,?,?,?,?,T,F,?,?,?,?,?,114
Feldsperling,227,2021,2021-05-08,1,0,F,?,?,?,?,?,F,?,?,T,?,?,128
Feldsperling,227,2021,2021-05-22,2,0,F,?,?,?,?,?,F,?,T,?,?,?,142
Feldsperling,228,2019,2019-03-28,8,0,F,T,F,F,?,T,F,F,F,F,F,?,87
Feldsperling,228,2019,2019-05-19,8,0,F,T,T,F,?,F,F,F,F,F,F,?,139
Feldsperling,228,2019,2019-06-17,8,0,F,T,F,F,?,F,F,F,F,F,F,?,168
Feldsperling,228,2019,2019-04-22,14,0,F,T,F,F,?,T,F,F,F,F,F,?,112
Feldsperling,228,2020,2020-03-20,19,0,F,T,F,F,?,T,F,F,F,F,F,?,80
Feldsperling,228,2020,2020-04-24,5,0,F,T,T,F,?,T,F,F,F,F,F,?,115
Feldsperling,228,2020,2020-05-20,6,0,F,T,T,F,?,T,F,F,F,F,F,?,141
Feldsperling,228,2020,2020-06-15,6,0,F,F,T,F,?,T,F,F,F,F,F,?,167
Feldsperling,228,2021,2021-03-25,20,0,?,T,F,F,?,F,F,?,F,F,F,?,84
Feldsperling,228,2021,2021-06-04,5,0,?,T,F,F,?,F,F,?,F,F,F,?,155
Feldsperling,228,2021,2021-05-15,8,0,?,T,F,F,?,F,F,?,F,F,F,?,135
Feldsperling,228,2021,2021-04-24,10,0,?,T,F,F,?,F,F,?,F,F,F,?,114
Feldsperling,228,2021,2021-04-15,0,0,NA,NA,NA,NA,NA,NA,NA,NA,NA,NA,NA,NA,105
Feldsperling,228,2022,2022-03-18,10,0,F,T,F,F,?,T,F,F,F,F,F,?,77
Feldsperling,228,2022,2022-04-13,13,0,F,T,F,F,?,T,F,F,F,T,F,?,103
Feldsperling,228,2022,2022-06-01,6,0,F,T,F,F,?,T,F,F,F,T,F,?,152
Feldsperling,228,2022,2022-05-09,3,0,F,T,F,F,?,T,F,F,F,F,F,?,129
Feldsperling,228,2023,2023-03-17,6,0,F,T,F,F,F,F,F,F,F,F,F,?,76
Feldsperling,228,2023,2023-04-20,1,0,F,T,F,F,F,F,F,F,F,F,F,?,110
Feldsperling,228,2023,2023-05-14,7,0,F,T,F,F,F,F,F,F,F,T,F,?,134
Feldsperling,228,2023,2023-06-10,5,0,F,T,F,F,F,F,F,F,F,F,F,?,161
Feldsperling,237,2021,2021-04-02,0,0,NA,NA,NA,NA,NA,NA,NA,NA,NA,NA,NA,NA,92
Feldsperling,237,2021,2021-04-24,0,0,NA,NA,NA,NA,NA,NA,NA,NA,NA,NA,NA,NA,114
Feldsperling,237,2021,2021-05-15,4,0,F,?,?,?,?,?,F,?,?,?,?,?,135
Feldsperling,237,2021,2021-06-17,4,0,F,T,?,?,?,?,F,?,?,?,T,?,168
Feldsperling,238,2019,2019-03-20,1,0,F,F,F,F,?,F,F,F,F,F,F,?,79
Feldsperling,238,2019,2019-04-15,1,0,F,F,F,F,?,F,F,F,F,F,F,?,105
Feldsperling,238,2019,2019-05-17,2,0,F,F,T,F,?,F,F,F,F,F,F,?,137
Feldsperling,238,2019,2019-06-02,1,0,F,F,F,F,?,F,F,F,F,F,F,?,153
Feldsperling,238,2020,2020-03-19,4,0,F,F,T,F,?,F,F,F,F,F,F,?,79
Feldsperling,238,2020,2020-04-11,2,0,F,T,F,F,?,T,F,F,F,F,F,?,102
Feldsperling,238,2020,2020-05-11,0,0,NA,NA,NA,NA,NA,NA,NA,NA,NA,NA,NA,NA,132
Feldsperling,238,2020,2020-06-08,0,0,NA,NA,NA,NA,NA,NA,NA,NA,NA,NA,NA,NA,160
Feldsperling,238,2021,2021-03-29,1,0,?,F,F,F,?,T,F,?,F,F,F,?,88
Feldsperling,238,2021,2021-04-20,2,0,?,F,F,F,?,F,F,?,F,F,F,?,110
Feldsperling,238,2021,2021-05-10,0,0,NA,NA,NA,NA,NA,NA,NA,NA,NA,NA,NA,NA,130
Feldsperling,238,2021,2021-06-03,1,0,?,T,F,F,?,F,F,?,F,F,F,?,154
Feldsperling,238,2022,2022-03-25,0,0,NA,NA,NA,NA,NA,NA,NA,NA,NA,NA,NA,NA,84
Feldsperling,238,2022,2022-04-16,2,0,F,F,T,F,?,F,F,F,F,F,F,?,106
Feldsperling,238,2022,2022-05-20,1,0,F,F,F,F,?,F,F,F,F,F,F,?,140
Feldsperling,238,2022,2022-06-02,1,0,F,T,F,F,?,F,F,F,F,F,F,?,153
Feldsperling,238,2023,2023-03-18,0,0,NA,NA,NA,NA,NA,NA,NA,NA,NA,NA,NA,NA,77
Feldsperling,238,2023,2023-04-14,1,0,F,T,F,F,F,F,F,F,F,F,F,?,104
Feldsperling,238,2023,2023-05-07,1,0,F,T,F,F,F,F,F,F,F,F,F,?,127
Feldsperling,238,2023,2023-06-05,1,0,F,F,F,F,F,F,F,F,F,F,F,?,156
Feldsperling,239,2021,2021-04-30,6,0,F,T,T,F,?,F,F,F,F,F,F,?,120
Feldsperling,239,2021,2021-05-15,3,0,F,F,F,F,?,F,F,F,F,F,F,?,135
Feldsperling,239,2021,2021-06-05,1,0,F,F,F,F,?,F,F,F,F,F,F,?,156
Feldsperling,241,2019,2019-03-23,15,0,F,T,F,F,?,F,F,T,F,F,F,?,82
Feldsperling,241,2019,2019-04-18,15,0,F,T,T,F,?,T,F,F,F,T,F,?,108
Feldsperling,241,2019,2019-05-10,6,0,F,T,T,F,?,F,F,F,F,F,F,?,130
Feldsperling,241,2019,2019-06-06,2,0,F,T,F,F,?,F,F,F,F,T,F,?,157
Feldsperling,241,2020,2020-03-24,12,0,F,T,T,F,?,F,F,F,F,F,F,?,84
Feldsperling,241,2020,2020-04-17,14,0,F,T,F,F,?,F,F,F,F,T,F,?,108
Feldsperling,241,2020,2020-05-08,12,0,F,T,T,F,?,F,F,F,F,T,F,?,129
Feldsperling,241,2020,2020-06-03,6,0,F,T,T,F,?,F,F,F,T,F,F,?,155
Feldsperling,241,2021,2021-03-25,19,0,?,T,F,F,?,F,F,?,F,F,F,?,84
Feldsperling,241,2021,2021-04-23,13,0,?,T,F,F,?,F,F,?,F,T,F,?,113
Feldsperling,241,2021,2021-05-18,12,0,?,T,F,F,?,F,F,?,F,F,F,?,138
Feldsperling,241,2021,2021-06-09,2,0,?,T,F,F,?,F,F,?,F,F,F,?,160
Feldsperling,241,2022,2022-03-18,8,0,F,T,F,F,?,F,F,F,F,F,F,?,77
Feldsperling,241,2022,2022-04-21,10,0,F,T,F,F,?,F,F,F,F,F,F,?,111
Feldsperling,241,2022,2022-05-18,8,0,F,T,F,F,?,T,F,F,F,T,F,?,138
Feldsperling,241,2022,2022-06-10,0,0,NA,NA,NA,NA,NA,NA,NA,NA,NA,NA,NA,NA,161
Feldsperling,241,2023,2023-03-22,8,0,F,T,F,F,F,F,F,F,F,T,F,?,81
Feldsperling,241,2023,2023-04-22,9,0,F,T,F,F,F,F,F,F,T,T,F,?,112
Feldsperling,241,2023,2023-05-07,5,0,F,T,F,F,F,F,F,F,F,T,F,?,127
Feldsperling,241,2023,2023-06-10,3,0,F,F,F,F,F,F,F,F,F,T,T,?,161
Feldsperling,246,2020,2020-03-18,1,0,?,T,F,F,?,F,F,?,F,F,F,?,78
Feldsperling,246,2020,2020-04-19,0,0,NA,NA,NA,NA,NA,NA,NA,NA,NA,NA,NA,NA,110
Feldsperling,246,2020,2020-05-19,0,0,NA,NA,NA,NA,NA,NA,NA,NA,NA,NA,NA,NA,140
Feldsperling,246,2020,2020-06-17,0,0,NA,NA,NA,NA,NA,NA,NA,NA,NA,NA,NA,NA,169
Feldsperling,247,2021,2021-03-25,3,0,F,F,F,F,?,F,F,F,F,F,F,?,84
Feldsperling,247,2021,2021-04-28,0,0,NA,NA,NA,NA,NA,NA,NA,NA,NA,NA,NA,NA,118
Feldsperling,247,2021,2021-05-16,1,0,F,F,F,F,?,F,F,F,F,F,F,?,136
Feldsperling,247,2021,2021-06-20,1,0,F,F,F,F,?,F,F,F,T,F,F,?,171
Feldsperling,248,2020,2020-03-20,1,0,F,F,T,F,F,F,F,F,F,F,F,?,80
Feldsperling,248,2020,2020-04-14,0,0,NA,NA,NA,NA,NA,NA,NA,NA,NA,NA,NA,NA,105
Feldsperling,248,2020,2020-05-12,0,0,NA,NA,NA,NA,NA,NA,NA,NA,NA,NA,NA,NA,133
Feldsperling,248,2020,2020-06-05,0,0,NA,NA,NA,NA,NA,NA,NA,NA,NA,NA,NA,NA,157
Feldsperling,248,2021,2021-03-22,0,0,NA,NA,NA,NA,NA,NA,NA,NA,NA,NA,NA,NA,81
Feldsperling,248,2021,2021-04-16,10,0,?,?,T,?,?,?,?,?,?,?,?,?,106
Feldsperling,248,2021,2021-05-13,0,0,NA,NA,NA,NA,NA,NA,NA,NA,NA,NA,NA,NA,133
Feldsperling,248,2021,2021-05-31,0,0,NA,NA,NA,NA,NA,NA,NA,NA,NA,NA,NA,NA,151
Feldsperling,248,2022,2022-03-18,0,0,NA,NA,NA,NA,NA,NA,NA,NA,NA,NA,NA,NA,77
Feldsperling,248,2022,2022-04-07,0,0,NA,NA,NA,NA,NA,NA,NA,NA,NA,NA,NA,NA,97
Feldsperling,248,2022,2022-05-06,1,0,F,T,F,F,F,F,F,F,F,F,F,?,126
Feldsperling,248,2022,2022-06-09,0,0,NA,NA,NA,NA,NA,NA,NA,NA,NA,NA,NA,NA,160
Feldsperling,251,2021,2021-03-25,5,0,?,T,T,?,?,T,?,T,?,?,?,?,84
Feldsperling,251,2021,2021-04-24,2,0,?,?,T,?,?,T,?,?,?,?,?,?,114
Feldsperling,251,2021,2021-05-10,2,0,?,?,T,?,?,T,?,?,?,?,?,?,130
Feldsperling,251,2021,2021-06-05,1,0,?,?,T,?,?,?,?,?,?,?,?,?,156
Feldsperling,257,2018,2018-03-14,2,0,?,F,F,F,?,F,F,F,F,F,F,?,73
Feldsperling,257,2018,2018-04-06,4,0,?,F,F,F,?,T,F,F,F,T,F,?,96
Feldsperling,257,2018,2018-05-02,0,0,NA,NA,NA,NA,NA,NA,NA,NA,NA,NA,NA,NA,122
Feldsperling,257,2018,2018-05-30,4,0,?,F,F,F,?,F,F,F,F,F,F,?,150
Feldsperling,257,2020,2020-03-17,5,0,F,T,F,F,?,F,F,F,F,F,F,?,77
Feldsperling,257,2020,2020-04-05,0,0,NA,NA,NA,NA,NA,NA,NA,NA,NA,NA,NA,NA,96
Feldsperling,257,2020,2020-04-18,0,0,NA,NA,NA,NA,NA,NA,NA,NA,NA,NA,NA,NA,109
Feldsperling,257,2020,2020-05-31,0,0,NA,NA,NA,NA,NA,NA,NA,NA,NA,NA,NA,NA,152
Feldsperling,257,2021,2021-03-21,8,0,F,T,F,F,?,T,F,F,F,F,F,?,80
Feldsperling,257,2021,2021-04-17,2,0,F,F,F,T,?,T,F,F,F,F,F,?,107
Feldsperling,257,2021,2021-05-10,0,0,NA,NA,NA,NA,NA,NA,NA,NA,NA,NA,NA,NA,130
Feldsperling,257,2021,2021-05-30,2,0,F,F,T,T,?,F,F,F,F,F,F,?,150
Feldsperling,259,2023,2023-03-21,1,0,F,T,F,F,F,F,F,F,F,F,F,?,80
Feldsperling,259,2023,2023-04-13,0,0,NA,NA,NA,NA,NA,NA,NA,NA,NA,NA,NA,NA,103
Feldsperling,259,2023,2023-05-09,0,0,NA,NA,NA,NA,NA,NA,NA,NA,NA,NA,NA,NA,129
Feldsperling,259,2023,2023-06-06,0,0,NA,NA,NA,NA,NA,NA,NA,NA,NA,NA,NA,NA,157
Feldsperling,263,2018,2018-03-29,0,0,NA,NA,NA,NA,NA,NA,NA,NA,NA,NA,NA,NA,88
Feldsperling,263,2018,2018-04-11,0,0,NA,NA,NA,NA,NA,NA,NA,NA,NA,NA,NA,NA,101
Feldsperling,263,2018,2018-04-15,0,0,NA,NA,NA,NA,NA,NA,NA,NA,NA,NA,NA,NA,105
Feldsperling,263,2018,2018-06-03,1,0,F,T,F,F,?,F,F,F,F,F,F,?,154
Feldsperling,268,2020,2020-03-15,0,0,NA,NA,NA,NA,NA,NA,NA,NA,NA,NA,NA,NA,75
Feldsperling,268,2020,2020-04-05,0,0,NA,NA,NA,NA,NA,NA,NA,NA,NA,NA,NA,NA,96
Feldsperling,268,2020,2020-05-08,1,0,F,T,F,F,?,F,F,F,F,F,F,?,129
Feldsperling,268,2020,2020-05-27,0,0,NA,NA,NA,NA,NA,NA,NA,NA,NA,NA,NA,NA,148
Feldsperling,272,2019,2019-03-25,6,0,F,F,T,F,?,F,F,F,F,F,F,?,84
Feldsperling,272,2019,2019-04-14,6,0,F,F,T,F,?,F,F,F,F,T,F,?,104
Feldsperling,272,2019,2019-05-07,5,0,F,F,T,F,?,F,F,F,T,F,F,?,127
Feldsperling,272,2019,2019-06-03,4,0,F,F,T,F,?,F,F,F,F,F,F,?,154
Feldsperling,272,2020,2020-03-20,0,0,NA,NA,NA,NA,NA,NA,NA,NA,NA,NA,NA,NA,80
Feldsperling,272,2020,2020-04-25,0,0,NA,NA,NA,NA,NA,NA,NA,NA,NA,NA,NA,NA,116
Feldsperling,272,2020,2020-05-18,0,0,NA,NA,NA,NA,NA,NA,NA,NA,NA,NA,NA,NA,139
Feldsperling,272,2020,2020-06-19,6,0,F,T,F,F,?,F,F,F,F,F,F,?,171
Feldsperling,272,2021,2021-03-24,7,0,F,T,F,F,?,F,F,F,F,F,F,?,83
Feldsperling,272,2021,2021-05-20,2,0,F,T,T,F,?,F,F,F,F,F,F,?,140
Feldsperling,272,2021,2021-06-16,0,0,NA,NA,NA,NA,NA,NA,NA,NA,NA,NA,NA,NA,167
Feldsperling,272,2021,2021-04-21,0,0,NA,NA,NA,NA,NA,NA,NA,NA,NA,NA,NA,NA,111
Feldsperling,272,2022,2022-03-23,7,0,F,T,F,F,F,F,F,F,F,F,F,?,82
Feldsperling,272,2022,2022-05-10,0,0,NA,NA,NA,NA,NA,NA,NA,NA,NA,NA,NA,NA,130
Feldsperling,272,2022,2022-06-08,0,0,NA,NA,NA,NA,NA,NA,NA,NA,NA,NA,NA,NA,159
Feldsperling,272,2022,2022-04-20,1,0,F,F,F,F,F,F,F,F,F,F,F,?,110
Feldsperling,272,2023,2023-03-17,1,0,F,F,T,F,F,F,F,F,F,F,F,?,76
Feldsperling,272,2023,2023-04-19,0,0,NA,NA,NA,NA,NA,NA,NA,NA,NA,NA,NA,NA,109
Feldsperling,272,2023,2023-05-16,0,0,NA,NA,NA,NA,NA,NA,NA,NA,NA,NA,NA,NA,136
Feldsperling,272,2023,2023-06-15,0,0,NA,NA,NA,NA,NA,NA,NA,NA,NA,NA,NA,NA,166
Feldsperling,273,2019,2019-03-19,18,0,F,F,T,F,?,F,F,F,F,F,F,?,78
Feldsperling,273,2019,2019-04-22,12,0,F,F,T,F,?,F,F,F,T,T,F,?,112
Feldsperling,273,2019,2019-05-30,17,0,F,F,T,F,?,F,F,F,T,F,F,?,150
Feldsperling,273,2019,2019-06-18,16,0,F,F,T,T,?,F,F,F,T,T,F,?,169
Feldsperling,273,2020,2020-03-25,11,0,F,T,T,F,?,F,F,F,F,F,F,?,85
Feldsperling,273,2020,2020-04-22,12,0,F,T,T,F,?,T,F,F,F,F,F,?,113
Feldsperling,273,2020,2020-05-20,5,0,F,T,F,F,?,F,F,F,F,F,F,?,141
Feldsperling,273,2020,2020-06-18,6,0,F,T,F,F,?,F,F,F,F,F,F,?,170
Feldsperling,273,2021,2021-03-30,8,0,F,T,F,F,?,F,F,F,F,F,F,?,89
Feldsperling,273,2021,2021-04-25,14,0,F,T,F,F,?,F,F,F,F,F,F,?,115
Feldsperling,273,2021,2021-05-12,8,0,F,T,F,F,?,F,F,F,F,F,F,?,132
Feldsperling,273,2021,2021-06-09,4,0,F,T,T,F,?,F,F,F,F,F,F,?,160
Feldsperling,273,2022,2022-03-31,4,0,F,T,T,F,F,F,F,F,F,F,F,?,90
Feldsperling,273,2022,2022-04-22,6,0,F,T,T,F,F,F,F,F,F,F,F,?,112
Feldsperling,273,2022,2022-05-20,2,0,F,T,F,F,F,F,F,F,F,F,F,?,140
Feldsperling,273,2022,2022-06-16,10,0,F,T,F,F,F,F,F,F,F,F,F,?,167
Feldsperling,273,2023,2023-03-29,5,0,F,T,F,F,F,F,F,F,F,F,F,?,88
Feldsperling,273,2023,2023-04-20,4,0,F,T,F,F,F,F,F,F,F,F,F,?,110
Feldsperling,273,2023,2023-05-18,8,0,F,T,T,F,F,F,F,F,F,F,F,?,138
Feldsperling,273,2023,2023-06-20,2,0,F,T,F,F,F,F,F,F,F,T,F,?,171
Feldsperling,274,2019,2019-03-25,0,0,NA,NA,NA,NA,NA,NA,NA,NA,NA,NA,NA,NA,84
Feldsperling,274,2019,2019-04-18,8,0,F,F,T,F,?,F,F,F,F,F,F,?,108
Feldsperling,274,2019,2019-05-24,7,0,F,F,T,F,?,F,F,F,F,F,F,?,144
Feldsperling,274,2019,2019-06-03,9,0,F,F,T,F,?,F,F,F,F,F,F,?,154
Feldsperling,274,2020,2020-03-24,1,0,F,T,F,F,?,F,F,F,F,F,F,?,84
Feldsperling,274,2020,2020-04-27,0,0,NA,NA,NA,NA,NA,NA,NA,NA,NA,NA,NA,NA,118
Feldsperling,274,2020,2020-05-19,2,0,F,T,F,F,?,F,F,F,F,F,F,?,140
Feldsperling,274,2020,2020-06-17,4,0,F,F,F,F,?,F,F,F,F,F,F,?,169
Feldsperling,274,2021,2021-03-25,0,0,NA,NA,NA,NA,NA,NA,NA,NA,NA,NA,NA,NA,84
Feldsperling,274,2021,2021-04-28,15,15,T,F,F,F,?,F,F,F,F,F,F,?,118
Feldsperling,274,2021,2021-05-10,4,0,F,T,F,F,?,F,F,F,F,F,F,?,130
Feldsperling,274,2021,2021-06-18,0,0,NA,NA,NA,NA,NA,NA,NA,NA,NA,NA,NA,NA,169
Feldsperling,274,2023,2023-03-28,0,0,NA,NA,NA,NA,NA,NA,NA,NA,NA,NA,NA,NA,87
Feldsperling,274,2023,2023-04-25,0,0,NA,NA,NA,NA,NA,NA,NA,NA,NA,NA,NA,NA,115
Feldsperling,274,2023,2023-05-16,1,0,F,T,F,F,F,F,F,F,F,T,F,?,136
Feldsperling,274,2023,2023-06-16,0,0,NA,NA,NA,NA,NA,NA,NA,NA,NA,NA,NA,NA,167
Feldsperling,275,2019,2019-03-26,18,0,F,T,T,F,?,F,F,F,F,F,F,?,85
Feldsperling,275,2019,2019-04-16,11,0,F,F,T,F,?,F,F,F,F,F,F,?,106
Feldsperling,275,2019,2019-05-09,51,0,F,T,T,F,?,F,F,F,F,F,F,?,129
Feldsperling,275,2020,2020-03-24,0,0,NA,NA,NA,NA,NA,NA,NA,NA,NA,NA,NA,NA,84
Feldsperling,275,2020,2020-04-27,0,0,NA,NA,NA,NA,NA,NA,NA,NA,NA,NA,NA,NA,118
Feldsperling,275,2020,2020-05-19,1,0,F,T,F,F,?,F,F,F,F,F,F,?,140
Feldsperling,275,2020,2020-06-17,6,0,F,T,F,F,?,F,F,F,F,F,F,?,169
Feldsperling,275,2021,2021-03-25,2,0,F,F,F,F,?,F,F,F,F,F,F,?,84
Feldsperling,275,2021,2021-04-28,1,0,F,T,F,F,?,F,F,F,F,F,F,?,118
Feldsperling,275,2021,2021-05-10,2,0,F,T,F,F,?,F,F,F,T,F,F,?,130
Feldsperling,275,2021,2021-06-18,5,0,F,T,F,F,?,F,F,F,F,F,F,?,169
Feldsperling,275,2022,2022-04-27,2,0,F,T,F,F,F,F,F,F,F,F,F,?,117
Feldsperling,275,2022,2022-05-19,1,0,F,F,F,F,F,F,F,T,F,F,F,?,139
Feldsperling,275,2022,2022-06-08,2,0,F,T,F,F,F,F,F,F,F,F,F,?,159
Feldsperling,275,2022,2022-03-31,0,0,NA,NA,NA,NA,NA,NA,NA,NA,NA,NA,NA,NA,90
Feldsperling,275,2023,2023-03-15,3,0,F,T,F,F,F,F,F,F,F,F,F,?,74
Feldsperling,275,2023,2023-04-25,2,0,F,T,F,F,F,F,F,F,F,F,F,?,115
Feldsperling,275,2023,2023-05-16,0,0,NA,NA,NA,NA,NA,NA,NA,NA,NA,NA,NA,NA,136
Feldsperling,276,2018,2018-04-22,0,0,NA,NA,NA,NA,NA,NA,NA,NA,NA,NA,NA,NA,112
Feldsperling,276,2018,2018-06-18,6,0,F,F,F,F,?,F,F,F,F,F,F,?,169
Feldsperling,276,2018,2018-03-29,5,0,F,F,F,F,?,F,F,F,F,F,F,?,88
Feldsperling,276,2018,2018-05-21,0,0,NA,NA,NA,NA,NA,NA,NA,NA,NA,NA,NA,NA,141
Feldsperling,276,2020,2020-03-27,7,0,F,T,F,F,?,F,F,F,F,F,F,?,87
Feldsperling,276,2020,2020-04-26,6,0,F,T,F,F,?,T,F,F,F,F,F,?,117
Feldsperling,276,2020,2020-05-21,5,0,F,T,F,F,?,F,F,F,F,F,F,?,142
Feldsperling,276,2020,2020-06-24,5,0,F,F,F,F,?,F,F,F,F,F,F,?,176
Feldsperling,276,2021,2021-04-25,0,0,NA,NA,NA,NA,NA,NA,NA,NA,NA,NA,NA,NA,115
Feldsperling,276,2021,2021-06-21,0,0,NA,NA,NA,NA,NA,NA,NA,NA,NA,NA,NA,NA,172
Feldsperling,276,2021,2021-03-28,7,0,F,T,F,F,?,F,F,F,F,F,F,?,87
Feldsperling,276,2021,2021-05-24,5,0,F,T,F,F,?,F,F,F,F,F,F,?,144
Feldsperling,281,2021,2021-03-31,0,0,NA,NA,NA,NA,NA,NA,NA,NA,NA,NA,NA,NA,90
Feldsperling,281,2021,2021-04-23,1,0,F,T,F,F,?,F,F,F,F,F,F,?,113
Feldsperling,281,2021,2021-05-14,0,0,NA,NA,NA,NA,NA,NA,NA,NA,NA,NA,NA,NA,134
Feldsperling,281,2021,2021-06-11,0,0,NA,NA,NA,NA,NA,NA,NA,NA,NA,NA,NA,NA,162
Feldsperling,290,2019,2019-03-31,27,0,F,T,T,F,?,F,F,F,F,F,F,?,90
Feldsperling,290,2019,2019-04-18,44,0,F,T,T,F,?,F,F,F,F,F,F,?,108
Feldsperling,290,2019,2019-05-13,18,0,F,T,T,F,?,F,F,F,F,T,F,?,133
Feldsperling,290,2019,2019-06-08,18,0,F,T,T,F,?,F,F,F,F,F,F,?,159
Feldsperling,290,2020,2020-03-20,29,0,F,T,F,F,?,F,F,F,F,F,F,?,80
Feldsperling,290,2020,2020-04-25,5,0,F,T,F,F,?,F,F,F,F,F,F,?,116
Feldsperling,290,2020,2020-05-18,7,0,F,T,F,F,?,T,F,F,F,F,F,?,139
Feldsperling,290,2020,2020-06-19,8,0,F,T,F,F,?,F,F,F,F,F,F,?,171
Feldsperling,290,2021,2021-03-24,11,0,F,T,F,F,?,F,F,F,F,F,F,?,83
Feldsperling,290,2021,2021-04-21,11,0,F,T,F,F,?,F,F,F,F,F,F,?,111
Feldsperling,290,2021,2021-05-20,5,0,F,T,F,F,?,F,F,F,F,F,F,?,140
Feldsperling,290,2021,2021-06-16,5,0,F,T,F,F,?,F,F,F,F,F,F,?,167
Feldsperling,290,2022,2022-03-23,5,0,F,T,F,F,F,F,F,F,F,F,F,?,82
Feldsperling,290,2022,2022-04-20,5,0,F,T,T,F,F,F,F,F,F,F,F,?,110
Feldsperling,290,2022,2022-05-10,3,0,F,T,F,F,F,F,F,F,F,F,F,?,130
Feldsperling,290,2022,2022-06-08,1,0,F,T,F,F,F,F,F,F,F,F,F,?,159
Feldsperling,290,2023,2023-03-21,2,0,F,F,F,F,F,F,F,F,F,F,F,?,80
Feldsperling,290,2023,2023-04-13,7,0,F,T,F,F,F,F,F,F,F,F,F,?,103
Feldsperling,290,2023,2023-05-10,4,0,F,T,F,F,F,F,F,F,F,F,F,?,130
Feldsperling,290,2023,2023-06-13,1,0,F,T,F,F,F,F,F,F,F,F,F,?,164
Feldsperling,292,2023,2023-03-23,0,0,NA,NA,NA,NA,NA,NA,NA,NA,NA,NA,NA,NA,82
Feldsperling,292,2023,2023-04-27,0,0,NA,NA,NA,NA,NA,NA,NA,NA,NA,NA,NA,NA,117
Feldsperling,292,2023,2023-05-18,1,0,F,T,F,F,F,F,F,F,F,F,F,?,138
Feldsperling,292,2023,2023-06-16,0,0,NA,NA,NA,NA,NA,NA,NA,NA,NA,NA,NA,NA,167
Feldsperling,295,2018,2018-03-24,6,0,?,F,F,F,?,F,F,F,F,F,F,?,83
Feldsperling,295,2018,2018-04-14,6,0,?,F,F,F,?,F,F,F,F,F,F,?,104
Feldsperling,295,2018,2018-05-12,0,0,NA,NA,NA,NA,NA,NA,NA,NA,NA,NA,NA,NA,132
Feldsperling,295,2018,2018-06-09,0,0,NA,NA,NA,NA,NA,NA,NA,NA,NA,NA,NA,NA,160
Feldsperling,295,2020,2020-03-18,5,0,F,F,F,F,?,F,F,F,F,F,F,?,78
Feldsperling,295,2020,2020-04-08,4,0,F,F,T,F,?,F,F,F,F,F,F,?,99
Feldsperling,295,2020,2020-05-09,8,0,T,T,F,F,?,F,F,F,F,F,F,?,130
Feldsperling,295,2020,2020-06-13,8,8,T,T,F,F,?,F,F,F,F,F,F,?,165
Feldsperling,295,2021,2021-03-28,9,0,F,?,?,?,?,?,F,?,?,?,?,?,87
Feldsperling,295,2021,2021-04-17,7,0,F,?,?,?,?,?,F,?,?,?,?,?,107
Feldsperling,295,2021,2021-05-09,5,0,F,T,?,?,?,?,F,?,?,?,?,?,129
Feldsperling,295,2021,2021-05-24,10,0,F,T,?,?,?,?,F,?,?,?,?,?,144
Feldsperling,301,2018,2018-03-24,2,0,?,F,F,F,?,F,F,F,F,F,F,?,83
Feldsperling,301,2018,2018-04-14,2,0,?,F,F,F,?,F,F,F,F,F,F,?,104
Feldsperling,301,2018,2018-05-11,2,0,?,F,F,F,?,F,F,F,T,F,F,?,131
Feldsperling,301,2018,2018-06-02,0,0,NA,NA,NA,NA,NA,NA,NA,NA,NA,NA,NA,NA,153
Feldsperling,301,2020,2020-03-29,0,0,NA,NA,NA,NA,NA,NA,NA,NA,NA,NA,NA,NA,89
Feldsperling,301,2020,2020-04-18,2,0,F,F,F,F,?,F,F,F,F,F,F,?,109
Feldsperling,301,2020,2020-05-08,0,0,NA,NA,NA,NA,NA,NA,NA,NA,NA,NA,NA,NA,129
Feldsperling,301,2020,2020-06-08,0,0,NA,NA,NA,NA,NA,NA,NA,NA,NA,NA,NA,NA,160
Feldsperling,301,2021,2021-03-26,1,0,F,F,F,F,?,T,F,F,F,F,F,?,85
Feldsperling,301,2021,2021-04-17,1,0,F,F,F,F,?,F,F,F,F,F,F,?,107
Feldsperling,301,2021,2021-05-11,0,0,NA,NA,NA,NA,NA,NA,NA,NA,NA,NA,NA,NA,131
Feldsperling,301,2021,2021-06-06,0,0,NA,NA,NA,NA,NA,NA,NA,NA,NA,NA,NA,NA,157
Feldsperling,303,2019,2019-03-18,4,0,F,T,T,F,?,F,F,F,F,F,F,?,77
Feldsperling,303,2019,2019-04-12,6,0,F,T,T,F,?,F,F,F,F,F,F,?,102
Feldsperling,303,2019,2019-05-06,6,0,F,T,T,F,?,F,F,F,F,F,F,?,126
Feldsperling,303,2019,2019-06-02,11,0,F,F,T,F,?,F,F,F,F,T,F,?,153
Feldsperling,303,2020,2020-03-28,13,0,F,T,T,F,?,F,F,F,F,F,F,?,88
Feldsperling,303,2020,2020-04-18,9,0,F,T,T,F,?,F,F,F,F,F,F,?,109
Feldsperling,303,2020,2020-05-09,9,0,F,T,T,F,?,F,F,F,F,T,F,?,130
Feldsperling,303,2020,2020-06-08,10,0,F,T,T,F,?,F,T,F,F,F,F,?,160
Feldsperling,303,2021,2021-03-29,33,0,F,T,T,F,?,F,F,F,T,F,F,?,88
Feldsperling,303,2021,2021-04-19,11,0,F,T,T,F,?,F,F,F,F,F,F,?,109
Feldsperling,303,2021,2021-05-10,24,0,F,T,T,F,?,F,F,T,T,F,F,?,130
Feldsperling,303,2021,2021-06-04,14,0,F,T,T,F,?,F,F,F,F,F,F,?,155
Feldsperling,303,2022,2022-03-26,10,0,F,T,T,F,F,F,F,F,F,F,F,?,85
Feldsperling,303,2022,2022-04-17,13,0,F,T,T,F,F,F,F,F,F,F,F,?,107
Feldsperling,303,2022,2022-05-12,7,0,F,T,T,F,F,F,F,F,F,F,F,?,132
Feldsperling,303,2022,2022-06-03,16,0,F,T,T,F,F,F,F,F,F,F,F,?,154
Feldsperling,303,2023,2023-03-23,13,0,F,T,T,F,F,F,F,F,F,F,F,?,82
Feldsperling,303,2023,2023-04-15,21,0,F,T,T,F,F,F,F,F,F,F,F,?,105
Feldsperling,303,2023,2023-05-11,20,0,F,T,T,F,F,F,F,F,F,F,F,?,131
Feldsperling,303,2023,2023-06-04,17,0,F,T,T,F,F,F,F,F,F,F,F,?,155
Feldsperling,306,2018,2018-03-26,0,0,NA,NA,NA,NA,NA,NA,NA,NA,NA,NA,NA,NA,85
Feldsperling,306,2018,2018-04-21,0,0,NA,NA,NA,NA,NA,NA,NA,NA,NA,NA,NA,NA,111
Feldsperling,306,2018,2018-06-11,0,0,NA,NA,NA,NA,NA,NA,NA,NA,NA,NA,NA,NA,162
Feldsperling,306,2018,2018-05-08,3,0,F,T,F,F,?,T,F,F,F,F,F,?,128
Feldsperling,308,2019,2019-03-21,11,0,F,F,F,F,?,T,F,F,F,F,T,?,80
Feldsperling,308,2019,2019-04-18,8,0,F,T,T,F,?,T,F,T,F,T,F,?,108
Feldsperling,308,2019,2019-05-16,10,0,F,T,T,F,?,T,F,F,T,T,F,?,136
Feldsperling,308,2019,2019-06-14,6,0,F,F,T,F,?,F,F,F,T,T,F,?,165
Feldsperling,308,2020,2020-03-28,20,0,F,T,T,F,?,T,F,F,F,F,F,?,88
Feldsperling,308,2020,2020-04-18,12,0,F,T,T,F,?,T,F,T,F,F,F,?,109
Feldsperling,308,2020,2020-05-19,17,0,F,F,T,F,?,T,F,F,T,T,T,?,140
Feldsperling,308,2020,2020-06-20,13,0,F,F,T,F,?,F,F,F,F,T,F,?,172
Feldsperling,308,2021,2021-03-24,19,0,?,T,T,F,?,T,F,?,F,F,F,?,83
Feldsperling,308,2021,2021-04-17,21,0,?,T,T,F,?,T,F,?,F,F,F,?,107
Feldsperling,308,2021,2021-05-14,17,0,?,T,T,F,?,T,F,?,T,T,T,?,134
Feldsperling,308,2021,2021-06-15,16,0,?,F,T,F,?,T,F,?,F,T,T,?,166
Feldsperling,308,2022,2022-03-21,12,0,F,T,F,F,?,T,F,F,F,F,F,?,80
Feldsperling,308,2022,2022-04-21,9,0,F,T,T,F,?,T,F,F,F,T,F,?,111
Feldsperling,308,2022,2022-05-11,7,0,F,T,F,F,?,T,F,F,F,F,F,?,131
Feldsperling,308,2022,2022-06-06,14,0,F,T,F,T,?,T,F,F,F,F,T,?,157
Feldsperling,308,2023,2023-03-24,5,0,F,F,T,F,F,F,F,F,F,F,F,?,83
Feldsperling,308,2023,2023-04-18,8,0,F,T,T,F,F,T,F,F,F,F,F,?,108
Feldsperling,308,2023,2023-05-12,6,0,F,T,T,F,F,T,F,F,F,T,F,?,132
Feldsperling,308,2023,2023-06-12,6,0,F,T,T,F,F,F,F,F,T,T,F,?,163
Feldsperling,309,2018,2018-03-25,1,0,?,F,F,F,?,F,F,F,F,F,F,?,84
Feldsperling,309,2018,2018-04-07,2,0,?,T,T,F,?,F,F,F,F,F,F,?,97
Feldsperling,309,2018,2018-05-11,1,0,?,F,F,F,?,F,F,F,F,F,F,?,131
Feldsperling,309,2018,2018-06-03,1,0,?,F,F,F,?,F,F,F,F,F,F,?,154
Feldsperling,309,2020,2020-03-20,1,0,F,F,T,F,?,F,F,F,F,F,F,?,80
Feldsperling,309,2020,2020-04-09,4,0,F,F,T,F,?,F,F,F,F,T,F,?,100
Feldsperling,309,2020,2020-05-07,0,0,NA,NA,NA,NA,NA,NA,NA,NA,NA,NA,NA,NA,128
Feldsperling,309,2020,2020-06-03,2,0,F,F,T,F,?,F,F,F,F,F,F,?,155
Feldsperling,309,2021,2021-03-28,0,0,NA,NA,NA,NA,NA,NA,NA,NA,NA,NA,NA,NA,87
Feldsperling,309,2021,2021-04-27,0,0,NA,NA,NA,NA,NA,NA,NA,NA,NA,NA,NA,NA,117
Feldsperling,309,2021,2021-05-09,4,0,F,F,T,F,?,F,F,F,F,F,F,?,129
Feldsperling,309,2021,2021-06-02,1,0,F,F,T,F,?,F,F,F,F,F,F,?,153
Feldsperling,310,2020,2020-03-28,1,0,F,F,F,F,?,F,F,F,F,F,F,?,88
Feldsperling,310,2020,2020-04-27,0,0,NA,NA,NA,NA,NA,NA,NA,NA,NA,NA,NA,NA,118
Feldsperling,310,2020,2020-05-19,1,0,F,T,F,F,?,F,F,F,F,F,F,?,140
Feldsperling,310,2020,2020-06-20,1,0,F,T,F,F,?,F,F,F,F,F,F,?,172
Feldsperling,310,2021,2021-03-28,0,0,NA,NA,NA,NA,NA,NA,NA,NA,NA,NA,NA,NA,87
Feldsperling,310,2021,2021-04-24,0,0,NA,NA,NA,NA,NA,NA,NA,NA,NA,NA,NA,NA,114
Feldsperling,310,2021,2021-05-15,2,0,F,T,F,F,?,F,F,F,F,F,F,?,135
Feldsperling,310,2021,2021-06-12,0,0,NA,NA,NA,NA,NA,NA,NA,NA,NA,NA,NA,NA,163
Feldsperling,311,2019,2019-03-20,13,0,F,T,T,F,?,T,F,F,F,T,F,?,79
Feldsperling,311,2019,2019-04-13,8,0,F,T,T,F,?,T,F,F,F,T,F,?,103
Feldsperling,311,2019,2019-05-13,5,0,F,T,F,F,?,F,F,F,F,F,F,?,133
Feldsperling,311,2019,2019-06-06,3,0,F,T,F,F,?,F,F,F,F,F,F,?,157
Feldsperling,311,2020,2020-03-19,21,0,F,T,F,F,?,F,F,T,F,F,F,?,79
Feldsperling,311,2020,2020-04-16,13,0,F,T,F,F,?,F,F,F,F,F,F,?,107
Feldsperling,311,2020,2020-05-16,8,0,F,T,F,F,?,F,F,F,F,F,F,?,137
Feldsperling,311,2020,2020-06-08,8,0,F,T,F,F,?,F,F,F,F,F,F,?,160
Feldsperling,311,2021,2021-03-26,7,0,?,T,F,F,?,T,F,?,F,F,F,?,85
Feldsperling,311,2021,2021-04-15,5,0,?,T,F,F,?,F,F,?,F,F,F,?,105
Feldsperling,311,2021,2021-05-13,3,0,?,T,T,F,?,F,F,?,F,F,F,?,133
Feldsperling,311,2021,2021-06-05,3,0,?,T,F,F,?,F,F,?,F,F,F,?,156
Feldsperling,311,2021,2011-05-13,0,0,NA,NA,NA,NA,NA,NA,NA,NA,NA,NA,NA,NA,133
Feldsperling,311,2022,2022-03-24,6,0,F,T,T,F,?,T,F,F,F,F,F,?,83
Feldsperling,311,2022,2022-04-20,6,0,F,T,F,F,?,F,F,F,F,F,F,?,110
Feldsperling,311,2022,2022-05-04,3,0,F,T,T,F,?,F,F,F,F,F,F,?,124
Feldsperling,311,2022,2022-06-02,3,0,F,T,F,F,?,F,F,F,F,F,F,?,153
Feldsperling,311,2023,2023-03-24,6,0,F,T,T,F,F,T,F,F,F,F,F,?,83
Feldsperling,311,2023,2023-04-20,3,0,F,T,F,F,F,T,F,T,F,T,F,?,110
Feldsperling,311,2023,2023-05-13,5,0,F,T,F,F,F,T,F,F,F,F,F,?,133
Feldsperling,311,2023,2023-06-05,2,0,F,T,F,F,F,F,F,T,T,T,F,?,156
Feldsperling,313,2020,2020-03-28,0,0,NA,NA,NA,NA,NA,NA,NA,NA,NA,NA,NA,NA,88
Feldsperling,313,2020,2020-05-05,0,0,NA,NA,NA,NA,NA,NA,NA,NA,NA,NA,NA,NA,126
Feldsperling,313,2020,2020-05-26,0,0,NA,NA,NA,NA,NA,NA,NA,NA,NA,NA,NA,NA,147
Feldsperling,313,2020,2020-06-20,1,0,F,T,F,F,?,F,F,F,F,F,F,?,172
Feldsperling,313,2021,2021-04-02,0,0,NA,NA,NA,NA,NA,NA,NA,NA,NA,NA,NA,NA,92
Feldsperling,313,2021,2021-05-04,2,0,F,F,F,F,?,F,F,F,F,F,F,?,124
Feldsperling,313,2021,2021-05-31,0,0,NA,NA,NA,NA,NA,NA,NA,NA,NA,NA,NA,NA,151
Feldsperling,313,2021,2021-06-20,0,0,NA,NA,NA,NA,NA,NA,NA,NA,NA,NA,NA,NA,171
Feldsperling,315,2019,2019-03-22,0,0,NA,NA,NA,NA,NA,NA,NA,NA,NA,NA,NA,NA,81
Feldsperling,315,2019,2019-04-18,2,0,F,T,F,F,?,F,F,F,F,F,F,?,108
Feldsperling,315,2019,2019-05-14,1,0,F,T,F,F,?,F,F,F,F,F,F,?,134
Feldsperling,315,2019,2019-06-14,0,0,NA,NA,NA,NA,NA,NA,NA,NA,NA,NA,NA,NA,165
Feldsperling,315,2020,2020-03-25,1,0,F,F,F,F,?,F,F,F,F,F,F,?,85
Feldsperling,315,2020,2020-03-28,10,0,F,T,F,F,?,F,F,F,F,F,F,?,88
Feldsperling,315,2020,2020-04-18,0,0,NA,NA,NA,NA,NA,NA,NA,NA,NA,NA,NA,NA,109
Feldsperling,315,2020,2020-04-25,2,0,F,T,F,F,?,F,F,F,F,F,F,?,116
Feldsperling,315,2020,2020-05-17,0,0,NA,NA,NA,NA,NA,NA,NA,NA,NA,NA,NA,NA,138
Feldsperling,315,2020,2020-06-12,0,0,NA,NA,NA,NA,NA,NA,NA,NA,NA,NA,NA,NA,164
Feldsperling,315,2020,2020-06-20,1,0,F,F,F,F,?,F,F,F,F,F,F,?,172
Feldsperling,315,2021,2021-03-28,4,0,F,?,?,?,?,?,F,?,?,?,?,?,87
Feldsperling,315,2021,2021-04-16,1,0,?,T,F,F,?,F,F,?,F,F,F,?,106
Feldsperling,315,2021,2021-04-25,0,0,NA,NA,NA,NA,NA,NA,NA,NA,NA,NA,NA,NA,115
Feldsperling,315,2021,2021-05-14,0,0,NA,NA,NA,NA,NA,NA,NA,NA,NA,NA,NA,NA,134
Feldsperling,315,2021,2021-05-16,0,0,NA,NA,NA,NA,NA,NA,NA,NA,NA,NA,NA,NA,136
Feldsperling,315,2021,2021-06-12,0,0,NA,NA,NA,NA,NA,NA,NA,NA,NA,NA,NA,NA,163
Feldsperling,315,2021,2021-06-13,4,0,F,T,?,?,?,?,F,?,?,?,?,?,164
Feldsperling,315,2022,2022-03-25,2,0,F,T,F,F,?,T,F,F,F,F,F,?,84
Feldsperling,315,2022,2022-04-19,1,0,F,T,F,F,?,F,F,F,F,F,F,?,109
Feldsperling,315,2022,2022-05-11,2,0,F,T,F,F,?,F,F,F,F,F,F,?,131
Feldsperling,315,2022,2022-06-15,0,0,NA,NA,NA,NA,NA,NA,NA,NA,NA,NA,NA,NA,166
Feldsperling,316,2019,2019-03-26,21,0,F,T,F,F,?,T,F,F,F,F,F,?,85
Feldsperling,316,2019,2019-04-24,6,0,F,T,F,F,?,F,F,F,F,F,F,?,114
Feldsperling,316,2019,2019-05-17,6,0,F,T,F,F,?,F,F,F,F,T,F,?,137
Feldsperling,316,2019,2019-06-14,8,0,F,T,F,F,?,F,F,F,T,F,F,?,165
Feldsperling,316,2020,2020-03-28,16,0,F,T,T,F,?,F,F,F,F,F,F,?,88
Feldsperling,316,2020,2020-04-24,8,0,F,T,F,F,?,F,F,F,F,T,F,?,115
Feldsperling,316,2020,2020-05-20,10,0,F,T,F,F,?,F,F,F,F,T,F,?,141
Feldsperling,316,2020,2020-06-18,7,0,F,T,T,F,?,F,F,F,F,F,F,?,170
Feldsperling,316,2021,2021-03-29,2,0,?,T,F,F,?,F,F,?,F,F,F,?,88
Feldsperling,316,2021,2021-04-21,14,0,?,T,F,F,?,F,F,?,F,T,F,?,111
Feldsperling,316,2021,2021-05-08,8,0,?,T,T,F,?,F,F,?,T,F,F,?,128
Feldsperling,316,2021,2021-06-10,4,0,?,T,F,F,?,F,F,?,F,F,F,?,161
Feldsperling,316,2022,2022-03-23,12,0,F,T,F,F,?,F,F,F,F,F,F,?,82
Feldsperling,316,2022,2022-04-23,4,0,F,T,F,F,?,F,F,F,F,F,F,?,113
Feldsperling,316,2022,2022-05-19,6,0,F,T,F,F,?,F,F,F,F,T,F,?,139
Feldsperling,316,2022,2022-06-15,3,0,F,T,F,F,?,F,F,F,F,F,F,?,166
Feldsperling,316,2023,2023-03-24,10,0,F,T,F,F,F,F,F,F,F,T,F,?,83
Feldsperling,316,2023,2023-04-29,5,0,F,T,F,F,F,F,F,F,F,T,F,?,119
Feldsperling,316,2023,2023-05-17,6,0,F,T,T,F,F,F,F,F,F,F,F,?,137
Feldsperling,316,2023,2023-06-16,2,0,F,T,F,F,F,F,F,F,F,F,F,?,167
Feldsperling,317,2019,2019-03-22,7,0,F,T,F,F,?,T,F,F,F,F,F,?,81
Feldsperling,317,2019,2019-04-19,10,0,F,T,T,F,?,T,F,F,F,F,F,?,109
Feldsperling,317,2019,2019-05-01,4,0,F,F,T,F,?,T,F,F,F,F,F,?,121
Feldsperling,317,2019,2019-05-31,6,0,F,F,T,F,?,F,F,F,F,T,F,?,151
Feldsperling,317,2020,2020-03-26,3,0,F,T,F,F,?,T,F,F,F,F,F,?,86
Feldsperling,317,2020,2020-04-17,5,0,F,T,F,F,?,T,F,F,F,F,F,?,108
Feldsperling,317,2020,2020-05-04,5,0,F,T,F,F,?,F,F,F,F,T,T,?,125
Feldsperling,317,2020,2020-06-01,2,0,F,T,F,F,?,F,F,F,F,F,F,?,153
Feldsperling,317,2021,2021-03-26,4,0,?,T,T,F,?,T,F,?,F,F,F,?,85
Feldsperling,317,2021,2021-04-10,17,0,?,T,F,F,?,T,F,?,F,F,F,?,100
Feldsperling,317,2021,2021-05-01,6,0,?,T,F,F,?,T,F,?,F,F,F,?,121
Feldsperling,317,2021,2021-06-11,3,0,?,F,T,F,?,F,F,?,F,F,F,?,162
Feldsperling,317,2022,2022-03-23,5,0,F,F,F,F,?,T,F,F,F,F,F,?,82
Feldsperling,317,2022,2022-04-20,5,0,F,T,T,F,?,T,F,F,F,F,F,?,110
Feldsperling,317,2022,2022-05-03,4,0,F,T,T,F,?,T,F,F,F,F,F,?,123
Feldsperling,317,2022,2022-06-03,2,0,F,T,F,F,?,F,F,F,F,F,F,?,154
Feldsperling,317,2023,2023-03-23,6,0,F,T,T,F,F,T,F,F,F,F,F,?,82
Feldsperling,317,2023,2023-04-25,7,0,F,T,T,F,F,T,F,T,F,F,F,?,115
Feldsperling,317,2023,2023-05-14,8,0,F,T,T,F,F,F,F,F,F,F,F,?,134
Feldsperling,317,2023,2023-05-30,6,0,F,T,T,F,F,T,F,F,F,F,F,?,150
Feldsperling,319,2019,2019-03-30,12,0,F,T,F,F,?,T,F,F,F,T,F,?,89
Feldsperling,319,2019,2019-04-11,5,0,F,T,T,F,?,T,F,F,F,T,F,?,101
Feldsperling,319,2019,2019-05-02,10,0,F,T,F,F,?,T,F,T,F,F,F,?,122
Feldsperling,319,2019,2019-05-31,9,0,F,T,T,F,?,T,F,F,T,T,T,?,151
Feldsperling,319,2020,2020-03-27,20,0,F,T,T,F,?,T,F,F,F,F,F,?,87
Feldsperling,319,2020,2020-04-10,7,0,F,T,T,F,?,F,F,T,F,F,F,?,101
Feldsperling,319,2020,2020-05-07,3,0,F,T,F,F,?,T,F,F,F,F,F,?,128
Feldsperling,319,2020,2020-06-03,3,0,F,T,F,F,?,F,F,F,T,F,F,?,155
Feldsperling,319,2020,2020-06-08,0,0,NA,NA,NA,NA,NA,NA,NA,NA,NA,NA,NA,NA,160
Feldsperling,319,2020,2020-05-17,0,0,NA,NA,NA,NA,NA,NA,NA,NA,NA,NA,NA,NA,138
Feldsperling,319,2021,2021-03-25,17,0,?,T,T,F,?,T,F,?,F,F,F,?,84
Feldsperling,319,2021,2021-04-14,14,0,?,T,T,F,?,T,F,?,F,F,F,?,104
Feldsperling,319,2021,2021-05-03,5,0,?,T,F,F,?,F,F,?,F,F,F,?,123
Feldsperling,319,2021,2021-06-09,7,0,?,T,T,F,?,F,F,?,F,F,F,?,160
Feldsperling,319,2022,2022-03-21,5,0,F,T,T,F,?,T,F,F,F,F,F,?,80
Feldsperling,319,2022,2022-04-14,6,0,F,T,F,F,?,T,F,F,F,F,F,?,104
Feldsperling,319,2022,2022-05-03,5,0,F,T,F,F,?,F,F,F,F,F,F,?,123
Feldsperling,319,2022,2022-06-01,8,0,F,T,F,F,?,F,F,F,T,T,F,?,152
Feldsperling,319,2023,2023-03-17,7,0,F,F,T,F,F,T,F,F,F,F,F,?,76
Feldsperling,319,2023,2023-04-14,9,0,F,T,T,F,F,T,F,F,F,F,F,?,104
Feldsperling,319,2023,2023-05-03,6,0,F,T,T,F,F,F,F,F,F,F,F,?,123
Feldsperling,319,2023,2023-06-02,2,0,F,T,F,F,F,F,F,F,T,T,T,?,153
Feldsperling,320,2019,2019-03-21,20,0,F,T,F,F,?,T,F,F,F,T,F,?,80
Feldsperling,320,2019,2019-04-16,16,0,F,T,F,F,?,T,F,F,F,T,F,?,106
Feldsperling,320,2019,2019-05-10,14,0,F,T,F,F,?,T,F,F,F,F,F,?,130
Feldsperling,320,2019,2019-06-13,9,0,F,T,F,F,?,T,F,F,F,T,F,?,164
Feldsperling,320,2020,2020-03-24,12,0,F,T,T,F,?,T,F,F,F,F,F,?,84
Feldsperling,320,2020,2020-04-17,16,0,F,T,T,F,?,F,F,F,F,T,F,?,108
Feldsperling,320,2020,2020-05-08,14,0,F,T,T,F,?,F,F,F,F,T,F,?,129
Feldsperling,320,2020,2020-06-19,8,0,F,T,F,F,?,F,F,F,F,F,F,?,171
Feldsperling,320,2021,2011-05-09,0,0,NA,NA,NA,NA,NA,NA,NA,NA,NA,NA,NA,NA,129
Feldsperling,320,2021,2021-03-23,20,0,?,T,T,F,?,T,F,?,F,F,F,?,82
Feldsperling,320,2021,2021-04-17,16,0,?,T,T,F,?,T,F,?,F,F,F,?,107
Feldsperling,320,2021,2021-05-09,16,0,?,T,T,F,?,T,F,?,F,T,F,?,129
Feldsperling,320,2021,2021-06-11,15,0,?,T,T,F,?,T,F,?,F,F,F,?,162
Feldsperling,320,2022,2022-03-22,5,0,F,T,F,F,?,T,F,F,F,F,F,?,81
Feldsperling,320,2022,2022-03-23,9,0,F,T,F,F,?,T,F,F,F,F,F,?,82
Feldsperling,320,2022,2022-04-18,18,0,F,T,F,F,?,T,F,F,F,T,F,?,108
Feldsperling,320,2022,2022-05-12,7,0,F,T,T,F,?,F,F,F,F,F,F,?,132
Feldsperling,320,2022,2022-06-16,6,0,F,T,T,F,?,F,F,F,F,F,F,?,167
Feldsperling,320,2023,2023-03-21,13,0,F,T,T,F,F,T,F,F,F,F,F,?,80
Feldsperling,320,2023,2023-04-18,6,0,F,T,T,F,F,T,F,F,F,F,F,?,108
Feldsperling,320,2023,2023-05-18,11,0,F,T,T,F,F,F,F,F,F,F,T,?,138
Feldsperling,320,2023,2023-06-12,8,0,F,T,F,F,F,F,F,F,F,F,F,?,163
Feldsperling,322,2019,2019-03-30,1,0,F,T,F,F,?,F,F,F,F,F,F,?,89
Feldsperling,322,2019,2019-04-25,10,0,F,T,F,F,?,T,F,F,F,F,F,?,115
Feldsperling,322,2019,2019-05-17,11,0,F,T,F,F,T,F,F,F,F,F,F,?,137
Feldsperling,322,2019,2019-06-19,15,0,F,T,T,F,?,F,F,F,F,F,F,?,170
Feldsperling,322,2020,2020-03-19,2,0,F,F,F,F,?,F,F,F,F,F,F,?,79
Feldsperling,322,2020,2020-04-23,7,0,F,T,T,F,?,F,F,F,F,F,F,?,114
Feldsperling,322,2020,2020-05-18,5,0,F,F,T,F,?,T,F,F,F,F,F,?,139
Feldsperling,322,2020,2020-06-13,4,0,F,T,T,F,?,F,F,F,F,F,F,?,165
Feldsperling,322,2021,2021-03-31,9,0,?,T,F,F,?,T,F,?,F,T,F,?,90
Feldsperling,322,2021,2021-04-22,6,0,?,T,F,F,?,F,F,?,F,F,F,?,112
Feldsperling,322,2021,2021-05-14,10,0,?,T,T,F,?,F,F,?,F,F,F,?,134
Feldsperling,322,2021,2021-06-14,3,0,?,T,F,F,?,F,F,?,F,F,F,?,165
Feldsperling,322,2022,2022-03-17,4,0,F,T,F,F,?,F,F,F,F,F,F,?,76
Feldsperling,322,2022,2022-04-12,6,0,F,T,F,F,?,F,F,F,F,F,F,?,102
Feldsperling,322,2022,2022-05-12,2,0,F,T,F,F,?,F,F,F,F,F,F,?,132
Feldsperling,322,2022,2022-06-03,6,0,F,T,F,F,?,F,F,F,F,F,F,?,154
Feldsperling,322,2023,2023-03-21,7,0,F,T,F,F,F,F,F,F,F,F,F,?,80
Feldsperling,322,2023,2023-04-21,11,0,F,T,F,F,F,F,F,F,F,F,F,?,111
Feldsperling,322,2023,2023-05-12,6,0,F,T,F,F,F,F,F,F,F,F,F,?,132
Feldsperling,322,2023,2023-06-09,6,0,F,T,F,F,F,F,F,F,F,F,F,?,160
Feldsperling,325,2018,2018-03-26,0,0,NA,NA,NA,NA,NA,NA,NA,NA,NA,NA,NA,NA,85
Feldsperling,325,2018,2018-04-22,3,0,F,F,T,F,?,T,F,F,F,F,F,?,112
Feldsperling,325,2018,2018-05-19,3,0,F,F,F,F,?,T,F,T,F,F,F,?,139
Feldsperling,325,2018,2018-06-17,6,0,F,F,F,F,?,T,F,F,F,T,F,?,168
Feldsperling,325,2020,2020-03-29,0,0,NA,NA,NA,NA,NA,NA,NA,NA,NA,NA,NA,NA,89
Feldsperling,325,2020,2020-04-26,2,0,F,F,F,F,?,T,F,F,F,F,F,?,117
Feldsperling,325,2020,2020-05-18,3,0,F,F,F,F,?,F,F,F,T,T,F,?,139
Feldsperling,325,2020,2020-06-20,1,0,F,F,F,F,?,T,F,F,F,F,F,?,172
Feldsperling,325,2021,2021-03-31,0,0,NA,NA,NA,NA,NA,NA,NA,NA,NA,NA,NA,NA,90
Feldsperling,325,2021,2021-04-28,2,0,F,F,F,F,?,T,F,T,F,F,F,?,118
Feldsperling,325,2021,2021-05-16,2,0,F,F,F,F,?,T,F,T,F,F,F,?,136
Feldsperling,325,2021,2021-06-19,2,0,F,F,F,F,?,T,F,F,F,F,F,?,170
Feldsperling,326,2018,2018-03-11,0,0,NA,NA,NA,NA,NA,NA,NA,NA,NA,NA,NA,NA,70
Feldsperling,326,2018,2018-04-02,2,0,F,F,F,F,?,T,F,F,F,F,F,?,92
Feldsperling,326,2018,2018-05-05,1,0,F,F,F,F,?,T,F,F,F,F,F,?,125
Feldsperling,326,2018,2018-05-27,2,0,F,T,F,F,?,F,F,F,F,F,F,?,147
Feldsperling,326,2020,2020-03-28,0,0,NA,NA,NA,NA,NA,NA,NA,NA,NA,NA,NA,NA,88
Feldsperling,326,2020,2020-04-25,2,0,F,F,F,F,?,T,F,F,F,F,F,?,116
Feldsperling,326,2020,2020-05-17,3,0,F,F,F,F,?,T,F,T,F,F,F,?,138
Feldsperling,326,2020,2020-06-13,4,0,F,F,F,F,?,T,F,F,T,T,F,?,165
Feldsperling,326,2021,2021-03-29,0,0,NA,NA,NA,NA,NA,NA,NA,NA,NA,NA,NA,NA,88
Feldsperling,326,2021,2021-04-26,4,0,F,F,F,F,?,T,F,F,F,F,F,?,116
Feldsperling,326,2021,2021-05-18,4,0,F,F,F,F,?,T,F,T,F,F,F,?,138
Feldsperling,326,2021,2021-06-17,5,0,F,F,F,F,?,T,F,F,T,T,F,?,168
Feldsperling,329,2018,2018-03-30,1,0,F,T,F,F,?,F,F,F,F,F,F,?,89
Feldsperling,329,2018,2018-04-27,0,0,NA,NA,NA,NA,NA,NA,NA,NA,NA,NA,NA,NA,117
Feldsperling,329,2018,2018-05-20,0,0,NA,NA,NA,NA,NA,NA,NA,NA,NA,NA,NA,NA,140
Feldsperling,329,2018,2018-06-17,0,0,NA,NA,NA,NA,NA,NA,NA,NA,NA,NA,NA,NA,168
Feldsperling,350,2018,2018-03-25,2,0,?,F,F,F,?,F,F,F,F,F,F,?,84
Feldsperling,350,2018,2018-06-16,6,0,?,F,T,F,?,F,F,F,F,F,F,?,167
Feldsperling,350,2018,2018-05-20,1,0,?,F,T,F,?,F,F,F,F,F,F,?,140
Feldsperling,350,2020,2020-03-28,5,0,F,F,T,F,?,F,F,F,F,F,F,?,88
Feldsperling,350,2020,2020-05-19,2,0,F,F,T,F,?,F,F,F,F,F,F,?,140
Feldsperling,350,2020,2020-06-18,0,0,NA,NA,NA,NA,NA,NA,NA,NA,NA,NA,NA,NA,170
Feldsperling,350,2020,2020-04-30,0,0,NA,NA,NA,NA,NA,NA,NA,NA,NA,NA,NA,NA,121
Feldsperling,350,2021,2021-03-28,3,0,F,T,F,F,?,F,F,F,F,F,F,?,87
Feldsperling,350,2021,2021-04-25,1,0,F,T,F,F,?,F,F,F,F,F,F,?,115
Feldsperling,350,2021,2021-05-28,0,0,NA,NA,NA,NA,NA,NA,NA,NA,NA,NA,NA,NA,148
Feldsperling,350,2021,2021-05-09,0,0,NA,NA,NA,NA,NA,NA,NA,NA,NA,NA,NA,NA,129
Feldsperling,353,2019,2019-03-16,1,0,F,T,F,F,?,F,F,F,F,F,F,?,75
Feldsperling,353,2019,2019-04-24,0,0,NA,NA,NA,NA,NA,NA,NA,NA,NA,NA,NA,NA,114
Feldsperling,353,2019,2019-06-14,0,0,NA,NA,NA,NA,NA,NA,NA,NA,NA,NA,NA,NA,165
Feldsperling,353,2019,2019-05-17,3,0,F,F,T,F,?,T,F,F,F,F,F,?,137
Feldsperling,353,2020,2020-04-16,0,0,NA,NA,NA,NA,NA,NA,NA,NA,NA,NA,NA,NA,107
Feldsperling,353,2020,2020-03-20,6,0,F,F,T,F,?,F,F,F,F,F,F,?,80
Feldsperling,353,2020,2020-05-14,0,0,NA,NA,NA,NA,NA,NA,NA,NA,NA,NA,NA,NA,135
Feldsperling,353,2020,2020-06-15,10,0,F,F,F,F,?,F,F,F,F,F,F,?,167
Feldsperling,353,2021,2021-03-19,0,0,NA,NA,NA,NA,NA,NA,NA,NA,NA,NA,NA,NA,78
Feldsperling,353,2021,2021-04-21,0,0,NA,NA,NA,NA,NA,NA,NA,NA,NA,NA,NA,NA,111
Feldsperling,353,2021,2021-05-13,0,0,NA,NA,NA,NA,NA,NA,NA,NA,NA,NA,NA,NA,133
Feldsperling,353,2021,2021-06-11,2,0,F,F,F,F,?,F,F,F,F,F,F,?,162
Feldsperling,353,2022,2022-04-16,0,0,NA,NA,NA,NA,NA,NA,NA,NA,NA,NA,NA,NA,106
Feldsperling,353,2022,2022-05-18,0,0,NA,NA,NA,NA,NA,NA,NA,NA,NA,NA,NA,NA,138
Feldsperling,353,2022,2022-03-20,0,0,NA,NA,NA,NA,NA,NA,NA,NA,NA,NA,NA,NA,79
Feldsperling,353,2022,2022-06-14,2,0,F,F,T,F,F,F,F,F,F,F,F,?,165
Feldsperling,353,2023,2023-03-17,2,0,F,F,T,F,?,F,F,F,F,F,F,?,76
Feldsperling,353,2023,2023-04-19,0,0,NA,NA,NA,NA,NA,NA,NA,NA,NA,NA,NA,NA,109
Feldsperling,353,2023,2023-05-11,0,0,NA,NA,NA,NA,NA,NA,NA,NA,NA,NA,NA,NA,131
Feldsperling,353,2023,2023-06-13,1,0,F,T,F,F,?,F,F,F,F,F,F,?,164
Feldsperling,358,2021,2021-03-26,1,0,F,T,F,F,?,F,F,F,F,F,F,?,85
Feldsperling,358,2021,2021-04-26,0,0,NA,NA,NA,NA,NA,NA,NA,NA,NA,NA,NA,NA,116
Feldsperling,358,2021,2021-05-19,0,0,NA,NA,NA,NA,NA,NA,NA,NA,NA,NA,NA,NA,139
Feldsperling,358,2021,2021-06-14,0,0,NA,NA,NA,NA,NA,NA,NA,NA,NA,NA,NA,NA,165
Feldsperling,363,2019,2019-03-21,12,0,F,F,F,F,?,F,T,F,F,F,F,?,80
Feldsperling,363,2019,2019-04-16,15,0,F,T,F,F,?,T,F,F,F,T,F,?,106
Feldsperling,363,2019,2019-05-13,11,0,F,T,F,F,?,T,F,F,F,F,F,?,133
Feldsperling,363,2019,2019-06-17,16,0,F,T,F,F,?,F,F,F,F,F,F,?,168
Feldsperling,363,2020,2020-03-20,7,0,F,T,F,F,?,F,F,F,F,F,F,?,80
Feldsperling,363,2020,2020-04-12,16,0,F,T,F,F,?,F,F,F,F,F,F,?,103
Feldsperling,363,2020,2020-05-05,26,0,F,T,T,F,?,F,F,F,T,F,F,?,126
Feldsperling,363,2020,2020-06-12,28,0,F,T,T,F,T,F,F,F,F,T,F,?,164
Feldsperling,363,2022,2022-03-26,17,0,F,T,F,F,?,T,F,F,F,F,F,?,85
Feldsperling,363,2022,2022-04-15,18,0,F,T,T,F,?,T,F,F,F,F,F,?,105
Feldsperling,363,2022,2022-05-07,12,0,T,T,T,F,?,T,F,F,F,F,F,?,127
Feldsperling,363,2022,2022-06-06,24,0,F,T,T,T,?,F,F,F,F,F,F,?,157
Feldsperling,363,2023,2023-03-26,7,0,F,T,T,F,?,F,F,F,F,F,F,?,85
Feldsperling,363,2023,2023-04-23,10,0,T,T,F,T,T,T,F,F,F,F,F,?,113
Feldsperling,363,2023,2023-05-14,9,0,F,T,F,T,T,F,F,F,F,F,F,?,134
Feldsperling,363,2023,2023-05-28,16,0,T,T,T,T,?,F,F,F,F,F,F,?,148
Feldsperling,364,2019,2019-03-28,23,0,F,F,F,F,?,F,F,F,F,F,F,?,87
Feldsperling,364,2019,2019-04-23,25,0,F,F,F,F,?,F,F,F,F,F,F,?,113
Feldsperling,364,2019,2019-05-15,18,0,F,F,F,F,?,F,F,F,F,F,F,?,135
Feldsperling,364,2019,2019-06-17,17,0,F,F,F,F,?,F,F,F,F,F,F,?,168
Feldsperling,364,2020,2020-03-15,22,0,F,T,F,F,T,F,F,F,F,F,F,?,75
Feldsperling,364,2020,2020-04-10,12,0,F,T,T,F,?,F,F,F,F,T,F,?,101
Feldsperling,364,2020,2020-05-06,31,0,F,T,T,F,T,F,F,F,F,T,F,?,127
Feldsperling,364,2020,2020-06-11,25,0,F,T,T,F,?,F,F,F,F,T,F,?,163
Feldsperling,364,2022,2022-03-23,33,0,F,T,T,F,T,F,F,F,F,F,F,?,82
Feldsperling,364,2022,2022-04-17,17,0,F,T,T,F,?,T,F,F,F,F,F,?,107
Feldsperling,364,2022,2022-05-10,14,0,T,T,T,F,?,F,F,F,F,F,F,?,130
Feldsperling,364,2022,2022-06-08,20,0,T,T,T,F,?,F,F,F,F,F,F,?,159
Feldsperling,364,2023,2023-03-25,11,0,T,T,T,F,?,F,F,F,F,F,F,?,84
Feldsperling,364,2023,2023-04-08,8,0,F,T,T,F,?,T,F,F,F,F,F,?,98
Feldsperling,364,2023,2023-05-18,7,0,T,T,T,F,?,F,F,F,F,T,F,?,138
Feldsperling,364,2023,2023-06-04,5,0,F,T,T,F,?,F,F,F,F,F,F,?,155
Feldsperling,366,2019,2019-03-20,25,0,F,F,F,F,?,F,F,F,F,F,F,?,79
Feldsperling,366,2019,2019-04-11,20,0,F,F,F,F,?,T,F,F,F,F,F,?,101
Feldsperling,366,2019,2019-05-06,12,0,F,F,F,F,?,F,F,F,F,F,F,?,126
Feldsperling,366,2019,2019-06-03,7,0,F,F,F,F,?,F,F,F,F,F,F,?,154
Feldsperling,366,2020,2020-03-26,27,0,F,T,T,F,?,T,F,F,F,F,F,?,86
Feldsperling,366,2020,2020-04-11,31,0,F,T,T,F,?,T,F,F,F,F,F,?,102
Feldsperling,366,2020,2020-05-08,20,0,F,T,T,F,?,F,F,F,F,F,F,?,129
Feldsperling,366,2020,2020-06-08,28,0,F,T,T,F,?,F,F,F,T,F,F,?,160
Feldsperling,366,2022,2022-03-20,15,0,T,T,T,F,?,F,F,F,F,F,F,?,79
Feldsperling,366,2022,2022-04-10,21,0,F,T,T,T,?,F,F,F,F,F,F,?,100
Feldsperling,366,2022,2022-05-08,20,0,F,T,T,T,T,F,F,F,F,F,F,?,128
Feldsperling,366,2022,2022-06-04,19,0,F,T,T,T,?,F,F,F,F,F,F,?,155
Feldsperling,366,2023,2023-03-19,17,0,T,T,T,T,T,F,F,F,F,F,F,?,78
Feldsperling,366,2023,2023-04-07,12,0,F,T,T,F,T,F,F,F,F,F,F,?,97
Feldsperling,366,2023,2023-05-13,16,0,F,T,F,T,?,F,F,F,F,T,F,?,133
Feldsperling,366,2023,2023-05-29,18,0,F,T,T,T,?,T,F,F,F,F,T,?,149
Feldsperling,366,2023,2023-05-06,0,0,NA,NA,NA,NA,NA,NA,NA,NA,NA,NA,NA,NA,126
Feldsperling,367,2019,2019-03-20,20,0,F,T,F,F,?,T,F,F,F,T,F,?,79
Feldsperling,367,2019,2019-04-23,8,0,F,T,F,T,?,T,F,F,F,T,F,?,113
Feldsperling,367,2019,2019-05-15,8,0,F,T,F,F,?,F,T,F,F,T,F,?,135
Feldsperling,367,2019,2019-06-14,10,0,F,T,F,T,?,T,F,F,F,F,F,?,165
Feldsperling,367,2020,2020-03-12,13,0,F,T,T,F,?,T,F,F,F,F,F,?,72
Feldsperling,367,2020,2020-04-06,7,0,F,T,F,F,?,T,F,F,F,F,F,?,97
Feldsperling,367,2020,2020-05-04,6,0,F,T,F,F,?,F,F,F,F,T,F,?,125
Feldsperling,367,2020,2020-06-10,6,0,F,T,T,F,?,F,F,F,F,T,F,?,162
Feldsperling,367,2022,2022-03-16,10,0,F,T,F,F,?,T,F,F,F,F,F,?,75
Feldsperling,367,2022,2022-04-06,7,0,F,T,F,F,?,F,F,F,F,F,F,?,96
Feldsperling,367,2022,2022-05-01,11,0,F,T,F,F,T,F,F,F,F,F,F,?,121
Feldsperling,367,2022,2022-05-28,9,0,T,T,F,T,?,F,F,F,F,F,F,?,148
Feldsperling,367,2023,2023-03-12,12,0,T,T,F,F,?,F,F,F,F,F,F,?,71
Feldsperling,367,2023,2023-04-15,16,0,T,T,T,T,?,F,F,F,F,F,F,?,105
Feldsperling,367,2023,2023-05-06,9,0,F,T,F,F,?,T,F,F,F,T,F,?,126
Feldsperling,367,2023,2023-06-08,5,0,F,T,F,F,?,F,F,F,F,T,F,?,159
Feldsperling,368,2018,2018-03-26,6,0,?,T,F,F,?,F,F,F,F,F,F,?,85
Feldsperling,368,2018,2018-04-14,5,0,?,T,F,F,?,F,F,F,F,F,F,?,104
Feldsperling,368,2018,2018-05-12,4,0,?,T,F,F,?,F,F,F,F,F,F,?,132
Feldsperling,368,2018,2018-05-26,1,0,?,T,F,F,?,F,F,F,F,F,F,?,146
Feldsperling,368,2018,2018-03-30,0,0,NA,NA,NA,NA,NA,NA,NA,NA,NA,NA,NA,NA,89
Feldsperling,368,2020,2020-03-28,4,0,F,T,F,F,?,F,F,F,F,F,F,?,88
Feldsperling,368,2020,2020-04-18,5,0,F,T,F,F,?,F,F,F,F,T,F,?,109
Feldsperling,368,2020,2020-05-17,4,0,F,T,T,F,?,F,F,F,T,F,F,?,138
Feldsperling,368,2020,2020-06-06,2,0,F,T,F,F,?,F,F,F,T,F,F,?,158
Feldsperling,368,2021,2021-03-28,4,0,F,T,T,F,?,F,?,F,F,F,F,?,87
Feldsperling,368,2021,2021-04-13,0,0,NA,NA,NA,NA,NA,NA,NA,NA,NA,NA,NA,NA,103
Feldsperling,368,2021,2021-05-25,12,0,F,T,F,F,?,F,?,F,F,F,F,?,145
Feldsperling,369,2018,2018-03-22,5,0,?,F,F,F,?,T,F,F,F,F,F,?,81
Feldsperling,369,2018,2018-04-06,16,0,?,F,F,F,?,F,F,F,F,T,F,?,96
Feldsperling,369,2018,2018-05-07,1,0,?,F,F,F,?,F,F,F,F,F,F,?,127
Feldsperling,369,2018,2018-06-02,5,0,?,T,F,F,?,F,F,F,F,F,F,?,153
Feldsperling,369,2020,2020-03-16,9,0,F,T,F,F,?,T,F,F,F,F,F,?,76
Feldsperling,369,2020,2020-04-08,8,0,F,T,T,F,?,T,F,F,F,T,F,?,99
Feldsperling,369,2020,2020-05-16,9,0,F,T,F,F,?,F,F,F,F,F,F,?,137
Feldsperling,369,2020,2020-06-02,5,0,F,T,F,F,?,F,F,F,F,F,F,?,154
Feldsperling,369,2021,2021-03-22,5,0,F,T,F,F,?,F,F,F,F,F,F,?,81
Feldsperling,369,2021,2021-04-09,13,0,T,T,F,F,?,F,F,F,F,F,F,?,99
Feldsperling,369,2021,2021-05-14,9,0,F,T,F,F,?,T,F,F,F,F,F,?,134
Feldsperling,369,2021,2021-06-11,8,0,F,T,T,F,?,F,F,F,F,F,F,?,162
Feldsperling,372,2018,2018-03-30,7,0,?,T,T,F,?,F,F,F,F,T,F,?,89
Feldsperling,372,2018,2018-04-13,6,0,?,T,F,F,?,F,F,F,F,T,F,?,103
Feldsperling,372,2018,2018-05-11,8,0,?,F,T,F,?,F,F,F,F,F,F,?,131
Feldsperling,372,2018,2018-06-20,6,0,?,F,T,F,?,F,F,F,F,F,F,?,171
Feldsperling,372,2018,2018-04-01,0,0,NA,NA,NA,NA,NA,NA,NA,NA,NA,NA,NA,NA,91
Feldsperling,372,2020,2020-03-27,6,0,F,F,T,F,?,T,F,F,F,F,F,?,87
Feldsperling,372,2020,2020-04-16,6,0,F,T,F,F,?,F,F,F,F,F,F,?,107
Feldsperling,372,2020,2020-05-19,10,0,F,F,T,F,?,F,F,F,F,T,F,?,140
Feldsperling,372,2020,2020-06-17,9,0,F,F,F,F,?,T,F,F,F,T,F,?,169
Feldsperling,372,2021,2021-03-26,12,0,F,T,?,T,?,T,F,?,?,T,?,?,85
Feldsperling,372,2021,2021-04-23,7,0,F,?,?,?,?,?,F,T,?,T,?,?,113
Feldsperling,372,2021,2021-05-20,7,0,F,?,?,?,?,?,F,?,?,T,?,?,140
Feldsperling,372,2021,2021-06-19,10,0,F,?,?,?,?,?,F,?,?,T,?,?,170
Feldsperling,374,2019,2019-03-27,18,0,F,T,F,F,?,F,F,F,F,T,F,?,86
Feldsperling,374,2019,2019-04-29,12,0,F,T,F,F,?,T,F,F,F,F,F,?,119
Feldsperling,374,2019,2019-05-09,15,0,F,T,F,F,?,T,F,F,T,F,F,?,129
Feldsperling,374,2019,2019-06-18,18,0,F,T,F,F,?,T,F,F,F,T,F,?,169
Feldsperling,374,2020,2020-03-24,11,0,F,T,F,F,?,T,F,F,F,T,F,?,84
Feldsperling,374,2020,2020-04-24,12,0,F,T,F,F,?,T,F,F,F,F,F,?,115
Feldsperling,374,2020,2020-05-19,10,0,F,T,F,F,?,T,F,F,F,T,F,?,140
Feldsperling,374,2020,2020-06-11,4,0,F,T,F,F,?,F,F,F,F,F,F,?,163
Feldsperling,374,2022,2022-03-29,14,14,T,T,T,F,?,F,F,F,F,F,F,?,88
Feldsperling,374,2022,2022-04-19,3,0,F,T,T,F,?,F,F,T,F,F,F,?,109
Feldsperling,374,2022,2022-05-20,2,0,F,F,T,F,?,F,F,F,F,F,F,?,140
Feldsperling,374,2022,2022-06-14,5,0,F,T,T,F,F,F,F,F,F,F,F,?,165
Feldsperling,374,2023,2023-03-24,2,0,F,F,T,F,F,F,F,F,F,F,F,?,83
Feldsperling,374,2023,2023-04-19,7,7,T,T,T,F,F,F,F,F,F,F,F,?,109
Feldsperling,374,2023,2023-05-15,3,0,F,T,T,F,F,F,F,F,F,T,F,?,135
Feldsperling,374,2023,2023-06-09,3,0,T,F,T,F,F,F,F,F,F,F,F,?,160
Feldsperling,376,2019,2019-03-25,2,0,F,F,F,F,?,F,F,F,F,F,F,?,84
Feldsperling,376,2019,2019-04-17,2,0,F,T,F,F,?,F,F,F,F,F,F,?,107
Feldsperling,376,2019,2019-05-06,0,0,NA,NA,NA,NA,NA,NA,NA,NA,NA,NA,NA,NA,126
Feldsperling,376,2019,2019-06-16,3,0,F,T,F,F,?,F,F,F,F,F,F,?,167
Feldsperling,376,2020,2020-03-24,1,0,F,F,F,F,?,F,F,F,F,F,F,?,84
Feldsperling,376,2020,2020-04-24,1,0,F,T,F,F,?,F,F,F,F,F,F,?,115
Feldsperling,376,2020,2020-05-14,5,0,F,F,F,F,?,F,F,F,F,F,F,?,135
Feldsperling,376,2020,2020-06-08,0,0,NA,NA,NA,NA,NA,NA,NA,NA,NA,NA,NA,NA,160
Feldsperling,376,2022,2022-03-25,2,0,F,T,F,F,F,F,F,F,F,F,F,?,84
Feldsperling,376,2022,2022-04-25,4,0,F,T,F,F,F,F,F,F,F,F,F,?,115
Feldsperling,376,2022,2022-05-17,3,0,T,T,F,F,F,F,F,F,F,F,F,?,137
Feldsperling,376,2022,2022-06-16,3,0,T,T,F,F,F,F,F,F,F,F,F,?,167
Feldsperling,376,2023,2023-03-21,7,7,T,T,F,F,F,F,F,F,F,F,F,?,80
Feldsperling,376,2023,2023-04-18,3,0,F,T,F,F,F,F,F,F,F,F,F,?,108
Feldsperling,376,2023,2023-05-13,0,0,NA,NA,NA,NA,NA,NA,NA,NA,NA,NA,NA,NA,133
Feldsperling,376,2023,2023-06-13,3,0,F,T,F,F,F,F,F,F,F,F,F,?,164
Feldsperling,381,2018,2018-03-17,0,0,NA,NA,NA,NA,NA,NA,NA,NA,NA,NA,NA,NA,76
Feldsperling,381,2018,2018-04-08,4,0,?,F,F,F,?,T,F,F,F,F,F,?,98
Feldsperling,381,2018,2018-04-12,5,0,?,F,F,F,?,T,F,T,F,F,F,?,102
Feldsperling,381,2018,2018-06-18,6,0,?,F,F,F,?,T,F,F,T,T,F,?,169
Feldsperling,381,2020,2020-03-14,0,0,NA,NA,NA,NA,NA,NA,NA,NA,NA,NA,NA,NA,74
Feldsperling,381,2020,2020-04-04,4,0,F,F,F,F,?,T,F,T,F,F,F,?,95
Feldsperling,381,2020,2020-05-02,4,0,F,F,F,F,?,T,F,F,T,T,F,?,123
Feldsperling,381,2020,2020-05-31,5,0,F,F,F,F,?,T,F,F,T,T,F,?,152
Feldsperling,381,2021,2021-03-20,0,0,NA,NA,NA,NA,NA,NA,NA,NA,NA,NA,NA,NA,79
Feldsperling,381,2021,2021-04-24,2,0,F,F,F,F,?,T,F,F,F,F,F,?,114
Feldsperling,381,2021,2021-05-08,3,0,F,F,F,F,?,F,F,T,F,T,F,?,128
Feldsperling,381,2021,2021-06-12,2,0,F,F,F,F,?,T,F,F,T,F,F,?,163
Feldsperling,385,2019,2019-03-27,2,0,F,T,F,F,?,F,F,F,F,F,F,?,86
Feldsperling,385,2019,2019-04-17,1,0,F,T,F,F,?,F,F,F,F,F,F,?,107
Feldsperling,385,2019,2019-05-15,1,0,F,F,F,F,?,F,F,F,F,F,F,?,135
Feldsperling,385,2019,2019-06-05,5,0,F,F,F,F,?,F,F,F,F,F,F,?,156
Feldsperling,385,2020,2020-03-25,0,0,NA,NA,NA,NA,NA,NA,NA,NA,NA,NA,NA,NA,85
Feldsperling,385,2020,2020-04-23,3,0,F,T,F,F,?,F,F,F,F,F,F,?,114
Feldsperling,385,2020,2020-05-14,1,0,F,F,F,F,?,F,F,F,F,F,F,?,135
Feldsperling,385,2020,2020-06-08,1,0,F,T,F,F,?,F,F,F,F,F,F,?,160
Feldsperling,385,2022,2022-03-21,1,0,F,F,T,F,F,F,F,F,F,F,F,?,80
Feldsperling,385,2022,2022-04-19,1,0,F,T,F,F,F,F,F,F,F,F,F,?,109
Feldsperling,385,2022,2022-05-11,1,0,F,T,F,F,F,F,F,F,F,F,F,?,131
Feldsperling,385,2022,2022-06-07,1,0,F,T,F,F,F,F,F,F,F,F,F,?,158
Feldsperling,385,2023,2023-03-21,0,0,NA,NA,NA,NA,NA,NA,NA,NA,NA,NA,NA,NA,80
Feldsperling,385,2023,2023-04-18,2,0,F,T,F,F,F,F,F,F,F,F,F,?,108
Feldsperling,385,2023,2023-05-13,1,0,F,T,F,F,F,F,F,F,F,F,F,?,133
Feldsperling,385,2023,2023-06-13,2,0,F,T,F,F,F,F,F,F,F,F,F,?,164
Feldsperling,387,2019,2019-03-25,1,0,F,T,F,F,?,F,F,F,F,F,F,?,84
Feldsperling,387,2019,2019-04-24,0,0,NA,NA,NA,NA,NA,NA,NA,NA,NA,NA,NA,NA,114
Feldsperling,387,2019,2019-05-08,1,0,F,T,F,F,?,F,F,F,F,F,F,?,128
Feldsperling,387,2019,2019-06-19,0,0,NA,NA,NA,NA,NA,NA,NA,NA,NA,NA,NA,NA,170
Feldsperling,387,2019,2019-03-27,0,0,NA,NA,NA,NA,NA,NA,NA,NA,NA,NA,NA,NA,86
Feldsperling,387,2020,2020-03-25,0,0,NA,NA,NA,NA,NA,NA,NA,NA,NA,NA,NA,NA,85
Feldsperling,387,2020,2020-04-22,1,0,F,F,F,F,?,F,F,F,F,F,F,?,113
Feldsperling,387,2020,2020-05-28,0,0,NA,NA,NA,NA,NA,NA,NA,NA,NA,NA,NA,NA,149
Feldsperling,387,2020,2020-06-12,1,0,F,T,F,F,?,F,F,F,F,F,F,?,164
Feldsperling,387,2022,2022-03-23,0,0,NA,NA,NA,NA,NA,NA,NA,NA,NA,NA,NA,NA,82
Feldsperling,387,2022,2022-04-20,1,0,F,T,F,F,F,F,F,F,F,F,F,?,110
Feldsperling,387,2022,2022-05-13,1,0,F,T,F,F,F,F,F,F,F,F,F,?,133
Feldsperling,387,2022,2022-06-15,1,0,F,T,F,F,F,F,F,F,F,F,F,?,166
Feldsperling,387,2023,2023-03-22,0,0,NA,NA,NA,NA,NA,NA,NA,NA,NA,NA,NA,NA,81
Feldsperling,387,2023,2023-04-25,1,0,F,T,F,F,F,F,F,F,F,F,F,?,115
Feldsperling,387,2023,2023-05-16,0,0,NA,NA,NA,NA,NA,NA,NA,NA,NA,NA,NA,NA,136
Feldsperling,387,2023,2023-06-20,0,0,NA,NA,NA,NA,NA,NA,NA,NA,NA,NA,NA,NA,171
Feldsperling,389,2019,2019-03-27,8,0,F,F,F,F,?,F,F,F,F,F,F,?,86
Feldsperling,389,2019,2019-04-24,4,0,F,F,F,F,?,F,F,F,F,F,F,?,114
Feldsperling,389,2019,2019-05-15,1,0,F,T,F,F,?,F,F,F,F,F,F,?,135
Feldsperling,389,2019,2019-06-19,5,0,F,T,F,F,?,F,F,F,F,F,F,?,170
Feldsperling,389,2020,2020-03-28,3,0,F,T,F,F,?,F,F,F,F,F,F,?,88
Feldsperling,389,2020,2020-04-28,9,0,F,T,F,F,?,F,F,F,F,F,F,?,119
Feldsperling,389,2020,2020-05-17,6,0,F,T,F,F,?,F,F,F,F,F,F,?,138
Feldsperling,389,2020,2020-06-18,2,0,F,T,F,F,?,F,F,F,F,F,F,?,170
Feldsperling,389,2022,2022-03-26,5,0,F,T,F,F,F,F,F,F,F,F,F,?,85
Feldsperling,389,2022,2022-04-27,10,0,T,T,F,F,F,F,F,F,F,F,F,?,117
Feldsperling,389,2022,2022-05-20,5,0,F,T,F,F,F,F,F,F,F,F,F,?,140
Feldsperling,389,2022,2022-06-18,6,0,F,T,F,F,F,F,F,F,F,F,F,?,169
Feldsperling,389,2023,2023-03-23,1,0,F,T,F,F,F,F,F,F,F,F,F,?,82
Feldsperling,389,2023,2023-04-26,3,0,F,T,F,F,F,F,F,F,F,F,F,?,116
Feldsperling,389,2023,2023-05-17,4,0,F,T,F,F,F,F,F,F,F,F,F,?,137
Feldsperling,389,2023,2023-06-17,9,9,T,T,F,F,F,F,F,F,F,F,F,?,168
Feldsperling,392,2019,2019-03-28,16,0,F,T,F,F,?,T,F,F,F,T,F,?,87
Feldsperling,392,2019,2019-04-24,22,0,F,T,F,F,?,T,F,F,F,T,F,?,114
Feldsperling,392,2019,2019-05-06,15,0,F,T,F,F,?,T,F,F,F,T,F,?,126
Feldsperling,392,2019,2019-06-05,23,0,F,T,T,F,?,T,F,F,F,T,F,?,156
Feldsperling,392,2020,2020-03-19,23,0,F,T,F,F,?,T,F,F,F,T,F,?,79
Feldsperling,392,2020,2020-04-21,10,0,F,T,F,F,?,T,F,F,F,T,F,?,112
Feldsperling,392,2020,2020-05-06,24,0,F,T,F,T,?,T,F,F,F,T,F,?,127
Feldsperling,392,2020,2020-06-08,33,0,F,T,F,F,?,T,F,F,F,T,F,?,160
Feldsperling,392,2022,2022-03-21,10,0,F,T,F,F,?,F,F,F,F,F,F,?,80
Feldsperling,392,2022,2022-04-22,10,0,F,T,T,F,?,F,F,F,F,F,F,?,112
Feldsperling,392,2022,2022-05-16,7,0,F,T,T,F,?,F,F,F,F,T,T,?,136
Feldsperling,392,2022,2022-06-13,19,0,T,T,T,F,?,F,F,F,F,F,T,?,164
Feldsperling,392,2023,2023-03-28,25,0,T,T,T,F,F,F,F,F,F,F,F,?,87
Feldsperling,392,2023,2023-04-20,25,0,F,T,T,F,F,F,F,F,F,F,F,?,110
Feldsperling,392,2023,2023-05-09,10,0,F,T,T,F,F,F,F,F,F,F,F,?,129
Feldsperling,392,2023,2023-06-07,20,0,F,T,T,F,F,F,F,T,F,F,F,?,158
Feldsperling,395,2019,2019-03-29,8,0,F,T,F,F,?,T,F,F,F,T,F,?,88
Feldsperling,395,2019,2019-04-15,13,0,F,F,F,F,?,T,F,F,F,T,F,?,105
Feldsperling,395,2019,2019-05-08,4,0,F,F,F,F,?,T,F,F,F,T,F,?,128
Feldsperling,395,2019,2019-06-06,10,0,F,F,F,F,?,F,F,F,F,T,F,?,157
Feldsperling,395,2020,2020-03-20,19,0,F,T,T,F,?,T,F,F,F,F,F,?,80
Feldsperling,395,2020,2020-04-27,9,0,F,T,F,F,?,F,F,F,F,T,F,?,118
Feldsperling,395,2020,2020-05-11,14,0,F,T,F,F,?,T,F,F,F,T,F,?,132
Feldsperling,395,2020,2020-06-03,4,0,F,T,F,F,?,F,F,F,F,T,F,?,155
Feldsperling,395,2022,2022-03-21,12,0,T,T,T,F,?,F,F,T,F,F,F,?,80
Feldsperling,395,2022,2022-04-22,0,0,NA,NA,NA,NA,NA,NA,NA,NA,NA,NA,NA,NA,112
Feldsperling,395,2022,2022-05-19,0,0,NA,NA,NA,NA,NA,NA,NA,NA,NA,NA,NA,NA,139
Feldsperling,395,2022,2022-06-13,3,0,F,F,T,F,?,F,F,F,F,F,F,?,164
Feldsperling,395,2023,2023-03-27,5,0,F,T,T,F,F,F,F,F,F,F,F,?,86
Feldsperling,395,2023,2023-04-24,1,0,F,T,F,F,F,F,F,F,F,F,F,?,114
Feldsperling,395,2023,2023-05-15,2,0,F,F,T,F,F,F,F,F,F,F,F,?,135
Feldsperling,395,2023,2023-06-13,0,0,NA,NA,NA,NA,NA,NA,NA,NA,NA,NA,NA,NA,164
Feldsperling,396,2019,2019-03-21,20,0,F,F,F,F,?,F,F,F,F,F,F,?,80
Feldsperling,396,2019,2019-04-29,12,0,F,F,F,F,?,F,F,F,F,F,F,?,119
Feldsperling,396,2019,2019-05-09,12,0,F,F,F,F,?,F,F,F,F,F,F,?,129
Feldsperling,396,2019,2019-06-05,9,0,F,F,F,F,?,F,F,F,F,F,F,?,156
Feldsperling,396,2020,2020-03-25,6,0,F,T,F,F,?,T,F,F,F,F,F,?,85
Feldsperling,396,2020,2020-04-23,8,0,F,T,F,F,?,T,F,F,F,T,F,?,114
Feldsperling,396,2020,2020-05-18,8,0,F,T,F,F,?,T,F,F,F,F,F,?,139
Feldsperling,396,2020,2020-06-18,7,0,F,T,F,F,?,T,F,F,F,F,F,?,170
Feldsperling,396,2022,2022-03-28,6,0,F,T,T,F,?,F,F,F,F,F,F,?,87
Feldsperling,396,2022,2022-04-22,2,0,F,T,F,F,?,F,F,F,F,F,F,?,112
Feldsperling,396,2022,2022-05-16,4,0,F,T,T,F,?,T,F,T,F,F,F,?,136
Feldsperling,396,2022,2022-06-15,3,0,F,F,T,F,?,F,F,F,F,F,F,?,166
Feldsperling,396,2023,2023-03-28,6,0,F,T,T,F,F,F,F,F,F,F,F,?,87
Feldsperling,396,2023,2023-04-21,5,0,F,F,T,F,F,F,F,F,F,F,F,?,111
Feldsperling,396,2023,2023-05-16,4,0,F,F,T,F,F,F,F,F,F,F,F,?,136
Feldsperling,396,2023,2023-06-12,4,0,F,F,T,F,F,F,F,F,F,F,F,?,163
Feldsperling,397,2018,2018-03-11,14,0,?,T,T,F,?,F,F,F,F,F,F,?,70
Feldsperling,397,2018,2018-04-08,16,0,?,T,T,F,?,T,F,F,F,F,F,?,98
Feldsperling,397,2018,2018-05-06,10,0,?,F,F,F,?,F,F,F,T,F,F,?,126
Feldsperling,397,2018,2018-06-10,10,0,?,T,F,F,?,F,F,F,F,F,F,?,161
Feldsperling,397,2020,2020-03-28,9,0,F,T,T,F,?,T,F,F,F,F,F,?,88
Feldsperling,397,2020,2020-04-10,13,0,F,T,F,F,?,F,F,F,F,T,F,?,101
Feldsperling,397,2020,2020-05-21,7,0,F,T,F,F,?,F,F,F,F,F,F,?,142
Feldsperling,397,2020,2020-06-16,4,0,F,T,F,F,?,F,F,F,F,F,F,?,168
Feldsperling,397,2021,2021-03-21,8,0,F,T,T,F,?,F,F,F,F,F,F,?,80
Feldsperling,397,2021,2021-04-05,6,0,F,T,F,F,?,F,F,F,F,F,F,?,95
Feldsperling,397,2021,2021-05-13,5,0,F,T,T,F,?,F,F,T,F,F,F,?,133
Feldsperling,397,2021,2021-06-13,2,0,T,F,F,F,?,F,F,F,T,F,F,?,164
Feldsperling,398,2019,2019-03-27,18,0,F,F,F,F,?,T,F,F,F,F,F,?,86
Feldsperling,398,2019,2019-04-15,18,0,F,F,F,F,?,F,F,F,F,F,F,?,105
Feldsperling,398,2019,2019-05-16,14,0,F,F,F,F,?,F,F,F,F,T,F,?,136
Feldsperling,398,2019,2019-06-04,12,0,F,F,F,F,?,F,F,F,F,F,F,?,155
Feldsperling,398,2020,2020-03-26,20,0,F,T,F,F,?,T,F,F,F,T,F,?,86
Feldsperling,398,2020,2020-04-08,17,0,F,T,F,F,?,T,F,F,F,T,F,?,99
Feldsperling,398,2020,2020-04-28,12,0,F,T,F,T,?,T,F,F,F,T,F,?,119
Feldsperling,398,2020,2020-06-02,12,0,F,T,F,F,?,T,F,F,F,T,F,?,154
Feldsperling,398,2022,2022-03-22,18,0,F,T,T,F,?,F,F,F,F,F,F,?,81
Feldsperling,398,2022,2022-04-25,10,0,F,T,F,F,?,F,F,F,F,F,F,?,115
Feldsperling,398,2022,2022-05-20,8,0,F,T,T,F,?,T,F,F,F,F,F,?,140
Feldsperling,398,2022,2022-06-13,9,0,F,F,T,F,?,T,F,F,T,T,T,?,164
Feldsperling,398,2023,2023-03-20,23,0,F,T,T,F,F,F,F,F,F,F,F,?,79
Feldsperling,398,2023,2023-04-17,16,0,F,T,T,F,F,T,F,F,F,F,F,?,107
Feldsperling,398,2023,2023-05-09,16,0,F,T,T,F,F,F,F,F,T,T,T,?,129
Feldsperling,398,2023,2023-05-30,12,0,F,T,T,F,F,F,F,F,F,F,F,?,150
Feldsperling,403,2019,2019-03-24,18,0,F,F,F,F,?,F,F,F,F,F,F,?,83
Feldsperling,403,2019,2019-04-19,6,0,F,F,F,F,?,F,F,F,F,F,F,?,109
Feldsperling,403,2019,2019-04-20,10,0,F,F,F,F,?,F,F,F,F,F,F,?,110
Feldsperling,403,2019,2019-05-13,5,0,F,F,F,F,?,F,F,F,F,F,F,?,133
Feldsperling,403,2019,2019-06-14,10,0,F,F,F,F,?,F,F,F,F,T,F,?,165
Feldsperling,403,2020,2020-03-27,2,0,F,F,F,F,?,T,F,F,F,F,F,?,87
Feldsperling,403,2020,2020-04-29,1,0,F,F,F,F,?,F,F,F,F,F,F,?,120
Feldsperling,403,2020,2020-05-19,1,0,F,T,F,F,?,F,F,F,F,F,F,?,140
Feldsperling,403,2020,2020-06-20,2,0,F,T,F,F,?,F,F,F,F,F,F,?,172
Feldsperling,403,2022,2022-03-22,12,0,F,F,T,F,?,F,F,F,F,F,F,?,81
Feldsperling,403,2022,2022-04-25,8,0,F,T,F,F,?,T,F,T,F,F,F,?,115
Feldsperling,403,2022,2022-05-20,15,0,F,T,F,F,?,F,F,T,F,T,T,?,140
Feldsperling,403,2022,2022-06-13,7,0,F,T,T,F,?,F,F,T,F,F,F,?,164
Feldsperling,403,2023,2023-03-21,14,0,F,T,T,F,F,F,F,F,F,F,F,?,80
Feldsperling,403,2023,2023-04-19,16,0,F,T,T,F,F,F,F,F,F,F,F,?,109
Feldsperling,403,2023,2023-05-10,12,0,F,T,T,F,F,F,F,F,F,F,F,?,130
Feldsperling,403,2023,2023-06-05,9,0,F,T,T,F,F,T,F,T,F,F,F,?,156
Feldsperling,405,2018,2018-03-16,0,0,NA,NA,NA,NA,NA,NA,NA,NA,NA,NA,NA,NA,75
Feldsperling,405,2018,2018-04-07,3,0,?,F,F,F,?,T,F,F,F,F,F,?,97
Feldsperling,405,2018,2018-05-06,3,0,?,F,F,F,?,T,F,T,F,F,F,?,126
Feldsperling,405,2020,2020-03-21,0,0,NA,NA,NA,NA,NA,NA,NA,NA,NA,NA,NA,NA,81
Feldsperling,405,2020,2020-04-11,3,0,F,F,F,F,?,T,F,T,F,F,F,?,102
Feldsperling,405,2020,2020-05-08,3,0,F,F,F,F,?,T,F,T,F,F,F,?,129
Feldsperling,405,2020,2020-06-12,4,0,F,T,T,F,?,F,F,F,F,T,F,?,164
Feldsperling,405,2021,2021-03-28,0,0,NA,NA,NA,NA,NA,NA,NA,NA,NA,NA,NA,NA,87
Feldsperling,405,2021,2021-04-28,4,0,F,T,F,F,?,T,F,F,F,F,F,?,118
Feldsperling,405,2021,2021-05-09,3,0,F,F,F,F,T,T,F,F,F,F,F,?,129
Feldsperling,405,2021,2021-06-13,3,0,F,F,T,F,?,F,F,F,F,T,F,?,164
