x,y,year,pentade,count,atlascode_id,species_id,KmSquares
2539313,1182353,2021,1,5,0,700,2539-1182
2659776,1270594,2024,1,30,0,700,2659-1270
2539094,1182855,2024,1,27,0,700,2539-1182
2658803,1271984,2023,1,10,0,700,2658-1271
2659829,1270746,2023,1,28,0,700,2659-1270
2658986,1271734,2025,1,12,0,700,2658-1271
2658843,1271726,2025,1,8,0,700,2658-1271
2659179,1271323,2023,1,10,0,700,2659-1271
2614489,1269830,2023,1,2,0,700,2614-1269
2614460,1269839,2023,1,2,0,700,2614-1269
2539046.23780685,1182645.82975201,2024,1,14,0,700,2539-1182
2539046.23780685,1182645.82975201,2025,1,13,0,700,2539-1182
2539405.23201617,1182388.82094444,2025,1,6,0,700,2539-1182
2539046.23780685,1182645.82975201,2025,1,13,0,700,2539-1182
2539405.23201617,1182388.82094444,2025,1,6,0,700,2539-1182
2539405.23201616,1182388.82094445,2021,1,5,0,700,2539-1182
2729099.48039105,1275600.06245772,2022,1,6,0,700,2729-1275
2729099.48039105,1275600.06245772,2024,1,66,0,700,2729-1275
2729099.48039105,1275600.06245772,2024,1,51,0,700,2729-1275
2570171.55826185,1203620.27005927,2024,1,,0,700,2570-1203
2731500,1279500,2025,1,25,0,700,2731-1279
2660500,1270500,2025,1,,0,700,2660-1270
2729500,1275500,2022,1,7,0,700,2729-1275
2659500,1270500,2023,1,12,0,700,2659-1270
2570500,1203500,2021,1,12,0,700,2570-1203
2729500,1275500,2024,1,18,0,700,2729-1275
2569857.55231118,1203193.27414936,2023,1,2,0,700,2569-1203
2595500,1201500,2021,1,2,0,700,2595-1201
2569500,1203500,2021,1,2,0,700,2569-1203
2580450,1212551,2023,1,,0,700,2580-1212
2580365,1212512,2023,1,2,0,700,2580-1212
2580548,1212630,2023,1,2,0,700,2580-1212
2569500,1203500,2025,1,8,0,700,2569-1203
2579908,1212440,2023,1,2,0,700,2579-1212
2580500,1212500,2023,1,2,0,700,2580-1212
2746500,1268500,2021,1,2,0,700,2746-1268
2580500,1212500,2023,1,2,0,700,2580-1212
2594656,1201678,2023,1,2,0,700,2594-1201
2570500,1203500,2023,1,2,0,700,2570-1203
2660500,1270500,2021,1,13,0,700,2660-1270
2660500,1270500,2025,1,,0,700,2660-1270
2579969,1212196,2023,1,1,0,700,2579-1212
2539115,1182697,2023,1,33,0,700,2539-1182
2731215,1279558,2025,1,25,0,700,2731-1279
2579932,1212253,2023,1,4,0,700,2579-1212
2580090.6502114,1212497.13430467,2023,1,2,0,700,2580-1212
2580373,1212780,2023,1,2,0,700,2580-1212
2569525.56262002,1203696.28167077,2024,1,33,0,700,2569-1203
2570500,1203500,2024,1,7,0,700,2570-1203
2660500,1270500,2023,1,,0,700,2660-1270
2568901,1203430,2021,1,,0,700,2568-1203
2568888,1203098,2023,1,2,0,700,2568-1203
2569500,1203500,2023,1,5,0,700,2569-1203
2660500,1270500,2025,1,130,0,700,2660-1270
2569692,1203060,2024,1,40,0,700,2569-1203
2659179,1271323,2023,1,3,0,700,2659-1271
2660070,1270382,2023,1,,0,700,2660-1270
2571101,1202844,2023,1,2,0,700,2571-1202
2659828,1270478,2025,1,75,0,700,2659-1270
2659551,1271119,2024,1,,0,700,2659-1271
2571042,1202732,2025,1,3,0,700,2571-1202
2569500,1203500,2024,1,8,0,700,2569-1203
2660500,1270500,2021,1,30,0,700,2660-1270
2659810,1270777,2023,1,23,0,700,2659-1270
2659979,1270612,2024,1,70,0,700,2659-1270
2658648,1272002,2023,1,7,0,700,2658-1272
2660500,1270500,2021,1,,0,700,2660-1270
2660500,1270500,2021,1,30,0,700,2660-1270
2539405.23201616,1182388.82094445,2021,1,5,0,700,2539-1182
2593500,1201500,2021,1,2,0,700,2593-1201
2580500,1212500,2023,1,2,0,700,2580-1212
2575313.48974961,1258076.3403946,2024,1,3,0,700,2575-1258
2660500,1270500,2024,1,,0,700,2660-1270
2569153,1202540,2025,1,15,0,700,2569-1202
2659500,1270500,2023,1,12,0,700,2659-1270
2660500,1270500,2023,1,28,0,700,2660-1270
2660500,1270500,2023,1,8,0,700,2660-1270
2569644.55120499,1203073.27749823,2023,1,10,0,700,2569-1203
2594500,1201500,2024,1,3,0,700,2594-1201
2593500,1201500,2021,1,2,0,700,2593-1201
2627810,1268540,2025,7,10,0,700,2627-1268
2660500,1270500,2025,7,20,0,700,2660-1270
2660500,1270500,2025,7,18,0,700,2660-1270
2569107,1203449,2023,1,4,0,700,2569-1203
2660500,1270500,2021,1,,0,700,2660-1270
2580090.6502114,1212497.13430467,2023,7,13,0,700,2580-1212
2579500,1212500,2023,7,13,0,700,2579-1212
2569500,1196500,2023,1,2,0,700,2569-1196
2539500,1182500,2025,7,8,0,700,2539-1182
2539500,1182500,2025,7,7,0,700,2539-1182
2539442,1182127,2024,7,8,0,700,2539-1182
2539076,1182789,2024,7,50,0,700,2539-1182
2570500,1203500,2025,7,60,0,700,2570-1203
2539046.23780685,1182645.82975201,2025,7,7,0,700,2539-1182
2729099.48039105,1275600.06245772,2022,7,10,0,700,2729-1275
2569147.44266037,1196706.26540992,2023,7,2,0,700,2569-1196
2539046.23780685,1182645.82975201,2025,7,7,0,700,2539-1182
2539405.23201616,1182388.82094445,2022,7,10,0,700,2539-1182
2539046.23780685,1182645.82975201,2025,7,5,0,700,2539-1182
2660500,1270500,2025,7,,0,700,2660-1270
2614460,1269839,2023,7,2,0,700,2614-1269
2614430,1269805,2022,7,3,0,700,2614-1269
2659415,1271143,2025,7,13,0,700,2659-1271
2659207,1271315,2025,7,6,0,700,2659-1271
2571338,1202732,2025,7,50,0,700,2571-1202
2659243,1271253,2025,7,2,0,700,2659-1271
2571284,1202692,2025,7,50,0,700,2571-1202
2571521,1202586,2025,7,4,0,700,2571-1202
2569500,1203500,2024,7,2,0,700,2569-1203
2539046.23780685,1182645.82975201,2024,7,56,0,700,2539-1182
2569644.55120499,1203073.27749822,2025,7,30,0,700,2569-1203
2627500,1268500,2021,7,1,0,700,2627-1268
2539405.23201617,1182388.82094444,2024,7,9,0,700,2539-1182
2539500,1182500,2025,7,7,0,700,2539-1182
2746500,1268500,2021,1,2,0,700,2746-1268
2569500,1203500,2023,1,4,0,700,2569-1203
2589386,1208696,2025,12,2,0,700,2589-1208
2570500,1203500,2025,7,5,0,700,2570-1203
2571355,1202630,2025,7,1,0,700,2571-1202
2660500,1270500,2023,7,120,0,700,2660-1270
2579872,1212419,2023,12,2,0,700,2579-1212
2539046.23780685,1182645.82975202,2021,12,20,0,700,2539-1182
2539046.23780685,1182645.82975202,2021,12,25,0,700,2539-1182
2570943,1202735,2025,7,21,0,700,2570-1202
2539046.23780685,1182645.82975202,2022,7,2,0,700,2539-1182
2594514,1201661,2024,7,2,0,700,2594-1201
2539094,1182651,2022,7,13,0,700,2539-1182
2539148,1182726,2023,7,,0,700,2539-1182
2572742,1204496,2025,7,76,0,700,2572-1204
2569500,1203500,2022,12,2,0,700,2569-1203
2539046.23780685,1182645.82975202,2022,7,13,0,700,2539-1182
2571476,1202707,2025,12,20,0,700,2571-1202
2659769,1270619,2022,12,6,0,700,2659-1270
2571401,1202737,2025,12,20,0,700,2571-1202
2579887,1212407,2023,7,9,0,700,2579-1212
2569738,1203413,2022,12,9,0,700,2569-1203
2569266,1203306,2022,12,,0,700,2569-1203
2568993,1203113,2021,12,6,0,700,2568-1203
2569500,1203500,2022,12,9,0,700,2569-1203
2570791,1203397,2021,12,6,0,700,2570-1203
2659894,1270379,2025,12,5,0,700,2659-1270
2614460,1269839,2025,12,2,0,700,2614-1269
2660500,1270500,2023,7,100,0,700,2660-1270
2570500,1203500,2024,12,3,0,700,2570-1203
2659515,1271521,2021,19,2,0,700,2659-1271
2539046.23780685,1182645.82975202,2021,12,,0,700,2539-1182
2595500,1201500,2021,7,2,0,700,2595-1201
2568742,1203173,2021,12,10,0,700,2568-1203
2575367,1257994,2025,12,9,0,700,2575-1257
2631499,1270484,2025,12,2,0,700,2631-1270
2660500,1270500,2022,12,8,0,700,2660-1270
2539046.23780685,1182645.82975202,2022,12,2,0,700,2539-1182
2660500,1270500,2024,19,6,0,700,2660-1270
2660500,1270500,2025,12,5,0,700,2660-1270
2707500,1279500,2021,12,8,0,700,2707-1279
2703188,1281757,2025,12,2,0,700,2703-1281
2572673,1204553,2025,12,20,0,700,2572-1204
2660500,1270500,2021,19,5,0,700,2660-1270
2707500,1279500,2021,12,5,0,700,2707-1279
2583002,1194117,2024,19,2,0,700,2583-1194
2539046.23780685,1182645.82975202,2021,19,1,0,700,2539-1182
2570171.55826185,1203620.27005927,2024,19,2,0,700,2570-1203
2539046.23780685,1182645.82975202,2021,19,5,0,700,2539-1182
2539046.23780685,1182645.82975202,2022,12,2,0,700,2539-1182
2691581,1247941,2021,12,2,0,700,2691-1247
2571472,1201921,2022,19,4,0,700,2571-1201
2620500,1265500,2023,19,1,0,700,2620-1265
2660500,1270500,2021,19,5,0,700,2660-1270
2594647,1201678,2025,19,1,0,700,2594-1201
2593645,1201561,2021,19,1,0,700,2593-1201
2691500,1247500,2021,25,2,2,700,2691-1247
2660500,1270500,2021,19,5,0,700,2660-1270
2570500,1203500,2025,25,1,2,700,2570-1203
2660500,1270500,2024,25,10,2,700,2660-1270
2771185,1184056,2021,12,3,0,700,2771-1184
2580090.6502114,1212497.13430467,2024,19,2,0,700,2580-1212
2660904,1269737,2022,25,3,1,700,2660-1269
2614460,1269839,2024,19,1,0,700,2614-1269
2703486,1282156,2023,19,3,0,700,2703-1282
2537371,1179873,2022,25,1,2,700,2537-1179
2660500,1270500,2024,19,6,0,700,2660-1270
2570500,1203500,2025,19,2,0,700,2570-1203
2691500,1247582,2021,19,2,0,700,2691-1247
2539046.23780685,1182645.82975202,2021,19,5,0,700,2539-1182
2575378,1257997,2021,19,8,0,700,2575-1257
2570500,1203500,2025,25,1,1,700,2570-1203
2660031,1270543,2024,19,3,0,700,2660-1270
2539046.23780685,1182645.82975202,2022,19,2,0,700,2539-1182
2703114,1281702,2023,19,3,0,700,2703-1281
2620500,1265500,2025,25,23,13,700,2620-1265
2660500,1270500,2021,25,2,2,700,2660-1270
2660500,1270500,2021,19,4,0,700,2660-1270
2561128,1194949,2022,25,2,4,700,2561-1194
2589330,1208795,2025,25,1,2,700,2589-1208
2570506,1203313,2025,25,2,2,700,2570-1203
2568716,1203418,2022,25,2,2,700,2568-1203
2691500,1247500,2021,19,2,0,700,2691-1247
2579823,1212285,2021,19,2,0,700,2579-1212
2575383.48559548,1257918.33890068,2024,25,3,2,700,2575-1257
2691468.89796345,1247582.63851963,2022,25,1,2,700,2691-1247
2575313.48974961,1258076.3403946,2024,25,4,1,700,2575-1258
2691500,1247500,2021,25,2,2,700,2691-1247
2539046.23780685,1182645.82975202,2022,19,2,0,700,2539-1182
2539046.23780685,1182645.82975202,2022,19,2,0,700,2539-1182
2575313.48974961,1258076.34039461,2022,25,1,2,700,2575-1258
2575383.48559548,1257918.33890068,2023,25,1,1,700,2575-1257
2691500,1247500,2021,25,2,2,700,2691-1247
2620500,1265500,2021,25,12,13,700,2620-1265
2572885,1202868,2023,25,1,1,700,2572-1202
2659766,1270616,2025,25,2,1,700,2659-1270
2572706,1202789,2024,25,1,1,700,2572-1202
2660500,1270500,2022,25,2,1,700,2660-1270
2614500,1269500,2023,19,2,0,700,2614-1269
2660500,1270500,2021,25,4,2,700,2660-1270
2569500,1203500,2022,25,2,2,700,2569-1203
2659534,1271125,2021,25,1,2,700,2659-1271
2659873,1270401,2025,25,2,2,700,2659-1270
2660500,1270500,2025,25,7,2,700,2660-1270
2573083,1187664,2025,25,2,4,700,2573-1187
2659777,1270589,2025,31,1,2,700,2659-1270
2659976,1270280,2024,31,1,2,700,2659-1270
2659705,1270695,2025,31,5,1,700,2659-1270
2659705,1270695,2025,31,4,2,700,2659-1270
2659705,1270695,2025,31,6,1,700,2659-1270
2659312,1271438,2023,31,20,1,700,2659-1271
2660500,1270500,2021,25,5,2,700,2660-1270
2660500,1270500,2024,25,14,1,700,2660-1270
2593500,1201500,2024,25,2,4,700,2593-1201
2594794,1201614,2025,19,1,0,700,2594-1201
2702609,1281819,2022,25,2,4,700,2702-1281
2660334,1269840,2025,31,5,13,700,2660-1269
2660319,1269905,2022,31,50,2,700,2660-1269
2660058,1270126,2025,31,2,2,700,2660-1270
2660500,1270500,2025,25,4,2,700,2660-1270
2659500,1270500,2023,25,9,2,700,2659-1270
2660293,1270046,2023,25,10,2,700,2660-1270
2703154,1281658,2022,25,1,2,700,2703-1281
2530500,1151500,2023,25,1,1,700,2530-1151
2659440,1271863,2024,31,7,2,700,2659-1271
2705982,1278912,2024,25,2,4,700,2705-1278
2659698,1270950,2021,25,1,2,700,2659-1270
2659763,1270613,2023,25,3,1,700,2659-1270
2594500,1201500,2021,25,3,4,700,2594-1201
2631521,1270523,2025,25,2,4,700,2631-1270
2539046.23780685,1182645.82975202,2022,25,1,2,700,2539-1182
2594500,1201500,2021,25,3,4,700,2594-1201
2660227,1269897,2025,31,30,2,700,2660-1269
2660500,1270500,2024,25,14,1,700,2660-1270
2660500,1270500,2021,25,4,2,700,2660-1270
2660500,1270500,2024,31,3,1,700,2660-1270
2660500,1270500,2021,25,4,2,700,2660-1270
2539046.23780685,1182645.82975202,2022,25,1,1,700,2539-1182
2594424,1201664,2025,25,1,2,700,2594-1201
2594076,1201611,2022,25,1,2,700,2594-1201
2569459,1203583,2022,31,1,2,700,2569-1203
2620500,1265500,2021,31,22,13,700,2620-1265
2539046.23780685,1182645.82975202,2022,25,1,1,700,2539-1182
2670075,1242567,2023,31,2,2,700,2670-1242
2561585,1195420,2021,31,1,2,700,2561-1195
2575313.48974961,1258076.3403946,2024,31,8,13,700,2575-1258
2575383.48559548,1257918.33890068,2023,31,17,19,700,2575-1257
2575313.48974961,1258076.3403946,2024,31,20,13,700,2575-1258
2570171.55826185,1203620.27005927,2025,31,2,2,700,2570-1203
2729291,1275583,2023,31,2,1,700,2729-1275
2659327,1271118,2025,31,45,2,700,2659-1271
2659777,1270589,2025,31,5,2,700,2659-1270
2570414,1203222,2025,31,2,1,700,2570-1203
2659798,1270820,2024,31,1,2,700,2659-1270
2659631,1270797,2024,31,1,1,700,2659-1270
2570365,1203455,2025,31,13,13,700,2570-1203
2627500,1268500,2022,25,2,1,700,2627-1268
2570500,1203500,2025,25,1,1,700,2570-1203
2620500,1265500,2022,25,19,13,700,2620-1265
2660291,1269849,2025,37,,2,700,2660-1269
2660326,1269931,2025,37,30,2,700,2660-1269
2660670,1269729,2025,37,,1,700,2660-1269
2575313.48974961,1258076.3403946,2025,25,16,13,700,2575-1258
2570553.53980193,1202655.26017326,2022,25,2,1,700,2570-1202
2620500,1265500,2024,31,20,13,700,2620-1265
2575353,1258097,2023,37,11,13,700,2575-1258
2660269,1269929,2022,31,30,1,700,2660-1269
2660209,1270251,2023,31,15,1,700,2660-1270
2660500,1270500,2024,43,,0,700,2660-1270
2620500,1265500,2022,43,13,0,700,2620-1265
2660393,1269967,2025,43,,0,700,2660-1269
2660441,1270015,2022,43,1,0,700,2660-1270
2570618,1203222,2023,43,2,0,700,2570-1203
2539046.23780685,1182645.82975201,2024,31,1,2,700,2539-1182
2539046.23780685,1182645.82975201,2024,31,1,1,700,2539-1182
2570553.53980193,1202655.26017325,2023,43,2,0,700,2570-1202
2569751,1203433,2023,49,2,0,700,2569-1203
2660500,1270500,2024,31,1,2,700,2660-1270
2660500,1270500,2025,31,,1,700,2660-1270
2670239,1242507,2023,31,2,2,700,2670-1242
2660500,1270500,2023,49,,0,700,2660-1270
2614450,1269855,2025,31,10,13,700,2614-1269
2660038,1270565,2023,49,150,0,700,2660-1270
2614460,1269839,2024,31,3,13,700,2614-1269
2569500,1203500,2023,49,2,0,700,2569-1203
2660253,1270043,2021,49,64,0,700,2660-1270
2575383.48559548,1257918.33890068,2022,49,1,0,700,2575-1257
2660500,1270500,2021,49,,0,700,2660-1270
2659840,1270470,2025,31,5,13,700,2659-1270
2659701,1270671,2025,31,4,2,700,2659-1270
2659401,1271028,2025,31,23,2,700,2659-1271
2660500,1270500,2021,43,,0,700,2660-1270
2659807,1270759,2023,31,9,2,700,2659-1270
2569163,1203354,2023,55,5,0,700,2569-1203
2575366,1257907,2024,55,2,0,700,2575-1257
2659731,1270675,2025,31,36,13,700,2659-1270
2570171.55826185,1203620.27005927,2021,31,6,1,700,2570-1203
2660500,1270500,2025,43,200,0,700,2660-1270
2659806,1270783,2025,55,300,0,700,2659-1270
2659531,1271161,2025,55,280,0,700,2659-1271
2678516,1261641,2024,55,2,0,700,2678-1261
2659701,1270669,2025,55,30,0,700,2659-1270
2659133,1271377,2023,55,,0,700,2659-1271
2569753,1203431,2021,31,8,2,700,2569-1203
2660500,1270500,2021,55,400,0,700,2660-1270
2660500,1270500,2024,55,211,0,700,2660-1270
2575383.48559548,1257918.33890068,2021,55,4,0,700,2575-1257
2627500,1268500,2021,31,2,2,700,2627-1268
2627500,1268500,2024,61,15,0,700,2627-1268
2660500,1270500,2023,61,70,0,700,2660-1270
2660500,1270500,2021,49,64,0,700,2660-1270
2569726,1203430,2023,49,1,0,700,2569-1203
2569751,1203428,2025,49,2,0,700,2569-1203
2569744,1203421,2023,49,2,0,700,2569-1203
2568832,1203080,2022,61,20,0,700,2568-1203
2568936,1203422,2025,61,13,0,700,2568-1203
2569048,1203056,2021,61,7,0,700,2569-1203
2568893,1203320,2022,61,30,0,700,2568-1203
2569393,1203286,2024,61,,0,700,2569-1203
2659353,1271141,2025,61,,0,700,2659-1271
2659634,1271018,2025,37,40,2,700,2659-1271
2561500,1195500,2024,49,1,0,700,2561-1195
2659716,1271434,2025,61,6,0,700,2659-1271
2660500,1270500,2024,31,4,2,700,2660-1270
2579335.42108767,1257966.27243105,2024,61,2,0,700,2579-1257
2575383.48559548,1257918.33890068,2021,31,4,13,700,2575-1257
2575383.48559548,1257918.33890068,2023,61,3,0,700,2575-1257
2660037,1270166,2025,61,3,0,700,2660-1270
2660500,1270500,2021,31,11,2,700,2660-1270
2660500,1270500,2025,43,200,0,700,2660-1270
2660369,1270030,2022,55,40,0,700,2660-1270
2660217,1269914,2021,55,200,0,700,2660-1269
2658837,1271856,2025,67,3,0,700,2658-1271
2568816,1203453,2025,67,40,0,700,2568-1203
2569091,1203050,2022,67,7,0,700,2569-1203
2560500,1194500,2025,43,1,0,700,2560-1194
2572877,1202895,2025,67,41,0,700,2572-1202
2575313.48974961,1258076.3403946,2024,67,2,0,700,2575-1258
2569666,1203496,2025,55,13,0,700,2569-1203
2569461,1203644,2023,55,4,0,700,2569-1203
2569500,1203500,2023,55,12,0,700,2569-1203
2660500,1270500,2022,43,,0,700,2660-1270
2579335.42108767,1257966.27243105,2025,55,2,0,700,2579-1257
2660500,1270500,2021,55,600,0,700,2660-1270
2670500,1242500,2021,1,2,0,700,2670-1242
2568892,1203438,2023,55,5,0,700,2568-1203
2539046.23780685,1182645.82975202,2021,1,14,0,700,2539-1182
2702659.41195306,1281914.8508067,2021,55,2,0,700,2702-1281
2707500,1279500,2021,1,7,0,700,2707-1279
2660500,1270500,2023,43,,0,700,2660-1270
2594500,1201500,2022,55,2,0,700,2594-1201
2660500,1270500,2021,1,,0,700,2660-1270
2569500,1203500,2023,1,,0,700,2569-1203
2660500,1270500,2021,1,17,0,700,2660-1270
2660500,1270500,2023,1,,0,700,2660-1270
2579500,1212500,2024,55,3,0,700,2579-1212
2729500,1275500,2024,1,25,0,700,2729-1275
2660500,1270500,2025,55,,0,700,2660-1270
2670500,1242500,2025,1,,0,700,2670-1242
2707500,1279500,2022,1,11,0,700,2707-1279
2569154,1203206,2021,1,25,0,700,2569-1203
2569115,1203257,2022,1,11,0,700,2569-1203
2568911,1203045,2023,1,2,0,700,2568-1203
2568891,1203433,2021,1,6,0,700,2568-1203
2569304,1203259,2021,1,31,0,700,2569-1203
2569423,1203099,2023,1,3,0,700,2569-1203
2568877,1203391,2025,1,,0,700,2568-1203
2568965,1203111,2022,1,25,0,700,2568-1203
2659692,1270727,2023,1,,0,700,2659-1270
2575304,1257933,2025,61,1,0,700,2575-1257
2580090.6502114,1212497.13430467,2023,1,3,0,700,2580-1212
2539046.23780685,1182645.82975202,2022,1,11,0,700,2539-1182
2539104,1182836,2021,1,4,0,700,2539-1182
2703138,1281714,2023,1,1,0,700,2703-1281
2659823,1270742,2021,49,,0,700,2659-1270
2660500,1270500,2022,61,,0,700,2660-1270
2561065,1195425,2025,61,2,0,700,2561-1195
2569719,1203447,2025,61,2,0,700,2569-1203
2570500,1203500,2021,1,28,0,700,2570-1203
2575383.48559548,1257918.33890068,2022,49,1,0,700,2575-1257
2570553.53980193,1202655.26017325,2023,49,3,0,700,2570-1202
2660500,1270500,2025,61,3,0,700,2660-1270
2594500,1201500,2023,1,2,0,700,2594-1201
2660500,1270500,2023,1,85,0,700,2660-1270
2575267,1257892,2025,61,1,0,700,2575-1257
2569644.55120499,1203073.27749823,2023,1,3,0,700,2569-1203
2660500,1270500,2025,61,3,0,700,2660-1270
2660500,1270500,2025,7,,0,700,2660-1270
2569169,1203239,2022,61,20,0,700,2569-1203
2659959,1270295,2024,49,,0,700,2659-1270
2569879,1203266,2025,61,5,0,700,2569-1203
2614435,1269809,2025,61,1,0,700,2614-1269
2539046.23780685,1182645.82975201,2024,61,1,0,700,2539-1182
2539046.23780685,1182645.82975201,2024,61,6,0,700,2539-1182
2539046.23780685,1182645.82975201,2024,61,1,0,700,2539-1182
2575313.48974961,1258076.3403946,2024,37,16,2,700,2575-1258
2570171.55826185,1203620.27005927,2023,7,11,0,700,2570-1203
2561323.44015893,1195110.40378658,2021,37,3,13,700,2561-1195
2539405.23201617,1182388.82094444,2025,7,9,0,700,2539-1182
2568948,1203224,2025,7,6,0,700,2568-1203
2678743.88625199,1261738.64812515,2024,55,2,0,700,2678-1261
2569500,1203500,2025,55,4,0,700,2569-1203
2571300,1202815,2025,7,40,0,700,2571-1202
2614460,1269839,2024,55,1,0,700,2614-1269
2614450.91388358,1269819.8364628,2025,7,2,0,700,2614-1269
2759771,1263451,2023,55,2,0,700,2759-1263
2569523,1203687,2025,55,12,0,700,2569-1203
2569307,1203323,2024,67,36,0,700,2569-1203
2659339,1271151,2025,55,,0,700,2659-1271
2707481,1279091,2025,67,95,0,700,2707-1279
2539189,1182897,2024,67,20,0,700,2539-1182
2539077,1182864,2024,67,22,0,700,2539-1182
2707358,1279102,2022,67,37,0,700,2707-1279
2569631,1203187,2025,67,40,0,700,2569-1203
2729594,1275571,2025,67,12,0,700,2729-1275
2539046.23780685,1182645.82975201,2024,67,24,0,700,2539-1182
2660500,1270500,2024,43,200,0,700,2660-1270
2660500,1270500,2023,1,,0,700,2660-1270
2659500,1270500,2022,13,6,0,700,2659-1270
2568500,1203500,2024,13,6,0,700,2568-1203
2660500,1270500,2022,43,,0,700,2660-1270
2660500,1270500,2021,13,4,0,700,2660-1270
2569500,1203500,2024,13,7,0,700,2569-1203
2660500,1270500,2022,43,,0,700,2660-1270
2660500,1270500,2021,1,,0,700,2660-1270
2593500,1201499,2023,1,2,0,700,2593-1201
2660500,1270500,2023,13,,0,700,2660-1270
2569376,1203301,2024,13,30,0,700,2569-1203
2568774,1203033,2024,13,50,0,700,2568-1203
2539046.23780685,1182645.82975202,2021,13,23,0,700,2539-1182
2539046.23780685,1182645.82975202,2021,13,19,0,700,2539-1182
2660500,1270500,2025,13,4,0,700,2660-1270
2594500,1201500,2022,61,5,0,700,2594-1201
2660500,1270500,2024,49,,0,700,2660-1270
2614460,1269839,2024,61,1,0,700,2614-1269
2614460,1269839,2025,61,1,0,700,2614-1269
2660500,1270500,2023,49,,0,700,2660-1270
2660500,1270500,2021,1,18,0,700,2660-1270
2660500,1270500,2023,61,70,0,700,2660-1270
2594500,1201500,2022,1,23,0,700,2594-1201
2575383.48559548,1257918.33890068,2024,13,4,0,700,2575-1257
2660500,1270500,2025,61,4,0,700,2660-1270
2569214,1202820,2021,1,38,0,700,2569-1202
2569155,1202972,2023,1,3,0,700,2569-1202
2570171.55826185,1203620.27005927,2024,61,,0,700,2570-1203
2570171.55826185,1203620.27005927,2025,61,6,0,700,2570-1203
2539046.23780685,1182645.82975201,2023,61,2,0,700,2539-1182
2575383.48559548,1257918.33890068,2021,49,2,0,700,2575-1257
2660500,1270500,2023,1,,0,700,2660-1270
2691487,1247568,2021,19,2,0,700,2691-1247
2691559,1247733,2021,19,2,0,700,2691-1247
2570553.53980193,1202655.26017325,2023,49,3,0,700,2570-1202
2569020,1203211,2022,1,4,0,700,2569-1203
2569608,1203194,2025,1,15,0,700,2569-1203
2569122,1203371,2022,1,20,0,700,2569-1203
2569091,1203278,2022,1,25,0,700,2569-1203
2660500,1270500,2023,1,,0,700,2660-1270
2569500,1203500,2023,1,3,0,700,2569-1203
2660500,1270500,2024,49,,0,700,2660-1270
2569500,1203500,2023,49,1,0,700,2569-1203
2660500,1270500,2021,49,100,0,700,2660-1270
2570500,1203500,2025,1,10,0,700,2570-1203
2560500,1194500,2024,49,1,0,700,2560-1194
2660500,1270500,2022,49,,0,700,2660-1270
2594500,1201500,2021,19,2,0,700,2594-1201
2660500,1270500,2024,49,,0,700,2660-1270
2660500,1270500,2024,55,,0,700,2660-1270
2572792,1204484,2025,1,21,0,700,2572-1204
2539152,1182675,2025,1,2,0,700,2539-1182
2539051,1182540,2023,1,8,0,700,2539-1182
2614450.91388358,1269819.83646281,2021,19,1,0,700,2614-1269
2530649.55307568,1151052.9731533,2023,19,1,0,700,2530-1151
2660500,1270500,2023,55,,0,700,2660-1270
2539046.23780685,1182645.82975201,2025,1,18,0,700,2539-1182
2539046.23780685,1182645.82975202,2021,1,14,0,700,2539-1182
2569644.55120499,1203073.27749823,2023,1,5,0,700,2569-1203
2539046.23780685,1182645.82975202,2022,1,11,0,700,2539-1182
2539046.23780685,1182645.82975202,2022,1,11,0,700,2539-1182
2539405.23201617,1182388.82094444,2025,7,9,0,700,2539-1182
2659626,1271055,2025,67,38,0,700,2659-1271
2572855,1202899,2025,67,40,0,700,2572-1202
2729099.48039105,1275600.06245772,2022,7,20,0,700,2729-1275
2620624,1265242,2024,67,2,0,700,2620-1265
2691577,1247627,2021,7,2,0,700,2691-1247
2594781,1201580,2021,55,2,0,700,2594-1201
2572500,1204500,2021,7,2,0,700,2572-1204
2575410,1258062,2024,19,2,0,700,2575-1258
2575193,1258104,2024,19,2,0,700,2575-1258
2570171.55826185,1203620.27005927,2025,67,,0,700,2570-1203
2660500,1270500,2025,7,12,0,700,2660-1270
2575313.48974961,1258076.3403946,2023,55,2,0,700,2575-1258
2575313.48974961,1258076.3403946,2023,55,2,0,700,2575-1258
2759999.99367169,1263000.27822094,2024,19,2,0,700,2759-1263
2539368,1182408,2025,7,8,0,700,2539-1182
2569500,1203500,2024,67,40,0,700,2569-1203
2660500,1270500,2025,67,,0,700,2660-1270
2655500,1272500,2025,1,28,0,700,2655-1272
2579868,1212237,2023,7,16,0,700,2579-1212
2569378,1203312,2025,7,20,0,700,2569-1203
2569180,1196755,2023,1,2,0,700,2569-1196
2659675,1271086,2023,1,50,0,700,2659-1271
2659373,1271364,2025,1,1,0,700,2659-1271
2659826,1270741,2021,1,,0,700,2659-1270
2659563,1271206,2023,1,16,0,700,2659-1271
2662920,1273663,2025,1,100,0,700,2662-1273
2568995,1203376,2022,25,2,1,700,2568-1203
2660021,1270528,2022,13,4,0,700,2660-1270
2569500,1203500,2024,13,7,0,700,2569-1203
2660500,1270500,2025,13,6,0,700,2660-1270
2572871,1202853,2023,25,1,1,700,2572-1202
2594706,1201686,2023,61,3,0,700,2594-1201
2539046.23780685,1182645.82975201,2023,13,3,0,700,2539-1182
2539046.23780685,1182645.82975201,2025,13,11,0,700,2539-1182
2572764,1202821,2024,25,1,2,700,2572-1202
2659692,1270995,2023,25,10,2,700,2659-1270
2633078,1268498,2024,13,2,0,700,2633-1268
2579335.42108767,1257966.27243106,2021,13,2,0,700,2579-1257
2539046.23780685,1182645.82975201,2024,1,34,0,700,2539-1182
2569500,1203500,2021,13,2,0,700,2569-1203
2569500,1203500,2022,1,15,0,700,2569-1203
2569500,1203500,2021,1,35,0,700,2569-1203
2627500,1268500,2024,1,9,0,700,2627-1268
2660500,1270500,2021,1,18,0,700,2660-1270
2660500,1270500,2021,25,3,2,700,2660-1270
2614463,1269819,2024,61,4,0,700,2614-1269
2620717.75996161,1265315.77940843,2021,25,2,1,700,2620-1265
2620717.75996161,1265315.77940843,2023,25,2,4,700,2620-1265
2539046.23780685,1182645.82975202,2021,25,2,1,700,2539-1182
2707500,1279500,2022,1,11,0,700,2707-1279
2561323.44015893,1195110.40378658,2025,61,2,0,700,2561-1195
2570171.55826185,1203620.27005927,2023,25,2,4,700,2570-1203
2570500,1203500,2023,61,4,0,700,2570-1203
2660500,1270500,2021,13,4,0,700,2660-1270
2746500,1268500,2023,13,2,0,700,2746-1268
2569500,1203500,2021,1,34,0,700,2569-1203
2539059,1182680,2025,13,14,0,700,2539-1182
2539062,1182648,2024,13,1,0,700,2539-1182
2575383.48559548,1257918.33890068,2025,61,2,0,700,2575-1257
2660500,1270500,2021,25,2,1,700,2660-1270
2594500,1201500,2024,25,3,4,700,2594-1201
2660500,1270500,2024,1,,0,700,2660-1270
2539046.23780685,1182645.82975202,2023,1,39,0,700,2539-1182
2660500,1270500,2023,1,,0,700,2660-1270
2611100,1270499,2022,25,13,13,700,2611-1270
2620500,1265500,2022,19,1,0,700,2620-1265
2613980,1269829,2021,25,9,13,700,2613-1269
2659500,1270500,2024,67,35,0,700,2659-1270
2589358,1208711,2025,25,1,1,700,2589-1208
2569644.55120499,1203073.27749823,2023,1,3,0,700,2569-1203
2569644.55120499,1203073.27749823,2023,1,3,0,700,2569-1203
2575383.48559548,1257918.33890068,2022,25,3,1,700,2575-1257
2691468.89796345,1247582.63851963,2021,25,2,1,700,2691-1247
2575383.48559548,1257918.33890068,2021,25,4,1,700,2575-1257
2691468.89796345,1247582.63851963,2021,25,2,1,700,2691-1247
2691468.89796345,1247582.63851963,2022,25,2,4,700,2691-1247
2691468.89796345,1247582.63851963,2021,25,2,2,700,2691-1247
2575313.48974961,1258076.34039461,2022,25,3,2,700,2575-1258
2594827,1201466,2023,67,2,0,700,2594-1201
2563898,1188811,2022,19,2,0,700,2563-1188
2571316,1203469,2023,19,2,0,700,2571-1203
2580500,1212500,2023,7,14,0,700,2580-1212
2539046.23780685,1182645.82975202,2022,67,7,0,700,2539-1182
2539046.23780685,1182645.82975202,2021,67,9,0,700,2539-1182
2539405.23201616,1182388.82094445,2022,67,19,0,700,2539-1182
2705522,1280283,2022,67,2,0,700,2705-1280
2706820,1279412,2022,67,2,0,700,2706-1279
2670500,1242500,2023,31,2,1,700,2670-1242
2655500,1272500,2025,67,39,0,700,2655-1272
2659712,1270705,2025,7,16,0,700,2659-1270
2521772,1150701,2024,7,2,0,700,2521-1150
2729697,1275494,2024,7,18,0,700,2729-1275
2571327,1202127,2021,31,2,4,700,2571-1202
2614460,1269839,2023,7,2,0,700,2614-1269
2660385,1269820,2023,31,8,1,700,2660-1269
2571259,1202103,2023,31,2,1,700,2571-1202
2539046.23780685,1182645.82975202,2021,67,9,0,700,2539-1182
2575313.48974961,1258076.3403946,2024,67,1,0,700,2575-1258
2539046.23780685,1182645.82975201,2023,7,32,0,700,2539-1182
2571032,1201846,2023,31,2,1,700,2571-1201
2539405.23201617,1182388.82094444,2024,7,2,0,700,2539-1182
2539046.23780685,1182645.82975201,2024,7,18,0,700,2539-1182
2660500,1270500,2022,1,10,0,700,2660-1270
2660500,1270500,2024,31,1,1,700,2660-1270
2707500,1279500,2022,31,2,2,700,2707-1279
2594797,1201486,2022,1,4,0,700,2594-1201
2670572,1242175,2025,1,7,0,700,2670-1242
2660500,1270500,2022,19,2,0,700,2660-1270
2660500,1270500,2021,1,,0,700,2660-1270
2660500,1270500,2021,31,15,1,700,2660-1270
2593500,1201500,2022,7,4,0,700,2593-1201
2660500,1270500,2023,7,,0,700,2660-1270
2569089,1203711,2025,7,6,0,700,2569-1203
2670300.06850856,1242299.56432465,2024,19,1,0,700,2670-1242
2660500,1270500,2024,19,6,0,700,2660-1270
2570974,1202844,2025,7,40,0,700,2570-1202
2570876,1202934,2025,7,36,0,700,2570-1202
2569551,1203665,2021,31,6,2,700,2569-1203
2575313.48974961,1258076.3403946,2024,31,15,13,700,2575-1258
2570500,1203500,2021,13,,0,700,2570-1203
2670311,1242308,2024,19,1,0,700,2670-1242
2575313.48974961,1258076.34039461,2022,31,2,4,700,2575-1258
2569500,1203500,2025,13,20,0,700,2569-1203
2659666,1270755,2021,13,4,0,700,2659-1270
2627500,1268500,2023,1,2,0,700,2627-1268
2594535,1201557,2022,31,4,4,700,2594-1201
2539053,1182680,2021,13,23,0,700,2539-1182
2579081,1257844,2022,13,1,0,700,2579-1257
2539012,1182700,2021,19,2,0,700,2539-1182
2539067,1182665,2022,19,2,0,700,2539-1182
2660500,1270500,2025,13,5,0,700,2660-1270
2570500,1203500,2025,13,7,0,700,2570-1203
2571672,1203280,2024,1,7,0,700,2571-1203
2660500,1270500,2025,13,5,0,700,2660-1270
2660500,1270500,2022,1,18,0,700,2660-1270
2570500,1203500,2023,1,,0,700,2570-1203
2569500,1203500,2025,13,20,0,700,2569-1203
2660240,1269903,2022,37,,2,700,2660-1269
2569857.55231118,1203193.27414936,2021,13,6,0,700,2569-1203
2614180,1269499,2022,13,2,0,700,2614-1269
2614310,1269579,2024,13,2,0,700,2614-1269
2614460,1269839,2023,13,2,0,700,2614-1269
2660500,1270500,2022,19,2,0,700,2660-1270
2707695,1279037,2023,1,13,0,700,2707-1279
2539046.23780685,1182645.82975202,2021,13,23,0,700,2539-1182
2571310,1202808,2025,13,30,0,700,2571-1202
2571291,1202834,2025,13,29,0,700,2571-1202
2620500,1265500,2021,25,13,13,700,2620-1265
2660500,1270500,2021,25,3,1,700,2660-1270
2573032,1203358,2022,25,1,2,700,2573-1203
2575313.48974961,1258076.3403946,2024,37,,1,700,2575-1258
2579343.43532689,1258767.27367891,2021,25,2,4,700,2579-1258
2702659.41195306,1281914.8508067,2021,25,1,2,700,2702-1281
2539046.23780685,1182645.82975202,2022,1,6,0,700,2539-1182
2659939,1270525,2024,43,35,0,700,2659-1270
2660500,1270500,2024,13,8,0,700,2660-1270
2660500,1270500,2021,13,4,0,700,2660-1270
2539046.23780685,1182645.82975202,2022,13,2,0,700,2539-1182
2707561,1279009,2023,19,2,0,700,2707-1279
2660500,1270500,2021,43,2,0,700,2660-1270
2660500,1270500,2022,43,240,0,700,2660-1270
2539046.23780685,1182645.82975202,2021,19,2,0,700,2539-1182
2575313.48974961,1258076.3403946,2024,7,2,0,700,2575-1258
2659721,1270889,2024,43,100,0,700,2659-1270
2660011,1270241,2025,43,,0,700,2660-1270
2660335,1269901,2021,43,15,0,700,2660-1269
2627500,1268500,2021,19,4,0,700,2627-1268
2594500,1201500,2024,19,4,0,700,2594-1201
2594767,1201484,2024,7,2,0,700,2594-1201
2659504,1271097,2024,19,3,0,700,2659-1271
2659515,1271080,2023,19,8,0,700,2659-1271
2659792,1270884,2024,19,6,0,700,2659-1270
2659409,1271051,2023,19,10,0,700,2659-1271
2691531,1247665,2022,25,1,2,700,2691-1247
2570553.53980193,1202655.26017325,2023,43,2,0,700,2570-1202
2575383.48559548,1257918.33890068,2023,43,10,0,700,2575-1257
2660500,1270500,2021,43,6,0,700,2660-1270
2691500,1247500,2021,19,2,0,700,2691-1247
2594435,1201673,2024,7,1,0,700,2594-1201
2707327,1279253,2025,7,6,0,700,2707-1279
2660500,1269500,2024,49,12,0,700,2660-1269
2614000,1268899,2021,19,2,0,700,2614-1268
2631524,1270515,2025,7,2,0,700,2631-1270
2569715,1203365,2025,49,2,0,700,2569-1203
2660500,1270500,2021,49,,0,700,2660-1270
2569500,1203500,2023,49,3,0,700,2569-1203
2627500,1268500,2021,25,1,1,700,2627-1268
2631500,1270500,2021,7,9,0,700,2631-1270
2627500,1268500,2021,25,1,2,700,2627-1268
2656500,1273500,2025,7,,0,700,2656-1273
2569857.55231118,1203193.27414935,2025,25,1,2,700,2569-1203
2660288,1269861,2021,49,1,0,700,2660-1269
2660530,1269882,2024,49,80,0,700,2660-1269
2660358,1269908,2024,49,,0,700,2660-1269
2660500,1270500,2024,49,,0,700,2660-1270
2660500,1270500,2021,25,1,2,700,2660-1270
2539046.23780685,1182645.82975202,2022,7,13,0,700,2539-1182
2660500,1270500,2021,49,,0,700,2660-1270
2539046.23780685,1182645.82975202,2022,7,13,0,700,2539-1182
2620500,1265500,2021,25,12,13,700,2620-1265
2660500,1270500,2021,49,,0,700,2660-1270
2660500,1270500,2021,25,2,1,700,2660-1270
2575313.48974961,1258076.3403946,2024,49,1,0,700,2575-1258
2575313.48974961,1258076.3403946,2024,49,1,0,700,2575-1258
2614460,1269839,2022,19,1,0,700,2614-1269
2575383.48559548,1257918.33890068,2022,49,4,0,700,2575-1257
2575313.48974961,1258076.3403946,2025,49,1,0,700,2575-1258
2614330.91332324,1269427.83726844,2022,13,2,0,700,2614-1269
2571201,1202225,2023,31,2,2,700,2571-1202
2659653,1270960,2024,19,2,0,700,2659-1270
2575358,1257995,2022,55,3,0,700,2575-1257
2660500,1270500,2025,13,6,0,700,2660-1270
2575500,1257500,2024,19,2,0,700,2575-1257
2660214,1269923,2023,55,3,0,700,2660-1269
2660276,1269998,2022,55,50,0,700,2660-1269
2575500,1258500,2024,19,6,0,700,2575-1258
2539046.23780685,1182645.82975201,2024,13,1,0,700,2539-1182
2539046.23780685,1182645.82975202,2022,13,2,0,700,2539-1182
2570500,1203500,2021,31,13,1,700,2570-1203
2659840,1270757,2024,55,64,0,700,2659-1270
2575383.48559548,1257918.33890068,2021,55,8,0,700,2575-1257
2539046.23780685,1182645.82975201,2024,31,1,1,700,2539-1182
2660500,1270500,2025,62,,0,700,2660-1270
2660500,1270500,2022,13,8,0,700,2660-1270
2569494,1203660,2021,31,1,2,700,2569-1203
2579874,1212184,2024,13,2,0,700,2579-1212
2579969,1212304,2024,13,20,0,700,2579-1212
2570500,1203500,2023,19,4,0,700,2570-1203
2561137,1195012,2021,31,2,4,700,2561-1195
2570171.55826185,1203620.27005927,2023,25,2,2,700,2570-1203
2575383.48559548,1257918.33890068,2023,31,17,19,700,2575-1257
2659865,1270425,2025,25,2,1,700,2659-1270
2658957,1271614,2021,25,1,1,700,2658-1271
2659198,1271524,2021,25,1,2,700,2659-1271
2729500,1275500,2021,62,5,0,700,2729-1275
2570500,1203500,2022,62,11,0,700,2570-1203
2660500,1270500,2021,25,1,1,700,2660-1270
2579762,1258256,2025,25,2,4,700,2579-1258
2694687.38637638,1287254.80806816,2021,19,2,0,700,2694-1287
2694687.38637638,1287254.80806816,2021,19,2,0,700,2694-1287
2572530,1204389,2023,19,2,0,700,2572-1204
2571367,1203328,2024,19,2,0,700,2571-1203
2571510,1203249,2023,19,1,0,700,2571-1203
2691616,1247695,2023,19,1,0,700,2691-1247
2691479,1247719,2021,19,2,0,700,2691-1247
2570500,1203500,2022,68,10,0,700,2570-1203
2614460,1269839,2025,25,11,13,700,2614-1269
2594156,1201683,2021,19,2,0,700,2594-1201
2575383.48559548,1257918.33890068,2023,37,2,1,700,2575-1257
2571500,1202500,2024,68,60,0,700,2571-1202
2660061,1270527,2022,25,2,1,700,2660-1270
2660500,1270500,2025,68,,0,700,2660-1270
2624101,1264032,2021,25,13,13,700,2624-1264
2569500,1203500,2021,1,36,0,700,2569-1203
2660500,1270500,2025,1,,0,700,2660-1270
2660500,1270500,2021,25,1,2,700,2660-1270
2660359,1269900,2024,43,55,0,700,2660-1269
2539041,1182759,2025,1,5,0,700,2539-1182
2575383.48559548,1257918.33890068,2021,19,1,0,700,2575-1257
2572719,1204477,2023,1,22,0,700,2572-1204
2539500,1182500,2025,1,3,0,700,2539-1182
2660500,1270500,2023,25,8,2,700,2660-1270
2539046.23780685,1182645.82975202,2021,1,14,0,700,2539-1182
2594434,1201662,2023,19,1,0,700,2594-1201
2593638,1201587,2024,19,6,0,700,2593-1201
2660500,1270500,2024,43,,0,700,2660-1270
2539046.23780685,1182645.82975202,2022,19,2,0,700,2539-1182
2539046.23780685,1182645.82975202,2022,19,2,0,700,2539-1182
2599500,1203500,2024,31,9,1,700,2599-1203
2620500,1265500,2022,19,2,0,700,2620-1265
2660500,1270500,2022,31,,2,700,2660-1270
2539046.23780685,1182645.82975202,2022,19,2,0,700,2539-1182
2569500,1203500,2021,49,10,0,700,2569-1203
2569500,1203500,2022,1,,0,700,2569-1203
2660500,1270500,2021,49,200,0,700,2660-1270
2660402,1269915,2022,31,60,1,700,2660-1269
2659808,1270562,2023,31,3,1,700,2659-1270
2659420,1271351,2024,31,1,1,700,2659-1271
2569500,1203500,2023,49,2,0,700,2569-1203
2659881,1270399,2023,31,4,1,700,2659-1270
2659302,1271487,2024,31,1,1,700,2659-1271
2659380,1271433,2024,31,1,2,700,2659-1271
2569494,1203190,2023,1,2,0,700,2569-1203
2660500,1270500,2024,49,,0,700,2660-1270
2670300.06850856,1242299.56432465,2023,31,2,2,700,2670-1242
2570500,1203500,2023,49,,0,700,2570-1203
2702875,1281501,2021,1,15,0,700,2702-1281
2660500,1270500,2023,19,,0,700,2660-1270
2569644.55120499,1203073.27749823,2022,1,,0,700,2569-1203
2660500,1270500,2023,25,7,2,700,2660-1270
2660500,1270500,2023,49,,0,700,2660-1270
2659871,1270437,2023,31,4,1,700,2659-1270
2659631,1270793,2024,31,1,2,700,2659-1270
2660020,1270575,2021,31,15,2,700,2660-1270
2728440.3713799,1280910.09081376,2022,25,2,1,700,2728-1280
2614450.91388358,1269819.8364628,2025,7,2,0,700,2614-1269
2660500,1270500,2021,49,,0,700,2660-1270
2569609,1203728,2023,25,1,2,700,2569-1203
2660500,1270500,2021,25,5,1,700,2660-1270
2571164.52971334,1202229.24813524,2023,31,2,2,700,2571-1202
2575383.48559548,1257918.33890068,2021,49,2,0,700,2575-1257
2570500,1203500,2022,31,2,2,700,2570-1203
2660500,1270500,2021,49,40,0,700,2660-1270
2561500,1195500,2021,37,3,2,700,2561-1195
2569607,1203751,2023,49,3,0,700,2569-1203
2569427,1203640,2023,55,3,0,700,2569-1203
2660500,1270500,2022,7,7,0,700,2660-1270
2571534,1202564,2022,7,6,0,700,2571-1202
2572635,1202764,2021,7,4,0,700,2572-1202
2691472,1247742,2021,25,2,2,700,2691-1247
2703882,1282563,2025,25,2,4,700,2703-1282
2704453,1282626,2025,25,2,4,700,2704-1282
2703931,1282387,2025,25,2,4,700,2703-1282
2660500,1270500,2023,55,20,0,700,2660-1270
2660500,1269500,2022,55,,0,700,2660-1269
2575383.48559548,1257918.33890068,2023,7,5,0,700,2575-1257
2660500,1270500,2022,55,150,0,700,2660-1270
2568688,1203232,2025,7,5,0,700,2568-1203
2659352,1271276,2023,37,12,2,700,2659-1271
2594755,1201581,2021,25,2,4,700,2594-1201
2569055,1196699,2023,13,1,0,700,2569-1196
2569500,1203500,2024,13,,0,700,2569-1203
2570500,1203500,2021,13,11,0,700,2570-1203
2658535,1272059,2023,37,2,2,700,2658-1272
2580090.6502114,1212497.13430467,2024,13,31,0,700,2580-1212
2660292,1269864,2024,13,3,0,700,2660-1269
2660500,1270500,2022,55,,0,700,2660-1270
2569500,1203500,2023,55,15,0,700,2569-1203
2627500,1268500,2021,25,4,2,700,2627-1268
2575207,1258105,2025,55,2,0,700,2575-1258
2569083,1203288,2023,55,12,0,700,2569-1203
2570171.55826185,1203620.27005927,2022,13,1,0,700,2570-1203
2620500,1265500,2021,25,13,13,700,2620-1265
2594500,1201500,2023,25,3,4,700,2594-1201
2575383.48559548,1257918.33890068,2021,25,4,1,700,2575-1257
2575313.48974961,1258076.34039461,2022,25,3,2,700,2575-1258
2539046.23780685,1182645.82975202,2021,13,22,0,700,2539-1182
2539046.23780685,1182645.82975202,2022,13,2,0,700,2539-1182
2539046.23780685,1182645.82975202,2022,13,3,0,700,2539-1182
2569230,1203331,2022,13,1,0,700,2569-1203
2660500,1270500,2024,43,,0,700,2660-1270
2660500,1270500,2022,43,275,0,700,2660-1270
2658891,1271895,2025,13,2,0,700,2658-1271
2571065,1202755,2025,13,1,0,700,2571-1202
2660079,1270321,2024,13,3,0,700,2660-1270
2659653,1271071,2025,13,2,0,700,2659-1271
2575313.48974961,1258076.34039461,2021,13,3,0,700,2575-1258
2575313.48974961,1258076.3403946,2024,13,2,0,700,2575-1258
2594468,1201653,2021,25,3,4,700,2594-1201
2594515,1201558,2023,25,1,1,700,2594-1201
2594454,1201626,2023,25,1,2,700,2594-1201
2570500,1203500,2021,19,1,0,700,2570-1203
2659831,1270754,2024,43,1,0,700,2659-1270
2660017,1270553,2024,43,42,0,700,2660-1270
2659816,1270774,2025,43,32,0,700,2659-1270
2660309,1269928,2025,43,32,0,700,2660-1269
2570500,1203500,2025,62,20,0,700,2570-1203
2660500,1269500,2022,62,15,0,700,2660-1269
2570500,1203500,2023,49,3,0,700,2570-1203
2703173,1281724,2023,19,2,0,700,2703-1281
2660500,1270500,2021,49,100,0,700,2660-1270
2568500,1203500,2024,62,5,0,700,2568-1203
2614450.91388358,1269819.8364628,2024,31,3,13,700,2614-1269
2659830,1270492,2022,62,11,0,700,2659-1270
2660500,1270500,2023,49,100,0,700,2660-1270
2660500,1270500,2023,49,150,0,700,2660-1270
2660500,1270500,2021,49,,0,700,2660-1270
2575383.48559548,1257918.33890068,2021,31,4,13,700,2575-1257
2575313.48974961,1258076.3403946,2025,31,7,13,700,2575-1258
2659500,1270500,2021,49,30,0,700,2659-1270
2570500,1203500,2021,31,4,2,700,2570-1203
2593500,1201500,2021,31,1,2,700,2593-1201
2569500,1203500,2023,49,3,0,700,2569-1203
2539046.23780685,1182645.82975201,2024,68,22,0,700,2539-1182
2539046.23780685,1182645.82975201,2024,68,23,0,700,2539-1182
2660500,1270500,2024,49,200,0,700,2660-1270
2660500,1270500,2023,49,,0,700,2660-1270
2660500,1270500,2021,19,1,0,700,2660-1270
2569500,1203500,2023,49,3,0,700,2569-1203
2614450.91388358,1269819.8364628,2025,68,3,0,700,2614-1269
2660500,1270500,2023,37,,2,700,2660-1270
2660500,1270500,2023,68,99,0,700,2660-1270
2660500,1270500,2023,37,41,1,700,2660-1270
2571015,1202502,2023,68,10,0,700,2571-1202
2691513,1247638,2021,19,2,0,700,2691-1247
2570500,1203500,2025,55,4,0,700,2570-1203
2656500,1273500,2021,1,2,0,700,2656-1273
2660500,1270500,2023,1,,0,700,2660-1270
2568979,1203188,2022,19,2,0,700,2568-1203
2614460,1269839,2024,55,1,0,700,2614-1269
2660500,1270500,2025,1,,0,700,2660-1270
2660500,1270500,2025,1,170,0,700,2660-1270
2575229,1258093,2022,19,2,4,700,2575-1258
2575315,1258073,2025,19,3,0,700,2575-1258
2575289,1257929,2021,19,4,0,700,2575-1257
2561323.44015893,1195110.40378658,2025,19,1,0,700,2561-1195
2539046.23780685,1182645.82975202,2021,19,3,0,700,2539-1182
2539046.23780685,1182645.82975202,2022,1,8,0,700,2539-1182
2539046.23780685,1182645.82975201,2025,1,4,0,700,2539-1182
2659500,1270500,2025,55,150,0,700,2659-1270
2660500,1270500,2023,19,18,0,700,2660-1270
2660500,1270500,2022,37,,1,700,2660-1270
2660500,1270500,2022,43,250,0,700,2660-1270
2575383.48559548,1257918.33890068,2021,19,1,0,700,2575-1257
2691468.89796345,1247582.63851963,2022,19,2,0,700,2691-1247
2660500,1270500,2024,1,4,0,700,2660-1270
2569500,1203500,2022,1,15,0,700,2569-1203
2575383.48559548,1257918.33890068,2021,19,4,0,700,2575-1257
2575313.48974961,1258076.3403946,2025,19,5,0,700,2575-1258
2575313.48974961,1258076.3403946,2025,19,4,0,700,2575-1258
2575313.48974961,1258076.3403946,2024,19,4,0,700,2575-1258
2660500,1270500,2022,43,,0,700,2660-1270
2702659.41195306,1281914.8508067,2021,1,12,0,700,2702-1281
2659767,1270777,2021,19,3,0,700,2659-1270
2659851,1270774,2022,19,2,0,700,2659-1270
2660500,1270500,2021,1,9,0,700,2660-1270
2659954,1270549,2025,25,1,2,700,2659-1270
2572789,1202846,2024,25,2,4,700,2572-1202
2659840,1270752,2024,25,16,2,700,2659-1270
2659988,1270617,2025,55,,0,700,2659-1270
2659500,1270500,2025,1,194,0,700,2659-1270
2660500,1270500,2025,55,10,0,700,2660-1270
2659464,1271172,2022,55,6,0,700,2659-1271
2660097,1270418,2025,55,250,0,700,2660-1270
2659612,1271120,2024,55,100,0,700,2659-1271
2659842,1270767,2025,62,20,0,700,2659-1270
2659205,1270531,2024,62,50,0,700,2659-1270
2570553.53980193,1202655.26017325,2023,43,2,0,700,2570-1202
2707519,1279140,2025,1,6,0,700,2707-1279
2569478,1203493,2022,1,,0,700,2569-1203
2569500,1203500,2025,1,,0,700,2569-1203
2539024,1182770,2025,1,9,0,700,2539-1182
2539095,1182652,2025,1,4,0,700,2539-1182
2570500,1203500,2023,49,3,0,700,2570-1203
2729500,1275500,2022,62,4,0,700,2729-1275
2660500,1270500,2022,62,11,0,700,2660-1270
2614460,1269839,2024,62,1,0,700,2614-1269
2569500,1203500,2023,49,2,0,700,2569-1203
2569393,1203298,2025,1,,0,700,2569-1203
2620717.75996161,1265315.77940843,2023,25,5,4,700,2620-1265
2614460,1269839,2025,62,1,0,700,2614-1269
2569500,1203500,2023,49,3,0,700,2569-1203
2660500,1270500,2023,49,,0,700,2660-1270
2569079,1203255,2023,1,2,0,700,2569-1203
2660500,1270500,2022,49,,0,700,2660-1270
2589262,1208860,2025,25,2,1,700,2589-1208
2660500,1270500,2023,1,90,0,700,2660-1270
2659500,1270500,2021,49,200,0,700,2659-1270
2570500,1203500,2021,49,3,0,700,2570-1203
2569433,1203624,2023,49,2,0,700,2569-1203
2569417,1203618,2025,49,2,0,700,2569-1203
2539142,1182667,2024,62,1,0,700,2539-1182
2660500,1270500,2021,25,1,1,700,2660-1270
2569644.55120499,1203073.27749823,2022,62,10,0,700,2569-1203
2660500,1270500,2021,25,1,2,700,2660-1270
2660500,1270500,2025,25,7,1,700,2660-1270
2660500,1270500,2022,25,5,2,700,2660-1270
2539467,1182069,2022,7,13,0,700,2539-1182
2539092,1182650,2024,7,,0,700,2539-1182
2539147,1182664,2024,7,7,0,700,2539-1182
2569500,1203500,2023,49,3,0,700,2569-1203
2660500,1270500,2023,49,,0,700,2660-1270
2569750,1203417,2023,68,20,0,700,2569-1203
2539046.23780685,1182645.82975202,2022,7,7,0,700,2539-1182
2539046.23780685,1182645.82975201,2023,7,2,0,700,2539-1182
2539046.23780685,1182645.82975201,2023,7,29,0,700,2539-1182
2539046.23780685,1182645.82975201,2024,7,54,0,700,2539-1182
2569147.44266037,1196706.26540992,2022,7,5,0,700,2569-1196
2572877,1202895,2025,68,40,0,700,2572-1202
2539046.23780685,1182645.82975201,2024,7,,0,700,2539-1182
2568987,1203250,2025,25,1,1,700,2568-1203
2569500,1203500,2023,68,3,0,700,2569-1203
2659500,1271500,2021,25,1,1,700,2659-1271
2660500,1270500,2024,68,71,0,700,2660-1270
2570500,1203500,2024,7,2,0,700,2570-1203
2569500,1203500,2022,7,30,0,700,2569-1203
2575383.48559548,1257918.33890068,2025,25,15,13,700,2575-1257
2575383.48559548,1257918.33890068,2023,25,1,1,700,2575-1257
2691468.89796345,1247582.63851963,2021,25,2,1,700,2691-1247
2691468.89796345,1247582.63851963,2021,25,2,4,700,2691-1247
2691468.89796345,1247582.63851963,2021,25,2,1,700,2691-1247
2570171.55826185,1203620.27005927,2021,25,2,4,700,2570-1203
2660067,1270513,2024,68,8,0,700,2660-1270
2570916,1202748,2023,68,10,0,700,2570-1202
2539046.23780685,1182645.82975201,2023,68,25,0,700,2539-1182
2571355,1203297,2023,55,19,0,700,2571-1203
2660500,1270500,2023,7,,0,700,2660-1270
2659500,1270500,2024,7,2,0,700,2659-1270
2660500,1270500,2022,55,60,0,700,2660-1270
2569265,1202964,2023,7,11,0,700,2569-1202
2655500,1272500,2025,55,3,0,700,2655-1272
2660500,1270500,2021,1,17,0,700,2660-1270
2660500,1270500,2021,55,,0,700,2660-1270
2729500,1275500,2024,7,3,0,700,2729-1275
2539500,1182500,2025,1,15,0,700,2539-1182
2589364,1208659,2025,31,2,2,700,2589-1208
2571500,1202500,2023,7,20,0,700,2571-1202
2660276,1269975,2022,31,60,1,700,2660-1269
2614450.91388358,1269819.8364628,2024,1,2,0,700,2614-1269
2659500,1270500,2025,31,50,13,700,2659-1270
2570500,1203500,2025,13,14,0,700,2570-1203
2539046.23780685,1182645.82975202,2022,1,10,0,700,2539-1182
2569747,1203428,2025,13,15,0,700,2569-1203
2759757,1263338,2023,55,2,0,700,2759-1263
2660500,1270500,2024,13,4,0,700,2660-1270
2659696,1270720,2024,1,,0,700,2659-1270
2659216,1271584,2023,1,2,0,700,2659-1271
2659655,1271030,2025,1,150,0,700,2659-1271
2570717,1203127,2024,1,17,0,700,2570-1203
2569147.44266037,1196706.26540992,2021,13,2,0,700,2569-1196
2539046.23780685,1182645.82975201,2024,13,2,0,700,2539-1182
2660500,1270500,2025,31,54,13,700,2660-1270
2659971,1270257,2022,1,4,0,700,2659-1270
2659747,1270869,2025,1,189,0,700,2659-1270
2575383.48559548,1257918.33890068,2023,55,2,0,700,2575-1257
2729500,1275500,2025,31,2,1,700,2729-1275
2620500,1265500,2023,1,28,0,700,2620-1265
2569500,1203500,2022,13,1,0,700,2569-1203
2569500,1203500,2021,1,31,0,700,2569-1203
2569066,1203316,2021,31,2,2,700,2569-1203
2575383.48559548,1257918.33890068,2021,31,7,13,700,2575-1257
2659843,1270382,2023,1,84,0,700,2659-1270
2660500,1270500,2021,1,50,0,700,2660-1270
2569382,1203286,2025,13,,0,700,2569-1203
2729500,1275500,2024,62,6,0,700,2729-1275
2633103,1268516,2024,13,2,0,700,2633-1268
2627500,1268500,2021,1,119,0,700,2627-1268
2660253,1269991,2023,37,24,1,700,2660-1269
2660338,1269913,2024,37,1,2,700,2660-1269
2707324,1279097,2024,62,8,0,700,2707-1279
2660500,1270500,2022,37,80,1,700,2660-1270
2539046.23780685,1182645.82975202,2022,1,,0,700,2539-1182
2570500,1203500,2024,13,1,0,700,2570-1203
2569644.55120499,1203073.27749823,2021,1,20,0,700,2569-1203
2659210,1271665,2023,37,20,1,700,2659-1271
2691561,1247702,2021,19,2,0,700,2691-1247
2614450.91388358,1269819.8364628,2025,62,1,0,700,2614-1269
2569500,1203500,2024,68,30,0,700,2569-1203
2570553.53980193,1202655.26017325,2025,37,1,2,700,2570-1202
2575262,1258075,2023,37,4,1,700,2575-1258
2575378,1257955,2023,43,12,0,700,2575-1257
2569500,1203500,2021,19,2,0,700,2569-1203
2631497,1270447,2023,68,2,0,700,2631-1270
2569749,1203433,2023,68,20,0,700,2569-1203
2614460,1269839,2025,7,2,0,700,2614-1269
2659500,1270500,2024,43,90,0,700,2659-1270
2659862,1270491,2024,7,,0,700,2659-1270
2660500,1270500,2023,68,,0,700,2660-1270
2660500,1270500,2025,68,4,0,700,2660-1270
2620717.75996161,1265315.77940843,2024,7,50,0,700,2620-1265
2569525.56262002,1203696.28167077,2023,43,2,0,700,2569-1203
2660500,1270500,2024,7,,0,700,2660-1270
2571494,1203033,2024,68,40,0,700,2571-1203
2539405.23201616,1182388.82094445,2022,68,30,0,700,2539-1182
2539405.23201616,1182388.82094445,2021,68,9,0,700,2539-1182
2539147,1182665,2023,7,3,0,700,2539-1182
2660187,1269929,2025,43,,0,700,2660-1269
2539046.23780685,1182645.82975202,2021,68,9,0,700,2539-1182
2659980,1270282,2023,7,100,0,700,2659-1270
2575383.48559548,1257918.33890068,2023,43,1,0,700,2575-1257
2620500,1265500,2021,43,2,0,700,2620-1265
2539141,1182670,2024,1,33,0,700,2539-1182
2539046.23780685,1182645.82975202,2021,13,21,0,700,2539-1182
2660500,1270500,2022,50,,0,700,2660-1270
2570171.55826185,1203620.27005927,2025,13,,0,700,2570-1203
2660500,1270500,2024,13,2,0,700,2660-1270
2579886,1212544,2024,13,30,0,700,2579-1212
2539046.23780685,1182645.82975201,2024,13,2,0,700,2539-1182
2579892,1212441,2024,13,31,0,700,2579-1212
2575315,1258071,2021,50,2,0,700,2575-1258
2660500,1270500,2024,1,4,0,700,2660-1270
2568500,1203500,2021,1,30,0,700,2568-1203
2660500,1270500,2024,50,,0,700,2660-1270
2569754,1203434,2025,50,2,0,700,2569-1203
2571257,1203197,2023,19,4,0,700,2571-1203
2571410,1203191,2023,19,2,0,700,2571-1203
2659795,1270795,2021,50,195,0,700,2659-1270
2660500,1270500,2022,50,,0,700,2660-1270
2678743.88625199,1261738.64812515,2024,50,27,0,700,2678-1261
2660500,1270500,2024,1,4,0,700,2660-1270
2660500,1270500,2025,1,4,0,700,2660-1270
2660500,1270500,2025,1,200,0,700,2660-1270
2660285,1269985,2021,50,54,0,700,2660-1269
2659898,1270781,2025,13,3,0,700,2659-1270
2593350,1201367,2021,1,2,0,700,2593-1201
2575313.48974961,1258076.3403946,2024,50,1,0,700,2575-1258
2659752,1270452,2024,13,5,0,700,2659-1270
2659606,1270524,2025,13,3,0,700,2659-1270
2660126,1270341,2024,13,3,0,700,2660-1270
2569746,1203404,2025,13,15,0,700,2569-1203
2569500,1203500,2021,1,30,0,700,2569-1203
2705500,1280500,2023,1,4,0,700,2705-1280
2569500,1203500,2021,13,1,0,700,2569-1203
2660226,1269873,2025,1,4,0,700,2660-1269
2660500,1270500,2022,56,,0,700,2660-1270
2575297,1257927,2021,56,5,0,700,2575-1257
2569131,1203227,2023,56,10,0,700,2569-1203
2569406,1203295,2021,56,2,0,700,2569-1203
2569391,1203296,2025,56,,0,700,2569-1203
2659952,1270528,2025,56,30,0,700,2659-1270
2659749,1270706,2023,56,15,0,700,2659-1270
2659688,1270944,2021,56,310,0,700,2659-1270
2570796,1203096,2025,25,1,2,700,2570-1203
2658800.07814379,1271799.64196525,2021,1,2,0,700,2658-1271
2570500,1203500,2022,56,9,0,700,2570-1203
2569500,1203500,2022,25,6,2,700,2569-1203
2570927,1202747,2025,13,1,0,700,2570-1202
2659753,1270636,2024,13,3,0,700,2659-1270
2659755,1270635,2024,13,3,0,700,2659-1270
2707480,1279087,2022,56,5,0,700,2707-1279
2579912,1212375,2023,7,2,0,700,2579-1212
2660500,1270500,2024,7,8,0,700,2660-1270
2569500,1203500,2025,25,1,2,700,2569-1203
2614450.91388358,1269819.8364628,2024,56,1,0,700,2614-1269
2614460,1269839,2022,19,1,0,700,2614-1269
2575313.48974961,1258076.3403946,2023,56,2,0,700,2575-1258
2575383.48559548,1257918.33890068,2023,56,2,0,700,2575-1257
2660500,1270500,2025,7,6,0,700,2660-1270
2575383.48559548,1257918.33890068,2021,56,8,0,700,2575-1257
2575313.48974961,1258076.3403946,2025,56,2,0,700,2575-1258
2575383.48559548,1257918.33890068,2021,56,5,0,700,2575-1257
2660237,1270068,2021,56,1,0,700,2660-1270
2660456,1270098,2022,56,,0,700,2660-1270
2660500,1270500,2024,25,20,1,700,2660-1270
2759999.99367169,1263000.27822094,2024,19,2,0,700,2759-1263
2539128,1182664,2023,7,25,0,700,2539-1182
2660500,1270500,2025,25,5,2,700,2660-1270
2660500,1270500,2022,25,5,1,700,2660-1270
2702677,1281826,2022,25,2,2,700,2702-1281
2660500,1270500,2023,62,,0,700,2660-1270
2655500,1272500,2023,62,40,0,700,2655-1272
2660500,1270500,2022,19,2,0,700,2660-1270
2592884,1201464,2024,7,2,0,700,2592-1201
2660500,1270500,2022,25,5,2,700,2660-1270
2691776,1247449,2021,25,2,4,700,2691-1247
2568827,1203130,2023,62,2,0,700,2568-1203
2572274,1204693,2023,19,2,0,700,2572-1204
2570523,1203264,2025,19,2,0,700,2570-1203
2539405.23201616,1182388.82094445,2022,7,16,0,700,2539-1182
2659812,1270757,2023,19,8,0,700,2659-1270
2539046.23780685,1182645.82975202,2022,7,5,0,700,2539-1182
2569500,1203500,2021,25,1,2,700,2569-1203
2702932,1281640,2022,25,1,2,700,2702-1281
2569197,1196615,2021,62,2,0,700,2569-1196
2614450.91388358,1269819.8364628,2024,62,5,0,700,2614-1269
2575313.48974961,1258076.3403946,2023,62,3,0,700,2575-1258
2575313.48974961,1258076.3403946,2024,62,2,0,700,2575-1258
2575313.48974961,1258076.3403946,2024,62,2,0,700,2575-1258
2614450.91388358,1269819.8364628,2024,62,5,0,700,2614-1269
2569500,1203500,2021,13,2,0,700,2569-1203
2570171.55826185,1203620.27005927,2023,68,9,0,700,2570-1203
2539046.23780685,1182645.82975201,2023,68,10,0,700,2539-1182
2570171.55826185,1203620.27005927,2025,68,40,0,700,2570-1203
2570171.55826185,1203620.27005927,2023,68,2,0,700,2570-1203
2702534,1281728,2022,68,50,0,700,2702-1281
2691551,1247657,2022,13,2,0,700,2691-1247
2659826,1270515,2025,19,1,0,700,2659-1270
2589308.53755816,1208834.98463799,2025,25,1,1,700,2589-1208
2575313.48974961,1258076.3403946,2024,25,12,13,700,2575-1258
2620500,1265500,2023,68,100,0,700,2620-1265
2759500,1263500,2023,68,7,0,700,2759-1263
2691925,1247603,2022,13,2,0,700,2691-1247
2729500,1275500,2025,68,22,0,700,2729-1275
2570565,1202669,2021,19,1,0,700,2570-1202
2569007,1203226,2022,68,2,0,700,2569-1203
2579504.41469552,1257766.26930523,2021,25,1,2,700,2579-1257
2570500,1203500,2024,13,2,0,700,2570-1203
2571403,1203158,2024,13,2,0,700,2571-1203
2660500,1270500,2021,31,4,1,700,2660-1270
2539054,1182751,2024,31,1,1,700,2539-1182
2569500,1203500,2021,68,3,0,700,2569-1203
2759500,1263500,2023,68,7,0,700,2759-1263
2575313.48974961,1258076.3403946,2025,68,2,0,700,2575-1258
2575383.48559548,1257918.33890068,2021,68,30,0,700,2575-1257
2570500,1203500,2021,13,3,0,700,2570-1203
2569500,1203500,2023,31,2,2,700,2569-1203
2660500,1270500,2023,19,18,0,700,2660-1270
2659698,1270962,2021,1,14,0,700,2659-1270
2659695,1270937,2024,1,7,0,700,2659-1270
2660500,1270500,2022,13,34,0,700,2660-1270
2660500,1270500,2024,13,8,0,700,2660-1270
2660500,1270500,2023,31,30,2,700,2660-1270
2660500,1270500,2023,1,10,0,700,2660-1270
2561104,1195053,2021,31,1,2,700,2561-1195
2660500,1270500,2021,31,4,1,700,2660-1270
2570133,1203743,2023,13,6,0,700,2570-1203
2570171.55826185,1203620.27005927,2025,1,15,0,700,2570-1203
2539046.23780685,1182645.82975202,2021,1,14,0,700,2539-1182
2568938,1203074,2022,1,40,0,700,2568-1203
2569222,1203322,2025,1,58,0,700,2569-1203
2570171.55826185,1203620.27005927,2025,13,,0,700,2570-1203
2539046.23780685,1182645.82975202,2021,13,20,0,700,2539-1182
2660500,1270500,2025,13,,0,700,2660-1270
2660500,1270500,2025,1,8,0,700,2660-1270
2627500,1268500,2021,1,11,0,700,2627-1268
2660500,1270500,2022,13,17,0,700,2660-1270
2539046.23780685,1182645.82975201,2024,31,1,1,700,2539-1182
2539046.23780685,1182645.82975202,2022,31,2,2,700,2539-1182
2660185,1270103,2022,31,60,1,700,2660-1270
2660500,1270500,2021,19,3,0,700,2660-1270
2660500,1270500,2023,19,,0,700,2660-1270
2660175,1270349,2023,31,40,1,700,2660-1270
2613930,1269339,2023,25,2,4,700,2613-1269
2614460,1269839,2023,25,3,5,700,2614-1269
2569147.44266037,1196706.26540992,2023,1,2,0,700,2569-1196
2691537,1247382,2021,19,2,4,700,2691-1247
2660500,1270500,2022,37,80,1,700,2660-1270
2569221,1196690,2023,1,2,0,700,2569-1196
2569172,1196710,2022,1,2,0,700,2569-1196
2569129,1196718,2023,1,2,0,700,2569-1196
2660500,1270500,2022,25,5,1,700,2660-1270
2729041,1275680,2024,25,2,2,700,2729-1275
2659873,1270430,2024,25,9,1,700,2659-1270
2729041,1275680,2024,25,2,2,700,2729-1275
2659678,1270701,2025,25,1,1,700,2659-1270
2659445,1271178,2023,25,15,2,700,2659-1271
2570459,1203810,2021,25,2,4,700,2570-1203
2572890,1202897,2022,25,1,2,700,2572-1202
2659244,1271563,2021,25,1,1,700,2659-1271
2594463,1201648,2023,37,9,13,700,2594-1201
2570500,1203500,2021,1,1,0,700,2570-1203
2660500,1270500,2023,37,,1,700,2660-1270
2660500,1270500,2023,7,50,0,700,2660-1270
2620500,1265500,2021,25,14,14,700,2620-1265
2572730,1202846,2021,7,2,0,700,2572-1202
2660130,1270346,2023,7,20,0,700,2660-1270
2570500,1203500,2023,7,,0,700,2570-1203
2541414,1182408,2021,25,2,4,700,2541-1182
2579605,1257723,2021,25,1,2,700,2579-1257
2660500,1269500,2021,7,9,0,700,2660-1269
2569000,1203178,2022,7,1,0,700,2569-1203
2659958,1270302,2025,25,1,1,700,2659-1270
2659678,1270701,2025,25,1,1,700,2659-1270
2579335.42108767,1257966.27243106,2021,7,2,0,700,2579-1257
2539046.23780685,1182645.82975201,2023,7,20,0,700,2539-1182
2570171.55826185,1203620.27005927,2021,7,6,0,700,2570-1203
2570171.55826185,1203620.27005927,2021,7,5,0,700,2570-1203
2744253,1267576,2022,25,2,4,700,2744-1267
2594731,1201674,2024,19,1,0,700,2594-1201
2660500,1270500,2024,43,80,0,700,2660-1270
2659500,1270500,2021,7,4,0,700,2659-1270
2660500,1270500,2024,43,,0,700,2660-1270
2660500,1270500,2023,7,150,0,700,2660-1270
2569265,1196716,2021,25,2,4,700,2569-1196
2660500,1270500,2022,43,,0,700,2660-1270
2569437,1203644,2025,7,13,0,700,2569-1203
2569147.44266037,1196706.26540992,2024,7,1,0,700,2569-1196
2580500,1212500,2024,19,2,0,700,2580-1212
2660500,1270500,2021,7,1,0,700,2660-1270
2660195,1270238,2023,7,,0,700,2660-1270
2660500,1269500,2024,43,3,0,700,2660-1269
2575313.48974961,1258076.34039461,2021,7,39,0,700,2575-1258
2575313.48974961,1258076.3403946,2024,7,2,0,700,2575-1258
2660500,1270500,2022,25,5,1,700,2660-1270
2627500,1268500,2021,19,2,0,700,2627-1268
2659500,1271500,2024,19,5,0,700,2659-1271
2570553.53980193,1202655.26017325,2023,43,2,0,700,2570-1202
2539044,1182840,2021,13,18,0,700,2539-1182
2570500,1203500,2022,31,1,2,700,2570-1203
2660500,1270500,2023,31,,1,700,2660-1270
2570500,1203500,2021,13,5,0,700,2570-1203
2569500,1203500,2025,50,2,0,700,2569-1203
2570553.53980193,1202655.26017326,2021,19,2,0,700,2570-1202
2660500,1270500,2021,50,,0,700,2660-1270
2659500,1270500,2025,13,8,0,700,2659-1270
2660500,1270500,2023,13,4,0,700,2660-1270
2614460,1269839,2021,31,11,4,700,2614-1269
2660500,1270500,2022,19,2,0,700,2660-1270
2660500,1270500,2023,13,4,0,700,2660-1270
2660500,1270500,2024,13,5,0,700,2660-1270
2575345,1257946,2024,50,1,0,700,2575-1257
2660500,1270500,2021,50,,0,700,2660-1270
2571500,1202500,2022,13,6,0,700,2571-1202
2659838,1270821,2022,31,7,1,700,2659-1270
2594447,1201654,2024,19,2,0,700,2594-1201
2570171.55826185,1203620.27005927,2025,13,,0,700,2570-1203
2539046.23780685,1182645.82975202,2022,13,2,0,700,2539-1182
2539046.23780685,1182645.82975201,2024,50,1,0,700,2539-1182
2539046.23780685,1182645.82975202,2021,13,24,0,700,2539-1182
2594439,1201660,2023,25,1,2,700,2594-1201
2594434,1201658,2022,25,2,4,700,2594-1201
2539046.23780685,1182645.82975201,2024,50,1,0,700,2539-1182
2660500,1270500,2025,50,,0,700,2660-1270
2569094,1203078,2022,13,8,0,700,2569-1203
2580175,1212165,2024,13,16,0,700,2580-1212
2660342,1269822,2023,50,,0,700,2660-1269
2570500,1203500,2023,25,1,2,700,2570-1203
2570553.53980193,1202655.26017325,2023,50,2,0,700,2570-1202
2707130,1279279,2023,13,4,0,700,2707-1279
2660500,1270500,2022,50,,0,700,2660-1270
2575313.48974961,1258076.3403946,2025,13,2,0,700,2575-1258
2575313.48974961,1258076.3403946,2023,13,18,0,700,2575-1258
2659500,1270500,2025,56,,0,700,2659-1270
2691523,1247628,2022,25,1,1,700,2691-1247
2660131,1270394,2023,37,9,1,700,2660-1270
2691543,1247666,2022,25,1,1,700,2691-1247
2660193,1270288,2024,13,3,0,700,2660-1270
2660289,1270203,2023,19,14,0,700,2660-1270
2691476,1247584,2022,25,1,1,700,2691-1247
2660500,1270500,2025,25,5,2,700,2660-1270
2660500,1270500,2023,37,,1,700,2660-1270
2659818,1270782,2021,56,120,0,700,2659-1270
2575394,1257912,2025,19,2,0,700,2575-1257
2659754,1270710,2023,19,15,0,700,2659-1270
2659840,1270732,2022,19,1,0,700,2659-1270
2572500,1204500,2022,56,10,0,700,2572-1204
2627500,1268500,2021,37,2,2,700,2627-1268
2570500,1203500,2023,56,10,0,700,2570-1203
2660500,1270500,2022,19,2,0,700,2660-1270
2659738,1270862,2024,37,4,2,700,2659-1270
2660067,1270540,2024,37,9,2,700,2660-1270
2594500,1201500,2025,56,1,0,700,2594-1201
2659500,1271500,2023,25,10,2,700,2659-1271
2572216,1204510,2022,56,10,0,700,2572-1204
2660500,1270500,2025,25,5,2,700,2660-1270
2660500,1270500,2024,19,5,0,700,2660-1270
2569500,1203500,2021,56,3,0,700,2569-1203
2570515,1259420,2024,25,2,4,700,2570-1259
2575383.48559548,1257918.33890068,2025,56,2,0,700,2575-1257
2703678,1282621,2022,25,2,2,700,2703-1282
2614460,1269839,2024,43,1,0,700,2614-1269
2659964,1270784,2024,43,,0,700,2659-1270
2759500,1263500,2023,43,1,0,700,2759-1263
2575383.48559548,1257918.33890068,2021,25,2,1,700,2575-1257
2660500,1270500,2025,43,100,0,700,2660-1270
2729500,1275500,2024,62,10,0,700,2729-1275
2659500,1270499,2023,43,50,0,700,2659-1270
2660500,1269500,2024,31,2,2,700,2660-1269
2660500,1270500,2023,31,,2,700,2660-1270
2539405.23201617,1182388.82094444,2024,62,1,0,700,2539-1182
2569147.44266037,1196706.26540992,2021,62,2,0,700,2569-1196
2575313.48974961,1258076.34039461,2021,19,2,0,700,2575-1258
2660500,1270500,2024,50,,0,700,2660-1270
2660500,1270500,2025,62,,0,700,2660-1270
2575313.48974961,1258076.3403946,2024,19,7,0,700,2575-1258
2594592,1201609,2024,31,2,4,700,2594-1201
2660500,1270500,2022,50,,0,700,2660-1270
2678743.88625199,1261738.64812515,2023,19,1,0,700,2678-1261
2660021,1270542,2021,50,,0,700,2660-1270
2678743.88625199,1261738.64812515,2023,19,1,0,700,2678-1261
2659280,1271389,2025,50,60,0,700,2659-1271
2611162,1270412,2023,50,2,0,700,2611-1270
2594500,1201500,2023,68,2,0,700,2594-1201
2659500,1271500,2021,50,,0,700,2659-1271
2707391,1279122,2021,68,8,0,700,2707-1279
2659381,1271090,2024,25,2,4,700,2659-1271
2660025,1270497,2022,25,2,4,700,2660-1270
2659723,1270907,2025,25,4,2,700,2659-1270
2572887,1202853,2023,25,1,1,700,2572-1202
2659315,1271206,2025,25,2,1,700,2659-1271
2659306,1271161,2025,25,2,1,700,2659-1271
2660500,1270500,2022,68,20,0,700,2660-1270
2569500,1203500,2021,68,2,0,700,2569-1203
2575298,1257832,2024,25,2,1,700,2575-1257
2660500,1270500,2021,50,,0,700,2660-1270
2580500,1212500,2024,68,2,0,700,2580-1212
2569164,1203357,2022,25,2,1,700,2569-1203
2539046.23780685,1182645.82975202,2021,68,9,0,700,2539-1182
2539046.23780685,1182645.82975201,2024,68,21,0,700,2539-1182
2691481,1247502,2023,25,2,4,700,2691-1247
2731112.40876194,1279574.1108736,2023,68,9,0,700,2731-1279
2660500,1270500,2024,25,20,2,700,2660-1270
2569644.55120499,1203073.27749823,2022,31,2,1,700,2569-1203
2660500,1270500,2023,68,,0,700,2660-1270
2660500,1270500,2021,31,17,4,700,2660-1270
2539046.23780685,1182645.82975202,2022,31,2,1,700,2539-1182
2539500,1182500,2025,68,4,0,700,2539-1182
2580500,1212500,2023,68,8,0,700,2580-1212
2614508,1269923,2023,25,1,1,700,2614-1269
2659842,1270747,2025,50,,0,700,2659-1270
2659675,1270955,2025,50,100,0,700,2659-1270
2539046.23780685,1182645.82975202,2021,25,2,2,700,2539-1182
2569401,1203599,2025,50,2,0,700,2569-1203
2595755,1201647,2022,31,2,4,700,2595-1201
2660500,1270500,2024,25,3,1,700,2660-1270
2660500,1270500,2023,1,30,0,700,2660-1270
2759805,1263403,2023,56,2,0,700,2759-1263
2660500,1270500,2021,31,20,2,700,2660-1270
2660500,1270500,2025,25,3,1,700,2660-1270
2659267,1271462,2025,56,120,0,700,2659-1271
2659482,1271128,2025,56,300,0,700,2659-1271
2572539,1204523,2022,56,9,0,700,2572-1204
2660022,1270538,2021,56,1,0,700,2660-1270
2569500,1203500,2021,1,,0,700,2569-1203
2660500,1270500,2024,25,,1,700,2660-1270
2660500,1270500,2023,56,,0,700,2660-1270
2572500,1204500,2022,56,9,0,700,2572-1204
2660500,1270500,2023,37,,1,700,2660-1270
2570500,1203500,2022,25,2,4,700,2570-1203
2569027,1203310,2022,1,40,0,700,2569-1203
2660500,1270500,2022,56,,0,700,2660-1270
2593668,1201760,2023,37,1,2,700,2593-1201
2569500,1196500,2023,1,4,0,700,2569-1196
2660500,1270500,2023,1,,0,700,2660-1270
2594500,1201500,2025,25,1,2,700,2594-1201
2614460,1269839,2024,56,1,0,700,2614-1269
2620500,1265500,2021,37,19,13,700,2620-1265
2575313.48974961,1258076.3403946,2024,25,3,2,700,2575-1258
2575383.48559548,1257918.33890068,2023,25,2,1,700,2575-1257
2539029,1182619,2024,1,15,0,700,2539-1182
2539163,1182654,2022,1,13,0,700,2539-1182
2539100,1182789,2022,1,16,0,700,2539-1182
2539149,1182659,2024,1,42,0,700,2539-1182
2660500,1270500,2023,56,50,0,700,2660-1270
2575383.48559548,1257918.33890068,2023,37,1,2,700,2575-1257
2660500,1270500,2021,56,,0,700,2660-1270
2659575,1271175,2024,1,15,0,700,2659-1271
2707500,1279500,2025,1,2,0,700,2707-1279
2593500,1201500,2023,31,1,2,700,2593-1201
2707500,1279500,2025,1,2,0,700,2707-1279
2569500,1203500,2025,1,20,0,700,2569-1203
2539405.23201617,1182388.82094444,2025,1,3,0,700,2539-1182
2539046.23780685,1182645.82975201,2025,1,2,0,700,2539-1182
2569147.44266037,1196706.26540992,2022,1,2,0,700,2569-1196
2539046.23780685,1182645.82975202,2022,1,18,0,700,2539-1182
2539046.23780685,1182645.82975201,2024,1,40,0,700,2539-1182
2539046.23780685,1182645.82975201,2024,1,40,0,700,2539-1182
2569525.56262002,1203696.28167077,2022,31,2,2,700,2569-1203
2539046.23780685,1182645.82975202,2022,1,18,0,700,2539-1182
2569147.44266037,1196706.26540992,2023,1,2,0,700,2569-1196
2729500,1275500,2025,31,2,1,700,2729-1275
2569778,1203184,2022,31,6,13,700,2569-1203
2569441,1203620,2021,56,3,0,700,2569-1203
2660500,1270500,2024,43,100,0,700,2660-1270
2560500,1194500,2025,43,1,0,700,2560-1194
2660340,1269894,2022,31,,2,700,2660-1269
2539046.23780685,1182645.82975201,2023,62,2,0,700,2539-1182
2660355,1269886,2022,31,20,2,700,2660-1269
2571500,1203500,2023,43,2,0,700,2571-1203
2659649,1271018,2023,62,,0,700,2659-1271
2660500,1270500,2024,43,80,0,700,2660-1270
2729697,1275307,2023,62,17,0,700,2729-1275
2659383,1271418,2025,62,22,0,700,2659-1271
2660500,1270500,2021,7,2,0,700,2660-1270
2569831,1203486,2021,7,6,0,700,2569-1203
2659839,1270528,2025,62,,0,700,2659-1270
2575313.48974961,1258076.3403946,2023,62,6,0,700,2575-1258
2660500,1270500,2021,43,8,0,700,2660-1270
2729500,1275500,2024,7,13,0,700,2729-1275
2570500,1203500,2022,7,4,0,700,2570-1203
2570171.55826185,1203620.27005927,2021,31,6,1,700,2570-1203
2660500,1270500,2024,43,,0,700,2660-1270
2660500,1269500,2025,62,1,0,700,2660-1269
2660286,1269984,2023,43,50,0,700,2660-1269
2570526,1202661,2023,43,2,0,700,2570-1202
2729500,1275500,2024,7,13,0,700,2729-1275
2660500,1270500,2025,7,11,0,700,2660-1270
2660500,1270500,2024,62,50,0,700,2660-1270
2660500,1270500,2025,62,,0,700,2660-1270
2570553.53980193,1202655.26017325,2023,43,2,0,700,2570-1202
2614460,1269839,2025,62,1,0,700,2614-1269
2678743.88625199,1261738.64812515,2024,43,2,0,700,2678-1261
2746500,1268500,2024,7,15,0,700,2746-1268
2658768,1272080,2023,7,10,0,700,2658-1272
2655500,1272500,2025,7,2,0,700,2655-1272
2627500,1268500,2021,31,2,2,700,2627-1268
2660500,1270500,2023,7,,0,700,2660-1270
2660500,1270500,2023,43,60,0,700,2660-1270
2660500,1270500,2025,7,11,0,700,2660-1270
2660500,1270500,2021,7,5,0,700,2660-1270
2575383.48559548,1257918.33890068,2023,31,,19,700,2575-1257
2593500,1201500,2022,7,2,0,700,2593-1201
2759999.99367169,1263000.27822094,2023,31,7,13,700,2759-1263
2539500,1182500,2024,62,1,0,700,2539-1182
2660500,1270500,2021,7,12,0,700,2660-1270
2759500,1263500,2023,68,7,0,700,2759-1263
2660500,1270500,2022,50,,0,700,2660-1270
2570500,1203500,2025,50,2,0,700,2570-1203
2569500,1203500,2022,68,2,0,700,2569-1203
2660500,1270500,2022,68,28,0,700,2660-1270
2759999.99367169,1263000.27822094,2023,68,7,0,700,2759-1263
2539136,1182611,2022,7,20,0,700,2539-1182
2539046,1182645,2022,7,24,0,700,2539-1182
2539093,1182653,2024,7,,0,700,2539-1182
2539046.23780685,1182645.82975201,2023,68,27,0,700,2539-1182
2660500,1270500,2021,50,,0,700,2660-1270
2659980,1270285,2022,37,20,1,700,2659-1270
2659500,1270500,2022,68,,0,700,2659-1270
2660291,1269860,2022,37,10,1,700,2660-1269
2569500,1203500,2022,68,2,0,700,2569-1203
2539405.23201617,1182388.82094444,2025,7,10,0,700,2539-1182
2660315,1269956,2023,37,14,1,700,2660-1269
2572880,1202904,2025,68,40,0,700,2572-1202
2627500,1268500,2021,68,22,0,700,2627-1268
2569147.44266037,1196706.26540992,2021,7,35,0,700,2569-1196
2539405.23201617,1182388.82094444,2025,7,10,0,700,2539-1182
2539046.23780685,1182645.82975202,2021,13,30,0,700,2539-1182
2569147.44266037,1196706.26540992,2021,13,2,0,700,2569-1196
2570372,1202590,2023,13,1,0,700,2570-1202
2660500,1270500,2023,37,,1,700,2660-1270
2659843,1270701,2023,68,,0,700,2659-1270
2659802,1270800,2022,68,15,0,700,2659-1270
2659921,1270642,2023,68,53,0,700,2659-1270
2620500,1265500,2021,68,8,0,700,2620-1265
2660500,1270500,2025,50,,0,700,2660-1270
2579335.42108767,1257966.27243105,2023,13,2,0,700,2579-1257
2569644.55120499,1203073.27749823,2022,68,2,0,700,2569-1203
2660500,1270500,2022,68,30,0,700,2660-1270
2561131,1195227,2025,13,1,0,700,2561-1195
2575383.48559548,1257918.33890068,2023,37,2,1,700,2575-1257
2575383.48559548,1257918.33890068,2022,50,1,0,700,2575-1257
2575383.48559548,1257918.33890068,2024,50,2,0,700,2575-1257
2569500,1203500,2022,13,4,0,700,2569-1203
2572500,1204500,2022,56,10,0,700,2572-1204
2660500,1270500,2021,56,100,0,700,2660-1270
2569500,1203500,2022,1,41,0,700,2569-1203
2533162,1174857,2021,13,2,0,700,2533-1174
2569500,1203500,2025,1,20,0,700,2569-1203
2659268,1271574,2023,44,10,0,700,2659-1271
2660500,1270500,2022,56,150,0,700,2660-1270
2539046.23780685,1182645.82975201,2024,1,43,0,700,2539-1182
2539271.2361141,1182576.82448572,2022,1,14,0,700,2539-1182
2560500,1194500,2025,44,1,0,700,2560-1194
2569500,1203500,2021,56,7,0,700,2569-1203
2728440.3713799,1280910.09081375,2023,13,2,0,700,2728-1280
2539024,1182737,2023,13,13,0,700,2539-1182
2539088,1182642,2021,13,20,0,700,2539-1182
2539094,1182649,2023,13,15,0,700,2539-1182
2660290,1269861,2024,44,2,0,700,2660-1269
2660193,1269938,2024,44,30,0,700,2660-1269
2729500,1275500,2022,56,3,0,700,2729-1275
2659846,1270475,2024,44,150,0,700,2659-1270
2659846,1270712,2023,44,4,0,700,2659-1270
2539046.23780685,1182645.82975202,2022,1,13,0,700,2539-1182
2660025,1270547,2023,44,163,0,700,2660-1270
2570500,1203500,2023,56,,0,700,2570-1203
2660500,1270500,2025,56,,0,700,2660-1270
2660500,1270500,2021,56,300,0,700,2660-1270
2660500,1269500,2021,56,80,0,700,2660-1269
2539500,1182500,2023,1,7,0,700,2539-1182
2670500,1242500,2021,1,2,0,700,2670-1242
2569500,1203500,2023,1,3,0,700,2569-1203
2580500,1212500,2024,1,100,0,700,2580-1212
2662915,1273670,2025,1,100,0,700,2662-1273
2729500,1275500,2023,56,2,0,700,2729-1275
2570546,1203022,2025,19,2,0,700,2570-1203
2569067,1203285,2022,1,,0,700,2569-1203
2662848,1273524,2025,1,45,0,700,2662-1273
2572784,1204471,2025,1,12,0,700,2572-1204
2569885,1203278,2025,19,2,0,700,2569-1203
2569500,1203500,2025,1,40,0,700,2569-1203
2620500,1265500,2021,1,180,0,700,2620-1265
2691471,1247584,2021,19,2,0,700,2691-1247
2539046.23780685,1182645.82975201,2024,50,3,13,700,2539-1182
2539046.23780685,1182645.82975202,2022,19,2,0,700,2539-1182
2569147.44266037,1196706.26540992,2021,19,1,0,700,2569-1196
2659264,1271528,2023,1,,0,700,2659-1271
2570545,1202652,2021,19,1,0,700,2570-1202
2660500,1270500,2021,50,,0,700,2660-1270
2660201,1270158,2023,50,200,0,700,2660-1270
2660414,1269982,2021,50,,0,700,2660-1269
2569644.55120499,1203073.27749822,2025,1,,0,700,2569-1203
2570500,1203500,2021,56,4,0,700,2570-1203
2660500,1270500,2025,19,5,0,700,2660-1270
2660500,1270500,2021,50,200,0,700,2660-1270
2660500,1270500,2024,19,5,0,700,2660-1270
2620500,1265500,2021,1,170,0,700,2620-1265
2659500,1271500,2025,62,120,0,700,2659-1271
2660500,1270500,2021,50,150,0,700,2660-1270
2570500,1203500,2021,50,,0,700,2570-1203
2660500,1270500,2022,19,2,0,700,2660-1270
2539046.23780685,1182645.82975201,2024,7,,0,700,2539-1182
2539405.23201617,1182388.82094444,2024,7,1,0,700,2539-1182
2539046.23780685,1182645.82975201,2024,7,54,0,700,2539-1182
2727922,1280402,2024,7,2,0,700,2727-1280
2627500,1268500,2024,62,31,0,700,2627-1268
2660500,1270500,2023,62,,0,700,2660-1270
2660500,1270500,2023,62,100,0,700,2660-1270
2659500,1270500,2023,56,3,0,700,2659-1270
2570171.55826185,1203620.27005927,2021,56,3,0,700,2570-1203
2570171.55826185,1203620.27005927,2021,56,4,0,700,2570-1203
2660500,1270500,2024,7,,0,700,2660-1270
2659500,1270500,2025,62,6,0,700,2659-1270
2593377,1201402,2022,62,2,0,700,2593-1201
2569500,1203500,2021,7,,0,700,2569-1203
2539046,1182645,2021,19,3,0,700,2539-1182
2580090.6502114,1212497.13430467,2024,7,50,0,700,2580-1212
2569842,1203763,2021,56,3,0,700,2569-1203
2660500,1270500,2021,7,1,0,700,2660-1270
2569525.56262002,1203696.28167077,2022,62,7,0,700,2569-1203
2660500,1270500,2021,7,10,0,700,2660-1270
2593500,1201500,2022,68,2,0,700,2593-1201
2570500,1203500,2023,56,4,0,700,2570-1203
2660500,1270500,2022,68,8,0,700,2660-1270
2569500,1203500,2021,68,2,0,700,2569-1203
2659685,1270985,2024,7,12,0,700,2659-1270
2659767,1270816,2021,7,4,0,700,2659-1270
2660500,1270500,2025,56,150,0,700,2660-1270
2660500,1270500,2024,19,5,0,700,2660-1270
2659262,1271454,2023,7,153,0,700,2659-1271
2660023,1270536,2023,7,,0,700,2660-1270
2729630,1275481,2024,7,2,0,700,2729-1275
2569644.55120499,1203073.27749822,2023,19,6,0,700,2569-1203
2660500,1270500,2022,56,,0,700,2660-1270
2614500,1269500,2021,7,4,0,700,2614-1269
2571266,1203174,2023,68,10,0,700,2571-1203
2575383.48559548,1257918.33890068,2021,56,6,0,700,2575-1257
2659325,1271321,2025,56,100,0,700,2659-1271
2659447,1270985,2025,56,,0,700,2659-1270
2678743.88625199,1261738.64812515,2025,19,1,0,700,2678-1261
2539405.23201616,1182388.82094445,2021,68,9,0,700,2539-1182
2539405.23201616,1182388.82094445,2022,68,30,0,700,2539-1182
2539046.23780685,1182645.82975202,2021,68,9,0,700,2539-1182
2678743.88625199,1261738.64812515,2023,25,2,1,700,2678-1261
2570171.55826185,1203620.27005927,2022,62,18,0,700,2570-1203
2570171.55826185,1203620.27005927,2021,62,,0,700,2570-1203
2614460,1269839,2023,7,2,0,700,2614-1269
2614460,1269839,2021,7,4,0,700,2614-1269
2614420,1269449,2022,13,2,0,700,2614-1269
2614444,1269800,2023,13,2,0,700,2614-1269
2660500,1270500,2025,62,12,0,700,2660-1270
2614460,1269839,2025,13,2,0,700,2614-1269
2614450.91388358,1269819.8364628,2024,62,3,0,700,2614-1269
2662826,1273688,2025,25,1,3,700,2662-1273
2539046.23780685,1182645.82975202,2021,13,21,0,700,2539-1182
2627500,1268500,2023,62,12,0,700,2627-1268
2569431,1203288,2021,62,,0,700,2569-1203
2569500,1203500,2021,13,10,0,700,2569-1203
2593372,1201490,2025,1,1,0,700,2593-1201
2659842,1270714,2023,62,86,0,700,2659-1270
2575364,1257966,2025,25,2,13,700,2575-1257
2579934,1212386,2023,1,2,0,700,2579-1212
2579969,1212198,2023,1,2,0,700,2579-1212
2579895,1212374,2023,1,2,0,700,2579-1212
2627743,1268514,2022,68,2,0,700,2627-1268
2593500,1201500,2023,13,2,0,700,2593-1201
2705636,1280279,2022,1,2,0,700,2705-1280
2627713,1268494,2021,68,20,0,700,2627-1268
2539046.23780685,1182645.82975201,2023,13,12,0,700,2539-1182
2569500,1203500,2022,68,2,0,700,2569-1203
2627500,1268500,2021,13,7,0,700,2627-1268
2568945,1203429,2023,68,2,0,700,2568-1203
2539500,1182500,2024,68,19,0,700,2539-1182
2660500,1270500,2022,13,,0,700,2660-1270
2659500,1270500,2021,25,2,1,700,2659-1270
2570500,1203500,2023,25,1,2,700,2570-1203
2729500,1275500,2025,68,18,0,700,2729-1275
2660500,1270500,2023,13,2,0,700,2660-1270
2569500,1203500,2022,68,2,0,700,2569-1203
2659875,1270624,2023,13,3,0,700,2659-1270
2571971,1202287,2025,68,40,0,700,2571-1202
2569098,1203088,2022,68,2,0,700,2569-1203
2659500,1270500,2023,1,,0,700,2659-1270
2569628,1203735,2023,25,3,1,700,2569-1203
2660500,1270500,2025,25,1,1,700,2660-1270
2572784,1204471,2025,1,12,0,700,2572-1204
2539484,1182164,2025,1,7,0,700,2539-1182
2659780,1270842,2023,13,4,0,700,2659-1270
2659826,1270759,2023,13,4,0,700,2659-1270
2659763,1270942,2024,13,2,0,700,2659-1270
2729500,1275500,2024,1,20,0,700,2729-1275
2659986,1270696,2023,13,4,0,700,2659-1270
2659500,1271500,2025,25,5,1,700,2659-1271
2660500,1270500,2021,1,,0,700,2660-1270
2539046.23780685,1182645.82975201,2025,1,3,0,700,2539-1182
2539046.23780685,1182645.82975201,2025,1,3,0,700,2539-1182
2539046.23780685,1182645.82975202,2021,1,16,0,700,2539-1182
2660500,1269500,2024,7,10,0,700,2660-1269
2570500,1203500,2022,7,4,0,700,2570-1203
2659500,1271500,2025,7,5,0,700,2659-1271
2660500,1270500,2021,7,18,0,700,2660-1270
2614460,1269839,2025,19,2,0,700,2614-1269
2569500,1203500,2022,31,2,1,700,2569-1203
2627665,1268483,2022,7,280,0,700,2627-1268
2627500,1268500,2021,1,3,0,700,2627-1268
2593937,1201717,2023,7,2,0,700,2593-1201
2593593,1201692,2022,7,2,0,700,2593-1201
2579335.42108767,1257966.27243106,2022,31,7,13,700,2579-1257
2569185,1203343,2025,1,,0,700,2569-1203
2569077,1203174,2021,1,8,0,700,2569-1203
2705621,1280108,2022,8,8,0,700,2705-1280
2569443,1203645,2024,19,1,0,700,2569-1203
2656500,1273500,2021,7,6,0,700,2656-1273
2727500,1280500,2021,8,5,0,700,2727-1280
2569500,1203500,2023,8,6,0,700,2569-1203
2614450.91388358,1269819.8364628,2024,7,2,0,700,2614-1269
2539405.23201616,1182388.82094445,2022,8,12,0,700,2539-1182
2533248.07368523,1174778.94299175,2021,8,16,0,700,2533-1174
2569644.55120499,1203073.27749822,2023,7,1,0,700,2569-1203
2614450.91388358,1269819.83646281,2021,8,2,0,700,2614-1269
2568883,1253684,2021,31,2,4,700,2568-1253
2539046.23780685,1182645.82975202,2022,7,20,0,700,2539-1182
2539046.23780685,1182645.82975202,2022,7,17,0,700,2539-1182
2539681,1182239,2025,7,8,0,700,2539-1182
2539171,1182655,2022,7,20,0,700,2539-1182
2631327,1270355,2023,8,2,0,700,2631-1270
2570957,1202853,2025,8,1,0,700,2570-1202
2572500,1202500,2021,7,6,0,700,2572-1202
2660500,1270500,2024,13,5,0,700,2660-1270
2575313.48974961,1258076.3403946,2023,31,18,19,700,2575-1258
2539046.23780685,1182645.82975202,2021,8,12,0,700,2539-1182
2580408,1212679,2024,13,11,0,700,2580-1212
2579881,1212104,2024,13,4,0,700,2579-1212
2579849,1212289,2024,13,16,0,700,2579-1212
2568943,1203256,2022,8,2,0,700,2568-1203
2572512,1203049,2021,8,15,0,700,2572-1203
2569515,1203581,2022,31,6,13,700,2569-1203
2569587,1203662,2022,31,6,1,700,2569-1203
2569538,1203636,2021,31,1,2,700,2569-1203
2568863,1203219,2022,8,2,0,700,2568-1203
2570500,1203500,2022,8,6,0,700,2570-1203
2569505,1203608,2022,31,6,13,700,2569-1203
2569525.56262002,1203696.28167077,2022,31,6,13,700,2569-1203
2570500,1203500,2023,31,2,4,700,2570-1203
2660500,1270500,2022,31,,1,700,2660-1270
2659757,1270831,2023,8,120,0,700,2659-1270
2659646,1270956,2022,8,6,0,700,2659-1270
2659788,1270786,2022,8,18,0,700,2659-1270
2659340,1270709,2021,8,5,0,700,2659-1270
2659901,1270688,2022,8,15,0,700,2659-1270
2659720,1270884,2022,8,15,0,700,2659-1270
2570721,1202912,2025,8,1,0,700,2570-1202
2660500,1270500,2021,31,12,2,700,2660-1270
2728500,1280500,2022,8,2,0,700,2728-1280
2569775,1203424,2025,13,16,0,700,2569-1203
2659691,1270966,2021,19,2,0,700,2659-1270
2660247,1270345,2022,37,100,2,700,2660-1270
2660678,1269837,2021,13,4,0,700,2660-1269
2660097,1270230,2022,13,13,0,700,2660-1270
2575157,1257863,2023,37,9,1,700,2575-1257
2575318,1258082,2021,37,5,1,700,2575-1258
2570500,1203500,2025,19,4,0,700,2570-1203
2569644.55120499,1203073.27749822,2023,19,6,0,700,2569-1203
2660500,1270500,2021,37,,2,700,2660-1270
2570500,1203500,2021,13,4,0,700,2570-1203
2660500,1270500,2023,37,,1,700,2660-1270
2659800,1270767,2024,19,2,0,700,2659-1270
2572851,1202881,2024,19,2,4,700,2572-1202
2521773,1150641,2021,19,3,0,700,2521-1150
2570500,1203500,2025,13,11,0,700,2570-1203
2659937,1270651,2024,25,1,1,700,2659-1270
2659774,1270825,2024,25,10,4,700,2659-1270
2759500,1263500,2025,13,1,0,700,2759-1263
2594500,1201500,2023,37,9,13,700,2594-1201
2568891,1203429,2022,13,4,0,700,2568-1203
2568998,1203203,2021,13,3,0,700,2568-1203
2572988.53326271,1202929.21911323,2023,13,2,0,700,2572-1202
2575313.48974961,1258076.3403946,2025,13,3,0,700,2575-1258
2575383.48559548,1257918.33890068,2025,13,6,0,700,2575-1257
2575383.48559548,1257918.33890068,2022,13,10,0,700,2575-1257
2575313.48974961,1258076.34039461,2022,13,2,0,700,2575-1258
2575313.48974961,1258076.3403946,2024,13,2,0,700,2575-1258
2575313.48974961,1258076.3403946,2023,13,14,0,700,2575-1258
2660383,1269817,2024,44,,0,700,2660-1269
2659770,1270840,2022,13,13,0,700,2659-1270
2659999,1270599,2025,13,2,0,700,2659-1270
2659389,1271384,2023,13,,0,700,2659-1271
2572783,1202841,2023,19,2,0,700,2572-1202
2569278,1203195,2023,44,1,0,700,2569-1203
2614414,1269768,2023,25,1,1,700,2614-1269
2594771,1201585,2025,19,3,0,700,2594-1201
2593375,1201533,2025,19,2,0,700,2593-1201
2660500,1270500,2025,25,3,1,700,2660-1270
2570171.55826185,1203620.27005927,2022,25,2,4,700,2570-1203
2620500,1265500,2021,44,2,0,700,2620-1265
2579934,1212292,2024,19,2,0,700,2579-1212
2594500,1201500,2021,25,5,4,700,2594-1201
2659504,1271321,2025,19,1,0,700,2659-1271
2594413,1201680,2024,19,2,0,700,2594-1201
2660500,1270500,2022,50,,0,700,2660-1270
2594422,1201621,2021,19,2,0,700,2594-1201
2620500,1265500,2021,50,40,0,700,2620-1265
2620500,1265500,2021,25,22,13,700,2620-1265
2660500,1270500,2021,50,10,0,700,2660-1270
2670500,1242500,2022,25,1,2,700,2670-1242
2660500,1270500,2021,19,2,0,700,2660-1270
2560621,1194815,2025,50,1,0,700,2560-1194
2660500,1270500,2024,19,1,0,700,2660-1270
2660500,1270500,2024,19,2,0,700,2660-1270
2569644.55120499,1203073.27749823,2022,25,2,4,700,2569-1203
2539046.23780685,1182645.82975202,2022,19,2,0,700,2539-1182
2660500,1270500,2023,19,6,0,700,2660-1270
2539046.23780685,1182645.82975202,2022,19,2,0,700,2539-1182
2659500,1270500,2021,50,,0,700,2659-1270
2530649.55307568,1151052.9731533,2025,19,1,0,700,2530-1151
2659590,1271070,2021,25,1,2,700,2659-1271
2614450.91388358,1269819.83646281,2021,19,1,0,700,2614-1269
2614450.91388358,1269819.83646281,2021,19,1,0,700,2614-1269
2570500,1203500,2024,19,1,0,700,2570-1203
2594500,1201500,2024,19,5,0,700,2594-1201
2691625,1247757,2021,19,2,0,700,2691-1247
2539046.23780685,1182645.82975202,2022,19,2,0,700,2539-1182
2691468.89796345,1247582.63851963,2021,19,2,0,700,2691-1247
2660141,1270235,2025,56,200,0,700,2660-1270
2575383.48559548,1257918.33890068,2025,19,4,0,700,2575-1257
2575601.49874293,1258800.33672062,2021,19,1,0,700,2575-1258
2575313.48974961,1258076.3403946,2024,19,6,0,700,2575-1258
2575313.48974961,1258076.3403946,2025,19,4,0,700,2575-1258
2575313.48974961,1258076.3403946,2024,19,6,0,700,2575-1258
2539046.23780685,1182645.82975202,2021,19,2,0,700,2539-1182
2539046.23780685,1182645.82975202,2021,19,2,0,700,2539-1182
2575313.48974961,1258076.3403946,2024,19,4,0,700,2575-1258
2660500,1270500,2021,31,12,2,700,2660-1270
2660500,1270500,2024,56,,0,700,2660-1270
2620500,1265500,2021,25,10,13,700,2620-1265
2729500,1275500,2023,31,2,1,700,2729-1275
2614460,1269839,2025,31,13,13,700,2614-1269
2539046.23780685,1182645.82975201,2023,25,3,2,700,2539-1182
2702658,1281808,2024,56,5,0,700,2702-1281
2759999.99367169,1263000.27822094,2023,31,7,13,700,2759-1263
2569525.56262002,1203696.28167077,2022,31,2,2,700,2569-1203
2660500,1270500,2022,56,,0,700,2660-1270
2660500,1270500,2021,56,460,0,700,2660-1270
2593500,1201500,2024,25,2,2,700,2593-1201
2703052.41330683,1281686.85305131,2022,25,2,4,700,2703-1281
2594500,1201500,2023,25,2,4,700,2594-1201
2569476,1203663,2024,56,3,0,700,2569-1203
2660500,1270500,2024,62,40,0,700,2660-1270
2729500,1275500,2024,25,2,1,700,2729-1275
2660260,1270090,2021,62,1,0,700,2660-1270
2691481,1247501,2023,25,2,4,700,2691-1247
2660500,1270500,2024,37,20,2,700,2660-1270
2575460,1204244,2021,25,2,1,700,2575-1204
2575383.48559548,1257918.33890068,2023,25,1,1,700,2575-1257
2593415,1201412,2021,25,2,4,700,2593-1201
2575383.48559548,1257918.33890068,2025,25,2,1,700,2575-1257
2594559,1201601,2025,25,1,2,700,2594-1201
2705456,1285015,2023,25,2,7,700,2705-1285
2569525.56262002,1203696.28167077,2022,32,2,4,700,2569-1203
2569754,1203436,2025,62,3,0,700,2569-1203
2569754,1203430,2021,62,3,0,700,2569-1203
2660500,1270500,2021,32,10,1,700,2660-1270
2659360,1271124,2025,32,14,2,700,2659-1271
2659360,1271124,2025,32,12,2,700,2659-1271
2659348,1271140,2023,32,40,1,700,2659-1271
2595500,1201500,2022,68,2,0,700,2595-1201
2660214,1269919,2022,32,,1,700,2660-1269
2660016,1270208,2025,32,5,13,700,2660-1270
2660279,1269984,2023,32,,2,700,2660-1269
2614460,1269839,2024,44,1,0,700,2614-1269
2569147.44266037,1196706.26540992,2022,68,1,0,700,2569-1196
2539405.23201616,1182388.82094445,2022,68,25,0,700,2539-1182
2589311,1208802,2024,32,9,2,700,2589-1208
2539405.23201617,1182388.82094444,2024,68,2,0,700,2539-1182
2569147.44266037,1196706.26540992,2022,68,1,0,700,2569-1196
2589257,1208739,2024,32,9,2,700,2589-1208
2575500,1257500,2024,25,11,19,700,2575-1257
2539135,1182661,2024,68,20,0,700,2539-1182
2539028,1182649,2024,68,22,0,700,2539-1182
2570171.55826185,1203620.27005927,2022,32,2,1,700,2570-1203
2660500,1270500,2024,31,3,2,700,2660-1270
2570500,1203500,2021,31,4,2,700,2570-1203
2575383.48559548,1257918.33890068,2023,32,15,19,700,2575-1257
2660500,1270500,2023,31,35,2,700,2660-1270
2620500,1265500,2021,31,26,13,700,2620-1265
2659500,1271500,2023,68,120,0,700,2659-1271
2575271,1257543,2021,32,5,13,700,2575-1257
2569466,1203149,2022,32,2,1,700,2569-1203
2594500,1201500,2022,68,2,0,700,2594-1201
2659500,1270500,2021,50,15,0,700,2659-1270
2569424,1203641,2025,50,2,0,700,2569-1203
2660500,1270500,2025,1,220,0,700,2660-1270
2560500,1194500,2025,38,1,8,700,2560-1194
2569500,1203500,2022,31,2,1,700,2569-1203
2659833,1270796,2022,38,50,2,700,2659-1270
2659835,1270717,2021,38,4,4,700,2659-1270
2659621,1270928,2025,50,,0,700,2659-1270
2659685,1270990,2024,50,,0,700,2659-1270
2539046.23780685,1182645.82975201,2023,1,30,0,700,2539-1182
2539046.23780685,1182645.82975201,2025,1,8,0,700,2539-1182
2539271.2361141,1182576.82448572,2023,1,30,0,700,2539-1182
2569147.44266037,1196706.26540992,2023,1,2,0,700,2569-1196
2660500,1270500,2022,50,,0,700,2660-1270
2570500,1203500,2021,50,1,0,700,2570-1203
2570500,1203500,2021,31,3,1,700,2570-1203
2660500,1270500,2024,31,4,2,700,2660-1270
2660500,1270500,2021,50,,0,700,2660-1270
2614500,1269500,2024,44,1,0,700,2614-1269
2659500,1271500,2024,44,,0,700,2659-1271
2660500,1270500,2021,50,,0,700,2660-1270
2660500,1270500,2022,44,,0,700,2660-1270
2539046.23780685,1182645.82975201,2023,50,8,0,700,2539-1182
2539046.23780685,1182645.82975201,2023,50,1,0,700,2539-1182
2569433,1203623,2025,56,1,0,700,2569-1203
2660500,1270500,2025,56,250,0,700,2660-1270
2569488,1203378,2025,56,3,0,700,2569-1203
2570500,1203500,2025,1,16,0,700,2570-1203
2670500,1242500,2021,1,2,0,700,2670-1242
2620500,1265500,2021,1,185,0,700,2620-1265
2659353,1271136,2023,44,50,0,700,2659-1271
2575313.48974961,1258076.3403946,2023,56,2,0,700,2575-1258
2539046.23780685,1182645.82975202,2022,31,2,1,700,2539-1182
2539046.23780685,1182645.82975202,2022,31,2,1,700,2539-1182
2659325,1271321,2025,56,100,0,700,2659-1271
2659714,1270702,2025,56,330,0,700,2659-1270
2660374,1269916,2024,44,170,0,700,2660-1269
2569500,1203500,2025,1,64,0,700,2569-1203
2660500,1270500,2025,56,250,0,700,2660-1270
2569500,1203500,2022,1,5,0,700,2569-1203
2569132,1203296,2025,1,5,0,700,2569-1203
2569254,1203337,2022,1,1,0,700,2569-1203
2660500,1270500,2025,1,,0,700,2660-1270
2569200,1203311,2021,50,8,0,700,2569-1203
2659744,1270652,2021,50,20,0,700,2659-1270
2678469,1261633,2022,50,1,0,700,2678-1261
2614460,1269839,2025,62,1,0,700,2614-1269
2569500,1203500,2021,62,10,0,700,2569-1203
2729686,1275174,2023,62,15,0,700,2729-1275
2627500,1268500,2022,8,228,0,700,2627-1268
2660500,1270500,2021,50,,0,700,2660-1270
2569147.44266037,1196706.26540992,2023,8,2,4,700,2569-1196
2560500,1194500,2025,50,1,0,700,2560-1194
2539046.23780685,1182645.82975201,2023,8,10,0,700,2539-1182
2660500,1270500,2023,8,4,0,700,2660-1270
2575313.48974961,1258076.34039461,2021,50,4,0,700,2575-1258
2660220,1269915,2021,50,170,0,700,2660-1269
2631901,1268745,2022,62,6,0,700,2631-1268
2539046.23780685,1182645.82975201,2023,50,8,0,700,2539-1182
2570171.55826185,1203620.27005927,2021,56,1,0,700,2570-1203
2569500,1203500,2022,8,4,0,700,2569-1203
2620717.75996161,1265315.77940843,2023,8,2,0,700,2620-1265
2660500,1270500,2025,56,,0,700,2660-1270
2659500,1271500,2021,56,550,0,700,2659-1271
2702623,1281781,2022,8,2,0,700,2702-1281
2569525.56262002,1203696.28167077,2023,8,10,0,700,2569-1203
2580090.6502114,1212497.13430467,2023,8,10,0,700,2580-1212
2570500,1203500,2022,56,2,0,700,2570-1203
2660500,1270500,2024,56,,0,700,2660-1270
2707683,1279085,2023,8,22,0,700,2707-1279
2659842,1270810,2025,56,200,0,700,2659-1270
2707683,1279085,2023,8,22,0,700,2707-1279
2707650,1279026,2022,8,13,0,700,2707-1279
2659340,1271151,2025,56,,0,700,2659-1271
2575365,1257929,2023,56,2,0,700,2575-1257
2660276,1269987,2025,56,,0,700,2660-1269
2660354,1269947,2022,56,,0,700,2660-1269
2660605,1269731,2025,56,2,0,700,2660-1269
2660288,1270050,2025,56,20,0,700,2660-1270
2539091,1182641,2023,8,2,0,700,2539-1182
2539247,1182306,2022,8,10,0,700,2539-1182
2569644.55120499,1203073.27749822,2023,56,13,0,700,2569-1203
2575383.48559548,1257918.33890068,2023,56,17,0,700,2575-1257
2575383.48559548,1257918.33890068,2024,56,2,0,700,2575-1257
2575313.48974961,1258076.3403946,2024,56,2,0,700,2575-1258
2569644.55120499,1203073.27749823,2021,56,3,0,700,2569-1203
2569147.44266037,1196706.26540992,2022,56,1,0,700,2569-1196
2533144.07716398,1174938.94579795,2024,56,1,0,700,2533-1174
2539046.23780685,1182645.82975202,2022,56,2,0,700,2539-1182
2572890,1202908,2025,68,35,0,700,2572-1202
2539169,1182675,2024,68,20,0,700,2539-1182
2575313.48974961,1258076.3403946,2025,44,1,0,700,2575-1258
2575383.48559548,1257918.33890068,2023,44,2,0,700,2575-1257
2570553.53980193,1202655.26017325,2023,44,2,0,700,2570-1202
2569500,1196500,2023,8,2,0,700,2569-1196
2575387,1258045,2025,62,2,0,700,2575-1258
2729500,1275500,2022,8,5,0,700,2729-1275
2568981,1203220,2022,62,16,0,700,2568-1203
2670500,1242500,2021,1,2,0,700,2670-1242
2570500,1203500,2021,1,20,0,700,2570-1203
2659595,1270835,2025,1,100,0,700,2659-1270
2659613,1270923,2025,1,2,0,700,2659-1270
2659609,1271120,2025,1,90,0,700,2659-1271
2771217,1183732,2023,44,4,0,700,2771-1183
2569744,1203427,2024,8,2,0,700,2569-1203
2729500,1275500,2024,62,11,0,700,2729-1275
2614460,1269839,2023,1,2,0,700,2614-1269
2659500,1270500,2024,1,3,0,700,2659-1270
2571144,1202688,2023,68,40,0,700,2571-1202
2660500,1270500,2025,1,140,0,700,2660-1270
2539046.23780685,1182645.82975202,2021,13,22,0,700,2539-1182
2569500,1203500,2021,68,24,0,700,2569-1203
2660500,1270500,2022,13,6,0,700,2660-1270
2707181,1279163,2025,1,2,0,700,2707-1279
2530649.55307568,1151052.9731533,2021,13,2,0,700,2530-1151
2539046.23780685,1182645.82975201,2024,1,39,0,700,2539-1182
2570171.55826185,1203620.27005927,2023,68,18,0,700,2570-1203
2569500,1203500,2025,68,11,0,700,2569-1203
2570500,1203500,2025,13,24,0,700,2570-1203
2580329,1212489,2024,68,2,0,700,2580-1212
2569644.55120499,1203073.27749823,2022,1,1,0,700,2569-1203
2660500,1270500,2022,50,,0,700,2660-1270
2539046.23780685,1182645.82975202,2021,68,10,0,700,2539-1182
2660500,1270500,2023,50,,0,700,2660-1270
2569129,1196724,2022,68,1,0,700,2569-1196
2660500,1270500,2023,68,40,0,700,2660-1270
2729500,1275500,2025,68,1,0,700,2729-1275
2660500,1270500,2024,2,10,0,700,2660-1270
2660500,1270500,2021,50,,0,700,2660-1270
2569577,1203680,2021,13,3,0,700,2569-1203
2570500,1203500,2025,1,50,0,700,2570-1203
2570500,1203500,2022,13,3,0,700,2570-1203
2569644.55120499,1203073.27749823,2022,1,2,0,700,2569-1203
2614460,1269839,2022,8,2,0,700,2614-1269
2614460,1269839,2023,8,2,0,700,2614-1269
2729500,1275500,2022,2,10,0,700,2729-1275
2592500,1201500,2022,8,2,0,700,2592-1201
2660500,1270500,2024,13,,0,700,2660-1270
2659501,1271102,2021,8,3,0,700,2659-1271
2659829,1270794,2022,8,15,0,700,2659-1270
2659809,1270350,2022,8,18,0,700,2659-1270
2660020,1270384,2022,8,3,0,700,2660-1270
2659254,1271154,2023,8,40,0,700,2659-1271
2659849,1270713,2022,8,18,0,700,2659-1270
2659816,1270736,2025,8,9,0,700,2659-1270
2568928,1203206,2022,2,51,0,700,2568-1203
2569040,1203353,2023,2,2,0,700,2569-1203
2539500,1182500,2024,13,1,0,700,2539-1182
2656500,1273500,2024,8,10,0,700,2656-1273
2570500,1203500,2025,8,35,0,700,2570-1203
2570500,1203500,2024,13,3,0,700,2570-1203
2569644.55120499,1203073.27749823,2022,2,,0,700,2569-1203
2539046.23780685,1182645.82975202,2021,2,32,0,700,2539-1182
2660500,1270500,2023,56,,0,700,2660-1270
2539046.23780685,1182645.82975201,2024,2,40,0,700,2539-1182
2570500,1203500,2024,2,2,0,700,2570-1203
2660500,1270500,2024,2,11,0,700,2660-1270
2570500,1203500,2022,8,4,0,700,2570-1203
2660500,1270500,2021,8,9,0,700,2660-1270
2660500,1270500,2021,56,,0,700,2660-1270
2659500,1271500,2021,8,10,0,700,2659-1271
2594651,1201634,2025,56,9,0,700,2594-1201
2594478,1201681,2023,56,2,0,700,2594-1201
2660500,1270500,2023,2,50,0,700,2660-1270
2539046.23780685,1182645.82975201,2024,8,49,0,700,2539-1182
2539046.23780685,1182645.82975201,2024,8,46,0,700,2539-1182
2660500,1270500,2022,56,,0,700,2660-1270
2569500,1203500,2025,19,4,0,700,2569-1203
2539058,1182844,2024,2,33,0,700,2539-1182
2660500,1270500,2023,8,150,0,700,2660-1270
2659404,1271265,2025,8,20,0,700,2659-1271
2660500,1270500,2025,8,,0,700,2660-1270
2570500,1203500,2022,8,4,0,700,2570-1203
2660500,1270500,2022,8,18,0,700,2660-1270
2569500,1203500,2022,8,4,0,700,2569-1203
2539046.23780685,1182645.82975202,2022,8,18,0,700,2539-1182
2569500,1203500,2025,19,1,0,700,2569-1203
2746341,1268749,2023,8,2,0,700,2746-1268
2660500,1270500,2025,8,2,0,700,2660-1270
2579960,1212289,2023,8,10,0,700,2579-1212
2569156,1203326,2021,8,4,0,700,2569-1203
2569820,1203167,2023,8,2,0,700,2569-1203
2569176,1203325,2023,8,4,0,700,2569-1203
2702659.41195306,1281914.8508067,2021,19,1,0,700,2702-1281
2570460,1203332,2025,19,2,0,700,2570-1203
2659392,1271089,2025,19,1,2,700,2659-1271
2659766,1270798,2022,8,5,0,700,2659-1270
2571695,1203132,2024,19,2,0,700,2571-1203
2539046.23780685,1182645.82975201,2023,8,12,0,700,2539-1182
2658756,1272049,2023,8,10,0,700,2658-1272
2659812,1270817,2022,8,18,0,700,2659-1270
2570541,1203265,2025,19,2,0,700,2570-1203
2702659.41195306,1281914.8508067,2021,8,3,0,700,2702-1281
2660500,1270500,2021,8,3,0,700,2660-1270
2570500,1203500,2023,56,19,0,700,2570-1203
2569857,1203230,2025,19,1,0,700,2569-1203
2660335,1269917,2023,8,2,0,700,2660-1269
2569149,1203247,2021,13,2,0,700,2569-1203
2568784,1203190,2021,13,1,0,700,2568-1203
2568650,1203047,2024,13,2,0,700,2568-1203
2593500,1201500,2021,8,2,0,700,2593-1201
2569147.44266037,1196706.26540992,2021,19,2,0,700,2569-1196
2569147.44266037,1196706.26540992,2021,19,2,0,700,2569-1196
2569147.44266037,1196706.26540992,2021,19,2,0,700,2569-1196
2569147.44266037,1196706.26540992,2021,19,2,0,700,2569-1196
2539046.23780685,1182645.82975202,2022,19,2,0,700,2539-1182
2659811,1270254,2022,13,6,0,700,2659-1270
2569500,1203500,2022,8,4,0,700,2569-1203
2569147.44266037,1196706.26540992,2021,19,2,0,700,2569-1196
2594745,1201590,2022,56,2,0,700,2594-1201
2594722,1201575,2025,56,9,0,700,2594-1201
2569203,1196769,2025,13,2,0,700,2569-1196
2691500,1247500,2021,13,2,0,700,2691-1247
2660500,1270500,2025,56,150,0,700,2660-1270
2660500,1270500,2022,13,14,0,700,2660-1270
2539046.23780685,1182645.82975202,2021,13,22,0,700,2539-1182
2539046.23780685,1182645.82975202,2021,13,3,0,700,2539-1182
2570171.55826185,1203620.27005927,2025,13,,0,700,2570-1203
2570171.55826185,1203620.27005927,2021,13,15,0,700,2570-1203
2660500,1270500,2025,62,18,0,700,2660-1270
2659586,1270550,2025,13,1,0,700,2659-1270
2660500,1270500,2022,13,5,0,700,2660-1270
2655500,1272500,2024,62,9,0,700,2655-1272
2570171.55826185,1203620.27005927,2025,13,2,0,700,2570-1203
2539046.23780685,1182645.82975201,2023,13,15,0,700,2539-1182
2539046.23780685,1182645.82975201,2024,13,1,0,700,2539-1182
2660500,1270500,2024,19,1,0,700,2660-1270
2561110,1195297,2025,13,7,0,700,2561-1195
2655500,1272500,2025,62,34,0,700,2655-1272
2620717.75996161,1265315.77940843,2023,19,4,0,700,2620-1265
2561517.34525983,1189985.38400502,2025,62,2,0,700,2561-1189
2659500,1270500,2022,13,,0,700,2659-1270
2614450.91388358,1269819.8364628,2024,62,3,0,700,2614-1269
2579335.42108767,1257966.27243105,2025,19,2,0,700,2579-1257
2575313.48974961,1258076.3403946,2024,13,2,0,700,2575-1258
2575383.48559548,1257918.33890068,2022,13,2,0,700,2575-1257
2570171.55826185,1203620.27005927,2025,62,,0,700,2570-1203
2660500,1270500,2022,13,9,0,700,2660-1270
2659561,1270502,2025,13,1,0,700,2659-1270
2655500,1272500,2024,68,28,0,700,2655-1272
2569500,1203500,2025,68,41,0,700,2569-1203
2659790,1270783,2024,19,4,0,700,2659-1270
2571349,1202156,2023,20,2,0,700,2571-1202
2728440.3713799,1280910.09081375,2024,19,5,0,700,2728-1280
2570500,1203500,2025,19,2,0,700,2570-1203
2575469,1257911,2025,20,3,2,700,2575-1257
2569887,1203256,2025,19,1,0,700,2569-1203
2570490,1203376,2025,19,3,0,700,2570-1203
2659428,1271191,2025,19,3,0,700,2659-1271
2570598,1203114,2025,19,2,0,700,2570-1203
2569754,1203261,2025,19,1,0,700,2569-1203
2691524,1247625,2021,25,2,1,700,2691-1247
2691493,1247577,2021,25,2,1,700,2691-1247
2539405.23201616,1182388.82094445,2022,68,30,0,700,2539-1182
2539046.23780685,1182645.82975202,2021,68,11,0,700,2539-1182
2620500,1265500,2021,19,4,0,700,2620-1265
2656500,1273500,2021,19,1,0,700,2656-1273
2569500,1203500,2024,19,2,0,700,2569-1203
2539046.23780685,1182645.82975202,2021,20,2,0,700,2539-1182
2660500,1270500,2024,1,20,0,700,2660-1270
2570500,1203500,2021,19,2,0,700,2570-1203
2614460,1269839,2022,19,1,0,700,2614-1269
2539106,1182656,2024,1,41,0,700,2539-1182
2614450.91388358,1269819.8364628,2023,20,1,0,700,2614-1269
2539039,1182614,2022,1,10,0,700,2539-1182
2572510,1204785,2025,1,50,0,700,2572-1204
2594507,1201645,2023,25,1,2,700,2594-1201
2593400,1201425,2021,1,2,0,700,2593-1201
2660500,1270500,2021,25,2,1,700,2660-1270
2660500,1270500,2021,19,2,0,700,2660-1270
2660500,1270500,2023,1,30,0,700,2660-1270
2569500,1203500,2022,25,4,4,700,2569-1203
2655500,1272500,2024,1,4,0,700,2655-1272
2620500,1265500,2023,25,24,13,700,2620-1265
2728699,1280666,2023,19,2,0,700,2728-1280
2660500,1270500,2025,25,1,1,700,2660-1270
2570500,1203500,2023,20,1,0,700,2570-1203
2569620,1203728,2025,20,1,0,700,2569-1203
2575313.48974961,1258076.3403946,2024,20,4,6,700,2575-1258
2539046.23780685,1182645.82975202,2022,1,11,0,700,2539-1182
2539046.23780685,1182645.82975201,2025,1,2,0,700,2539-1182
2614450.91388358,1269819.83646281,2021,8,5,0,700,2614-1269
2691500,1247500,2021,8,2,0,700,2691-1247
2691468.89796345,1247582.63851963,2021,20,2,0,700,2691-1247
2539046,1182832,2021,8,1,0,700,2539-1182
2569500,1203500,2023,8,6,0,700,2569-1203
2570500,1203500,2025,8,35,0,700,2570-1203
2660500,1270500,2022,8,18,0,700,2660-1270
2691541,1247607,2021,8,2,0,700,2691-1247
2691603,1247587,2021,8,2,0,700,2691-1247
2659957,1270299,2024,20,4,2,700,2659-1270
2533248.07368523,1174778.94299175,2021,8,16,0,700,2533-1174
2539046.23780685,1182645.82975202,2021,19,2,0,700,2539-1182
2659500,1270500,2022,8,15,0,700,2659-1270
2594452,1201713,2023,8,2,0,700,2594-1201
2593451,1201426,2023,8,2,0,700,2593-1201
2660500,1270500,2024,26,,4,700,2660-1270
2575313.48974961,1258076.3403946,2024,8,2,0,700,2575-1258
2707685,1279029,2024,8,,0,700,2707-1279
2731129,1279508,2023,32,1,2,700,2731-1279
2659805,1270866,2024,19,1,0,700,2659-1270
2539405.23201616,1182388.82094445,2022,8,17,0,700,2539-1182
2539160,1182655,2022,32,2,1,700,2539-1182
2660026,1270542,2021,19,1,0,700,2660-1270
2539091,1182646,2021,19,2,0,700,2539-1182
2731112.40876194,1279574.1108736,2023,32,2,1,700,2731-1279
2659888,1270760,2023,26,5,2,700,2659-1270
2572869,1202866,2024,26,1,2,700,2572-1202
2660500,1270500,2021,32,14,4,700,2660-1270
2659959,1270479,2023,26,2,2,700,2659-1270
2660500,1270500,2024,25,18,2,700,2660-1270
2594500,1201500,2023,8,2,0,700,2594-1201
2577657.50352036,1202446.140031,2021,8,60,0,700,2577-1202
2620337,1265261,2023,26,3,1,700,2620-1265
2729585,1275475,2022,25,2,4,700,2729-1275
2706713,1279492,2021,8,2,0,700,2706-1279
2659823,1270487,2024,25,17,2,700,2659-1270
2729001,1275740,2024,25,2,1,700,2729-1275
2539046.23780685,1182645.82975202,2021,26,2,1,700,2539-1182
2660500,1270500,2024,25,,2,700,2660-1270
2660500,1270500,2021,25,2,2,700,2660-1270
2660500,1269500,2021,32,5,1,700,2660-1269
2569463,1203668,2022,32,1,1,700,2569-1203
2539046.23780685,1182645.82975201,2024,32,1,1,700,2539-1182
2660108,1270302,2024,32,10,2,700,2660-1270
2660386,1269925,2021,32,2,1,700,2660-1269
2569500,1203500,2025,25,1,1,700,2569-1203
2575500,1257500,2023,26,2,3,700,2575-1257
2614460,1269839,2024,25,3,13,700,2614-1269
2614460,1269839,2022,25,2,4,700,2614-1269
2569525.56262002,1203696.28167077,2022,13,3,0,700,2569-1203
2570500,1203500,2022,32,2,2,700,2570-1203
2575383.48559548,1257918.33890068,2022,26,4,13,700,2575-1257
2575383.48559548,1257918.33890068,2023,26,2,1,700,2575-1257
2575383.48559548,1257918.33890068,2023,26,1,2,700,2575-1257
2575313.48974961,1258076.34039461,2022,26,10,13,700,2575-1258
2575383.48559548,1257918.33890068,2021,26,8,13,700,2575-1257
2575244,1258108,2021,32,5,13,700,2575-1258
2631508,1270458,2025,13,2,0,700,2631-1270
2759999.99367169,1263000.27822094,2024,26,2,2,700,2759-1263
2759500,1263500,2024,26,2,2,700,2759-1263
2593347,1201421,2024,13,2,0,700,2593-1201
2569500,1203500,2021,32,8,4,700,2569-1203
2659779,1270598,2024,25,5,1,700,2659-1270
2614460,1269839,2024,13,2,0,700,2614-1269
2570171.55826185,1203620.27005927,2021,32,1,2,700,2570-1203
2575395,1257962,2024,32,18,13,700,2575-1257
2575313.48974961,1258076.34039461,2021,13,2,0,700,2575-1258
2620500,1265500,2025,25,30,13,700,2620-1265
2660500,1270500,2022,13,12,0,700,2660-1270
2660500,1270500,2022,13,15,0,700,2660-1270
2570500,1203500,2022,32,2,1,700,2570-1203
2575313.48974961,1258076.3403946,2024,32,24,13,700,2575-1258
2660500,1270500,2021,13,3,0,700,2660-1270
2660500,1270500,2021,13,4,0,700,2660-1270
2658800.07814379,1271799.64196525,2021,13,2,0,700,2658-1271
2571500,1202500,2021,13,2,0,700,2571-1202
2660207,1269904,2022,32,80,2,700,2660-1269
2660218,1269918,2021,32,3,1,700,2660-1269
2703760,1281682,2022,32,2,1,700,2703-1281
2659500,1270500,2025,38,75,4,700,2659-1270
2660500,1270500,2021,38,6,1,700,2660-1270
2660500,1270500,2025,32,30,4,700,2660-1270
2660500,1270500,2024,19,8,0,700,2660-1270
2589291,1208773,2024,32,9,1,700,2589-1208
2539083,1182714,2022,32,2,2,700,2539-1182
2571282,1203213,2024,19,2,0,700,2571-1203
2571672,1203536,2024,19,2,0,700,2571-1203
2575318,1257950,2021,38,2,2,700,2575-1257
2660500,1270500,2022,44,,0,700,2660-1270
2579335.42108767,1257966.27243105,2025,44,2,0,700,2579-1257
2575313.48974961,1258076.3403946,2024,32,24,13,700,2575-1258
2659983,1270557,2021,32,7,2,700,2659-1270
2659363,1271192,2023,32,8,1,700,2659-1271
2660059,1270552,2021,32,7,2,700,2660-1270
2659699,1270721,2025,32,12,1,700,2659-1270
2539094,1182658,2023,44,1,0,700,2539-1182
2660500,1270500,2024,44,,0,700,2660-1270
2560500,1194500,2025,38,4,13,700,2560-1194
2660500,1270500,2025,32,10,13,700,2660-1270
2579894,1212282,2024,19,1,0,700,2579-1212
2579836,1212178,2024,19,1,0,700,2579-1212
2539046.23780685,1182645.82975201,2023,44,1,0,700,2539-1182
2614460,1269839,2023,32,1,2,700,2614-1269
2614460,1269839,2021,32,4,4,700,2614-1269
2660500,1270500,2025,19,2,0,700,2660-1270
2620500,1265500,2024,19,15,0,700,2620-1265
2620500,1265500,2021,38,21,13,700,2620-1265
2614450.91388358,1269819.8364628,2024,38,4,1,700,2614-1269
2660500,1270500,2022,32,,1,700,2660-1270
2660500,1270500,2021,19,2,0,700,2660-1270
2660222,1269914,2025,38,,1,700,2660-1269
2569500,1203500,2021,32,6,2,700,2569-1203
2660500,1270500,2025,50,250,0,700,2660-1270
2659724,1270619,2023,32,,1,700,2659-1270
2691579,1247663,2021,19,2,0,700,2691-1247
2594500,1201500,2023,32,9,13,700,2594-1201
2570500,1203500,2025,19,2,0,700,2570-1203
2575383.48559548,1257918.33890068,2023,19,14,0,700,2575-1257
2575383.48559548,1257918.33890068,2021,19,1,0,700,2575-1257
2660331,1269996,2024,44,100,0,700,2660-1269
2660283,1270237,2024,44,14,0,700,2660-1270
2660214,1270303,2024,44,17,0,700,2660-1270
2539046.23780685,1182645.82975202,2022,19,2,0,700,2539-1182
2575313.48974961,1258076.3403946,2025,19,5,0,700,2575-1258
2575383.48559548,1257918.33890068,2024,19,,0,700,2575-1257
2660500,1270500,2025,50,50,0,700,2660-1270
2659890,1270664,2021,38,6,2,700,2659-1270
2569176,1196728,2021,19,2,0,700,2569-1196
2660500,1270500,2021,19,4,0,700,2660-1270
2660032,1270534,2022,44,3,0,700,2660-1270
2660016,1270530,2024,44,150,0,700,2660-1270
2660074,1270542,2024,44,15,0,700,2660-1270
2660500,1270500,2021,50,50,0,700,2660-1270
2570553.53980193,1202655.26017325,2023,44,2,0,700,2570-1202
2658800.07814379,1271799.64196525,2021,19,1,0,700,2658-1271
2660500,1270500,2024,44,,0,700,2660-1270
2660500,1270500,2024,44,60,0,700,2660-1270
2660500,1269500,2024,38,23,1,700,2660-1269
2659677,1270403,2021,38,4,2,700,2659-1270
2660500,1270500,2025,38,,2,700,2660-1270
2660500,1270500,2024,50,,0,700,2660-1270
2569525.56262002,1203696.28167077,2022,56,2,0,700,2569-1203
2660500,1270500,2025,50,,0,700,2660-1270
2569565,1203710,2022,56,2,0,700,2569-1203
2569525.56262002,1203696.28167077,2022,56,5,0,700,2569-1203
2560184.41649686,1193651.42088102,2021,38,3,13,700,2560-1193
2660500,1270500,2025,50,125,0,700,2660-1270
2660500,1269500,2023,50,,0,700,2660-1269
2570500,1203500,2023,56,15,0,700,2570-1203
2660293,1269962,2024,50,7,0,700,2660-1269
2660354,1269908,2025,50,,0,700,2660-1269
2539046.23780685,1182645.82975201,2023,44,1,0,700,2539-1182
2539046.23780685,1182645.82975201,2023,44,1,0,700,2539-1182
2660500,1270500,2023,44,250,0,700,2660-1270
2569456,1203657,2025,50,2,0,700,2569-1203
2659830,1270770,2025,50,,0,700,2659-1270
2660500,1270500,2023,44,200,0,700,2660-1270
2660500,1270500,2022,25,2,1,700,2660-1270
2539500,1182500,2023,44,1,0,700,2539-1182
2659500,1270500,2022,56,,0,700,2659-1270
2569759,1203431,2025,56,2,0,700,2569-1203
2594500,1201648,2023,56,2,0,700,2594-1201
2660500,1270500,2024,44,,0,700,2660-1270
2660202,1270381,2021,44,8,0,700,2660-1270
2539046.23780685,1182645.82975202,2022,56,1,0,700,2539-1182
2539046.23780685,1182645.82975202,2022,56,1,0,700,2539-1182
2659974,1270287,2025,44,,0,700,2659-1270
2659849,1270681,2023,44,250,0,700,2659-1270
2660500,1270500,2024,56,200,0,700,2660-1270
2659500,1270500,2025,50,,0,700,2659-1270
2575313.48974961,1258076.3403946,2024,50,3,0,700,2575-1258
2575313.48974961,1258076.3403946,2025,50,2,0,700,2575-1258
2575383.48559548,1257918.33890068,2021,50,6,0,700,2575-1257
2659836,1270750,2025,50,,0,700,2659-1270
2659711,1270939,2025,50,200,0,700,2659-1270
2659784,1270796,2025,50,,0,700,2659-1270
2660033,1270545,2025,50,61,0,700,2660-1270
2660202,1270437,2025,50,,0,700,2660-1270
2659765,1270756,2025,50,,0,700,2659-1270
2569714,1203365,2023,56,4,0,700,2569-1203
2660500,1270500,2023,44,,0,700,2660-1270
2678743.88625199,1261738.64812515,2024,56,2,0,700,2678-1261
2539046.23780685,1182645.82975201,2023,44,1,0,700,2539-1182
2660217,1269913,2024,56,,0,700,2660-1269
2660291,1270096,2024,56,200,0,700,2660-1270
2570171.55826185,1203620.27005927,2024,56,3,0,700,2570-1203
2660500,1270500,2021,50,120,0,700,2660-1270
2660500,1270500,2024,56,200,0,700,2660-1270
2660500,1270500,2025,50,250,0,700,2660-1270
2539046.23780685,1182645.82975201,2023,50,8,0,700,2539-1182
2570500,1203500,2023,56,25,0,700,2570-1203
2570500,1203500,2022,62,13,0,700,2570-1203
2569525.56262002,1203696.28167077,2025,62,18,0,700,2569-1203
2659500,1270500,2021,62,1,0,700,2659-1270
2569525.56262002,1203696.28167077,2025,62,3,0,700,2569-1203
2569420,1203611,2025,56,3,0,700,2569-1203
2569525.56262002,1203696.28167077,2023,56,9,0,700,2569-1203
2659500,1270500,2023,56,,0,700,2659-1270
2594500,1201500,2024,25,2,4,700,2594-1201
2569500,1203500,2022,56,2,0,700,2569-1203
2660500,1270500,2024,62,,0,700,2660-1270
2728440.3713799,1280910.09081376,2022,50,2,0,700,2728-1280
2660309,1269883,2023,56,2,0,700,2660-1269
2660028,1270587,2024,56,25,0,700,2660-1270
2659772,1270756,2023,56,70,0,700,2659-1270
2620100,1265099,2025,56,6,0,700,2620-1265
2539023,1182781,2023,50,6,0,700,2539-1182
2575383.48559548,1257918.33890068,2021,25,3,1,700,2575-1257
2569500,1203500,2022,56,2,0,700,2569-1203
2593207,1201093,2023,25,1,2,700,2593-1201
2575313.48974961,1258076.3403946,2023,56,2,0,700,2575-1258
2659978,1270283,2021,50,8,0,700,2659-1270
2539188,1182665,2023,62,2,0,700,2539-1182
2575313.48974961,1258076.3403946,2023,56,2,0,700,2575-1258
2575383.48559548,1257918.33890068,2021,56,8,0,700,2575-1257
2659500,1271500,2025,56,,0,700,2659-1271
2539046.23780685,1182645.82975201,2024,62,1,0,700,2539-1182
2579335.42108767,1257966.27243105,2024,62,2,0,700,2579-1257
2572500,1202500,2025,68,34,0,700,2572-1202
2570171.55826185,1203620.27005927,2021,62,6,0,700,2570-1203
2660500,1270500,2021,68,,0,700,2660-1270
2660500,1269500,2025,56,100,0,700,2660-1269
2570500,1203500,2021,62,20,0,700,2570-1203
2707633,1279053,2021,68,14,0,700,2707-1279
2660500,1270500,2025,56,250,0,700,2660-1270
2570500,1203500,2021,62,2,0,700,2570-1203
2568721,1203503,2022,68,,0,700,2568-1203
2659709,1270719,2023,62,16,0,700,2659-1270
2568808,1203109,2021,62,2,0,700,2568-1203
2571339,1203158,2023,62,2,0,700,2571-1203
2569455,1203290,2022,62,6,0,700,2569-1203
2539046.23780685,1182645.82975201,2024,68,11,0,700,2539-1182
2539046.23780685,1182645.82975201,2024,68,23,0,700,2539-1182
2539405.23201617,1182388.82094444,2024,68,17,0,700,2539-1182
2539046.23780685,1182645.82975201,2025,68,4,0,700,2539-1182
2575313.48974961,1258076.34039461,2021,62,11,0,700,2575-1258
2729500,1275500,2023,62,25,0,700,2729-1275
2660500,1270500,2021,62,,0,700,2660-1270
2660500,1270500,2024,56,,0,700,2660-1270
2670653,1242058,2023,32,2,2,700,2670-1242
2627500,1268500,2023,56,40,0,700,2627-1268
2660500,1270500,2023,56,50,0,700,2660-1270
2660500,1270500,2022,56,,0,700,2660-1270
2539098,1182826,2024,68,13,0,700,2539-1182
2569500,1203500,2022,68,,0,700,2569-1203
2539040,1182738,2025,68,4,0,700,2539-1182
2660500,1270500,2021,32,6,2,700,2660-1270
2539046.23780685,1182645.82975202,2022,32,2,1,700,2539-1182
2569500,1203500,2021,2,14,0,700,2569-1203
2570171.55826185,1203620.27005927,2023,68,16,0,700,2570-1203
2561323.44015893,1195110.40378658,2025,32,10,13,700,2561-1195
2570500,1203500,2023,2,,0,700,2570-1203
2530649.55307568,1151052.9731533,2021,62,,0,700,2530-1151
2570500,1203500,2021,62,2,0,700,2570-1203
2660500,1270500,2023,32,,4,700,2660-1270
2660500,1270500,2023,2,70,0,700,2660-1270
2539500,1182500,2025,2,9,0,700,2539-1182
2659314,1271217,2025,68,2,0,700,2659-1271
2571372,1202717,2023,68,14,0,700,2571-1202
2660500,1270500,2023,2,50,0,700,2660-1270
2539046.23780685,1182645.82975201,2023,62,2,0,700,2539-1182
2568500,1203500,2022,68,10,0,700,2568-1203
2594448,1201651,2021,32,1,2,700,2594-1201
2594026,1201589,2021,32,6,13,700,2594-1201
2660500,1270500,2025,2,,0,700,2660-1270
2729500,1275500,2024,62,11,0,700,2729-1275
2575313.48974961,1258076.3403946,2023,62,3,0,700,2575-1258
2620717.75996161,1265315.77940843,2023,2,2,0,700,2620-1265
2569014,1196624,2023,2,2,0,700,2569-1196
2570500,1203500,2023,2,2,0,700,2570-1203
2569504,1203499,2022,2,,0,700,2569-1203
2660500,1270500,2023,2,81,0,700,2660-1270
2729851,1275234,2023,62,20,0,700,2729-1275
2659621,1270906,2025,62,1,0,700,2659-1270
2659444,1271141,2023,62,,0,700,2659-1271
2729111,1275579,2021,62,2,0,700,2729-1275
2729768,1275333,2023,62,26,0,700,2729-1275
2660500,1270500,2022,38,,4,700,2660-1270
2572884,1202905,2025,68,43,0,700,2572-1202
2569178,1196682,2022,68,1,0,700,2569-1196
2631498,1270491,2024,2,2,0,700,2631-1270
2707500,1279500,2021,68,5,0,700,2707-1279
2660500,1270500,2024,2,11,0,700,2660-1270
2570500,1203500,2023,2,4,0,700,2570-1203
2539405.23201616,1182388.82094445,2021,2,4,0,700,2539-1182
2539046.23780685,1182645.82975202,2021,2,28,0,700,2539-1182
2568899,1203061,2024,2,2,0,700,2568-1203
2659762,1270905,2025,2,266,0,700,2659-1270
2571777,1202241,2022,2,1,0,700,2571-1202
2569644.55120499,1203073.27749822,2023,2,2,0,700,2569-1203
2539046.23780685,1182645.82975201,2023,68,97,0,700,2539-1182
2539046.23780685,1182645.82975201,2025,2,2,0,700,2539-1182
2569147.44266037,1196706.26540992,2023,2,1,0,700,2569-1196
2569147.44266037,1196706.26540992,2022,2,2,0,700,2569-1196
2569147.44266037,1196706.26540992,2023,2,1,0,700,2569-1196
2569147.44266037,1196706.26540992,2023,2,2,0,700,2569-1196
2539046.23780685,1182645.82975201,2023,2,37,0,700,2539-1182
2539046.23780685,1182645.82975201,2023,2,34,0,700,2539-1182
2656500,1273500,2025,8,8,0,700,2656-1273
2575313.48974961,1258076.3403946,2024,38,12,13,700,2575-1258
2660500,1270500,2021,8,6,0,700,2660-1270
2539518,1182068,2021,68,11,0,700,2539-1182
2660500,1270500,2021,38,8,2,700,2660-1270
2572681,1204547,2025,2,65,0,700,2572-1204
2660289,1269865,2023,8,,0,700,2660-1269
2570967,1202848,2023,68,65,0,700,2570-1202
2569125,1196720,2023,8,2,0,700,2569-1196
2580090.6502114,1212497.13430467,2023,8,9,0,700,2580-1212
2539137,1182661,2025,68,4,0,700,2539-1182
2707500,1279500,2021,68,5,0,700,2707-1279
2660500,1270500,2024,44,,0,700,2660-1270
2660500,1269500,2021,8,5,0,700,2660-1269
2572546,1204798,2025,8,50,0,700,2572-1204
2614368,1269823,2025,8,2,0,700,2614-1269
2729500,1275500,2022,8,16,0,700,2729-1275
2660118,1270305,2023,8,10,0,700,2660-1270
2570381,1202583,2023,8,2,0,700,2570-1202
2575313.48974961,1258076.3403946,2024,8,2,0,700,2575-1258
2660500,1269500,2021,8,6,0,700,2660-1269
2660500,1270500,2023,8,30,0,700,2660-1270
2659851,1270732,2023,8,130,0,700,2659-1270
2659819,1270737,2023,8,134,0,700,2659-1270
2660021,1270558,2023,8,,0,700,2660-1270
2659898,1270691,2025,8,4,0,700,2659-1270
2658794,1271991,2023,8,16,0,700,2658-1271
2659626,1271010,2023,2,79,0,700,2659-1271
2659973,1270460,2021,2,1,0,700,2659-1270
2659787,1270747,2023,2,,0,700,2659-1270
2570489,1203132,2024,2,2,0,700,2570-1203
2659972,1270702,2024,14,6,0,700,2659-1270
2569500,1203500,2022,2,30,0,700,2569-1203
2627500,1268500,2021,2,6,0,700,2627-1268
2569500,1203500,2022,2,40,0,700,2569-1203
2729500,1275500,2024,2,10,0,700,2729-1275
2707500,1279500,2022,2,10,0,700,2707-1279
2579335.42108767,1257966.27243106,2021,8,2,0,700,2579-1257
2627500,1268500,2022,14,20,0,700,2627-1268
2660500,1270500,2024,2,11,0,700,2660-1270
2539368,1182399,2021,8,4,0,700,2539-1182
2539046.23780685,1182645.82975201,2024,2,44,0,700,2539-1182
2539046.23780685,1182645.82975202,2021,2,20,0,700,2539-1182
2660500,1270500,2023,2,,0,700,2660-1270
2707654,1279003,2022,2,2,0,700,2707-1279
2727096,1280750,2023,2,120,0,700,2727-1280
2727500,1280500,2022,2,20,0,700,2727-1280
2660500,1270500,2021,8,6,0,700,2660-1270
2572060.52564182,1202227.23266409,2023,8,6,0,700,2572-1202
2570500,1203500,2021,2,11,0,700,2570-1203
2539405.23201617,1182388.82094444,2025,8,8,0,700,2539-1182
2539046.23780685,1182645.82975201,2024,8,45,0,700,2539-1182
2539046.23780685,1182645.82975201,2024,8,,0,700,2539-1182
2659500,1271500,2022,14,8,0,700,2659-1271
2569500,1203500,2021,2,,0,700,2569-1203
2570553.53980193,1202655.26017325,2023,14,1,0,700,2570-1202
2575383.48559548,1257918.33890068,2021,14,1,0,700,2575-1257
2569644.55120499,1203073.27749823,2021,14,7,0,700,2569-1203
2575313.48974961,1258076.3403946,2024,14,2,0,700,2575-1258
2539046.23780685,1182645.82975202,2021,14,22,0,700,2539-1182
2539046.23780685,1182645.82975202,2021,14,22,0,700,2539-1182
2570171.55826185,1203620.27005927,2025,14,,0,700,2570-1203
2579335.42108767,1257966.27243106,2021,13,2,0,700,2579-1257
2660500,1270500,2021,50,,0,700,2660-1270
2660500,1270500,2025,50,100,0,700,2660-1270
2660500,1270500,2025,13,6,0,700,2660-1270
2706845,1279387,2023,13,5,0,700,2706-1279
2572814,1202841,2023,20,1,0,700,2572-1202
2660500,1270500,2024,50,,0,700,2660-1270
2570500,1203500,2021,13,8,0,700,2570-1203
2659554,1271160,2021,8,1,0,700,2659-1271
2660500,1270500,2025,50,,0,700,2660-1270
2660244,1270004,2023,20,,0,700,2660-1270
2659500,1271500,2023,20,17,0,700,2659-1271
2614460,1269839,2023,8,2,0,700,2614-1269
2660500,1270500,2024,20,8,0,700,2660-1270
2594500,1201500,2025,20,1,0,700,2594-1201
2589354,1208648,2024,20,2,0,700,2589-1208
2569500,1203500,2022,8,20,0,700,2569-1203
2627500,1268500,2021,13,16,0,700,2627-1268
2539046.23780685,1182645.82975201,2024,8,25,0,700,2539-1182
2539046.23780685,1182645.82975201,2024,8,,0,700,2539-1182
2539046.23780685,1182645.82975201,2024,8,38,0,700,2539-1182
2660500,1270500,2023,20,,0,700,2660-1270
2539046.23780685,1182645.82975202,2021,20,2,0,700,2539-1182
2539405.23201616,1182388.82094445,2021,20,2,0,700,2539-1182
2569525,1203696,2021,13,4,0,700,2569-1203
2620500,1265500,2024,20,7,0,700,2620-1265
2620717.75996161,1265315.77940843,2024,8,2,0,700,2620-1265
2539097,1182650,2021,13,3,0,700,2539-1182
2572770,1204486,2025,13,20,0,700,2572-1204
2727988,1280414,2024,8,4,0,700,2727-1280
2660500,1270500,2021,8,6,0,700,2660-1270
2575313.48974961,1258076.3403946,2025,20,6,0,700,2575-1258
2594802,1201385,2023,56,2,0,700,2594-1201
2579796,1212195,2024,56,3,0,700,2579-1212
2570500,1203500,2023,13,10,0,700,2570-1203
2729500,1275500,2023,13,2,0,700,2729-1275
2569147.44266037,1196706.26540992,2022,13,2,0,700,2569-1196
2539046.23780685,1182645.82975201,2023,13,14,0,700,2539-1182
2539046.23780685,1182645.82975201,2023,13,15,0,700,2539-1182
2728440.3713799,1280910.09081375,2025,13,2,0,700,2728-1280
2670383,1242428,2022,26,1,1,700,2670-1242
2655500,1272500,2025,56,7,0,700,2655-1272
2660500,1270500,2024,56,,0,700,2660-1270
2620500,1265500,2022,26,16,13,700,2620-1265
2569500,1203500,2022,56,4,0,700,2569-1203
2678483,1261665,2021,26,2,1,700,2678-1261
2659799,1270811,2021,26,3,1,700,2659-1270
2594656,1201607,2021,56,2,0,700,2594-1201
2594423,1201655,2021,56,2,0,700,2594-1201
2614414,1269857,2025,13,2,0,700,2614-1269
2579335.42108767,1257966.27243105,2025,20,2,0,700,2579-1257
2620500,1265500,2021,26,14,13,700,2620-1265
2660500,1270500,2023,26,20,2,700,2660-1270
2570500,1203500,2025,13,20,0,700,2570-1203
2659777,1270800,2025,13,3,0,700,2659-1270
2658999,1271705,2023,13,2,0,700,2658-1271
2570747,1203159,2025,13,4,0,700,2570-1203
2660064,1270372,2022,13,5,0,700,2660-1270
2569130,1196717,2022,26,10,13,700,2569-1196
2594500,1201500,2023,56,2,0,700,2594-1201
2539271.2361141,1182576.82448572,2021,26,2,2,700,2539-1182
2571284,1202822,2025,13,5,0,700,2571-1202
2659760,1270612,2023,13,,0,700,2659-1270
2594872,1201453,2022,62,4,0,700,2594-1201
2570500,1203500,2023,20,2,0,700,2570-1203
2572500,1203500,2023,20,2,0,700,2572-1203
2575383.48559548,1257918.33890068,2021,26,2,1,700,2575-1257
2575383.48559548,1257918.33890068,2022,26,8,13,700,2575-1257
2570500,1203500,2021,13,11,0,700,2570-1203
2539046.23780685,1182645.82975202,2021,13,,0,700,2539-1182
2631534,1270474,2024,62,22,0,700,2631-1270
2660500,1270500,2023,62,25,0,700,2660-1270
2575295,1257910,2023,26,1,1,700,2575-1257
2569644.55120499,1203073.27749823,2021,13,9,0,700,2569-1203
2589229,1208845,2024,32,9,4,700,2589-1208
2660500,1270500,2024,62,,0,700,2660-1270
2594500,1201500,2022,62,3,0,700,2594-1201
2571635,1203218,2023,62,2,0,700,2571-1203
2660500,1270500,2023,32,20,2,700,2660-1270
2574811,1256863,2025,62,2,0,700,2574-1256
2660500,1270500,2023,68,,0,700,2660-1270
2569500,1203500,2021,68,24,0,700,2569-1203
2571375,1202167,2023,32,1,2,700,2571-1202
2569644.55120499,1203073.27749823,2022,68,,0,700,2569-1203
2660500,1270500,2021,32,19,2,700,2660-1270
2575313.48974961,1258076.3403946,2024,20,4,0,700,2575-1258
2660500,1270500,2023,68,,0,700,2660-1270
2660500,1270500,2024,68,30,0,700,2660-1270
2631472,1270436,2021,68,2,0,700,2631-1270
2575313.48974961,1258076.3403946,2023,32,2,2,700,2575-1258
2659500,1270500,2023,20,10,0,700,2659-1270
2620500,1265500,2022,20,22,0,700,2620-1265
2569500,1203500,2022,2,47,0,700,2569-1203
2660500,1270500,2025,2,31,0,700,2660-1270
2614460,1269839,2023,20,1,0,700,2614-1269
2614447,1269827,2025,20,2,0,700,2614-1269
2570500,1203500,2022,2,25,0,700,2570-1203
2660500,1270500,2023,2,100,0,700,2660-1270
2660500,1270500,2023,38,,1,700,2660-1270
2594500,1201500,2021,20,3,0,700,2594-1201
2575313.48974961,1258076.3403946,2024,38,12,13,700,2575-1258
2575383.48559548,1257918.33890068,2023,38,1,1,700,2575-1257
2659849,1270732,2024,20,3,0,700,2659-1270
2705500,1280500,2022,2,6,0,700,2705-1280
2569500,1203500,2023,2,2,0,700,2569-1203
2659500,1270500,2023,44,,0,700,2659-1270
2660500,1270500,2025,44,,0,700,2660-1270
2660500,1270500,2022,44,230,0,700,2660-1270
2569243,1196626,2023,2,2,0,700,2569-1196
2660500,1270500,2023,44,,0,700,2660-1270
2729500,1275500,2024,26,2,1,700,2729-1275
2660500,1270500,2022,20,2,0,700,2660-1270
2660032,1270535,2022,44,70,0,700,2660-1270
2659833,1270780,2022,44,50,0,700,2659-1270
2660062,1270458,2022,44,118,0,700,2660-1270
2659500,1270500,2023,20,15,0,700,2659-1270
2569147.44266037,1196706.26540992,2022,26,2,1,700,2569-1196
2659725,1270688,2023,20,10,0,700,2659-1270
2660113,1270436,2024,20,2,0,700,2660-1270
2660500,1270500,2021,2,9,0,700,2660-1270
2660500,1270500,2022,44,50,0,700,2660-1270
2620500,1265500,2022,26,15,1,700,2620-1265
2575383.48559548,1257918.33890068,2023,44,2,0,700,2575-1257
2660500,1270500,2025,26,3,4,700,2660-1270
2660302,1269995,2024,44,75,0,700,2660-1269
2660460,1269950,2024,44,,0,700,2660-1269
2539046.23780685,1182645.82975202,2021,2,8,0,700,2539-1182
2539046.23780685,1182645.82975202,2022,2,11,0,700,2539-1182
2539046.23780685,1182645.82975201,2023,50,8,0,700,2539-1182
2570500,1203500,2025,2,1,0,700,2570-1203
2627500,1268500,2021,2,2,0,700,2627-1268
2660500,1270500,2023,26,6,2,700,2660-1270
2560500,1194500,2024,50,1,0,700,2560-1194
2660171,1270471,2025,50,,0,700,2660-1270
2659508,1271094,2025,50,120,0,700,2659-1271
2659885,1270721,2025,50,35,0,700,2659-1270
2659746,1270726,2025,50,80,0,700,2659-1270
2659313,1271311,2025,50,35,0,700,2659-1271
2660326,1269925,2025,50,200,0,700,2660-1269
2660298,1269983,2021,50,300,0,700,2660-1269
2660240,1269908,2024,50,,0,700,2660-1269
2660500,1270500,2021,50,300,0,700,2660-1270
2660568,1269901,2021,50,290,0,700,2660-1269
2568833,1203449,2025,50,4,0,700,2568-1203
2570500,1203500,2024,8,2,0,700,2570-1203
2575313.48974961,1258076.3403946,2024,50,3,0,700,2575-1258
2575383.48559548,1257918.33890068,2024,50,,0,700,2575-1257
2539046.23780685,1182645.82975201,2023,50,8,0,700,2539-1182
2569433,1203638,2025,50,4,0,700,2569-1203
2620500,1265500,2021,26,20,13,700,2620-1265
2539405.23201616,1182388.82094445,2022,8,18,0,700,2539-1182
2539046.23780685,1182645.82975202,2022,8,5,0,700,2539-1182
2595500,1201500,2025,8,2,0,700,2595-1201
2569500,1203500,2021,56,6,0,700,2569-1203
2702779,1281734,2024,56,10,0,700,2702-1281
2660500,1270500,2025,26,3,4,700,2660-1270
2660500,1270500,2024,26,8,1,700,2660-1270
2594716,1201518,2024,8,1,0,700,2594-1201
2620717.75996161,1265315.77940843,2025,56,6,0,700,2620-1265
2660500,1270500,2021,26,6,2,700,2660-1270
2660500,1270500,2025,56,260,0,700,2660-1270
2660500,1270500,2022,26,2,2,700,2660-1270
2570500,1203500,2023,26,1,1,700,2570-1203
2569034,1203366,2024,56,3,0,700,2569-1203
2575387,1257960,2024,56,2,0,700,2575-1257
2568824,1203186,2023,56,25,0,700,2568-1203
2569151,1203288,2023,56,12,0,700,2569-1203
2678440,1261665,2024,56,2,0,700,2678-1261
2659964,1270510,2023,26,5,1,700,2659-1270
2659384,1271374,2025,26,3,1,700,2659-1271
2659779,1270841,2023,26,2,2,700,2659-1270
2660492,1269774,2025,56,,0,700,2660-1269
2660035,1270543,2025,26,1,1,700,2660-1270
2570542,1203166,2025,26,1,2,700,2570-1203
2659421,1271224,2023,26,3,2,700,2659-1271
2575383.48559548,1257918.33890068,2022,56,2,0,700,2575-1257
2569644.55120499,1203073.27749822,2023,56,25,0,700,2569-1203
2575383.48559548,1257918.33890068,2021,56,6,0,700,2575-1257
2575383.48559548,1257918.33890068,2023,56,2,0,700,2575-1257
2575313.48974961,1258076.3403946,2025,56,2,0,700,2575-1258
2539069,1182666,2022,8,5,0,700,2539-1182
2570171.55826185,1203620.27005927,2021,8,50,0,700,2570-1203
2659866,1270722,2021,63,20,0,700,2659-1270
2659794,1270728,2022,63,8,0,700,2659-1270
2655500,1272500,2025,63,2,0,700,2655-1272
2614460,1269839,2023,26,3,13,700,2614-1269
2568814,1203091,2022,63,11,0,700,2568-1203
2569500,1203500,2021,63,22,0,700,2569-1203
2614542,1269690,2022,13,2,0,700,2614-1269
2571500,1202500,2025,13,2,0,700,2571-1202
2575383.48559548,1257918.33890068,2021,63,2,0,700,2575-1257
2575313.48974961,1258076.34039461,2021,63,2,0,700,2575-1258
2539500,1182500,2021,13,25,0,700,2539-1182
2579335.42108767,1257966.27243105,2023,32,2,2,700,2579-1257
2660500,1270500,2025,26,3,1,700,2660-1270
2569500,1196500,2021,13,2,0,700,2569-1196
2660500,1270500,2022,69,45,0,700,2660-1270
2620500,1265500,2021,13,4,0,700,2620-1265
2660015,1270544,2023,69,15,0,700,2660-1270
2571387,1202374,2023,69,50,0,700,2571-1202
2571675,1202396,2023,69,70,0,700,2571-1202
2575313.48974961,1258076.34039461,2021,13,4,0,700,2575-1258
2569500,1203500,2021,13,4,0,700,2569-1203
2703243,1281735,2025,69,23,0,700,2703-1281
2539046.23780685,1182645.82975201,2024,69,,0,700,2539-1182
2660378,1269936,2023,69,2,0,700,2660-1269
2660419,1270068,2023,69,20,0,700,2660-1270
2707076,1279150,2021,2,2,0,700,2707-1279
2539046.23780685,1182645.82975202,2021,26,2,1,700,2539-1182
2660500,1270500,2021,2,25,0,700,2660-1270
2539046.23780685,1182645.82975201,2024,32,1,1,700,2539-1182
2568500,1203500,2021,2,15,0,700,2568-1203
2539500,1182500,2021,2,6,0,700,2539-1182
2659772,1270827,2021,2,11,0,700,2659-1270
2691525,1247609,2021,13,2,0,700,2691-1247
2627500,1268500,2021,2,132,0,700,2627-1268
2539405.23201616,1182388.82094445,2021,2,5,0,700,2539-1182
2539046.23780685,1182645.82975202,2021,2,29,0,700,2539-1182
2539046.23780685,1182645.82975202,2021,2,27,0,700,2539-1182
2539046.23780685,1182645.82975201,2024,2,16,0,700,2539-1182
2569209,1203341,2022,2,25,0,700,2569-1203
2561099,1195298,2025,32,1,2,700,2561-1195
2539046.23780685,1182645.82975201,2024,13,2,0,700,2539-1182
2539046.23780685,1182645.82975202,2021,13,25,0,700,2539-1182
2569574,1203708,2022,32,2,4,700,2569-1203
2569443,1203648,2022,32,2,2,700,2569-1203
2569525.56262002,1203696.28167077,2022,32,2,1,700,2569-1203
2575383.48559548,1257918.33890068,2023,32,15,19,700,2575-1257
2660078,1269915,2023,8,50,0,700,2660-1269
2655035,1272067,2025,8,2,0,700,2655-1272
2728500,1280500,2022,32,2,1,700,2728-1280
2569121,1203121,2022,8,10,0,700,2569-1203
2568863,1253704,2021,32,2,2,700,2568-1253
2660500,1270500,2023,32,20,4,700,2660-1270
2660500,1270500,2025,32,30,4,700,2660-1270
2599091,1203670,2024,32,9,1,700,2599-1203
2570500,1203500,2024,8,2,0,700,2570-1203
2627500,1268500,2025,8,70,0,700,2627-1268
2729051,1275610,2023,32,2,4,700,2729-1275
2560687,1194840,2025,38,4,13,700,2560-1194
2570461,1203400,2022,32,2,4,700,2570-1203
2670300.06850856,1242299.56432465,2023,32,2,1,700,2670-1242
2593500,1201500,2023,32,1,1,700,2593-1201
2655133,1272092,2025,8,1,0,700,2655-1272
2570500,1203500,2025,8,1,0,700,2570-1203
2660500,1270500,2022,38,18,2,700,2660-1270
2699500,1281500,2021,38,2,4,700,2699-1281
2660500,1270500,2022,38,8,1,700,2660-1270
2659779,1270899,2025,8,17,0,700,2659-1270
2569644.55120499,1203073.27749822,2023,8,6,0,700,2569-1203
2560749,1194890,2025,38,4,13,700,2560-1194
2658800.07814379,1271799.64196525,2025,14,2,0,700,2658-1271
2691500,1247500,2021,14,2,0,700,2691-1247
2660500,1270500,2024,14,5,0,700,2660-1270
2660697,1269740,2025,44,100,0,700,2660-1269
2660217,1269918,2024,44,,0,700,2660-1269
2659682,1270933,2024,14,2,0,700,2659-1270
2571414,1202636,2025,14,5,0,700,2571-1202
2569229,1203333,2025,14,3,0,700,2569-1203
2569187,1203283,2025,14,5,0,700,2569-1203
2575292,1257923,2023,14,20,0,700,2575-1257
2659895,1270360,2021,32,1,1,700,2659-1270
2530706,1151095,2024,20,1,0,700,2530-1151
2659500,1270500,2025,14,5,0,700,2659-1270
2658572,1272069,2023,32,4,2,700,2658-1272
2658841,1271917,2025,32,1,1,700,2658-1271
2569757,1203443,2025,14,1,0,700,2569-1203
2539046.23780685,1182645.82975202,2021,14,22,0,700,2539-1182
2539046.23780685,1182645.82975202,2021,14,25,0,700,2539-1182
2660500,1270500,2022,38,,1,700,2660-1270
2620717.75996161,1265315.77940843,2025,14,2,0,700,2620-1265
2539046.23780685,1182645.82975201,2023,44,1,0,700,2539-1182
2660500,1270500,2024,14,,0,700,2660-1270
2660500,1270500,2025,38,100,2,700,2660-1270
2660500,1270500,2025,38,100,2,700,2660-1270
2659843,1270721,2024,38,18,2,700,2659-1270
2660500,1270500,2024,20,3,0,700,2660-1270
2627500,1268500,2021,14,22,0,700,2627-1268
2660500,1270500,2025,38,100,2,700,2660-1270
2660500,1270500,2022,20,2,0,700,2660-1270
2660500,1270500,2025,44,,0,700,2660-1270
2660500,1270500,2021,44,13,0,700,2660-1270
2593500,1201500,2022,20,2,0,700,2593-1201
2594500,1201500,2024,20,2,0,700,2594-1201
2659500,1270500,2021,50,,0,700,2659-1270
2660500,1270500,2023,50,300,0,700,2660-1270
2575313.48974961,1258076.34039461,2022,14,2,0,700,2575-1258
2560500,1194500,2024,50,1,0,700,2560-1194
2575383.48559548,1257918.33890068,2024,14,2,0,700,2575-1257
2691701,1247151,2021,20,2,0,700,2691-1247
2691528,1247604,2021,20,2,0,700,2691-1247
2691504,1247608,2021,20,1,0,700,2691-1247
2659500,1270500,2022,44,,0,700,2659-1270
2659712,1270870,2024,44,5,0,700,2659-1270
2659507,1271191,2024,44,2,0,700,2659-1271
2659452,1271214,2024,44,1,0,700,2659-1271
2631642,1270623,2024,20,2,0,700,2631-1270
2660500,1270500,2023,20,10,0,700,2660-1270
2660356,1269872,2022,50,12,0,700,2660-1269
2660481,1269822,2024,50,1,0,700,2660-1269
2691485,1247618,2021,20,1,0,700,2691-1247
2660500,1270500,2024,20,3,0,700,2660-1270
2570500,1203500,2025,50,2,0,700,2570-1203
2539046.23780685,1182645.82975202,2021,20,4,0,700,2539-1182
2539046.23780685,1182645.82975202,2022,20,2,0,700,2539-1182
2691500,1247500,2021,20,2,0,700,2691-1247
2575521,1258144,2025,20,1,0,700,2575-1258
2575261,1258064,2025,20,1,0,700,2575-1258
2575394,1257884,2025,20,2,0,700,2575-1257
2659371,1271416,2023,20,,0,700,2659-1271
2572814,1202841,2023,20,2,4,700,2572-1202
2539046.23780685,1182645.82975201,2023,44,1,0,700,2539-1182
2659660,1270991,2024,44,2,0,700,2659-1270
2659864,1270694,2022,44,142,0,700,2659-1270
2660500,1270500,2025,44,150,0,700,2660-1270
2660500,1270500,2025,50,200,0,700,2660-1270
2579335.42108767,1257966.27243105,2024,50,2,0,700,2579-1257
2614460,1269839,2023,50,2,0,700,2614-1269
2614300,1268599,2024,50,19,0,700,2614-1268
2656500,1273500,2021,50,12,0,700,2656-1273
2659983,1270548,2025,50,20,0,700,2659-1270
2659750,1270727,2025,50,100,0,700,2659-1270
2570500,1203500,2025,50,2,0,700,2570-1203
2660500,1270500,2023,20,5,0,700,2660-1270
2659776,1270815,2025,50,106,0,700,2659-1270
2659518,1271077,2021,50,,0,700,2659-1271
2659774,1270797,2024,50,,0,700,2659-1270
2659292,1271471,2024,50,,0,700,2659-1271
2539046.23780685,1182645.82975202,2021,20,2,0,700,2539-1182
2659276,1271455,2025,50,,0,700,2659-1271
2620717.75996161,1265315.77940843,2024,20,1,0,700,2620-1265
2620717.75996161,1265315.77940843,2024,20,1,0,700,2620-1265
2589183,1208803,2024,20,2,0,700,2589-1208
2660500,1270500,2025,50,250,0,700,2660-1270
2659500,1271500,2025,50,,0,700,2659-1271
2660500,1270500,2022,50,100,0,700,2660-1270
2569589,1203700,2025,50,2,0,700,2569-1203
2569589,1203700,2025,50,2,0,700,2569-1203
2660500,1269500,2025,50,,0,700,2660-1269
2659707,1270707,2025,50,100,0,700,2659-1270
2539046.23780685,1182645.82975201,2023,50,6,0,700,2539-1182
2570171.55826185,1203620.27005927,2025,50,2,0,700,2570-1203
2575383.48559548,1257918.33890068,2021,20,2,0,700,2575-1257
2575313.48974961,1258076.3403946,2023,20,8,0,700,2575-1258
2660500,1270500,2025,50,,0,700,2660-1270
2660500,1269500,2023,26,2,2,700,2660-1269
2691468.89796345,1247582.63851963,2021,20,2,0,700,2691-1247
2575313.48974961,1258076.3403946,2025,20,4,0,700,2575-1258
2660500,1270500,2021,50,200,0,700,2660-1270
2594399,1201655,2021,26,1,2,700,2594-1201
2594428,1201694,2021,26,2,4,700,2594-1201
2660500,1270500,2025,20,2,0,700,2660-1270
2660500,1270500,2025,50,,0,700,2660-1270
2660500,1270500,2024,50,,0,700,2660-1270
2594447,1201658,2022,26,2,4,700,2594-1201
2570171.55826185,1203620.27005927,2021,26,2,1,700,2570-1203
2620717.75996161,1265315.77940843,2022,26,3,2,700,2620-1265
2575368,1257972,2025,26,2,4,700,2575-1257
2575316,1258067,2021,26,4,6,700,2575-1258
2575391,1257920,2025,26,1,1,700,2575-1257
2593742,1201553,2022,26,1,2,700,2593-1201
2660500,1270500,2021,26,2,1,700,2660-1270
2620500,1265500,2022,26,7,13,700,2620-1265
2705500,1280500,2025,26,9,13,700,2705-1280
2530649.55307568,1151052.9731533,2022,26,2,4,700,2530-1151
2530649.55307568,1151052.9731533,2022,26,2,1,700,2530-1151
2659464,1270991,2025,50,,0,700,2659-1270
2659786,1270831,2025,50,250,0,700,2659-1270
2659735,1270909,2025,50,,0,700,2659-1270
2659276,1271455,2025,50,1,0,700,2659-1271
2575313.48974961,1258076.3403946,2024,50,3,0,700,2575-1258
2659500,1271500,2024,56,80,0,700,2659-1271
2659500,1270500,2024,56,170,0,700,2659-1270
2659429,1271036,2021,26,2,4,700,2659-1271
2660328,1269960,2025,26,3,2,700,2660-1269
2569119,1196717,2022,26,2,4,700,2569-1196
2660500,1270500,2025,50,60,0,700,2660-1270
2660500,1270500,2023,26,9,1,700,2660-1270
2570500,1203500,2021,26,2,1,700,2570-1203
2572430,1206766,2022,26,2,2,700,2572-1206
2575383.48559548,1257918.33890068,2023,26,2,4,700,2575-1257
2727441,1280676,2024,26,2,2,700,2727-1280
2569758,1203447,2023,56,4,0,700,2569-1203
2660122,1270247,2024,56,8,0,700,2660-1270
2575313.48974961,1258076.3403946,2025,26,13,13,700,2575-1258
2706337,1279913,2025,26,2,2,700,2706-1279
2575383.48559548,1257918.33890068,2021,26,2,1,700,2575-1257
2575383.48559548,1257918.33890068,2023,26,2,1,700,2575-1257
2575313.48974961,1258076.3403946,2024,26,9,13,700,2575-1258
2569327,1203205,2025,56,1,0,700,2569-1203
2575313.48974961,1258076.3403946,2023,26,2,2,700,2575-1258
2575313.48974961,1258076.3403946,2023,26,2,2,700,2575-1258
2575383.48559548,1257918.33890068,2022,26,5,13,700,2575-1257
2575313.48974961,1258076.3403946,2024,26,11,13,700,2575-1258
2660500,1270500,2022,26,2,1,700,2660-1270
2569147.44266037,1196706.26540992,2021,56,2,0,700,2569-1196
2659500,1270500,2025,56,,0,700,2659-1270
2659500,1270500,2024,56,,0,700,2659-1270
2678375.89164945,1261527.64633429,2024,56,2,0,700,2678-1261
2659500,1270500,2022,56,,0,700,2659-1270
2571500,1203500,2023,56,10,0,700,2571-1203
2659833,1270849,2024,56,90,0,700,2659-1270
2729500,1275500,2024,32,2,1,700,2729-1275
2579335.42108767,1257966.27243105,2023,56,4,0,700,2579-1257
2660025,1270164,2025,32,1,2,700,2660-1270
2707605,1279001,2024,56,2,0,700,2707-1279
2575383.48559548,1257918.33890068,2022,62,4,0,700,2575-1257
2614450.91388358,1269819.83646281,2021,32,15,1,700,2614-1269
2659958,1270300,2025,32,37,13,700,2659-1270
2670072,1242417,2022,26,1,2,700,2670-1242
2593315,1201423,2022,26,1,2,700,2593-1201
2594149,1201689,2023,26,1,2,700,2594-1201
2659830,1270660,2022,32,60,2,700,2659-1270
2659972,1270319,2023,62,20,0,700,2659-1270
2572885,1204493,2021,62,21,0,700,2572-1204
2729709,1275239,2023,62,30,0,700,2729-1275
2660500,1270500,2024,32,4,1,700,2660-1270
2614460,1269839,2023,62,2,0,700,2614-1269
2614460,1269839,2024,62,1,0,700,2614-1269
2589351,1208648,2024,32,9,2,700,2589-1208
2660500,1270500,2022,56,,0,700,2660-1270
2539046.23780685,1182645.82975201,2023,62,2,0,700,2539-1182
2660500,1270500,2025,32,15,1,700,2660-1270
2569492,1203573,2025,56,4,0,700,2569-1203
2575383.48559548,1257918.33890068,2021,32,10,13,700,2575-1257
2575383.48559548,1257918.33890068,2023,32,,19,700,2575-1257
2569394,1203455,2022,56,4,0,700,2569-1203
2691764.89659286,1247559.63963858,2021,26,2,1,700,2691-1247
2594500,1201500,2023,62,3,0,700,2594-1201
2660500,1270500,2021,62,8,0,700,2660-1270
2691487,1247574,2021,26,2,1,700,2691-1247
2660259,1270019,2022,38,1,1,700,2660-1270
2659350,1271478,2022,38,85,1,700,2659-1271
2659284,1271564,2022,38,85,2,700,2659-1271
2571500,1202500,2023,68,50,0,700,2571-1202
2660500,1270500,2023,38,,1,700,2660-1270
2771200.02206418,1183899.76452876,2021,38,5,13,700,2771-1183
2659351,1271436,2024,68,36,0,700,2659-1271
2594026,1201591,2021,32,6,13,700,2594-1201
2572770,1204443,2021,62,25,0,700,2572-1204
2620500,1265500,2021,38,11,13,700,2620-1265
2660500,1270500,2022,38,,1,700,2660-1270
2539038,1182615,2024,62,2,0,700,2539-1182
2572866,1204453,2021,62,22,0,700,2572-1204
2659746,1270843,2022,38,72,2,700,2659-1270
2659879,1270734,2024,38,39,2,700,2659-1270
2660046,1270522,2022,38,2,1,700,2660-1270
2660087,1270527,2022,38,2,2,700,2660-1270
2575313.48974961,1258076.3403946,2024,38,12,13,700,2575-1258
2729099.48039105,1275600.06245772,2024,62,6,0,700,2729-1275
2660500,1270500,2022,38,,1,700,2660-1270
2569427,1203285,2022,62,6,0,700,2569-1203
2569045,1203175,2021,62,16,0,700,2569-1203
2729500,1275500,2023,44,2,0,700,2729-1275
2660500,1270500,2023,44,,0,700,2660-1270
2660500,1270500,2021,44,,0,700,2660-1270
2614460,1269839,2025,68,2,0,700,2614-1269
2539046.23780685,1182645.82975202,2022,32,2,1,700,2539-1182
2570500,1203500,2021,32,4,1,700,2570-1203
2660238,1270213,2024,44,,0,700,2660-1270
2660302,1269980,2023,44,121,0,700,2660-1269
2660376,1269865,2022,44,,0,700,2660-1269
2660186,1270235,2024,44,,0,700,2660-1270
2660770,1270668,2022,44,200,0,700,2660-1270
2539046.23780685,1182645.82975201,2023,68,102,0,700,2539-1182
2660022,1270577,2022,44,200,0,700,2660-1270
2660500,1270500,2023,62,15,0,700,2660-1270
2568500,1203500,2022,32,2,1,700,2568-1203
2539046.23780685,1182645.82975201,2025,68,4,0,700,2539-1182
2539046.23780685,1182645.82975201,2024,68,24,0,700,2539-1182
2539046.23780685,1182645.82975202,2022,68,5,0,700,2539-1182
2660380,1270091,2025,68,20,0,700,2660-1270
2659738,1270665,2023,68,1,0,700,2659-1270
2731065,1279421,2025,68,200,0,700,2731-1279
2569017,1203266,2025,68,37,0,700,2569-1203
2729500,1275500,2025,68,1,0,700,2729-1275
2706408,1279750,2022,32,4,1,700,2706-1279
2568500,1203500,2025,68,15,0,700,2568-1203
2539046.23780685,1182645.82975202,2021,2,26,0,700,2539-1182
2539046.23780685,1182645.82975202,2021,2,13,0,700,2539-1182
2659500,1270500,2023,51,,0,700,2659-1270
2660500,1270500,2024,51,,0,700,2660-1270
2539046.23780685,1182645.82975201,2024,2,41,0,700,2539-1182
2614450.91388358,1269819.8364628,2025,68,2,0,700,2614-1269
2580500,1212500,2023,2,11,0,700,2580-1212
2660342,1269885,2023,51,,0,700,2660-1269
2539204,1182752,2024,2,35,0,700,2539-1182
2659741,1270880,2025,51,200,0,700,2659-1270
2659810,1270721,2025,51,,0,700,2659-1270
2659193,1271305,2025,51,60,0,700,2659-1271
2659822,1270786,2025,51,50,0,700,2659-1270
2659335,1271386,2025,51,60,0,700,2659-1271
2539098,1182650,2023,68,4,0,700,2539-1182
2539495,1182159,2021,68,11,0,700,2539-1182
2731065,1279421,2025,68,200,0,700,2731-1279
2594715,1201606,2021,32,1,2,700,2594-1201
2659497,1271290,2023,2,90,0,700,2659-1271
2659935,1270731,2023,2,20,0,700,2659-1270
2521770,1150643,2024,2,1,0,700,2521-1150
2659644,1271038,2023,2,81,0,700,2659-1271
2659614,1270940,2023,2,50,0,700,2659-1270
2570171.55826185,1203620.27005927,2021,32,6,2,700,2570-1203
2539046.23780685,1182645.82975202,2022,32,2,2,700,2539-1182
2575313.48974961,1258076.34039461,2021,51,1,0,700,2575-1258
2569525.56262002,1203696.28167077,2022,32,2,1,700,2569-1203
2575383.48559548,1257918.33890068,2021,51,1,0,700,2575-1257
2575313.48974961,1258076.3403946,2024,51,2,0,700,2575-1258
2660500,1270500,2025,68,70,0,700,2660-1270
2569395,1203058,2022,68,3,0,700,2569-1203
2575313.48974961,1258076.3403946,2024,51,2,0,700,2575-1258
2727500,1280500,2022,68,4,0,700,2727-1280
2570500,1203500,2025,68,,0,700,2570-1203
2568500,1203500,2022,68,4,0,700,2568-1203
2660216,1269917,2025,57,,0,700,2660-1269
2660310,1269877,2025,57,,0,700,2660-1269
2570500,1203500,2023,2,30,0,700,2570-1203
2660500,1270500,2022,68,,0,700,2660-1270
2569500,1203500,2022,2,55,0,700,2569-1203
2660500,1270500,2022,38,110,2,700,2660-1270
2660500,1270500,2023,2,81,0,700,2660-1270
2570500,1203500,2023,57,3,0,700,2570-1203
2580500,1212500,2023,2,11,0,700,2580-1212
2728503,1280974,2023,2,2,0,700,2728-1280
2580090.6502114,1212497.13430467,2023,2,10,0,700,2580-1212
2569129,1203659,2022,2,2,0,700,2569-1203
2539046.23780685,1182645.82975201,2024,2,40,0,700,2539-1182
2539046.23780685,1182645.82975201,2025,2,5,0,700,2539-1182
2539405.23201617,1182388.82094444,2025,2,7,0,700,2539-1182
2539046.23780685,1182645.82975201,2024,2,45,0,700,2539-1182
2660500,1270500,2021,38,,1,700,2660-1270
2660500,1270500,2023,38,59,2,700,2660-1270
2659500,1270500,2022,38,77,2,700,2659-1270
2660500,1269500,2022,38,4,2,700,2660-1269
2579924,1212311,2023,2,8,0,700,2579-1212
2569083,1202876,2024,2,2,0,700,2569-1202
2660500,1270500,2021,44,,0,700,2660-1270
2660500,1270500,2022,57,,0,700,2660-1270
2575296,1257909,2021,57,5,0,700,2575-1257
2539093,1182662,2023,2,34,0,700,2539-1182
2539042,1182661,2023,2,34,0,700,2539-1182
2539046,1182645,2024,2,35,0,700,2539-1182
2660500,1270500,2025,44,,0,700,2660-1270
2539103,1182654,2025,2,2,0,700,2539-1182
2580500,1212500,2023,2,11,0,700,2580-1212
2569500,1196500,2023,2,2,0,700,2569-1196
2660500,1270500,2022,44,,0,700,2660-1270
2575313.48974961,1258076.3403946,2023,57,4,0,700,2575-1258
2569644.55120499,1203073.27749822,2023,2,2,0,700,2569-1203
2659727,1270907,2023,2,50,0,700,2659-1270
2660038,1270513,2023,2,,0,700,2660-1270
2659835,1270818,2023,2,20,0,700,2659-1270
2579335.42108767,1257966.27243105,2023,2,2,0,700,2579-1257
2660500,1270500,2023,2,,0,700,2660-1270
2659500,1271500,2021,63,1,0,700,2659-1271
2539500,1182500,2022,2,11,0,700,2539-1182
2659500,1270500,2023,2,90,0,700,2659-1270
2570205,1203749,2023,63,1,0,700,2570-1203
2660500,1270500,2023,8,,0,700,2660-1270
2659891,1270722,2023,2,,0,700,2659-1270
2570171.55826185,1203620.27005927,2023,63,3,0,700,2570-1203
2594500,1201500,2022,63,3,0,700,2594-1201
2729500,1275500,2024,8,2,0,700,2729-1275
2659808,1270707,2022,63,15,0,700,2659-1270
2659346,1271146,2023,63,8,0,700,2659-1271
2660500,1270500,2021,8,2,0,700,2660-1270
2660500,1269500,2025,50,,0,700,2660-1269
2570553.53980193,1202655.26017325,2023,63,2,0,700,2570-1202
2660068,1270402,2023,8,118,0,700,2660-1270
2568892,1203293,2023,63,,0,700,2568-1203
2660500,1270500,2022,50,180,0,700,2660-1270
2614460,1269839,2022,8,2,0,700,2614-1269
2660500,1270500,2022,8,2,0,700,2660-1270
2614460,1269839,2023,8,2,0,700,2614-1269
2655500,1272500,2023,69,8,0,700,2655-1272
2575313.48974961,1258076.3403946,2025,50,2,0,700,2575-1258
2575383.48559548,1257918.33890068,2021,50,1,0,700,2575-1257
2659500,1270500,2025,50,200,0,700,2659-1270
2660500,1270500,2025,50,200,0,700,2660-1270
2660500,1270500,2025,50,,0,700,2660-1270
2660097,1270243,2022,69,23,0,700,2660-1270
2539046.23780685,1182645.82975202,2022,8,2,0,700,2539-1182
2539046.23780685,1182645.82975201,2023,8,14,0,700,2539-1182
2539405.23201617,1182388.82094444,2025,8,8,0,700,2539-1182
2594676,1201615,2022,50,3,0,700,2594-1201
2659500,1270500,2025,8,1,0,700,2659-1270
2569500,1203500,2023,8,5,0,700,2569-1203
2660500,1270500,2025,50,200,0,700,2660-1270
2572638,1204624,2025,8,39,0,700,2572-1204
2569857.55231118,1203193.27414935,2025,14,19,0,700,2569-1203
2660201,1270114,2023,8,75,0,700,2660-1270
2539032,1182605,2024,69,15,0,700,2539-1182
2614413,1269750,2022,8,2,0,700,2614-1269
2660500,1270500,2022,50,,0,700,2660-1270
2620717.75996161,1265315.77940843,2024,8,2,0,700,2620-1265
2659668,1270913,2025,69,27,0,700,2659-1270
2660500,1270500,2025,50,,0,700,2660-1270
2659772,1270604,2025,69,30,0,700,2659-1270
2659703,1270943,2025,69,12,0,700,2659-1270
2659810,1270525,2022,69,,0,700,2659-1270
2627500,1268500,2022,8,250,0,700,2627-1268
2660500,1270500,2023,8,,0,700,2660-1270
2594700,1201611,2022,50,3,0,700,2594-1201
2659500,1270500,2025,50,150,0,700,2659-1270
2570171.55826185,1203620.27005927,2021,14,5,0,700,2570-1203
2539046.23780685,1182645.82975201,2024,14,6,0,700,2539-1182
2660500,1270500,2023,8,150,0,700,2660-1270
2660500,1270500,2021,2,3,0,700,2660-1270
2569500,1203500,2022,2,58,0,700,2569-1203
2660500,1270500,2024,50,,0,700,2660-1270
2539500,1182500,2022,8,10,0,700,2539-1182
2570553.53980193,1202655.26017325,2023,8,4,0,700,2570-1202
2631401,1270394,2021,2,6,0,700,2631-1270
2660500,1270500,2021,2,1,0,700,2660-1270
2539046.23780685,1182645.82975202,2021,2,4,0,700,2539-1182
2539405.23201616,1182388.82094445,2021,2,18,0,700,2539-1182
2539046.23780685,1182645.82975201,2023,14,5,0,700,2539-1182
2572784,1204461,2025,14,3,0,700,2572-1204
2659797,1270738,2025,14,4,0,700,2659-1270
2659724,1270925,2021,2,4,0,700,2659-1270
2659992,1270628,2021,2,10,0,700,2659-1270
2660000,1270404,2023,8,2,0,700,2660-1270
2660100,1270459,2023,8,14,0,700,2660-1270
2659159,1271499,2023,14,2,0,700,2659-1271
2569225,1196707,2021,14,2,0,700,2569-1196
2659500,1270500,2023,56,50,0,700,2659-1270
2659836,1270728,2025,8,5,0,700,2659-1270
2659887,1270747,2023,8,10,0,700,2659-1270
2659347,1271148,2023,8,7,0,700,2659-1271
2660216,1270273,2022,8,80,0,700,2660-1270
2659828,1270493,2025,8,10,0,700,2659-1270
2729500,1275500,2025,14,5,0,700,2729-1275
2572809,1202821,2025,14,2,0,700,2572-1202
2570500,1203500,2025,56,,0,700,2570-1203
2655500,1272500,2021,14,1,0,700,2655-1272
2660500,1270500,2023,8,10,0,700,2660-1270
2660500,1270500,2022,56,,0,700,2660-1270
2570500,1203500,2023,56,15,0,700,2570-1203
2620500,1265500,2023,20,5,0,700,2620-1265
2660121,1270283,2025,56,35,0,700,2660-1270
2568787,1203041,2025,8,22,0,700,2568-1203
2729500,1275500,2022,8,2,0,700,2729-1275
2575313.48974961,1258076.3403946,2025,8,2,0,700,2575-1258
2575313.48974961,1258076.34039461,2022,8,5,0,700,2575-1258
2572135.55908827,1204214.23795532,2023,20,2,0,700,2572-1204
2572135.55908827,1204214.23795532,2023,20,2,0,700,2572-1204
2539162,1182657,2021,14,19,0,700,2539-1182
2539046.23780685,1182645.82975201,2025,8,2,0,700,2539-1182
2539405.23201617,1182388.82094444,2025,8,6,0,700,2539-1182
2660500,1270500,2023,62,,0,700,2660-1270
2569118,1203218,2021,14,12,0,700,2569-1203
2571979.5317557,1202565.23517221,2023,20,1,0,700,2571-1202
2575313.48974961,1258076.3403946,2025,14,2,0,700,2575-1258
2660500,1270500,2023,62,,0,700,2660-1270
2660500,1270500,2025,62,,0,700,2660-1270
2659720,1270639,2025,14,10,0,700,2659-1270
2659864,1270649,2023,14,3,0,700,2659-1270
2620500,1265500,2021,14,11,0,700,2620-1265
2572886,1204498,2021,62,23,0,700,2572-1204
2572769,1204473,2023,62,2,0,700,2572-1204
2691500,1247500,2021,14,2,0,700,2691-1247
2627500,1268500,2021,14,38,0,700,2627-1268
2670300.06850856,1242299.56432466,2022,20,1,0,700,2670-1242
2589357,1208648,2025,14,2,0,700,2589-1208
2707500,1279500,2021,62,2,0,700,2707-1279
2660500,1270500,2025,62,,0,700,2660-1270
2539080,1182744,2024,20,1,0,700,2539-1182
2631298,1270365,2024,62,109,0,700,2631-1270
2539069,1182682,2021,20,2,0,700,2539-1182
2570491,1203209,2025,20,2,0,700,2570-1203
2569863,1203276,2025,20,1,0,700,2569-1203
2660500,1270500,2024,14,8,0,700,2660-1270
2569500,1203500,2021,14,2,0,700,2569-1203
2660500,1270500,2024,14,2,0,700,2660-1270
2539046.23780685,1182645.82975202,2021,14,,0,700,2539-1182
2539046.23780685,1182645.82975202,2021,14,25,0,700,2539-1182
2570171.55826185,1203620.27005927,2025,14,3,0,700,2570-1203
2659500,1270500,2025,68,9,0,700,2659-1270
2660500,1270500,2025,20,2,0,700,2660-1270
2570584,1202601,2021,14,2,0,700,2570-1202
2570553.53980193,1202655.26017325,2023,14,1,0,700,2570-1202
2570553.53980193,1202655.26017326,2021,14,2,0,700,2570-1202
2575383.48559548,1257918.33890068,2021,14,15,0,700,2575-1257
2572465,1204355,2023,20,2,0,700,2572-1204
2575313.48974961,1258076.3403946,2025,68,2,0,700,2575-1258
2575313.48974961,1258076.3403946,2025,14,2,0,700,2575-1258
2662935,1273643,2023,20,10,0,700,2662-1273
2631495,1270450,2022,68,2,0,700,2631-1270
2691595,1247295,2021,14,2,0,700,2691-1247
2691582,1247068,2021,20,2,0,700,2691-1247
2660500,1269500,2022,20,,0,700,2660-1269
2539046.23780685,1182645.82975202,2022,68,5,0,700,2539-1182
2539046.23780685,1182645.82975202,2022,68,6,0,700,2539-1182
2539405.23201616,1182388.82094445,2022,68,3,0,700,2539-1182
2539405.23201616,1182388.82094445,2021,68,11,0,700,2539-1182
2703052.41330683,1281686.85305131,2021,68,16,0,700,2703-1281
2707536,1279077,2023,20,2,0,700,2707-1279
2568500,1203500,2023,20,2,0,700,2568-1203
2660500,1270500,2024,20,5,0,700,2660-1270
2660500,1270500,2023,20,8,0,700,2660-1270
2614450.91388358,1269819.8364628,2025,20,2,0,700,2614-1269
2614450.91388358,1269819.8364628,2025,20,1,0,700,2614-1269
2620500,1265500,2021,2,185,0,700,2620-1265
2660500,1270500,2021,2,7,0,700,2660-1270
2659687,1270931,2023,20,1,0,700,2659-1270
2662931,1273643,2023,20,,0,700,2662-1273
2614441,1269842,2022,20,1,0,700,2614-1269
2707701,1279036,2023,20,2,0,700,2707-1279
2620500,1265500,2022,20,8,0,700,2620-1265
2614460,1269839,2023,20,1,0,700,2614-1269
2660500,1270500,2023,2,30,0,700,2660-1270
2579500,1212500,2021,20,2,0,700,2579-1212
2570500,1203500,2023,20,2,0,700,2570-1203
2569500,1203500,2023,20,1,0,700,2569-1203
2660500,1270500,2025,20,,0,700,2660-1270
2539036,1182601,2022,2,12,0,700,2539-1182
2572759,1204501,2025,2,65,0,700,2572-1204
2659500,1270500,2022,26,2,1,700,2659-1270
2579879,1212488,2023,2,9,0,700,2579-1212
2568500,1203500,2023,2,2,0,700,2568-1203
2569644.55120499,1203073.27749823,2022,2,40,0,700,2569-1203
2627500,1268500,2022,20,11,0,700,2627-1268
2539046.23780685,1182645.82975202,2021,20,5,0,700,2539-1182
2539500,1182500,2021,20,2,0,700,2539-1182
2660500,1270500,2021,2,8,0,700,2660-1270
2575313.48974961,1258076.3403946,2024,20,3,0,700,2575-1258
2575383.48559548,1257918.33890068,2021,20,3,0,700,2575-1257
2570500,1203500,2022,2,1,0,700,2570-1203
2571161,1202370,2025,20,1,0,700,2571-1202
2570500,1203500,2023,2,2,0,700,2570-1203
2569500,1203500,2023,2,2,0,700,2569-1203
2568840,1203248,2021,20,2,0,700,2568-1203
2589308.53755816,1208834.98463799,2024,20,2,0,700,2589-1208
2572683,1203114,2024,26,2,1,700,2572-1203
2670269,1242304,2022,26,1,2,700,2670-1242
2656500,1273500,2021,2,2,0,700,2656-1273
2569500,1203500,2023,2,2,0,700,2569-1203
2660500,1270500,2023,20,,0,700,2660-1270
2569226,1203322,2025,26,1,2,700,2569-1203
2575318,1258082,2024,26,11,13,700,2575-1258
2727500,1280500,2023,2,2,0,700,2727-1280
2589474,1208933,2024,26,2,1,700,2589-1208
2589117,1208915,2024,26,2,4,700,2589-1208
2660500,1270500,2021,2,7,0,700,2660-1270
2660500,1270500,2025,26,4,1,700,2660-1270
2570500,1203500,2023,2,22,0,700,2570-1203
2620500,1265500,2021,26,14,13,700,2620-1265
2659500,1271500,2023,26,7,1,700,2659-1271
2659814,1270689,2025,26,4,1,700,2659-1270
2660403,1269911,2025,26,2,1,700,2660-1269
2539155,1182670,2024,8,43,0,700,2539-1182
2660500,1270500,2023,26,7,3,700,2660-1270
2627500,1268500,2022,8,300,0,700,2627-1268
2572500,1204500,2025,8,50,0,700,2572-1204
2659500,1270500,2023,8,50,0,700,2659-1270
2678415,1261786,2021,26,2,1,700,2678-1261
2660500,1270500,2025,8,9,0,700,2660-1270
2659904,1270699,2024,26,6,2,700,2659-1270
2660500,1270500,2023,8,,0,700,2660-1270
2660149,1270359,2021,26,6,2,700,2660-1270
2659500,1270500,2024,26,16,1,700,2659-1270
2631496,1270492,2025,8,2,0,700,2631-1270
2568500,1203500,2022,26,2,1,700,2568-1203
2660500,1270500,2023,26,8,1,700,2660-1270
2660500,1270500,2022,26,2,1,700,2660-1270
2659500,1270500,2025,26,2,1,700,2659-1270
2670300.06850856,1242299.56432466,2022,26,1,2,700,2670-1242
2575383.48559548,1257918.33890068,2025,26,7,13,700,2575-1257
2570500,1203500,2025,8,,0,700,2570-1203
2620717.75996161,1265315.77940843,2025,26,5,1,700,2620-1265
2521750,1150650,2021,26,2,4,700,2521-1150
2539046.23780685,1182645.82975202,2022,8,8,0,700,2539-1182
2539405.23201616,1182388.82094445,2022,8,12,0,700,2539-1182
2539046.23780685,1182645.82975202,2022,8,2,0,700,2539-1182
2660500,1270500,2024,26,3,1,700,2660-1270
2660500,1270500,2021,26,2,1,700,2660-1270
2575313.48974961,1258076.3403946,2024,26,11,13,700,2575-1258
2575383.48559548,1257918.33890068,2022,26,5,13,700,2575-1257
2575383.48559548,1257918.33890068,2021,26,9,13,700,2575-1257
2660500,1270500,2021,26,5,2,700,2660-1270
2539151,1182668,2023,14,,0,700,2539-1182
2614460,1269839,2023,32,1,2,700,2614-1269
2660500,1270500,2024,26,5,1,700,2660-1270
2575207,1258098,2023,32,13,13,700,2575-1258
2568500,1203500,2022,26,2,1,700,2568-1203
2570553.53980193,1202655.26017326,2022,26,1,1,700,2570-1202
2570500,1203500,2025,26,1,1,700,2570-1203
2660500,1270500,2024,26,5,1,700,2660-1270
2729500,1275500,2023,32,2,1,700,2729-1275
2729099.48039105,1275600.06245772,2025,32,5,1,700,2729-1275
2631501,1270459,2021,14,19,0,700,2631-1270
2660500,1270500,2024,32,2,1,700,2660-1270
2569500,1203500,2022,32,2,2,700,2569-1203
2659352,1271141,2025,32,34,2,700,2659-1271
2660084,1270465,2023,32,46,1,700,2660-1270
2659388,1271085,2025,32,22,1,700,2659-1271
2614500,1269500,2025,32,12,13,700,2614-1269
2570500,1203500,2022,32,2,1,700,2570-1203
2660218,1269921,2023,32,,1,700,2660-1269
2575383.48559548,1257918.33890068,2022,32,1,1,700,2575-1257
2660127,1270369,2025,32,11,13,700,2660-1270
2660500,1270500,2025,32,55,13,700,2660-1270
2539046.23780685,1182645.82975201,2024,32,1,1,700,2539-1182
2569500,1196500,2021,14,5,0,700,2569-1196
2659725,1270881,2022,38,100,1,700,2659-1270
2659500,1270500,2024,32,4,1,700,2659-1270
2575313.48974961,1258076.3403946,2025,14,2,0,700,2575-1258
2571591.55131907,1203606.24530663,2024,14,2,0,700,2571-1203
2659834,1270486,2024,38,21,2,700,2659-1270
2560500,1194500,2025,38,1,8,700,2560-1194
2660500,1270500,2023,32,25,2,700,2660-1270
2575383.48559548,1257918.33890068,2023,38,2,1,700,2575-1257
2575313.48974961,1258076.3403946,2024,38,12,13,700,2575-1258
2660257,1270292,2021,38,5,1,700,2660-1270
2521796.52596828,1150530.19186093,2022,14,2,0,700,2521-1150
2660500,1270500,2021,45,81,0,700,2660-1270
2656500,1273500,2021,45,3,0,700,2656-1273
2659791,1270724,2022,45,250,0,700,2659-1270
2627500,1268500,2021,38,2,2,700,2627-1268
2620500,1265500,2021,45,8,0,700,2620-1265
2660504,1270489,2022,45,250,0,700,2660-1270
2592500,1201500,2024,20,2,0,700,2592-1201
2771200.02206418,1183899.76452875,2023,45,4,0,700,2771-1183
2570500,1203500,2023,20,2,0,700,2570-1203
2660500,1270500,2025,51,350,0,700,2660-1270
2539500,1182500,2023,51,5,0,700,2539-1182
2660500,1270500,2025,51,,0,700,2660-1270
2659342,1271140,2023,44,34,0,700,2659-1271
2659825,1270715,2024,44,,0,700,2659-1270
2659852,1270698,2023,44,,0,700,2659-1270
2660500,1270500,2024,51,,0,700,2660-1270
2660500,1270500,2021,44,50,0,700,2660-1270
2660500,1270500,2022,44,172,0,700,2660-1270
2660500,1270500,2021,51,200,0,700,2660-1270
2660500,1270500,2023,51,,0,700,2660-1270
2660500,1270500,2024,20,12,0,700,2660-1270
2660500,1270500,2022,44,,0,700,2660-1270
2614460,1269839,2024,44,1,0,700,2614-1269
2594772,1201632,2023,20,2,0,700,2594-1201
2659500,1271500,2021,44,8,0,700,2659-1271
2659245,1271425,2025,51,50,0,700,2659-1271
2539101,1182651,2023,51,8,0,700,2539-1182
2569414,1203601,2025,51,2,0,700,2569-1203
2572500,1203500,2023,20,1,0,700,2572-1203
2571500,1203500,2023,20,1,0,700,2571-1203
2660338,1269969,2022,51,70,0,700,2660-1269
2660378,1269902,2023,51,20,0,700,2660-1269
2660500,1270500,2023,44,,0,700,2660-1270
2660500,1270500,2022,44,,0,700,2660-1270
2660500,1270500,2025,44,200,0,700,2660-1270
2660500,1270500,2022,44,27,0,700,2660-1270
2575313.48974961,1258076.3403946,2025,51,2,0,700,2575-1258
2594300,1201631,2023,20,2,0,700,2594-1201
2560500,1194500,2023,44,2,0,700,2560-1194
2678537,1261631,2024,57,2,0,700,2678-1261
2660107,1270408,2023,44,50,0,700,2660-1270
2660500,1270500,2025,44,,0,700,2660-1270
2660500,1270500,2023,20,,0,700,2660-1270
2660500,1270500,2025,20,2,0,700,2660-1270
2539046.23780685,1182645.82975201,2023,44,2,0,700,2539-1182
2660500,1270500,2025,50,120,0,700,2660-1270
2575313.48974961,1258076.3403946,2024,20,5,0,700,2575-1258
2539046.23780685,1182645.82975202,2021,57,3,0,700,2539-1182
2539046.23780685,1182645.82975202,2021,57,3,0,700,2539-1182
2728440.3713799,1280910.09081375,2024,50,,0,700,2728-1280
2579500,1212500,2024,50,1,0,700,2579-1212
2660500,1270500,2025,50,120,0,700,2660-1270
2560500,1194500,2025,50,1,0,700,2560-1194
2659302,1271481,2024,50,27,0,700,2659-1271
2659997,1270529,2025,50,18,0,700,2659-1270
2659568,1271014,2021,50,,0,700,2659-1271
2539046.23780685,1182645.82975202,2022,20,2,0,700,2539-1182
2660500,1270500,2025,50,50,0,700,2660-1270
2660500,1270500,2025,50,150,0,700,2660-1270
2614460,1269839,2024,50,1,0,700,2614-1269
2678743.88625199,1261738.64812515,2024,20,2,0,700,2678-1261
2659875,1270663,2025,50,,0,700,2659-1270
2659092,1271436,2025,50,50,0,700,2659-1271
2575383.48559548,1257918.33890068,2021,57,5,0,700,2575-1257
2539029,1182798,2023,50,6,0,700,2539-1182
2660500,1270500,2023,57,,0,700,2660-1270
2660500,1270500,2021,57,,0,700,2660-1270
2539046.23780685,1182645.82975201,2023,50,9,0,700,2539-1182
2539046.23780685,1182645.82975201,2023,50,7,0,700,2539-1182
2569756,1203433,2025,50,4,0,700,2569-1203
2660500,1270500,2025,50,120,0,700,2660-1270
2659500,1270500,2022,50,,0,700,2659-1270
2659822,1270703,2024,63,1,0,700,2659-1270
2659609,1271052,2024,63,1,0,700,2659-1271
2660500,1270500,2021,50,300,0,700,2660-1270
2660500,1270500,2024,26,5,1,700,2660-1270
2660500,1270500,2024,50,200,0,700,2660-1270
2620149,1265124,2022,26,5,13,700,2620-1265
2575277,1257881,2025,63,2,0,700,2575-1257
2575296,1257944,2025,63,1,0,700,2575-1257
2660216,1269959,2024,63,1,0,700,2660-1269
2660392,1269916,2024,63,1,0,700,2660-1269
2575383.48559548,1257918.33890068,2024,63,1,0,700,2575-1257
2572500,1204500,2022,56,2,0,700,2572-1204
2670295,1242209,2022,26,1,1,700,2670-1242
2660245,1270015,2025,50,110,0,700,2660-1270
2660500,1270500,2021,50,,0,700,2660-1270
2660303,1269892,2024,63,1,0,700,2660-1269
2572762,1204487,2024,69,34,0,700,2572-1204
2572901,1202921,2025,69,30,0,700,2572-1202
2569463,1196924,2022,69,1,0,700,2569-1196
2571521,1202536,2023,69,,0,700,2571-1202
2571107,1202710,2023,69,50,0,700,2571-1202
2678520,1261679,2025,69,2,0,700,2678-1261
2678461,1261573,2025,69,18,0,700,2678-1261
2571421,1202702,2023,69,12,0,700,2571-1202
2660500,1270500,2022,56,100,0,700,2660-1270
2660500,1270500,2025,50,120,0,700,2660-1270
2614000,1268899,2024,56,13,0,700,2614-1268
2570171.55826185,1203620.27005927,2025,69,30,0,700,2570-1203
2570500,1203500,2023,56,20,0,700,2570-1203
2572379,1204393,2022,56,2,0,700,2572-1204
2594575,1201800,2023,26,10,13,700,2594-1201
2539046.23780685,1182645.82975201,2023,69,80,0,700,2539-1182
2691468.89796345,1247582.63851963,2022,26,1,1,700,2691-1247
2575383.48559548,1257918.33890068,2023,69,2,0,700,2575-1257
2575313.48974961,1258076.3403946,2024,69,2,0,700,2575-1258
2660500,1270500,2023,56,30,0,700,2660-1270
2660232,1269896,2023,69,10,0,700,2660-1269
2659789,1270573,2021,2,17,0,700,2659-1270
2660500,1270500,2025,56,,0,700,2660-1270
2569144,1196723,2023,2,2,0,700,2569-1196
2660500,1270500,2023,56,45,0,700,2660-1270
2569500,1203500,2023,56,10,0,700,2569-1203
2539405.23201616,1182388.82094445,2021,2,22,0,700,2539-1182
2539046.23780685,1182645.82975202,2021,2,34,0,700,2539-1182
2659327,1271166,2025,56,,0,700,2659-1271
2570500,1203500,2023,56,20,0,700,2570-1203
2620500,1265500,2024,56,40,0,700,2620-1265
2659500,1271500,2025,2,40,0,700,2659-1271
2660500,1270500,2024,2,,0,700,2660-1270
2570500,1203500,2025,56,4,0,700,2570-1203
2570171.55826185,1203620.27005927,2025,56,4,0,700,2570-1203
2660256,1269950,2022,56,60,0,700,2660-1269
2660500,1270500,2023,2,20,0,700,2660-1270
2659500,1271500,2025,2,238,0,700,2659-1271
2660500,1270500,2023,2,90,0,700,2660-1270
2575313.48974961,1258076.3403946,2025,56,2,0,700,2575-1258
2660500,1270500,2022,63,22,0,700,2660-1270
2702606,1281840,2024,56,4,0,700,2702-1281
2575313.48974961,1258076.3403946,2025,63,2,0,700,2575-1258
2569147.44266037,1196706.26540992,2021,56,2,0,700,2569-1196
2569147.44266037,1196706.26540992,2021,56,2,0,700,2569-1196
2660500,1270500,2023,9,30,0,700,2660-1270
2660500,1270500,2023,9,30,0,700,2660-1270
2660031,1270519,2023,9,10,0,700,2660-1270
2570889,1202890,2023,9,5,0,700,2570-1202
2569500,1203500,2022,63,4,0,700,2569-1203
2659669,1270911,2025,9,2,0,700,2659-1270
2660009,1270235,2024,9,3,0,700,2660-1270
2569419,1203284,2024,9,2,0,700,2569-1203
2707710,1279082,2025,63,18,0,700,2707-1279
2575252,1258023,2024,9,3,0,700,2575-1258
2655183,1272091,2022,9,8,0,700,2655-1272
2568837,1203246,2024,9,4,0,700,2568-1203
2659760,1270809,2023,63,45,0,700,2659-1270
2659881,1270756,2021,63,9,0,700,2659-1270
2655500,1272500,2023,9,2,0,700,2655-1272
2539405.23201616,1182388.82094445,2021,9,5,0,700,2539-1182
2659500,1270500,2024,63,1,0,700,2659-1270
2569500,1196500,2021,63,2,0,700,2569-1196
2569500,1203500,2021,63,1,0,700,2569-1203
2660500,1270500,2022,9,23,0,700,2660-1270
2660500,1270500,2021,9,4,0,700,2660-1270
2660500,1270500,2025,9,25,0,700,2660-1270
2539046.23780685,1182645.82975201,2024,63,1,0,700,2539-1182
2539046.23780685,1182645.82975201,2024,63,1,0,700,2539-1182
2575383.48559548,1257918.33890068,2024,9,7,0,700,2575-1257
2570171.55826185,1203620.27005927,2022,63,13,0,700,2570-1203
2539046.23780685,1182645.82975201,2023,63,2,0,700,2539-1182
2570500,1203500,2023,32,2,2,700,2570-1203
2660500,1270500,2021,63,,0,700,2660-1270
2729500,1275500,2024,63,13,0,700,2729-1275
2539046.23780685,1182645.82975201,2023,69,102,0,700,2539-1182
2570171.55826185,1203620.27005927,2023,69,14,0,700,2570-1203
2539046.23780685,1182645.82975201,2023,69,102,0,700,2539-1182
2660500,1270500,2025,63,,0,700,2660-1270
2570500,1203500,2021,14,2,0,700,2570-1203
2569644.55120499,1203073.27749823,2022,63,8,0,700,2569-1203
2569500,1203500,2021,63,22,0,700,2569-1203
2707653,1279030,2022,69,51,0,700,2707-1279
2572922,1204146,2021,32,2,2,700,2572-1204
2569877,1203216,2021,14,2,0,700,2569-1203
2572425,1202422,2023,14,2,0,700,2572-1202
2659710,1270771,2024,14,5,0,700,2659-1270
2659838,1270483,2025,69,34,0,700,2659-1270
2572886,1202906,2025,69,43,0,700,2572-1202
2659106,1271411,2023,69,70,0,700,2659-1271
2659931,1270310,2023,69,30,0,700,2659-1270
2660500,1270500,2021,69,5,0,700,2660-1270
2659831,1270769,2021,14,1,0,700,2659-1270
2569500,1203500,2021,69,20,0,700,2569-1203
2659500,1270500,2024,32,,2,700,2659-1270
2659717,1270943,2025,69,3,0,700,2659-1270
2659244,1271443,2023,69,,0,700,2659-1271
2539046.23780685,1182645.82975202,2021,14,20,0,700,2539-1182
2539046.23780685,1182645.82975202,2021,14,21,0,700,2539-1182
2569500,1203500,2021,69,20,0,700,2569-1203
2627500,1268500,2021,69,61,0,700,2627-1268
2539151,1182683,2024,69,20,0,700,2539-1182
2539155,1182669,2022,69,2,0,700,2539-1182
2539364,1182273,2021,69,8,0,700,2539-1182
2539046.23780685,1182645.82975201,2024,69,24,0,700,2539-1182
2539405.23201616,1182388.82094445,2021,69,10,0,700,2539-1182
2759999.99367169,1263000.27822094,2024,14,2,0,700,2759-1263
2759999.99367169,1263000.27822094,2021,20,2,0,700,2759-1263
2660500,1270500,2023,20,10,0,700,2660-1270
2614460,1269839,2024,2,2,0,700,2614-1269
2660500,1270500,2021,2,19,0,700,2660-1270
2539046.23780685,1182645.82975201,2024,2,43,0,700,2539-1182
2539046.23780685,1182645.82975202,2021,20,2,0,700,2539-1182
2539046.23780685,1182645.82975201,2023,2,28,0,700,2539-1182
2539046.23780685,1182645.82975202,2021,20,2,0,700,2539-1182
2575473,1258108,2025,20,1,0,700,2575-1258
2568862,1203195,2022,20,2,0,700,2568-1203
2655500,1272500,2023,38,6,4,700,2655-1272
2614387,1269788,2024,20,1,0,700,2614-1269
2659558,1271061,2021,2,2,0,700,2659-1271
2660500,1270500,2024,20,,0,700,2660-1270
2659603,1271040,2023,2,,0,700,2659-1271
2620717.75996161,1265315.77940843,2022,2,3,0,700,2620-1265
2569514,1203481,2021,2,7,0,700,2569-1203
2620500,1265500,2021,38,22,2,700,2620-1265
2580090.6502114,1212497.13430467,2023,2,11,0,700,2580-1212
2569500,1203500,2022,2,30,0,700,2569-1203
2659500,1270500,2025,20,3,0,700,2659-1270
2660500,1270500,2023,20,12,0,700,2660-1270
2575313.48974961,1258076.3403946,2025,20,5,0,700,2575-1258
2659717,1270937,2021,2,7,0,700,2659-1270
2659725,1270985,2021,2,19,0,700,2659-1270
2705500,1280500,2022,2,2,0,700,2705-1280
2539046.23780685,1182645.82975202,2022,2,5,0,700,2539-1182
2570500,1203500,2021,2,12,0,700,2570-1203
2660500,1270500,2021,2,20,0,700,2660-1270
2572777,1204500,2025,2,52,0,700,2572-1204
2659843,1270704,2021,20,3,0,700,2659-1270
2620500,1265500,2022,2,100,0,700,2620-1265
2659293,1271196,2022,20,2,0,700,2659-1271
2660482,1269960,2022,20,2,0,700,2660-1269
2594581,1201677,2021,44,1,0,700,2594-1201
2614460,1269839,2022,8,2,0,700,2614-1269
2533409,1174873,2025,8,3,0,700,2533-1174
2593589,1201435,2022,8,2,0,700,2593-1201
2570500,1203500,2024,8,2,0,700,2570-1203
2656500,1273500,2021,8,2,0,700,2656-1273
2569078,1203204,2022,8,4,0,700,2569-1203
2660500,1270500,2022,8,2,0,700,2660-1270
2579931,1212360,2024,8,100,0,700,2579-1212
2620500,1265500,2022,20,8,0,700,2620-1265
2660500,1270500,2021,20,3,0,700,2660-1270
2539405.23201617,1182388.82094444,2024,8,2,0,700,2539-1182
2539046.23780685,1182645.82975201,2024,8,43,0,700,2539-1182
2575500,1257500,2021,20,2,0,700,2575-1257
2569500,1203500,2024,8,2,0,700,2569-1203
2570500,1203500,2024,8,2,0,700,2570-1203
2539046.23780685,1182645.82975201,2025,8,12,0,700,2539-1182
2539405.23201617,1182388.82094444,2023,8,28,0,700,2539-1182
2729099.48039105,1275600.06245772,2022,8,4,0,700,2729-1275
2539046.23780685,1182645.82975201,2023,8,2,0,700,2539-1182
2539046.23780685,1182645.82975201,2023,8,15,0,700,2539-1182
2729099.48039105,1275600.06245772,2022,8,4,0,700,2729-1275
2539046.23780685,1182645.82975201,2024,8,37,0,700,2539-1182
2660500,1270500,2022,20,2,0,700,2660-1270
2659639,1271043,2023,8,30,0,700,2659-1271
2659891,1270755,2025,8,13,0,700,2659-1270
2670300.06850856,1242299.56432465,2025,8,4,0,700,2670-1242
2572500,1202500,2023,20,1,0,700,2572-1202
2575313.48974961,1258076.3403946,2025,20,5,0,700,2575-1258
2575601.49874293,1258800.33672062,2021,20,3,0,700,2575-1258
2575383.48559548,1257918.33890068,2021,20,3,0,700,2575-1257
2575313.48974961,1258076.3403946,2024,20,5,0,700,2575-1258
2660500,1270500,2025,8,13,0,700,2660-1270
2575383.48559548,1257918.33890068,2022,20,2,0,700,2575-1257
2575383.48559548,1257918.33890068,2022,20,2,0,700,2575-1257
2570553.53980193,1202655.26017326,2021,20,2,0,700,2570-1202
2570500,1203500,2024,8,2,0,700,2570-1203
2659500,1271500,2025,8,3,0,700,2659-1271
2659724,1270910,2025,8,19,0,700,2659-1270
2659646,1271005,2025,8,17,0,700,2659-1271
2569371,1196531,2023,8,2,0,700,2569-1196
2569500,1203500,2024,8,2,0,700,2569-1203
2594135,1201512,2025,14,4,0,700,2594-1201
2660500,1270500,2025,50,,0,700,2660-1270
2570544,1203277,2025,26,1,2,700,2570-1203
2570478,1203194,2025,14,2,0,700,2570-1203
2570694,1203101,2025,14,1,0,700,2570-1203
2659775,1270703,2023,14,1,0,700,2659-1270
2660500,1270500,2021,26,4,1,700,2660-1270
2594500,1201500,2025,50,1,0,700,2594-1201
2660500,1270500,2024,14,4,0,700,2660-1270
2539046.23780685,1182645.82975202,2021,14,25,0,700,2539-1182
2660500,1270500,2025,50,120,0,700,2660-1270
2570171.55826185,1203620.27005927,2021,14,2,0,700,2570-1203
2614590,1269719,2022,14,2,0,700,2614-1269
2729500,1275500,2021,14,8,0,700,2729-1275
2570508,1202690,2021,14,2,0,700,2570-1202
2659500,1270500,2024,14,3,0,700,2659-1270
2570500,1203500,2025,14,2,0,700,2570-1203
2575383.48559548,1257918.33890068,2021,50,1,0,700,2575-1257
2594500,1201500,2025,14,4,0,700,2594-1201
2759500,1263500,2025,14,,0,700,2759-1263
2569644.55120499,1203073.27749823,2021,50,2,0,700,2569-1203
2659844,1270471,2024,26,10,1,700,2659-1270
2659752,1270636,2024,26,20,1,700,2659-1270
2659849,1270682,2025,26,4,1,700,2659-1270
2539046.23780685,1182645.82975202,2021,14,22,0,700,2539-1182
2569571,1203668,2025,14,2,0,700,2569-1203
2568578,1203676,2025,14,1,0,700,2568-1203
2728799,1280915,2021,14,2,0,700,2728-1280
2569340,1203441,2021,14,10,0,700,2569-1203
2572874,1202891,2025,14,2,0,700,2572-1202
2691500,1247500,2021,14,2,0,700,2691-1247
2729500,1275500,2024,26,2,1,700,2729-1275
2575383.48559548,1257918.33890068,2023,26,2,1,700,2575-1257
2594504,1201492,2021,56,1,0,700,2594-1201
2539046.23780685,1182645.82975202,2021,14,20,0,700,2539-1182
2691468.89796345,1247582.63851963,2022,26,1,2,700,2691-1247
2728440.3713799,1280910.09081376,2021,14,2,0,700,2728-1280
2570664.54183026,1202802.2587246,2021,14,2,0,700,2570-1202
2660500,1270500,2022,14,8,0,700,2660-1270
2569525.56262002,1203696.28167077,2022,14,8,0,700,2569-1203
2660500,1270500,2022,56,100,0,700,2660-1270
2575383.48559548,1257918.33890068,2023,56,5,0,700,2575-1257
2660500,1270500,2025,56,,0,700,2660-1270
2614460,1269839,2022,20,1,0,700,2614-1269
2614460,1269839,2025,20,3,0,700,2614-1269
2614460,1269839,2024,20,1,0,700,2614-1269
2660500,1270500,2024,20,7,0,700,2660-1270
2658930,1271877,2025,20,2,0,700,2658-1271
2569500,1203500,2021,33,2,1,700,2569-1203
2659891,1270698,2024,33,1,2,700,2659-1270
2659372,1271359,2025,20,3,0,700,2659-1271
2589352,1208725,2025,33,2,1,700,2589-1208
2631475,1270442,2021,63,4,0,700,2631-1270
2575383.48559548,1257918.33890068,2023,33,,19,700,2575-1257
2575383.48559548,1257918.33890068,2021,33,5,1,700,2575-1257
2660500,1270500,2025,20,3,0,700,2660-1270
2655500,1272500,2021,63,8,0,700,2655-1272
2570500,1203500,2025,63,,0,700,2570-1203
2660500,1270500,2021,39,9,2,700,2660-1270
2627746,1268539,2022,63,12,0,700,2627-1268
2627948,1268645,2022,63,2,0,700,2627-1268
2703175,1281674,2021,63,5,0,700,2703-1281
2575407,1257920,2024,20,2,0,700,2575-1257
2571351,1203165,2023,63,2,0,700,2571-1203
2660500,1270500,2024,20,7,0,700,2660-1270
2569500,1203500,2025,20,1,0,700,2569-1203
2660500,1270500,2022,63,22,0,700,2660-1270
2660232,1269924,2025,39,,1,700,2660-1269
2729500,1275500,2025,20,1,0,700,2729-1275
2660500,1270500,2024,39,,1,700,2660-1270
2569644.55120499,1203073.27749823,2021,63,2,0,700,2569-1203
2705505,1280307,2022,69,82,0,700,2705-1280
2705735,1280194,2025,69,2,0,700,2705-1280
2539500,1182500,2021,69,8,0,700,2539-1182
2627500,1268500,2021,69,40,0,700,2627-1268
2656500,1273500,2021,39,6,13,700,2656-1273
2572410,1202488,2023,39,1,1,700,2572-1202
2539405.23201616,1182388.82094445,2021,69,10,0,700,2539-1182
2539025,1182801,2023,45,2,0,700,2539-1182
2570500,1203500,2021,69,26,0,700,2570-1203
2589308.53755816,1208834.98463799,2024,20,2,0,700,2589-1208
2589308.53755816,1208834.98463799,2024,20,2,0,700,2589-1208
2627500,1268500,2021,69,40,0,700,2627-1268
2560500,1194500,2025,45,1,0,700,2560-1194
2569500,1203500,2023,45,2,0,700,2569-1203
2660500,1270500,2025,45,150,0,700,2660-1270
2660500,1270500,2024,69,,0,700,2660-1270
2569147.44266037,1196706.26540992,2021,20,2,0,700,2569-1196
2569147.44266037,1196706.26540992,2021,26,2,1,700,2569-1196
2569147.44266037,1196706.26540992,2022,26,13,13,700,2569-1196
2656645,1273838,2021,69,6,0,700,2656-1273
2691550,1247648,2022,26,1,1,700,2691-1247
2569233,1203333,2023,45,2,0,700,2569-1203
2660500,1270500,2024,20,5,0,700,2660-1270
2572782,1204484,2023,69,2,0,700,2572-1204
2570500,1203500,2021,26,2,2,700,2570-1203
2568500,1203500,2022,2,2,0,700,2568-1203
2660500,1270500,2025,26,5,2,700,2660-1270
2660500,1270500,2023,45,240,0,700,2660-1270
2575313.48974961,1258076.3403946,2023,45,2,0,700,2575-1258
2660075,1270097,2025,51,,0,700,2660-1270
2660384,1269927,2021,51,1,0,700,2660-1269
2660254,1269985,2021,51,100,0,700,2660-1269
2660218,1269918,2023,51,,0,700,2660-1269
2660292,1269859,2025,51,,0,700,2660-1269
2660335,1269911,2023,51,50,0,700,2660-1269
2594742,1201619,2024,2,3,0,700,2594-1201
2593630,1201597,2022,2,2,0,700,2593-1201
2569097,1202990,2021,2,10,0,700,2569-1202
2570500,1203500,2021,26,2,2,700,2570-1203
2660500,1270500,2024,26,12,2,700,2660-1270
2580090.6502114,1212497.13430467,2023,2,20,0,700,2580-1212
2539046.23780685,1182645.82975202,2022,2,5,0,700,2539-1182
2660500,1270500,2025,51,,0,700,2660-1270
2631289,1270342,2022,2,97,0,700,2631-1270
2560500,1194500,2024,51,1,0,700,2560-1194
2614495,1269908,2023,26,3,13,700,2614-1269
2660500,1270500,2021,2,20,0,700,2660-1270
2660500,1270500,2025,26,3,3,700,2660-1270
2620500,1265500,2022,2,100,0,700,2620-1265
2620500,1265500,2023,51,30,0,700,2620-1265
2729500,1275500,2022,2,1,0,700,2729-1275
2660500,1270500,2024,51,150,0,700,2660-1270
2570541,1203168,2025,26,1,2,700,2570-1203
2659354,1271147,2025,26,1,1,700,2659-1271
2539046.23780685,1182645.82975202,2022,2,11,0,700,2539-1182
2575383.48559548,1257918.33890068,2021,51,6,0,700,2575-1257
2575313.48974961,1258076.3403946,2025,51,3,0,700,2575-1258
2660500,1270500,2023,26,9,1,700,2660-1270
2660057,1270252,2024,57,300,0,700,2660-1270
2660216,1269918,2025,57,4,0,700,2660-1269
2569500,1203500,2023,26,1,1,700,2569-1203
2660139,1270137,2025,57,200,0,700,2660-1270
2660500,1270500,2025,26,3,3,700,2660-1270
2530649.55307568,1151052.9731533,2022,26,2,1,700,2530-1151
2575383.48559548,1257918.33890068,2024,8,2,0,700,2575-1257
2729500,1275500,2022,8,50,0,700,2729-1275
2594748,1201355,2021,8,2,0,700,2594-1201
2569500,1203500,2021,26,2,4,700,2569-1203
2628094,1268737,2025,8,30,0,700,2628-1268
2659629,1271097,2025,8,14,0,700,2659-1271
2530649.55307568,1151052.9731533,2022,26,2,2,700,2530-1151
2660500,1270500,2025,26,5,2,700,2660-1270
2678434,1261664,2024,57,2,0,700,2678-1261
2659286,1271386,2022,57,,0,700,2659-1271
2656651,1273818,2025,8,2,0,700,2656-1273
2575383.48559548,1257918.33890068,2021,57,8,0,700,2575-1257
2570500,1203500,2021,26,2,4,700,2570-1203
2620500,1265500,2021,26,12,13,700,2620-1265
2569055,1203092,2023,57,100,0,700,2569-1203
2539046.23780685,1182645.82975201,2024,32,1,1,700,2539-1182
2539046.23780685,1182645.82975201,2024,32,1,1,700,2539-1182
2569500,1203500,2022,8,22,0,700,2569-1203
2560545,1194397,2022,32,1,2,700,2560-1194
2571327,1202121,2022,26,2,1,700,2571-1202
2569500,1203500,2023,8,2,0,700,2569-1203
2660500,1270500,2025,8,6,0,700,2660-1270
2659907,1270695,2024,26,,2,700,2659-1270
2729500,1275500,2021,32,5,1,700,2729-1275
2539046.23780685,1182645.82975202,2022,63,2,0,700,2539-1182
2658800.07814379,1271799.64196525,2023,8,150,0,700,2658-1271
2660500,1270500,2021,32,,2,700,2660-1270
2660526,1269868,2022,63,9,0,700,2660-1269
2660038,1270169,2024,63,1,0,700,2660-1270
2594619,1201679,2022,32,3,4,700,2594-1201
2569738,1203451,2022,32,2,1,700,2569-1203
2660500,1270500,2025,63,150,0,700,2660-1270
2568864,1203435,2023,63,9,0,700,2568-1203
2660500,1270500,2021,63,1,0,700,2660-1270
2569754,1203431,2022,32,2,2,700,2569-1203
2659485,1271188,2025,63,14,0,700,2659-1271
2539500,1182500,2023,14,16,0,700,2539-1182
2660194,1270084,2023,69,50,0,700,2660-1270
2659770,1270856,2023,32,10,2,700,2659-1270
2660500,1270500,2024,14,4,0,700,2660-1270
2659672,1270749,2025,32,2,2,700,2659-1270
2570208,1203142,2022,32,3,2,700,2570-1203
2659871,1270742,2022,32,60,1,700,2659-1270
2659402,1271070,2025,32,29,2,700,2659-1271
2659818,1270529,2025,32,4,13,700,2659-1270
2589308.53755816,1208834.98463799,2025,32,2,2,700,2589-1208
2562286.39369109,1192738.37801519,2022,32,1,2,700,2562-1192
2660500,1270500,2025,32,,13,700,2660-1270
2589308.53755816,1208834.98463799,2025,32,2,2,700,2589-1208
2569584,1203728,2022,32,2,1,700,2569-1203
2614460,1269839,2021,32,16,4,700,2614-1269
2660500,1270500,2025,14,,0,700,2660-1270
2570553.53980193,1202655.26017326,2022,14,8,0,700,2570-1202
2660500,1270500,2022,38,2,2,700,2660-1270
2575313.48974961,1258076.3403946,2025,14,2,0,700,2575-1258
2660711,1269496,2023,38,,1,700,2660-1269
2569204,1203342,2022,69,18,0,700,2569-1203
2568874,1203094,2025,69,,0,700,2568-1203
2570458.54313554,1202823.26238901,2023,69,,0,700,2570-1202
2659825,1270752,2023,69,60,0,700,2659-1270
2660500,1270500,2022,14,8,0,700,2660-1270
2659348,1271407,2025,3,243,0,700,2659-1271
2659357,1271470,2024,3,70,0,700,2659-1271
2691525,1247640,2021,14,2,0,700,2691-1247
2660377,1270168,2021,3,80,0,700,2660-1270
2660500,1269500,2025,14,6,0,700,2660-1269
2569257,1203334,2023,44,1,0,700,2569-1203
2570648,1203184,2025,14,2,0,700,2570-1203
2539046.23780685,1182645.82975202,2021,14,25,0,700,2539-1182
2659281,1271610,2024,3,,0,700,2659-1271
2659412,1271426,2021,3,2,0,700,2659-1271
2659148,1271721,2025,3,100,0,700,2659-1271
2539046.23780685,1182645.82975201,2025,44,1,0,700,2539-1182
2539046.23780685,1182645.82975201,2025,44,1,0,700,2539-1182
2539046.23780685,1182645.82975201,2023,44,2,0,700,2539-1182
2660394,1269881,2022,44,96,0,700,2660-1269
2660540,1269687,2022,44,,0,700,2660-1269
2660500,1270500,2025,38,70,2,700,2660-1270
2569755,1203429,2021,20,2,0,700,2569-1203
2660500,1270500,2022,44,200,0,700,2660-1270
2660500,1269500,2025,3,243,0,700,2660-1269
2660500,1270500,2021,44,,0,700,2660-1270
2539063,1182776,2023,51,7,0,700,2539-1182
2539118,1182645,2023,51,8,0,700,2539-1182
2660167,1270233,2023,51,220,0,700,2660-1270
2659786,1270847,2022,38,72,1,700,2659-1270
2539046.23780685,1182645.82975202,2021,3,36,0,700,2539-1182
2660500,1270500,2021,51,250,0,700,2660-1270
2659500,1270500,2025,51,,0,700,2659-1270
2660064,1270530,2023,9,,0,700,2660-1270
2620500,1265500,2021,20,2,0,700,2620-1265
2660500,1270500,2025,51,,0,700,2660-1270
2539046.23780685,1182645.82975201,2023,44,2,0,700,2539-1182
2660500,1270500,2023,20,5,0,700,2660-1270
2660500,1270500,2024,51,250,0,700,2660-1270
2660500,1270500,2025,51,,0,700,2660-1270
2660500,1270500,2024,9,2,0,700,2660-1270
2660120,1270389,2024,44,98,0,700,2660-1270
2659384,1271347,2024,44,,0,700,2659-1271
2659740,1270793,2022,44,,0,700,2659-1270
2659312,1271458,2022,44,,0,700,2659-1271
2659308,1271470,2022,44,3,0,700,2659-1271
2575383.48559548,1257918.33890068,2024,20,5,0,700,2575-1257
2539060,1182749,2024,9,36,0,700,2539-1182
2659500,1270500,2025,51,,0,700,2659-1270
2660500,1270500,2023,44,,0,700,2660-1270
2659500,1270500,2025,51,,0,700,2659-1270
2659500,1270500,2025,51,,0,700,2659-1270
2614460,1269839,2024,44,1,0,700,2614-1269
2570553.53980193,1202655.26017325,2023,44,2,0,700,2570-1202
2660500,1270500,2024,20,7,0,700,2660-1270
2660500,1270500,2025,51,250,0,700,2660-1270
2570005,1203003,2022,9,2,0,700,2570-1203
2660500,1270500,2021,44,,0,700,2660-1270
2570553.53980193,1202655.26017326,2021,9,2,0,700,2570-1202
2575383.48559548,1257918.33890068,2024,9,4,0,700,2575-1257
2575313.48974961,1258076.34039461,2021,9,30,0,700,2575-1258
2660500,1270500,2022,44,200,0,700,2660-1270
2570532,1202645,2023,44,1,0,700,2570-1202
2660500,1270500,2021,44,,0,700,2660-1270
2575364,1257966,2025,57,2,0,700,2575-1257
2569626,1203180,2023,57,11,0,700,2569-1203
2569147.44266037,1196706.26540992,2022,57,2,0,700,2569-1196
2569147.44266037,1196706.26540992,2022,57,2,0,700,2569-1196
2660500,1270500,2025,51,,0,700,2660-1270
2659500,1270500,2021,51,,0,700,2659-1270
2660500,1270500,2021,51,300,0,700,2660-1270
2569450,1203647,2025,51,2,0,700,2569-1203
2571383,1203035,2024,20,2,0,700,2571-1203
2571348,1203290,2023,20,1,0,700,2571-1203
2746500,1268500,2022,57,4,0,700,2746-1268
2660500,1270500,2022,51,,0,700,2660-1270
2575313.48974961,1258076.3403946,2025,57,2,0,700,2575-1258
2659581,1271050,2025,51,50,0,700,2659-1271
2659859,1270627,2021,51,,0,700,2659-1270
2659378,1271336,2025,51,,0,700,2659-1271
2659593,1271023,2025,51,300,0,700,2659-1271
2659755,1270721,2025,51,,0,700,2659-1270
2659917,1270314,2024,51,200,0,700,2659-1270
2655500,1272500,2025,57,24,0,700,2655-1272
2580090.6502114,1212497.13430467,2024,14,14,0,700,2580-1212
2659774,1270773,2025,14,4,0,700,2659-1270
2570679,1202944,2024,14,2,0,700,2570-1202
2660500,1270500,2022,14,7,0,700,2660-1270
2660500,1270500,2025,51,430,0,700,2660-1270
2569500,1203500,2021,26,2,2,700,2569-1203
2575383.48559548,1257918.33890068,2021,57,5,0,700,2575-1257
2569747,1203430,2022,57,2,0,700,2569-1203
2659751,1270639,2025,51,80,0,700,2659-1270
2656678,1273827,2024,14,2,0,700,2656-1273
2659698,1270928,2025,51,350,0,700,2659-1270
2660500,1270500,2025,51,305,0,700,2660-1270
2659500,1271500,2025,51,,0,700,2659-1271
2539046.23780685,1182645.82975202,2021,14,20,0,700,2539-1182
2627500,1268500,2021,57,2,0,700,2627-1268
2660500,1270500,2021,57,,0,700,2660-1270
2594441,1201659,2021,26,1,2,700,2594-1201
2575383.48559548,1257918.33890068,2024,14,2,0,700,2575-1257
2575313.48974961,1258076.3403946,2025,14,10,0,700,2575-1258
2593568,1201461,2021,26,2,4,700,2593-1201
2575812,1258065,2024,14,2,0,700,2575-1258
2568897,1203425,2025,14,6,0,700,2568-1203
2539099,1182711,2023,63,2,0,700,2539-1182
2539046.23780685,1182645.82975201,2023,63,2,0,700,2539-1182
2539046.23780685,1182645.82975201,2023,63,1,0,700,2539-1182
2539046.23780685,1182645.82975201,2024,63,2,0,700,2539-1182
2539046.23780685,1182645.82975201,2024,63,1,0,700,2539-1182
2729099.48039105,1275600.06245772,2023,63,32,0,700,2729-1275
2539046.23780685,1182645.82975201,2024,63,2,0,700,2539-1182
2539046.23780685,1182645.82975201,2023,63,2,0,700,2539-1182
2569154,1203234,2024,63,6,0,700,2569-1203
2620603,1265352,2021,21,2,0,700,2620-1265
2570500,1203500,2023,57,3,0,700,2570-1203
2660500,1270500,2023,57,,0,700,2660-1270
2594500,1201500,2021,63,2,0,700,2594-1201
2579335.42108767,1257966.27243105,2023,57,2,0,700,2579-1257
2660500,1270500,2025,57,80,0,700,2660-1270
2660500,1270500,2022,57,120,0,700,2660-1270
2659500,1270500,2025,57,,0,700,2659-1270
2659787,1270751,2025,57,,0,700,2659-1270
2659339,1271154,2023,57,20,0,700,2659-1271
2569525.56262002,1203696.28167077,2022,63,7,0,700,2569-1203
2659903,1270500,2025,57,,0,700,2659-1270
2670500,1242500,2022,26,1,2,700,2670-1242
2660500,1270500,2023,26,10,2,700,2660-1270
2569500,1203500,2021,26,2,2,700,2569-1203
2660500,1270500,2022,26,2,2,700,2660-1270
2580500,1212500,2024,69,2,0,700,2580-1212
2620500,1265500,2021,57,8,0,700,2620-1265
2620500,1265500,2022,26,,13,700,2620-1265
2659745,1270777,2025,57,,0,700,2659-1270
2660500,1270500,2022,26,2,2,700,2660-1270
2659711,1270693,2023,57,20,0,700,2659-1270
2572748,1202857,2023,21,1,0,700,2572-1202
2659734,1270783,2021,21,1,0,700,2659-1270
2572832,1202805,2025,21,2,0,700,2572-1202
2537091,1179623,2022,26,2,4,700,2537-1179
2539046.23780685,1182645.82975201,2023,63,2,0,700,2539-1182
2570171.55826185,1203620.27005927,2022,63,9,0,700,2570-1203
2569500,1203500,2023,21,2,0,700,2569-1203
2539040,1182611,2024,69,12,0,700,2539-1182
2539095,1182661,2024,69,10,0,700,2539-1182
2539500,1182500,2024,63,2,0,700,2539-1182
2660500,1270500,2023,63,,0,700,2660-1270
2539046.23780685,1182645.82975201,2024,69,15,0,700,2539-1182
2614450.91388358,1269819.8364628,2025,63,2,0,700,2614-1269
2620717.75996161,1265315.77940843,2024,63,2,0,700,2620-1265
2569115,1203371,2024,69,,0,700,2569-1203
2570171.55826185,1203620.27005927,2023,21,2,0,700,2570-1203
2539046.23780685,1182645.82975202,2021,21,2,0,700,2539-1182
2569500,1203500,2021,26,2,2,700,2569-1203
2659724,1270660,2025,63,1,0,700,2659-1270
2660500,1270500,2024,21,5,0,700,2660-1270
2659666,1270912,2023,63,85,0,700,2659-1270
2575313.48974961,1258076.3403946,2025,21,4,0,700,2575-1258
2660500,1270500,2025,69,80,0,700,2660-1270
2660500,1270500,2022,63,13,0,700,2660-1270
2659359,1271316,2025,63,10,0,700,2659-1271
2659632,1271106,2025,63,9,0,700,2659-1271
2659573,1270853,2023,63,40,0,700,2659-1270
2569644.55120499,1203073.27749822,2023,69,53,0,700,2569-1203
2729334,1275404,2024,63,15,0,700,2729-1275
2569487,1203600,2021,2,6,0,700,2569-1203
2620500,1265500,2021,21,2,0,700,2620-1265
2659500,1270500,2021,21,1,0,700,2659-1270
2569525.56262002,1203696.28167077,2022,2,2,0,700,2569-1203
2729500,1275500,2025,2,2,0,700,2729-1275
2539046.23780685,1182645.82975201,2025,2,5,0,700,2539-1182
2660500,1270500,2024,32,15,2,700,2660-1270
2614460,1269839,2023,63,2,0,700,2614-1269
2660500,1270500,2021,32,9,2,700,2660-1270
2729500,1275500,2025,32,2,1,700,2729-1275
2569192,1196741,2022,69,1,0,700,2569-1196
2620500,1265500,2024,2,9,0,700,2620-1265
2707500,1279500,2021,2,10,0,700,2707-1279
2539046.23780685,1182645.82975201,2023,69,92,0,700,2539-1182
2660500,1270500,2025,32,,13,700,2660-1270
2660500,1270500,2023,69,,0,700,2660-1270
2539367,1182156,2021,2,34,0,700,2539-1182
2659500,1270500,2022,32,,1,700,2659-1270
2570500,1203500,2024,27,1,2,700,2570-1203
2593557,1201415,2022,2,2,0,700,2593-1201
2574812.47561496,1256906.34689551,2024,69,4,0,700,2574-1256
2594847,1201364,2022,32,8,2,700,2594-1201
2660500,1270500,2024,32,2,1,700,2660-1270
2727500,1280500,2021,2,160,0,700,2727-1280
2575294,1257918,2023,27,3,1,700,2575-1257
2569500,1203500,2025,69,,0,700,2569-1203
2569644.55120499,1203073.27749823,2021,2,6,0,700,2569-1203
2569500,1203500,2021,27,5,2,700,2569-1203
2659685,1270716,2024,69,2,0,700,2659-1270
2729500,1275500,2024,2,9,0,700,2729-1275
2659308,1271152,2023,27,6,1,700,2659-1271
2659895,1270838,2021,27,2,1,700,2659-1270
2539046.23780685,1182645.82975202,2022,32,2,1,700,2539-1182
2570171.55826185,1203620.27005927,2022,32,2,2,700,2570-1203
2660500,1270500,2021,2,22,0,700,2660-1270
2659390,1271385,2025,69,25,0,700,2659-1271
2660500,1270500,2024,69,2,0,700,2660-1270
2579925,1212427,2023,8,5,0,700,2579-1212
2729500,1275500,2024,8,1,0,700,2729-1275
2660500,1269500,2021,2,30,0,700,2660-1269
2569608,1203734,2021,8,7,0,700,2569-1203
2539046.23780685,1182645.82975202,2022,8,6,0,700,2539-1182
2539046.23780685,1182645.82975201,2024,8,47,0,700,2539-1182
2569500,1203500,2021,2,20,0,700,2569-1203
2539046.23780685,1182645.82975202,2022,8,4,0,700,2539-1182
2539046.23780685,1182645.82975201,2023,8,25,0,700,2539-1182
2539405.23201617,1182388.82094444,2025,8,11,0,700,2539-1182
2539046.23780685,1182645.82975201,2025,8,5,0,700,2539-1182
2614450.91388358,1269819.8364628,2025,27,13,13,700,2614-1269
2614450.91388358,1269819.8364628,2025,27,13,13,700,2614-1269
2660279,1269976,2025,27,8,2,700,2660-1269
2570500,1203500,2024,2,2,0,700,2570-1203
2539052,1182670,2023,8,23,0,700,2539-1182
2575383.48559548,1257918.33890068,2022,27,2,13,700,2575-1257
2575313.48974961,1258076.3403946,2025,27,1,1,700,2575-1258
2575383.48559548,1257918.33890068,2024,27,23,13,700,2575-1257
2575313.48974961,1258076.3403946,2024,27,13,13,700,2575-1258
2570500,1203500,2021,8,1,0,700,2570-1203
2539046.23780685,1182645.82975201,2024,2,42,0,700,2539-1182
2539046.23780685,1182645.82975201,2024,2,34,0,700,2539-1182
2569500,1203500,2025,8,14,0,700,2569-1203
2660500,1270500,2024,27,8,2,700,2660-1270
2660500,1270500,2021,8,5,0,700,2660-1270
2570500,1203500,2024,2,2,0,700,2570-1203
2569500,1196500,2023,2,2,0,700,2569-1196
2658800.07814379,1271799.64196525,2023,38,1,1,700,2658-1271
2589324,1208835,2024,33,6,1,700,2589-1208
2589307,1208846,2024,33,9,2,700,2589-1208
2658576,1272162,2023,8,65,0,700,2658-1272
2570458.54313554,1202823.26238901,2024,2,50,0,700,2570-1202
2571348,1202116,2021,33,11,2,700,2571-1202
2659794,1270721,2025,33,22,1,700,2659-1270
2660500,1270500,2021,2,11,0,700,2660-1270
2659500,1270499,2022,44,200,0,700,2659-1270
2659710,1270708,2023,2,,0,700,2659-1270
2659861,1270731,2023,8,31,0,700,2659-1270
2659787,1270569,2025,8,9,0,700,2659-1270
2660500,1270500,2023,44,,0,700,2660-1270
2659388,1271238,2025,33,20,1,700,2659-1271
2659741,1270781,2023,8,20,0,700,2659-1270
2660029,1270614,2023,8,2,0,700,2660-1270
2658848,1272281,2023,8,60,0,700,2658-1272
2659812,1270730,2021,8,1,0,700,2659-1270
2659860,1270484,2022,8,40,0,700,2659-1270
2660500,1270500,2023,44,,0,700,2660-1270
2570500,1203500,2023,33,2,1,700,2570-1203
2539046.23780685,1182645.82975202,2021,14,20,0,700,2539-1182
2659500,1270500,2023,44,,0,700,2659-1270
2575383.48559548,1257918.33890068,2023,33,,19,700,2575-1257
2592240.69450035,1221669.98545028,2023,33,2,4,700,2592-1221
2575313.48974961,1258076.3403946,2024,33,24,13,700,2575-1258
2660500,1270500,2022,44,,0,700,2660-1270
2569544,1203525,2025,14,2,0,700,2569-1203
2655500,1272500,2021,44,22,0,700,2655-1272
2660500,1270500,2024,44,,0,700,2660-1270
2707568,1279071,2023,14,3,0,700,2707-1279
2570500,1203500,2025,14,3,0,700,2570-1203
2614460,1269839,2025,8,2,0,700,2614-1269
2660500,1270500,2024,44,,0,700,2660-1270
2614460,1269839,2024,8,2,0,700,2614-1269
2614310,1269579,2025,8,2,0,700,2614-1269
2539046.23780685,1182645.82975202,2022,8,4,0,700,2539-1182
2569500,1203500,2021,14,6,0,700,2569-1203
2539046.23780685,1182645.82975201,2024,8,45,0,700,2539-1182
2579335.42108767,1257966.27243106,2021,14,2,0,700,2579-1257
2691470,1247354,2021,14,2,0,700,2691-1247
2659500,1270500,2021,39,14,1,700,2659-1270
2569749,1203432,2025,14,,0,700,2569-1203
2570376,1202593,2022,14,3,0,700,2570-1202
2614500,1269500,2025,8,2,0,700,2614-1269
2660500,1270500,2024,51,,0,700,2660-1270
2660500,1270500,2025,20,1,0,700,2660-1270
2659500,1270500,2025,51,400,0,700,2659-1270
2660500,1270500,2025,51,,0,700,2660-1270
2660500,1270500,2022,20,6,0,700,2660-1270
2660500,1270500,2025,45,,0,700,2660-1270
2660500,1270500,2025,51,430,0,700,2660-1270
2560500,1194500,2025,45,1,0,700,2560-1194
2570500,1203500,2025,20,2,0,700,2570-1203
2659836,1270751,2025,14,13,0,700,2659-1270
2659842,1270729,2025,14,9,0,700,2659-1270
2659848,1270464,2025,14,13,0,700,2659-1270
2659908,1270745,2022,14,,0,700,2659-1270
2660005,1270586,2024,14,2,0,700,2660-1270
2572823,1204444,2024,14,2,0,700,2572-1204
2659747,1270845,2025,14,2,0,700,2659-1270
2728440.3713799,1280910.09081376,2022,14,2,0,700,2728-1280
2660500,1270500,2025,14,20,0,700,2660-1270
2570079,1203165,2025,20,1,0,700,2570-1203
2771200.02206418,1183899.76452876,2021,45,1,0,700,2771-1183
2575383.48559548,1257918.33890068,2022,57,2,0,700,2575-1257
2570500,1203500,2021,20,2,0,700,2570-1203
2660292,1269861,2024,45,,0,700,2660-1269
2659805,1270727,2025,51,,0,700,2659-1270
2659787,1270771,2025,51,404,0,700,2659-1270
2659756,1270857,2021,51,57,0,700,2659-1270
2660062,1270538,2021,51,28,0,700,2660-1270
2660500,1270500,2022,57,,0,700,2660-1270
2569500,1203500,2025,57,3,0,700,2569-1203
2570500,1203500,2025,20,2,0,700,2570-1203
2594500,1201500,2023,20,2,0,700,2594-1201
2659500,1270500,2025,51,100,0,700,2659-1270
2575383.48559548,1257918.33890068,2023,20,9,0,700,2575-1257
2614310,1269579,2025,14,2,0,700,2614-1269
2707595,1279045,2025,14,1,0,700,2707-1279
2539046.23780685,1182645.82975201,2023,51,8,0,700,2539-1182
2569644.55120499,1203073.27749823,2021,14,2,0,700,2569-1203
2660500,1270500,2021,51,40,0,700,2660-1270
2659802,1270824,2025,14,2,0,700,2659-1270
2660500,1270500,2023,51,180,0,700,2660-1270
2539046.23780685,1182645.82975202,2021,14,,0,700,2539-1182
2539046.23780685,1182645.82975202,2021,14,3,0,700,2539-1182
2539046.23780685,1182645.82975202,2021,14,14,0,700,2539-1182
2539046.23780685,1182645.82975202,2021,14,,0,700,2539-1182
2539046.23780685,1182645.82975202,2021,14,,0,700,2539-1182
2660323,1269980,2021,51,69,0,700,2660-1269
2660323,1269980,2022,51,,0,700,2660-1269
2660266,1270065,2025,51,,0,700,2660-1270
2660292,1269856,2025,51,,0,700,2660-1269
2539046.23780685,1182645.82975202,2021,14,25,0,700,2539-1182
2539046.23780685,1182645.82975202,2021,14,25,0,700,2539-1182
2729500,1275500,2023,63,3,0,700,2729-1275
2571500,1203500,2024,14,2,0,700,2571-1203
2569500,1203500,2021,57,2,0,700,2569-1203
2539157,1182697,2023,63,2,0,700,2539-1182
2660500,1270500,2021,20,1,0,700,2660-1270
2729500,1275500,2023,63,3,0,700,2729-1275
2678321,1261795,2024,57,2,0,700,2678-1261
2594500,1201500,2023,63,4,0,700,2594-1201
2678508,1261729,2024,57,2,0,700,2678-1261
2660500,1270500,2022,57,180,0,700,2660-1270
2579733.41753117,1258139.26620513,2021,20,1,0,700,2579-1258
2660500,1270500,2023,57,,0,700,2660-1270
2660500,1270500,2022,63,11,0,700,2660-1270
2570171.55826185,1203620.27005927,2025,57,4,0,700,2570-1203
2660500,1270500,2022,63,11,0,700,2660-1270
2589308.53755816,1208834.984638,2022,20,2,0,700,2589-1208
2539500,1182500,2021,20,2,0,700,2539-1182
2579742,1258227,2021,20,1,0,700,2579-1258
2569500,1203500,2022,57,6,0,700,2569-1203
2569753,1203497,2025,26,1,1,700,2569-1203
2660208,1270303,2023,57,65,0,700,2660-1270
2660272,1270065,2025,57,,0,700,2660-1270
2575383.48559548,1257918.33890068,2023,57,2,0,700,2575-1257
2575383.48559548,1257918.33890068,2025,57,2,0,700,2575-1257
2575383.48559548,1257918.33890068,2025,57,2,0,700,2575-1257
2614448,1269861,2025,26,13,13,700,2614-1269
2659757,1270862,2022,20,4,0,700,2659-1270
2570073,1203166,2025,20,1,0,700,2570-1203
2659808,1270737,2023,20,14,0,700,2659-1270
2660040,1270307,2022,20,4,2,700,2660-1270
2569190,1196782,2022,57,2,0,700,2569-1196
2659311,1271262,2024,20,2,0,700,2659-1271
2659331,1271273,2023,20,1,0,700,2659-1271
2659315,1271444,2025,20,2,0,700,2659-1271
2659935,1270521,2023,20,5,0,700,2659-1270
2659713,1270751,2024,20,6,0,700,2659-1270
2659825,1270556,2024,20,2,0,700,2659-1270
2659295,1271541,2025,57,50,0,700,2659-1271
2570545,1203276,2025,20,2,0,700,2570-1203
2539046.23780685,1182645.82975202,2021,69,10,0,700,2539-1182
2594500,1201500,2022,63,4,0,700,2594-1201
2569500,1203500,2023,63,10,0,700,2569-1203
2660500,1270500,2023,63,,0,700,2660-1270
2659353,1271277,2025,63,,0,700,2659-1271
2659865,1270712,2023,63,35,0,700,2659-1270
2614460,1269839,2025,20,1,0,700,2614-1269
2702659.41195306,1281914.85080669,2025,26,2,1,700,2702-1281
2614460,1269839,2024,20,1,0,700,2614-1269
2539046.23780685,1182645.82975202,2022,69,14,0,700,2539-1182
2627500,1268500,2022,69,61,0,700,2627-1268
2569137,1203367,2024,63,1,0,700,2569-1203
2660500,1270500,2024,69,2,0,700,2660-1270
2539046.23780685,1182645.82975201,2024,63,1,0,700,2539-1182
2659500,1270500,2025,20,2,0,700,2659-1270
2660500,1270500,2025,69,80,0,700,2660-1270
2575313.48974961,1258076.3403946,2025,63,2,0,700,2575-1258
2575313.48974961,1258076.34039461,2021,63,4,0,700,2575-1258
2562286.39369109,1192738.37801519,2022,26,1,2,700,2562-1192
2660482,1269772,2022,69,35,0,700,2660-1269
2568841,1203449,2022,69,2,0,700,2568-1203
2572050,1203008,2025,69,6,0,700,2572-1203
2571436,1202763,2023,69,72,0,700,2571-1202
2660050,1270429,2021,69,6,0,700,2660-1270
2593635,1201603,2022,2,2,0,700,2593-1201
2660500,1270500,2022,20,2,0,700,2660-1270
2594729,1201552,2025,2,1,0,700,2594-1201
2594749,1201527,2024,2,3,0,700,2594-1201
2539102,1182651,2022,2,11,0,700,2539-1182
2659695,1270876,2021,20,1,0,700,2659-1270
2659818,1270814,2023,20,5,0,700,2659-1270
2729500,1275500,2024,26,2,1,700,2729-1275
2539046.23780685,1182645.82975202,2021,20,5,0,700,2539-1182
2539046.23780685,1182645.82975202,2021,20,3,0,700,2539-1182
2569422,1203652,2024,2,25,0,700,2569-1203
2771200,1184107,2021,2,10,0,700,2771-1184
2568500,1203500,2021,2,8,0,700,2568-1203
2659409,1271266,2023,26,5,1,700,2659-1271
2707500,1279500,2021,2,10,0,700,2707-1279
2568500,1203500,2022,26,2,4,700,2568-1203
2570500,1203500,2022,69,6,0,700,2570-1203
2660214,1270326,2021,26,5,1,700,2660-1270
2660413,1269909,2022,26,2,2,700,2660-1269
2539046.23780685,1182645.82975202,2022,2,11,0,700,2539-1182
2670300.06850856,1242299.56432466,2022,26,,1,700,2670-1242
2659586,1270844,2025,3,50,0,700,2659-1270
2660292,1269861,2025,3,2,0,700,2660-1269
2569500,1203500,2021,2,7,0,700,2569-1203
2579843,1212291,2022,26,2,4,700,2579-1212
2539046.23780685,1182645.82975202,2021,2,11,0,700,2539-1182
2539046.23780685,1182645.82975202,2021,3,36,0,700,2539-1182
2614460,1269839,2025,26,13,13,700,2614-1269
2594625,1201728,2022,32,3,4,700,2594-1201
2659553,1270984,2021,26,2,1,700,2659-1270
2659816,1270735,2023,26,9,2,700,2659-1270
2570548,1203141,2025,26,1,2,700,2570-1203
2539110,1182656,2022,8,4,0,700,2539-1182
2569500,1203500,2022,3,40,0,700,2569-1203
2660500,1270500,2025,3,40,0,700,2660-1270
2572889,1202878,2024,26,1,2,700,2572-1202
2539156,1182666,2024,8,47,0,700,2539-1182
2539046.23780685,1182645.82975201,2024,32,1,1,700,2539-1182
2731112.40876194,1279574.1108736,2023,32,1,1,700,2731-1279
2614512,1269924,2021,32,5,1,700,2614-1269
2678743.88625199,1261738.64812515,2021,26,2,1,700,2678-1261
2627658,1268484,2022,3,88,0,700,2627-1268
2660500,1270500,2023,3,100,0,700,2660-1270
2574551,1210845,2021,26,2,4,700,2574-1210
2575313.48974961,1258076.3403946,2025,8,5,0,700,2575-1258
2562286.39369109,1192738.37801519,2021,32,3,13,700,2562-1192
2614398,1269773,2025,9,2,0,700,2614-1269
2660500,1270500,2021,9,5,0,700,2660-1270
2594500,1201500,2025,8,2,0,700,2594-1201
2570500,1203500,2021,8,1,0,700,2570-1203
2660500,1270500,2023,9,220,0,700,2660-1270
2569256,1203321,2023,32,2,1,700,2569-1203
2539046.23780685,1182645.82975201,2023,9,20,0,700,2539-1182
2660500,1270500,2023,26,14,2,700,2660-1270
2575241,1258124,2025,32,7,13,700,2575-1258
2569640,1203184,2024,9,28,0,700,2569-1203
2569111,1203137,2022,9,2,0,700,2569-1203
2660500,1270500,2023,8,14,0,700,2660-1270
2627759,1268527,2025,8,,0,700,2627-1268
2660618,1269739,2023,9,,0,700,2660-1269
2660329,1270064,2022,9,3,0,700,2660-1270
2703500,1284500,2021,8,2,0,700,2703-1284
2660500,1270500,2023,9,36,0,700,2660-1270
2658800.07814379,1271799.64196525,2023,8,65,0,700,2658-1271
2614450.91388358,1269819.8364628,2025,38,1,2,700,2614-1269
2660500,1270500,2022,38,,1,700,2660-1270
2660500,1270500,2024,38,20,2,700,2660-1270
2659770,1270595,2024,26,,1,700,2659-1270
2659856,1270686,2024,26,18,2,700,2659-1270
2731102,1279616,2023,38,1,2,700,2731-1279
2660500,1270500,2023,38,,1,700,2660-1270
2570171.55826185,1203620.27005927,2023,15,1,0,700,2570-1203
2539046.23780685,1182645.82975202,2021,15,16,0,700,2539-1182
2539046.23780685,1182645.82975202,2021,15,18,0,700,2539-1182
2568981,1203313,2021,15,10,0,700,2568-1203
2569446,1203639,2022,32,2,2,700,2569-1203
2660500,1270500,2022,38,50,1,700,2660-1270
2575373,1257991,2023,15,19,0,700,2575-1257
2568922,1203111,2021,15,5,0,700,2568-1203
2614460,1269839,2025,32,13,13,700,2614-1269
2614460,1269839,2021,32,1,2,700,2614-1269
2569394,1203597,2022,15,4,0,700,2569-1203
2631494,1270494,2024,14,2,0,700,2631-1270
2691538,1247361,2021,14,2,0,700,2691-1247
2570500,1203500,2024,15,3,0,700,2570-1203
2659569,1270866,2025,32,6,1,700,2659-1270
2660500,1270500,2022,45,20,0,700,2660-1270
2659431,1271155,2023,32,10,1,700,2659-1271
2659569,1271121,2024,32,2,1,700,2659-1271
2659845,1270467,2025,32,1,1,700,2659-1270
2659979,1270285,2025,32,4,13,700,2659-1270
2659578,1270860,2025,32,7,1,700,2659-1270
2659415,1271051,2025,32,21,1,700,2659-1271
2702785,1281707,2022,15,1,0,700,2702-1281
2660500,1270500,2024,32,2,1,700,2660-1270
2561517.34525983,1189985.38400502,2021,14,2,0,700,2561-1189
2659367,1271539,2022,15,6,0,700,2659-1271
2539080,1182779,2021,15,15,0,700,2539-1182
2731500,1279500,2023,32,2,4,700,2731-1279
2759724,1263289,2024,14,3,0,700,2759-1263
2660500,1270500,2024,15,3,0,700,2660-1270
2660128,1270267,2024,45,1,0,700,2660-1270
2660409,1269847,2021,45,4,0,700,2660-1269
2660363,1270011,2022,45,250,0,700,2660-1270
2729500,1275500,2021,32,4,1,700,2729-1275
2660176,1270386,2022,38,50,2,700,2660-1270
2660282,1269872,2023,45,,0,700,2660-1269
2660108,1270312,2021,45,,0,700,2660-1270
2575383.48559548,1257918.33890068,2023,15,17,0,700,2575-1257
2660500,1269500,2021,51,100,0,700,2660-1269
2707686,1279099,2025,51,2,0,700,2707-1279
2620371,1265242,2023,21,1,0,700,2620-1265
2660500,1270500,2025,20,2,0,700,2660-1270
2539044,1182554,2023,51,8,0,700,2539-1182
2759772,1263331,2024,21,2,0,700,2759-1263
2539154,1182670,2023,51,8,0,700,2539-1182
2660217,1269910,2023,38,75,1,700,2660-1269
2614460,1269839,2025,38,1,1,700,2614-1269
2658926,1272318,2025,21,2,0,700,2658-1272
2659746,1270642,2025,21,1,0,700,2659-1270
2539046.23780685,1182645.82975202,2021,21,2,0,700,2539-1182
2660500,1270500,2025,51,,0,700,2660-1270
2570171.55826185,1203620.27005927,2023,21,2,4,700,2570-1203
2660500,1270500,2025,38,,4,700,2660-1270
2659011,1271850,2025,21,1,0,700,2659-1271
2660500,1270500,2023,45,200,0,700,2660-1270
2593669,1201737,2023,20,1,0,700,2593-1201
2660500,1270500,2024,21,6,0,700,2660-1270
2659766,1270847,2024,45,,0,700,2659-1270
2660069,1270700,2024,45,110,0,700,2660-1270
2660074,1270503,2022,45,,0,700,2660-1270
2660312,1270046,2022,51,10,0,700,2660-1270
2660352,1269883,2022,51,160,0,700,2660-1269
2659796,1270546,2025,45,50,0,700,2659-1270
2678451.8885035,1261824.64753559,2021,45,2,0,700,2678-1261
2539046.23780685,1182645.82975201,2023,45,2,0,700,2539-1182
2539046.23780685,1182645.82975201,2023,45,2,0,700,2539-1182
2660059,1270111,2025,21,2,0,700,2660-1270
2728500,1280500,2024,20,2,0,700,2728-1280
2660059,1270111,2025,21,2,0,700,2660-1270
2569141,1203165,2024,57,2,0,700,2569-1203
2614500,1269500,2021,20,1,0,700,2614-1269
2569756,1203434,2025,57,1,0,700,2569-1203
2569459,1203667,2021,57,4,0,700,2569-1203
2614460,1269839,2024,45,1,0,700,2614-1269
2569131,1196703,2022,57,1,0,700,2569-1196
2659923,1270375,2025,45,240,0,700,2659-1270
2659793,1270553,2025,45,,0,700,2659-1270
2570553.53980193,1202655.26017325,2023,45,2,0,700,2570-1202
2660500,1270500,2021,20,1,0,700,2660-1270
2660500,1270500,2022,45,260,0,700,2660-1270
2589354,1208647,2024,21,2,0,700,2589-1208
2660500,1270500,2024,21,3,0,700,2660-1270
2539046.23780685,1182645.82975202,2021,20,5,0,700,2539-1182
2593504,1201512,2024,20,2,0,700,2593-1201
2659525,1271163,2025,51,,0,700,2659-1271
2660195,1270351,2023,51,100,0,700,2660-1270
2659422,1271368,2025,51,40,0,700,2659-1271
2575313.48974961,1258076.3403946,2024,21,6,0,700,2575-1258
2691468.89796345,1247582.63851963,2021,21,2,0,700,2691-1247
2575313.48974961,1258076.3403946,2025,21,2,0,700,2575-1258
2539500,1182500,2023,51,5,0,700,2539-1182
2660500,1270500,2023,51,,0,700,2660-1270
2539046.23780685,1182645.82975201,2023,51,7,0,700,2539-1182
2660500,1270500,2025,57,80,0,700,2660-1270
2569500,1203500,2022,57,2,0,700,2569-1203
2660500,1270500,2021,27,4,2,700,2660-1270
2659844,1270462,2025,51,,0,700,2659-1270
2620100,1265099,2022,27,1,2,700,2620-1265
2729500,1275500,2023,63,20,0,700,2729-1275
2569500,1203500,2025,63,16,0,700,2569-1203
2579500,1212500,2022,26,2,1,700,2579-1212
2539500,1182500,2023,51,5,0,700,2539-1182
2570500,1203500,2024,27,1,2,700,2570-1203
2660310,1269848,2025,27,11,2,700,2660-1269
2572857,1202985,2022,57,4,0,700,2572-1202
2678743.88625199,1261738.64812515,2024,57,2,0,700,2678-1261
2678743.88625199,1261738.64812515,2024,57,2,0,700,2678-1261
2678743.88625199,1261738.64812515,2024,57,2,0,700,2678-1261
2678743.88625199,1261738.64812515,2024,57,2,0,700,2678-1261
2729099.48039105,1275600.06245772,2023,63,33,0,700,2729-1275
2729097.98361157,1275599.50130073,2024,63,4,0,700,2729-1275
2539046.23780685,1182645.82975201,2024,63,1,0,700,2539-1182
2660500,1270500,2021,57,,0,700,2660-1270
2569558,1203649,2023,69,50,0,700,2569-1203
2569500,1203500,2022,27,2,4,700,2569-1203
2660500,1270500,2025,69,2,0,700,2660-1270
2659865,1270727,2021,27,5,2,700,2659-1270
2571384,1203141,2023,69,2,0,700,2571-1203
2575383.48559548,1257918.33890068,2022,27,3,13,700,2575-1257
2691764.89659286,1247559.63963858,2021,27,1,1,700,2691-1247
2691468.89796345,1247582.63851963,2022,27,1,1,700,2691-1247
2575383.48559548,1257918.33890068,2021,27,15,13,700,2575-1257
2575383.48559548,1257918.33890068,2023,27,2,1,700,2575-1257
2575313.48974961,1258076.3403946,2023,27,2,1,700,2575-1258
2569500,1203500,2024,27,1,2,700,2569-1203
2660500,1270500,2023,57,100,0,700,2660-1270
2521796.52596828,1150530.19186093,2021,26,2,1,700,2521-1150
2539046.23780685,1182645.82975202,2021,26,2,1,700,2539-1182
2569500,1203500,2023,69,40,0,700,2569-1203
2570695,1203216,2023,69,50,0,700,2570-1203
2539470,1182491,2021,69,10,0,700,2539-1182
2539405.23201616,1182388.82094445,2021,69,9,0,700,2539-1182
2539046.23780685,1182645.82975201,2024,69,24,0,700,2539-1182
2614460,1269839,2024,57,1,0,700,2614-1269
2620500,1265500,2021,33,12,13,700,2620-1265
2614460,1269839,2024,63,7,0,700,2614-1269
2659787,1270817,2024,63,1,0,700,2659-1270
2659832,1270717,2024,63,1,0,700,2659-1270
2659707,1270716,2025,63,14,0,700,2659-1270
2659542,1270898,2025,63,10,0,700,2659-1270
2659630,1270797,2024,63,1,0,700,2659-1270
2539500,1182500,2024,63,1,0,700,2539-1182
2660500,1270500,2025,63,10,0,700,2660-1270
2539046.23780685,1182645.82975201,2023,63,2,0,700,2539-1182
2648542,1215673,2021,33,4,19,700,2648-1215
2729500,1275500,2025,32,2,1,700,2729-1275
2575383.48559548,1257918.33890068,2021,33,3,13,700,2575-1257
2593233,1201347,2024,32,1,2,700,2593-1201
2575383.48559548,1257918.33890068,2023,33,15,19,700,2575-1257
2678442,1261680,2021,33,2,4,700,2678-1261
2571343,1202179,2023,33,1,1,700,2571-1202
2659724,1270701,2025,33,5,13,700,2659-1270
2569056,1203211,2024,2,70,0,700,2569-1203
2569243,1203333,2023,2,,0,700,2569-1203
2589359,1208640,2024,33,6,2,700,2589-1208
2746500,1268500,2021,2,,0,700,2746-1268
2746500,1268500,2021,2,,0,700,2746-1268
2660500,1270500,2021,2,,0,700,2660-1270
2659725,1270883,2025,63,7,0,700,2659-1270
2660500,1270500,2023,69,110,0,700,2660-1270
2660500,1270500,2021,2,,0,700,2660-1270
2572768,1204476,2025,2,64,0,700,2572-1204
2572882,1204467,2025,2,49,0,700,2572-1204
2539046.23780685,1182645.82975201,2025,2,5,0,700,2539-1182
2569147.44266037,1196706.26540992,2023,2,2,0,700,2569-1196
2575313.48974961,1258076.3403946,2025,32,2,1,700,2575-1258
2575383.48559548,1257918.33890068,2021,32,3,13,700,2575-1257
2660500,1270500,2023,69,,0,700,2660-1270
2660088,1270391,2023,69,,0,700,2660-1270
2659719,1270822,2023,69,100,0,700,2659-1270
2660214,1269921,2022,39,2,1,700,2660-1269
2660500,1270500,2023,69,,0,700,2660-1270
2659696,1270486,2025,39,6,1,700,2659-1270
2539046.23780685,1182645.82975201,2023,69,102,0,700,2539-1182
2569500,1203500,2021,69,30,0,700,2569-1203
2575313.48974961,1258076.3403946,2023,39,14,1,700,2575-1258
2575383.48559548,1257918.33890068,2023,39,1,1,700,2575-1257
2575383.48559548,1257918.33890068,2021,39,1,1,700,2575-1257
2660500,1270500,2024,32,2,2,700,2660-1270
2660500,1270500,2025,39,80,3,700,2660-1270
2660500,1270500,2024,45,,0,700,2660-1270
2660739,1269873,2021,45,,0,700,2660-1269
2660313,1270172,2021,45,,0,700,2660-1270
2620500,1265500,2021,32,18,2,700,2620-1265
2539059,1182618,2024,69,2,0,700,2539-1182
2570464,1202690,2023,45,2,0,700,2570-1202
2746517,1268734,2022,9,4,0,700,2746-1268
2530989.55354378,1151043.96497321,2021,69,9,0,700,2530-1151
2571500,1203500,2024,9,2,0,700,2571-1203
2594500,1201500,2021,2,2,0,700,2594-1201
2569500,1203500,2022,9,20,0,700,2569-1203
2570500,1203500,2022,2,8,0,700,2570-1203
2660500,1270500,2025,38,60,1,700,2660-1270
2569226,1203340,2024,9,6,0,700,2569-1203
2579500,1212500,2023,2,9,0,700,2579-1212
2569128,1196719,2023,2,2,0,700,2569-1196
2660095,1270532,2021,45,60,0,700,2660-1270
2659838,1270737,2021,45,,0,700,2659-1270
2575383.48559548,1257918.33890068,2023,45,2,0,700,2575-1257
2771200,1183899,2022,38,2,13,700,2771-1183
2539405.23201617,1182388.82094444,2025,9,4,0,700,2539-1182
2575383.48559548,1257918.33890068,2023,45,2,0,700,2575-1257
2659610,1271086,2023,2,90,0,700,2659-1271
2659727,1270668,2024,2,,0,700,2659-1270
2659237,1271525,2025,2,219,0,700,2659-1271
2659500,1270500,2024,9,1,0,700,2659-1270
2569415,1203603,2025,51,2,0,700,2569-1203
2707500,1279500,2022,2,15,0,700,2707-1279
2702500,1281500,2021,2,2,0,700,2702-1281
2620500,1265500,2022,51,30,0,700,2620-1265
2614450.91388358,1269819.8364628,2024,51,1,0,700,2614-1269
2614450.91388358,1269819.8364628,2024,51,1,0,700,2614-1269
2539040,1182697,2022,9,2,0,700,2539-1182
2660178,1270154,2024,51,20,0,700,2660-1270
2628130.6356088,1268969.73139906,2021,2,60,0,700,2628-1268
2569500,1203500,2024,9,2,0,700,2569-1203
2660268,1270106,2021,51,19,0,700,2660-1270
2660203,1270327,2025,51,55,0,700,2660-1270
2659592,1270510,2021,2,20,0,700,2659-1270
2659529,1270908,2025,2,,0,700,2659-1270
2707978.43052865,1279123.88268705,2024,2,17,0,700,2707-1279
2569644.55120499,1203073.27749822,2023,9,12,0,700,2569-1203
2570500,1203500,2023,9,4,0,700,2570-1203
2660500,1270500,2021,2,,0,700,2660-1270
2539046.23780685,1182645.82975202,2021,51,6,0,700,2539-1182
2659214,1271272,2025,51,4,0,700,2659-1271
2659765,1270730,2025,51,,0,700,2659-1270
2659215,1271281,2025,51,2,0,700,2659-1271
2659734,1270907,2024,51,55,0,700,2659-1270
2659405,1271065,2025,51,9,0,700,2659-1271
2660061,1270508,2024,51,18,0,700,2660-1270
2659974,1270514,2025,51,14,0,700,2659-1270
2659311,1271178,2025,51,49,0,700,2659-1271
2659314,1271229,2025,51,96,0,700,2659-1271
2580090.6502114,1212497.13430467,2023,2,9,0,700,2580-1212
2539046.23780685,1182645.82975202,2021,2,14,0,700,2539-1182
2580090.6502114,1212497.13430467,2024,2,30,0,700,2580-1212
2660500,1270500,2021,45,67,0,700,2660-1270
2660500,1270500,2023,51,,0,700,2660-1270
2569047,1202885,2021,14,10,0,700,2569-1202
2575383.48559548,1257918.33890068,2021,51,10,0,700,2575-1257
2575383.48559548,1257918.33890068,2022,51,4,0,700,2575-1257
2575313.48974961,1258076.3403946,2025,51,2,0,700,2575-1258
2539046.23780685,1182645.82975201,2024,9,46,0,700,2539-1182
2539046.23780685,1182645.82975201,2024,9,40,0,700,2539-1182
2539046.23780685,1182645.82975201,2024,9,40,0,700,2539-1182
2660500,1270500,2024,9,4,0,700,2660-1270
2570500,1203500,2021,14,2,0,700,2570-1203
2569231,1196779,2022,57,2,0,700,2569-1196
2575342,1257980,2023,14,10,0,700,2575-1257
2569043,1203205,2025,14,2,0,700,2569-1203
2579335.42108767,1257966.27243106,2021,14,2,0,700,2579-1257
2660285,1270035,2024,57,4,0,700,2660-1270
2660276,1269938,2025,57,28,0,700,2660-1269
2771297,1183841,2023,45,4,0,700,2771-1183
2771242,1183817,2023,45,4,0,700,2771-1183
2568500,1203500,2022,9,4,0,700,2568-1203
2569500,1203500,2024,14,2,0,700,2569-1203
2569500,1203500,2022,14,12,0,700,2569-1203
2593500,1201500,2024,9,3,0,700,2593-1201
2660500,1270500,2025,45,,0,700,2660-1270
2660500,1270500,2022,45,260,0,700,2660-1270
2659691,1270737,2022,9,3,0,700,2659-1270
2570171.55826185,1203620.27005927,2022,57,4,0,700,2570-1203
2660500,1270500,2025,51,,0,700,2660-1270
2660500,1270500,2023,9,45,0,700,2660-1270
2660500,1270500,2021,51,232,0,700,2660-1270
2660500,1270500,2025,51,320,0,700,2660-1270
2678515,1261662,2024,57,2,0,700,2678-1261
2659743,1270861,2025,57,104,0,700,2659-1270
2575313.48974961,1258076.3403946,2025,57,2,0,700,2575-1258
2575383.48559548,1257918.33890068,2022,57,2,0,700,2575-1257
2659892,1270583,2023,9,,0,700,2659-1270
2659715,1270856,2023,9,55,0,700,2659-1270
2660500,1270500,2023,51,,0,700,2660-1270
2660500,1270500,2021,51,200,0,700,2660-1270
2660500,1270500,2021,14,3,0,700,2660-1270
2570500,1203500,2024,14,1,0,700,2570-1203
2570553.53980193,1202655.26017326,2021,14,2,0,700,2570-1202
2539101,1182665,2021,14,16,0,700,2539-1182
2539456,1182123,2021,14,2,0,700,2539-1182
2539158,1182673,2021,14,20,0,700,2539-1182
2539060,1182875,2021,14,18,0,700,2539-1182
2580500,1212500,2024,14,27,0,700,2580-1212
2575313.48974961,1258076.3403946,2023,57,2,0,700,2575-1258
2575313.48974961,1258076.3403946,2023,57,2,0,700,2575-1258
2660500,1270500,2021,9,4,0,700,2660-1270
2539046.23780685,1182645.82975202,2021,14,20,0,700,2539-1182
2539046.23780685,1182645.82975202,2021,14,12,0,700,2539-1182
2660500,1270500,2025,57,,0,700,2660-1270
2660500,1270500,2025,57,,0,700,2660-1270
2660500,1270500,2025,57,40,0,700,2660-1270
2594500,1201500,2023,57,3,0,700,2594-1201
2539053,1182688,2021,14,12,0,700,2539-1182
2660500,1270500,2025,51,,0,700,2660-1270
2660500,1270500,2024,51,,0,700,2660-1270
2539046.23780685,1182645.82975202,2021,14,11,0,700,2539-1182
2539046.23780685,1182645.82975202,2021,14,8,0,700,2539-1182
2539046.23780685,1182645.82975202,2021,14,15,0,700,2539-1182
2593690,1201590,2021,20,1,0,700,2593-1201
2660500,1270500,2023,51,,0,700,2660-1270
2660270,1269953,2023,51,9,0,700,2660-1269
2660500,1270500,2022,14,10,0,700,2660-1270
2660500,1270500,2022,51,70,0,700,2660-1270
2539500,1182500,2023,51,5,0,700,2539-1182
2729500,1275500,2023,64,50,0,700,2729-1275
2568765,1203198,2021,64,2,0,700,2568-1203
2569148,1203180,2025,64,7,0,700,2569-1203
2572222,1203867,2023,64,8,0,700,2572-1203
2614460,1269839,2025,14,1,0,700,2614-1269
2539046.23780685,1182645.82975202,2022,64,4,0,700,2539-1182
2575313.48974961,1258076.3403946,2025,64,2,0,700,2575-1258
2569362,1203726,2023,57,2,0,700,2569-1203
2660500,1270500,2024,57,363,0,700,2660-1270
2569500,1203500,2025,57,1,0,700,2569-1203
2569867,1203226,2021,14,2,0,700,2569-1203
2572880,1202901,2025,14,2,4,700,2572-1202
2631372,1270510,2024,57,2,0,700,2631-1270
2660500,1270500,2022,20,2,0,700,2660-1270
2620500,1265500,2022,20,12,0,700,2620-1265
2569500,1203500,2025,70,40,0,700,2569-1203
2569500,1203500,2022,57,2,0,700,2569-1203
2579335.42108767,1257966.27243106,2021,20,2,0,700,2579-1257
2579890,1212345,2022,20,2,0,700,2579-1212
2660500,1270500,2022,14,10,0,700,2660-1270
2575313.48974961,1258076.3403946,2023,57,2,0,700,2575-1258
2727607,1280630,2022,20,1,2,700,2727-1280
2580090.6502114,1212497.13430467,2022,20,2,0,700,2580-1212
2572886,1202895,2025,20,2,4,700,2572-1202
2575383.48559548,1257918.33890068,2021,70,31,0,700,2575-1257
2575313.48974961,1258076.3403946,2025,70,2,0,700,2575-1258
2539085.22708012,1182138.82746322,2025,70,1,0,700,2539-1182
2706700.42556257,1279761.87482541,2024,3,8,0,700,2706-1279
2658894,1271933,2025,20,2,0,700,2658-1271
2659525,1271139,2024,3,,0,700,2659-1271
2570500,1203500,2025,20,2,0,700,2570-1203
2655500,1272500,2025,63,2,0,700,2655-1272
2670300.06850856,1242299.56432466,2021,20,1,0,700,2670-1242
2705445,1280697,2022,63,2,0,700,2705-1280
2620500,1265500,2023,20,1,0,700,2620-1265
2569644.55120499,1203073.27749823,2022,20,2,0,700,2569-1203
2569500,1203500,2023,3,3,0,700,2569-1203
2539046.23780685,1182645.82975202,2021,20,2,0,700,2539-1182
2539046.23780685,1182645.82975202,2021,20,2,0,700,2539-1182
2660500,1270500,2024,20,6,0,700,2660-1270
2539271.2361141,1182576.82448572,2021,20,3,0,700,2539-1182
2570171.55826185,1203620.27005927,2025,20,2,0,700,2570-1203
2614450.91388358,1269819.8364628,2025,63,4,0,700,2614-1269
2660500,1270500,2022,20,3,0,700,2660-1270
2729099.48039105,1275600.06245772,2023,63,30,0,700,2729-1275
2539271.2361141,1182576.82448572,2021,3,37,0,700,2539-1182
2539046.23780685,1182645.82975202,2021,3,32,0,700,2539-1182
2620500,1265500,2023,20,1,0,700,2620-1265
2631476,1270462,2024,63,42,0,700,2631-1270
2660500,1270500,2021,20,2,0,700,2660-1270
2729500,1275500,2024,63,4,0,700,2729-1275
2627500,1268500,2021,3,30,0,700,2627-1268
2570500,1203500,2025,26,1,2,700,2570-1203
2614460,1269839,2025,20,1,0,700,2614-1269
2614460,1269839,2024,20,1,0,700,2614-1269
2569042,1203157,2024,3,48,0,700,2569-1203
2614492,1269806,2025,20,1,0,700,2614-1269
2614460,1269839,2022,20,1,0,700,2614-1269
2570171.55826185,1203620.27005927,2023,63,1,0,700,2570-1203
2570111,1203287,2023,63,40,0,700,2570-1203
2572749,1204498,2021,63,24,0,700,2572-1204
2703217,1282386,2023,69,1,0,700,2703-1282
2660500,1270500,2022,20,3,0,700,2660-1270
2620500,1265500,2023,69,5,0,700,2620-1265
2660500,1270500,2021,9,7,0,700,2660-1270
2660500,1270500,2021,9,,0,700,2660-1270
2631500,1270500,2021,9,9,0,700,2631-1270
2670300.06850856,1242299.56432466,2021,20,1,0,700,2670-1242
2670300.06850856,1242299.56432466,2021,20,1,0,700,2670-1242
2655500,1272500,2025,69,23,0,700,2655-1272
2670300.06850856,1242299.56432466,2021,20,1,0,700,2670-1242
2660500,1270500,2024,69,,0,700,2660-1270
2660500,1270500,2021,9,60,0,700,2660-1270
2660500,1270500,2024,69,,0,700,2660-1270
2660500,1270500,2023,69,,0,700,2660-1270
2655500,1272500,2024,9,1,0,700,2655-1272
2659861,1270423,2022,20,,0,700,2659-1270
2572825,1202790,2023,20,1,0,700,2572-1202
2539405.23201616,1182388.82094445,2021,69,10,0,700,2539-1182
2539405.23201616,1182388.82094445,2022,69,22,0,700,2539-1182
2703052.41330683,1281686.85305131,2021,69,19,0,700,2703-1281
2627500,1268500,2024,9,39,0,700,2627-1268
2659865,1270746,2021,20,3,0,700,2659-1270
2660058,1270468,2022,20,5,0,700,2660-1270
2659681,1271005,2024,20,2,0,700,2659-1271
2659824,1270655,2022,20,1,0,700,2659-1270
2575383.48559548,1257918.33890068,2024,69,3,0,700,2575-1257
2570500,1203500,2025,26,1,2,700,2570-1203
2569169,1196684,2023,9,2,0,700,2569-1196
2569238,1196678,2021,9,2,0,700,2569-1196
2539500,1182500,2021,69,10,0,700,2539-1182
2627500,1268500,2021,20,4,0,700,2627-1268
2659042,1271522,2025,20,2,0,700,2659-1271
2659413,1271054,2022,20,3,0,700,2659-1271
2575383.48559548,1257918.33890068,2021,9,2,0,700,2575-1257
2575313.48974961,1258076.3403946,2024,9,2,0,700,2575-1258
2659333,1271156,2022,20,1,2,700,2659-1271
2572680,1204523,2025,2,60,0,700,2572-1204
2539100,1182662,2024,2,42,0,700,2539-1182
2659835,1270719,2022,20,2,0,700,2659-1270
2572875,1202883,2023,20,1,0,700,2572-1202
2660500,1270500,2025,26,2,2,700,2660-1270
2568500,1203500,2022,26,2,4,700,2568-1203
2729500,1275500,2024,26,1,1,700,2729-1275
2579500,1212500,2023,2,9,0,700,2579-1212
2579951,1212455,2023,2,6,0,700,2579-1212
2570513,1203287,2025,26,1,2,700,2570-1203
2660500,1270500,2023,2,78,0,700,2660-1270
2569970,1203204,2025,26,1,1,700,2569-1203
2575313.48974961,1258076.3403946,2024,26,13,13,700,2575-1258
2539046.23780685,1182645.82975202,2022,2,11,0,700,2539-1182
2569147.44266037,1196706.26540992,2022,26,11,13,700,2569-1196
2569147.44266037,1196706.26540992,2021,26,2,4,700,2569-1196
2771200.02206418,1183899.76452876,2022,15,3,0,700,2771-1183
2660500,1270500,2023,2,78,0,700,2660-1270
2539046.23780685,1182645.82975201,2024,33,1,2,700,2539-1182
2539046.23780685,1182645.82975201,2024,33,1,1,700,2539-1182
2575313,1258074,2024,33,24,13,700,2575-1258
2660500,1270500,2021,26,3,2,700,2660-1270
2660048,1270525,2021,15,1,0,700,2660-1270
2660500,1270500,2024,9,4,0,700,2660-1270
2659704,1270719,2023,15,15,0,700,2659-1270
2660500,1270500,2024,33,3,1,700,2660-1270
2570500,1203500,2025,33,1,2,700,2570-1203
2660363,1269971,2023,15,12,0,700,2660-1269
2530649.55307568,1151052.9731533,2024,15,1,0,700,2530-1151
2539046.23780685,1182645.82975202,2021,15,15,0,700,2539-1182
2620500,1265500,2024,9,30,0,700,2620-1265
2660500,1270500,2025,9,4,0,700,2660-1270
2614460,1269839,2021,26,1,2,700,2614-1269
2614460,1269839,2024,26,3,13,700,2614-1269
2539083,1182652,2023,9,31,0,700,2539-1182
2660500,1270499,2022,15,6,0,700,2660-1270
2660500,1270500,2022,9,12,0,700,2660-1270
2569840,1202631,2021,33,2,4,700,2569-1202
2575383.48559548,1257918.33890068,2023,15,4,0,700,2575-1257
2575383.48559548,1257918.33890068,2022,15,4,0,700,2575-1257
2691468.89796345,1247582.63851963,2022,15,2,0,700,2691-1247
2620717.75996161,1265315.77940843,2022,15,2,0,700,2620-1265
2737599,1269236,2021,26,2,4,700,2737-1269
2575313.48974961,1258076.3403946,2023,15,15,0,700,2575-1258
2575383.48559548,1257918.33890068,2022,26,6,13,700,2575-1257
2593707,1201820,2022,9,2,0,700,2593-1201
2593662,1201843,2022,9,2,0,700,2593-1201
2579885,1212306,2024,9,100,0,700,2579-1212
2570500,1203500,2024,15,2,0,700,2570-1203
2580682,1212680,2024,9,72,0,700,2580-1212
2579888,1212283,2024,9,50,0,700,2579-1212
2660500,1270500,2024,9,3,0,700,2660-1270
2660035,1270562,2021,26,4,2,700,2660-1270
2659927,1270699,2025,26,1,2,700,2659-1270
2569644.55120499,1203073.27749822,2024,9,4,0,700,2569-1203
2594566,1201612,2025,9,2,0,700,2594-1201
2569584,1203660,2021,33,3,4,700,2569-1203
2569460,1203625,2022,33,2,2,700,2569-1203
2581694,1214517,2021,33,2,4,700,2581-1214
2594500,1201500,2024,21,1,0,700,2594-1201
2570500,1203500,2023,21,4,0,700,2570-1203
2539046.23780685,1182645.82975202,2022,9,9,0,700,2539-1182
2539046.23780685,1182645.82975202,2022,9,4,0,700,2539-1182
2539046.23780685,1182645.82975202,2022,9,9,0,700,2539-1182
2569258,1196804,2021,26,2,2,700,2569-1196
2575320,1257959,2022,21,1,0,700,2575-1257
2569500,1203500,2024,14,1,0,700,2569-1203
2660500,1270500,2021,21,2,0,700,2660-1270
2575318,1258072,2024,39,13,1,700,2575-1258
2570487,1203323,2025,26,1,2,700,2570-1203
2570545,1203277,2025,26,1,1,700,2570-1203
2579500,1212500,2024,14,7,0,700,2579-1212
2659768,1270806,2023,33,30,2,700,2659-1270
2570500,1203500,2022,33,2,2,700,2570-1203
2759500,1263500,2025,14,,0,700,2759-1263
2746300,1268886,2022,14,2,0,700,2746-1268
2660358,1269894,2022,39,3,2,700,2660-1269
2660310,1270087,2025,39,,1,700,2660-1270
2771153,1184022,2021,14,2,0,700,2771-1184
2595500,1201344,2025,14,2,0,700,2595-1201
2539046.23780685,1182645.82975202,2022,14,4,0,700,2539-1182
2620500,1265500,2021,39,22,13,700,2620-1265
2659712,1270899,2024,21,6,0,700,2659-1270
2572787,1202814,2023,21,2,0,700,2572-1202
2570500,1203500,2021,33,7,1,700,2570-1203
2746500,1268500,2023,21,2,0,700,2746-1268
2592500,1201500,2022,21,3,0,700,2592-1201
2575383.48559548,1257918.33890068,2021,14,3,0,700,2575-1257
2570553.53980193,1202655.26017326,2022,14,9,0,700,2570-1202
2568500,1203500,2021,21,2,0,700,2568-1203
2660381,1269872,2021,45,7,0,700,2660-1269
2539046.23780685,1182645.82975202,2022,14,4,0,700,2539-1182
2659500,1270500,2023,45,150,0,700,2659-1270
2660035,1270165,2025,21,2,0,700,2660-1270
2539046.23780685,1182645.82975202,2021,21,1,0,700,2539-1182
2575383.48559548,1257918.33890068,2023,21,2,0,700,2575-1257
2575313.48974961,1258076.3403946,2025,21,4,0,700,2575-1258
2660140,1270389,2021,39,2,2,700,2660-1270
2670500,1242500,2023,27,1,2,700,2670-1242
2620500,1265500,2021,27,11,13,700,2620-1265
2620500,1265500,2023,45,4,0,700,2620-1265
2593500,1201500,2021,20,2,0,700,2593-1201
2539168,1182677,2023,45,2,0,700,2539-1182
2570500,1203500,2023,20,5,0,700,2570-1203
2660500,1270500,2024,45,,0,700,2660-1270
2620500,1265500,2021,27,12,13,700,2620-1265
2660500,1270500,2025,27,11,13,700,2660-1270
2660500,1270500,2021,20,3,0,700,2660-1270
2660500,1270500,2024,51,,0,700,2660-1270
2660232,1270377,2025,51,,0,700,2660-1270
2570759,1202635,2023,27,1,1,700,2570-1202
2660500,1270500,2023,39,,2,700,2660-1270
2659714,1270687,2023,27,,1,700,2659-1270
2659859,1270708,2022,39,158,2,700,2659-1270
2573036,1202838,2023,27,20,13,700,2573-1202
2572763,1202399,2023,27,1,1,700,2572-1202
2659788,1270638,2025,27,2,2,700,2659-1270
2573215,1202819,2023,27,17,13,700,2573-1202
2659500,1270500,2022,27,4,2,700,2659-1270
2660164,1270325,2023,51,118,0,700,2660-1270
2594500,1201500,2021,27,2,4,700,2594-1201
2660500,1270500,2024,51,150,0,700,2660-1270
2659979,1270499,2021,45,30,0,700,2659-1270
2659772,1270822,2025,45,160,0,700,2659-1270
2660056,1270536,2022,45,250,0,700,2660-1270
2659957,1270534,2024,45,100,0,700,2659-1270
2571602,1203274,2024,20,2,0,700,2571-1203
2539046.23780685,1182645.82975201,2023,45,2,0,700,2539-1182
2569500,1203500,2022,20,4,0,700,2569-1203
2660500,1270500,2021,20,3,0,700,2660-1270
2660038,1270539,2022,45,30,0,700,2660-1270
2660081,1270559,2023,45,200,0,700,2660-1270
2570553.53980193,1202655.26017325,2023,45,2,0,700,2570-1202
2660500,1270500,2021,20,3,0,700,2660-1270
2771200.02206418,1183899.76452876,2021,27,5,4,700,2771-1183
2575383.48559548,1257918.33890068,2022,27,6,1,700,2575-1257
2575364,1258013,2023,57,2,0,700,2575-1258
2660271,1270156,2025,27,8,13,700,2660-1270
2660244,1270281,2025,27,1,2,700,2660-1270
2569500,1203500,2025,51,2,0,700,2569-1203
2660178,1270226,2025,27,8,13,700,2660-1270
2539046.23780685,1182645.82975202,2021,27,2,4,700,2539-1182
2539046.23780685,1182645.82975202,2021,27,2,1,700,2539-1182
2570171.55826185,1203620.27005927,2023,27,1,1,700,2570-1203
2660500,1270500,2025,57,70,0,700,2660-1270
2579335.42108767,1257966.27243105,2023,57,4,0,700,2579-1257
2659500,1270500,2021,51,,0,700,2659-1270
2702659.41195306,1281914.8508067,2021,57,2,0,700,2702-1281
2702659.41195306,1281914.8508067,2021,57,4,0,700,2702-1281
2702659.41195306,1281914.8508067,2021,57,3,0,700,2702-1281
2620717.75996161,1265315.77940843,2023,33,2,1,700,2620-1265
2659500,1271500,2025,57,,0,700,2659-1271
2589330,1208733,2024,33,9,2,700,2589-1208
2614460,1269839,2024,51,1,0,700,2614-1269
2729099.48039105,1275600.06245772,2023,57,6,0,700,2729-1275
2660500,1270500,2022,33,,1,700,2660-1270
2569394,1203509,2025,51,2,0,700,2569-1203
2659780,1270879,2023,51,,0,700,2659-1270
2660146,1270424,2023,51,200,0,700,2660-1270
2729500,1275500,2021,33,2,2,700,2729-1275
2678511,1261680,2024,33,5,2,700,2678-1261
2659646,1270774,2025,33,2,1,700,2659-1270
2539046.23780685,1182645.82975201,2023,51,6,0,700,2539-1182
2539046.23780685,1182645.82975201,2023,51,8,0,700,2539-1182
2569500,1203500,2021,57,5,0,700,2569-1203
2660500,1270500,2023,20,12,0,700,2660-1270
2539046.23780685,1182645.82975202,2021,20,2,0,700,2539-1182
2561108,1195276,2025,57,1,0,700,2561-1195
2660500,1270500,2021,33,29,2,700,2660-1270
2660500,1270500,2024,51,,0,700,2660-1270
2560500,1194500,2025,51,1,0,700,2560-1194
2660006,1270233,2025,33,4,13,700,2660-1270
2660753,1269736,2024,33,5,1,700,2660-1269
2575209,1258125,2025,20,1,0,700,2575-1258
2660807,1269666,2021,33,3,1,700,2660-1269
2659500,1271500,2025,63,120,0,700,2659-1271
2572564,1204358,2022,63,2,0,700,2572-1204
2659500,1270500,2024,33,6,1,700,2659-1270
2570500,1203500,2023,57,20,0,700,2570-1203
2614460,1269839,2024,57,1,0,700,2614-1269
2703500,1282500,2021,26,4,4,700,2703-1282
2570500,1203500,2024,63,5,0,700,2570-1203
2539405.23201617,1182388.82094444,2024,63,1,0,700,2539-1182
2539046.23780685,1182645.82975201,2024,63,1,0,700,2539-1182
2575313.48974961,1258076.3403946,2024,33,24,13,700,2575-1258
2592240.69450035,1221669.98545028,2021,33,2,2,700,2592-1221
2575313.48974961,1258076.3403946,2025,33,1,1,700,2575-1258
2575383.48559548,1257918.33890068,2021,33,4,13,700,2575-1257
2575383.48559548,1257918.33890068,2023,33,,19,700,2575-1257
2614450.91388358,1269819.8364628,2025,33,11,1,700,2614-1269
2579335.42108767,1257966.27243106,2021,63,2,0,700,2579-1257
2570500,1203500,2024,63,5,0,700,2570-1203
2659500,1270500,2025,63,,0,700,2659-1270
2569525.56262002,1203696.28167077,2022,63,1,0,700,2569-1203
2569525.56262002,1203696.28167077,2022,63,6,0,700,2569-1203
2569553,1203392,2022,63,12,0,700,2569-1203
2569782,1203420,2025,57,4,0,700,2569-1203
2569500,1203500,2024,63,15,0,700,2569-1203
2660052,1270380,2021,57,100,0,700,2660-1270
2658486,1271926,2025,57,8,0,700,2658-1271
2569507,1203672,2025,57,3,0,700,2569-1203
2691576,1247677,2021,26,2,1,700,2691-1247
2729099.48039105,1275600.06245772,2022,63,1,0,700,2729-1275
2771206,1183875,2022,39,2,1,700,2771-1183
2660148,1270386,2025,39,50,2,700,2660-1270
2659500,1271500,2022,57,,0,700,2659-1271
2729500,1275500,2023,69,2,0,700,2729-1275
2660500,1270500,2022,69,3,0,700,2660-1270
2569500,1203500,2025,69,30,0,700,2569-1203
2660344,1269932,2025,39,50,2,700,2660-1269
2659566,1270860,2025,57,,0,700,2659-1270
2594741,1201555,2021,26,4,4,700,2594-1201
2660390,1269852,2025,39,10,1,700,2660-1269
2660294,1270015,2025,39,25,1,700,2660-1270
2660185,1270074,2025,39,10,2,700,2660-1270
2660367,1269987,2025,39,32,2,700,2660-1269
2660313,1270010,2025,39,20,1,700,2660-1270
2569250,1202901,2022,69,18,0,700,2569-1202
2660187,1269942,2024,39,24,1,700,2660-1269
2660217,1269919,2025,39,100,4,700,2660-1269
2539080,1182776,2023,69,6,0,700,2539-1182
2572769,1204485,2024,69,35,0,700,2572-1204
2729099.48039105,1275600.06245772,2023,69,2,0,700,2729-1275
2729099.48039105,1275600.06245772,2023,69,2,0,700,2729-1275
2539046.23780685,1182645.82975201,2024,69,21,0,700,2539-1182
2575313.48974961,1258076.3403946,2024,39,4,13,700,2575-1258
2569500,1203500,2025,57,3,0,700,2569-1203
2620717.75996161,1265315.77940843,2022,26,15,13,700,2620-1265
2728440.3713799,1280910.09081376,2022,26,2,4,700,2728-1280
2539046.23780685,1182645.82975201,2023,69,6,0,700,2539-1182
2539046.23780685,1182645.82975201,2023,69,6,0,700,2539-1182
2539046.23780685,1182645.82975201,2023,69,6,0,700,2539-1182
2571540,1203138,2023,69,2,0,700,2571-1203
2569367,1203303,2025,69,15,0,700,2569-1203
2569500,1203500,2023,69,60,0,700,2569-1203
2572371,1202518,2021,45,4,0,700,2572-1202
2572856,1202661,2021,45,3,0,700,2572-1202
2614453,1269794,2025,63,1,0,700,2614-1269
2614460,1269839,2023,63,2,0,700,2614-1269
2620500,1265500,2021,45,4,0,700,2620-1265
2614450.91388358,1269819.8364628,2025,63,3,0,700,2614-1269
2659581,1271027,2023,63,40,0,700,2659-1271
2729823,1275302,2023,63,30,0,700,2729-1275
2660500,1270500,2024,63,,0,700,2660-1270
2660500,1270500,2021,63,1,0,700,2660-1270
2570500,1203500,2024,63,5,0,700,2570-1203
2656500,1273500,2021,45,4,0,700,2656-1273
2570500,1203500,2021,63,16,0,700,2570-1203
2539046.23780685,1182645.82975201,2023,63,2,0,700,2539-1182
2660345,1269865,2021,45,75,0,700,2660-1269
2660295,1269996,2023,45,21,0,700,2660-1269
2660297,1269829,2025,45,,0,700,2660-1269
2660138,1270234,2023,69,75,0,700,2660-1270
2660500,1270500,2021,45,,0,700,2660-1270
2614500,1269500,2025,26,1,1,700,2614-1269
2572669,1204557,2025,3,20,0,700,2572-1204
2594466,1201655,2021,26,2,4,700,2594-1201
2729072,1275584,2023,69,2,0,700,2729-1275
2729011,1275555,2023,69,2,0,700,2729-1275
2539046.23780685,1182645.82975201,2025,3,10,0,700,2539-1182
2539046.23780685,1182645.82975201,2025,3,9,0,700,2539-1182
2660500,1270500,2023,69,70,0,700,2660-1270
2659309,1271447,2025,52,200,0,700,2659-1271
2659717,1270923,2025,52,,0,700,2659-1270
2659557,1271001,2025,52,,0,700,2659-1271
2659434,1271320,2022,52,70,0,700,2659-1271
2569500,1203500,2025,3,27,0,700,2569-1203
2659500,1270500,2023,69,,0,700,2659-1270
2539046.23780685,1182645.82975201,2023,52,4,0,700,2539-1182
2539046.23780685,1182645.82975201,2023,69,102,0,700,2539-1182
2539046.23780685,1182645.82975201,2024,3,42,0,700,2539-1182
2569500,1203500,2022,52,1,0,700,2569-1203
2539052,1182647,2021,3,12,0,700,2539-1182
2660534,1270012,2021,52,1,0,700,2660-1270
2660180,1270215,2023,52,400,0,700,2660-1270
2660216,1269916,2025,52,,0,700,2660-1269
2660296,1269997,2021,52,1,0,700,2660-1269
2660115,1270028,2025,52,,0,700,2660-1270
2575383.48559548,1257918.33890068,2022,52,6,0,700,2575-1257
2660208,1270683,2025,52,50,0,700,2660-1270
2660500,1270500,2021,3,70,0,700,2660-1270
2660500,1270500,2024,33,3,1,700,2660-1270
2660500,1270500,2025,58,,0,700,2660-1270
2659743,1270828,2024,58,315,0,700,2659-1270
2678518,1261678,2024,58,2,0,700,2678-1261
2659818,1270338,2024,58,,0,700,2659-1270
2569644.55120499,1203073.27749822,2025,3,30,0,700,2569-1203
2660500,1270500,2022,58,100,0,700,2660-1270
2659701,1270694,2021,3,35,0,700,2659-1270
2570500,1203500,2024,3,8,0,700,2570-1203
2707644,1279010,2025,3,28,0,700,2707-1279
2580090.6502114,1212497.13430467,2023,9,2,0,700,2580-1212
2659602,1271125,2025,3,150,0,700,2659-1271
2569465,1203619,2021,9,15,0,700,2569-1203
2707571,1279086,2022,9,5,0,700,2707-1279
2539046.23780685,1182645.82975201,2024,9,42,0,700,2539-1182
2539405.23201617,1182388.82094444,2025,9,4,0,700,2539-1182
2539046.23780685,1182645.82975202,2021,9,8,0,700,2539-1182
2729500,1275500,2025,33,2,1,700,2729-1275
2660500,1270500,2023,33,,1,700,2660-1270
2660340,1270162,2023,9,100,0,700,2660-1270
2670115,1242700,2023,33,2,1,700,2670-1242
2569500,1203500,2021,58,20,0,700,2569-1203
2594683,1201679,2023,33,9,13,700,2594-1201
2592500,1201500,2025,9,1,0,700,2592-1201
2659500,1270500,2023,9,,0,700,2659-1270
2569644.55120499,1203073.27749822,2025,3,56,0,700,2569-1203
2539046.23780685,1182645.82975202,2022,33,2,1,700,2539-1182
2660500,1269500,2023,9,2,0,700,2660-1269
2660325,1269915,2024,58,17,0,700,2660-1269
2660341,1269914,2023,58,21,0,700,2660-1269
2659500,1270500,2025,3,9,0,700,2659-1270
2660500,1270500,2025,3,150,0,700,2660-1270
2659187,1271383,2024,9,,0,700,2659-1271
2659270,1271300,2023,9,17,0,700,2659-1271
2560500,1194500,2025,33,4,13,700,2560-1194
2594449,1201643,2025,33,4,4,700,2594-1201
2539145,1182689,2024,9,38,0,700,2539-1182
2539104,1182660,2023,9,25,0,700,2539-1182
2539145,1182672,2022,9,11,0,700,2539-1182
2660500,1270500,2024,9,2,0,700,2660-1270
2575224,1257802,2024,9,2,0,700,2575-1257
2569500,1203500,2025,9,,0,700,2569-1203
2539046.23780685,1182645.82975201,2024,9,40,0,700,2539-1182
2539046.23780685,1182645.82975201,2024,9,36,0,700,2539-1182
2569857.55231118,1203193.27414935,2023,9,2,0,700,2569-1203
2594500,1201500,2024,9,1,0,700,2594-1201
2660500,1270500,2023,9,45,0,700,2660-1270
2655500,1272500,2021,39,1,2,700,2655-1272
2660500,1270500,2022,39,,1,700,2660-1270
2614460,1269839,2025,9,2,0,700,2614-1269
2539046.23780685,1182645.82975202,2021,64,1,0,700,2539-1182
2539046.23780685,1182645.82975202,2021,64,1,0,700,2539-1182
2620500,1265500,2022,39,12,13,700,2620-1265
2729500,1275500,2023,64,8,0,700,2729-1275
2702596,1281824,2023,14,2,0,700,2702-1281
2627500,1268500,2025,64,25,0,700,2627-1268
2580500,1212500,2024,9,100,0,700,2580-1212
2659741,1270826,2024,9,,0,700,2659-1270
2660500,1270500,2023,9,200,0,700,2660-1270
2659500,1270500,2024,9,,0,700,2659-1270
2539082,1182648,2023,45,2,0,700,2539-1182
2569147.44266037,1196706.26540992,2021,14,2,0,700,2569-1196
2614450.91388358,1269819.8364628,2024,64,1,0,700,2614-1269
2659500,1271500,2021,45,56,0,700,2659-1271
2771215,1184073,2021,45,4,0,700,2771-1184
2620500,1265500,2021,70,281,0,700,2620-1265
2570171.55826185,1203620.27005927,2025,70,16,0,700,2570-1203
2539046.23780685,1182645.82975201,2025,70,3,0,700,2539-1182
2660500,1270500,2022,45,,0,700,2660-1270
2572629,1202894,2025,14,2,0,700,2572-1202
2572880,1202882,2025,14,2,4,700,2572-1202
2570786.54709269,1203140.25772042,2022,14,6,0,700,2570-1203
2594634,1201649,2021,45,1,0,700,2594-1201
2660500,1270500,2022,45,110,0,700,2660-1270
2570453,1203869,2022,14,2,0,700,2570-1203
2759500,1263500,2025,14,,0,700,2759-1263
2575396,1257960,2023,14,21,0,700,2575-1257
2570558,1202721,2021,14,2,0,700,2570-1202
2575313.48974961,1258076.3403946,2025,70,2,0,700,2575-1258
2575313.48974961,1258076.3403946,2025,70,3,0,700,2575-1258
2570553.53980193,1202655.26017326,2021,14,2,0,700,2570-1202
2633396,1268780,2023,14,2,0,700,2633-1268
2569500,1203500,2022,3,20,0,700,2569-1203
2659500,1271500,2025,51,,0,700,2659-1271
2569059,1203157,2024,3,42,0,700,2569-1203
2568883,1203214,2024,3,4,0,700,2568-1203
2660500,1270500,2022,51,,0,700,2660-1270
2660203,1270275,2023,3,30,0,700,2660-1270
2660500,1270500,2023,51,,0,700,2660-1270
2569500,1203500,2024,3,,0,700,2569-1203
2702954,1281663,2025,3,25,0,700,2702-1281
2660500,1270500,2024,3,40,0,700,2660-1270
2539046.23780685,1182645.82975202,2021,3,38,0,700,2539-1182
2620717.75996161,1265315.77940843,2025,3,2,0,700,2620-1265
2703307,1281768,2023,3,3,0,700,2703-1281
2594455,1201645,2023,51,1,0,700,2594-1201
2660500,1270500,2021,51,,0,700,2660-1270
2660500,1270500,2022,51,,0,700,2660-1270
2620500,1265500,2021,51,61,0,700,2620-1265
2660500,1270500,2023,3,79,0,700,2660-1270
2620657,1265334,2022,3,1,0,700,2620-1265
2569165,1203093,2024,3,4,0,700,2569-1203
2575313.48974961,1258076.3403946,2023,3,62,0,700,2575-1258
2570500,1203500,2024,21,2,0,700,2570-1203
2579500,1212500,2025,3,10,0,700,2579-1212
2571500,1202500,2025,9,8,0,700,2571-1202
2580090.6502114,1212497.13430467,2024,9,34,0,700,2580-1212
2660500,1270500,2021,9,,0,700,2660-1270
2659881,1270776,2024,9,16,0,700,2659-1270
2570258,1203087,2024,9,7,0,700,2570-1203
2572988.53326271,1202929.21911323,2023,21,1,0,700,2572-1202
2570786.54709269,1203140.25772041,2023,21,,0,700,2570-1203
2658892,1272162,2025,9,2,0,700,2658-1272
2660123,1270460,2025,9,2,0,700,2660-1270
2570514,1203394,2025,21,2,0,700,2570-1203
2659616,1271062,2024,21,8,0,700,2659-1271
2759999.99367169,1263000.27822094,2021,21,1,0,700,2759-1263
2660500,1270500,2021,21,4,0,700,2660-1270
2691500,1247500,2022,21,2,0,700,2691-1247
2569398,1203630,2023,57,1,0,700,2569-1203
2660500,1270500,2025,57,150,0,700,2660-1270
2659500,1270500,2025,57,,0,700,2659-1270
2571500,1203500,2024,21,2,0,700,2571-1203
2660500,1270500,2021,9,29,0,700,2660-1270
2620717.75996161,1265315.77940843,2021,9,50,0,700,2620-1265
2660500,1270500,2023,9,100,0,700,2660-1270
2593500,1201500,2025,9,2,0,700,2593-1201
2569644.55120499,1203073.27749823,2022,21,2,0,700,2569-1203
2660500,1270500,2022,9,6,0,700,2660-1270
2539046.23780685,1182645.82975202,2022,57,2,0,700,2539-1182
2539046.23780685,1182645.82975202,2022,57,2,0,700,2539-1182
2703052.41330683,1281686.85305131,2021,57,6,0,700,2703-1281
2620735,1265171,2021,9,1,0,700,2620-1265
2594462,1201652,2023,57,4,0,700,2594-1201
2594066,1201597,2025,57,8,0,700,2594-1201
2575383.48559548,1257918.33890068,2022,57,2,0,700,2575-1257
2659883,1270605,2022,21,2,0,700,2659-1270
2593671,1201537,2021,21,1,0,700,2593-1201
2575383.48559548,1257918.33890068,2022,57,2,0,700,2575-1257
2575324,1258067,2025,15,2,0,700,2575-1258
2659500,1271500,2021,57,,0,700,2659-1271
2539046.23780685,1182645.82975202,2021,15,17,0,700,2539-1182
2570500,1203500,2022,15,3,0,700,2570-1203
2660500,1270500,2025,21,4,0,700,2660-1270
2691500,1247500,2021,21,2,0,700,2691-1247
2570500,1203500,2024,63,5,0,700,2570-1203
2660500,1270500,2024,27,8,2,700,2660-1270
2620500,1265500,2021,27,15,13,700,2620-1265
2659500,1270500,2022,27,1,1,700,2659-1270
2660500,1270500,2025,27,2,2,700,2660-1270
2659675,1270749,2023,27,8,1,700,2659-1270
2660051,1270468,2022,27,4,4,700,2660-1270
2659319,1271377,2025,27,1,1,700,2659-1271
2659840,1270711,2023,27,7,2,700,2659-1270
2530649.55307568,1151052.9731533,2022,15,2,0,700,2530-1151
2659445,1270797,2021,27,2,2,700,2659-1270
2594500,1201500,2023,63,4,0,700,2594-1201
2659842,1270690,2022,15,4,0,700,2659-1270
2539046.23780685,1182645.82975202,2022,63,2,0,700,2539-1182
2620500,1265500,2022,27,14,13,700,2620-1265
2570171.55826185,1203620.27005927,2025,63,15,0,700,2570-1203
2660500,1270500,2023,69,,0,700,2660-1270
2594719,1201677,2023,69,2,0,700,2594-1201
2771200.02206418,1183899.76452876,2022,15,1,0,700,2771-1183
2660500,1270500,2025,27,2,2,700,2660-1270
2660500,1270500,2024,27,8,2,700,2660-1270
2707585,1279537,2022,15,1,0,700,2707-1279
2571583,1203154,2023,69,2,0,700,2571-1203
2580500,1212500,2024,69,2,0,700,2580-1212
2594500,1201500,2022,69,2,0,700,2594-1201
2569375,1203302,2022,27,2,1,700,2569-1203
2575313.48974961,1258076.3403946,2024,69,2,0,700,2575-1258
2573497,1203580,2023,27,1,13,700,2573-1203
2660500,1270500,2023,69,,0,700,2660-1270
2691339,1247659,2021,27,2,1,700,2691-1247
2539046.23780685,1182645.82975202,2021,69,1,0,700,2539-1182
2539085.22708012,1182138.82746322,2021,69,8,0,700,2539-1182
2660500,1270500,2022,21,2,0,700,2660-1270
2569756,1203439,2025,69,6,0,700,2569-1203
2660026,1270542,2023,27,1,2,700,2660-1270
2539500,1182500,2025,3,,0,700,2539-1182
2659816,1270796,2024,27,5,2,700,2659-1270
2539046.23780685,1182645.82975202,2021,21,2,0,700,2539-1182
2594478,1201637,2025,33,4,4,700,2594-1201
2580500,1212500,2024,21,2,0,700,2580-1212
2539046.23780685,1182645.82975201,2024,33,1,1,700,2539-1182
2613930,1269339,2024,27,1,2,700,2613-1269
2660335,1269929,2024,21,2,0,700,2660-1269
2659252,1271608,2024,21,2,0,700,2659-1271
2627500,1268500,2024,3,221,0,700,2627-1268
2614460,1269839,2024,33,3,13,700,2614-1269
2614460,1269839,2023,33,1,2,700,2614-1269
2614432,1269783,2024,33,1,13,700,2614-1269
2703052.41330683,1281686.85305131,2021,3,38,0,700,2703-1281
2659948,1270452,2025,33,2,1,700,2659-1270
2569500,1203500,2021,33,4,2,700,2569-1203
2569479,1203653,2022,33,2,4,700,2569-1203
2660500,1270500,2021,21,4,0,700,2660-1270
2660500,1270500,2022,21,2,0,700,2660-1270
2660500,1270500,2024,21,8,0,700,2660-1270
2660500,1270500,2025,21,3,0,700,2660-1270
2569644.55120499,1203073.27749822,2025,3,30,0,700,2569-1203
2539046.23780685,1182645.82975202,2021,3,29,0,700,2539-1182
2660500,1270500,2023,33,,1,700,2660-1270
2580500,1212500,2024,9,50,0,700,2580-1212
2569629,1203228,2022,33,2,2,700,2569-1203
2729500,1275500,2023,33,2,1,700,2729-1275
2592500,1201500,2024,9,1,0,700,2592-1201
2707482,1279051,2024,9,24,0,700,2707-1279
2707482,1279051,2024,9,4,0,700,2707-1279
2659965,1270569,2022,21,2,0,700,2659-1270
2659821,1270753,2024,21,6,0,700,2659-1270
2620500,1265500,2021,33,16,13,700,2620-1265
2589262,1208798,2024,21,2,0,700,2589-1208
2589145,1208962,2024,21,2,0,700,2589-1208
2575383.48559548,1257918.33890068,2023,21,2,0,700,2575-1257
2660500,1270500,2023,9,45,0,700,2660-1270
2660500,1270500,2023,9,10,0,700,2660-1270
2703467,1282356,2023,9,24,0,700,2703-1282
2539046.23780685,1182645.82975202,2022,9,5,0,700,2539-1182
2539405.23201616,1182388.82094445,2022,9,1,0,700,2539-1182
2539046.23780685,1182645.82975202,2022,9,11,0,700,2539-1182
2703052.41330683,1281686.85305131,2022,9,3,0,700,2703-1281
2569500,1203500,2022,27,6,2,700,2569-1203
2660500,1270500,2025,39,44,2,700,2660-1270
2659605,1270909,2022,39,75,1,700,2659-1270
2659608,1271167,2024,39,,1,700,2659-1271
2658800.07814379,1271799.64196525,2023,9,92,0,700,2658-1271
2659500,1270500,2021,27,10,4,700,2659-1270
2560500,1194500,2025,39,4,13,700,2560-1194
2569500,1203500,2022,27,2,2,700,2569-1203
2678743.88625199,1261738.64812515,2021,27,1,1,700,2678-1261
2660500,1270500,2024,14,2,0,700,2660-1270
2660292,1269859,2025,27,2,1,700,2660-1269
2575310,1258034,2021,27,6,13,700,2575-1258
2569117,1203086,2022,27,2,1,700,2569-1203
2569132,1203127,2022,27,2,4,700,2569-1203
2568657,1203312,2022,27,4,4,700,2568-1203
2627500,1268500,2021,14,7,0,700,2627-1268
2660500,1270500,2021,45,,0,700,2660-1270
2660500,1270500,2024,14,2,0,700,2660-1270
2594500,1201500,2023,14,2,0,700,2594-1201
2570633,1203239,2025,27,1,2,700,2570-1203
2660156,1270329,2022,45,100,0,700,2660-1270
2660500,1270500,2025,14,8,0,700,2660-1270
2614460,1269839,2023,45,1,1,700,2614-1269
2660284,1269970,2023,45,30,0,700,2660-1269
2660500,1270500,2022,45,150,0,700,2660-1270
2660500,1270500,2021,45,100,0,700,2660-1270
2620500,1265500,2021,45,2,0,700,2620-1265
2660500,1270500,2023,51,180,0,700,2660-1270
2660207,1270082,2025,51,14,0,700,2660-1270
2659411,1271261,2025,51,200,0,700,2659-1271
2539041,1182760,2023,51,1,0,700,2539-1182
2568500,1203500,2021,51,1,0,700,2568-1203
2575383.48559548,1257918.33890068,2021,27,9,13,700,2575-1257
2691468.89796345,1247582.63851963,2021,27,2,1,700,2691-1247
2570567,1203317,2025,14,2,0,700,2570-1203
2575313.48974961,1258076.3403946,2024,27,24,13,700,2575-1258
2703110,1281710,2023,14,6,0,700,2703-1281
2572750,1202846,2024,27,2,4,700,2572-1202
2570553.53980193,1202655.26017325,2023,45,2,0,700,2570-1202
2659803,1270798,2021,27,4,1,700,2659-1270
2659500,1270500,2025,51,130,0,700,2659-1270
2539046.23780685,1182645.82975202,2022,14,2,0,700,2539-1182
2569400,1203638,2025,51,2,0,700,2569-1203
2539046.23780685,1182645.82975202,2022,14,2,0,700,2539-1182
2539046.23780685,1182645.82975201,2023,51,10,0,700,2539-1182
2539046.23780685,1182645.82975201,2023,51,3,0,700,2539-1182
2539046.23780685,1182645.82975201,2023,51,8,0,700,2539-1182
2660500,1270500,2021,51,200,0,700,2660-1270
2660500,1270500,2021,21,1,0,700,2660-1270
2575345,1257964,2025,51,2,0,700,2575-1257
2620100,1265099,2022,33,1,2,700,2620-1265
2691500,1247500,2021,21,2,0,700,2691-1247
2570500,1203500,2025,51,2,0,700,2570-1203
2707734,1279025,2025,57,15,0,700,2707-1279
2569348,1203305,2021,33,2,2,700,2569-1203
2569516,1203259,2021,33,2,2,700,2569-1203
2594820,1201446,2024,21,4,0,700,2594-1201
2659955,1270301,2025,33,6,13,700,2659-1270
2660500,1270500,2021,51,70,0,700,2660-1270
2660500,1269500,2022,57,,0,700,2660-1269
2659986,1270587,2023,51,140,0,700,2659-1270
2659855,1270734,2025,51,,0,700,2659-1270
2659431,1271339,2021,51,52,0,700,2659-1271
2660028,1270631,2021,51,150,0,700,2660-1270
2659193,1271304,2025,51,,0,700,2659-1271
2691440,1247769,2021,21,2,0,700,2691-1247
2691580,1247645,2021,21,2,0,700,2691-1247
2707469,1279053,2025,21,2,0,700,2707-1279
2729500,1275500,2025,33,2,1,700,2729-1275
2691500,1247500,2021,21,2,0,700,2691-1247
2575383.48559548,1257918.33890068,2021,33,4,13,700,2575-1257
2575383.48559548,1257918.33890068,2023,33,,1,700,2575-1257
2627500,1268500,2021,33,2,2,700,2627-1268
2660500,1270500,2023,57,50,0,700,2660-1270
2656500,1273500,2021,33,1,2,700,2656-1273
2705784,1280237,2021,21,1,0,700,2705-1280
2705737,1280240,2025,21,1,0,700,2705-1280
2660500,1270500,2021,21,1,0,700,2660-1270
2660500,1270500,2021,21,4,0,700,2660-1270
2660500,1269500,2025,57,50,0,700,2660-1269
2660221,1269920,2025,39,,1,700,2660-1269
2660217,1269921,2023,39,,1,700,2660-1269
2660500,1270500,2022,39,140,1,700,2660-1270
2659982,1270585,2021,51,36,0,700,2659-1270
2660500,1270500,2022,57,50,0,700,2660-1270
2570500,1203500,2023,57,20,0,700,2570-1203
2660500,1270500,2024,21,5,0,700,2660-1270
2660500,1269500,2024,39,18,1,700,2660-1269
2575313.48974961,1258076.3403946,2024,21,3,0,700,2575-1258
2568887,1203435,2023,39,3,1,700,2568-1203
2569500,1203500,2023,57,4,0,700,2569-1203
2575313.48974961,1258076.3403946,2023,39,14,1,700,2575-1258
2575383.48559548,1257918.33890068,2023,39,14,13,700,2575-1257
2660500,1270500,2025,57,,0,700,2660-1270
2569065,1203247,2025,63,1,0,700,2569-1203
2614460,1269839,2024,57,1,0,700,2614-1269
2659500,1270500,2023,63,35,0,700,2659-1270
2659500,1270500,2022,57,,0,700,2659-1270
2659304,1271548,2021,46,50,0,700,2659-1271
2569525.56262002,1203696.28167077,2022,63,1,0,700,2569-1203
2659692,1270923,2025,57,,0,700,2659-1270
2659669,1270961,2025,57,,0,700,2659-1270
2575242,1258107,2025,63,2,0,700,2575-1258
2539046.23780685,1182645.82975202,2021,21,2,0,700,2539-1182
2539046.23780685,1182645.82975202,2022,21,1,0,700,2539-1182
2660104,1270403,2025,57,50,0,700,2660-1270
2561152,1195227,2025,63,2,0,700,2561-1195
2569786,1203419,2025,63,1,0,700,2569-1203
2660500,1270500,2025,63,1,0,700,2660-1270
2659500,1270500,2023,63,,0,700,2659-1270
2575383.48559548,1257918.33890068,2023,46,2,0,700,2575-1257
2660500,1270500,2025,27,7,2,700,2660-1270
2660500,1270500,2023,63,40,0,700,2660-1270
2691468.89796345,1247582.63851963,2021,27,2,1,700,2691-1247
2570500,1203500,2024,27,1,2,700,2570-1203
2660500,1270500,2024,27,7,2,700,2660-1270
2729099.48039105,1275600.06245772,2023,63,11,0,700,2729-1275
2539046.23780685,1182645.82975201,2024,63,1,0,700,2539-1182
2660500,1270500,2024,63,40,0,700,2660-1270
2660500,1270500,2025,63,12,0,700,2660-1270
2539033,1182681,2023,52,3,0,700,2539-1182
2620500,1265500,2025,27,30,13,700,2620-1265
2660500,1270500,2024,52,,0,700,2660-1270
2593757,1201647,2024,27,2,1,700,2593-1201
2660500,1270500,2021,52,,0,700,2660-1270
2539046.23780685,1182645.82975201,2023,52,8,0,700,2539-1182
2660500,1270500,2025,63,70,0,700,2660-1270
2707617,1279068,2021,63,7,0,700,2707-1279
2707505,1279123,2023,63,8,0,700,2707-1279
2594738,1201963,2021,27,2,4,700,2594-1201
2595503,1201590,2022,27,2,1,700,2595-1201
2660383,1269959,2025,52,150,0,700,2660-1269
2660096,1270262,2024,52,200,0,700,2660-1270
2660325,1269926,2025,52,10,0,700,2660-1269
2594500,1201500,2022,27,3,1,700,2594-1201
2660470,1269930,2025,52,,0,700,2660-1269
2620500,1265500,2021,52,32,0,700,2620-1265
2731041,1279482,2021,69,47,0,700,2731-1279
2614460,1269839,2024,63,1,0,700,2614-1269
2691484,1247542,2022,27,1,1,700,2691-1247
2539047,1182727,2025,69,16,0,700,2539-1182
2570500,1203500,2023,52,15,0,700,2570-1203
2659839,1270466,2025,52,150,0,700,2659-1270
2691450,1247276,2022,27,2,4,700,2691-1247
2660500,1269500,2025,52,10,0,700,2660-1269
2568887,1203385,2023,52,10,0,700,2568-1203
2593500,1201500,2024,27,1,2,700,2593-1201
2569386,1203299,2023,52,5,0,700,2569-1203
2731112.40876194,1279574.11087361,2021,69,47,0,700,2731-1279
2594500,1201500,2023,52,1,0,700,2594-1201
2659742,1271012,2023,63,40,0,700,2659-1271
2660085,1270389,2022,52,20,0,700,2660-1270
2678470,1261651,2024,52,3,0,700,2678-1261
2659774,1270786,2024,52,200,0,700,2659-1270
2659709,1271078,2023,63,40,0,700,2659-1271
2659721,1270889,2022,52,140,0,700,2659-1270
2659855,1270710,2025,52,295,0,700,2659-1270
2659764,1270577,2025,52,150,0,700,2659-1270
2678491,1261671,2024,52,3,0,700,2678-1261
2575313.48974961,1258076.3403946,2025,52,2,0,700,2575-1258
2575313.48974961,1258076.3403946,2025,52,2,0,700,2575-1258
2729099,1275599,2023,63,10,0,700,2729-1275
2729084,1275596,2023,63,10,0,700,2729-1275
2570553.53980193,1202655.26017325,2023,52,15,0,700,2570-1202
2570553.53980193,1202655.26017325,2023,52,12,0,700,2570-1202
2569644.55120499,1203073.27749822,2025,69,9,0,700,2569-1203
2539046.23780685,1182645.82975202,2021,69,9,0,700,2539-1182
2660500,1270500,2024,52,35,0,700,2660-1270
2569500,1203500,2025,52,3,0,700,2569-1203
2659500,1270500,2025,52,70,0,700,2659-1270
2660363,1269976,2025,58,60,0,700,2660-1269
2660216,1269918,2023,58,15,0,700,2660-1269
2731112.40876194,1279574.11087361,2021,69,47,0,700,2731-1279
2569525,1203722,2024,3,5,0,700,2569-1203
2659680,1270901,2023,58,25,0,700,2659-1270
2659940,1270298,2025,3,15,0,700,2659-1270
2660500,1269500,2023,3,52,0,700,2660-1269
2594500,1201500,2023,3,2,0,700,2594-1201
2660500,1270500,2025,3,,0,700,2660-1270
2539500,1182500,2021,69,9,0,700,2539-1182
2660500,1270500,2022,69,,0,700,2660-1270
2539046.23780685,1182645.82975202,2021,58,3,0,700,2539-1182
2569774,1203416,2025,3,70,0,700,2569-1203
2575313.48974961,1258076.34039461,2021,58,11,0,700,2575-1258
2659480,1270970,2025,69,15,0,700,2659-1270
2575313.48974961,1258076.3403946,2024,58,2,0,700,2575-1258
2658800.07814379,1271799.64196525,2024,27,4,2,700,2658-1271
2678743.88625199,1261738.64812515,2024,27,1,2,700,2678-1261
2539046.23780685,1182645.82975201,2025,3,11,0,700,2539-1182
2678743.88625199,1261738.64812515,2024,27,1,2,700,2678-1261
2569147.44266037,1196706.26540992,2023,3,2,0,700,2569-1196
2659288,1271524,2021,58,,0,700,2659-1271
2572730,1202853,2023,64,2,0,700,2572-1202
2659726,1270694,2025,69,2,0,700,2659-1270
2659500,1271500,2025,3,20,0,700,2659-1271
2659500,1271500,2025,3,93,0,700,2659-1271
2660041,1270559,2023,3,52,0,700,2660-1270
2539046.23780685,1182645.82975201,2024,3,36,0,700,2539-1182
2539046.23780685,1182645.82975201,2024,3,40,0,700,2539-1182
2569163,1202990,2025,3,3,0,700,2569-1202
2660500,1270500,2023,3,100,0,700,2660-1270
2660500,1270500,2024,3,1,0,700,2660-1270
2593500,1201500,2021,33,1,2,700,2593-1201
2595500,1201500,2021,3,2,0,700,2595-1201
2579984,1212274,2024,9,74,0,700,2579-1212
2575383.48559548,1257918.33890068,2021,64,3,0,700,2575-1257
2571170,1202786,2023,70,80,0,700,2571-1202
2571358,1202514,2023,70,80,0,700,2571-1202
2659414,1271054,2025,70,3,0,700,2659-1271
2659332,1271161,2025,3,50,0,700,2659-1271
2593500,1201500,2023,33,1,2,700,2593-1201
2560500,1194500,2025,33,4,13,700,2560-1194
2670300.06850856,1242299.56432466,2021,9,1,0,700,2670-1242
2569258,1203335,2024,9,23,0,700,2569-1203
2569031,1203421,2024,9,43,0,700,2569-1203
2660500,1270500,2023,70,,0,700,2660-1270
2620500,1265500,2024,3,70,0,700,2620-1265
2575313.48974961,1258076.34039461,2021,33,3,13,700,2575-1258
2575383.48559548,1257918.33890068,2021,33,3,13,700,2575-1257
2659500,1271500,2025,3,20,0,700,2659-1271
2569125,1196685,2022,9,1,0,700,2569-1196
2569185,1196444,2022,9,2,0,700,2569-1196
2569294,1196747,2022,9,1,0,700,2569-1196
2614460,1269839,2025,9,2,0,700,2614-1269
2660500,1270500,2025,39,,2,700,2660-1270
2660500,1270500,2025,39,,1,700,2660-1270
2569500,1203500,2023,9,1,0,700,2569-1203
2660500,1270500,2023,9,60,0,700,2660-1270
2539116,1182649,2023,9,19,0,700,2539-1182
2660500,1270500,2023,9,,0,700,2660-1270
2539046.23780685,1182645.82975201,2024,9,41,0,700,2539-1182
2539046.23780685,1182645.82975201,2024,9,,0,700,2539-1182
2539046.23780685,1182645.82975201,2023,9,20,0,700,2539-1182
2659842,1270734,2025,9,7,0,700,2659-1270
2659455,1271290,2023,9,21,0,700,2659-1271
2659881,1270749,2024,9,2,0,700,2659-1270
2660022,1270525,2023,9,200,0,700,2660-1270
2659577,1271130,2023,9,36,0,700,2659-1271
2659454,1270367,2022,9,3,0,700,2659-1270
2660500,1270500,2022,3,3,0,700,2660-1270
2593500,1201500,2022,9,2,0,700,2593-1201
2569500,1203500,2021,3,15,0,700,2569-1203
2728440.3713799,1280910.09081376,2021,9,2,0,700,2728-1280
2627736,1268446,2025,3,100,0,700,2627-1268
2655500,1272500,2024,3,20,0,700,2655-1272
2569500,1203500,2021,15,8,0,700,2569-1203
2539046.23780685,1182645.82975202,2021,3,34,0,700,2539-1182
2539046.23780685,1182645.82975202,2021,3,30,0,700,2539-1182
2728968,1280641,2022,9,2,0,700,2728-1280
2729500,1275500,2024,9,2,0,700,2729-1275
2575383.48559548,1257918.33890068,2021,39,1,1,700,2575-1257
2627500,1268500,2021,3,73,0,700,2627-1268
2660500,1270500,2021,39,1,1,700,2660-1270
2575376,1257919,2023,3,70,0,700,2575-1257
2660114,1270407,2023,9,249,0,700,2660-1270
2569351,1203307,2024,10,7,0,700,2569-1203
2660500,1269500,2021,39,4,1,700,2660-1269
2569606,1203722,2022,15,1,0,700,2569-1203
2569217,1203424,2022,15,2,0,700,2569-1203
2570187,1203905,2022,15,4,0,700,2570-1203
2570500,1203500,2025,15,8,0,700,2570-1203
2660500,1270500,2025,10,6,0,700,2660-1270
2579335.42108767,1257966.27243106,2021,15,3,0,700,2579-1257
2570500,1203500,2023,9,24,0,700,2570-1203
2633669,1268903,2023,15,2,0,700,2633-1268
2660500,1270500,2025,10,16,0,700,2660-1270
2659820,1270718,2025,10,4,0,700,2659-1270
2570500,1202500,2023,45,2,0,700,2570-1202
2660096,1270615,2023,10,5,0,700,2660-1270
2660500,1270500,2025,10,6,0,700,2660-1270
2771173,1183812,2021,45,1,0,700,2771-1183
2569500,1203500,2022,15,4,0,700,2569-1203
2568934,1203418,2021,15,5,0,700,2568-1203
2570500,1203500,2023,10,4,0,700,2570-1203
2570548,1202594,2021,15,3,0,700,2570-1202
2569313,1203318,2022,15,4,0,700,2569-1203
2569239,1203338,2022,15,4,0,700,2569-1203
2660207,1270163,2023,10,30,0,700,2660-1270
2570171.55826185,1203620.27005927,2021,10,6,0,700,2570-1203
2660500,1270500,2024,45,70,0,700,2660-1270
2572988.53326271,1202929.21911323,2023,15,2,0,700,2572-1202
2539046.23780685,1182645.82975202,2021,10,28,0,700,2539-1182
2575383.48559548,1257918.33890068,2023,45,1,0,700,2575-1257
2575383.48559548,1257918.33890068,2021,45,1,0,700,2575-1257
2539046.23780685,1182645.82975202,2022,15,2,0,700,2539-1182
2539046.23780685,1182645.82975202,2022,15,2,0,700,2539-1182
2539046.23780685,1182645.82975202,2022,15,2,0,700,2539-1182
2614460,1269839,2025,15,2,0,700,2614-1269
2614050,1269409,2024,15,2,0,700,2614-1269
2569644.55120499,1203073.27749822,2024,10,4,0,700,2569-1203
2575383.48559548,1257918.33890068,2025,10,1,0,700,2575-1257
2575313.48974961,1258076.34039461,2022,10,1,0,700,2575-1258
2575313.48974961,1258076.3403946,2024,10,2,0,700,2575-1258
2539046,1182645,2021,15,12,0,700,2539-1182
2539036,1182615,2022,15,2,0,700,2539-1182
2539144,1182681,2023,15,9,0,700,2539-1182
2580090.6502114,1212497.13430467,2024,15,14,0,700,2580-1212
2539046.23780685,1182645.82975202,2021,15,10,0,700,2539-1182
2539046.23780685,1182645.82975201,2024,15,3,0,700,2539-1182
2539046.23780685,1182645.82975202,2021,15,13,0,700,2539-1182
2539046.23780685,1182645.82975202,2021,15,12,0,700,2539-1182
2539046.23780685,1182645.82975202,2021,15,16,0,700,2539-1182
2539046.23780685,1182645.82975201,2024,15,3,0,700,2539-1182
2539046.23780685,1182645.82975202,2021,15,15,0,700,2539-1182
2659500,1270500,2025,51,100,0,700,2659-1270
2568990,1203292,2021,15,1,0,700,2568-1203
2660500,1270500,2022,51,,0,700,2660-1270
2660500,1270500,2021,21,3,0,700,2660-1270
2659500,1270500,2022,15,6,0,700,2659-1270
2594863,1201427,2021,51,2,0,700,2594-1201
2660500,1270500,2025,51,200,0,700,2660-1270
2575383.48559548,1257918.33890068,2021,51,10,0,700,2575-1257
2660500,1270500,2025,51,200,0,700,2660-1270
2572862,1202814,2022,15,5,0,700,2572-1202
2571838,1202265,2022,15,6,0,700,2571-1202
2594385,1201685,2021,21,3,0,700,2594-1201
2659188,1270231,2022,15,6,0,700,2659-1270
2659599,1270518,2022,15,6,0,700,2659-1270
2707497,1279577,2025,57,20,0,700,2707-1279
2539101,1182655,2022,57,2,0,700,2539-1182
2631846,1268835,2023,15,2,0,700,2631-1268
2569387,1203298,2022,21,2,0,700,2569-1203
2568913,1203329,2021,15,8,0,700,2568-1203
2620500,1265500,2021,21,3,0,700,2620-1265
2620500,1265500,2022,21,26,0,700,2620-1265
2569644.55120499,1203073.27749822,2024,15,4,0,700,2569-1203
2594210,1201683,2025,57,8,0,700,2594-1201
2660500,1270500,2022,21,2,0,700,2660-1270
2575313.48974961,1258076.3403946,2024,21,4,0,700,2575-1258
2703727,1282107,2023,15,2,0,700,2703-1282
2569500,1203500,2021,57,2,0,700,2569-1203
2660500,1270500,2022,57,,0,700,2660-1270
2575383.48559548,1257918.33890068,2022,57,24,0,700,2575-1257
2575383.48559548,1257918.33890068,2021,57,8,0,700,2575-1257
2614412,1269773,2023,21,1,0,700,2614-1269
2594056,1201606,2025,57,8,0,700,2594-1201
2614460,1269839,2025,21,1,0,700,2614-1269
2660500,1270500,2025,21,1,0,700,2660-1270
2561442,1189996,2025,21,2,0,700,2561-1189
2593500,1201500,2025,21,2,0,700,2593-1201
2594772,1201535,2022,63,2,0,700,2594-1201
2702795,1281750,2025,21,1,0,700,2702-1281
2570454,1203189,2025,21,2,0,700,2570-1203
2572683,1204171,2021,21,2,4,700,2572-1204
2572854,1202876,2023,21,1,0,700,2572-1202
2572883,1202890,2024,21,1,0,700,2572-1202
2660500,1270500,2024,21,10,0,700,2660-1270
2572718,1202761,2024,21,1,0,700,2572-1202
2539046.23780685,1182645.82975202,2021,21,2,0,700,2539-1182
2570478,1202436,2025,21,2,1,700,2570-1202
2660500,1270500,2022,21,2,0,700,2660-1270
2706627,1279687,2022,69,2,0,700,2706-1279
2631495,1270452,2021,69,2,0,700,2631-1270
2627500,1268500,2021,21,2,0,700,2627-1268
2593673,1201609,2021,69,2,0,700,2593-1201
2691467,1247597,2022,27,1,1,700,2691-1247
2570500,1203500,2023,27,1,1,700,2570-1203
2539046.23780685,1182645.82975202,2021,69,9,0,700,2539-1182
2628210,1268715,2025,69,4,0,700,2628-1268
2659607,1270951,2025,21,2,0,700,2659-1270
2658689,1272089,2025,27,13,13,700,2658-1272
2569644.55120499,1203073.27749823,2021,69,33,0,700,2569-1203
2575383.48559548,1257918.33890068,2021,69,7,0,700,2575-1257
2569155,1203360,2024,27,1,1,700,2569-1203
2620500,1265500,2023,21,1,0,700,2620-1265
2660500,1270500,2025,27,14,2,700,2660-1270
2691468.89796345,1247582.63851963,2021,21,1,0,700,2691-1247
2570458.54313553,1202823.26238902,2021,21,2,0,700,2570-1202
2656500,1273500,2022,3,2,0,700,2656-1273
2614460,1269839,2024,27,3,13,700,2614-1269
2613930,1269339,2024,27,2,1,700,2613-1269
2660500,1270500,2021,27,3,2,700,2660-1270
2620500,1265500,2021,27,,1,700,2620-1265
2539046.23780685,1182645.82975202,2021,21,1,0,700,2539-1182
2570786.54709269,1203140.25772041,2023,21,2,0,700,2570-1203
2614460,1269839,2022,27,2,4,700,2614-1269
2631482,1270477,2025,3,2,0,700,2631-1270
2569849.54299927,1202655.2725024,2022,27,2,2,700,2569-1202
2620500,1265500,2022,27,,1,700,2620-1265
2620500,1265500,2021,27,17,13,700,2620-1265
2627500,1268500,2021,27,2,2,700,2627-1268
2620717.75996161,1265315.77940843,2024,3,2,0,700,2620-1265
2614450.91388358,1269819.8364628,2025,27,12,13,700,2614-1269
2670300.06850856,1242299.56432466,2022,27,2,1,700,2670-1242
2670300.06850856,1242299.56432466,2022,27,2,1,700,2670-1242
2530649.55307568,1151052.9731533,2021,27,2,2,700,2530-1151
2570500,1203500,2024,3,5,0,700,2570-1203
2627500,1268500,2021,27,2,2,700,2627-1268
2620500,1265500,2022,3,2,0,700,2620-1265
2660500,1270500,2025,27,14,2,700,2660-1270
2594680,1201655,2025,3,1,0,700,2594-1201
2575387,1257989,2022,27,1,2,700,2575-1257
2660500,1269500,2023,3,52,0,700,2660-1269
2691478,1247581,2021,27,2,1,700,2691-1247
2659022,1271722,2025,27,13,13,700,2659-1271
2594347,1201655,2021,33,1,2,700,2594-1201
2570075,1203347,2023,27,1,2,700,2570-1203
2569590,1203519,2024,27,2,1,700,2569-1203
2539046.23780685,1182645.82975202,2022,3,11,0,700,2539-1182
2569594,1203710,2024,27,3,2,700,2569-1203
2580090.6502114,1212497.13430467,2022,27,2,1,700,2580-1212
2570500,1203500,2022,27,2,1,700,2570-1203
2659881,1270727,2022,27,3,2,700,2659-1270
2660500,1270500,2024,3,22,0,700,2660-1270
2659884,1270703,2022,27,3,2,700,2659-1270
2539046.23780685,1182645.82975202,2022,3,11,0,700,2539-1182
2539046.23780685,1182645.82975202,2021,3,36,0,700,2539-1182
2670226,1242402,2022,27,2,1,700,2670-1242
2539046.23780685,1182645.82975202,2021,27,2,1,700,2539-1182
2539046.23780685,1182645.82975202,2021,27,2,1,700,2539-1182
2660500,1270500,2024,9,8,0,700,2660-1270
2660267,1269937,2021,33,15,2,700,2660-1269
2575313.48974961,1258076.3403946,2023,27,2,2,700,2575-1258
2575313.48974961,1258076.3403946,2025,27,1,1,700,2575-1258
2691468.89796345,1247582.63851963,2021,27,2,2,700,2691-1247
2691468.89796345,1247582.63851963,2021,27,2,1,700,2691-1247
2691468.89796345,1247582.63851963,2021,27,2,1,700,2691-1247
2570553.53980193,1202655.26017326,2022,27,8,1,700,2570-1202
2575383.48559548,1257918.33890068,2022,27,6,13,700,2575-1257
2575313.48974961,1258076.34039461,2021,27,3,4,700,2575-1258
2539500,1182500,2024,9,42,0,700,2539-1182
2569500,1203500,2023,9,32,0,700,2569-1203
2631475,1270481,2024,9,2,0,700,2631-1270
2659500,1270500,2023,34,,1,700,2659-1270
2660238,1270286,2023,9,50,0,700,2660-1270
2729500,1275500,2025,33,2,1,700,2729-1275
2620500,1265500,2022,33,21,13,700,2620-1265
2569472,1203650,2021,33,2,1,700,2569-1203
2660500,1270500,2025,9,14,0,700,2660-1270
2660500,1270500,2023,9,,0,700,2660-1270
2539046.23780685,1182645.82975201,2024,33,1,1,700,2539-1182
2729099.48039105,1275600.06245772,2025,39,2,4,700,2729-1275
2614460,1269839,2023,33,2,4,700,2614-1269
2539405.23201616,1182388.82094445,2022,9,3,0,700,2539-1182
2539046.23780685,1182645.82975202,2022,9,16,0,700,2539-1182
2660500,1270500,2025,39,119,2,700,2660-1270
2569631,1203332,2025,34,2,2,700,2569-1203
2660500,1270500,2025,39,100,2,700,2660-1270
2660500,1270500,2025,39,119,2,700,2660-1270
2660500,1270500,2025,39,80,3,700,2660-1270
2670300.06850856,1242299.56432465,2023,33,2,1,700,2670-1242
2570500,1203500,2024,9,50,0,700,2570-1203
2659345,1271113,2025,33,5,2,700,2659-1271
2659345,1271113,2025,33,2,2,700,2659-1271
2659791,1270711,2024,33,13,1,700,2659-1270
2659345,1271113,2025,33,8,2,700,2659-1271
2659491,1270957,2025,33,13,1,700,2659-1270
2678743.88625199,1261738.64812515,2023,33,2,1,700,2678-1261
2570500,1203500,2021,15,11,0,700,2570-1203
2660500,1270500,2025,39,,1,700,2660-1270
2660218,1269910,2025,39,,1,700,2660-1269
2575383.48559548,1257918.33890068,2024,34,24,13,700,2575-1257
2660500,1270500,2025,39,119,2,700,2660-1270
2660500,1269500,2025,39,30,1,700,2660-1269
2659781,1270730,2022,40,50,1,700,2659-1270
2660500,1270500,2025,40,,4,700,2660-1270
2660500,1270500,2025,39,,1,700,2660-1270
2660500,1270500,2021,39,10,2,700,2660-1270
2660500,1270500,2021,33,3,2,700,2660-1270
2659556,1270880,2025,33,5,2,700,2659-1270
2659775,1270766,2021,45,,0,700,2659-1270
2569784,1203017,2022,33,2,2,700,2569-1203
2660500,1270500,2023,40,,1,700,2660-1270
2660500,1270500,2021,33,2,1,700,2660-1270
2691594,1247683,2021,15,2,0,700,2691-1247
2660213,1270058,2025,40,9,2,700,2660-1270
2660415,1269929,2023,40,,1,700,2660-1269
2660328,1269917,2025,40,10,2,700,2660-1269
2660500,1270500,2023,45,225,0,700,2660-1270
2660223,1269927,2022,40,2,1,700,2660-1269
2660374,1270048,2021,45,6,0,700,2660-1270
2575313.48974961,1258076.3403946,2024,40,12,13,700,2575-1258
2575383.48559548,1257918.33890068,2023,40,6,1,700,2575-1257
2707063,1279451,2022,15,6,0,700,2707-1279
2660500,1270500,2025,40,,4,700,2660-1270
2614460,1269839,2025,39,1,2,700,2614-1269
2539046.23780685,1182645.82975202,2022,15,2,0,700,2539-1182
2539067,1182628,2023,45,2,0,700,2539-1182
2659714,1270705,2025,39,,3,700,2659-1270
2659818,1270747,2022,46,321,0,700,2659-1270
2660500,1270500,2023,46,,0,700,2660-1270
2571210,1203636,2023,15,2,0,700,2571-1203
2660500,1270500,2023,46,150,0,700,2660-1270
2539046.23780685,1182645.82975202,2022,15,2,0,700,2539-1182
2656500,1273500,2021,39,2,2,700,2656-1273
2539046.23780685,1182645.82975202,2021,15,18,0,700,2539-1182
2570500,1203500,2025,51,2,0,700,2570-1203
2660500,1270500,2025,39,119,2,700,2660-1270
2660500,1269500,2025,39,30,2,700,2660-1269
2660221,1269915,2025,46,2,0,700,2660-1269
2659705,1270699,2025,39,,1,700,2659-1270
2703788,1282238,2022,15,3,0,700,2703-1282
2539046.23780685,1182645.82975202,2021,51,4,0,700,2539-1182
2539046.23780685,1182645.82975202,2021,51,4,0,700,2539-1182
2539046.23780685,1182645.82975202,2021,51,5,0,700,2539-1182
2660391,1269858,2022,46,2,0,700,2660-1269
2575313.48974961,1258076.3403946,2023,46,1,0,700,2575-1258
2660848,1270651,2024,52,1,0,700,2660-1270
2659500,1270500,2025,52,120,0,700,2659-1270
2539046.23780685,1182645.82975201,2023,45,2,0,700,2539-1182
2678743.88625199,1261738.64812515,2023,45,1,0,700,2678-1261
2561132,1195356,2024,51,1,0,700,2561-1195
2659646,1270950,2025,52,,0,700,2659-1270
2678493,1261639,2024,52,2,0,700,2678-1261
2659500,1270500,2025,51,,0,700,2659-1270
2660500,1270500,2025,52,,0,700,2660-1270
2660500,1270500,2021,21,,0,700,2660-1270
2614450.91388358,1269819.8364628,2024,52,1,0,700,2614-1269
2660500,1270500,2023,51,,0,700,2660-1270
2659500,1270500,2025,51,,0,700,2659-1270
2614460,1269839,2023,45,1,2,700,2614-1269
2593500,1201500,2025,57,2,0,700,2593-1201
2660500,1270500,2022,57,,0,700,2660-1270
2660500,1270500,2021,45,160,0,700,2660-1270
2575313.48974961,1258076.3403946,2023,52,2,0,700,2575-1258
2575313.48974961,1258076.3403946,2025,52,2,0,700,2575-1258
2678743.88625199,1261738.64812515,2024,57,2,0,700,2678-1261
2575313.48974961,1258076.3403946,2024,52,2,0,700,2575-1258
2659500,1271500,2021,52,,0,700,2659-1271
2570500,1203500,2023,57,,0,700,2570-1203
2570500,1203500,2021,45,4,0,700,2570-1203
2659515,1270926,2025,57,7,0,700,2659-1270
2660008,1270237,2024,52,,0,700,2660-1270
2660551,1269930,2025,58,40,0,700,2660-1269
2660283,1269869,2022,58,7,0,700,2660-1269
2660230,1270104,2021,58,72,0,700,2660-1270
2572591,1203833,2021,58,2,0,700,2572-1203
2569397,1203292,2024,58,,0,700,2569-1203
2568906,1203281,2023,58,17,0,700,2568-1203
2659500,1270500,2022,45,150,0,700,2659-1270
2660500,1269500,2021,45,,0,700,2660-1269
2569500,1203500,2022,21,2,0,700,2569-1203
2659793,1270811,2023,58,30,0,700,2659-1270
2659678,1270749,2023,58,16,0,700,2659-1270
2660037,1270601,2024,58,3,0,700,2660-1270
2659816,1270697,2022,58,10,0,700,2659-1270
2659973,1270713,2024,58,77,0,700,2659-1270
2594500,1201500,2021,51,4,0,700,2594-1201
2660500,1270500,2025,21,2,0,700,2660-1270
2659346,1271140,2025,51,16,0,700,2659-1271
2659816,1270722,2024,51,,0,700,2659-1270
2659191,1271305,2025,51,2,0,700,2659-1271
2659760,1270761,2025,51,100,0,700,2659-1270
2659792,1270601,2024,51,,0,700,2659-1270
2659771,1270726,2025,51,148,0,700,2659-1270
2659916,1270504,2025,51,6,0,700,2659-1270
2659396,1271078,2025,51,,0,700,2659-1271
2659194,1271304,2025,51,6,0,700,2659-1271
2659244,1271434,2025,51,16,0,700,2659-1271
2659289,1271403,2024,51,71,0,700,2659-1271
2659191,1271305,2025,51,13,0,700,2659-1271
2660500,1270500,2023,58,,0,700,2660-1270
2594628,1201719,2025,21,2,0,700,2594-1201
2539046.23780685,1182645.82975202,2021,58,2,0,700,2539-1182
2539046.23780685,1182645.82975201,2023,51,6,0,700,2539-1182
2539405.23201617,1182388.82094444,2023,51,6,0,700,2539-1182
2594474,1201651,2024,21,2,0,700,2594-1201
2570171.55826185,1203620.27005927,2022,58,3,0,700,2570-1203
2539046.23780685,1182645.82975202,2021,51,4,0,700,2539-1182
2539046.23780685,1182645.82975202,2021,51,6,0,700,2539-1182
2572382,1206599,2022,21,2,0,700,2572-1206
2594500,1201500,2022,58,5,0,700,2594-1201
2703052.41330683,1281686.85305131,2022,21,1,0,700,2703-1281
2561199,1195110,2025,57,3,0,700,2561-1195
2569500,1203500,2022,58,7,0,700,2569-1203
2560760,1194997,2025,57,3,0,700,2560-1194
2569526,1203571,2022,57,2,0,700,2569-1203
2660500,1270500,2023,58,71,0,700,2660-1270
2660500,1270500,2022,51,70,0,700,2660-1270
2660500,1270500,2022,51,,0,700,2660-1270
2660500,1270500,2022,58,,0,700,2660-1270
2575313.48974961,1258076.3403946,2024,21,5,0,700,2575-1258
2614424,1269784,2024,51,1,0,700,2614-1269
2569751,1203439,2021,58,2,0,700,2569-1203
2575313.48974961,1258076.34039461,2021,58,12,0,700,2575-1258
2575313.48974961,1258076.3403946,2024,58,1,0,700,2575-1258
2659405,1271065,2025,51,3,0,700,2659-1271
2659255,1271381,2024,51,,0,700,2659-1271
2575313.48974961,1258076.3403946,2023,58,2,0,700,2575-1258
2575383.48559548,1257918.33890068,2022,58,2,0,700,2575-1257
2659577,1270822,2025,51,5,0,700,2659-1270
2659577,1270822,2025,51,5,0,700,2659-1270
2660011,1270610,2024,51,80,0,700,2660-1270
2659611,1270945,2025,51,,0,700,2659-1270
2659405,1271065,2025,51,42,0,700,2659-1271
2660500,1270500,2025,57,,0,700,2660-1270
2539046.23780685,1182645.82975202,2022,21,2,0,700,2539-1182
2539083,1182759,2024,64,1,0,700,2539-1182
2614450.91388358,1269819.8364628,2024,64,1,0,700,2614-1269
2571500,1203500,2023,64,20,0,700,2571-1203
2659845,1270723,2025,64,8,0,700,2659-1270
2659500,1270500,2022,64,,0,700,2659-1270
2660500,1270500,2025,57,,0,700,2660-1270
2660500,1270500,2025,57,40,0,700,2660-1270
2571500,1203500,2023,27,1,1,700,2571-1203
2660500,1270500,2023,27,,4,700,2660-1270
2539046.23780685,1182645.82975202,2021,64,1,0,700,2539-1182
2539046.23780685,1182645.82975202,2022,64,3,0,700,2539-1182
2580090.6502114,1212497.13430467,2024,64,13,0,700,2580-1212
2569686,1203517,2022,64,1,0,700,2569-1203
2659322,1271447,2025,57,20,0,700,2659-1271
2659107,1271417,2025,57,5,0,700,2659-1271
2660500,1270500,2024,27,10,2,700,2660-1270
2570500,1203500,2021,27,1,2,700,2570-1203
2572500,1204500,2024,64,2,0,700,2572-1204
2569500,1203500,2023,57,5,0,700,2569-1203
2570500,1203500,2024,70,,0,700,2570-1203
2539102,1182639,2025,70,6,0,700,2539-1182
2620500,1265500,2023,70,2,0,700,2620-1265
2670041,1242541,2022,27,2,1,700,2670-1242
2593933,1201636,2023,27,11,13,700,2593-1201
2659797,1270837,2024,27,7,1,700,2659-1270
2571447,1202384,2023,70,12,0,700,2571-1202
2570792,1202744,2025,70,1,0,700,2570-1202
2569023,1203258,2021,70,2,0,700,2569-1203
2539046.23780685,1182645.82975201,2025,70,3,0,700,2539-1182
2539405.23201616,1182388.82094445,2021,70,9,0,700,2539-1182
2539046.23780685,1182645.82975201,2024,70,27,0,700,2539-1182
2572754,1204491,2024,70,34,0,700,2572-1204
2539085.22708012,1182138.82746322,2025,70,1,0,700,2539-1182
2570171.55826185,1203620.27005927,2023,70,40,0,700,2570-1203
2659500,1270500,2024,70,4,0,700,2659-1270
2659743,1270861,2025,57,104,0,700,2659-1270
2659322,1271447,2025,57,20,0,700,2659-1271
2620500,1265500,2021,27,18,13,700,2620-1265
2575313.48974961,1258076.3403946,2025,27,2,2,700,2575-1258
2575313.48974961,1258076.3403946,2023,70,2,0,700,2575-1258
2575383.48559548,1257918.33890068,2022,27,1,2,700,2575-1257
2660500,1270500,2025,27,11,2,700,2660-1270
2659500,1270500,2024,70,10,0,700,2659-1270
2539046.23780685,1182645.82975202,2021,4,34,0,700,2539-1182
2539046.23780685,1182645.82975202,2021,4,33,0,700,2539-1182
2539046.23780685,1182645.82975201,2024,4,30,0,700,2539-1182
2539271.2361141,1182576.82448572,2021,4,34,0,700,2539-1182
2594474,1201707,2022,27,2,4,700,2594-1201
2614450.91388358,1269819.8364628,2025,70,3,0,700,2614-1269
2569500,1203500,2022,3,40,0,700,2569-1203
2660500,1270500,2021,4,18,0,700,2660-1270
2568500,1203500,2021,4,7,0,700,2568-1203
2662738,1273544,2025,27,2,4,700,2662-1273
2539046.23780685,1182645.82975202,2022,27,2,2,700,2539-1182
2655500,1272500,2021,4,2,0,700,2655-1272
2729782,1275437,2023,64,20,0,700,2729-1275
2570500,1203500,2025,3,9,0,700,2570-1203
2659730,1270926,2024,4,25,0,700,2659-1270
2659368,1271420,2023,4,96,0,700,2659-1271
2659805,1270748,2024,3,,0,700,2659-1270
2659381,1271454,2024,4,2,0,700,2659-1271
2569169,1196716,2025,4,2,0,700,2569-1196
2539046.23780685,1182645.82975201,2023,64,2,0,700,2539-1182
2560500,1194500,2025,33,4,13,700,2560-1194
2539046.23780685,1182645.82975201,2025,3,15,0,700,2539-1182
2539046.23780685,1182645.82975201,2024,3,39,0,700,2539-1182
2569147.44266037,1196706.26540992,2023,3,2,0,700,2569-1196
2659500,1271500,2022,64,4,0,700,2659-1271
2729500,1275500,2023,64,5,0,700,2729-1275
2614460,1269839,2024,64,1,0,700,2614-1269
2570500,1203500,2022,3,20,0,700,2570-1203
2659650,1270893,2024,64,2,0,700,2659-1270
2670500,1242500,2021,10,5,0,700,2670-1242
2570500,1203500,2021,70,,0,700,2570-1203
2659691,1270730,2024,70,31,0,700,2659-1270
2539046.23780685,1182645.82975202,2021,10,32,0,700,2539-1182
2539046.23780685,1182645.82975201,2024,10,,0,700,2539-1182
2627500,1268500,2021,33,1,2,700,2627-1268
2660500,1270500,2025,10,8,0,700,2660-1270
2659278,1271586,2024,10,45,0,700,2659-1271
2572887,1204483,2025,10,,0,700,2572-1204
2660500,1270500,2024,3,,0,700,2660-1270
2569091,1196718,2023,10,2,0,700,2569-1196
2660500,1270500,2021,70,1,0,700,2660-1270
2660500,1270500,2025,10,12,0,700,2660-1270
2569525.56262002,1203696.28167077,2021,10,24,0,700,2569-1203
2614450.91388358,1269819.8364628,2025,10,2,0,700,2614-1269
2539046.23780685,1182645.82975201,2023,70,1,0,700,2539-1182
2570171.55826185,1203620.27005927,2025,70,12,0,700,2570-1203
2728445,1280930,2025,3,20,0,700,2728-1280
2571693,1202401,2023,9,13,0,700,2571-1202
2659697,1270486,2025,10,8,0,700,2659-1270
2575313.48974961,1258076.3403946,2024,33,24,13,700,2575-1258
2571607,1202477,2025,10,3,0,700,2571-1202
2660500,1269500,2021,33,5,1,700,2660-1269
2660500,1270500,2022,9,6,0,700,2660-1270
2592500,1201500,2023,9,2,0,700,2592-1201
2539500,1182500,2025,70,3,0,700,2539-1182
2568955,1203277,2022,33,2,1,700,2568-1203
2660500,1270500,2021,10,20,0,700,2660-1270
2660500,1270500,2025,39,25,1,700,2660-1270
2660500,1270500,2025,39,,1,700,2660-1270
2660500,1270500,2024,15,1,0,700,2660-1270
2569359,1196801,2021,3,2,0,700,2569-1196
2660500,1270500,2025,39,,1,700,2660-1270
2539040,1182616,2022,9,16,0,700,2539-1182
2539144,1182667,2022,9,5,0,700,2539-1182
2660500,1270500,2021,39,10,1,700,2660-1270
2595500,1201500,2021,9,7,0,700,2595-1201
2660500,1270500,2022,3,17,0,700,2660-1270
2539046.23780685,1182645.82975201,2024,3,41,0,700,2539-1182
2539271.2361141,1182576.82448572,2021,3,37,0,700,2539-1182
2539405.23201617,1182388.82094444,2024,9,3,0,700,2539-1182
2539046.23780685,1182645.82975201,2024,9,57,0,700,2539-1182
2539046.23780685,1182645.82975201,2024,9,41,0,700,2539-1182
2539046.23780685,1182645.82975202,2021,15,3,0,700,2539-1182
2572297,1203817,2021,15,1,0,700,2572-1203
2575364,1258050,2022,15,3,0,700,2575-1258
2569617,1203181,2024,15,5,0,700,2569-1203
2539500,1182500,2021,15,17,0,700,2539-1182
2660500,1270500,2025,39,119,2,700,2660-1270
2620500,1265500,2021,3,9,0,700,2620-1265
2706700.42556257,1279761.87482541,2024,3,8,0,700,2706-1279
2614423,1269755,2022,15,1,0,700,2614-1269
2539046.23780685,1182645.82975201,2023,15,1,0,700,2539-1182
2569606,1203723,2024,15,3,0,700,2569-1203
2707391,1279233,2021,9,2,0,700,2707-1279
2728500,1280500,2021,3,6,0,700,2728-1280
2660500,1270500,2023,45,,0,700,2660-1270
2569500,1203500,2021,15,6,0,700,2569-1203
2660500,1270500,2023,15,12,0,700,2660-1270
2572865,1202867,2024,15,2,0,700,2572-1202
2659846,1270728,2025,15,3,0,700,2659-1270
2614460,1269839,2025,9,2,0,700,2614-1269
2614460,1269839,2024,9,2,0,700,2614-1269
2614460,1269839,2022,9,2,0,700,2614-1269
2614670,1269639,2023,9,3,0,700,2614-1269
2575313.48974961,1258076.3403946,2023,15,7,0,700,2575-1258
2659439,1271298,2023,9,200,0,700,2659-1271
2659856,1270319,2021,9,20,0,700,2659-1270
2659470,1271203,2024,9,12,0,700,2659-1271
2660166,1270332,2023,9,,0,700,2660-1270
2572500,1204500,2021,15,3,0,700,2572-1204
2539046.23780685,1182645.82975201,2024,9,45,0,700,2539-1182
2539046.23780685,1182645.82975201,2024,9,30,0,700,2539-1182
2539046.23780685,1182645.82975201,2024,9,54,0,700,2539-1182
2659500,1270500,2024,9,2,0,700,2659-1270
2660500,1270500,2025,45,,0,700,2660-1270
2570500,1203500,2024,15,1,0,700,2570-1203
2660500,1270500,2024,22,5,0,700,2660-1270
2660500,1270500,2021,45,50,0,700,2660-1270
2660500,1270500,2022,51,220,0,700,2660-1270
2539046.23780685,1182645.82975202,2021,22,3,0,700,2539-1182
2539091,1182654,2023,15,10,0,700,2539-1182
2539094,1182778,2021,15,16,0,700,2539-1182
2660500,1270500,2022,22,2,0,700,2660-1270
2660212,1269918,2025,51,125,0,700,2660-1269
2569500,1203500,2024,9,2,0,700,2569-1203
2660500,1270500,2025,51,40,0,700,2660-1270
2660500,1270500,2025,51,,0,700,2660-1270
2570553.53980193,1202655.26017326,2022,22,2,0,700,2570-1202
2539070,1182739,2021,51,6,0,700,2539-1182
2659500,1270500,2025,51,50,0,700,2659-1270
2620500,1265500,2022,51,32,0,700,2620-1265
2660036,1270147,2023,22,2,0,700,2660-1270
2660195,1270243,2021,22,2,0,700,2660-1270
2660500,1270500,2025,51,400,0,700,2660-1270
2660500,1270500,2023,51,,0,700,2660-1270
2575001,1258116,2025,22,2,0,700,2575-1258
2575340,1257440,2022,22,1,0,700,2575-1257
2570500,1203500,2022,15,8,0,700,2570-1203
2568500,1203500,2021,15,1,0,700,2568-1203
2575313.48974961,1258076.34039461,2022,15,4,0,700,2575-1258
2594834,1201391,2021,51,2,0,700,2594-1201
2570553.53980193,1202655.26017326,2022,15,7,0,700,2570-1202
2660500,1270500,2023,15,12,0,700,2660-1270
2575383.48559548,1257918.33890068,2021,51,10,0,700,2575-1257
2570500,1203500,2023,22,1,0,700,2570-1203
2568500,1203500,2021,22,2,0,700,2568-1203
2660500,1270500,2025,21,3,0,700,2660-1270
2594621,1201602,2023,51,1,0,700,2594-1201
2727500,1280500,2022,22,2,0,700,2727-1280
2575313.48974961,1258076.34039461,2022,22,1,0,700,2575-1258
2631562,1270432,2025,21,3,0,700,2631-1270
2575313.48974961,1258076.3403946,2025,22,4,0,700,2575-1258
2575313.48974961,1258076.3403946,2023,22,2,0,700,2575-1258
2691468.89796345,1247582.63851963,2021,22,1,0,700,2691-1247
2614590,1269719,2025,15,1,0,700,2614-1269
2572849,1202865,2023,22,1,0,700,2572-1202
2660500,1270500,2025,51,,0,700,2660-1270
2660500,1270500,2025,15,10,0,700,2660-1270
2728500,1280500,2023,15,2,0,700,2728-1280
2594689,1201970,2021,57,2,0,700,2594-1201
2593073,1201259,2023,57,1,0,700,2593-1201
2572656,1206692,2021,28,2,7,700,2572-1206
2660015,1270547,2022,15,7,0,700,2660-1270
2659684,1270743,2023,15,12,0,700,2659-1270
2659654,1270544,2022,15,6,0,700,2659-1270
2660500,1270500,2022,57,10,0,700,2660-1270
2659741,1270404,2022,15,6,0,700,2659-1270
2659599,1270613,2022,15,6,0,700,2659-1270
2659842,1270764,2023,15,9,0,700,2659-1270
2660178,1270392,2025,15,4,0,700,2660-1270
2660500,1270500,2023,15,12,0,700,2660-1270
2539046.23780685,1182645.82975202,2022,15,2,0,700,2539-1182
2539046.23780685,1182645.82975202,2021,15,14,0,700,2539-1182
2539046.23780685,1182645.82975202,2021,15,10,0,700,2539-1182
2569644.55120499,1203073.27749822,2023,15,6,0,700,2569-1203
2660500,1270500,2025,57,,0,700,2660-1270
2659500,1270500,2023,57,,0,700,2659-1270
2570548,1202652,2022,15,7,0,700,2570-1202
2660500,1269500,2025,57,,0,700,2660-1269
2660261,1269868,2025,28,1,1,700,2660-1269
2660215,1269926,2021,28,2,2,700,2660-1269
2660409,1269877,2021,28,4,2,700,2660-1269
2660035,1270176,2025,28,6,13,700,2660-1270
2572792,1204158,2021,21,2,0,700,2572-1204
2594500,1201500,2025,57,8,0,700,2594-1201
2660500,1270500,2024,21,9,0,700,2660-1270
2571800,1202176,2022,28,2,2,700,2571-1202
2703500,1282500,2024,57,2,0,700,2703-1282
2660500,1270500,2022,57,100,0,700,2660-1270
2660500,1270500,2023,21,,0,700,2660-1270
2569500,1203500,2023,57,2,0,700,2569-1203
2575313.48974961,1258076.3403946,2025,28,2,2,700,2575-1258
2575383.48559548,1257918.33890068,2023,28,2,5,700,2575-1257
2539046.23780685,1182645.82975202,2021,21,1,0,700,2539-1182
2660500,1270500,2021,57,,0,700,2660-1270
2569301,1203608,2023,57,1,0,700,2569-1203
2569599,1203704,2021,57,12,0,700,2569-1203
2569373,1203693,2023,57,2,0,700,2569-1203
2707827,1279033,2022,64,4,0,700,2707-1279
2620500,1265500,2022,21,16,0,700,2620-1265
2575383.48559548,1257918.33890068,2024,21,3,0,700,2575-1257
2589265,1208779,2024,34,3,2,700,2589-1208
2660500,1270500,2024,21,5,0,700,2660-1270
2660500,1270500,2023,21,8,0,700,2660-1270
2660500,1270500,2022,64,4,0,700,2660-1270
2570500,1203500,2021,34,2,1,700,2570-1203
2627500,1268500,2024,64,40,0,700,2627-1268
2594500,1201500,2024,21,1,0,700,2594-1201
2575383.48559548,1257918.33890068,2024,34,,1,700,2575-1257
2575313.48974961,1258076.3403946,2025,64,2,0,700,2575-1258
2660032,1270493,2024,21,3,0,700,2660-1270
2570500,1203500,2023,34,11,13,700,2570-1203
2614460,1269839,2021,21,1,0,700,2614-1269
2614460,1269839,2024,21,1,0,700,2614-1269
2575383.48559548,1257918.33890068,2022,34,1,1,700,2575-1257
2575313.48974961,1258076.3403946,2025,34,1,1,700,2575-1258
2575383.48559548,1257918.33890068,2023,34,,19,700,2575-1257
2575383.48559548,1257918.33890068,2024,34,24,13,700,2575-1257
2594500,1201500,2025,21,2,0,700,2594-1201
2589308.53755816,1208834.98463799,2024,21,2,0,700,2589-1208
2569500,1203500,2021,70,2,0,700,2569-1203
2570510,1203886,2023,21,2,0,700,2570-1203
2659780,1270787,2025,21,1,0,700,2659-1270
2659805,1270928,2024,21,10,0,700,2659-1270
2539133,1182871,2025,70,3,0,700,2539-1182
2539036,1182603,2022,70,12,0,700,2539-1182
2530492.55861984,1151314.97699336,2022,27,2,2,700,2530-1151
2660500,1270500,2022,70,10,0,700,2660-1270
2659455,1271344,2021,40,6,2,700,2659-1271
2659759,1270397,2021,40,12,2,700,2659-1270
2627730,1268461,2021,70,70,0,700,2627-1268
2660056,1270106,2025,27,3,2,700,2660-1270
2678743.88625199,1261738.64812515,2024,21,2,0,700,2678-1261
2569147.44266037,1196706.26540992,2022,27,9,13,700,2569-1196
2575313.48974961,1258076.3403946,2024,40,8,13,700,2575-1258
2575383.48559548,1257918.33890068,2021,40,1,1,700,2575-1257
2575383.48559548,1257918.33890068,2023,40,4,1,700,2575-1257
2539046.23780685,1182645.82975202,2021,70,9,0,700,2539-1182
2569691,1203513,2024,27,1,2,700,2569-1203
2580500,1212500,2025,3,25,0,700,2580-1212
2539054,1182654,2021,27,2,1,700,2539-1182
2620500,1265500,2021,46,2,0,700,2620-1265
2660374,1270048,2025,27,2,1,700,2660-1270
2660380,1269877,2023,27,1,1,700,2660-1269
2660285,1269857,2025,27,1,2,700,2660-1269
2660218,1269914,2021,46,90,0,700,2660-1269
2594761,1201570,2024,3,3,0,700,2594-1201
2660218,1269914,2022,46,,0,700,2660-1269
2660289,1270023,2024,46,,0,700,2660-1270
2575313.48974961,1258076.3403946,2024,27,11,13,700,2575-1258
2580558,1212732,2024,3,60,0,700,2580-1212
2660500,1270500,2025,27,15,13,700,2660-1270
2660500,1270500,2022,21,2,0,700,2660-1270
2659500,1270500,2024,21,7,0,700,2659-1270
2660500,1270500,2024,21,5,0,700,2660-1270
2633754,1268363,2023,27,2,1,700,2633-1268
2579885,1212273,2021,21,1,0,700,2579-1212
2539151,1182682,2023,3,37,0,700,2539-1182
2660500,1270500,2025,21,2,0,700,2660-1270
2539046.23780685,1182645.82975202,2022,21,1,0,700,2539-1182
2570500,1203500,2022,3,23,0,700,2570-1203
2570171.55826185,1203620.27005927,2021,46,1,0,700,2570-1203
2729500,1275500,2023,27,2,1,700,2729-1275
2659711,1270703,2024,46,249,0,700,2659-1270
2659828,1270777,2025,46,13,0,700,2659-1270
2659828,1270777,2025,46,13,0,700,2659-1270
2575313.48974961,1258076.3403946,2023,46,1,0,700,2575-1258
2627500,1268500,2021,3,6,0,700,2627-1268
2660500,1270500,2024,3,71,0,700,2660-1270
2660500,1270500,2024,3,57,0,700,2660-1270
2660283,1269970,2025,52,15,0,700,2660-1269
2575383.48559548,1257918.33890068,2021,27,2,1,700,2575-1257
2589308.53755816,1208834.984638,2022,27,1,2,700,2589-1208
2660222,1269924,2023,52,,0,700,2660-1269
2660254,1269954,2025,52,9,0,700,2660-1269
2659526,1271524,2023,52,,0,700,2659-1271
2569525.56262002,1203696.28167077,2023,52,8,0,700,2569-1203
2539046.23780685,1182645.82975202,2022,3,11,0,700,2539-1182
2539046.23780685,1182645.82975202,2022,3,11,0,700,2539-1182
2620717.75996161,1265315.77940843,2022,9,2,0,700,2620-1265
2660500,1269500,2021,33,,1,700,2660-1269
2729500,1275500,2025,33,2,1,700,2729-1275
2660500,1270500,2023,33,,4,700,2660-1270
2575352,1257945,2022,52,2,0,700,2575-1257
2569133,1203216,2023,52,1,0,700,2569-1203
2570500,1203500,2022,9,,0,700,2570-1203
2539046.23780685,1182645.82975201,2023,52,3,0,700,2539-1182
2569500,1203500,2023,52,1,0,700,2569-1203
2593711,1201846,2022,9,2,0,700,2593-1201
2575383.48559548,1257918.33890068,2022,52,2,0,700,2575-1257
2659595,1270973,2025,52,40,0,700,2659-1270
2678517,1261639,2024,52,2,0,700,2678-1261
2659338,1271288,2025,52,40,0,700,2659-1271
2659754,1270636,2024,52,136,0,700,2659-1270
2678511,1261680,2024,33,5,2,700,2678-1261
2569488,1203442,2024,33,1,2,700,2569-1203
2660230,1270015,2025,58,25,0,700,2660-1270
2659500,1270500,2024,58,,0,700,2659-1270
2660500,1270500,2022,9,2,0,700,2660-1270
2660421,1269857,2021,33,23,2,700,2660-1269
2570112,1203585,2023,27,1,1,700,2570-1203
2570871,1203057,2022,27,2,4,700,2570-1203
2570142,1203571,2023,27,1,1,700,2570-1203
2703399,1282367,2023,9,29,0,700,2703-1282
2572786,1202826,2022,27,1,2,700,2572-1202
2539046.23780685,1182645.82975202,2022,9,16,0,700,2539-1182
2633263,1268736,2021,33,3,13,700,2633-1268
2560500,1194500,2021,33,2,6,700,2560-1194
2570500,1203500,2024,9,40,0,700,2570-1203
2569500,1203500,2023,27,1,1,700,2569-1203
2706951,1279515,2022,9,2,0,700,2706-1279
2707490,1279251,2021,9,4,0,700,2707-1279
2570500,1203500,2022,58,12,0,700,2570-1203
2569094,1203175,2022,58,12,0,700,2569-1203
2568819,1203464,2022,58,7,0,700,2568-1203
2670300.06850856,1242299.56432465,2023,33,2,2,700,2670-1242
2670297,1242363,2023,33,2,2,700,2670-1242
2539054,1182549,2023,15,1,0,700,2539-1182
2539036,1182609,2022,15,2,0,700,2539-1182
2569500,1203500,2021,15,1,0,700,2569-1203
2575313.48974961,1258076.3403946,2025,58,2,0,700,2575-1258
2660220,1269916,2025,39,13,1,700,2660-1269
2703052.41330683,1281686.85305131,2021,58,14,0,700,2703-1281
2539046.23780685,1182645.82975202,2021,58,2,0,700,2539-1182
2614460,1269839,2025,33,13,13,700,2614-1269
2660500,1270500,2021,58,123,0,700,2660-1270
2660500,1270500,2025,39,50,2,700,2660-1270
2746500,1268500,2023,15,2,0,700,2746-1268
2660301,1270043,2025,39,100,2,700,2660-1270
2593671,1201509,2022,64,2,0,700,2593-1201
2660500,1270500,2021,33,23,2,700,2660-1270
2660500,1270500,2025,39,,2,700,2660-1270
2579335.42108767,1257966.27243105,2024,64,2,0,700,2579-1257
2660500,1269500,2025,39,,2,700,2660-1269
2614450.91388358,1269819.8364628,2024,64,1,0,700,2614-1269
2572753,1202748,2025,64,18,0,700,2572-1202
2570681,1202943,2024,64,2,0,700,2570-1202
2660500,1270500,2023,15,12,0,700,2660-1270
2660500,1270500,2023,64,10,0,700,2660-1270
2575223,1257805,2024,64,4,0,700,2575-1257
2570500,1202500,2022,15,6,0,700,2570-1202
2659404,1271063,2025,33,23,1,700,2659-1271
2729500,1275500,2023,64,8,0,700,2729-1275
2660500,1270500,2023,15,12,0,700,2660-1270
2658523,1272056,2022,33,2,1,700,2658-1272
2660500,1270500,2023,15,12,0,700,2660-1270
2660500,1270500,2023,45,289,0,700,2660-1270
2746500,1268500,2025,15,3,0,700,2746-1268
2575383.48559548,1257918.33890068,2024,64,1,0,700,2575-1257
2660500,1270500,2025,45,,0,700,2660-1270
2570500,1203500,2024,33,1,2,700,2570-1203
2569273,1203329,2021,45,2,0,700,2569-1203
2660500,1270500,2025,39,100,2,700,2660-1270
2539046.23780685,1182645.82975202,2022,15,2,0,700,2539-1182
2660026,1270066,2025,45,,0,700,2660-1270
2570553.53980193,1202655.26017325,2023,45,2,0,700,2570-1202
2660500,1270500,2025,39,,1,700,2660-1270
2659849,1270706,2023,70,23,0,700,2659-1270
2660500,1270500,2024,70,50,0,700,2660-1270
2660500,1269500,2023,39,90,2,700,2660-1269
2539046.23780685,1182645.82975202,2021,15,16,0,700,2539-1182
2570553.53980193,1202655.26017326,2022,15,8,0,700,2570-1202
2570553.53980193,1202655.26017325,2023,15,2,0,700,2570-1202
2575313.48974961,1258076.3403946,2024,15,2,0,700,2575-1258
2539046.23780685,1182645.82975202,2022,70,25,0,700,2539-1182
2660115,1270308,2025,39,50,1,700,2660-1270
2659809,1270536,2025,39,,1,700,2659-1270
2660063,1270456,2025,39,20,2,700,2660-1270
2659863,1270418,2025,39,,2,700,2659-1270
2691539,1247636,2021,21,1,0,700,2691-1247
2691454,1247598,2021,21,1,0,700,2691-1247
2569098,1203137,2022,4,4,0,700,2569-1203
2561108,1195270,2024,52,1,0,700,2561-1195
2660500,1270500,2024,21,10,0,700,2660-1270
2569529,1203439,2025,52,1,0,700,2569-1203
2569436,1203656,2025,52,1,0,700,2569-1203
2539046.23780685,1182645.82975201,2023,52,3,0,700,2539-1182
2660500,1270500,2025,39,,1,700,2660-1270
2660500,1270500,2024,39,20,2,700,2660-1270
2660500,1270500,2025,21,1,0,700,2660-1270
2659978,1270284,2025,39,20,2,700,2659-1270
2659870,1270423,2025,39,25,2,700,2659-1270
2659761,1270889,2025,39,35,2,700,2659-1270
2659835,1270759,2023,45,12,0,700,2659-1270
2659489,1271183,2021,45,4,0,700,2659-1271
2659713,1270326,2021,45,25,0,700,2659-1270
2659780,1270866,2025,45,132,0,700,2659-1270
2659282,1271472,2023,45,140,0,700,2659-1271
2659843,1270733,2023,45,289,0,700,2659-1270
2660500,1270500,2025,52,200,0,700,2660-1270
2660500,1270500,2021,52,120,0,700,2660-1270
2702659.41195306,1281914.8508067,2021,4,6,0,700,2702-1281
2659806,1270789,2025,52,,0,700,2659-1270
2678515.88908633,1261671.64722243,2023,45,1,0,700,2678-1261
2570418,1203149,2023,21,2,7,700,2570-1203
2569500,1203500,2021,4,2,0,700,2569-1203
2660500,1270500,2022,45,200,0,700,2660-1270
2579335.42108767,1257966.27243106,2021,52,4,0,700,2579-1257
2539046.23780685,1182645.82975202,2021,4,35,0,700,2539-1182
2575383.48559548,1257918.33890068,2021,52,2,0,700,2575-1257
2703191,1281709,2021,4,8,0,700,2703-1281
2728440.3713799,1280910.09081376,2022,21,2,0,700,2728-1280
2660313,1270059,2021,52,50,0,700,2660-1270
2660172,1269921,2025,52,,0,700,2660-1269
2595522,1201354,2025,21,1,0,700,2595-1201
2539500,1182500,2022,4,11,0,700,2539-1182
2614460,1269839,2024,45,1,0,700,2614-1269
2729500,1275500,2024,4,20,0,700,2729-1275
2570500,1203500,2023,10,2,0,700,2570-1203
2659428,1271161,2024,45,150,0,700,2659-1271
2659500,1270500,2024,58,,0,700,2659-1270
2568981,1203257,2025,10,15,0,700,2568-1203
2593521,1201761,2023,21,1,0,700,2593-1201
2759999.99367169,1263000.27822094,2021,10,2,0,700,2759-1263
2594353,1201704,2021,21,1,0,700,2594-1201
2580477,1212634,2021,10,45,0,700,2580-1212
2570500,1203500,2025,58,2,0,700,2570-1203
2571781,1202180,2023,10,44,0,700,2571-1202
2659856,1270687,2021,10,3,0,700,2659-1270
2572799,1202823,2021,10,6,0,700,2572-1202
2659755,1270902,2025,10,2,0,700,2659-1270
2570915,1202750,2025,10,7,0,700,2570-1202
2569753,1203435,2025,52,1,0,700,2569-1203
2659760,1270624,2024,10,10,0,700,2659-1270
2627500,1268500,2021,10,79,0,700,2627-1268
2572730,1204510,2025,10,6,0,700,2572-1204
2614460,1269839,2021,52,2,0,700,2614-1269
2614450.91388358,1269819.83646281,2021,10,2,0,700,2614-1269
2539046.23780685,1182645.82975202,2021,10,32,0,700,2539-1182
2539046.23780685,1182645.82975202,2021,10,36,0,700,2539-1182
2539046.23780685,1182645.82975201,2024,10,41,0,700,2539-1182
2660500,1270500,2021,52,150,0,700,2660-1270
2658902,1271678,2025,52,9,0,700,2658-1271
2659957,1270591,2025,52,200,0,700,2659-1270
2659517,1270927,2025,52,200,0,700,2659-1270
2659362,1271376,2025,52,150,0,700,2659-1271
2659262,1271247,2025,52,100,0,700,2659-1271
2575383.48559548,1257918.33890068,2024,21,4,0,700,2575-1257
2660179,1270412,2025,52,,0,700,2660-1270
2660500,1270500,2025,16,6,0,700,2660-1270
2539046.23780685,1182645.82975201,2023,52,8,0,700,2539-1182
2569147.44266037,1196706.26540992,2022,58,2,0,700,2569-1196
2660500,1270500,2024,58,200,0,700,2660-1270
2655500,1272500,2024,16,3,0,700,2655-1272
2660500,1270500,2025,16,10,0,700,2660-1270
2660500,1270500,2025,52,,0,700,2660-1270
2568671,1203435,2023,16,2,0,700,2568-1203
2568816,1203452,2023,16,1,0,700,2568-1203
2572937,1202868,2022,16,1,0,700,2572-1202
2571317,1202054,2024,16,2,0,700,2571-1202
2571401,1202130,2021,16,4,0,700,2571-1202
2660040,1270360,2025,16,2,0,700,2660-1270
2569414,1203066,2023,58,19,0,700,2569-1203
2594641,1201518,2024,21,2,0,700,2594-1201
2593602,1201540,2024,21,2,0,700,2593-1201
2659610,1270995,2024,16,1,0,700,2659-1270
2660130,1270801,2025,16,8,0,700,2660-1270
2660500,1270500,2025,52,,0,700,2660-1270
2660500,1270500,2025,52,500,0,700,2660-1270
2539147,1182672,2023,52,8,0,700,2539-1182
2569600,1203723,2024,16,1,0,700,2569-1203
2575383.48559548,1257918.33890068,2023,16,26,0,700,2575-1257
2569500,1203500,2021,64,23,0,700,2569-1203
2569147.44266037,1196706.26540992,2022,64,2,0,700,2569-1196
2660383,1269966,2024,16,2,0,700,2660-1269
2660500,1270500,2025,58,118,0,700,2660-1270
2539046.23780685,1182645.82975202,2021,16,6,0,700,2539-1182
2539046.23780685,1182645.82975202,2021,22,2,0,700,2539-1182
2589234,1208809,2024,22,2,0,700,2589-1208
2569713,1203368,2024,22,2,0,700,2569-1203
2729500,1275500,2025,70,14,0,700,2729-1275
2729500,1275500,2024,27,2,1,700,2729-1275
2660500,1270500,2021,27,2,1,700,2660-1270
2614460,1269839,2021,58,2,0,700,2614-1269
2707779,1279030,2025,70,6,0,700,2707-1279
2659787,1270566,2024,58,,0,700,2659-1270
2539016,1182567,2025,70,3,0,700,2539-1182
2539356,1182210,2025,70,3,0,700,2539-1182
2539370,1182313,2025,70,3,0,700,2539-1182
2572692,1202803,2024,27,1,1,700,2572-1202
2572500,1203500,2025,70,20,0,700,2572-1203
2660500,1270500,2021,58,230,0,700,2660-1270
2660500,1270500,2022,27,4,2,700,2660-1270
2660500,1270500,2024,58,80,0,700,2660-1270
2660625,1269738,2023,70,15,0,700,2660-1269
2579335.42108767,1257966.27243105,2023,58,4,0,700,2579-1257
2572707,1202778,2024,22,1,0,700,2572-1202
2539046.23780685,1182645.82975201,2024,70,24,0,700,2539-1182
2539046.23780685,1182645.82975201,2025,70,3,0,700,2539-1182
2539046.23780685,1182645.82975201,2024,70,12,0,700,2539-1182
2539046.23780685,1182645.82975201,2025,70,3,0,700,2539-1182
2539271.2361141,1182576.82448572,2025,70,3,0,700,2539-1182
2539271.2361141,1182576.82448572,2025,70,3,0,700,2539-1182
2539046.23780685,1182645.82975201,2025,70,3,0,700,2539-1182
2659494,1270962,2025,22,2,0,700,2659-1270
2659782,1270830,2024,22,4,0,700,2659-1270
2539046.23780685,1182645.82975201,2025,70,3,0,700,2539-1182
2660500,1270500,2024,27,18,2,700,2660-1270
2660500,1270500,2023,3,54,0,700,2660-1270
2570500,1203500,2021,58,11,0,700,2570-1203
2575339,1257973,2023,3,150,0,700,2575-1257
2660500,1270500,2025,27,15,13,700,2660-1270
2575313.48974961,1258076.3403946,2025,27,1,1,700,2575-1258
2570309,1203037,2024,3,6,0,700,2570-1203
2660500,1270500,2024,27,18,2,700,2660-1270
2569500,1203500,2023,58,10,0,700,2569-1203
2659956,1270656,2024,58,80,0,700,2659-1270
2580543,1212396,2021,22,2,0,700,2580-1212
2570171.55826185,1203620.27005927,2023,27,1,1,700,2570-1203
2594689,1201609,2023,27,3,4,700,2594-1201
2575313.48974961,1258076.3403946,2024,22,5,0,700,2575-1258
2771200.02206418,1183899.76452876,2021,22,4,0,700,2771-1183
2594500,1201500,2024,3,3,0,700,2594-1201
2746107,1268812,2023,22,2,0,700,2746-1268
2660500,1270500,2022,64,21,0,700,2660-1270
2561500,1194500,2021,33,2,1,700,2561-1194
2569500,1203500,2021,64,28,0,700,2569-1203
2580500,1212500,2025,3,12,0,700,2580-1212
2660500,1270500,2023,3,20,0,700,2660-1270
2569500,1203500,2022,64,8,0,700,2569-1203
2594500,1201500,2022,33,10,4,700,2594-1201
2659952,1270381,2021,64,1,0,700,2659-1270
2658932,1272824,2022,64,19,0,700,2658-1272
2569147.44266037,1196706.26540992,2023,3,2,0,700,2569-1196
2539046.23780685,1182645.82975201,2025,3,11,0,700,2539-1182
2659712,1270706,2025,64,2,0,700,2659-1270
2570500,1203500,2022,28,2,2,700,2570-1203
2593681,1201563,2025,33,4,4,700,2593-1201
2594670,1201619,2022,33,10,2,700,2594-1201
2620500,1265500,2021,9,150,0,700,2620-1265
2572500,1202500,2024,28,1,1,700,2572-1202
2620500,1265500,2021,28,17,13,700,2620-1265
2627500,1268500,2021,28,2,2,700,2627-1268
2539046.23780685,1182645.82975201,2024,64,8,0,700,2539-1182
2561323.44015893,1195110.40378658,2021,33,2,1,700,2561-1195
2569379,1203273,2022,28,4,2,700,2569-1203
2620717.75996161,1265315.77940843,2024,64,2,0,700,2620-1265
2660500,1270500,2021,9,50,0,700,2660-1270
2569644,1203073,2022,28,2,2,700,2569-1203
2660172,1270378,2025,28,1,1,700,2660-1270
2572843,1202759,2021,28,3,2,700,2572-1202
2572597,1202929,2024,28,,19,700,2572-1202
2660244,1269988,2025,28,2,1,700,2660-1269
2659500,1270500,2025,39,,1,700,2659-1270
2575383.48559548,1257918.33890068,2025,28,1,1,700,2575-1257
2575383.48559548,1257918.33890068,2024,28,13,13,700,2575-1257
2575383.48559548,1257918.33890068,2023,28,2,1,700,2575-1257
2575383.48559548,1257918.33890068,2021,28,7,13,700,2575-1257
2575313.48974961,1258076.3403946,2023,28,2,2,700,2575-1258
2569500,1203500,2022,64,2,0,700,2569-1203
2660500,1270500,2025,9,8,0,700,2660-1270
2575383.48559548,1257918.33890068,2025,28,1,2,700,2575-1257
2729500,1275500,2023,64,15,0,700,2729-1275
2569500,1203500,2022,64,1,0,700,2569-1203
2569500,1203500,2022,64,16,0,700,2569-1203
2614460,1269839,2025,70,2,0,700,2614-1269
2659500,1270500,2022,34,,1,700,2659-1270
2660500,1270500,2023,45,,0,700,2660-1270
2660500,1270500,2025,45,,0,700,2660-1270
2580090.6502114,1212497.13430467,2022,15,5,0,700,2580-1212
2575462,1257909,2025,34,2,1,700,2575-1257
2660500,1270500,2024,45,,0,700,2660-1270
2691476,1247730,2021,34,2,2,700,2691-1247
2539500,1182500,2025,70,3,0,700,2539-1182
2569500,1203500,2021,15,3,0,700,2569-1203
2572500,1202500,2025,15,2,0,700,2572-1202
2572762,1204480,2024,70,36,0,700,2572-1204
2658944,1272447,2025,70,6,0,700,2658-1272
2658934,1272391,2025,70,2,0,700,2658-1272
2572888,1202921,2025,70,40,0,700,2572-1202
2575313.48974961,1258076.3403946,2023,45,1,0,700,2575-1258
2575383.48559548,1257918.33890068,2025,34,1,1,700,2575-1257
2658924,1271860,2022,70,3,0,700,2658-1271
2655500,1272500,2021,40,2,2,700,2655-1272
2572500,1204500,2024,70,30,0,700,2572-1204
2660500,1270500,2024,52,,0,700,2660-1270
2539046.23780685,1182645.82975201,2025,70,3,0,700,2539-1182
2539271.2361141,1182576.82448572,2025,70,3,0,700,2539-1182
2659704,1270714,2025,52,,0,700,2659-1270
2659500,1270500,2025,52,80,0,700,2659-1270
2594830,1201574,2021,52,2,0,700,2594-1201
2594758,1201585,2025,52,1,0,700,2594-1201
2571339,1202706,2025,15,8,0,700,2571-1202
2575383.48559548,1257918.33890068,2023,40,14,1,700,2575-1257
2575313.48974961,1258076.3403946,2025,40,1,1,700,2575-1258
2620717.75996161,1265315.77940843,2021,70,32,0,700,2620-1265
2660500,1269500,2021,46,100,0,700,2660-1269
2660500,1270500,2025,52,250,0,700,2660-1270
2660500,1270500,2025,46,,0,700,2660-1270
2660057,1270546,2024,46,3,0,700,2660-1270
2660500,1270500,2021,46,140,0,700,2660-1270
2660500,1270500,2025,46,40,0,700,2660-1270
2539060,1182628,2022,15,2,0,700,2539-1182
2660054,1270547,2024,46,,0,700,2660-1270
2539057,1182738,2021,15,15,0,700,2539-1182
2660215,1269919,2024,46,,0,700,2660-1269
2660176,1270311,2024,46,50,0,700,2660-1270
2660344,1269896,2024,46,98,0,700,2660-1269
2660291,1269859,2022,52,30,0,700,2660-1269
2660304,1269978,2024,52,12,0,700,2660-1269
2575296,1257689,2022,52,2,0,700,2575-1257
2727648,1280383,2024,3,2,0,700,2727-1280
2660500,1270500,2022,52,,0,700,2660-1270
2539046.23780685,1182645.82975202,2021,15,12,0,700,2539-1182
2678507,1261673,2024,52,2,0,700,2678-1261
2660500,1270500,2022,52,,0,700,2660-1270
2660500,1269500,2023,52,,0,700,2660-1269
2729500,1275500,2023,52,20,0,700,2729-1275
2659500,1270500,2025,52,,0,700,2659-1270
2539046.23780685,1182645.82975201,2023,52,8,0,700,2539-1182
2539046.23780685,1182645.82975202,2021,52,1,0,700,2539-1182
2660500,1270500,2021,52,,0,700,2660-1270
2659256,1271548,2024,3,,0,700,2659-1271
2659386,1271344,2023,3,,0,700,2659-1271
2539046.23780685,1182645.82975202,2022,58,2,0,700,2539-1182
2533232,1174929,2021,15,2,0,700,2533-1174
2570500,1203500,2023,52,1,0,700,2570-1203
2627500,1268500,2022,52,1,0,700,2627-1268
2575313.48974961,1258076.3403946,2023,52,15,0,700,2575-1258
2575313.48974961,1258076.3403946,2025,52,4,0,700,2575-1258
2659297,1271516,2023,3,56,0,700,2659-1271
2659929,1270650,2023,3,28,0,700,2659-1270
2571645,1203264,2023,58,21,0,700,2571-1203
2614384,1269817,2024,58,1,0,700,2614-1269
2678743.88625199,1261738.64812515,2024,58,2,0,700,2678-1261
2660211,1270070,2025,58,80,0,700,2660-1270
2568952,1203343,2022,58,2,0,700,2568-1203
2569374,1203300,2024,58,7,0,700,2569-1203
2569375,1203300,2021,58,8,0,700,2569-1203
2569408,1203289,2021,58,4,0,700,2569-1203
2594167,1201673,2025,58,8,0,700,2594-1201
2660500,1270500,2024,58,40,0,700,2660-1270
2569620,1203733,2023,58,5,0,700,2569-1203
2660500,1270500,2024,3,20,0,700,2660-1270
2569500,1203500,2023,3,1,0,700,2569-1203
2614450.91388358,1269819.83646281,2021,58,2,0,700,2614-1269
2530649.55307568,1151052.9731533,2021,58,2,0,700,2530-1151
2660500,1270500,2025,21,9,0,700,2660-1270
2570500,1203500,2024,3,2,0,700,2570-1203
2569751,1203433,2022,58,2,0,700,2569-1203
2659218,1271279,2025,58,24,0,700,2659-1271
2660044,1270157,2025,58,80,0,700,2660-1270
2659725,1270682,2025,58,3,0,700,2659-1270
2659709,1270704,2025,58,11,0,700,2659-1270
2575383.48559548,1257918.33890068,2022,58,4,0,700,2575-1257
2575383.48559548,1257918.33890068,2023,58,2,0,700,2575-1257
2575313.48974961,1258076.34039461,2021,58,14,0,700,2575-1258
2660500,1270500,2021,58,70,0,700,2660-1270
2703052.41330683,1281686.85305131,2021,58,16,0,700,2703-1281
2660500,1270500,2023,21,15,0,700,2660-1270
2660500,1270500,2024,65,2,0,700,2660-1270
2539046.23780685,1182645.82975202,2021,65,1,0,700,2539-1182
2539046.23780685,1182645.82975201,2024,3,40,0,700,2539-1182
2575383.48559548,1257918.33890068,2021,58,6,0,700,2575-1257
2620717.75996161,1265315.77940843,2022,3,2,0,700,2620-1265
2594739,1201547,2023,64,4,0,700,2594-1201
2594696,1201697,2023,64,4,0,700,2594-1201
2569610,1203634,2024,9,2,0,700,2569-1203
2575313.48974961,1258076.3403946,2025,64,2,0,700,2575-1258
2579335.42108767,1257966.27243106,2021,21,2,0,700,2579-1257
2633043,1268333,2022,21,2,0,700,2633-1268
2660500,1270500,2021,21,2,0,700,2660-1270
2620229,1265190,2022,64,3,0,700,2620-1265
2571426,1202653,2023,71,90,0,700,2571-1202
2659657,1270768,2023,71,,0,700,2659-1270
2660182,1270340,2023,71,27,0,700,2660-1270
2660089,1270252,2023,71,6,0,700,2660-1270
2660500,1270500,2023,71,6,0,700,2660-1270
2659565,1271050,2025,9,2,0,700,2659-1271
2575383.48559548,1257918.33890068,2023,71,2,0,700,2575-1257
2659545,1271111,2025,9,2,0,700,2659-1271
2660500,1270500,2022,64,33,0,700,2660-1270
2660500,1270500,2025,64,14,0,700,2660-1270
2568895,1203016,2025,4,3,0,700,2568-1203
2568953,1203286,2023,4,3,0,700,2568-1203
2728440.3713799,1280910.09081375,2023,21,2,0,700,2728-1280
2539046.23780685,1182645.82975202,2021,4,30,0,700,2539-1182
2539046.23780685,1182645.82975202,2021,4,,0,700,2539-1182
2539046.23780685,1182645.82975202,2021,64,1,0,700,2539-1182
2570500,1203500,2024,64,1,0,700,2570-1203
2539046.23780685,1182645.82975202,2022,4,9,0,700,2539-1182
2569641,1203728,2025,4,80,0,700,2569-1203
2659675,1270979,2024,9,17,0,700,2659-1270
2569500,1203500,2022,70,30,0,700,2569-1203
2539046.23780685,1182645.82975202,2021,21,2,0,700,2539-1182
2569557,1203227,2021,9,,0,700,2569-1203
2569756,1203436,2025,4,80,0,700,2569-1203
2660500,1270500,2023,4,20,0,700,2660-1270
2655500,1272500,2024,70,3,0,700,2655-1272
2575383.48559548,1257918.33890068,2025,4,2,0,700,2575-1257
2706500,1279500,2023,10,2,0,700,2706-1279
2569500,1203500,2024,10,7,0,700,2569-1203
2539046.23780685,1182645.82975202,2022,70,23,0,700,2539-1182
2539405.23201616,1182388.82094445,2021,10,4,0,700,2539-1182
2539046.23780685,1182645.82975202,2021,10,30,0,700,2539-1182
2539046.23780685,1182645.82975202,2021,10,31,0,700,2539-1182
2539046.23780685,1182645.82975201,2024,10,34,0,700,2539-1182
2539271.2361141,1182576.82448572,2022,10,12,0,700,2539-1182
2539046.23780685,1182645.82975201,2023,10,10,0,700,2539-1182
2568980,1203124,2024,10,1,0,700,2568-1203
2569500,1203500,2021,70,16,0,700,2569-1203
2660370,1269907,2022,10,1,0,700,2660-1269
2539024,1182623,2024,10,2,0,700,2539-1182
2579771,1212283,2023,10,2,0,700,2579-1212
2593500,1201500,2023,3,2,0,700,2593-1201
2660500,1270500,2023,10,,0,700,2660-1270
2569500,1203500,2022,3,20,0,700,2569-1203
2660500,1270500,2024,3,,0,700,2660-1270
2539141,1182670,2022,3,11,0,700,2539-1182
2706688,1279590,2023,3,2,0,700,2706-1279
2706693,1279339,2023,3,2,0,700,2706-1279
2592240.69450035,1221669.98545028,2022,10,4,0,700,2592-1221
2660500,1270500,2024,3,50,0,700,2660-1270
2659788,1270797,2022,10,6,0,700,2659-1270
2659549,1271122,2021,10,2,0,700,2659-1271
2571554,1202570,2025,10,2,0,700,2571-1202
2575313.48974961,1258076.3403946,2023,10,15,0,700,2575-1258
2575383.48559548,1257918.33890068,2021,10,4,0,700,2575-1257
2593622,1201607,2023,3,2,0,700,2593-1201
2614460,1269839,2024,15,3,0,700,2614-1269
2614460,1269839,2023,15,1,0,700,2614-1269
2614460,1269839,2025,15,1,0,700,2614-1269
2570500,1203500,2023,16,2,0,700,2570-1203
2539093,1182657,2022,15,2,0,700,2539-1182
2570500,1203500,2023,27,1,2,700,2570-1203
2539046.23780685,1182645.82975202,2021,16,7,0,700,2539-1182
2539046.23780685,1182645.82975202,2021,16,4,0,700,2539-1182
2595500,1201500,2024,3,3,0,700,2595-1201
2569179,1203348,2022,27,2,2,700,2569-1203
2539046.23780685,1182645.82975202,2021,16,4,0,700,2539-1182
2570436,1203232,2025,15,3,0,700,2570-1203
2572451,1204496,2021,15,3,0,700,2572-1204
2658730,1272042,2025,15,3,0,700,2658-1272
2569052,1203248,2022,27,2,1,700,2569-1203
2569500,1203500,2023,16,1,0,700,2569-1203
2539046.23780685,1182645.82975202,2022,3,11,0,700,2539-1182
2539046.23780685,1182645.82975202,2022,3,11,0,700,2539-1182
2658988,1271825,2025,15,2,0,700,2658-1271
2659765,1270435,2025,15,8,0,700,2659-1270
2580672,1212732,2023,3,10,0,700,2580-1212
2539046.23780685,1182645.82975202,2022,3,11,0,700,2539-1182
2570500,1203500,2025,15,3,0,700,2570-1203
2660500,1270500,2024,27,14,1,700,2660-1270
2579335.42108767,1257966.27243105,2025,16,2,0,700,2579-1257
2614450.91388358,1269819.8364628,2025,16,1,0,700,2614-1269
2568896,1203254,2023,16,1,0,700,2568-1203
2568828,1203269,2023,16,1,0,700,2568-1203
2568848,1203410,2023,16,1,0,700,2568-1203
2631556,1270498,2021,9,19,0,700,2631-1270
2722433,1281687,2025,27,5,13,700,2722-1281
2703981,1282981,2022,27,1,2,700,2703-1282
2702659.41195306,1281914.8508067,2021,27,2,2,700,2702-1281
2678451.8885035,1261824.64753559,2021,27,2,1,700,2678-1261
2702659.41195306,1281914.8508067,2021,27,2,2,700,2702-1281
2678743.88625199,1261738.64812515,2021,27,2,1,700,2678-1261
2660500,1270500,2021,27,3,2,700,2660-1270
2570500,1203500,2024,9,10,0,700,2570-1203
2580500,1212500,2022,15,2,0,700,2580-1212
2569500,1203500,2023,16,1,0,700,2569-1203
2620717.75996161,1265315.77940843,2025,16,5,0,700,2620-1265
2660500,1269500,2021,9,,0,700,2660-1269
2660500,1270500,2021,27,1,1,700,2660-1270
2660500,1270500,2024,21,6,0,700,2660-1270
2594500,1201500,2025,9,2,0,700,2594-1201
2620717.75996161,1265315.77940843,2025,16,5,0,700,2620-1265
2660500,1270500,2022,21,2,0,700,2660-1270
2659821,1270645,2025,21,7,0,700,2659-1270
2659603,1271019,2023,21,9,0,700,2659-1271
2659722,1270451,2025,21,1,0,700,2659-1270
2570584,1203824,2023,21,2,0,700,2570-1203
2659589,1271150,2021,21,2,0,700,2659-1271
2707617,1279026,2021,21,1,0,700,2707-1279
2620500,1265500,2023,9,2,0,700,2620-1265
2575313.48974961,1258076.3403946,2025,16,2,0,700,2575-1258
2570171.55826185,1203620.27005927,2024,21,2,0,700,2570-1203
2572500,1204500,2025,9,2,0,700,2572-1204
2569745,1203434,2023,16,1,0,700,2569-1203
2593684,1201581,2025,9,2,0,700,2593-1201
2660500,1270500,2021,33,,2,700,2660-1270
2678559,1261658,2025,33,2,1,700,2678-1261
2589183,1208825,2024,22,2,0,700,2589-1208
2539405.23201616,1182388.82094445,2022,9,14,0,700,2539-1182
2580500,1212500,2024,9,,0,700,2580-1212
2569125,1196705,2022,22,1,0,700,2569-1196
2707772,1279074,2024,9,28,0,700,2707-1279
2569500,1203500,2022,15,4,0,700,2569-1203
2660500,1270500,2021,15,1,0,700,2660-1270
2567716,1256192,2022,15,2,3,700,2567-1256
2570500,1203500,2022,33,1,1,700,2570-1203
2660500,1270500,2021,22,2,0,700,2660-1270
2569759,1203413,2025,21,2,0,700,2569-1203
2729500,1275500,2023,15,1,0,700,2729-1275
2659500,1270500,2022,22,1,0,700,2659-1270
2614460,1269839,2024,21,1,0,700,2614-1269
2620500,1265500,2021,33,8,2,700,2620-1265
2569500,1203500,2021,21,1,0,700,2569-1203
2660500,1270500,2023,21,10,0,700,2660-1270
2660500,1270500,2025,39,,1,700,2660-1270
2729500,1275500,2022,15,1,0,700,2729-1275
2660082,1270355,2025,39,11,2,700,2660-1270
2660278,1269934,2021,39,8,1,700,2660-1269
2575313.48974961,1258076.3403946,2024,15,4,0,700,2575-1258
2569813,1203199,2023,39,1,1,700,2569-1203
2575320,1258145,2025,39,1,1,700,2575-1258
2570553.53980193,1202655.26017326,2022,15,5,0,700,2570-1202
2569171,1203353,2023,39,9,2,700,2569-1203
2660500,1270500,2021,22,3,0,700,2660-1270
2593589,1201502,2025,15,2,0,700,2593-1201
2569692,1203089,2025,22,2,0,700,2569-1203
2569500,1203500,2024,15,1,0,700,2569-1203
2572769,1202841,2024,22,1,0,700,2572-1202
2659600,1271100,2024,22,8,0,700,2659-1271
2539046.23780685,1182645.82975202,2022,15,2,0,700,2539-1182
2539046.23780685,1182645.82975202,2022,15,2,0,700,2539-1182
2620500,1265500,2022,21,11,0,700,2620-1265
2660500,1270500,2021,46,,0,700,2660-1270
2620717.75996161,1265315.77940843,2024,22,4,0,700,2620-1265
2660500,1270500,2021,21,1,0,700,2660-1270
2660500,1270500,2024,46,,0,700,2660-1270
2659822,1270794,2021,46,60,0,700,2659-1270
2575383.48559548,1257918.33890068,2022,22,2,0,700,2575-1257
2575313.48974961,1258076.3403946,2024,22,1,0,700,2575-1258
2570500,1203500,2025,27,1,1,700,2570-1203
2575383.48559548,1257918.33890068,2021,22,3,0,700,2575-1257
2575383.48559548,1257918.33890068,2024,22,3,0,700,2575-1257
2691468.89796345,1247582.63851963,2021,22,2,0,700,2691-1247
2660500,1270500,2024,22,15,0,700,2660-1270
2660500,1270500,2023,46,305,0,700,2660-1270
2570431,1203061,2025,27,1,1,700,2570-1203
2678743.88625199,1261738.64812515,2021,27,2,1,700,2678-1261
2580090.6502114,1212497.13430467,2022,46,2,0,700,2580-1212
2659963,1270637,2025,52,73,0,700,2659-1270
2691577,1247721,2021,21,1,0,700,2691-1247
2691461,1247551,2021,21,2,0,700,2691-1247
2659938,1270290,2025,52,,0,700,2659-1270
2594706,1201721,2025,21,1,0,700,2594-1201
2575384,1257896,2025,52,2,0,700,2575-1257
2570500,1203500,2025,52,1,0,700,2570-1203
2660500,1269500,2021,52,,0,700,2660-1269
2660295,1269993,2022,52,14,0,700,2660-1269
2660500,1270500,2025,52,,0,700,2660-1270
2539046.23780685,1182645.82975202,2021,28,2,1,700,2539-1182
2627500,1268500,2023,52,13,0,700,2627-1268
2569752,1203439,2023,52,12,0,700,2569-1203
2660500,1270500,2025,52,200,0,700,2660-1270
2570553.53980193,1202655.26017325,2023,27,1,1,700,2570-1202
2660500,1270500,2021,52,,0,700,2660-1270
2569756,1203429,2024,21,2,0,700,2569-1203
2614460,1269839,2023,27,3,13,700,2614-1269
2614380,1269709,2022,27,2,4,700,2614-1269
2614382,1269795,2023,27,2,1,700,2614-1269
2614460,1269839,2025,27,13,13,700,2614-1269
2594431,1201677,2022,21,1,0,700,2594-1201
2594449,1201673,2023,21,1,0,700,2594-1201
2569500,1203500,2022,27,2,6,700,2569-1203
2660500,1270500,2025,52,,0,700,2660-1270
2627500,1268500,2021,28,1,2,700,2627-1268
2660500,1270500,2024,21,8,0,700,2660-1270
2660500,1270500,2021,21,2,0,700,2660-1270
2660500,1270500,2024,28,,2,700,2660-1270
2569635,1203471,2025,52,2,0,700,2569-1203
2570500,1203500,2025,27,1,1,700,2570-1203
2569500,1203500,2021,21,1,0,700,2569-1203
2659363,1271116,2024,28,4,2,700,2659-1271
2659401,1271071,2021,27,6,2,700,2659-1271
2660148,1270416,2025,27,,13,700,2660-1270
2575313.48974961,1258076.3403946,2024,21,5,0,700,2575-1258
2570553.53980193,1202655.26017325,2023,21,1,0,700,2570-1202
2659336,1271143,2023,27,,1,700,2659-1271
2660500,1269500,2025,58,50,0,700,2660-1269
2569500,1203500,2023,58,9,0,700,2569-1203
2660273,1269865,2025,58,,0,700,2660-1269
2575383.48559548,1257918.33890068,2024,28,24,13,700,2575-1257
2660500,1270500,2021,21,4,0,700,2660-1270
2539046.23780685,1182645.82975202,2022,58,2,0,700,2539-1182
2575383.48559548,1257918.33890068,2021,28,2,3,700,2575-1257
2575383.48559548,1257918.33890068,2024,28,12,13,700,2575-1257
2571500,1203500,2023,21,1,0,700,2571-1203
2570553.53980193,1202655.26017325,2023,28,1,1,700,2570-1202
2614450.91388358,1269819.8364628,2024,34,2,2,700,2614-1269
2659371,1271360,2024,33,1,2,700,2659-1271
2579963,1212195,2024,58,2,0,700,2579-1212
2707708,1279040,2023,58,4,0,700,2707-1279
2707502,1279073,2021,58,5,0,700,2707-1279
2569500,1203500,2022,27,6,2,700,2569-1203
2660500,1270500,2022,34,,2,700,2660-1270
2570500,1203500,2023,27,1,1,700,2570-1203
2660500,1270500,2024,27,30,2,700,2660-1270
2691551,1247601,2022,27,2,2,700,2691-1247
2691568,1247608,2022,27,1,1,700,2691-1247
2580133,1212284,2022,27,2,4,700,2580-1212
2539046.23780685,1182645.82975202,2021,34,2,1,700,2539-1182
2570500,1203500,2023,58,10,0,700,2570-1203
2614460,1269839,2024,33,3,13,700,2614-1269
2569056,1203270,2021,64,2,0,700,2569-1203
2594378,1201672,2021,27,2,4,700,2594-1201
2659979,1270288,2025,39,20,1,700,2659-1270
2659693,1270724,2025,39,35,1,700,2659-1270
2659670,1270753,2025,39,,1,700,2659-1270
2660107,1270460,2025,39,1,2,700,2660-1270
2660082,1270355,2025,39,11,2,700,2660-1270
2575313.48974961,1258076.3403946,2025,34,1,2,700,2575-1258
2575383.48559548,1257918.33890068,2023,34,2,1,700,2575-1257
2570500,1203500,2025,64,2,0,700,2570-1203
2561323.44015893,1195110.40378658,2025,27,1,2,700,2561-1195
2660500,1270500,2021,40,14,4,700,2660-1270
2660309,1269908,2022,40,3,1,700,2660-1269
2660229,1269993,2021,64,1,0,700,2660-1269
2561118,1195289,2025,64,1,0,700,2561-1195
2569525.56262002,1203696.28167077,2025,64,5,0,700,2569-1203
2575383.48559548,1257918.33890068,2024,27,28,13,700,2575-1257
2659885,1270661,2022,40,75,1,700,2659-1270
2539025,1182655,2021,64,1,0,700,2539-1182
2539070,1182734,2021,64,1,0,700,2539-1182
2539061,1182827,2025,70,2,0,700,2539-1182
2539138,1182768,2021,70,7,0,700,2539-1182
2539044,1182784,2025,70,2,0,700,2539-1182
2660500,1270500,2021,46,150,0,700,2660-1270
2569340,1203335,2025,70,9,0,700,2569-1203
2660500,1270500,2025,46,,0,700,2660-1270
2659753,1270806,2021,46,,0,700,2659-1270
2660500,1270500,2025,33,37,13,700,2660-1270
2560500,1194500,2025,46,2,0,700,2560-1194
2539046.23780685,1182645.82975201,2024,70,24,0,700,2539-1182
2575383.48559548,1257918.33890068,2025,33,1,2,700,2575-1257
2659744,1270901,2025,53,6,0,700,2659-1270
2660500,1270500,2023,46,,0,700,2660-1270
2660299,1270002,2024,53,6,0,700,2660-1270
2660307,1270036,2022,53,130,0,700,2660-1270
2660219,1269911,2025,53,,0,700,2660-1269
2569456,1203644,2025,53,2,0,700,2569-1203
2660500,1270500,2021,33,24,2,700,2660-1270
2660500,1270500,2025,39,50,2,700,2660-1270
2539043,1182680,2025,3,21,0,700,2539-1182
2539103,1182656,2025,3,,0,700,2539-1182
2614473,1269823,2025,52,1,0,700,2614-1269
2614460,1269839,2025,52,1,0,700,2614-1269
2614460,1269839,2024,52,1,0,700,2614-1269
2593500,1201500,2024,3,2,0,700,2593-1201
2580500,1212500,2023,3,2,0,700,2580-1212
2659816,1270719,2025,52,200,0,700,2659-1270
2659749,1270671,2024,52,,0,700,2659-1270
2659561,1271090,2025,52,,0,700,2659-1271
2659662,1271038,2025,52,300,0,700,2659-1271
2539046.23780685,1182645.82975201,2025,3,,0,700,2539-1182
2539046.23780685,1182645.82975201,2024,3,40,0,700,2539-1182
2659421,1271047,2024,52,,0,700,2659-1271
2659492,1271206,2024,52,,0,700,2659-1271
2569146,1196705,2022,52,1,0,700,2569-1196
2593500,1201500,2024,3,2,0,700,2593-1201
2660023,1270541,2025,52,30,0,700,2660-1270
2660500,1270500,2023,52,,0,700,2660-1270
2539046.23780685,1182645.82975201,2023,52,8,0,700,2539-1182
2539046.23780685,1182645.82975201,2023,52,4,0,700,2539-1182
2620500,1265500,2021,39,4,2,700,2620-1265
2660500,1270500,2023,39,,1,700,2660-1270
2660500,1270500,2025,52,,0,700,2660-1270
2659500,1270500,2025,52,200,0,700,2659-1270
2575383.48559548,1257918.33890068,2022,53,4,0,700,2575-1257
2569500,1203500,2025,52,3,0,700,2569-1203
2575313.48974961,1258076.3403946,2024,39,3,13,700,2575-1258
2569500,1203500,2022,59,10,0,700,2569-1203
2570500,1203500,2025,59,3,0,700,2570-1203
2659500,1270500,2021,59,25,0,700,2659-1270
2659950,1270643,2025,52,120,0,700,2659-1270
2660500,1270500,2025,59,70,0,700,2660-1270
2707678,1279093,2024,3,20,0,700,2707-1279
2707911,1279062,2024,3,2,0,700,2707-1279
2707500,1279500,2022,3,,0,700,2707-1279
2707168,1279300,2022,3,,0,700,2707-1279
2614450.91388358,1269819.8364628,2024,59,1,0,700,2614-1269
2569440,1203653,2023,52,9,0,700,2569-1203
2660500,1270500,2024,39,41,1,700,2660-1270
2660292,1270071,2022,59,,0,700,2660-1270
2660251,1269974,2025,59,117,0,700,2660-1269
2660402,1270005,2024,59,,0,700,2660-1270
2660500,1270500,2021,59,,0,700,2660-1270
2660500,1270500,2023,46,,0,700,2660-1270
2728440.3713799,1280910.09081375,2024,10,2,0,700,2728-1280
2569759,1203444,2024,59,8,0,700,2569-1203
2569123,1196723,2023,59,9,0,700,2569-1196
2660500,1270500,2022,59,,0,700,2660-1270
2593500,1201500,2023,10,2,0,700,2593-1201
2660500,1270500,2025,59,153,0,700,2660-1270
2569756,1203397,2023,58,2,0,700,2569-1203
2539046.23780685,1182645.82975202,2021,59,2,0,700,2539-1182
2614460,1269839,2024,58,1,0,700,2614-1269
2614460,1269839,2021,58,3,0,700,2614-1269
2660500,1270500,2022,46,272,0,700,2660-1270
2660124,1270462,2023,10,25,0,700,2660-1270
2660500,1270500,2021,58,,0,700,2660-1270
2660143,1270362,2023,10,,0,700,2660-1270
2575313.48974961,1258076.3403946,2023,46,1,0,700,2575-1258
2659352,1271327,2023,58,30,0,700,2659-1271
2659864,1270759,2024,58,,0,700,2659-1270
2659955,1270339,2021,58,1,0,700,2659-1270
2572484,1204806,2025,10,3,0,700,2572-1204
2571534,1203021,2024,59,9,0,700,2571-1203
2568864,1203354,2022,59,6,0,700,2568-1203
2569126,1203367,2025,59,3,0,700,2569-1203
2575313.48974961,1258076.3403946,2025,59,2,0,700,2575-1258
2660500,1270500,2022,46,,0,700,2660-1270
2539046.23780685,1182645.82975201,2025,10,14,0,700,2539-1182
2539046.23780685,1182645.82975201,2024,10,49,0,700,2539-1182
2539405.23201617,1182388.82094444,2024,10,2,0,700,2539-1182
2660500,1270500,2021,46,158,0,700,2660-1270
2569147.44266037,1196706.26540992,2021,10,13,0,700,2569-1196
2570171.55826185,1203620.27005927,2021,58,13,0,700,2570-1203
2702659.41195306,1281914.8508067,2021,10,53,0,700,2702-1281
2660500,1270500,2023,58,8,0,700,2660-1270
2570103,1203742,2025,10,4,0,700,2570-1203
2571374,1202564,2023,65,18,0,700,2571-1202
2660500,1270500,2025,52,350,0,700,2660-1270
2659557,1271019,2024,65,3,0,700,2659-1271
2572265,1202387,2022,65,2,0,700,2572-1202
2572988,1202715,2025,65,21,0,700,2572-1202
2571248,1202838,2023,65,10,0,700,2571-1202
2569500,1203500,2023,58,9,0,700,2569-1203
2620500,1265500,2021,52,55,0,700,2620-1265
2660500,1270500,2023,52,,0,700,2660-1270
2570500,1203500,2023,52,10,0,700,2570-1203
2570500,1203500,2025,52,1,0,700,2570-1203
2570500,1203500,2022,58,2,0,700,2570-1203
2572873,1204491,2022,65,7,0,700,2572-1204
2539405.23201617,1182388.82094444,2023,64,2,0,700,2539-1182
2539046.23780685,1182645.82975201,2023,64,2,0,700,2539-1182
2678515.88908633,1261671.64722243,2024,52,3,0,700,2678-1261
2660500,1270500,2025,15,4,0,700,2660-1270
2569644.55120499,1203073.27749823,2021,65,1,0,700,2569-1203
2660500,1270500,2025,52,,0,700,2660-1270
2659500,1270500,2025,52,,0,700,2659-1270
2569193,1202621,2024,15,4,0,700,2569-1202
2569085,1202731,2021,15,6,0,700,2569-1202
2568934,1203167,2021,71,18,0,700,2568-1203
2594589,1201591,2025,52,1,0,700,2594-1201
2703188,1281733,2024,52,2,0,700,2703-1281
2614472,1269841,2024,64,1,0,700,2614-1269
2539383,1182402,2025,71,3,0,700,2539-1182
2660500,1270500,2022,15,3,0,700,2660-1270
2660500,1270500,2021,64,1,0,700,2660-1270
2572110,1204620,2021,64,15,0,700,2572-1204
2659997,1270573,2025,64,9,0,700,2659-1270
2659500,1270500,2025,64,10,0,700,2659-1270
2539046.23780685,1182645.82975201,2025,71,3,0,700,2539-1182
2659673,1270896,2023,71,,0,700,2659-1270
2729500,1275500,2025,64,8,0,700,2729-1275
2570500,1203500,2025,64,8,0,700,2570-1203
2620500,1265500,2021,52,32,0,700,2620-1265
2660500,1270500,2021,58,,0,700,2660-1270
2569500,1203500,2024,64,,0,700,2569-1203
2569500,1203500,2021,58,12,0,700,2569-1203
2569241,1196678,2022,71,2,0,700,2569-1196
2569644.55120499,1203073.27749823,2022,64,5,0,700,2569-1203
2706391,1279804,2022,58,2,0,700,2706-1279
2539034,1182610,2022,15,2,0,700,2539-1182
2539046.23780685,1182645.82975201,2023,15,1,0,700,2539-1182
2580500,1212500,2023,4,33,0,700,2580-1212
2539046.23780685,1182645.82975202,2022,15,2,0,700,2539-1182
2539046.23780685,1182645.82975202,2022,15,2,0,700,2539-1182
2569226,1203239,2025,4,,0,700,2569-1203
2569124,1203289,2025,4,,0,700,2569-1203
2707692,1279051,2022,58,13,0,700,2707-1279
2569500,1203500,2025,4,15,0,700,2569-1203
2627500,1268500,2022,15,4,0,700,2627-1268
2660500,1269500,2025,4,3,0,700,2660-1269
2539091,1182619,2022,58,2,0,700,2539-1182
2575383.48559548,1257918.33890068,2021,58,13,0,700,2575-1257
2662852,1273636,2025,70,20,0,700,2662-1273
2660130,1270337,2025,4,2,0,700,2660-1270
2660500,1270500,2025,4,3,0,700,2660-1270
2691447,1247576,2021,15,2,0,700,2691-1247
2579887,1212293,2022,15,4,0,700,2579-1212
2580090.6502114,1212497.13430467,2022,15,2,0,700,2580-1212
2580090.6502114,1212497.13430467,2022,15,2,0,700,2580-1212
2539405.23201616,1182388.82094445,2021,4,1,0,700,2539-1182
2539046.23780685,1182645.82975202,2021,4,29,0,700,2539-1182
2539046.23780685,1182645.82975201,2025,4,8,0,700,2539-1182
2539405.23201616,1182388.82094445,2021,4,2,0,700,2539-1182
2539046.23780685,1182645.82975202,2021,4,26,0,700,2539-1182
2571295,1202669,2023,70,80,0,700,2571-1202
2569644.55120499,1203073.27749823,2021,4,2,0,700,2569-1203
2594143,1201684,2022,64,2,0,700,2594-1201
2659247,1271706,2021,4,2,0,700,2659-1271
2660500,1270500,2022,3,3,0,700,2660-1270
2660500,1270500,2023,10,62,0,700,2660-1270
2731500,1279500,2024,3,30,0,700,2731-1279
2707511,1279125,2022,3,7,0,700,2707-1279
2659500,1270500,2025,64,2,0,700,2659-1270
2568500,1203500,2022,3,15,0,700,2568-1203
2593500,1201500,2021,64,2,0,700,2593-1201
2678500,1261500,2024,10,2,0,700,2678-1261
2660500,1270500,2022,10,2,0,700,2660-1270
2539046.23780685,1182645.82975201,2024,3,43,0,700,2539-1182
2660500,1270500,2021,64,1,0,700,2660-1270
2572842,1204578,2022,64,13,0,700,2572-1204
2569245,1203161,2023,10,6,0,700,2569-1203
2569751,1203064,2022,10,2,0,700,2569-1203
2569452,1203087,2023,10,15,0,700,2569-1203
2569004,1203001,2023,10,9,0,700,2569-1203
2569166,1203348,2021,10,4,0,700,2569-1203
2659953,1270298,2023,10,,0,700,2659-1270
2659674,1270980,2023,10,5,0,700,2659-1270
2659619,1270975,2023,10,36,0,700,2659-1270
2572653,1202734,2021,10,20,0,700,2572-1202
2660500,1270500,2021,21,4,0,700,2660-1270
2571500,1202500,2021,10,2,0,700,2571-1202
2593448,1201487,2021,64,2,0,700,2593-1201
2569500,1196500,2023,10,10,0,700,2569-1196
2620717.75996161,1265315.77940843,2024,10,2,0,700,2620-1265
2620717.75996161,1265315.77940843,2021,10,3,0,700,2620-1265
2620694,1265324,2021,10,1,0,700,2620-1265
2569144,1196643,2023,10,2,0,700,2569-1196
2659485,1271467,2023,10,25,0,700,2659-1271
2659349,1271558,2023,10,12,0,700,2659-1271
2539015,1182603,2025,3,22,0,700,2539-1182
2655500,1272500,2025,70,50,0,700,2655-1272
2660500,1270500,2023,70,80,0,700,2660-1270
2593500,1201500,2022,21,1,0,700,2593-1201
2539046.23780685,1182645.82975202,2021,10,7,0,700,2539-1182
2539046.23780685,1182645.82975202,2021,10,31,0,700,2539-1182
2539046.23780685,1182645.82975202,2021,10,25,0,700,2539-1182
2658994,1271502,2024,3,1,0,700,2658-1271
2539046.23780685,1182645.82975202,2021,16,2,0,700,2539-1182
2539046.23780685,1182645.82975202,2021,16,3,0,700,2539-1182
2658803,1271867,2024,3,5,0,700,2658-1271
2660500,1270500,2023,3,25,0,700,2660-1270
2729500,1275500,2024,3,7,0,700,2729-1275
2660500,1270500,2025,70,6,0,700,2660-1270
2572828,1204579,2022,21,2,0,700,2572-1204
2771250.01666149,1183349.76327102,2022,16,1,0,700,2771-1183
2571400,1203158,2023,70,2,0,700,2571-1203
2571480,1203108,2023,70,2,0,700,2571-1203
2691682,1247563,2023,21,1,0,700,2691-1247
2691517,1247651,2023,21,1,0,700,2691-1247
2570500,1203500,2024,10,2,0,700,2570-1203
2539046.23780685,1182645.82975202,2021,70,7,0,700,2539-1182
2620500,1265500,2022,3,2,0,700,2620-1265
2569753,1203438,2025,21,2,0,700,2569-1203
2569500,1203500,2023,16,2,0,700,2569-1203
2539046.23780685,1182645.82975201,2024,10,6,0,700,2539-1182
2539046.23780685,1182645.82975201,2024,10,51,0,700,2539-1182
2670300.06850856,1242299.56432465,2024,10,2,0,700,2670-1242
2660500,1270500,2021,21,2,0,700,2660-1270
2707480,1279058,2022,3,4,0,700,2707-1279
2707274,1279361,2022,3,2,0,700,2707-1279
2620500,1265500,2023,21,2,0,700,2620-1265
2707650,1279040,2024,3,7,0,700,2707-1279
2633275,1268883,2025,21,2,0,700,2633-1268
2659750,1270874,2025,16,,0,700,2659-1270
2570500,1203500,2021,3,11,0,700,2570-1203
2659733,1270895,2025,16,8,0,700,2659-1270
2660500,1270500,2025,21,1,0,700,2660-1270
2614460,1269839,2022,10,2,0,700,2614-1269
2569500,1203500,2021,3,12,0,700,2569-1203
2575292,1257939,2023,16,2,0,700,2575-1257
2575462,1258087,2024,16,2,0,700,2575-1258
2655500,1272500,2024,10,5,0,700,2655-1272
2627500,1268500,2021,10,12,0,700,2627-1268
2620697,1265249,2021,16,2,0,700,2620-1265
2571014,1202836,2021,10,4,0,700,2571-1202
2659843,1270833,2023,10,70,0,700,2659-1270
2620500,1265500,2021,27,6,13,700,2620-1265
2660500,1270500,2025,3,,0,700,2660-1270
2569426,1203286,2025,10,1,0,700,2569-1203
2569598,1203515,2022,27,1,2,700,2569-1203
2579931,1212238,2022,27,1,1,700,2579-1212
2702928,1281858,2025,10,2,0,700,2702-1281
2729500,1275500,2022,10,6,0,700,2729-1275
2539046.23780685,1182645.82975202,2022,3,11,0,700,2539-1182
2580090.6502114,1212497.13430467,2022,27,1,1,700,2580-1212
2539405.23201616,1182388.82094445,2022,10,15,0,700,2539-1182
2575383.48559548,1257918.33890068,2023,16,2,0,700,2575-1257
2659341,1271429,2023,10,5,0,700,2659-1271
2659542,1271101,2023,10,212,0,700,2659-1271
2659414,1271053,2024,10,2,0,700,2659-1271
2659372,1271452,2021,10,30,0,700,2659-1271
2659682,1270661,2024,10,2,0,700,2659-1270
2614450.91388358,1269819.8364628,2025,16,1,0,700,2614-1269
2659962,1270302,2025,15,3,0,700,2659-1270
2658919,1271833,2025,15,2,0,700,2658-1271
2659847,1270678,2025,15,4,0,700,2659-1270
2659817,1270754,2023,15,,0,700,2659-1270
2659250,1271442,2025,15,1,0,700,2659-1271
2572887,1202893,2022,15,2,0,700,2572-1202
2659684,1270369,2025,15,4,0,700,2659-1270
2707491,1279503,2023,10,15,0,700,2707-1279
2660500,1270500,2025,10,6,0,700,2660-1270
2670300.06850856,1242299.56432466,2022,27,2,1,700,2670-1242
2660500,1269500,2022,27,6,2,700,2660-1269
2660500,1270500,2024,10,8,0,700,2660-1270
2539500,1182500,2022,10,16,0,700,2539-1182
2539046.23780685,1182645.82975202,2021,22,2,0,700,2539-1182
2569500,1203500,2021,10,15,0,700,2569-1203
2660246,1270387,2023,27,2,2,700,2660-1270
2660500,1270500,2025,22,2,0,700,2660-1270
2660500,1270500,2024,15,15,0,700,2660-1270
2569130,1203381,2022,27,2,4,700,2569-1203
2569392,1203130,2022,27,2,2,700,2569-1203
2691461,1247557,2021,22,2,0,700,2691-1247
2614460,1269839,2025,15,2,0,700,2614-1269
2614454,1269829,2023,15,2,0,700,2614-1269
2575383.48559548,1257918.33890068,2021,34,4,13,700,2575-1257
2575474,1258206,2023,22,3,0,700,2575-1258
2660500,1270500,2025,15,4,0,700,2660-1270
2539046.23780685,1182645.82975202,2022,15,2,0,700,2539-1182
2659868,1270714,2022,22,2,0,700,2659-1270
2572855,1202807,2023,22,1,0,700,2572-1202
2570276,1203101,2023,22,2,0,700,2570-1203
2678743.88625199,1261738.64812515,2025,15,3,0,700,2678-1261
2659694,1270667,2023,15,,0,700,2659-1270
2659788,1270825,2025,15,3,0,700,2659-1270
2659210,1271607,2025,15,2,0,700,2659-1271
2572717,1204512,2022,22,2,0,700,2572-1204
2659585,1270500,2025,15,1,0,700,2659-1270
2569500,1203500,2021,34,3,2,700,2569-1203
2660500,1270500,2025,34,7,4,700,2660-1270
2660500,1270500,2025,22,2,0,700,2660-1270
2614000,1268899,2022,15,2,0,700,2614-1268
2659500,1270500,2025,34,20,1,700,2659-1270
2660500,1270500,2024,22,7,0,700,2660-1270
2660500,1270500,2024,15,15,0,700,2660-1270
2575383.48559548,1257918.33890068,2025,22,3,0,700,2575-1257
2575383.48559548,1257918.33890068,2021,22,3,0,700,2575-1257
2575383.48559548,1257918.33890068,2025,22,4,0,700,2575-1257
2575383.48559548,1257918.33890068,2025,22,5,0,700,2575-1257
2691468.89796345,1247582.63851963,2021,22,2,0,700,2691-1247
2659770,1270796,2024,22,12,0,700,2659-1270
2572648,1202863,2022,28,2,1,700,2572-1202
2614460,1269839,2021,21,1,0,700,2614-1269
2614460,1269839,2025,21,1,0,700,2614-1269
2660500,1270500,2021,21,2,0,700,2660-1270
2660500,1270500,2025,28,11,13,700,2660-1270
2569500,1203500,2022,15,8,0,700,2569-1203
2569500,1203500,2022,15,8,0,700,2569-1203
2593012,1201053,2023,34,1,2,700,2593-1201
2569500,1203500,2022,28,2,4,700,2569-1203
2570553.53980193,1202655.26017325,2025,34,2,1,700,2570-1202
2659691,1270704,2023,21,4,0,700,2659-1270
2572891,1202893,2024,21,2,4,700,2572-1202
2659968,1270263,2023,21,3,0,700,2659-1270
2660500,1270500,2023,40,,1,700,2660-1270
2575399,1258005,2022,28,3,2,700,2575-1258
2660500,1270500,2021,21,2,0,700,2660-1270
2660500,1270500,2025,40,,2,700,2660-1270
2660500,1270500,2025,40,50,1,700,2660-1270
2570500,1203500,2023,28,2,2,700,2570-1203
2660153,1269776,2023,28,1,1,700,2660-1269
2539046.23780685,1182645.82975202,2022,15,2,0,700,2539-1182
2660415,1269929,2023,40,,1,700,2660-1269
2575313.48974961,1258076.3403946,2024,28,24,13,700,2575-1258
2575313.48974961,1258076.3403946,2024,21,5,0,700,2575-1258
2759500,1263500,2024,21,2,0,700,2759-1263
2660500,1270500,2025,21,4,0,700,2660-1270
2660034,1270526,2025,40,17,2,700,2660-1270
2660500,1270500,2022,21,2,0,700,2660-1270
2539046.23780685,1182645.82975201,2023,46,3,0,700,2539-1182
2660500,1270500,2023,46,50,0,700,2660-1270
2660500,1270500,2023,21,6,0,700,2660-1270
2575383.48559548,1257918.33890068,2023,34,1,1,700,2575-1257
2575313.48974961,1258076.3403946,2024,34,24,13,700,2575-1258
2660500,1270500,2024,46,,0,700,2660-1270
2570467,1203000,2022,46,6,0,700,2570-1203
2570500,1203500,2023,40,2,2,700,2570-1203
2577763,1202715,2024,21,2,4,700,2577-1202
2660500,1270500,2021,40,33,3,700,2660-1270
2570365,1202608,2021,21,2,0,700,2570-1202
2691538,1247665,2022,21,1,0,700,2691-1247
2659500,1271500,2024,52,100,0,700,2659-1271
2539046.23780685,1182645.82975201,2023,52,7,0,700,2539-1182
2659500,1271500,2023,52,12,0,700,2659-1271
2627813,1268548,2025,21,4,0,700,2627-1268
2660500,1270500,2023,52,,0,700,2660-1270
2575383.48559548,1257918.33890068,2023,40,13,1,700,2575-1257
2727500,1280500,2022,21,2,0,700,2727-1280
2660292,1269861,2023,52,,0,700,2660-1269
2660201,1270326,2024,47,,0,700,2660-1270
2660015,1270525,2023,47,100,0,700,2660-1270
2659802,1270743,2022,47,,0,700,2659-1270
2659800,1270904,2021,47,70,0,700,2659-1270
2660500,1270500,2025,52,400,0,700,2660-1270
2660500,1270500,2025,52,,0,700,2660-1270
2537158,1179689,2021,21,1,0,700,2537-1179
2570171.55826185,1203620.27005927,2025,47,1,0,700,2570-1203
2660500,1270500,2024,27,8,2,700,2660-1270
2660500,1270500,2025,21,1,0,700,2660-1270
2660500,1270500,2025,52,200,0,700,2660-1270
2569387,1203285,2025,52,2,0,700,2569-1203
2660500,1270500,2023,47,,0,700,2660-1270
2660500,1270500,2023,47,,0,700,2660-1270
2660500,1270500,2024,21,6,0,700,2660-1270
2569644.55120499,1203073.27749822,2025,47,1,0,700,2569-1203
2570553.53980193,1202655.26017325,2023,47,2,0,700,2570-1202
2569224,1196622,2022,27,1,2,700,2569-1196
2613886,1269334,2024,27,1,1,700,2613-1269
2614448,1269685,2022,27,1,2,700,2614-1269
2614478,1269880,2023,27,3,13,700,2614-1269
2659627,1270992,2025,52,,0,700,2659-1270
2660149,1270369,2024,52,2,0,700,2660-1270
2660150,1270279,2023,52,150,0,700,2660-1270
2575371,1257915,2025,53,2,0,700,2575-1257
2659754,1270624,2024,53,50,0,700,2659-1270
2659762,1270909,2025,53,1,0,700,2659-1270
2660071,1270424,2023,53,,0,700,2660-1270
2614460,1269839,2022,27,1,2,700,2614-1269
2660500,1270500,2025,52,400,0,700,2660-1270
2659495,1271201,2025,53,,0,700,2659-1271
2660148,1270381,2021,53,45,0,700,2660-1270
2660500,1270500,2023,53,,0,700,2660-1270
2570500,1203500,2023,53,1,0,700,2570-1203
2660500,1270500,2021,53,,0,700,2660-1270
2570500,1203500,2023,53,1,0,700,2570-1203
2660500,1270500,2022,53,,0,700,2660-1270
2594500,1201500,2021,53,2,0,700,2594-1201
2570129,1203736,2025,53,2,0,700,2570-1203
2575313.48974961,1258076.3403946,2024,53,2,0,700,2575-1258
2575383.48559548,1257918.33890068,2022,53,2,0,700,2575-1257
2575313.48974961,1258076.3403946,2025,53,4,0,700,2575-1258
2570559,1203385,2025,27,1,1,700,2570-1203
2569857.55231118,1203193.27414936,2022,27,2,2,700,2569-1203
2539500,1182500,2023,58,2,0,700,2539-1182
2570665,1203321,2022,58,9,0,700,2570-1203
2539097,1182656,2021,58,3,0,700,2539-1182
2570628,1203143,2022,58,4,0,700,2570-1203
2539368,1182783,2023,58,1,0,700,2539-1182
2539044,1182874,2023,58,2,0,700,2539-1182
2660500,1270500,2025,59,,0,700,2660-1270
2614450.91388358,1269819.83646281,2022,27,1,2,700,2614-1269
2569272,1203332,2024,59,,0,700,2569-1203
2570504,1202681,2021,59,4,0,700,2570-1202
2659828,1270483,2025,59,,0,700,2659-1270
2660232,1269921,2023,59,14,0,700,2660-1269
2660322,1269941,2025,59,,0,700,2660-1269
2660128,1270124,2025,59,6,0,700,2660-1270
2660500,1270500,2024,27,10,2,700,2660-1270
2670300.06850856,1242299.56432466,2022,27,2,1,700,2670-1242
2539046.23780685,1182645.82975201,2023,58,2,0,700,2539-1182
2569153,1196690,2021,59,2,0,700,2569-1196
2569109,1196720,2024,59,1,0,700,2569-1196
2575313.48974961,1258076.3403946,2024,27,4,13,700,2575-1258
2678500,1261500,2024,59,2,0,700,2678-1261
2660500,1270500,2024,59,,0,700,2660-1270
2570500,1203500,2025,27,2,1,700,2570-1203
2570562,1202628,2022,27,4,2,700,2570-1202
2569065,1203241,2022,58,5,0,700,2569-1203
2575313.48974961,1258076.3403946,2024,59,4,0,700,2575-1258
2569103,1203074,2021,65,15,0,700,2569-1203
2594500,1201500,2023,65,4,0,700,2594-1201
2594689,1201547,2022,27,4,4,700,2594-1201
2660098,1270375,2021,65,1,0,700,2660-1270
2659509,1271127,2025,58,50,0,700,2659-1271
2569125,1196717,2022,65,1,0,700,2569-1196
2660258,1269936,2022,58,1,0,700,2660-1269
2660500,1270500,2023,65,,0,700,2660-1270
2569747,1203440,2023,65,6,0,700,2569-1203
2728129,1280809,2024,27,2,2,700,2728-1280
2539092,1182664,2022,64,2,0,700,2539-1182
2539014,1182677,2023,64,1,0,700,2539-1182
2575247,1258096,2025,71,2,0,700,2575-1258
2729500,1275500,2025,34,2,1,700,2729-1275
2571215,1202622,2023,71,10,0,700,2571-1202
2575383.48559548,1257918.33890068,2021,71,2,0,700,2575-1257
2660500,1270500,2022,71,5,0,700,2660-1270
2568926,1203383,2025,34,2,1,700,2568-1203
2759754,1263362,2024,27,2,1,700,2759-1263
2569388,1203625,2025,64,4,0,700,2569-1203
2569475,1203507,2025,64,8,0,700,2569-1203
2569750,1203592,2025,64,6,0,700,2569-1203
2539046.23780685,1182645.82975201,2024,64,1,0,700,2539-1182
2569449,1202879,2025,64,3,0,700,2569-1202
2593092,1201375,2022,27,2,4,700,2593-1201
2539046.23780685,1182645.82975202,2021,4,28,0,700,2539-1182
2568782,1203209,2025,4,8,0,700,2568-1203
2569500,1203500,2022,70,29,0,700,2569-1203
2659500,1270500,2025,40,50,2,700,2659-1270
2575322,1257977,2025,34,1,2,700,2575-1257
2660500,1269500,2023,70,,0,700,2660-1269
2569500,1203500,2021,70,15,0,700,2569-1203
2659500,1271500,2024,70,6,0,700,2659-1271
2660500,1270500,2024,34,1,1,700,2660-1270
2660500,1269500,2024,70,1,0,700,2660-1269
2660500,1270500,2024,4,,0,700,2660-1270
2569500,1203500,2021,4,1,0,700,2569-1203
2660500,1270500,2025,4,1,0,700,2660-1270
2539500,1182500,2025,70,3,0,700,2539-1182
2660031,1270573,2025,40,10,2,700,2660-1270
2660130,1270419,2025,40,,2,700,2660-1270
2575313.48974961,1258076.3403946,2025,34,1,2,700,2575-1258
2659800,1270699,2025,40,30,4,700,2659-1270
2539046.23780685,1182645.82975201,2024,70,26,0,700,2539-1182
2539085.22708012,1182138.82746322,2025,70,3,0,700,2539-1182
2570500,1203500,2021,11,12,0,700,2570-1203
2594514,1201634,2025,34,6,4,700,2594-1201
2570500,1203500,2024,70,,0,700,2570-1203
2570171.55826185,1203620.27005927,2025,11,,0,700,2570-1203
2660500,1269500,2021,34,60,2,700,2660-1269
2561323.44015893,1195110.40378658,2025,34,4,13,700,2561-1195
2573500,1202500,2023,34,5,13,700,2573-1202
2659319,1271455,2025,40,50,1,700,2659-1271
2702659.41195306,1281914.8508067,2022,4,2,0,700,2702-1281
2660500,1270500,2021,4,,0,700,2660-1270
2660500,1270500,2024,46,,0,700,2660-1270
2569497,1203497,2021,4,4,0,700,2569-1203
2614460,1269839,2021,34,1,2,700,2614-1269
2660500,1270500,2022,46,,0,700,2660-1270
2620500,1265500,2021,46,19,0,700,2620-1265
2728529,1280885,2025,4,200,0,700,2728-1280
2660500,1270500,2021,46,,0,700,2660-1270
2539461,1182187,2022,4,8,0,700,2539-1182
2539093,1182766,2021,4,33,0,700,2539-1182
2593500,1201500,2025,34,6,4,700,2593-1201
2659789,1270753,2023,46,,0,700,2659-1270
2660500,1270500,2024,40,19,2,700,2660-1270
2569500,1203500,2021,4,4,0,700,2569-1203
2660500,1270500,2025,46,100,0,700,2660-1270
2702659.41195306,1281914.8508067,2022,4,2,0,700,2702-1281
2707500,1279500,2021,11,3,0,700,2707-1279
2660500,1270500,2023,11,,0,700,2660-1270
2575313.48974961,1258076.3403946,2024,11,2,0,700,2575-1258
2575383.48559548,1257918.33890068,2022,11,2,0,700,2575-1257
2571618,1202317,2023,11,31,0,700,2571-1202
2570953,1203167,2023,16,1,0,700,2570-1203
2703141,1281664,2022,16,8,0,700,2703-1281
2539405.23201616,1182388.82094445,2022,4,8,0,700,2539-1182
2539046.23780685,1182645.82975202,2021,16,6,0,700,2539-1182
2539046.23780685,1182645.82975202,2021,16,8,0,700,2539-1182
2660500,1270500,2023,46,,0,700,2660-1270
2539046.23780685,1182645.82975202,2022,16,2,0,700,2539-1182
2660500,1270500,2023,10,222,0,700,2660-1270
2620500,1265500,2022,16,20,0,700,2620-1265
2569433,1203619,2025,52,2,0,700,2569-1203
2569388,1203632,2025,52,2,0,700,2569-1203
2579913,1212248,2023,52,5,0,700,2579-1212
2570137,1203107,2021,10,2,0,700,2570-1203
2670228,1242316,2023,52,9,0,700,2670-1242
2660500,1270500,2022,46,,0,700,2660-1270
2569500,1203500,2023,10,1,0,700,2569-1203
2580090.6502114,1212497.13430467,2023,10,2,0,700,2580-1212
2570500,1203500,2024,10,12,0,700,2570-1203
2614460,1269839,2023,52,2,0,700,2614-1269
2571500,1203500,2021,46,5,0,700,2571-1203
2659847,1270693,2024,52,80,0,700,2659-1270
2659377,1271443,2025,52,100,0,700,2659-1271
2660500,1270500,2024,52,150,0,700,2660-1270
2539125,1182784,2023,10,16,0,700,2539-1182
2572779,1204484,2025,10,50,0,700,2572-1204
2660500,1270500,2021,46,,0,700,2660-1270
2560500,1194500,2025,46,2,0,700,2560-1194
2678743.88625199,1261738.64812515,2024,52,2,0,700,2678-1261
2660500,1270500,2025,10,20,0,700,2660-1270
2614450.91388358,1269819.8364628,2025,16,2,0,700,2614-1269
2759500,1263500,2025,10,2,0,700,2759-1263
2659500,1270500,2024,52,40,0,700,2659-1270
2660500,1270500,2025,52,,0,700,2660-1270
2575383.48559548,1257918.33890068,2023,46,1,0,700,2575-1257
2660500,1270500,2021,46,,0,700,2660-1270
2659633,1270998,2024,52,170,0,700,2659-1270
2572733,1202737,2025,16,2,0,700,2572-1202
2572593,1202572,2023,16,2,0,700,2572-1202
2660500,1270500,2025,10,30,0,700,2660-1270
2660500,1270500,2025,52,,0,700,2660-1270
2539046.23780685,1182645.82975201,2024,10,48,0,700,2539-1182
2569147.44266037,1196706.26540992,2023,10,2,0,700,2569-1196
2539046.23780685,1182645.82975201,2024,10,51,0,700,2539-1182
2575383.48559548,1257918.33890068,2022,16,4,0,700,2575-1257
2570553.53980193,1202655.26017326,2022,16,6,0,700,2570-1202
2539046.23780685,1182645.82975201,2023,52,6,0,700,2539-1182
2539405.23201617,1182388.82094444,2024,10,2,0,700,2539-1182
2691686.89690357,1247572.63937343,2021,16,2,0,700,2691-1247
2539046.23780685,1182645.82975201,2023,58,2,0,700,2539-1182
2670500,1242500,2021,10,5,0,700,2670-1242
2575383.48559548,1257918.33890068,2022,16,8,0,700,2575-1257
2575383.48559548,1257918.33890068,2023,16,3,0,700,2575-1257
2660500,1270500,2023,10,100,0,700,2660-1270
2570171.55826185,1203620.27005927,2021,58,10,0,700,2570-1203
2569500,1203500,2022,58,12,0,700,2569-1203
2569464,1203456,2021,15,2,0,700,2569-1203
2660500,1270500,2025,15,5,0,700,2660-1270
2660500,1270500,2023,22,,0,700,2660-1270
2569610,1203727,2024,15,3,0,700,2569-1203
2580090.6502114,1212497.13430467,2023,15,1,0,700,2580-1212
2569500,1203500,2022,22,2,0,700,2569-1203
2575313.48974961,1258076.3403946,2023,58,2,0,700,2575-1258
2569500,1203500,2025,52,2,0,700,2569-1203
2702899,1281672,2025,22,3,0,700,2702-1281
2660500,1270500,2024,52,150,0,700,2660-1270
2614460,1269839,2021,58,2,0,700,2614-1269
2659360,1271131,2023,58,6,0,700,2659-1271
2659818,1270760,2023,58,71,0,700,2659-1270
2570551,1203021,2021,58,12,0,700,2570-1203
2659519,1271203,2024,58,11,0,700,2659-1271
2659627,1270798,2023,58,20,0,700,2659-1270
2571578,1202930,2024,58,4,0,700,2571-1202
2570945,1203416,2022,58,2,0,700,2570-1203
2659969,1270511,2023,58,3,0,700,2659-1270
2659690,1271000,2024,58,30,0,700,2659-1271
2659445,1271324,2024,58,8,0,700,2659-1271
2702745,1281804,2025,22,1,0,700,2702-1281
2659500,1270500,2023,58,,0,700,2659-1270
2569559,1203247,2022,58,10,0,700,2569-1203
2659500,1271500,2025,52,80,0,700,2659-1271
2539046.23780685,1182645.82975202,2021,22,2,0,700,2539-1182
2655500,1272500,2023,52,11,0,700,2655-1272
2579917,1212329,2021,22,1,0,700,2579-1212
2627665,1268491,2025,22,12,0,700,2627-1268
2579733.41753117,1258139.26620513,2023,15,2,0,700,2579-1258
2539190,1182647,2023,58,2,0,700,2539-1182
2627929,1268599,2024,52,5,0,700,2627-1268
2572073,1204837,2022,64,7,0,700,2572-1204
2614952,1269412,2024,52,2,0,700,2614-1269
2659845,1270723,2025,64,8,0,700,2659-1270
2539046.23780685,1182645.82975201,2023,64,2,0,700,2539-1182
2569500,1203500,2022,22,2,0,700,2569-1203
2660500,1270500,2021,22,1,0,700,2660-1270
2660500,1270500,2024,22,6,0,700,2660-1270
2627681,1268476,2022,58,4,0,700,2627-1268
2614460,1269839,2024,64,1,0,700,2614-1269
2659703,1270815,2024,22,10,0,700,2659-1270
2627500,1268500,2021,64,38,0,700,2627-1268
2570500,1203500,2022,58,2,0,700,2570-1203
2659805,1270696,2022,22,2,0,700,2659-1270
2659304,1271160,2025,22,2,0,700,2659-1271
2659859,1270693,2024,64,1,0,700,2659-1270
2575387,1257933,2024,22,1,0,700,2575-1257
2569644.55120499,1203073.27749822,2024,15,2,0,700,2569-1203
2691468.89796345,1247582.63851963,2021,22,2,0,700,2691-1247
2575383.48559548,1257918.33890068,2021,22,4,0,700,2575-1257
2691468.89796345,1247582.63851963,2021,22,2,0,700,2691-1247
2575313.48974961,1258076.3403946,2025,22,4,0,700,2575-1258
2575313.48974961,1258076.3403946,2024,22,1,0,700,2575-1258
2594500,1201500,2022,58,5,0,700,2594-1201
2691448,1247577,2021,22,2,0,700,2691-1247
2570500,1203500,2021,22,2,0,700,2570-1203
2570500,1203500,2021,22,2,0,700,2570-1203
2569603,1203673,2021,58,2,0,700,2569-1203
2569500,1203500,2023,58,2,0,700,2569-1203
2620500,1265500,2023,58,22,0,700,2620-1265
2574812.47561496,1256906.34689551,2023,64,2,0,700,2574-1256
2569147.44266037,1196706.26540992,2022,28,8,13,700,2569-1196
2660500,1270500,2023,28,,2,700,2660-1270
2570500,1203500,2024,70,,0,700,2570-1203
2660500,1270500,2021,58,,0,700,2660-1270
2660500,1270500,2024,70,8,0,700,2660-1270
2572898,1202918,2025,70,46,0,700,2572-1202
2659194,1271494,2024,70,1,0,700,2659-1271
2539046.23780685,1182645.82975202,2022,64,2,0,700,2539-1182
2631500,1270500,2024,64,2,0,700,2631-1270
2659731,1270849,2025,22,2,0,700,2659-1270
2660042,1270553,2023,22,9,0,700,2660-1270
2570171.55826185,1203620.27005927,2025,28,1,2,700,2570-1203
2631500,1270500,2024,64,2,0,700,2631-1270
2659388,1271071,2024,70,1,0,700,2659-1271
2660500,1270500,2023,22,6,0,700,2660-1270
2575390,1257794,2025,22,2,0,700,2575-1257
2575377,1257931,2021,22,2,4,700,2575-1257
2659901,1270645,2023,28,8,1,700,2659-1270
2571268,1202043,2024,28,2,4,700,2571-1202
2571368,1203029,2023,22,2,0,700,2571-1203
2660500,1270500,2022,70,70,0,700,2660-1270
2614450.91388358,1269819.8364628,2025,64,2,0,700,2614-1269
2660500,1270500,2021,22,3,0,700,2660-1270
2631489,1270406,2024,64,2,0,700,2631-1270
2575313.48974961,1258076.3403946,2024,28,13,13,700,2575-1258
2575383.48559548,1257918.33890068,2021,28,6,1,700,2575-1257
2575383.48559548,1257918.33890068,2023,28,1,1,700,2575-1257
2575383.48559548,1257918.33890068,2022,28,6,13,700,2575-1257
2631537,1270485,2024,70,2,0,700,2631-1270
2571146,1201964,2023,28,1,2,700,2571-1201
2571091,1201920,2023,28,1,1,700,2571-1201
2660500,1270500,2022,22,2,0,700,2660-1270
2575404,1257918,2022,28,6,13,700,2575-1257
2569500,1203500,2021,4,,0,700,2569-1203
2660500,1270500,2021,22,3,0,700,2660-1270
2539046.23780685,1182645.82975201,2024,4,37,0,700,2539-1182
2539046.23780685,1182645.82975202,2021,4,33,0,700,2539-1182
2539046.23780685,1182645.82975202,2021,4,,0,700,2539-1182
2660237,1270290,2021,35,10,2,700,2660-1270
2539095,1182652,2023,22,1,0,700,2539-1182
2594500,1201500,2022,70,2,0,700,2594-1201
2660500,1270500,2023,70,,0,700,2660-1270
2627500,1268500,2021,22,2,0,700,2627-1268
2660289,1269979,2023,70,70,0,700,2660-1269
2660296,1269937,2023,70,50,0,700,2660-1269
2570500,1203500,2024,70,,0,700,2570-1203
2660351,1269890,2021,35,13,2,700,2660-1269
2660324,1270249,2021,35,15,1,700,2660-1270
2660327,1269843,2025,35,30,2,700,2660-1269
2589308.53755816,1208834.98463799,2024,22,2,0,700,2589-1208
2569500,1203500,2024,70,26,0,700,2569-1203
2580500,1212500,2024,70,3,0,700,2580-1212
2569500,1203500,2024,70,2,0,700,2569-1203
2560500,1194500,2025,35,4,13,700,2560-1194
2660500,1270500,2021,4,25,0,700,2660-1270
2569500,1203500,2022,28,2,2,700,2569-1203
2575383.48559548,1257918.33890068,2022,35,1,1,700,2575-1257
2594500,1201500,2022,28,4,4,700,2594-1201
2539046.23780685,1182645.82975202,2022,4,2,0,700,2539-1182
2569500,1203500,2025,10,3,0,700,2569-1203
2539405.23201616,1182388.82094445,2022,4,9,0,700,2539-1182
2660291,1269864,2025,41,5,1,700,2660-1269
2660215,1269918,2024,41,40,1,700,2660-1269
2660292,1270013,2024,41,25,2,700,2660-1270
2660316,1270053,2025,41,30,1,700,2660-1270
2570500,1203500,2021,4,5,0,700,2570-1203
2631481,1270438,2022,4,4,0,700,2631-1270
2631488,1270446,2022,4,24,0,700,2631-1270
2660105,1270366,2025,10,2,0,700,2660-1270
2659540,1271128,2025,10,2,0,700,2659-1271
2660500,1270500,2024,41,,2,700,2660-1270
2659539,1271001,2024,10,40,0,700,2659-1271
2569775,1203420,2025,28,1,2,700,2569-1203
2620500,1265500,2021,41,12,13,700,2620-1265
2660500,1270500,2025,10,30,0,700,2660-1270
2570500,1203500,2021,4,20,0,700,2570-1203
2575383.48559548,1257918.33890068,2023,41,8,1,700,2575-1257
2575313.48974961,1258076.3403946,2023,41,14,2,700,2575-1258
2659626,1270811,2023,41,,1,700,2659-1270
2659748,1270742,2021,47,,0,700,2659-1270
2593500,1201500,2024,4,3,0,700,2593-1201
2627500,1268500,2021,4,67,0,700,2627-1268
2659500,1270500,2022,28,,1,700,2659-1270
2539046.23780685,1182645.82975202,2021,10,,0,700,2539-1182
2539046.23780685,1182645.82975202,2021,10,24,0,700,2539-1182
2592500,1201500,2024,4,3,0,700,2592-1201
2539046.23780685,1182645.82975201,2024,10,,0,700,2539-1182
2539046.23780685,1182645.82975202,2022,10,17,0,700,2539-1182
2660215,1269924,2022,47,,0,700,2660-1269
2660209,1269926,2024,47,100,0,700,2660-1269
2660500,1270500,2025,47,220,0,700,2660-1270
2660500,1270500,2025,4,,0,700,2660-1270
2659231,1271614,2021,47,24,0,700,2659-1271
2569500,1203500,2021,10,10,0,700,2569-1203
2670300.06850856,1242299.56432465,2025,28,2,1,700,2670-1242
2670300.06850856,1242299.56432465,2025,28,2,2,700,2670-1242
2539500,1182500,2021,4,34,0,700,2539-1182
2660500,1270500,2021,47,217,0,700,2660-1270
2660500,1270500,2021,47,200,0,700,2660-1270
2660500,1270500,2021,10,35,0,700,2660-1270
2660500,1270500,2021,47,200,0,700,2660-1270
2659730,1270336,2025,10,7,0,700,2659-1270
2659708,1270934,2025,10,2,0,700,2659-1270
2627500,1268500,2024,4,120,0,700,2627-1268
2571862,1201980,2023,10,30,0,700,2571-1201
2659624,1270581,2025,10,9,0,700,2659-1270
2659792,1270893,2025,10,8,0,700,2659-1270
2660500,1270500,2023,4,150,0,700,2660-1270
2660500,1270500,2023,47,,0,700,2660-1270
2571500,1202500,2024,10,20,0,700,2571-1202
2570553.53980193,1202655.26017325,2023,47,3,0,700,2570-1202
2575313.48974961,1258076.3403946,2023,47,2,0,700,2575-1258
2614440,1269831,2023,15,2,0,700,2614-1269
2660500,1270500,2025,47,,0,700,2660-1270
2570500,1203500,2025,28,1,1,700,2570-1203
2594723,1201651,2024,10,2,0,700,2594-1201
2727500,1280500,2025,28,2,4,700,2727-1280
2660289,1269865,2025,53,200,0,700,2660-1269
2660500,1269500,2025,10,8,0,700,2660-1269
2660344,1269984,2022,53,110,0,700,2660-1269
2569500,1203500,2024,15,2,0,700,2569-1203
2660500,1270500,2025,53,,0,700,2660-1270
2569747,1203429,2021,10,30,0,700,2569-1203
2659773,1271151,2025,53,200,0,700,2659-1271
2530649.55307568,1151052.9731533,2022,15,2,0,700,2530-1151
2627500,1268500,2021,34,2,2,700,2627-1268
2660500,1269500,2022,10,6,0,700,2660-1269
2620500,1265500,2021,53,21,0,700,2620-1265
2539046.23780685,1182645.82975202,2021,15,13,0,700,2539-1182
2539046.23780685,1182645.82975201,2024,15,1,0,700,2539-1182
2570500,1203500,2024,10,1,0,700,2570-1203
2658575,1272092,2022,34,1,2,700,2658-1272
2569500,1203500,2021,10,7,0,700,2569-1203
2575265,1258065,2024,53,2,0,700,2575-1258
2575383.48559548,1257918.33890068,2021,53,1,0,700,2575-1257
2575313.48974961,1258076.3403946,2025,53,4,0,700,2575-1258
2575383.48559548,1257918.33890068,2022,53,16,0,700,2575-1257
2575383.48559548,1257918.33890068,2025,53,4,0,700,2575-1257
2678743.88625199,1261738.64812515,2024,10,2,0,700,2678-1261
2614450.91388358,1269819.8364628,2025,34,13,13,700,2614-1269
2659500,1270500,2022,15,2,0,700,2659-1270
2570500,1203500,2021,59,17,0,700,2570-1203
2569454,1203609,2021,10,30,0,700,2569-1203
2579965,1212199,2023,10,2,0,700,2579-1212
2729500,1275500,2025,34,3,1,700,2729-1275
2569500,1203500,2021,10,24,0,700,2569-1203
2660500,1270500,2021,10,16,0,700,2660-1270
2572799,1202849,2023,15,1,0,700,2572-1202
2620100,1265099,2023,59,2,0,700,2620-1265
2569500,1203500,2021,15,2,0,700,2569-1203
2659500,1270500,2025,40,,1,700,2659-1270
2569186,1196452,2021,59,2,0,700,2569-1196
2575383.48559548,1257918.33890068,2022,15,3,0,700,2575-1257
2660500,1270500,2022,15,2,0,700,2660-1270
2539046.23780685,1182645.82975202,2021,59,2,0,700,2539-1182
2660500,1270500,2022,59,40,0,700,2660-1270
2660208,1269951,2023,40,1,1,700,2660-1269
2660259,1270154,2021,40,1,2,700,2660-1270
2570553.53980193,1202655.26017326,2022,59,5,0,700,2570-1202
2660500,1270500,2024,15,8,0,700,2660-1270
2569187,1203102,2022,65,20,0,700,2569-1203
2569196,1203349,2022,65,19,0,700,2569-1203
2569500,1203500,2022,65,,0,700,2569-1203
2592500,1201500,2025,15,2,0,700,2592-1201
2569500,1203500,2023,40,5,1,700,2569-1203
2659499,1270936,2025,65,6,0,700,2659-1270
2570500,1203500,2025,15,6,0,700,2570-1203
2660500,1270500,2022,65,12,0,700,2660-1270
2729500,1275500,2023,65,6,0,700,2729-1275
2660500,1270500,2021,65,1,0,700,2660-1270
2570500,1203500,2022,65,,0,700,2570-1203
2569489,1203646,2024,15,3,0,700,2569-1203
2579745,1212400,2022,15,2,0,700,2579-1212
2691438,1247532,2021,15,2,0,700,2691-1247
2691533,1247589,2021,15,2,0,700,2691-1247
2660327,1269935,2025,46,12,0,700,2660-1269
2678396,1261527,2024,71,15,0,700,2678-1261
2570171.55826185,1203620.27005927,2024,71,4,0,700,2570-1203
2539046.23780685,1182645.82975201,2024,71,11,0,700,2539-1182
2569256,1196703,2022,71,1,0,700,2569-1196
2570500,1203500,2023,22,2,0,700,2570-1203
2614460,1269839,2021,22,1,0,700,2614-1269
2659686,1270983,2025,46,149,0,700,2659-1270
2614460,1269839,2024,22,2,0,700,2614-1269
2614460,1269839,2022,22,2,0,700,2614-1269
2660287,1269865,2025,46,11,0,700,2660-1269
2655500,1272500,2021,46,2,0,700,2655-1272
2627500,1268500,2025,5,86,0,700,2627-1268
2659771,1270836,2023,22,9,0,700,2659-1270
2660500,1270500,2024,46,150,0,700,2660-1270
2539046.23780685,1182645.82975202,2021,15,3,0,700,2539-1182
2539046.23780685,1182645.82975202,2022,15,2,0,700,2539-1182
2659707,1270711,2024,22,10,0,700,2659-1270
2620698,1265367,2022,5,15,0,700,2620-1265
2570976,1202512,2024,5,2,0,700,2570-1202
2659274,1271434,2024,5,10,0,700,2659-1271
2659466,1270583,2024,5,40,0,700,2659-1270
2659722,1270505,2024,5,50,0,700,2659-1270
2659299,1271348,2023,5,40,0,700,2659-1271
2659783,1270587,2024,5,,0,700,2659-1270
2729500,1275500,2024,5,30,0,700,2729-1275
2660500,1270500,2022,15,2,0,700,2660-1270
2570500,1203500,2023,22,1,0,700,2570-1203
2627500,1268500,2024,5,80,0,700,2627-1268
2580090.6502114,1212497.13430467,2021,5,7,0,700,2580-1212
2579826,1212353,2024,22,2,0,700,2579-1212
2539046.23780685,1182645.82975201,2023,52,10,0,700,2539-1182
2569362,1203302,2025,52,1,0,700,2569-1203
2660500,1270500,2021,22,2,0,700,2660-1270
2539046.23780685,1182645.82975202,2021,5,24,0,700,2539-1182
2539046.23780685,1182645.82975202,2021,5,25,0,700,2539-1182
2660500,1270500,2024,52,,0,700,2660-1270
2539046.23780685,1182645.82975202,2021,11,17,0,700,2539-1182
2539405.23201616,1182388.82094445,2021,11,7,0,700,2539-1182
2660386,1269864,2025,52,11,0,700,2660-1269
2728440.3713799,1280910.09081376,2022,22,2,0,700,2728-1280
2660500,1270500,2021,22,2,0,700,2660-1270
2620500,1265500,2022,22,10,8,700,2620-1265
2660500,1270500,2025,22,4,0,700,2660-1270
2660500,1270500,2022,22,2,0,700,2660-1270
2660500,1270500,2023,11,47,0,700,2660-1270
2660500,1270500,2023,22,9,0,700,2660-1270
2570500,1203500,2021,22,2,0,700,2570-1203
2539092,1182652,2023,52,1,0,700,2539-1182
2539045,1182545,2023,52,8,0,700,2539-1182
2660500,1270500,2021,22,3,0,700,2660-1270
2759759,1263300,2024,22,2,0,700,2759-1263
2660500,1270500,2024,52,150,0,700,2660-1270
2659875,1270660,2025,11,4,0,700,2659-1270
2571208,1202839,2025,11,27,0,700,2571-1202
2659668,1270929,2024,22,8,0,700,2659-1270
2659683,1270726,2022,22,2,0,700,2659-1270
2659883,1270696,2022,22,2,0,700,2659-1270
2593422,1201492,2025,22,2,0,700,2593-1201
2594703,1201715,2025,22,1,0,700,2594-1201
2580500,1212500,2024,11,40,0,700,2580-1212
2658972,1271900,2025,11,2,0,700,2658-1271
2539037,1182612,2021,11,20,0,700,2539-1182
2658959,1271921,2023,11,2,0,700,2658-1271
2580407,1212429,2024,11,4,0,700,2580-1212
2614450.91388358,1269819.8364628,2025,11,2,0,700,2614-1269
2561323.44015893,1195110.40378658,2025,11,2,0,700,2561-1195
2575313.48974961,1258076.3403946,2024,11,2,0,700,2575-1258
2569644.55120499,1203073.27749823,2021,11,10,0,700,2569-1203
2575383.48559548,1257918.33890068,2023,11,2,0,700,2575-1257
2575383.48559548,1257918.33890068,2023,11,4,0,700,2575-1257
2570500,1203500,2023,22,2,0,700,2570-1203
2594500,1201500,2021,58,2,0,700,2594-1201
2569753,1203433,2025,58,1,0,700,2569-1203
2594468,1201591,2021,22,3,0,700,2594-1201
2659500,1270500,2025,58,50,0,700,2659-1270
2539015,1182837,2023,58,2,0,700,2539-1182
2539102,1182657,2023,58,1,0,700,2539-1182
2539046.23780685,1182645.82975202,2021,16,1,0,700,2539-1182
2620500,1265500,2022,28,17,13,700,2620-1265
2614460,1269839,2021,28,1,2,700,2614-1269
2614460,1269839,2023,28,3,13,700,2614-1269
2707517,1279041,2022,58,15,0,700,2707-1279
2530649.55307568,1151052.9731533,2021,58,2,0,700,2530-1151
2660500,1270500,2022,16,4,0,700,2660-1270
2761500,1247500,2025,28,2,4,700,2761-1247
2570447,1203145,2025,28,1,2,700,2570-1203
2729500,1275500,2024,28,3,1,700,2729-1275
2659254,1271484,2023,28,2,2,700,2659-1271
2729099.48039105,1275600.06245772,2021,64,100,0,700,2729-1275
2539046.23780685,1182645.82975201,2024,64,1,0,700,2539-1182
2569147.44266037,1196706.26540992,2022,64,2,0,700,2569-1196
2659875,1270790,2023,16,14,0,700,2659-1270
2659874,1270776,2025,16,7,0,700,2659-1270
2569500,1203500,2022,64,10,0,700,2569-1203
2569616,1203713,2025,16,4,0,700,2569-1203
2569525.56262002,1203696.28167077,2022,64,11,0,700,2569-1203
2729500,1275500,2025,64,29,0,700,2729-1275
2670598,1242011,2025,28,2,4,700,2670-1242
2759721,1263347,2024,28,4,4,700,2759-1263
2759727,1263289,2021,28,2,4,700,2759-1263
2660500,1270500,2021,28,3,1,700,2660-1270
2575383.48559548,1257918.33890068,2023,16,2,0,700,2575-1257
2575383.48559548,1257918.33890068,2021,16,2,0,700,2575-1257
2575313.48974961,1258076.3403946,2024,16,5,0,700,2575-1258
2660500,1269500,2021,28,4,2,700,2660-1269
2659848,1270475,2025,28,2,2,700,2659-1270
2594664,1201772,2023,28,10,13,700,2594-1201
2670035,1242585,2022,28,2,2,700,2670-1242
2569355,1203129,2025,70,2,0,700,2569-1203
2659760,1270831,2023,23,6,0,700,2659-1270
2660500,1270500,2024,28,13,2,700,2660-1270
2539046.23780685,1182645.82975202,2022,28,2,1,700,2539-1182
2539046.23780685,1182645.82975202,2022,28,2,1,700,2539-1182
2627500,1268500,2021,23,2,0,700,2627-1268
2539046.23780685,1182645.82975201,2024,70,17,0,700,2539-1182
2539405.23201617,1182388.82094444,2024,70,8,0,700,2539-1182
2539046.23780685,1182645.82975201,2024,70,14,0,700,2539-1182
2539405.23201617,1182388.82094444,2025,70,4,0,700,2539-1182
2660500,1270500,2025,28,7,13,700,2660-1270
2593500,1201500,2025,23,2,0,700,2593-1201
2614460,1269839,2023,34,2,4,700,2614-1269
2589309,1208834,2025,23,1,0,700,2589-1208
2572074,1203771,2022,23,1,0,700,2572-1203
2569754,1203435,2024,70,20,0,700,2569-1203
2594426,1201667,2024,28,1,2,700,2594-1201
2660500,1270500,2024,23,8,0,700,2660-1270
2729500,1275500,2023,23,3,0,700,2729-1275
2660500,1270500,2025,34,40,2,700,2660-1270
2620500,1265500,2021,34,26,13,700,2620-1265
2660500,1270500,2021,23,3,0,700,2660-1270
2660500,1270500,2024,70,50,0,700,2660-1270
2660212,1270324,2021,23,3,0,700,2660-1270
2658863,1272788,2023,4,9,0,700,2658-1272
2569343,1203313,2025,4,,0,700,2569-1203
2660500,1270500,2025,34,,1,700,2660-1270
2691468.89796345,1247582.63851963,2022,23,1,0,700,2691-1247
2691468.89796345,1247582.63851963,2022,23,1,0,700,2691-1247
2694706,1287178,2022,34,2,4,700,2694-1287
2594500,1201500,2025,23,2,0,700,2594-1201
2568500,1203500,2022,23,2,0,700,2568-1203
2614460,1269839,2025,40,2,4,700,2614-1269
2560500,1194500,2025,40,4,13,700,2560-1194
2575313.48974961,1258076.3403946,2025,34,1,2,700,2575-1258
2539405.23201617,1182388.82094444,2025,4,7,0,700,2539-1182
2539046.23780685,1182645.82975201,2025,4,9,0,700,2539-1182
2539046.23780685,1182645.82975202,2022,4,11,0,700,2539-1182
2569500,1203500,2021,4,2,0,700,2569-1203
2571968,1202070,2022,29,5,1,700,2571-1202
2571871,1202826,2022,29,2,2,700,2571-1202
2539500,1182500,2022,4,11,0,700,2539-1182
2620500,1265500,2021,4,448,0,700,2620-1265
2659661,1271038,2022,40,60,1,700,2659-1271
2662805,1273456,2023,40,3,2,700,2662-1273
2570568,1202670,2023,29,1,1,700,2570-1202
2660500,1270500,2023,40,,1,700,2660-1270
2575368,1258005,2022,29,2,4,700,2575-1258
2539046.23780685,1182645.82975201,2023,29,2,2,700,2539-1182
2660500,1270500,2024,46,,0,700,2660-1270
2659241,1271558,2021,10,4,0,700,2659-1271
2660409,1269933,2025,29,4,1,700,2660-1269
2660500,1270500,2022,40,,1,700,2660-1270
2575383.48559548,1257918.33890068,2023,29,1,1,700,2575-1257
2575383.48559548,1257918.33890068,2025,29,1,1,700,2575-1257
2575313.48974961,1258076.3403946,2024,29,11,13,700,2575-1258
2614460,1269839,2023,46,1,2,700,2614-1269
2660500,1270500,2023,40,89,1,700,2660-1270
2729500,1275500,2022,10,9,0,700,2729-1275
2656500,1273500,2021,35,6,13,700,2656-1273
2660500,1269500,2021,46,90,0,700,2660-1269
2571366,1202337,2021,10,2,0,700,2571-1202
2660500,1270500,2025,46,,0,700,2660-1270
2539046.23780685,1182645.82975201,2024,10,37,0,700,2539-1182
2539046.23780685,1182645.82975202,2022,10,2,0,700,2539-1182
2660500,1270500,2021,46,,0,700,2660-1270
2569147.44266037,1196706.26540992,2023,10,2,0,700,2569-1196
2660500,1270500,2021,46,254,0,700,2660-1270
2660500,1270500,2021,35,14,2,700,2660-1270
2660247,1270277,2024,41,40,1,700,2660-1270
2660290,1269865,2024,41,30,1,700,2660-1269
2627500,1268500,2021,46,2,0,700,2627-1268
2659686,1270983,2025,46,149,0,700,2659-1270
2569500,1203500,2023,52,1,0,700,2569-1203
2539046.23780685,1182645.82975201,2023,52,8,0,700,2539-1182
2660500,1270500,2021,46,,0,700,2660-1270
2707708,1279099,2023,10,52,0,700,2707-1279
2569525.56262002,1203696.28167077,2021,10,10,0,700,2569-1203
2660500,1270500,2024,46,150,0,700,2660-1270
2660500,1270500,2024,46,,0,700,2660-1270
2627500,1268500,2021,10,80,0,700,2627-1268
2660500,1270500,2025,52,250,0,700,2660-1270
2569427,1203603,2023,52,1,0,700,2569-1203
2569644.55120499,1203073.27749822,2024,10,3,0,700,2569-1203
2568950,1203568,2023,52,1,0,700,2568-1203
2569762,1203432,2025,10,6,0,700,2569-1203
2660239,1269860,2022,47,150,0,700,2660-1269
2660323,1269915,2022,47,55,0,700,2660-1269
2539046.23780685,1182645.82975201,2023,52,3,0,700,2539-1182
2660500,1270500,2025,52,,0,700,2660-1270
2658800.07814379,1271799.64196525,2023,10,,0,700,2658-1271
2568766,1203250,2021,47,5,0,700,2568-1203
2568894,1203435,2021,47,5,0,700,2568-1203
2614460,1269839,2024,52,1,0,700,2614-1269
2570500,1203500,2023,52,1,0,700,2570-1203
2569500,1203500,2023,52,1,0,700,2569-1203
2560500,1194500,2022,47,1,0,700,2560-1194
2569644.55120499,1203073.27749822,2023,52,4,0,700,2569-1203
2659500,1270500,2025,52,,0,700,2659-1270
2660500,1270500,2023,52,254,0,700,2660-1270
2569500,1203500,2023,52,2,0,700,2569-1203
2569500,1203500,2025,52,3,0,700,2569-1203
2575383.48559548,1257918.33890068,2023,52,22,0,700,2575-1257
2620500,1265500,2021,52,16,0,700,2620-1265
2569193,1202596,2024,16,1,0,700,2569-1202
2658780,1272232,2024,16,1,0,700,2658-1272
2659519,1271083,2025,52,1,0,700,2659-1271
2659254,1271444,2025,52,100,0,700,2659-1271
2659384,1271336,2025,52,150,0,700,2659-1271
2659709,1270857,2023,58,,0,700,2659-1270
2660500,1270500,2024,58,85,0,700,2660-1270
2539046.23780685,1182645.82975202,2022,16,2,0,700,2539-1182
2594832,1201390,2021,58,2,0,700,2594-1201
2568997,1203116,2024,53,2,0,700,2568-1203
2539046.23780685,1182645.82975201,2023,58,2,0,700,2539-1182
2569056,1203217,2024,53,2,0,700,2569-1203
2659862,1270677,2025,53,,0,700,2659-1270
2678500,1261500,2024,58,2,0,700,2678-1261
2660291,1269850,2025,53,,0,700,2660-1269
2660500,1270500,2022,58,30,0,700,2660-1270
2660221,1269909,2024,53,,0,700,2660-1269
2702659.41195306,1281914.85080669,2025,16,2,0,700,2702-1281
2569500,1203500,2021,58,7,0,700,2569-1203
2660500,1270499,2025,53,300,0,700,2660-1270
2731112.40876194,1279574.1108736,2023,58,2,0,700,2731-1279
2530699,1151032,2021,58,2,0,700,2530-1151
2569483,1203400,2022,58,3,0,700,2569-1203
2569501,1203448,2025,58,2,0,700,2569-1203
2570500,1203500,2021,58,12,0,700,2570-1203
2569500,1203500,2021,58,10,0,700,2569-1203
2575383.48559548,1257918.33890068,2024,53,2,0,700,2575-1257
2575383.48559548,1257918.33890068,2021,53,7,0,700,2575-1257
2575313.48974961,1258076.3403946,2024,53,2,0,700,2575-1258
2659658,1271092,2022,58,6,0,700,2659-1271
2659663,1270943,2025,58,58,0,700,2659-1270
2539046.23780685,1182645.82975202,2021,59,2,0,700,2539-1182
2539046.23780685,1182645.82975202,2021,59,2,0,700,2539-1182
2569386,1203300,2022,59,17,0,700,2569-1203
2575387,1257971,2021,59,16,0,700,2575-1257
2569500,1203500,2021,58,10,0,700,2569-1203
2660500,1270500,2022,58,30,0,700,2660-1270
2659500,1270500,2021,58,30,0,700,2659-1270
2659350,1271144,2025,59,12,0,700,2659-1271
2659413,1271392,2023,59,40,0,700,2659-1271
2660500,1270500,2023,58,55,0,700,2660-1270
2660500,1270500,2025,58,,0,700,2660-1270
2660043,1270172,2023,59,,0,700,2660-1270
2569644.55120499,1203073.27749823,2021,64,16,0,700,2569-1203
2575313.48974961,1258076.3403946,2023,64,2,0,700,2575-1258
2631458,1270473,2024,64,2,0,700,2631-1270
2568500,1203500,2024,64,2,0,700,2568-1203
2659917,1270642,2023,64,50,0,700,2659-1270
2660500,1270500,2024,64,2,0,700,2660-1270
2594755,1201495,2023,64,7,0,700,2594-1201
2575383.48559548,1257918.33890068,2023,59,2,0,700,2575-1257
2570171.55826185,1203620.27005927,2022,64,4,0,700,2570-1203
2539046.23780685,1182645.82975202,2021,65,1,0,700,2539-1182
2539046.23780685,1182645.82975202,2021,65,1,0,700,2539-1182
2569500,1203500,2024,64,2,0,700,2569-1203
2572037,1204701,2022,65,11,0,700,2572-1204
2631504,1270477,2024,64,4,0,700,2631-1270
2660500,1270500,2022,22,2,0,700,2660-1270
2655500,1272500,2025,65,5,0,700,2655-1272
2660500,1270500,2022,65,3,0,700,2660-1270
2631500,1270500,2024,64,17,0,700,2631-1270
2572500,1204500,2021,64,4,0,700,2572-1204
2660216,1270063,2021,65,1,0,700,2660-1270
2569644.55120499,1203073.27749823,2022,65,3,0,700,2569-1203
2575601.49874293,1258800.33672062,2021,65,16,0,700,2575-1258
2539046.23780685,1182645.82975202,2022,64,2,0,700,2539-1182
2729500,1275500,2021,64,150,0,700,2729-1275
2660500,1270500,2022,65,3,0,700,2660-1270
2707593,1279030,2021,70,3,0,700,2707-1279
2575313.48974961,1258076.3403946,2025,70,2,0,700,2575-1258
2539046.23780685,1182645.82975201,2024,71,2,0,700,2539-1182
2575383.48559548,1257918.33890068,2023,70,2,0,700,2575-1257
2575313.48974961,1258076.3403946,2023,70,2,0,700,2575-1258
2594500,1201500,2024,71,1,0,700,2594-1201
2659703,1270716,2025,70,,0,700,2659-1270
2572903,1202905,2025,70,2,0,700,2572-1202
2728863,1280738,2024,70,20,0,700,2728-1280
2705526,1280311,2022,70,2,0,700,2705-1280
2660034,1270304,2024,71,1,0,700,2660-1270
2660500,1270500,2025,70,2,0,700,2660-1270
2569500,1203500,2022,71,11,0,700,2569-1203
2660500,1270500,2023,22,,0,700,2660-1270
2539405.23201616,1182388.82094445,2021,5,16,0,700,2539-1182
2539046.23780685,1182645.82975202,2021,5,23,0,700,2539-1182
2660500,1270500,2021,22,3,0,700,2660-1270
2539046.23780685,1182645.82975201,2024,5,81,0,700,2539-1182
2660500,1270500,2021,22,3,0,700,2660-1270
2660500,1270500,2024,5,70,0,700,2660-1270
2660500,1270500,2023,5,,0,700,2660-1270
2539154,1182661,2023,4,15,0,700,2539-1182
2627500,1268500,2021,5,4,0,700,2627-1268
2620100,1265099,2024,5,2,0,700,2620-1265
2660500,1270500,2023,22,,0,700,2660-1270
2569500,1203500,2021,5,32,0,700,2569-1203
2660500,1270500,2021,4,8,0,700,2660-1270
2631537,1270472,2021,4,7,0,700,2631-1270
2659439,1271319,2023,5,136,0,700,2659-1271
2569665,1203689,2023,22,1,0,700,2569-1203
2593500,1201500,2023,22,2,0,700,2593-1201
2659342,1271229,2023,5,85,0,700,2659-1271
2659703,1270937,2023,5,,0,700,2659-1270
2569500,1203500,2021,4,2,0,700,2569-1203
2521786,1150663,2022,11,2,0,700,2521-1150
2658890,1272909,2023,4,29,0,700,2658-1272
2660118,1270025,2025,11,1,0,700,2660-1270
2659862,1270736,2025,11,5,0,700,2659-1270
2539405.23201616,1182388.82094445,2021,11,3,0,700,2539-1182
2539046.23780685,1182645.82975202,2021,11,9,0,700,2539-1182
2572135.55908827,1204214.23795533,2021,11,5,0,700,2572-1204
2595500,1201500,2021,4,2,0,700,2595-1201
2614450.91388358,1269819.8364628,2025,11,2,0,700,2614-1269
2539046.23780685,1182645.82975202,2022,4,11,0,700,2539-1182
2620717.75996161,1265315.77940843,2021,4,4,0,700,2620-1265
2614460,1269839,2023,10,2,0,700,2614-1269
2539061,1182877,2024,10,40,0,700,2539-1182
2670300.06850856,1242299.56432465,2025,28,2,1,700,2670-1242
2659500,1270500,2023,11,4,0,700,2659-1270
2579335.42108767,1257966.27243105,2025,28,2,2,700,2579-1257
2659500,1270500,2023,10,130,0,700,2659-1270
2569500,1203500,2022,10,,0,700,2569-1203
2580427,1212672,2021,10,45,0,700,2580-1212
2659728,1270712,2023,11,16,0,700,2659-1270
2572764,1202832,2023,11,2,0,700,2572-1202
2572500,1202500,2023,10,40,0,700,2572-1202
2660500,1270500,2025,10,,0,700,2660-1270
2569755,1203432,2025,10,6,0,700,2569-1203
2691588,1247047,2021,11,2,0,700,2691-1247
2660500,1270500,2022,11,6,0,700,2660-1270
2659654,1270766,2021,10,6,0,700,2659-1270
2659587,1271046,2021,10,6,0,700,2659-1271
2659470,1271169,2021,10,6,0,700,2659-1271
2575313.48974961,1258076.34039461,2021,11,4,0,700,2575-1258
2568500,1203500,2025,10,,0,700,2568-1203
2570926,1202746,2025,10,7,0,700,2570-1202
2659645,1270422,2025,10,2,0,700,2659-1270
2660500,1270500,2021,28,6,2,700,2660-1270
2539046.23780685,1182645.82975201,2024,10,36,0,700,2539-1182
2539046.23780685,1182645.82975202,2021,10,32,0,700,2539-1182
2660500,1270500,2025,10,2,0,700,2660-1270
2660612,1269677,2025,17,2,0,700,2660-1269
2539046.23780685,1182645.82975202,2022,10,2,0,700,2539-1182
2569644.55120499,1203073.27749822,2024,10,3,0,700,2569-1203
2539046.23780685,1182645.82975202,2022,10,17,0,700,2539-1182
2569293,1202992,2021,10,25,0,700,2569-1202
2569500,1203500,2021,10,6,0,700,2569-1203
2728440.3713799,1280910.09081375,2025,10,2,0,700,2728-1280
2614426,1269724,2023,17,2,0,700,2614-1269
2575313.48974961,1258076.3403946,2024,16,2,0,700,2575-1258
2659631,1270529,2025,17,4,0,700,2659-1270
2659311,1271610,2025,17,1,0,700,2659-1271
2539046.23780685,1182645.82975202,2021,17,7,0,700,2539-1182
2539046.23780685,1182645.82975202,2021,17,2,0,700,2539-1182
2572988.53326271,1202929.21911323,2025,17,2,0,700,2572-1202
2572500,1204500,2021,16,2,0,700,2572-1204
2614460,1269839,2025,16,1,0,700,2614-1269
2614460,1269839,2024,16,1,0,700,2614-1269
2614460,1269839,2023,16,2,0,700,2614-1269
2627500,1268500,2025,17,26,0,700,2627-1268
2575313.48974961,1258076.3403946,2025,16,2,0,700,2575-1258
2569500,1203500,2024,16,2,0,700,2569-1203
2575313.48974961,1258076.3403946,2023,34,1,2,700,2575-1258
2569500,1203500,2024,16,1,0,700,2569-1203
2659884,1270712,2023,16,1,0,700,2659-1270
2659842,1270858,2023,16,5,0,700,2659-1270
2659674,1271053,2023,16,8,0,700,2659-1271
2575383.48559548,1257918.33890068,2021,34,6,13,700,2575-1257
2580090.6502114,1212497.13430467,2023,17,2,0,700,2580-1212
2570500,1203500,2022,16,1,0,700,2570-1203
2572641,1202879,2023,17,2,0,700,2572-1202
2659989,1270618,2025,17,4,0,700,2659-1270
2570647,1202742,2021,17,2,0,700,2570-1202
2539046.23780685,1182645.82975202,2021,16,6,0,700,2539-1182
2575313.48974961,1258076.3403946,2024,17,6,0,700,2575-1258
2575383.48559548,1257918.33890068,2021,17,4,0,700,2575-1257
2575313.48974961,1258076.3403946,2024,17,5,0,700,2575-1258
2575313.48974961,1258076.3403946,2024,17,6,0,700,2575-1258
2691460,1247687,2021,17,2,0,700,2691-1247
2691534,1247644,2021,16,2,0,700,2691-1247
2656500,1273500,2021,40,3,2,700,2656-1273
2579500,1212500,2025,23,1,0,700,2579-1212
2570500,1203500,2022,16,,0,700,2570-1203
2659720,1270383,2025,16,2,0,700,2659-1270
2539046.23780685,1182645.82975202,2022,16,2,0,700,2539-1182
2539046.23780685,1182645.82975202,2021,16,6,0,700,2539-1182
2575313.48974961,1258076.3403946,2024,40,12,13,700,2575-1258
2575212,1258101,2023,23,2,0,700,2575-1258
2570500,1203500,2021,46,5,0,700,2570-1203
2660500,1270500,2024,46,,0,700,2660-1270
2579910,1212251,2021,22,1,0,700,2579-1212
2579951,1212570,2021,22,2,0,700,2579-1212
2539046.23780685,1182645.82975202,2021,23,2,0,700,2539-1182
2570500,1203500,2024,22,2,0,700,2570-1203
2594500,1201500,2021,22,2,0,700,2594-1201
2614515,1269851,2023,22,2,0,700,2614-1269
2614460,1269839,2024,22,1,0,700,2614-1269
2620500,1265500,2023,22,4,0,700,2620-1265
2539099,1182651,2025,46,2,0,700,2539-1182
2570434,1203210,2023,22,2,0,700,2570-1203
2660214,1270122,2023,46,,0,700,2660-1270
2660212,1270222,2024,46,,0,700,2660-1270
2659500,1271500,2021,23,1,0,700,2659-1271
2659964,1270533,2023,22,10,0,700,2659-1270
2659500,1270500,2022,46,,0,700,2659-1270
2569500,1203500,2021,46,3,0,700,2569-1203
2659279,1271542,2021,23,2,0,700,2659-1271
2659741,1270841,2021,23,2,0,700,2659-1270
2572769,1202845,2024,23,1,0,700,2572-1202
2571469,1202300,2022,23,2,0,700,2571-1202
2570500,1203500,2023,23,2,0,700,2570-1203
2593500,1201500,2025,22,2,0,700,2593-1201
2660009,1270429,2021,46,,0,700,2660-1270
2539021,1182637,2023,52,,0,700,2539-1182
2539145,1182661,2023,52,8,0,700,2539-1182
2539046.23780685,1182645.82975201,2023,52,8,0,700,2539-1182
2691468.89796345,1247582.63851963,2021,23,2,0,700,2691-1247
2575383.48559548,1257918.33890068,2022,23,2,0,700,2575-1257
2570553.53980193,1202655.26017326,2021,22,2,0,700,2570-1202
2702691,1281573,2022,23,2,0,700,2702-1281
2569481,1203429,2025,52,1,0,700,2569-1203
2593615,1201472,2025,22,1,0,700,2593-1201
2659831,1270777,2025,52,200,0,700,2659-1270
2660539,1269761,2022,52,80,0,700,2660-1269
2660186,1270096,2024,52,35,0,700,2660-1270
2575286,1258078,2022,52,2,0,700,2575-1258
2571333,1203518,2025,52,2,0,700,2571-1203
2660500,1270500,2023,22,9,0,700,2660-1270
2620500,1265500,2023,22,2,0,700,2620-1265
2659500,1270500,2024,22,5,0,700,2659-1270
2569500,1203500,2021,58,6,0,700,2569-1203
2702552,1281806,2023,58,8,0,700,2702-1281
2539046.23780685,1182645.82975201,2023,58,2,0,700,2539-1182
2569188,1196722,2021,29,2,4,700,2569-1196
2569567,1203650,2025,58,2,0,700,2569-1203
2659497,1270946,2025,58,17,0,700,2659-1270
2614388,1269805,2024,58,1,0,700,2614-1269
2660500,1269500,2022,29,14,2,700,2660-1269
2575383.48559548,1257918.33890068,2022,28,5,13,700,2575-1257
2570500,1203500,2021,58,2,0,700,2570-1203
2703392,1282423,2022,28,2,4,700,2703-1282
2575500,1204500,2024,58,5,0,700,2575-1204
2659884,1270724,2021,29,4,2,700,2659-1270
2569408,1203289,2021,58,1,0,700,2569-1203
2575383.48559548,1257918.33890068,2021,29,9,13,700,2575-1257
2575313.48974961,1258076.3403946,2023,29,1,1,700,2575-1258
2575383.48559548,1257918.33890068,2022,29,4,13,700,2575-1257
2575313.48974961,1258076.34039461,2022,29,5,13,700,2575-1258
2659541,1271078,2024,28,18,1,700,2659-1271
2659310,1271379,2025,28,2,1,700,2659-1271
2569500,1203500,2021,58,,0,700,2569-1203
2660218,1269914,2025,35,30,13,700,2660-1269
2631500,1270500,2024,65,2,0,700,2631-1270
2539171,1182735,2024,65,1,0,700,2539-1182
2660500,1270500,2023,65,,0,700,2660-1270
2660500,1270500,2024,65,3,0,700,2660-1270
2707591,1279012,2022,65,10,0,700,2707-1279
2539046.23780685,1182645.82975201,2024,65,1,0,700,2539-1182
2539046.23780685,1182645.82975201,2024,65,1,0,700,2539-1182
2589461,1208922,2024,35,4,4,700,2589-1208
2569637,1203181,2024,65,14,0,700,2569-1203
2569133,1203363,2024,65,25,0,700,2569-1203
2539500,1182500,2024,65,1,0,700,2539-1182
2660500,1270500,2025,35,50,1,700,2660-1270
2571500,1201500,2024,28,2,1,700,2571-1201
2575383.48559548,1257918.33890068,2023,35,17,19,700,2575-1257
2620717.75996161,1265315.77940843,2023,71,30,0,700,2620-1265
2729500,1275500,2025,71,7,0,700,2729-1275
2660372,1269770,2024,41,,2,700,2660-1269
2560500,1194500,2021,34,2,6,700,2560-1194
2569500,1203500,2023,71,1,0,700,2569-1203
2571500,1202500,2023,71,103,0,700,2571-1202
2660500,1270500,2025,41,45,2,700,2660-1270
2620500,1265500,2021,34,16,13,700,2620-1265
2539046.23780685,1182645.82975202,2021,34,2,1,700,2539-1182
2614460,1269839,2023,34,2,4,700,2614-1269
2614460,1269839,2024,34,3,13,700,2614-1269
2707142,1279314,2022,71,,0,700,2707-1279
2539046.23780685,1182645.82975201,2025,71,3,0,700,2539-1182
2660500,1270500,2021,34,11,2,700,2660-1270
2539046.23780685,1182645.82975201,2024,71,13,0,700,2539-1182
2569147.44266037,1196706.26540992,2022,71,2,0,700,2569-1196
2560500,1194500,2025,34,4,13,700,2560-1194
2660083,1270252,2023,71,7,0,700,2660-1270
2660089,1270255,2023,71,8,0,700,2660-1270
2575383.48559548,1257918.33890068,2024,41,8,2,700,2575-1257
2659500,1270500,2024,71,,0,700,2659-1270
2575383.48559548,1257918.33890068,2023,41,14,1,700,2575-1257
2569644.55120499,1203073.27749822,2023,34,1,1,700,2569-1203
2614372,1269799,2024,47,1,0,700,2614-1269
2659311,1271156,2022,47,300,0,700,2659-1271
2594500,1201500,2025,34,6,4,700,2594-1201
2707619,1279138,2025,4,9,0,700,2707-1279
2659758,1270849,2025,47,,0,700,2659-1270
2659607,1270942,2022,47,70,0,700,2659-1270
2580090.6502114,1212497.13430467,2023,4,2,0,700,2580-1212
2592500,1201500,2023,4,2,0,700,2592-1201
2539075,1182638,2021,4,24,0,700,2539-1182
2660346,1269929,2025,47,,0,700,2660-1269
2660428,1269997,2022,47,,0,700,2660-1269
2660340,1269968,2022,47,300,0,700,2660-1269
2614460,1269839,2025,40,2,4,700,2614-1269
2660500,1270500,2021,4,10,0,700,2660-1270
2560500,1194500,2025,40,4,13,700,2560-1194
2771169,1183937,2022,47,1,0,700,2771-1183
2575313.48974961,1258076.34039461,2021,47,3,0,700,2575-1258
2660288,1269860,2024,53,100,0,700,2660-1269
2660500,1270500,2022,53,200,0,700,2660-1270
2678743.88625199,1261738.64812515,2024,53,2,0,700,2678-1261
2660048,1270526,2023,53,30,0,700,2660-1270
2660500,1270500,2021,53,,0,700,2660-1270
2660500,1270500,2021,40,5,2,700,2660-1270
2660462,1269778,2022,53,,0,700,2660-1269
2659500,1271500,2024,53,,0,700,2659-1271
2569757,1203409,2025,4,80,0,700,2569-1203
2569752,1203434,2025,4,70,0,700,2569-1203
2702916,1281613,2022,53,2,0,700,2702-1281
2660500,1270500,2021,4,5,0,700,2660-1270
2539046.23780685,1182645.82975202,2022,4,11,0,700,2539-1182
2569147.44266037,1196706.26540992,2023,4,3,0,700,2569-1196
2539405.23201617,1182388.82094444,2025,4,10,0,700,2539-1182
2539046.23780685,1182645.82975202,2022,4,9,0,700,2539-1182
2569147.44266037,1196706.26540992,2021,4,31,0,700,2569-1196
2575383.48559548,1257918.33890068,2021,40,1,1,700,2575-1257
2575313.48974961,1258076.34039461,2021,53,7,0,700,2575-1258
2575313.48974961,1258076.3403946,2024,53,2,0,700,2575-1258
2575383.48559548,1257918.33890068,2021,53,7,0,700,2575-1257
2660243,1269732,2024,46,,0,700,2660-1269
2660023,1270516,2024,46,50,0,700,2660-1270
2659273,1271523,2024,46,,0,700,2659-1271
2568816,1203352,2022,59,4,0,700,2568-1203
2660397,1269700,2021,46,2,0,700,2660-1269
2568935,1203257,2023,59,11,0,700,2568-1203
2569196,1203345,2022,59,18,0,700,2569-1203
2569006,1203235,2022,59,16,0,700,2569-1203
2569758,1203432,2025,59,15,0,700,2569-1203
2614460,1269839,2024,46,1,0,700,2614-1269
2660500,1270500,2021,59,,0,700,2660-1270
2569695,1203073,2023,10,10,0,700,2569-1203
2729099.48039105,1275600.06245772,2024,10,3,0,700,2729-1275
2660500,1270500,2021,59,45,0,700,2660-1270
2659500,1271500,2021,10,2,0,700,2659-1271
2614450.91388358,1269819.8364628,2024,59,1,0,700,2614-1269
2678536,1261621,2024,59,2,0,700,2678-1261
2678569,1261986,2024,59,2,0,700,2678-1261
2659556,1270883,2025,59,,0,700,2659-1270
2569494,1203492,2021,10,5,0,700,2569-1203
2594500,1201500,2023,59,4,0,700,2594-1201
2660500,1269500,2024,46,50,0,700,2660-1269
2627500,1268500,2025,46,1,0,700,2627-1268
2539147,1182670,2024,10,2,0,700,2539-1182
2539091,1182649,2022,10,2,0,700,2539-1182
2539295,1182363,2022,10,2,0,700,2539-1182
2539083,1182648,2023,10,2,0,700,2539-1182
2539046.23780685,1182645.82975202,2021,59,2,0,700,2539-1182
2539046.23780685,1182645.82975201,2023,59,1,0,700,2539-1182
2539046.23780685,1182645.82975202,2021,59,2,0,700,2539-1182
2659854,1270819,2025,52,20,0,700,2659-1270
2659789,1270808,2024,52,230,0,700,2659-1270
2659881,1270721,2022,52,,0,700,2659-1270
2659598,1271019,2022,52,150,0,700,2659-1271
2659964,1270469,2025,52,,0,700,2659-1270
2659309,1271423,2022,52,,0,700,2659-1271
2575313.48974961,1258076.3403946,2023,59,2,0,700,2575-1258
2575383.48559548,1257918.33890068,2022,59,4,0,700,2575-1257
2575313.48974961,1258076.3403946,2025,52,4,0,700,2575-1258
2660500,1270500,2025,52,150,0,700,2660-1270
2569500,1203500,2023,52,1,0,700,2569-1203
2569277,1203081,2021,66,2,0,700,2569-1203
2570500,1203500,2021,10,10,0,700,2570-1203
2594500,1201500,2022,52,3,0,700,2594-1201
2569718,1203637,2023,52,1,0,700,2569-1203
2539500,1182500,2024,10,19,0,700,2539-1182
2569500,1203500,2022,66,23,0,700,2569-1203
2707731,1279025,2022,52,2,0,700,2707-1279
2569414,1203624,2023,52,1,0,700,2569-1203
2594893,1201565,2022,52,1,0,700,2594-1201
2660009,1270508,2025,66,20,0,700,2660-1270
2660668,1269579,2024,10,3,0,700,2660-1269
2620500,1265500,2022,10,2,0,700,2620-1265
2539046.23780685,1182645.82975201,2023,52,6,0,700,2539-1182
2703568,1282315,2024,10,1,0,700,2703-1282
2614460,1269839,2024,52,1,0,700,2614-1269
2594500,1201500,2021,52,2,0,700,2594-1201
2569147.44266037,1196706.26540992,2021,10,2,0,700,2569-1196
2575383.48559548,1257918.33890068,2025,66,3,0,700,2575-1257
2659124,1271852,2024,66,16,0,700,2659-1271
2659717,1270914,2023,52,180,0,700,2659-1270
2659344,1271431,2025,52,,0,700,2659-1271
2658904,1271692,2023,52,5,0,700,2658-1271
2659914,1270354,2025,16,1,0,700,2659-1270
2660500,1270500,2024,52,,0,700,2660-1270
2660500,1270500,2021,52,,0,700,2660-1270
2568838,1203320,2022,72,15,0,700,2568-1203
2614460,1269839,2021,58,2,0,700,2614-1269
2614460,1269839,2023,58,2,0,700,2614-1269
2539046.23780685,1182645.82975202,2021,5,31,0,700,2539-1182
2659716,1270818,2022,58,50,0,700,2659-1270
2660500,1270500,2023,52,180,0,700,2660-1270
2569216,1203178,2023,16,2,0,700,2569-1203
2570500,1203500,2023,16,1,0,700,2570-1203
2568500,1203500,2021,5,40,0,700,2568-1203
2569500,1203500,2021,5,2,0,700,2569-1203
2570500,1203500,2022,5,7,0,700,2570-1203
2660500,1270500,2021,5,1,0,700,2660-1270
2659815,1270529,2025,5,17,0,700,2659-1270
2539046.23780685,1182645.82975201,2023,58,2,0,700,2539-1182
2659362,1271443,2023,5,,0,700,2659-1271
2568951,1203091,2021,5,40,0,700,2568-1203
2539100,1182876,2021,5,31,0,700,2539-1182
2568500,1203500,2021,58,1,0,700,2568-1203
2659500,1270500,2024,11,40,0,700,2659-1270
2539098,1182650,2023,16,6,0,700,2539-1182
2572645,1204138,2021,16,2,0,700,2572-1204
2539095,1182652,2022,16,2,0,700,2539-1182
2539032,1182717,2021,16,8,0,700,2539-1182
2570380,1203076,2025,16,7,0,700,2570-1203
2570845,1203229,2023,16,1,0,700,2570-1203
2539046.23780685,1182645.82975202,2021,11,8,0,700,2539-1182
2539046.23780685,1182645.82975202,2021,11,3,0,700,2539-1182
2620500,1265500,2023,16,4,0,700,2620-1265
2656500,1273500,2021,11,2,0,700,2656-1273
2660500,1270500,2025,11,,0,700,2660-1270
2660500,1270500,2025,11,6,0,700,2660-1270
2659500,1271500,2022,11,6,0,700,2659-1271
2569205,1203053,2021,11,15,0,700,2569-1203
2594448,1201664,2023,58,2,0,700,2594-1201
2569098,1203109,2025,11,4,0,700,2569-1203
2572764,1202832,2023,11,2,0,700,2572-1202
2659748,1270839,2025,11,8,0,700,2659-1270
2659761,1270836,2023,11,20,0,700,2659-1270
2659500,1270500,2022,16,2,0,700,2659-1270
2569147.44266037,1196706.26540992,2023,11,1,0,700,2569-1196
2620843,1265078,2021,11,2,0,700,2620-1265
2660500,1270500,2025,16,8,0,700,2660-1270
2575313.48974961,1258076.3403946,2025,11,2,0,700,2575-1258
2580291,1212356,2024,11,70,0,700,2580-1212
2569535,1203683,2021,58,7,0,700,2569-1203
2539046.23780685,1182645.82975202,2022,65,9,0,700,2539-1182
2569095,1202657,2025,16,8,0,700,2569-1202
2571320,1202051,2024,17,2,0,700,2571-1202
2678415,1261637,2021,17,1,0,700,2678-1261
2620500,1265500,2022,17,50,0,700,2620-1265
2659836,1270758,2025,17,2,0,700,2659-1270
2659854,1270686,2025,17,4,0,700,2659-1270
2655500,1272500,2022,65,12,0,700,2655-1272
2660500,1270500,2022,17,2,0,700,2660-1270
2575285,1257845,2024,17,2,0,700,2575-1257
2575225,1257794,2021,17,7,0,700,2575-1257
2575250,1258102,2021,17,3,0,700,2575-1258
2631562,1270483,2024,65,2,0,700,2631-1270
2660500,1270500,2023,65,,0,700,2660-1270
2539405.23201616,1182388.82094445,2022,65,5,0,700,2539-1182
2569525.56262002,1203696.28167077,2023,22,1,0,700,2569-1203
2575383.48559548,1257918.33890068,2021,17,8,0,700,2575-1257
2539046.23780685,1182645.82975202,2022,65,5,0,700,2539-1182
2575383.48559548,1257918.33890068,2021,17,6,0,700,2575-1257
2539098,1182686,2024,71,10,0,700,2539-1182
2614460,1269839,2025,71,2,0,700,2614-1269
2659697,1271028,2022,71,2,0,700,2659-1271
2659769,1270611,2023,71,,0,700,2659-1270
2570500,1203500,2025,71,5,0,700,2570-1203
2572500,1202500,2025,71,51,0,700,2572-1202
2570500,1203500,2025,23,1,0,700,2570-1203
2655500,1272500,2022,71,19,0,700,2655-1272
2631487,1270483,2024,71,2,0,700,2631-1270
2706397,1279882,2022,71,30,0,700,2706-1279
2707053,1279433,2025,71,2,0,700,2707-1279
2660500,1270500,2025,22,4,0,700,2660-1270
2659806,1270835,2023,71,136,0,700,2659-1270
2660045,1270528,2023,23,4,0,700,2660-1270
2659500,1270500,2025,23,1,0,700,2659-1270
2655500,1272500,2025,71,100,0,700,2655-1272
2571103,1203204,2025,22,2,0,700,2571-1203
2570500,1203500,2023,23,2,0,700,2570-1203
2691495,1247599,2021,22,2,0,700,2691-1247
2620500,1265500,2021,4,450,0,700,2620-1265
2539046.23780685,1182645.82975201,2024,4,43,0,700,2539-1182
2539046.23780685,1182645.82975202,2021,4,20,0,700,2539-1182
2570500,1203500,2025,4,75,0,700,2570-1203
2746110,1268812,2023,23,2,0,700,2746-1268
2572500,1203500,2025,4,13,0,700,2572-1203
2660500,1270500,2023,4,60,0,700,2660-1270
2594500,1201500,2023,4,2,0,700,2594-1201
2729500,1275500,2024,4,30,0,700,2729-1275
2662905,1273687,2025,4,50,0,700,2662-1273
2659567,1271163,2024,4,25,0,700,2659-1271
2731113,1279445,2024,22,2,0,700,2731-1279
2659567,1270494,2024,4,15,0,700,2659-1270
2627500,1268500,2021,4,26,0,700,2627-1268
2702693,1281799,2022,22,2,0,700,2702-1281
2570500,1203500,2023,23,2,0,700,2570-1203
2539046.23780685,1182645.82975202,2022,22,2,0,700,2539-1182
2620500,1265500,2022,22,4,0,700,2620-1265
2593500,1201500,2023,4,2,0,700,2593-1201
2631440,1270465,2025,4,2,0,700,2631-1270
2593500,1201500,2025,22,3,0,700,2593-1201
2539098,1182627,2024,4,40,0,700,2539-1182
2575383.48559548,1257918.33890068,2022,23,2,0,700,2575-1257
2575383.48559548,1257918.33890068,2021,23,4,0,700,2575-1257
2691468.89796345,1247582.63851963,2023,23,,0,700,2691-1247
2575383.48559548,1257918.33890068,2023,23,4,0,700,2575-1257
2691764.89659286,1247559.63963858,2021,23,2,0,700,2691-1247
2594516,1201629,2022,4,2,0,700,2594-1201
2678743.88625199,1261738.64812515,2025,22,1,0,700,2678-1261
2589308.53755816,1208834.98463799,2024,22,2,0,700,2589-1208
2539046.23780685,1182645.82975202,2022,4,11,0,700,2539-1182
2539046.23780685,1182645.82975202,2022,4,11,0,700,2539-1182
2614460,1269839,2023,10,2,0,700,2614-1269
2614460,1269839,2025,10,2,0,700,2614-1269
2539046.23780685,1182645.82975202,2022,4,11,0,700,2539-1182
2659516,1270544,2025,22,5,0,700,2659-1270
2539046.23780685,1182645.82975201,2024,10,19,0,700,2539-1182
2539046.23780685,1182645.82975201,2024,10,19,0,700,2539-1182
2660500,1270500,2021,29,1,2,700,2660-1270
2660500,1270500,2022,29,18,2,700,2660-1270
2575313.48974961,1258076.34039461,2022,10,6,0,700,2575-1258
2575601.49874293,1258800.33672062,2022,10,3,0,700,2575-1258
2580090.6502114,1212497.13430467,2024,10,30,0,700,2580-1212
2589320,1208748,2025,29,1,1,700,2589-1208
2521796.52596828,1150530.19186093,2021,29,2,1,700,2521-1150
2575383.48559548,1257918.33890068,2023,29,1,1,700,2575-1257
2575383.48559548,1257918.33890068,2022,29,5,13,700,2575-1257
2569146,1196501,2022,10,2,0,700,2569-1196
2575383.48559548,1257918.33890068,2021,29,5,13,700,2575-1257
2659500,1271500,2021,28,4,2,700,2659-1271
2660221,1269908,2022,29,15,2,700,2660-1269
2569500,1203500,2023,10,8,0,700,2569-1203
2660219,1269915,2023,35,8,1,700,2660-1269
2569644.55120499,1203073.27749823,2021,10,3,0,700,2569-1203
2659189,1271479,2024,10,3,0,700,2659-1271
2660500,1270500,2024,10,3,0,700,2660-1270
2570500,1203500,2021,10,5,0,700,2570-1203
2660500,1270500,2025,35,,1,700,2660-1270
2569087,1196544,2023,10,2,0,700,2569-1196
2569715,1203260,2023,10,10,0,700,2569-1203
2702638,1281649,2022,10,1,0,700,2702-1281
2569124,1196727,2023,10,2,0,700,2569-1196
2660500,1270500,2021,28,8,2,700,2660-1270
2569179,1196448,2022,10,2,0,700,2569-1196
2659500,1270500,2021,10,,0,700,2659-1270
2575383.48559548,1257918.33890068,2023,35,1,1,700,2575-1257
2539046.23780685,1182645.82975202,2022,10,15,0,700,2539-1182
2539046.23780685,1182645.82975202,2022,10,2,0,700,2539-1182
2571004,1203508,2023,28,1,1,700,2571-1203
2593980,1201670,2022,10,3,0,700,2593-1201
2660500,1270500,2023,41,,1,700,2660-1270
2593285,1201444,2025,16,2,0,700,2593-1201
2660500,1270500,2025,16,4,0,700,2660-1270
2569500,1203500,2023,16,1,0,700,2569-1203
2660500,1270500,2025,28,8,13,700,2660-1270
2599071,1203670,2024,28,2,4,700,2599-1203
2660500,1270500,2021,41,,2,700,2660-1270
2569147.44266037,1196706.26540992,2022,28,8,13,700,2569-1196
2539046.23780685,1182645.82975201,2023,16,6,0,700,2539-1182
2659914,1270354,2025,16,2,0,700,2659-1270
2660500,1269500,2025,28,3,2,700,2660-1269
2614460,1269839,2025,16,2,0,700,2614-1269
2614433,1269822,2022,16,2,0,700,2614-1269
2614447,1269802,2023,16,2,0,700,2614-1269
2660500,1270500,2025,16,4,0,700,2660-1270
2589308.53755816,1208834.98463799,2025,28,1,2,700,2589-1208
2575383.48559548,1257918.33890068,2021,28,6,13,700,2575-1257
2569500,1203500,2023,16,1,0,700,2569-1203
2659500,1271500,2025,16,1,0,700,2659-1271
2660308,1270009,2025,47,2,0,700,2660-1270
2660298,1269845,2025,47,,0,700,2660-1269
2660390,1269916,2025,47,,0,700,2660-1269
2660344,1269933,2024,47,100,0,700,2660-1269
2660368,1270164,2025,47,12,0,700,2660-1270
2660173,1270282,2025,47,,0,700,2660-1270
2660201,1269923,2025,47,50,0,700,2660-1269
2660500,1270500,2021,16,5,0,700,2660-1270
2678500,1261500,2025,16,3,0,700,2678-1261
2660500,1270500,2025,16,4,0,700,2660-1270
2569500,1203500,2021,47,4,0,700,2569-1203
2592975,1201015,2021,34,6,13,700,2592-1201
2627500,1268500,2021,47,2,0,700,2627-1268
2659500,1270500,2022,16,,0,700,2659-1270
2570500,1203500,2023,16,1,0,700,2570-1203
2539046.23780685,1182645.82975202,2022,16,2,0,700,2539-1182
2539046.23780685,1182645.82975202,2021,16,4,0,700,2539-1182
2575465,1258081,2025,34,1,1,700,2575-1258
2570500,1203500,2023,54,10,0,700,2570-1203
2569779,1203445,2025,54,5,0,700,2569-1203
2569488,1203675,2025,54,5,0,700,2569-1203
2569500,1203500,2023,16,1,0,700,2569-1203
2570171.55826185,1203620.27005927,2023,54,7,0,700,2570-1203
2570906,1203234,2023,16,1,0,700,2570-1203
2659681,1270739,2023,16,3,0,700,2659-1270
2570430,1203198,2025,16,4,0,700,2570-1203
2569199,1196714,2021,16,6,0,700,2569-1196
2659364,1271362,2023,16,3,0,700,2659-1271
2570563,1203048,2023,16,1,0,700,2570-1203
2659106,1271424,2025,16,2,0,700,2659-1271
2575383.48559548,1257918.33890068,2021,34,3,13,700,2575-1257
2539046.23780685,1182645.82975202,2022,16,2,0,700,2539-1182
2660500,1270500,2023,54,,0,700,2660-1270
2731500,1279500,2023,34,2,4,700,2731-1279
2660500,1270500,2023,16,,0,700,2660-1270
2659386,1271377,2021,54,70,0,700,2659-1271
2678512,1261634,2024,54,2,0,700,2678-1261
2660219,1269910,2022,54,30,0,700,2660-1269
2660221,1270031,2023,54,60,0,700,2660-1270
2660336,1270120,2021,54,100,0,700,2660-1270
2729500,1275500,2025,34,2,1,700,2729-1275
2594500,1201500,2025,22,3,0,700,2594-1201
2670003,1242512,2022,22,1,0,700,2670-1242
2570171.55826185,1203620.27005927,2025,22,1,0,700,2570-1203
2771200.02206418,1183899.76452876,2021,54,1,0,700,2771-1183
2575383.48559548,1257918.33890068,2021,54,8,0,700,2575-1257
2660500,1270500,2022,54,100,0,700,2660-1270
2594500,1201500,2022,22,2,0,700,2594-1201
2660500,1270500,2021,54,,0,700,2660-1270
2569267,1203331,2023,40,10,1,700,2569-1203
2575687,1258516,2021,60,16,0,700,2575-1258
2570500,1203500,2023,22,1,0,700,2570-1203
2570171.55826185,1203620.27005927,2022,60,2,0,700,2570-1203
2620500,1265500,2021,22,2,0,700,2620-1265
2569146,1196673,2024,60,1,0,700,2569-1196
2660500,1270500,2023,22,12,0,700,2660-1270
2594500,1201500,2023,22,2,0,700,2594-1201
2678523,1261626,2024,60,2,0,700,2678-1261
2659364,1271413,2022,60,4,0,700,2659-1271
2660500,1270500,2023,60,,0,700,2660-1270
2539046.23780685,1182645.82975202,2021,22,2,0,700,2539-1182
2660500,1270500,2024,46,200,0,700,2660-1270
2575313.48974961,1258076.34039461,2021,60,5,0,700,2575-1258
2575313.48974961,1258076.3403946,2024,60,2,0,700,2575-1258
2660500,1270500,2022,22,2,0,700,2660-1270
2660500,1270500,2024,22,5,0,700,2660-1270
2660500,1270500,2022,46,338,0,700,2660-1270
2570500,1203500,2023,46,2,0,700,2570-1203
2539046.23780685,1182645.82975202,2021,66,1,0,700,2539-1182
2568956,1203415,2024,66,,0,700,2568-1203
2568948,1203255,2021,66,21,0,700,2568-1203
2568948,1203255,2021,66,2,0,700,2568-1203
2568948,1203255,2021,66,1,0,700,2568-1203
2569500,1203500,2023,22,1,0,700,2569-1203
2569158,1196352,2025,66,2,0,700,2569-1196
2569306,1196733,2021,66,2,0,700,2569-1196
2570553.53980193,1202655.26017325,2023,46,3,0,700,2570-1202
2659500,1271500,2021,66,20,0,700,2659-1271
2660500,1270500,2025,46,,0,700,2660-1270
2571976,1202538,2023,66,9,0,700,2571-1202
2539046.23780685,1182645.82975202,2022,22,2,0,700,2539-1182
2660303,1270483,2022,22,2,0,700,2660-1270
2570171.55826185,1203620.27005927,2025,72,3,0,700,2570-1203
2539046.23780685,1182645.82975202,2022,22,2,0,700,2539-1182
2575383.48559548,1257918.33890068,2022,22,1,0,700,2575-1257
2691496,1247587,2021,28,2,1,700,2691-1247
2659345,1271146,2025,53,,0,700,2659-1271
2570500,1203500,2025,53,2,0,700,2570-1203
2575309,1258080,2023,72,2,0,700,2575-1258
2620500,1265500,2022,22,,0,700,2620-1265
2620500,1265500,2021,22,3,0,700,2620-1265
2660500,1270500,2023,53,,0,700,2660-1270
2659500,1270500,2024,53,,0,700,2659-1270
2569500,1203500,2023,53,1,0,700,2569-1203
2678743.88625199,1261738.64812515,2024,53,2,0,700,2678-1261
2707494,1279078,2023,72,2,0,700,2707-1279
2572883,1202889,2023,22,1,0,700,2572-1202
2570595,1203344,2025,22,2,0,700,2570-1203
2659358,1271397,2025,22,3,0,700,2659-1271
2659851,1270714,2022,22,2,0,700,2659-1270
2570887,1203163,2025,22,2,0,700,2570-1203
2660388,1269953,2022,53,20,0,700,2660-1269
2572893,1202911,2022,22,2,0,700,2572-1202
2659399,1271139,2021,22,4,2,700,2659-1271
2614450.91388358,1269819.8364628,2024,53,1,0,700,2614-1269
2539046.23780685,1182645.82975201,2023,53,3,0,700,2539-1182
2570451,1203183,2025,28,1,1,700,2570-1203
2569500,1203500,2023,28,1,2,700,2569-1203
2569004,1203228,2025,59,1,0,700,2569-1203
2569644.55120499,1203073.27749823,2021,72,4,0,700,2569-1203
2571520,1203314,2023,59,17,0,700,2571-1203
2707403,1279117,2025,5,11,0,700,2707-1279
2539046.23780685,1182645.82975202,2021,5,31,0,700,2539-1182
2539405.23201616,1182388.82094445,2021,5,2,0,700,2539-1182
2595500,1201500,2023,59,1,0,700,2595-1201
2539500,1182500,2025,5,4,0,700,2539-1182
2660500,1270500,2025,59,153,0,700,2660-1270
2660500,1270500,2025,59,28,0,700,2660-1270
2561056,1195422,2025,59,3,0,700,2561-1195
2569752,1203428,2023,59,25,0,700,2569-1203
2580090.6502114,1212497.13430467,2023,5,6,0,700,2580-1212
2660500,1270500,2022,28,19,2,700,2660-1270
2659500,1270500,2021,59,,0,700,2659-1270
2660500,1270500,2025,59,100,0,700,2660-1270
2660500,1270500,2021,28,3,2,700,2660-1270
2568909,1203258,2021,5,50,0,700,2568-1203
2569370,1203326,2025,5,,0,700,2569-1203
2571625,1202506,2023,5,5,0,700,2571-1202
2595500,1201500,2021,5,4,0,700,2595-1201
2658500,1271986,2022,28,2,1,700,2658-1271
2569524,1203400,2025,59,3,0,700,2569-1203
2569530,1203445,2025,59,4,0,700,2569-1203
2658800.07814379,1271799.64196525,2021,28,1,2,700,2658-1271
2569511,1203403,2025,59,1,0,700,2569-1203
2569644.55120499,1203073.27749822,2025,59,4,0,700,2569-1203
2575313.48974961,1258076.3403946,2023,59,2,0,700,2575-1258
2567500,1256500,2022,28,2,6,700,2567-1256
2539046.23780685,1182645.82975201,2024,65,1,0,700,2539-1182
2539405.23201616,1182388.82094445,2021,11,11,0,700,2539-1182
2539046.23780685,1182645.82975202,2021,11,8,0,700,2539-1182
2627500,1268500,2021,11,71,0,700,2627-1268
2660500,1270500,2022,34,,1,700,2660-1270
2707500,1279500,2021,11,2,0,700,2707-1279
2560500,1194500,2025,34,4,13,700,2560-1194
2656563,1273683,2025,65,14,0,700,2656-1273
2539046.23780685,1182645.82975202,2021,11,6,0,700,2539-1182
2660500,1270500,2022,34,100,2,700,2660-1270
2572777,1204456,2022,65,7,0,700,2572-1204
2572878,1202969,2025,65,14,0,700,2572-1202
2659500,1270500,2021,65,1,0,700,2659-1270
2702659.41195306,1281914.8508067,2021,71,5,0,700,2702-1281
2570500,1203500,2021,71,18,0,700,2570-1203
2660500,1270500,2023,71,,0,700,2660-1270
2659766,1270620,2021,11,3,0,700,2659-1270
2575313.48974961,1258076.3403946,2024,34,24,13,700,2575-1258
2570553.53980193,1202655.26017325,2025,34,2,1,700,2570-1202
2569134,1203160,2024,11,2,0,700,2569-1203
2569057,1203146,2024,11,1,0,700,2569-1203
2569459,1203276,2024,71,9,0,700,2569-1203
2539046.23780685,1182645.82975201,2025,71,3,0,700,2539-1182
2569147.44266037,1196706.26540992,2022,71,2,0,700,2569-1196
2539046.23780685,1182645.82975201,2024,71,12,0,700,2539-1182
2660500,1270500,2024,11,15,0,700,2660-1270
2620500,1265500,2021,71,40,0,700,2620-1265
2771390,1184023,2021,34,1,2,700,2771-1184
2771228,1184140,2021,34,5,13,700,2771-1184
2572873,1202881,2025,17,2,0,700,2572-1202
2594500,1201500,2022,71,2,0,700,2594-1201
2572577,1206716,2021,17,2,0,700,2572-1206
2593367,1201425,2024,34,4,2,700,2593-1201
2660500,1270500,2022,17,4,0,700,2660-1270
2659500,1270500,2022,34,,2,700,2659-1270
2659814,1270522,2024,40,50,1,700,2659-1270
2729500,1275500,2024,4,2,0,700,2729-1275
2729500,1275500,2024,4,2,0,700,2729-1275
2569437,1203095,2025,4,12,0,700,2569-1203
2579335.42108767,1257966.27243105,2023,4,2,0,700,2579-1257
2575313.48974961,1258076.3403946,2025,40,1,1,700,2575-1258
2571328,1202123,2024,17,2,0,700,2571-1202
2572738,1202742,2025,17,2,0,700,2572-1202
2568500,1203500,2023,40,5,1,700,2568-1203
2575383.48559548,1257918.33890068,2021,40,1,1,700,2575-1257
2659790,1270801,2024,40,30,2,700,2659-1270
2659714,1270705,2025,4,1,0,700,2659-1270
2659374,1271359,2025,4,1,0,700,2659-1271
2660500,1270500,2022,17,2,0,700,2660-1270
2727420,1280702,2025,4,50,0,700,2727-1280
2575383.48559548,1257918.33890068,2021,17,2,0,700,2575-1257
2575383.48559548,1257918.33890068,2024,17,2,0,700,2575-1257
2575313.48974961,1258076.3403946,2025,17,1,0,700,2575-1258
2660500,1270500,2023,40,,1,700,2660-1270
2691468.89796345,1247582.63851963,2022,17,2,0,700,2691-1247
2575383.48559548,1257918.33890068,2021,17,12,0,700,2575-1257
2539405.23201617,1182388.82094444,2025,4,7,0,700,2539-1182
2539046.23780685,1182645.82975201,2023,4,5,0,700,2539-1182
2660500,1270500,2022,46,338,0,700,2660-1270
2539046.23780685,1182645.82975201,2025,4,2,0,700,2539-1182
2660500,1270500,2021,46,100,0,700,2660-1270
2660500,1270500,2024,23,6,0,700,2660-1270
2660500,1270500,2022,46,350,0,700,2660-1270
2660500,1270500,2021,46,,0,700,2660-1270
2660500,1270500,2023,40,70,1,700,2660-1270
2569687,1203451,2024,4,,0,700,2569-1203
2659342,1271152,2024,46,200,0,700,2659-1271
2660042,1270408,2021,46,,0,700,2660-1270
2659816,1270496,2021,46,,0,700,2659-1270
2570500,1203500,2023,46,2,0,700,2570-1203
2660500,1270500,2023,46,,0,700,2660-1270
2594500,1201500,2024,23,1,0,700,2594-1201
2660500,1270500,2025,46,,0,700,2660-1270
2660500,1270500,2024,46,220,0,700,2660-1270
2707500,1279500,2021,4,19,0,700,2707-1279
2660500,1270500,2025,46,,0,700,2660-1270
2572535,1204326,2025,4,4,0,700,2572-1204
2731482,1279168,2024,4,14,0,700,2731-1279
2539146,1182666,2022,10,2,0,700,2539-1182
2539499,1182188,2022,10,4,0,700,2539-1182
2539109,1182654,2023,10,7,0,700,2539-1182
2539357,1182255,2021,10,6,0,700,2539-1182
2539565,1182144,2021,10,6,0,700,2539-1182
2539052,1182722,2021,10,20,0,700,2539-1182
2659200,1271384,2024,46,20,0,700,2659-1271
2759999.99367169,1263000.27822094,2023,46,3,0,700,2759-1263
2569500,1196500,2023,10,10,0,700,2569-1196
2707500,1279500,2023,10,3,0,700,2707-1279
2580500,1212500,2023,10,2,0,700,2580-1212
2759999.99367169,1263000.27822094,2021,23,2,0,700,2759-1263
2539046.23780685,1182645.82975202,2021,23,2,0,700,2539-1182
2614460,1269839,2024,46,1,0,700,2614-1269
2575222,1257803,2025,23,1,0,700,2575-1257
2614460,1269839,2024,53,1,0,700,2614-1269
2659500,1270500,2024,46,,0,700,2659-1270
2702659.41195306,1281914.8508067,2021,10,1,0,700,2702-1281
2572724,1202757,2024,23,1,0,700,2572-1202
2659833,1270662,2022,23,2,0,700,2659-1270
2659249,1271300,2022,23,3,0,700,2659-1271
2575313.48974961,1258076.3403946,2025,23,2,0,700,2575-1258
2691468.89796345,1247582.63851963,2021,23,1,0,700,2691-1247
2539046.23780685,1182645.82975202,2022,10,5,0,700,2539-1182
2660500,1270500,2023,23,6,0,700,2660-1270
2539046.23780685,1182645.82975202,2022,10,9,0,700,2539-1182
2539046.23780685,1182645.82975202,2022,10,3,0,700,2539-1182
2620500,1265500,2022,10,2,0,700,2620-1265
2678743.88625199,1261738.64812515,2024,53,2,0,700,2678-1261
2707653,1279055,2024,53,2,0,700,2707-1279
2660500,1270500,2025,53,,0,700,2660-1270
2570500,1203500,2025,29,1,2,700,2570-1203
2660500,1270500,2024,29,1,1,700,2660-1270
2571363,1203305,2023,53,1,0,700,2571-1203
2580090.6502114,1212497.13430467,2023,10,2,0,700,2580-1212
2580090.6502114,1212497.13430467,2023,10,3,0,700,2580-1212
2580090.6502114,1212497.13430467,2023,10,3,0,700,2580-1212
2659500,1270500,2025,53,,0,700,2659-1270
2580090.6502114,1212497.13430467,2023,10,3,0,700,2580-1212
2580090.6502114,1212497.13430467,2023,10,2,0,700,2580-1212
2570705,1203494,2025,29,1,1,700,2570-1203
2614483,1269837,2021,29,5,2,700,2614-1269
2569457,1203641,2021,29,2,4,700,2569-1203
2569500,1203500,2021,29,2,1,700,2569-1203
2660500,1270500,2021,29,,1,700,2660-1270
2569168,1196262,2022,29,7,13,700,2569-1196
2570500,1203500,2021,10,10,0,700,2570-1203
2659782,1270823,2022,53,178,0,700,2659-1270
2659866,1270764,2024,53,200,0,700,2659-1270
2570500,1203500,2024,10,2,0,700,2570-1203
2659500,1270500,2022,10,2,0,700,2659-1270
2659120,1271477,2025,53,6,0,700,2659-1271
2659156,1271433,2025,53,20,0,700,2659-1271
2659499,1271186,2025,53,50,0,700,2659-1271
2659268,1271288,2025,53,20,0,700,2659-1271
2659712,1270704,2025,53,50,0,700,2659-1270
2569775,1203424,2025,10,25,0,700,2569-1203
2660500,1269500,2025,53,,0,700,2660-1269
2569373,1203301,2021,29,2,2,700,2569-1203
2539046.23780685,1182645.82975202,2022,29,2,1,700,2539-1182
2539046.23780685,1182645.82975202,2021,29,2,1,700,2539-1182
2575383.48559548,1257918.33890068,2022,29,2,1,700,2575-1257
2575383.48559548,1257918.33890068,2021,29,3,13,700,2575-1257
2659843,1270711,2025,35,,13,700,2659-1270
2572268,1202212,2023,35,10,1,700,2572-1202
2570171.55826185,1203620.27005927,2024,53,2,0,700,2570-1203
2660500,1270500,2025,35,,1,700,2660-1270
2656500,1273500,2021,35,2,2,700,2656-1273
2660500,1270500,2021,53,,0,700,2660-1270
2660500,1270500,2021,35,8,2,700,2660-1270
2660500,1270500,2021,53,,0,700,2660-1270
2571500,1203500,2025,53,2,0,700,2571-1203
2660500,1270500,2022,53,60,0,700,2660-1270
2660500,1269500,2024,35,3,2,700,2660-1269
2575383.48559548,1257918.33890068,2023,53,15,0,700,2575-1257
2539056,1182762,2022,16,2,0,700,2539-1182
2539084,1182658,2023,16,6,0,700,2539-1182
2575313.48974961,1258076.3403946,2024,35,16,1,700,2575-1258
2575313.48974961,1258076.3403946,2025,35,1,1,700,2575-1258
2660500,1270500,2023,35,,1,700,2660-1270
2594510,1201617,2025,53,1,0,700,2594-1201
2594448,1201657,2021,53,4,0,700,2594-1201
2670020,1242643,2025,41,2,2,700,2670-1242
2660024,1270568,2022,41,100,2,700,2660-1270
2660250,1269961,2022,41,2,2,700,2660-1269
2569688,1203711,2021,59,8,0,700,2569-1203
2660012,1270535,2025,59,8,0,700,2660-1270
2659184,1271312,2025,59,,0,700,2659-1271
2659892,1270380,2025,59,,0,700,2659-1270
2707624,1279052,2023,59,5,0,700,2707-1279
2569469,1203521,2022,59,2,0,700,2569-1203
2539046.23780685,1182645.82975201,2023,16,2,0,700,2539-1182
2539046.23780685,1182645.82975202,2022,16,2,0,700,2539-1182
2729099.48039105,1275600.06245772,2023,16,3,0,700,2729-1275
2575313.48974961,1258076.3403946,2024,41,12,13,700,2575-1258
2575313.48974961,1258076.3403946,2025,41,1,1,700,2575-1258
2575383.48559548,1257918.33890068,2023,41,6,1,700,2575-1257
2703178,1281736,2023,16,1,0,700,2703-1281
2575500,1257500,2021,59,12,0,700,2575-1257
2568500,1203500,2023,59,12,0,700,2568-1203
2575313.48974961,1258076.3403946,2025,59,2,0,700,2575-1258
2569751,1203429,2024,59,7,0,700,2569-1203
2660500,1270500,2022,59,,0,700,2660-1270
2660500,1270500,2022,16,2,0,700,2660-1270
2660067,1270577,2025,48,10,0,700,2660-1270
2659708,1270887,2024,48,60,0,700,2659-1270
2659999,1270560,2024,59,5,0,700,2659-1270
2659469,1271062,2025,59,28,0,700,2659-1271
2659500,1270500,2024,48,100,0,700,2659-1270
2569500,1203500,2023,16,1,0,700,2569-1203
2620500,1265500,2023,16,2,0,700,2620-1265
2539046.23780685,1182645.82975201,2023,59,2,0,700,2539-1182
2560500,1194500,2025,48,1,0,700,2560-1194
2659500,1271500,2021,48,220,0,700,2659-1271
2660500,1270500,2025,48,,0,700,2660-1270
2614460,1269811,2023,16,2,0,700,2614-1269
2731500,1279500,2023,65,2,0,700,2731-1279
2569644.55120499,1203073.27749823,2021,16,2,0,700,2569-1203
2660500,1270500,2024,65,3,0,700,2660-1270
2660500,1270500,2024,65,4,0,700,2660-1270
2569475,1203686,2025,54,4,0,700,2569-1203
2614460,1269839,2024,65,1,0,700,2614-1269
2595500,1201500,2023,65,4,0,700,2595-1201
2729817,1275283,2023,65,50,0,700,2729-1275
2594775,1201508,2023,65,2,0,700,2594-1201
2594794,1201578,2023,65,4,0,700,2594-1201
2731112.40876194,1279574.11087361,2021,65,6,0,700,2731-1279
2660500,1270500,2024,22,7,0,700,2660-1270
2575313.48974961,1258076.3403946,2024,65,1,0,700,2575-1258
2571500,1203500,2024,22,2,0,700,2571-1203
2620717.75996161,1265315.77940843,2023,65,40,0,700,2620-1265
2539046.23780685,1182645.82975201,2023,54,7,0,700,2539-1182
2660500,1270500,2021,22,3,0,700,2660-1270
2659548,1270893,2023,54,1,0,700,2659-1270
2678491,1261649,2024,54,2,0,700,2678-1261
2660500,1270500,2023,54,60,0,700,2660-1270
2659586,1270915,2023,65,64,0,700,2659-1270
2727500,1280500,2023,65,3,0,700,2727-1280
2570500,1203500,2023,65,4,0,700,2570-1203
2655500,1272500,2025,65,27,0,700,2655-1272
2660012,1269912,2022,54,50,0,700,2660-1269
2570171.55826185,1203620.27005927,2024,54,3,0,700,2570-1203
2660500,1270500,2024,65,100,0,700,2660-1270
2660500,1270500,2023,65,,0,700,2660-1270
2572500,1204500,2022,65,10,0,700,2572-1204
2539046.23780685,1182645.82975202,2021,65,1,0,700,2539-1182
2539046.23780685,1182645.82975202,2022,65,14,0,700,2539-1182
2539046.23780685,1182645.82975202,2022,65,14,0,700,2539-1182
2575383.48559548,1257918.33890068,2023,54,9,0,700,2575-1257
2575313.48974961,1258076.3403946,2023,54,9,0,700,2575-1258
2575383.48559548,1257918.33890068,2021,54,8,0,700,2575-1257
2570500,1203500,2021,65,2,0,700,2570-1203
2539046.23780685,1182645.82975201,2024,65,1,0,700,2539-1182
2660500,1270500,2022,54,,0,700,2660-1270
2569500,1203500,2021,54,2,0,700,2569-1203
2539046.23780685,1182645.82975201,2023,65,2,0,700,2539-1182
2660500,1270500,2024,60,30,0,700,2660-1270
2539046.23780685,1182645.82975201,2023,71,16,0,700,2539-1182
2569644.55120499,1203073.27749823,2021,71,20,0,700,2569-1203
2594500,1201500,2023,60,2,0,700,2594-1201
2659723,1270891,2024,60,68,0,700,2659-1270
2660188,1270374,2025,60,16,0,700,2660-1270
2702652,1281811,2022,22,2,0,700,2702-1281
2569187,1196450,2022,71,2,0,700,2569-1196
2592824,1201489,2021,71,2,0,700,2592-1201
2568500,1203500,2024,71,15,0,700,2568-1203
2569198,1196710,2022,71,14,0,700,2569-1196
2658820,1272169,2022,71,32,0,700,2658-1272
2660500,1270500,2022,71,,0,700,2660-1270
2631407,1270484,2022,71,165,0,700,2631-1270
2660212,1270029,2021,60,10,0,700,2660-1270
2659500,1270500,2023,22,,0,700,2659-1270
2706424,1279769,2022,71,5,0,700,2706-1279
2627500,1268500,2024,66,,0,700,2627-1268
2570500,1203500,2022,66,14,0,700,2570-1203
2569500,1203500,2022,66,,0,700,2569-1203
2539046.23780685,1182645.82975202,2021,71,7,0,700,2539-1182
2660500,1270500,2021,22,1,0,700,2660-1270
2660500,1270500,2024,66,20,0,700,2660-1270
2569644.55120499,1203073.27749823,2021,71,20,0,700,2569-1203
2569644.55120499,1203073.27749823,2021,71,20,0,700,2569-1203
2569397,1203293,2024,66,,0,700,2569-1203
2593167,1201201,2022,22,1,0,700,2593-1201
2660500,1270500,2024,66,20,0,700,2660-1270
2571500,1201500,2024,4,4,0,700,2571-1201
2659266,1271491,2023,4,,0,700,2659-1271
2659500,1271500,2025,4,,0,700,2659-1271
2659845,1270769,2021,4,9,0,700,2659-1270
2659702,1270717,2025,4,3,0,700,2659-1270
2659414,1271246,2023,4,100,0,700,2659-1271
2659713,1270591,2024,4,,0,700,2659-1270
2539046.23780685,1182645.82975202,2021,4,26,0,700,2539-1182
2539046.23780685,1182645.82975201,2024,4,44,0,700,2539-1182
2539046.23780685,1182645.82975201,2024,4,45,0,700,2539-1182
2570171.55826185,1203620.27005927,2024,4,,0,700,2570-1203
2569500,1203500,2024,4,50,0,700,2569-1203
2575313.48974961,1258076.3403946,2024,66,1,0,700,2575-1258
2539101,1182652,2024,4,45,0,700,2539-1182
2539098,1182650,2022,4,11,0,700,2539-1182
2659500,1270500,2021,4,2,0,700,2659-1270
2575313.48974961,1258076.3403946,2024,66,1,0,700,2575-1258
2660500,1270500,2023,4,110,0,700,2660-1270
2703135,1281621,2022,72,18,0,700,2703-1281
2620717.75996161,1265315.77940843,2022,4,2,0,700,2620-1265
2594749,1201544,2024,4,1,0,700,2594-1201
2579952,1212422,2023,4,32,0,700,2579-1212
2620500,1265500,2022,72,4,0,700,2620-1265
2660500,1270500,2024,72,,0,700,2660-1270
2568500,1203500,2022,72,,0,700,2568-1203
2620500,1265500,2022,72,2,0,700,2620-1265
2539046.23780685,1182645.82975202,2022,4,10,0,700,2539-1182
2539046.23780685,1182645.82975202,2021,4,27,0,700,2539-1182
2703159,1281727,2025,72,1,0,700,2703-1281
2571391,1202665,2022,72,30,0,700,2571-1202
2571455,1202592,2022,72,30,0,700,2571-1202
2659666,1270907,2023,72,30,0,700,2659-1270
2659406,1271411,2022,72,20,0,700,2659-1271
2571321,1202817,2022,72,30,0,700,2571-1202
2570757,1203072,2022,72,8,0,700,2570-1203
2703510,1282122,2023,72,1,0,700,2703-1282
2539046.23780685,1182645.82975202,2022,4,9,0,700,2539-1182
2660500,1270500,2021,28,8,1,700,2660-1270
2569500,1203500,2021,4,6,0,700,2569-1203
2594500,1201500,2021,4,2,0,700,2594-1201
2572500,1204500,2024,4,50,0,700,2572-1204
2659776,1270878,2021,4,9,0,700,2659-1270
2659500,1271500,2025,4,40,0,700,2659-1271
2627500,1268500,2021,10,91,0,700,2627-1268
2660500,1270500,2023,10,7,0,700,2660-1270
2620500,1265500,2025,10,24,0,700,2620-1265
2570500,1203500,2024,10,4,0,700,2570-1203
2539046.23780685,1182645.82975202,2021,5,31,0,700,2539-1182
2570500,1203500,2021,10,20,0,700,2570-1203
2539046.23780685,1182645.82975201,2024,5,50,0,700,2539-1182
2568500,1203500,2021,10,25,0,700,2568-1203
2659441,1270509,2022,10,2,0,700,2659-1270
2659569,1271178,2023,10,5,0,700,2659-1271
2659327,1271325,2023,10,2,0,700,2659-1271
2729782,1275543,2024,10,4,0,700,2729-1275
2659812,1270752,2023,10,30,0,700,2659-1270
2575313.48974961,1258076.3403946,2024,10,5,0,700,2575-1258
2614460,1269839,2023,10,2,0,700,2614-1269
2539046.23780685,1182645.82975202,2021,10,24,0,700,2539-1182
2659500,1270500,2022,10,2,0,700,2659-1270
2569142,1203268,2025,5,34,0,700,2569-1203
2539046.23780685,1182645.82975202,2021,10,23,0,700,2539-1182
2570171.55826185,1203620.27005927,2021,10,2,0,700,2570-1203
2539458,1182196,2025,5,5,0,700,2539-1182
2660500,1270500,2023,10,62,0,700,2660-1270
2594500,1201500,2023,10,2,0,700,2594-1201
2660231,1270312,2023,5,,0,700,2660-1270
2539500,1182500,2021,5,20,0,700,2539-1182
2575383.48559548,1257918.33890068,2025,5,2,0,700,2575-1257
2579945,1212486,2024,10,77,0,700,2579-1212
2569250,1203458,2023,10,2,0,700,2569-1203
2580090.6502114,1212497.13430467,2023,10,1,0,700,2580-1212
2659852,1270726,2024,12,4,0,700,2659-1270
2571851,1202085,2023,12,16,0,700,2571-1202
2659500,1270500,2024,12,14,0,700,2659-1270
2729500,1275500,2022,12,2,0,700,2729-1275
2660500,1270500,2022,28,15,4,700,2660-1270
2660500,1270500,2023,28,5,2,700,2660-1270
2575314,1258104,2025,12,1,0,700,2575-1258
2539046.23780685,1182645.82975202,2022,10,2,0,700,2539-1182
2659500,1271500,2024,12,3,0,700,2659-1271
2729500,1275500,2024,10,2,0,700,2729-1275
2569712,1203401,2022,28,2,2,700,2569-1203
2660500,1270500,2022,10,6,0,700,2660-1270
2660500,1270500,2024,10,4,0,700,2660-1270
2539405.23201616,1182388.82094445,2021,12,11,0,700,2539-1182
2691476,1247636,2021,28,2,1,700,2691-1247
2670500,1242500,2021,12,1,0,700,2670-1242
2539049,1182745,2021,16,3,0,700,2539-1182
2660500,1270500,2025,12,4,0,700,2660-1270
2580535,1212615,2024,12,,0,700,2580-1212
2620500,1265500,2025,16,10,0,700,2620-1265
2759500,1263500,2025,16,,0,700,2759-1263
2660328,1270592,2023,12,3,0,700,2660-1270
2580500,1212500,2024,12,80,0,700,2580-1212
2571422,1202990,2024,16,2,0,700,2571-1202
2659822,1270497,2025,16,6,0,700,2659-1270
2572899,1202885,2025,16,2,4,700,2572-1202
2570484,1203045,2023,16,1,0,700,2570-1203
2614460,1269839,2025,16,2,0,700,2614-1269
2539046.23780685,1182645.82975202,2022,16,2,0,700,2539-1182
2539046.23780685,1182645.82975202,2021,16,3,0,700,2539-1182
2539046.23780685,1182645.82975201,2023,16,7,0,700,2539-1182
2539046.23780685,1182645.82975202,2022,16,2,0,700,2539-1182
2539046.23780685,1182645.82975202,2021,16,3,0,700,2539-1182
2660500,1270500,2023,17,8,0,700,2660-1270
2660500,1270500,2023,16,,0,700,2660-1270
2594500,1201500,2025,34,4,2,700,2594-1201
2659860,1270826,2024,17,6,0,700,2659-1270
2539046.23780685,1182645.82975202,2021,17,2,0,700,2539-1182
2627500,1268500,2022,17,10,0,700,2627-1268
2659743,1270982,2023,16,4,0,700,2659-1270
2614450.91388358,1269819.8364628,2025,17,3,0,700,2614-1269
2569644.55120499,1203073.27749823,2021,16,2,0,700,2569-1203
2594500,1201500,2022,16,2,0,700,2594-1201
2539046.23780685,1182645.82975202,2022,16,2,0,700,2539-1182
2539046.23780685,1182645.82975202,2022,16,2,0,700,2539-1182
2703052.41330683,1281686.85305131,2025,16,2,0,700,2703-1281
2575313.48974961,1258076.3403946,2025,16,2,0,700,2575-1258
2691468.89796345,1247582.63851963,2022,17,2,0,700,2691-1247
2691468.89796345,1247582.63851963,2022,17,2,0,700,2691-1247
2575313.48974961,1258076.3403946,2024,17,1,0,700,2575-1258
2575383.48559548,1257918.33890068,2022,17,2,0,700,2575-1257
2631454,1270485,2025,16,2,0,700,2631-1270
2691142,1247755,2021,16,2,0,700,2691-1247
2691473,1247726,2023,16,1,0,700,2691-1247
2631472,1270433,2023,16,2,0,700,2631-1270
2660500,1270500,2024,16,4,0,700,2660-1270
2691502,1247612,2021,22,2,0,700,2691-1247
2570500,1203500,2025,22,2,0,700,2570-1203
2691473,1247611,2022,22,1,0,700,2691-1247
2691505,1247643,2022,22,1,0,700,2691-1247
2691475,1247467,2021,23,2,0,700,2691-1247
2660500,1270500,2025,22,2,0,700,2660-1270
2660500,1270500,2022,22,2,0,700,2660-1270
2660500,1270500,2025,22,2,0,700,2660-1270
2570262,1203112,2023,22,2,0,700,2570-1203
2659604,1271039,2025,22,2,0,700,2659-1271
2620500,1265500,2023,47,15,0,700,2620-1265
2594500,1201500,2024,23,3,0,700,2594-1201
2660500,1270500,2024,47,,0,700,2660-1270
2569595,1203712,2023,47,3,0,700,2569-1203
2659793,1270740,2021,23,10,0,700,2659-1270
2569451,1203635,2025,47,1,0,700,2569-1203
2570500,1203500,2023,23,2,0,700,2570-1203
2660500,1270500,2025,47,,0,700,2660-1270
2579335.42108767,1257966.27243105,2025,47,2,0,700,2579-1257
2533207,1174902,2023,47,2,0,700,2533-1174
2660500,1270500,2021,22,1,0,700,2660-1270
2660500,1270500,2024,47,250,0,700,2660-1270
2539046.23780685,1182645.82975202,2021,23,2,0,700,2539-1182
2575313.48974961,1258076.34039461,2021,22,2,0,700,2575-1258
2624475,1262476,2022,23,2,4,700,2624-1262
2728689,1280627,2023,22,2,0,700,2728-1280
2728536,1280913,2022,22,1,0,700,2728-1280
2660500,1270500,2025,53,200,0,700,2660-1270
2660500,1270500,2021,23,3,0,700,2660-1270
2660500,1270500,2022,53,,0,700,2660-1270
2595500,1201500,2023,53,2,0,700,2595-1201
2620500,1265500,2022,22,8,0,700,2620-1265
2539046.23780685,1182645.82975202,2021,22,2,0,700,2539-1182
2575313.48974961,1258076.3403946,2025,53,3,0,700,2575-1258
2575313.48974961,1258076.34039461,2022,22,1,0,700,2575-1258
2702581,1281805,2023,53,2,0,700,2702-1281
2575383.48559548,1257918.33890068,2023,23,3,0,700,2575-1257
2660704,1269708,2024,23,10,0,700,2660-1269
2614460,1269839,2022,22,3,4,700,2614-1269
2660500,1270500,2024,53,50,0,700,2660-1270
2569441,1203592,2025,53,2,0,700,2569-1203
2569441,1203592,2025,53,2,0,700,2569-1203
2569441,1203592,2025,53,2,0,700,2569-1203
2707682,1279047,2024,53,4,0,700,2707-1279
2660272,1270032,2023,29,5,1,700,2660-1270
2660293,1269921,2022,29,28,1,700,2660-1269
2729500,1275500,2023,22,11,0,700,2729-1275
2660330,1269982,2021,53,135,0,700,2660-1269
2660288,1269864,2022,53,76,0,700,2660-1269
2575248,1258061,2023,29,2,4,700,2575-1258
2660500,1270500,2021,22,2,0,700,2660-1270
2660500,1270500,2024,53,,0,700,2660-1270
2571394,1199331,2022,29,2,4,700,2571-1199
2659833,1270728,2022,29,19,2,700,2659-1270
2659803,1270755,2024,29,7,2,700,2659-1270
2660246,1270372,2024,53,50,0,700,2660-1270
2659691,1270949,2023,22,10,0,700,2659-1270
2593612,1201567,2023,22,2,0,700,2593-1201
2569759,1203436,2024,59,10,0,700,2569-1203
2594458,1201642,2023,59,2,0,700,2594-1201
2660500,1270500,2022,22,2,0,700,2660-1270
2660500,1270500,2023,29,28,2,700,2660-1270
2539046.23780685,1182645.82975201,2024,59,1,0,700,2539-1182
2539405.23201617,1182388.82094444,2024,59,1,0,700,2539-1182
2539046.23780685,1182645.82975202,2021,29,2,1,700,2539-1182
2569500,1203500,2022,59,,0,700,2569-1203
2570500,1203500,2021,22,2,0,700,2570-1203
2539042,1182619,2022,22,2,0,700,2539-1182
2655500,1272500,2025,59,2,0,700,2655-1272
2746129,1268812,2023,29,2,4,700,2746-1268
2691468.89796345,1247582.63851963,2022,22,1,0,700,2691-1247
2579914,1212301,2021,22,1,0,700,2579-1212
2660500,1270500,2023,22,13,0,700,2660-1270
2691468.89796345,1247582.63851963,2021,28,2,1,700,2691-1247
2659500,1270500,2023,28,,1,700,2659-1270
2570500,1203500,2025,28,1,2,700,2570-1203
2570500,1203500,2024,59,8,0,700,2570-1203
2660500,1270500,2021,29,5,2,700,2660-1270
2620100,1265099,2022,29,5,13,700,2620-1265
2659596,1271124,2024,28,10,1,700,2659-1271
2660023,1270520,2025,59,55,0,700,2660-1270
2706619,1279644,2024,28,2,4,700,2706-1279
2660279,1270025,2025,59,,0,700,2660-1270
2575313.48974961,1258076.3403946,2024,29,13,13,700,2575-1258
2575383.48559548,1257918.33890068,2021,29,7,13,700,2575-1257
2706443,1279805,2024,28,1,2,700,2706-1279
2575383.48559548,1257918.33890068,2022,29,2,1,700,2575-1257
2570553.53980193,1202655.26017326,2021,29,2,1,700,2570-1202
2660500,1270500,2023,59,10,0,700,2660-1270
2771200.02206418,1183899.76452876,2021,29,17,13,700,2771-1183
2575383.48559548,1257918.33890068,2022,28,4,13,700,2575-1257
2572772,1204479,2023,65,18,0,700,2572-1204
2660500,1270500,2023,28,5,1,700,2660-1270
2539046.23780685,1182645.82975202,2022,65,14,0,700,2539-1182
2539046.23780685,1182645.82975201,2024,65,1,0,700,2539-1182
2691510,1247601,2021,36,2,1,700,2691-1247
2707188,1279247,2022,65,2,0,700,2707-1279
2707678,1279069,2022,65,50,0,700,2707-1279
2575297,1258040,2025,65,3,0,700,2575-1258
2614408,1269830,2021,28,7,1,700,2614-1269
2570644.54435311,1202943.25954089,2023,65,,0,700,2570-1202
2569727,1203256,2023,28,1,2,700,2569-1203
2575171,1258012,2025,65,3,0,700,2575-1258
2620500,1265500,2021,36,30,13,700,2620-1265
2659468,1270973,2024,28,6,4,700,2659-1270
2570500,1203500,2023,28,1,1,700,2570-1203
2579335.42108767,1257966.27243105,2023,65,2,0,700,2579-1257
2660500,1270500,2024,36,5,2,700,2660-1270
2570553.53980193,1202655.26017326,2022,28,,1,700,2570-1202
2614460,1269880,2024,28,1,2,700,2614-1269
2670300.06850856,1242299.56432465,2025,28,2,2,700,2670-1242
2569644.55120499,1203073.27749822,2023,65,15,0,700,2569-1203
2660500,1269500,2022,36,25,2,700,2660-1269
2729500,1275500,2025,65,3,0,700,2729-1275
2575383.48559548,1257918.33890068,2021,36,4,13,700,2575-1257
2691468.89796345,1247582.63851963,2021,36,2,1,700,2691-1247
2575383.48559548,1257918.33890068,2023,36,1,1,700,2575-1257
2539046.23780685,1182645.82975202,2022,28,2,1,700,2539-1182
2620500,1265500,2021,34,13,13,700,2620-1265
2594386,1201694,2023,71,2,0,700,2594-1201
2659805,1270855,2022,42,70,1,700,2659-1270
2660214,1269917,2025,42,,1,700,2660-1269
2539046.23780685,1182645.82975201,2024,71,11,0,700,2539-1182
2539405.23201617,1182388.82094444,2024,71,6,0,700,2539-1182
2660500,1270500,2022,71,11,0,700,2660-1270
2593440,1201720,2025,34,6,4,700,2593-1201
2594386,1201803,2025,34,4,2,700,2594-1201
2594386,1201803,2025,34,4,2,700,2594-1201
2575313.48974961,1258076.3403946,2024,34,22,13,700,2575-1258
2575313.48974961,1258076.3403946,2024,42,10,13,700,2575-1258
2575313.48974961,1258076.3403946,2025,42,1,1,700,2575-1258
2771211,1184095,2022,34,3,13,700,2771-1184
2660500,1270500,2021,42,,1,700,2660-1270
2660500,1270500,2021,34,1,1,700,2660-1270
2728500,1280500,2023,71,10,0,700,2728-1280
2539043,1182615,2024,4,,0,700,2539-1182
2620500,1265500,2023,48,50,0,700,2620-1265
2570553.53980193,1202655.26017325,2025,34,2,1,700,2570-1202
2614460,1269839,2025,34,13,13,700,2614-1269
2614460,1269839,2021,34,2,4,700,2614-1269
2659846,1270465,2022,48,,0,700,2659-1270
2678454,1261656,2023,48,1,0,700,2678-1261
2660303,1269885,2024,48,,0,700,2660-1269
2659327,1271624,2024,48,,0,700,2659-1271
2560500,1194500,2025,40,1,8,700,2560-1194
2660500,1270500,2025,48,150,0,700,2660-1270
2569759,1203426,2023,48,3,0,700,2569-1203
2659500,1270500,2024,4,,0,700,2659-1270
2660500,1270500,2023,40,,1,700,2660-1270
2627500,1268500,2023,4,75,0,700,2627-1268
2627500,1268500,2024,4,100,0,700,2627-1268
2569147.44266037,1196706.26540992,2023,4,2,0,700,2569-1196
2539046.23780685,1182645.82975202,2021,4,5,0,700,2539-1182
2570553.53980193,1202655.26017325,2023,48,3,0,700,2570-1202
2575383.48559548,1257918.33890068,2021,48,1,0,700,2575-1257
2659856,1270734,2024,40,40,2,700,2659-1270
2660005,1270597,2024,40,80,1,700,2660-1270
2660068,1270494,2024,40,23,2,700,2660-1270
2659753,1270881,2025,40,1,2,700,2659-1270
2660500,1270500,2025,4,1,0,700,2660-1270
2659500,1271500,2024,4,,0,700,2659-1271
2569251,1203332,2021,54,1,0,700,2569-1203
2568962,1203301,2023,54,2,0,700,2568-1203
2569001,1203281,2023,54,2,0,700,2569-1203
2569440,1203648,2025,54,4,0,700,2569-1203
2660500,1270500,2022,54,,0,700,2660-1270
2575313.48974961,1258076.3403946,2025,40,1,1,700,2575-1258
2575383.48559548,1257918.33890068,2021,40,3,1,700,2575-1257
2570171.55826185,1203620.27005927,2023,54,3,0,700,2570-1203
2660364,1269908,2024,40,35,2,700,2660-1269
2575223,1257801,2023,40,10,1,700,2575-1257
2659758,1271063,2024,54,80,0,700,2659-1271
2659343,1271486,2025,54,,0,700,2659-1271
2569465,1203654,2021,11,3,0,700,2569-1203
2614460,1269839,2024,47,1,0,700,2614-1269
2569440,1203632,2021,11,52,0,700,2569-1203
2728627,1280984,2022,11,1,0,700,2728-1280
2580090.6502114,1212497.13430467,2022,11,6,0,700,2580-1212
2579940,1212404,2022,11,2,0,700,2579-1212
2620500,1265500,2024,54,67,0,700,2620-1265
2620500,1265500,2024,54,67,0,700,2620-1265
2678515.88908633,1261671.64722243,2024,54,2,0,700,2678-1261
2660500,1270500,2022,11,2,0,700,2660-1270
2660372,1269815,2023,54,,0,700,2660-1269
2539057,1182885,2023,11,3,0,700,2539-1182
2660045,1270438,2025,54,16,0,700,2660-1270
2678441,1261667,2024,54,2,0,700,2678-1261
2659676,1270749,2024,54,100,0,700,2659-1270
2659430,1271031,2024,54,75,0,700,2659-1271
2627500,1268500,2024,54,1,0,700,2627-1268
2660500,1270500,2024,47,,0,700,2660-1270
2660500,1269500,2023,47,20,0,700,2660-1269
2660500,1270500,2022,47,300,0,700,2660-1270
2660500,1270500,2021,54,,0,700,2660-1270
2560500,1194500,2025,47,2,0,700,2560-1194
2570500,1203500,2025,47,1,0,700,2570-1203
2659500,1270500,2022,47,,0,700,2659-1270
2575383.48559548,1257918.33890068,2021,54,7,0,700,2575-1257
2575383.48559548,1257918.33890068,2023,54,13,0,700,2575-1257
2575383.48559548,1257918.33890068,2022,54,2,0,700,2575-1257
2660500,1270500,2021,47,,0,700,2660-1270
2659768,1270733,2024,47,,0,700,2659-1270
2660116,1270482,2021,47,140,0,700,2660-1270
2678743.88625199,1261738.64812515,2023,47,1,0,700,2678-1261
2569857.55231118,1203193.27414935,2023,47,3,0,700,2569-1203
2569500,1203500,2022,60,4,0,700,2569-1203
2659500,1270499,2021,47,125,0,700,2659-1270
2660500,1270500,2025,47,200,0,700,2660-1270
2575299,1257922,2025,60,2,0,700,2575-1257
2659282,1271178,2024,47,,0,700,2659-1271
2660500,1270500,2023,11,80,0,700,2660-1270
2729099.48039105,1275600.06245772,2021,11,2,0,700,2729-1275
2569147.44266037,1196706.26540992,2021,11,5,0,700,2569-1196
2569644.55120499,1203073.27749822,2023,11,26,0,700,2569-1203
2620500,1265500,2021,47,2,0,700,2620-1265
2569423,1203626,2025,60,2,0,700,2569-1203
2571500,1203500,2023,53,1,0,700,2571-1203
2614450.91388358,1269819.8364628,2024,53,1,0,700,2614-1269
2614460,1269839,2024,53,1,0,700,2614-1269
2570171.55826185,1203620.27005927,2025,53,2,0,700,2570-1203
2539046.23780685,1182645.82975201,2023,53,8,0,700,2539-1182
2570171.55826185,1203620.27005927,2025,53,2,0,700,2570-1203
2659750,1270947,2022,60,60,0,700,2659-1270
2572599,1202732,2022,60,6,0,700,2572-1202
2575313.48974961,1258076.3403946,2023,60,2,0,700,2575-1258
2575313.48974961,1258076.3403946,2024,60,1,0,700,2575-1258
2570171.55826185,1203620.27005927,2023,66,16,0,700,2570-1203
2660500,1270500,2025,53,200,0,700,2660-1270
2660500,1270500,2022,16,2,0,700,2660-1270
2569463,1203665,2025,53,2,0,700,2569-1203
2569441,1203592,2025,53,2,0,700,2569-1203
2660500,1270500,2021,53,100,0,700,2660-1270
2659577,1271146,2025,53,,0,700,2659-1271
2659562,1271010,2021,53,,0,700,2659-1271
2659734,1270932,2021,53,100,0,700,2659-1270
2569627,1203741,2023,53,1,0,700,2569-1203
2572569,1204285,2024,66,2,0,700,2572-1204
2707202,1279162,2022,16,2,0,700,2707-1279
2660500,1270500,2023,66,22,0,700,2660-1270
2702269,1281560,2023,66,8,0,700,2702-1281
2570886,1203132,2023,16,1,0,700,2570-1203
2570724,1203521,2025,16,7,0,700,2570-1203
2539085,1182646,2021,16,8,0,700,2539-1182
2572822,1202816,2025,66,28,0,700,2572-1202
2569182,1196617,2022,72,1,0,700,2569-1196
2703140,1281724,2025,72,7,0,700,2703-1281
2539405.23201617,1182388.82094444,2025,72,3,0,700,2539-1182
2539046.23780685,1182645.82975201,2023,59,2,0,700,2539-1182
2569500,1203500,2022,72,11,0,700,2569-1203
2620500,1265500,2024,59,160,0,700,2620-1265
2570500,1203500,2023,59,25,0,700,2570-1203
2620500,1265500,2021,59,,0,700,2620-1265
2660500,1270500,2022,72,76,0,700,2660-1270
2569411,1203612,2023,72,100,0,700,2569-1203
2660500,1270500,2025,16,1,0,700,2660-1270
2660500,1270500,2025,59,,0,700,2660-1270
2660500,1270500,2024,16,10,0,700,2660-1270
2570500,1203500,2024,16,2,0,700,2570-1203
2595489,1201290,2023,59,2,0,700,2595-1201
2533346,1174899,2023,72,3,0,700,2533-1174
2575383.48559548,1257918.33890068,2021,59,20,0,700,2575-1257
2571447,1202634,2022,72,36,0,700,2571-1202
2571528,1202538,2022,72,31,0,700,2571-1202
2571228,1202782,2022,72,40,0,700,2571-1202
2571604,1202565,2022,72,6,0,700,2571-1202
2571567,1202498,2022,72,1,0,700,2571-1202
2659705,1270944,2023,72,74,0,700,2659-1270
2571502,1202638,2022,72,2,0,700,2571-1202
2571417,1202644,2022,72,6,0,700,2571-1202
2571525,1202551,2023,72,13,0,700,2571-1202
2571499,1202595,2022,72,,0,700,2571-1202
2575383.48559548,1257918.33890068,2022,59,4,0,700,2575-1257
2729500,1275500,2021,72,2,0,700,2729-1275
2660500,1270500,2025,16,12,0,700,2660-1270
2620717.75996161,1265315.77940843,2022,72,,0,700,2620-1265
2570500,1203500,2024,72,2,0,700,2570-1203
2570500,1203500,2022,59,8,0,700,2570-1203
2660500,1270500,2023,72,80,0,700,2660-1270
2659783,1270815,2025,59,80,0,700,2659-1270
2659267,1271232,2025,59,,0,700,2659-1271
2539046.23780685,1182645.82975201,2024,16,1,0,700,2539-1182
2539046.23780685,1182645.82975202,2021,16,8,0,700,2539-1182
2539046.23780685,1182645.82975202,2021,16,8,0,700,2539-1182
2539046.23780685,1182645.82975202,2022,16,2,0,700,2539-1182
2620500,1265500,2022,16,20,0,700,2620-1265
2569500,1203500,2023,65,8,0,700,2569-1203
2539046.23780685,1182645.82975201,2023,65,3,0,700,2539-1182
2569500,1203500,2022,59,16,0,700,2569-1203
2575313.48974961,1258076.3403946,2025,59,2,0,700,2575-1258
2703052.41330683,1281686.85305131,2021,59,2,0,700,2703-1281
2539046.23780685,1182645.82975202,2021,59,2,0,700,2539-1182
2593500,1201500,2023,6,2,0,700,2593-1201
2570500,1203500,2025,6,20,0,700,2570-1203
2539405.23201616,1182388.82094445,2021,6,30,0,700,2539-1182
2539046.23780685,1182645.82975202,2021,6,14,0,700,2539-1182
2539046.23780685,1182645.82975202,2021,6,20,0,700,2539-1182
2570500,1203500,2022,65,1,0,700,2570-1203
2614450.91388358,1269819.8364628,2024,65,1,0,700,2614-1269
2706392,1279936,2022,65,2,0,700,2706-1279
2705885,1280194,2022,65,2,0,700,2705-1280
2707383,1279375,2022,65,23,0,700,2707-1279
2580090.6502114,1212497.13430467,2023,6,2,0,700,2580-1212
2580305,1212623,2024,6,50,0,700,2580-1212
2575383.48559548,1257918.33890068,2023,65,2,0,700,2575-1257
2707180,1279269,2022,65,2,0,700,2707-1279
2620500,1265500,2022,65,25,0,700,2620-1265
2627500,1268500,2022,65,30,0,700,2627-1268
2659744,1270876,2023,65,65,0,700,2659-1270
2614450.91388358,1269819.8364628,2025,65,2,0,700,2614-1269
2594844,1201382,2023,65,4,0,700,2594-1201
2659855,1270772,2025,6,,0,700,2659-1270
2659321,1271257,2024,6,1,0,700,2659-1271
2659714,1270697,2025,6,20,0,700,2659-1270
2568658,1203287,2025,6,25,0,700,2568-1203
2568893,1203215,2025,6,30,0,700,2568-1203
2659624,1270859,2023,65,,0,700,2659-1270
2655500,1272500,2023,65,6,0,700,2655-1272
2539046.23780685,1182645.82975201,2023,71,33,0,700,2539-1182
2579644,1212264,2021,22,1,0,700,2579-1212
2707856,1279037,2022,65,1,0,700,2707-1279
2539046.23780685,1182645.82975202,2022,65,14,0,700,2539-1182
2539046.23780685,1182645.82975202,2022,65,14,0,700,2539-1182
2569636,1203769,2022,22,2,0,700,2569-1203
2579931,1212149,2021,22,1,0,700,2579-1212
2593500,1201500,2024,22,2,0,700,2593-1201
2631398,1270452,2024,71,2,0,700,2631-1270
2703095,1281675,2023,12,2,0,700,2703-1281
2746151,1268967,2022,12,2,0,700,2746-1268
2589359,1208768,2025,12,2,0,700,2589-1208
2660500,1270500,2023,71,130,0,700,2660-1270
2580090.6502114,1212497.13430467,2024,12,15,0,700,2580-1212
2539046.23780685,1182645.82975202,2021,12,14,0,700,2539-1182
2539405.23201616,1182388.82094445,2021,12,2,0,700,2539-1182
2659708,1270708,2023,71,96,0,700,2659-1270
2570441,1203924,2021,22,2,0,700,2570-1203
2660500,1270500,2023,12,,0,700,2660-1270
2729500,1275500,2021,71,7,0,700,2729-1275
2660500,1270500,2023,71,80,0,700,2660-1270
2660500,1270500,2024,22,2,0,700,2660-1270
2571307,1202725,2025,12,27,0,700,2571-1202
2691563,1247669,2022,22,1,0,700,2691-1247
2627500,1268500,2023,12,19,0,700,2627-1268
2568500,1203500,2022,22,2,0,700,2568-1203
2660500,1270500,2021,71,10,0,700,2660-1270
2569901,1203011,2022,12,2,0,700,2569-1203
2539046.23780685,1182645.82975202,2021,71,7,0,700,2539-1182
2539405.23201616,1182388.82094445,2021,71,7,0,700,2539-1182
2659861,1270743,2021,4,5,0,700,2659-1270
2568500,1203500,2021,4,4,0,700,2568-1203
2579919,1212373,2023,4,32,0,700,2579-1212
2539046.23780685,1182645.82975201,2024,4,40,0,700,2539-1182
2539046.23780685,1182645.82975201,2024,4,68,0,700,2539-1182
2539046.23780685,1182645.82975202,2021,4,27,0,700,2539-1182
2660500,1270500,2021,17,1,0,700,2660-1270
2569644.55120499,1203073.27749822,2023,4,,0,700,2569-1203
2707079,1279497,2025,4,2,0,700,2707-1279
2702583,1281890,2024,22,2,7,700,2702-1281
2660500,1270500,2021,4,,0,700,2660-1270
2659334,1271467,2024,4,20,0,700,2659-1271
2569500,1203500,2021,22,2,0,700,2569-1203
2569500,1203500,2021,4,20,0,700,2569-1203
2660500,1270500,2021,4,4,0,700,2660-1270
2569500,1203500,2021,4,57,0,700,2569-1203
2593419,1201376,2023,4,9,0,700,2593-1201
2627878,1268559,2024,4,100,0,700,2627-1268
2660500,1270500,2024,4,,0,700,2660-1270
2539126,1182834,2023,4,4,0,700,2539-1182
2539415,1182303,2023,4,1,0,700,2539-1182
2580006,1212462,2024,11,60,0,700,2580-1212
2539046.23780685,1182645.82975202,2021,4,28,0,700,2539-1182
2660500,1270500,2023,28,,1,700,2660-1270
2580090.6502114,1212497.13430467,2022,17,2,0,700,2580-1212
2539046.23780685,1182645.82975202,2021,17,1,0,700,2539-1182
2620500,1265500,2021,4,558,0,700,2620-1265
2539046.23780685,1182645.82975202,2021,17,5,0,700,2539-1182
2539046.23780685,1182645.82975202,2022,4,11,0,700,2539-1182
2575171,1257848,2024,17,6,0,700,2575-1257
2627500,1268500,2024,11,120,0,700,2627-1268
2627500,1268500,2023,4,,0,700,2627-1268
2562439,1192778,2021,28,2,2,700,2562-1192
2572812,1202839,2025,17,3,0,700,2572-1202
2572864,1202855,2024,17,1,0,700,2572-1202
2660051,1270578,2024,17,1,0,700,2660-1270
2539500,1182500,2023,11,3,0,700,2539-1182
2660500,1270500,2023,11,,0,700,2660-1270
2660500,1270500,2024,11,7,0,700,2660-1270
2658500,1271500,2022,28,10,13,700,2658-1271
2575313.48974961,1258076.34039461,2022,17,3,0,700,2575-1258
2659500,1270500,2024,11,2,0,700,2659-1270
2570553.53980193,1202655.26017326,2022,17,7,0,700,2570-1202
2570553.53980193,1202655.26017325,2024,17,2,0,700,2570-1202
2771200.02206418,1183899.76452876,2022,17,1,0,700,2771-1183
2729117,1275585,2021,11,3,0,700,2729-1275
2570474,1203158,2021,11,4,0,700,2570-1203
2659671,1271063,2024,11,2,0,700,2659-1271
2728949,1280636,2022,11,2,0,700,2728-1280
2569661,1203619,2021,11,40,0,700,2569-1203
2707766,1279011,2023,11,5,0,700,2707-1279
2569568,1203709,2025,11,2,0,700,2569-1203
2614460,1269839,2025,11,2,0,700,2614-1269
2539046.23780685,1182645.82975202,2021,11,17,0,700,2539-1182
2660500,1270500,2022,24,3,0,700,2660-1270
2570500,1203500,2021,11,30,0,700,2570-1203
2660500,1270500,2022,11,2,0,700,2660-1270
2660500,1270500,2021,28,11,2,700,2660-1270
2660500,1270500,2022,11,2,0,700,2660-1270
2660500,1270500,2024,11,7,0,700,2660-1270
2659632,1271698,2022,24,1,0,700,2659-1271
2521789,1150637,2021,24,2,0,700,2521-1150
2569644.55120499,1203073.27749822,2023,11,26,0,700,2569-1203
2575313.48974961,1258076.34039461,2021,11,2,0,700,2575-1258
2659500,1271500,2024,28,2,1,700,2659-1271
2660500,1270500,2025,11,2,0,700,2660-1270
2539106,1182659,2023,11,3,0,700,2539-1182
2660500,1270500,2022,11,4,0,700,2660-1270
2659500,1270500,2021,24,3,0,700,2659-1270
2627500,1268500,2022,24,1,0,700,2627-1268
2569644.55120499,1203073.27749822,2023,11,,0,700,2569-1203
2570500,1203500,2022,28,3,2,700,2570-1203
2731500,1279500,2024,28,2,2,700,2731-1279
2539092,1182656,2022,11,12,0,700,2539-1182
2660500,1270500,2021,28,15,2,700,2660-1270
2539046.23780685,1182645.82975202,2022,11,11,0,700,2539-1182
2660500,1270500,2024,28,,2,700,2660-1270
2580090.6502114,1212497.13430467,2024,16,,0,700,2580-1212
2593821,1201760,2022,11,2,0,700,2593-1201
2594821,1201433,2021,16,1,0,700,2594-1201
2620500,1265500,2022,16,23,0,700,2620-1265
2620500,1265500,2022,16,21,0,700,2620-1265
2691566,1247657,2022,16,2,0,700,2691-1247
2660500,1270500,2022,16,5,0,700,2660-1270
2703815,1282243,2022,16,2,0,700,2703-1282
2628036,1268668,2021,16,3,0,700,2628-1268
2694568,1287319,2024,16,2,0,700,2694-1287
2660500,1270500,2025,16,3,0,700,2660-1270
2570564,1203311,2025,16,7,0,700,2570-1203
2570807,1203151,2023,16,1,0,700,2570-1203
2659503,1270469,2025,16,1,0,700,2659-1270
2539046.23780685,1182645.82975202,2021,24,2,0,700,2539-1182
2572988.53326271,1202929.21911323,2023,24,1,0,700,2572-1202
2539046.23780685,1182645.82975202,2021,24,2,0,700,2539-1182
2659822,1270559,2025,16,3,0,700,2659-1270
2575313.48974961,1258076.3403946,2025,24,17,13,700,2575-1258
2691468.89796345,1247582.63851963,2021,24,2,0,700,2691-1247
2575383.48559548,1257918.33890068,2021,24,5,0,700,2575-1257
2691468.89796345,1247582.63851963,2021,24,2,0,700,2691-1247
2614460,1269839,2023,16,2,0,700,2614-1269
2660500,1270500,2021,24,8,0,700,2660-1270
2569709,1203242,2023,24,2,0,700,2569-1203
2539046.23780685,1182645.82975202,2021,16,6,0,700,2539-1182
2572759,1202854,2022,24,2,0,700,2572-1202
2572694,1202802,2024,24,2,0,700,2572-1202
2571347,1202081,2024,30,2,4,700,2571-1202
2571209,1202030,2023,30,2,1,700,2571-1202
2575313.48974961,1258076.3403946,2025,16,2,0,700,2575-1258
2569512,1203641,2022,30,2,2,700,2569-1203
2533144.07716398,1174938.94579796,2021,16,2,0,700,2533-1174
2569644.55120499,1203073.27749823,2022,16,4,0,700,2569-1203
2660500,1270500,2023,30,10,1,700,2660-1270
2660500,1270500,2022,16,2,0,700,2660-1270
2660500,1270500,2023,16,16,0,700,2660-1270
2620500,1265500,2022,16,20,0,700,2620-1265
2703857,1281822,2022,30,2,4,700,2703-1281
2572778,1202855,2023,16,2,0,700,2572-1202
2660500,1270500,2025,16,12,0,700,2660-1270
2575313.48974961,1258076.3403946,2024,16,6,0,700,2575-1258
2660500,1270500,2024,41,70,1,700,2660-1270
2731112.40876194,1279574.1108736,2024,22,2,0,700,2731-1279
2539046.23780685,1182645.82975202,2022,16,2,0,700,2539-1182
2539046.23780685,1182645.82975202,2022,16,4,0,700,2539-1182
2703052.41330683,1281686.85305131,2022,16,5,0,700,2703-1281
2614450.91388358,1269819.83646281,2021,22,1,0,700,2614-1269
2728440.3713799,1280910.09081376,2021,22,2,0,700,2728-1280
2659792,1270782,2024,41,52,2,700,2659-1270
2594500,1201500,2021,30,6,13,700,2594-1201
2659500,1270500,2024,16,3,0,700,2659-1270
2539098,1182640,2022,16,2,0,700,2539-1182
2579500,1212500,2021,22,1,0,700,2579-1212
2575383.48559548,1257918.33890068,2021,30,6,13,700,2575-1257
2575383.48559548,1257918.33890068,2022,30,2,1,700,2575-1257
2575383.48559548,1257918.33890068,2023,30,18,13,700,2575-1257
2539046.23780685,1182645.82975202,2022,30,2,1,700,2539-1182
2660500,1270500,2023,47,50,0,700,2660-1270
2594677,1201746,2024,22,2,0,700,2594-1201
2593875,1201788,2023,22,1,0,700,2593-1201
2533126,1174875,2023,47,2,0,700,2533-1174
2660420,1270062,2021,47,130,0,700,2660-1270
2533179,1174839,2023,47,2,0,700,2533-1174
2729500,1275500,2023,22,21,0,700,2729-1275
2560500,1194500,2021,22,1,0,700,2560-1194
2660500,1270500,2024,22,6,0,700,2660-1270
2660254,1269882,2025,36,,2,700,2660-1269
2570493,1203901,2021,22,2,0,700,2570-1203
2570431,1203905,2021,22,1,0,700,2570-1203
2569479,1203638,2023,47,3,0,700,2569-1203
2660500,1270500,2022,47,,0,700,2660-1270
2659644,1271064,2024,22,8,0,700,2659-1271
2572892,1202890,2025,22,2,4,700,2572-1202
2659549,1270881,2024,22,5,2,700,2659-1270
2659500,1270500,2021,47,,0,700,2659-1270
2670500,1242500,2022,36,5,2,700,2670-1242
2659884,1270699,2022,22,2,0,700,2659-1270
2579839,1212307,2024,22,1,0,700,2579-1212
2568920,1176358,2025,22,2,4,700,2568-1176
2771202,1183768,2023,36,1,2,700,2771-1183
2575383.48559548,1257918.33890068,2023,36,2,1,700,2575-1257
2569961,1203513,2021,22,2,0,700,2569-1203
2660500,1270500,2025,53,10,0,700,2660-1270
2660500,1270500,2023,42,,4,700,2660-1270
2659709,1270847,2021,42,130,1,700,2659-1270
2660500,1270500,2022,22,2,0,700,2660-1270
2660339,1269937,2023,42,50,2,700,2660-1269
2660287,1270290,2023,42,40,2,700,2660-1270
2660290,1269862,2024,42,100,1,700,2660-1269
2660500,1270500,2024,22,4,0,700,2660-1270
2658800.07814379,1271799.64196525,2021,22,1,0,700,2658-1271
2539046.23780685,1182645.82975202,2021,22,2,0,700,2539-1182
2569500,1203500,2022,22,2,0,700,2569-1203
2539046.23780685,1182645.82975202,2022,22,2,0,700,2539-1182
2575383.48559548,1257918.33890068,2023,42,9,1,700,2575-1257
2575313.48974961,1258076.3403946,2025,42,1,1,700,2575-1258
2660500,1270500,2022,53,,0,700,2660-1270
2670300.06850856,1242299.56432466,2022,28,2,2,700,2670-1242
2660500,1270500,2022,53,180,0,700,2660-1270
2659146,1271361,2025,48,2,0,700,2659-1271
2662822,1273414,2023,28,5,1,700,2662-1273
2579335.42108767,1257966.27243105,2024,59,2,0,700,2579-1257
2660500,1270500,2021,48,,0,700,2660-1270
2569500,1203500,2024,59,10,0,700,2569-1203
2660500,1270500,2024,59,,0,700,2660-1270
2660500,1270500,2021,48,,0,700,2660-1270
2660035,1270512,2024,28,4,1,700,2660-1270
2659817,1270516,2024,28,2,1,700,2659-1270
2660500,1270500,2021,59,20,0,700,2660-1270
2569500,1203500,2021,59,15,0,700,2569-1203
2660500,1270500,2021,48,,0,700,2660-1270
2660143,1270414,2025,28,2,13,700,2660-1270
2614460,1269839,2021,28,1,2,700,2614-1269
2570553.53980193,1202655.26017326,2021,28,1,1,700,2570-1202
2575383.48559548,1257918.33890068,2021,28,2,19,700,2575-1257
2660500,1270500,2024,59,20,0,700,2660-1270
2659500,1271500,2021,48,50,0,700,2659-1271
2575313.48974961,1258076.3403946,2023,28,1,2,700,2575-1258
2660500,1270500,2021,48,,0,700,2660-1270
2660500,1270500,2024,59,,0,700,2660-1270
2569500,1203500,2024,59,5,0,700,2569-1203
2678743.88625199,1261738.64812515,2023,48,1,0,700,2678-1261
2678502,1261648,2023,48,1,0,700,2678-1261
2678497,1261685,2023,48,1,0,700,2678-1261
2678525,1261639,2023,48,1,0,700,2678-1261
2569500,1203500,2023,48,3,0,700,2569-1203
2678500,1261500,2023,48,1,0,700,2678-1261
2570543,1202661,2022,59,5,0,700,2570-1202
2670500,1242500,2021,59,4,0,700,2670-1242
2660252,1269897,2024,48,30,0,700,2660-1269
2660114,1270029,2023,48,,0,700,2660-1270
2729755,1275510,2021,28,2,1,700,2729-1275
2570171.55826185,1203620.27005927,2025,48,,0,700,2570-1203
2530649.55307568,1151052.9731533,2021,59,2,0,700,2530-1151
2707708,1279009,2022,59,8,0,700,2707-1279
2660500,1270500,2021,48,100,0,700,2660-1270
2660500,1270500,2021,28,15,2,700,2660-1270
2631510,1270481,2024,59,2,0,700,2631-1270
2570553.53980193,1202655.26017325,2023,48,3,0,700,2570-1202
2660500,1270500,2025,28,10,13,700,2660-1270
2659640,1270791,2024,28,12,2,700,2659-1270
2569370,1203243,2022,65,25,0,700,2569-1203
2660500,1270500,2023,65,,0,700,2660-1270
2659500,1271500,2023,28,15,1,700,2659-1271
2569432,1203284,2021,54,,0,700,2569-1203
2569754,1203428,2023,54,3,0,700,2569-1203
2660500,1270500,2022,65,12,0,700,2660-1270
2678476,1261647,2021,54,1,0,700,2678-1261
2659752,1270781,2025,54,6,0,700,2659-1270
2539341,1182447,2022,65,12,0,700,2539-1182
2539099,1182651,2022,65,14,0,700,2539-1182
2569500,1203500,2023,54,12,0,700,2569-1203
2570500,1203500,2022,65,1,0,700,2570-1203
2729500,1275500,2023,65,6,0,700,2729-1275
2569447,1203643,2022,65,30,0,700,2569-1203
2569617,1203750,2022,65,1,0,700,2569-1203
2707377,1279144,2025,65,8,0,700,2707-1279
2660319,1269911,2021,54,,0,700,2660-1269
2575383.48559548,1257918.33890068,2023,54,2,0,700,2575-1257
2575313.48974961,1258076.3403946,2025,54,2,0,700,2575-1258
2575383.48559548,1257918.33890068,2022,54,8,0,700,2575-1257
2570500,1203500,2023,28,2,2,700,2570-1203
2575313.48974961,1258076.3403946,2025,54,2,0,700,2575-1258
2575383.48559548,1257918.33890068,2021,54,8,0,700,2575-1257
2539046.23780685,1182645.82975202,2022,28,2,1,700,2539-1182
2539046.23780685,1182645.82975201,2024,71,13,0,700,2539-1182
2569147.44266037,1196706.26540992,2022,71,1,0,700,2569-1196
2539405.23201617,1182388.82094444,2024,71,3,0,700,2539-1182
2614450.91388358,1269819.83646281,2021,28,1,4,700,2614-1269
2570565,1202655,2025,35,2,1,700,2570-1202
2660500,1270500,2024,35,10,2,700,2660-1270
2569752,1203431,2022,60,4,0,700,2569-1203
2569195,1203345,2024,60,15,0,700,2569-1203
2659827,1270779,2024,60,1,0,700,2659-1270
2571183,1202792,2025,60,13,0,700,2571-1202
2575313.48974961,1258076.3403946,2025,35,1,1,700,2575-1258
2614450.91388358,1269819.8364628,2025,60,1,0,700,2614-1269
2575313.48974961,1258076.3403946,2024,60,2,0,700,2575-1258
2659984,1270162,2025,60,,0,700,2659-1270
2660117,1270028,2025,60,12,0,700,2660-1270
2539046.23780685,1182645.82975201,2023,60,2,0,700,2539-1182
2539046.23780685,1182645.82975201,2023,66,7,0,700,2539-1182
2593054,1201415,2025,35,2,4,700,2593-1201
2560500,1194500,2025,41,1,8,700,2560-1194
2660500,1270500,2021,35,,1,700,2660-1270
2660500,1270500,2023,35,,1,700,2660-1270
2660500,1270500,2025,5,,0,700,2660-1270
2660500,1270500,2022,66,25,0,700,2660-1270
2539500,1182500,2025,5,,0,700,2539-1182
2593500,1201500,2021,35,2,2,700,2593-1201
2659852,1270698,2022,66,19,0,700,2659-1270
2571792,1202800,2024,66,24,0,700,2571-1202
2659595,1270599,2024,41,1,2,700,2659-1270
2660023,1270477,2024,41,15,2,700,2660-1270
2569151,1203223,2022,66,6,0,700,2569-1203
2660500,1270500,2024,41,15,2,700,2660-1270
2569097,1203109,2022,66,6,0,700,2569-1203
2569205,1203344,2021,66,8,0,700,2569-1203
2569176,1203357,2021,5,2,0,700,2569-1203
2539046.23780685,1182645.82975201,2024,5,,0,700,2539-1182
2539405.23201617,1182388.82094444,2025,5,8,0,700,2539-1182
2539046.23780685,1182645.82975201,2025,5,1,0,700,2539-1182
2659731,1270931,2024,41,,2,700,2659-1270
2539046.23780685,1182645.82975201,2024,5,,0,700,2539-1182
2539405.23201617,1182388.82094444,2025,5,6,0,700,2539-1182
2569130,1196713,2023,66,15,0,700,2569-1196
2660500,1270500,2021,5,2,0,700,2660-1270
2660500,1270500,2024,47,,0,700,2660-1270
2570342,1203801,2024,5,2,0,700,2570-1203
2707709,1279049,2024,5,8,0,700,2707-1279
2660113,1270438,2024,47,100,0,700,2660-1270
2659528,1271179,2021,47,150,0,700,2659-1271
2659706,1270721,2024,47,50,0,700,2659-1270
2579924,1212341,2023,5,26,0,700,2579-1212
2580090.6502114,1212497.13430467,2023,5,25,0,700,2580-1212
2580090.6502114,1212497.13430467,2023,5,27,0,700,2580-1212
2569372,1203209,2023,47,3,0,700,2569-1203
2660500,1269500,2021,5,2,0,700,2660-1269
2570171.55826185,1203620.27005927,2025,72,,0,700,2570-1203
2570171.55826185,1203620.27005927,2023,72,22,0,700,2570-1203
2660500,1270500,2023,47,,0,700,2660-1270
2539063,1182764,2023,5,2,0,700,2539-1182
2539454,1182105,2023,5,15,0,700,2539-1182
2539034,1182752,2021,5,23,0,700,2539-1182
2660500,1270500,2023,72,70,0,700,2660-1270
2655500,1272500,2025,72,120,0,700,2655-1272
2660500,1270500,2025,41,,1,700,2660-1270
2660500,1270500,2023,5,130,0,700,2660-1270
2655114,1272227,2025,72,100,0,700,2655-1272
2655500,1272500,2023,47,4,0,700,2655-1272
2575377,1257927,2021,11,3,0,700,2575-1257
2569010,1203239,2022,72,11,0,700,2569-1203
2571553,1202568,2022,72,2,0,700,2571-1202
2571299,1202720,2022,72,3,0,700,2571-1202
2659643,1271002,2023,72,,0,700,2659-1271
2571568,1202623,2022,72,15,0,700,2571-1202
2571212,1202724,2022,72,12,0,700,2571-1202
2571297,1202845,2022,72,13,0,700,2571-1202
2571623,1202487,2022,72,20,0,700,2571-1202
2707500,1279061,2024,72,21,0,700,2707-1279
2707500,1279061,2024,72,3,0,700,2707-1279
2659705,1270952,2025,47,200,0,700,2659-1270
2660263,1270067,2024,72,2,0,700,2660-1270
2729500,1275500,2023,72,3,0,700,2729-1275
2660500,1270500,2024,47,,0,700,2660-1270
2575383.48559548,1257918.33890068,2023,47,1,0,700,2575-1257
2660500,1270500,2023,47,235,0,700,2660-1270
2575313.48974961,1258076.3403946,2025,72,1,0,700,2575-1258
2569500,1203500,2023,47,2,0,700,2569-1203
2539271.2361141,1182576.82448572,2023,11,4,0,700,2539-1182
2539046.23780685,1182645.82975201,2023,11,,0,700,2539-1182
2659411,1271057,2022,53,70,0,700,2659-1271
2660135,1270514,2023,53,150,0,700,2660-1270
2659227,1271452,2024,53,,0,700,2659-1271
2702716,1281796,2024,6,13,0,700,2702-1281
2539046.23780685,1182645.82975202,2021,6,30,0,700,2539-1182
2539046.23780685,1182645.82975201,2023,53,6,0,700,2539-1182
2568982,1203173,2024,6,2,0,700,2568-1203
2659500,1270500,2025,53,,0,700,2659-1270
2660500,1270500,2023,47,50,0,700,2660-1270
2569492,1203597,2021,11,61,0,700,2569-1203
2593500,1201500,2022,6,2,0,700,2593-1201
2658800.07814379,1271799.64196525,2021,47,5,0,700,2658-1271
2580090.6502114,1212497.13430467,2024,11,60,0,700,2580-1212
2579500,1212500,2024,11,64,0,700,2579-1212
2539046.23780685,1182645.82975201,2024,6,,0,700,2539-1182
2659500,1270500,2022,47,,0,700,2659-1270
2539031,1182769,2023,11,6,0,700,2539-1182
2539051,1182867,2024,6,49,0,700,2539-1182
2703742,1281934,2025,6,2,0,700,2703-1281
2575383.48559548,1257918.33890068,2024,6,2,0,700,2575-1257
2659500,1270500,2025,53,250,0,700,2659-1270
2569756,1203422,2023,53,1,0,700,2569-1203
2569739,1203418,2023,53,1,0,700,2569-1203
2660500,1270500,2024,6,,0,700,2660-1270
2659711,1270457,2025,16,10,0,700,2659-1270
2659868,1270424,2025,53,,0,700,2659-1270
2659694,1271009,2025,53,380,0,700,2659-1271
2703199,1281659,2022,12,1,0,700,2703-1281
2571780,1202246,2023,12,17,0,700,2571-1202
2571225,1202691,2025,12,30,0,700,2571-1202
2571901,1202765,2023,12,16,0,700,2571-1202
2571362,1202723,2025,12,25,0,700,2571-1202
2569500,1203500,2024,59,5,0,700,2569-1203
2678743.88625199,1261738.64812515,2024,59,2,0,700,2678-1261
2678515.88908633,1261671.64722243,2024,59,2,0,700,2678-1261
2594754,1201686,2024,53,2,0,700,2594-1201
2659317,1271289,2025,59,50,0,700,2659-1271
2571584,1202964,2024,59,12,0,700,2571-1202
2575733,1258906,2022,12,2,0,700,2575-1258
2568918,1203152,2021,12,4,0,700,2568-1203
2568944,1203424,2022,12,7,0,700,2568-1203
2569500,1203500,2021,59,2,0,700,2569-1203
2572021,1202060,2022,12,4,0,700,2572-1202
2539046.23780685,1182645.82975202,2021,12,16,0,700,2539-1182
2539046.23780685,1182645.82975202,2021,12,18,0,700,2539-1182
2660500,1270500,2024,53,100,0,700,2660-1270
2614460,1269839,2024,59,1,0,700,2614-1269
2593500,1201500,2025,16,2,0,700,2593-1201
2539046.23780685,1182645.82975201,2023,59,2,0,700,2539-1182
2580090.6502114,1212497.13430467,2024,12,70,0,700,2580-1212
2569147.44266037,1196706.26540992,2022,12,2,0,700,2569-1196
2575313.48974961,1258076.3403946,2025,12,1,0,700,2575-1258
2569147.44266037,1196706.26540992,2022,12,2,0,700,2569-1196
2569500,1203500,2025,53,5,0,700,2569-1203
2569617,1203688,2023,53,1,0,700,2569-1203
2569565,1203721,2023,53,1,0,700,2569-1203
2539046.23780685,1182645.82975202,2022,16,2,0,700,2539-1182
2539046.23780685,1182645.82975202,2022,16,2,0,700,2539-1182
2575313.48974961,1258076.34039461,2022,12,2,0,700,2575-1258
2575313.48974961,1258076.34039461,2021,12,5,0,700,2575-1258
2660500,1270500,2022,53,,0,700,2660-1270
2627918,1268643,2024,18,3,0,700,2627-1268
2594781,1201619,2023,59,4,0,700,2594-1201
2660500,1270500,2022,16,4,0,700,2660-1270
2659957,1270529,2024,59,,0,700,2659-1270
2707578,1279274,2025,59,12,0,700,2707-1279
2659849,1270732,2022,65,19,0,700,2659-1270
2660500,1270500,2021,16,3,0,700,2660-1270
2659706,1270703,2025,65,2,0,700,2659-1270
2729802,1275337,2023,65,5,0,700,2729-1275
2570163,1203613,2022,65,1,0,700,2570-1203
2572885,1202899,2025,65,30,0,700,2572-1202
2572890,1202904,2025,65,30,0,700,2572-1202
2569620,1203749,2022,65,2,0,700,2569-1203
2660500,1270500,2023,65,,0,700,2660-1270
2561110,1195399,2021,16,3,0,700,2561-1195
2571349,1202134,2024,18,2,0,700,2571-1202
2659767,1270822,2022,18,2,0,700,2659-1270
2539500,1182500,2022,65,3,0,700,2539-1182
2627500,1268500,2021,18,3,0,700,2627-1268
2614450.91388358,1269819.8364628,2025,18,1,0,700,2614-1269
2660500,1270500,2021,18,3,0,700,2660-1270
2660500,1270500,2022,18,2,0,700,2660-1270
2569644.55120499,1203073.27749822,2024,59,3,0,700,2569-1203
2575383.48559548,1257918.33890068,2024,59,4,0,700,2575-1257
2569761,1203420,2025,16,5,0,700,2569-1203
2660500,1270500,2021,65,1,0,700,2660-1270
2539118,1182719,2022,65,14,0,700,2539-1182
2539046.23780685,1182645.82975202,2021,18,9,0,700,2539-1182
2539046.23780685,1182645.82975202,2021,18,9,0,700,2539-1182
2575264,1258080,2021,18,8,0,700,2575-1258
2570171.55826185,1203620.27005927,2023,65,2,0,700,2570-1203
2539046.23780685,1182645.82975201,2023,65,2,0,700,2539-1182
2589298,1208824,2022,18,2,0,700,2589-1208
2614460,1269839,2024,65,1,0,700,2614-1269
2570500,1203500,2024,18,2,0,700,2570-1203
2569757,1203430,2024,59,1,0,700,2569-1203
2539500,1182500,2022,18,2,0,700,2539-1182
2575313.48974961,1258076.34039461,2021,18,8,0,700,2575-1258
2631616,1270600,2024,65,2,0,700,2631-1270
2660466,1269779,2025,24,3,0,700,2660-1269
2572487,1203585,2024,24,1,0,700,2572-1203
2569500,1203500,2022,65,,0,700,2569-1203
2659346,1271140,2025,71,2,0,700,2659-1271
2659327,1271158,2025,71,2,0,700,2659-1271
2659525,1271208,2025,71,2,0,700,2659-1271
2570460,1203144,2025,71,1,0,700,2570-1203
2569765,1203281,2023,71,6,0,700,2569-1203
2659859,1270689,2022,71,10,0,700,2659-1270
2707843,1279034,2024,71,4,0,700,2707-1279
2729500,1275500,2023,65,6,0,700,2729-1275
2569809,1202609,2022,23,2,0,700,2569-1202
2660500,1270500,2022,65,20,0,700,2660-1270
2729500,1275500,2021,71,2,0,700,2729-1275
2579500,1212500,2024,71,1,0,700,2579-1212
2569090,1203380,2021,23,3,0,700,2569-1203
2571491,1203219,2024,23,1,0,700,2571-1203
2569238,1203332,2025,71,3,0,700,2569-1203
2570500,1203500,2021,23,2,0,700,2570-1203
2620500,1265500,2022,71,4,0,700,2620-1265
2569147.44266037,1196706.26540992,2021,23,3,0,700,2569-1196
2569147.44266037,1196706.26540992,2021,23,6,0,700,2569-1196
2614460,1269839,2023,71,2,0,700,2614-1269
2660500,1270500,2022,24,2,0,700,2660-1270
2539046.23780685,1182645.82975202,2021,24,2,0,700,2539-1182
2659455,1270996,2025,71,2,0,700,2659-1270
2539046.23780685,1182645.82975202,2022,65,14,0,700,2539-1182
2660500,1270500,2023,65,115,0,700,2660-1270
2580500,1212500,2024,5,84,0,700,2580-1212
2592872,1201280,2025,71,2,0,700,2592-1201
2594755,1201580,2023,71,2,0,700,2594-1201
2569325,1196980,2023,5,3,0,700,2569-1196
2594500,1201500,2022,23,3,0,700,2594-1201
2660500,1270500,2024,23,2,0,700,2660-1270
2539046.23780685,1182645.82975201,2024,5,66,0,700,2539-1182
2659831,1270477,2024,5,,0,700,2659-1270
2594500,1201500,2022,71,2,0,700,2594-1201
2594500,1201500,2021,23,1,0,700,2594-1201
2579914,1212205,2021,23,3,0,700,2579-1212
2660500,1270500,2023,23,6,0,700,2660-1270
2691563,1247694,2022,23,2,0,700,2691-1247
2569644.55120499,1203073.27749823,2022,5,41,0,700,2569-1203
2655500,1272500,2024,71,22,0,700,2655-1272
2570553.53980193,1202655.26017326,2022,24,2,0,700,2570-1202
2660500,1270500,2021,24,5,0,700,2660-1270
2660500,1269500,2021,5,2,0,700,2660-1269
2627500,1268500,2025,5,86,0,700,2627-1268
2660500,1270500,2023,5,,0,700,2660-1270
2660500,1270500,2023,23,,0,700,2660-1270
2659844,1270462,2024,5,,0,700,2659-1270
2659164,1271214,2023,5,40,0,700,2659-1271
2539124,1182635,2024,5,56,0,700,2539-1182
2569488,1203659,2022,30,2,4,700,2569-1203
2539500,1182500,2024,5,60,0,700,2539-1182
2572436,1206771,2022,23,2,0,700,2572-1206
2660500,1269500,2023,30,30,1,700,2660-1269
2620500,1265500,2021,30,8,13,700,2620-1265
2620292,1265111,2022,5,2,0,700,2620-1265
2659802,1270869,2023,30,35,2,700,2659-1270
2659701,1271064,2023,30,4,2,700,2659-1271
2660025,1270529,2023,30,1,2,700,2660-1270
2660344,1269929,2023,30,,2,700,2660-1269
2539500,1182500,2025,5,9,0,700,2539-1182
2660500,1270500,2021,5,12,0,700,2660-1270
2594500,1201500,2024,11,1,0,700,2594-1201
2570171.55826185,1203620.27005927,2025,30,1,1,700,2570-1203
2594500,1201500,2023,30,2,4,700,2594-1201
2569757,1203418,2021,11,20,0,700,2569-1203
2660500,1270500,2024,11,20,0,700,2660-1270
2660155,1270407,2025,29,,13,700,2660-1270
2627920,1268629,2025,5,80,0,700,2627-1268
2569500,1203500,2022,30,3,1,700,2569-1203
2570500,1203500,2023,30,2,2,700,2570-1203
2569644.55120499,1203073.27749823,2022,5,41,0,700,2569-1203
2539046.23780685,1182645.82975202,2022,5,11,0,700,2539-1182
2707664,1279014,2023,11,11,0,700,2707-1279
2569612,1203639,2021,11,33,0,700,2569-1203
2579780,1212389,2024,11,64,0,700,2579-1212
2539046.23780685,1182645.82975202,2021,11,12,0,700,2539-1182
2539046.23780685,1182645.82975202,2021,11,12,0,700,2539-1182
2539046.23780685,1182645.82975202,2021,11,,0,700,2539-1182
2570786.54709269,1203140.25772041,2025,11,2,0,700,2570-1203
2539046.23780685,1182645.82975202,2021,11,15,0,700,2539-1182
2571381,1203324,2024,11,2,0,700,2571-1203
2660048,1270473,2023,11,24,0,700,2660-1270
2660074,1270499,2023,11,12,0,700,2660-1270
2659968,1270403,2023,11,13,0,700,2659-1270
2660021,1270501,2023,11,30,0,700,2660-1270
2670300.06850856,1242299.56432465,2024,11,2,0,700,2670-1242
2614450.91388358,1269819.83646281,2021,11,2,0,700,2614-1269
2660500,1270500,2023,30,2,2,700,2660-1270
2579967,1212357,2024,11,10,0,700,2579-1212
2589355,1208653,2025,30,4,2,700,2589-1208
2575383.48559548,1257918.33890068,2021,30,6,13,700,2575-1257
2570500,1203500,2024,11,2,0,700,2570-1203
2575383.48559548,1257918.33890068,2022,30,2,1,700,2575-1257
2575383.48559548,1257918.33890068,2023,30,14,19,700,2575-1257
2570553.53980193,1202655.26017325,2023,11,26,0,700,2570-1202
2614500,1269500,2021,11,2,0,700,2614-1269
2593500,1201500,2022,29,2,4,700,2593-1201
2580500,1212500,2023,11,2,0,700,2580-1212
2570500,1203500,2021,11,45,0,700,2570-1203
2570325,1203725,2023,30,2,1,700,2570-1203
2620500,1265500,2021,29,12,13,700,2620-1265
2574812.47561496,1256906.34689551,2021,11,2,0,700,2574-1256
2594736,1201524,2024,11,1,0,700,2594-1201
2614450.91388358,1269819.8364628,2024,36,3,1,700,2614-1269
2614460,1269839,2023,11,2,0,700,2614-1269
2614490,1269851,2024,16,1,0,700,2614-1269
2570500,1203500,2021,11,40,0,700,2570-1203
2614460,1269839,2022,16,1,0,700,2614-1269
2539046.23780685,1182645.82975202,2021,16,1,0,700,2539-1182
2539046.23780685,1182645.82975202,2022,16,2,0,700,2539-1182
2691500,1247500,2021,16,2,0,700,2691-1247
2660500,1269500,2021,35,5,2,700,2660-1269
2660500,1270500,2023,36,20,1,700,2660-1270
2539046.23780685,1182645.82975201,2024,11,1,0,700,2539-1182
2660500,1270500,2021,16,4,0,700,2660-1270
2539046.23780685,1182645.82975202,2022,11,11,0,700,2539-1182
2539405.23201616,1182388.82094445,2022,11,8,0,700,2539-1182
2628518,1268186,2025,11,14,0,700,2628-1268
2575383.48559548,1257918.33890068,2021,11,4,0,700,2575-1257
2660500,1270500,2023,36,,1,700,2660-1270
2660500,1270500,2025,35,20,4,700,2660-1270
2575313.48974961,1258076.3403946,2023,36,14,1,700,2575-1258
2575313.48974961,1258076.3403946,2024,36,24,13,700,2575-1258
2660500,1270500,2023,36,,1,700,2660-1270
2570500,1203500,2025,16,5,0,700,2570-1203
2594492,1201655,2025,35,4,4,700,2594-1201
2731500,1279500,2023,35,2,4,700,2731-1279
2569500,1203500,2023,16,1,0,700,2569-1203
2660500,1270500,2025,16,11,0,700,2660-1270
2660039,1270338,2021,42,,1,700,2660-1270
2659793,1270687,2021,42,100,1,700,2659-1270
2659702,1270784,2021,42,,1,700,2659-1270
2660294,1269904,2021,42,1,1,700,2660-1269
2659653,1270929,2023,16,15,0,700,2659-1270
2660468,1269846,2021,42,13,1,700,2660-1269
2659987,1270722,2023,16,,0,700,2659-1270
2659496,1270941,2025,16,10,0,700,2659-1270
2659387,1271348,2025,16,1,0,700,2659-1271
2658906,1271694,2025,16,3,0,700,2658-1271
2659589,1270500,2025,16,4,0,700,2659-1270
2539118,1182630,2022,16,2,0,700,2539-1182
2660500,1270500,2022,41,200,1,700,2660-1270
2575383.48559548,1257918.33890068,2023,42,10,1,700,2575-1257
2594157,1201545,2022,16,2,0,700,2594-1201
2594048,1201570,2021,16,2,0,700,2594-1201
2539046.23780685,1182645.82975201,2023,48,2,0,700,2539-1182
2655500,1272500,2024,16,2,0,700,2655-1272
2539046.23780685,1182645.82975202,2021,16,1,0,700,2539-1182
2539046.23780685,1182645.82975202,2022,16,2,0,700,2539-1182
2660500,1270500,2024,48,70,0,700,2660-1270
2660500,1270500,2022,48,,0,700,2660-1270
2678743.88625199,1261738.64812515,2023,48,1,0,700,2678-1261
2660266,1269991,2022,48,30,0,700,2660-1269
2660291,1269992,2025,48,150,0,700,2660-1269
2660633,1269633,2022,48,1,0,700,2660-1269
2660235,1269907,2022,48,120,0,700,2660-1269
2660648,1269648,2022,48,2,0,700,2660-1269
2660240,1270018,2021,48,100,0,700,2660-1270
2659670,1270550,2025,48,,0,700,2659-1270
2539046.23780685,1182645.82975202,2022,16,2,0,700,2539-1182
2569500,1203500,2022,23,2,0,700,2569-1203
2614460,1269839,2023,23,1,0,700,2614-1269
2614460,1269839,2021,23,1,0,700,2614-1269
2539046.23780685,1182645.82975202,2022,16,2,0,700,2539-1182
2660500,1269500,2021,48,51,0,700,2660-1269
2660500,1270500,2025,54,120,0,700,2660-1270
2660500,1270500,2022,54,150,0,700,2660-1270
2569620,1203703,2022,23,2,0,700,2569-1203
2571501,1203054,2024,54,3,0,700,2571-1203
2660500,1270500,2022,47,,0,700,2660-1270
2659713,1270711,2024,54,250,0,700,2659-1270
2660220,1269920,2021,54,100,0,700,2660-1269
2594500,1201500,2023,23,2,0,700,2594-1201
2575383.48559548,1257918.33890068,2021,23,3,0,700,2575-1257
2660500,1270500,2024,47,,0,700,2660-1270
2593500,1201500,2023,23,1,0,700,2593-1201
2569500,1203500,2023,53,1,0,700,2569-1203
2659500,1271500,2021,53,200,0,700,2659-1271
2678743.88625199,1261738.64812515,2024,53,2,0,700,2678-1261
2678515.88908633,1261671.64722243,2024,53,2,0,700,2678-1261
2660500,1270500,2021,54,250,0,700,2660-1270
2691565,1247702,2021,23,2,0,700,2691-1247
2691514,1247656,2022,23,2,0,700,2691-1247
2691581,1247677,2021,23,2,0,700,2691-1247
2660500,1270500,2023,54,48,0,700,2660-1270
2569384,1203301,2024,23,,0,700,2569-1203
2569500,1203500,2024,60,4,0,700,2569-1203
2579882,1212130,2021,23,3,0,700,2579-1212
2579904,1212188,2021,23,3,0,700,2579-1212
2568500,1203500,2024,53,2,0,700,2568-1203
2660500,1270500,2022,60,50,0,700,2660-1270
2660500,1270500,2021,23,6,0,700,2660-1270
2575383.48559548,1257918.33890068,2022,60,2,0,700,2575-1257
2589327,1208880,2024,60,2,0,700,2589-1208
2659500,1270500,2024,67,2,0,700,2659-1270
2660500,1270500,2025,53,,0,700,2660-1270
2561110,1195286,2025,53,1,0,700,2561-1195
2569500,1203500,2024,67,30,0,700,2569-1203
2729500,1275500,2025,67,50,0,700,2729-1275
2659852,1270680,2023,23,7,0,700,2659-1270
2660500,1270500,2023,23,12,0,700,2660-1270
2572917,1203069,2025,67,30,0,700,2572-1203
2569084,1203042,2022,67,20,0,700,2569-1203
2659881,1270716,2023,23,6,0,700,2659-1270
2572880,1202875,2024,23,2,4,700,2572-1202
2729736,1275358,2023,23,5,0,700,2729-1275
2569179,1196808,2021,23,3,0,700,2569-1196
2659766,1270602,2022,67,6,0,700,2659-1270
2571454,1202743,2024,67,20,0,700,2571-1202
2660025,1270387,2023,23,1,0,700,2660-1270
2660500,1270500,2023,67,,0,700,2660-1270
2660500,1270500,2023,59,7,0,700,2660-1270
2570500,1203500,2025,23,2,0,700,2570-1203
2678500,1261500,2023,23,1,0,700,2678-1261
2660500,1270500,2023,23,6,0,700,2660-1270
2539046.23780685,1182645.82975201,2023,59,2,0,700,2539-1182
2539046.23780685,1182645.82975201,2023,59,2,0,700,2539-1182
2594386,1201659,2021,23,2,0,700,2594-1201
2660366,1270005,2021,73,2,0,700,2660-1270
2678451.8885035,1261824.64753559,2021,29,6,1,700,2678-1261
2593504,1201506,2024,23,2,0,700,2593-1201
2707689,1279011,2023,59,10,0,700,2707-1279
2660269,1269964,2023,59,4,0,700,2660-1269
2572135.55908827,1204214.23795532,2023,73,,0,700,2572-1204
2539046.23780685,1182645.82975202,2022,23,2,0,700,2539-1182
2539046.23780685,1182645.82975201,2023,29,2,1,700,2539-1182
2660500,1270500,2023,29,,2,700,2660-1270
2660500,1270500,2023,59,46,0,700,2660-1270
2580190,1212696,2022,73,5,0,700,2580-1212
2580500,1212500,2022,73,5,0,700,2580-1212
2579335.42108767,1257966.27243105,2024,59,2,0,700,2579-1257
2539046.23780685,1182645.82975202,2022,73,6,0,700,2539-1182
2569775,1203417,2025,59,15,0,700,2569-1203
2568500,1203500,2022,73,5,0,700,2568-1203
2572879,1204478,2022,65,4,0,700,2572-1204
2539080,1182654,2022,65,14,0,700,2539-1182
2572138,1203445,2025,73,2,0,700,2572-1203
2568901,1203121,2022,73,40,0,700,2568-1203
2575383.48559548,1257918.33890068,2021,73,4,0,700,2575-1257
2569587,1203729,2023,29,3,2,700,2569-1203
2660500,1270500,2022,29,2,1,700,2660-1270
2539500,1182500,2024,73,16,0,700,2539-1182
2575313.48974961,1258076.34039461,2022,29,5,13,700,2575-1258
2575387,1257918,2022,29,,13,700,2575-1257
2659500,1270500,2023,6,12,0,700,2659-1270
2569026,1203207,2023,6,4,0,700,2569-1203
2575383.48559548,1257918.33890068,2022,29,4,13,700,2575-1257
2570500,1203500,2025,65,10,0,700,2570-1203
2568500,1203500,2022,65,,0,700,2568-1203
2539046.23780685,1182645.82975201,2024,6,51,0,700,2539-1182
2539046.23780685,1182645.82975202,2022,6,6,0,700,2539-1182
2539046.23780685,1182645.82975202,2021,6,24,0,700,2539-1182
2539046.23780685,1182645.82975202,2022,6,6,0,700,2539-1182
2539405.23201616,1182388.82094445,2021,6,22,0,700,2539-1182
2570855,1202754,2023,29,1,2,700,2570-1202
2572250,1202160,2023,29,15,13,700,2572-1202
2570844,1202772,2025,29,1,1,700,2570-1202
2660500,1270500,2024,6,35,0,700,2660-1270
2659665,1270757,2023,29,20,1,700,2659-1270
2594827,1201641,2024,29,2,4,700,2594-1201
2569377,1203238,2023,6,10,0,700,2569-1203
2570127,1203742,2024,71,,0,700,2570-1203
2539069,1182628,2024,71,10,0,700,2539-1182
2539444,1182175,2025,71,3,0,700,2539-1182
2569500,1203500,2024,6,5,0,700,2569-1203
2569147.44266037,1196706.26540992,2022,71,2,0,700,2569-1196
2539405.23201617,1182388.82094444,2025,71,2,0,700,2539-1182
2539046.23780685,1182645.82975201,2024,71,8,0,700,2539-1182
2569371,1203291,2025,6,4,0,700,2569-1203
2539046.23780685,1182645.82975202,2022,29,2,2,700,2539-1182
2658800.07814379,1271799.64196525,2022,29,10,13,700,2658-1271
2707705,1279080,2025,71,60,0,700,2707-1279
2620500,1265500,2021,35,22,13,700,2620-1265
2570171.55826185,1203620.27005927,2023,29,1,2,700,2570-1203
2707874,1279013,2025,71,50,0,700,2707-1279
2707078,1279429,2025,71,2,0,700,2707-1279
2660500,1270500,2022,71,,0,700,2660-1270
2539500,1182500,2025,71,3,0,700,2539-1182
2594438,1201636,2024,29,2,4,700,2594-1201
2659396,1271447,2024,12,3,0,700,2659-1271
2659232,1271665,2025,12,2,0,700,2659-1271
2659307,1271592,2025,12,4,0,700,2659-1271
2660500,1270500,2024,71,42,0,700,2660-1270
2570526,1203385,2025,12,2,0,700,2570-1203
2729926,1275016,2022,71,50,0,700,2729-1275
2660305,1269977,2022,29,,2,700,2660-1269
2539046.23780685,1182645.82975202,2022,29,2,1,700,2539-1182
2570500,1203500,2022,12,9,0,700,2570-1203
2572777,1202484,2023,35,7,1,700,2572-1202
2658522,1271982,2023,35,2,2,700,2658-1271
2660500,1270500,2024,71,85,0,700,2660-1270
2521796.52596828,1150530.19186093,2022,12,2,0,700,2521-1150
2627500,1268500,2022,71,2,0,700,2627-1268
2655500,1272500,2024,12,4,0,700,2655-1272
2539370,1182274,2025,5,9,0,700,2539-1182
2539374,1182350,2025,5,9,0,700,2539-1182
2572604,1202924,2021,5,2,0,700,2572-1202
2660500,1270500,2021,35,,1,700,2660-1270
2627500,1268500,2021,35,1,2,700,2627-1268
2660500,1270500,2024,12,8,0,700,2660-1270
2659830,1270488,2024,41,29,1,700,2659-1270
2660500,1270500,2024,41,,1,700,2660-1270
2575313.48974961,1258076.3403946,2024,35,15,2,700,2575-1258
2707775,1279007,2022,5,,0,700,2707-1279
2539046.23780685,1182645.82975202,2021,12,16,0,700,2539-1182
2539046.23780685,1182645.82975202,2021,12,26,0,700,2539-1182
2539405.23201617,1182388.82094444,2025,5,9,0,700,2539-1182
2539046.23780685,1182645.82975202,2022,5,6,0,700,2539-1182
2539046.23780685,1182645.82975201,2024,5,64,0,700,2539-1182
2660500,1270500,2023,5,100,0,700,2660-1270
2571620,1202728,2025,12,4,0,700,2571-1202
2571339,1202701,2025,12,22,0,700,2571-1202
2660051,1270525,2022,12,9,0,700,2660-1270
2569049,1203102,2022,5,22,0,700,2569-1203
2660500,1270500,2024,41,,1,700,2660-1270
2660009,1270552,2022,41,50,1,700,2660-1270
2660009,1270552,2022,41,3,1,700,2660-1270
2660500,1270500,2025,18,4,0,700,2660-1270
2569273,1203160,2023,5,1,0,700,2569-1203
2627500,1268500,2024,18,1,0,700,2627-1268
2660500,1270500,2023,35,25,2,700,2660-1270
2594500,1201500,2022,18,2,0,700,2594-1201
2568500,1203500,2021,47,3,0,700,2568-1203
2568500,1203500,2021,47,3,0,700,2568-1203
2627781,1268577,2023,11,20,0,700,2627-1268
2620715,1265169,2021,18,4,0,700,2620-1265
2593331,1201416,2021,41,1,2,700,2593-1201
2660500,1270500,2025,11,10,0,700,2660-1270
2569525.56262002,1203696.28167077,2021,18,3,0,700,2569-1203
2539046.23780685,1182645.82975202,2022,18,2,0,700,2539-1182
2614450.91388358,1269819.8364628,2025,18,2,0,700,2614-1269
2659362,1271343,2022,47,240,0,700,2659-1271
2659836,1270761,2022,47,15,0,700,2659-1270
2575313.48974961,1258076.3403946,2025,41,1,1,700,2575-1258
2702659.41195306,1281914.8508067,2021,11,7,0,700,2702-1281
2614460,1269839,2024,47,1,0,700,2614-1269
2660500,1270500,2024,41,120,1,700,2660-1270
2594500,1201500,2025,18,2,0,700,2594-1201
2593590,1201572,2021,41,1,2,700,2593-1201
2691500,1247500,2021,11,2,0,700,2691-1247
2570500,1203500,2025,18,2,0,700,2570-1203
2569644.55120499,1203073.27749823,2021,47,5,0,700,2569-1203
2660500,1270500,2021,11,1,0,700,2660-1270
2539046.23780685,1182645.82975201,2023,11,4,0,700,2539-1182
2539046.23780685,1182645.82975201,2023,11,5,0,700,2539-1182
2659500,1270500,2024,47,,0,700,2659-1270
2569500,1203500,2023,47,1,0,700,2569-1203
2572349,1206630,2021,18,2,0,700,2572-1206
2570500,1203500,2021,47,10,0,700,2570-1203
2660500,1270500,2025,11,10,0,700,2660-1270
2660500,1270500,2025,53,218,0,700,2660-1270
2659409,1271075,2025,53,150,0,700,2659-1271
2660500,1270500,2023,47,250,0,700,2660-1270
2678515.88908633,1261671.64722243,2024,53,2,0,700,2678-1261
2678743.88625199,1261738.64812515,2024,53,2,0,700,2678-1261
2539046.23780685,1182645.82975202,2021,18,6,0,700,2539-1182
2539046.23780685,1182645.82975202,2021,18,5,0,700,2539-1182
2569500,1203500,2024,53,3,0,700,2569-1203
2660067,1270464,2025,53,2,0,700,2660-1270
2659699,1270893,2021,53,,0,700,2659-1270
2579335.42108767,1257966.27243106,2021,11,4,0,700,2579-1257
2659799,1270541,2025,53,,0,700,2659-1270
2575383.48559548,1257918.33890068,2022,18,2,0,700,2575-1257
2575313.48974961,1258076.3403946,2024,18,2,0,700,2575-1258
2575383.48559548,1257918.33890068,2021,18,2,0,700,2575-1257
2575383.48559548,1257918.33890068,2023,18,2,0,700,2575-1257
2575313.48974961,1258076.34039461,2022,18,2,0,700,2575-1258
2575313.48974961,1258076.3403946,2023,18,2,0,700,2575-1258
2660500,1270500,2021,18,1,0,700,2660-1270
2729500,1275500,2025,47,8,0,700,2729-1275
2659563,1270853,2023,18,13,0,700,2659-1270
2572833,1202847,2025,18,2,0,700,2572-1202
2659724,1270934,2024,24,10,0,700,2659-1270
2660172,1270432,2024,24,7,0,700,2660-1270
2614460,1269839,2024,59,1,0,700,2614-1269
2570500,1203500,2023,17,2,0,700,2570-1203
2660500,1270500,2023,59,30,0,700,2660-1270
2660500,1270500,2023,53,,0,700,2660-1270
2660500,1270500,2023,53,100,0,700,2660-1270
2660500,1270500,2021,53,,0,700,2660-1270
2660500,1270500,2021,53,,0,700,2660-1270
2570500,1203500,2022,17,3,0,700,2570-1203
2530649.55307568,1151052.9731533,2021,59,2,0,700,2530-1151
2595545,1201470,2025,24,2,0,700,2595-1201
2575383.48559548,1257918.33890068,2022,53,2,0,700,2575-1257
2659500,1270500,2022,59,,0,700,2659-1270
2594500,1201500,2025,17,2,0,700,2594-1201
2539046.23780685,1182645.82975201,2023,59,2,0,700,2539-1182
2659707,1270705,2025,59,8,0,700,2659-1270
2660500,1270500,2024,24,5,0,700,2660-1270
2569500,1203500,2023,59,17,0,700,2569-1203
2660500,1270500,2025,53,100,0,700,2660-1270
2569644.55120499,1203073.27749823,2022,59,12,0,700,2569-1203
2660500,1270500,2024,59,,0,700,2660-1270
2569500,1203500,2021,65,24,0,700,2569-1203
2569500,1203500,2022,17,1,0,700,2569-1203
2569130,1203365,2025,24,3,0,700,2569-1203
2569525.56262002,1203696.28167077,2025,59,12,0,700,2569-1203
2660500,1270500,2025,59,,0,700,2660-1270
2660500,1270500,2023,17,7,0,700,2660-1270
2660500,1270500,2024,17,8,0,700,2660-1270
2614460,1269839,2024,65,1,0,700,2614-1269
2569338,1203559,2022,65,1,0,700,2569-1203
2594755,1201451,2023,59,2,0,700,2594-1201
2539046.23780685,1182645.82975202,2021,17,10,0,700,2539-1182
2539046.23780685,1182645.82975201,2023,17,2,0,700,2539-1182
2623947,1265113,2024,24,14,13,700,2623-1265
2659571,1271005,2024,65,2,0,700,2659-1271
2575313.48974961,1258076.3403946,2024,24,2,0,700,2575-1258
2575383.48559548,1257918.33890068,2021,65,3,0,700,2575-1257
2660292,1269864,2024,17,2,0,700,2660-1269
2575383.48559548,1257918.33890068,2023,24,1,0,700,2575-1257
2575383.48559548,1257918.33890068,2024,24,2,0,700,2575-1257
2575383.48559548,1257918.33890068,2022,24,1,0,700,2575-1257
2570171.55826185,1203620.27005927,2023,24,2,0,700,2570-1203
2660500,1269500,2022,30,40,2,700,2660-1269
2594500,1201500,2023,65,2,0,700,2594-1201
2569755,1203432,2023,30,1,2,700,2569-1203
2729500,1275500,2025,65,16,0,700,2729-1275
2594456,1201646,2023,59,4,0,700,2594-1201
2660500,1270500,2023,59,46,0,700,2660-1270
2539046.23780685,1182645.82975201,2024,65,1,0,700,2539-1182
2660103,1270472,2023,30,13,1,700,2660-1270
2571333,1202136,2024,30,3,1,700,2571-1202
2539046.23780685,1182645.82975201,2023,65,3,0,700,2539-1182
2660500,1270500,2024,17,6,0,700,2660-1270
2660500,1270500,2025,59,120,0,700,2660-1270
2660272,1270276,2022,30,21,1,700,2660-1270
2660372,1270007,2023,30,,1,700,2660-1270
2660500,1270500,2023,59,,0,700,2660-1270
2660500,1270500,2023,59,65,0,700,2660-1270
2614489,1269839,2025,71,2,0,700,2614-1269
2728440.3713799,1280910.09081375,2023,23,1,0,700,2728-1280
2575383.48559548,1257918.33890068,2025,23,,0,700,2575-1257
2659500,1270500,2022,71,1,0,700,2659-1270
2729500,1275500,2023,71,5,0,700,2729-1275
2659500,1270500,2024,71,50,0,700,2659-1270
2539046.23780685,1182645.82975202,2021,30,2,1,700,2539-1182
2729172,1275559,2025,71,13,0,700,2729-1275
2729172,1275559,2025,71,13,0,700,2729-1275
2731500,1279500,2021,65,3,0,700,2731-1279
2620500,1265500,2021,30,6,13,700,2620-1265
2569603,1203738,2021,23,1,0,700,2569-1203
2660500,1270500,2021,65,1,0,700,2660-1270
2614450.90441387,1268587.83552147,2024,30,2,4,700,2614-1268
2569500,1203500,2021,71,43,0,700,2569-1203
2539046.23780685,1182645.82975202,2022,65,14,0,700,2539-1182
2539405.23201616,1182388.82094445,2022,65,1,0,700,2539-1182
2539046.23780685,1182645.82975202,2022,65,12,0,700,2539-1182
2703052.41330683,1281686.85305131,2021,65,72,0,700,2703-1281
2771969,1183282,2023,30,1,2,700,2771-1183
2575383.48559548,1257918.33890068,2022,30,2,1,700,2575-1257
2572496,1204529,2022,23,2,0,700,2572-1204
2691500,1247594,2021,36,2,1,700,2691-1247
2660500,1270500,2021,71,4,0,700,2660-1270
2570500,1203500,2025,71,6,0,700,2570-1203
2539046.23780685,1182645.82975201,2023,71,70,0,700,2539-1182
2594849,1201393,2022,71,2,0,700,2594-1201
2659744,1270858,2024,71,50,0,700,2659-1270
2620717.75996161,1265315.77940843,2022,36,1,1,700,2620-1265
2660500,1270500,2024,71,,0,700,2660-1270
2539046.23780685,1182645.82975202,2021,71,7,0,700,2539-1182
2594500,1201500,2023,23,3,0,700,2594-1201
2691513,1247368,2021,23,2,0,700,2691-1247
2702500,1281500,2022,23,2,0,700,2702-1281
2572500,1204500,2025,5,45,0,700,2572-1204
2595500,1201500,2021,5,2,0,700,2595-1201
2575383.48559548,1257918.33890068,2023,36,1,1,700,2575-1257
2539046.23780685,1182645.82975202,2021,71,7,0,700,2539-1182
2575245,1258094,2021,36,3,1,700,2575-1258
2659408,1270481,2024,5,60,0,700,2659-1270
2660500,1270500,2024,23,5,0,700,2660-1270
2660500,1270500,2021,23,2,0,700,2660-1270
2659148,1271310,2023,5,1,0,700,2659-1271
2594748,1201407,2024,5,3,0,700,2594-1201
2594798,1201700,2025,5,1,0,700,2594-1201
2660333,1269921,2021,42,12,2,700,2660-1269
2660220,1269907,2025,42,50,1,700,2660-1269
2660128,1270205,2021,42,60,1,700,2660-1270
2660241,1270331,2021,42,55,2,700,2660-1270
2660500,1270500,2024,5,,0,700,2660-1270
2631453,1270414,2022,5,200,0,700,2631-1270
2707301,1279233,2022,5,20,0,700,2707-1279
2569147.44266037,1196706.26540992,2021,23,5,0,700,2569-1196
2569147.44266037,1196706.26540992,2021,23,4,0,700,2569-1196
2539046.23780685,1182645.82975201,2024,5,66,0,700,2539-1182
2731212,1279790,2023,5,3,0,700,2731-1279
2575383.48559548,1257918.33890068,2023,42,8,1,700,2575-1257
2575313.48974961,1258076.3403946,2024,42,10,2,700,2575-1258
2572068,1204455,2021,11,5,0,700,2572-1204
2614460,1269839,2024,11,2,0,700,2614-1269
2614460,1269839,2023,11,2,0,700,2614-1269
2660500,1270500,2025,23,2,0,700,2660-1270
2570500,1203500,2021,48,5,0,700,2570-1203
2660500,1270500,2023,5,100,0,700,2660-1270
2660500,1270500,2024,5,,0,700,2660-1270
2539046.23780685,1182645.82975202,2022,5,6,0,700,2539-1182
2707144,1279342,2022,5,2,0,700,2707-1279
2568930,1203356,2021,48,8,0,700,2568-1203
2539046.23780685,1182645.82975202,2022,5,3,0,700,2539-1182
2539046.23780685,1182645.82975202,2022,5,6,0,700,2539-1182
2593500,1201500,2023,5,2,0,700,2593-1201
2660500,1270500,2021,48,150,0,700,2660-1270
2660500,1270500,2023,11,15,0,700,2660-1270
2561500,1195500,2025,11,6,0,700,2561-1195
2575377,1257909,2022,29,6,13,700,2575-1257
2620500,1265500,2021,11,2,0,700,2620-1265
2571475,1203195,2024,11,2,0,700,2571-1203
2660500,1270500,2022,11,3,0,700,2660-1270
2691462,1247582,2021,11,2,0,700,2691-1247
2759500,1263500,2023,29,9,13,700,2759-1263
2660500,1270500,2021,29,3,1,700,2660-1270
2660246,1270113,2021,48,,0,700,2660-1270
2569500,1203500,2021,11,85,0,700,2569-1203
2575383.48559548,1257918.33890068,2021,48,1,0,700,2575-1257
2572500,1204500,2025,11,3,0,700,2572-1204
2659500,1271500,2021,55,250,0,700,2659-1271
2659500,1271500,2025,55,200,0,700,2659-1271
2560500,1194500,2025,55,1,0,700,2560-1194
2729500,1275500,2022,11,1,0,700,2729-1275
2570561,1203593,2025,29,2,1,700,2570-1203
2579597,1258133,2021,11,4,0,700,2579-1258
2570500,1203500,2022,11,2,0,700,2570-1203
2569755,1203435,2025,11,2,0,700,2569-1203
2575750,1258666,2021,55,3,0,700,2575-1258
2678439,1261664,2024,55,2,0,700,2678-1261
2571616,1202745,2025,55,3,0,700,2571-1202
2678522,1261633,2024,55,2,0,700,2678-1261
2659665,1270992,2025,55,200,0,700,2659-1270
2659691,1270936,2024,55,380,0,700,2659-1270
2659537,1270897,2025,55,,0,700,2659-1270
2569500,1203500,2025,11,10,0,700,2569-1203
2678500,1261500,2024,55,1,0,700,2678-1261
2660500,1270500,2024,29,2,1,700,2660-1270
2728369,1280879,2025,17,2,0,700,2728-1280
2678743.88625199,1261738.64812515,2024,55,3,0,700,2678-1261
2659654,1270763,2025,17,4,0,700,2659-1270
2575313.48974961,1258076.3403946,2025,55,2,0,700,2575-1258
2570470,1203186,2025,17,2,0,700,2570-1203
2659357,1271148,2021,17,3,0,700,2659-1271
2575313.48974961,1258076.3403946,2025,55,1,0,700,2575-1258
2575383.48559548,1257918.33890068,2023,55,4,0,700,2575-1257
2659589,1270518,2025,17,9,0,700,2659-1270
2659859,1270679,2022,17,2,0,700,2659-1270
2570230,1203657,2024,17,2,0,700,2570-1203
2572972,1202893,2025,17,1,0,700,2572-1202
2660272,1269990,2023,55,24,0,700,2660-1269
2660166,1270309,2022,55,,0,700,2660-1270
2660289,1269862,2025,55,2,0,700,2660-1269
2659970,1270567,2023,17,,0,700,2659-1270
2570171.55826185,1203620.27005927,2025,55,2,0,700,2570-1203
2660500,1270500,2023,29,2,2,700,2660-1270
2614433,1269838,2022,17,2,0,700,2614-1269
2614460,1269839,2024,17,1,0,700,2614-1269
2614475,1269899,2025,17,2,0,700,2614-1269
2620500,1265500,2023,17,20,0,700,2620-1265
2594500,1201500,2023,61,4,0,700,2594-1201
2659906,1270813,2022,61,,0,700,2659-1270
2659530,1271109,2025,61,20,0,700,2659-1271
2575313.48974961,1258076.3403946,2025,17,5,0,700,2575-1258
2568935,1203422,2022,61,2,0,700,2568-1203
2568937,1203100,2021,61,20,0,700,2568-1203
2575271,1257732,2021,61,2,0,700,2575-1257
2575225,1257802,2024,61,2,0,700,2575-1257
2691498,1247896,2022,17,2,0,700,2691-1247
2691573,1247688,2021,17,2,0,700,2691-1247
2691506,1247895,2022,17,2,0,700,2691-1247
2570500,1203500,2024,17,2,0,700,2570-1203
2660500,1270500,2024,35,20,1,700,2660-1270
2729500,1275500,2023,61,4,0,700,2729-1275
2660500,1270500,2024,17,2,0,700,2660-1270
2660500,1270500,2022,17,2,0,700,2660-1270
2575313.48974961,1258076.3403946,2023,61,2,0,700,2575-1258
2575313.48974961,1258076.34039461,2021,61,3,0,700,2575-1258
2575383.48559548,1257918.33890068,2023,61,2,0,700,2575-1257
2570500,1203500,2025,17,1,0,700,2570-1203
2575383.48559548,1257918.33890068,2022,61,4,0,700,2575-1257
2539046.23780685,1182645.82975201,2024,61,1,0,700,2539-1182
2539046.23780685,1182645.82975201,2023,61,2,0,700,2539-1182
2539046.23780685,1182645.82975201,2023,61,2,0,700,2539-1182
2660500,1270500,2024,17,6,0,700,2660-1270
2658800.07814379,1271799.64196525,2021,17,4,0,700,2658-1271
2660500,1270500,2023,17,5,0,700,2660-1270
2660500,1270500,2023,17,5,0,700,2660-1270
2660500,1270500,2023,17,9,0,700,2660-1270
2660500,1270500,2023,67,8,0,700,2660-1270
2579833,1212296,2025,17,2,0,700,2579-1212
2659917,1270724,2025,17,1,0,700,2659-1270
2569500,1203500,2022,17,2,0,700,2569-1203
2568774,1203019,2022,67,2,0,700,2568-1203
2571836,1202798,2024,67,30,0,700,2571-1202
2659307,1271164,2025,67,13,0,700,2659-1271
2569125,1196725,2022,67,2,0,700,2569-1196
2660009,1270232,2025,67,3,0,700,2660-1270
2660009,1270233,2025,67,7,0,700,2660-1270
2660098,1270018,2025,67,2,0,700,2660-1270
2659831,1270492,2025,67,2,0,700,2659-1270
2702500,1281500,2021,67,67,0,700,2702-1281
2594673,1201627,2025,17,2,0,700,2594-1201
2570500,1203500,2023,23,2,0,700,2570-1203
2593500,1201500,2025,17,1,0,700,2593-1201
2659256,1271166,2025,67,13,0,700,2659-1271
2659635,1271049,2025,41,30,2,700,2659-1271
2539046.23780685,1182645.82975202,2022,17,2,0,700,2539-1182
2539405.23201616,1182388.82094445,2022,17,1,0,700,2539-1182
2539046.23780685,1182645.82975202,2022,17,3,0,700,2539-1182
2660500,1270500,2024,41,,2,700,2660-1270
2655500,1272500,2025,73,85,0,700,2655-1272
2569232,1203356,2025,73,6,0,700,2569-1203
2568867,1203106,2022,73,18,0,700,2568-1203
2729708,1275319,2023,23,6,0,700,2729-1275
2659995,1270524,2023,23,2,0,700,2659-1270
2659500,1270500,2023,23,11,0,700,2659-1270
2729500,1275500,2023,73,5,0,700,2729-1275
2660696,1269664,2024,47,,0,700,2660-1269
2660500,1270500,2023,47,180,0,700,2660-1270
2660500,1270500,2024,47,,0,700,2660-1270
2627500,1268500,2023,47,21,0,700,2627-1268
2660500,1270500,2023,47,150,0,700,2660-1270
2580090.6502114,1212497.13430467,2022,73,,0,700,2580-1212
2660500,1270500,2025,23,1,0,700,2660-1270
2614460,1269839,2023,23,1,0,700,2614-1269
2659432,1271414,2025,73,12,0,700,2659-1271
2569009,1196691,2022,73,3,0,700,2569-1196
2614460,1269839,2025,23,1,0,700,2614-1269
2614460,1269839,2021,23,2,0,700,2614-1269
2614460,1269839,2022,23,1,0,700,2614-1269
2655500,1272500,2023,6,2,0,700,2655-1272
2570500,1203500,2023,23,2,0,700,2570-1203
2627500,1268500,2024,47,8,0,700,2627-1268
2660500,1270500,2024,23,5,0,700,2660-1270
2570500,1203500,2021,6,4,0,700,2570-1203
2660500,1270500,2024,23,6,0,700,2660-1270
2660500,1270500,2023,23,4,0,700,2660-1270
2571718,1202288,2025,6,20,0,700,2571-1202
2571454,1202711,2025,6,1,0,700,2571-1202
2571296,1202568,2023,6,2,0,700,2571-1202
2571984,1202400,2023,6,2,0,700,2571-1202
2571394,1202658,2025,6,21,0,700,2571-1202
2570960,1202857,2025,6,58,0,700,2570-1202
2571732,1202214,2025,6,20,0,700,2571-1202
2539500,1182500,2024,6,,0,700,2539-1182
2659953,1270800,2023,23,3,0,700,2659-1270
2575383.48559548,1257918.33890068,2021,23,3,0,700,2575-1257
2660500,1270500,2025,6,,0,700,2660-1270
2691501,1247560,2021,23,2,0,700,2691-1247
2691558,1247530,2022,23,1,0,700,2691-1247
2620500,1265500,2021,47,5,0,700,2620-1265
2569500,1203500,2022,6,17,0,700,2569-1203
2569500,1203500,2021,47,8,0,700,2569-1203
2569500,1203500,2022,6,,0,700,2569-1203
2660500,1270500,2022,47,100,0,700,2660-1270
2569136,1203193,2022,6,50,0,700,2569-1203
2655286,1272227,2024,6,4,0,700,2655-1272
2569339,1203312,2022,6,25,0,700,2569-1203
2539046.23780685,1182645.82975201,2024,6,52,0,700,2539-1182
2539046.23780685,1182645.82975201,2025,6,7,0,700,2539-1182
2539046.23780685,1182645.82975201,2023,6,25,0,700,2539-1182
2660500,1270500,2023,6,,0,700,2660-1270
2678442,1261672,2024,53,2,0,700,2678-1261
2660500,1270500,2025,23,2,0,700,2660-1270
2655500,1272500,2025,53,3,0,700,2655-1272
2539046.23780685,1182645.82975202,2022,6,6,0,700,2539-1182
2660500,1270500,2024,53,45,0,700,2660-1270
2659266,1271574,2025,6,,0,700,2659-1271
2569217,1196808,2022,6,2,0,700,2569-1196
2569243,1203232,2024,53,1,0,700,2569-1203
2539076,1182732,2023,6,25,0,700,2539-1182
2660293,1269859,2023,53,5,0,700,2660-1269
2569010,1203244,2024,53,1,0,700,2569-1203
2707686,1279018,2022,53,2,0,700,2707-1279
2570500,1203500,2023,23,2,0,700,2570-1203
2759500,1263500,2023,29,9,13,700,2759-1263
2659538,1271127,2025,53,314,0,700,2659-1271
2570500,1203500,2023,23,4,0,700,2570-1203
2660500,1270500,2023,23,2,0,700,2660-1270
2569147.44266037,1196706.26540992,2022,53,1,0,700,2569-1196
2563872,1188820,2022,18,2,4,700,2563-1188
2575392,1257840,2025,18,2,0,700,2575-1257
2575300,1257913,2025,18,2,0,700,2575-1257
2539046.23780685,1182645.82975202,2022,23,2,0,700,2539-1182
2686686,1287771,2023,23,2,4,700,2686-1287
2678515.88908633,1261671.64722243,2024,53,2,0,700,2678-1261
2571355,1202081,2023,18,1,0,700,2571-1202
2660500,1270500,2024,53,270,0,700,2660-1270
2659500,1271500,2022,53,5,0,700,2659-1271
2659701,1270619,2024,18,5,0,700,2659-1270
2660500,1270500,2022,29,5,2,700,2660-1270
2530500,1151500,2023,29,2,1,700,2530-1151
2570553.53980193,1202655.26017325,2023,53,1,0,700,2570-1202
2570553.53980193,1202655.26017326,2022,29,2,1,700,2570-1202
2539119,1182763,2023,53,8,0,700,2539-1182
2678500,1261500,2024,53,2,0,700,2678-1261
2660500,1270500,2024,53,30,0,700,2660-1270
2660500,1270500,2021,29,2,1,700,2660-1270
2539046.23780685,1182645.82975202,2021,29,2,1,700,2539-1182
2660500,1270500,2021,59,,0,700,2660-1270
2660500,1270500,2021,59,45,0,700,2660-1270
2614460,1269839,2021,29,3,4,700,2614-1269
2593500,1201500,2021,18,2,0,700,2593-1201
2539046.23780685,1182645.82975202,2021,18,5,0,700,2539-1182
2570171.55826185,1203620.27005927,2024,18,2,0,700,2570-1203
2593512,1201333,2021,29,4,2,700,2593-1201
2571596,1203360,2023,59,10,0,700,2571-1203
2569568,1203209,2022,59,16,0,700,2569-1203
2570500,1203500,2022,59,12,0,700,2570-1203
2569500,1203500,2022,59,15,0,700,2569-1203
2594500,1201500,2023,59,4,0,700,2594-1201
2569525,1203688,2021,59,14,0,700,2569-1203
2707691,1279059,2025,59,45,0,700,2707-1279
2539047,1182793,2023,59,2,0,700,2539-1182
2614450.91388358,1269819.8364628,2023,18,2,0,700,2614-1269
2569179,1196372,2022,29,8,13,700,2569-1196
2620500,1265500,2022,29,2,2,700,2620-1265
2569105,1203310,2023,59,11,0,700,2569-1203
2707020,1279452,2023,59,2,0,700,2707-1279
2659500,1270500,2021,59,,0,700,2659-1270
2660041,1270564,2024,18,6,0,700,2660-1270
2620500,1265500,2021,29,17,13,700,2620-1265
2660500,1270500,2022,29,3,2,700,2660-1270
2660500,1270500,2022,29,,1,700,2660-1270
2659811,1270692,2022,35,150,1,700,2659-1270
2593911,1201619,2021,29,6,13,700,2593-1201
2594398,1201662,2024,29,2,4,700,2594-1201
2660500,1270500,2024,29,2,2,700,2660-1270
2569771,1203408,2024,18,3,0,700,2569-1203
2572710,1206727,2023,18,2,0,700,2572-1206
2575383.48559548,1257918.33890068,2021,18,4,0,700,2575-1257
2594500,1201500,2021,66,2,0,700,2594-1201
2660500,1270500,2024,18,4,0,700,2660-1270
2569500,1203500,2022,18,3,0,700,2569-1203
2575383.48559548,1257918.33890068,2023,29,1,1,700,2575-1257
2728093,1280686,2025,66,2,0,700,2728-1280
2539046.23780685,1182645.82975202,2021,24,2,0,700,2539-1182
2707688,1279057,2025,66,75,0,700,2707-1279
2539047,1182540,2024,66,1,0,700,2539-1182
2569638,1203738,2023,24,1,0,700,2569-1203
2660500,1270500,2024,24,,0,700,2660-1270
2539046.23780685,1182645.82975201,2024,66,1,0,700,2539-1182
2539046.23780685,1182645.82975201,2024,66,1,0,700,2539-1182
2572707,1202781,2024,24,2,0,700,2572-1202
2539405.23201617,1182388.82094444,2024,72,17,0,700,2539-1182
2659714,1270863,2024,24,18,0,700,2659-1270
2659314,1271186,2024,24,10,4,700,2659-1271
2660500,1270500,2024,35,13,1,700,2660-1270
2660390,1269958,2021,24,5,0,700,2660-1269
2575311,1257929,2024,24,1,0,700,2575-1257
2575222,1257802,2024,24,1,0,700,2575-1257
2660500,1270500,2021,41,110,1,700,2660-1270
2575383.48559548,1257918.33890068,2021,35,3,13,700,2575-1257
2539046.23780685,1182645.82975202,2021,24,2,0,700,2539-1182
2660500,1270500,2024,41,,2,700,2660-1270
2660500,1270500,2024,47,10,0,700,2660-1270
2659627,1270980,2022,72,100,0,700,2659-1270
2620500,1265500,2021,24,5,0,700,2620-1265
2620500,1265500,2021,35,22,13,700,2620-1265
2571500,1202500,2022,47,11,0,700,2571-1202
2569147.44266037,1196706.26540992,2022,5,1,0,700,2569-1196
2539405.23201617,1182388.82094444,2025,5,8,0,700,2539-1182
2539405.23201617,1182388.82094444,2025,5,9,0,700,2539-1182
2569147.44266037,1196706.26540992,2022,5,2,0,700,2569-1196
2659876,1270573,2024,47,,0,700,2659-1270
2659375,1271412,2022,47,10,0,700,2659-1271
2659352,1271321,2024,47,,0,700,2659-1271
2659556,1271221,2025,47,200,0,700,2659-1271
2659947,1270653,2022,47,,0,700,2659-1270
2575383.48559548,1257918.33890068,2024,24,4,0,700,2575-1257
2575383.48559548,1257918.33890068,2022,24,1,0,700,2575-1257
2575383.48559548,1257918.33890068,2025,24,18,13,700,2575-1257
2691468.89796345,1247582.63851963,2022,24,1,0,700,2691-1247
2691468.89796345,1247582.63851963,2021,24,2,0,700,2691-1247
2575313.48974961,1258076.3403946,2025,24,15,13,700,2575-1258
2660500,1270500,2024,47,10,0,700,2660-1270
2589352,1208646,2024,24,2,0,700,2589-1208
2575383.48559548,1257918.33890068,2023,41,14,1,700,2575-1257
2575327,1257917,2024,24,1,0,700,2575-1257
2570500,1203500,2025,47,2,0,700,2570-1203
2539030,1182710,2021,5,29,0,700,2539-1182
2660500,1270500,2025,30,,1,700,2660-1270
2660500,1270500,2024,30,7,1,700,2660-1270
2570500,1203500,2025,30,14,13,700,2570-1203
2659500,1270500,2025,30,7,1,700,2659-1270
2575432,1258005,2023,30,1,1,700,2575-1258
2660059,1270557,2023,30,22,1,700,2660-1270
2570728,1202906,2022,30,1,1,700,2570-1202
2660500,1270500,2025,47,,0,700,2660-1270
2660386,1269906,2021,30,13,2,700,2660-1269
2660299,1269937,2022,30,,1,700,2660-1269
2660329,1269939,2022,30,10,2,700,2660-1269
2660500,1270500,2022,47,,0,700,2660-1270
2678515.88908633,1261671.64722243,2024,53,2,0,700,2678-1261
2660500,1270500,2022,47,,0,700,2660-1270
2759922,1263124,2025,11,2,0,700,2759-1263
2659473,1271166,2022,53,20,0,700,2659-1271
2659766,1270908,2024,53,30,0,700,2659-1270
2659342,1271147,2025,53,,0,700,2659-1271
2659263,1271490,2023,53,10,0,700,2659-1271
2659381,1271289,2024,53,,0,700,2659-1271
2659948,1270550,2024,53,15,0,700,2659-1270
2570171.55826185,1203620.27005927,2025,30,1,2,700,2570-1203
2539046.23780685,1182645.82975202,2021,30,2,1,700,2539-1182
2659656,1270990,2025,30,9,2,700,2659-1270
2660500,1270500,2024,53,,0,700,2660-1270
2569147.44266037,1196706.26540992,2021,11,3,0,700,2569-1196
2729099.48039105,1275600.06245772,2022,11,6,0,700,2729-1275
2660500,1270500,2024,47,,0,700,2660-1270
2660500,1270500,2022,47,150,0,700,2660-1270
2539046.23780685,1182645.82975201,2023,11,5,0,700,2539-1182
2569749,1203412,2025,30,1,1,700,2569-1203
2570500,1203500,2025,47,2,0,700,2570-1203
2560500,1194500,2025,47,1,0,700,2560-1194
2569164,1202951,2023,11,1,0,700,2569-1202
2533248.07368523,1174778.94299175,2023,47,2,0,700,2533-1174
2660500,1270500,2022,47,,0,700,2660-1270
2660500,1270500,2025,11,,0,700,2660-1270
2660500,1269500,2022,30,,1,700,2660-1269
2660500,1270500,2025,47,150,0,700,2660-1270
2569500,1203500,2024,11,4,0,700,2569-1203
2575313.48974961,1258076.34039461,2021,30,6,1,700,2575-1258
2575313.48974961,1258076.3403946,2025,30,6,13,700,2575-1258
2579500,1212500,2024,11,80,0,700,2579-1212
2575313.48974961,1258076.34039461,2021,30,6,13,700,2575-1258
2589357,1208657,2025,30,2,4,700,2589-1208
2660500,1270500,2024,11,19,0,700,2660-1270
2658800.07814379,1271799.64196525,2022,47,10,0,700,2658-1271
2569500,1203500,2021,11,42,0,700,2569-1203
2660500,1270500,2021,47,,0,700,2660-1270
2569500,1203500,2021,11,20,0,700,2569-1203
2570171.55826185,1203620.27005927,2024,59,,0,700,2570-1203
2569500,1203500,2022,59,15,0,700,2569-1203
2659385,1271347,2023,59,25,0,700,2659-1271
2575350,1257974,2024,17,9,0,700,2575-1257
2575285,1257845,2024,17,5,0,700,2575-1257
2571567,1202963,2024,59,10,0,700,2571-1202
2662998,1273668,2023,59,49,0,700,2662-1273
2660500,1270500,2024,53,45,0,700,2660-1270
2659372,1271222,2022,36,60,1,700,2659-1271
2659559,1270876,2025,59,22,0,700,2659-1270
2660008,1270418,2023,59,10,0,700,2660-1270
2660500,1270500,2022,59,,0,700,2660-1270
2614460,1269839,2024,53,1,0,700,2614-1269
2659867,1270442,2025,59,,0,700,2659-1270
2659571,1271085,2025,59,100,0,700,2659-1271
2660500,1270500,2022,53,,0,700,2660-1270
2660500,1270500,2024,53,,0,700,2660-1270
2571592,1203060,2023,53,1,0,700,2571-1203
2571469,1203236,2023,53,1,0,700,2571-1203
2691449,1247545,2021,17,2,0,700,2691-1247
2539046.23780685,1182645.82975202,2022,17,2,0,700,2539-1182
2594500,1201500,2021,53,2,0,700,2594-1201
2570500,1202500,2023,53,1,0,700,2570-1202
2660206,1270251,2024,17,2,0,700,2660-1270
2660500,1270500,2025,42,,1,700,2660-1270
2660500,1270500,2025,42,,1,700,2660-1270
2575313.48974961,1258076.3403946,2024,42,10,2,700,2575-1258
2575383.48559548,1257918.33890068,2023,42,10,1,700,2575-1257
2678743.88625199,1261738.64812515,2024,53,2,0,700,2678-1261
2575313.48974961,1258076.3403946,2023,42,7,1,700,2575-1258
2660500,1270500,2024,59,,0,700,2660-1270
2660500,1270500,2023,59,,0,700,2660-1270
2571610,1202956,2024,66,26,0,700,2571-1202
2569500,1203500,2022,59,15,0,700,2569-1203
2678500,1261500,2023,49,1,0,700,2678-1261
2539046.23780685,1182645.82975202,2021,59,2,0,700,2539-1182
2539046.23780685,1182645.82975201,2023,49,2,0,700,2539-1182
2569059,1203241,2021,49,4,0,700,2569-1203
2660376,1269924,2023,49,40,0,700,2660-1269
2707602,1279164,2023,59,2,0,700,2707-1279
2660500,1270500,2021,59,,0,700,2660-1270
2660247,1270004,2022,49,,0,700,2660-1270
2660261,1270277,2023,49,30,0,700,2660-1270
2569467,1203641,2025,49,2,0,700,2569-1203
2570171.55826185,1203620.27005927,2025,72,,0,700,2570-1203
2539046.23780685,1182645.82975201,2023,72,12,0,700,2539-1182
2539405.23201617,1182388.82094444,2023,72,2,0,700,2539-1182
2575383.48559548,1257918.33890068,2021,59,16,0,700,2575-1257
2539046.23780685,1182645.82975201,2023,59,2,0,700,2539-1182
2703052.41330683,1281686.85305131,2021,59,12,0,700,2703-1281
2659849,1270744,2025,49,,0,700,2659-1270
2659738,1270881,2022,49,200,0,700,2659-1270
2570553.53980193,1202655.26017325,2023,49,3,0,700,2570-1202
2660500,1270500,2022,49,,0,700,2660-1270
2659500,1270500,2021,49,182,0,700,2659-1270
2570500,1203500,2025,49,3,0,700,2570-1203
2569500,1203500,2025,72,14,0,700,2569-1203
2660500,1270500,2025,55,,0,700,2660-1270
2660500,1270500,2022,55,,0,700,2660-1270
2569500,1203500,2022,72,13,0,700,2569-1203
2614450.91388358,1269819.8364628,2025,66,2,0,700,2614-1269
2614460,1269839,2022,72,2,0,700,2614-1269
2572883,1202900,2025,72,48,0,700,2572-1202
2729563,1275338,2022,72,8,0,700,2729-1275
2539037,1182609,2022,66,13,0,700,2539-1182
2660305,1270043,2024,55,25,0,700,2660-1270
2660328,1270270,2021,55,30,0,700,2660-1270
2660247,1269880,2024,55,,0,700,2660-1269
2660465,1269791,2024,55,9,0,700,2660-1269
2575297,1257943,2024,55,2,0,700,2575-1257
2568938,1203209,2023,55,,0,700,2568-1203
2569406,1203311,2023,55,13,0,700,2569-1203
2575280,1257915,2024,55,2,0,700,2575-1257
2655500,1272500,2023,66,44,0,700,2655-1272
2627500,1268500,2025,66,58,0,700,2627-1268
2660500,1270500,2025,66,,0,700,2660-1270
2659500,1270500,2025,55,,0,700,2659-1270
2660500,1270500,2025,55,,0,700,2660-1270
2580500,1212500,2024,5,130,0,700,2580-1212
2659720,1270685,2024,5,55,0,700,2659-1270
2659439,1271316,2025,5,25,0,700,2659-1271
2729424,1275047,2024,5,100,0,700,2729-1275
2659706,1270706,2023,5,82,0,700,2659-1270
2707672,1279008,2022,5,6,0,700,2707-1279
2705500,1280500,2024,66,14,0,700,2705-1280
2659745,1270819,2024,55,120,0,700,2659-1270
2539046.23780685,1182645.82975201,2024,5,70,0,700,2539-1182
2539046.23780685,1182645.82975201,2024,5,63,0,700,2539-1182
2703052.41330683,1281686.85305131,2021,66,46,0,700,2703-1281
2539046.23780685,1182645.82975202,2021,66,1,0,700,2539-1182
2570171.55826185,1203620.27005927,2021,61,11,0,700,2570-1203
2539046.23780685,1182645.82975202,2022,66,14,0,700,2539-1182
2569500,1203500,2023,61,15,0,700,2569-1203
2728270,1280552,2022,5,2,0,700,2728-1280
2614450.91388358,1269819.8364628,2024,61,1,0,700,2614-1269
2655500,1272500,2025,5,2,0,700,2655-1272
2660107,1270143,2021,61,3,0,700,2660-1270
2569108,1203243,2022,61,,0,700,2569-1203
2575285,1257944,2025,61,2,0,700,2575-1257
2659706,1270970,2022,61,25,0,700,2659-1270
2659309,1271130,2021,61,5,0,700,2659-1271
2660138,1270652,2025,61,,0,700,2660-1270
2659953,1270680,2022,61,40,0,700,2659-1270
2659349,1271137,2023,61,4,0,700,2659-1271
2660500,1270500,2021,23,6,0,700,2660-1270
2575313.48974961,1258076.34039461,2022,61,18,0,700,2575-1258
2660500,1270500,2024,5,,0,700,2660-1270
2569126,1196721,2022,67,2,0,700,2569-1196
2660500,1270500,2025,67,,0,700,2660-1270
2539405.23201616,1182388.82094445,2022,72,28,0,700,2539-1182
2539046.23780685,1182645.82975202,2022,72,11,0,700,2539-1182
2569589,1203746,2022,23,2,0,700,2569-1203
2580500,1212500,2023,67,2,0,700,2580-1212
2539046.23780685,1182645.82975202,2021,72,7,0,700,2539-1182
2569500,1203500,2023,23,2,0,700,2569-1203
2660500,1270500,2021,23,5,0,700,2660-1270
2728486,1280936,2024,5,1,0,700,2728-1280
2569042,1203089,2025,67,30,0,700,2569-1203
2575383.48559548,1257918.33890068,2025,67,2,0,700,2575-1257
2580090.6502114,1212497.13430467,2022,11,6,0,700,2580-1212
2660500,1270500,2023,5,160,0,700,2660-1270
2579500,1212500,2024,11,80,0,700,2579-1212
2659567,1270475,2025,11,10,0,700,2659-1270
2660008,1270587,2023,11,6,0,700,2660-1270
2659837,1270479,2024,11,20,0,700,2659-1270
2659709,1270729,2023,11,21,0,700,2659-1270
2569500,1203500,2022,23,4,0,700,2569-1203
2569500,1203500,2024,73,40,0,700,2569-1203
2570500,1203500,2025,5,62,0,700,2570-1203
2614460,1269839,2023,11,2,0,700,2614-1269
2614460,1269839,2025,11,2,0,700,2614-1269
2620730,1265309,2021,73,50,0,700,2620-1265
2655500,1272500,2025,5,2,0,700,2655-1272
2660500,1270500,2024,29,1,2,700,2660-1270
2614460,1269839,2022,11,2,0,700,2614-1269
2620737,1265218,2021,11,2,0,700,2620-1265
2569127,1196718,2023,11,1,0,700,2569-1196
2570786.54709269,1203140.25772041,2023,73,,0,700,2570-1203
2570171.55826185,1203620.27005927,2023,73,122,0,700,2570-1203
2570486,1203344,2025,29,1,2,700,2570-1203
2580500,1212500,2022,73,2,0,700,2580-1212
2660391,1269902,2025,29,1,1,700,2660-1269
2568500,1203500,2021,5,50,0,700,2568-1203
2539046.23780685,1182645.82975202,2022,5,34,0,700,2539-1182
2561323.44015893,1195110.40378658,2021,5,4,0,700,2561-1195
2561436.44971443,1195646.40336707,2021,5,18,0,700,2561-1195
2660500,1270500,2021,29,,5,700,2660-1270
2655500,1272500,2022,5,3,0,700,2655-1272
2659797,1270837,2023,73,2,0,700,2659-1270
2570500,1203500,2024,11,2,0,700,2570-1203
2539046.23780685,1182645.82975201,2025,29,1,1,700,2539-1182
2570545,1203242,2025,29,1,1,700,2570-1203
2659500,1270500,2024,11,3,0,700,2659-1270
2660500,1270500,2023,29,9,4,700,2660-1270
2659722,1270839,2024,11,40,0,700,2659-1270
2572153,1204326,2021,6,4,0,700,2572-1204
2660500,1270500,2022,6,4,0,700,2660-1270
2660500,1270500,2023,29,9,4,700,2660-1270
2707540,1279225,2025,11,3,0,700,2707-1279
2660113,1270254,2022,6,2,0,700,2660-1270
2660115,1270002,2022,6,4,0,700,2660-1270
2660500,1269500,2024,17,4,0,700,2660-1269
2659881,1270735,2022,17,2,0,700,2659-1270
2569500,1203500,2022,6,,0,700,2569-1203
2589308.53755816,1208834.98463799,2025,29,1,1,700,2589-1208
2614450.91388358,1269819.8364628,2025,29,4,13,700,2614-1269
2659500,1270500,2022,17,2,0,700,2659-1270
2614444,1269814,2025,17,1,0,700,2614-1269
2539046.23780685,1182645.82975202,2021,6,2,0,700,2539-1182
2539046.23780685,1182645.82975202,2021,6,3,0,700,2539-1182
2539046.23780685,1182645.82975202,2022,6,12,0,700,2539-1182
2614460,1269839,2022,17,2,0,700,2614-1269
2620500,1265500,2024,35,27,2,700,2620-1265
2570164,1203067,2025,6,50,0,700,2570-1203
2569638,1203239,2023,6,2,0,700,2569-1203
2569500,1203500,2024,11,4,0,700,2569-1203
2659771,1270767,2022,6,4,0,700,2659-1270
2659774,1270777,2022,6,4,0,700,2659-1270
2659841,1270751,2024,6,16,0,700,2659-1270
2659815,1270528,2022,6,4,0,700,2659-1270
2660071,1270524,2022,6,4,0,700,2660-1270
2659500,1270500,2024,11,,0,700,2659-1270
2569500,1203500,2024,11,2,0,700,2569-1203
2729500,1275500,2022,6,4,0,700,2729-1275
2660500,1270500,2024,6,17,0,700,2660-1270
2659338,1271446,2024,17,1,0,700,2659-1271
2659772,1270378,2022,17,2,0,700,2659-1270
2593841,1201584,2023,35,1,2,700,2593-1201
2660500,1269500,2024,17,4,0,700,2660-1269
2660500,1270500,2025,17,2,0,700,2660-1270
2659855,1271090,2024,18,7,0,700,2659-1271
2660500,1270500,2025,17,2,0,700,2660-1270
2569500,1203500,2025,17,2,0,700,2569-1203
2659721,1271064,2024,18,5,0,700,2659-1271
2670500,1242500,2025,41,2,1,700,2670-1242
2539500,1182500,2025,41,2,2,700,2539-1182
2660500,1270500,2022,41,,1,700,2660-1270
2660500,1270500,2021,17,,0,700,2660-1270
2670300.06850856,1242299.56432466,2022,41,4,1,700,2670-1242
2575313.48974961,1258076.3403946,2025,17,4,0,700,2575-1258
2539095,1182672,2022,17,2,0,700,2539-1182
2592240.69450035,1221669.98545028,2021,18,1,0,700,2592-1221
2614450.91388358,1269819.83646281,2021,18,1,0,700,2614-1269
2702748,1281757,2025,17,2,0,700,2702-1281
2571593,1203138,2023,41,5,13,700,2571-1203
2570788,1203271,2025,23,1,0,700,2570-1203
2659351,1271388,2024,23,4,0,700,2659-1271
2570539,1203274,2025,23,1,0,700,2570-1203
2570734,1203228,2025,23,1,0,700,2570-1203
2570881,1203188,2022,23,2,0,700,2570-1203
2659822,1270762,2023,23,3,0,700,2659-1270
2659500,1270500,2023,17,,0,700,2659-1270
2594435,1201645,2023,17,2,0,700,2594-1201
2575383.48559548,1257918.33890068,2023,41,2,1,700,2575-1257
2575298,1257936,2025,18,2,0,700,2575-1257
2569525.56262002,1203696.28167077,2025,47,2,0,700,2569-1203
2659500,1271500,2024,18,2,0,700,2659-1271
2691481,1247580,2021,18,2,0,700,2691-1247
2660500,1270500,2025,23,3,0,700,2660-1270
2660500,1270500,2025,17,8,0,700,2660-1270
2660268,1269854,2025,47,,0,700,2660-1269
2660334,1270008,2024,47,,0,700,2660-1270
2533296,1174842,2023,47,2,0,700,2533-1174
2575224,1257799,2021,18,12,0,700,2575-1257
2570500,1203500,2025,23,1,0,700,2570-1203
2575313.48974961,1258076.3403946,2025,18,4,0,700,2575-1258
2539046.23780685,1182645.82975202,2021,18,8,0,700,2539-1182
2539046.23780685,1182645.82975202,2022,17,2,0,700,2539-1182
2575383.48559548,1257918.33890068,2021,18,2,0,700,2575-1257
2569617,1203717,2023,23,2,0,700,2569-1203
2539405.23201616,1182388.82094445,2022,17,2,0,700,2539-1182
2539046.23780685,1182645.82975202,2022,17,2,0,700,2539-1182
2575383.48559548,1257918.33890068,2024,18,7,0,700,2575-1257
2627500,1268500,2021,17,4,0,700,2627-1268
2659556,1270880,2025,18,1,0,700,2659-1270
2569500,1203500,2023,23,2,0,700,2569-1203
2659956,1270607,2021,18,2,0,700,2659-1270
2660500,1270500,2025,17,5,0,700,2660-1270
2572885,1202868,2023,24,1,0,700,2572-1202
2572684,1202809,2023,24,2,0,700,2572-1202
2571829,1202142,2022,24,2,0,700,2571-1202
2614511,1269867,2025,23,2,4,700,2614-1269
2660222,1270205,2024,24,4,0,700,2660-1270
2539022,1182706,2021,23,2,2,700,2539-1182
2659500,1270500,2022,23,2,0,700,2659-1270
2533500,1174500,2021,23,2,2,700,2533-1174
2570500,1203500,2023,54,10,0,700,2570-1203
2572828,1202836,2023,23,2,4,700,2572-1202
2659812,1270865,2024,23,3,0,700,2659-1270
2659904,1270666,2025,54,,0,700,2659-1270
2570500,1203500,2023,54,10,0,700,2570-1203
2702654,1281831,2022,23,2,0,700,2702-1281
2569486,1203648,2021,54,2,0,700,2569-1203
2569601,1203740,2023,54,13,0,700,2569-1203
2570500,1203500,2022,23,2,0,700,2570-1203
2569637,1203743,2023,23,2,0,700,2569-1203
2570500,1203500,2023,54,10,0,700,2570-1203
2569644.55120499,1203073.27749823,2022,54,2,0,700,2569-1203
2552500,1187500,2023,54,6,0,700,2552-1187
2569500,1203500,2023,54,10,0,700,2569-1203
2660034,1270542,2021,29,1,2,700,2660-1270
2570062,1203360,2023,29,1,2,700,2570-1203
2659042,1271554,2023,29,,2,700,2659-1271
2569500,1203500,2023,60,7,0,700,2569-1203
2660500,1270500,2024,60,,0,700,2660-1270
2660500,1270500,2023,23,10,0,700,2660-1270
2569500,1203500,2023,23,2,0,700,2569-1203
2659500,1270500,2022,60,49,0,700,2659-1270
2575286,1257911,2025,24,7,13,700,2575-1257
2569175,1196695,2022,29,8,13,700,2569-1196
2571500,1202500,2024,60,9,0,700,2571-1202
2660500,1270500,2023,60,,0,700,2660-1270
2575365,1257941,2025,24,1,0,700,2575-1257
2575383,1257823,2025,24,1,0,700,2575-1257
2575235,1258093,2023,24,2,4,700,2575-1258
2575291,1257888,2023,24,1,0,700,2575-1257
2594430,1201660,2023,23,1,0,700,2594-1201
2729500,1275500,2025,60,28,0,700,2729-1275
2727500,1280500,2021,24,2,0,700,2727-1280
2575313.48974961,1258076.3403946,2024,24,4,0,700,2575-1258
2575383.48559548,1257918.33890068,2023,24,1,0,700,2575-1257
2575383.48559548,1257918.33890068,2021,24,2,0,700,2575-1257
2575313.48974961,1258076.3403946,2024,24,1,0,700,2575-1258
2569483,1203505,2021,60,4,0,700,2569-1203
2660500,1270500,2025,23,1,0,700,2660-1270
2659500,1271500,2023,23,7,0,700,2659-1271
2659283,1271503,2021,30,5,2,700,2659-1271
2570500,1203500,2021,29,2,2,700,2570-1203
2660445,1269616,2022,30,,1,700,2660-1269
2660296,1269862,2023,30,4,1,700,2660-1269
2568282,1203585,2022,60,18,0,700,2568-1203
2570723.53976856,1202698.25735171,2024,29,2,4,700,2570-1202
2660526,1270333,2023,30,2,1,700,2660-1270
2660500,1270500,2025,29,6,13,700,2660-1270
2659500,1270500,2024,66,,0,700,2659-1270
2539046.23780685,1182645.82975201,2024,66,10,0,700,2539-1182
2539046.23780685,1182645.82975201,2024,66,16,0,700,2539-1182
2660500,1270500,2021,30,10,1,700,2660-1270
2568500,1203500,2025,66,4,0,700,2568-1203
2707644,1279011,2022,66,27,0,700,2707-1279
2660500,1270500,2021,30,12,2,700,2660-1270
2575358,1257920,2025,30,1,1,700,2575-1257
2660210,1269921,2022,30,,2,700,2660-1269
2571033,1201957,2023,30,2,4,700,2571-1201
2575383.48559548,1257918.33890068,2023,30,15,19,700,2575-1257
2575383.48559548,1257918.33890068,2021,30,12,13,700,2575-1257
2670500,1242500,2022,35,6,1,700,2670-1242
2660500,1270500,2024,37,2,1,700,2660-1270
2659773,1270605,2025,35,,1,700,2659-1270
2539566,1182184,2025,72,3,0,700,2539-1182
2660500,1270500,2024,35,2,1,700,2660-1270
2539070,1182689,2023,72,29,0,700,2539-1182
2539046.23780685,1182645.82975201,2024,72,11,0,700,2539-1182
2729099.48039105,1275600.06245772,2023,72,25,0,700,2729-1275
2539405.23201617,1182388.82094444,2024,72,6,0,700,2539-1182
2729500,1275500,2022,72,8,0,700,2729-1275
2620100,1265099,2022,37,2,4,700,2620-1265
2573041,1202842,2025,72,26,0,700,2573-1202
2575383.48559548,1257918.33890068,2023,37,1,1,700,2575-1257
2539046.23780685,1182645.82975202,2022,29,2,1,700,2539-1182
2660049,1270128,2025,72,,0,700,2660-1270
2620500,1265500,2024,35,20,13,700,2620-1265
2659657,1270906,2021,43,8,1,700,2659-1270
2571043,1202147,2022,72,15,0,700,2571-1202
2575313.48974961,1258076.3403946,2024,43,10,13,700,2575-1258
2659819,1270759,2022,41,100,1,700,2659-1270
2570553.53980193,1202655.26017325,2023,43,2,1,700,2570-1202
2729500,1275500,2024,5,10,0,700,2729-1275
2659500,1270500,2021,49,,0,700,2659-1270
2702659.41195306,1281914.8508067,2021,5,2,0,700,2702-1281
2539046.23780685,1182645.82975201,2023,47,2,0,700,2539-1182
2569377,1203303,2025,49,1,0,700,2569-1203
2539105,1182845,2025,5,9,0,700,2539-1182
2539088,1182653,2021,5,23,0,700,2539-1182
2539094,1182678,2022,5,6,0,700,2539-1182
2539095,1182646,2022,5,5,0,700,2539-1182
2539105,1182653,2025,5,9,0,700,2539-1182
2539160,1182671,2024,5,50,0,700,2539-1182
2539046.23780685,1182645.82975201,2025,5,6,0,700,2539-1182
2539405.23201617,1182388.82094444,2025,5,9,0,700,2539-1182
2570500,1203500,2025,5,78,0,700,2570-1203
2569525.56262002,1203696.28167077,2025,5,6,0,700,2569-1203
2569009,1203711,2021,5,1,0,700,2569-1203
2660500,1270500,2025,47,,0,700,2660-1270
2539500,1182500,2025,41,2,2,700,2539-1182
2660500,1270500,2025,47,,0,700,2660-1270
2660500,1270500,2025,47,,0,700,2660-1270
2659314,1271241,2025,47,,0,700,2659-1271
2570500,1203500,2025,49,2,0,700,2570-1203
2570553.53980193,1202655.26017325,2023,49,3,0,700,2570-1202
2659756,1270622,2025,47,,0,700,2659-1270
2575383.48559548,1257918.33890068,2021,49,1,0,700,2575-1257
2660500,1270500,2021,49,,0,700,2660-1270
2659828,1270404,2025,47,,0,700,2659-1270
2660009,1270543,2025,47,20,0,700,2660-1270
2659500,1270500,2022,55,57,0,700,2659-1270
2660500,1270500,2022,41,,1,700,2660-1270
2660500,1270500,2021,47,,0,700,2660-1270
2569436,1203115,2023,55,19,0,700,2569-1203
2678486,1261668,2024,55,2,0,700,2678-1261
2569597,1203740,2023,54,7,0,700,2569-1203
2569496,1203663,2025,54,5,0,700,2569-1203
2703672,1282101,2024,55,2,0,700,2703-1282
2569644.55120499,1203073.27749822,2025,5,24,0,700,2569-1203
2569449,1203633,2024,55,3,0,700,2569-1203
2614460,1269839,2024,54,1,0,700,2614-1269
2575313.48974961,1258076.3403946,2024,55,2,0,700,2575-1258
2575313.48974961,1258076.3403946,2025,55,2,0,700,2575-1258
2569630,1203756,2023,41,5,1,700,2569-1203
2660291,1269865,2022,55,50,0,700,2660-1269
2660500,1270500,2023,54,50,0,700,2660-1270
2575313.48974961,1258076.3403946,2025,41,1,1,700,2575-1258
2570786.54709269,1203140.25772041,2023,11,2,0,700,2570-1203
2594500,1201500,2022,61,4,0,700,2594-1201
2627500,1268500,2024,61,15,0,700,2627-1268
2575383.48559548,1257918.33890068,2021,47,1,0,700,2575-1257
2660500,1270500,2025,54,,0,700,2660-1270
2660500,1270500,2022,47,300,0,700,2660-1270
2660500,1270500,2025,47,,0,700,2660-1270
2579500,1212500,2024,11,60,0,700,2579-1212
2570500,1203500,2022,61,8,0,700,2570-1203
2659728,1270842,2022,61,46,0,700,2659-1270
2659874,1270782,2022,61,12,0,700,2659-1270
2539041,1182799,2023,11,6,0,700,2539-1182
2539049,1182627,2021,11,8,0,700,2539-1182
2539072,1182755,2023,11,1,0,700,2539-1182
2575294,1257923,2024,61,2,0,700,2575-1257
2561107,1195296,2025,11,2,0,700,2561-1195
2660500,1270500,2023,54,,0,700,2660-1270
2659198,1271382,2023,54,20,0,700,2659-1271
2570500,1203500,2024,61,2,0,700,2570-1203
2659574,1271209,2022,54,,0,700,2659-1271
2659656,1271004,2025,54,250,0,700,2659-1271
2659702,1270723,2025,54,,0,700,2659-1270
2659387,1271368,2025,54,,0,700,2659-1271
2660500,1270500,2025,47,50,0,700,2660-1270
2580090.6502114,1212497.13430467,2024,11,60,0,700,2580-1212
2620500,1265500,2021,47,1,0,700,2620-1265
2579924,1212442,2021,11,1,0,700,2579-1212
2575313.48974961,1258076.3403946,2025,61,2,0,700,2575-1258
2660500,1270500,2025,11,6,0,700,2660-1270
2660500,1270500,2025,11,8,0,700,2660-1270
2660500,1270500,2022,47,50,0,700,2660-1270
2570500,1203500,2023,11,,0,700,2570-1203
2569500,1203500,2024,67,37,0,700,2569-1203
2569500,1203500,2022,60,50,0,700,2569-1203
2660500,1270500,2022,47,280,0,700,2660-1270
2571580,1203321,2025,11,18,0,700,2571-1203
2569281,1203326,2021,11,,0,700,2569-1203
2539046.23780685,1182645.82975201,2023,60,2,0,700,2539-1182
2539046.23780685,1182645.82975201,2023,60,2,0,700,2539-1182
2572377,1202455,2022,67,2,0,700,2572-1202
2660500,1270500,2022,47,,0,700,2660-1270
2569640,1203756,2023,54,9,0,700,2569-1203
2569529,1203804,2023,54,6,0,700,2569-1203
2569627,1203746,2023,54,9,0,700,2569-1203
2569574,1203519,2023,54,1,0,700,2569-1203
2569595,1203430,2023,54,10,0,700,2569-1203
2569644.55120499,1203073.27749823,2021,11,43,0,700,2569-1203
2660313,1270190,2025,54,,0,700,2660-1270
2575383.48559548,1257918.33890068,2022,54,2,0,700,2575-1257
2570500,1203500,2023,54,12,0,700,2570-1203
2660430,1269793,2024,11,3,0,700,2660-1269
2569500,1203500,2022,11,,0,700,2569-1203
2659438,1271116,2023,60,10,0,700,2659-1271
2539043,1182828,2023,54,2,0,700,2539-1182
2570804,1202831,2023,17,2,0,700,2570-1202
2659344,1271146,2024,73,150,0,700,2659-1271
2659129,1271370,2021,73,7,0,700,2659-1271
2659725,1270863,2023,73,90,0,700,2659-1270
2570795,1203040,2025,17,1,0,700,2570-1203
2539089,1182651,2022,17,2,0,700,2539-1182
2659167,1271477,2023,60,2,0,700,2659-1271
2659860,1270713,2022,60,26,0,700,2659-1270
2659778,1270814,2022,60,9,0,700,2659-1270
2659756,1270376,2022,60,10,0,700,2659-1270
2660500,1270500,2025,54,,0,700,2660-1270
2660500,1270500,2025,73,35,0,700,2660-1270
2568500,1203500,2024,73,3,0,700,2568-1203
2691518,1247638,2021,17,2,0,700,2691-1247
2660500,1270500,2024,54,,0,700,2660-1270
2570171.55826185,1203620.27005927,2025,73,,0,700,2570-1203
2569012,1203018,2025,73,8,0,700,2569-1203
2568987,1203221,2021,73,12,0,700,2568-1203
2660500,1269500,2024,73,4,0,700,2660-1269
2620500,1265500,2021,54,26,0,700,2620-1265
2614000,1268899,2022,66,2,0,700,2614-1268
2620757,1265235,2022,73,35,0,700,2620-1265
2703523,1282309,2025,66,33,0,700,2703-1282
2569747,1203427,2025,17,2,0,700,2569-1203
2660500,1270499,2025,73,10,0,700,2660-1270
2729500,1275500,2025,73,35,0,700,2729-1275
2539087,1182825,2023,60,2,0,700,2539-1182
2659720,1270908,2022,66,,0,700,2659-1270
2572894,1202904,2025,72,19,0,700,2572-1202
2658995,1271174,2023,72,43,0,700,2658-1271
2521744,1150669,2023,72,12,0,700,2521-1150
2659288,1271465,2023,72,55,0,700,2659-1271
2539046.23780685,1182645.82975202,2022,17,2,0,700,2539-1182
2569147.44266037,1196706.26540992,2021,17,2,0,700,2569-1196
2659500,1271500,2023,7,88,0,700,2659-1271
2620717.75996161,1265315.77940843,2022,7,2,0,700,2620-1265
2620500,1265500,2024,60,150,0,700,2620-1265
2660500,1270500,2021,17,4,0,700,2660-1270
2627500,1268500,2021,72,230,0,700,2627-1268
2571444,1202731,2025,7,12,0,700,2571-1202
2594500,1201500,2024,60,2,0,700,2594-1201
2660500,1270500,2025,66,2,0,700,2660-1270
2572286,1203834,2021,7,25,0,700,2572-1203
2568823,1203457,2025,7,10,0,700,2568-1203
2575323,1258037,2021,7,2,0,700,2575-1258
2620500,1265500,2024,17,1,0,700,2620-1265
2539046.23780685,1182645.82975201,2025,7,7,0,700,2539-1182
2539046.23780685,1182645.82975202,2021,7,2,0,700,2539-1182
2539046.23780685,1182645.82975201,2023,72,28,0,700,2539-1182
2707633,1279077,2022,66,2,0,700,2707-1279
2655500,1272500,2024,66,10,0,700,2655-1272
2660213,1270331,2023,7,,0,700,2660-1270
2575313.48974961,1258076.3403946,2024,7,2,0,700,2575-1258
2660500,1270500,2024,66,,0,700,2660-1270
2569131,1196724,2023,7,2,0,700,2569-1196
2570969,1202835,2023,72,20,0,700,2570-1202
2707788,1279014,2022,23,2,0,700,2707-1279
2627694,1268485,2024,66,25,0,700,2627-1268
2539178,1182676,2021,23,2,0,700,2539-1182
2627930,1268651,2024,66,4,0,700,2627-1268
2539046.23780685,1182645.82975202,2022,66,14,0,700,2539-1182
2570171.55826185,1203620.27005927,2023,66,2,0,700,2570-1203
2660016,1270584,2025,5,30,0,700,2660-1270
2569500,1203500,2021,72,37,0,700,2569-1203
2572378,1202103,2025,18,1,0,700,2572-1202
2572782,1202846,2025,18,2,0,700,2572-1202
2659840,1270623,2022,18,2,0,700,2659-1270
2660500,1270500,2025,18,4,0,700,2660-1270
2728500,1280500,2025,72,50,0,700,2728-1280
2660500,1270500,2023,72,58,0,700,2660-1270
2614450.91388358,1269819.83646281,2021,18,1,0,700,2614-1269
2539046.23780685,1182645.82975202,2022,5,6,0,700,2539-1182
2569500,1203500,2022,72,16,0,700,2569-1203
2575377,1257871,2025,23,1,0,700,2575-1257
2580378,1212649,2021,5,7,0,700,2580-1212
2580090.6502114,1212497.13430467,2024,5,100,0,700,2580-1212
2731500,1279500,2025,72,371,0,700,2731-1279
2659500,1270500,2024,23,10,0,700,2659-1270
2706500,1279500,2021,5,2,0,700,2706-1279
2660500,1270500,2023,72,,0,700,2660-1270
2570171.55826185,1203620.27005927,2024,18,2,4,700,2570-1203
2575441,1204034,2022,18,4,4,700,2575-1204
2569245,1203248,2022,18,4,0,700,2569-1203
2569771,1203437,2022,18,4,0,700,2569-1203
2659413,1271383,2025,5,8,0,700,2659-1271
2759999.99367169,1263000.27822094,2021,23,3,0,700,2759-1263
2620500,1265500,2021,72,135,0,700,2620-1265
2539046.23780685,1182645.82975202,2022,5,6,0,700,2539-1182
2580500,1212500,2023,5,6,0,700,2580-1212
2539046.23780685,1182645.82975202,2021,72,7,0,700,2539-1182
2691468.89796345,1247582.63851963,2022,18,2,0,700,2691-1247
2575313.48974961,1258076.3403946,2025,18,5,0,700,2575-1258
2660487,1269930,2023,31,16,2,700,2660-1269
2569425,1196937,2023,11,2,0,700,2569-1196
2660295,1269984,2023,31,10,2,700,2660-1269
2659957,1270300,2025,31,5,13,700,2659-1270
2539046.23780685,1182645.82975202,2021,5,31,0,700,2539-1182
2660500,1270500,2022,23,2,0,700,2660-1270
2569147.44266037,1196706.26540992,2021,23,2,4,700,2569-1196
2580500,1212500,2023,5,6,0,700,2580-1212
2660500,1270500,2025,11,8,0,700,2660-1270
2569644.55120499,1203073.27749823,2021,5,50,0,700,2569-1203
2539046.23780685,1182645.82975202,2021,31,2,1,700,2539-1182
2659374,1271374,2025,11,9,0,700,2659-1271
2659764,1270797,2025,11,2,0,700,2659-1270
2660500,1270500,2025,31,2,2,700,2660-1270
2659345,1271482,2024,11,10,0,700,2659-1271
2594425,1201633,2025,23,1,0,700,2594-1201
2539046.23780685,1182645.82975202,2021,11,6,0,700,2539-1182
2620717.75996161,1265315.77940843,2021,11,1,0,700,2620-1265
2660500,1270500,2023,5,144,0,700,2660-1270
2539046.23780685,1182645.82975202,2021,11,8,0,700,2539-1182
2660500,1270500,2021,31,12,2,700,2660-1270
2660500,1270500,2021,5,2,0,700,2660-1270
2569189,1203347,2024,11,1,0,700,2569-1203
2570661,1202958,2024,11,30,0,700,2570-1202
2593500,1201500,2023,23,2,0,700,2593-1201
2620500,1265500,2021,5,50,0,700,2620-1265
2575365,1257935,2025,23,1,0,700,2575-1257
2660500,1270500,2024,11,3,0,700,2660-1270
2571125,1203359,2023,23,2,0,700,2571-1203
2575383.48559548,1257918.33890068,2021,31,14,13,700,2575-1257
2575383.48559548,1257918.33890068,2025,31,2,4,700,2575-1257
2593119,1201379,2024,5,3,0,700,2593-1201
2594716,1201661,2025,5,1,0,700,2594-1201
2575383.48559548,1257918.33890068,2023,31,,19,700,2575-1257
2575313.48974961,1258076.3403946,2023,31,2,2,700,2575-1258
2592452,1201514,2024,5,1,0,700,2592-1201
2539149,1182698,2022,5,11,0,700,2539-1182
2539146,1182661,2023,5,2,0,700,2539-1182
2660500,1270500,2021,29,6,2,700,2660-1270
2571327,1202813,2025,11,1,0,700,2571-1202
2660500,1270500,2021,29,2,1,700,2660-1270
2614450.91388358,1269819.8364628,2025,29,9,13,700,2614-1269
2539046.23780685,1182645.82975202,2022,5,6,0,700,2539-1182
2660028,1270516,2021,43,2,2,700,2660-1270
2660238,1269975,2021,43,5,1,700,2660-1269
2660217,1269919,2021,43,13,1,700,2660-1269
2660218,1269919,2025,43,,1,700,2660-1269
2660092,1270189,2021,43,4,2,700,2660-1270
2660059,1269921,2021,43,20,1,700,2660-1269
2670300.06850856,1242299.56432466,2021,11,3,0,700,2670-1242
2728440.3713799,1280910.09081376,2022,11,2,0,700,2728-1280
2568500,1203500,2021,5,50,0,700,2568-1203
2660235,1270085,2021,43,2,4,700,2660-1270
2614460,1269839,2022,11,4,0,700,2614-1269
2570171.55826185,1203620.27005927,2025,43,3,2,700,2570-1203
2660500,1270500,2025,43,50,2,700,2660-1270
2570500,1203500,2025,29,1,1,700,2570-1203
2560500,1194500,2024,49,1,0,700,2560-1194
2569457,1203645,2023,49,3,0,700,2569-1203
2660300,1269885,2022,49,,0,700,2660-1269
2660269,1270054,2024,49,100,0,700,2660-1270
2660049,1270147,2021,49,,0,700,2660-1270
2660377,1269822,2025,49,,0,700,2660-1269
2660328,1269989,2022,49,,0,700,2660-1269
2660218,1270175,2023,49,150,0,700,2660-1270
2568500,1203500,2021,11,,0,700,2568-1203
2660500,1270500,2021,49,,0,700,2660-1270
2660500,1270500,2024,11,8,0,700,2660-1270
2670226,1242546,2024,11,4,0,700,2670-1242
2660500,1270500,2024,29,4,2,700,2660-1270
2660500,1270500,2021,17,2,0,700,2660-1270
2594500,1201500,2022,29,2,1,700,2594-1201
2691539,1247680,2021,11,2,0,700,2691-1247
2593500,1201500,2021,29,6,13,700,2593-1201
2660500,1270500,2021,49,288,0,700,2660-1270
2575383.48559548,1257918.33890068,2021,49,1,0,700,2575-1257
2660500,1270500,2025,17,5,0,700,2660-1270
2659956,1270308,2025,29,2,2,700,2659-1270
2570171.55826185,1203620.27005927,2023,61,2,0,700,2570-1203
2614395,1269805,2025,61,1,0,700,2614-1269
2569103,1203371,2025,61,2,0,700,2569-1203
2614450.91388358,1269819.8364628,2024,61,1,0,700,2614-1269
2569500,1203500,2021,29,2,4,700,2569-1203
2659355,1271247,2022,17,2,0,700,2659-1271
2575383.48559548,1257918.33890068,2025,61,4,0,700,2575-1257
2539067,1182754,2021,11,9,0,700,2539-1182
2539580,1182023,2021,11,4,0,700,2539-1182
2539046.23780685,1182645.82975202,2021,17,4,0,700,2539-1182
2569126,1196724,2022,61,1,0,700,2569-1196
2660500,1270500,2022,17,4,0,700,2660-1270
2570500,1203500,2024,17,1,0,700,2570-1203
2575383.48559548,1257918.33890068,2021,61,20,0,700,2575-1257
2691500,1247500,2021,17,2,0,700,2691-1247
2678500,1261500,2025,17,2,0,700,2678-1261
2659785,1270583,2022,17,2,0,700,2659-1270
2569500,1203500,2022,73,2,0,700,2569-1203
2660500,1270500,2024,35,11,4,700,2660-1270
2660500,1270500,2024,35,7,2,700,2660-1270
2569128,1196719,2025,73,2,0,700,2569-1196
2569500,1203500,2021,73,33,0,700,2569-1203
2614460,1269839,2023,23,1,0,700,2614-1269
2614460,1269839,2025,23,1,0,700,2614-1269
2613930,1269339,2024,23,2,0,700,2613-1269
2569754,1203438,2024,73,7,0,700,2569-1203
2570553.53980193,1202655.26017326,2021,17,2,0,700,2570-1202
2575383.48559548,1257918.33890068,2021,17,12,0,700,2575-1257
2569209,1196700,2022,73,2,0,700,2569-1196
2660500,1270500,2024,41,50,2,700,2660-1270
2660500,1270500,2024,17,4,0,700,2660-1270
2561105,1195276,2025,41,4,2,700,2561-1195
2691493,1247597,2022,17,2,0,700,2691-1247
2691576,1247662,2022,17,2,0,700,2691-1247
2660288,1269861,2024,41,48,1,700,2660-1269
2660221,1269918,2025,41,40,1,700,2660-1269
2539046.23780685,1182645.82975202,2022,17,2,0,700,2539-1182
2572856,1202885,2024,23,2,4,700,2572-1202
2660500,1270500,2025,48,50,0,700,2660-1270
2660150,1270412,2025,48,10,0,700,2660-1270
2660041,1270513,2025,48,60,0,700,2660-1270
2571591.55131907,1203606.24530663,2023,23,2,0,700,2571-1203
2575313.48974961,1258076.3403946,2024,23,4,0,700,2575-1258
2579335.42108767,1257966.27243105,2025,48,2,0,700,2579-1257
2731112.40876194,1279574.1108736,2024,23,2,0,700,2731-1279
2728440.3713799,1280910.09081376,2021,23,1,0,700,2728-1280
2660500,1270500,2025,48,200,0,700,2660-1270
2660500,1270500,2022,48,,0,700,2660-1270
2659500,1270500,2024,48,20,0,700,2659-1270
2571500,1203500,2023,48,2,0,700,2571-1203
2660500,1270500,2021,23,1,0,700,2660-1270
2659500,1271500,2025,48,13,0,700,2659-1271
2569500,1203500,2021,48,12,0,700,2569-1203
2660194,1269937,2025,48,50,0,700,2660-1269
2660500,1269500,2023,23,2,0,700,2660-1269
2533209,1174885,2023,48,2,0,700,2533-1174
2660500,1270500,2022,23,2,0,700,2660-1270
2570500,1203500,2025,54,1,0,700,2570-1203
2660500,1270500,2022,23,2,0,700,2660-1270
2707656,1279049,2024,54,7,0,700,2707-1279
2660500,1270500,2023,54,20,0,700,2660-1270
2569376,1203299,2023,54,3,0,700,2569-1203
2660119,1270439,2025,54,5,0,700,2660-1270
2614460,1269839,2024,29,1,2,700,2614-1269
2613930,1269339,2023,29,2,4,700,2613-1269
2614460,1269839,2023,29,1,2,700,2614-1269
2691520,1247599,2022,23,1,0,700,2691-1247
2570665,1203244,2022,29,2,4,700,2570-1203
2660500,1270500,2021,60,55,0,700,2660-1270
2660500,1270500,2024,29,4,2,700,2660-1270
2660500,1270500,2025,60,,0,700,2660-1270
2569500,1203500,2021,29,2,2,700,2569-1203
2659956,1270308,2025,29,6,13,700,2659-1270
2660291,1269862,2022,29,27,1,700,2660-1269
2569760,1203410,2024,60,9,0,700,2569-1203
2660500,1270500,2024,29,4,2,700,2660-1270
2660500,1270500,2024,29,4,2,700,2660-1270
2569574,1203720,2021,60,13,0,700,2569-1203
2691468.89796345,1247582.63851963,2021,29,2,1,700,2691-1247
2569500,1203500,2021,29,2,1,700,2569-1203
2539046.23780685,1182645.82975201,2024,60,1,0,700,2539-1182
2575313.48974961,1258076.3403946,2025,29,1,1,700,2575-1258
2570553.53980193,1202655.26017326,2022,29,2,1,700,2570-1202
2620500,1265500,2021,60,4,0,700,2620-1265
2660500,1270500,2024,66,20,0,700,2660-1270
2660500,1270500,2024,66,5,0,700,2660-1270
2569500,1203500,2021,29,2,4,700,2569-1203
2727500,1280500,2022,66,48,0,700,2727-1280
2539500,1182500,2021,66,1,0,700,2539-1182
2614460,1269839,2025,35,13,13,700,2614-1269
2620500,1265500,2021,29,13,13,700,2620-1265
2572500,1204500,2023,66,12,0,700,2572-1204
2659610,1270821,2022,35,100,1,700,2659-1270
2660500,1270500,2025,29,6,13,700,2660-1270
2729500,1275500,2025,66,40,0,700,2729-1275
2561517.34525983,1189985.38400502,2025,66,2,0,700,2561-1189
2575500,1257500,2021,29,2,1,700,2575-1257
2539046.23780685,1182645.82975201,2024,66,18,0,700,2539-1182
2660500,1270500,2024,66,20,0,700,2660-1270
2702898,1281346,2022,72,60,0,700,2702-1281
2660500,1270500,2024,35,11,4,700,2660-1270
2660500,1270500,2021,35,2,2,700,2660-1270
2660500,1270500,2023,72,65,0,700,2660-1270
2614450.91388358,1269819.8364628,2025,29,12,13,700,2614-1269
2703936,1282431,2021,29,2,2,700,2703-1282
2539012,1182837,2024,72,17,0,700,2539-1182
2539298,1182225,2024,72,14,0,700,2539-1182
2539302,1182351,2025,72,3,0,700,2539-1182
2660500,1270500,2021,41,,1,700,2660-1270
2539046.23780685,1182645.82975201,2024,72,9,0,700,2539-1182
2729099.48039105,1275600.06245772,2023,72,13,0,700,2729-1275
2539046.23780685,1182645.82975201,2025,5,11,0,700,2539-1182
2539046.23780685,1182645.82975201,2024,5,50,0,700,2539-1182
2539046.23780685,1182645.82975202,2022,5,6,0,700,2539-1182
2569191,1203347,2025,5,80,0,700,2569-1203
2660020,1270549,2022,41,30,2,700,2660-1270
2594837,1201376,2022,35,6,2,700,2594-1201
2746500,1268500,2025,5,2,0,700,2746-1268
2561094,1195326,2025,5,2,0,700,2561-1195
2659856,1270697,2022,41,130,2,700,2659-1270
2570500,1203500,2025,5,20,0,700,2570-1203
2729500,1275500,2024,5,30,0,700,2729-1275
2659782,1270581,2025,48,20,0,700,2659-1270
2659978,1270447,2025,48,30,0,700,2659-1270
2659885,1270697,2025,48,30,0,700,2659-1270
2659794,1270776,2025,48,100,0,700,2659-1270
2659313,1271406,2025,48,10,0,700,2659-1271
2659354,1271419,2025,48,10,0,700,2659-1271
2569500,1203500,2023,48,3,0,700,2569-1203
2539386,1182274,2025,5,6,0,700,2539-1182
2539312,1182279,2025,5,7,0,700,2539-1182
2539079,1182633,2023,5,6,0,700,2539-1182
2539476,1182071,2022,5,6,0,700,2539-1182
2660500,1270500,2024,35,17,1,700,2660-1270
2660500,1269500,2024,48,100,0,700,2660-1269
2620500,1265500,2025,48,5,0,700,2620-1265
2569577,1203663,2025,5,74,0,700,2569-1203
2569500,1203500,2024,5,8,0,700,2569-1203
2655500,1272500,2021,35,4,2,700,2655-1272
2660500,1270500,2025,48,,0,700,2660-1270
2660500,1270500,2021,48,,0,700,2660-1270
2569723,1203360,2025,5,,0,700,2569-1203
2660500,1270500,2025,35,,1,700,2660-1270
2660500,1270500,2024,48,,0,700,2660-1270
2539046.23780685,1182645.82975201,2023,12,1,0,700,2539-1182
2570674,1202779,2021,12,7,0,700,2570-1202
2569525.56262002,1203696.28167077,2025,54,4,0,700,2569-1203
2670020,1242643,2025,41,2,2,700,2670-1242
2660500,1270500,2023,41,150,1,700,2660-1270
2660500,1270500,2022,41,,1,700,2660-1270
2659846,1270715,2025,54,80,0,700,2659-1270
2659430,1271274,2024,54,280,0,700,2659-1271
2620500,1265500,2021,41,2,2,700,2620-1265
2660500,1270500,2023,12,11,0,700,2660-1270
2659317,1271304,2025,54,125,0,700,2659-1271
2659890,1270440,2025,54,,0,700,2659-1270
2570171.55826185,1203620.27005927,2023,54,11,0,700,2570-1203
2569500,1203500,2023,54,11,0,700,2569-1203
2660500,1270500,2021,12,2,0,700,2660-1270
2658800.07814379,1271799.64196525,2021,48,6,0,700,2658-1271
2579500,1212500,2024,12,,0,700,2579-1212
2569743,1203430,2022,12,4,0,700,2569-1203
2570500,1203500,2023,54,9,0,700,2570-1203
2660500,1270500,2025,54,,0,700,2660-1270
2575383.48559548,1257918.33890068,2021,48,4,0,700,2575-1257
2659695,1270900,2025,54,200,0,700,2659-1270
2569500,1203500,2025,54,5,0,700,2569-1203
2660500,1269500,2025,48,,0,700,2660-1269
2660500,1270500,2024,48,30,0,700,2660-1270
2660217,1269914,2025,48,6,0,700,2660-1269
2660500,1270500,2021,48,,0,700,2660-1270
2659586,1271154,2025,60,120,0,700,2659-1271
2659332,1271324,2024,60,6,0,700,2659-1271
2659297,1271203,2025,60,,0,700,2659-1271
2569525.56262002,1203696.28167077,2025,60,13,0,700,2569-1203
2660500,1270500,2021,12,2,0,700,2660-1270
2539145,1182669,2022,12,2,0,700,2539-1182
2614460,1269839,2024,60,1,0,700,2614-1269
2660500,1270500,2024,48,,0,700,2660-1270
2539046.23780685,1182645.82975201,2023,60,2,0,700,2539-1182
2539046.23780685,1182645.82975201,2023,60,2,0,700,2539-1182
2659500,1270500,2025,48,50,0,700,2659-1270
2771102,1183812,2022,48,1,0,700,2771-1183
2570171.55826185,1203620.27005927,2023,54,11,0,700,2570-1203
2539046.23780685,1182645.82975202,2021,12,2,0,700,2539-1182
2660500,1270500,2024,54,150,0,700,2660-1270
2569500,1203500,2021,60,9,0,700,2569-1203
2659661,1270410,2024,60,29,0,700,2659-1270
2569644.55120499,1203073.27749822,2025,54,3,0,700,2569-1203
2659500,1270500,2024,17,5,0,700,2659-1270
2659666,1270759,2024,66,21,0,700,2659-1270
2572898,1202908,2025,66,28,0,700,2572-1202
2660500,1270500,2024,54,,0,700,2660-1270
2530649.55307568,1151052.9731533,2021,66,13,0,700,2530-1151
2691551,1247716,2021,17,2,0,700,2691-1247
2660500,1270500,2024,66,23,0,700,2660-1270
2539500,1182500,2024,66,20,0,700,2539-1182
2539046.23780685,1182645.82975202,2022,17,2,0,700,2539-1182
2539046.23780685,1182645.82975201,2023,17,4,0,700,2539-1182
2655500,1272500,2023,66,24,0,700,2655-1272
2539046.23780685,1182645.82975202,2021,66,1,0,700,2539-1182
2627742,1268539,2024,66,52,0,700,2627-1268
2660500,1269500,2025,60,,0,700,2660-1269
2569752,1203434,2025,60,14,0,700,2569-1203
2570500,1203500,2022,66,10,0,700,2570-1203
2594434,1201651,2023,60,1,0,700,2594-1201
2660500,1270500,2024,66,20,0,700,2660-1270
2660500,1270500,2022,60,,0,700,2660-1270
2659688,1270979,2024,66,22,0,700,2659-1270
2569500,1196500,2021,60,2,0,700,2569-1196
2575500,1257500,2022,60,2,0,700,2575-1257
2660500,1270500,2024,72,30,0,700,2660-1270
2631395,1270449,2024,60,2,0,700,2631-1270
2614420,1269776,2024,60,1,0,700,2614-1269
2659508,1271219,2022,72,30,0,700,2659-1271
2572500,1204501,2024,72,40,0,700,2572-1204
2570500,1203500,2025,60,7,0,700,2570-1203
2660500,1270500,2025,72,2,0,700,2660-1270
2660500,1270500,2025,60,,0,700,2660-1270
2569500,1203500,2023,72,85,0,700,2569-1203
2660500,1270500,2023,72,,0,700,2660-1270
2620717.75996161,1265315.77940843,2021,72,3,0,700,2620-1265
2539046.23780685,1182645.82975202,2021,72,7,0,700,2539-1182
2539046.23780685,1182645.82975201,2023,72,8,0,700,2539-1182
2569644.55120499,1203073.27749823,2022,72,8,0,700,2569-1203
2595500,1201500,2025,5,1,0,700,2595-1201
2614460,1269839,2025,5,2,0,700,2614-1269
2568500,1203500,2021,5,30,0,700,2568-1203
2569500,1203500,2024,5,1,0,700,2569-1203
2627500,1268500,2021,5,2,0,700,2627-1268
2569500,1203500,2023,66,1,0,700,2569-1203
2703329,1281761,2024,66,10,0,700,2703-1281
2539098,1182652,2022,17,2,0,700,2539-1182
2539090,1182636,2022,17,2,0,700,2539-1182
2660500,1270500,2024,66,20,0,700,2660-1270
2660500,1270500,2024,66,20,0,700,2660-1270
2539098,1182648,2024,5,,0,700,2539-1182
2539046.23780685,1182645.82975202,2021,66,1,0,700,2539-1182
2539046.23780685,1182645.82975201,2024,5,75,0,700,2539-1182
2570171.55826185,1203620.27005927,2024,5,1,0,700,2570-1203
2569500,1203500,2021,23,1,0,700,2569-1203
2569644.55120499,1203073.27749823,2021,12,20,0,700,2569-1203
2569660,1203219,2021,23,1,0,700,2569-1203
2703537,1282312,2023,12,1,0,700,2703-1282
2539046.23780685,1182645.82975202,2021,66,,0,700,2539-1182
2539046.23780685,1182645.82975202,2021,66,1,0,700,2539-1182
2539046.23780685,1182645.82975202,2022,66,14,0,700,2539-1182
2539046.23780685,1182645.82975202,2022,66,14,0,700,2539-1182
2614460,1269839,2024,12,2,0,700,2614-1269
2614460,1269839,2023,12,2,0,700,2614-1269
2660005,1270603,2024,12,4,0,700,2660-1270
2660500,1270500,2023,12,,0,700,2660-1270
2593687,1201764,2021,72,2,0,700,2593-1201
2628074,1268784,2024,72,50,0,700,2628-1268
2660500,1270500,2024,23,5,0,700,2660-1270
2570171.55826185,1203620.27005927,2023,72,18,0,700,2570-1203
2569147.44266037,1196706.26540992,2021,23,2,0,700,2569-1196
2660500,1270500,2023,72,55,0,700,2660-1270
2569147.44266037,1196706.26540992,2021,23,2,0,700,2569-1196
2569147.44266037,1196706.26540992,2021,23,4,0,700,2569-1196
2569147.44266037,1196706.26540992,2021,23,4,0,700,2569-1196
2539046.23780685,1182645.82975202,2021,72,7,0,700,2539-1182
2539405.23201616,1182388.82094445,2021,72,5,0,700,2539-1182
2568500,1203500,2021,23,2,0,700,2568-1203
2539046.23780685,1182645.82975202,2021,12,4,0,700,2539-1182
2539405.23201616,1182388.82094445,2021,12,5,0,700,2539-1182
2539046.23780685,1182645.82975202,2021,17,2,0,700,2539-1182
2571500,1203500,2023,72,2,0,700,2571-1203
2539046.23780685,1182645.82975202,2022,17,2,0,700,2539-1182
2539046.23780685,1182645.82975202,2021,17,2,0,700,2539-1182
2539046.23780685,1182645.82975202,2021,17,2,0,700,2539-1182
2614460,1269839,2022,17,2,0,700,2614-1269
2569644.55120499,1203073.27749823,2021,23,1,0,700,2569-1203
2539056,1182661,2021,23,2,0,700,2539-1182
2539150,1182663,2023,5,7,0,700,2539-1182
2569500,1203500,2022,5,2,0,700,2569-1203
2660378,1269890,2023,29,2,4,700,2660-1269
2660422,1269907,2023,29,16,1,700,2660-1269
2660183,1269933,2025,29,6,13,700,2660-1269
2571104,1201960,2024,29,2,1,700,2571-1201
2660500,1270500,2024,17,6,0,700,2660-1270
2539046.23780685,1182645.82975202,2022,5,6,0,700,2539-1182
2703052.41330683,1281686.85305131,2022,5,2,0,700,2703-1281
2539405.23201616,1182388.82094445,2022,5,4,0,700,2539-1182
2561323.44015893,1195110.40378658,2025,5,2,0,700,2561-1195
2572882,1202875,2025,17,2,0,700,2572-1202
2660075,1270345,2024,17,6,0,700,2660-1270
2571500,1201500,2024,29,2,2,700,2571-1201
2707500,1279500,2025,29,2,4,700,2707-1279
2707500,1279500,2025,29,2,4,700,2707-1279
2593762,1201646,2025,12,2,0,700,2593-1201
2594029,1201765,2023,12,2,0,700,2594-1201
2570500,1203500,2021,29,2,4,700,2570-1203
2659692,1270867,2024,17,6,0,700,2659-1270
2731112.40876194,1279574.11087361,2021,29,2,13,700,2731-1279
2614000,1268899,2024,17,1,0,700,2614-1268
2702659.41195306,1281914.85080669,2025,29,2,4,700,2702-1281
2731112.40876194,1279574.11087361,2021,29,2,13,700,2731-1279
2660500,1270500,2025,17,4,0,700,2660-1270
2579872,1212247,2023,17,2,0,700,2579-1212
2539046.23780685,1182645.82975202,2022,17,2,0,700,2539-1182
2660500,1270500,2024,17,3,0,700,2660-1270
2660500,1270500,2024,23,10,0,700,2660-1270
2593500,1201500,2023,23,1,0,700,2593-1201
2569500,1203500,2021,23,1,0,700,2569-1203
2614460,1269839,2022,23,1,0,700,2614-1269
2539046.23780685,1182645.82975202,2021,23,2,0,700,2539-1182
2660500,1270500,2022,23,3,0,700,2660-1270
2594500,1201500,2024,23,3,0,700,2594-1201
2670408,1242306,2025,29,2,1,700,2670-1242
2569644.55120499,1203073.27749823,2021,23,1,0,700,2569-1203
2569300,1196837,2021,23,2,4,700,2569-1196
2703500,1282500,2021,23,1,0,700,2703-1282
2660500,1270500,2024,12,3,0,700,2660-1270
2539046.23780685,1182645.82975202,2022,12,2,0,700,2539-1182
2539046.23780685,1182645.82975201,2023,12,8,0,700,2539-1182
2575383.48559548,1257918.33890068,2021,17,3,0,700,2575-1257
2575313.48974961,1258076.3403946,2025,17,4,0,700,2575-1258
2575313.48974961,1258076.34039461,2021,17,6,0,700,2575-1258
2670455,1242493,2024,17,1,0,700,2670-1242
2659864,1270812,2024,23,9,0,700,2659-1270
2670233,1242554,2024,17,1,0,700,2670-1242
2570473,1203190,2025,23,1,0,700,2570-1203
2569192,1196661,2021,23,4,0,700,2569-1196
2659819,1270739,2023,23,7,0,700,2659-1270
2659972,1270348,2025,23,3,1,700,2659-1270
2659416,1271020,2025,23,1,0,700,2659-1271
2575313.48974961,1258076.3403946,2024,23,3,0,700,2575-1258
2594500,1201500,2024,23,3,0,700,2594-1201
2620500,1265500,2022,23,3,5,700,2620-1265
2702659.41195306,1281914.85080669,2025,29,2,4,700,2702-1281
2729500,1275500,2022,29,2,2,700,2729-1275
2560755,1194969,2025,42,4,13,700,2560-1194
2570171.55826185,1203620.27005927,2021,29,2,2,700,2570-1203
2539046.23780685,1182645.82975202,2021,29,2,1,700,2539-1182
2628130.6356088,1268969.73139906,2021,29,4,13,700,2628-1268
2707500,1279500,2025,29,2,4,700,2707-1279
2570500,1203500,2021,29,4,5,700,2570-1203
2659500,1270500,2022,48,,0,700,2659-1270
2660374,1269915,2024,48,,0,700,2660-1269
2660360,1270009,2024,48,,0,700,2660-1270
2539046.23780685,1182645.82975202,2022,17,2,0,700,2539-1182
2660500,1270500,2025,48,,0,700,2660-1270
2594500,1201500,2025,17,2,0,700,2594-1201
2594500,1201500,2023,29,9,13,700,2594-1201
2575383.48559548,1257918.33890068,2022,29,3,13,700,2575-1257
2702659.41195306,1281914.85080669,2025,29,2,4,700,2702-1281
2605510,1261296,2023,29,2,4,700,2605-1261
2570171.55826185,1203620.27005927,2022,23,2,0,700,2570-1203
2702659.41195306,1281914.85080669,2025,29,2,4,700,2702-1281
2658800.07814379,1271799.64196525,2021,23,1,0,700,2658-1271
2659843,1270685,2021,29,11,2,700,2659-1270
2659276,1271217,2025,29,1,2,700,2659-1271
2660500,1270500,2023,48,,0,700,2660-1270
2659783,1270797,2022,29,19,4,700,2659-1270
2575383.48559548,1257918.33890068,2021,23,1,0,700,2575-1257
2533224,1174997,2023,48,2,0,700,2533-1174
2533248.07368523,1174778.94299175,2023,48,2,0,700,2533-1174
2660500,1270500,2021,29,6,2,700,2660-1270
2569500,1203500,2021,29,2,4,700,2569-1203
2593279,1201402,2024,23,2,0,700,2593-1201
2660500,1270500,2022,36,,1,700,2660-1270
2568500,1203500,2021,23,1,0,700,2568-1203
2660410,1269937,2021,54,100,0,700,2660-1269
2614460,1269839,2024,36,2,4,700,2614-1269
2571500,1203500,2023,54,11,0,700,2571-1203
2660500,1270500,2022,54,,0,700,2660-1270
2660500,1270500,2021,36,20,2,700,2660-1270
2660500,1270500,2021,54,,0,700,2660-1270
2660500,1270500,2022,54,40,0,700,2660-1270
2659500,1270500,2025,54,,0,700,2659-1270
2660500,1270500,2022,54,,0,700,2660-1270
2702593,1281812,2023,54,6,0,700,2702-1281
2620500,1265500,2021,36,22,13,700,2620-1265
2729500,1275500,2023,54,1,0,700,2729-1275
2659698,1270716,2022,42,100,1,700,2659-1270
2569316,1203322,2025,54,5,0,700,2569-1203
2575367,1258019,2022,54,1,0,700,2575-1258
2660500,1270500,2023,54,20,0,700,2660-1270
2660500,1270500,2021,54,275,0,700,2660-1270
2660500,1270500,2022,42,,2,700,2660-1270
2539046.23780685,1182645.82975201,2024,60,1,0,700,2539-1182
2729099.48039105,1275600.06245772,2025,60,2,0,700,2729-1275
2539046.23780685,1182645.82975201,2024,60,1,0,700,2539-1182
2729099.48039105,1275600.06245772,2025,60,2,0,700,2729-1275
2539046.23780685,1182645.82975201,2024,60,1,0,700,2539-1182
2729099.48039105,1275600.06245772,2025,60,2,0,700,2729-1275
2569500,1203500,2022,60,15,0,700,2569-1203
2570500,1203500,2025,23,1,0,700,2570-1203
2569067,1202988,2022,60,3,0,700,2569-1202
2539082,1182650,2024,60,1,0,700,2539-1182
2569644.55120499,1203073.27749823,2022,60,2,0,700,2569-1203
2659753,1270904,2025,48,100,0,700,2659-1270
2660500,1270500,2025,60,70,0,700,2660-1270
2660004,1270519,2024,48,150,0,700,2660-1270
2620500,1265500,2021,48,17,0,700,2620-1265
2539046.23780685,1182645.82975202,2022,29,2,1,700,2539-1182
2579335.42108767,1257966.27243106,2022,60,2,0,700,2579-1257
2539046.23780685,1182645.82975201,2023,48,2,0,700,2539-1182
2539046.23780685,1182645.82975201,2023,48,2,0,700,2539-1182
2593500,1201500,2022,66,2,0,700,2593-1201
2560500,1194500,2025,48,1,0,700,2560-1194
2614500,1269500,2025,29,12,13,700,2614-1269
2575383.48559548,1257918.33890068,2023,29,4,19,700,2575-1257
2660500,1270500,2024,48,,0,700,2660-1270
2660500,1270500,2024,29,1,1,700,2660-1270
2539046.23780685,1182645.82975201,2024,66,16,0,700,2539-1182
2539046.23780685,1182645.82975202,2021,66,3,0,700,2539-1182
2539046.23780685,1182645.82975201,2024,66,25,0,700,2539-1182
2539046.23780685,1182645.82975202,2021,66,5,0,700,2539-1182
2614453,1269781,2024,48,1,0,700,2614-1269
2593650,1201645,2023,29,1,2,700,2593-1201
2660500,1270500,2024,66,8,0,700,2660-1270
2729500,1275500,2025,66,12,0,700,2729-1275
2539100,1182650,2024,66,22,0,700,2539-1182
2539096,1182647,2021,66,5,0,700,2539-1182
2594500,1201500,2022,29,2,1,700,2594-1201
2620500,1265500,2022,48,20,0,700,2620-1265
2660500,1270500,2024,48,,0,700,2660-1270
2678500,1261500,2024,54,2,0,700,2678-1261
2678743.88625199,1261738.64812515,2024,54,1,0,700,2678-1261
2660500,1270500,2022,54,,0,700,2660-1270
2660500,1270500,2021,54,,0,700,2660-1270
2731500,1279500,2023,72,2,0,700,2731-1279
2570623,1203162,2021,54,1,0,700,2570-1203
2659369,1271280,2023,54,29,0,700,2659-1271
2707500,1279500,2025,29,2,4,700,2707-1279
2659964,1270341,2021,54,40,0,700,2659-1270
2659302,1271434,2025,54,200,0,700,2659-1271
2659955,1270560,2025,54,11,0,700,2659-1270
2570540,1203278,2025,29,2,4,700,2570-1203
2703009,1281633,2025,29,2,1,700,2703-1281
2729500,1275500,2023,72,7,0,700,2729-1275
2570612,1203419,2025,29,1,2,700,2570-1203
2539046.23780685,1182645.82975201,2024,72,11,0,700,2539-1182
2569442,1203654,2021,54,3,0,700,2569-1203
2569397,1203614,2025,54,5,0,700,2569-1203
2570428,1203138,2025,29,1,2,700,2570-1203
2570500,1203500,2022,72,,0,700,2570-1203
2660500,1270500,2022,72,10,0,700,2660-1270
2660500,1270500,2025,72,34,0,700,2660-1270
2578932,1256878,2022,29,10,13,700,2578-1256
2569500,1203500,2022,72,4,0,700,2569-1203
2569644.55120499,1203073.27749823,2022,72,,0,700,2569-1203
2627500,1268500,2024,54,1,0,700,2627-1268
2707709,1279049,2025,72,140,0,700,2707-1279
2659820,1270721,2021,54,,0,700,2659-1270
2659680,1271074,2025,72,2,0,700,2659-1271
2614460,1269839,2024,54,1,0,700,2614-1269
2571268,1202839,2022,72,11,0,700,2571-1202
2569162,1202878,2022,72,2,0,700,2569-1202
2569000,1202984,2022,72,10,0,700,2569-1202
2569167,1203152,2022,72,12,0,700,2569-1203
2569025,1203074,2022,72,6,0,700,2569-1203
2569129,1203371,2022,72,,0,700,2569-1203
2659770,1270829,2022,60,54,0,700,2659-1270
2659406,1271240,2022,60,3,0,700,2659-1271
2658800.07814379,1271799.64196525,2023,36,2,1,700,2658-1271
2571979.5317557,1202565.23517221,2024,60,4,0,700,2571-1202
2660500,1270500,2021,36,,1,700,2660-1270
2575313.48974961,1258076.3403946,2024,36,14,13,700,2575-1258
2570553.53980193,1202655.26017325,2025,36,2,2,700,2570-1202
2569644.55120499,1203073.27749823,2022,72,24,0,700,2569-1203
2660500,1270500,2022,60,,0,700,2660-1270
2539046.23780685,1182645.82975201,2025,60,1,0,700,2539-1182
2539487,1182101,2021,6,20,0,700,2539-1182
2539033,1182651,2024,6,38,0,700,2539-1182
2539046.23780685,1182645.82975201,2023,60,2,0,700,2539-1182
2539046.23780685,1182645.82975201,2023,60,2,0,700,2539-1182
2539046.23780685,1182645.82975201,2025,6,7,0,700,2539-1182
2570500,1203500,2024,60,15,0,700,2570-1203
2594500,1201500,2024,60,2,0,700,2594-1201
2659500,1270500,2023,60,180,0,700,2659-1270
2659796,1270551,2025,6,32,0,700,2659-1270
2575473,1257911,2025,6,4,0,700,2575-1257
2580500,1212500,2025,6,3,0,700,2580-1212
2614460,1269839,2024,60,1,0,700,2614-1269
2568500,1203500,2025,6,23,0,700,2568-1203
2595500,1201500,2025,6,1,0,700,2595-1201
2656500,1273500,2021,6,2,0,700,2656-1273
2660500,1270500,2021,42,,1,700,2660-1270
2539046.23780685,1182645.82975201,2023,66,2,0,700,2539-1182
2572893,1202900,2025,66,30,0,700,2572-1202
2570571,1203032,2023,66,16,0,700,2570-1203
2729429,1275451,2025,66,10,0,700,2729-1275
2659490,1270939,2023,66,20,0,700,2659-1270
2569703,1203216,2021,6,6,0,700,2569-1203
2568917,1203427,2024,6,15,0,700,2568-1203
2569500,1203500,2023,6,5,0,700,2569-1203
2569500,1203500,2025,6,,0,700,2569-1203
2594500,1201500,2023,6,2,0,700,2594-1201
2569500,1203500,2021,6,,0,700,2569-1203
2575383.48559548,1257918.33890068,2023,42,9,1,700,2575-1257
2530649.55307568,1151052.9731533,2021,66,13,0,700,2530-1151
2568500,1203500,2021,12,7,0,700,2568-1203
2580500,1212500,2024,12,30,0,700,2580-1212
2660379,1270021,2023,42,20,2,700,2660-1270
2569497,1203459,2021,66,21,0,700,2569-1203
2574812.47561496,1256906.34689551,2024,66,1,0,700,2574-1256
2660500,1270500,2023,42,256,2,700,2660-1270
2539409,1182279,2021,12,7,0,700,2539-1182
2539402,1182316,2021,12,3,0,700,2539-1182
2539051,1182855,2023,12,13,0,700,2539-1182
2659727,1270685,2024,66,6,0,700,2659-1270
2539046.23780685,1182645.82975202,2022,12,2,0,700,2539-1182
2539046.23780685,1182645.82975201,2024,12,1,0,700,2539-1182
2660500,1270500,2023,66,,0,700,2660-1270
2660500,1270500,2022,66,14,0,700,2660-1270
2660500,1270500,2024,12,,0,700,2660-1270
2660500,1270500,2024,48,120,0,700,2660-1270
2660500,1270500,2024,66,14,0,700,2660-1270
2569754,1203432,2023,48,3,0,700,2569-1203
2660500,1270500,2023,72,,0,700,2660-1270
2660500,1270500,2025,48,,0,700,2660-1270
2569424,1203627,2023,72,102,0,700,2569-1203
2569500,1203500,2022,72,2,0,700,2569-1203
2660500,1270500,2024,48,,0,700,2660-1270
2539405.23201617,1182388.82094444,2023,72,30,0,700,2539-1182
2569644.55120499,1203073.27749823,2022,72,20,0,700,2569-1203
2570653,1203209,2023,72,14,0,700,2570-1203
2659532,1271093,2025,72,2,0,700,2659-1271
2660500,1270500,2021,48,,0,700,2660-1270
2659519,1271069,2023,72,74,0,700,2659-1271
2569811,1203339,2023,72,14,0,700,2569-1203
2571344,1202978,2022,72,4,0,700,2571-1202
2570985,1203151,2023,72,13,0,700,2570-1203
2539500,1182500,2024,72,15,0,700,2539-1182
2571979.5317557,1202565.23517221,2022,72,6,0,700,2571-1202
2569644.55120499,1203073.27749823,2022,72,20,0,700,2569-1203
2570500,1203500,2024,72,2,0,700,2570-1203
2620500,1265500,2022,72,13,0,700,2620-1265
2659984,1270264,2023,72,11,0,700,2659-1270
2691471,1247564,2021,17,2,0,700,2691-1247
2660500,1270500,2021,17,1,0,700,2660-1270
2539046.23780685,1182645.82975201,2024,6,49,0,700,2539-1182
2539046.23780685,1182645.82975202,2021,6,2,0,700,2539-1182
2539046.23780685,1182645.82975202,2021,6,19,0,700,2539-1182
2539405.23201617,1182388.82094444,2024,6,2,0,700,2539-1182
2605500,1261500,2025,54,2,0,700,2605-1261
2620500,1265500,2021,54,33,0,700,2620-1265
2614460,1269839,2025,6,2,0,700,2614-1269
2570374,1203821,2024,17,2,0,700,2570-1203
2729803,1275392,2024,6,40,0,700,2729-1275
2659313,1271440,2023,6,,0,700,2659-1271
2575383.48559548,1257918.33890068,2021,54,13,0,700,2575-1257
2539046.23780685,1182645.82975201,2023,17,6,0,700,2539-1182
2594762,1201547,2022,54,2,0,700,2594-1201
2569746,1203433,2024,54,2,0,700,2569-1203
2569500,1203500,2025,6,,0,700,2569-1203
2759500,1263500,2024,17,2,0,700,2759-1263
2594381,1201622,2024,1,3,0,700,2594-1201
2660500,1270500,2021,54,,0,700,2660-1270
2660500,1270500,2021,54,,0,700,2660-1270
2570500,1203500,2024,54,1,0,700,2570-1203
2660500,1270500,2023,54,61,0,700,2660-1270
2660500,1270500,2025,60,70,0,700,2660-1270
2660500,1270500,2025,60,70,0,700,2660-1270
2568500,1253500,2022,17,2,0,700,2568-1253
2660500,1270500,2025,60,70,0,700,2660-1270
2660500,1270500,2021,60,,0,700,2660-1270
2659500,1270500,2025,17,1,0,700,2659-1270
2660500,1270500,2025,60,70,0,700,2660-1270
2539046.23780685,1182645.82975202,2021,12,12,0,700,2539-1182
2660500,1270500,2025,60,70,0,700,2660-1270
2572668.59642386,1206566.23665901,2021,12,7,0,700,2572-1206
2569749,1203433,2021,60,11,0,700,2569-1203
2594434,1201651,2023,60,2,0,700,2594-1201
2569644.55120499,1203073.27749822,2024,17,3,0,700,2569-1203
2707816,1279015,2024,60,6,0,700,2707-1279
2614460,1269839,2022,12,2,0,700,2614-1269
2660500,1270500,2025,60,70,0,700,2660-1270
2572385,1204542,2022,60,9,0,700,2572-1204
2659847,1270717,2023,12,20,0,700,2659-1270
2659130,1271587,2022,12,2,0,700,2659-1271
2570506,1203314,2025,24,1,0,700,2570-1203
2660500,1270500,2022,66,14,0,700,2660-1270
2539596,1182014,2021,12,8,0,700,2539-1182
2569605,1203447,2023,66,18,0,700,2569-1203
2620500,1265500,2024,24,4,0,700,2620-1265
2539046.23780685,1182645.82975202,2021,66,3,0,700,2539-1182
2660500,1269500,2021,24,,0,700,2660-1269
2539046.23780685,1182645.82975202,2021,66,3,0,700,2539-1182
2539046.23780685,1182645.82975202,2021,66,5,0,700,2539-1182
2539046.23780685,1182645.82975202,2022,66,14,0,700,2539-1182
2627500,1268500,2021,17,2,0,700,2627-1268
2660500,1270500,2023,17,15,0,700,2660-1270
2569644.55120499,1203073.27749823,2022,72,,0,700,2569-1203
2660500,1270500,2022,72,,0,700,2660-1270
2660500,1270500,2024,17,6,0,700,2660-1270
2570500,1203500,2023,17,2,0,700,2570-1203
2620500,1265500,2022,72,,0,700,2620-1265
2620500,1265500,2024,24,8,13,700,2620-1265
2703158,1281705,2023,17,2,0,700,2703-1281
2620500,1265500,2022,72,12,0,700,2620-1265
2659774,1270778,2024,24,12,0,700,2659-1270
2660500,1270500,2022,24,2,0,700,2660-1270
2614460,1269839,2024,17,1,0,700,2614-1269
2572500,1204500,2023,24,1,0,700,2572-1204
2660500,1270500,2023,17,15,0,700,2660-1270
2572500,1204500,2021,17,2,0,700,2572-1204
2561323.44015893,1195110.40378658,2025,72,2,0,700,2561-1195
2539046.23780685,1182645.82975202,2021,72,7,0,700,2539-1182
2589308.53755816,1208834.98463799,2024,24,2,0,700,2589-1208
2659786,1270842,2024,17,3,0,700,2659-1270
2659947,1270299,2022,17,2,0,700,2659-1270
2660500,1270500,2024,6,4,0,700,2660-1270
2633460,1268879,2025,24,1,0,700,2633-1268
2659677,1270748,2024,17,3,0,700,2659-1270
2659902,1270696,2022,17,2,0,700,2659-1270
2658800.07814379,1271799.64196525,2021,6,4,0,700,2658-1271
2659805,1270691,2022,17,2,0,700,2659-1270
2659735,1270787,2024,17,2,0,700,2659-1270
2660500,1270500,2025,6,,0,700,2660-1270
2539500,1182500,2025,6,7,0,700,2539-1182
2655500,1272500,2024,6,2,0,700,2655-1272
2594443,1201648,2023,30,9,13,700,2594-1201
2569500,1203500,2021,6,72,0,700,2569-1203
2660500,1270500,2025,6,10,0,700,2660-1270
2659500,1270500,2023,6,,0,700,2659-1270
2729500,1275500,2024,30,2,1,700,2729-1275
2539046.23780685,1182645.82975202,2021,12,2,0,700,2539-1182
2569644.55120499,1203073.27749823,2021,12,13,0,700,2569-1203
2575383.48559548,1257918.33890068,2021,12,4,0,700,2575-1257
2570500,1203500,2024,12,2,0,700,2570-1203
2660500,1270500,2021,24,8,0,700,2660-1270
2660500,1270500,2023,24,,0,700,2660-1270
2660500,1270500,2024,12,4,0,700,2660-1270
2539046.23780685,1182645.82975202,2021,30,2,4,700,2539-1182
2660500,1269500,2023,12,40,0,700,2660-1269
2569500,1203500,2021,24,1,0,700,2569-1203
2660500,1270500,2025,30,5,13,700,2660-1270
2592549,1221439,2021,24,1,0,700,2592-1221
2570553.53980193,1202655.26017326,2022,24,2,0,700,2570-1202
2670300.06850856,1242299.56432466,2022,36,3,1,700,2670-1242
2570500,1203500,2021,12,30,0,700,2570-1203
2703052.41330683,1281686.85305131,2022,12,2,0,700,2703-1281
2539046.23780685,1182645.82975202,2022,12,2,0,700,2539-1182
2594106,1201514,2023,17,2,0,700,2594-1201
2539046.23780685,1182645.82975202,2021,17,1,0,700,2539-1182
2660500,1270500,2021,24,7,0,700,2660-1270
2660500,1270500,2022,17,2,0,700,2660-1270
2659820,1270638,2023,24,8,0,700,2659-1270
2575383.48559548,1257918.33890068,2024,17,3,0,700,2575-1257
2569147.44266037,1196706.26540992,2025,36,2,4,700,2569-1196
2660500,1270500,2024,17,5,0,700,2660-1270
2659839,1270829,2021,24,3,0,700,2659-1270
2570404,1203227,2025,24,1,0,700,2570-1203
2660052,1270409,2022,24,2,0,700,2660-1270
2570404,1203227,2025,24,1,0,700,2570-1203
2659866,1270762,2021,24,8,0,700,2659-1270
2570454,1203284,2025,24,1,2,700,2570-1203
2659731,1270876,2023,24,3,0,700,2659-1270
2659596,1271012,2023,24,1,0,700,2659-1271
2594500,1201500,2025,17,3,0,700,2594-1201
2571066,1201927,2025,42,4,4,700,2571-1201
2660500,1270500,2023,17,,0,700,2660-1270
2660500,1270500,2023,17,,0,700,2660-1270
2729500,1275500,2025,30,2,1,700,2729-1275
2660500,1270500,2025,30,1,2,700,2660-1270
2569446,1203627,2022,30,2,4,700,2569-1203
2580090.6502114,1212497.13430467,2021,30,2,1,700,2580-1212
2569496,1203653,2022,30,2,1,700,2569-1203
2659500,1271500,2023,48,,0,700,2659-1271
2660500,1270500,2021,30,3,2,700,2660-1270
2620500,1265500,2023,17,1,0,700,2620-1265
2659351,1271138,2023,48,,0,700,2659-1271
2660043,1270377,2025,48,100,0,700,2660-1270
2660043,1270377,2025,48,100,0,700,2660-1270
2691528,1247627,2021,17,2,0,700,2691-1247
2660043,1270377,2025,48,100,0,700,2660-1270
2660500,1270500,2025,48,,0,700,2660-1270
2660500,1270500,2024,17,2,0,700,2660-1270
2539046.23780685,1182645.82975202,2022,17,2,0,700,2539-1182
2660500,1270500,2022,30,25,2,700,2660-1270
2660500,1270500,2024,17,5,0,700,2660-1270
2660500,1270500,2023,17,8,0,700,2660-1270
2539046.23780685,1182645.82975201,2023,48,2,0,700,2539-1182
2659740,1270661,2023,30,8,2,700,2659-1270
2571251,1201977,2023,30,2,1,700,2571-1201
2569500,1203500,2021,24,1,0,700,2569-1203
2620500,1265500,2022,24,6,6,700,2620-1265
2569500,1203500,2025,24,2,0,700,2569-1203
2670300.06850856,1242299.56432466,2021,30,1,1,700,2670-1242
2660500,1270500,2021,48,,0,700,2660-1270
2620500,1265500,2021,48,20,0,700,2620-1265
2569500,1203500,2025,24,2,0,700,2569-1203
2702659.41195306,1281914.85080669,2023,24,2,0,700,2702-1281
2678743.88625199,1261738.64812515,2023,48,1,0,700,2678-1261
2660357,1269879,2022,48,97,0,700,2660-1269
2660237,1270022,2021,48,130,0,700,2660-1270
2533034,1174861,2023,48,2,0,700,2533-1174
2660500,1270500,2024,30,15,2,700,2660-1270
2570480,1203318,2025,30,14,13,700,2570-1203
2570508,1203354,2025,30,14,13,700,2570-1203
2521796.52596828,1150530.19186093,2021,24,2,0,700,2521-1150
2569424,1203643,2021,54,1,0,700,2569-1203
2659725,1270685,2025,30,5,13,700,2659-1270
2658910,1271655,2025,36,3,1,700,2658-1271
2660500,1270500,2022,24,3,0,700,2660-1270
2660500,1270500,2022,24,2,0,700,2660-1270
2703223,1281738,2025,24,1,0,700,2703-1281
2660201,1270370,2023,54,90,0,700,2660-1270
2659770,1270824,2025,54,40,0,700,2659-1270
2660500,1270500,2022,36,20,1,700,2660-1270
2570500,1203500,2021,54,2,0,700,2570-1203
2660500,1270500,2021,54,,0,700,2660-1270
2539500,1182500,2021,54,2,0,700,2539-1182
2660500,1270500,2022,24,1,0,700,2660-1270
2569500,1203500,2023,54,6,0,700,2569-1203
2660500,1270500,2021,36,,4,700,2660-1270
2620500,1265500,2022,24,6,0,700,2620-1265
2660217,1269914,2021,54,200,0,700,2660-1269
2660500,1270500,2021,24,5,0,700,2660-1270
2660500,1270500,2025,24,4,0,700,2660-1270
2660500,1270500,2024,60,,0,700,2660-1270
2660500,1270500,2023,42,,1,700,2660-1270
2659700,1270723,2025,42,,1,700,2659-1270
2659226,1271503,2025,42,100,2,700,2659-1271
2569488,1203438,2022,60,3,0,700,2569-1203
2569525.56262002,1203696.28167077,2022,60,12,0,700,2569-1203
2570404,1203227,2025,24,1,0,700,2570-1203
2569590,1203238,2025,60,14,0,700,2569-1203
2569056,1203302,2023,60,8,0,700,2569-1203
2569378,1203293,2025,60,9,0,700,2569-1203
2539046.23780685,1182645.82975201,2024,60,2,0,700,2539-1182
2539046.23780685,1182645.82975201,2024,60,1,0,700,2539-1182
2660500,1270500,2022,42,150,2,700,2660-1270
2659484,1270500,2021,42,105,1,700,2659-1270
2539046.23780685,1182645.82975201,2024,60,2,0,700,2539-1182
2660500,1270500,2021,60,25,0,700,2660-1270
2539201,1182788,2024,60,1,0,700,2539-1182
2594462,1201644,2024,30,2,4,700,2594-1201
2704058,1282226,2025,60,2,0,700,2704-1282
2660500,1270500,2023,48,,0,700,2660-1270
2659486,1271194,2022,48,200,0,700,2659-1271
2660138,1270384,2021,48,6,0,700,2660-1270
2659565,1271080,2021,48,2,0,700,2659-1271
2660014,1270556,2021,48,9,0,700,2660-1270
2570500,1203500,2023,48,2,0,700,2570-1203
2568500,1203500,2022,66,15,0,700,2568-1203
2533500,1174500,2023,48,2,0,700,2533-1174
2594661,1201762,2023,30,9,13,700,2594-1201
2594403,1201777,2025,30,2,2,700,2594-1201
2569301,1203323,2022,66,10,0,700,2569-1203
2568900,1203432,2021,66,2,0,700,2568-1203
2539046.23780685,1182645.82975202,2021,30,2,2,700,2539-1182
2575383.48559548,1257918.33890068,2023,30,1,1,700,2575-1257
2660500,1270500,2024,48,,0,700,2660-1270
2539046.23780685,1182645.82975201,2023,66,7,0,700,2539-1182
2569147.44266037,1196706.26540992,2023,66,14,0,700,2569-1196
2729500,1275500,2023,30,2,1,700,2729-1275
2660500,1270500,2023,66,6,0,700,2660-1270
2659634,1270887,2024,48,,0,700,2659-1270
2691523,1247639,2021,30,2,1,700,2691-1247
2660500,1270500,2022,54,150,0,700,2660-1270
2570126,1203736,2023,54,6,0,700,2570-1203
2660500,1270500,2021,54,600,0,700,2660-1270
2620500,1265500,2021,54,20,0,700,2620-1265
2627500,1268500,2022,30,2,1,700,2627-1268
2659363,1271274,2025,54,20,0,700,2659-1271
2660500,1270500,2022,54,,0,700,2660-1270
2660500,1270500,2025,54,,0,700,2660-1270
2570500,1203500,2021,54,2,0,700,2570-1203
2659535,1270839,2025,54,100,0,700,2659-1270
2571853,1203762,2023,72,104,0,700,2571-1203
2569219,1203336,2022,72,7,0,700,2569-1203
2539046.23780685,1182645.82975201,2024,60,1,0,700,2539-1182
2539046.23780685,1182645.82975201,2023,60,2,0,700,2539-1182
2594680,1201498,2022,36,4,2,700,2594-1201
2660500,1270500,2025,72,2,0,700,2660-1270
2575313.48974961,1258076.3403946,2025,36,1,1,700,2575-1258
2569593,1203595,2025,72,15,0,700,2569-1203
2569526,1203646,2025,72,3,0,700,2569-1203
2570582,1203834,2024,72,9,0,700,2570-1203
2614460,1269839,2024,60,1,0,700,2614-1269
2659449,1271313,2025,60,100,0,700,2659-1271
2659709,1270704,2025,60,1,0,700,2659-1270
2571470.53406229,1202564.24394484,2022,72,15,0,700,2571-1202
2569644.55120499,1203073.27749823,2022,72,13,0,700,2569-1203
2660500,1270500,2025,60,123,0,700,2660-1270
2660500,1270500,2023,72,90,0,700,2660-1270
2655500,1272500,2024,60,2,0,700,2655-1272
2570708,1203101,2025,60,7,0,700,2570-1203
2569718,1203372,2024,6,4,0,700,2569-1203
2569750,1203427,2024,6,7,0,700,2569-1203
2569766,1203426,2024,6,3,0,700,2569-1203
2569525.56262002,1203696.28167077,2025,60,20,0,700,2569-1203
2539046.23780685,1182645.82975201,2025,66,4,0,700,2539-1182
2539046.23780685,1182645.82975201,2023,66,7,0,700,2539-1182
2539064,1182790,2024,6,51,0,700,2539-1182
2539061,1182659,2024,6,46,0,700,2539-1182
2539093,1182655,2024,6,53,0,700,2539-1182
2572875,1202902,2025,66,30,0,700,2572-1202
2561323.44015893,1195110.40378658,2025,42,3,1,700,2561-1195
2660500,1270500,2022,42,150,2,700,2660-1270
2660500,1270500,2025,48,,0,700,2660-1270
2539046.23780685,1182645.82975202,2022,6,6,0,700,2539-1182
2539405.23201617,1182388.82094444,2025,6,7,0,700,2539-1182
2539046.23780685,1182645.82975201,2024,6,30,0,700,2539-1182
2660500,1270500,2023,48,50,0,700,2660-1270
2729099.48039105,1275600.06245772,2021,12,1,0,700,2729-1275
2571367,1203153,2024,12,2,0,700,2571-1203
2678500,1261500,2023,48,1,0,700,2678-1261
2570130,1203081,2022,12,3,0,700,2570-1203
2659500,1270500,2023,48,,0,700,2659-1270
2569500,1203500,2022,12,5,0,700,2569-1203
2660500,1270500,2025,48,,0,700,2660-1270
2569805,1203391,2022,12,2,0,700,2569-1203
2569748,1203449,2025,12,,0,700,2569-1203
2627565,1268395,2023,48,21,0,700,2627-1268
2660500,1270500,2025,48,,0,700,2660-1270
2560500,1194500,2025,48,1,0,700,2560-1194
2560500,1194500,2025,12,7,0,700,2560-1194
2533144.07716398,1174938.94579795,2023,48,2,0,700,2533-1174
2660500,1270500,2025,72,2,0,700,2660-1270
2660500,1270500,2024,48,,0,700,2660-1270
2570500,1203500,2021,48,8,0,700,2570-1203
2660500,1270500,2024,48,300,0,700,2660-1270
2570500,1203500,2023,72,105,0,700,2570-1203
2660500,1270500,2021,48,,0,700,2660-1270
2660500,1270500,2023,72,,0,700,2660-1270
2539046.23780685,1182645.82975201,2023,72,34,0,700,2539-1182
2539405.23201617,1182388.82094444,2023,72,11,0,700,2539-1182
2659783,1270554,2023,72,2,0,700,2659-1270
2570505,1203146,2023,72,40,0,700,2570-1203
2659701,1270721,2025,72,,0,700,2659-1270
2570500,1203500,2021,54,2,0,700,2570-1203
2660500,1270500,2023,54,60,0,700,2660-1270
2660500,1269500,2021,54,200,0,700,2660-1269
2569549,1203745,2023,54,12,0,700,2569-1203
2594678,1201604,2023,54,2,0,700,2594-1201
2659547,1270881,2025,72,2,0,700,2659-1270
2659704,1270931,2023,72,17,0,700,2659-1270
2571292,1202800,2022,72,3,0,700,2571-1202
2570921,1202741,2022,72,12,0,700,2570-1202
2614450.91388358,1269819.83646281,2021,54,5,0,700,2614-1269
2702432,1281810,2022,12,2,0,700,2702-1281
2614460,1269839,2022,72,2,0,700,2614-1269
2569500,1203500,2025,54,4,0,700,2569-1203
2660500,1270500,2021,54,600,0,700,2660-1270
2660500,1270500,2023,72,15,0,700,2660-1270
2580500,1212500,2024,72,2,0,700,2580-1212
2729500,1275500,2021,72,4,0,700,2729-1275
2660500,1270500,2023,60,48,0,700,2660-1270
2570500,1203500,2025,60,16,0,700,2570-1203
2660500,1270500,2021,18,1,0,700,2660-1270
2575383.48559548,1257918.33890068,2024,60,2,0,700,2575-1257
2594869,1201449,2022,60,4,0,700,2594-1201
2660500,1270500,2021,18,1,0,700,2660-1270
2660500,1270500,2023,6,160,0,700,2660-1270
2594434,1201651,2023,60,2,0,700,2594-1201
2660500,1270500,2021,60,25,0,700,2660-1270
2570500,1203500,2021,60,10,0,700,2570-1203
2660500,1270500,2021,18,3,0,700,2660-1270
2620500,1265500,2022,18,34,0,700,2620-1265
2594476,1201665,2023,18,4,0,700,2594-1201
2569500,1203500,2022,6,46,0,700,2569-1203
2539046.23780685,1182645.82975201,2024,6,54,0,700,2539-1182
2539046.23780685,1182645.82975201,2024,6,54,0,700,2539-1182
2539046.23780685,1182645.82975201,2024,6,54,0,700,2539-1182
2539046.23780685,1182645.82975201,2024,6,45,0,700,2539-1182
2539046.23780685,1182645.82975201,2023,60,2,0,700,2539-1182
2614450.91388358,1269819.83646281,2021,60,2,0,700,2614-1269
2569748,1203439,2024,6,9,0,700,2569-1203
2707479,1279081,2021,60,18,0,700,2707-1279
2660500,1270500,2025,18,1,0,700,2660-1270
2539195,1182793,2024,6,22,0,700,2539-1182
2729500,1275500,2024,6,30,0,700,2729-1275
2594745,1201599,2023,66,2,0,700,2594-1201
2594911,1201163,2023,66,2,0,700,2594-1201
2706385,1279794,2022,66,2,0,700,2706-1279
2569123,1196714,2022,12,2,0,700,2569-1196
2659843,1270444,2022,12,7,0,700,2659-1270
2580500,1212500,2024,12,,0,700,2580-1212
2660500,1270500,2022,12,7,0,700,2660-1270
2571979.5317557,1202565.23517221,2022,12,9,0,700,2571-1202
2572500,1202500,2025,66,28,0,700,2572-1202
2594500,1201500,2021,12,2,0,700,2594-1201
2570553.53980193,1202655.26017326,2022,18,5,0,700,2570-1202
2580500,1212500,2023,66,4,0,700,2580-1212
2703469,1282207,2025,66,35,0,700,2703-1282
2539161,1182664,2023,66,7,0,700,2539-1182
2539046.23780685,1182645.82975202,2021,12,15,0,700,2539-1182
2539046.23780685,1182645.82975202,2021,12,10,0,700,2539-1182
2539046.23780685,1182645.82975202,2021,66,8,0,700,2539-1182
2539046.23780685,1182645.82975202,2022,66,14,0,700,2539-1182
2660500,1270500,2024,72,40,0,700,2660-1270
2569757,1203428,2023,72,25,0,700,2569-1203
2660500,1270500,2025,24,2,0,700,2660-1270
2659713,1270701,2024,12,4,0,700,2659-1270
2659581,1270337,2022,12,7,0,700,2659-1270
2614418,1269749,2021,12,2,0,700,2614-1269
2614460,1269839,2024,18,2,0,700,2614-1269
2614456,1269819,2024,18,1,0,700,2614-1269
2660500,1270500,2023,18,,0,700,2660-1270
2569482,1203633,2023,72,20,0,700,2569-1203
2570500,1203500,2022,18,4,0,700,2570-1203
2539046.23780685,1182645.82975202,2021,24,3,0,700,2539-1182
2659520,1270926,2023,18,15,0,700,2659-1270
2572500,1203500,2023,72,93,0,700,2572-1203
2659500,1270500,2024,72,15,0,700,2659-1270
2703171,1281718,2022,72,1,0,700,2703-1281
2570500,1203500,2025,72,40,0,700,2570-1203
2660500,1269500,2024,24,1,0,700,2660-1269
2627500,1268500,2025,24,6,0,700,2627-1268
2570431,1203899,2023,24,2,0,700,2570-1203
2660500,1270500,2022,72,,0,700,2660-1270
2707058,1279163,2024,72,3,0,700,2707-1279
2562286.39369109,1192738.37801519,2021,24,1,0,700,2562-1192
2539046.23780685,1182645.82975202,2021,72,7,0,700,2539-1182
2539046.23780685,1182645.82975202,2021,72,5,0,700,2539-1182
2539046.23780685,1182645.82975202,2021,6,26,0,700,2539-1182
2759759,1263294,2025,6,4,0,700,2759-1263
2593714,1201732,2022,6,2,0,700,2593-1201
2569500,1203500,2022,6,7,0,700,2569-1203
2660500,1270500,2023,30,15,2,700,2660-1270
2660500,1270500,2023,30,20,2,700,2660-1270
2570552,1202661,2022,30,2,1,700,2570-1202
2729099.48039105,1275600.06245772,2024,6,100,0,700,2729-1275
2707978.43052865,1279123.88268705,2024,6,10,0,700,2707-1279
2660430,1269900,2023,30,14,2,700,2660-1269
2579335.42108767,1257966.27243106,2021,30,6,2,700,2579-1257
2572864,1202855,2024,18,2,0,700,2572-1202
2561323.44015893,1195110.40378658,2021,6,21,0,700,2561-1195
2660500,1270500,2021,30,6,2,700,2660-1270
2539046.23780685,1182645.82975202,2022,6,6,0,700,2539-1182
2613930,1269339,2025,24,2,4,700,2613-1269
2614460,1269839,2025,24,2,4,700,2614-1269
2614460,1269839,2022,24,1,0,700,2614-1269
2614460,1269839,2023,24,1,0,700,2614-1269
2614460,1269839,2021,24,1,2,700,2614-1269
2539046.23780685,1182645.82975202,2021,30,2,1,700,2539-1182
2539046.23780685,1182645.82975202,2021,30,2,1,700,2539-1182
2539046.23780685,1182645.82975202,2021,12,18,0,700,2539-1182
2539046.23780685,1182645.82975201,2023,30,2,1,700,2539-1182
2539046.23780685,1182645.82975201,2023,30,2,6,700,2539-1182
2569147.44266037,1196706.26540992,2022,30,8,13,700,2569-1196
2660409,1269901,2023,30,2,2,700,2660-1269
2569500,1203500,2023,30,1,2,700,2569-1203
2539046.23780685,1182645.82975202,2021,24,3,0,700,2539-1182
2593500,1201500,2023,24,1,0,700,2593-1201
2579500,1212500,2024,12,80,0,700,2579-1212
2670193,1242415,2022,24,1,0,700,2670-1242
2659801,1270808,2025,24,4,0,700,2659-1270
2659716,1270679,2023,24,1,0,700,2659-1270
2659728,1270873,2023,24,8,0,700,2659-1270
2659967,1270291,2022,24,2,0,700,2659-1270
2728440.3713799,1280910.09081375,2024,24,2,0,700,2728-1280
2660500,1270500,2022,18,4,0,700,2660-1270
2561103,1195027,2021,36,3,19,700,2561-1195
2539046.23780685,1182645.82975202,2021,18,9,0,700,2539-1182
2660500,1270500,2025,18,7,0,700,2660-1270
2660500,1270500,2022,42,,1,700,2660-1270
2628130.6356088,1268969.73139906,2021,30,2,2,700,2628-1268
2570553.53980193,1202655.26017325,2023,30,1,1,700,2570-1202
2659336,1271356,2023,30,3,2,700,2659-1271
2659807,1270801,2023,30,7,2,700,2659-1270
2594751,1201596,2025,18,1,0,700,2594-1201
2614460,1269839,2024,30,3,13,700,2614-1269
2614460,1269839,2021,30,4,4,700,2614-1269
2691739,1247596,2022,18,2,0,700,2691-1247
2620500,1265500,2023,30,14,13,700,2620-1265
2539046.23780685,1182645.82975202,2022,30,2,1,700,2539-1182
2660500,1270500,2024,30,6,2,700,2660-1270
2660500,1270500,2021,18,1,0,700,2660-1270
2660500,1270500,2023,30,10,2,700,2660-1270
2660500,1269500,2022,30,7,3,700,2660-1269
2571176,1203029,2023,18,2,0,700,2571-1203
2660500,1270500,2025,30,8,13,700,2660-1270
2660500,1270500,2023,30,25,4,700,2660-1270
2570553.53980193,1202655.26017325,2023,42,1,1,700,2570-1202
2539046.23780685,1182645.82975201,2023,30,2,1,700,2539-1182
2539095,1182649,2022,18,2,0,700,2539-1182
2660500,1270500,2021,48,60,0,700,2660-1270
2539046.23780685,1182645.82975202,2022,18,2,0,700,2539-1182
2660603,1269705,2021,48,,0,700,2660-1269
2660216,1269911,2023,48,150,0,700,2660-1269
2660216,1269911,2023,48,150,0,700,2660-1269
2660218,1269913,2025,48,,0,700,2660-1269
2533068,1174781,2023,48,2,0,700,2533-1174
2533180,1174923,2023,48,2,0,700,2533-1174
2570781,1202839,2022,30,2,2,700,2570-1202
2533205,1174879,2023,48,2,0,700,2533-1174
2660329,1269556,2025,48,,0,700,2660-1269
2678832.88349803,1261967.64914997,2023,48,1,0,700,2678-1261
2568882,1203436,2021,48,8,0,700,2568-1203
2678515.88908633,1261671.64722243,2023,48,1,0,700,2678-1261
2660500,1270500,2022,36,,1,700,2660-1270
2660500,1270500,2022,48,,0,700,2660-1270
2660357,1269955,2023,54,50,0,700,2660-1269
2627500,1268500,2023,54,5,0,700,2627-1268
2660500,1270500,2023,54,,0,700,2660-1270
2575313.48974961,1258076.3403946,2024,24,1,0,700,2575-1258
2575313.48974961,1258076.3403946,2025,24,2,0,700,2575-1258
2575313.48974961,1258076.3403946,2023,24,6,0,700,2575-1258
2575383.48559548,1257918.33890068,2021,24,4,0,700,2575-1257
2670500,1242500,2022,36,9,2,700,2670-1242
2594500,1201500,2023,36,9,13,700,2594-1201
2594386,1201668,2023,54,2,0,700,2594-1201
2660500,1270500,2025,54,,0,700,2660-1270
2594500,1201500,2021,54,2,0,700,2594-1201
2569147.44266037,1196706.26540992,2021,54,6,0,700,2569-1196
2660500,1270500,2025,42,100,2,700,2660-1270
2660500,1270500,2021,42,134,1,700,2660-1270
2560500,1194500,2025,42,1,2,700,2560-1194
2660500,1270500,2021,42,60,2,700,2660-1270
2583006,1194117,2022,24,2,4,700,2583-1194
2570553.53980193,1202655.26017325,2023,42,2,1,700,2570-1202
2570553.53980193,1202655.26017325,2023,42,2,2,700,2570-1202
2569749,1203430,2025,54,3,0,700,2569-1203
2594514,1201498,2021,54,2,0,700,2594-1201
2627500,1268500,2021,24,1,0,700,2627-1268
2569769,1203431,2024,54,2,0,700,2569-1203
2660500,1270500,2021,42,,1,700,2660-1270
2660500,1270500,2021,24,3,0,700,2660-1270
2569627,1203734,2022,60,9,0,700,2569-1203
2729099.48039105,1275600.06245772,2021,60,7,0,700,2729-1275
2539046.23780685,1182645.82975201,2024,60,2,0,700,2539-1182
2539046.23780685,1182645.82975201,2024,60,1,0,700,2539-1182
2659745,1270765,2022,42,100,1,700,2659-1270
2660500,1270500,2025,60,,0,700,2660-1270
2659500,1270500,2024,60,13,0,700,2659-1270
2660500,1270500,2024,60,30,0,700,2660-1270
2660500,1270500,2024,24,2,0,700,2660-1270
2569500,1203500,2024,60,4,0,700,2569-1203
2539101,1182651,2024,60,1,0,700,2539-1182
2660500,1270500,2023,30,,1,700,2660-1270
2570500,1203500,2022,30,3,1,700,2570-1203
2660500,1270500,2024,60,30,0,700,2660-1270
2660500,1270500,2025,48,,0,700,2660-1270
2579335.42108767,1257966.27243105,2024,60,3,0,700,2579-1257
2660500,1270500,2023,30,10,2,700,2660-1270
2614460,1269839,2024,48,1,0,700,2614-1269
2659204,1271443,2025,48,5,0,700,2659-1271
2659759,1270914,2025,48,40,0,700,2659-1270
2659705,1270712,2022,48,,0,700,2659-1270
2659430,1271220,2021,48,20,0,700,2659-1271
2729500,1275500,2023,48,9,0,700,2729-1275
2569506,1203499,2022,67,13,0,700,2569-1203
2729099.48039105,1275600.06245772,2023,67,7,0,700,2729-1275
2539046.23780685,1182645.82975201,2024,67,20,0,700,2539-1182
2539046.23780685,1182645.82975201,2025,67,11,0,700,2539-1182
2660380,1269956,2021,48,160,0,700,2660-1269
2575313.48974961,1258076.3403946,2025,30,1,2,700,2575-1258
2570500,1203500,2022,67,,0,700,2570-1203
2660500,1270500,2023,30,2,1,700,2660-1270
2627997,1268586,2024,67,60,0,700,2627-1268
2659291,1271471,2024,48,,0,700,2659-1271
2659961,1270285,2022,48,,0,700,2659-1270
2659980,1270275,2021,48,,0,700,2659-1270
2572803,1202979,2025,67,26,0,700,2572-1202
2572633,1204617,2024,67,2,0,700,2572-1204
2570500,1203500,2022,67,23,0,700,2570-1203
2593827,1201643,2022,30,2,1,700,2593-1201
2660500,1270500,2023,67,,0,700,2660-1270
2660500,1270500,2022,48,60,0,700,2660-1270
2539046.23780685,1182645.82975202,2022,30,2,1,700,2539-1182
2569500,1203500,2021,67,19,0,700,2569-1203
2570171.55826185,1203620.27005927,2025,30,2,13,700,2570-1203
2660500,1270500,2024,48,,0,700,2660-1270
2570488,1203390,2025,30,13,13,700,2570-1203
2569500,1203500,2025,73,1,0,700,2569-1203
2539046.23780685,1182645.82975202,2022,30,2,1,700,2539-1182
2570500,1203500,2023,73,100,0,700,2570-1203
2729099.48039105,1275600.06245772,2021,73,21,0,700,2729-1275
2539405.23201617,1182388.82094444,2024,73,2,0,700,2539-1182
2539271.2361141,1182576.82448572,2023,73,27,0,700,2539-1182
2570500,1203500,2025,54,2,0,700,2570-1203
2620788,1265285,2024,73,2,0,700,2620-1265
2659860,1270569,2021,54,,0,700,2659-1270
2570172,1203135,2023,54,8,0,700,2570-1203
2660500,1270500,2024,36,4,1,700,2660-1270
2660500,1270500,2022,36,,1,700,2660-1270
2560500,1194500,2025,36,4,13,700,2560-1194
2569500,1203500,2023,73,113,0,700,2569-1203
2627500,1268500,2023,60,25,0,700,2627-1268
2659825,1270736,2025,73,2,0,700,2659-1270
2659873,1270585,2023,73,,0,700,2659-1270
2571876,1203790,2023,73,40,0,700,2571-1203
2571871,1203813,2023,73,20,0,700,2571-1203
2569014,1203283,2022,73,2,0,700,2569-1203
2575393,1257899,2021,73,4,0,700,2575-1257
2575400,1257972,2025,73,2,0,700,2575-1257
2570500,1203500,2021,60,4,0,700,2570-1203
2570500,1203500,2024,6,,0,700,2570-1203
2539046.23780685,1182645.82975202,2022,6,6,0,700,2539-1182
2539046.23780685,1182645.82975201,2024,6,54,0,700,2539-1182
2575313.48974961,1258076.3403946,2024,42,10,13,700,2575-1258
2614460,1269839,2024,60,1,0,700,2614-1269
2539070,1182785,2023,60,2,0,700,2539-1182
2570500,1203500,2022,60,11,0,700,2570-1203
2569500,1203500,2024,60,4,0,700,2569-1203
2569500,1203500,2021,60,20,0,700,2569-1203
2659421,1271308,2024,60,12,0,700,2659-1271
2659898,1270662,2022,60,25,0,700,2659-1270
2659881,1270377,2024,60,30,0,700,2659-1270
2659500,1270500,2023,60,,0,700,2659-1270
2539046.23780685,1182645.82975202,2022,67,12,0,700,2539-1182
2539046.23780685,1182645.82975201,2024,67,20,0,700,2539-1182
2569500,1196500,2025,6,2,0,700,2569-1196
2729500,1275500,2024,6,4,0,700,2729-1275
2729500,1275500,2025,6,13,0,700,2729-1275
2569500,1203500,2023,48,3,0,700,2569-1203
2569147.44266037,1196706.26540992,2022,12,2,0,700,2569-1196
2539046.23780685,1182645.82975202,2021,12,10,0,700,2539-1182
2659559,1270997,2024,67,40,0,700,2659-1270
2659841,1270790,2025,67,2,0,700,2659-1270
2659365,1271372,2025,67,30,0,700,2659-1271
2575383.48559548,1257918.33890068,2021,48,1,0,700,2575-1257
2569752,1203419,2025,73,15,0,700,2569-1203
2570500,1203500,2023,73,,0,700,2570-1203
2580444,1212687,2022,73,5,0,700,2580-1212
2569469,1203665,2023,73,12,0,700,2569-1203
2569580,1203707,2023,73,5,0,700,2569-1203
2569500,1203500,2021,73,1,0,700,2569-1203
2569407,1203608,2021,12,2,0,700,2569-1203
2660500,1270500,2022,12,8,0,700,2660-1270
2594500,1201500,2023,73,2,0,700,2594-1201
2539046.23780685,1182645.82975201,2023,73,19,0,700,2539-1182
2570171.55826185,1203620.27005927,2023,73,50,0,700,2570-1203
2560500,1194500,2025,48,1,0,700,2560-1194
2660500,1270500,2022,48,,0,700,2660-1270
2729500,1275500,2023,73,13,0,700,2729-1275
2660500,1270500,2024,73,,0,700,2660-1270
2569027,1203273,2021,12,6,0,700,2569-1203
2570500,1203500,2024,12,2,0,700,2570-1203
2659963,1270613,2025,73,2,0,700,2659-1270
2594771,1201537,2022,54,4,0,700,2594-1201
2627500,1268500,2025,18,29,0,700,2627-1268
2575383.48559548,1257918.33890068,2021,54,8,0,700,2575-1257
2575383.48559548,1257918.33890068,2023,54,2,0,700,2575-1257
2570500,1203500,2024,73,19,0,700,2570-1203
2568500,1203500,2022,73,37,0,700,2568-1203
2659597,1271086,2025,73,16,0,700,2659-1271
2659813,1270875,2022,73,28,0,700,2659-1270
2659692,1270954,2023,6,110,0,700,2659-1270
2655500,1272500,2021,54,5,0,700,2655-1272
2660500,1270500,2023,54,48,0,700,2660-1270
2706500,1279500,2024,6,2,0,700,2706-1279
2539091,1182646,2022,18,2,0,700,2539-1182
2571500,1203500,2023,54,10,0,700,2571-1203
2614460,1269839,2024,6,2,0,700,2614-1269
2660500,1270500,2025,6,18,0,700,2660-1270
2539046.23780685,1182645.82975201,2024,6,56,0,700,2539-1182
2539137,1182681,2024,6,60,0,700,2539-1182
2539046,1182645,2024,6,30,0,700,2539-1182
2631627,1268725,2024,6,9,0,700,2631-1268
2570500,1203500,2025,18,2,0,700,2570-1203
2569500,1203500,2022,60,,0,700,2569-1203
2575383.48559548,1257918.33890068,2023,18,1,0,700,2575-1257
2660500,1270500,2025,18,4,0,700,2660-1270
2660500,1270500,2025,60,60,0,700,2660-1270
2569500,1203500,2024,60,4,0,700,2569-1203
2614460,1269839,2023,12,1,0,700,2614-1269
2614180,1269499,2022,12,2,0,700,2614-1269
2771319,1183808,2021,60,4,0,700,2771-1183
2570500,1203500,2025,12,2,0,700,2570-1203
2570373,1202594,2022,18,5,0,700,2570-1202
2569360,1203304,2025,18,,0,700,2569-1203
2659716,1270732,2024,12,8,0,700,2659-1270
2569500,1203500,2024,60,4,0,700,2569-1203
2579504.41469552,1257766.26930523,2022,18,,0,700,2579-1257
2570500,1203042,2025,12,18,0,700,2570-1203
2660500,1270500,2023,60,,0,700,2660-1270
2579504.41469552,1257766.26930523,2022,18,,0,700,2579-1257
2659851,1270550,2022,18,,0,700,2659-1270
2579335.42108767,1257966.27243106,2022,60,3,0,700,2579-1257
2570500,1203500,2022,12,2,0,700,2570-1203
2594387,1201662,2021,67,2,0,700,2594-1201
2569500,1203500,2022,67,16,0,700,2569-1203
2691531,1247668,2022,24,1,0,700,2691-1247
2691537,1247669,2022,24,1,0,700,2691-1247
2575313.48974961,1258076.3403946,2025,24,17,13,700,2575-1258
2561500,1195500,2025,12,8,0,700,2561-1195
2659570,1270609,2025,12,2,0,700,2659-1270
2659738,1270779,2025,12,4,0,700,2659-1270
2539046.23780685,1182645.82975202,2021,12,16,0,700,2539-1182
2729500,1275500,2023,67,7,0,700,2729-1275
2660500,1270500,2024,24,10,0,700,2660-1270
2570500,1203500,2022,67,35,0,700,2570-1203
2660500,1270500,2021,67,6,0,700,2660-1270
2539046.23780685,1182645.82975202,2021,67,8,0,700,2539-1182
2627500,1268500,2021,24,2,0,700,2627-1268
2707040,1279393,2021,67,2,0,700,2707-1279
2631460,1270403,2022,73,2,0,700,2631-1270
2660500,1270500,2024,24,5,0,700,2660-1270
2593209,1201209,2022,73,3,0,700,2593-1201
2614460,1269839,2023,18,2,0,700,2614-1269
2614460,1269839,2025,18,1,0,700,2614-1269
2569133,1203364,2025,24,1,0,700,2569-1203
2570500,1203500,2021,18,3,0,700,2570-1203
2594697,1201746,2023,73,2,0,700,2594-1201
2570171.55826185,1203620.27005927,2024,73,10,0,700,2570-1203
2659335,1271116,2025,18,1,0,700,2659-1271
2659783,1270556,2023,18,13,0,700,2659-1270
2659173,1271467,2023,18,3,0,700,2659-1271
2570500,1203500,2023,24,4,0,700,2570-1203
2659982,1270330,2021,18,1,0,700,2659-1270
2729495,1275668,2021,18,8,0,700,2729-1275
2568500,1203500,2022,73,20,0,700,2568-1203
2731469,1279172,2024,73,50,0,700,2731-1279
2570500,1203500,2022,73,30,0,700,2570-1203
2703159,1281705,2022,73,12,0,700,2703-1281
2660692,1269868,2023,24,4,0,700,2660-1269
2660500,1270500,2022,73,,0,700,2660-1270
2539046.23780685,1182645.82975202,2021,73,7,0,700,2539-1182
2580111,1212526,2022,73,5,0,700,2580-1212
2746114,1268272,2021,18,1,0,700,2746-1268
2575383.48559548,1257918.33890068,2023,30,12,19,700,2575-1257
2620500,1265500,2021,30,10,13,700,2620-1265
2568500,1203500,2022,6,3,0,700,2568-1203
2707500,1279500,2023,6,4,0,700,2707-1279
2660500,1270500,2023,6,150,0,700,2660-1270
2659989,1270617,2024,18,4,0,700,2659-1270
2660500,1270500,2023,30,17,2,700,2660-1270
2660500,1270500,2023,18,15,0,700,2660-1270
2593407,1201327,2023,30,2,4,700,2593-1201
2539046.23780685,1182645.82975202,2021,6,23,0,700,2539-1182
2569483,1203653,2022,30,2,4,700,2569-1203
2539046.23780685,1182645.82975201,2024,30,2,2,700,2539-1182
2660500,1270500,2024,6,70,0,700,2660-1270
2569757,1202563,2021,30,1,1,700,2569-1202
2691500,1247500,2022,18,2,0,700,2691-1247
2570500,1203500,2021,18,3,0,700,2570-1203
2660500,1270500,2021,18,1,0,700,2660-1270
2660500,1270500,2023,6,150,0,700,2660-1270
2570553.53980193,1202655.26017326,2022,18,5,0,700,2570-1202
2627500,1268500,2021,6,2,0,700,2627-1268
2660500,1270500,2024,30,6,1,700,2660-1270
2572153,1204354,2021,6,2,0,700,2572-1204
2539153,1182684,2024,6,56,0,700,2539-1182
2660500,1270500,2023,30,20,2,700,2660-1270
2659500,1270500,2022,24,,0,700,2659-1270
2660500,1270500,2024,6,70,0,700,2660-1270
2575291,1257934,2022,30,1,2,700,2575-1257
2571077,1201931,2023,30,1,1,700,2571-1201
2703052.41330683,1281686.85305131,2022,6,2,0,700,2703-1281
2539046.23780685,1182645.82975202,2022,6,6,0,700,2539-1182
2569250,1196678,2022,24,2,0,700,2569-1196
2580500,1212500,2024,6,100,0,700,2580-1212
2728500,1280500,2022,12,11,0,700,2728-1280
2593500,1201500,2024,12,2,0,700,2593-1201
2593500,1201500,2024,12,4,0,700,2593-1201
2614474,1269870,2025,24,1,0,700,2614-1269
2614460,1269839,2022,24,1,0,700,2614-1269
2614460,1269839,2024,24,1,0,700,2614-1269
2614460,1269839,2021,24,1,0,700,2614-1269
2620500,1265500,2021,24,17,13,700,2620-1265
2660500,1270500,2025,24,5,0,700,2660-1270
2569500,1203500,2022,24,2,0,700,2569-1203
2570847,1203014,2022,24,2,0,700,2570-1203
2729803,1275549,2023,24,1,0,700,2729-1275
2560500,1194500,2025,36,4,13,700,2560-1194
2660288,1269863,2025,36,50,2,700,2660-1269
2620717.75996161,1265315.77940843,2024,12,2,0,700,2620-1265
2729500,1275500,2025,24,2,0,700,2729-1275
2595549,1201397,2025,12,2,0,700,2595-1201
2561500,1195500,2025,12,8,0,700,2561-1195
2660500,1270500,2022,12,11,0,700,2660-1270
2539046.23780685,1182645.82975202,2022,12,2,0,700,2539-1182
2660500,1269500,2021,42,25,2,700,2660-1269
2580500,1212500,2022,12,2,0,700,2580-1212
2570553.53980193,1202655.26017326,2021,18,1,0,700,2570-1202
2670500,1242500,2022,24,1,0,700,2670-1242
2539046.23780685,1182645.82975202,2021,24,2,0,700,2539-1182
2660500,1270500,2022,48,,0,700,2660-1270
2593710,1201615,2021,18,2,0,700,2593-1201
2593671,1201710,2021,18,2,0,700,2593-1201
2594771,1201539,2023,18,2,0,700,2594-1201
2593117,1201356,2025,18,2,0,700,2593-1201
2594750,1201602,2023,18,2,0,700,2594-1201
2660500,1270500,2022,48,,0,700,2660-1270
2660500,1270500,2023,30,15,1,700,2660-1270
2660500,1270500,2021,48,,0,700,2660-1270
2660500,1270500,2021,48,,0,700,2660-1270
2660500,1270500,2025,48,,0,700,2660-1270
2659500,1270500,2022,48,30,0,700,2659-1270
2570500,1203500,2023,30,1,1,700,2570-1203
2572060.52564182,1202227.23266409,2023,30,2,13,700,2572-1202
2659500,1270500,2021,48,90,0,700,2659-1270
2729500,1275500,2025,30,2,1,700,2729-1275
2614435,1269819,2025,30,13,13,700,2614-1269
2658500,1271500,2025,18,2,0,700,2658-1271
2659926,1270324,2023,30,15,2,700,2659-1270
2660500,1270500,2024,48,250,0,700,2660-1270
2539046.23780685,1182645.82975202,2022,18,2,0,700,2539-1182
2660500,1270500,2024,30,6,4,700,2660-1270
2660500,1270500,2023,30,,2,700,2660-1270
2660500,1270500,2025,55,,0,700,2660-1270
2660025,1270527,2025,55,46,0,700,2660-1270
2659823,1270766,2023,55,7,0,700,2659-1270
2670500,1242500,2023,18,1,0,700,2670-1242
2620500,1265500,2021,18,2,0,700,2620-1265
2631633,1270585,2021,18,1,0,700,2631-1270
2660500,1270500,2025,18,2,0,700,2660-1270
2660500,1270500,2022,18,2,0,700,2660-1270
2660500,1270500,2025,55,,0,700,2660-1270
2659930,1270608,2023,30,20,2,700,2659-1270
2579335.42108767,1257966.27243105,2023,55,15,0,700,2579-1257
2539046.23780685,1182645.82975202,2022,18,2,0,700,2539-1182
2570114,1203739,2023,55,3,0,700,2570-1203
2594411,1201612,2023,55,2,0,700,2594-1201
2561115,1195276,2025,55,1,0,700,2561-1195
2660500,1270500,2022,18,2,0,700,2660-1270
2539046.23780685,1182645.82975201,2024,55,1,0,700,2539-1182
2571281,1203213,2024,24,2,0,700,2571-1203
2660355,1269860,2022,55,,0,700,2660-1269
2660368,1270140,2023,55,40,0,700,2660-1270
2614418,1269810,2025,36,11,13,700,2614-1269
2660500,1270500,2025,61,50,0,700,2660-1270
2569620,1203733,2022,61,7,0,700,2569-1203
2707682,1279053,2022,61,21,0,700,2707-1279
2579335.42108767,1257966.27243105,2024,61,2,0,700,2579-1257
2660500,1269500,2025,61,,0,700,2660-1269
2660500,1270500,2021,42,,2,700,2660-1270
2620500,1265500,2021,42,2,2,700,2620-1265
2594418,1201661,2023,24,2,0,700,2594-1201
2569500,1203500,2022,61,,0,700,2569-1203
2659967,1270565,2021,42,28,2,700,2659-1270
2660500,1270500,2024,61,,0,700,2660-1270
2539046.23780685,1182645.82975201,2024,61,1,0,700,2539-1182
2746500,1268500,2022,24,1,0,700,2746-1268
2660500,1270500,2021,67,25,0,700,2660-1270
2659745,1270650,2024,42,1,1,700,2659-1270
2575313.48974961,1258076.3403946,2024,42,10,13,700,2575-1258
2707731,1279021,2021,67,10,0,700,2707-1279
2569134,1203101,2021,67,3,0,700,2569-1203
2539046.23780685,1182645.82975202,2021,67,8,0,700,2539-1182
2539046.23780685,1182645.82975201,2025,67,4,0,700,2539-1182
2539046.23780685,1182645.82975201,2024,67,22,0,700,2539-1182
2569147.44266037,1196706.26540992,2022,67,1,0,700,2569-1196
2539062,1182685,2021,67,5,0,700,2539-1182
2620500,1265500,2021,24,15,13,700,2620-1265
2660500,1270500,2022,48,,0,700,2660-1270
2729500,1275500,2025,67,30,0,700,2729-1275
2539046.23780685,1182645.82975201,2023,48,2,0,700,2539-1182
2660096,1270441,2023,48,,0,700,2660-1270
2659009,1270140,2025,48,200,0,700,2659-1270
2660500,1270500,2025,24,5,0,700,2660-1270
2660500,1270500,2021,48,100,0,700,2660-1270
2660500,1270500,2021,48,,0,700,2660-1270
2569107,1196683,2021,48,1,0,700,2569-1196
2614460,1269839,2024,48,1,0,700,2614-1269
2580500,1212500,2022,73,5,0,700,2580-1212
2593931,1201648,2021,30,6,13,700,2593-1201
2593906,1201636,2024,30,1,2,700,2593-1201
2594841,1201375,2023,30,2,2,700,2594-1201
2660500,1270500,2025,73,10,0,700,2660-1270
2620500,1265500,2021,48,15,0,700,2620-1265
2670104,1242512,2023,30,2,1,700,2670-1242
2569046,1203221,2021,73,7,0,700,2569-1203
2569131,1203373,2022,73,13,0,700,2569-1203
2568511,1203500,2022,73,11,0,700,2568-1203
2568953,1203295,2022,73,40,0,700,2568-1203
2569815,1203584,2023,73,,0,700,2569-1203
2620500,1265500,2021,30,6,13,700,2620-1265
2580516,1212736,2022,73,5,0,700,2580-1212
2569525.56262002,1203696.28167077,2022,73,,0,700,2569-1203
2580090.6502114,1212497.13430467,2022,73,3,0,700,2580-1212
2660500,1270500,2023,73,57,0,700,2660-1270
2659285,1271187,2025,55,,0,700,2659-1271
2659767,1270790,2023,55,7,0,700,2659-1270
2659502,1271217,2025,55,,0,700,2659-1271
2659287,1271454,2025,55,20,0,700,2659-1271
2659306,1271397,2023,55,30,0,700,2659-1271
2569602,1203733,2022,73,3,0,700,2569-1203
2569558,1203730,2022,73,2,0,700,2569-1203
2580398,1212626,2022,73,4,0,700,2580-1212
2660205,1270347,2021,55,,0,700,2660-1270
2569525.56262002,1203696.28167077,2022,73,10,0,700,2569-1203
2575383.48559548,1257918.33890068,2021,30,6,13,700,2575-1257
2678743.88625199,1261738.64812515,2024,55,,0,700,2678-1261
2569500,1203500,2025,73,,0,700,2569-1203
2620500,1265500,2021,55,21,0,700,2620-1265
2570500,1203500,2025,55,1,0,700,2570-1203
2569500,1203500,2023,73,12,0,700,2569-1203
2569147.44266037,1196706.26540992,2022,73,2,0,700,2569-1196
2539046.23780685,1182645.82975201,2024,73,2,0,700,2539-1182
2660500,1270500,2024,55,,0,700,2660-1270
2660500,1270500,2023,73,,0,700,2660-1270
2539046.23780685,1182645.82975201,2024,55,1,0,700,2539-1182
2539046.23780685,1182645.82975201,2024,55,1,0,700,2539-1182
2660500,1270500,2023,30,,1,700,2660-1270
2659500,1270500,2023,30,,2,700,2659-1270
2660500,1269500,2022,73,92,0,700,2660-1269
2660500,1270500,2025,55,40,0,700,2660-1270
2660500,1270500,2025,55,,0,700,2660-1270
2539035,1182612,2022,73,25,0,700,2539-1182
2594433,1201645,2023,30,9,13,700,2594-1201
2660500,1270500,2025,73,2,0,700,2660-1270
2539419,1182557,2024,55,1,0,700,2539-1182
2660500,1270500,2023,30,,2,700,2660-1270
2570172,1203667,2025,6,70,0,700,2570-1203
2691595,1247679,2021,30,2,1,700,2691-1247
2691571,1247695,2021,30,2,1,700,2691-1247
2660500,1270500,2024,6,,0,700,2660-1270
2570500,1203500,2021,6,20,0,700,2570-1203
2614460,1269839,2023,61,2,0,700,2614-1269
2569500,1203500,2022,6,17,0,700,2569-1203
2539046.23780685,1182645.82975202,2022,30,2,1,700,2539-1182
2660500,1270500,2023,30,12,4,700,2660-1270
2579335.42108767,1257966.27243105,2023,6,2,0,700,2579-1257
2570171.55826185,1203620.27005927,2023,61,2,0,700,2570-1203
2539046.23780685,1182645.82975201,2023,61,2,0,700,2539-1182
2572780,1204498,2025,6,63,0,700,2572-1204
2539027,1182773,2022,6,7,0,700,2539-1182
2572654,1204576,2025,6,3,0,700,2572-1204
2539030,1182725,2025,6,10,0,700,2539-1182
2660500,1270500,2023,61,,0,700,2660-1270
2539057,1182810,2025,6,10,0,700,2539-1182
2703135,1281699,2023,6,15,0,700,2703-1281
2702559,1281798,2023,6,8,0,700,2702-1281
2539046.23780685,1182645.82975201,2024,6,,0,700,2539-1182
2539046.23780685,1182645.82975201,2024,6,,0,700,2539-1182
2539046.23780685,1182645.82975202,2022,6,6,0,700,2539-1182
2539046.23780685,1182645.82975201,2024,6,,0,700,2539-1182
2539046.23780685,1182645.82975201,2025,6,7,0,700,2539-1182
2539046.23780685,1182645.82975201,2024,6,52,0,700,2539-1182
2569147.44266037,1196706.26540992,2022,6,2,0,700,2569-1196
2575313.48974961,1258076.3403946,2024,6,4,0,700,2575-1258
2660500,1270500,2025,61,,0,700,2660-1270
2569382,1203298,2024,12,3,0,700,2569-1203
2569389,1203310,2023,18,,0,700,2569-1203
2575339,1257997,2025,18,1,0,700,2575-1257
2659715,1270848,2023,67,8,0,700,2659-1270
2655500,1272500,2021,67,8,0,700,2655-1272
2539046.23780685,1182645.82975202,2021,67,5,0,700,2539-1182
2539046.23780685,1182645.82975201,2023,67,24,0,700,2539-1182
2660500,1270500,2024,18,,0,700,2660-1270
2655500,1272500,2021,42,4,4,700,2655-1272
2569500,1203500,2024,18,2,0,700,2569-1203
2660500,1270500,2023,67,,0,700,2660-1270
2660500,1270500,2025,42,,4,700,2660-1270
2569644.55120499,1203073.27749822,2022,73,5,0,700,2569-1203
2662918,1273651,2024,73,83,0,700,2662-1273
2659607,1271054,2025,73,12,0,700,2659-1271
2660500,1270500,2021,42,,4,700,2660-1270
2594500,1201500,2022,48,3,0,700,2594-1201
2659500,1270500,2022,18,4,0,700,2659-1270
2580500,1212500,2022,73,6,0,700,2580-1212
2569500,1203500,2022,73,,0,700,2569-1203
2570171.55826185,1203620.27005927,2025,73,,0,700,2570-1203
2539046.23780685,1182645.82975201,2023,73,40,0,700,2539-1182
2580500,1212500,2022,73,3,0,700,2580-1212
2660500,1270500,2023,18,,0,700,2660-1270
2660500,1270500,2021,48,250,0,700,2660-1270
2722836,1281381,2023,18,2,0,700,2722-1281
2660500,1270500,2022,48,,0,700,2660-1270
2569584,1203723,2024,18,3,0,700,2569-1203
2569500,1203500,2022,73,15,0,700,2569-1203
2575383.48559548,1257918.33890068,2023,18,4,0,700,2575-1257
2569500,1203500,2022,73,10,0,700,2569-1203
2702652,1281978,2024,18,2,4,700,2702-1281
2569486,1203670,2023,55,3,0,700,2569-1203
2660500,1270500,2023,24,4,0,700,2660-1270
2539046.23780685,1182645.82975202,2021,6,28,0,700,2539-1182
2614460,1269839,2024,6,2,0,700,2614-1269
2659519,1271193,2023,6,30,0,700,2659-1271
2570171.55826185,1203620.27005927,2025,55,2,0,700,2570-1203
2659338,1271153,2025,6,6,0,700,2659-1271
2660500,1270500,2025,55,100,0,700,2660-1270
2570737,1202813,2022,24,2,0,700,2570-1202
2570500,1202500,2023,55,2,0,700,2570-1202
2571470.53406229,1202564.24394483,2023,6,2,0,700,2571-1202
2570500,1203500,2022,6,25,0,700,2570-1203
2660500,1270500,2025,6,8,0,700,2660-1270
2539046.23780685,1182645.82975201,2024,6,65,0,700,2539-1182
2539046.23780685,1182645.82975202,2022,6,6,0,700,2539-1182
2569500,1203500,2021,6,60,0,700,2569-1203
2560500,1194500,2025,55,1,0,700,2560-1194
2570500,1203500,2025,6,,0,700,2570-1203
2570171.55826185,1203620.27005927,2021,61,2,0,700,2570-1203
2562434,1192784,2022,24,1,0,700,2562-1192
2569500,1203500,2024,12,3,0,700,2569-1203
2659445,1270476,2024,12,3,0,700,2659-1270
2707746,1279064,2023,61,1,0,700,2707-1279
2728440.3713799,1280910.09081375,2024,12,2,0,700,2728-1280
2660500,1270500,2024,61,,0,700,2660-1270
2728446,1280930,2024,18,2,0,700,2728-1280
2614450.91388358,1269819.8364628,2025,24,1,0,700,2614-1269
2569617,1203715,2023,24,1,0,700,2569-1203
2569587,1203704,2023,24,1,0,700,2569-1203
2655500,1272500,2021,67,13,0,700,2655-1272
2731112.40876194,1279574.11087361,2021,30,1,1,700,2731-1279
2539046.23780685,1182645.82975202,2021,18,5,0,700,2539-1182
2539046.23780685,1182645.82975202,2021,67,5,0,700,2539-1182
2614460,1269839,2022,18,1,0,700,2614-1269
2614460,1269839,2023,18,2,0,700,2614-1269
2660500,1270500,2025,18,1,0,700,2660-1270
2569820,1203242,2025,30,1,1,700,2569-1203
2620500,1265500,2021,67,70,0,700,2620-1265
2570500,1203500,2024,18,5,0,700,2570-1203
2660032,1270547,2025,18,2,0,700,2660-1270
2539046.23780685,1182645.82975202,2021,30,5,1,700,2539-1182
2539046.23780685,1182645.82975202,2021,67,8,0,700,2539-1182
2703052.41330683,1281686.85305131,2021,67,16,0,700,2703-1281
2660256,1269925,2024,30,8,2,700,2660-1269
2570500,1202500,2024,30,1,2,700,2570-1202
2568500,1203500,2022,73,6,0,700,2568-1203
2569500,1203500,2024,73,2,0,700,2569-1203
2569500,1203500,2022,73,23,0,700,2569-1203
2620500,1265500,2021,30,,13,700,2620-1265
2570500,1203500,2022,73,,0,700,2570-1203
2660500,1270500,2022,73,,0,700,2660-1270
2569753,1203436,2022,30,2,1,700,2569-1203
2569500,1203500,2022,73,4,0,700,2569-1203
2570474,1202653,2021,18,1,0,700,2570-1202
2575313.48974961,1258076.3403946,2025,30,7,13,700,2575-1258
2569703,1203251,2023,18,2,0,700,2569-1203
2659951,1270550,2025,18,2,0,700,2659-1270
2569400,1203464,2023,73,,0,700,2569-1203
2570500,1203500,2025,30,14,13,700,2570-1203
2570500,1203500,2022,73,10,0,700,2570-1203
2589308.53755816,1208834.98463799,2025,30,5,4,700,2589-1208
2579335.42108767,1257966.27243106,2022,30,8,13,700,2579-1257
2575313.48974961,1258076.3403946,2023,30,17,19,700,2575-1258
2660500,1270500,2023,73,57,0,700,2660-1270
2539046.23780685,1182645.82975202,2021,73,7,0,700,2539-1182
2539046.23780685,1182645.82975202,2021,73,7,0,700,2539-1182
2594827,1201327,2023,73,6,0,700,2594-1201
2594762,1201632,2023,73,4,0,700,2594-1201
2593589,1201760,2024,6,1,0,700,2593-1201
2575463,1257890,2021,36,4,1,700,2575-1257
2593500,1201500,2021,36,6,13,700,2593-1201
2670300.06850856,1242299.56432466,2022,36,5,2,700,2670-1242
2620500,1265500,2021,24,16,0,700,2620-1265
2670300.06850856,1242299.56432466,2022,36,5,1,700,2670-1242
2561068,1194997,2021,36,3,2,700,2561-1194
2539500,1182500,2025,6,7,0,700,2539-1182
2659500,1270500,2024,6,10,0,700,2659-1270
2660500,1270500,2025,6,6,0,700,2660-1270
2539046.23780685,1182645.82975201,2024,6,52,0,700,2539-1182
2539046.23780685,1182645.82975202,2021,6,30,0,700,2539-1182
2614460,1269839,2022,24,1,0,700,2614-1269
2572716,1204511,2025,6,3,0,700,2572-1204
2580500,1212500,2023,6,10,0,700,2580-1212
2570500,1203500,2023,24,1,0,700,2570-1203
2660500,1270500,2023,24,6,0,700,2660-1270
2539046.23780685,1182645.82975202,2022,6,6,0,700,2539-1182
2539046.23780685,1182645.82975202,2022,6,6,0,700,2539-1182
2539046.23780685,1182645.82975202,2021,6,31,0,700,2539-1182
2659624,1270801,2022,24,1,0,700,2659-1270
2575313.48974961,1258076.3403946,2024,12,2,0,700,2575-1258
2660500,1270500,2022,42,,1,700,2660-1270
2660500,1270500,2024,24,,0,700,2660-1270
2575383.48559548,1257918.33890068,2024,24,1,0,700,2575-1257
2728440.3713799,1280910.09081376,2021,24,1,0,700,2728-1280
2660200,1270350,2023,49,200,0,700,2660-1270
2660013,1270529,2023,49,18,0,700,2660-1270
2660500,1270500,2025,18,1,0,700,2660-1270
2570553.53980193,1202655.26017326,2022,18,3,0,700,2570-1202
2570553.53980193,1202655.26017326,2021,18,1,0,700,2570-1202
2575383.48559548,1257918.33890068,2024,18,4,0,700,2575-1257
2593651,1201747,2021,18,2,0,700,2593-1201
2593860,1201780,2022,18,2,0,700,2593-1201
2660593,1269645,2022,49,1,0,700,2660-1269
2570500,1203500,2021,49,2,0,700,2570-1203
2660500,1270500,2022,49,,0,700,2660-1270
2571446,1203402,2021,49,6,0,700,2571-1203
2728500,1280500,2021,24,2,0,700,2728-1280
2595561,1201328,2024,18,4,0,700,2595-1201
2707500,1279500,2023,18,2,0,700,2707-1279
2569500,1203500,2023,18,2,0,700,2569-1203
2594500,1201500,2021,24,3,0,700,2594-1201
2660500,1269500,2021,49,,0,700,2660-1269
2569500,1203500,2022,24,2,0,700,2569-1203
2569500,1203500,2023,24,1,0,700,2569-1203
2660500,1270500,2023,24,6,0,700,2660-1270
2614506,1269831,2022,18,2,0,700,2614-1269
2670117,1242490,2023,18,1,0,700,2670-1242
2660500,1270500,2023,30,,2,700,2660-1270
2569448,1203631,2022,30,2,4,700,2569-1203
2659500,1270500,2022,18,2,0,700,2659-1270
2569500,1203500,2023,49,4,0,700,2569-1203
2670264,1242484,2023,30,2,2,700,2670-1242
2670000,1242780,2023,30,2,2,700,2670-1242
2660500,1270500,2023,49,,0,700,2660-1270
2660500,1270500,2022,18,4,0,700,2660-1270
2660500,1269500,2021,30,21,2,700,2660-1269
2569500,1203500,2021,18,2,0,700,2569-1203
2729500,1275500,2023,55,4,0,700,2729-1275
2539159,1182671,2023,18,2,0,700,2539-1182
2568928,1203165,2023,55,17,0,700,2568-1203
2658561,1272093,2022,30,2,2,700,2658-1272
2659853,1270651,2024,30,7,2,700,2659-1270
2678743.88625199,1261738.64812515,2024,55,,0,700,2678-1261
2729697,1275726,2024,30,2,1,700,2729-1275
2729499,1275450,2023,30,2,1,700,2729-1275
2539046.23780685,1182645.82975202,2022,18,2,0,700,2539-1182
2570485,1203420,2025,30,14,13,700,2570-1203
2570738,1203102,2022,30,1,2,700,2570-1203
2670300.06850856,1242299.56432465,2023,30,2,1,700,2670-1242
2660500,1270500,2024,18,5,0,700,2660-1270
2746500,1268500,2022,18,2,0,700,2746-1268
2660500,1270500,2022,30,10,2,700,2660-1270
2569394,1203629,2025,55,1,0,700,2569-1203
2560500,1194500,2021,24,2,0,700,2560-1194
2569644.55120499,1203073.27749822,2023,55,5,0,700,2569-1203
2575313.48974961,1258076.3403946,2023,24,4,0,700,2575-1258
2575313.48974961,1258076.34039461,2021,24,2,0,700,2575-1258
2659862,1270736,2021,61,5,0,700,2659-1270
2569500,1203500,2022,24,2,0,700,2569-1203
2539046.23780685,1182645.82975201,2024,61,6,0,700,2539-1182
2670300.06850856,1242299.56432466,2022,36,5,1,700,2670-1242
2579335.42108767,1257966.27243105,2024,61,2,0,700,2579-1257
2579335.42108767,1257966.27243106,2022,61,2,0,700,2579-1257
2659788,1270576,2024,36,5,1,700,2659-1270
2560500,1194500,2025,36,1,2,700,2560-1194
2569431,1203401,2025,67,20,0,700,2569-1203
2539046.23780685,1182645.82975201,2024,67,24,0,700,2539-1182
2660500,1270500,2025,42,,1,700,2660-1270
2691553,1247684,2021,24,2,0,700,2691-1247
2691484,1247605,2022,24,1,0,700,2691-1247
2707500,1279500,2023,67,2,0,700,2707-1279
2660500,1270500,2025,67,,0,700,2660-1270
2614450.91388358,1269819.8364628,2025,24,14,13,700,2614-1269
2569500,1203500,2023,24,2,0,700,2569-1203
2660500,1270500,2024,24,12,0,700,2660-1270
2660500,1270500,2022,24,3,0,700,2660-1270
2594713,1201544,2021,24,3,0,700,2594-1201
2539097,1182649,2025,67,4,0,700,2539-1182
2575313.48974961,1258076.3403946,2024,42,10,13,700,2575-1258
2594717,1201510,2023,67,2,0,700,2594-1201
2614460,1269839,2024,42,1,2,700,2614-1269
2660500,1270500,2023,73,,0,700,2660-1270
2678743.88625199,1261738.64812515,2025,30,7,2,700,2678-1261
2660500,1269500,2022,30,25,2,700,2660-1269
2703217,1281705,2022,73,2,0,700,2703-1281
2569644.55120499,1203073.27749823,2022,30,1,1,700,2569-1203
2570500,1203500,2024,30,4,1,700,2570-1203
2580090.6502114,1212497.13430467,2022,73,2,0,700,2580-1212
2539405.23201617,1182388.82094444,2024,73,2,0,700,2539-1182
2594500,1201500,2022,30,2,1,700,2594-1201
2539046.23780685,1182645.82975201,2023,49,4,0,700,2539-1182
2539046.23780685,1182645.82975201,2023,49,2,0,700,2539-1182
2620500,1265500,2021,30,8,13,700,2620-1265
2660021,1270546,2022,49,30,0,700,2660-1270
2570500,1203500,2025,49,3,0,700,2570-1203
2729500,1275500,2023,73,4,0,700,2729-1275
2570500,1203500,2025,73,1,0,700,2570-1203
2569772,1203421,2024,73,4,0,700,2569-1203
2659711,1270725,2025,55,,0,700,2659-1270
2570058,1203206,2023,55,14,0,700,2570-1203
2660041,1270560,2021,55,150,0,700,2660-1270
2569500,1203500,2025,55,1,0,700,2569-1203
2670500,1242500,2023,30,2,2,700,2670-1242
2539046.23780685,1182645.82975202,2022,30,2,1,700,2539-1182
2660500,1270500,2023,6,120,0,700,2660-1270
2678743.88625199,1261738.64812515,2024,55,2,0,700,2678-1261
2539046.23780685,1182645.82975202,2022,6,11,0,700,2539-1182
2539046.23780685,1182645.82975201,2024,6,,0,700,2539-1182
2539046.23780685,1182645.82975201,2023,6,10,0,700,2539-1182
2620500,1265500,2021,55,17,0,700,2620-1265
2575313.48974961,1258076.3403946,2024,36,13,13,700,2575-1258
2579974,1212522,2024,6,123,0,700,2579-1212
2539075,1182817,2023,6,27,0,700,2539-1182
2659753,1270872,2021,55,170,0,700,2659-1270
2659754,1270650,2025,55,,0,700,2659-1270
2660500,1270500,2022,6,4,0,700,2660-1270
2660500,1270500,2025,6,4,0,700,2660-1270
2572500,1204500,2025,6,25,0,700,2572-1204
2660500,1270500,2024,36,6,1,700,2660-1270
2703500,1282500,2021,6,2,0,700,2703-1282
2579504.41469552,1257766.26930523,2023,6,1,0,700,2579-1257
2660500,1270500,2022,6,4,0,700,2660-1270
2759770,1263354,2023,36,4,2,700,2759-1263
2614460,1269839,2024,61,1,0,700,2614-1269
2658801,1272248,2023,6,4,0,700,2658-1272
2614460,1269839,2023,61,2,0,700,2614-1269
2614460,1269839,2025,61,1,0,700,2614-1269
2659336,1271303,2023,61,,0,700,2659-1271
2659500,1270500,2022,6,4,0,700,2659-1270
2659793,1270826,2021,61,16,0,700,2659-1270
2659661,1271009,2022,61,10,0,700,2659-1271
2659368,1271304,2021,61,3,0,700,2659-1271
2659370,1271192,2022,61,,0,700,2659-1271
2659787,1270829,2022,61,50,0,700,2659-1270
2659778,1270482,2021,61,20,0,700,2659-1270
2659344,1271141,2025,61,,0,700,2659-1271
2659609,1271088,2021,61,3,0,700,2659-1271
2660000,1270570,2021,61,1,0,700,2660-1270
2659986,1270604,2022,61,15,0,700,2659-1270
2660500,1270500,2021,42,60,2,700,2660-1270
2660500,1270500,2024,61,40,0,700,2660-1270
2594600,1201702,2025,1,1,0,700,2594-1201
2703052.41330683,1281686.85305131,2022,18,2,0,700,2703-1281
2575313.48974961,1258076.3403946,2023,61,3,0,700,2575-1258
2659422,1271049,2022,61,25,0,700,2659-1271
2539046.23780685,1182645.82975201,2023,61,2,0,700,2539-1182
2570500,1203500,2024,67,23,0,700,2570-1203
2614460,1269839,2025,67,2,0,700,2614-1269
2660500,1270500,2024,49,,0,700,2660-1270
2572730,1204228,2022,18,2,0,700,2572-1204
2660122,1270040,2025,18,2,0,700,2660-1270
2729891,1275416,2025,67,5,0,700,2729-1275
2572638,1202891,2025,67,41,0,700,2572-1202
2662781,1273648,2025,67,,0,700,2662-1273
2572794,1202920,2025,67,30,0,700,2572-1202
2569500,1203500,2025,49,2,0,700,2569-1203
2660500,1270500,2025,67,60,0,700,2660-1270
2570500,1203500,2025,49,2,0,700,2570-1203
2572801,1202850,2025,67,41,0,700,2572-1202
2570974,1202866,2024,67,20,0,700,2570-1202
2659709,1270906,2025,67,,0,700,2659-1270
2659871,1270419,2025,67,6,0,700,2659-1270
2659753,1270636,2025,67,50,0,700,2659-1270
2660500,1270500,2025,18,1,0,700,2660-1270
2691503,1247556,2021,18,2,0,700,2691-1247
2660500,1270500,2021,18,1,0,700,2660-1270
2655500,1272500,2023,67,22,0,700,2655-1272
2580090.6502114,1212497.13430467,2023,67,2,0,700,2580-1212
2539046.23780685,1182645.82975202,2021,67,8,0,700,2539-1182
2539046.23780685,1182645.82975201,2023,67,25,0,700,2539-1182
2539046.23780685,1182645.82975201,2023,73,1,0,700,2539-1182
2570171.55826185,1203620.27005927,2023,73,,0,700,2570-1203
2539046.23780685,1182645.82975201,2023,73,1,0,700,2539-1182
2660500,1270500,2023,49,180,0,700,2660-1270
2570669,1203160,2025,24,1,0,700,2570-1203
2659500,1270500,2024,55,100,0,700,2659-1270
2660500,1270500,2025,55,,0,700,2660-1270
2614460,1269839,2023,73,2,0,700,2614-1269
2659708,1270718,2023,73,110,0,700,2659-1270
2729012,1275466,2025,73,10,0,700,2729-1275
2571179,1203110,2023,55,20,0,700,2571-1203
2594658,1201684,2021,55,2,0,700,2594-1201
2660500,1269500,2024,24,6,0,700,2660-1269
2660500,1270500,2023,24,4,0,700,2660-1270
2569459,1203647,2023,55,12,0,700,2569-1203
2659793,1270546,2025,73,,0,700,2659-1270
2575383.48559548,1257918.33890068,2021,55,1,0,700,2575-1257
2539700,1182105,2024,73,7,0,700,2539-1182
2533141,1174964,2024,55,1,0,700,2533-1174
2660500,1270500,2025,55,180,0,700,2660-1270
2627500,1268500,2021,24,2,0,700,2627-1268
2729500,1275500,2023,24,3,0,700,2729-1275
2539046.23780685,1182645.82975201,2024,6,62,0,700,2539-1182
2539405.23201617,1182388.82094444,2024,6,2,0,700,2539-1182
2539405.23201617,1182388.82094444,2024,6,7,0,700,2539-1182
2539046.23780685,1182645.82975201,2024,6,63,0,700,2539-1182
2660500,1270500,2022,6,,0,700,2660-1270
2659322,1270378,2023,6,14,0,700,2659-1270
2659708,1270705,2022,6,1,0,700,2659-1270
2707660,1279023,2022,61,15,0,700,2707-1279
2569525.56262002,1203696.28167077,2025,61,10,0,700,2569-1203
2659839,1270218,2024,6,3,0,700,2659-1270
2659852,1270716,2022,6,4,0,700,2659-1270
2729042,1275629,2022,6,4,0,700,2729-1275
2659272,1271462,2023,6,,0,700,2659-1271
2569754,1203439,2022,61,1,0,700,2569-1203
2660500,1270500,2025,6,4,0,700,2660-1270
2659500,1271500,2025,61,,0,700,2659-1271
2594500,1201500,2022,61,5,0,700,2594-1201
2660500,1269500,2022,6,5,0,700,2660-1269
2614450.91388358,1269819.8364628,2025,61,1,0,700,2614-1269
2572727,1204032,2025,61,4,0,700,2572-1204
2569500,1203500,2023,61,15,0,700,2569-1203
2631505,1270501,2024,61,4,0,700,2631-1270
2659847,1270696,2022,6,4,0,700,2659-1270
2659752,1270257,2024,6,6,0,700,2659-1270
2570500,1203500,2022,24,3,0,700,2570-1203
2660500,1270500,2023,24,6,0,700,2660-1270
2611450,1270749,2025,67,2,0,700,2611-1270
2569644.55120499,1203073.27749823,2022,67,24,0,700,2569-1203
2569500,1203622,2023,67,15,0,700,2569-1203
2660500,1270500,2024,18,5,0,700,2660-1270
2594500,1201500,2022,18,4,0,700,2594-1201
2631475,1270477,2025,67,2,0,700,2631-1270
2729099.48039105,1275600.06245772,2023,30,2,1,700,2729-1275
2539046.23780685,1182645.82975201,2024,30,1,1,700,2539-1182
2575313.48974961,1258076.3403946,2025,67,2,0,700,2575-1258
2660500,1270500,2023,67,25,0,700,2660-1270
2539405.23201616,1182388.82094445,2022,67,18,0,700,2539-1182
2660500,1270500,2021,18,3,0,700,2660-1270
2539046.23780685,1182645.82975201,2023,18,2,0,700,2539-1182
2539046.23780685,1182645.82975202,2021,18,7,0,700,2539-1182
2614460,1269839,2025,18,1,0,700,2614-1269
2707621,1279032,2022,73,22,0,700,2707-1279
2614460,1269839,2024,18,1,0,700,2614-1269
2614450.91388358,1269819.8364628,2025,30,13,13,700,2614-1269
2659790,1270788,2024,18,6,0,700,2659-1270
2659318,1271503,2024,18,2,0,700,2659-1271
2659333,1271159,2024,18,2,0,700,2659-1271
2659594,1270435,2025,18,3,0,700,2659-1270
2570536,1203373,2025,18,2,0,700,2570-1203
2659472,1271208,2024,18,2,0,700,2659-1271
2660401,1269876,2021,30,3,2,700,2660-1269
2614000,1268899,2023,18,2,0,700,2614-1268
2569644.55120499,1203073.27749822,2025,73,1,0,700,2569-1203
2670500,1242500,2022,37,5,1,700,2670-1242
2707478,1279093,2024,73,9,0,700,2707-1279
2660500,1270500,2022,73,30,0,700,2660-1270
2659500,1270500,2024,18,2,0,700,2659-1270
2539046.23780685,1182645.82975202,2021,73,7,0,700,2539-1182
2593500,1201500,2022,37,2,4,700,2593-1201
2539046.23780685,1182645.82975202,2022,6,19,0,700,2539-1182
2620500,1265500,2021,24,14,13,700,2620-1265
2660500,1270500,2021,6,1,0,700,2660-1270
2660500,1270500,2021,24,3,0,700,2660-1270
2660500,1270500,2021,24,5,0,700,2660-1270
2727500,1280500,2022,43,2,1,700,2727-1280
2569104,1196660,2023,6,2,0,700,2569-1196
2660500,1270500,2024,24,12,0,700,2660-1270
2707341,1279227,2022,6,26,0,700,2707-1279
2614373,1269796,2025,24,10,13,700,2614-1269
2614382,1269812,2024,24,4,13,700,2614-1269
2539148,1182665,2022,6,11,0,700,2539-1182
2539134,1182635,2023,6,30,0,700,2539-1182
2614460,1269839,2025,24,12,13,700,2614-1269
2614450.91388358,1269819.83646281,2021,6,2,0,700,2614-1269
2569610,1203701,2025,43,3,2,700,2569-1203
2593340,1201390,2022,6,2,0,700,2593-1201
2539046.23780685,1182645.82975202,2022,6,12,0,700,2539-1182
2539046.23780685,1182645.82975202,2022,6,11,0,700,2539-1182
2660219,1269917,2021,43,7,1,700,2660-1269
2660500,1270500,2022,43,,1,700,2660-1270
2572845,1202919,2022,24,1,0,700,2572-1202
2659982,1270569,2023,24,1,0,700,2659-1270
2659783,1270799,2023,24,1,0,700,2659-1270
2729714,1275535,2024,24,2,0,700,2729-1275
2572777,1202857,2024,24,1,0,700,2572-1202
2659921,1270615,2022,24,2,0,700,2659-1270
2659920,1270532,2022,24,2,0,700,2659-1270
2627500,1268500,2025,18,16,0,700,2627-1268
2539031,1182760,2023,49,5,0,700,2539-1182
2660500,1270500,2021,49,200,0,700,2660-1270
2575383.48559548,1257918.33890068,2024,18,3,0,700,2575-1257
2660500,1270500,2025,49,,0,700,2660-1270
2659500,1271500,2025,49,30,0,700,2659-1271
2659500,1270500,2021,49,120,0,700,2659-1270
2659500,1271500,2025,18,1,0,700,2659-1271
2660500,1269500,2023,49,,0,700,2660-1269
2620500,1265500,2022,18,22,5,700,2620-1265
2691500,1247500,2021,18,2,0,700,2691-1247
2660500,1270500,2025,24,1,0,700,2660-1270
2593602,1201592,2025,18,2,0,700,2593-1201
2660500,1270500,2023,24,4,0,700,2660-1270
2570500,1203500,2025,24,1,0,700,2570-1203
2631779,1268697,2023,24,2,4,700,2631-1268
2660500,1270500,2021,18,1,0,700,2660-1270
2660010,1270584,2024,30,5,2,700,2660-1270
2660500,1270500,2024,18,5,0,700,2660-1270
2659500,1270500,2021,49,80,0,700,2659-1270
2660500,1270500,2024,30,6,2,700,2660-1270
2691483,1247625,2021,18,2,0,700,2691-1247
2660500,1270500,2024,55,,0,700,2660-1270
2614450.91388358,1269819.8364628,2024,55,1,0,700,2614-1269
2670222,1242538,2023,30,2,2,700,2670-1242
2660500,1270500,2024,30,3,1,700,2660-1270
2678743.88625199,1261738.64812515,2024,55,,0,700,2678-1261
2569525.56262002,1203696.28167077,2022,30,1,1,700,2569-1203
2660500,1270500,2023,30,,1,700,2660-1270
2614460,1269839,2025,30,13,13,700,2614-1269
2569054,1202939,2022,55,1,0,700,2569-1202
2660239,1270107,2022,55,,0,700,2660-1270
2660437,1269898,2023,30,1,2,700,2660-1269
2539046.23780685,1182645.82975202,2022,18,3,0,700,2539-1182
2594424,1201662,2023,18,2,0,700,2594-1201
2659850,1270459,2024,30,,1,700,2659-1270
2659947,1270573,2021,30,16,2,700,2659-1270
2660500,1270500,2025,61,,0,700,2660-1270
2572500,1204500,2025,61,6,0,700,2572-1204
2593500,1201500,2025,24,2,0,700,2593-1201
2575313.48974961,1258076.3403946,2025,24,,13,700,2575-1258
2575313.48974961,1258076.3403946,2025,24,,13,700,2575-1258
2569525.56262002,1203696.28167077,2025,61,3,0,700,2569-1203
2691468.89796345,1247582.63851963,2021,24,2,0,700,2691-1247
2569500,1203500,2021,61,9,0,700,2569-1203
2660500,1270500,2022,30,50,2,700,2660-1270
2660500,1270500,2022,24,1,0,700,2660-1270
2660500,1270500,2021,61,25,0,700,2660-1270
2569500,1203500,2021,61,10,0,700,2569-1203
2660500,1270500,2022,61,12,0,700,2660-1270
2539046.23780685,1182645.82975202,2022,24,2,0,700,2539-1182
2660500,1269500,2024,61,25,0,700,2660-1269
2660500,1270500,2023,24,8,0,700,2660-1270
2660500,1270500,2025,61,,0,700,2660-1270
2560500,1194500,2021,37,1,2,700,2560-1194
2569549,1203600,2022,67,2,0,700,2569-1203
2594731,1201647,2024,24,1,0,700,2594-1201
2569343,1203314,2022,67,46,0,700,2569-1203
2571710,1203131,2024,67,25,0,700,2571-1203
2691519,1247594,2022,24,1,0,700,2691-1247
2691536,1247653,2021,24,2,0,700,2691-1247
2691489,1247581,2021,24,2,0,700,2691-1247
2660500,1270500,2022,24,3,0,700,2660-1270
2569500,1203500,2022,24,2,0,700,2569-1203
2594500,1201500,2022,24,2,0,700,2594-1201
2539464,1182173,2022,67,16,0,700,2539-1182
2539077,1182798,2022,67,2,0,700,2539-1182
2539445,1182241,2022,67,11,0,700,2539-1182
2571644,1202939,2024,67,26,0,700,2571-1202
2539052,1182795,2024,67,23,0,700,2539-1182
2539046.23780685,1182645.82975201,2024,67,20,0,700,2539-1182
2539046.23780685,1182645.82975201,2025,67,4,0,700,2539-1182
2614460,1269839,2024,43,1,2,700,2614-1269
2659435,1271090,2023,43,,1,700,2659-1271
2539046.23780685,1182645.82975202,2021,67,8,0,700,2539-1182
2660500,1270500,2024,43,,2,700,2660-1270
2660500,1270500,2024,24,14,0,700,2660-1270
2660500,1270500,2022,24,3,0,700,2660-1270
2727500,1280500,2024,67,4,0,700,2727-1280
2659857,1270725,2022,43,202,2,700,2659-1270
2569677,1203358,2023,73,10,0,700,2569-1203
2575526,1258155,2025,24,1,0,700,2575-1258
2660216,1269907,2025,30,4,1,700,2660-1269
2569525,1203602,2025,73,8,0,700,2569-1203
2537088.89953848,1179800.13648247,2024,73,7,0,700,2537-1179
2660500,1270500,2023,73,130,0,700,2660-1270
2659719,1270388,2023,49,30,0,700,2659-1270
2659558,1271140,2021,49,120,0,700,2659-1271
2620374,1265268,2022,73,30,0,700,2620-1265
2569754,1203440,2025,30,12,13,700,2569-1203
2614460,1269839,2024,49,1,0,700,2614-1269
2593937,1201604,2021,30,7,13,700,2593-1201
2729500,1275500,2024,30,4,1,700,2729-1275
2660500,1270500,2025,49,76,0,700,2660-1270
2660500,1270500,2025,49,,0,700,2660-1270
2539046.23780685,1182645.82975201,2023,49,2,0,700,2539-1182
2660500,1270500,2021,49,200,0,700,2660-1270
2660500,1270500,2022,30,45,1,700,2660-1270
2569500,1203500,2023,73,60,0,700,2569-1203
2539532,1182229,2024,73,1,0,700,2539-1182
2539108,1182939,2023,73,5,0,700,2539-1182
2570500,1203500,2025,30,14,13,700,2570-1203
2539049,1182686,2021,73,5,0,700,2539-1182
2539046.23780685,1182645.82975201,2024,73,10,0,700,2539-1182
2539405.23201617,1182388.82094444,2024,73,6,0,700,2539-1182
2660500,1270500,2023,49,200,0,700,2660-1270
2660500,1270500,2023,49,100,0,700,2660-1270
2660500,1270500,2023,30,,4,700,2660-1270
2569500,1203500,2023,49,3,0,700,2569-1203
2570171.55826185,1203620.27005927,2023,73,,0,700,2570-1203
2614460,1269839,2024,55,1,0,700,2614-1269
2614460,1269839,2025,55,2,0,700,2614-1269
2659958,1270500,2024,55,,0,700,2659-1270
2659266,1271557,2021,55,,0,700,2659-1271
2659733,1270635,2021,55,,0,700,2659-1270
2659546,1270877,2025,55,40,0,700,2659-1270
2594500,1201500,2023,7,,0,700,2594-1201
2539046.23780685,1182645.82975202,2022,30,2,1,700,2539-1182
2660500,1270500,2021,55,,0,700,2660-1270
2660500,1270500,2022,55,150,0,700,2660-1270
2568823,1203460,2025,7,40,0,700,2568-1203
2569665,1203040,2025,7,2,0,700,2569-1203
2660500,1270500,2023,55,,0,700,2660-1270
2569500,1203500,2023,55,5,0,700,2569-1203
2569147.44266037,1196706.26540992,2023,7,2,0,700,2569-1196
2569147.44266037,1196706.26540992,2021,7,13,0,700,2569-1196
2539046.23780685,1182645.82975201,2025,7,7,0,700,2539-1182
2539046.23780685,1182645.82975201,2025,7,7,0,700,2539-1182
2539046.23780685,1182645.82975201,2024,7,,0,700,2539-1182
2729099.48039105,1275600.06245772,2022,7,50,0,700,2729-1275
2660500,1270500,2023,7,,0,700,2660-1270
2660500,1270500,2023,7,140,0,700,2660-1270
2660500,1270500,2021,7,20,0,700,2660-1270
2660500,1270500,2023,7,141,0,700,2660-1270
2570964,1202839,2025,7,10,0,700,2570-1202
2539105,1182653,2024,7,30,0,700,2539-1182
2539031,1182835,2023,7,19,0,700,2539-1182
2570500,1203500,2022,61,8,0,700,2570-1203
2659612,1270345,2022,61,25,0,700,2659-1270
2659496,1271099,2025,61,6,0,700,2659-1271
2594747,1201498,2023,37,9,13,700,2594-1201
2627500,1268500,2024,61,15,0,700,2627-1268
2659847,1270460,2022,61,10,0,700,2659-1270
2633046,1268417,2022,18,2,0,700,2633-1268
2569500,1203500,2021,67,20,0,700,2569-1203
2614460,1269839,2025,67,2,0,700,2614-1269
2659904,1270353,2024,18,5,0,700,2659-1270
2660500,1270500,2023,18,22,0,700,2660-1270
2659649,1271000,2025,67,45,0,700,2659-1271
2572870,1202908,2025,67,40,0,700,2572-1202
2659365,1271283,2025,67,44,0,700,2659-1271
2660500,1270500,2022,49,200,0,700,2660-1270
2659500,1271500,2021,49,13,0,700,2659-1271
2570859,1202794,2024,67,20,0,700,2570-1202
2660500,1270500,2021,49,200,0,700,2660-1270
2627500,1268500,2024,49,6,0,700,2627-1268
2660500,1270500,2024,67,,0,700,2660-1270
2569434,1203641,2023,49,3,0,700,2569-1203
2627500,1268500,2021,67,,0,700,2627-1268
2569644.55120499,1203073.27749822,2023,49,2,0,700,2569-1203
2660500,1270500,2021,49,200,0,700,2660-1270
2539046.23780685,1182645.82975201,2023,73,5,0,700,2539-1182
2571525,1203327,2024,18,2,0,700,2571-1203
2659500,1270500,2021,49,180,0,700,2659-1270
2660500,1270500,2025,49,,0,700,2660-1270
2561142,1195348,2025,31,1,1,700,2561-1195
2570500,1203500,2025,31,12,13,700,2570-1203
2660500,1269500,2022,55,200,0,700,2660-1269
2691550,1247653,2021,31,1,1,700,2691-1247
2691462,1247515,2021,31,2,1,700,2691-1247
2660500,1270500,2022,31,40,1,700,2660-1270
2659291,1271510,2021,73,8,0,700,2659-1271
2659838,1270716,2023,73,100,0,700,2659-1270
2659451,1271315,2025,73,18,0,700,2659-1271
2659451,1271315,2025,73,18,0,700,2659-1271
2594758,1201650,2025,55,1,0,700,2594-1201
2659451,1271315,2025,73,18,0,700,2659-1271
2570500,1203500,2021,73,13,0,700,2570-1203
2660114,1270384,2023,31,4,2,700,2660-1270
2570500,1203500,2021,55,1,0,700,2570-1203
2575410,1258001,2021,31,6,4,700,2575-1258
2575383.48559548,1257918.33890068,2021,55,6,0,700,2575-1257
2539061,1182632,2021,73,1,0,700,2539-1182
2539120,1182818,2024,73,1,0,700,2539-1182
2660240,1270043,2022,55,140,0,700,2660-1270
2660500,1270500,2023,73,100,0,700,2660-1270
2569500,1203500,2021,73,15,0,700,2569-1203
2580090.6502114,1212497.13430467,2024,7,100,0,700,2580-1212
2539046.23780685,1182645.82975201,2025,7,7,0,700,2539-1182
2570500,1203500,2021,7,,0,700,2570-1203
2660500,1270500,2022,55,,0,700,2660-1270
2539046.23780685,1182645.82975201,2024,31,1,1,700,2539-1182
2539046.23780685,1182645.82975202,2021,61,10,0,700,2539-1182
2620500,1265500,2024,61,141,0,700,2620-1265
2729500,1275500,2024,31,2,1,700,2729-1275
2620500,1265500,2021,43,2,2,700,2620-1265
2660500,1270500,2021,43,4,1,700,2660-1270
2660262,1270124,2021,43,9,1,700,2660-1270
2594500,1201500,2021,7,5,0,700,2594-1201
2659500,1270500,2023,7,41,0,700,2659-1270
2660500,1270500,2021,7,37,0,700,2660-1270
2660500,1270500,2025,61,26,0,700,2660-1270
2594838,1201385,2022,61,6,0,700,2594-1201
2656500,1273500,2021,43,15,2,700,2656-1273
2659824,1270772,2023,7,20,0,700,2659-1270
2539046.23780685,1182645.82975201,2023,49,2,0,700,2539-1182
2561128,1195204,2024,49,1,0,700,2561-1195
2660500,1269500,2025,49,,0,700,2660-1269
2659500,1270500,2021,49,265,0,700,2659-1270
2660500,1270500,2022,49,,0,700,2660-1270
2660500,1270500,2025,49,270,0,700,2660-1270
2660500,1270500,2021,49,,0,700,2660-1270
2656500,1273500,2021,49,20,0,700,2656-1273
2660500,1270500,2025,7,13,0,700,2660-1270
2620500,1265500,2024,61,141,0,700,2620-1265
2660500,1270500,2023,49,,0,700,2660-1270
2539046.23780685,1182645.82975202,2021,67,8,0,700,2539-1182
2660500,1270500,2021,49,100,0,700,2660-1270
2580302,1212101,2023,1,2,0,700,2580-1212
2539065,1182867,2024,1,27,0,700,2539-1182
2539016,1182601,2024,1,30,0,700,2539-1182
2569500,1203500,2021,67,6,0,700,2569-1203
2660500,1270500,2023,49,,0,700,2660-1270
2569525.56262002,1203696.28167077,2021,49,7,0,700,2569-1203
2569500,1203500,2022,18,10,0,700,2569-1203
2569126,1203366,2021,61,2,0,700,2569-1203
2539151,1182667,2025,1,1,0,700,2539-1182
2539271.2361141,1182576.82448572,2021,18,6,0,700,2539-1182
2627500,1268500,2021,67,23,0,700,2627-1268
2539046.23780685,1182645.82975201,2024,61,2,0,700,2539-1182
2539046.23780685,1182645.82975201,2024,61,7,0,700,2539-1182
2660500,1270500,2024,18,5,0,700,2660-1270
2569410,1203197,2022,61,2,0,700,2569-1203
2707653,1279194,2025,67,6,0,700,2707-1279
2539405.23201616,1182388.82094445,2022,67,3,0,700,2539-1182
2570083,1203123,2024,61,4,0,700,2570-1203
2561323.44015893,1195110.40378658,2025,67,4,0,700,2561-1195
2627747,1268532,2021,67,,0,700,2627-1268
2660500,1270500,2021,61,20,0,700,2660-1270
2746500,1268500,2025,73,10,0,700,2746-1268
2655500,1272500,2022,73,6,0,700,2655-1272
2569755,1203432,2022,61,3,0,700,2569-1203
2746500,1268500,2025,73,12,0,700,2746-1268
2707689,1279037,2022,73,12,0,700,2707-1279
2594422,1201623,2021,61,2,0,700,2594-1201
2660500,1270500,2025,18,4,0,700,2660-1270
2575313.48974961,1258076.3403946,2025,61,2,0,700,2575-1258
2660500,1270500,2024,73,4,0,700,2660-1270
2569577,1203722,2022,61,1,0,700,2569-1203
2614460,1269839,2024,18,1,0,700,2614-1269
2594706,1201664,2023,73,2,0,700,2594-1201
2572792,1204484,2024,73,17,0,700,2572-1204
2569500,1203500,2021,73,15,0,700,2569-1203
2594500,1201500,2023,73,4,0,700,2594-1201
2729500,1275500,2023,73,7,0,700,2729-1275
2729500,1275500,2023,73,11,0,700,2729-1275
2659436,1271238,2025,18,3,0,700,2659-1271
2658950,1271872,2025,18,2,0,700,2658-1271
2691500,1247500,2021,18,2,0,700,2691-1247
2539046.23780685,1182645.82975201,2024,73,9,0,700,2539-1182
2569500,1203500,2021,73,33,0,700,2569-1203
2539046.23780685,1182645.82975202,2021,73,7,0,700,2539-1182
2729500,1275500,2023,73,40,0,700,2729-1275
2580404,1212662,2024,7,14,0,700,2580-1212
2579907,1212196,2024,7,26,0,700,2579-1212
2579879,1212109,2024,7,110,0,700,2579-1212
2580090.6502114,1212497.13430467,2024,7,110,0,700,2580-1212
2660500,1270500,2021,31,15,1,700,2660-1270
2569644.55120499,1203073.27749822,2024,73,10,0,700,2569-1203
2660500,1270500,2023,31,16,2,700,2660-1270
2694500,1245500,2022,31,8,13,700,2694-1245
2660500,1270500,2022,73,,0,700,2660-1270
2579916,1212307,2022,73,11,0,700,2579-1212
2659434,1271018,2024,31,1,1,700,2659-1271
2660500,1270500,2023,7,140,0,700,2660-1270
2703500,1281500,2021,31,2,2,700,2703-1281
2539046.23780685,1182645.82975202,2022,7,17,0,700,2539-1182
2631486,1270487,2025,7,2,0,700,2631-1270
2614460,1269839,2023,31,2,4,700,2614-1269
2660500,1270500,2022,31,40,2,700,2660-1270
2539098,1182653,2024,1,25,0,700,2539-1182
2575383.48559548,1257918.33890068,2021,18,1,0,700,2575-1257
2659525,1271179,2023,31,6,2,700,2659-1271
2659287,1271530,2025,31,17,2,700,2659-1271
2575313.48974961,1258076.3403946,2024,18,2,0,700,2575-1258
2569473,1203666,2024,18,1,0,700,2569-1203
2660500,1270500,2021,43,24,2,700,2660-1270
2655500,1272500,2021,43,2,2,700,2655-1272
2594647,1201580,2024,18,4,0,700,2594-1201
2660500,1270500,2023,43,230,1,700,2660-1270
2570786.54709269,1203140.25772041,2023,43,2,2,700,2570-1203
2659953,1270720,2023,43,60,2,700,2659-1270
2660500,1270500,2021,43,4,2,700,2660-1270
2614460,1269839,2023,49,2,4,700,2614-1269
2659968,1270460,2021,49,,0,700,2659-1270
2627500,1268500,2022,18,18,0,700,2627-1268
2539046.23780685,1182645.82975201,2023,49,5,0,700,2539-1182
2660500,1270500,2021,49,300,0,700,2660-1270
2569619,1203731,2025,49,2,0,700,2569-1203
2660500,1270500,2025,18,4,0,700,2660-1270
2575383.48559548,1257918.33890068,2021,18,12,0,700,2575-1257
2539046.23780685,1182645.82975202,2022,18,2,0,700,2539-1182
2570500,1203500,2021,18,2,0,700,2570-1203
2570500,1203500,2021,18,2,0,700,2570-1203
2570500,1203500,2022,49,2,0,700,2570-1203
2660500,1270500,2025,49,,0,700,2660-1270
2659835,1270771,2024,49,150,0,700,2659-1270
2660004,1270538,2021,49,20,0,700,2660-1270
2660085,1270547,2023,49,,0,700,2660-1270
2659500,1270500,2021,49,,0,700,2659-1270
2660500,1270500,2023,49,100,0,700,2660-1270
2575383.48559548,1257918.33890068,2025,31,7,13,700,2575-1257
2729500,1275500,2021,61,1,0,700,2729-1275
2620500,1265500,2022,61,95,0,700,2620-1265
2569500,1203500,2022,61,3,0,700,2569-1203
2570171.55826185,1203620.27005927,2021,61,1,0,700,2570-1203
2660500,1270500,2021,61,,0,700,2660-1270
2539069,1182727,2023,1,40,0,700,2539-1182
2568500,1203500,2022,61,2,0,700,2568-1203
2660500,1270500,2021,31,15,2,700,2660-1270
2707500,1279500,2024,73,5,0,700,2707-1279
2659923,1270654,2021,73,,0,700,2659-1270
2620500,1265500,2021,73,120,0,700,2620-1265
2660500,1270500,2021,31,15,2,700,2660-1270
2593285,1201470,2024,31,2,4,700,2593-1201
2659995,1270497,2023,31,,2,700,2659-1270
2539046.23780685,1182645.82975201,2023,73,45,0,700,2539-1182
2539046.23780685,1182645.82975201,2023,73,19,0,700,2539-1182
2662775,1273645,2025,73,50,0,700,2662-1273
2659506,1271196,2022,73,98,0,700,2659-1271
2659955,1270276,2025,73,5,0,700,2659-1270
2659815,1270759,2025,73,16,0,700,2659-1270
2660500,1270500,2021,73,21,0,700,2660-1270
2660500,1270500,2025,73,,0,700,2660-1270
2660500,1270500,2022,73,,0,700,2660-1270
2655500,1272500,2025,73,150,0,700,2655-1272
2593500,1201500,2021,43,1,2,700,2593-1201
2569500,1203500,2021,73,33,0,700,2569-1203
2570935,1203149,2023,1,4,0,700,2570-1203
2575383.48559548,1257918.33890068,2023,43,12,13,700,2575-1257
2660500,1270500,2025,43,92,4,700,2660-1270
2539108,1182638,2024,1,15,0,700,2539-1182
2660500,1270500,2022,49,,0,700,2660-1270
2614460,1269839,2024,1,2,0,700,2614-1269
2660500,1270500,2021,49,250,0,700,2660-1270
2569500,1203500,2025,49,3,0,700,2569-1203
2570500,1203500,2021,49,2,0,700,2570-1203
2570500,1203500,2025,49,2,0,700,2570-1203
2539271.2361141,1182576.82448572,2023,1,31,0,700,2539-1182
2575313.48974961,1258076.3403946,2025,49,1,0,700,2575-1258
2539046.23780685,1182645.82975202,2023,1,33,0,700,2539-1182
2539405.23201617,1182388.82094444,2023,1,33,0,700,2539-1182
2570500,1203500,2025,49,2,0,700,2570-1203
2660625,1269669,2022,49,,0,700,2660-1269
2627500,1268500,2021,1,48,0,700,2627-1268
2660500,1270500,2025,49,,0,700,2660-1270
2569857.55231118,1203193.27414936,2023,1,2,0,700,2569-1203
2570171.55826185,1203620.27005927,2025,49,2,0,700,2570-1203
2660500,1270500,2023,1,18,0,700,2660-1270
2594868,1201400,2021,61,2,0,700,2594-1201
2569750,1203436,2025,61,,0,700,2569-1203
2569644.55120499,1203073.27749823,2021,61,,0,700,2569-1203
2707034,1279367,2021,61,2,0,700,2707-1279
2569500,1203500,2024,73,7,0,700,2569-1203
2660500,1270500,2023,73,,0,700,2660-1270
2659500,1270500,2022,73,80,0,700,2659-1270
2569500,1203500,2021,73,33,0,700,2569-1203
2594749,1201615,2022,73,2,0,700,2594-1201
2569500,1203500,2021,73,33,0,700,2569-1203
2655500,1272500,2024,73,2,0,700,2655-1272
2660500,1270500,2023,1,26,0,700,2660-1270
2570171.55826185,1203620.27005927,2023,73,7,0,700,2570-1203
2539046.23780685,1182645.82975202,2021,73,9,0,700,2539-1182
2706534,1279667,2025,73,110,0,700,2706-1279
2572887,1204471,2022,73,24,0,700,2572-1204
2570500,1203500,2025,73,40,0,700,2570-1203
2539046.23780685,1182645.82975202,2021,73,2,0,700,2539-1182
2575313.48974961,1258076.3403946,2022,73,300,0,700,2575-1258
2660500,1270500,2023,1,26,0,700,2660-1270
2570500,1203500,2024,1,7,0,700,2570-1203
2569525.56262002,1203696.28167077,2024,1,30,0,700,2569-1203
2660500,1270500,2024,1,,0,700,2660-1270
2659500,1271500,2025,1,13,0,700,2659-1271
2703899,1282018,2023,1,5,0,700,2703-1282
2570967,1202838,2023,1,2,0,700,2570-1202
2569868,1203122,2021,1,9,0,700,2569-1203
2570839,1202685,2023,1,2,0,700,2570-1202
2569863,1203165,2024,1,,0,700,2569-1203
2660500,1270500,2025,1,80,0,700,2660-1270
2729500,1275500,2025,1,2,0,700,2729-1275
2570500,1203500,2024,1,7,0,700,2570-1203
2660500,1270500,2025,7,,0,700,2660-1270
2571470.53406229,1202564.24394483,2025,7,21,0,700,2571-1202
2660464,1270113,2023,7,100,0,700,2660-1270
2614460,1269839,2022,7,2,0,700,2614-1269
2579987,1212225,2023,7,2,0,700,2579-1212
2539096,1182649,2024,7,55,0,700,2539-1182
2539046.23780685,1182645.82975201,2023,7,36,0,700,2539-1182
2539046.23780685,1182645.82975201,2024,7,56,0,700,2539-1182
2568500,1203500,2023,7,2,0,700,2568-1203
2570500,1203500,2025,7,40,0,700,2570-1203
2570500,1203500,2025,7,60,0,700,2570-1203
2569091,1203111,2025,7,4,0,700,2569-1203
2659500,1270500,2023,7,,0,700,2659-1270
2659500,1271500,2022,12,8,0,700,2659-1271
2539048,1182747,2022,12,2,0,700,2539-1182
2572618,1204632,2025,12,20,0,700,2572-1204
2614180,1269499,2022,12,2,0,700,2614-1269
2614460,1269839,2023,12,2,0,700,2614-1269
2593529,1201345,2021,12,2,0,700,2593-1201
2594500,1201500,2024,12,5,0,700,2594-1201
2594827,1201294,2024,12,1,0,700,2594-1201
2569644.55120499,1203073.27749823,2021,12,10,0,700,2569-1203
2660500,1270500,2024,19,5,0,700,2660-1270
2575313.48974961,1258076.3403946,2024,19,4,0,700,2575-1258
2569500,1203500,2022,19,4,0,700,2569-1203
2614460,1269839,2025,19,1,0,700,2614-1269
2580500,1212500,2021,19,2,0,700,2580-1212
2575415,1257911,2023,19,2,0,700,2575-1257
2569122,1203368,2021,19,1,0,700,2569-1203
2578564.24708745,1186425.075656,2024,19,2,4,700,2578-1186
2593279,1201384,2025,19,2,0,700,2593-1201
2594755,1201667,2024,19,2,0,700,2594-1201
2594370,1201720,2021,19,2,0,700,2594-1201
2594719,1201622,2024,25,2,4,700,2594-1201
2593500,1201500,2025,25,2,4,700,2593-1201
2660500,1270500,2024,25,10,2,700,2660-1270
2620500,1265500,2022,25,15,13,700,2620-1265
2620500,1265500,2021,25,13,13,700,2620-1265
2570500,1203500,2025,25,1,2,700,2570-1203
2614460,1269839,2024,25,3,13,700,2614-1269
2530614,1151070,2023,25,1,2,700,2530-1151
2691603,1247617,2021,25,2,1,700,2691-1247
2660500,1270500,2024,25,14,1,700,2660-1270
2660500,1270500,2024,25,7,1,700,2660-1270
2660500,1270500,2022,25,2,2,700,2660-1270
2533301,1174904,2021,25,4,4,700,2533-1174
2660545,1270139,2025,25,4,1,700,2660-1270
2574432,1256170,2024,25,12,13,700,2574-1256
2620500,1265500,2021,25,13,13,700,2620-1265
2568678,1203189,2022,25,2,1,700,2568-1203
2575457,1258088,2024,25,11,13,700,2575-1258
2670300.06850856,1242299.56432465,2023,31,2,1,700,2670-1242
2569525.56262002,1203696.28167077,2022,31,2,4,700,2569-1203
2659715,1270831,2024,31,1,2,700,2659-1270
2670075,1242524,2023,31,2,1,700,2670-1242
2539118,1182653,2021,31,2,2,700,2539-1182
2570457,1203290,2025,31,2,1,700,2570-1203
2570776,1203845,2024,31,2,6,700,2570-1203
2594046,1201594,2021,31,6,13,700,2594-1201
2759500,1263500,2023,31,2,2,700,2759-1263
2660425,1269993,2023,31,3,2,700,2660-1269
2660421,1269890,2023,31,5,1,700,2660-1269
2614444,1269851,2021,31,13,1,700,2614-1269
2614460,1269839,2021,31,5,4,700,2614-1269
2660500,1269500,2025,31,20,1,700,2660-1269
2660315,1270060,2023,37,2,1,700,2660-1270
2594716,1201683,2023,37,9,13,700,2594-1201
2593716,1201546,2021,37,1,2,700,2593-1201
2614460,1269839,2024,37,2,4,700,2614-1269
2660500,1270500,2025,43,,0,700,2660-1270
2660500,1270500,2025,43,,0,700,2660-1270
2660500,1270500,2025,43,,0,700,2660-1270
2569857.55231118,1203193.27414935,2023,43,2,0,700,2569-1203
2569857.55231118,1203193.27414935,2023,43,2,0,700,2569-1203
2660361,1270153,2022,43,2,0,700,2660-1270
2660225,1269859,2024,43,,0,700,2660-1269
2614460,1269839,2024,43,1,0,700,2614-1269
2660500,1270500,2022,49,,0,700,2660-1270
2660500,1270500,2023,49,,0,700,2660-1270
2614460,1269839,2024,49,1,0,700,2614-1269
2660341,1269992,2023,49,,0,700,2660-1269
2660403,1269796,2024,49,,0,700,2660-1269
2660326,1269970,2023,49,150,0,700,2660-1269
2660338,1270256,2023,55,10,0,700,2660-1270
2660267,1270277,2022,55,50,0,700,2660-1270
2660117,1270023,2025,55,3,0,700,2660-1270
2660264,1269947,2022,55,50,0,700,2660-1269
2660298,1269822,2021,55,,0,700,2660-1269
2659500,1271500,2025,55,,0,700,2659-1271
2660500,1270500,2023,55,,0,700,2660-1270
2594519,1201466,2021,55,2,0,700,2594-1201
2759824,1263150,2021,55,3,0,700,2759-1263
2660500,1270500,2025,55,260,0,700,2660-1270
2569500,1203500,2023,55,12,0,700,2569-1203
2659829,1270481,2025,55,,0,700,2659-1270
2614447,1269829,2024,55,1,0,700,2614-1269
2659500,1270500,2021,55,,0,700,2659-1270
2594500,1201500,2025,55,1,0,700,2594-1201
2660500,1270500,2023,61,70,0,700,2660-1270
2660219,1269859,2024,61,20,0,700,2660-1269
2660500,1270500,2022,61,,0,700,2660-1270
2660500,1270500,2025,61,4,0,700,2660-1270
2569705,1203177,2025,61,10,0,700,2569-1203
2569120,1203065,2023,61,1,0,700,2569-1203
2594771,1201459,2022,61,5,0,700,2594-1201
2594708,1201649,2022,61,3,0,700,2594-1201
2594771,1201449,2023,61,2,0,700,2594-1201
2594753,1201583,2021,61,2,0,700,2594-1201
2569620,1203740,2021,61,3,0,700,2569-1203
2655500,1272500,2024,61,4,0,700,2655-1272
2660500,1270500,2022,61,,0,700,2660-1270
2614460,1269839,2023,61,2,0,700,2614-1269
2660500,1269500,2024,61,30,0,700,2660-1269
2570500,1203500,2025,61,6,0,700,2570-1203
2660500,1270500,2024,67,15,0,700,2660-1270
2569752,1203427,2023,67,30,0,700,2569-1203
2580500,1212500,2024,67,2,0,700,2580-1212
2569500,1203500,2022,67,10,0,700,2569-1203
2539046.23780685,1182645.82975201,2025,67,4,0,700,2539-1182
2569644.55120499,1203073.27749823,2022,67,,0,700,2569-1203
2594758,1201667,2025,1,1,0,700,2594-1201
2593679,1201616,2022,1,2,0,700,2593-1201
2594500,1201500,2025,1,1,0,700,2594-1201
2569500,1203500,2023,1,3,0,700,2569-1203
2594629,1201714,2025,1,1,0,700,2594-1201
2593602,1201326,2023,1,2,0,700,2593-1201
2707500,1279500,2025,1,7,0,700,2707-1279
2593500,1201500,2023,1,2,0,700,2593-1201
2620500,1265500,2022,1,200,0,700,2620-1265
2627500,1268500,2022,1,35,0,700,2627-1268
2660500,1270500,2022,1,15,0,700,2660-1270
2729500,1275500,2022,1,2,0,700,2729-1275
2568994,1203201,2023,1,3,0,700,2568-1203
2660500,1270500,2022,1,18,0,700,2660-1270
2569500,1203500,2021,1,31,0,700,2569-1203
2660500,1270500,2021,1,12,0,700,2660-1270
2571470.53406229,1202564.24394484,2023,1,2,0,700,2571-1202
2539092,1182985,2024,1,33,0,700,2539-1182
2539101,1182667,2021,1,14,0,700,2539-1182
2614460,1269839,2024,1,2,0,700,2614-1269
2539046.23780685,1182645.82975201,2025,1,18,0,700,2539-1182
2539046.23780685,1182645.82975202,2023,1,12,0,700,2539-1182
2539046.23780685,1182645.82975202,2021,1,15,0,700,2539-1182
2539046.23780685,1182645.82975201,2023,7,32,0,700,2539-1182
2539046.23780685,1182645.82975201,2023,7,33,0,700,2539-1182
2539405.23201617,1182388.82094444,2023,7,4,0,700,2539-1182
2593262,1201512,2025,7,2,0,700,2593-1201
2539328,1182294,2025,7,3,0,700,2539-1182
2620500,1265500,2024,7,150,0,700,2620-1265
2659592,1271106,2023,7,158,0,700,2659-1271
2614474,1269878,2025,7,2,0,700,2614-1269
2614460,1269839,2025,7,2,0,700,2614-1269
2614460,1269839,2025,13,2,0,700,2614-1269
2627530,1268381,2025,13,20,0,700,2627-1268
2614443,1269806,2025,13,3,0,700,2614-1269
2614458,1269817,2025,13,2,0,700,2614-1269
2571356,1202690,2025,13,31,0,700,2571-1202
2539405.23201617,1182388.82094444,2023,13,11,0,700,2539-1182
2539046.23780685,1182645.82975201,2023,13,4,0,700,2539-1182
2656500,1273500,2021,13,2,0,700,2656-1273
2660500,1270500,2025,13,,0,700,2660-1270
2659500,1271500,2025,13,2,0,700,2659-1271
2539407,1182215,2023,13,11,0,700,2539-1182
2539036,1182601,2021,13,22,0,700,2539-1182
2539040,1182607,2024,13,1,0,700,2539-1182
2659500,1271500,2024,13,5,0,700,2659-1271
2594824,1201453,2023,19,2,0,700,2594-1201
2614460,1269839,2025,19,1,0,700,2614-1269
2614460,1269839,2024,19,1,0,700,2614-1269
2575391,1257830,2024,19,2,0,700,2575-1257
2575315,1258075,2024,19,2,0,700,2575-1258
2539046.23780685,1182645.82975201,2025,19,2,0,700,2539-1182
2620500,1265500,2022,19,2,0,700,2620-1265
2659500,1270500,2022,19,2,0,700,2659-1270
2627500,1268500,2021,19,3,0,700,2627-1268
2660500,1270500,2022,19,2,0,700,2660-1270
2691500,1247500,2021,19,2,0,700,2691-1247
2593116,1201189,2021,19,4,0,700,2593-1201
2594451,1201638,2024,19,2,0,700,2594-1201
2580090.6502114,1212497.13430467,2024,19,2,0,700,2580-1212
2575313.48974961,1258076.3403946,2024,19,5,0,700,2575-1258
2570500,1203500,2025,19,4,0,700,2570-1203
2575360,1257670,2025,19,2,0,700,2575-1257
2660500,1270500,2024,19,8,0,700,2660-1270
2594716,1201637,2025,25,2,4,700,2594-1201
2660500,1270500,2023,25,8,4,700,2660-1270
2570500,1203500,2023,25,2,1,700,2570-1203
2614460,1269839,2024,25,3,13,700,2614-1269
2660500,1270500,2023,25,8,4,700,2660-1270
2599868,1260105,2025,25,2,4,700,2599-1260
2580090.6502114,1212497.13430467,2021,25,1,2,700,2580-1212
2570789,1203870,2025,25,2,2,700,2570-1203
2570583,1203325,2025,25,2,2,700,2570-1203
2570486,1203250,2025,25,1,2,700,2570-1203
2570558,1202633,2021,31,3,2,700,2570-1202
2614460,1269839,2023,31,1,2,700,2614-1269
2569525.56262002,1203696.28167077,2021,31,1,1,700,2569-1203
2670300.06850856,1242299.56432465,2023,31,2,1,700,2670-1242
2570553.53980193,1202655.26017325,2023,31,1,1,700,2570-1202
2660500,1270500,2025,31,30,13,700,2660-1270
2660335,1269938,2023,37,21,2,700,2660-1269
2594713,1201619,2023,37,9,13,700,2594-1201
2655500,1272500,2021,43,18,0,700,2655-1272
2660220,1269880,2023,43,34,0,700,2660-1269
2614460,1269839,2024,43,1,0,700,2614-1269
2656500,1273500,2021,43,23,0,700,2656-1273
2660059,1270390,2025,43,30,0,700,2660-1270
2660188,1269912,2023,49,300,0,700,2660-1269
2660674,1269713,2023,49,3,0,700,2660-1269
2660500,1270500,2024,49,,0,700,2660-1270
2660500,1270500,2023,49,200,0,700,2660-1270
2660500,1270500,2025,49,200,0,700,2660-1270
2614460,1269839,2024,49,1,0,700,2614-1269
2539074,1182819,2023,49,5,0,700,2539-1182
2660500,1270500,2021,49,200,0,700,2660-1270
2569500,1203500,2023,49,3,0,700,2569-1203
2660500,1270500,2021,49,,0,700,2660-1270
2560500,1194500,2024,49,1,0,700,2560-1194
2569644.55120499,1203073.27749822,2023,49,3,0,700,2569-1203
2569525.56262002,1203696.28167077,2025,55,4,0,700,2569-1203
2660307,1269954,2024,55,4,0,700,2660-1269
2660500,1269500,2022,55,,0,700,2660-1269
2594752,1201614,2025,55,1,0,700,2594-1201
2660500,1269500,2021,55,,0,700,2660-1269
2569525.56262002,1203696.28167077,2021,62,10,0,700,2569-1203
2539046.23780685,1182645.82975201,2024,62,1,0,700,2539-1182
2594690,1201688,2022,62,3,0,700,2594-1201
2594797,1201374,2023,62,2,0,700,2594-1201
2569500,1203500,2022,68,,0,700,2569-1203
2614460,1269839,2025,68,2,0,700,2614-1269
2539046.23780685,1182645.82975201,2025,68,4,0,700,2539-1182
2539101,1182652,2024,68,32,0,700,2539-1182
2660500,1270500,2024,68,71,0,700,2660-1270
2594500,1201500,2022,68,2,0,700,2594-1201
2569500,1203500,2021,68,20,0,700,2569-1203
2594729,1201554,2023,68,2,0,700,2594-1201
2593858,1201649,2023,68,2,0,700,2593-1201
2569500,1203500,2022,68,14,0,700,2569-1203
2569072,1203234,2024,68,21,0,700,2569-1203
2539046.23780685,1182645.82975202,2023,1,47,0,700,2539-1182
2539046.23780685,1182645.82975201,2024,1,33,0,700,2539-1182
2569500,1203500,2022,1,46,0,700,2569-1203
2729500,1275500,2024,1,17,0,700,2729-1275
2660500,1270500,2023,1,,0,700,2660-1270
2569500,1203500,2022,1,,0,700,2569-1203
2620500,1265500,2021,1,50,0,700,2620-1265
2707500,1279500,2023,1,2,0,700,2707-1279
2569503,1203512,2021,1,15,0,700,2569-1203
2539038,1182608,2022,1,10,0,700,2539-1182
2572609,1204638,2025,1,14,0,700,2572-1204
2580617,1212002,2024,1,78,0,700,2580-1212
2539168,1182670,2023,1,47,0,700,2539-1182
2539396,1182232,2025,1,3,0,700,2539-1182
2539069,1182848,2025,1,5,0,700,2539-1182
2539034,1182607,2022,1,10,0,700,2539-1182
2539035,1182604,2022,1,10,0,700,2539-1182
2569080,1203103,2021,1,30,0,700,2569-1203
2660500,1270500,2023,1,,0,700,2660-1270
2569500,1203500,2022,1,39,0,700,2569-1203
2670500,1242500,2021,1,2,0,700,2670-1242
2660500,1270500,2021,1,2,0,700,2660-1270
2594739,1201687,2024,1,3,0,700,2594-1201
2660500,1270500,2021,1,19,0,700,2660-1270
2580166,1212147,2024,1,11,0,700,2580-1212
2539097,1182653,2024,7,60,0,700,2539-1182
2539055,1182872,2024,7,45,0,700,2539-1182
2539167,1182675,2023,7,21,0,700,2539-1182
2572757,1204482,2025,7,5,0,700,2572-1204
2539553,1182077,2024,7,6,0,700,2539-1182
2614460,1269839,2023,7,2,0,700,2614-1269
2539046.23780685,1182645.82975201,2024,7,54,0,700,2539-1182
2539046.23780685,1182645.82975201,2024,7,50,0,700,2539-1182
2539046.23780685,1182645.82975201,2023,7,29,0,700,2539-1182
2539405.23201617,1182388.82094444,2023,7,17,0,700,2539-1182
2539046.23780685,1182645.82975201,2024,7,60,0,700,2539-1182
2569500,1203500,2023,7,14,0,700,2569-1203
2660041,1270545,2023,7,30,0,700,2660-1270
2539500,1182500,2025,7,9,0,700,2539-1182
2594798,1201592,2024,7,1,0,700,2594-1201
2614460,1269839,2022,13,2,0,700,2614-1269
2572771,1204464,2023,13,9,0,700,2572-1204
2539103,1182761,2024,13,2,0,700,2539-1182
2572562,1204788,2023,13,13,0,700,2572-1204
2539036,1182621,2021,13,19,0,700,2539-1182
2539405.23201617,1182388.82094444,2023,13,5,0,700,2539-1182
2539046.23780685,1182645.82975201,2024,13,2,0,700,2539-1182
2539046.23780685,1182645.82975202,2021,13,12,0,700,2539-1182
2569500,1203500,2023,13,6,0,700,2569-1203
2569541,1203690,2025,13,10,0,700,2569-1203
2660500,1270500,2025,13,6,0,700,2660-1270
2660500,1270500,2025,13,,0,700,2660-1270
2575236,1258115,2021,13,5,0,700,2575-1258
2593396,1201470,2024,13,2,0,700,2593-1201
2660001,1270069,2024,13,6,0,700,2660-1270
2660191,1270124,2023,13,,0,700,2660-1270
2570553.53980193,1202655.26017325,2024,13,2,0,700,2570-1202
2627500,1268500,2021,13,8,0,700,2627-1268
2570458.54313553,1202823.26238902,2021,19,1,0,700,2570-1202
2570477,1203407,2025,19,2,4,700,2570-1203
2614460,1269839,2024,19,1,0,700,2614-1269
2614460,1269839,2025,19,1,0,700,2614-1269
2620365,1265248,2023,19,1,0,700,2620-1265
2570545,1202634,2021,19,2,0,700,2570-1202
2570535,1202636,2021,19,2,0,700,2570-1202
2594713,1201733,2024,19,2,0,700,2594-1201
2703182,1281709,2022,25,1,2,700,2703-1281
2660500,1270500,2024,25,14,4,700,2660-1270
2614460,1269839,2024,25,3,13,700,2614-1269
2614460,1269839,2025,25,13,13,700,2614-1269
2569759,1203431,2022,25,2,4,700,2569-1203
2727053,1280895,2025,25,1,1,700,2727-1280
2569525.56262002,1203696.28167077,2023,25,2,2,700,2569-1203
2660272,1270090,2025,25,7,1,700,2660-1270
2660312,1269843,2023,25,2,1,700,2660-1269
2660500,1270500,2021,25,1,1,700,2660-1270
2659500,1270500,2023,25,,1,700,2659-1270
2660500,1269500,2025,25,1,1,700,2660-1269
2660500,1270500,2024,25,14,4,700,2660-1270
2691599,1247637,2021,25,2,1,700,2691-1247
2594749,1201560,2023,25,2,4,700,2594-1201
2594725,1201564,2021,25,1,2,700,2594-1201
2594831,1201610,2023,31,9,13,700,2594-1201
2660500,1270500,2025,31,54,13,700,2660-1270
2572470,1204570,2021,31,1,2,700,2572-1204
2660500,1270500,2023,31,30,2,700,2660-1270
2575313.48974961,1258076.3403946,2024,31,17,13,700,2575-1258
2670300.06850856,1242299.56432465,2023,31,4,2,700,2670-1242
2660500,1270500,2021,31,15,1,700,2660-1270
2569857.55231118,1203193.27414936,2021,31,2,1,700,2569-1203
2614460,1269839,2025,31,13,13,700,2614-1269
2660211,1270710,2023,31,,2,700,2660-1270
2614460,1269839,2024,31,3,13,700,2614-1269
2614460,1269839,2023,31,5,4,700,2614-1269
2539046.23780685,1182645.82975202,2022,31,2,1,700,2539-1182
2660235,1269909,2022,31,100,2,700,2660-1269
2660315,1269912,2023,31,5,1,700,2660-1269
2660639,1269784,2022,31,60,1,700,2660-1269
2660500,1269499,2022,31,90,1,700,2660-1269
2575383.48559548,1257918.33890068,2023,37,2,1,700,2575-1257
2660500,1270500,2021,37,,1,700,2660-1270
2614460,1269839,2025,37,13,13,700,2614-1269
2614460,1269839,2024,37,3,13,700,2614-1269
2660500,1270500,2025,43,,0,700,2660-1270
2569525.56262002,1203696.28167077,2025,50,2,0,700,2569-1203
2569413,1203648,2025,50,2,0,700,2569-1203
2560500,1194500,2025,50,1,0,700,2560-1194
2660500,1270500,2024,50,,0,700,2660-1270
2660500,1270500,2021,50,,0,700,2660-1270
2539089,1182639,2022,50,6,0,700,2539-1182
2539109,1182664,2024,50,1,0,700,2539-1182
2660312,1269970,2024,50,,0,700,2660-1269
2660241,1269902,2023,50,,0,700,2660-1269
2614460,1269839,2024,50,1,0,700,2614-1269
2569525.56262002,1203696.28167077,2021,56,4,0,700,2569-1203
2579871,1212186,2024,56,3,0,700,2579-1212
2660500,1270500,2022,56,,0,700,2660-1270
2660500,1270500,2022,56,,0,700,2660-1270
2594500,1201500,2022,62,3,0,700,2594-1201
2594842,1201385,2022,62,4,0,700,2594-1201
2594736,1201609,2022,62,3,0,700,2594-1201
2594791,1201391,2023,62,4,0,700,2594-1201
2729433,1275239,2024,62,10,0,700,2729-1275
2539046.23780685,1182645.82975201,2023,62,2,0,700,2539-1182
2729500,1275500,2024,62,2,0,700,2729-1275
2570500,1203500,2023,62,13,0,700,2570-1203
2614484,1269869,2024,62,1,0,700,2614-1269
2659338,1271157,2025,62,2,0,700,2659-1271
2614460,1269839,2024,62,1,0,700,2614-1269
2539500,1182348,2024,62,1,0,700,2539-1182
2594500,1201500,2023,62,4,0,700,2594-1201
2569500,1203500,2022,68,,0,700,2569-1203
2707585,1279190,2021,68,4,0,700,2707-1279
2620500,1265500,2021,68,2,0,700,2620-1265
2539046.23780685,1182645.82975202,2022,68,28,0,700,2539-1182
2570171.55826185,1203620.27005927,2023,68,2,0,700,2570-1203
2539046.23780685,1182645.82975201,2023,68,27,0,700,2539-1182
2539046.23780685,1182645.82975201,2025,68,4,0,700,2539-1182
2539046.23780685,1182645.82975201,2024,68,24,0,700,2539-1182
2656500,1273500,2021,68,8,0,700,2656-1273
2539415,1182163,2021,68,9,0,700,2539-1182
2539358,1182396,2021,68,9,0,700,2539-1182
2539102,1182654,2023,68,34,0,700,2539-1182
2569500,1203500,2025,1,20,0,700,2569-1203
2568500,1203500,2023,1,4,0,700,2568-1203
2579972,1212189,2023,1,2,0,700,2579-1212
2580142,1212062,2023,1,2,0,700,2580-1212
2569311,1203342,2023,1,3,0,700,2569-1203
2659500,1270500,2023,1,,0,700,2659-1270
2569424,1203577,2025,1,7,0,700,2569-1203
2580090.6502114,1212497.13430467,2023,1,2,0,700,2580-1212
2539096,1182652,2024,1,40,0,700,2539-1182
2539172,1182700,2025,1,2,0,700,2539-1182
2539069,1182722,2022,1,18,0,700,2539-1182
2539047,1182677,2024,1,35,0,700,2539-1182
2539102,1182656,2021,1,17,0,700,2539-1182
2539058,1182857,2023,1,,0,700,2539-1182
2539046.23780685,1182645.82975201,2024,1,40,0,700,2539-1182
2539046.23780685,1182645.82975201,2023,1,8,0,700,2539-1182
2539405.23201617,1182388.82094444,2025,1,5,0,700,2539-1182
2539046.23780685,1182645.82975201,2025,1,2,0,700,2539-1182
2539046.23780685,1182645.82975202,2023,1,37,0,700,2539-1182
2539046.23780685,1182645.82975202,2022,1,10,0,700,2539-1182
2660500,1270500,2025,1,8,0,700,2660-1270
2729500,1275500,2022,1,19,0,700,2729-1275
2569500,1203500,2025,1,40,0,700,2569-1203
2660500,1270500,2023,7,120,0,700,2660-1270
2594729,1201622,2024,7,3,0,700,2594-1201
2660500,1270500,2021,7,14,0,700,2660-1270
2660500,1270500,2021,7,14,0,700,2660-1270
2660500,1270500,2023,7,,0,700,2660-1270
2655500,1272500,2024,7,24,0,700,2655-1272
2660500,1270500,2021,7,18,0,700,2660-1270
2660500,1270500,2024,7,60,0,700,2660-1270
2660500,1270500,2023,7,120,0,700,2660-1270
2570500,1203500,2021,7,2,0,700,2570-1203
2569525.56262002,1203696.28167077,2024,7,2,0,700,2569-1203
2569525.56262002,1203696.28167077,2024,7,2,0,700,2569-1203
2539025,1182726,2023,7,20,0,700,2539-1182
2539049,1182817,2024,7,63,0,700,2539-1182
2539040,1182611,2024,7,,0,700,2539-1182
2572784,1204474,2025,7,13,0,700,2572-1204
2539133,1182814,2024,7,14,0,700,2539-1182
2539090,1182634,2022,7,20,0,700,2539-1182
2614460,1269839,2022,7,2,0,700,2614-1269
2614460,1269839,2025,7,6,0,700,2614-1269
2539046.23780685,1182645.82975201,2023,7,20,0,700,2539-1182
2539405.23201617,1182388.82094444,2025,7,9,0,700,2539-1182
2539046.23780685,1182645.82975201,2023,7,13,0,700,2539-1182
2539046.23780685,1182645.82975201,2024,7,54,0,700,2539-1182
2539046.23780685,1182645.82975201,2023,7,2,0,700,2539-1182
2539405.23201617,1182388.82094444,2023,13,2,0,700,2539-1182
2539046.23780685,1182645.82975201,2023,13,9,0,700,2539-1182
2570171.55826185,1203620.27005927,2021,13,3,0,700,2570-1203
2568808,1203378,2021,13,8,0,700,2568-1203
2568500,1203500,2022,13,2,0,700,2568-1203
2594668,1201672,2023,13,2,0,700,2594-1201
2561490,1189975,2025,13,2,0,700,2561-1189
2593716,1201557,2025,13,2,0,700,2593-1201
2579972,1212188,2024,13,4,0,700,2579-1212
2678483,1261618,2021,13,1,0,700,2678-1261
2579975,1212166,2022,13,2,0,700,2579-1212
2580291,1212282,2024,13,11,0,700,2580-1212
2539097,1182765,2023,13,14,0,700,2539-1182
2570500,1203500,2022,13,8,0,700,2570-1203
2570483,1202438,2023,13,1,0,700,2570-1202
2569865,1203249,2025,19,,0,700,2569-1203
2614460,1269839,2021,19,2,0,700,2614-1269
2614460,1269839,2023,19,1,0,700,2614-1269
2614460,1269839,2022,19,1,0,700,2614-1269
2579886,1212102,2024,19,1,0,700,2579-1212
2631652,1270569,2025,19,2,0,700,2631-1270
2627653,1268428,2025,19,3,0,700,2627-1268
2594780,1201524,2023,19,1,0,700,2594-1201
2594719,1201690,2024,19,4,0,700,2594-1201
2660500,1270500,2025,19,5,0,700,2660-1270
2594144,1201639,2021,19,2,0,700,2594-1201
2569781,1203407,2025,19,2,0,700,2569-1203
2561394,1189956,2025,19,2,6,700,2561-1189
2660500,1270500,2024,19,2,0,700,2660-1270
2569500,1203500,2025,19,3,0,700,2569-1203
2660500,1270500,2022,19,2,0,700,2660-1270
2620500,1265500,2025,19,3,0,700,2620-1265
2569644.55120499,1203073.27749822,2023,19,6,0,700,2569-1203
2575383.48559548,1257918.33890068,2022,19,4,0,700,2575-1257
2569857.55231118,1203193.27414936,2021,19,2,0,700,2569-1203
2678743.88625199,1261738.64812515,2023,19,1,0,700,2678-1261
2660500,1270500,2025,25,4,1,700,2660-1270
2593341,1201456,2025,25,2,4,700,2593-1201
2702665,1281768,2022,25,1,2,700,2702-1281
2594736,1201625,2023,25,2,4,700,2594-1201
2660500,1270500,2021,25,2,1,700,2660-1270
2614460,1269839,2022,25,2,4,700,2614-1269
2614460,1269839,2023,25,1,2,700,2614-1269
2614700,1269099,2022,25,1,1,700,2614-1269
2614523,1269915,2022,25,2,2,700,2614-1269
2614460,1269839,2024,25,3,13,700,2614-1269
2579966,1212187,2021,25,1,2,700,2579-1212
2660699,1269664,2022,25,3,2,700,2660-1269
2729500,1275500,2023,25,2,1,700,2729-1275
2594451,1201640,2024,25,2,4,700,2594-1201
2660500,1270500,2021,25,1,1,700,2660-1270
2659786,1270919,2024,25,2,1,700,2659-1270
2570497,1203323,2025,25,1,2,700,2570-1203
2570458.54313553,1202823.26238902,2021,25,2,2,700,2570-1202
2620500,1265500,2024,25,20,13,700,2620-1265
2569230,1203326,2023,31,11,19,700,2569-1203
2594729,1201684,2023,31,1,2,700,2594-1201
2569631,1203325,2023,31,11,13,700,2569-1203
2569630,1203328,2023,31,2,13,700,2569-1203
2614460,1269839,2021,31,9,4,700,2614-1269
2660500,1270500,2022,31,,1,700,2660-1270
2660500,1270500,2024,31,3,2,700,2660-1270
2539046.23780685,1182645.82975202,2022,31,2,1,700,2539-1182
2660390,1269812,2022,31,12,2,700,2660-1269
2660216,1269930,2023,31,5,1,700,2660-1269
2670300.06850856,1242299.56432465,2023,31,2,1,700,2670-1242
2593971,1201609,2021,31,6,13,700,2593-1201
2594025,1201572,2023,31,1,2,700,2594-1201
2593599,1201437,2022,31,2,4,700,2593-1201
2570382,1203999,2021,31,2,2,700,2570-1203
2569428,1203623,2023,31,2,4,700,2569-1203
2620500,1265500,2021,31,16,1,700,2620-1265
2660504,1270095,2024,37,18,1,700,2660-1270
2660220,1269908,2025,37,,1,700,2660-1269
2660500,1270500,2021,37,,2,700,2660-1270
2594804,1201625,2023,37,9,13,700,2594-1201
2614460,1269839,2024,37,3,4,700,2614-1269
2660500,1270500,2022,37,,2,700,2660-1270
2660286,1269969,2024,44,,0,700,2660-1269
2660236,1269950,2021,44,2,0,700,2660-1269
2660269,1269960,2023,44,39,0,700,2660-1269
2660289,1269952,2021,44,2,0,700,2660-1269
2569500,1203500,2021,50,8,0,700,2569-1203
2660296,1269860,2023,50,,0,700,2660-1269
2539143,1182677,2023,50,8,0,700,2539-1182
2614437,1269793,2024,50,1,0,700,2614-1269
2539046.23780685,1182645.82975201,2023,50,1,0,700,2539-1182
2660500,1270500,2022,50,,0,700,2660-1270
2660500,1270500,2021,50,,0,700,2660-1270
2659500,1270500,2021,50,,0,700,2659-1270
2594772,1201641,2023,50,1,0,700,2594-1201
2660500,1270500,2023,50,,0,700,2660-1270
2660500,1270500,2021,50,,0,700,2660-1270
2660500,1270500,2023,50,200,0,700,2660-1270
2660290,1269863,2023,56,14,0,700,2660-1269
2659500,1271500,2023,56,32,0,700,2659-1271
2614460,1269839,2023,56,2,0,700,2614-1269
2570500,1203500,2022,56,10,0,700,2570-1203
2660500,1270500,2024,56,,0,700,2660-1270
2570500,1203500,2022,56,10,0,700,2570-1203
2660500,1270500,2025,56,150,0,700,2660-1270
2660500,1270500,2023,56,6,0,700,2660-1270
2660500,1270500,2023,56,,0,700,2660-1270
2729500,1275500,2023,62,14,0,700,2729-1275
2660500,1270500,2023,62,81,0,700,2660-1270
2539045,1182602,2024,62,2,0,700,2539-1182
2614460,1269839,2024,62,3,0,700,2614-1269
2539046.23780685,1182645.82975201,2024,68,23,0,700,2539-1182
2539046.23780685,1182645.82975201,2025,68,4,0,700,2539-1182
2539046.23780685,1182645.82975202,2022,68,25,0,700,2539-1182
2539046.23780685,1182645.82975201,2023,68,71,0,700,2539-1182
2539358,1182398,2024,68,2,0,700,2539-1182
2539168,1182671,2024,68,23,0,700,2539-1182
2539500,1182500,2023,68,71,0,700,2539-1182
2594775,1201658,2022,68,2,0,700,2594-1201
2614460,1269839,2024,1,2,0,700,2614-1269
2539405.23201617,1182388.82094444,2023,1,6,0,700,2539-1182
2539046.23780685,1182645.82975201,2023,1,30,0,700,2539-1182
2539271.2361141,1182576.82448572,2022,1,11,0,700,2539-1182
2539046.23780685,1182645.82975201,2025,1,2,0,700,2539-1182
2539046.23780685,1182645.82975201,2024,1,39,0,700,2539-1182
2539046.23780685,1182645.82975201,2023,1,34,0,700,2539-1182
2660500,1269500,2023,1,80,0,700,2660-1269
2539435,1182212,2025,1,6,0,700,2539-1182
2539062,1182635,2025,1,,0,700,2539-1182
2539525,1182221,2021,1,19,0,700,2539-1182
2539124,1182667,2024,1,40,0,700,2539-1182
2660500,1270500,2024,1,15,0,700,2660-1270
2539500,1182500,2023,1,34,0,700,2539-1182
2569500,1203500,2025,1,,0,700,2569-1203
2539500,1182500,2021,8,12,0,700,2539-1182
2729500,1275500,2024,8,2,0,700,2729-1275
2660500,1270500,2021,8,7,0,700,2660-1270
2539046.23780685,1182645.82975201,2023,8,2,0,700,2539-1182
2539046.23780685,1182645.82975201,2023,8,12,0,700,2539-1182
2571470.53406229,1202564.24394483,2023,8,5,0,700,2571-1202
2614460,1269839,2021,8,6,0,700,2614-1269
2614450,1269829,2022,8,2,0,700,2614-1269
2580090.6502114,1212497.13430467,2023,8,10,0,700,2580-1212
2539060,1182764,2024,8,50,0,700,2539-1182
2539056,1182696,2024,8,50,0,700,2539-1182
2539025,1182683,2021,8,1,0,700,2539-1182
2570161,1203613,2022,8,2,0,700,2570-1203
2594651,1201716,2025,8,1,0,700,2594-1201
2594837,1201378,2024,8,1,0,700,2594-1201
2594716,1201439,2023,8,1,0,700,2594-1201
2539022,1182549,2021,13,14,0,700,2539-1182
2614590,1269719,2022,13,2,0,700,2614-1269
2659320,1271445,2025,13,7,0,700,2659-1271
2614460,1269839,2023,13,2,0,700,2614-1269
2660500,1270500,2024,13,15,0,700,2660-1270
2659500,1270500,2025,13,16,0,700,2659-1270
2660500,1270500,2022,13,14,0,700,2660-1270
2660500,1270500,2022,13,13,0,700,2660-1270
2579866,1212391,2023,13,1,0,700,2579-1212
2593785,1201793,2021,13,3,0,700,2593-1201
2593654,1201767,2023,13,2,0,700,2593-1201
2568500,1203500,2022,13,4,0,700,2568-1203
2594500,1201500,2025,13,2,0,700,2594-1201
2627500,1268500,2021,19,2,0,700,2627-1268
2614466,1269824,2025,19,2,0,700,2614-1269
2614460,1269839,2025,19,1,0,700,2614-1269
2614460,1269839,2021,19,1,0,700,2614-1269
2569417,1203603,2025,19,1,0,700,2569-1203
2660219,1269894,2024,19,2,0,700,2660-1269
2660500,1270500,2024,25,18,2,700,2660-1270
2539102,1182652,2021,25,2,1,700,2539-1182
2594442,1201655,2023,25,1,2,700,2594-1201
2620500,1265500,2023,25,24,13,700,2620-1265
2570171.55826185,1203620.27005927,2023,25,1,1,700,2570-1203
2570171.55826185,1203620.27005927,2025,25,2,4,700,2570-1203
2620500,1265500,2022,25,25,13,700,2620-1265
2660500,1270500,2024,25,25,1,700,2660-1270
2594500,1201500,2021,25,1,1,700,2594-1201
2660500,1270500,2024,25,,2,700,2660-1270
2659500,1270500,2021,25,1,1,700,2659-1270
2575251,1258087,2021,25,1,1,700,2575-1258
2620500,1265500,2021,25,12,13,700,2620-1265
2594761,1201560,2021,25,1,2,700,2594-1201
2594739,1201654,2023,25,1,2,700,2594-1201
2594823,1201427,2024,25,2,2,700,2594-1201
2614450.91388358,1269819.8364628,2024,32,2,1,700,2614-1269
2569500,1203500,2022,32,1,2,700,2569-1203
2614460,1269839,2024,32,3,13,700,2614-1269
2594673,1201531,2024,32,2,4,700,2594-1201
2594559,1201575,2025,32,4,4,700,2594-1201
2660500,1270500,2021,32,8,2,700,2660-1270
2539046.23780685,1182645.82975201,2024,32,1,2,700,2539-1182
2660325,1269921,2022,32,100,2,700,2660-1269
2660489,1269944,2021,32,4,2,700,2660-1269
2660500,1270500,2021,32,3,1,700,2660-1270
2571035,1201905,2023,32,2,4,700,2571-1201
2594755,1201641,2024,38,2,2,700,2594-1201
2575383.48559548,1257918.33890068,2023,38,1,1,700,2575-1257
2660500,1270500,2024,38,21,1,700,2660-1270
2660500,1270500,2023,38,20,2,700,2660-1270
2660500,1270500,2022,38,150,2,700,2660-1270
2660276,1270147,2021,38,2,2,700,2660-1270
2659500,1270500,2022,38,,1,700,2659-1270
2659500,1271500,2023,44,,0,700,2659-1271
2539500,1182500,2023,44,1,0,700,2539-1182
2660500,1270500,2025,50,,0,700,2660-1270
2660500,1270500,2022,50,,0,700,2660-1270
2660500,1270500,2021,50,,0,700,2660-1270
2660500,1270500,2025,50,,0,700,2660-1270
2660349,1269853,2021,50,1,0,700,2660-1269
2660500,1270500,2023,50,220,0,700,2660-1270
2614460,1269839,2024,50,1,0,700,2614-1269
2539046.23780685,1182645.82975201,2023,50,8,0,700,2539-1182
2569179,1203754,2025,56,1,0,700,2569-1203
2678500,1261500,2024,56,2,0,700,2678-1261
2570545,1202635,2022,56,2,0,700,2570-1202
2569857.55231118,1203193.27414935,2025,56,2,0,700,2569-1203
2660500,1270500,2025,56,,0,700,2660-1270
2660500,1269500,2025,56,2,0,700,2660-1269
2660500,1270500,2024,56,,0,700,2660-1270
2570553.53980193,1202655.26017326,2022,56,2,0,700,2570-1202
2614460,1269839,2023,56,2,0,700,2614-1269
2614460,1269839,2024,56,1,0,700,2614-1269
2614460,1269839,2021,56,2,0,700,2614-1269
2655500,1272500,2023,56,3,0,700,2655-1272
2594846,1201287,2022,62,3,0,700,2594-1201
2594749,1201505,2023,62,2,0,700,2594-1201
2614460,1269839,2024,62,1,0,700,2614-1269
2539046.23780685,1182645.82975201,2023,62,2,0,700,2539-1182
2574758,1256841,2025,62,2,0,700,2574-1256
2707500,1279500,2021,68,5,0,700,2707-1279
2660500,1270500,2025,68,5,0,700,2660-1270
2660500,1270500,2022,68,20,0,700,2660-1270
2568800,1203212,2022,68,7,0,700,2568-1203
2575323,1258000,2021,68,43,0,700,2575-1258
2571470.53406229,1202564.24394483,2023,68,88,0,700,2571-1202
2539046.23780685,1182645.82975201,2025,68,4,0,700,2539-1182
2539046.23780685,1182645.82975201,2025,68,4,0,700,2539-1182
2539046.23780685,1182645.82975201,2023,68,97,0,700,2539-1182
2539153,1182661,2024,68,21,0,700,2539-1182
2539524,1182165,2021,68,11,0,700,2539-1182
2660500,1270500,2025,68,5,0,700,2660-1270
2660500,1270500,2023,68,,0,700,2660-1270
2539500,1182500,2024,2,28,0,700,2539-1182
2569081,1203379,2023,2,2,0,700,2569-1203
2727098,1280740,2023,2,,0,700,2727-1280
2660500,1270500,2025,2,243,0,700,2660-1270
2593500,1201500,2024,2,3,0,700,2593-1201
2539046.23780685,1182645.82975201,2025,2,9,0,700,2539-1182
2539046.23780685,1182645.82975201,2024,2,42,0,700,2539-1182
2539046.23780685,1182645.82975201,2023,2,35,0,700,2539-1182
2539500,1182500,2024,2,42,0,700,2539-1182
2569680,1203251,2022,2,8,0,700,2569-1203
2539100,1182646,2023,2,40,0,700,2539-1182
2539093,1182657,2025,2,2,0,700,2539-1182
2539037,1182856,2024,2,40,0,700,2539-1182
2728500,1280500,2024,8,12,0,700,2728-1280
2660215,1269931,2023,8,45,0,700,2660-1269
2533144.07716398,1174938.94579796,2021,8,1,0,700,2533-1174
2539054,1182670,2024,8,,0,700,2539-1182
2539148,1182637,2024,8,47,0,700,2539-1182
2539021,1182766,2024,8,51,0,700,2539-1182
2614460,1269839,2022,8,2,0,700,2614-1269
2614460,1269839,2025,8,2,0,700,2614-1269
2614460,1269839,2024,8,2,0,700,2614-1269
2539046.23780685,1182645.82975201,2024,8,44,0,700,2539-1182
2539046.23780685,1182645.82975201,2023,8,,0,700,2539-1182
2539046.23780685,1182645.82975202,2022,8,12,0,700,2539-1182
2594500,1201500,2025,8,2,0,700,2594-1201
2570500,1203500,2025,13,7,0,700,2570-1203
2594842,1201377,2024,13,28,0,700,2594-1201
2570500,1203500,2021,13,2,0,700,2570-1203
2570500,1203500,2025,13,6,0,700,2570-1203
2571854,1202021,2022,13,14,0,700,2571-1202
2560500,1194500,2025,13,2,0,700,2560-1194
2569934,1203079,2021,13,4,0,700,2569-1203
2575373,1257972,2021,13,4,0,700,2575-1257
2570368,1202600,2023,13,10,0,700,2570-1202
2570568,1202651,2023,13,10,0,700,2570-1202
2579500,1212500,2024,13,,0,700,2579-1212
2595500,1201500,2025,13,2,0,700,2595-1201
2570500,1203500,2025,13,3,0,700,2570-1203
2580500,1212500,2024,13,,0,700,2580-1212
2660500,1270500,2023,13,3,0,700,2660-1270
2660500,1270500,2025,13,8,0,700,2660-1270
2660500,1270500,2022,13,10,0,700,2660-1270
2539094,1182654,2021,13,21,0,700,2539-1182
2539020,1182670,2021,13,,0,700,2539-1182
2539072,1182816,2021,13,,0,700,2539-1182
2659307,1271632,2025,13,4,0,700,2659-1271
2539046.23780685,1182645.82975201,2023,13,15,0,700,2539-1182
2539046.23780685,1182645.82975201,2023,13,14,0,700,2539-1182
2539046.23780685,1182645.82975201,2023,20,2,0,700,2539-1182
2660500,1270500,2022,20,2,0,700,2660-1270
2594056,1201604,2022,20,2,0,700,2594-1201
2539076,1182679,2021,20,2,0,700,2539-1182
2731112.40876194,1279574.11087361,2021,20,28,0,700,2731-1279
2570553.53980193,1202655.26017325,2023,20,2,0,700,2570-1202
2614460,1269839,2025,20,1,0,700,2614-1269
2614460,1269839,2021,20,1,0,700,2614-1269
2614460,1269839,2025,26,11,13,700,2614-1269
2660500,1270500,2023,26,,1,700,2660-1270
2592965,1201422,2022,26,2,4,700,2592-1201
2660500,1270500,2023,26,,1,700,2660-1270
2660500,1270500,2025,26,1,1,700,2660-1270
2593650,1201560,2021,26,1,2,700,2593-1201
2593937,1201485,2024,26,4,2,700,2593-1201
2660500,1270500,2023,26,13,2,700,2660-1270
2620500,1265500,2023,26,23,13,700,2620-1265
2572902,1202877,2022,26,1,2,700,2572-1202
2614460,1269839,2021,32,16,4,700,2614-1269
2575326,1258038,2024,32,24,13,700,2575-1258
2660354,1269931,2022,32,70,2,700,2660-1269
2660500,1270500,2021,32,3,1,700,2660-1270
2660500,1270500,2025,32,,1,700,2660-1270
2660500,1270500,2021,32,2,1,700,2660-1270
2594546,1201591,2025,32,2,4,700,2594-1201
2589308.53755816,1208834.98463799,2024,32,8,1,700,2589-1208
2670300.06850856,1242299.56432465,2024,32,2,1,700,2670-1242
2660500,1270500,2022,32,75,1,700,2660-1270
2620500,1265500,2021,32,25,13,700,2620-1265
2660500,1270500,2024,38,10,2,700,2660-1270
2660500,1270500,2022,38,,1,700,2660-1270
2614460,1269839,2024,38,3,13,700,2614-1269
2660290,1269934,2023,38,58,1,700,2660-1269
2660289,1269862,2025,38,,2,700,2660-1269
2660315,1269914,2024,38,7,2,700,2660-1269
2594579,1201648,2023,38,9,13,700,2594-1201
2660292,1269863,2024,44,40,0,700,2660-1269
2570585,1202767,2023,44,2,0,700,2570-1202
2660500,1270500,2023,44,,0,700,2660-1270
2660500,1270500,2023,44,,0,700,2660-1270
2660500,1270500,2021,44,15,0,700,2660-1270
2539046.23780685,1182645.82975201,2023,44,1,0,700,2539-1182
2660500,1270500,2021,44,10,0,700,2660-1270
2575383.48559548,1257918.33890068,2023,44,2,0,700,2575-1257
2620500,1265500,2023,44,4,0,700,2620-1265
2660300,1269860,2023,50,,0,700,2660-1269
2660345,1269954,2025,50,150,0,700,2660-1269
2660451,1269786,2022,50,,0,700,2660-1269
2660242,1269887,2023,50,200,0,700,2660-1269
2660359,1269879,2025,50,148,0,700,2660-1269
2660267,1269950,2025,50,,0,700,2660-1269
2660500,1270500,2025,50,70,0,700,2660-1270
2660500,1270500,2022,50,,0,700,2660-1270
2539046.23780685,1182645.82975201,2023,50,8,0,700,2539-1182
2594500,1201500,2025,50,3,0,700,2594-1201
2594677,1201687,2023,50,1,0,700,2594-1201
2614460,1269839,2024,50,1,0,700,2614-1269
2659500,1270500,2025,50,100,0,700,2659-1270
2660575,1269898,2021,56,,0,700,2660-1269
2614460,1269839,2024,56,1,0,700,2614-1269
2614460,1269839,2021,56,2,0,700,2614-1269
2539046.23780685,1182645.82975202,2022,56,1,0,700,2539-1182
2594781,1201596,2021,56,1,0,700,2594-1201
2594729,1201676,2025,56,9,0,700,2594-1201
2660500,1270500,2021,56,,0,700,2660-1270
2570500,1203500,2021,62,2,0,700,2570-1203
2572680,1204541,2021,62,22,0,700,2572-1204
2539037,1182611,2024,62,2,0,700,2539-1182
2539046.23780685,1182645.82975201,2023,62,2,0,700,2539-1182
2539046.23780685,1182645.82975201,2024,62,2,0,700,2539-1182
2729500,1275500,2024,62,2,0,700,2729-1275
2731500,1279500,2021,62,2,0,700,2731-1279
2594765,1201488,2023,62,4,0,700,2594-1201
2569525.56262002,1203696.28167077,2021,62,12,0,700,2569-1203
2569637,1203743,2021,62,3,0,700,2569-1203
2569582,1203757,2021,62,2,0,700,2569-1203
2569525.56262002,1203696.28167077,2023,68,1,0,700,2569-1203
2539046.23780685,1182645.82975201,2025,68,4,0,700,2539-1182
2539046.23780685,1182645.82975201,2023,68,17,0,700,2539-1182
2539046.23780685,1182645.82975201,2025,68,4,0,700,2539-1182
2539084,1182628,2022,68,5,0,700,2539-1182
2594445,1201668,2021,68,2,0,700,2594-1201
2660500,1270500,2024,68,41,0,700,2660-1270
2614460,1269839,2023,2,2,0,700,2614-1269
2575313.48974961,1258076.3403946,2023,2,250,0,700,2575-1258
2539046.23780685,1182645.82975201,2023,2,40,0,700,2539-1182
2539046.23780685,1182645.82975201,2025,2,5,0,700,2539-1182
2539046.23780685,1182645.82975201,2023,2,39,0,700,2539-1182
2660185,1270060,2023,2,25,0,700,2660-1270
2614498,1269820,2023,2,2,0,700,2614-1269
2572660,1204576,2025,2,60,0,700,2572-1204
2580026,1212392,2023,2,,0,700,2580-1212
2539102,1182743,2023,2,36,0,700,2539-1182
2539636,1182090,2021,2,10,0,700,2539-1182
2539039,1182600,2022,2,11,0,700,2539-1182
2539079,1182646,2024,2,39,0,700,2539-1182
2580298,1212273,2023,2,12,0,700,2580-1212
2569500,1203500,2021,2,17,0,700,2569-1203
2570500,1203500,2022,2,2,0,700,2570-1203
2660500,1270500,2024,2,15,0,700,2660-1270
2570500,1203500,2024,2,2,0,700,2570-1203
2569500,1203500,2023,2,2,0,700,2569-1203
2660500,1270500,2025,2,,0,700,2660-1270
2729500,1275500,2024,2,20,0,700,2729-1275
2593500,1201500,2023,2,2,0,700,2593-1201
2660500,1270500,2025,2,231,0,700,2660-1270
2568919,1203320,2022,2,12,0,700,2568-1203
2594718,1201681,2025,2,1,0,700,2594-1201
2594785,1201298,2021,2,2,0,700,2594-1201
2594723,1201703,2025,2,1,0,700,2594-1201
2580500,1212500,2024,8,150,0,700,2580-1212
2539500,1182500,2023,8,14,0,700,2539-1182
2614430,1269779,2024,8,2,0,700,2614-1269
2614460,1269839,2021,8,3,0,700,2614-1269
2614449,1269810,2025,8,2,0,700,2614-1269
2539046.23780685,1182645.82975201,2023,8,16,0,700,2539-1182
2539046.23780685,1182645.82975201,2023,8,16,0,700,2539-1182
2539149,1182667,2024,8,,0,700,2539-1182
2539096,1182648,2024,8,35,0,700,2539-1182
2594729,1201667,2025,8,2,0,700,2594-1201
2746500,1268500,2023,14,2,0,700,2746-1268
2539405.23201617,1182388.82094444,2023,14,6,0,700,2539-1182
2539046.23780685,1182645.82975202,2021,14,18,0,700,2539-1182
2539046.23780685,1182645.82975201,2023,14,6,0,700,2539-1182
2594500,1201500,2024,14,2,0,700,2594-1201
2613930,1269339,2023,14,2,0,700,2613-1269
2614460,1269839,2025,14,2,0,700,2614-1269
2614460,1269839,2023,14,2,0,700,2614-1269
2614220,1269709,2021,14,2,0,700,2614-1269
2569372,1203300,2025,14,10,0,700,2569-1203
2539039,1182611,2021,14,23,0,700,2539-1182
2539040,1182905,2021,14,17,0,700,2539-1182
2572789,1204496,2023,14,10,0,700,2572-1204
2569281,1203331,2025,14,8,0,700,2569-1203
2570463,1202985,2025,14,3,0,700,2570-1202
2575370,1257908,2025,14,11,0,700,2575-1257
2594762,1201554,2024,14,2,0,700,2594-1201
2593651,1201744,2021,14,2,0,700,2593-1201
2569500,1203500,2021,14,7,0,700,2569-1203
2594500,1201500,2025,14,2,0,700,2594-1201
2703750,1282207,2022,14,2,0,700,2703-1282
2594602,1201675,2021,14,2,0,700,2594-1201
2593420,1201299,2021,14,2,0,700,2593-1201
2703175,1281739,2023,20,1,0,700,2703-1281
2614460,1269839,2022,20,1,0,700,2614-1269
2614460,1269839,2025,20,1,0,700,2614-1269
2614460,1269839,2024,20,1,0,700,2614-1269
2660500,1270500,2024,20,,0,700,2660-1270
2594500,1201500,2024,20,2,0,700,2594-1201
2571979.5317557,1202565.23517221,2023,20,1,0,700,2571-1202
2678743.88625199,1261738.64812515,2024,20,2,0,700,2678-1261
2569500,1203500,2023,20,1,0,700,2569-1203
2659500,1271500,2024,20,3,0,700,2659-1271
2670300.06850856,1242299.56432466,2022,20,1,0,700,2670-1242
2670300.06850856,1242299.56432466,2022,20,1,0,700,2670-1242
2660500,1270500,2025,20,2,0,700,2660-1270
2594715,1201662,2021,20,2,0,700,2594-1201
2594762,1201677,2024,20,2,0,700,2594-1201
2594737,1201620,2021,20,2,0,700,2594-1201
2571570,1203086,2024,20,2,0,700,2571-1203
2571369,1203152,2024,20,2,0,700,2571-1203
2594500,1201500,2023,20,2,0,700,2594-1201
2614460,1269839,2025,26,13,13,700,2614-1269
2614460,1269839,2024,26,3,13,700,2614-1269
2570489,1202684,2022,26,2,1,700,2570-1202
2569500,1203500,2023,26,2,4,700,2569-1203
2620500,1265500,2023,26,2,2,700,2620-1265
2659428,1271168,2023,26,14,1,700,2659-1271
2670062,1242470,2022,26,1,1,700,2670-1242
2620500,1265500,2021,26,2,2,700,2620-1265
2575500,1258500,2022,26,2,2,700,2575-1258
2594698,1201680,2025,26,2,4,700,2594-1201
2594432,1201668,2023,32,9,13,700,2594-1201
2580133,1212381,2023,32,2,2,700,2580-1212
2614460,1269839,2021,32,3,4,700,2614-1269
2594500,1201500,2025,32,4,4,700,2594-1201
2594824,1201300,2025,32,3,1,700,2594-1201
2594830,1201319,2023,32,2,2,700,2594-1201
2593964,1201655,2021,32,6,13,700,2593-1201
2660292,1269960,2022,32,75,2,700,2660-1269
2660255,1269874,2025,38,,1,700,2660-1269
2660398,1270009,2023,38,,2,700,2660-1270
2560500,1194500,2025,44,1,0,700,2560-1194
2660500,1270500,2022,44,,0,700,2660-1270
2660500,1270500,2024,44,,0,700,2660-1270
2660367,1269900,2022,44,4,0,700,2660-1269
2660367,1269947,2023,44,2,0,700,2660-1269
2660221,1269914,2025,44,,0,700,2660-1269
2660357,1269689,2023,44,,0,700,2660-1269
2660500,1270500,2022,44,,0,700,2660-1270
2660500,1270500,2023,44,,0,700,2660-1270
2660500,1270500,2021,50,,0,700,2660-1270
2594736,1201563,2022,50,3,0,700,2594-1201
2594804,1201368,2025,50,1,0,700,2594-1201
2659826,1270828,2025,50,60,0,700,2659-1270
2539123,1182662,2023,50,,0,700,2539-1182
2660500,1270500,2025,50,,0,700,2660-1270
2660500,1269500,2025,50,70,0,700,2660-1269
2660500,1270500,2025,50,,0,700,2660-1270
2660500,1270500,2023,50,340,0,700,2660-1270
2660500,1270500,2025,50,,0,700,2660-1270
2660306,1269943,2022,50,1,0,700,2660-1269
2660279,1269950,2022,50,75,0,700,2660-1269
2660238,1269938,2025,50,80,0,700,2660-1269
2660236,1269863,2021,50,2,0,700,2660-1269
2594540,1201617,2025,56,8,0,700,2594-1201
2660239,1269944,2023,56,,0,700,2660-1269
2660500,1270500,2022,56,204,0,700,2660-1270
2594525,1201880,2023,56,4,0,700,2594-1201
2593932,1201678,2025,56,2,0,700,2593-1201
2660500,1270500,2025,56,212,0,700,2660-1270
2659500,1271500,2025,56,,0,700,2659-1271
2659500,1270500,2021,56,,0,700,2659-1270
2660500,1270500,2022,56,,0,700,2660-1270
2570500,1203500,2023,56,20,0,700,2570-1203
2660500,1270500,2021,56,490,0,700,2660-1270
2660127,1270309,2022,56,,0,700,2660-1270
2660500,1270500,2025,56,100,0,700,2660-1270
2659790,1270558,2025,56,,0,700,2659-1270
2614460,1269839,2024,56,1,0,700,2614-1269
2703052.41330683,1281686.85305131,2021,63,39,0,700,2703-1281
2594748,1201671,2022,63,3,0,700,2594-1201
2660500,1270500,2021,63,,0,700,2660-1270
2614460,1269839,2024,63,1,0,700,2614-1269
2614460,1269839,2023,63,2,0,700,2614-1269
2660500,1270500,2023,69,90,0,700,2660-1270
2620500,1265500,2021,69,133,0,700,2620-1265
2594706,1201653,2022,69,2,0,700,2594-1201
2570500,1203500,2023,69,60,0,700,2570-1203
2539370,1182238,2021,69,10,0,700,2539-1182
2539302,1182724,2024,69,20,0,700,2539-1182
2539405.23201617,1182388.82094444,2025,69,4,0,700,2539-1182
2571470.53406229,1202564.24394483,2023,69,50,0,700,2571-1202
2731520,1279399,2025,2,,0,700,2731-1279
2594716,1201684,2025,2,1,0,700,2594-1201
2539046.23780685,1182645.82975201,2025,2,5,0,700,2539-1182
2539046.23780685,1182645.82975201,2023,2,30,0,700,2539-1182
2539046.23780685,1182645.82975201,2023,2,1,0,700,2539-1182
2729500,1275500,2024,2,41,0,700,2729-1275
2539317,1182364,2021,2,25,0,700,2539-1182
2539174,1182676,2021,2,11,0,700,2539-1182
2539115,1182640,2021,2,32,0,700,2539-1182
2595500,1201500,2025,8,3,0,700,2595-1201
2660500,1270500,2022,8,1,0,700,2660-1270
2569314,1203320,2022,8,18,0,700,2569-1203
2595032,1201259,2025,8,2,0,700,2595-1201
2594706,1201661,2025,8,3,0,700,2594-1201
2678478,1261711,2022,8,1,0,700,2678-1261
2577551,1202906,2021,8,41,0,700,2577-1202
2614380,1269709,2021,8,1,0,700,2614-1269
2614460,1269839,2025,8,2,0,700,2614-1269
2539046.23780685,1182645.82975202,2022,8,2,0,700,2539-1182
2539046.23780685,1182645.82975201,2024,8,44,0,700,2539-1182
2539405.23201617,1182388.82094444,2023,8,27,0,700,2539-1182
2539046.23780685,1182645.82975201,2023,8,22,0,700,2539-1182
2539046.23780685,1182645.82975201,2023,8,2,0,700,2539-1182
2627784,1268548,2023,8,20,0,700,2627-1268
2627500,1268500,2024,8,73,0,700,2627-1268
2569955,1203191,2025,14,1,0,700,2569-1203
2570500,1203500,2024,14,2,0,700,2570-1203
2570663,1203245,2025,14,5,0,700,2570-1203
2539079,1182634,2021,14,22,0,700,2539-1182
2539148,1182662,2021,14,24,0,700,2539-1182
2614479,1269812,2024,14,2,0,700,2614-1269
2570614,1203002,2025,14,3,0,700,2570-1203
2614416,1269808,2023,14,2,0,700,2614-1269
2614434,1269794,2025,14,2,0,700,2614-1269
2614401,1269776,2022,14,2,0,700,2614-1269
2570500,1203500,2022,14,2,0,700,2570-1203
2539046.23780685,1182645.82975201,2023,14,13,0,700,2539-1182
2569500,1203500,2025,20,1,0,700,2569-1203
2569500,1203500,2023,20,2,0,700,2569-1203
2575486,1258104,2025,20,1,0,700,2575-1258
2614460,1269839,2023,20,1,0,700,2614-1269
2569500,1203500,2023,26,1,1,700,2569-1203
2594312,1201704,2021,26,1,2,700,2594-1201
2570500,1203500,2021,26,2,2,700,2570-1203
2569626,1203328,2021,26,2,2,700,2569-1203
2659500,1271500,2025,26,2,2,700,2659-1271
2670300.06850856,1242299.56432466,2022,26,2,1,700,2670-1242
2530989.55354378,1151043.96497321,2022,26,2,1,700,2530-1151
2660500,1270500,2023,26,9,1,700,2660-1270
2530677,1151082,2022,26,2,4,700,2530-1151
2530706,1151167,2022,26,2,2,700,2530-1151
2530762,1151143,2022,26,2,1,700,2530-1151
2614460,1269839,2023,26,2,4,700,2614-1269
2614475,1269814,2023,32,1,1,700,2614-1269
2614460,1269839,2024,32,3,13,700,2614-1269
2614460,1269839,2023,32,1,2,700,2614-1269
2662751,1273487,2024,32,2,4,700,2662-1273
2575273,1258108,2025,32,6,13,700,2575-1258
2594736,1201656,2025,32,2,4,700,2594-1201
2670649,1242070,2023,32,2,1,700,2670-1242
2579895,1212417,2024,32,8,1,700,2579-1212
2569857.55231118,1203193.27414935,2024,32,2,2,700,2569-1203
2614460,1269839,2024,38,3,13,700,2614-1269
2660500,1270500,2023,38,,2,700,2660-1270
2660500,1270500,2023,38,68,1,700,2660-1270
2593954,1201620,2021,38,6,1,700,2593-1201
2660500,1270500,2022,44,200,0,700,2660-1270
2660500,1270500,2021,44,,0,700,2660-1270
2660500,1270500,2023,44,220,0,700,2660-1270
2660291,1269860,2023,44,,0,700,2660-1269
2660380,1269909,2024,44,2,0,700,2660-1269
2660420,1269831,2022,44,9,0,700,2660-1269
2660352,1269808,2024,44,1,0,700,2660-1269
2660500,1270500,2023,44,,0,700,2660-1270
2539148,1182665,2023,44,2,0,700,2539-1182
2660276,1269963,2025,51,100,0,700,2660-1269
2660371,1269817,2025,51,50,0,700,2660-1269
2660450,1270020,2025,51,40,0,700,2660-1270
2660234,1269860,2023,51,,0,700,2660-1269
2659500,1271500,2025,51,150,0,700,2659-1271
2660500,1270500,2025,51,,0,700,2660-1270
2594788,1201650,2025,51,1,0,700,2594-1201
2614460,1269839,2024,51,1,0,700,2614-1269
2539046.23780685,1182645.82975201,2023,51,1,0,700,2539-1182
2660526,1269883,2025,51,100,0,700,2660-1269
2660500,1270500,2023,51,,0,700,2660-1270
2670300.06850856,1242299.56432465,2025,51,10,0,700,2670-1242
2660500,1270500,2025,51,305,0,700,2660-1270
2691618,1247685,2021,57,2,0,700,2691-1247
2660500,1270500,2022,57,250,0,700,2660-1270
2678522,1261635,2024,57,2,0,700,2678-1261
2660098,1270270,2022,57,,0,700,2660-1270
2660229,1270280,2022,57,,0,700,2660-1270
2660500,1270500,2023,57,,0,700,2660-1270
2594752,1201563,2023,57,2,0,700,2594-1201
2614460,1269839,2024,57,1,0,700,2614-1269
2614460,1269839,2021,57,2,0,700,2614-1269
2570500,1203500,2023,57,15,0,700,2570-1203
2569525.56262002,1203696.28167077,2025,57,5,0,700,2569-1203
2707621,1279070,2025,57,18,0,700,2707-1279
2660500,1270500,2025,57,,0,700,2660-1270
2614423,1269746,2024,57,1,0,700,2614-1269
2594426,1201654,2023,57,1,0,700,2594-1201
2660500,1270500,2022,63,11,0,700,2660-1270
2660500,1270500,2023,63,,0,700,2660-1270
2571500,1203500,2024,63,20,0,700,2571-1203
2570500,1203500,2024,63,9,0,700,2570-1203
2539144,1182670,2023,63,2,0,700,2539-1182
2614460,1269839,2024,63,1,0,700,2614-1269
2539046.23780685,1182645.82975201,2024,63,2,0,700,2539-1182
2539046.23780685,1182645.82975201,2023,63,2,0,700,2539-1182
2729500,1275500,2024,63,13,0,700,2729-1275
2594760,1201379,2023,63,2,0,700,2594-1201
2570500,1203500,2022,63,5,0,700,2570-1203
2570079,1203961,2023,63,8,0,700,2570-1203
2541370,1182399,2024,69,1,0,700,2541-1182
2569857.55231118,1203193.27414936,2021,69,10,0,700,2569-1203
2614700,1269099,2023,69,1,0,700,2614-1269
2539033,1182813,2024,69,,0,700,2539-1182
2539095,1182662,2025,69,4,0,700,2539-1182
2539019,1182747,2024,69,15,0,700,2539-1182
2539046.23780685,1182645.82975202,2022,69,19,0,700,2539-1182
2539046.23780685,1182645.82975202,2022,69,17,0,700,2539-1182
2539046.23780685,1182645.82975202,2022,69,17,0,700,2539-1182
2539046.23780685,1182645.82975201,2025,69,4,0,700,2539-1182
2539046.23780685,1182645.82975201,2025,69,4,0,700,2539-1182
2707537,1279059,2021,2,10,0,700,2707-1279
2539046.23780685,1182645.82975201,2024,2,42,0,700,2539-1182
2539046.23780685,1182645.82975201,2023,2,1,0,700,2539-1182
2539046.23780685,1182645.82975201,2023,2,31,0,700,2539-1182
2570500,1203500,2021,2,8,0,700,2570-1203
2569500,1203500,2024,2,2,0,700,2569-1203
2627500,1268500,2021,2,118,0,700,2627-1268
2660500,1270500,2025,2,,0,700,2660-1270
2572772,1204490,2025,2,40,0,700,2572-1204
2614460,1269839,2023,2,2,0,700,2614-1269
2580104,1212100,2024,2,76,0,700,2580-1212
2660500,1270500,2024,2,6,0,700,2660-1270
2655500,1272500,2025,8,2,0,700,2655-1272
2614460,1269839,2022,8,2,0,700,2614-1269
2569446,1203526,2025,8,2,0,700,2569-1203
2580090.6502114,1212497.13430467,2023,8,6,0,700,2580-1212
2539046.23780685,1182645.82975201,2024,8,45,0,700,2539-1182
2539046.23780685,1182645.82975201,2023,8,27,0,700,2539-1182
2539076,1182649,2023,8,22,0,700,2539-1182
2539154,1182667,2024,8,44,0,700,2539-1182
2539308,1182351,2024,8,2,0,700,2539-1182
2655500,1272500,2022,8,23,0,700,2655-1272
2570171.55826185,1203620.27005927,2025,8,,0,700,2570-1203
2570500,1203500,2023,8,2,0,700,2570-1203
2593481,1201503,2025,8,1,0,700,2593-1201
2727500,1280500,2022,8,20,0,700,2727-1280
2570500,1203500,2022,8,5,0,700,2570-1203
2570500,1203500,2021,14,2,0,700,2570-1203
2660500,1270500,2022,14,8,0,700,2660-1270
2569500,1203500,2025,14,1,0,700,2569-1203
2659848,1270464,2025,14,1,0,700,2659-1270
2659906,1270220,2025,14,,0,700,2659-1270
2614404,1269775,2022,14,2,0,700,2614-1269
2614460,1269839,2024,14,2,0,700,2614-1269
2614300,1268599,2023,14,1,0,700,2614-1268
2539046.23780685,1182645.82975202,2021,14,25,0,700,2539-1182
2539046.23780685,1182645.82975201,2023,14,13,0,700,2539-1182
2539046.23780685,1182645.82975201,2023,14,13,0,700,2539-1182
2539046.23780685,1182645.82975201,2023,14,13,0,700,2539-1182
2660500,1270500,2023,14,7,0,700,2660-1270
2572759,1204486,2023,14,1,0,700,2572-1204
2539067,1182612,2021,14,34,0,700,2539-1182
2728440.3713799,1280910.09081375,2024,14,2,0,700,2728-1280
2593500,1201500,2025,14,2,0,700,2593-1201
2569500,1203500,2024,14,7,0,700,2569-1203
2702500,1281500,2022,14,3,0,700,2702-1281
2570553.53980193,1202655.26017326,2022,14,10,0,700,2570-1202
2569202,1203343,2021,14,6,0,700,2569-1203
2569138,1203065,2021,14,2,0,700,2569-1203
2569500,1203500,2023,20,1,0,700,2569-1203
2614450.91388358,1269819.83646281,2021,20,2,0,700,2614-1269
2614472,1269841,2025,20,1,0,700,2614-1269
2614460,1269839,2023,20,3,0,700,2614-1269
2580090.6502114,1212497.13430467,2025,20,1,0,700,2580-1212
2627727,1268537,2021,20,2,4,700,2627-1268
2539053,1182755,2021,20,3,0,700,2539-1182
2570543,1203279,2025,20,2,0,700,2570-1203
2539106,1182616,2021,20,3,0,700,2539-1182
2660726,1269938,2021,20,1,0,700,2660-1269
2594500,1201500,2021,20,2,0,700,2594-1201
2594676,1201781,2021,20,2,0,700,2594-1201
2660500,1270500,2021,20,1,0,700,2660-1270
2594634,1201712,2025,20,2,0,700,2594-1201
2594425,1201691,2021,20,2,0,700,2594-1201
2594360,1201690,2021,26,2,4,700,2594-1201
2594444,1201648,2022,26,2,4,700,2594-1201
2561431,1189975,2025,26,1,2,700,2561-1189
2631488,1270445,2024,26,2,1,700,2631-1270
2614460,1269839,2023,26,3,1,700,2614-1269
2614497,1269861,2023,26,1,18,700,2614-1269
2660172,1269951,2025,26,4,2,700,2660-1269
2660500,1270500,2021,26,2,1,700,2660-1270
2660500,1270500,2021,26,4,2,700,2660-1270
2594742,1201574,2022,26,2,4,700,2594-1201
2594500,1201500,2023,26,2,4,700,2594-1201
2660500,1270500,2025,26,4,1,700,2660-1270
2660500,1270500,2022,26,2,4,700,2660-1270
2660500,1270500,2021,26,2,1,700,2660-1270
2594517,1201630,2025,32,4,4,700,2594-1201
2539046.23780685,1182645.82975202,2022,32,2,1,700,2539-1182
2704116.39423764,1282322.86422489,2021,32,2,4,700,2704-1282
2575383.48559548,1257918.33890068,2023,32,,19,700,2575-1257
2660268,1269925,2022,32,40,2,700,2660-1269
2660644,1269728,2023,32,3,1,700,2660-1269
2660500,1270500,2022,38,,1,700,2660-1270
2660212,1269962,2022,38,7,1,700,2660-1269
2660500,1270500,2021,45,,0,700,2660-1270
2660316,1269924,2021,45,4,0,700,2660-1269
2539048,1182603,2023,45,2,0,700,2539-1182
2570553.53980193,1202655.26017325,2023,45,2,0,700,2570-1202
2660500,1270500,2025,45,145,0,700,2660-1270
2660500,1270500,2023,45,,0,700,2660-1270
2539046.23780685,1182645.82975201,2023,45,2,0,700,2539-1182
2539046.23780685,1182645.82975201,2023,45,3,0,700,2539-1182
2660328,1269933,2022,45,,0,700,2660-1269
2660231,1269903,2025,45,1,0,700,2660-1269
2659500,1270500,2023,45,,0,700,2659-1270
2594713,1201666,2025,51,1,0,700,2594-1201
2660500,1270500,2025,51,,0,700,2660-1270
2660500,1270500,2025,51,,0,700,2660-1270
2660500,1270500,2021,51,,0,700,2660-1270
2614460,1269839,2024,51,1,0,700,2614-1269
2539046.23780685,1182645.82975201,2023,51,7,0,700,2539-1182
2660338,1270189,2023,51,50,0,700,2660-1270
2568485,1203510,2022,57,6,0,700,2568-1203
2594842,1201383,2022,57,3,0,700,2594-1201
2569607,1203730,2021,57,4,0,700,2569-1203
2569574,1203593,2025,57,1,0,700,2569-1203
2539029,1182592,2021,57,3,0,700,2539-1182
2594543,1201637,2025,57,8,0,700,2594-1201
2594418,1201655,2023,57,4,0,700,2594-1201
2678743.88625199,1261738.64812515,2024,57,2,0,700,2678-1261
2614460,1269839,2021,57,2,0,700,2614-1269
2614410,1269815,2024,57,1,0,700,2614-1269
2660500,1270500,2024,57,363,0,700,2660-1270
2533144.07716398,1174938.94579795,2024,57,1,0,700,2533-1174
2570553.53980193,1202655.26017326,2022,57,6,0,700,2570-1202
2660500,1270500,2023,63,20,0,700,2660-1270
2575302,1257925,2025,63,1,0,700,2575-1257
2660500,1270500,2025,63,10,0,700,2660-1270
2660500,1270500,2025,63,10,0,700,2660-1270
2569857.55231118,1203193.27414935,2023,63,40,0,700,2569-1203
2614442,1269790,2025,63,2,0,700,2614-1269
2539046.23780685,1182645.82975202,2022,63,2,0,700,2539-1182
2539046.23780685,1182645.82975202,2022,63,2,0,700,2539-1182
2539046.23780685,1182645.82975201,2024,63,1,0,700,2539-1182
2568821,1203446,2021,69,19,0,700,2568-1203
2620500,1265500,2023,69,5,0,700,2620-1265
2594701,1201656,2022,69,2,0,700,2594-1201
2594755,1201554,2023,69,2,0,700,2594-1201
2593640,1201587,2021,69,2,0,700,2593-1201
2539046,1182614,2023,69,102,0,700,2539-1182
2539387,1182317,2021,69,10,0,700,2539-1182
2539046.23780685,1182645.82975201,2023,69,102,0,700,2539-1182
2660500,1270500,2024,69,,0,700,2660-1270
2660500,1270500,2024,69,90,0,700,2660-1270
2614460,1269839,2025,69,2,0,700,2614-1269
2614460,1269839,2023,69,2,0,700,2614-1269
2569500,1203500,2022,2,4,0,700,2569-1203
2595500,1201500,2021,2,2,0,700,2595-1201
2592909,1201210,2025,2,1,0,700,2592-1201
2569525.56262002,1203696.28167077,2024,2,40,0,700,2569-1203
2727021,1280886,2025,2,,0,700,2727-1280
2614460,1269839,2024,2,2,0,700,2614-1269
2660500,1270500,2023,2,78,0,700,2660-1270
2580150,1212137,2023,2,8,0,700,2580-1212
2539044,1182727,2021,2,14,0,700,2539-1182
2539083,1182768,2021,2,,0,700,2539-1182
2539155,1182679,2023,2,28,0,700,2539-1182
2539035,1182776,2024,2,38,0,700,2539-1182
2539046.23780685,1182645.82975201,2024,2,42,0,700,2539-1182
2539046.23780685,1182645.82975201,2023,2,28,0,700,2539-1182
2539046.23780685,1182645.82975201,2023,2,20,0,700,2539-1182
2569644.55120499,1203073.27749823,2021,2,12,0,700,2569-1203
2660500,1270500,2022,9,12,0,700,2660-1270
2571500,1202500,2023,9,9,0,700,2571-1202
2579500,1212500,2022,9,4,0,700,2579-1212
2593500,1201500,2025,9,2,0,700,2593-1201
2593525,1201599,2022,9,2,0,700,2593-1201
2569403,1203292,2024,9,4,0,700,2569-1203
2620349,1265255,2024,9,50,0,700,2620-1265
2569745,1203194,2024,9,2,0,700,2569-1203
2539405.23201617,1182388.82094444,2025,9,4,0,700,2539-1182
2729500,1275500,2024,9,2,0,700,2729-1275
2614460,1269839,2025,9,2,0,700,2614-1269
2614427,1269792,2024,9,2,0,700,2614-1269
2614460,1269839,2024,9,2,0,700,2614-1269
2539329,1182357,2025,9,1,0,700,2539-1182
2539147,1182674,2024,9,40,0,700,2539-1182
2569500,1203500,2024,14,2,0,700,2569-1203
2660500,1270500,2024,14,9,0,700,2660-1270
2574890,1256979,2022,14,2,0,700,2574-1256
2570575,1202662,2022,14,8,0,700,2570-1202
2575374,1258023,2021,14,2,0,700,2575-1258
2593828,1201750,2022,14,2,0,700,2593-1201
2594682,1201659,2021,14,2,0,700,2594-1201
2614460,1269839,2021,14,2,0,700,2614-1269
2539046.23780685,1182645.82975201,2023,14,11,0,700,2539-1182
2539046.23780685,1182645.82975201,2023,14,2,0,700,2539-1182
2539046.23780685,1182645.82975201,2024,14,1,0,700,2539-1182
2539046.23780685,1182645.82975201,2023,14,13,0,700,2539-1182
2539098,1182653,2021,14,22,0,700,2539-1182
2539119,1182659,2021,14,25,0,700,2539-1182
2539422,1182233,2021,14,2,0,700,2539-1182
2594500,1201500,2024,20,2,0,700,2594-1201
2593941,1201568,2022,20,2,0,700,2593-1201
2593422,1201464,2021,20,1,0,700,2593-1201
2571500,1203500,2023,20,2,0,700,2571-1203
2660218,1269920,2022,20,1,0,700,2660-1269
2579963,1212110,2022,20,2,0,700,2579-1212
2575340,1258018,2025,20,2,0,700,2575-1258
2569131,1203115,2022,20,4,0,700,2569-1203
2575384,1257837,2025,20,2,0,700,2575-1257
2575312,1258062,2023,20,7,0,700,2575-1258
2575253,1258067,2025,20,1,0,700,2575-1258
2660500,1270500,2022,20,2,0,700,2660-1270
2594784,1201570,2021,20,2,0,700,2594-1201
2593782,1201793,2022,20,2,0,700,2593-1201
2539103,1182629,2021,20,2,0,700,2539-1182
2614511,1269896,2024,20,1,0,700,2614-1269
2670300.06850856,1242299.56432466,2021,20,1,0,700,2670-1242
2759999.99367169,1263000.27822094,2021,20,2,0,700,2759-1263
2659500,1270500,2024,20,4,0,700,2659-1270
2660500,1270500,2024,20,4,0,700,2660-1270
2660500,1270500,2022,20,3,0,700,2660-1270
2594283,1201770,2023,26,8,13,700,2594-1201
2594680,1201666,2023,26,2,4,700,2594-1201
2594058,1201572,2022,26,2,2,700,2594-1201
2570500,1203500,2025,26,1,2,700,2570-1203
2660500,1270500,2024,26,16,4,700,2660-1270
2703752,1282623,2022,26,3,1,700,2703-1282
2660500,1270500,2023,26,10,1,700,2660-1270
2660511,1270182,2025,26,1,1,700,2660-1270
2660500,1270500,2024,26,16,4,700,2660-1270
2569857.55231118,1203193.27414936,2022,26,2,2,700,2569-1203
2570548,1203274,2025,26,1,2,700,2570-1203
2614434,1269820,2025,26,4,13,700,2614-1269
2660025,1270536,2025,26,2,1,700,2660-1270
2731112.40876194,1279574.1108736,2023,26,2,4,700,2731-1279
2660500,1270500,2025,33,35,13,700,2660-1270
2533248.07368523,1174778.94299175,2022,33,2,1,700,2533-1174
2594018,1201582,2021,33,6,13,700,2594-1201
2660500,1270500,2024,33,1,2,700,2660-1270
2660533,1269804,2023,33,2,1,700,2660-1269
2660286,1269860,2022,33,30,1,700,2660-1269
2660313,1269902,2022,33,36,2,700,2660-1269
2660500,1270500,2024,33,1,1,700,2660-1270
2614800,1269399,2023,33,4,1,700,2614-1269
2660085,1270560,2024,33,1,1,700,2660-1270
2614460,1269839,2023,33,13,4,700,2614-1269
2614460,1269839,2024,33,3,13,700,2614-1269
2660500,1270500,2025,39,,1,700,2660-1270
2575383.48559548,1257918.33890068,2023,39,2,19,700,2575-1257
2614460,1269839,2024,45,1,0,700,2614-1269
2539046.23780685,1182645.82975201,2023,45,2,0,700,2539-1182
2575383.48559548,1257918.33890068,2023,45,1,0,700,2575-1257
2660500,1270500,2021,45,60,0,700,2660-1270
2660500,1270500,2024,51,,0,700,2660-1270
2539046.23780685,1182645.82975201,2023,51,7,0,700,2539-1182
2660088,1270070,2024,51,,0,700,2660-1270
2660500,1270500,2021,51,,0,700,2660-1270
2659500,1270500,2024,51,150,0,700,2659-1270
2539145,1182665,2023,51,4,0,700,2539-1182
2539145,1182665,2023,51,7,0,700,2539-1182
2660118,1270023,2025,57,5,0,700,2660-1270
2575304,1258060,2023,57,5,0,700,2575-1258
2594790,1201573,2021,57,2,0,700,2594-1201
2594832,1201384,2023,57,2,0,700,2594-1201
2659500,1271500,2025,57,20,0,700,2659-1271
2614460,1269839,2021,57,2,0,700,2614-1269
2614460,1269839,2023,57,2,0,700,2614-1269
2570500,1203500,2023,57,8,0,700,2570-1203
2569500,1203500,2025,57,6,0,700,2569-1203
2594504,1201710,2023,57,4,0,700,2594-1201
2575313.48974961,1258076.3403946,2024,57,2,0,700,2575-1258
2660500,1270500,2025,57,40,0,700,2660-1270
2660500,1270500,2022,63,15,0,700,2660-1270
2729500,1275500,2023,63,30,0,700,2729-1275
2568911,1203039,2024,63,3,0,700,2568-1203
2539405.23201617,1182388.82094444,2024,63,1,0,700,2539-1182
2570171.55826185,1203620.27005927,2024,63,3,0,700,2570-1203
2570171.55826185,1203620.27005927,2022,63,6,0,700,2570-1203
2614460,1269839,2024,63,1,0,700,2614-1269
2660500,1270500,2023,69,,0,700,2660-1270
2660500,1270500,2023,69,,0,700,2660-1270
2620500,1265500,2021,69,110,0,700,2620-1265
2539343,1182869,2025,69,3,0,700,2539-1182
2539046.23780685,1182645.82975201,2023,69,100,0,700,2539-1182
2539046.23780685,1182645.82975201,2023,69,100,0,700,2539-1182
2570171.55826185,1203620.27005927,2023,69,25,0,700,2570-1203
2539046.23780685,1182645.82975201,2025,69,17,0,700,2539-1182
2594584,1201698,2021,69,1,0,700,2594-1201
2660500,1270500,2025,69,2,0,700,2660-1270
2579500,1212500,2024,69,2,0,700,2579-1212
2660500,1270500,2022,69,,0,700,2660-1270
2660500,1270500,2025,3,2,0,700,2660-1270
2539038,1182570,2021,3,36,0,700,2539-1182
2539046.23780685,1182645.82975201,2023,3,28,0,700,2539-1182
2627500,1268500,2021,3,92,0,700,2627-1268
2569500,1203500,2022,3,,0,700,2569-1203
2660500,1270500,2024,3,70,0,700,2660-1270
2594726,1201661,2025,3,1,0,700,2594-1201
2570500,1203500,2022,3,41,0,700,2570-1203
2570016,1203873,2025,3,25,0,700,2570-1203
2569525.56262002,1203696.28167077,2021,9,15,0,700,2569-1203
2539046.23780685,1182645.82975201,2023,9,29,0,700,2539-1182
2539046.23780685,1182645.82975201,2023,9,28,0,700,2539-1182
2569857.55231118,1203193.27414935,2024,9,1,0,700,2569-1203
2569857.55231118,1203193.27414936,2022,9,2,0,700,2569-1203
2539099,1182655,2022,9,5,0,700,2539-1182
2539330,1182266,2022,9,1,0,700,2539-1182
2539148,1182665,2022,9,12,0,700,2539-1182
2539102,1182645,2022,9,11,0,700,2539-1182
2614460,1269839,2024,9,2,0,700,2614-1269
2614460,1269839,2022,9,2,0,700,2614-1269
2660500,1270500,2021,9,14,0,700,2660-1270
2568807,1203232,2022,9,7,0,700,2568-1203
2594696,1201661,2024,9,1,0,700,2594-1201
2569644.55120499,1203073.27749822,2023,9,8,0,700,2569-1203
2614460,1269839,2024,14,1,0,700,2614-1269
2539046.23780685,1182645.82975201,2023,14,9,0,700,2539-1182
2539092,1182648,2021,14,,0,700,2539-1182
2570553.53980193,1202655.26017326,2022,14,6,0,700,2570-1202
2594680,1201673,2025,14,2,0,700,2594-1201
2572561.52895568,1202557.22516774,2025,21,2,0,700,2572-1202
2659500,1270500,2023,21,10,0,700,2659-1270
2691500,1247500,2021,21,2,0,700,2691-1247
2570500,1203500,2024,21,2,0,700,2570-1203
2614460,1269839,2022,21,1,0,700,2614-1269
2530707,1151164,2021,21,4,0,700,2530-1151
2614460,1269839,2021,21,1,0,700,2614-1269
2570468,1203897,2023,21,2,0,700,2570-1203
2539102,1182638,2021,21,2,0,700,2539-1182
2539072,1182663,2022,21,1,0,700,2539-1182
2614398,1269784,2021,21,1,0,700,2614-1269
2659804,1270550,2021,21,1,0,700,2659-1270
2660500,1270500,2024,21,2,0,700,2660-1270
2660500,1270500,2021,21,2,0,700,2660-1270
2660500,1270500,2025,21,4,0,700,2660-1270
2569610,1203324,2021,21,2,0,700,2569-1203
2580294,1212347,2025,21,3,0,700,2580-1212
2594468,1201664,2024,21,4,0,700,2594-1201
2569500,1203500,2025,21,2,0,700,2569-1203
2575313.48974961,1258076.3403946,2025,27,1,1,700,2575-1258
2614460,1269839,2022,27,2,4,700,2614-1269
2614460,1269839,2023,27,3,13,700,2614-1269
2660321,1269951,2025,27,2,2,700,2660-1269
2570500,1203500,2022,27,2,1,700,2570-1203
2594500,1201500,2022,27,4,4,700,2594-1201
2575316,1258074,2021,27,1,1,700,2575-1258
2707500,1279500,2023,27,1,2,700,2707-1279
2595882,1201739,2022,27,2,1,700,2595-1201
2593569,1201594,2025,27,3,4,700,2593-1201
2594500,1201500,2024,27,2,4,700,2594-1201
2660500,1270500,2024,27,17,2,700,2660-1270
2594465,1201664,2023,33,9,13,700,2594-1201
2539046.23780685,1182645.82975201,2024,33,1,1,700,2539-1182
2570500,1203500,2021,33,5,2,700,2570-1203
2560500,1194500,2021,33,1,2,700,2560-1194
2594777,1201668,2023,33,12,13,700,2594-1201
2660240,1269899,2021,33,2,1,700,2660-1269
2660241,1269876,2021,33,13,1,700,2660-1269
2660500,1270500,2022,33,,1,700,2660-1270
2660500,1270500,2025,33,55,13,700,2660-1270
2729500,1275500,2025,33,2,1,700,2729-1275
2614460,1269839,2025,39,2,4,700,2614-1269
2660500,1270500,2025,39,,2,700,2660-1270
2593977,1201607,2021,39,6,2,700,2593-1201
2660220,1269920,2022,39,2,1,700,2660-1269
2660333,1270021,2021,39,1,1,700,2660-1270
2570500,1203500,2023,45,1,0,700,2570-1203
2614460,1269839,2024,45,1,0,700,2614-1269
2660500,1270500,2025,45,,0,700,2660-1270
2660223,1270092,2023,45,200,0,700,2660-1270
2660500,1270500,2025,51,402,0,700,2660-1270
2614460,1269839,2024,51,1,0,700,2614-1269
2660324,1270037,2022,51,,0,700,2660-1270
2660309,1269921,2024,51,150,0,700,2660-1269
2570553.53980193,1202655.26017325,2024,51,1,0,700,2570-1202
2594765,1201579,2021,51,2,0,700,2594-1201
2594738,1201681,2021,51,2,0,700,2594-1201
2594693,1201669,2025,51,1,0,700,2594-1201
2569614,1203729,2025,57,1,0,700,2569-1203
2570500,1203500,2022,57,7,0,700,2570-1203
2614450.91388358,1269819.8364628,2024,57,1,0,700,2614-1269
2659500,1270500,2025,57,40,0,700,2659-1270
2660500,1270500,2025,57,,0,700,2660-1270
2614460,1269839,2021,57,2,0,700,2614-1269
2570171.55826185,1203620.27005927,2025,57,4,0,700,2570-1203
2660500,1270500,2022,57,,0,700,2660-1270
2620864,1265572,2025,57,90,0,700,2620-1265
2575360,1257999,2023,57,2,0,700,2575-1257
2620500,1265500,2021,63,19,0,700,2620-1265
2539500,1182500,2024,63,1,0,700,2539-1182
2539060,1182771,2023,63,2,0,700,2539-1182
2660500,1270500,2025,63,1,0,700,2660-1270
2539046.23780685,1182645.82975201,2024,63,1,0,700,2539-1182
2594706,1201674,2024,69,1,0,700,2594-1201
2594709,1201667,2024,69,1,0,700,2594-1201
2594749,1201632,2023,69,2,0,700,2594-1201
2568500,1203500,2022,69,2,0,700,2568-1203
2539070,1182716,2024,69,23,0,700,2539-1182
2660500,1270500,2021,69,6,0,700,2660-1270
2570500,1203500,2021,69,30,0,700,2570-1203
2539405.23201616,1182388.82094445,2022,69,9,0,700,2539-1182
2539046.23780685,1182645.82975202,2022,69,7,0,700,2539-1182
2539046.23780685,1182645.82975201,2024,69,23,0,700,2539-1182
2539046.23780685,1182645.82975201,2025,69,8,0,700,2539-1182
2539405.23201617,1182388.82094444,2025,69,9,0,700,2539-1182
2660500,1270500,2024,3,,0,700,2660-1270
2569624,1203811,2025,3,20,0,700,2569-1203
2570108,1203931,2025,3,7,0,700,2570-1203
2539076,1182695,2021,3,39,0,700,2539-1182
2539047,1182623,2022,3,10,0,700,2539-1182
2539046.23780685,1182645.82975201,2023,3,32,0,700,2539-1182
2660500,1270500,2023,3,50,0,700,2660-1270
2659500,1270500,2024,3,42,0,700,2659-1270
2660500,1269500,2023,3,52,0,700,2660-1269
2727409,1280705,2022,9,3,0,700,2727-1280
2571981,1202562,2023,9,11,0,700,2571-1202
2660500,1270500,2024,9,8,0,700,2660-1270
2614477,1269828,2022,9,2,0,700,2614-1269
2660239,1269940,2023,9,200,0,700,2660-1269
2660500,1270500,2024,9,2,0,700,2660-1270
2539046.23780685,1182645.82975201,2025,9,1,0,700,2539-1182
2539046.23780685,1182645.82975201,2024,9,26,0,700,2539-1182
2539046.23780685,1182645.82975201,2023,9,22,0,700,2539-1182
2569500,1203500,2023,9,32,0,700,2569-1203
2594500,1201500,2022,15,2,0,700,2594-1201
2569610,1203710,2022,15,5,0,700,2569-1203
2594698,1201661,2023,15,2,0,700,2594-1201
2575264,1257985,2023,15,21,0,700,2575-1257
2539046.23780685,1182645.82975202,2021,15,15,0,700,2539-1182
2539046.23780685,1182645.82975202,2021,15,14,0,700,2539-1182
2539046.23780685,1182645.82975201,2023,15,12,0,700,2539-1182
2660500,1270500,2022,15,6,0,700,2660-1270
2539164,1182662,2021,15,15,0,700,2539-1182
2539090,1182767,2022,15,2,0,700,2539-1182
2539010,1182694,2021,15,11,0,700,2539-1182
2572880,1202882,2025,15,4,4,700,2572-1202
2660500,1270500,2025,21,4,0,700,2660-1270
2593572,1201565,2021,21,1,0,700,2593-1201
2659500,1270500,2025,21,2,0,700,2659-1270
2594860,1201569,2025,21,2,0,700,2594-1201
2594716,1201650,2025,21,1,0,700,2594-1201
2614460,1269839,2021,21,1,0,700,2614-1269
2570502,1203878,2023,21,2,0,700,2570-1203
2660500,1270500,2023,21,6,0,700,2660-1270
2580139,1212295,2022,27,2,1,700,2580-1212
2570500,1203500,2025,27,2,2,700,2570-1203
2660500,1270500,2021,27,3,2,700,2660-1270
2594683,1201765,2023,27,9,13,700,2594-1201
2594696,1201688,2023,27,2,4,700,2594-1201
2594686,1201651,2023,27,2,4,700,2594-1201
2575313.48974961,1258076.3403946,2024,27,15,13,700,2575-1258
2614460,1269839,2025,27,13,13,700,2614-1269
2614483,1269817,2025,27,13,13,700,2614-1269
2670300.06850856,1242299.56432466,2022,27,2,2,700,2670-1242
2570171.55826185,1203620.27005927,2023,27,1,1,700,2570-1203
2570553.53980193,1202655.26017326,2022,27,2,1,700,2570-1202
2594736,1201696,2023,33,9,13,700,2594-1201
2594801,1201605,2024,33,1,2,700,2594-1201
2571351,1202095,2021,33,2,2,700,2571-1202
2560500,1194500,2021,33,1,2,700,2560-1194
2660240,1269900,2021,33,30,1,700,2660-1269
2660219,1269922,2025,33,7,2,700,2660-1269
2660220,1269898,2025,33,6,2,700,2660-1269
2594484,1201657,2025,33,4,4,700,2594-1201
2660500,1269500,2025,39,,2,700,2660-1269
2655500,1272500,2021,39,3,2,700,2655-1272
2660619,1269909,2025,39,35,2,700,2660-1269
2660500,1270500,2023,39,,4,700,2660-1270
2614492,1269838,2025,39,1,2,700,2614-1269
2614525,1269907,2024,45,1,0,700,2614-1269
2614460,1269839,2024,45,1,0,700,2614-1269
2594853,1201410,2021,45,1,0,700,2594-1201
2660302,1269985,2022,45,50,0,700,2660-1269
2660298,1269858,2023,45,6,0,700,2660-1269
2660227,1270075,2022,45,100,0,700,2660-1270
2660500,1270500,2025,45,,0,700,2660-1270
2594715,1201497,2021,45,1,0,700,2594-1201
2660500,1270500,2024,45,,0,700,2660-1270
2539056,1182773,2023,45,2,0,700,2539-1182
2570553.53980193,1202655.26017325,2023,45,2,0,700,2570-1202
2594785,1201630,2025,51,1,0,700,2594-1201
2594749,1201641,2021,51,2,0,700,2594-1201
2614460,1269839,2024,51,1,0,700,2614-1269
2660695,1269718,2024,51,,0,700,2660-1269
2660377,1269936,2024,51,108,0,700,2660-1269
2660500,1270500,2021,51,,0,700,2660-1270
2660500,1270500,2022,51,70,0,700,2660-1270
2660500,1270500,2024,51,,0,700,2660-1270
2660500,1270500,2025,51,350,0,700,2660-1270
2593500,1201500,2022,51,2,0,700,2593-1201
2660500,1270500,2023,51,,0,700,2660-1270
2539066,1182802,2023,51,5,0,700,2539-1182
2539029,1182761,2021,51,3,0,700,2539-1182
2660500,1270500,2025,57,,0,700,2660-1270
2570500,1203500,2023,57,4,0,700,2570-1203
2593058,1201347,2025,57,1,0,700,2593-1201
2594198,1201717,2025,57,8,0,700,2594-1201
2655500,1272500,2022,57,4,0,700,2655-1272
2569500,1203500,2021,57,15,0,700,2569-1203
2678492,1261628,2024,57,2,0,700,2678-1261
2614460,1269839,2021,57,2,0,700,2614-1269
2614460,1269839,2024,57,1,0,700,2614-1269
2614460,1269839,2025,57,2,0,700,2614-1269
2660500,1270500,2022,57,10,0,700,2660-1270
2660500,1270500,2022,57,10,0,700,2660-1270
2660204,1269933,2025,57,30,0,700,2660-1269
2660171,1270231,2025,57,60,0,700,2660-1270
2660276,1269938,2025,57,28,0,700,2660-1269
2594389,1201671,2023,57,3,0,700,2594-1201
2703207,1281744,2025,57,6,0,700,2703-1281
2572048,1204686,2022,64,8,0,700,2572-1204
2729660,1275382,2023,64,50,0,700,2729-1275
2594699,1201636,2025,64,7,0,700,2594-1201
2594763,1201456,2023,64,4,0,700,2594-1201
2539046.23780685,1182645.82975201,2024,64,1,0,700,2539-1182
2594500,1201500,2022,64,2,0,700,2594-1201
2570500,1203500,2022,70,13,0,700,2570-1203
2539500,1182500,2025,70,3,0,700,2539-1182
2539055,1182657,2025,70,10,0,700,2539-1182
2660500,1270500,2021,70,,0,700,2660-1270
2539046.23780685,1182645.82975201,2025,70,11,0,700,2539-1182
2539046.23780685,1182645.82975201,2025,70,11,0,700,2539-1182
2594357,1201730,2023,70,2,0,700,2594-1201
2614460,1269839,2025,70,1,0,700,2614-1269
2614406,1269815,2023,70,2,0,700,2614-1269
2569500,1203500,2021,70,22,0,700,2569-1203
2569500,1203500,2021,70,2,0,700,2569-1203
2569471,1203633,2021,70,3,0,700,2569-1203
2539362,1182222,2021,3,37,0,700,2539-1182
2539508,1182130,2021,3,37,0,700,2539-1182
2539046.23780685,1182645.82975201,2023,3,33,0,700,2539-1182
2594500,1201500,2024,3,3,0,700,2594-1201
2594723,1201733,2025,3,1,0,700,2594-1201
2569567,1203712,2025,3,43,0,700,2569-1203
2579656,1212208,2025,3,22,0,700,2579-1212
2595500,1201500,2025,3,1,0,700,2595-1201
2660500,1270500,2023,9,,0,700,2660-1270
2539103,1182726,2024,9,50,0,700,2539-1182
2539046.23780685,1182645.82975201,2023,9,18,0,700,2539-1182
2539046.23780685,1182645.82975201,2023,9,18,0,700,2539-1182
2539405.23201617,1182388.82094444,2023,9,15,0,700,2539-1182
2539046.23780685,1182645.82975201,2023,9,,0,700,2539-1182
2660500,1270500,2022,9,4,0,700,2660-1270
2569500,1203500,2022,9,5,0,700,2569-1203
2727787,1280649,2021,9,25,0,700,2727-1280
2580090.6502114,1212497.13430467,2024,9,20,0,700,2580-1212
2539046.23780685,1182645.82975201,2023,15,10,0,700,2539-1182
2539046.23780685,1182645.82975201,2023,15,10,0,700,2539-1182
2571411,1202724,2025,15,1,0,700,2571-1202
2659500,1270500,2022,15,5,0,700,2659-1270
2570500,1203500,2022,15,3,0,700,2570-1203
2579975,1212208,2022,15,3,0,700,2579-1212
2539108,1182664,2022,15,2,0,700,2539-1182
2539110,1182723,2021,15,16,0,700,2539-1182
2614460,1269839,2023,15,1,0,700,2614-1269
2660500,1270500,2022,15,6,0,700,2660-1270
2660500,1270500,2023,15,12,0,700,2660-1270
2539500,1182500,2023,15,12,0,700,2539-1182
2614460,1269839,2023,21,1,0,700,2614-1269
2614386,1269818,2022,21,1,0,700,2614-1269
2660500,1270500,2023,21,,0,700,2660-1270
2594374,1201666,2025,21,2,0,700,2594-1201
2593577,1201602,2025,21,2,0,700,2593-1201
2660500,1270500,2023,27,8,1,700,2660-1270
2593500,1201500,2021,27,2,4,700,2593-1201
2691458,1247574,2021,27,2,1,700,2691-1247
2570513,1203400,2025,27,2,2,700,2570-1203
2660250,1270113,2023,27,10,1,700,2660-1270
2594791,1201606,2023,27,12,13,700,2594-1201
2660500,1270500,2021,33,,2,700,2660-1270
2614460,1269839,2021,33,2,4,700,2614-1269
2659110,1271408,2025,33,3,1,700,2659-1271
2660500,1270500,2022,33,60,2,700,2660-1270
2660500,1270500,2022,33,50,1,700,2660-1270
2660500,1270500,2023,33,,4,700,2660-1270
2594719,1201697,2023,33,9,13,700,2594-1201
2594850,1201380,2022,33,5,2,700,2594-1201
2678511,1261681,2024,33,5,2,700,2678-1261
2593970,1201605,2021,33,5,13,700,2593-1201
2569769,1203428,2024,33,2,4,700,2569-1203
2660209,1269886,2025,39,,2,700,2660-1269
2575383.48559548,1257918.33890068,2023,39,1,1,700,2575-1257
2660338,1269894,2025,39,75,2,700,2660-1269
2620500,1265500,2021,39,7,13,700,2620-1265
2660500,1270500,2025,39,,1,700,2660-1270
2660500,1270500,2025,39,30,2,700,2660-1270
2659925,1270345,2021,45,,0,700,2659-1270
2614460,1269839,2023,45,1,2,700,2614-1269
2560500,1194500,2025,45,2,0,700,2560-1194
2575383.48559548,1257918.33890068,2023,45,2,0,700,2575-1257
2660500,1270500,2022,45,,0,700,2660-1270
2572500,1204500,2021,45,1,0,700,2572-1204
2660500,1270500,2021,45,66,0,700,2660-1270
2660597,1269823,2021,45,20,0,700,2660-1269
2678505,1261626,2023,45,1,0,700,2678-1261
2660260,1270308,2025,45,,0,700,2660-1270
2655500,1272500,2021,45,3,0,700,2655-1272
2539083,1182716,2023,52,3,0,700,2539-1182
2614460,1269839,2024,52,1,0,700,2614-1269
2614460,1269839,2025,52,1,0,700,2614-1269
2660500,1270500,2023,52,,0,700,2660-1270
2660500,1270500,2024,52,,0,700,2660-1270
2660416,1269882,2025,52,10,0,700,2660-1269
2660280,1269949,2023,52,,0,700,2660-1269
2620500,1265500,2021,52,36,0,700,2620-1265
2746500,1268500,2023,58,1,0,700,2746-1268
2614460,1269839,2024,58,1,0,700,2614-1269
2746945,1268562,2021,58,2,0,700,2746-1268
2569525.56262002,1203696.28167077,2021,58,8,0,700,2569-1203
2569621,1203698,2021,58,,0,700,2569-1203
2539046.23780685,1182645.82975202,2022,58,2,0,700,2539-1182
2539046.23780685,1182645.82975202,2022,58,2,0,700,2539-1182
2660244,1269899,2024,58,10,0,700,2660-1269
2660236,1270122,2023,58,50,0,700,2660-1270
2569500,1203500,2024,58,3,0,700,2569-1203
2660500,1269500,2024,58,332,0,700,2660-1269
2533144.07716398,1174938.94579795,2024,58,1,0,700,2533-1174
2594788,1201378,2023,58,4,0,700,2594-1201
2569525.56262002,1203696.28167077,2024,64,3,0,700,2569-1203
2655500,1272500,2023,64,2,0,700,2655-1272
2614460,1269839,2024,64,1,0,700,2614-1269
2614451,1269816,2024,64,1,0,700,2614-1269
2614390,1269777,2025,64,4,0,700,2614-1269
2594500,1201500,2022,64,4,0,700,2594-1201
2539046.23780685,1182645.82975201,2024,64,9,0,700,2539-1182
2660149,1270116,2021,64,1,0,700,2660-1270
2569500,1203500,2022,64,16,0,700,2569-1203
2594725,1201624,2022,70,2,0,700,2594-1201
2707631,1279014,2025,70,5,0,700,2707-1279
2572291,1203763,2025,70,10,0,700,2572-1203
2539435,1182232,2025,70,3,0,700,2539-1182
2539077,1182698,2025,70,3,0,700,2539-1182
2539093,1182649,2025,70,3,0,700,2539-1182
2539555,1182165,2025,70,3,0,700,2539-1182
2569500,1203500,2024,70,30,0,700,2569-1203
2571470.53406229,1202564.24394483,2023,70,6,0,700,2571-1202
2539500,1182500,2025,70,3,0,700,2539-1182
2539405.23201617,1182388.82094444,2025,70,3,0,700,2539-1182
2707056,1279421,2023,3,2,0,700,2707-1279
2706678,1279557,2023,3,4,0,700,2706-1279
2569741,1203066,2024,3,2,0,700,2569-1203
2569525.56262002,1203696.28167077,2025,3,6,0,700,2569-1203
2593377,1201457,2025,3,1,0,700,2593-1201
2593594,1201520,2023,3,2,0,700,2593-1201
2594735,1201427,2024,3,3,0,700,2594-1201
2660500,1270500,2023,3,56,0,700,2660-1270
2569644.55120499,1203073.27749823,2022,3,,0,700,2569-1203
2539046.23780685,1182645.82975201,2023,3,32,0,700,2539-1182
2570171.55826185,1203620.27005927,2024,3,6,0,700,2570-1203
2539046.23780685,1182645.82975201,2025,3,11,0,700,2539-1182
2539046.23780685,1182645.82975201,2023,3,21,0,700,2539-1182
2580090.6502114,1212497.13430467,2024,9,22,0,700,2580-1212
2580090.6502114,1212497.13430467,2024,9,34,0,700,2580-1212
2569525.56262002,1203696.28167077,2021,9,,0,700,2569-1203
2575383.48559548,1257918.33890068,2024,9,2,0,700,2575-1257
2579500,1212500,2022,9,2,0,700,2579-1212
2655500,1272500,2025,9,4,0,700,2655-1272
2594683,1201716,2025,9,2,0,700,2594-1201
2539046.23780685,1182645.82975201,2023,9,4,0,700,2539-1182
2539046.23780685,1182645.82975201,2024,9,45,0,700,2539-1182
2570500,1203500,2024,9,20,0,700,2570-1203
2571979.5317557,1202565.23517221,2022,9,2,0,700,2571-1202
2614460,1269839,2023,9,2,0,700,2614-1269
2614442,1269780,2025,9,2,0,700,2614-1269
2614460,1269839,2025,9,2,0,700,2614-1269
2530702,1151050,2021,9,1,0,700,2530-1151
2569500,1203500,2024,9,20,0,700,2569-1203
2660500,1270500,2023,15,21,0,700,2660-1270
2660500,1270500,2022,15,5,0,700,2660-1270
2579500,1212500,2022,15,3,0,700,2579-1212
2571500,1202500,2025,15,8,0,700,2571-1202
2593790,1201758,2021,15,3,0,700,2593-1201
2614478,1269865,2022,15,2,0,700,2614-1269
2530745,1151041,2023,15,2,0,700,2530-1151
2575760,1258988,2025,15,2,0,700,2575-1258
2614590,1269719,2022,15,2,0,700,2614-1269
2660500,1270500,2022,15,7,0,700,2660-1270
2539102,1182650,2021,15,12,0,700,2539-1182
2539077,1182782,2021,15,14,0,700,2539-1182
2539087,1182850,2021,15,9,0,700,2539-1182
2539099,1182680,2021,15,14,0,700,2539-1182
2539046.23780685,1182645.82975201,2023,15,1,0,700,2539-1182
2539046.23780685,1182645.82975202,2022,15,2,0,700,2539-1182
2570171.55826185,1203620.27005927,2024,15,2,0,700,2570-1203
2570500,1203500,2022,15,3,0,700,2570-1203
2660500,1270500,2022,15,4,0,700,2660-1270
2571591.55131907,1203606.24530663,2024,15,2,0,700,2571-1203
2660500,1269892,2024,21,2,0,700,2660-1269
2660500,1270500,2024,21,4,0,700,2660-1270
2594500,1201500,2022,21,1,0,700,2594-1201
2594452,1201666,2021,21,2,0,700,2594-1201
2569500,1203500,2021,21,1,0,700,2569-1203
2580090.6502114,1212497.13430467,2021,21,1,0,700,2580-1212
2593667,1201683,2021,21,2,0,700,2593-1201
2594765,1201719,2024,21,2,0,700,2594-1201
2660500,1270500,2021,21,2,0,700,2660-1270
2575383.48559548,1257918.33890068,2023,21,2,0,700,2575-1257
2570171.55826185,1203620.27005927,2023,21,2,0,700,2570-1203
2614460,1269839,2021,21,1,0,700,2614-1269
2572827,1202904,2024,21,2,0,700,2572-1202
2572880,1202878,2024,21,2,4,700,2572-1202
2572869,1202874,2025,21,2,4,700,2572-1202
2660500,1270500,2023,21,13,0,700,2660-1270
2660500,1270500,2022,21,2,0,700,2660-1270
2569500,1203500,2022,27,1,1,700,2569-1203
2660500,1270500,2022,27,12,1,700,2660-1270
2660500,1270500,2022,27,2,1,700,2660-1270
2575368,1258025,2021,27,9,13,700,2575-1258
2570375,1202597,2022,27,2,1,700,2570-1202
2575238,1258102,2022,27,1,2,700,2575-1258
2594876,1201489,2024,27,2,2,700,2594-1201
2678411,1261977,2021,27,2,2,700,2678-1261
2648526,1215716,2021,27,1,2,700,2648-1215
2570500,1203500,2022,27,3,2,700,2570-1203
2660198,1270352,2025,27,6,13,700,2660-1270
2660500,1270500,2021,27,2,2,700,2660-1270
2660500,1270500,2023,27,12,2,700,2660-1270
2614460,1269839,2021,27,1,2,700,2614-1269
2678451.8885035,1261824.64753559,2021,27,2,1,700,2678-1261
2660500,1270500,2025,33,,2,700,2660-1270
2614460,1269839,2023,33,2,4,700,2614-1269
2660500,1270500,2023,39,,1,700,2660-1270
2660500,1270500,2023,39,,1,700,2660-1270
2660500,1270500,2025,39,50,1,700,2660-1270
2659500,1270500,2025,39,,2,700,2659-1270
2570589,1202980,2023,39,9,1,700,2570-1202
2660171,1270208,2025,39,128,2,700,2660-1270
2660552,1269985,2025,39,,1,700,2660-1269
2614460,1269839,2025,39,1,1,700,2614-1269
2659500,1271500,2021,46,50,0,700,2659-1271
2660500,1270500,2021,46,,0,700,2660-1270
2560500,1194500,2025,46,2,0,700,2560-1194
2614460,1269839,2023,46,1,2,700,2614-1269
2660334,1269933,2025,52,7,0,700,2660-1269
2660238,1269914,2025,52,21,0,700,2660-1269
2660500,1270500,2021,52,,0,700,2660-1270
2594757,1201661,2023,52,1,0,700,2594-1201
2660226,1269923,2021,52,120,0,700,2660-1269
2660226,1270072,2025,52,2,0,700,2660-1270
2660292,1269861,2025,52,,0,700,2660-1269
2659500,1271500,2021,52,220,0,700,2659-1271
2660500,1269500,2025,52,6,0,700,2660-1269
2660500,1270500,2021,52,,0,700,2660-1270
2594500,1201500,2021,52,2,0,700,2594-1201
2570500,1203500,2025,52,1,0,700,2570-1203
2539091,1182648,2023,52,,0,700,2539-1182
2539055,1182863,2023,52,7,0,700,2539-1182
2678500,1261500,2024,52,3,0,700,2678-1261
2569522,1203686,2025,52,3,0,700,2569-1203
2678515.88908633,1261671.64722243,2024,52,2,0,700,2678-1261
2660500,1269500,2025,58,,0,700,2660-1269
2594700,1201699,2025,58,14,0,700,2594-1201
2660500,1270500,2022,58,,0,700,2660-1270
2660523,1269839,2021,58,,0,700,2660-1269
2594500,1201500,2021,58,2,0,700,2594-1201
2569500,1203500,2024,58,9,0,700,2569-1203
2569760,1203430,2023,58,2,0,700,2569-1203
2594517,1201627,2025,58,14,0,700,2594-1201
2569752,1203432,2024,58,1,0,700,2569-1203
2594706,1201469,2023,58,2,0,700,2594-1201
2569429,1203628,2025,58,1,0,700,2569-1203
2569597,1203730,2021,58,13,0,700,2569-1203
2570171.55826185,1203620.27005927,2024,58,2,0,700,2570-1203
2660500,1270500,2024,58,,0,700,2660-1270
2594750,1201659,2023,64,2,0,700,2594-1201
2594734,1201641,2022,64,2,0,700,2594-1201
2614460,1269839,2024,64,1,0,700,2614-1269
2539046.23780685,1182645.82975201,2024,64,1,0,700,2539-1182
2569525.56262002,1203696.28167077,2021,64,12,0,700,2569-1203
2569525.56262002,1203696.28167077,2021,64,1,0,700,2569-1203
2539071,1182768,2024,70,25,0,700,2539-1182
2570500,1203500,2025,70,20,0,700,2570-1203
2594725,1201624,2022,70,2,0,700,2594-1201
2656500,1273500,2021,70,3,0,700,2656-1273
2614460,1269839,2023,70,2,0,700,2614-1269
2539046.23780685,1182645.82975202,2022,70,23,0,700,2539-1182
2539046.23780685,1182645.82975201,2025,70,3,0,700,2539-1182
2569710,1203363,2023,70,65,0,700,2569-1203
2571500,1202500,2023,70,100,0,700,2571-1202
2539122,1182682,2021,3,30,0,700,2539-1182
2539042,1182599,2025,3,21,0,700,2539-1182
2539046.23780685,1182645.82975201,2025,3,28,0,700,2539-1182
2539046.23780685,1182645.82975201,2024,3,43,0,700,2539-1182
2539046.23780685,1182645.82975201,2023,3,29,0,700,2539-1182
2539405.23201617,1182388.82094444,2023,3,4,0,700,2539-1182
2594723,1201677,2025,3,1,0,700,2594-1201
2620500,1265500,2021,3,100,0,700,2620-1265
2670300.06850856,1242299.56432466,2021,10,5,0,700,2670-1242
2569500,1203500,2021,10,15,0,700,2569-1203
2614460,1269839,2025,10,2,0,700,2614-1269
2614590,1269719,2023,10,2,0,700,2614-1269
2539046.23780685,1182645.82975201,2023,10,16,0,700,2539-1182
2539046.23780685,1182645.82975201,2023,10,11,0,700,2539-1182
2539046.23780685,1182645.82975201,2024,10,51,0,700,2539-1182
2570500,1203500,2021,10,8,0,700,2570-1203
2570118,1203742,2025,10,3,0,700,2570-1203
2627500,1268500,2021,10,23,0,700,2627-1268
2539500,1182500,2023,15,1,0,700,2539-1182
2570500,1203500,2024,15,4,0,700,2570-1203
2569500,1203500,2024,15,1,0,700,2569-1203
2569857.55231118,1203193.27414935,2024,15,5,0,700,2569-1203
2659879,1270394,2025,15,1,0,700,2659-1270
2660172,1270113,2025,15,3,0,700,2660-1270
2660007,1270243,2025,15,4,0,700,2660-1270
2659800,1270547,2025,15,4,0,700,2659-1270
2614460,1269839,2024,15,4,0,700,2614-1269
2539059,1182685,2022,15,2,0,700,2539-1182
2570786.54709269,1203140.25772041,2025,15,8,0,700,2570-1203
2594723,1201654,2024,15,2,0,700,2594-1201
2569644.55120499,1203073.27749822,2023,15,2,0,700,2569-1203
2660500,1270500,2024,21,6,0,700,2660-1270
2571328.52716224,1202123.24494393,2022,21,2,0,700,2571-1202
2660500,1270500,2024,21,6,0,700,2660-1270
2614460,1269839,2024,21,1,0,700,2614-1269
2614460,1269839,2022,21,2,0,700,2614-1269
2614503,1269845,2022,21,2,0,700,2614-1269
2703978,1282241,2022,21,2,0,700,2703-1282
2691548,1247582,2022,21,1,0,700,2691-1247
2594033,1201600,2022,21,1,0,700,2594-1201
2575268,1258093,2021,21,2,0,700,2575-1258
2660500,1270500,2022,21,2,0,700,2660-1270
2594353,1201714,2021,21,2,0,700,2594-1201
2614439,1269777,2025,27,13,13,700,2614-1269
2614430,1269825,2023,27,1,13,700,2614-1269
2614460,1269839,2021,27,1,2,700,2614-1269
2572500,1204500,2021,27,3,1,700,2572-1204
2660500,1270500,2024,27,14,1,700,2660-1270
2572740,1206375,2022,27,1,2,700,2572-1206
2569064,1203196,2022,27,2,2,700,2569-1203
2594147,1201758,2025,27,3,2,700,2594-1201
2570500,1203500,2025,34,2,2,700,2570-1203
2614447,1269797,2025,34,13,13,700,2614-1269
2620717.75996161,1265315.77940843,2023,34,9,1,700,2620-1265
2660500,1270500,2025,34,7,4,700,2660-1270
2575382,1257911,2024,34,24,13,700,2575-1257
2729500,1275500,2025,34,2,1,700,2729-1275
2620500,1265500,2021,40,4,2,700,2620-1265
2660500,1270500,2025,40,35,2,700,2660-1270
2569334,1203387,2023,40,6,13,700,2569-1203
2660222,1269921,2025,40,57,1,700,2660-1269
2660500,1270500,2025,40,,4,700,2660-1270
2660500,1270500,2025,40,,1,700,2660-1270
2569219,1203161,2023,40,2,1,700,2569-1203
2614460,1269839,2024,46,6,0,700,2614-1269
2660500,1270500,2023,46,50,0,700,2660-1270
2660500,1270500,2024,46,,0,700,2660-1270
2660500,1270500,2021,46,,0,700,2660-1270
2660224,1270074,2023,46,,0,700,2660-1270
2660233,1269906,2022,46,2,0,700,2660-1269
2660818,1269774,2022,46,100,0,700,2660-1269
2660500,1270500,2024,46,,0,700,2660-1270
2660500,1270500,2024,52,20,0,700,2660-1270
2660500,1269500,2024,52,50,0,700,2660-1269
2614460,1269839,2024,52,1,0,700,2614-1269
2539046.23780685,1182645.82975201,2023,52,2,0,700,2539-1182
2570171.55826185,1203620.27005927,2025,52,,0,700,2570-1203
2660500,1270500,2023,52,,0,700,2660-1270
2569525.56262002,1203696.28167077,2025,52,3,0,700,2569-1203
2580090.6502114,1212497.13430467,2023,52,5,0,700,2580-1212
2660500,1270500,2024,52,150,0,700,2660-1270
2660500,1270500,2025,52,,0,700,2660-1270
2594699,1201648,2021,52,2,0,700,2594-1201
2678435,1261669,2024,52,2,0,700,2678-1261
2660500,1270500,2021,58,,0,700,2660-1270
2539022,1182692,2023,58,2,0,700,2539-1182
2539093,1182795,2023,58,2,0,700,2539-1182
2614460,1269839,2025,58,1,0,700,2614-1269
2614460,1269839,2024,58,1,0,700,2614-1269
2659278,1271221,2023,58,18,0,700,2659-1271
2569645,1203211,2022,58,13,0,700,2569-1203
2660229,1269923,2022,58,,0,700,2660-1269
2660500,1270500,2025,58,150,0,700,2660-1270
2594824,1201492,2021,58,2,0,700,2594-1201
2594086,1201691,2023,58,1,0,700,2594-1201
2660114,1269949,2025,58,15,0,700,2660-1269
2660354,1269973,2025,58,8,0,700,2660-1269
2660296,1269959,2023,58,3,0,700,2660-1269
2660222,1269911,2021,58,28,0,700,2660-1269
2660178,1270302,2023,58,3,0,700,2660-1270
2593645,1201515,2023,64,5,0,700,2593-1201
2539046.23780685,1182645.82975201,2024,64,1,0,700,2539-1182
2539046.23780685,1182645.82975201,2023,64,1,0,700,2539-1182
2660500,1270500,2023,70,,0,700,2660-1270
2569500,1203500,2024,70,2,0,700,2569-1203
2594500,1201500,2022,70,2,0,700,2594-1201
2539405.23201616,1182388.82094445,2022,70,7,0,700,2539-1182
2539046.23780685,1182645.82975202,2022,70,24,0,700,2539-1182
2660500,1270500,2025,4,120,0,700,2660-1270
2627500,1268500,2021,4,21,0,700,2627-1268
2580109,1212105,2024,4,60,0,700,2580-1212
2539058,1182794,2021,4,38,0,700,2539-1182
2539300,1182221,2021,4,13,0,700,2539-1182
2569500,1203500,2021,4,4,0,700,2569-1203
2568500,1203500,2022,4,8,0,700,2568-1203
2659500,1271500,2024,4,,0,700,2659-1271
2539046.23780685,1182645.82975201,2024,4,38,0,700,2539-1182
2539046.23780685,1182645.82975201,2023,4,30,0,700,2539-1182
2660500,1270500,2025,4,17,0,700,2660-1270
2570165,1203127,2021,10,2,0,700,2570-1203
2569502,1203594,2025,10,1,0,700,2569-1203
2660500,1270500,2025,10,30,0,700,2660-1270
2594572,1201612,2025,10,2,0,700,2594-1201
2539065,1182829,2024,10,,0,700,2539-1182
2539393,1182239,2022,10,17,0,700,2539-1182
2539092,1182677,2023,10,11,0,700,2539-1182
2660500,1270500,2023,10,52,0,700,2660-1270
2660500,1269500,2022,10,6,0,700,2660-1269
2539046.23780685,1182645.82975202,2021,10,32,0,700,2539-1182
2614460,1269839,2025,10,2,0,700,2614-1269
2614460,1269839,2023,10,2,0,700,2614-1269
2660500,1270500,2021,10,20,0,700,2660-1270
2570553.53980193,1202655.26017325,2023,10,4,0,700,2570-1202
2539046.23780685,1182645.82975201,2023,10,22,0,700,2539-1182
2539046.23780685,1182645.82975201,2023,10,26,0,700,2539-1182
2539046.23780685,1182645.82975201,2023,10,16,0,700,2539-1182
2660500,1270500,2025,10,30,0,700,2660-1270
2660500,1270500,2024,15,2,0,700,2660-1270
2660500,1270500,2023,15,,0,700,2660-1270
2614450.91388358,1269819.8364628,2024,15,2,0,700,2614-1269
2660500,1270500,2024,15,4,0,700,2660-1270
2660500,1270500,2024,15,3,0,700,2660-1270
2594337,1201697,2022,15,2,0,700,2594-1201
2539015,1182788,2021,15,13,0,700,2539-1182
2572549,1204186,2021,15,1,0,700,2572-1204
2539046.23780685,1182645.82975201,2023,15,5,0,700,2539-1182
2539046.23780685,1182645.82975201,2023,15,5,0,700,2539-1182
2539046.23780685,1182645.82975201,2023,15,1,0,700,2539-1182
2539046.23780685,1182645.82975201,2024,15,1,0,700,2539-1182
2660500,1270500,2022,15,2,0,700,2660-1270
2614460,1269839,2025,15,2,0,700,2614-1269
2660500,1270500,2021,15,5,0,700,2660-1270
2594595,1201583,2024,22,2,0,700,2594-1201
2660500,1270500,2025,22,4,0,700,2660-1270
2659177,1271823,2025,22,2,0,700,2659-1271
2575242,1258088,2025,22,1,0,700,2575-1258
2570608,1202075,2023,22,1,0,700,2570-1202
2575482,1258101,2025,22,1,0,700,2575-1258
2614460,1269839,2025,22,1,0,700,2614-1269
2659500,1270500,2021,22,2,0,700,2659-1270
2660500,1270500,2021,22,2,0,700,2660-1270
2763073,1247163,2023,28,2,7,700,2763-1247
2614460,1269839,2024,28,1,2,700,2614-1269
2572647,1203663,2022,28,2,4,700,2572-1203
2570458.54313553,1202823.26238902,2021,28,1,2,700,2570-1202
2594582,1201598,2025,34,4,4,700,2594-1201
2594430,1201647,2023,34,9,13,700,2594-1201
2594700,1201651,2024,34,6,2,700,2594-1201
2660500,1270500,2025,34,40,2,700,2660-1270
2614460,1269839,2021,34,1,2,700,2614-1269
2660229,1269904,2025,40,,1,700,2660-1269
2660500,1270500,2025,40,70,2,700,2660-1270
2656500,1273500,2021,46,5,0,700,2656-1273
2620500,1265500,2022,46,6,0,700,2620-1265
2660327,1269935,2025,46,12,0,700,2660-1269
2570495,1203509,2021,46,5,0,700,2570-1203
2614442,1269775,2023,46,1,0,700,2614-1269
2539046.23780685,1182645.82975201,2023,52,9,0,700,2539-1182
2568677,1203330,2023,52,1,0,700,2568-1203
2660500,1270500,2022,52,,0,700,2660-1270
2660500,1270500,2025,52,,0,700,2660-1270
2594783,1201639,2022,52,3,0,700,2594-1201
2594729,1201635,2023,52,2,0,700,2594-1201
2594723,1201643,2025,52,1,0,700,2594-1201
2660179,1269591,2022,52,70,0,700,2660-1269
2660279,1269866,2024,52,5,0,700,2660-1269
2594500,1201500,2021,52,2,0,700,2594-1201
2569417,1203628,2023,52,1,0,700,2569-1203
2614435,1269776,2024,52,1,0,700,2614-1269
2614460,1269839,2024,58,1,0,700,2614-1269
2660341,1269907,2025,58,80,0,700,2660-1269
2614460,1269839,2021,58,2,0,700,2614-1269
2539046.23780685,1182645.82975201,2023,58,2,0,700,2539-1182
2539046.23780685,1182645.82975201,2023,58,2,0,700,2539-1182
2539046.23780685,1182645.82975202,2021,58,2,0,700,2539-1182
2594662,1201680,2025,58,12,0,700,2594-1201
2594425,1201738,2021,58,1,0,700,2594-1201
2660416,1269828,2025,58,23,0,700,2660-1269
2660098,1270547,2023,58,10,0,700,2660-1270
2660500,1269500,2025,58,60,0,700,2660-1269
2660500,1270500,2024,58,85,0,700,2660-1270
2569525.56262002,1203696.28167077,2021,58,10,0,700,2569-1203
2569591,1203723,2021,58,8,0,700,2569-1203
2569484,1203436,2022,58,2,0,700,2569-1203
2569580,1203485,2022,58,2,0,700,2569-1203
2569525.56262002,1203696.28167077,2024,58,3,0,700,2569-1203
2594732,1201541,2022,64,2,0,700,2594-1201
2570171.55826185,1203620.27005927,2025,64,7,0,700,2570-1203
2729500,1275500,2023,64,25,0,700,2729-1275
2729500,1275500,2024,64,5,0,700,2729-1275
2539020,1182578,2022,64,2,0,700,2539-1182
2539305,1182352,2022,64,3,0,700,2539-1182
2660500,1270500,2024,64,,0,700,2660-1270
2594500,1201500,2022,70,2,0,700,2594-1201
2594662,1201682,2021,70,2,0,700,2594-1201
2594687,1201651,2022,70,2,0,700,2594-1201
2594836,1201375,2022,70,2,0,700,2594-1201
2575275,1258113,2023,70,2,0,700,2575-1258
2539046.23780685,1182645.82975201,2025,70,3,0,700,2539-1182
2593500,1201500,2021,70,2,0,700,2593-1201
2660500,1270500,2024,70,50,0,700,2660-1270
2569500,1203500,2024,70,20,0,700,2569-1203
2707563,1279028,2022,70,7,0,700,2707-1279
2660500,1269500,2023,70,,0,700,2660-1269
2539093,1182648,2025,4,3,0,700,2539-1182
2539316,1182352,2025,4,7,0,700,2539-1182
2539071,1182811,2021,4,26,0,700,2539-1182
2539076,1182751,2024,4,24,0,700,2539-1182
2539117,1182858,2021,4,16,0,700,2539-1182
2539100,1182653,2021,4,13,0,700,2539-1182
2660927,1269773,2023,4,4,0,700,2660-1269
2569395,1203339,2022,4,45,0,700,2569-1203
2569500,1203500,2021,4,2,0,700,2569-1203
2660500,1270500,2021,4,20,0,700,2660-1270
2539046.23780685,1182645.82975202,2022,4,11,0,700,2539-1182
2539046.23780685,1182645.82975201,2023,4,15,0,700,2539-1182
2539046.23780685,1182645.82975201,2024,4,41,0,700,2539-1182
2655500,1272500,2025,4,60,0,700,2655-1272
2627500,1268500,2021,10,79,0,700,2627-1268
2569621,1203427,2021,10,6,0,700,2569-1203
2539083,1182658,2023,10,12,0,700,2539-1182
2539096,1182694,2021,10,29,0,700,2539-1182
2539104,1182856,2024,10,36,0,700,2539-1182
2660500,1270500,2025,10,,0,700,2660-1270
2659500,1271500,2024,10,6,0,700,2659-1271
2539046.23780685,1182645.82975201,2023,10,12,0,700,2539-1182
2539046.23780685,1182645.82975201,2023,10,12,0,700,2539-1182
2614460,1269839,2022,10,2,0,700,2614-1269
2614460,1269839,2025,10,2,0,700,2614-1269
2660500,1270500,2025,10,5,0,700,2660-1270
2659500,1271500,2021,10,6,0,700,2659-1271
2569525.56262002,1203696.28167077,2025,10,,0,700,2569-1203
2660242,1269951,2022,10,2,0,700,2660-1269
2569525.56262002,1203696.28167077,2021,10,10,0,700,2569-1203
2659500,1270500,2021,10,7,0,700,2659-1270
2580500,1212500,2024,16,4,0,700,2580-1212
2569500,1203500,2023,16,1,0,700,2569-1203
2691534,1247625,2022,16,2,0,700,2691-1247
2571342,1202065,2024,16,2,0,700,2571-1202
2539005,1182821,2022,16,2,0,700,2539-1182
2539066,1182818,2022,16,2,0,700,2539-1182
2539094,1182646,2022,16,2,0,700,2539-1182
2539156,1182669,2023,16,6,0,700,2539-1182
2614460,1269839,2022,16,2,0,700,2614-1269
2659244,1271483,2025,16,2,0,700,2659-1271
2659969,1270602,2025,16,2,0,700,2659-1270
2614387,1269820,2023,16,2,0,700,2614-1269
2614463,1269846,2024,16,1,0,700,2614-1269
2539046.23780685,1182645.82975201,2023,16,5,0,700,2539-1182
2568879,1203153,2024,16,1,0,700,2568-1203
2660500,1270500,2025,16,10,0,700,2660-1270
2575317,1258077,2025,16,2,0,700,2575-1258
2614507,1269851,2025,22,1,0,700,2614-1269
2614460,1269839,2025,22,1,2,700,2614-1269
2614460,1269839,2021,22,1,0,700,2614-1269
2570171.55826185,1203620.27005927,2021,22,2,0,700,2570-1203
2660500,1270500,2022,22,2,0,700,2660-1270
2594417,1201609,2022,22,1,0,700,2594-1201
2660500,1270500,2024,22,9,0,700,2660-1270
2575500,1258500,2021,22,2,0,700,2575-1258
2569525.56262002,1203696.28167077,2021,22,2,0,700,2569-1203
2670698,1242061,2025,28,2,4,700,2670-1242
2575383.48559548,1257918.33890068,2024,28,14,13,700,2575-1257
2572060.52564182,1202227.23266409,2022,28,1,1,700,2572-1202
2614000,1268899,2024,28,2,1,700,2614-1268
2594455,1201645,2024,28,2,4,700,2594-1201
2594347,1201660,2021,28,1,2,700,2594-1201
2570553.53980193,1202655.26017325,2023,28,1,1,700,2570-1202
2614460,1269839,2021,34,1,2,700,2614-1269
2691498,1247636,2021,34,2,2,700,2691-1247
2627500,1268500,2021,34,2,2,700,2627-1268
2571079,1201948,2025,34,3,13,700,2571-1201
2660500,1270500,2025,34,,13,700,2660-1270
2729500,1275500,2025,34,2,1,700,2729-1275
2660500,1270500,2024,40,,1,700,2660-1270
2660500,1270500,2022,40,,1,700,2660-1270
2660500,1270500,2023,40,,4,700,2660-1270
2660500,1270500,2023,40,,4,700,2660-1270
2620500,1265500,2021,40,7,13,700,2620-1265
2660500,1270500,2025,40,,1,700,2660-1270
2660500,1270500,2025,46,,0,700,2660-1270
2660500,1270500,2022,46,,0,700,2660-1270
2771201,1183896,2022,46,3,0,700,2771-1183
2660313,1269897,2024,46,100,0,700,2660-1269
2660152,1270181,2021,46,,0,700,2660-1270
2660653,1269732,2024,46,4,0,700,2660-1269
2660500,1269500,2024,46,50,0,700,2660-1269
2539143,1182667,2023,52,8,0,700,2539-1182
2570500,1203500,2023,52,1,0,700,2570-1203
2660500,1270500,2022,52,200,0,700,2660-1270
2570500,1203500,2023,52,1,0,700,2570-1203
2660500,1270500,2021,52,,0,700,2660-1270
2570500,1203500,2023,52,1,0,700,2570-1203
2594754,1201517,2022,52,4,0,700,2594-1201
2594717,1201661,2023,52,2,0,700,2594-1201
2660168,1270234,2023,52,,0,700,2660-1270
2660491,1269867,2022,52,6,0,700,2660-1269
2660292,1269860,2023,52,,0,700,2660-1269
2660500,1270500,2025,52,150,0,700,2660-1270
2620500,1265500,2024,58,140,0,700,2620-1265
2569857.55231118,1203193.27414936,2022,58,10,0,700,2569-1203
2614460,1269839,2024,58,1,0,700,2614-1269
2539046.23780685,1182645.82975201,2023,58,2,0,700,2539-1182
2568918,1203328,2021,58,1,0,700,2568-1203
2660249,1269914,2022,58,5,0,700,2660-1269
2660500,1270500,2021,58,,0,700,2660-1270
2655500,1272500,2024,65,3,0,700,2655-1272
2539104,1182651,2021,65,1,0,700,2539-1182
2614460,1269839,2024,65,1,0,700,2614-1269
2729500,1275500,2024,65,4,0,700,2729-1275
2572500,1204500,2021,65,9,0,700,2572-1204
2594768,1201492,2023,65,4,0,700,2594-1201
2660500,1270500,2021,71,9,0,700,2660-1270
2614480,1269833,2025,71,2,0,700,2614-1269
2702720,1281760,2022,71,3,0,700,2702-1281
2594500,1201500,2024,71,1,0,700,2594-1201
2539500,1182500,2024,71,8,0,700,2539-1182
2614460,1269839,2023,71,2,0,700,2614-1269
2539405.23201616,1182388.82094445,2022,71,22,0,700,2539-1182
2539046.23780685,1182645.82975201,2025,71,3,0,700,2539-1182
2655500,1272500,2024,71,24,0,700,2655-1272
2660500,1270500,2022,71,10,0,700,2660-1270
2594679,1201706,2021,71,2,0,700,2594-1201
2594745,1201580,2024,71,1,0,700,2594-1201
2594713,1201659,2022,71,2,0,700,2594-1201
2594719,1201663,2023,4,2,0,700,2594-1201
2539151,1182685,2021,4,28,0,700,2539-1182
2539067,1182745,2025,4,6,0,700,2539-1182
2593546,1201442,2023,4,2,0,700,2593-1201
2593635,1201532,2024,4,2,0,700,2593-1201
2592694,1201259,2023,4,2,0,700,2592-1201
2614700,1269099,2025,4,15,0,700,2614-1269
2660500,1270500,2021,4,18,0,700,2660-1270
2539046.23780685,1182645.82975201,2023,4,13,0,700,2539-1182
2539405.23201617,1182388.82094444,2023,4,16,0,700,2539-1182
2539046.23780685,1182645.82975201,2023,4,13,0,700,2539-1182
2539046.23780685,1182645.82975201,2024,4,18,0,700,2539-1182
2593845,1201787,2022,10,3,0,700,2593-1201
2594739,1201619,2025,10,6,0,700,2594-1201
2580090.6502114,1212497.13430467,2024,10,20,0,700,2580-1212
2572635,1204619,2025,10,40,0,700,2572-1204
2580150,1212145,2024,10,67,0,700,2580-1212
2539361,1182400,2021,10,2,0,700,2539-1182
2539044,1182587,2021,10,31,0,700,2539-1182
2580142,1212128,2024,10,32,0,700,2580-1212
2539067,1182956,2022,10,15,0,700,2539-1182
2594559,1201686,2025,10,6,0,700,2594-1201
2571470.53406229,1202564.24394484,2022,10,2,0,700,2571-1202
2571470.53406229,1202564.24394483,2025,10,,0,700,2571-1202
2614460,1269839,2022,10,2,0,700,2614-1269
2614460,1269839,2024,10,2,0,700,2614-1269
2614500,1269873,2025,10,2,0,700,2614-1269
2539046.23780685,1182645.82975201,2023,10,9,0,700,2539-1182
2539046.23780685,1182645.82975201,2023,10,2,0,700,2539-1182
2569630,1203340,2023,10,2,0,700,2569-1203
2572500,1204500,2021,16,2,0,700,2572-1204
2594323,1201541,2023,16,2,0,700,2594-1201
2572898,1202878,2025,16,2,4,700,2572-1202
2539011,1182779,2023,16,6,0,700,2539-1182
2594500,1201500,2021,16,3,0,700,2594-1201
2631500,1268500,2024,16,2,0,700,2631-1268
2659500,1270500,2025,16,1,0,700,2659-1270
2569857.55231118,1203193.27414935,2025,16,8,0,700,2569-1203
2660500,1270500,2024,16,2,0,700,2660-1270
2614460,1269839,2023,16,2,0,700,2614-1269
2614368,1269859,2022,16,2,0,700,2614-1269
2569644.55120499,1203073.27749823,2021,16,3,0,700,2569-1203
2539046.23780685,1182645.82975201,2023,16,6,0,700,2539-1182
2729500,1275500,2023,22,3,0,700,2729-1275
2660500,1270500,2021,22,2,0,700,2660-1270
2594191,1201738,2021,22,1,0,700,2594-1201
2593658,1201628,2022,22,2,0,700,2593-1201
2594585,1201609,2024,22,2,4,700,2594-1201
2570793,1203094,2025,22,2,0,700,2570-1203
2539103,1182719,2022,22,2,0,700,2539-1182
2660500,1270500,2025,22,6,0,700,2660-1270
2614460,1269839,2023,22,1,0,700,2614-1269
2614460,1269839,2021,22,1,0,700,2614-1269
2614460,1269839,2025,22,1,0,700,2614-1269
2660500,1270500,2023,22,12,0,700,2660-1270
2620500,1265500,2021,28,6,13,700,2620-1265
2703262,1284107,2025,28,2,4,700,2703-1284
2575383.48559548,1257918.33890068,2023,28,1,1,700,2575-1257
2570550,1202642,2023,28,1,2,700,2570-1202
2580500,1212500,2021,28,1,1,700,2580-1212
2620500,1265500,2023,28,30,13,700,2620-1265
2614460,1269839,2025,28,13,13,700,2614-1269
2660235,1269902,2025,28,2,1,700,2660-1269
2659944,1270572,2025,28,6,13,700,2659-1270
2614460,1269839,2024,28,2,4,700,2614-1269
2570500,1203500,2023,28,1,2,700,2570-1203
2620500,1265500,2021,28,7,13,700,2620-1265
2575383.48559548,1257918.33890068,2022,28,5,13,700,2575-1257
2660247,1270094,2023,34,5,1,700,2660-1270
2594549,1201604,2025,34,6,4,700,2594-1201
2614460,1269839,2023,34,2,4,700,2614-1269
2560500,1194500,2025,40,1,8,700,2560-1194
2575383.48559548,1257918.33890068,2023,40,3,1,700,2575-1257
2660500,1270500,2024,46,,0,700,2660-1270
2660500,1270500,2024,46,,0,700,2660-1270
2660500,1270500,2024,46,,0,700,2660-1270
2660078,1270093,2024,46,3,0,700,2660-1270
2660192,1269938,2025,46,,0,700,2660-1269
2660290,1269862,2024,46,13,0,700,2660-1269
2660500,1270500,2022,46,,0,700,2660-1270
2594835,1201390,2021,53,2,0,700,2594-1201
2594482,1201905,2025,53,1,0,700,2594-1201
2594741,1201519,2021,53,4,0,700,2594-1201
2678500,1261500,2024,53,2,0,700,2678-1261
2660500,1270500,2022,53,183,0,700,2660-1270
2660500,1270500,2025,53,,0,700,2660-1270
2620500,1265500,2023,53,60,0,700,2620-1265
2678496,1261639,2024,53,2,0,700,2678-1261
2660306,1269962,2022,53,5,0,700,2660-1269
2660500,1270500,2022,53,100,0,700,2660-1270
2539046.23780685,1182645.82975201,2023,59,2,0,700,2539-1182
2570171.55826185,1203620.27005927,2024,59,7,0,700,2570-1203
2594689,1201668,2023,59,2,0,700,2594-1201
2594831,1201297,2023,59,2,0,700,2594-1201
2594717,1201530,2021,59,2,0,700,2594-1201
2594064,1201617,2025,59,4,0,700,2594-1201
2569500,1203500,2022,59,20,0,700,2569-1203
2620500,1265500,2024,59,82,0,700,2620-1265
2659500,1271500,2021,59,,0,700,2659-1271
2660500,1270500,2021,59,35,0,700,2660-1270
2660500,1270500,2021,59,67,0,700,2660-1270
2570553.53980193,1202655.26017326,2022,59,2,0,700,2570-1202
2614460,1269839,2021,59,2,0,700,2614-1269
2614460,1269839,2024,59,1,0,700,2614-1269
2614442,1269805,2024,65,1,0,700,2614-1269
2729238,1275461,2024,65,2,0,700,2729-1275
2539046.23780685,1182645.82975202,2021,65,1,0,700,2539-1182
2539046.23780685,1182645.82975201,2024,65,1,0,700,2539-1182
2660500,1270500,2023,65,35,0,700,2660-1270
2729500,1275500,2024,65,2,0,700,2729-1275
2570500,1203500,2022,65,6,0,700,2570-1203
2594500,1201500,2023,65,4,0,700,2594-1201
2569500,1203500,2021,65,29,0,700,2569-1203
2570500,1203500,2022,65,5,0,700,2570-1203
2539405.23201616,1182388.82094445,2022,71,27,0,700,2539-1182
2539405.23201617,1182388.82094444,2024,71,13,0,700,2539-1182
2539046.23780685,1182645.82975201,2025,71,3,0,700,2539-1182
2539046.23780685,1182645.82975201,2024,71,5,0,700,2539-1182
2539305,1182353,2024,71,13,0,700,2539-1182
2539036,1182608,2024,71,4,0,700,2539-1182
2569644.55120499,1203073.27749823,2021,71,20,0,700,2569-1203
2620500,1265500,2022,71,6,0,700,2620-1265
2539046.23780685,1182645.82975201,2023,4,3,0,700,2539-1182
2539046.23780685,1182645.82975201,2024,4,42,0,700,2539-1182
2570171.55826185,1203620.27005927,2025,4,20,0,700,2570-1203
2539046.23780685,1182645.82975201,2023,4,5,0,700,2539-1182
2627500,1268500,2021,4,37,0,700,2627-1268
2660500,1270500,2025,4,40,0,700,2660-1270
2660500,1270500,2025,4,3,0,700,2660-1270
2569506,1203675,2025,4,60,0,700,2569-1203
2569489,1203661,2025,4,95,0,700,2569-1203
2539500,1182500,2023,4,3,0,700,2539-1182
2660500,1270500,2025,4,3,0,700,2660-1270
2539287,1182339,2022,4,11,0,700,2539-1182
2539103,1182657,2021,4,29,0,700,2539-1182
2539071,1182806,2023,10,6,0,700,2539-1182
2539048,1182595,2021,10,28,0,700,2539-1182
2678743.88625199,1261738.64812515,2023,10,6,0,700,2678-1261
2614460,1269839,2022,10,2,0,700,2614-1269
2539046.23780685,1182645.82975201,2023,10,6,0,700,2539-1182
2627500,1268500,2022,10,123,0,700,2627-1268
2655500,1272500,2024,10,28,0,700,2655-1272
2572500,1204500,2021,10,40,0,700,2572-1204
2580167,1212153,2022,10,2,0,700,2580-1212
2731112.40876194,1279574.1108736,2024,10,2,0,700,2731-1279
2655500,1272500,2025,10,2,0,700,2655-1272
2539108,1182623,2021,16,1,0,700,2539-1182
2539099,1182653,2021,16,3,0,700,2539-1182
2575291,1257932,2023,16,2,0,700,2575-1257
2575314,1258073,2024,16,2,0,700,2575-1258
2539046.23780685,1182645.82975201,2023,16,4,0,700,2539-1182
2539046.23780685,1182645.82975201,2023,16,4,0,700,2539-1182
2678515.88908633,1261671.64722243,2025,16,3,0,700,2678-1261
2569857.55231118,1203193.27414935,2023,16,1,0,700,2569-1203
2614460,1269839,2022,16,1,0,700,2614-1269
2614460,1269839,2024,16,1,0,700,2614-1269
2614460,1269839,2021,16,1,0,700,2614-1269
2570500,1203500,2021,16,7,0,700,2570-1203
2570500,1203500,2023,22,,0,700,2570-1203
2691519,1247624,2022,22,1,0,700,2691-1247
2572882,1204225,2022,22,2,4,700,2572-1204
2530748,1151132,2023,22,2,0,700,2530-1151
2614460,1269839,2023,22,1,0,700,2614-1269
2614460,1269839,2025,22,2,0,700,2614-1269
2620765,1265471,2023,22,2,0,700,2620-1265
2575100,1258169,2023,22,2,0,700,2575-1258
2659500,1271500,2025,22,2,0,700,2659-1271
2594184,1201685,2022,22,2,0,700,2594-1201
2533144.07716398,1174938.94579795,2023,22,1,0,700,2533-1174
2660500,1270500,2021,22,2,0,700,2660-1270
2580090.6502114,1212497.13430467,2024,22,2,0,700,2580-1212
2614505,1269851,2024,28,3,13,700,2614-1269
2575383.48559548,1257918.33890068,2023,28,1,1,700,2575-1257
2614450.91388358,1269819.8364628,2024,28,2,1,700,2614-1269
2670300.06850856,1242299.56432466,2022,28,2,2,700,2670-1242
2660500,1270500,2025,28,11,13,700,2660-1270
2570644.54435311,1202943.25954089,2025,28,1,2,700,2570-1202
2614413,1269750,2025,28,13,13,700,2614-1269
2614460,1269839,2023,28,2,4,700,2614-1269
2570044,1203186,2025,28,1,2,700,2570-1203
2570522,1203816,2023,28,2,2,700,2570-1203
2660500,1270500,2021,28,5,1,700,2660-1270
2571129,1201937,2023,28,1,2,700,2571-1201
2594745,1201661,2023,28,9,13,700,2594-1201
2594474,1201634,2025,28,1,2,700,2594-1201
2620500,1265500,2021,28,10,13,700,2620-1265
2570553.53980193,1202655.26017325,2023,28,1,1,700,2570-1202
2539046.23780685,1182645.82975201,2023,34,1,1,700,2539-1182
2660500,1270500,2023,34,,2,700,2660-1270
2593500,1201500,2025,34,6,4,700,2593-1201
2614460,1269839,2023,34,2,4,700,2614-1269
2614460,1269839,2024,34,2,4,700,2614-1269
2595350,1201706,2024,34,4,2,700,2595-1201
2593440,1201720,2025,34,6,4,700,2593-1201
2594724,1201593,2023,34,8,13,700,2594-1201
2660348,1269940,2023,40,10,1,700,2660-1269
2660292,1269930,2025,40,49,2,700,2660-1269
2569500,1203500,2023,40,3,2,700,2569-1203
2575313.48974961,1258076.3403946,2024,40,10,13,700,2575-1258
2569857.55231118,1203193.27414935,2023,47,3,0,700,2569-1203
2660500,1270500,2021,47,,0,700,2660-1270
2660500,1270500,2024,47,,0,700,2660-1270
2614460,1269839,2023,47,8,4,700,2614-1269
2569525.56262002,1203696.28167077,2021,47,3,0,700,2569-1203
2660500,1269500,2025,47,,0,700,2660-1269
2570500,1203500,2025,47,1,0,700,2570-1203
2660270,1270104,2024,47,,0,700,2660-1270
2660280,1269941,2023,47,30,0,700,2660-1269
2575383.48559548,1257918.33890068,2023,47,2,0,700,2575-1257
2660500,1269500,2022,47,,0,700,2660-1269
2533248.07368523,1174778.94299175,2023,47,3,0,700,2533-1174
2660500,1270500,2022,47,,0,700,2660-1270
2569500,1203500,2023,53,1,0,700,2569-1203
2660500,1270500,2021,53,,0,700,2660-1270
2660500,1270500,2023,53,,0,700,2660-1270
2569441,1203592,2025,53,2,0,700,2569-1203
2569453,1203659,2023,53,1,0,700,2569-1203
2660205,1269885,2024,53,24,0,700,2660-1269
2660294,1269861,2024,53,16,0,700,2660-1269
2660322,1269950,2022,53,120,0,700,2660-1269
2660250,1269952,2022,53,100,0,700,2660-1269
2575383,1257918,2024,53,2,0,700,2575-1257
2627500,1268500,2021,53,5,0,700,2627-1268
2594755,1201607,2025,53,1,0,700,2594-1201
2614460,1269839,2024,59,1,0,700,2614-1269
2539046.23780685,1182645.82975201,2023,59,2,0,700,2539-1182
2660220,1269907,2025,59,,0,700,2660-1269
2570695,1202811,2021,59,3,0,700,2570-1202
2571523,1203016,2024,59,9,0,700,2571-1203
2659500,1271500,2021,59,,0,700,2659-1271
2614460,1269839,2024,65,1,0,700,2614-1269
2539046.23780685,1182645.82975201,2024,65,1,0,700,2539-1182
2594788,1201479,2023,65,4,0,700,2594-1201
2660500,1270500,2023,71,200,0,700,2660-1270
2627781,1268557,2021,71,50,0,700,2627-1268
2660500,1270500,2024,4,,0,700,2660-1270
2659393,1271337,2024,4,50,0,700,2659-1271
2539048,1182723,2024,4,65,0,700,2539-1182
2539141,1182661,2024,4,20,0,700,2539-1182
2539043,1182827,2023,4,2,0,700,2539-1182
2539453,1182360,2021,4,16,0,700,2539-1182
2539148,1182673,2021,4,30,0,700,2539-1182
2660500,1270500,2024,4,45,0,700,2660-1270
2569525.56262002,1203696.28167077,2024,4,2,0,700,2569-1203
2659500,1270500,2024,4,30,0,700,2659-1270
2594718,1201657,2023,4,2,0,700,2594-1201
2594057,1201676,2025,11,2,0,700,2594-1201
2594719,1201641,2025,11,2,0,700,2594-1201
2659500,1270500,2025,11,2,0,700,2659-1270
2539099,1182750,2021,11,15,0,700,2539-1182
2539067,1182682,2023,11,3,0,700,2539-1182
2571500,1202500,2021,11,55,0,700,2571-1202
2569857.55231118,1203193.27414935,2023,11,1,0,700,2569-1203
2614447,1269818,2023,11,2,0,700,2614-1269
2614460,1269839,2023,11,2,0,700,2614-1269
2614460,1269839,2022,11,2,0,700,2614-1269
2614477,1269805,2023,11,2,0,700,2614-1269
2614460,1269839,2024,11,2,0,700,2614-1269
2539046.23780685,1182645.82975201,2023,11,3,0,700,2539-1182
2539271.2361141,1182576.82448572,2021,11,19,0,700,2539-1182
2569630,1203329,2023,11,19,0,700,2569-1203
2659500,1270500,2021,11,4,0,700,2659-1270
2539500,1182500,2022,11,14,0,700,2539-1182
2568963,1203310,2022,16,4,0,700,2568-1203
2660500,1270500,2023,16,14,0,700,2660-1270
2659500,1271500,2024,16,3,0,700,2659-1271
2594746,1201772,2024,16,3,0,700,2594-1201
2570575,1203317,2025,16,5,0,700,2570-1203
2660500,1270500,2024,16,3,0,700,2660-1270
2539046.23780685,1182645.82975202,2021,16,8,0,700,2539-1182
2614460,1269839,2022,16,1,0,700,2614-1269
2614655,1269823,2023,16,2,0,700,2614-1269
2614460,1269839,2024,16,1,0,700,2614-1269
2530620,1151037,2025,16,2,0,700,2530-1151
2614459,1269786,2023,16,2,0,700,2614-1269
2614700,1269099,2022,16,1,0,700,2614-1269
2570465,1203310,2025,16,5,0,700,2570-1203
2539046.23780685,1182645.82975201,2023,16,6,0,700,2539-1182
2539046.23780685,1182645.82975201,2024,16,1,0,700,2539-1182
2579956,1212065,2024,22,1,0,700,2579-1212
2580090.6502114,1212497.13430467,2021,22,1,0,700,2580-1212
2660500,1270500,2025,22,4,0,700,2660-1270
2660500,1270500,2022,22,5,0,700,2660-1270
2620500,1265500,2024,22,6,13,700,2620-1265
2614460,1269839,2025,22,1,0,700,2614-1269
2614460,1269839,2023,22,1,0,700,2614-1269
2614460,1269839,2022,22,1,2,700,2614-1269
2569500,1203500,2025,22,2,0,700,2569-1203
2660500,1270500,2023,22,,0,700,2660-1270
2659500,1270500,2021,28,8,1,700,2659-1270
2530500,1151500,2021,28,2,1,700,2530-1151
2620500,1265500,2021,28,6,13,700,2620-1265
2571104,1201963,2024,28,2,2,700,2571-1201
2575222,1257801,2022,28,5,13,700,2575-1257
2570171.55826185,1203620.27005927,2023,28,2,2,700,2570-1203
2659500,1270500,2024,28,6,1,700,2659-1270
2614472,1269843,2024,28,3,13,700,2614-1269
2614460,1269839,2022,28,1,2,700,2614-1269
2614460,1269839,2023,28,2,4,700,2614-1269
2614434,1269815,2023,28,2,1,700,2614-1269
2614460,1269839,2024,28,3,13,700,2614-1269
2594458,1201635,2025,35,2,4,700,2594-1201
2594559,1201601,2025,35,4,4,700,2594-1201
2575383.48559548,1257918.33890068,2023,35,17,19,700,2575-1257
2614460,1269839,2023,35,2,4,700,2614-1269
2729099.48039105,1275600.06245772,2021,35,1,1,700,2729-1275
2660218,1269921,2023,35,25,1,700,2660-1269
2660407,1269669,2024,41,13,1,700,2660-1269
2659911,1270130,2024,41,20,2,700,2659-1270
2660297,1269956,2024,41,3,2,700,2660-1269
2660262,1269959,2024,41,30,2,700,2660-1269
2660401,1270074,2024,41,13,2,700,2660-1270
2571328.52716224,1202123.24494393,2025,41,3,1,700,2571-1202
2660500,1269500,2025,41,60,1,700,2660-1269
2660500,1270500,2024,41,90,1,700,2660-1270
2533230,1174972,2023,47,2,0,700,2533-1174
2660292,1269812,2021,47,,0,700,2660-1269
2660375,1269881,2021,47,187,0,700,2660-1269
2660500,1270500,2022,47,,0,700,2660-1270
2533144.07716398,1174938.94579795,2023,47,1,0,700,2533-1174
2533144.07716398,1174938.94579795,2023,47,2,0,700,2533-1174
2660500,1270500,2023,47,50,0,700,2660-1270
2570500,1203500,2021,47,5,0,700,2570-1203
2660500,1270500,2024,47,,0,700,2660-1270
2575383.48559548,1257918.33890068,2023,47,2,0,700,2575-1257
2659500,1270500,2021,47,,0,700,2659-1270
2660500,1270500,2024,47,,0,700,2660-1270
2660500,1270500,2025,53,,0,700,2660-1270
2660416,1269841,2021,53,,0,700,2660-1269
2660088,1270049,2024,53,,0,700,2660-1270
2678497,1261624,2024,53,2,0,700,2678-1261
2594723,1201638,2024,53,2,0,700,2594-1201
2594687,1201650,2022,53,4,0,700,2594-1201
2614460,1269839,2024,53,1,0,700,2614-1269
2594733,1201615,2022,59,5,0,700,2594-1201
2570500,1203500,2023,59,30,0,700,2570-1203
2660500,1270500,2024,59,,0,700,2660-1270
2670500,1242500,2021,59,4,0,700,2670-1242
2569387,1203298,2022,59,17,0,700,2569-1203
2569476,1203672,2021,59,14,0,700,2569-1203
2569610,1203747,2024,59,1,0,700,2569-1203
2614460,1269839,2021,59,2,0,700,2614-1269
2539046.23780685,1182645.82975201,2023,59,2,0,700,2539-1182
2539046.23780685,1182645.82975201,2024,65,1,0,700,2539-1182
2539046.23780685,1182645.82975201,2023,65,2,0,700,2539-1182
2575320,1258075,2021,65,4,0,700,2575-1258
2594766,1201610,2023,65,2,0,700,2594-1201
2569709,1203239,2022,65,14,0,700,2569-1203
2569693,1203245,2022,65,10,0,700,2569-1203
2539210,1182805,2022,65,12,0,700,2539-1182
2614463,1269823,2024,65,1,0,700,2614-1269
2539046.23780685,1182645.82975201,2023,71,94,0,700,2539-1182
2539046.23780685,1182645.82975201,2025,71,3,0,700,2539-1182
2539046.23780685,1182645.82975202,2022,71,9,0,700,2539-1182
2539046.23780685,1182645.82975201,2024,71,13,0,700,2539-1182
2570171.55826185,1203620.27005927,2023,71,16,0,700,2570-1203
2594729,1201667,2024,71,1,0,700,2594-1201
2594693,1201699,2025,71,3,0,700,2594-1201
2594694,1201674,2024,71,1,0,700,2594-1201
2660500,1270500,2022,71,9,0,700,2660-1270
2729500,1275500,2024,71,13,0,700,2729-1275
2660500,1270500,2023,71,105,0,700,2660-1270
2572749,1204488,2024,71,39,0,700,2572-1204
2569593,1203554,2025,71,10,0,700,2569-1203
2539500,1182500,2024,5,60,0,700,2539-1182
2569641,1203208,2024,5,40,0,700,2569-1203
2539046.23780685,1182645.82975201,2024,5,64,0,700,2539-1182
2539046.23780685,1182645.82975201,2023,5,12,0,700,2539-1182
2539405.23201617,1182388.82094444,2023,5,7,0,700,2539-1182
2620500,1265500,2024,5,60,0,700,2620-1265
2627500,1268500,2021,5,36,0,700,2627-1268
2570500,1203500,2025,5,4,0,700,2570-1203
2579912,1212481,2024,5,50,0,700,2579-1212
2580090.6502114,1212497.13430467,2023,5,27,0,700,2580-1212
2594500,1201500,2023,5,4,0,700,2594-1201
2539033,1182920,2023,5,12,0,700,2539-1182
2580298,1212220,2023,5,27,0,700,2580-1212
2570352,1203042,2021,11,11,0,700,2570-1203
2571470.53406229,1202564.24394484,2021,11,6,0,700,2571-1202
2571500,1202500,2025,11,,0,700,2571-1202
2614460,1269839,2022,11,2,0,700,2614-1269
2614460,1269839,2025,11,2,0,700,2614-1269
2691567,1247215,2021,11,2,0,700,2691-1247
2539046.23780685,1182645.82975201,2023,11,6,0,700,2539-1182
2539046.23780685,1182645.82975201,2023,11,6,0,700,2539-1182
2539046.23780685,1182645.82975201,2023,11,6,0,700,2539-1182
2533199,1174917,2024,11,1,0,700,2533-1174
2539078,1182605,2023,11,2,0,700,2539-1182
2539049,1182875,2024,11,1,0,700,2539-1182
2539148,1182663,2021,11,22,0,700,2539-1182
2594287,1201690,2022,16,4,0,700,2594-1201
2594687,1201681,2025,16,2,0,700,2594-1201
2594713,1201673,2025,16,2,0,700,2594-1201
2593804,1201827,2022,16,2,0,700,2593-1201
2594758,1201638,2021,16,4,0,700,2594-1201
2595500,1201500,2025,16,2,0,700,2595-1201
2614460,1269839,2025,16,2,0,700,2614-1269
2614460,1269839,2023,16,1,0,700,2614-1269
2614429,1269817,2023,16,2,0,700,2614-1269
2539046.23780685,1182645.82975201,2023,16,6,0,700,2539-1182
2539046.23780685,1182645.82975201,2023,16,8,0,700,2539-1182
2539046.23780685,1182645.82975201,2023,16,6,0,700,2539-1182
2569500,1203500,2021,16,2,0,700,2569-1203
2660500,1270500,2022,16,2,0,700,2660-1270
2580090.6502114,1212497.13430467,2021,16,3,0,700,2580-1212
2660500,1270500,2023,23,,0,700,2660-1270
2575378,1257949,2023,23,2,4,700,2575-1257
2660500,1270500,2021,23,2,0,700,2660-1270
2569857.55231118,1203193.27414936,2022,23,1,0,700,2569-1203
2614460,1269839,2025,23,2,0,700,2614-1269
2660500,1270500,2023,23,,0,700,2660-1270
2660500,1270500,2023,23,6,0,700,2660-1270
2570500,1203500,2021,23,2,0,700,2570-1203
2660500,1270500,2023,23,11,0,700,2660-1270
2594046,1201604,2022,23,2,0,700,2594-1201
2572988.53326271,1202929.21911323,2023,23,2,0,700,2572-1202
2620717.75996161,1265315.77940843,2024,29,2,1,700,2620-1265
2659500,1270500,2022,29,,1,700,2659-1270
2570500,1203500,2025,29,1,2,700,2570-1203
2571000,1201903,2023,29,1,1,700,2571-1201
2571091,1201956,2023,29,1,1,700,2571-1201
2678451.8885035,1261824.64753559,2021,29,5,1,700,2678-1261
2572060.52564182,1202227.23266409,2023,29,14,13,700,2572-1202
2594434,1201652,2022,29,2,4,700,2594-1201
2570553.53980193,1202655.26017325,2023,29,1,1,700,2570-1202
2614460,1269839,2024,35,2,4,700,2614-1269
2660500,1270500,2021,35,15,1,700,2660-1270
2660500,1270500,2024,41,,2,700,2660-1270
2575383.48559548,1257918.33890068,2023,41,14,1,700,2575-1257
2571500,1203500,2023,41,3,1,700,2571-1203
2660500,1270500,2024,41,121,1,700,2660-1270
2678463,1261621,2023,41,1,1,700,2678-1261
2620500,1265500,2021,41,9,13,700,2620-1265
2660313,1269916,2022,47,25,0,700,2660-1269
2533166,1174932,2023,47,2,0,700,2533-1174
2575313.48974961,1258076.3403946,2023,47,2,0,700,2575-1258
2533217,1174935,2023,47,2,0,700,2533-1174
2594843,1201380,2022,47,2,0,700,2594-1201
2594739,1201577,2022,47,2,0,700,2594-1201
2678743.88625199,1261738.64812515,2024,53,2,0,700,2678-1261
2614460,1269839,2025,53,1,0,700,2614-1269
2614460,1269839,2024,53,1,0,700,2614-1269
2539046.23780685,1182645.82975201,2023,53,8,0,700,2539-1182
2594785,1201381,2021,53,2,0,700,2594-1201
2594795,1201420,2023,53,2,0,700,2594-1201
2594707,1201674,2025,53,1,0,700,2594-1201
2660500,1270500,2021,53,,0,700,2660-1270
2660500,1270500,2025,53,300,0,700,2660-1270
2660500,1270500,2022,53,,0,700,2660-1270
2660500,1270500,2022,53,150,0,700,2660-1270
2569500,1203500,2024,53,2,0,700,2569-1203
2539046.23780685,1182645.82975201,2023,59,2,0,700,2539-1182
2614405,1269819,2024,59,1,0,700,2614-1269
2569525.56262002,1203696.28167077,2021,59,5,0,700,2569-1203
2569525.56262002,1203696.28167077,2025,59,21,0,700,2569-1203
2660294,1269861,2025,59,30,0,700,2660-1269
2660392,1269819,2023,59,2,0,700,2660-1269
2594832,1201346,2023,59,2,0,700,2594-1201
2593631,1201443,2021,65,2,0,700,2593-1201
2658766,1272256,2025,65,5,0,700,2658-1272
2539046.23780685,1182645.82975201,2024,65,1,0,700,2539-1182
2570644.5443531,1202943.2595409,2022,65,18,0,700,2570-1202
2594500,1201500,2023,65,2,0,700,2594-1201
2660500,1270500,2022,65,3,0,700,2660-1270
2614460,1269839,2025,71,2,0,700,2614-1269
2539040,1182597,2021,71,8,0,700,2539-1182
2539040,1182726,2023,71,68,0,700,2539-1182
2539031,1182727,2024,71,2,0,700,2539-1182
2539405.23201617,1182388.82094444,2025,71,3,0,700,2539-1182
2594500,1201500,2022,5,2,0,700,2594-1201
2569857.55231118,1203193.27414936,2022,5,22,0,700,2569-1203
2660500,1270500,2023,5,50,0,700,2660-1270
2569500,1203500,2025,5,,0,700,2569-1203
2539030,1182604,2024,5,65,0,700,2539-1182
2539039,1182605,2022,5,6,0,700,2539-1182
2580292,1212272,2021,5,6,0,700,2580-1212
2570104,1203800,2025,5,62,0,700,2570-1203
2580090.6502114,1212497.13430467,2024,5,100,0,700,2580-1212
2539046.23780685,1182645.82975201,2024,5,65,0,700,2539-1182
2539046.23780685,1182645.82975201,2024,5,66,0,700,2539-1182
2539405.23201617,1182388.82094444,2023,5,30,0,700,2539-1182
2570500,1203500,2025,5,,0,700,2570-1203
2594742,1201628,2025,5,1,0,700,2594-1201
2660227,1269934,2021,5,2,0,700,2660-1269
2660500,1270500,2025,11,15,0,700,2660-1270
2655500,1272500,2025,11,2,0,700,2655-1272
2614460,1269839,2025,11,2,0,700,2614-1269
2594875,1201097,2025,11,2,0,700,2594-1201
2569437,1203629,2025,11,16,0,700,2569-1203
2539046.23780685,1182645.82975201,2023,11,4,0,700,2539-1182
2539046.23780685,1182645.82975201,2023,11,6,0,700,2539-1182
2574797,1256878,2021,11,2,0,700,2574-1256
2571324,1202170,2025,11,15,0,700,2571-1202
2627500,1268500,2021,11,72,0,700,2627-1268
2660500,1270500,2025,11,10,0,700,2660-1270
2594722,1201629,2025,11,2,0,700,2594-1201
2594729,1201690,2024,17,3,0,700,2594-1201
2594243,1201727,2024,17,2,0,700,2594-1201
2580169,1212149,2021,17,2,0,700,2580-1212
2691500,1247500,2022,17,2,0,700,2691-1247
2571328.52716224,1202123.24494393,2022,17,8,0,700,2571-1202
2594597,1201707,2021,17,2,0,700,2594-1201
2569751,1203431,2024,17,1,0,700,2569-1203
2594621,1201557,2023,17,1,0,700,2594-1201
2570500,1203500,2024,17,1,0,700,2570-1203
2614460,1269839,2022,17,2,0,700,2614-1269
2614460,1269839,2025,17,2,0,700,2614-1269
2572878,1204202,2025,17,4,0,700,2572-1204
2660692,1270215,2025,17,2,0,700,2660-1270
2539046.23780685,1182645.82975201,2023,17,6,0,700,2539-1182
2660397,1270041,2024,17,2,0,700,2660-1270
2660635,1269610,2025,17,2,0,700,2660-1269
2620906,1265605,2025,17,2,0,700,2620-1265
2579892,1212008,2025,17,1,0,700,2579-1212
2570553.53980193,1202655.26017326,2021,17,2,0,700,2570-1202
2569634,1203184,2024,17,5,0,700,2569-1203
2594702,1201622,2021,23,1,0,700,2594-1201
2569830,1203236,2025,23,1,0,700,2569-1203
2570698,1203259,2023,23,2,0,700,2570-1203
2594154,1201629,2023,23,2,0,700,2594-1201
2660500,1270500,2023,23,,0,700,2660-1270
2569857.55231118,1203193.27414935,2025,23,1,0,700,2569-1203
2569857.55231118,1203193.27414936,2021,23,1,0,700,2569-1203
2614421,1269746,2025,23,1,0,700,2614-1269
2660500,1269500,2021,29,5,2,700,2660-1269
2731112.40876194,1279574.11087361,2021,29,9,13,700,2731-1279
2659500,1270500,2024,29,4,1,700,2659-1270
2594429,1201652,2023,29,9,13,700,2594-1201
2660305,1269959,2022,29,14,2,700,2660-1269
2614460,1269839,2025,29,13,13,700,2614-1269
2660500,1270500,2022,29,17,1,700,2660-1270
2660500,1270500,2024,29,2,1,700,2660-1270
2571097,1201946,2025,35,2,8,700,2571-1201
2571119,1201974,2025,35,2,4,700,2571-1201
2594762,1201570,2023,35,9,13,700,2594-1201
2594798,1201626,2023,35,9,13,700,2594-1201
2594725,1201665,2022,35,6,4,700,2594-1201
2660500,1270500,2023,41,,1,700,2660-1270
2660500,1270500,2024,41,,1,700,2660-1270
2594520,1201685,2021,41,1,2,700,2594-1201
2659450,1271245,2025,41,2,1,700,2659-1271
2660500,1270500,2024,41,50,2,700,2660-1270
2660344,1269902,2021,47,70,0,700,2660-1269
2660290,1269864,2025,47,30,0,700,2660-1269
2660269,1269871,2025,47,,0,700,2660-1269
2660633,1269801,2021,47,30,0,700,2660-1269
2660500,1270500,2025,47,,0,700,2660-1270
2660500,1270500,2022,47,300,0,700,2660-1270
2569753,1203517,2025,47,1,0,700,2569-1203
2569610,1203711,2023,47,3,0,700,2569-1203
2660500,1270500,2022,47,,0,700,2660-1270
2660500,1270500,2021,53,,0,700,2660-1270
2660305,1269971,2024,53,,0,700,2660-1269
2660150,1270234,2023,53,,0,700,2660-1270
2660456,1269788,2024,53,,0,700,2660-1269
2660212,1269912,2024,53,2,0,700,2660-1269
2594746,1201656,2023,53,2,0,700,2594-1201
2628077,1268875,2023,53,4,0,700,2628-1268
2678498,1261640,2024,53,2,0,700,2678-1261
2678480,1261644,2024,53,2,0,700,2678-1261
2729500,1275500,2025,53,4,0,700,2729-1275
2539046.23780685,1182645.82975201,2023,53,1,0,700,2539-1182
2539046.23780685,1182645.82975201,2023,53,8,0,700,2539-1182
2660500,1269500,2025,59,100,0,700,2660-1269
2660500,1269500,2021,59,10,0,700,2660-1269
2660500,1270500,2024,59,,0,700,2660-1270
2660221,1269915,2025,59,50,0,700,2660-1269
2569630,1203335,2022,59,10,0,700,2569-1203
2575201,1257900,2021,59,6,0,700,2575-1257
2594833,1201514,2023,59,4,0,700,2594-1201
2594834,1201380,2023,59,4,0,700,2594-1201
2569751,1203434,2025,59,14,0,700,2569-1203
2594734,1201677,2023,59,4,0,700,2594-1201
2539085,1182688,2021,59,2,0,700,2539-1182
2539067,1182781,2023,59,2,0,700,2539-1182
2539265,1182250,2023,59,7,0,700,2539-1182
2539103,1182804,2023,59,1,0,700,2539-1182
2614460,1269839,2024,59,1,0,700,2614-1269
2614460,1269839,2023,59,2,0,700,2614-1269
2660500,1269500,2021,66,1,0,700,2660-1269
2660500,1270500,2025,66,,0,700,2660-1270
2660500,1270500,2025,66,,0,700,2660-1270
2539114,1182672,2021,66,1,0,700,2539-1182
2614460,1269839,2024,66,1,0,700,2614-1269
2539046.23780685,1182645.82975201,2025,66,3,0,700,2539-1182
2539046.23780685,1182645.82975201,2025,66,3,0,700,2539-1182
2539405.23201616,1182388.82094445,2022,72,28,0,700,2539-1182
2539405.23201617,1182388.82094444,2023,72,2,0,700,2539-1182
2539046.23780685,1182645.82975202,2022,72,11,0,700,2539-1182
2539046.23780685,1182645.82975201,2023,72,12,0,700,2539-1182
2594722,1201612,2023,72,2,0,700,2594-1201
2655500,1272500,2025,72,74,0,700,2655-1272
2539500,1182500,2025,72,3,0,700,2539-1182
2569500,1203500,2024,72,10,0,700,2569-1203
2539405.23201617,1182388.82094444,2023,5,29,0,700,2539-1182
2539046.23780685,1182645.82975201,2024,5,60,0,700,2539-1182
2539046.23780685,1182645.82975201,2024,5,63,0,700,2539-1182
2568931,1203157,2021,5,2,0,700,2568-1203
2729500,1275500,2024,5,,0,700,2729-1275
2627500,1268500,2021,5,4,0,700,2627-1268
2660500,1270500,2024,5,,0,700,2660-1270
2539471,1182213,2021,5,24,0,700,2539-1182
2539065,1182754,2021,5,4,0,700,2539-1182
2539097,1182649,2021,5,31,0,700,2539-1182
2539099,1182689,2022,5,27,0,700,2539-1182
2571500,1202500,2025,5,20,0,700,2571-1202
2570500,1203500,2025,5,50,0,700,2570-1203
2594723,1201628,2025,11,2,0,700,2594-1201
2539046.23780685,1182645.82975201,2023,11,6,0,700,2539-1182
2539405.23201617,1182388.82094444,2023,11,2,0,700,2539-1182
2539046.23780685,1182645.82975201,2023,11,6,0,700,2539-1182
2660295,1269856,2024,11,4,0,700,2660-1269
2660500,1270500,2021,11,3,0,700,2660-1270
2729500,1275500,2022,11,26,0,700,2729-1275
2570500,1203500,2024,11,2,0,700,2570-1203
2659500,1271500,2024,11,30,0,700,2659-1271
2570500,1203500,2022,11,2,0,700,2570-1203
2569525.56262002,1203696.28167077,2024,11,2,0,700,2569-1203
2707525,1279044,2025,11,2,0,700,2707-1279
2580090.6502114,1212497.13430467,2021,11,3,0,700,2580-1212
2571500,1203500,2024,11,2,0,700,2571-1203
2655500,1272500,2024,11,1,0,700,2655-1272
2570500,1203500,2021,11,23,0,700,2570-1203
2539157,1182668,2023,11,4,0,700,2539-1182
2539112,1182688,2021,11,8,0,700,2539-1182
2659500,1270500,2022,11,7,0,700,2659-1270
2659500,1270500,2025,17,3,0,700,2659-1270
2594719,1201666,2025,17,2,0,700,2594-1201
2594742,1201632,2024,17,4,0,700,2594-1201
2678743.88625199,1261738.64812515,2025,17,1,0,700,2678-1261
2627500,1268500,2022,17,2,0,700,2627-1268
2614460,1269839,2025,17,1,0,700,2614-1269
2614460,1269839,2024,17,1,0,700,2614-1269
2614460,1269839,2021,17,2,0,700,2614-1269
2614465,1269840,2025,17,1,0,700,2614-1269
2614476,1269794,2021,17,3,0,700,2614-1269
2614460,1269839,2023,17,2,0,700,2614-1269
2539046.23780685,1182645.82975201,2023,17,6,0,700,2539-1182
2539046.23780685,1182645.82975201,2023,17,6,0,700,2539-1182
2691500,1247500,2021,17,2,0,700,2691-1247
2539102,1182647,2022,17,2,0,700,2539-1182
2580291,1212278,2023,17,2,0,700,2580-1212
2575462,1204016,2022,23,2,0,700,2575-1204
2539041,1182721,2021,23,2,0,700,2539-1182
2620336,1265145,2023,23,2,0,700,2620-1265
2570486,1202720,2022,23,2,0,700,2570-1202
2660500,1270500,2021,23,6,0,700,2660-1270
2659500,1270500,2024,23,8,0,700,2659-1270
2691500,1247500,2021,23,2,0,700,2691-1247
2569857.55231118,1203193.27414936,2022,23,2,0,700,2569-1203
2570500,1203500,2022,23,2,0,700,2570-1203
2614460,1269839,2021,23,1,2,700,2614-1269
2691535,1247684,2022,23,1,0,700,2691-1247
2660500,1270500,2021,23,4,0,700,2660-1270
2660500,1270500,2022,23,2,0,700,2660-1270
2570500,1203500,2023,23,2,0,700,2570-1203
2660500,1270500,2024,23,7,0,700,2660-1270
2660500,1270500,2021,23,7,0,700,2660-1270
2660388,1269818,2022,29,17,1,700,2660-1269
2570496,1202629,2021,29,2,2,700,2570-1202
2614460,1269839,2021,29,4,4,700,2614-1269
2620500,1265500,2021,29,18,13,700,2620-1265
2660213,1269921,2025,35,,2,700,2660-1269
2614507,1269891,2024,35,3,2,700,2614-1269
2533144.07716398,1174938.94579795,2023,35,1,1,700,2533-1174
2660500,1270500,2021,35,,1,700,2660-1270
2620500,1265500,2023,35,25,13,700,2620-1265
2660302,1269943,2021,41,2,1,700,2660-1269
2620500,1265500,2021,41,2,2,700,2620-1265
2594519,1201677,2021,41,1,2,700,2594-1201
2533215,1174993,2023,47,1,0,700,2533-1174
2533351,1174892,2023,47,2,0,700,2533-1174
2660339,1270102,2025,47,150,0,700,2660-1270
2660306,1269915,2025,47,,0,700,2660-1269
2660500,1270500,2025,47,,0,700,2660-1270
2568834,1203320,2021,47,8,0,700,2568-1203
2660500,1270500,2022,47,,0,700,2660-1270
2660500,1269500,2021,47,,0,700,2660-1269
2533144.07716398,1174938.94579795,2023,47,2,0,700,2533-1174
2660500,1270500,2025,47,,0,700,2660-1270
2660500,1270500,2022,54,,0,700,2660-1270
2569346,1203815,2023,54,3,0,700,2569-1203
2570171.55826185,1203620.27005927,2023,54,13,0,700,2570-1203
2539046.23780685,1182645.82975201,2023,54,8,0,700,2539-1182
2539105,1182648,2023,54,3,0,700,2539-1182
2660500,1270500,2025,54,,0,700,2660-1270
2660500,1270500,2021,54,,0,700,2660-1270
2660500,1269500,2022,54,,0,700,2660-1269
2594744,1201619,2023,54,2,0,700,2594-1201
2594764,1201586,2021,54,2,0,700,2594-1201
2594889,1201540,2022,54,2,0,700,2594-1201
2594836,1201335,2021,54,2,0,700,2594-1201
2660500,1270500,2021,60,,0,700,2660-1270
2660500,1270500,2025,60,60,0,700,2660-1270
2614421,1269794,2024,60,1,0,700,2614-1269
2614460,1269839,2024,60,1,0,700,2614-1269
2569525.56262002,1203696.28167077,2021,60,6,0,700,2569-1203
2569500,1203500,2024,60,8,0,700,2569-1203
2569633,1203320,2021,60,12,0,700,2569-1203
2594902,1201515,2022,60,2,0,700,2594-1201
2569644.55120499,1203073.27749822,2023,60,5,0,700,2569-1203
2569640,1203184,2024,60,7,0,700,2569-1203
2660500,1270500,2023,60,,0,700,2660-1270
2659500,1270500,2023,66,1,0,700,2659-1270
2539046.23780685,1182645.82975201,2024,66,16,0,700,2539-1182
2614460,1269839,2024,66,1,0,700,2614-1269
2569525.56262002,1203696.28167077,2023,66,3,0,700,2569-1203
2569584,1203662,2021,66,11,0,700,2569-1203
2539146,1182687,2024,66,12,0,700,2539-1182
2594238,1201736,2023,66,2,0,700,2594-1201
2594745,1201502,2023,66,14,0,700,2594-1201
2659500,1270500,2025,66,1,0,700,2659-1270
2627897,1268568,2024,66,80,0,700,2627-1268
2539128,1182767,2023,72,29,0,700,2539-1182
2539046.23780685,1182645.82975201,2024,72,11,0,700,2539-1182
2539405.23201617,1182388.82094444,2025,72,3,0,700,2539-1182
2539405.23201617,1182388.82094444,2025,72,3,0,700,2539-1182
2539046.23780685,1182645.82975201,2023,72,29,0,700,2539-1182
2539405.23201616,1182388.82094445,2022,72,39,0,700,2539-1182
2571470.53406229,1202564.24394484,2022,72,15,0,700,2571-1202
2571437,1202659,2022,72,33,0,700,2571-1202
2571286,1202758,2022,72,2,0,700,2571-1202
2729500,1275500,2023,72,1,0,700,2729-1275
2660500,1270500,2023,72,,0,700,2660-1270
2660500,1270500,2021,72,5,0,700,2660-1270
2614460,1269839,2024,5,2,0,700,2614-1269
2539098,1182654,2021,5,35,0,700,2539-1182
2539014,1182728,2021,5,31,0,700,2539-1182
2539405.23201617,1182388.82094444,2023,5,22,0,700,2539-1182
2539046.23780685,1182645.82975201,2023,5,2,0,700,2539-1182
2539046.23780685,1182645.82975201,2023,5,2,0,700,2539-1182
2539046.23780685,1182645.82975201,2025,5,3,0,700,2539-1182
2539046.23780685,1182645.82975201,2023,5,2,0,700,2539-1182
2539405.23201617,1182388.82094444,2023,5,22,0,700,2539-1182
2539046.23780685,1182645.82975201,2024,5,77,0,700,2539-1182
2569500,1203500,2021,5,50,0,700,2569-1203
2580470,1212681,2024,5,20,0,700,2580-1212
2569090,1203031,2021,5,67,0,700,2569-1203
2569868,1203199,2021,5,30,0,700,2569-1203
2660266,1269943,2025,5,8,0,700,2660-1269
2594500,1201500,2021,5,2,0,700,2594-1201
2569644.55120499,1203073.27749823,2021,5,30,0,700,2569-1203
2728440.3713799,1280910.09081375,2024,11,2,0,700,2728-1280
2572500,1202500,2023,11,10,0,700,2572-1202
2580315,1212194,2024,11,60,0,700,2580-1212
2593795,1201568,2022,11,2,0,700,2593-1201
2580090.6502114,1212497.13430467,2024,11,60,0,700,2580-1212
2570171.55826185,1203620.27005927,2021,11,15,0,700,2570-1203
2539046.23780685,1182645.82975201,2023,11,8,0,700,2539-1182
2569500,1203500,2021,11,,0,700,2569-1203
2670646,1242068,2024,11,3,0,700,2670-1242
2575233,1258075,2023,11,19,0,700,2575-1258
2594736,1201658,2024,11,1,0,700,2594-1201
2570071,1203200,2025,17,1,0,700,2570-1203
2660500,1270500,2022,17,4,0,700,2660-1270
2691500,1247500,2021,17,2,0,700,2691-1247
2660500,1270500,2024,17,,0,700,2660-1270
2614460,1269839,2025,17,1,0,700,2614-1269
2614460,1269839,2022,17,2,0,700,2614-1269
2594500,1201500,2022,17,2,0,700,2594-1201
2569500,1203500,2021,17,2,0,700,2569-1203
2691500,1247500,2021,17,2,0,700,2691-1247
2593500,1201500,2022,17,2,0,700,2593-1201
2660500,1270500,2025,17,4,0,700,2660-1270
2660500,1270500,2025,17,4,0,700,2660-1270
2571242,1202188,2024,17,2,0,700,2571-1202
2570610,1202652,2021,17,2,0,700,2570-1202
2594763,1201600,2024,23,2,0,700,2594-1201
2594710,1201707,2024,23,2,0,700,2594-1201
2593924,1201840,2024,23,2,0,700,2593-1201
2594697,1201698,2022,23,1,0,700,2594-1201
2594813,1201535,2024,23,2,0,700,2594-1201
2660500,1270500,2023,23,,0,700,2660-1270
2660500,1270500,2022,23,2,0,700,2660-1270
2594075,1201613,2022,23,1,0,700,2594-1201
2614460,1269839,2021,23,2,0,700,2614-1269
2614460,1269839,2022,23,1,0,700,2614-1269
2572500,1206500,2022,23,1,0,700,2572-1206
2541939,1188995,2022,23,2,4,700,2541-1188
2660256,1270006,2022,23,2,0,700,2660-1270
2660500,1270500,2022,23,2,0,700,2660-1270
2660500,1270500,2023,23,,0,700,2660-1270
2575510,1258097,2025,23,1,0,700,2575-1258
2568563,1203517,2021,29,2,2,700,2568-1203
2594736,1201684,2022,29,2,4,700,2594-1201
2580090.6502114,1212497.13430467,2022,29,2,4,700,2580-1212
2670654,1242079,2025,29,2,1,700,2670-1242
2569967,1203340,2025,29,1,1,700,2569-1203
2594456,1201643,2023,29,9,13,700,2594-1201
2614460,1269839,2021,29,7,1,700,2614-1269
2614460,1269839,2025,29,13,13,700,2614-1269
2614457,1269823,2023,29,1,13,700,2614-1269
2594758,1201599,2024,35,4,2,700,2594-1201
2659500,1270500,2024,35,2,2,700,2659-1270
2614460,1269839,2024,35,3,13,700,2614-1269
2614379,1269800,2024,35,1,1,700,2614-1269
2560500,1194500,2025,41,4,13,700,2560-1194
2660302,1269933,2021,41,3,1,700,2660-1269
2569445,1203671,2025,48,2,0,700,2569-1203
2594500,1201500,2022,48,3,0,700,2594-1201
2660500,1270500,2025,48,,0,700,2660-1270
2660177,1269926,2025,48,,0,700,2660-1269
2569631,1203342,2025,48,2,2,700,2569-1203
2660500,1270500,2022,48,110,0,700,2660-1270
2728440.3713799,1280910.09081375,2023,48,1,0,700,2728-1280
2659500,1271500,2022,48,50,0,700,2659-1271
2660500,1270500,2025,48,,0,700,2660-1270
2660500,1270500,2024,48,,0,700,2660-1270
2660276,1269943,2025,48,6,0,700,2660-1269
2660222,1269959,2024,48,50,0,700,2660-1269
2660316,1269878,2025,48,1,0,700,2660-1269
2660360,1270031,2025,48,,0,700,2660-1270
2660286,1269969,2025,48,15,0,700,2660-1269
2660322,1269961,2022,54,2,0,700,2660-1269
2660500,1270500,2023,54,32,0,700,2660-1270
2569500,1203500,2023,54,11,0,700,2569-1203
2594706,1201699,2023,54,2,0,700,2594-1201
2575313.48974961,1258076.3403946,2024,54,2,0,700,2575-1258
2539046.23780685,1182645.82975201,2023,54,7,0,700,2539-1182
2614460,1269839,2024,54,1,0,700,2614-1269
2660500,1270500,2022,54,,0,700,2660-1270
2660500,1270500,2022,54,,0,700,2660-1270
2594050,1201610,2025,60,2,0,700,2594-1201
2594706,1201658,2024,60,2,0,700,2594-1201
2569525.56262002,1203696.28167077,2025,60,12,0,700,2569-1203
2678494,1261636,2024,60,2,0,700,2678-1261
2614460,1269839,2025,60,1,0,700,2614-1269
2539046.23780685,1182645.82975201,2023,60,2,0,700,2539-1182
2678743.88625199,1261738.64812515,2024,60,2,0,700,2678-1261
2569500,1203500,2021,60,9,0,700,2569-1203
2729500,1275500,2024,60,21,0,700,2729-1275
2660353,1269892,2024,66,,0,700,2660-1269
2660500,1270500,2024,66,10,0,700,2660-1270
2572500,1204500,2022,66,17,0,700,2572-1204
2594695,1201712,2021,66,2,0,700,2594-1201
2539118,1182639,2021,66,1,0,700,2539-1182
2662626,1273308,2024,66,5,0,700,2662-1273
2539046.23780685,1182645.82975201,2024,66,18,0,700,2539-1182
2660500,1270500,2024,66,20,0,700,2660-1270
2729500,1275500,2023,72,5,0,700,2729-1275
2660500,1270500,2021,72,,0,700,2660-1270
2660500,1270500,2023,72,65,0,700,2660-1270
2575271,1258092,2025,72,2,0,700,2575-1258
2570500,1203500,2021,72,29,0,700,2570-1203
2572500,1202500,2023,72,4,0,700,2572-1202
2572500,1204500,2023,72,2,0,700,2572-1204
2571470.53406229,1202564.24394484,2022,72,8,0,700,2571-1202
2571470.53406229,1202564.24394484,2022,72,30,0,700,2571-1202
2571470.53406229,1202564.24394484,2022,72,30,0,700,2571-1202
2571470.53406229,1202564.24394484,2022,72,15,0,700,2571-1202
2571470.53406229,1202564.24394484,2022,72,30,0,700,2571-1202
2571470.53406229,1202564.24394484,2022,72,15,0,700,2571-1202
2571470.53406229,1202564.24394484,2022,72,,0,700,2571-1202
2571470.53406229,1202564.24394484,2022,72,14,0,700,2571-1202
2539096,1182649,2023,72,7,0,700,2539-1182
2539059,1182619,2021,72,7,0,700,2539-1182
2614460,1269839,2023,72,2,0,700,2614-1269
2539405.23201617,1182388.82094444,2025,72,3,0,700,2539-1182
2539046.23780685,1182645.82975201,2025,5,11,0,700,2539-1182
2539046.23780685,1182645.82975201,2024,5,69,0,700,2539-1182
2539046.23780685,1182645.82975201,2023,5,4,0,700,2539-1182
2539046.23780685,1182645.82975201,2023,5,2,0,700,2539-1182
2568876,1203190,2025,5,82,0,700,2568-1203
2568500,1203500,2021,5,50,0,700,2568-1203
2707500,1279500,2021,5,12,0,700,2707-1279
2539500,1182500,2021,5,30,0,700,2539-1182
2539052,1182931,2025,5,11,0,700,2539-1182
2539362,1182271,2025,5,6,0,700,2539-1182
2539369,1182404,2022,5,6,0,700,2539-1182
2580500,1212500,2021,5,6,0,700,2580-1212
2561002,1195427,2025,5,2,0,700,2561-1195
2707489,1279089,2024,5,2,0,700,2707-1279
2614460,1269839,2022,12,2,0,700,2614-1269
2569629,1203332,2024,12,4,0,700,2569-1203
2579972,1212195,2024,12,40,0,700,2579-1212
2539046.23780685,1182645.82975201,2023,12,9,0,700,2539-1182
2539046.23780685,1182645.82975201,2023,12,8,0,700,2539-1182
2594749,1201645,2025,12,2,0,700,2594-1201
2593690,1201770,2022,12,2,0,700,2593-1201
2594073,1201715,2025,12,2,0,700,2594-1201
2593497,1201360,2022,12,2,0,700,2593-1201
2580038,1212226,2024,12,30,0,700,2580-1212
2570500,1203500,2021,12,20,0,700,2570-1203
2570500,1203500,2021,12,38,0,700,2570-1203
2580090.6502114,1212497.13430467,2024,12,44,0,700,2580-1212
2569857.55231118,1203193.27414935,2024,12,2,0,700,2569-1203
2571328.52716224,1202123.24494393,2022,12,10,0,700,2571-1202
2594719,1201664,2024,17,4,0,700,2594-1201
2594711,1201687,2025,17,2,0,700,2594-1201
2614389,1269793,2024,17,1,0,700,2614-1269
2614383,1269784,2022,17,2,0,700,2614-1269
2614460,1269839,2023,17,1,0,700,2614-1269
2614460,1269839,2025,17,2,0,700,2614-1269
2614460,1269839,2024,17,1,0,700,2614-1269
2691555,1247562,2022,17,1,0,700,2691-1247
2659500,1271500,2024,17,1,0,700,2659-1271
2539098,1182648,2021,17,2,0,700,2539-1182
2539025,1182925,2022,17,2,0,700,2539-1182
2580299,1212274,2023,17,2,0,700,2580-1212
2569500,1203500,2021,17,2,0,700,2569-1203
2660500,1270500,2021,23,4,0,700,2660-1270
2594732,1201658,2024,23,2,0,700,2594-1201
2594700,1201639,2023,23,1,0,700,2594-1201
2614490,1269858,2024,23,1,0,700,2614-1269
2614460,1269839,2023,23,1,0,700,2614-1269
2660500,1270500,2021,23,3,0,700,2660-1270
2670625,1242055,2021,23,2,0,700,2670-1242
2670300.06850856,1242299.56432466,2021,23,2,0,700,2670-1242
2594679,1201620,2024,23,1,0,700,2594-1201
2571500,1203500,2024,23,2,0,700,2571-1203
2570847,1203127,2022,23,2,0,700,2570-1203
2570582,1203327,2025,29,1,1,700,2570-1203
2570536,1202617,2021,29,2,2,700,2570-1202
2659500,1271500,2021,29,5,2,700,2659-1271
2593500,1201500,2024,29,2,4,700,2593-1201
2594500,1201500,2024,29,5,4,700,2594-1201
2660500,1270500,2023,29,28,2,700,2660-1270
2614460,1269839,2021,29,7,4,700,2614-1269
2614460,1269839,2024,29,3,13,700,2614-1269
2614460,1269839,2023,29,2,4,700,2614-1269
2570171.55826185,1203620.27005927,2025,29,2,4,700,2570-1203
2729500,1275500,2024,29,2,1,700,2729-1275
2593500,1201499,2021,29,5,13,700,2593-1201
2594425,1201658,2022,29,2,4,700,2594-1201
2659500,1270500,2022,29,,1,700,2659-1270
2594715,1201656,2023,36,9,13,700,2594-1201
2660500,1270500,2022,42,,2,700,2660-1270
2660241,1269927,2023,42,,1,700,2660-1269
2660404,1269808,2025,48,,0,700,2660-1269
2533468,1174893,2023,48,2,0,700,2533-1174
2660443,1270016,2024,48,,0,700,2660-1270
2660416,1269788,2024,48,,0,700,2660-1269
2660500,1270500,2022,48,,0,700,2660-1270
2570500,1203500,2021,48,8,0,700,2570-1203
2660500,1270500,2021,48,,0,700,2660-1270
2659500,1270500,2024,48,150,0,700,2659-1270
2660500,1270500,2024,48,,0,700,2660-1270
2539046.23780685,1182645.82975201,2023,54,8,0,700,2539-1182
2539046.23780685,1182645.82975201,2023,54,6,0,700,2539-1182
2660314,1269959,2023,54,25,0,700,2660-1269
2660296,1269913,2023,54,15,0,700,2660-1269
2678743.88625199,1261738.64812515,2024,54,2,0,700,2678-1261
2569857.55231118,1203193.27414935,2024,54,1,0,700,2569-1203
2594500,1201500,2022,54,2,0,700,2594-1201
2660500,1270500,2021,54,,0,700,2660-1270
2569500,1203500,2023,54,2,0,700,2569-1203
2655500,1272500,2025,54,8,0,700,2655-1272
2568985,1203451,2021,54,4,0,700,2568-1203
2659835,1270773,2025,54,150,0,700,2659-1270
2678503,1261641,2024,54,2,0,700,2678-1261
2568887,1203366,2023,54,2,0,700,2568-1203
2594838,1201376,2022,54,2,0,700,2594-1201
2594832,1201343,2022,54,2,0,700,2594-1201
2594732,1201625,2023,54,3,0,700,2594-1201
2660500,1270500,2022,60,,0,700,2660-1270
2594500,1201500,2025,60,2,0,700,2594-1201
2539046.23780685,1182645.82975202,2022,60,2,0,700,2539-1182
2539046.23780685,1182645.82975201,2023,60,2,0,700,2539-1182
2539046.23780685,1182645.82975201,2023,60,2,0,700,2539-1182
2570500,1203500,2025,60,16,0,700,2570-1203
2539099,1182652,2024,60,1,0,700,2539-1182
2571470.53406229,1202564.24394484,2022,60,6,0,700,2571-1202
2660500,1270500,2025,60,70,0,700,2660-1270
2569626,1203331,2021,60,22,0,700,2569-1203
2571512,1203012,2024,60,6,0,700,2571-1203
2572500,1204500,2022,60,2,0,700,2572-1204
2570171.55826185,1203620.27005927,2024,66,6,0,700,2570-1203
2539046.23780685,1182645.82975201,2023,66,2,0,700,2539-1182
2656500,1273500,2021,66,7,0,700,2656-1273
2539056,1182620,2024,66,22,0,700,2539-1182
2539037,1182604,2021,66,3,0,700,2539-1182
2539500,1182500,2024,66,20,0,700,2539-1182
2594722,1201662,2021,66,2,0,700,2594-1201
2594692,1201643,2023,66,2,0,700,2594-1201
2660500,1270500,2024,66,14,0,700,2660-1270
2570171.55826185,1203620.27005927,2023,72,84,0,700,2570-1203
2539405.23201617,1182388.82094444,2025,72,3,0,700,2539-1182
2570500,1203500,2023,72,100,0,700,2570-1203
2571470.53406229,1202564.24394484,2022,72,30,0,700,2571-1202
2571470.53406229,1202564.24394484,2022,72,30,0,700,2571-1202
2571470.53406229,1202564.24394484,2022,72,2,0,700,2571-1202
2569500,1203500,2022,72,11,0,700,2569-1203
2571660,1203816,2023,72,45,0,700,2571-1203
2660500,1270500,2021,72,3,0,700,2660-1270
2539098,1182662,2024,6,49,0,700,2539-1182
2539375,1182402,2025,6,7,0,700,2539-1182
2539152,1182661,2024,6,50,0,700,2539-1182
2539046.23780685,1182645.82975201,2024,6,51,0,700,2539-1182
2539405.23201617,1182388.82094444,2023,6,12,0,700,2539-1182
2539046.23780685,1182645.82975201,2023,6,9,0,700,2539-1182
2569500,1203500,2025,6,,0,700,2569-1203
2569159,1203141,2025,6,75,0,700,2569-1203
2660500,1270500,2022,12,4,0,700,2660-1270
2571470.53406229,1202564.24394483,2025,12,27,0,700,2571-1202
2571470.53406229,1202564.24394483,2025,12,20,0,700,2571-1202
2614411,1269745,2022,12,2,0,700,2614-1269
2614460,1269839,2023,12,2,0,700,2614-1269
2614310,1269579,2021,12,2,0,700,2614-1269
2539059,1182653,2021,12,3,0,700,2539-1182
2539046,1182591,2021,12,13,0,700,2539-1182
2539234,1182272,2021,12,2,0,700,2539-1182
2660500,1270500,2024,12,2,0,700,2660-1270
2660500,1270500,2024,12,4,0,700,2660-1270
2539046.23780685,1182645.82975201,2023,12,12,0,700,2539-1182
2594500,1201500,2022,12,3,0,700,2594-1201
2580090.6502114,1212497.13430467,2021,12,5,0,700,2580-1212
2580500,1212500,2024,12,40,0,700,2580-1212
2594500,1201500,2024,12,2,0,700,2594-1201
2594827,1201331,2022,12,3,0,700,2594-1201
2569566,1203360,2024,12,2,0,700,2569-1203
2660500,1270500,2021,17,2,0,700,2660-1270
2539035,1182722,2023,17,5,0,700,2539-1182
2539103,1182666,2022,17,2,0,700,2539-1182
2614460,1269839,2025,17,1,0,700,2614-1269
2539046.23780685,1182645.82975201,2023,17,2,0,700,2539-1182
2633500,1268500,2023,17,2,0,700,2633-1268
2703575,1282321,2023,17,1,0,700,2703-1282
2569500,1203500,2024,17,2,0,700,2569-1203
2594707,1201689,2025,17,2,0,700,2594-1201
2594739,1201648,2024,17,4,0,700,2594-1201
2660325,1269847,2024,17,2,0,700,2660-1269
2627500,1268500,2021,17,4,0,700,2627-1268
2569500,1203500,2024,17,2,0,700,2569-1203
2570460,1203261,2025,24,1,0,700,2570-1203
2570974,1203054,2022,24,2,0,700,2570-1203
2572084,1202919,2022,24,1,18,700,2572-1202
2594500,1201500,2024,24,2,0,700,2594-1201
2569500,1203500,2022,24,2,0,700,2569-1203
2614460,1269839,2022,24,1,0,700,2614-1269
2614501,1269869,2023,24,1,0,700,2614-1269
2594440,1201626,2023,24,1,0,700,2594-1201
2575200,1258099,2024,24,2,0,700,2575-1258
2569525.56262002,1203696.28167077,2022,30,2,1,700,2569-1203
2570503,1203352,2025,30,14,13,700,2570-1203
2660500,1270500,2025,30,5,13,700,2660-1270
2670300.06850856,1242299.56432465,2025,30,2,3,700,2670-1242
2620500,1265500,2022,30,29,13,700,2620-1265
2594455,1201642,2022,30,2,1,700,2594-1201
2614515,1269863,2025,30,11,13,700,2614-1269
2614460,1269839,2023,30,5,4,700,2614-1269
2614460,1269839,2021,30,5,4,700,2614-1269
2570500,1203500,2025,30,14,13,700,2570-1203
2571317,1202071,2022,30,2,2,700,2571-1202
2570553.53980193,1202655.26017326,2022,30,4,1,700,2570-1202
2703500,1281500,2022,30,2,4,700,2703-1281
2594562,1201582,2025,36,2,4,700,2594-1201
2614460,1269839,2024,36,3,13,700,2614-1269
2560500,1194500,2025,42,1,2,700,2560-1194
2569500,1203500,2023,42,2,4,700,2569-1203
2660500,1270500,2021,42,,1,700,2660-1270
2660296,1270166,2021,42,1,1,700,2660-1270
2614460,1269839,2024,42,1,2,700,2614-1269
2660500,1270500,2023,42,,4,700,2660-1270
2569441,1203622,2025,48,2,0,700,2569-1203
2678530,1261599,2023,48,1,0,700,2678-1261
2569222,1203127,2023,48,3,0,700,2569-1203
2660500,1270500,2025,48,,0,700,2660-1270
2533144.07716398,1174938.94579795,2023,48,2,0,700,2533-1174
2533144.07716398,1174938.94579795,2023,48,2,0,700,2533-1174
2660500,1270500,2021,48,,0,700,2660-1270
2678515.88908633,1261671.64722243,2023,48,1,0,700,2678-1261
2678375.89164945,1261527.64633429,2023,48,1,0,700,2678-1261
2660179,1269870,2023,48,50,0,700,2660-1269
2660268,1269869,2025,48,,0,700,2660-1269
2660214,1270074,2021,48,100,0,700,2660-1270
2660713,1269692,2024,48,40,0,700,2660-1269
2660213,1270274,2021,48,30,0,700,2660-1270
2660291,1269861,2024,48,15,0,700,2660-1269
2533220,1174981,2023,48,2,0,700,2533-1174
2614460,1269839,2023,48,2,4,700,2614-1269
2570131,1203735,2023,54,16,0,700,2570-1203
2569442,1203642,2021,54,2,0,700,2569-1203
2660500,1270500,2022,54,150,0,700,2660-1270
2660500,1270500,2021,54,600,0,700,2660-1270
2594614,1201750,2023,54,2,0,700,2594-1201
2660500,1270500,2021,54,200,0,700,2660-1270
2594500,1201500,2022,54,2,0,700,2594-1201
2614460,1269839,2024,54,1,0,700,2614-1269
2614506,1269890,2024,54,1,0,700,2614-1269
2660500,1270500,2021,54,,0,700,2660-1270
2660500,1270500,2022,54,130,0,700,2660-1270
2593500,1201500,2024,60,2,0,700,2593-1201
2570500,1203500,2023,60,8,0,700,2570-1203
2593488,1201483,2024,60,2,0,700,2593-1201
2569443,1203625,2025,60,11,0,700,2569-1203
2569525.56262002,1203696.28167077,2025,60,,0,700,2569-1203
2569500,1203500,2023,60,10,0,700,2569-1203
2569193,1203347,2024,60,20,0,700,2569-1203
2569735,1203082,2022,60,16,0,700,2569-1203
2575302,1257909,2021,60,20,0,700,2575-1257
2569277,1203328,2024,60,19,0,700,2569-1203
2571500,1203500,2025,60,12,0,700,2571-1203
2729500,1275500,2025,66,37,0,700,2729-1275
2594772,1201646,2023,66,2,0,700,2594-1201
2580090.6502114,1212497.13430467,2023,66,2,0,700,2580-1212
2539046.23780685,1182645.82975201,2023,66,7,0,700,2539-1182
2572771,1204501,2024,66,2,0,700,2572-1204
2539036,1182609,2023,66,7,0,700,2539-1182
2659500,1271500,2023,72,22,0,700,2659-1271
2571791,1203813,2023,72,94,0,700,2571-1203
2569787,1203138,2023,72,14,0,700,2569-1203
2575271,1257886,2024,72,2,0,700,2575-1257
2729500,1275500,2022,72,4,0,700,2729-1275
2655082,1272246,2025,72,9,0,700,2655-1272
2569432,1203637,2025,72,4,0,700,2569-1203
2539083,1182641,2021,72,7,0,700,2539-1182
2539153,1182667,2022,72,2,0,700,2539-1182
2571470.53406229,1202564.24394484,2022,72,13,0,700,2571-1202
2571470.53406229,1202564.24394484,2022,72,7,0,700,2571-1202
2571470.53406229,1202564.24394484,2022,72,5,0,700,2571-1202
2614460,1269839,2023,72,2,0,700,2614-1269
2660500,1270500,2023,72,95,0,700,2660-1270
2539405.23201617,1182388.82094444,2025,72,3,0,700,2539-1182
2539271.2361141,1182576.82448572,2023,72,37,0,700,2539-1182
2570171.55826185,1203620.27005927,2023,72,30,0,700,2570-1203
2539046.23780685,1182645.82975201,2024,72,15,0,700,2539-1182
2571591.55131907,1203606.24530663,2023,72,100,0,700,2571-1203
2660500,1270500,2023,72,95,0,700,2660-1270
2539500,1182500,2021,6,31,0,700,2539-1182
2660192,1270316,2024,6,,0,700,2660-1270
2729500,1275500,2024,6,115,0,700,2729-1275
2614460,1269839,2025,6,2,0,700,2614-1269
2539046.23780685,1182645.82975201,2023,6,8,0,700,2539-1182
2539405.23201617,1182388.82094444,2023,12,12,0,700,2539-1182
2594749,1201648,2024,12,2,0,700,2594-1201
2594771,1201319,2021,12,2,0,700,2594-1201
2660500,1270500,2022,12,6,0,700,2660-1270
2660500,1270500,2025,12,2,0,700,2660-1270
2579500,1212500,2025,12,1,0,700,2579-1212
2574761,1256845,2021,12,2,0,700,2574-1256
2660500,1270500,2023,12,,0,700,2660-1270
2707624,1279118,2025,12,4,0,700,2707-1279
2568944,1203011,2022,12,2,0,700,2568-1203
2614460,1269839,2023,12,2,0,700,2614-1269
2614460,1269839,2022,12,2,0,700,2614-1269
2614460,1269839,2024,12,2,0,700,2614-1269
2614460,1269839,2022,18,1,0,700,2614-1269
2614462,1269826,2025,18,1,0,700,2614-1269
2614460,1269839,2025,18,1,0,700,2614-1269
2614460,1269839,2021,18,1,0,700,2614-1269
2539046.23780685,1182645.82975201,2023,18,6,0,700,2539-1182
2539046.23780685,1182645.82975202,2021,18,8,0,700,2539-1182
2539046.23780685,1182645.82975201,2024,18,1,0,700,2539-1182
2594794,1201521,2024,18,5,0,700,2594-1201
2593617,1201642,2021,18,4,0,700,2593-1201
2660500,1270500,2021,18,3,0,700,2660-1270
2594196,1201411,2022,18,2,0,700,2594-1201
2580033,1212240,2023,18,2,0,700,2580-1212
2691520,1247618,2022,18,2,0,700,2691-1247
2659500,1271500,2023,18,6,0,700,2659-1271
2660500,1270500,2025,18,7,0,700,2660-1270
2594500,1201500,2024,18,4,0,700,2594-1201
2539053,1182650,2021,18,8,0,700,2539-1182
2539001,1182723,2022,18,3,0,700,2539-1182
2579989,1212239,2023,18,2,0,700,2579-1212
2620500,1265500,2022,18,23,5,700,2620-1265
2660500,1270500,2024,18,6,0,700,2660-1270
2571328.52716224,1202123.24494393,2022,24,2,0,700,2571-1202
2594755,1201647,2025,24,1,0,700,2594-1201
2593396,1201475,2025,24,1,0,700,2593-1201
2594706,1201666,2025,24,1,0,700,2594-1201
2614424,1269800,2023,24,1,0,700,2614-1269
2539046.23780685,1182645.82975201,2023,24,1,0,700,2539-1182
2659500,1270500,2022,24,6,0,700,2659-1270
2620500,1265500,2021,24,6,0,700,2620-1265
2660500,1270500,2021,24,6,0,700,2660-1270
2659500,1271500,2025,24,2,0,700,2659-1271
2660500,1270500,2021,24,6,0,700,2660-1270
2570562,1203304,2025,24,1,0,700,2570-1203
2660500,1270500,2024,24,6,0,700,2660-1270
2660500,1270500,2023,30,,1,700,2660-1270
2594696,1201671,2024,30,2,4,700,2594-1201
2660500,1270500,2023,30,10,2,700,2660-1270
2660500,1270500,2023,30,,2,700,2660-1270
2614460,1269839,2025,30,13,13,700,2614-1269
2691477,1247526,2021,30,2,4,700,2691-1247
2660554,1269986,2023,30,8,2,700,2660-1269
2660500,1270500,2024,30,12,1,700,2660-1270
2659500,1270500,2023,30,,1,700,2659-1270
2660500,1270500,2023,30,30,1,700,2660-1270
2569500,1203500,2021,30,2,4,700,2569-1203
2594611,1201715,2021,30,1,2,700,2594-1201
2570500,1203500,2022,30,2,2,700,2570-1203
2660273,1269931,2023,36,8,1,700,2660-1269
2660226,1269905,2021,36,8,3,700,2660-1269
2670500,1242500,2022,36,6,2,700,2670-1242
2691518,1247661,2021,36,2,4,700,2691-1247
2594644,1201709,2023,36,9,13,700,2594-1201
2572895,1202883,2025,42,4,2,700,2572-1202
2660324,1269933,2024,42,125,2,700,2660-1269
2660388,1269816,2025,42,,1,700,2660-1269
2660500,1269500,2022,42,100,2,700,2660-1269
2660500,1270500,2021,42,83,2,700,2660-1270
2656500,1273500,2021,42,3,2,700,2656-1273
2620717.75996161,1265315.77940843,2023,48,46,0,700,2620-1265
2660500,1270500,2023,48,150,0,700,2660-1270
2620500,1265500,2022,48,12,0,700,2620-1265
2569500,1203500,2023,48,3,0,700,2569-1203
2660314,1269947,2022,48,5,0,700,2660-1269
2660319,1269945,2022,48,1,0,700,2660-1269
2660165,1270229,2021,48,160,0,700,2660-1270
2660219,1269916,2023,48,40,0,700,2660-1269
2533127,1174937,2023,48,2,0,700,2533-1174
2660237,1269860,2024,48,,0,700,2660-1269
2660500,1270500,2021,48,160,0,700,2660-1270
2660500,1270500,2022,48,50,0,700,2660-1270
2660500,1270500,2022,48,100,0,700,2660-1270
2569500,1203500,2025,54,3,0,700,2569-1203
2660500,1270500,2021,54,500,0,700,2660-1270
2659500,1271500,2025,54,100,0,700,2659-1271
2660500,1270500,2021,54,250,0,700,2660-1270
2569060,1203316,2023,54,16,0,700,2569-1203
2594673,1201670,2025,54,1,0,700,2594-1201
2594698,1201657,2023,54,2,0,700,2594-1201
2594626,1201628,2021,54,2,0,700,2594-1201
2593488,1201385,2022,54,2,0,700,2593-1201
2569525.56262002,1203696.28167077,2021,54,2,0,700,2569-1203
2569500,1203500,2022,60,,0,700,2569-1203
2660500,1270500,2023,60,,0,700,2660-1270
2614460,1269839,2025,60,1,0,700,2614-1269
2614460,1269839,2023,60,4,0,700,2614-1269
2594786,1201417,2023,60,3,0,700,2594-1201
2707153,1279244,2021,67,9,0,700,2707-1279
2539046.23780685,1182645.82975201,2024,67,20,0,700,2539-1182
2539046.23780685,1182645.82975201,2025,67,11,0,700,2539-1182
2539046.23780685,1182645.82975201,2025,67,7,0,700,2539-1182
2746500,1268500,2021,67,3,0,700,2746-1268
2593500,1201500,2022,67,2,0,700,2593-1201
2569500,1203500,2021,67,19,0,700,2569-1203
2660500,1270500,2024,67,2,0,700,2660-1270
2571470.53406229,1202564.24394483,2023,73,100,0,700,2571-1202
2569500,1203500,2025,73,40,0,700,2569-1203
2614460,1269839,2021,73,2,0,700,2614-1269
2539046.23780685,1182645.82975202,2022,73,5,0,700,2539-1182
2539405.23201617,1182388.82094444,2025,73,3,0,700,2539-1182
2569525.56262002,1203696.28167077,2023,73,,0,700,2569-1203
2569525.56262002,1203696.28167077,2023,73,80,0,700,2569-1203
2539038,1182606,2021,73,7,0,700,2539-1182
2539148,1182657,2022,73,5,0,700,2539-1182
2572773,1204488,2024,73,38,0,700,2572-1204
2572639,1204588,2022,73,4,0,700,2572-1204
2660500,1270500,2025,73,2,0,700,2660-1270
2660500,1270500,2022,73,,0,700,2660-1270
2660500,1270500,2025,73,2,0,700,2660-1270
2570382,1203043,2023,73,19,0,700,2570-1203
2569500,1203500,2025,73,2,0,700,2569-1203
2539046.23780685,1182645.82975201,2024,6,47,0,700,2539-1182
2539046.23780685,1182645.82975201,2023,6,5,0,700,2539-1182
2580090.6502114,1212497.13430467,2024,6,115,0,700,2580-1212
2660667,1269746,2024,6,1,0,700,2660-1269
2659500,1271500,2024,6,14,0,700,2659-1271
2594775,1201394,2024,6,2,0,700,2594-1201
2593432,1201480,2025,6,1,0,700,2593-1201
2593351,1201402,2024,12,2,0,700,2593-1201
2572764,1204708,2025,12,6,0,700,2572-1204
2539072,1182638,2023,12,9,0,700,2539-1182
2614460,1269839,2021,12,2,0,700,2614-1269
2614460,1269839,2022,12,2,0,700,2614-1269
2539405.23201617,1182388.82094444,2023,12,13,0,700,2539-1182
2539046.23780685,1182645.82975201,2023,12,3,0,700,2539-1182
2539046.23780685,1182645.82975201,2024,12,2,0,700,2539-1182
2539046.23780685,1182645.82975201,2023,12,3,0,700,2539-1182
2539046.23780685,1182645.82975201,2023,12,9,0,700,2539-1182
2660500,1270500,2022,12,11,0,700,2660-1270
2579500,1212500,2025,12,2,0,700,2579-1212
2746500,1268500,2023,12,2,0,700,2746-1268
2569500,1203500,2024,12,10,0,700,2569-1203
2579887,1212107,2024,12,10,0,700,2579-1212
2594723,1201648,2024,12,4,0,700,2594-1201
2660500,1270500,2025,12,6,0,700,2660-1270
2614460,1269839,2024,18,2,0,700,2614-1269
2539151,1182673,2021,18,5,0,700,2539-1182
2539067,1182760,2021,18,6,0,700,2539-1182
2539099,1182645,2021,18,5,0,700,2539-1182
2539012,1182726,2021,18,9,0,700,2539-1182
2570500,1203500,2021,18,3,0,700,2570-1203
2539046.23780685,1182645.82975201,2023,18,5,0,700,2539-1182
2660500,1270500,2022,18,2,0,700,2660-1270
2570561,1202652,2021,18,1,0,700,2570-1202
2594203,1201719,2022,18,1,0,700,2594-1201
2594710,1201650,2025,18,2,0,700,2594-1201
2594719,1201619,2024,18,2,0,700,2594-1201
2593680,1201743,2022,18,2,0,700,2593-1201
2660500,1270500,2022,18,2,0,700,2660-1270
2569500,1203500,2025,24,3,0,700,2569-1203
2614460,1269839,2023,24,1,0,700,2614-1269
2570171.55826185,1203620.27005927,2025,24,2,0,700,2570-1203
2594762,1201628,2024,24,1,0,700,2594-1201
2594836,1201381,2024,24,1,0,700,2594-1201
2660239,1269905,2024,24,1,2,700,2660-1269
2660500,1270500,2025,24,5,0,700,2660-1270
2539091,1182647,2021,30,2,4,700,2539-1182
2660500,1270500,2024,30,3,1,700,2660-1270
2660500,1270500,2023,30,,1,700,2660-1270
2571328.52716224,1202123.24494393,2023,30,1,1,700,2571-1202
2614460,1269839,2021,30,6,4,700,2614-1269
2660290,1269865,2023,30,,1,700,2660-1269
2660297,1270165,2023,30,,2,700,2660-1270
2660500,1270500,2023,30,17,2,700,2660-1270
2571257,1202023,2023,30,3,2,700,2571-1202
2660500,1270500,2022,30,5,1,700,2660-1270
2594500,1201500,2023,30,9,13,700,2594-1201
2660500,1270500,2023,30,,2,700,2660-1270
2570873,1202237,2024,30,2,1,700,2570-1202
2570559,1202648,2022,30,2,2,700,2570-1202
2594734,1201641,2023,36,9,13,700,2594-1201
2614460,1269839,2024,36,3,13,700,2614-1269
2660500,1270500,2021,36,21,2,700,2660-1270
2660083,1269943,2025,36,,2,700,2660-1269
2660500,1270500,2025,36,,1,700,2660-1270
2660500,1270500,2025,36,60,1,700,2660-1270
2570553.53980193,1202655.26017325,2023,42,2,1,700,2570-1202
2570500,1203500,2023,42,2,4,700,2570-1203
2660237,1269860,2024,42,,1,700,2660-1269
2660068,1270096,2024,42,20,1,700,2660-1270
2660348,1269875,2021,42,2,1,700,2660-1269
2570553.53980193,1202655.26017325,2023,42,2,1,700,2570-1202
2659500,1270500,2021,42,60,1,700,2659-1270
2660429,1269841,2022,48,,0,700,2660-1269
2660321,1269949,2021,48,300,0,700,2660-1269
2660500,1270500,2022,48,,0,700,2660-1270
2594500,1201500,2023,55,2,0,700,2594-1201
2569500,1203500,2023,55,5,0,700,2569-1203
2580090.6502114,1212497.13430467,2024,55,4,0,700,2580-1212
2594732,1201733,2021,55,2,0,700,2594-1201
2594705,1201640,2021,55,2,0,700,2594-1201
2594820,1201567,2023,55,2,0,700,2594-1201
2539328,1182349,2024,55,1,0,700,2539-1182
2570171.55826185,1203620.27005927,2025,55,2,0,700,2570-1203
2660500,1270500,2021,55,,0,700,2660-1270
2660351,1269942,2022,55,8,0,700,2660-1269
2660315,1270014,2024,55,4,0,700,2660-1270
2660567,1269751,2023,55,3,0,700,2660-1269
2614460,1269839,2024,55,1,0,700,2614-1269
2569525.56262002,1203696.28167077,2022,61,5,0,700,2569-1203
2660500,1270500,2022,61,,0,700,2660-1270
2571500,1202500,2024,61,5,0,700,2571-1202
2569500,1203500,2022,61,2,0,700,2569-1203
2660500,1270500,2025,61,100,0,700,2660-1270
2631482,1270455,2024,61,2,0,700,2631-1270
2594775,1201371,2023,61,2,0,700,2594-1201
2614460,1269839,2024,61,1,0,700,2614-1269
2660500,1270500,2021,61,52,0,700,2660-1270
2539019,1182877,2023,61,2,0,700,2539-1182
2660500,1270500,2024,61,,0,700,2660-1270
2660220,1269891,2025,67,25,0,700,2660-1269
2660500,1270500,2023,67,45,0,700,2660-1270
2655500,1272500,2025,67,4,0,700,2655-1272
2568801,1203222,2021,67,2,0,700,2568-1203
2539046.23780685,1182645.82975201,2025,67,4,0,700,2539-1182
2539046.23780685,1182645.82975201,2025,67,4,0,700,2539-1182
2572669,1204556,2024,67,30,0,700,2572-1204
2539059,1182634,2021,67,8,0,700,2539-1182
2539071,1182789,2021,67,8,0,700,2539-1182
2572418,1204441,2022,67,9,0,700,2572-1204
2539065,1182629,2021,67,8,0,700,2539-1182
2572745,1204511,2022,67,25,0,700,2572-1204
2660500,1270500,2022,73,,0,700,2660-1270
2594484,1201717,2023,73,4,0,700,2594-1201
2593520,1201487,2022,73,2,0,700,2593-1201
2568704,1203159,2022,73,18,0,700,2568-1203
2594407,1201752,2025,73,6,0,700,2594-1201
2727055,1280814,2024,73,,0,700,2727-1280
2569525.56262002,1203696.28167077,2023,73,60,0,700,2569-1203
2660500,1270500,2025,73,14,0,700,2660-1270
2660500,1270500,2025,73,,0,700,2660-1270
2660500,1270500,2024,73,60,0,700,2660-1270
2539405.23201617,1182388.82094444,2025,73,3,0,700,2539-1182
2539046.23780685,1182645.82975202,2022,73,32,0,700,2539-1182
2539046.23780685,1182645.82975202,2022,73,34,0,700,2539-1182
2539046.23780685,1182645.82975202,2022,73,30,0,700,2539-1182
2569857.55231118,1203193.27414936,2022,73,,0,700,2569-1203
2569500,1203500,2021,73,20,0,700,2569-1203
2569500,1203500,2022,73,15,0,700,2569-1203
2539033,1182608,2022,73,27,0,700,2539-1182
2539024,1182822,2022,73,20,0,700,2539-1182
2580500,1212500,2022,73,5,0,700,2580-1212
2746500,1268500,2025,73,4,0,700,2746-1268
2580500,1212500,2022,73,3,0,700,2580-1212
2570500,1203500,2022,6,25,0,700,2570-1203
2703526,1282316,2023,6,6,0,700,2703-1282
2569147,1203366,2022,6,43,0,700,2569-1203
2569976,1203083,2023,6,2,0,700,2569-1203
2569500,1203500,2022,6,21,0,700,2569-1203
2569525.56262002,1203696.28167077,2025,6,18,0,700,2569-1203
2580090.6502114,1212497.13430467,2023,6,1,0,700,2580-1212
2539104,1182655,2024,6,,0,700,2539-1182
2539042,1182863,2022,6,6,0,700,2539-1182
2569857.55231118,1203193.27414935,2025,6,70,0,700,2569-1203
2571470.53406229,1202564.24394483,2025,6,,0,700,2571-1202
2614460,1269839,2025,6,2,0,700,2614-1269
2539046.23780685,1182645.82975201,2024,6,57,0,700,2539-1182
2539046.23780685,1182645.82975201,2025,6,7,0,700,2539-1182
2539046.23780685,1182645.82975201,2023,6,25,0,700,2539-1182
2660500,1270500,2024,6,,0,700,2660-1270
2660500,1270500,2023,6,85,0,700,2660-1270
2729500,1275500,2024,12,2,0,700,2729-1275
2660500,1270500,2024,12,5,0,700,2660-1270
2569004,1203219,2024,12,5,0,700,2569-1203
2728516,1280940,2024,12,2,0,700,2728-1280
2580090.6502114,1212497.13430467,2024,12,45,0,700,2580-1212
2569526,1203257,2024,12,3,0,700,2569-1203
2614460,1269839,2024,12,2,0,700,2614-1269
2572988.53326271,1202929.21911323,2025,18,2,0,700,2572-1202
2570171.55826185,1203620.27005927,2024,18,2,0,700,2570-1203
2539046.23780685,1182645.82975201,2023,18,6,0,700,2539-1182
2570171.55826185,1203620.27005927,2024,18,2,0,700,2570-1203
2570526,1202516,2021,18,1,0,700,2570-1202
2575206,1258076,2025,18,2,0,700,2575-1258
2571638,1203138,2023,18,1,0,700,2571-1203
2691506,1247595,2021,18,2,0,700,2691-1247
2691561,1247591,2022,18,1,0,700,2691-1247
2593500,1201500,2021,18,2,0,700,2593-1201
2594702,1201662,2025,18,1,0,700,2594-1201
2660500,1270500,2025,18,2,0,700,2660-1270
2660500,1270500,2021,18,1,0,700,2660-1270
2655500,1272500,2025,18,2,0,700,2655-1272
2691534,1247606,2022,18,2,0,700,2691-1247
2620500,1265500,2025,18,1,0,700,2620-1265
2569500,1203500,2024,18,1,0,700,2569-1203
2569500,1203500,2024,18,2,0,700,2569-1203
2539089,1182641,2023,18,1,0,700,2539-1182
2614460,1269839,2025,18,1,0,700,2614-1269
2614460,1269839,2025,24,14,13,700,2614-1269
2614460,1269839,2021,24,1,0,700,2614-1269
2660500,1270500,2024,24,12,0,700,2660-1270
2575339,1257958,2024,24,1,0,700,2575-1257
2594713,1201650,2025,24,2,0,700,2594-1201
2594193,1201740,2022,24,2,0,700,2594-1201
2569500,1203500,2022,24,2,0,700,2569-1203
2729500,1275500,2023,24,1,0,700,2729-1275
2660500,1270500,2022,24,3,0,700,2660-1270
2593932,1201574,2021,24,3,0,700,2593-1201
2594474,1201665,2021,24,1,0,700,2594-1201
2594418,1201427,2023,24,2,0,700,2594-1201
2660500,1270500,2021,24,7,0,700,2660-1270
2659500,1271500,2024,24,22,0,700,2659-1271
2746500,1268500,2021,24,2,0,700,2746-1268
2575383.48559548,1257918.33890068,2023,24,1,0,700,2575-1257
2620500,1265500,2022,24,2,0,700,2620-1265
2660500,1270500,2023,24,6,0,700,2660-1270
2579852,1212157,2021,24,1,0,700,2579-1212
2614460,1269839,2021,30,11,4,700,2614-1269
2614477,1269841,2024,30,2,1,700,2614-1269
2614700,1269099,2024,30,4,1,700,2614-1269
2614460,1269839,2023,30,1,2,700,2614-1269
2571326,1202084,2023,30,1,1,700,2571-1202
2594657,1201534,2021,30,1,2,700,2594-1201
2575281,1258059,2024,30,5,13,700,2575-1258
2660283,1269986,2022,30,40,2,700,2660-1269
2574298,1256104,2023,30,2,1,700,2574-1256
2660220,1270274,2021,30,32,2,700,2660-1270
2570500,1203500,2022,30,2,1,700,2570-1203
2620500,1265500,2021,30,19,13,700,2620-1265
2660500,1270500,2021,30,2,1,700,2660-1270
2593869,1201605,2021,30,6,13,700,2593-1201
2660500,1269500,2022,30,42,1,700,2660-1269
2570553.53980193,1202655.26017326,2022,30,2,2,700,2570-1202
2670500,1242500,2023,30,2,1,700,2670-1242
2660500,1269500,2022,30,,2,700,2660-1269
2660239,1269905,2024,36,17,2,700,2660-1269
2660267,1269947,2022,36,75,1,700,2660-1269
2660221,1269919,2023,36,5,1,700,2660-1269
2660500,1270500,2024,42,,1,700,2660-1270
2570553.53980193,1202655.26017325,2023,42,2,1,700,2570-1202
2660350,1270369,2022,49,19,0,700,2660-1270
2660279,1269967,2022,49,35,0,700,2660-1269
2660227,1269886,2022,49,,0,700,2660-1269
2660500,1270500,2022,49,,0,700,2660-1270
2614460,1269839,2024,49,1,0,700,2614-1269
2660500,1270500,2023,49,,0,700,2660-1270
2660500,1270500,2025,49,,0,700,2660-1270
2569500,1203500,2023,49,4,0,700,2569-1203
2660500,1270500,2021,55,,0,700,2660-1270
2660249,1269884,2025,55,,0,700,2660-1269
2660500,1270500,2023,55,40,0,700,2660-1270
2594739,1201604,2025,55,1,0,700,2594-1201
2569484,1203665,2023,55,14,0,700,2569-1203
2660500,1269500,2024,55,3,0,700,2660-1269
2614456,1269845,2024,61,1,0,700,2614-1269
2539046.23780685,1182645.82975201,2023,61,2,0,700,2539-1182
2539046.23780685,1182645.82975201,2023,61,3,0,700,2539-1182
2575275,1257967,2025,61,2,0,700,2575-1257
2594723,1201622,2023,61,4,0,700,2594-1201
2594824,1201330,2023,61,4,0,700,2594-1201
2539046.23780685,1182645.82975201,2024,67,1,0,700,2539-1182
2539046.23780685,1182645.82975201,2025,67,4,0,700,2539-1182
2539046.23780685,1182645.82975201,2023,67,25,0,700,2539-1182
2660322,1269869,2025,67,,0,700,2660-1269
2539102,1182651,2021,67,7,0,700,2539-1182
2539080,1182759,2021,67,8,0,700,2539-1182
2614493,1269807,2025,67,2,0,700,2614-1269
2594578,1201725,2021,67,2,0,700,2594-1201
2575501,1258132,2024,67,2,0,700,2575-1258
2594762,1201573,2023,67,2,0,700,2594-1201
2569500,1203500,2023,73,22,0,700,2569-1203
2569525.56262002,1203696.28167077,2023,73,15,0,700,2569-1203
2539046.23780685,1182645.82975202,2022,73,37,0,700,2539-1182
2539046.23780685,1182645.82975202,2022,73,37,0,700,2539-1182
2660240,1270029,2025,73,2,0,700,2660-1270
2569704,1203462,2022,73,8,0,700,2569-1203
2571470.53406229,1202564.24394483,2023,73,75,0,700,2571-1202
2627500,1268500,2024,73,63,0,700,2627-1268
2620500,1265500,2021,73,170,0,700,2620-1265
2707500,1279500,2021,73,72,0,700,2707-1279
2660500,1270500,2023,73,,0,700,2660-1270
2660500,1270500,2025,73,2,0,700,2660-1270
2593508,1201451,2022,73,2,0,700,2593-1201
2580500,1212500,2024,73,2,0,700,2580-1212
2594696,1201697,2023,73,4,0,700,2594-1201
2614460,1269839,2025,6,2,0,700,2614-1269
2614460,1269839,2021,6,2,0,700,2614-1269
2539046.23780685,1182645.82975201,2023,6,30,0,700,2539-1182
2539046.23780685,1182645.82975201,2024,6,61,0,700,2539-1182
2570171.55826185,1203620.27005927,2023,6,4,0,700,2570-1203
2539046.23780685,1182645.82975201,2023,6,29,0,700,2539-1182
2539405.23201617,1182388.82094444,2023,6,7,0,700,2539-1182
2539046.23780685,1182645.82975201,2023,6,30,0,700,2539-1182
2707456,1279214,2025,6,2,0,700,2707-1279
2570500,1203500,2025,6,20,0,700,2570-1203
2539094,1182650,2021,6,3,0,700,2539-1182
2539111,1182628,2024,6,39,0,700,2539-1182
2593289,1201516,2024,6,2,0,700,2593-1201
2593594,1201428,2022,6,2,0,700,2593-1201
2729500,1275500,2024,6,38,0,700,2729-1275
2660500,1270500,2023,6,,0,700,2660-1270
2579500,1257500,2024,18,2,0,700,2579-1257
2539046.23780685,1182645.82975201,2023,18,1,0,700,2539-1182
2539046.23780685,1182645.82975201,2023,18,2,0,700,2539-1182
2627500,1268500,2021,18,4,0,700,2627-1268
2614473,1269869,2025,18,1,0,700,2614-1269
2614460,1269839,2022,18,2,0,700,2614-1269
2660500,1270500,2024,18,8,0,700,2660-1270
2660236,1269950,2023,18,30,0,700,2660-1269
2594661,1201697,2024,18,6,0,700,2594-1201
2594181,1201719,2022,18,2,0,700,2594-1201
2594681,1201746,2025,18,1,0,700,2594-1201
2593106,1201340,2025,18,2,0,700,2593-1201
2569644.55120499,1203073.27749823,2022,18,1,0,700,2569-1203
2593543,1201555,2024,24,3,0,700,2593-1201
2570539,1203269,2025,24,1,0,700,2570-1203
2570786.54709269,1203140.25772041,2023,24,2,0,700,2570-1203
2660500,1270500,2025,24,3,0,700,2660-1270
2571328.52716224,1202123.24494393,2023,24,2,0,700,2571-1202
2571086,1203648,2023,24,2,0,700,2571-1203
2569630,1203727,2023,24,1,0,700,2569-1203
2660500,1270500,2025,24,1,0,700,2660-1270
2691565,1247650,2021,24,2,0,700,2691-1247
2533176,1174874,2024,24,3,0,700,2533-1174
2660227,1269930,2023,24,4,0,700,2660-1269
2575374,1257964,2025,24,8,13,700,2575-1257
2575379,1257830,2025,24,8,13,700,2575-1257
2570511,1202679,2022,24,2,0,700,2570-1202
2691555,1247742,2021,24,2,0,700,2691-1247
2614460,1269839,2023,30,3,4,700,2614-1269
2614460,1269839,2021,30,10,4,700,2614-1269
2614460,1269839,2024,30,3,13,700,2614-1269
2660384,1269820,2023,30,14,2,700,2660-1269
2593976,1201609,2021,30,6,13,700,2593-1201
2594328,1201622,2023,30,9,13,700,2594-1201
2539046.23780685,1182645.82975201,2024,30,1,2,700,2539-1182
2569630,1203727,2022,30,1,2,700,2569-1203
2570500,1203500,2025,30,2,2,700,2570-1203
2660500,1269500,2022,30,50,2,700,2660-1269
2660500,1270500,2022,30,50,4,700,2660-1270
2614500,1269500,2021,30,2,2,700,2614-1269
2570500,1203500,2025,30,14,13,700,2570-1203
2594690,1201700,2024,30,2,4,700,2594-1201
2660225,1269922,2022,30,45,2,700,2660-1269
2660373,1269939,2023,30,15,1,700,2660-1269
2570553.53980193,1202655.26017326,2022,30,2,1,700,2570-1202
2614460,1269839,2024,37,2,4,700,2614-1269
2660500,1270500,2025,37,,1,700,2660-1270
2575383.48559548,1257918.33890068,2023,43,2,1,700,2575-1257
2569857.55231118,1203193.27414935,2025,43,3,2,700,2569-1203
2569857.55231118,1203193.27414935,2025,43,3,2,700,2569-1203
2569857.55231118,1203193.27414935,2025,43,3,2,700,2569-1203
2660500,1270500,2025,43,110,2,700,2660-1270
2660237,1269945,2024,43,,2,700,2660-1269
2660213,1270074,2021,43,3,1,700,2660-1270
2660500,1270500,2023,43,,1,700,2660-1270
2570553.53980193,1202655.26017325,2023,49,2,0,700,2570-1202
2660500,1270500,2023,49,200,0,700,2660-1270
2660500,1270500,2021,49,,0,700,2660-1270
2660500,1270500,2021,49,230,0,700,2660-1270
2660500,1270500,2025,49,,0,700,2660-1270
2539046.23780685,1182645.82975201,2023,49,5,0,700,2539-1182
2660387,1269822,2023,49,,0,700,2660-1269
2678459,1261640,2023,49,1,0,700,2678-1261
2569525.56262002,1203696.28167077,2021,55,1,0,700,2569-1203
2729500,1275500,2024,55,2,0,700,2729-1275
2660500,1270500,2025,55,,0,700,2660-1270
2660500,1270500,2025,55,5,0,700,2660-1270
2660421,1270031,2022,55,,0,700,2660-1270
2660500,1270500,2022,55,,0,700,2660-1270
2594762,1201427,2023,61,4,0,700,2594-1201
2569500,1203500,2021,61,9,0,700,2569-1203
2569500,1203500,2022,61,20,0,700,2569-1203
2614460,1269839,2024,61,1,0,700,2614-1269
2614460,1269839,2025,61,1,0,700,2614-1269
2660500,1270500,2021,61,,0,700,2660-1270
2660500,1270500,2022,61,12,0,700,2660-1270
2570171.55826185,1203620.27005927,2024,61,2,0,700,2570-1203
2570171.55826185,1203620.27005927,2025,61,12,0,700,2570-1203
2568537,1203320,2022,67,6,0,700,2568-1203
2571687,1203516,2024,67,,0,700,2571-1203
2594559,1201677,2021,67,2,0,700,2594-1201
2539097,1182797,2024,67,16,0,700,2539-1182
2572023,1204800,2022,67,18,0,700,2572-1204
2539046.23780685,1182645.82975202,2022,67,3,0,700,2539-1182
2539046.23780685,1182645.82975201,2025,67,4,0,700,2539-1182
2570171.55826185,1203620.27005927,2024,67,20,0,700,2570-1203
2569572,1203466,2021,73,2,0,700,2569-1203
2569525.56262002,1203696.28167077,2023,73,55,0,700,2569-1203
2569500,1203500,2021,73,,0,700,2569-1203
2568824,1203213,2021,73,11,0,700,2568-1203
2660500,1270500,2023,73,,0,700,2660-1270
2660500,1270500,2025,73,35,0,700,2660-1270
2614480,1269782,2023,73,2,0,700,2614-1269
2660500,1270500,2023,73,128,0,700,2660-1270
2539150,1182669,2021,73,7,0,700,2539-1182
2703672,1282152,2022,73,1,0,700,2703-1282
2539039,1182606,2022,73,38,0,700,2539-1182
2539156,1182674,2021,73,7,0,700,2539-1182
2539031,1182605,2024,73,5,0,700,2539-1182
2539052,1182894,2022,73,37,0,700,2539-1182
2539046.23780685,1182645.82975201,2025,73,3,0,700,2539-1182
2570171.55826185,1203620.27005927,2024,73,10,0,700,2570-1203
2539046.23780685,1182645.82975202,2022,73,37,0,700,2539-1182
2539046.23780685,1182645.82975201,2023,73,48,0,700,2539-1182
2539046.23780685,1182645.82975202,2022,73,37,0,700,2539-1182
2620500,1265500,2021,73,200,0,700,2620-1265
2660215,1269920,2023,73,50,0,700,2660-1269
2660500,1270500,2023,7,141,0,700,2660-1270
2580164,1212160,2024,7,26,0,700,2580-1212
2580137,1212073,2024,7,7,0,700,2580-1212
2655500,1272500,2024,7,18,0,700,2655-1272
2593500,1201500,2025,7,3,0,700,2593-1201
2659500,1270500,2023,7,,0,700,2659-1270
2594778,1201397,2024,7,1,0,700,2594-1201
2594833,1201341,2021,7,2,0,700,2594-1201
2660500,1270500,2023,7,,0,700,2660-1270
2539046.23780685,1182645.82975201,2025,7,7,0,700,2539-1182
2539046.23780685,1182645.82975201,2023,7,24,0,700,2539-1182
2539046.23780685,1182645.82975201,2024,7,55,0,700,2539-1182
2539046.23780685,1182645.82975201,2023,7,33,0,700,2539-1182
2729500,1275500,2024,7,50,0,700,2729-1275
2614460,1269839,2025,7,3,0,700,2614-1269
2539115,1182678,2025,7,10,0,700,2539-1182
2660500,1269500,2023,7,2,0,700,2660-1269
2594713,1201640,2025,18,1,0,700,2594-1201
2660500,1270500,2022,18,2,0,700,2660-1270
2614460,1269839,2025,18,2,0,700,2614-1269
2614460,1269839,2022,18,1,0,700,2614-1269
2539046.23780685,1182645.82975201,2023,18,6,0,700,2539-1182
2593964,1201626,2021,31,6,13,700,2593-1201
2552043,1187697,2021,31,2,4,700,2552-1187
2569793,1203055,2022,31,2,1,700,2569-1203
2570741,1202756,2021,31,5,2,700,2570-1202
2594783,1201635,2023,31,8,13,700,2594-1201
2614460,1269839,2021,31,14,4,700,2614-1269
2570723.53976856,1202698.25735171,2024,31,2,4,700,2570-1202
2660302,1269961,2023,43,60,2,700,2660-1269
2660290,1269871,2023,43,8,1,700,2660-1269
2660458,1269851,2021,43,1,2,700,2660-1269
2660500,1270500,2025,43,,1,700,2660-1270
2660500,1269500,2024,49,50,0,700,2660-1269
2594718,1201627,2022,49,3,0,700,2594-1201
2560500,1194500,2025,49,1,0,700,2560-1194
2569500,1203500,2021,49,2,0,700,2569-1203
2655500,1272500,2021,49,5,0,700,2655-1272
2660500,1270500,2021,49,100,0,700,2660-1270
2660500,1270500,2022,49,,0,700,2660-1270
2660309,1269938,2025,49,,0,700,2660-1269
2660318,1269959,2021,49,200,0,700,2660-1269
2659500,1270500,2024,49,20,0,700,2659-1270
2614460,1269839,2024,49,1,0,700,2614-1269
2614460,1269839,2024,61,1,0,700,2614-1269
2594795,1201631,2021,61,2,0,700,2594-1201
2659500,1270500,2025,61,2,0,700,2659-1270
2660500,1270500,2023,61,25,0,700,2660-1270
2660500,1270500,2021,61,,0,700,2660-1270
2570500,1203500,2022,61,7,0,700,2570-1203
2569525.56262002,1203696.28167077,2022,61,5,0,700,2569-1203
2539133,1182663,2024,73,8,0,700,2539-1182
2569614,1203213,2025,73,20,0,700,2569-1203
2707502,1279257,2025,73,70,0,700,2707-1279
2655500,1272500,2025,73,150,0,700,2655-1272
2539500,1182500,2024,73,16,0,700,2539-1182
2570171.55826185,1203620.27005927,2025,73,2,0,700,2570-1203
2539046.23780685,1182645.82975202,2022,73,34,0,700,2539-1182
2539046.23780685,1182645.82975201,2025,73,3,0,700,2539-1182
2614458,1269794,2022,73,2,0,700,2614-1269
2614590,1269719,2023,73,15,0,700,2614-1269
2659500,1270500,2025,73,80,0,700,2659-1270
2593632,1201644,2021,73,4,0,700,2593-1201
2594721,1201699,2021,73,2,0,700,2594-1201
2569458,1203644,2025,73,20,0,700,2569-1203
2569489,1203670,2025,73,25,0,700,2569-1203
