species,site,year,date,n_individuals,n_guests,guest,singing,calling,warning,aggressive_interaction,couple,female,nesting_material,feeding,nest,juvenile,territory,doy
Hausrotschwanz,4,2019,2019-03-22,0,0,NA,NA,NA,NA,NA,NA,NA,NA,NA,NA,NA,NA,81
Hausrotschwanz,4,2019,2019-04-16,1,0,F,T,F,F,?,T,F,F,F,F,F,?,106
Hausrotschwanz,4,2019,2019-05-09,0,0,NA,NA,NA,NA,NA,NA,NA,NA,NA,NA,NA,NA,129
Hausrotschwanz,4,2019,2019-06-05,0,0,NA,NA,NA,NA,NA,NA,NA,NA,NA,NA,NA,NA,156
Hausrotschwanz,4,2020,2020-03-18,0,0,NA,NA,NA,NA,NA,NA,NA,NA,NA,NA,NA,NA,78
Hausrotschwanz,4,2020,2020-04-16,1,0,F,T,F,F,?,F,F,F,F,F,F,?,107
Hausrotschwanz,4,2020,2020-05-07,1,0,F,T,F,F,?,F,F,F,F,F,F,?,128
Hausrotschwanz,4,2020,2020-06-02,0,0,NA,NA,NA,NA,NA,NA,NA,NA,NA,NA,NA,NA,154
Hausrotschwanz,4,2021,2021-03-24,0,0,NA,NA,NA,NA,NA,NA,NA,NA,NA,NA,NA,NA,83
Hausrotschwanz,4,2021,2021-04-20,0,0,NA,NA,NA,NA,NA,NA,NA,NA,NA,NA,NA,NA,110
Hausrotschwanz,4,2021,2021-05-15,0,0,NA,NA,NA,NA,NA,NA,NA,NA,NA,NA,NA,NA,135
Hausrotschwanz,4,2021,2021-06-04,1,0,?,F,F,F,?,F,F,?,T,F,F,?,155
Hausrotschwanz,4,2022,2022-03-21,0,0,NA,NA,NA,NA,NA,NA,NA,NA,NA,NA,NA,NA,80
Hausrotschwanz,4,2022,2022-04-18,0,0,NA,NA,NA,NA,NA,NA,NA,NA,NA,NA,NA,NA,108
Hausrotschwanz,4,2022,2022-05-12,1,0,F,T,F,F,?,F,F,F,F,F,F,?,132
Hausrotschwanz,4,2022,2022-06-02,0,0,NA,NA,NA,NA,NA,NA,NA,NA,NA,NA,NA,NA,153
Hausrotschwanz,4,2023,2023-03-18,0,0,NA,NA,NA,NA,NA,NA,NA,NA,NA,NA,NA,NA,77
Hausrotschwanz,4,2023,2023-04-26,0,0,NA,NA,NA,NA,NA,NA,NA,NA,NA,NA,NA,NA,116
Hausrotschwanz,4,2023,2023-05-19,0,0,NA,NA,NA,NA,NA,NA,NA,NA,NA,NA,NA,NA,139
Hausrotschwanz,4,2023,2023-06-07,1,0,F,F,F,F,F,F,T,F,F,F,F,?,158
Hausrotschwanz,6,2018,2018-03-26,0,0,NA,NA,NA,NA,NA,NA,NA,NA,NA,NA,NA,NA,85
Hausrotschwanz,6,2018,2018-04-15,2,0,F,T,F,F,?,T,F,F,F,F,F,?,105
Hausrotschwanz,6,2018,2018-05-19,1,0,F,F,T,F,?,F,F,F,F,F,F,?,139
Hausrotschwanz,6,2018,2018-06-09,7,0,F,T,T,F,?,T,F,F,F,F,T,?,160
Hausrotschwanz,6,2020,2020-04-13,1,0,F,F,F,F,?,F,F,F,F,F,F,?,104
Hausrotschwanz,6,2020,2020-06-13,1,0,F,T,F,F,?,F,F,F,F,F,F,?,165
Hausrotschwanz,6,2020,2020-03-28,2,0,F,F,T,F,?,F,F,F,F,F,F,?,88
Hausrotschwanz,6,2021,2021-03-28,1,0,F,F,F,F,?,F,F,F,F,F,F,?,87
Hausrotschwanz,6,2021,2021-05-08,1,0,F,F,F,F,?,F,F,F,F,F,F,?,128
Hausrotschwanz,6,2021,2021-06-05,1,0,F,F,F,F,?,F,T,F,F,F,F,?,156
Hausrotschwanz,6,2021,2021-04-24,0,0,NA,NA,NA,NA,NA,NA,NA,NA,NA,NA,NA,NA,114
Hausrotschwanz,7,2020,2020-03-15,2,0,F,F,F,F,?,T,F,F,F,F,F,?,75
Hausrotschwanz,7,2020,2020-04-10,6,0,F,T,T,F,?,F,F,F,F,F,F,?,101
Hausrotschwanz,7,2020,2020-05-17,2,2,T,T,F,F,?,F,F,F,F,F,F,?,138
Hausrotschwanz,7,2020,2020-05-31,4,0,F,T,F,F,?,F,F,F,F,F,F,?,152
Hausrotschwanz,7,2021,2021-03-17,3,0,F,T,F,F,?,F,?,F,F,F,F,?,76
Hausrotschwanz,7,2021,2021-05-09,4,0,F,T,F,F,?,F,?,F,T,F,F,?,129
Hausrotschwanz,7,2021,2021-05-27,3,0,F,T,F,F,?,T,?,F,F,F,F,?,147
Hausrotschwanz,7,2021,2021-06-08,4,0,F,T,F,T,?,F,?,F,F,F,F,?,159
Hausrotschwanz,10,2018,2018-03-26,3,0,F,T,F,F,?,F,F,F,F,F,F,?,85
Hausrotschwanz,10,2018,2018-04-18,14,0,F,T,F,F,T,F,F,F,F,F,F,?,108
Hausrotschwanz,10,2018,2018-05-07,7,0,F,T,F,F,?,F,F,F,F,F,F,?,127
Hausrotschwanz,10,2018,2018-05-18,10,0,F,T,F,F,?,F,F,F,F,F,F,?,138
Hausrotschwanz,10,2018,2018-05-23,22,0,T,T,F,F,?,F,T,F,T,T,F,?,143
Hausrotschwanz,10,2020,2020-03-17,9,0,T,T,F,F,?,T,F,F,F,F,F,?,77
Hausrotschwanz,10,2020,2020-04-10,10,0,T,T,F,F,?,F,F,F,F,F,F,?,101
Hausrotschwanz,10,2020,2020-05-01,8,0,T,T,F,F,?,F,F,F,F,F,F,?,122
Hausrotschwanz,10,2020,2020-05-31,14,0,T,T,F,T,?,F,T,F,F,F,F,?,152
Hausrotschwanz,10,2021,2021-04-01,21,0,F,T,F,T,?,T,T,F,F,F,F,?,91
Hausrotschwanz,10,2021,2021-04-24,16,0,T,T,T,F,?,T,F,F,F,F,F,?,114
Hausrotschwanz,10,2021,2021-05-16,8,0,T,T,F,F,?,T,T,F,F,F,F,?,136
Hausrotschwanz,10,2021,2021-06-01,8,0,T,T,F,F,?,T,T,F,F,F,F,?,152
Hausrotschwanz,12,2018,2018-03-25,0,0,NA,NA,NA,NA,NA,NA,NA,NA,NA,NA,NA,NA,84
Hausrotschwanz,12,2018,2018-04-14,1,0,F,F,F,F,?,F,F,F,F,F,F,?,104
Hausrotschwanz,12,2018,2018-06-16,2,0,F,F,F,F,?,F,F,F,F,F,T,?,167
Hausrotschwanz,12,2020,2020-03-20,1,0,F,T,F,F,?,F,F,F,F,F,F,?,80
Hausrotschwanz,12,2020,2020-04-09,3,0,F,F,F,F,?,F,F,F,F,F,F,?,100
Hausrotschwanz,12,2020,2020-05-08,3,0,F,F,F,F,?,F,F,F,F,F,F,?,129
Hausrotschwanz,12,2020,2020-06-21,2,0,F,F,F,F,?,F,F,F,F,F,T,?,173
Hausrotschwanz,13,2018,2018-03-25,1,0,F,T,F,F,?,F,F,F,F,F,F,?,84
Hausrotschwanz,13,2018,2018-04-19,2,0,F,T,F,F,?,F,F,F,F,F,F,?,109
Hausrotschwanz,13,2018,2018-05-12,2,0,F,F,F,T,?,F,F,F,F,F,F,?,132
Hausrotschwanz,13,2018,2018-06-03,3,0,F,F,F,F,?,F,T,F,F,F,F,?,154
Hausrotschwanz,13,2020,2020-03-28,4,0,F,T,F,F,?,F,F,F,F,F,F,?,88
Hausrotschwanz,13,2020,2020-04-19,3,0,F,T,F,F,?,F,F,F,F,F,F,?,110
Hausrotschwanz,13,2020,2020-05-10,3,0,F,T,F,F,?,F,T,F,F,F,F,?,131
Hausrotschwanz,13,2020,2020-06-05,4,0,F,T,F,T,?,F,F,F,F,F,F,?,157
Hausrotschwanz,13,2021,2021-03-28,1,0,F,F,F,F,?,F,F,F,F,F,F,?,87
Hausrotschwanz,13,2021,2021-04-18,1,0,F,T,F,F,?,F,F,F,F,F,F,?,108
Hausrotschwanz,13,2021,2021-05-10,1,0,F,T,F,F,?,F,F,F,F,F,F,?,130
Hausrotschwanz,13,2021,2021-06-05,2,0,F,T,F,F,?,F,F,F,F,F,F,?,156
Hausrotschwanz,14,2020,2020-03-15,1,0,F,F,T,F,?,F,F,F,F,F,F,?,75
Hausrotschwanz,14,2020,2020-04-18,2,0,F,T,F,F,?,F,F,F,F,F,F,?,109
Hausrotschwanz,14,2020,2020-05-09,0,0,NA,NA,NA,NA,NA,NA,NA,NA,NA,NA,NA,NA,130
Hausrotschwanz,14,2020,2020-06-17,1,0,F,F,F,F,?,F,F,F,F,F,F,?,169
Hausrotschwanz,14,2021,2021-06-13,3,0,F,T,F,F,?,T,?,F,F,F,F,?,164
Hausrotschwanz,18,2019,2019-03-30,3,0,F,T,F,F,?,F,F,F,F,F,F,?,89
Hausrotschwanz,18,2019,2019-04-19,2,0,F,T,F,F,?,F,F,F,F,F,F,?,109
Hausrotschwanz,18,2019,2019-05-02,1,0,F,T,F,F,?,F,F,F,F,F,F,?,122
Hausrotschwanz,18,2019,2019-05-23,1,0,F,T,F,F,?,F,F,F,F,F,F,?,143
Hausrotschwanz,18,2019,2019-06-18,0,0,NA,NA,NA,NA,NA,NA,NA,NA,NA,NA,NA,NA,169
Hausrotschwanz,18,2019,2019-03-03,0,0,NA,NA,NA,NA,NA,NA,NA,NA,NA,NA,NA,NA,62
Hausrotschwanz,18,2021,2021-04-16,0,0,NA,NA,NA,NA,NA,NA,NA,NA,NA,NA,NA,NA,106
Hausrotschwanz,18,2021,2021-05-14,0,0,NA,NA,NA,NA,NA,NA,NA,NA,NA,NA,NA,NA,134
Hausrotschwanz,18,2021,2021-06-14,2,0,F,T,?,?,?,?,F,?,?,?,?,?,165
Hausrotschwanz,20,2019,2019-03-28,1,0,F,T,F,F,?,F,F,F,F,F,F,?,87
Hausrotschwanz,20,2019,2019-04-25,0,0,NA,NA,NA,NA,NA,NA,NA,NA,NA,NA,NA,NA,115
Hausrotschwanz,20,2019,2019-05-13,0,0,NA,NA,NA,NA,NA,NA,NA,NA,NA,NA,NA,NA,133
Hausrotschwanz,20,2019,2019-05-27,0,0,NA,NA,NA,NA,NA,NA,NA,NA,NA,NA,NA,NA,147
Hausrotschwanz,21,2019,2019-03-29,6,0,F,T,F,F,?,F,F,F,F,F,F,?,88
Hausrotschwanz,21,2019,2019-04-24,2,0,F,T,F,F,?,T,F,F,F,F,F,?,114
Hausrotschwanz,21,2019,2019-05-03,2,0,F,F,F,T,?,F,F,F,F,F,F,?,123
Hausrotschwanz,21,2019,2019-05-24,2,0,F,T,F,F,?,F,F,F,F,F,F,?,144
Hausrotschwanz,22,2019,2019-03-27,1,0,F,T,F,F,?,F,F,F,F,F,F,?,86
Hausrotschwanz,22,2019,2019-04-23,0,0,NA,NA,NA,NA,NA,NA,NA,NA,NA,NA,NA,NA,113
Hausrotschwanz,22,2019,2019-05-10,0,0,NA,NA,NA,NA,NA,NA,NA,NA,NA,NA,NA,NA,130
Hausrotschwanz,22,2019,2019-06-17,0,0,NA,NA,NA,NA,NA,NA,NA,NA,NA,NA,NA,NA,168
Hausrotschwanz,28,2019,2019-03-21,2,0,F,T,F,F,?,F,F,F,F,F,F,?,80
Hausrotschwanz,28,2019,2019-04-16,2,0,F,T,F,F,?,F,F,F,F,F,F,?,106
Hausrotschwanz,28,2019,2019-05-08,2,0,F,T,F,F,?,F,F,F,F,F,F,?,128
Hausrotschwanz,28,2019,2019-06-09,2,0,F,T,F,F,?,F,F,F,F,F,F,?,160
Hausrotschwanz,28,2019,2019-04-17,0,0,NA,NA,NA,NA,NA,NA,NA,NA,NA,NA,NA,NA,107
Hausrotschwanz,28,2019,2019-06-15,0,0,NA,NA,NA,NA,NA,NA,NA,NA,NA,NA,NA,NA,166
Hausrotschwanz,29,2019,2019-03-27,4,0,F,T,F,F,?,F,F,F,F,F,F,?,86
Hausrotschwanz,29,2019,2019-04-26,4,0,F,T,F,F,?,F,F,F,F,F,F,?,116
Hausrotschwanz,29,2019,2019-05-15,3,0,F,T,F,F,?,F,F,F,F,F,F,?,135
Hausrotschwanz,29,2019,2019-06-18,6,0,F,T,F,F,?,F,T,F,F,F,F,?,169
Hausrotschwanz,29,2019,2019-06-20,0,0,NA,NA,NA,NA,NA,NA,NA,NA,NA,NA,NA,NA,171
Hausrotschwanz,31,2021,2021-03-28,13,0,F,T,F,F,?,F,T,F,F,F,F,?,87
Hausrotschwanz,31,2021,2021-04-29,1,0,F,F,F,F,?,F,T,F,F,F,F,?,119
Hausrotschwanz,31,2021,2021-05-20,14,0,F,T,T,F,?,F,T,F,T,F,T,?,140
Hausrotschwanz,31,2021,2021-06-20,8,0,F,F,F,F,?,F,T,F,F,F,F,?,171
Hausrotschwanz,32,2020,2020-03-15,5,0,F,F,F,F,?,F,T,F,F,F,F,?,75
Hausrotschwanz,32,2020,2020-04-19,12,0,F,F,F,F,?,T,F,F,F,F,F,?,110
Hausrotschwanz,32,2020,2020-05-17,15,0,F,T,F,F,?,T,T,F,F,F,F,?,138
Hausrotschwanz,32,2020,2020-06-12,15,0,F,T,F,F,?,T,T,F,F,F,T,?,164
Hausrotschwanz,32,2021,2021-03-22,1,0,F,?,?,?,?,?,F,?,?,?,?,?,81
Hausrotschwanz,32,2021,2021-04-28,3,0,F,T,?,?,?,?,T,?,?,?,?,?,118
Hausrotschwanz,32,2021,2021-05-10,2,0,F,?,?,?,?,T,F,?,?,?,?,?,130
Hausrotschwanz,32,2021,2021-06-17,3,0,F,T,?,?,?,?,F,?,?,?,T,?,168
Hausrotschwanz,33,2020,2020-03-28,6,0,F,T,F,F,?,F,T,F,F,F,F,?,88
Hausrotschwanz,33,2020,2020-04-25,4,0,F,T,F,F,?,F,F,F,F,F,F,?,116
Hausrotschwanz,33,2020,2020-05-16,4,0,F,T,F,T,?,F,T,F,F,F,F,?,137
Hausrotschwanz,33,2020,2020-06-01,7,0,F,F,F,T,?,F,F,F,F,F,F,?,153
Hausrotschwanz,33,2021,2021-03-30,6,0,F,T,?,T,?,?,T,?,?,?,?,?,89
Hausrotschwanz,33,2021,2021-04-25,3,0,F,T,?,?,?,T,F,?,?,?,?,?,115
Hausrotschwanz,33,2021,2021-05-10,3,0,F,T,?,T,?,?,F,?,?,?,?,?,130
Hausrotschwanz,33,2021,2021-05-30,4,0,F,T,?,?,?,?,F,?,?,?,?,?,150
Hausrotschwanz,34,2020,2020-03-19,10,0,F,T,F,F,T,F,T,F,F,F,F,?,79
Hausrotschwanz,34,2020,2020-04-16,11,0,F,T,F,F,?,F,T,F,F,F,F,?,107
Hausrotschwanz,34,2020,2020-05-08,7,0,F,T,F,F,?,F,T,F,F,F,F,?,129
Hausrotschwanz,34,2020,2020-06-18,6,0,F,T,F,F,?,F,F,F,F,F,F,?,170
Hausrotschwanz,34,2021,2021-03-29,9,0,F,T,?,?,?,?,F,?,?,?,?,?,88
Hausrotschwanz,34,2021,2021-04-23,2,0,F,T,?,?,?,?,F,?,?,?,?,?,113
Hausrotschwanz,34,2021,2021-05-07,5,0,F,T,?,?,?,?,F,?,?,?,?,?,127
Hausrotschwanz,34,2021,2021-06-20,9,0,F,T,?,?,?,?,T,?,T,?,T,?,171
Hausrotschwanz,35,2020,2020-03-29,11,0,F,T,F,F,?,F,T,F,F,F,F,?,89
Hausrotschwanz,35,2020,2020-04-26,4,0,F,T,F,F,?,F,F,F,F,F,F,?,117
Hausrotschwanz,35,2020,2020-05-16,5,0,T,F,F,T,?,F,T,F,T,F,F,?,137
Hausrotschwanz,35,2020,2020-06-11,8,0,F,T,F,T,?,T,T,F,F,F,T,?,163
Hausrotschwanz,37,2018,2018-03-30,7,0,F,T,F,F,?,T,F,F,F,F,F,?,89
Hausrotschwanz,37,2018,2018-04-18,12,0,F,T,F,F,?,F,F,F,F,F,F,?,108
Hausrotschwanz,37,2018,2018-05-12,16,0,F,T,F,F,?,F,F,F,F,F,F,?,132
Hausrotschwanz,37,2018,2018-06-13,10,0,F,T,F,F,F,F,T,F,F,F,F,?,164
Hausrotschwanz,37,2020,2020-03-19,12,0,F,T,F,F,?,F,T,F,F,F,F,?,79
Hausrotschwanz,37,2020,2020-04-25,13,0,F,T,F,F,?,F,F,F,F,F,F,?,116
Hausrotschwanz,37,2020,2020-05-10,16,0,F,T,F,F,?,F,F,F,F,F,F,?,131
Hausrotschwanz,37,2020,2020-06-07,15,0,F,T,F,F,?,F,T,F,F,F,F,?,159
Hausrotschwanz,37,2021,2021-03-31,14,0,F,T,F,F,?,T,F,F,F,F,F,?,90
Hausrotschwanz,37,2021,2021-04-25,10,0,F,T,F,F,?,F,F,F,F,F,F,?,115
Hausrotschwanz,37,2021,2021-05-15,9,0,F,T,F,F,?,F,F,F,F,F,F,?,135
Hausrotschwanz,37,2021,2021-06-17,11,0,F,T,F,F,?,T,T,F,F,F,F,?,168
Hausrotschwanz,38,2019,2019-03-19,1,0,F,F,F,F,?,T,F,F,F,F,F,?,78
Hausrotschwanz,38,2019,2019-04-14,4,0,F,F,F,F,?,T,F,F,F,F,F,?,104
Hausrotschwanz,38,2019,2019-05-06,2,0,F,T,F,F,?,F,T,F,F,F,F,?,126
Hausrotschwanz,38,2019,2019-06-06,3,0,F,T,F,F,?,F,F,F,F,F,F,?,157
Hausrotschwanz,39,2019,2019-03-19,9,0,F,T,F,F,?,F,T,F,F,F,F,?,78
Hausrotschwanz,39,2019,2019-04-15,18,0,F,T,F,F,?,T,F,F,F,F,F,?,105
Hausrotschwanz,39,2019,2019-05-07,17,0,F,T,F,F,?,F,F,F,F,F,F,?,127
Hausrotschwanz,39,2019,2019-06-08,18,0,F,T,T,F,?,F,F,F,F,F,T,?,159
Hausrotschwanz,43,2019,2019-03-22,1,0,F,T,F,F,?,F,F,F,F,F,F,?,81
Hausrotschwanz,43,2019,2019-04-26,1,0,F,T,F,F,?,F,F,F,F,F,F,?,116
Hausrotschwanz,43,2019,2019-05-17,1,0,F,T,F,F,?,F,F,F,F,F,F,?,137
Hausrotschwanz,43,2019,2019-06-14,1,0,F,T,F,F,?,F,F,F,F,F,F,?,165
Hausrotschwanz,43,2020,2020-03-26,1,0,F,T,F,F,F,F,F,F,F,F,F,?,86
Hausrotschwanz,43,2020,2020-04-21,2,0,F,T,F,F,F,T,F,F,F,F,F,?,112
Hausrotschwanz,43,2020,2020-05-13,1,0,F,T,F,F,F,T,F,F,F,T,T,?,134
Hausrotschwanz,43,2020,2020-06-18,1,0,F,T,F,F,F,F,F,F,F,F,F,?,170
Hausrotschwanz,43,2021,2021-03-24,0,0,NA,NA,NA,NA,NA,NA,NA,NA,NA,NA,NA,NA,83
Hausrotschwanz,43,2021,2021-04-22,2,0,F,T,F,F,F,F,F,F,F,F,F,?,112
Hausrotschwanz,43,2021,2021-05-21,3,0,F,T,F,T,F,F,F,F,T,F,F,?,141
Hausrotschwanz,43,2021,2021-06-17,2,0,F,T,F,F,F,F,F,F,F,F,F,?,168
Hausrotschwanz,43,2022,2022-03-28,1,0,F,T,F,F,F,F,F,F,F,F,F,?,87
Hausrotschwanz,43,2022,2022-04-28,1,0,F,T,F,F,F,F,F,F,F,F,F,?,118
Hausrotschwanz,43,2022,2022-05-20,1,0,F,T,F,F,F,F,F,F,F,F,F,?,140
Hausrotschwanz,43,2022,2022-06-20,0,0,NA,NA,NA,NA,NA,NA,NA,NA,NA,NA,NA,NA,171
Hausrotschwanz,43,2023,2023-04-24,1,0,F,T,F,F,?,F,F,F,F,F,F,?,114
Hausrotschwanz,43,2023,2023-05-16,0,0,NA,NA,NA,NA,NA,NA,NA,NA,NA,NA,NA,NA,136
Hausrotschwanz,43,2023,2023-06-14,2,0,F,T,F,F,F,F,F,F,F,F,F,?,165
Hausrotschwanz,43,2023,2023-03-22,1,0,F,T,F,F,F,F,F,F,F,F,F,?,81
Hausrotschwanz,46,2020,2020-03-28,2,0,F,T,F,F,?,F,F,F,F,F,F,?,88
Hausrotschwanz,46,2020,2020-04-25,1,0,F,T,F,F,?,F,F,F,F,F,F,?,116
Hausrotschwanz,46,2020,2020-05-18,7,0,T,T,T,F,?,F,F,F,F,F,F,?,139
Hausrotschwanz,46,2020,2020-06-19,5,0,T,T,T,T,?,F,F,F,F,F,F,?,171
Hausrotschwanz,46,2021,2021-03-26,3,0,?,?,T,?,?,?,?,?,?,?,?,?,85
Hausrotschwanz,46,2021,2021-04-25,0,0,NA,NA,NA,NA,NA,NA,NA,NA,NA,NA,NA,NA,115
Hausrotschwanz,46,2021,2021-05-15,3,0,?,T,?,T,?,?,?,?,?,?,?,?,135
Hausrotschwanz,46,2021,2021-06-13,1,0,?,T,?,?,?,?,?,?,?,?,?,?,164
Hausrotschwanz,47,2020,2020-03-17,0,0,NA,NA,NA,NA,NA,NA,NA,NA,NA,NA,NA,NA,77
Hausrotschwanz,47,2020,2020-04-17,3,0,F,T,F,F,?,T,T,F,F,F,F,?,108
Hausrotschwanz,47,2020,2020-05-15,0,0,NA,NA,NA,NA,NA,NA,NA,NA,NA,NA,NA,NA,136
Hausrotschwanz,47,2020,2020-06-18,0,0,NA,NA,NA,NA,NA,NA,NA,NA,NA,NA,NA,NA,170
Hausrotschwanz,48,2020,2020-03-31,5,0,F,T,F,F,?,F,F,F,F,F,F,?,91
Hausrotschwanz,48,2020,2020-04-29,5,0,F,T,F,F,?,F,T,F,F,F,F,?,120
Hausrotschwanz,48,2020,2020-05-19,6,0,F,T,F,T,?,F,F,F,F,F,T,?,140
Hausrotschwanz,48,2020,2020-06-20,2,0,F,T,F,F,?,F,F,F,F,F,F,?,172
Hausrotschwanz,48,2021,2021-03-28,3,0,?,T,?,?,?,?,?,?,?,?,?,?,87
Hausrotschwanz,48,2021,2021-04-28,3,0,?,T,?,?,?,?,?,?,?,?,?,?,118
Hausrotschwanz,48,2021,2021-05-20,5,0,?,T,?,?,?,?,?,?,?,?,?,?,140
Hausrotschwanz,48,2021,2021-06-21,1,0,?,?,?,?,?,?,?,?,?,?,?,?,172
Hausrotschwanz,54,2018,2018-03-20,0,0,NA,NA,NA,NA,NA,NA,NA,NA,NA,NA,NA,NA,79
Hausrotschwanz,54,2018,2018-04-15,2,0,F,T,F,F,?,F,F,F,F,F,F,?,105
Hausrotschwanz,54,2018,2018-05-13,0,0,NA,NA,NA,NA,NA,NA,NA,NA,NA,NA,NA,NA,133
Hausrotschwanz,54,2018,2018-06-05,0,0,NA,NA,NA,NA,NA,NA,NA,NA,NA,NA,NA,NA,156
Hausrotschwanz,54,2020,2020-03-15,1,0,F,T,F,F,?,F,F,F,F,F,F,?,75
Hausrotschwanz,54,2020,2020-04-13,0,0,NA,NA,NA,NA,NA,NA,NA,NA,NA,NA,NA,NA,104
Hausrotschwanz,54,2020,2020-05-19,1,0,F,F,F,F,?,F,F,F,F,F,F,?,140
Hausrotschwanz,54,2020,2020-06-13,0,0,NA,NA,NA,NA,NA,NA,NA,NA,NA,NA,NA,NA,165
Hausrotschwanz,54,2021,2021-03-28,4,0,F,F,F,F,?,T,F,F,F,F,F,?,87
Hausrotschwanz,54,2021,2021-04-20,2,0,F,T,F,F,?,F,F,F,F,F,F,?,110
Hausrotschwanz,54,2021,2021-05-13,0,0,NA,NA,NA,NA,NA,NA,NA,NA,NA,NA,NA,NA,133
Hausrotschwanz,54,2021,2021-06-13,0,0,NA,NA,NA,NA,NA,NA,NA,NA,NA,NA,NA,NA,164
Hausrotschwanz,57,2019,2019-03-26,0,0,NA,NA,NA,NA,NA,NA,NA,NA,NA,NA,NA,NA,85
Hausrotschwanz,57,2019,2019-05-14,0,0,NA,NA,NA,NA,NA,NA,NA,NA,NA,NA,NA,NA,134
Hausrotschwanz,57,2019,2019-06-19,0,0,NA,NA,NA,NA,NA,NA,NA,NA,NA,NA,NA,NA,170
Hausrotschwanz,57,2019,2019-04-25,2,0,F,T,F,F,?,F,F,F,F,F,F,?,115
Hausrotschwanz,59,2020,2020-03-22,5,0,F,F,F,F,?,F,F,F,F,F,F,?,82
Hausrotschwanz,59,2020,2020-04-18,2,0,F,F,F,F,?,F,T,F,F,F,F,?,109
Hausrotschwanz,59,2020,2020-05-06,0,0,NA,NA,NA,NA,NA,NA,NA,NA,NA,NA,NA,NA,127
Hausrotschwanz,59,2020,2020-06-03,0,0,NA,NA,NA,NA,NA,NA,NA,NA,NA,NA,NA,NA,155
Hausrotschwanz,59,2021,2021-03-29,2,0,F,F,T,F,?,F,T,F,F,F,F,?,88
Hausrotschwanz,59,2021,2021-04-22,2,0,F,T,F,F,?,F,T,F,F,F,F,?,112
Hausrotschwanz,59,2021,2021-05-10,0,0,NA,NA,NA,NA,NA,NA,NA,NA,NA,NA,NA,NA,130
Hausrotschwanz,59,2021,2021-06-10,0,0,NA,NA,NA,NA,NA,NA,NA,NA,NA,NA,NA,NA,161
Hausrotschwanz,60,2019,2019-03-22,0,0,NA,NA,NA,NA,NA,NA,NA,NA,NA,NA,NA,NA,81
Hausrotschwanz,60,2019,2019-04-17,1,0,F,T,F,F,?,F,F,F,F,F,F,?,107
Hausrotschwanz,60,2019,2019-05-09,0,0,NA,NA,NA,NA,NA,NA,NA,NA,NA,NA,NA,NA,129
Hausrotschwanz,60,2019,2019-06-10,2,0,F,T,F,F,?,F,F,F,F,F,F,?,161
Hausrotschwanz,61,2018,2018-03-17,0,0,NA,NA,NA,NA,NA,NA,NA,NA,NA,NA,NA,NA,76
Hausrotschwanz,61,2018,2018-04-07,12,0,F,T,F,T,?,T,T,F,F,F,F,?,97
Hausrotschwanz,61,2018,2018-05-05,14,0,F,T,F,T,?,F,T,F,F,F,F,?,125
Hausrotschwanz,61,2018,2018-06-02,15,0,F,T,F,F,?,F,T,F,T,F,T,?,153
Hausrotschwanz,61,2020,2020-03-14,1,0,F,F,F,F,?,F,T,F,F,F,F,?,74
Hausrotschwanz,61,2020,2020-04-04,23,0,F,T,T,F,?,T,T,F,F,F,F,?,95
Hausrotschwanz,61,2020,2020-05-02,16,0,F,T,T,F,?,T,T,F,T,T,F,?,123
Hausrotschwanz,61,2020,2020-05-30,14,0,F,T,F,F,?,T,T,F,F,T,F,?,151
Hausrotschwanz,61,2021,2021-03-21,0,0,NA,NA,NA,NA,NA,NA,NA,NA,NA,NA,NA,NA,80
Hausrotschwanz,61,2021,2021-04-10,7,0,F,T,T,F,?,T,F,F,F,F,F,?,100
Hausrotschwanz,61,2021,2021-05-08,17,0,F,T,F,F,?,T,T,F,F,F,T,?,128
Hausrotschwanz,61,2021,2021-06-05,19,0,F,T,F,F,?,T,T,F,F,T,T,?,156
Hausrotschwanz,63,2019,2019-03-31,11,0,F,T,F,F,?,F,F,F,F,F,F,?,90
Hausrotschwanz,63,2019,2019-04-27,9,0,F,T,F,F,?,F,F,F,F,F,F,?,117
Hausrotschwanz,63,2019,2019-05-18,7,0,F,T,F,T,?,F,F,F,T,F,F,?,138
Hausrotschwanz,63,2019,2019-06-16,6,0,F,T,T,T,?,F,F,F,F,F,F,?,167
Hausrotschwanz,63,2021,2021-03-20,0,0,NA,NA,NA,NA,NA,NA,NA,NA,NA,NA,NA,NA,79
Hausrotschwanz,63,2021,2021-04-10,4,0,?,T,?,?,?,?,?,?,?,?,?,?,100
Hausrotschwanz,63,2021,2021-05-09,7,0,?,T,?,?,?,?,?,?,T,?,?,?,129
Hausrotschwanz,63,2021,2021-06-19,3,0,?,T,?,?,?,?,?,?,?,?,?,?,170
Hausrotschwanz,68,2019,2019-03-19,1,0,F,F,F,F,?,F,F,F,F,F,F,?,78
Hausrotschwanz,68,2019,2019-04-18,2,0,F,T,F,F,?,F,F,F,F,F,F,?,108
Hausrotschwanz,68,2019,2019-05-06,1,0,F,T,F,F,?,F,F,F,F,F,F,?,126
Hausrotschwanz,68,2019,2019-05-29,1,0,F,F,F,T,?,F,F,F,F,F,F,?,149
Hausrotschwanz,68,2020,2020-03-18,2,0,F,T,F,F,?,F,F,F,F,F,F,?,78
Hausrotschwanz,68,2020,2020-04-16,5,0,F,T,F,F,?,F,T,F,F,F,F,?,107
Hausrotschwanz,68,2020,2020-05-07,2,0,F,T,F,F,?,F,F,F,F,F,F,?,128
Hausrotschwanz,68,2020,2020-05-28,1,0,F,F,F,T,?,F,F,F,F,F,F,?,149
Hausrotschwanz,68,2021,2021-03-24,0,0,NA,NA,NA,NA,NA,NA,NA,NA,NA,NA,NA,NA,83
Hausrotschwanz,68,2021,2021-04-16,3,0,F,T,F,F,?,F,T,F,F,F,F,?,106
Hausrotschwanz,68,2021,2021-05-03,0,0,NA,NA,NA,NA,NA,NA,NA,NA,NA,NA,NA,NA,123
Hausrotschwanz,68,2021,2021-06-01,0,0,NA,NA,NA,NA,NA,NA,NA,NA,NA,NA,NA,NA,152
Hausrotschwanz,68,2022,2022-03-21,1,0,F,F,F,F,F,F,F,F,F,F,F,?,80
Hausrotschwanz,68,2022,2022-04-19,1,0,F,T,F,F,F,F,F,F,F,F,F,?,109
Hausrotschwanz,68,2022,2022-05-05,0,0,NA,NA,NA,NA,NA,NA,NA,NA,NA,NA,NA,NA,125
Hausrotschwanz,68,2022,2022-06-03,0,0,NA,NA,NA,NA,NA,NA,NA,NA,NA,NA,NA,NA,154
Hausrotschwanz,68,2023,2023-03-20,3,0,F,F,F,F,F,F,T,F,F,F,F,?,79
Hausrotschwanz,68,2023,2023-04-14,0,0,NA,NA,NA,NA,NA,NA,NA,NA,NA,NA,NA,NA,104
Hausrotschwanz,68,2023,2023-05-04,1,0,F,T,F,F,F,F,F,F,F,F,F,?,124
Hausrotschwanz,68,2023,2023-06-01,0,0,NA,NA,NA,NA,NA,NA,NA,NA,NA,NA,NA,NA,152
Hausrotschwanz,69,2019,2019-03-23,7,0,F,T,F,F,?,F,F,F,F,F,F,?,82
Hausrotschwanz,69,2019,2019-04-28,3,0,F,T,F,F,?,F,F,F,F,F,F,?,118
Hausrotschwanz,69,2019,2019-05-11,10,0,F,T,F,F,?,F,F,F,F,F,F,?,131
Hausrotschwanz,69,2019,2019-06-20,3,0,F,T,F,F,?,F,F,F,F,F,F,?,171
Hausrotschwanz,70,2019,2019-03-29,6,0,F,T,F,F,?,F,F,F,F,F,F,?,88
Hausrotschwanz,70,2019,2019-04-29,6,0,F,T,T,F,?,F,T,F,F,F,F,?,119
Hausrotschwanz,70,2019,2019-05-20,7,0,F,T,F,T,?,F,T,F,F,F,F,?,140
Hausrotschwanz,70,2019,2019-06-14,5,0,F,T,F,F,?,F,F,F,F,F,F,?,165
Hausrotschwanz,70,2020,2020-03-26,11,0,F,T,T,T,?,F,F,F,F,F,F,?,86
Hausrotschwanz,70,2020,2020-04-22,9,0,F,T,F,F,?,T,T,F,F,F,F,?,113
Hausrotschwanz,70,2020,2020-05-15,10,0,F,T,F,T,?,T,T,F,F,T,F,?,136
Hausrotschwanz,70,2020,2020-06-19,16,0,F,T,T,T,?,F,F,F,F,F,T,?,171
Hausrotschwanz,70,2021,2021-03-30,15,0,F,T,F,F,?,F,T,F,F,F,F,?,89
Hausrotschwanz,70,2021,2021-04-27,8,0,F,T,F,F,?,F,T,F,F,F,F,?,117
Hausrotschwanz,70,2021,2021-05-19,12,0,F,T,F,T,?,T,F,F,F,F,T,?,139
Hausrotschwanz,70,2021,2021-06-17,11,0,F,T,T,T,?,T,T,F,T,F,F,?,168
Hausrotschwanz,70,2022,2022-03-29,9,0,F,T,F,F,F,F,F,F,F,F,F,?,88
Hausrotschwanz,70,2022,2022-04-25,11,0,F,T,T,F,F,F,F,F,F,F,F,?,115
Hausrotschwanz,70,2022,2022-05-19,6,0,F,T,F,F,F,F,F,F,F,F,F,?,139
Hausrotschwanz,70,2022,2022-06-20,3,0,F,T,F,F,F,F,F,F,F,F,F,?,171
Hausrotschwanz,70,2023,2023-03-28,13,0,F,T,T,F,F,F,F,F,F,F,F,?,87
Hausrotschwanz,70,2023,2023-04-26,9,0,F,T,T,F,F,T,F,F,F,F,F,?,116
Hausrotschwanz,70,2023,2023-05-19,6,0,F,T,F,F,F,F,F,F,T,F,F,?,139
Hausrotschwanz,70,2023,2023-06-14,11,0,F,T,T,T,F,T,F,F,F,T,F,?,165
Hausrotschwanz,71,2019,2019-03-28,10,0,F,T,T,F,?,T,F,F,F,F,F,?,87
Hausrotschwanz,71,2019,2019-04-26,7,0,F,T,F,F,?,F,T,F,F,F,F,?,116
Hausrotschwanz,71,2019,2019-05-17,4,0,F,T,F,F,?,F,F,F,F,F,F,?,137
Hausrotschwanz,71,2019,2019-06-05,12,0,F,T,T,F,?,F,T,F,F,F,T,?,156
Hausrotschwanz,71,2020,2020-03-24,6,0,F,T,F,F,?,F,F,F,F,F,F,?,84
Hausrotschwanz,71,2020,2020-04-21,5,0,F,T,T,T,?,F,F,F,F,F,F,?,112
Hausrotschwanz,71,2020,2020-05-12,7,0,F,T,F,T,?,T,F,F,F,F,F,?,133
Hausrotschwanz,71,2020,2020-06-03,12,0,F,T,T,T,?,F,T,F,F,F,T,?,155
Hausrotschwanz,71,2021,2021-03-26,8,0,F,T,F,F,?,F,T,F,F,F,F,?,85
Hausrotschwanz,71,2021,2021-04-22,10,0,F,T,F,F,?,F,T,F,F,F,F,?,112
Hausrotschwanz,71,2021,2021-05-14,6,0,F,T,T,T,?,F,F,F,F,F,F,?,134
Hausrotschwanz,71,2022,2022-03-28,7,0,F,T,F,F,F,F,F,F,F,F,F,?,87
Hausrotschwanz,71,2022,2022-04-29,11,0,F,T,F,F,F,F,F,F,F,F,F,?,119
Hausrotschwanz,71,2022,2022-05-11,14,0,F,T,F,F,F,F,T,F,T,F,F,?,131
Hausrotschwanz,71,2022,2022-06-14,10,0,F,T,F,T,F,F,F,F,F,F,F,?,165
Hausrotschwanz,71,2023,2023-03-22,10,0,F,T,T,F,F,T,F,F,F,F,F,?,81
Hausrotschwanz,71,2023,2023-04-21,9,0,F,T,T,F,F,T,F,F,F,F,F,?,111
Hausrotschwanz,71,2023,2023-05-11,5,0,F,T,F,F,F,F,F,F,F,F,F,?,131
Hausrotschwanz,71,2023,2023-06-12,11,0,F,T,F,F,F,T,T,F,F,F,T,?,163
Hausrotschwanz,72,2021,2021-03-24,0,0,NA,NA,NA,NA,NA,NA,NA,NA,NA,NA,NA,NA,83
Hausrotschwanz,72,2021,2021-04-11,16,0,F,T,F,F,T,F,F,F,F,F,F,?,101
Hausrotschwanz,72,2021,2021-05-09,16,0,F,T,F,F,?,F,F,F,T,F,F,?,129
Hausrotschwanz,72,2021,2021-05-30,19,0,F,T,F,T,?,F,F,F,T,F,F,?,150
Hausrotschwanz,73,2018,2018-03-24,0,0,NA,NA,NA,NA,NA,NA,NA,NA,NA,NA,NA,NA,83
Hausrotschwanz,73,2018,2018-04-14,0,0,NA,NA,NA,NA,NA,NA,NA,NA,NA,NA,NA,NA,104
Hausrotschwanz,73,2018,2018-05-12,0,0,NA,NA,NA,NA,NA,NA,NA,NA,NA,NA,NA,NA,132
Hausrotschwanz,73,2018,2018-06-09,1,0,F,T,F,F,?,F,F,F,F,F,F,?,160
Hausrotschwanz,73,2020,2020-03-22,0,0,NA,NA,NA,NA,NA,NA,NA,NA,NA,NA,NA,NA,82
Hausrotschwanz,73,2020,2020-04-11,1,0,F,T,F,F,?,F,F,F,F,F,F,?,102
Hausrotschwanz,73,2020,2020-05-09,0,0,NA,NA,NA,NA,NA,NA,NA,NA,NA,NA,NA,NA,130
Hausrotschwanz,73,2020,2020-06-08,1,0,F,T,F,F,?,F,T,F,F,F,F,?,160
Hausrotschwanz,74,2021,2021-03-25,1,0,F,F,F,F,?,F,F,F,F,F,F,?,84
Hausrotschwanz,74,2021,2021-04-10,0,0,NA,NA,NA,NA,NA,NA,NA,NA,NA,NA,NA,NA,100
Hausrotschwanz,74,2021,2021-05-10,2,0,F,T,F,F,?,F,F,F,F,F,F,?,130
Hausrotschwanz,74,2021,2021-06-01,3,0,F,T,F,F,?,F,F,F,F,F,T,?,152
Hausrotschwanz,75,2019,2019-03-22,6,0,F,T,F,F,?,F,T,F,F,F,F,?,81
Hausrotschwanz,75,2019,2019-04-23,15,0,F,T,T,F,?,T,T,F,F,F,F,?,113
Hausrotschwanz,75,2019,2019-05-14,5,0,F,T,T,T,?,F,T,F,F,F,F,?,134
Hausrotschwanz,75,2019,2019-06-13,10,0,F,T,T,F,?,F,T,F,F,F,T,?,164
Hausrotschwanz,75,2020,2020-03-19,9,0,F,T,F,F,?,F,F,F,F,F,F,?,79
Hausrotschwanz,75,2020,2020-04-20,20,0,F,T,F,T,?,T,F,F,F,F,F,?,111
Hausrotschwanz,75,2020,2020-05-13,8,0,F,T,F,F,?,F,T,F,F,F,F,?,134
Hausrotschwanz,75,2020,2020-06-17,15,0,F,T,T,F,?,F,T,F,F,F,F,?,169
Hausrotschwanz,75,2021,2021-03-25,3,0,F,T,F,F,?,F,F,F,F,F,F,?,84
Hausrotschwanz,75,2021,2021-04-20,17,0,F,T,F,F,?,T,T,T,F,F,F,?,110
Hausrotschwanz,75,2021,2021-05-10,14,0,F,T,F,T,?,F,T,F,F,F,F,?,130
Hausrotschwanz,75,2021,2021-06-10,16,0,F,T,F,T,?,T,F,F,T,F,T,?,161
Hausrotschwanz,75,2022,2022-03-25,14,0,F,T,F,F,F,F,T,F,F,F,F,?,84
Hausrotschwanz,75,2022,2022-04-21,16,0,F,T,T,F,F,F,T,F,F,F,F,?,111
Hausrotschwanz,75,2022,2022-05-10,9,0,F,T,T,F,F,T,F,F,F,F,F,?,130
Hausrotschwanz,75,2022,2022-06-10,14,0,F,T,T,F,F,T,F,F,F,F,F,?,161
Hausrotschwanz,75,2023,2023-03-21,12,0,F,T,T,F,F,F,F,F,F,F,F,?,80
Hausrotschwanz,75,2023,2023-04-19,15,0,F,T,T,F,F,F,F,F,F,F,F,?,109
Hausrotschwanz,75,2023,2023-05-09,13,0,F,T,F,F,F,F,F,F,F,F,F,?,129
Hausrotschwanz,75,2023,2023-06-07,12,0,F,T,T,T,F,F,T,F,F,F,F,?,158
Hausrotschwanz,76,2019,2019-03-25,5,0,F,T,F,F,?,F,F,F,F,F,F,?,84
Hausrotschwanz,76,2019,2019-04-15,6,0,F,T,F,F,?,F,F,F,F,F,F,?,105
Hausrotschwanz,76,2019,2019-05-06,7,0,F,T,F,F,?,F,T,F,F,F,F,?,126
Hausrotschwanz,76,2019,2019-06-07,4,0,F,T,F,F,?,F,F,F,F,F,F,?,158
Hausrotschwanz,76,2020,2020-03-24,3,0,F,T,F,F,F,F,F,F,F,F,F,?,84
Hausrotschwanz,76,2020,2020-04-17,4,0,F,T,F,F,F,F,F,F,F,F,F,?,108
Hausrotschwanz,76,2020,2020-05-08,3,0,F,T,F,F,F,T,F,F,F,F,F,?,129
Hausrotschwanz,76,2020,2020-06-05,8,0,F,T,F,T,F,F,F,F,F,F,F,?,157
Hausrotschwanz,76,2021,2021-03-26,1,0,F,F,T,F,F,F,F,F,F,F,F,?,85
Hausrotschwanz,76,2021,2021-04-15,2,0,F,T,F,F,F,F,F,F,F,F,F,?,105
Hausrotschwanz,76,2021,2021-05-26,1,0,F,F,F,T,F,T,F,F,F,F,F,?,146
Hausrotschwanz,76,2021,2021-06-15,5,0,F,T,F,T,F,F,F,F,F,F,F,?,166
Hausrotschwanz,76,2022,2022-03-22,4,0,F,T,F,F,F,F,F,F,F,F,F,?,81
Hausrotschwanz,76,2022,2022-04-13,7,0,F,T,F,F,F,T,F,F,F,F,F,?,103
Hausrotschwanz,76,2022,2022-05-03,4,0,F,T,F,F,F,T,F,F,F,F,F,?,123
Hausrotschwanz,76,2022,2022-06-15,2,0,F,T,F,F,F,F,F,F,F,F,F,?,166
Hausrotschwanz,76,2023,2023-03-21,3,0,F,T,F,F,F,F,F,F,F,F,F,?,80
Hausrotschwanz,76,2023,2023-04-18,2,0,F,T,F,F,F,F,F,F,F,F,F,?,108
Hausrotschwanz,76,2023,2023-05-02,5,0,F,T,F,F,F,F,F,F,F,F,F,?,122
Hausrotschwanz,76,2023,2023-06-16,3,0,F,T,F,F,F,F,F,F,F,F,F,?,167
Hausrotschwanz,77,2020,2020-03-18,8,0,F,T,T,F,F,F,F,F,F,F,F,?,78
Hausrotschwanz,77,2020,2020-04-10,4,0,F,T,T,F,F,F,F,F,F,F,F,?,101
Hausrotschwanz,77,2020,2020-05-06,1,0,F,F,T,F,F,F,F,F,F,F,F,?,127
Hausrotschwanz,77,2020,2020-06-02,2,0,F,T,T,F,F,F,F,F,F,F,T,?,154
Hausrotschwanz,77,2021,2021-03-18,0,0,NA,NA,NA,NA,NA,NA,NA,NA,NA,NA,NA,NA,77
Hausrotschwanz,77,2021,2021-04-14,3,0,?,T,?,?,?,?,?,?,?,?,?,?,104
Hausrotschwanz,77,2021,2021-05-14,1,0,?,?,T,?,?,?,?,?,?,?,?,?,134
Hausrotschwanz,77,2021,2021-06-15,0,0,NA,NA,NA,NA,NA,NA,NA,NA,NA,NA,NA,NA,166
Hausrotschwanz,77,2022,2022-03-25,1,0,F,T,F,F,F,F,F,F,F,F,F,?,84
Hausrotschwanz,77,2022,2022-04-19,6,0,T,T,F,F,F,F,F,F,F,F,F,?,109
Hausrotschwanz,77,2022,2022-05-06,1,0,F,T,F,F,F,F,F,F,F,F,F,?,126
Hausrotschwanz,77,2022,2022-06-15,2,0,F,T,F,F,F,F,F,F,F,F,F,?,166
Hausrotschwanz,77,2023,2023-03-23,7,0,T,T,F,F,?,F,F,F,F,F,F,?,82
Hausrotschwanz,77,2023,2023-04-21,4,0,T,T,F,F,?,T,F,F,F,F,F,?,111
Hausrotschwanz,77,2023,2023-05-14,3,0,T,T,F,T,?,F,F,F,F,F,F,?,134
Hausrotschwanz,77,2023,2023-06-16,1,0,F,T,F,F,?,F,F,F,F,F,F,?,167
Hausrotschwanz,80,2020,2020-03-23,1,0,F,F,F,F,F,F,F,F,F,F,F,?,83
Hausrotschwanz,80,2020,2020-04-14,2,0,F,T,F,F,F,F,F,F,F,F,F,?,105
Hausrotschwanz,80,2020,2020-05-12,3,0,F,T,T,F,F,F,F,F,F,F,F,?,133
Hausrotschwanz,80,2020,2020-06-20,3,0,F,T,F,F,F,F,F,F,F,F,F,?,172
Hausrotschwanz,80,2021,2021-03-10,0,0,NA,NA,NA,NA,NA,NA,NA,NA,NA,NA,NA,NA,69
Hausrotschwanz,80,2021,2021-04-04,3,3,T,T,?,?,?,?,?,?,?,?,?,?,94
Hausrotschwanz,80,2021,2021-05-12,2,0,?,T,?,?,?,?,?,?,?,?,?,?,132
Hausrotschwanz,80,2021,2021-06-09,0,0,NA,NA,NA,NA,NA,NA,NA,NA,NA,NA,NA,NA,160
Hausrotschwanz,80,2022,2022-03-24,2,0,F,T,F,F,F,F,F,F,F,F,F,?,83
Hausrotschwanz,80,2022,2022-04-25,3,0,F,T,F,T,F,F,F,F,F,F,F,?,115
Hausrotschwanz,80,2022,2022-05-14,3,0,F,T,F,F,F,F,F,F,F,F,F,?,134
Hausrotschwanz,80,2022,2022-06-16,1,0,F,F,F,F,F,F,F,F,T,F,F,?,167
Hausrotschwanz,80,2023,2023-03-19,2,0,F,T,F,F,?,F,F,F,F,F,F,?,78
Hausrotschwanz,80,2023,2023-04-17,3,0,T,T,F,F,?,F,F,F,F,F,F,?,107
Hausrotschwanz,80,2023,2023-05-05,2,0,F,T,F,F,?,F,F,F,F,F,F,?,125
Hausrotschwanz,80,2023,2023-06-03,1,0,F,T,F,F,?,F,F,F,F,F,F,?,154
Hausrotschwanz,82,2021,2021-05-29,3,0,F,T,F,F,?,F,T,F,F,F,F,?,149
Hausrotschwanz,82,2021,2021-06-13,28,0,F,T,T,F,?,T,T,F,T,T,F,?,164
Hausrotschwanz,83,2018,2018-03-31,3,0,F,T,F,F,?,F,F,F,F,F,F,?,90
Hausrotschwanz,83,2018,2018-04-28,4,0,F,T,F,F,?,F,F,F,F,F,F,?,118
Hausrotschwanz,83,2018,2018-05-20,4,0,F,T,F,F,?,F,T,F,T,F,T,?,140
Hausrotschwanz,83,2018,2018-06-10,5,0,F,T,F,F,?,F,F,F,T,F,T,?,161
Hausrotschwanz,83,2020,2020-03-15,3,0,F,T,F,F,?,F,F,F,F,F,F,?,75
Hausrotschwanz,83,2020,2020-04-10,4,0,F,T,F,F,?,T,F,F,F,F,F,?,101
Hausrotschwanz,83,2020,2020-05-03,7,0,F,T,F,F,?,F,F,F,F,F,F,?,124
Hausrotschwanz,83,2020,2020-06-24,3,0,F,T,F,F,?,F,F,F,F,F,F,?,176
Hausrotschwanz,83,2021,2021-03-29,4,0,F,T,F,F,?,T,F,F,F,F,F,?,88
Hausrotschwanz,83,2021,2021-04-22,4,0,F,T,F,F,?,F,F,F,F,F,F,?,112
Hausrotschwanz,83,2021,2021-05-10,2,0,F,T,F,F,?,F,F,F,F,F,F,?,130
Hausrotschwanz,83,2021,2021-06-15,5,0,F,T,T,F,?,F,F,F,T,F,F,?,166
Hausrotschwanz,84,2018,2018-03-30,0,0,NA,NA,NA,NA,NA,NA,NA,NA,NA,NA,NA,NA,89
Hausrotschwanz,84,2018,2018-04-06,0,0,NA,NA,NA,NA,NA,NA,NA,NA,NA,NA,NA,NA,96
Hausrotschwanz,84,2018,2018-05-10,1,0,F,F,F,F,?,F,F,F,F,F,F,?,130
Hausrotschwanz,84,2018,2018-06-17,0,0,NA,NA,NA,NA,NA,NA,NA,NA,NA,NA,NA,NA,168
Hausrotschwanz,84,2018,2018-06-06,0,0,NA,NA,NA,NA,NA,NA,NA,NA,NA,NA,NA,NA,157
Hausrotschwanz,84,2020,2020-03-16,1,0,F,F,F,F,?,F,F,F,F,F,F,?,76
Hausrotschwanz,84,2020,2020-04-14,1,0,F,F,T,F,?,F,F,F,F,F,F,?,105
Hausrotschwanz,84,2020,2020-05-20,1,0,F,F,F,F,?,F,F,F,F,F,F,?,141
Hausrotschwanz,84,2020,2020-06-12,1,0,F,F,F,F,?,F,F,F,F,F,T,?,164
Hausrotschwanz,84,2021,2021-03-24,0,0,NA,NA,NA,NA,NA,NA,NA,NA,NA,NA,NA,NA,83
Hausrotschwanz,84,2021,2021-04-21,1,0,F,F,F,F,?,F,F,F,F,F,F,?,111
Hausrotschwanz,84,2021,2021-05-09,0,0,NA,NA,NA,NA,NA,NA,NA,NA,NA,NA,NA,NA,129
Hausrotschwanz,84,2021,2021-06-10,1,0,F,F,F,F,?,F,F,F,F,F,F,?,161
Hausrotschwanz,86,2020,2020-03-14,1,0,F,T,F,F,F,F,F,F,F,F,F,?,74
Hausrotschwanz,86,2020,2020-04-13,4,0,F,T,F,F,F,F,F,F,F,F,F,?,104
Hausrotschwanz,86,2020,2020-05-07,2,0,F,T,F,F,F,F,F,F,F,F,F,?,128
Hausrotschwanz,86,2020,2020-05-23,1,0,F,F,F,T,F,F,F,F,F,F,F,?,144
Hausrotschwanz,86,2021,2021-03-18,0,0,NA,NA,NA,NA,NA,NA,NA,NA,NA,NA,NA,NA,77
Hausrotschwanz,86,2021,2021-04-08,1,0,?,?,?,?,?,?,?,?,?,?,?,?,98
Hausrotschwanz,86,2021,2021-05-02,5,0,?,T,?,?,?,?,?,?,?,?,?,?,122
Hausrotschwanz,86,2021,2021-05-25,2,0,?,T,?,?,?,?,?,?,?,?,?,?,145
Hausrotschwanz,86,2022,2022-03-21,0,0,NA,NA,NA,NA,NA,NA,NA,NA,NA,NA,NA,NA,80
Hausrotschwanz,86,2022,2022-04-25,2,0,F,T,F,F,F,F,F,F,F,F,F,?,115
Hausrotschwanz,86,2022,2022-05-09,1,0,F,T,F,F,F,F,F,F,F,F,F,?,129
Hausrotschwanz,86,2022,2022-06-13,0,0,NA,NA,NA,NA,NA,NA,NA,NA,NA,NA,NA,NA,164
Hausrotschwanz,86,2023,2023-04-21,1,0,F,T,F,F,F,F,F,F,F,F,F,?,111
Hausrotschwanz,86,2023,2023-06-12,1,0,F,F,F,F,F,F,F,F,F,F,F,?,163
Hausrotschwanz,86,2023,2023-03-24,1,0,F,T,F,F,F,F,F,F,F,F,F,?,83
Hausrotschwanz,86,2023,2023-05-17,2,0,F,T,T,F,F,F,F,F,F,F,F,?,137
Hausrotschwanz,87,2020,2020-03-14,3,0,F,T,F,F,F,T,F,F,F,F,F,?,74
Hausrotschwanz,87,2020,2020-04-26,4,0,F,T,F,F,F,F,F,F,F,F,F,?,117
Hausrotschwanz,87,2020,2020-05-10,9,0,F,T,F,T,F,F,F,F,F,F,F,?,131
Hausrotschwanz,87,2020,2020-06-01,4,0,F,T,F,F,F,F,F,F,F,F,F,?,153
Hausrotschwanz,87,2021,2021-03-12,2,0,T,?,T,?,?,?,?,?,?,?,?,?,71
Hausrotschwanz,87,2021,2021-04-08,2,0,?,T,?,?,?,?,?,?,?,?,?,?,98
Hausrotschwanz,87,2021,2021-05-08,6,0,?,T,?,?,?,?,?,?,?,?,?,?,128
Hausrotschwanz,87,2021,2021-06-14,5,0,T,T,T,?,?,?,?,?,?,?,?,?,165
Hausrotschwanz,87,2022,2022-03-27,4,0,F,T,F,F,F,F,F,F,F,F,F,?,86
Hausrotschwanz,87,2022,2022-04-20,3,0,F,T,F,F,F,F,F,F,F,F,F,?,110
Hausrotschwanz,87,2022,2022-05-08,3,0,F,T,F,F,F,F,F,F,F,F,F,?,128
Hausrotschwanz,87,2022,2022-06-04,5,0,F,T,T,F,F,F,F,F,F,F,F,?,155
Hausrotschwanz,87,2023,2023-03-20,3,0,F,T,F,F,?,F,F,F,F,F,F,?,79
Hausrotschwanz,87,2023,2023-04-22,4,0,F,T,F,F,?,F,F,F,F,F,F,?,112
Hausrotschwanz,87,2023,2023-05-13,2,0,F,T,F,F,?,F,F,F,F,F,F,?,133
Hausrotschwanz,87,2023,2023-06-04,6,0,T,T,F,F,T,F,F,F,F,F,F,?,155
Hausrotschwanz,88,2018,2018-03-30,1,1,T,F,F,F,?,F,F,F,F,F,F,?,89
Hausrotschwanz,88,2018,2018-04-12,5,0,T,T,F,F,?,T,F,F,F,F,F,?,102
Hausrotschwanz,88,2018,2018-05-18,9,0,T,F,T,T,?,F,T,F,F,F,F,?,138
Hausrotschwanz,88,2018,2018-06-13,6,0,F,F,T,F,?,F,F,F,F,F,F,?,164
Hausrotschwanz,89,2018,2018-03-25,3,0,F,T,F,F,?,F,T,F,F,F,F,?,84
Hausrotschwanz,89,2018,2018-04-21,6,0,F,T,F,F,?,T,F,F,F,F,F,?,111
Hausrotschwanz,89,2018,2018-05-12,4,0,F,T,F,T,?,F,F,F,T,F,F,?,132
Hausrotschwanz,89,2018,2018-06-20,3,0,F,F,F,F,?,F,F,F,F,F,T,?,171
Hausrotschwanz,89,2020,2020-03-20,5,0,F,T,F,F,?,T,F,F,F,F,F,?,80
Hausrotschwanz,89,2020,2020-04-18,5,0,F,T,F,F,?,F,F,F,F,F,F,?,109
Hausrotschwanz,89,2020,2020-05-06,2,2,T,F,F,F,?,T,F,F,F,F,F,?,127
Hausrotschwanz,89,2020,2020-06-19,7,0,F,T,F,F,?,T,F,T,F,F,T,?,171
Hausrotschwanz,89,2021,2021-03-28,6,0,?,T,?,?,?,T,?,?,?,?,?,?,87
Hausrotschwanz,89,2021,2021-04-28,8,0,?,T,?,?,?,?,?,?,?,?,?,?,118
Hausrotschwanz,89,2021,2021-05-15,7,0,?,T,?,T,?,?,?,?,?,?,?,?,135
Hausrotschwanz,89,2021,2021-06-20,6,0,?,T,?,?,?,?,?,?,?,?,T,?,171
Hausrotschwanz,90,2020,2020-03-17,1,0,F,F,T,F,F,F,F,F,F,F,F,?,77
Hausrotschwanz,90,2020,2020-04-19,2,0,F,T,T,F,F,F,F,F,F,F,F,?,110
Hausrotschwanz,90,2020,2020-05-06,2,0,F,T,F,F,F,F,F,F,F,F,F,?,127
Hausrotschwanz,90,2020,2020-05-21,2,0,F,T,F,F,F,F,F,F,F,F,F,?,142
Hausrotschwanz,90,2021,2021-03-19,0,0,NA,NA,NA,NA,NA,NA,NA,NA,NA,NA,NA,NA,78
Hausrotschwanz,90,2021,2021-04-13,0,0,NA,NA,NA,NA,NA,NA,NA,NA,NA,NA,NA,NA,103
Hausrotschwanz,90,2021,2021-05-01,3,0,?,T,?,?,?,?,?,?,?,?,?,?,121
Hausrotschwanz,90,2021,2021-06-05,2,0,?,T,?,?,?,?,?,T,?,?,?,?,156
Hausrotschwanz,90,2023,2023-03-22,1,0,F,T,F,F,F,F,F,F,F,F,F,?,81
Hausrotschwanz,90,2023,2023-04-11,1,0,F,T,F,F,F,F,F,F,F,F,F,?,101
Hausrotschwanz,90,2023,2023-05-17,0,0,NA,NA,NA,NA,NA,NA,NA,NA,NA,NA,NA,NA,137
Hausrotschwanz,90,2023,2023-06-12,0,0,NA,NA,NA,NA,NA,NA,NA,NA,NA,NA,NA,NA,163
Hausrotschwanz,91,2018,2018-03-11,0,0,NA,NA,NA,NA,NA,NA,NA,NA,NA,NA,NA,NA,70
Hausrotschwanz,91,2018,2018-04-15,4,0,F,F,F,F,?,F,F,F,F,F,F,?,105
Hausrotschwanz,91,2018,2018-05-11,5,0,F,F,F,F,?,F,T,F,F,F,F,?,131
Hausrotschwanz,91,2018,2018-06-02,2,0,F,F,F,F,?,F,F,F,F,F,F,?,153
Hausrotschwanz,91,2020,2020-03-24,11,11,T,T,T,F,?,F,T,F,F,F,F,?,84
Hausrotschwanz,91,2020,2020-04-20,4,0,F,T,F,F,?,F,F,F,F,F,F,?,111
Hausrotschwanz,91,2020,2020-05-10,4,0,F,T,T,F,?,F,T,F,F,F,F,?,131
Hausrotschwanz,91,2020,2020-06-14,5,0,F,T,T,F,?,T,F,F,T,T,F,?,166
Hausrotschwanz,91,2021,2021-03-30,6,0,F,T,?,?,?,?,F,?,?,?,?,?,89
Hausrotschwanz,91,2021,2021-04-25,7,0,F,T,?,?,?,?,F,?,?,?,?,?,115
Hausrotschwanz,91,2021,2021-05-14,1,0,F,?,?,?,?,?,T,?,?,?,?,?,134
Hausrotschwanz,91,2021,2021-06-13,2,0,F,T,?,?,?,?,T,?,?,?,?,?,164
Hausrotschwanz,92,2020,2020-03-20,8,0,F,T,F,F,?,F,T,F,F,F,F,?,80
Hausrotschwanz,92,2020,2020-04-26,8,0,F,T,F,F,?,F,T,F,F,F,F,?,117
Hausrotschwanz,92,2020,2020-05-20,13,0,F,T,T,F,?,F,F,F,F,F,F,?,141
Hausrotschwanz,92,2020,2020-06-18,9,0,F,T,T,F,?,F,F,F,F,F,F,?,170
Hausrotschwanz,92,2021,2021-03-22,0,0,NA,NA,NA,NA,NA,NA,NA,NA,NA,NA,NA,NA,81
Hausrotschwanz,92,2021,2021-04-17,2,0,F,?,?,?,?,?,F,?,?,?,?,?,107
Hausrotschwanz,92,2021,2021-05-15,2,0,F,?,?,?,?,?,F,?,?,?,?,?,135
Hausrotschwanz,92,2021,2021-05-31,10,0,F,T,?,?,?,T,F,?,?,T,?,?,151
Hausrotschwanz,93,2021,2021-03-25,0,0,NA,NA,NA,NA,NA,NA,NA,NA,NA,NA,NA,NA,84
Hausrotschwanz,93,2021,2021-04-23,0,0,NA,NA,NA,NA,NA,NA,NA,NA,NA,NA,NA,NA,113
Hausrotschwanz,93,2021,2021-05-10,5,0,F,T,F,F,?,F,T,F,F,F,F,?,130
Hausrotschwanz,93,2021,2021-06-11,5,0,F,F,F,F,?,F,F,F,F,F,F,?,162
Hausrotschwanz,94,2018,2018-03-11,0,0,NA,NA,NA,NA,NA,NA,NA,NA,NA,NA,NA,NA,70
Hausrotschwanz,94,2018,2018-04-11,0,0,NA,NA,NA,NA,NA,NA,NA,NA,NA,NA,NA,NA,101
Hausrotschwanz,94,2018,2018-05-06,0,0,NA,NA,NA,NA,NA,NA,NA,NA,NA,NA,NA,NA,126
Hausrotschwanz,94,2018,2018-05-27,2,0,F,T,F,F,?,F,F,F,F,F,F,?,147
Hausrotschwanz,94,2020,2020-03-28,0,0,NA,NA,NA,NA,NA,NA,NA,NA,NA,NA,NA,NA,88
Hausrotschwanz,94,2020,2020-04-19,2,0,F,T,F,F,?,F,F,F,F,F,F,?,110
Hausrotschwanz,94,2020,2020-05-10,0,0,NA,NA,NA,NA,NA,NA,NA,NA,NA,NA,NA,NA,131
Hausrotschwanz,94,2020,2020-06-07,1,1,T,F,F,F,?,F,T,F,F,F,F,?,159
Hausrotschwanz,95,2018,2018-03-11,0,0,NA,NA,NA,NA,NA,NA,NA,NA,NA,NA,NA,NA,70
Hausrotschwanz,95,2018,2018-04-09,1,0,?,T,F,F,?,F,F,F,F,F,F,?,99
Hausrotschwanz,95,2018,2018-05-04,3,0,?,T,F,F,?,F,F,F,F,F,F,?,124
Hausrotschwanz,95,2018,2018-05-28,1,0,?,T,F,F,?,F,F,F,F,F,F,?,148
Hausrotschwanz,95,2020,2020-03-17,0,0,NA,NA,NA,NA,NA,NA,NA,NA,NA,NA,NA,NA,77
Hausrotschwanz,95,2020,2020-04-10,2,0,F,T,F,T,?,F,F,F,F,F,F,?,101
Hausrotschwanz,95,2020,2020-05-17,2,0,F,T,F,F,?,F,F,F,F,F,F,?,138
Hausrotschwanz,95,2020,2020-05-29,1,0,F,T,F,F,?,F,F,F,F,F,F,?,150
Hausrotschwanz,97,2020,2020-03-20,3,0,F,T,F,F,?,F,T,F,F,F,F,?,80
Hausrotschwanz,97,2020,2020-04-17,0,0,NA,NA,NA,NA,NA,NA,NA,NA,NA,NA,NA,NA,108
Hausrotschwanz,97,2020,2020-05-11,0,0,NA,NA,NA,NA,NA,NA,NA,NA,NA,NA,NA,NA,132
Hausrotschwanz,97,2020,2020-06-12,0,0,NA,NA,NA,NA,NA,NA,NA,NA,NA,NA,NA,NA,164
Hausrotschwanz,97,2021,2021-03-29,1,0,F,F,F,F,?,F,F,F,F,F,F,?,88
Hausrotschwanz,97,2021,2021-04-20,0,0,NA,NA,NA,NA,NA,NA,NA,NA,NA,NA,NA,NA,110
Hausrotschwanz,97,2021,2021-05-14,0,0,NA,NA,NA,NA,NA,NA,NA,NA,NA,NA,NA,NA,134
Hausrotschwanz,97,2021,2021-06-11,0,0,NA,NA,NA,NA,NA,NA,NA,NA,NA,NA,NA,NA,162
Hausrotschwanz,98,2022,2022-03-23,0,0,NA,NA,NA,NA,NA,NA,NA,NA,NA,NA,NA,NA,82
Hausrotschwanz,98,2022,2022-04-13,1,0,F,T,F,F,F,F,F,F,F,F,F,?,103
Hausrotschwanz,98,2022,2022-05-04,1,0,F,T,F,F,F,F,F,F,F,F,F,?,124
Hausrotschwanz,98,2022,2022-05-26,1,1,T,F,F,F,F,F,F,F,F,F,F,?,146
Hausrotschwanz,98,2023,2023-03-28,1,0,F,F,T,F,?,F,F,F,F,F,F,?,87
Hausrotschwanz,98,2023,2023-04-13,1,1,T,F,F,F,?,F,F,F,F,F,F,?,103
Hausrotschwanz,98,2023,2023-05-06,0,0,NA,NA,NA,NA,NA,NA,NA,NA,NA,NA,NA,NA,126
Hausrotschwanz,98,2023,2023-06-09,0,0,NA,NA,NA,NA,NA,NA,NA,NA,NA,NA,NA,NA,160
Hausrotschwanz,99,2019,2019-03-26,8,0,F,T,F,T,?,F,T,F,F,F,F,?,85
Hausrotschwanz,99,2019,2019-04-23,5,0,F,T,F,F,?,F,F,F,F,F,F,?,113
Hausrotschwanz,99,2019,2019-05-07,6,0,F,T,F,F,?,F,T,F,F,F,F,?,127
Hausrotschwanz,99,2019,2019-06-13,8,0,F,T,F,T,?,F,T,F,F,F,F,?,164
Hausrotschwanz,99,2020,2020-03-27,6,0,F,T,F,F,F,T,F,F,F,F,F,?,87
Hausrotschwanz,99,2020,2020-04-24,9,0,F,T,F,F,F,T,F,F,F,F,F,?,115
Hausrotschwanz,99,2020,2020-05-14,9,0,F,T,F,T,F,F,T,F,F,F,F,?,135
Hausrotschwanz,99,2020,2020-06-02,8,0,F,T,T,T,F,F,F,F,T,F,F,?,154
Hausrotschwanz,99,2021,2021-03-18,0,0,NA,NA,NA,NA,NA,NA,NA,NA,NA,NA,NA,NA,77
Hausrotschwanz,99,2021,2021-04-21,7,0,F,T,F,F,F,F,F,F,F,F,F,?,111
Hausrotschwanz,99,2021,2021-05-19,7,0,F,T,F,T,T,F,F,F,F,F,F,?,139
Hausrotschwanz,99,2021,2021-06-08,5,0,F,T,F,F,F,F,F,F,F,F,F,?,159
Hausrotschwanz,99,2022,2022-03-16,0,0,NA,NA,NA,NA,NA,NA,NA,NA,NA,NA,NA,NA,75
Hausrotschwanz,99,2022,2022-04-20,6,0,F,T,F,T,F,F,F,F,F,F,F,?,110
Hausrotschwanz,99,2022,2022-05-12,5,0,F,T,F,F,F,F,T,F,F,F,F,?,132
Hausrotschwanz,99,2022,2022-06-17,8,0,F,T,F,T,F,F,F,F,F,F,F,?,168
Hausrotschwanz,99,2023,2023-03-15,0,0,NA,NA,NA,NA,NA,NA,NA,NA,NA,NA,NA,NA,74
Hausrotschwanz,99,2023,2023-04-19,11,0,F,T,F,F,F,F,F,F,F,F,F,?,109
Hausrotschwanz,99,2023,2023-05-10,6,0,F,T,T,F,F,F,F,F,F,F,F,?,130
Hausrotschwanz,99,2023,2023-06-07,7,0,F,T,T,F,F,F,F,F,F,F,F,?,158
Hausrotschwanz,100,2018,2018-03-28,0,0,NA,NA,NA,NA,NA,NA,NA,NA,NA,NA,NA,NA,87
Hausrotschwanz,100,2018,2018-04-24,1,0,F,F,F,F,?,F,F,F,F,F,F,?,114
Hausrotschwanz,100,2018,2018-05-14,0,0,NA,NA,NA,NA,NA,NA,NA,NA,NA,NA,NA,NA,134
Hausrotschwanz,100,2018,2018-06-05,1,0,F,F,F,F,?,F,F,F,F,F,F,?,156
Hausrotschwanz,100,2020,2020-03-19,2,0,F,F,F,F,?,F,F,F,F,F,F,?,79
Hausrotschwanz,100,2020,2020-04-15,2,0,F,F,F,F,T,F,F,F,F,F,F,?,106
Hausrotschwanz,100,2020,2020-05-15,1,0,F,F,F,F,?,F,F,F,F,F,F,?,136
Hausrotschwanz,100,2020,2020-06-12,1,0,F,F,F,F,?,F,F,F,F,F,F,?,164
Hausrotschwanz,100,2021,2021-03-29,1,0,F,F,F,F,?,F,F,F,F,F,F,?,88
Hausrotschwanz,100,2021,2021-04-28,1,0,F,F,T,F,?,F,F,F,F,F,F,?,118
Hausrotschwanz,100,2021,2021-05-16,3,0,F,F,T,F,?,F,F,F,F,F,F,?,136
Hausrotschwanz,100,2021,2021-06-16,1,0,F,F,F,F,?,F,F,F,F,F,F,?,167
Hausrotschwanz,101,2018,2018-04-01,1,0,F,T,F,F,?,F,F,F,F,F,F,?,91
Hausrotschwanz,101,2018,2018-04-23,1,0,F,F,F,F,?,F,F,F,F,F,F,?,113
Hausrotschwanz,101,2018,2018-05-30,3,0,F,T,F,F,F,F,F,F,F,F,F,?,150
Hausrotschwanz,101,2018,2018-06-29,2,0,F,T,F,F,F,F,F,F,F,F,F,?,180
Hausrotschwanz,101,2021,2021-03-29,0,0,NA,NA,NA,NA,NA,NA,NA,NA,NA,NA,NA,NA,88
Hausrotschwanz,101,2021,2021-04-17,2,0,F,T,F,F,?,F,F,F,F,F,F,?,107
Hausrotschwanz,101,2021,2021-05-15,1,0,F,F,F,F,?,F,F,F,T,F,F,?,135
Hausrotschwanz,101,2021,2021-06-20,1,0,F,T,F,F,?,F,F,F,F,F,F,?,171
Hausrotschwanz,102,2019,2019-03-19,3,0,F,T,F,F,?,F,T,F,F,F,F,?,78
Hausrotschwanz,102,2019,2019-04-19,13,0,F,T,F,F,?,F,F,F,F,F,F,?,109
Hausrotschwanz,102,2019,2019-05-14,9,0,F,T,F,T,?,F,T,F,F,F,F,?,134
Hausrotschwanz,102,2019,2019-05-28,16,0,F,T,F,F,T,F,F,F,F,F,F,?,148
Hausrotschwanz,102,2020,2020-03-19,7,0,F,T,F,F,F,F,F,F,F,F,F,?,79
Hausrotschwanz,102,2020,2020-04-16,11,0,F,T,F,F,F,F,T,F,F,F,F,?,107
Hausrotschwanz,102,2020,2020-05-07,11,0,F,T,F,T,F,F,T,T,F,F,F,?,128
Hausrotschwanz,102,2020,2020-06-17,20,0,F,T,T,T,F,T,T,F,F,T,T,?,169
Hausrotschwanz,102,2021,2021-03-23,1,0,F,T,F,F,F,F,F,F,F,F,F,?,82
Hausrotschwanz,102,2021,2021-04-20,19,0,F,T,T,T,F,F,T,F,F,F,F,?,110
Hausrotschwanz,102,2021,2021-05-14,14,0,F,T,F,T,F,T,F,F,T,F,F,?,134
Hausrotschwanz,102,2021,2021-06-11,25,0,F,T,T,T,F,F,T,F,F,F,F,?,162
Hausrotschwanz,102,2022,2022-03-21,10,0,F,T,F,F,F,F,F,F,F,F,F,?,80
Hausrotschwanz,102,2022,2022-04-22,17,0,F,T,T,T,F,F,F,F,F,F,F,?,112
Hausrotschwanz,102,2022,2022-05-13,12,0,F,T,F,F,F,F,F,F,F,F,F,?,133
Hausrotschwanz,102,2022,2022-06-10,18,0,F,T,F,T,F,T,F,F,F,F,F,?,161
Hausrotschwanz,103,2018,2018-03-30,9,0,F,T,F,T,?,F,F,F,F,F,F,?,89
Hausrotschwanz,103,2018,2018-04-14,11,0,F,T,F,F,?,F,T,F,F,F,F,?,104
Hausrotschwanz,103,2018,2018-05-11,11,0,T,T,T,F,?,F,T,F,F,F,F,?,131
Hausrotschwanz,103,2018,2018-06-16,10,0,F,T,F,F,?,T,T,F,F,F,T,?,167
Hausrotschwanz,103,2020,2020-03-16,9,0,F,T,F,T,?,F,T,F,F,F,F,?,76
Hausrotschwanz,103,2020,2020-04-12,11,0,T,T,F,F,?,F,T,F,F,F,F,?,103
Hausrotschwanz,103,2020,2020-05-18,13,0,T,T,F,F,?,F,T,F,F,F,F,?,139
Hausrotschwanz,103,2020,2020-06-18,15,0,F,T,T,T,?,F,T,F,T,F,T,?,170
Hausrotschwanz,103,2021,2021-03-28,19,0,?,T,?,?,?,?,T,?,?,?,?,?,87
Hausrotschwanz,103,2021,2021-04-25,11,0,?,T,T,?,?,?,?,?,?,?,?,?,115
Hausrotschwanz,103,2021,2021-05-13,10,0,?,T,?,?,?,T,T,?,T,?,?,?,133
Hausrotschwanz,103,2021,2021-06-11,15,0,?,T,?,T,?,?,T,?,?,?,T,?,162
Hausrotschwanz,104,2018,2018-03-15,2,0,F,T,F,F,?,F,F,F,F,F,F,?,74
Hausrotschwanz,104,2018,2018-04-17,8,0,F,T,T,F,?,F,F,F,F,F,F,?,107
Hausrotschwanz,104,2018,2018-05-08,8,0,F,T,T,F,?,T,F,F,F,F,F,?,128
Hausrotschwanz,104,2018,2018-05-31,7,0,F,T,T,F,?,F,F,F,F,F,F,?,151
Hausrotschwanz,104,2020,2020-03-18,10,0,F,T,F,F,?,T,F,F,F,F,F,?,78
Hausrotschwanz,104,2020,2020-04-17,8,0,F,T,F,F,?,T,F,F,F,F,F,?,108
Hausrotschwanz,104,2020,2020-05-19,9,0,F,T,T,F,?,T,F,F,T,F,F,?,140
Hausrotschwanz,104,2020,2020-06-12,10,0,F,T,F,T,?,T,T,F,T,F,F,?,164
Hausrotschwanz,104,2021,2021-03-24,7,0,F,T,F,F,?,F,F,F,F,F,F,?,83
Hausrotschwanz,104,2021,2021-04-23,10,0,F,T,F,F,?,F,F,F,F,F,F,?,113
Hausrotschwanz,104,2021,2021-05-19,10,0,F,T,F,F,?,F,F,F,F,F,F,?,139
Hausrotschwanz,104,2021,2021-06-15,7,0,F,T,F,F,?,F,F,F,F,F,T,?,166
Hausrotschwanz,105,2020,2020-03-16,1,0,F,T,F,F,F,F,F,F,F,F,F,?,76
Hausrotschwanz,105,2020,2020-04-11,6,0,F,T,T,F,F,F,F,F,F,F,F,?,102
Hausrotschwanz,105,2020,2020-05-02,7,0,F,T,F,F,F,F,F,F,F,F,F,?,123
Hausrotschwanz,105,2020,2020-05-31,11,0,F,T,T,F,T,F,F,F,F,F,F,?,152
Hausrotschwanz,105,2021,2021-03-22,0,0,NA,NA,NA,NA,NA,NA,NA,NA,NA,NA,NA,NA,81
Hausrotschwanz,105,2021,2021-04-15,7,0,?,T,?,?,?,?,?,?,?,?,?,?,105
Hausrotschwanz,105,2021,2021-05-09,8,0,T,T,T,?,?,?,?,?,?,?,?,?,129
Hausrotschwanz,105,2021,2021-06-16,6,0,T,T,?,?,?,?,?,?,?,?,?,?,167
Hausrotschwanz,105,2022,2022-03-26,10,0,T,T,T,F,F,F,F,F,F,F,F,?,85
Hausrotschwanz,105,2022,2022-04-21,5,0,F,T,F,F,F,F,F,F,F,F,F,?,111
Hausrotschwanz,105,2022,2022-05-11,8,0,T,T,F,F,F,F,F,F,F,F,F,?,131
Hausrotschwanz,105,2022,2022-06-11,12,0,F,T,F,T,F,T,F,F,F,F,F,?,162
Hausrotschwanz,105,2023,2023-03-25,6,0,F,T,T,F,?,F,F,F,F,F,F,?,84
Hausrotschwanz,105,2023,2023-04-15,11,0,T,T,F,F,?,F,F,F,F,F,F,?,105
Hausrotschwanz,105,2023,2023-05-12,6,0,T,T,F,F,?,F,F,F,F,F,F,?,132
Hausrotschwanz,105,2023,2023-06-12,9,0,F,T,F,F,?,F,F,F,F,F,F,?,163
Hausrotschwanz,106,2018,2018-03-29,1,0,F,T,F,F,?,F,F,F,F,F,F,?,88
Hausrotschwanz,106,2018,2018-04-19,1,0,F,T,F,F,?,F,F,F,F,F,F,?,109
Hausrotschwanz,106,2018,2018-05-20,4,0,F,T,F,T,?,F,F,F,F,F,F,?,140
Hausrotschwanz,106,2018,2018-06-14,2,0,F,T,F,F,?,F,F,F,F,F,F,?,165
Hausrotschwanz,106,2021,2021-03-28,4,0,F,T,?,?,?,?,F,?,?,?,?,?,87
Hausrotschwanz,106,2021,2021-04-26,2,0,F,T,?,?,?,?,F,?,?,?,?,?,116
Hausrotschwanz,106,2021,2021-05-19,7,0,F,T,?,?,?,?,T,?,?,?,?,?,139
Hausrotschwanz,106,2021,2021-06-14,5,0,F,T,?,?,?,?,T,?,?,?,?,?,165
Hausrotschwanz,107,2020,2020-03-22,2,0,F,T,F,F,?,F,F,F,F,F,F,?,82
Hausrotschwanz,107,2020,2020-04-19,2,0,F,T,F,F,?,F,F,F,F,F,F,?,110
Hausrotschwanz,107,2020,2020-06-11,3,0,F,T,F,F,?,F,F,F,F,F,F,?,163
Hausrotschwanz,107,2021,2021-06-13,2,0,F,T,F,F,?,F,?,F,F,F,F,?,164
Hausrotschwanz,109,2019,2019-03-18,1,0,F,F,F,F,?,F,F,F,F,F,F,?,77
Hausrotschwanz,109,2019,2019-04-12,10,0,F,T,F,F,?,F,F,F,F,F,F,?,102
Hausrotschwanz,109,2019,2019-05-02,8,0,F,T,F,F,?,T,F,F,F,F,F,?,122
Hausrotschwanz,109,2019,2019-05-24,12,0,F,T,F,T,?,F,T,F,F,F,F,?,144
Hausrotschwanz,109,2020,2020-03-18,9,0,F,T,F,F,F,F,F,F,F,F,F,?,78
Hausrotschwanz,109,2020,2020-04-15,15,0,F,T,F,T,F,F,F,F,F,F,F,?,106
Hausrotschwanz,109,2020,2020-05-05,13,0,F,T,F,F,F,F,F,F,F,F,F,?,126
Hausrotschwanz,109,2020,2020-06-03,16,0,F,T,F,T,F,F,T,F,F,F,F,?,155
Hausrotschwanz,109,2021,2021-03-22,1,0,F,T,F,F,F,F,F,F,F,F,F,?,81
Hausrotschwanz,109,2021,2021-04-14,13,0,F,T,F,T,F,T,F,F,F,F,F,?,104
Hausrotschwanz,109,2021,2021-05-11,11,0,F,T,F,F,F,F,F,F,F,F,F,?,131
Hausrotschwanz,109,2021,2021-06-09,19,0,F,T,F,F,F,F,F,F,F,F,F,?,160
Hausrotschwanz,109,2022,2022-03-15,5,0,F,T,F,F,F,F,F,F,F,F,F,?,74
Hausrotschwanz,109,2022,2022-04-12,14,0,F,T,F,T,F,F,F,F,F,F,F,?,102
Hausrotschwanz,109,2022,2022-05-02,7,0,F,T,F,F,F,F,F,F,F,F,F,?,122
Hausrotschwanz,109,2022,2022-06-08,11,0,F,T,F,F,F,F,F,T,F,F,F,?,159
Hausrotschwanz,110,2020,2020-03-19,6,0,F,T,T,F,?,F,T,F,F,F,F,?,79
Hausrotschwanz,110,2020,2020-04-18,5,0,F,T,T,F,?,F,T,F,F,F,F,?,109
Hausrotschwanz,110,2020,2020-05-18,2,0,F,T,F,F,?,F,F,F,F,F,F,?,139
Hausrotschwanz,110,2020,2020-06-18,4,0,T,T,F,F,?,F,T,F,F,F,F,?,170
Hausrotschwanz,111,2018,2018-03-25,2,0,F,T,F,F,?,F,F,F,F,F,F,?,84
Hausrotschwanz,111,2018,2018-04-07,13,0,F,T,F,F,?,T,F,F,F,F,F,?,97
Hausrotschwanz,111,2018,2018-05-09,11,0,F,T,F,F,?,F,T,F,F,F,F,?,129
Hausrotschwanz,111,2018,2018-06-03,15,0,F,F,F,F,?,F,T,F,F,F,T,?,154
Hausrotschwanz,111,2020,2020-03-16,3,0,F,T,F,F,?,F,F,F,F,F,F,?,76
Hausrotschwanz,111,2020,2020-04-11,8,0,F,T,F,F,?,T,F,F,F,F,F,?,102
Hausrotschwanz,111,2020,2020-05-08,10,0,F,T,F,F,?,T,T,F,T,F,F,?,129
Hausrotschwanz,111,2020,2020-05-31,17,0,F,T,F,F,?,F,T,F,T,F,T,?,152
Hausrotschwanz,111,2021,2021-03-26,9,0,F,T,F,F,?,T,?,F,F,F,F,?,85
Hausrotschwanz,111,2021,2021-04-11,9,0,F,T,F,F,?,T,T,F,F,F,F,?,101
Hausrotschwanz,111,2021,2021-05-14,5,0,F,F,F,F,?,T,T,F,F,F,F,?,134
Hausrotschwanz,111,2021,2021-05-29,7,0,F,T,F,F,?,F,T,F,F,F,F,?,149
Hausrotschwanz,114,2018,2018-03-22,0,0,NA,NA,NA,NA,NA,NA,NA,NA,NA,NA,NA,NA,81
Hausrotschwanz,114,2018,2018-04-18,1,0,F,F,F,F,?,F,F,F,F,F,F,?,108
Hausrotschwanz,114,2018,2018-05-18,1,0,F,T,F,F,?,F,F,F,F,F,F,?,138
Hausrotschwanz,114,2018,2018-06-16,0,0,NA,NA,NA,NA,NA,NA,NA,NA,NA,NA,NA,NA,167
Hausrotschwanz,114,2020,2020-03-19,2,0,F,F,F,F,?,F,F,F,F,F,F,?,79
Hausrotschwanz,114,2020,2020-04-13,1,0,F,T,F,F,?,F,F,F,F,F,F,?,104
Hausrotschwanz,114,2020,2020-05-06,0,0,NA,NA,NA,NA,NA,NA,NA,NA,NA,NA,NA,NA,127
Hausrotschwanz,114,2020,2020-05-26,0,0,NA,NA,NA,NA,NA,NA,NA,NA,NA,NA,NA,NA,147
Hausrotschwanz,115,2018,2018-03-25,1,0,F,T,F,F,?,F,F,F,F,F,F,?,84
Hausrotschwanz,115,2018,2018-04-08,9,0,F,T,F,F,?,T,F,F,F,F,F,?,98
Hausrotschwanz,115,2018,2018-05-12,2,0,F,T,F,F,?,F,F,F,F,F,F,?,132
Hausrotschwanz,115,2018,2018-05-27,5,0,F,T,T,F,?,F,T,F,F,F,F,?,147
Hausrotschwanz,115,2020,2020-03-15,2,0,F,T,F,F,?,F,F,F,F,F,F,?,75
Hausrotschwanz,115,2020,2020-04-19,5,0,F,T,F,F,?,F,F,F,F,F,F,?,110
Hausrotschwanz,115,2020,2020-05-10,5,0,F,T,F,F,?,F,F,F,F,F,F,?,131
Hausrotschwanz,115,2020,2020-06-13,3,0,F,T,F,F,?,F,F,F,F,F,F,?,165
Hausrotschwanz,115,2021,2021-03-21,0,0,NA,NA,NA,NA,NA,NA,NA,NA,NA,NA,NA,NA,80
Hausrotschwanz,115,2021,2021-04-18,8,0,F,T,?,?,?,?,T,?,?,?,?,?,108
Hausrotschwanz,115,2021,2021-05-09,2,0,F,T,?,?,?,?,F,?,?,?,?,?,129
Hausrotschwanz,115,2021,2021-05-30,2,0,F,?,?,?,?,?,T,?,?,?,?,?,150
Hausrotschwanz,116,2020,2020-03-13,0,0,NA,NA,NA,NA,NA,NA,NA,NA,NA,NA,NA,NA,73
Hausrotschwanz,116,2020,2020-04-01,8,0,F,T,F,F,T,T,F,F,F,F,F,?,92
Hausrotschwanz,116,2020,2020-05-08,2,0,F,T,F,F,?,F,F,F,F,F,F,?,129
Hausrotschwanz,116,2020,2020-05-29,7,0,F,T,T,F,?,F,F,F,F,F,F,?,150
Hausrotschwanz,116,2021,2020-03-20,0,0,NA,NA,NA,NA,NA,NA,NA,NA,NA,NA,NA,NA,80
Hausrotschwanz,116,2021,2020-04-09,0,0,NA,NA,NA,NA,NA,NA,NA,NA,NA,NA,NA,NA,100
Hausrotschwanz,116,2021,2021-04-09,6,0,F,T,F,F,?,F,?,F,F,F,F,?,99
Hausrotschwanz,116,2021,2021-05-11,6,0,F,T,F,F,?,F,T,F,T,F,F,?,131
Hausrotschwanz,116,2021,2021-05-27,4,0,F,T,F,F,?,F,T,F,F,F,F,?,147
Hausrotschwanz,118,2018,2018-03-10,0,0,NA,NA,NA,NA,NA,NA,NA,NA,NA,NA,NA,NA,69
Hausrotschwanz,118,2018,2018-04-02,6,6,T,T,F,F,?,T,F,F,F,F,F,?,92
Hausrotschwanz,118,2018,2018-05-01,1,0,F,T,F,F,?,F,F,F,F,F,F,?,121
Hausrotschwanz,118,2018,2018-05-21,3,0,T,F,T,F,?,F,F,F,F,F,F,?,141
Hausrotschwanz,118,2020,2020-03-15,1,0,F,F,F,F,?,F,F,F,F,F,F,?,75
Hausrotschwanz,118,2020,2020-04-04,9,0,F,T,T,F,?,F,T,F,F,F,F,?,95
Hausrotschwanz,118,2020,2020-05-02,9,0,T,T,F,F,?,F,T,F,F,T,F,?,123
Hausrotschwanz,118,2020,2020-06-13,3,3,T,T,F,F,?,F,F,F,F,F,F,?,165
Hausrotschwanz,118,2021,2021-06-13,11,0,T,T,F,F,?,T,?,F,F,F,F,?,164
Hausrotschwanz,119,2018,2018-03-21,0,0,NA,NA,NA,NA,NA,NA,NA,NA,NA,NA,NA,NA,80
Hausrotschwanz,119,2018,2018-04-25,6,0,F,T,F,F,?,F,F,F,F,F,F,?,115
Hausrotschwanz,119,2018,2018-05-12,8,0,F,T,F,F,?,F,F,F,F,F,F,?,132
Hausrotschwanz,119,2018,2018-06-17,4,0,F,T,F,F,?,F,F,F,F,F,F,?,168
Hausrotschwanz,119,2021,2021-03-28,1,0,F,T,F,F,?,F,F,F,F,F,F,?,87
Hausrotschwanz,119,2021,2021-04-24,7,0,F,T,T,F,?,F,T,F,F,F,F,?,114
Hausrotschwanz,119,2021,2021-05-15,6,0,F,T,T,F,?,F,F,F,T,F,F,?,135
Hausrotschwanz,119,2021,2021-06-14,7,0,F,T,T,F,?,F,F,F,F,F,F,?,165
Hausrotschwanz,122,2018,2018-03-19,0,0,NA,NA,NA,NA,NA,NA,NA,NA,NA,NA,NA,NA,78
Hausrotschwanz,122,2018,2018-04-17,5,0,F,T,F,F,?,T,F,F,F,F,F,?,107
Hausrotschwanz,122,2018,2018-05-19,6,0,F,T,F,F,?,T,T,F,T,F,F,?,139
Hausrotschwanz,122,2018,2018-06-13,3,0,F,T,F,F,?,F,F,F,F,F,F,?,164
Hausrotschwanz,122,2020,2020-03-14,1,0,F,F,F,F,?,F,F,F,F,F,F,?,74
Hausrotschwanz,122,2020,2020-04-25,8,0,F,T,F,F,?,F,T,F,F,F,F,?,116
Hausrotschwanz,122,2020,2020-05-19,5,0,F,T,F,F,?,F,F,F,F,F,F,?,140
Hausrotschwanz,122,2020,2020-06-20,2,0,F,T,F,F,?,F,F,F,F,F,F,?,172
Hausrotschwanz,122,2021,2021-03-21,0,0,NA,NA,NA,NA,NA,NA,NA,NA,NA,NA,NA,NA,80
Hausrotschwanz,122,2021,2021-04-18,4,0,F,T,?,?,?,?,F,?,?,?,?,?,108
Hausrotschwanz,122,2021,2021-05-13,9,0,F,T,?,?,?,?,F,?,?,?,?,?,133
Hausrotschwanz,122,2021,2021-05-30,2,0,F,T,?,?,?,?,F,?,?,?,?,?,150
Hausrotschwanz,123,2018,2018-03-21,0,0,NA,NA,NA,NA,NA,NA,NA,NA,NA,NA,NA,NA,80
Hausrotschwanz,123,2018,2018-04-18,0,0,NA,NA,NA,NA,NA,NA,NA,NA,NA,NA,NA,NA,108
Hausrotschwanz,123,2018,2018-05-09,1,0,F,T,F,F,?,F,F,F,F,F,F,?,129
Hausrotschwanz,123,2018,2018-06-06,1,0,F,F,F,F,?,F,F,F,F,F,F,?,157
Hausrotschwanz,123,2020,2020-03-18,0,0,NA,NA,NA,NA,NA,NA,NA,NA,NA,NA,NA,NA,78
Hausrotschwanz,123,2020,2020-04-19,1,0,F,T,F,F,?,F,F,F,F,F,F,?,110
Hausrotschwanz,123,2020,2020-05-08,2,0,F,T,F,F,?,F,F,F,F,F,F,?,129
Hausrotschwanz,123,2020,2020-06-08,6,0,F,T,T,F,?,F,F,F,F,F,T,?,160
Hausrotschwanz,123,2021,2021-03-24,0,0,NA,NA,NA,NA,NA,NA,NA,NA,NA,NA,NA,NA,83
Hausrotschwanz,123,2021,2021-04-18,0,0,NA,NA,NA,NA,NA,NA,NA,NA,NA,NA,NA,NA,108
Hausrotschwanz,123,2021,2021-05-09,0,0,NA,NA,NA,NA,NA,NA,NA,NA,NA,NA,NA,NA,129
Hausrotschwanz,123,2021,2021-06-05,7,0,F,T,?,T,?,?,F,?,?,?,T,?,156
Hausrotschwanz,124,2018,2018-03-25,3,0,F,F,F,F,?,F,F,F,F,F,F,?,84
Hausrotschwanz,124,2018,2018-04-22,2,0,F,F,F,F,?,F,F,F,F,F,F,?,112
Hausrotschwanz,124,2018,2018-05-11,6,0,F,F,T,F,?,F,F,F,F,F,F,?,131
Hausrotschwanz,124,2018,2018-06-02,6,0,F,F,F,F,?,F,T,F,F,F,T,?,153
Hausrotschwanz,124,2020,2020-03-22,4,0,F,F,F,F,?,T,F,F,F,F,F,?,82
Hausrotschwanz,124,2020,2020-04-05,8,0,F,F,F,F,?,F,F,F,F,F,F,?,96
Hausrotschwanz,124,2020,2020-05-09,6,0,F,F,F,F,?,F,T,F,F,F,F,?,130
Hausrotschwanz,124,2020,2020-06-13,13,0,F,F,F,F,?,F,F,F,F,F,T,?,165
Hausrotschwanz,124,2021,2021-05-29,20,0,F,F,F,F,?,T,?,F,F,F,F,?,149
Hausrotschwanz,125,2018,2018-03-24,0,0,NA,NA,NA,NA,NA,NA,NA,NA,NA,NA,NA,NA,83
Hausrotschwanz,125,2018,2018-04-30,4,0,?,F,F,F,?,F,F,F,F,F,F,?,120
Hausrotschwanz,125,2018,2018-05-20,4,0,?,T,F,F,?,F,F,F,F,F,F,?,140
Hausrotschwanz,125,2018,2018-06-25,2,0,?,F,F,F,?,F,F,F,F,F,F,?,176
Hausrotschwanz,127,2018,2018-03-12,0,0,NA,NA,NA,NA,NA,NA,NA,NA,NA,NA,NA,NA,71
Hausrotschwanz,127,2018,2018-04-03,3,0,?,T,F,F,?,F,F,F,F,F,F,?,93
Hausrotschwanz,127,2018,2018-05-07,3,0,?,T,F,F,?,F,F,F,F,F,F,?,127
Hausrotschwanz,127,2018,2018-05-31,6,0,?,T,F,T,?,F,F,F,F,F,F,?,151
Hausrotschwanz,127,2020,2020-03-19,3,0,F,T,T,F,?,T,F,F,F,F,F,?,79
Hausrotschwanz,127,2020,2020-04-08,7,0,F,T,F,F,?,F,F,F,F,F,F,?,99
Hausrotschwanz,127,2020,2020-05-19,4,0,F,T,F,T,?,F,T,F,T,F,F,?,140
Hausrotschwanz,127,2020,2020-06-03,4,0,F,T,T,T,?,F,F,F,F,F,F,?,155
Hausrotschwanz,127,2021,2021-05-03,4,0,F,T,F,F,?,F,F,F,F,F,F,?,123
Hausrotschwanz,127,2021,2021-05-27,6,0,?,T,?,?,?,?,?,?,?,?,?,?,147
Hausrotschwanz,128,2021,2021-03-29,7,0,F,T,?,?,?,?,T,?,?,?,?,?,88
Hausrotschwanz,128,2021,2021-04-24,2,0,F,T,?,?,?,?,F,?,?,?,?,?,114
Hausrotschwanz,128,2021,2021-05-15,1,0,F,?,?,?,?,?,T,?,?,?,?,?,135
Hausrotschwanz,128,2021,2021-06-15,2,0,F,T,?,?,?,?,F,?,?,?,?,?,166
Hausrotschwanz,129,2021,2021-03-24,0,0,NA,NA,NA,NA,NA,NA,NA,NA,NA,NA,NA,NA,83
Hausrotschwanz,129,2021,2021-04-18,4,0,?,T,?,?,?,T,T,?,?,?,?,?,108
Hausrotschwanz,129,2021,2021-05-08,3,0,?,T,?,?,?,?,?,?,?,?,?,?,128
Hausrotschwanz,129,2021,2021-05-28,0,0,NA,NA,NA,NA,NA,NA,NA,NA,NA,NA,NA,NA,148
Hausrotschwanz,131,2018,2018-03-11,0,0,NA,NA,NA,NA,NA,NA,NA,NA,NA,NA,NA,NA,70
Hausrotschwanz,131,2018,2018-04-15,1,0,F,T,F,F,?,F,F,F,F,F,F,?,105
Hausrotschwanz,131,2018,2018-05-21,1,0,F,T,F,F,?,F,F,F,F,F,F,?,141
Hausrotschwanz,131,2018,2018-06-09,0,0,NA,NA,NA,NA,NA,NA,NA,NA,NA,NA,NA,NA,160
Hausrotschwanz,131,2020,2020-03-24,0,0,NA,NA,NA,NA,NA,NA,NA,NA,NA,NA,NA,NA,84
Hausrotschwanz,131,2020,2020-04-12,2,0,F,T,T,F,?,F,F,F,F,F,F,?,103
Hausrotschwanz,131,2020,2020-05-08,0,0,NA,NA,NA,NA,NA,NA,NA,NA,NA,NA,NA,NA,129
Hausrotschwanz,131,2020,2020-06-17,2,0,F,T,T,F,?,F,T,F,F,F,F,?,169
Hausrotschwanz,131,2021,2021-03-24,0,0,NA,NA,NA,NA,NA,NA,NA,NA,NA,NA,NA,NA,83
Hausrotschwanz,131,2021,2021-04-25,2,0,F,T,F,F,?,F,?,F,F,F,F,?,115
Hausrotschwanz,131,2021,2021-05-09,3,0,F,T,F,F,?,F,T,F,F,F,F,?,129
Hausrotschwanz,131,2021,2021-06-13,1,0,F,F,F,F,?,F,T,F,F,F,F,?,164
Hausrotschwanz,134,2018,2018-03-24,0,0,NA,NA,NA,NA,NA,NA,NA,NA,NA,NA,NA,NA,83
Hausrotschwanz,134,2018,2018-04-21,1,0,F,F,F,F,F,F,F,F,F,F,F,?,111
Hausrotschwanz,134,2018,2018-05-05,1,0,F,T,F,F,F,F,F,F,F,F,F,?,125
Hausrotschwanz,134,2018,2018-05-27,0,0,NA,NA,NA,NA,NA,NA,NA,NA,NA,NA,NA,NA,147
Hausrotschwanz,134,2021,2021-06-13,1,0,F,F,F,F,?,F,?,F,F,F,F,?,164
Hausrotschwanz,135,2019,2019-03-19,2,0,?,T,?,?,?,?,?,?,?,?,?,?,78
Hausrotschwanz,135,2019,2019-04-12,6,0,?,T,T,?,?,?,?,?,?,?,?,?,102
Hausrotschwanz,135,2019,2019-05-05,3,0,?,T,T,?,?,?,?,?,?,?,?,?,125
Hausrotschwanz,135,2019,2019-06-08,2,0,?,T,T,?,?,?,?,?,?,?,?,?,159
Hausrotschwanz,135,2020,2020-03-18,1,0,F,F,F,F,?,F,F,F,F,F,F,?,78
Hausrotschwanz,135,2020,2020-04-10,5,0,F,T,F,F,?,F,F,F,F,F,F,?,101
Hausrotschwanz,135,2020,2020-05-07,2,0,F,T,F,F,?,F,F,F,F,F,F,?,128
Hausrotschwanz,135,2020,2020-05-30,4,0,F,T,F,F,?,F,F,F,F,F,F,?,151
Hausrotschwanz,135,2020,2020-05-17,0,0,NA,NA,NA,NA,NA,NA,NA,NA,NA,NA,NA,NA,138
Hausrotschwanz,135,2022,2022-03-24,5,0,F,T,F,F,F,F,F,F,F,F,F,?,83
Hausrotschwanz,135,2022,2022-04-30,4,0,F,T,F,F,F,F,F,F,F,F,F,?,120
Hausrotschwanz,135,2022,2022-05-18,5,0,F,T,F,F,F,F,F,F,F,F,F,?,138
Hausrotschwanz,135,2022,2022-06-13,3,0,F,T,F,F,F,F,F,F,F,F,F,?,164
Hausrotschwanz,135,2023,2023-03-18,2,0,F,T,F,F,?,F,F,F,F,F,F,?,77
Hausrotschwanz,135,2023,2023-04-20,2,0,F,T,F,F,?,F,F,F,F,F,F,?,110
Hausrotschwanz,135,2023,2023-05-07,3,0,F,T,F,F,?,F,F,F,F,F,F,?,127
Hausrotschwanz,135,2023,2023-06-11,1,0,F,T,F,F,?,F,F,F,F,F,F,?,162
Hausrotschwanz,136,2018,2018-03-30,0,0,NA,NA,NA,NA,NA,NA,NA,NA,NA,NA,NA,NA,89
Hausrotschwanz,136,2018,2018-04-23,0,0,NA,NA,NA,NA,NA,NA,NA,NA,NA,NA,NA,NA,113
Hausrotschwanz,136,2018,2018-05-19,0,0,NA,NA,NA,NA,NA,NA,NA,NA,NA,NA,NA,NA,139
Hausrotschwanz,136,2018,2018-06-08,1,1,T,F,F,F,?,F,F,F,F,F,F,?,159
Hausrotschwanz,136,2020,2020-03-19,0,0,NA,NA,NA,NA,NA,NA,NA,NA,NA,NA,NA,NA,79
Hausrotschwanz,136,2020,2020-04-26,1,0,F,T,F,F,?,F,F,F,F,F,F,?,117
Hausrotschwanz,136,2020,2020-05-17,0,0,NA,NA,NA,NA,NA,NA,NA,NA,NA,NA,NA,NA,138
Hausrotschwanz,136,2020,2020-06-13,1,0,F,T,F,F,?,F,F,F,F,F,F,?,165
Hausrotschwanz,136,2021,2021-03-21,1,1,T,F,F,F,?,F,?,F,F,F,F,?,80
Hausrotschwanz,136,2021,2021-04-26,0,0,NA,NA,NA,NA,NA,NA,NA,NA,NA,NA,NA,NA,116
Hausrotschwanz,136,2021,2021-05-10,0,0,NA,NA,NA,NA,NA,NA,NA,NA,NA,NA,NA,NA,130
Hausrotschwanz,136,2021,2021-06-18,1,0,F,T,F,F,?,F,?,F,F,F,F,?,169
Hausrotschwanz,138,2021,2021-03-29,3,0,F,T,F,F,?,F,F,F,F,F,F,?,88
Hausrotschwanz,138,2021,2021-05-14,2,0,F,T,F,F,?,F,F,F,T,F,F,?,134
Hausrotschwanz,138,2021,2021-06-14,1,0,F,T,F,F,?,F,F,F,F,F,F,?,165
Hausrotschwanz,139,2018,2018-03-22,10,0,F,T,F,F,T,T,T,F,F,F,F,?,81
Hausrotschwanz,139,2018,2018-04-27,3,0,F,T,F,F,?,F,F,F,F,F,F,?,117
Hausrotschwanz,139,2018,2018-05-13,6,0,F,T,F,F,?,F,F,F,F,T,F,?,133
Hausrotschwanz,139,2018,2018-06-06,3,0,F,F,T,F,?,F,F,F,F,F,F,?,157
Hausrotschwanz,139,2020,2020-03-31,7,0,F,T,F,F,?,F,F,F,F,F,F,?,91
Hausrotschwanz,139,2020,2020-04-26,6,0,F,T,F,F,?,F,F,F,F,F,F,?,117
Hausrotschwanz,139,2020,2020-05-11,7,0,F,T,T,F,?,T,F,F,F,F,T,?,132
Hausrotschwanz,139,2020,2020-06-01,7,0,F,T,T,F,?,T,F,F,F,F,T,?,153
Hausrotschwanz,139,2021,2021-03-29,6,0,F,T,F,F,?,F,F,F,F,F,F,?,88
Hausrotschwanz,139,2021,2021-04-28,3,0,F,T,F,F,?,F,F,F,F,F,F,?,118
Hausrotschwanz,139,2021,2021-05-21,5,0,F,T,F,F,?,F,F,F,F,F,F,?,141
Hausrotschwanz,139,2021,2021-06-20,3,0,F,T,F,F,?,F,F,F,F,F,F,?,171
Hausrotschwanz,140,2018,2018-03-15,0,0,NA,NA,NA,NA,NA,NA,NA,NA,NA,NA,NA,NA,74
Hausrotschwanz,140,2018,2018-04-06,0,0,NA,NA,NA,NA,NA,NA,NA,NA,NA,NA,NA,NA,96
Hausrotschwanz,140,2018,2018-05-04,2,0,F,T,F,F,?,F,F,F,F,F,F,?,124
Hausrotschwanz,140,2018,2018-05-26,1,0,F,T,F,F,?,F,F,F,F,F,F,?,146
Hausrotschwanz,140,2020,2020-03-14,0,0,NA,NA,NA,NA,NA,NA,NA,NA,NA,NA,NA,NA,74
Hausrotschwanz,140,2020,2020-04-05,0,0,NA,NA,NA,NA,NA,NA,NA,NA,NA,NA,NA,NA,96
Hausrotschwanz,140,2020,2020-05-08,0,0,NA,NA,NA,NA,NA,NA,NA,NA,NA,NA,NA,NA,129
Hausrotschwanz,140,2020,2020-05-21,1,0,F,T,F,F,?,F,F,F,F,F,F,?,142
Hausrotschwanz,140,2021,2021-06-13,1,0,F,T,F,F,?,F,?,F,F,F,F,?,164
Hausrotschwanz,141,2018,2018-03-30,2,0,F,T,F,F,?,F,F,F,F,F,F,?,89
Hausrotschwanz,141,2018,2018-04-15,3,0,F,F,F,F,?,F,F,F,F,F,F,?,105
Hausrotschwanz,141,2018,2018-05-10,1,0,F,F,F,F,?,F,F,F,F,F,F,?,130
Hausrotschwanz,141,2018,2018-06-02,0,0,NA,NA,NA,NA,NA,NA,NA,NA,NA,NA,NA,NA,153
Hausrotschwanz,141,2018,2019-05-10,0,0,NA,NA,NA,NA,NA,NA,NA,NA,NA,NA,NA,NA,130
Hausrotschwanz,141,2018,2019-04-15,0,0,NA,NA,NA,NA,NA,NA,NA,NA,NA,NA,NA,NA,105
Hausrotschwanz,141,2020,2020-03-22,4,0,F,T,F,F,?,F,T,F,T,F,F,?,82
Hausrotschwanz,141,2020,2020-04-20,1,0,F,T,F,F,?,F,F,F,F,F,F,?,111
Hausrotschwanz,141,2020,2020-05-16,2,0,F,T,F,F,?,F,F,F,F,F,F,?,137
Hausrotschwanz,141,2020,2020-06-11,5,0,F,T,F,F,?,F,F,F,F,F,F,?,163
Hausrotschwanz,141,2021,2021-03-26,2,0,F,T,T,F,?,F,?,F,F,F,F,?,85
Hausrotschwanz,141,2021,2021-04-23,0,0,NA,NA,NA,NA,NA,NA,NA,NA,NA,NA,NA,NA,113
Hausrotschwanz,141,2021,2021-05-13,1,0,F,T,F,F,?,F,?,F,F,F,F,?,133
Hausrotschwanz,141,2021,2021-05-25,1,0,F,T,F,F,?,F,?,F,F,F,F,?,145
Hausrotschwanz,143,2018,2018-03-17,0,0,NA,NA,NA,NA,NA,NA,NA,NA,NA,NA,NA,NA,76
Hausrotschwanz,143,2018,2018-04-18,2,0,F,F,F,F,?,F,F,F,F,F,F,?,108
Hausrotschwanz,143,2018,2018-05-21,2,0,F,T,F,F,?,F,F,F,F,F,F,?,141
Hausrotschwanz,143,2018,2018-06-16,0,0,NA,NA,NA,NA,NA,NA,NA,NA,NA,NA,NA,NA,167
Hausrotschwanz,143,2020,2020-03-22,0,0,NA,NA,NA,NA,NA,NA,NA,NA,NA,NA,NA,NA,82
Hausrotschwanz,143,2020,2020-04-26,2,0,F,T,F,F,?,F,F,F,F,F,F,?,117
Hausrotschwanz,143,2020,2020-05-17,4,0,F,F,F,F,?,T,F,F,F,F,F,?,138
Hausrotschwanz,143,2020,2020-06-20,0,0,NA,NA,NA,NA,NA,NA,NA,NA,NA,NA,NA,NA,172
Hausrotschwanz,143,2021,2021-03-28,2,0,F,F,F,F,?,F,F,F,F,F,F,?,87
Hausrotschwanz,143,2021,2021-04-24,3,0,F,F,F,F,?,T,F,F,F,F,F,?,114
Hausrotschwanz,143,2021,2021-05-15,4,0,F,F,F,F,?,F,F,F,F,F,F,?,135
Hausrotschwanz,143,2021,2021-06-20,1,0,F,F,F,F,?,F,F,F,F,F,F,?,171
Hausrotschwanz,144,2020,2020-04-13,0,0,NA,NA,NA,NA,NA,NA,NA,NA,NA,NA,NA,NA,104
Hausrotschwanz,144,2020,2020-04-27,0,0,NA,NA,NA,NA,NA,NA,NA,NA,NA,NA,NA,NA,118
Hausrotschwanz,144,2020,2020-05-16,1,0,F,T,F,F,?,F,F,F,F,F,F,?,137
Hausrotschwanz,144,2020,2020-06-13,0,0,NA,NA,NA,NA,NA,NA,NA,NA,NA,NA,NA,NA,165
Hausrotschwanz,144,2021,2021-03-25,0,0,NA,NA,NA,NA,NA,NA,NA,NA,NA,NA,NA,NA,84
Hausrotschwanz,144,2021,2021-04-25,0,0,NA,NA,NA,NA,NA,NA,NA,NA,NA,NA,NA,NA,115
Hausrotschwanz,144,2021,2021-05-22,0,0,NA,NA,NA,NA,NA,NA,NA,NA,NA,NA,NA,NA,142
Hausrotschwanz,144,2021,2021-06-13,1,0,F,T,F,F,?,F,?,F,F,F,F,?,164
Hausrotschwanz,145,2020,2020-03-15,1,0,F,T,F,F,?,F,F,F,F,F,F,?,75
Hausrotschwanz,145,2020,2020-04-13,9,0,F,T,F,F,?,T,T,T,F,F,F,?,104
Hausrotschwanz,145,2020,2020-05-03,5,0,F,T,F,F,?,F,F,F,F,F,F,?,124
Hausrotschwanz,145,2020,2020-06-01,9,0,T,T,T,F,?,F,F,F,F,F,T,?,153
Hausrotschwanz,145,2021,2021-06-13,21,0,T,T,T,F,?,F,?,F,F,F,T,?,164
Hausrotschwanz,146,2021,2021-03-25,0,0,NA,NA,NA,NA,NA,NA,NA,NA,NA,NA,NA,NA,84
Hausrotschwanz,146,2021,2021-04-18,7,0,?,T,?,?,?,?,T,?,?,?,?,?,108
Hausrotschwanz,146,2021,2021-05-09,2,0,?,?,?,?,?,?,T,?,?,?,?,?,129
Hausrotschwanz,146,2021,2021-06-03,5,0,?,T,?,?,?,T,T,?,?,?,?,?,154
Hausrotschwanz,147,2018,2018-03-23,2,0,F,F,F,F,?,F,T,F,F,F,F,?,82
Hausrotschwanz,147,2018,2018-04-28,11,0,F,T,T,F,?,F,T,F,F,F,F,?,118
Hausrotschwanz,147,2018,2018-05-07,8,0,F,T,F,F,?,F,T,F,F,F,F,?,127
Hausrotschwanz,147,2018,2018-06-15,11,0,F,T,T,T,?,F,T,F,F,F,F,?,166
Hausrotschwanz,147,2020,2020-03-19,6,0,F,T,F,F,?,F,F,F,F,F,F,?,79
Hausrotschwanz,147,2020,2020-04-14,9,0,F,T,F,F,?,F,T,F,F,F,F,?,105
Hausrotschwanz,147,2020,2020-05-11,6,0,F,T,T,F,?,F,F,F,F,F,F,?,132
Hausrotschwanz,147,2020,2020-06-02,11,0,F,T,F,F,?,F,F,F,F,F,F,?,154
Hausrotschwanz,147,2021,2021-03-29,6,0,F,T,F,F,?,F,F,F,F,F,F,?,88
Hausrotschwanz,147,2021,2021-04-22,8,0,F,T,T,F,?,F,F,F,F,F,F,?,112
Hausrotschwanz,147,2021,2021-05-10,3,0,F,T,F,F,?,F,F,F,F,F,F,?,130
Hausrotschwanz,147,2021,2021-06-07,4,0,F,T,F,T,?,F,T,F,F,F,F,?,158
Hausrotschwanz,148,2019,2019-03-29,7,0,?,T,F,?,?,?,?,?,?,?,?,?,88
Hausrotschwanz,148,2019,2019-04-07,14,0,?,T,?,T,?,T,T,?,?,?,F,?,97
Hausrotschwanz,148,2019,2019-05-12,7,0,?,T,F,T,?,T,?,?,?,?,?,?,132
Hausrotschwanz,148,2019,2019-06-09,16,0,?,T,?,?,?,?,T,?,?,?,T,?,160
Hausrotschwanz,148,2020,2020-03-24,4,0,F,T,F,F,?,F,F,F,F,F,F,?,84
Hausrotschwanz,148,2020,2020-04-16,16,0,F,T,F,T,?,T,F,F,F,F,F,?,107
Hausrotschwanz,148,2020,2020-05-07,15,0,F,T,F,F,?,F,T,F,F,F,F,?,128
Hausrotschwanz,148,2020,2020-06-10,10,0,F,T,T,F,?,F,T,F,F,F,F,?,162
Hausrotschwanz,148,2021,2021-03-12,2,0,F,F,F,F,?,F,T,F,F,F,F,?,71
Hausrotschwanz,148,2021,2021-04-08,13,0,F,T,T,F,?,F,T,F,F,F,F,?,98
Hausrotschwanz,148,2021,2021-05-18,14,0,F,T,T,F,?,T,F,F,F,F,F,?,138
Hausrotschwanz,148,2021,2021-06-14,7,0,F,T,T,F,?,F,F,F,F,F,F,?,165
Hausrotschwanz,148,2022,2022-03-11,0,0,NA,NA,NA,NA,NA,NA,NA,NA,NA,NA,NA,NA,70
Hausrotschwanz,148,2022,2022-04-04,5,0,F,T,F,F,F,F,T,F,F,F,F,?,94
Hausrotschwanz,148,2022,2022-05-10,6,0,F,T,T,F,F,T,F,F,F,F,F,?,130
Hausrotschwanz,148,2022,2022-06-01,9,0,F,T,F,F,F,F,F,F,F,F,F,?,152
Hausrotschwanz,148,2023,2023-03-17,0,0,NA,NA,NA,NA,NA,NA,NA,NA,NA,NA,NA,NA,76
Hausrotschwanz,148,2023,2023-04-19,5,0,F,T,F,F,?,F,F,F,F,F,F,?,109
Hausrotschwanz,148,2023,2023-05-15,3,0,F,T,F,F,?,F,F,F,F,F,F,?,135
Hausrotschwanz,148,2023,2023-06-14,8,0,F,T,T,F,?,F,F,F,F,F,F,?,165
Hausrotschwanz,149,2019,2019-03-28,1,0,?,T,?,?,?,?,?,?,?,?,?,?,87
Hausrotschwanz,149,2019,2019-04-15,1,0,?,T,?,?,?,?,?,?,?,?,?,?,105
Hausrotschwanz,149,2019,2019-05-07,3,0,?,T,?,?,?,?,?,?,?,?,?,?,127
Hausrotschwanz,149,2019,2019-05-31,4,0,?,T,?,?,?,?,?,?,?,?,?,?,151
Hausrotschwanz,149,2020,2020-03-19,1,0,F,T,F,F,?,F,F,F,F,F,F,?,79
Hausrotschwanz,149,2020,2020-04-12,2,0,F,T,F,F,?,F,F,F,F,F,F,?,103
Hausrotschwanz,149,2020,2020-05-16,2,0,F,T,F,F,?,F,F,F,F,F,F,?,137
Hausrotschwanz,149,2020,2020-06-03,1,0,F,T,F,F,?,F,F,F,F,F,F,?,155
Hausrotschwanz,149,2022,2022-03-15,0,0,NA,NA,NA,NA,NA,NA,NA,NA,NA,NA,NA,NA,74
Hausrotschwanz,149,2022,2022-04-18,2,0,F,T,F,F,F,F,F,F,F,F,F,?,108
Hausrotschwanz,149,2022,2022-05-06,2,0,F,T,F,F,F,F,F,F,F,F,F,?,126
Hausrotschwanz,149,2022,2022-06-01,1,0,F,T,F,F,F,F,F,F,F,F,F,?,152
Hausrotschwanz,149,2023,2023-03-30,0,0,NA,NA,NA,NA,NA,NA,NA,NA,NA,NA,NA,NA,89
Hausrotschwanz,149,2023,2023-04-09,3,0,F,T,F,F,?,F,F,F,F,F,F,?,99
Hausrotschwanz,149,2023,2023-05-05,3,0,F,T,F,F,?,F,F,F,F,F,F,?,125
Hausrotschwanz,149,2023,2023-05-27,1,0,F,T,F,F,?,F,F,F,F,F,F,?,147
Hausrotschwanz,150,2018,2018-03-30,0,0,NA,NA,NA,NA,NA,NA,NA,NA,NA,NA,NA,NA,89
Hausrotschwanz,150,2018,2018-04-15,1,0,F,T,F,F,?,F,F,F,F,F,F,?,105
Hausrotschwanz,150,2018,2018-05-18,0,0,NA,NA,NA,NA,NA,NA,NA,NA,NA,NA,NA,NA,138
Hausrotschwanz,150,2018,2018-05-27,0,0,NA,NA,NA,NA,NA,NA,NA,NA,NA,NA,NA,NA,147
Hausrotschwanz,150,2018,2019-05-27,0,0,NA,NA,NA,NA,NA,NA,NA,NA,NA,NA,NA,NA,147
Hausrotschwanz,150,2020,2020-03-28,1,0,F,T,F,F,?,F,F,F,F,F,F,?,88
Hausrotschwanz,150,2020,2020-04-18,0,0,NA,NA,NA,NA,NA,NA,NA,NA,NA,NA,NA,NA,109
Hausrotschwanz,150,2020,2020-05-09,1,0,F,T,F,F,?,F,F,F,F,F,F,?,130
Hausrotschwanz,150,2020,2020-05-24,1,0,F,T,F,F,?,F,F,F,F,F,F,?,145
Hausrotschwanz,151,2018,2018-03-25,4,0,F,T,F,F,?,F,T,F,F,F,F,?,84
Hausrotschwanz,151,2018,2018-04-22,13,0,F,T,F,F,?,F,F,F,F,F,F,?,112
Hausrotschwanz,151,2018,2018-05-19,6,0,F,T,T,F,?,F,F,F,F,F,F,?,139
Hausrotschwanz,151,2018,2018-05-31,11,0,F,T,F,F,?,F,F,F,F,F,F,?,151
Hausrotschwanz,151,2020,2020-03-29,16,0,F,T,F,F,?,F,F,F,F,F,F,?,89
Hausrotschwanz,151,2020,2020-04-26,8,0,F,T,T,F,?,F,F,F,F,F,F,?,117
Hausrotschwanz,151,2020,2020-05-10,10,0,F,T,F,F,?,F,F,F,F,F,F,?,131
Hausrotschwanz,151,2020,2020-05-31,14,0,F,T,T,F,?,F,F,F,F,F,F,?,152
Hausrotschwanz,151,2021,2021-06-13,50,0,F,T,F,F,?,T,T,F,T,T,F,?,164
Hausrotschwanz,152,2019,2019-03-20,1,0,?,?,?,?,?,?,?,?,?,?,?,?,79
Hausrotschwanz,152,2019,2019-04-09,4,0,?,T,?,?,?,?,?,?,?,?,?,?,99
Hausrotschwanz,152,2019,2019-05-02,3,0,?,T,?,?,?,?,?,?,?,?,?,?,122
Hausrotschwanz,152,2019,2019-05-27,3,0,?,T,T,?,?,?,?,?,?,?,?,?,147
Hausrotschwanz,152,2020,2020-03-22,1,0,F,T,F,F,?,F,F,F,F,F,F,?,82
Hausrotschwanz,152,2020,2020-04-23,4,0,F,F,T,F,?,F,F,F,F,F,F,?,114
Hausrotschwanz,152,2020,2020-05-18,4,0,F,T,F,F,?,F,F,F,F,F,F,?,139
Hausrotschwanz,152,2020,2020-06-13,3,0,F,T,F,F,?,F,F,F,F,F,F,?,165
Hausrotschwanz,152,2022,2022-03-17,0,0,NA,NA,NA,NA,NA,NA,NA,NA,NA,NA,NA,NA,76
Hausrotschwanz,152,2022,2022-04-20,4,0,F,T,F,F,F,F,F,F,F,F,F,?,110
Hausrotschwanz,152,2022,2022-05-05,3,0,F,T,F,F,F,F,F,F,F,F,F,?,125
Hausrotschwanz,152,2022,2022-04-11,0,0,NA,NA,NA,NA,NA,NA,NA,NA,NA,NA,NA,NA,101
Hausrotschwanz,152,2023,2023-03-13,0,0,NA,NA,NA,NA,NA,NA,NA,NA,NA,NA,NA,NA,72
Hausrotschwanz,152,2023,2023-04-26,3,0,F,T,F,F,?,F,F,F,F,F,F,?,116
Hausrotschwanz,152,2023,2023-05-20,2,0,F,T,F,F,?,F,F,F,F,F,F,?,140
Hausrotschwanz,152,2023,2023-06-08,0,0,NA,NA,NA,NA,NA,NA,NA,NA,NA,NA,NA,NA,159
Hausrotschwanz,154,2019,2019-03-29,1,0,?,T,?,?,?,?,?,?,?,?,?,?,88
Hausrotschwanz,154,2019,2019-04-27,0,0,NA,NA,NA,NA,NA,NA,NA,NA,NA,NA,NA,NA,117
Hausrotschwanz,154,2019,2019-05-12,1,0,?,T,?,?,?,?,?,?,?,?,?,?,132
Hausrotschwanz,154,2019,2019-06-07,2,0,?,T,?,?,?,?,?,?,?,?,?,?,158
Hausrotschwanz,154,2020,2020-03-30,0,0,NA,NA,NA,NA,NA,NA,NA,NA,NA,NA,NA,NA,90
Hausrotschwanz,154,2020,2020-04-25,2,0,F,T,F,F,?,F,F,F,F,F,F,?,116
Hausrotschwanz,154,2020,2020-05-19,1,0,F,T,F,F,?,F,T,F,F,F,F,?,140
Hausrotschwanz,154,2020,2020-06-17,1,0,F,T,F,F,?,F,F,F,F,F,F,?,169
Hausrotschwanz,154,2022,2022-03-25,1,0,F,T,F,F,F,F,F,F,F,F,F,?,84
Hausrotschwanz,154,2022,2022-04-23,2,0,F,T,F,F,F,F,F,F,F,F,F,?,113
Hausrotschwanz,154,2022,2022-05-12,1,0,F,T,F,F,F,F,F,F,F,F,F,?,132
Hausrotschwanz,154,2022,2022-06-10,1,0,F,T,F,F,F,F,F,F,F,F,F,?,161
Hausrotschwanz,154,2022,2022-03-17,0,0,NA,NA,NA,NA,NA,NA,NA,NA,NA,NA,NA,NA,76
Hausrotschwanz,154,2023,2023-03-23,0,0,NA,NA,NA,NA,NA,NA,NA,NA,NA,NA,NA,NA,82
Hausrotschwanz,154,2023,2023-04-26,2,0,F,T,F,F,?,F,F,F,F,F,F,?,116
Hausrotschwanz,154,2023,2023-05-16,0,0,NA,NA,NA,NA,NA,NA,NA,NA,NA,NA,NA,NA,136
Hausrotschwanz,154,2023,2023-06-15,2,0,F,T,F,F,?,F,F,F,F,F,F,?,166
Hausrotschwanz,156,2019,2019-03-23,3,0,?,?,T,?,?,T,?,?,?,?,?,?,82
Hausrotschwanz,156,2019,2019-04-23,4,0,?,T,?,?,?,?,?,?,?,?,?,?,113
Hausrotschwanz,156,2019,2019-05-09,4,0,?,T,?,?,?,?,?,?,?,?,?,?,129
Hausrotschwanz,156,2019,2019-06-01,3,0,?,T,?,?,?,?,?,?,?,?,?,?,152
Hausrotschwanz,156,2020,2020-03-20,3,0,F,T,F,F,?,F,F,F,F,F,F,?,80
Hausrotschwanz,156,2020,2020-04-06,4,0,F,T,F,F,?,F,F,F,F,F,F,?,97
Hausrotschwanz,156,2020,2020-05-04,2,0,F,T,F,F,?,F,F,F,F,F,F,?,125
Hausrotschwanz,156,2020,2020-06-13,2,0,F,T,F,F,?,F,F,F,F,F,F,?,165
Hausrotschwanz,156,2022,2022-03-22,2,0,F,T,F,F,F,F,F,F,F,F,F,?,81
Hausrotschwanz,156,2022,2022-04-21,5,0,F,T,F,F,F,F,F,F,F,F,F,?,111
Hausrotschwanz,156,2022,2022-05-10,4,0,F,T,F,F,F,F,F,F,F,F,F,?,130
Hausrotschwanz,156,2022,2022-05-31,2,0,F,T,F,F,F,F,F,F,F,F,F,?,151
Hausrotschwanz,156,2023,2023-03-23,1,0,F,T,F,F,?,F,F,F,F,F,F,?,82
Hausrotschwanz,156,2023,2023-04-28,3,0,F,T,F,F,?,F,F,F,F,F,F,?,118
Hausrotschwanz,156,2023,2023-05-13,4,0,F,T,F,F,?,F,F,F,F,F,F,?,133
Hausrotschwanz,156,2023,2023-06-14,2,0,F,T,F,F,?,F,F,F,F,F,F,?,165
Hausrotschwanz,157,2019,2019-03-24,4,0,?,T,?,?,?,?,?,?,?,?,?,?,83
Hausrotschwanz,157,2019,2019-04-24,3,0,?,T,?,?,?,?,?,?,?,?,?,?,114
Hausrotschwanz,157,2019,2019-05-17,2,0,?,?,?,?,?,?,?,?,?,?,?,?,137
Hausrotschwanz,157,2019,2019-06-02,3,0,?,T,?,?,?,?,?,?,?,?,?,?,153
Hausrotschwanz,157,2020,2020-03-24,1,0,F,T,F,F,?,F,F,F,F,F,F,?,84
Hausrotschwanz,157,2020,2020-04-24,5,0,F,T,F,F,?,F,F,F,F,F,F,?,115
Hausrotschwanz,157,2020,2020-05-18,5,0,F,T,F,F,?,F,F,F,F,F,F,?,139
Hausrotschwanz,157,2020,2020-06-20,4,0,F,T,F,F,?,F,F,F,F,F,F,?,172
Hausrotschwanz,157,2022,2022-03-17,2,0,F,T,F,F,F,F,F,F,F,F,F,?,76
Hausrotschwanz,157,2022,2022-04-20,7,0,F,T,F,F,F,F,F,F,F,F,F,?,110
Hausrotschwanz,157,2022,2022-05-05,6,0,F,T,F,F,F,F,F,F,F,F,F,?,125
Hausrotschwanz,157,2022,2022-05-24,5,0,F,T,F,F,F,F,F,F,F,F,F,?,144
Hausrotschwanz,157,2023,2023-03-24,4,0,F,T,F,F,?,F,F,F,F,F,F,?,83
Hausrotschwanz,157,2023,2023-04-19,4,0,F,T,F,F,?,F,F,F,F,F,F,?,109
Hausrotschwanz,157,2023,2023-05-10,3,0,F,T,F,F,?,F,F,F,F,F,F,?,130
Hausrotschwanz,157,2023,2023-05-25,3,0,F,T,F,F,?,F,F,F,F,F,F,?,145
Hausrotschwanz,158,2019,2019-03-28,9,0,?,T,T,?,?,?,T,?,?,?,?,?,87
Hausrotschwanz,158,2019,2019-04-19,10,0,?,T,T,?,?,T,T,?,?,?,?,?,109
Hausrotschwanz,158,2019,2019-05-09,3,0,?,T,T,?,?,?,?,?,?,?,?,?,129
Hausrotschwanz,158,2019,2019-06-03,8,0,?,T,T,T,?,?,?,?,?,?,?,?,154
Hausrotschwanz,158,2020,2020-03-18,9,0,F,T,F,F,?,F,F,F,F,F,F,?,78
Hausrotschwanz,158,2020,2020-04-07,18,0,F,T,T,F,?,F,T,F,F,F,F,?,98
Hausrotschwanz,158,2020,2020-05-15,7,0,F,T,T,T,?,F,F,F,F,F,F,?,136
Hausrotschwanz,158,2020,2020-06-04,14,0,F,T,T,T,?,T,T,F,F,F,F,?,156
Hausrotschwanz,158,2021,2021-03-11,0,0,NA,NA,NA,NA,NA,NA,NA,NA,NA,NA,NA,NA,70
Hausrotschwanz,158,2021,2021-04-13,11,0,F,T,T,F,?,T,F,F,F,F,F,?,103
Hausrotschwanz,158,2021,2021-05-04,2,0,F,T,T,F,?,F,F,F,F,F,F,?,124
Hausrotschwanz,158,2021,2021-06-15,3,0,F,T,F,F,?,F,F,F,F,F,F,?,166
Hausrotschwanz,158,2022,2022-03-17,0,0,NA,NA,NA,NA,NA,NA,NA,NA,NA,NA,NA,NA,76
Hausrotschwanz,158,2022,2022-04-21,3,0,F,T,T,F,F,F,F,F,F,F,F,?,111
Hausrotschwanz,158,2022,2022-05-03,6,0,F,T,T,T,F,F,F,F,F,F,F,?,123
Hausrotschwanz,158,2022,2022-06-05,6,0,F,T,T,F,F,F,F,F,F,F,F,?,156
Hausrotschwanz,158,2023,2023-03-24,10,0,F,T,T,F,?,F,F,F,F,F,F,?,83
Hausrotschwanz,158,2023,2023-04-12,6,0,F,T,T,F,?,F,F,F,F,F,F,?,102
Hausrotschwanz,158,2023,2023-05-04,8,0,F,T,T,F,?,T,F,F,F,F,F,?,124
Hausrotschwanz,158,2023,2023-06-15,9,0,F,T,T,F,?,F,F,F,F,F,F,?,166
Hausrotschwanz,160,2019,2019-03-29,2,0,?,T,?,?,?,?,?,?,?,?,?,?,88
Hausrotschwanz,160,2019,2019-04-20,3,0,?,T,?,?,?,?,?,?,?,?,?,?,110
Hausrotschwanz,160,2019,2019-05-10,2,0,?,T,?,?,?,T,?,?,?,?,?,?,130
Hausrotschwanz,160,2019,2019-06-04,4,0,?,T,?,?,?,?,?,?,?,?,?,?,155
Hausrotschwanz,160,2020,2020-03-19,4,0,F,T,F,F,?,F,T,F,F,F,F,?,79
Hausrotschwanz,160,2020,2020-04-06,7,0,F,T,T,F,?,F,T,F,F,F,F,?,97
Hausrotschwanz,160,2020,2020-05-18,1,0,F,T,F,F,?,F,F,F,F,F,F,?,139
Hausrotschwanz,160,2020,2020-06-03,0,0,NA,NA,NA,NA,NA,NA,NA,NA,NA,NA,NA,NA,155
Hausrotschwanz,160,2021,2021-03-13,1,0,F,F,F,F,?,F,T,F,F,F,F,?,72
Hausrotschwanz,160,2021,2021-04-14,3,0,F,T,F,F,?,F,F,F,F,F,F,?,104
Hausrotschwanz,160,2021,2021-05-05,4,0,F,T,T,F,?,F,F,F,F,F,F,?,125
Hausrotschwanz,160,2021,2021-06-16,5,0,F,T,T,F,?,F,T,F,F,F,F,?,167
Hausrotschwanz,160,2022,2022-03-18,0,0,NA,NA,NA,NA,NA,NA,NA,NA,NA,NA,NA,NA,77
Hausrotschwanz,160,2022,2022-04-20,4,0,F,T,F,F,F,F,T,F,F,F,F,?,110
Hausrotschwanz,160,2022,2022-05-02,3,0,F,F,T,F,F,F,F,F,F,F,F,?,122
Hausrotschwanz,160,2022,2022-06-06,3,0,F,T,T,F,F,F,F,F,F,F,F,?,157
Hausrotschwanz,160,2023,2023-03-23,3,0,F,T,F,F,?,F,F,F,F,F,F,?,82
Hausrotschwanz,160,2023,2023-04-11,0,0,NA,NA,NA,NA,NA,NA,NA,NA,NA,NA,NA,NA,101
Hausrotschwanz,160,2023,2023-05-08,3,0,F,F,T,F,?,F,F,F,F,F,F,?,128
Hausrotschwanz,160,2023,2023-06-16,3,0,F,T,F,F,?,F,F,F,F,F,F,?,167
Hausrotschwanz,161,2018,2018-03-11,0,0,NA,NA,NA,NA,NA,NA,NA,NA,NA,NA,NA,NA,70
Hausrotschwanz,161,2018,2018-04-08,19,0,F,T,F,F,?,F,T,F,F,F,F,?,98
Hausrotschwanz,161,2018,2018-05-06,10,0,F,T,F,F,?,F,F,F,F,F,F,?,126
Hausrotschwanz,161,2018,2018-06-24,11,0,F,T,F,F,?,F,T,F,F,F,T,?,175
Hausrotschwanz,161,2021,2021-03-28,7,0,?,T,?,?,?,?,?,?,?,?,?,?,87
Hausrotschwanz,161,2021,2021-04-18,10,0,?,T,?,?,?,?,T,?,?,?,?,?,108
Hausrotschwanz,161,2021,2021-05-01,12,0,?,T,?,?,?,?,T,?,?,?,?,?,121
Hausrotschwanz,161,2021,2021-06-03,6,0,?,T,?,?,?,?,?,?,?,?,?,?,154
Hausrotschwanz,162,2019,2019-05-18,6,0,?,T,?,?,?,?,?,?,?,?,?,?,138
Hausrotschwanz,162,2019,2019-03-28,7,0,?,T,?,?,?,?,?,?,?,?,?,?,87
Hausrotschwanz,162,2019,2019-06-08,5,0,?,T,?,?,?,?,?,?,?,?,?,?,159
Hausrotschwanz,162,2019,2019-04-26,4,0,?,T,?,?,?,?,?,?,?,?,?,?,116
Hausrotschwanz,162,2020,2020-03-19,4,0,F,T,F,F,?,F,F,F,F,F,F,?,79
Hausrotschwanz,162,2020,2020-05-06,6,0,F,T,F,F,?,F,F,F,F,F,F,?,127
Hausrotschwanz,162,2020,2020-04-18,8,0,F,T,F,F,?,F,F,F,F,F,F,?,109
Hausrotschwanz,162,2020,2020-06-12,7,0,F,T,F,F,?,F,F,F,F,F,F,?,164
Hausrotschwanz,162,2022,2022-05-18,7,0,F,T,F,F,F,F,F,F,F,F,F,?,138
Hausrotschwanz,162,2022,2022-06-13,6,0,F,T,F,F,F,F,F,F,F,F,F,?,164
Hausrotschwanz,162,2022,2022-03-22,6,0,F,T,F,F,F,F,F,F,F,F,F,?,81
Hausrotschwanz,162,2022,2022-04-29,5,0,F,T,F,F,F,F,F,F,F,F,F,?,119
Hausrotschwanz,162,2023,2023-05-18,6,0,F,T,F,F,?,F,F,F,F,F,F,?,138
Hausrotschwanz,162,2023,2023-06-17,7,0,F,T,F,F,?,F,F,F,F,F,F,?,168
Hausrotschwanz,162,2023,2023-03-17,0,0,NA,NA,NA,NA,NA,NA,NA,NA,NA,NA,NA,NA,76
Hausrotschwanz,162,2023,2023-04-20,8,0,F,T,F,F,?,F,F,F,F,F,F,?,110
Hausrotschwanz,164,2020,2020-03-15,1,0,F,F,T,F,F,F,F,F,F,F,F,?,75
Hausrotschwanz,164,2020,2020-04-07,3,0,F,T,F,F,F,F,F,F,F,F,F,?,98
Hausrotschwanz,164,2020,2020-05-04,0,0,NA,NA,NA,NA,NA,NA,NA,NA,NA,NA,NA,NA,125
Hausrotschwanz,164,2020,2020-06-09,3,0,F,T,F,F,F,F,F,F,F,F,F,?,161
Hausrotschwanz,164,2021,2021-03-11,0,0,NA,NA,NA,NA,NA,NA,NA,NA,NA,NA,NA,NA,70
Hausrotschwanz,164,2021,2021-04-07,0,0,NA,NA,NA,NA,NA,NA,NA,NA,NA,NA,NA,NA,97
Hausrotschwanz,164,2021,2021-05-04,1,0,?,T,?,?,?,?,?,?,?,?,?,?,124
Hausrotschwanz,164,2021,2021-05-21,2,0,?,T,?,?,?,?,?,?,?,?,?,?,141
Hausrotschwanz,164,2022,2022-03-24,2,0,F,T,F,F,F,F,F,F,F,F,F,?,83
Hausrotschwanz,164,2022,2022-04-13,1,0,F,T,F,F,F,F,F,F,F,F,F,?,103
Hausrotschwanz,164,2022,2022-05-12,0,0,NA,NA,NA,NA,NA,NA,NA,NA,NA,NA,NA,NA,132
Hausrotschwanz,164,2022,2022-06-07,0,0,NA,NA,NA,NA,NA,NA,NA,NA,NA,NA,NA,NA,158
Hausrotschwanz,164,2023,2023-03-20,1,0,F,T,F,F,F,F,F,F,F,F,F,?,79
Hausrotschwanz,164,2023,2023-04-18,0,0,NA,NA,NA,NA,NA,NA,NA,NA,NA,NA,NA,NA,108
Hausrotschwanz,164,2023,2023-06-20,0,0,NA,NA,NA,NA,NA,NA,NA,NA,NA,NA,NA,NA,171
Hausrotschwanz,164,2023,2023-05-17,2,0,F,T,F,F,F,F,F,F,F,F,F,?,137
Hausrotschwanz,165,2019,2019-03-13,2,0,?,T,?,?,?,?,?,?,?,?,?,?,72
Hausrotschwanz,165,2019,2019-04-18,15,0,?,T,?,?,?,?,?,?,?,?,?,?,108
Hausrotschwanz,165,2019,2019-05-10,8,0,?,T,?,?,?,?,?,?,?,?,?,?,130
Hausrotschwanz,165,2019,2019-06-05,7,0,?,T,?,?,?,?,?,?,?,?,?,?,156
Hausrotschwanz,165,2020,2020-03-19,9,0,F,T,F,F,F,F,F,F,F,F,F,?,79
Hausrotschwanz,165,2020,2020-04-17,21,0,F,T,F,F,F,F,F,F,F,F,F,?,108
Hausrotschwanz,165,2020,2020-05-13,17,0,F,T,F,F,F,F,F,F,F,F,F,?,134
Hausrotschwanz,165,2020,2020-06-07,11,0,F,T,F,F,F,F,F,F,F,F,F,?,159
Hausrotschwanz,165,2021,2021-03-23,0,0,NA,NA,NA,NA,NA,NA,NA,NA,NA,NA,NA,NA,82
Hausrotschwanz,165,2021,2021-04-13,7,0,?,T,?,?,?,?,?,?,?,?,?,?,103
Hausrotschwanz,165,2021,2021-05-06,7,0,?,T,?,?,?,?,?,?,?,?,?,?,126
Hausrotschwanz,165,2021,2021-06-07,8,0,T,T,?,T,?,?,T,?,T,?,T,?,158
Hausrotschwanz,165,2022,2022-03-24,4,0,F,T,F,F,F,F,F,F,F,F,F,?,83
Hausrotschwanz,165,2022,2022-04-13,8,0,F,T,F,T,F,F,F,T,F,F,F,?,103
Hausrotschwanz,165,2022,2022-05-12,3,0,F,T,F,F,F,F,F,F,F,F,F,?,132
Hausrotschwanz,165,2022,2022-06-07,4,0,F,T,F,T,F,F,F,F,F,F,F,?,158
Hausrotschwanz,165,2023,2023-03-15,0,0,NA,NA,NA,NA,NA,NA,NA,NA,NA,NA,NA,NA,74
Hausrotschwanz,165,2023,2023-04-19,7,0,F,T,F,F,F,F,F,F,F,F,F,?,109
Hausrotschwanz,165,2023,2023-05-03,1,0,F,T,F,F,F,F,F,F,F,F,F,?,123
Hausrotschwanz,166,2018,2018-03-11,2,0,F,T,F,F,?,F,F,F,F,F,F,?,70
Hausrotschwanz,166,2018,2018-04-03,6,0,F,T,F,F,?,F,F,F,F,F,F,?,93
Hausrotschwanz,166,2018,2018-05-05,4,0,F,T,F,F,?,F,F,F,F,F,F,?,125
Hausrotschwanz,166,2018,2018-05-29,10,0,F,T,F,F,?,F,F,F,F,F,F,?,149
Hausrotschwanz,166,2020,2020-03-14,1,0,F,F,F,F,?,F,F,F,F,F,F,?,74
Hausrotschwanz,166,2020,2020-04-01,7,0,F,T,F,F,?,F,F,F,F,F,F,?,92
Hausrotschwanz,166,2020,2020-04-23,7,0,F,T,F,F,?,T,F,F,F,F,F,?,114
Hausrotschwanz,166,2020,2020-05-24,14,0,F,T,T,F,?,T,F,F,F,F,F,?,145
Hausrotschwanz,166,2021,2021-04-11,9,0,F,T,T,F,?,F,F,F,F,F,F,?,101
Hausrotschwanz,166,2021,2021-06-04,12,0,F,T,T,F,?,F,F,F,T,F,F,?,155
Hausrotschwanz,166,2021,2021-03-21,0,0,NA,NA,NA,NA,NA,NA,NA,NA,NA,NA,NA,NA,80
Hausrotschwanz,166,2021,2021-05-14,10,0,F,T,F,F,?,F,F,F,F,F,F,?,134
Hausrotschwanz,168,2019,2019-03-25,3,0,?,T,?,?,?,?,?,?,?,?,?,?,84
Hausrotschwanz,168,2019,2019-04-25,2,0,?,T,?,?,?,?,?,?,?,?,?,?,115
Hausrotschwanz,168,2019,2019-05-15,1,0,?,T,?,?,?,?,?,?,?,?,?,?,135
Hausrotschwanz,168,2019,2019-06-07,1,0,?,T,?,?,?,?,?,?,?,?,?,?,158
Hausrotschwanz,168,2020,2020-03-21,1,0,F,T,F,F,F,F,F,F,F,F,F,?,81
Hausrotschwanz,168,2020,2020-04-18,2,0,F,T,F,F,F,F,F,F,F,F,F,?,109
Hausrotschwanz,168,2020,2020-05-17,1,0,F,T,F,F,F,F,F,F,F,F,F,?,138
Hausrotschwanz,168,2020,2020-06-08,3,0,F,T,F,F,F,F,F,F,F,F,F,?,160
Hausrotschwanz,168,2021,2021-03-27,3,0,?,T,?,?,?,?,?,?,?,?,?,?,86
Hausrotschwanz,168,2021,2021-04-23,4,0,?,T,?,?,?,?,?,?,?,?,?,?,113
Hausrotschwanz,168,2021,2021-05-20,4,0,?,T,?,?,?,?,?,?,?,?,?,?,140
Hausrotschwanz,168,2021,2021-06-04,5,0,?,T,?,?,?,?,?,?,?,?,?,?,155
Hausrotschwanz,168,2022,2022-03-24,0,0,NA,NA,NA,NA,NA,NA,NA,NA,NA,NA,NA,NA,83
Hausrotschwanz,168,2022,2022-04-26,1,0,F,T,F,F,F,F,F,F,F,F,F,?,116
Hausrotschwanz,168,2022,2022-05-13,2,0,F,T,F,F,F,F,F,F,F,F,F,?,133
Hausrotschwanz,168,2022,2022-06-01,0,0,NA,NA,NA,NA,NA,NA,NA,NA,NA,NA,NA,NA,152
Hausrotschwanz,168,2023,2023-03-16,0,0,NA,NA,NA,NA,NA,NA,NA,NA,NA,NA,NA,NA,75
Hausrotschwanz,168,2023,2023-04-05,0,0,NA,NA,NA,NA,NA,NA,NA,NA,NA,NA,NA,NA,95
Hausrotschwanz,168,2023,2023-05-09,1,0,F,T,F,F,F,F,F,F,F,F,F,?,129
Hausrotschwanz,168,2023,2023-06-01,1,0,F,T,F,F,F,F,F,F,F,F,F,?,152
Hausrotschwanz,170,2019,2019-03-11,1,0,?,?,?,?,?,?,?,?,?,?,?,?,70
Hausrotschwanz,170,2019,2019-04-15,1,0,?,T,?,?,?,?,?,?,?,?,?,?,105
Hausrotschwanz,170,2019,2019-05-06,1,0,?,T,?,?,?,?,?,?,?,?,?,?,126
Hausrotschwanz,170,2019,2019-05-21,0,0,NA,NA,NA,NA,NA,NA,NA,NA,NA,NA,NA,NA,141
Hausrotschwanz,170,2020,2020-03-13,0,0,NA,NA,NA,NA,NA,NA,NA,NA,NA,NA,NA,NA,73
Hausrotschwanz,170,2020,2020-04-01,3,0,F,T,F,F,F,F,F,F,F,F,F,?,92
Hausrotschwanz,170,2020,2020-05-02,3,0,F,T,F,F,F,F,F,F,F,F,F,?,123
Hausrotschwanz,170,2020,2020-05-22,0,0,NA,NA,NA,NA,NA,NA,NA,NA,NA,NA,NA,NA,143
Hausrotschwanz,170,2021,2021-03-16,3,0,?,?,?,?,?,?,?,?,?,?,?,?,75
Hausrotschwanz,170,2021,2021-04-10,3,0,?,T,T,?,?,?,?,?,?,?,?,?,100
Hausrotschwanz,170,2021,2021-05-02,4,0,?,T,?,?,?,?,?,?,?,?,?,?,122
Hausrotschwanz,170,2021,2021-05-29,1,0,?,T,?,?,?,?,?,?,?,?,?,?,149
Hausrotschwanz,170,2022,2022-03-17,1,0,F,T,F,F,F,F,F,F,F,F,F,?,76
Hausrotschwanz,170,2022,2022-04-26,0,0,NA,NA,NA,NA,NA,NA,NA,NA,NA,NA,NA,NA,116
Hausrotschwanz,170,2022,2022-05-18,0,0,NA,NA,NA,NA,NA,NA,NA,NA,NA,NA,NA,NA,138
Hausrotschwanz,170,2022,2022-06-01,0,0,NA,NA,NA,NA,NA,NA,NA,NA,NA,NA,NA,NA,152
Hausrotschwanz,170,2023,2023-03-15,0,0,NA,NA,NA,NA,NA,NA,NA,NA,NA,NA,NA,NA,74
Hausrotschwanz,170,2023,2023-06-16,0,0,NA,NA,NA,NA,NA,NA,NA,NA,NA,NA,NA,NA,167
Hausrotschwanz,170,2023,2023-05-11,0,0,NA,NA,NA,NA,NA,NA,NA,NA,NA,NA,NA,NA,131
Hausrotschwanz,170,2023,2023-04-04,1,0,F,T,F,F,F,F,F,F,F,F,F,?,94
Hausrotschwanz,172,2021,2021-03-26,0,0,NA,NA,NA,NA,NA,NA,NA,NA,NA,NA,NA,NA,85
Hausrotschwanz,172,2021,2021-04-21,0,0,NA,NA,NA,NA,NA,NA,NA,NA,NA,NA,NA,NA,111
Hausrotschwanz,172,2021,2021-05-13,1,0,F,T,F,F,?,F,F,F,F,F,F,?,133
Hausrotschwanz,172,2021,2021-06-01,0,0,NA,NA,NA,NA,NA,NA,NA,NA,NA,NA,NA,NA,152
Hausrotschwanz,176,2018,2018-03-25,2,0,?,T,F,F,?,F,F,F,F,F,F,?,84
Hausrotschwanz,176,2018,2018-04-21,9,0,?,T,T,T,T,F,T,F,F,F,F,?,111
Hausrotschwanz,176,2018,2018-05-09,7,0,?,T,F,F,?,F,F,F,F,F,F,?,129
Hausrotschwanz,176,2018,2018-06-03,8,0,?,T,F,T,?,F,F,F,F,F,T,?,154
Hausrotschwanz,176,2020,2020-03-28,11,0,F,T,F,F,?,F,F,F,F,F,F,?,88
Hausrotschwanz,176,2020,2020-04-27,9,0,F,T,F,F,?,F,F,F,F,F,F,?,118
Hausrotschwanz,176,2020,2020-05-07,11,0,F,T,T,F,?,F,F,F,F,F,F,?,128
Hausrotschwanz,176,2020,2020-05-31,10,0,F,T,T,T,?,F,T,F,T,F,F,?,152
Hausrotschwanz,176,2021,2021-03-31,14,0,?,T,?,?,?,T,T,?,?,?,?,?,90
Hausrotschwanz,176,2021,2021-04-26,7,0,?,T,?,?,?,?,?,?,?,?,?,?,116
Hausrotschwanz,176,2021,2021-05-19,6,0,?,T,?,?,?,?,?,?,?,?,?,?,139
Hausrotschwanz,176,2021,2021-05-31,8,0,?,T,T,?,?,?,?,?,?,?,?,?,151
Hausrotschwanz,179,2018,2018-03-21,4,0,?,T,F,F,?,F,F,F,F,F,F,?,80
Hausrotschwanz,179,2018,2018-04-16,5,0,?,T,F,F,?,F,F,F,F,F,F,?,106
Hausrotschwanz,179,2018,2018-05-15,5,0,?,T,F,F,?,F,F,F,F,F,F,?,135
Hausrotschwanz,179,2018,2018-06-08,4,0,?,T,F,F,?,F,F,F,F,F,F,?,159
Hausrotschwanz,179,2018,2019-03-21,0,0,NA,NA,NA,NA,NA,NA,NA,NA,NA,NA,NA,NA,80
Hausrotschwanz,179,2020,2020-03-14,4,0,F,T,F,F,?,F,F,F,F,F,F,?,74
Hausrotschwanz,179,2020,2020-04-10,9,0,F,T,F,T,T,F,F,F,F,F,F,?,101
Hausrotschwanz,179,2020,2020-05-09,4,0,F,T,F,F,?,F,T,F,F,F,F,?,130
Hausrotschwanz,179,2020,2020-06-01,4,0,F,T,F,F,?,F,F,F,T,F,F,?,153
Hausrotschwanz,179,2021,2021-03-20,1,0,F,F,F,F,?,F,F,F,F,F,F,?,79
Hausrotschwanz,179,2021,2021-04-13,8,0,F,T,F,F,?,F,T,F,F,F,F,?,103
Hausrotschwanz,179,2021,2021-05-21,5,0,F,T,F,F,?,F,T,F,F,F,F,?,141
Hausrotschwanz,179,2021,2021-06-13,3,0,F,T,F,F,?,T,F,F,F,F,T,?,164
Hausrotschwanz,180,2020,2019-03-24,5,0,F,T,F,F,?,F,F,F,F,F,F,?,83
Hausrotschwanz,180,2020,2019-04-07,5,0,F,T,T,F,?,F,F,F,F,F,F,?,97
Hausrotschwanz,180,2020,2019-05-18,2,0,F,F,T,F,?,F,F,F,F,F,F,?,138
Hausrotschwanz,180,2020,2019-06-15,2,0,F,T,F,F,?,F,F,F,F,F,F,?,166
Hausrotschwanz,180,2020,2020-03-28,0,0,NA,NA,NA,NA,NA,NA,NA,NA,NA,NA,NA,NA,88
Hausrotschwanz,180,2020,2020-04-19,1,0,F,T,F,F,?,F,F,F,F,F,F,?,110
Hausrotschwanz,180,2020,2020-05-17,2,0,F,T,F,F,?,F,F,F,F,F,F,?,138
Hausrotschwanz,180,2020,2020-05-31,5,0,F,F,F,F,?,F,F,F,F,F,F,?,152
Hausrotschwanz,180,2021,2021-03-28,8,0,F,T,?,?,?,?,T,?,?,?,?,?,87
Hausrotschwanz,180,2021,2021-04-17,6,0,F,T,?,?,?,T,T,?,?,?,?,?,107
Hausrotschwanz,180,2021,2021-05-15,1,0,F,?,?,?,?,?,F,?,?,?,?,?,135
Hausrotschwanz,180,2021,2021-06-13,1,0,F,T,?,?,?,?,F,?,?,?,?,?,164
Hausrotschwanz,181,2020,2020-03-19,3,0,F,F,F,F,?,F,F,F,F,F,F,?,79
Hausrotschwanz,181,2020,2020-04-24,1,0,F,T,F,F,?,F,F,F,F,F,F,?,115
Hausrotschwanz,181,2020,2020-05-20,0,0,NA,NA,NA,NA,NA,NA,NA,NA,NA,NA,NA,NA,141
Hausrotschwanz,181,2020,2020-06-19,1,0,F,F,F,F,?,T,F,F,F,F,F,?,171
Hausrotschwanz,181,2021,2021-03-31,0,0,NA,NA,NA,NA,NA,NA,NA,NA,NA,NA,NA,NA,90
Hausrotschwanz,181,2021,2021-04-07,0,0,NA,NA,NA,NA,NA,NA,NA,NA,NA,NA,NA,NA,97
Hausrotschwanz,181,2021,2021-05-24,1,0,F,F,F,F,?,T,?,F,F,F,F,?,144
Hausrotschwanz,182,2018,2018-03-14,0,0,NA,NA,NA,NA,NA,NA,NA,NA,NA,NA,NA,NA,73
Hausrotschwanz,182,2018,2018-04-11,2,0,?,T,F,F,?,F,F,F,F,F,F,?,101
Hausrotschwanz,182,2018,2018-05-11,2,0,?,T,F,F,?,F,F,F,F,F,F,?,131
Hausrotschwanz,182,2018,2018-06-02,1,0,?,T,F,T,?,F,F,F,F,F,F,?,153
Hausrotschwanz,182,2020,2020-03-26,2,0,F,T,F,F,?,F,F,F,F,F,F,?,86
Hausrotschwanz,182,2020,2020-04-25,6,0,F,T,T,F,?,F,F,F,F,F,F,?,116
Hausrotschwanz,182,2020,2020-05-16,5,0,F,T,F,F,?,F,F,F,F,F,F,?,137
Hausrotschwanz,182,2020,2020-05-25,5,0,F,T,F,F,?,F,F,F,F,F,F,?,146
Hausrotschwanz,182,2021,2021-03-30,6,0,F,T,F,F,?,F,F,F,F,F,F,?,89
Hausrotschwanz,182,2021,2021-04-25,1,0,F,T,F,F,?,F,F,F,F,F,F,?,115
Hausrotschwanz,182,2021,2021-05-10,4,0,F,T,F,F,?,F,F,F,F,F,F,?,130
Hausrotschwanz,182,2021,2021-05-30,3,0,F,T,F,F,?,F,F,F,F,F,F,?,150
Hausrotschwanz,182,2021,2021-06-20,0,0,NA,NA,NA,NA,NA,NA,NA,NA,NA,NA,NA,NA,171
Hausrotschwanz,184,2018,2018-03-26,3,0,?,T,F,F,?,F,F,F,F,F,F,?,85
Hausrotschwanz,184,2018,2018-04-15,2,0,?,T,F,F,?,F,F,F,F,F,F,?,105
Hausrotschwanz,184,2018,2018-05-12,4,0,?,T,F,F,?,F,F,F,F,F,F,?,132
Hausrotschwanz,184,2018,2018-06-16,2,0,?,T,T,F,?,F,F,F,F,F,F,?,167
Hausrotschwanz,184,2020,2020-03-19,1,0,F,T,F,F,?,F,F,F,F,F,F,?,79
Hausrotschwanz,184,2020,2020-04-10,6,0,F,T,F,F,?,F,F,F,F,F,F,?,101
Hausrotschwanz,184,2020,2020-05-10,3,0,F,T,F,T,?,F,F,F,F,F,F,?,131
Hausrotschwanz,184,2020,2020-06-14,4,0,F,T,F,F,?,F,F,F,F,F,F,?,166
Hausrotschwanz,184,2021,2021-03-28,4,0,F,T,F,F,?,F,F,F,F,F,F,?,87
Hausrotschwanz,184,2021,2021-04-28,6,0,F,T,F,F,?,F,F,F,F,F,F,?,118
Hausrotschwanz,184,2021,2021-05-24,5,0,F,T,F,T,?,F,T,F,F,F,F,?,144
Hausrotschwanz,184,2021,2021-06-13,5,0,F,T,F,F,?,T,F,F,F,F,F,?,164
Hausrotschwanz,186,2020,2020-03-13,1,0,F,T,F,F,F,F,F,F,F,F,F,?,73
Hausrotschwanz,186,2020,2020-04-03,9,0,F,T,F,F,F,F,F,F,F,F,F,?,94
Hausrotschwanz,186,2020,2020-05-01,7,0,F,T,F,F,F,F,F,F,F,F,F,?,122
Hausrotschwanz,186,2020,2020-05-25,9,0,F,T,F,F,F,F,F,F,F,F,F,?,146
Hausrotschwanz,186,2021,2021-03-10,0,0,NA,NA,NA,NA,NA,NA,NA,NA,NA,NA,NA,NA,69
Hausrotschwanz,186,2021,2021-04-02,12,0,?,T,?,?,?,?,?,?,?,?,?,?,92
Hausrotschwanz,186,2021,2021-05-04,8,0,?,T,?,?,?,?,?,?,?,?,?,?,124
Hausrotschwanz,186,2021,2021-06-08,3,0,?,T,T,T,?,?,?,?,?,?,?,?,159
Hausrotschwanz,186,2022,2022-03-30,7,0,F,T,F,F,F,F,F,F,F,F,F,?,89
Hausrotschwanz,186,2022,2022-04-27,3,0,F,T,F,F,F,F,F,T,F,F,F,?,117
Hausrotschwanz,186,2022,2022-05-16,5,0,F,T,F,F,F,F,F,F,F,F,F,?,136
Hausrotschwanz,186,2022,2022-06-15,2,0,F,T,F,F,F,F,F,F,F,F,F,?,166
Hausrotschwanz,186,2023,2023-03-28,3,0,F,T,F,F,F,F,F,F,F,F,F,?,87
Hausrotschwanz,186,2023,2023-04-26,3,0,F,T,F,F,F,F,F,F,F,F,F,?,116
Hausrotschwanz,186,2023,2023-05-17,3,0,F,T,F,F,F,F,F,F,F,F,F,?,137
Hausrotschwanz,187,2020,2020-03-18,0,0,NA,NA,NA,NA,NA,NA,NA,NA,NA,NA,NA,NA,78
Hausrotschwanz,187,2020,2020-04-08,1,0,F,T,F,F,?,F,F,F,F,F,F,?,99
Hausrotschwanz,187,2020,2020-05-09,0,0,NA,NA,NA,NA,NA,NA,NA,NA,NA,NA,NA,NA,130
Hausrotschwanz,187,2020,2020-06-17,0,0,NA,NA,NA,NA,NA,NA,NA,NA,NA,NA,NA,NA,169
Hausrotschwanz,187,2021,2021-03-26,1,0,F,F,F,F,?,F,T,F,F,F,F,?,85
Hausrotschwanz,187,2021,2021-04-22,0,0,NA,NA,NA,NA,NA,NA,NA,NA,NA,NA,NA,NA,112
Hausrotschwanz,187,2021,2021-05-22,0,0,NA,NA,NA,NA,NA,NA,NA,NA,NA,NA,NA,NA,142
Hausrotschwanz,187,2021,2021-06-12,1,0,F,T,F,F,?,F,F,F,F,F,F,?,163
Hausrotschwanz,189,2020,2020-03-12,0,0,NA,NA,NA,NA,NA,NA,NA,NA,NA,NA,NA,NA,72
Hausrotschwanz,189,2020,2020-04-05,8,0,F,T,F,F,F,F,F,F,F,F,F,?,96
Hausrotschwanz,189,2020,2020-05-03,10,0,F,T,F,F,F,F,F,F,F,F,F,?,124
Hausrotschwanz,189,2020,2020-05-31,15,0,F,T,F,F,F,F,F,F,F,F,F,?,152
Hausrotschwanz,189,2021,2021-03-12,0,0,NA,NA,NA,NA,NA,NA,NA,NA,NA,NA,NA,NA,71
Hausrotschwanz,189,2021,2021-04-06,6,0,?,T,T,?,?,?,?,?,?,?,?,?,96
Hausrotschwanz,189,2021,2021-04-30,10,0,?,T,?,?,?,?,?,?,?,?,?,?,120
Hausrotschwanz,189,2021,2021-05-08,11,0,?,T,?,?,?,?,T,?,?,?,?,?,128
Hausrotschwanz,189,2022,2022-03-29,10,0,F,T,T,F,F,F,F,F,F,F,F,?,88
Hausrotschwanz,189,2022,2022-04-27,6,0,F,T,F,F,F,F,F,F,F,F,F,?,117
Hausrotschwanz,189,2022,2022-05-16,6,0,F,T,F,F,F,F,F,F,F,F,F,?,136
Hausrotschwanz,189,2022,2022-06-15,7,0,F,T,F,T,F,F,F,F,F,F,F,?,166
Hausrotschwanz,189,2023,2023-03-15,8,0,F,T,F,F,F,F,F,F,F,F,F,?,74
Hausrotschwanz,189,2023,2023-04-19,2,0,F,T,F,F,F,F,F,F,F,F,F,?,109
Hausrotschwanz,189,2023,2023-05-02,2,0,F,T,F,F,F,F,F,F,F,F,F,?,122
Hausrotschwanz,189,2023,2023-06-15,5,0,F,T,F,F,F,F,F,F,F,F,F,?,166
Hausrotschwanz,191,2018,2018-03-25,3,0,F,T,F,F,?,F,F,F,F,F,F,?,84
Hausrotschwanz,191,2018,2018-04-08,6,0,F,T,F,F,?,F,F,F,F,F,F,?,98
Hausrotschwanz,191,2018,2018-05-06,9,0,F,T,F,F,?,F,F,F,F,T,F,?,126
Hausrotschwanz,191,2018,2018-06-16,1,0,F,F,T,F,?,F,F,F,F,F,F,?,167
Hausrotschwanz,191,2021,2021-03-20,1,0,F,T,?,?,?,?,F,?,?,?,?,?,79
Hausrotschwanz,191,2021,2021-04-11,4,0,F,T,?,?,?,?,F,?,?,?,?,?,101
Hausrotschwanz,191,2021,2021-05-13,4,0,F,T,?,?,?,?,F,?,?,?,?,?,133
Hausrotschwanz,191,2021,2021-06-05,7,0,F,T,?,?,?,?,F,?,?,?,?,?,156
Hausrotschwanz,192,2018,2018-03-14,0,0,NA,NA,NA,NA,NA,NA,NA,NA,NA,NA,NA,NA,73
Hausrotschwanz,192,2018,2018-04-25,0,0,NA,NA,NA,NA,NA,NA,NA,NA,NA,NA,NA,NA,115
Hausrotschwanz,192,2018,2018-05-19,2,0,F,F,F,F,?,F,F,F,F,F,F,?,139
Hausrotschwanz,192,2018,2018-06-20,2,0,F,T,F,F,?,F,F,F,F,F,F,?,171
Hausrotschwanz,192,2020,2020-03-27,4,0,F,T,F,F,?,F,F,F,F,F,F,?,87
Hausrotschwanz,192,2020,2020-04-13,4,0,F,T,F,F,?,F,F,F,F,F,F,?,104
Hausrotschwanz,192,2020,2020-05-17,0,0,NA,NA,NA,NA,NA,NA,NA,NA,NA,NA,NA,NA,138
Hausrotschwanz,192,2020,2020-06-20,0,0,NA,NA,NA,NA,NA,NA,NA,NA,NA,NA,NA,NA,172
Hausrotschwanz,192,2021,2021-03-26,0,0,NA,NA,NA,NA,NA,NA,NA,NA,NA,NA,NA,NA,85
Hausrotschwanz,192,2021,2021-04-25,2,0,F,T,F,F,?,F,T,F,F,F,F,?,115
Hausrotschwanz,192,2021,2021-05-09,4,0,?,T,?,?,T,?,?,?,?,?,?,?,129
Hausrotschwanz,194,2018,2018-03-10,0,0,NA,NA,NA,NA,NA,NA,NA,NA,NA,NA,NA,NA,69
Hausrotschwanz,194,2018,2018-04-02,13,0,?,T,F,F,?,F,F,F,F,F,F,?,92
Hausrotschwanz,194,2018,2018-05-05,10,0,?,T,F,F,?,F,F,F,F,F,F,?,125
Hausrotschwanz,194,2018,2018-05-22,10,0,?,T,F,F,?,F,F,F,F,F,F,?,142
Hausrotschwanz,194,2020,2020-03-20,5,0,F,T,F,F,?,F,F,F,F,F,F,?,80
Hausrotschwanz,194,2020,2020-04-08,17,0,F,T,F,F,?,F,F,F,F,F,F,?,99
Hausrotschwanz,194,2020,2020-05-20,17,0,F,T,F,T,?,F,T,F,T,F,F,?,141
Hausrotschwanz,194,2020,2020-06-05,10,0,F,T,T,F,?,F,F,F,F,F,F,?,157
Hausrotschwanz,196,2018,2018-04-07,9,0,F,T,T,F,?,F,F,F,F,F,F,?,97
Hausrotschwanz,196,2018,2018-05-12,8,0,F,T,F,F,?,F,F,F,F,F,F,?,132
Hausrotschwanz,196,2018,2018-06-02,8,0,F,T,F,F,?,F,T,F,F,F,F,?,153
Hausrotschwanz,196,2020,2020-03-28,10,0,F,T,F,F,?,F,T,F,F,F,F,?,88
Hausrotschwanz,196,2020,2020-04-11,6,0,F,T,F,F,?,F,T,F,F,F,F,?,102
Hausrotschwanz,196,2020,2020-05-02,8,0,F,T,F,F,?,T,F,F,F,F,F,?,123
Hausrotschwanz,196,2020,2020-05-30,10,0,F,T,F,F,?,F,T,F,F,F,T,?,151
Hausrotschwanz,196,2021,2021-03-26,4,0,F,T,F,F,?,F,F,F,F,F,F,?,85
Hausrotschwanz,196,2021,2021-04-17,6,0,F,T,F,F,?,F,F,F,F,F,F,?,107
Hausrotschwanz,196,2021,2021-05-08,3,0,F,T,F,F,?,F,T,F,F,F,F,?,128
Hausrotschwanz,196,2021,2021-05-29,6,0,F,T,F,F,?,F,T,F,F,F,F,?,149
Hausrotschwanz,197,2018,2018-03-16,0,0,NA,NA,NA,NA,NA,NA,NA,NA,NA,NA,NA,NA,75
Hausrotschwanz,197,2018,2018-04-10,4,0,?,T,F,F,?,F,F,F,F,F,F,?,100
Hausrotschwanz,197,2018,2018-05-15,1,0,?,F,T,F,?,F,F,F,F,F,F,?,135
Hausrotschwanz,197,2018,2018-06-06,0,0,NA,NA,NA,NA,NA,NA,NA,NA,NA,NA,NA,NA,157
Hausrotschwanz,197,2020,2020-03-16,0,0,NA,NA,NA,NA,NA,NA,NA,NA,NA,NA,NA,NA,76
Hausrotschwanz,197,2020,2020-04-05,1,0,F,T,F,F,?,F,F,F,F,F,F,?,96
Hausrotschwanz,197,2020,2020-05-06,2,0,F,T,F,F,?,F,F,F,F,F,F,?,127
Hausrotschwanz,197,2020,2020-05-22,1,0,F,T,F,F,?,F,F,F,F,F,F,?,143
Hausrotschwanz,199,2018,2018-03-11,0,0,NA,NA,NA,NA,NA,NA,NA,NA,NA,NA,NA,NA,70
Hausrotschwanz,199,2018,2018-04-23,3,0,F,T,F,F,?,F,F,F,F,F,F,?,113
Hausrotschwanz,199,2018,2018-05-05,8,0,F,T,F,F,?,T,F,F,F,F,F,?,125
Hausrotschwanz,199,2018,2018-06-14,3,0,F,F,T,F,?,F,F,F,F,F,F,?,165
Hausrotschwanz,199,2020,2020-03-28,9,0,F,T,F,F,?,F,F,F,F,F,F,?,88
Hausrotschwanz,199,2020,2020-04-11,10,0,F,T,F,F,?,F,T,F,F,F,F,?,102
Hausrotschwanz,199,2020,2020-05-07,6,0,F,T,F,F,?,F,F,F,F,F,F,?,128
Hausrotschwanz,199,2020,2020-05-26,6,0,F,F,F,F,?,F,T,F,F,F,F,?,147
Hausrotschwanz,199,2021,2021-03-29,15,0,F,T,T,F,?,F,T,F,F,F,F,?,88
Hausrotschwanz,199,2021,2021-04-11,5,0,F,T,F,F,?,F,F,F,F,F,F,?,101
Hausrotschwanz,199,2021,2021-05-08,3,0,F,T,F,F,?,F,F,F,F,F,F,?,128
Hausrotschwanz,199,2021,2021-06-14,7,0,F,T,T,F,?,F,F,F,F,F,F,?,165
Hausrotschwanz,202,2020,2020-03-14,0,0,NA,NA,NA,NA,NA,NA,NA,NA,NA,NA,NA,NA,74
Hausrotschwanz,202,2020,2020-04-02,0,0,NA,NA,NA,NA,NA,NA,NA,NA,NA,NA,NA,NA,93
Hausrotschwanz,202,2020,2020-05-02,2,0,F,T,F,F,?,F,F,F,F,F,F,?,123
Hausrotschwanz,202,2020,2020-06-20,2,0,F,T,F,F,?,F,F,F,T,F,F,?,172
Hausrotschwanz,202,2021,2021-03-24,0,0,NA,NA,NA,NA,NA,NA,NA,NA,NA,NA,NA,NA,83
Hausrotschwanz,202,2021,2021-04-14,2,0,F,T,F,F,?,T,F,F,F,F,F,?,104
Hausrotschwanz,202,2021,2021-05-13,2,0,F,T,F,F,?,F,F,F,F,F,F,?,133
Hausrotschwanz,202,2021,2021-06-02,1,0,F,T,F,F,?,F,F,F,F,F,F,?,153
Hausrotschwanz,203,2020,2020-03-23,8,0,F,T,F,F,?,F,F,F,F,F,F,?,83
Hausrotschwanz,203,2020,2020-04-22,8,0,F,T,T,F,?,T,T,F,F,F,F,?,113
Hausrotschwanz,203,2020,2020-05-13,10,0,F,T,T,F,?,F,F,F,T,F,F,?,134
Hausrotschwanz,203,2020,2020-06-03,4,0,F,T,T,F,?,F,F,F,F,F,F,?,155
Hausrotschwanz,205,2019,2019-04-16,1,0,F,F,F,F,?,F,F,F,F,F,F,?,106
Hausrotschwanz,205,2019,2019-06-14,1,0,F,F,F,F,?,F,F,F,F,F,F,?,165
Hausrotschwanz,205,2019,2019-03-25,0,0,NA,NA,NA,NA,NA,NA,NA,NA,NA,NA,NA,NA,84
Hausrotschwanz,205,2019,2019-05-16,0,0,NA,NA,NA,NA,NA,NA,NA,NA,NA,NA,NA,NA,136
Hausrotschwanz,205,2020,2020-04-11,2,0,F,T,F,F,?,F,F,F,F,F,F,?,102
Hausrotschwanz,205,2020,2020-05-16,0,0,NA,NA,NA,NA,NA,NA,NA,NA,NA,NA,NA,NA,137
Hausrotschwanz,205,2020,2020-06-18,1,0,F,T,F,F,?,F,F,F,F,F,F,?,170
Hausrotschwanz,205,2021,2021-03-28,0,0,NA,NA,NA,NA,NA,NA,NA,NA,NA,NA,NA,NA,87
Hausrotschwanz,205,2021,2021-04-24,1,0,?,?,?,?,?,?,?,?,?,?,?,?,114
Hausrotschwanz,205,2021,2021-05-15,1,0,?,T,?,?,?,?,?,?,?,?,?,?,135
Hausrotschwanz,205,2021,2021-06-11,3,0,?,T,?,?,?,?,?,?,?,?,?,?,162
Hausrotschwanz,207,2018,2018-03-24,0,0,NA,NA,NA,NA,NA,NA,NA,NA,NA,NA,NA,NA,83
Hausrotschwanz,207,2018,2018-04-22,11,0,?,T,F,F,?,F,T,F,F,F,F,?,112
Hausrotschwanz,207,2018,2018-05-13,6,0,?,T,F,F,?,F,T,F,F,F,F,?,133
Hausrotschwanz,207,2018,2018-06-09,5,0,?,T,F,F,?,F,T,F,F,F,F,?,160
Hausrotschwanz,207,2020,2020-03-14,2,0,F,F,F,F,?,T,F,F,F,F,F,?,74
Hausrotschwanz,207,2020,2020-04-07,17,0,F,T,F,F,?,F,T,F,F,F,F,?,98
Hausrotschwanz,207,2020,2020-05-09,10,0,F,T,F,F,?,F,T,F,F,F,F,?,130
Hausrotschwanz,207,2020,2020-06-20,8,0,F,T,F,F,?,F,T,F,F,F,F,?,172
Hausrotschwanz,207,2021,2021-03-28,10,0,F,T,F,F,?,F,T,F,F,F,F,?,87
Hausrotschwanz,207,2021,2021-04-24,12,0,F,T,F,F,?,T,T,F,F,F,F,?,114
Hausrotschwanz,207,2021,2021-05-13,6,0,F,T,F,F,?,F,F,F,F,F,F,?,133
Hausrotschwanz,207,2021,2021-06-13,7,0,F,T,F,F,?,F,F,F,F,F,T,?,164
Hausrotschwanz,209,2018,2018-03-10,0,0,NA,NA,NA,NA,NA,NA,NA,NA,NA,NA,NA,NA,69
Hausrotschwanz,209,2018,2018-04-08,2,0,?,T,F,F,?,F,F,F,F,F,F,?,98
Hausrotschwanz,209,2018,2018-05-18,3,0,?,T,F,F,?,T,T,F,F,F,F,?,138
Hausrotschwanz,209,2018,2018-06-09,4,0,?,T,F,F,?,F,F,F,F,T,F,?,160
Hausrotschwanz,209,2020,2020-03-15,0,0,NA,NA,NA,NA,NA,NA,NA,NA,NA,NA,NA,NA,75
Hausrotschwanz,209,2020,2020-04-05,5,0,F,T,F,F,?,F,T,F,F,F,F,?,96
Hausrotschwanz,209,2020,2020-05-10,1,0,F,F,F,F,?,F,T,F,F,F,F,?,131
Hausrotschwanz,209,2020,2020-06-02,4,0,F,T,F,F,?,F,T,F,F,F,F,?,154
Hausrotschwanz,209,2021,2021-03-28,0,0,NA,NA,NA,NA,NA,NA,NA,NA,NA,NA,NA,NA,87
Hausrotschwanz,209,2021,2021-04-24,0,0,NA,NA,NA,NA,NA,NA,NA,NA,NA,NA,NA,NA,114
Hausrotschwanz,209,2021,2021-05-09,1,0,F,?,?,?,?,?,T,?,?,?,?,?,129
Hausrotschwanz,209,2021,2021-05-29,1,0,F,?,?,?,?,?,T,?,?,?,?,?,149
Hausrotschwanz,210,2018,2018-03-11,0,0,NA,NA,NA,NA,NA,NA,NA,NA,NA,NA,NA,NA,70
Hausrotschwanz,210,2018,2018-04-01,1,0,?,F,T,F,?,F,F,F,F,F,F,?,91
Hausrotschwanz,210,2018,2018-05-06,4,0,?,T,F,F,?,F,F,F,F,F,F,?,126
Hausrotschwanz,210,2018,2018-06-03,6,0,?,T,F,F,?,F,F,F,F,F,F,?,154
Hausrotschwanz,210,2020,2020-03-15,0,0,NA,NA,NA,NA,NA,NA,NA,NA,NA,NA,NA,NA,75
Hausrotschwanz,210,2020,2020-04-12,6,0,F,T,F,F,?,F,F,F,F,F,F,?,103
Hausrotschwanz,210,2020,2020-05-17,6,0,F,T,F,F,?,F,F,F,F,F,F,?,138
Hausrotschwanz,210,2020,2020-06-21,8,0,F,T,T,F,?,F,F,F,F,F,T,?,173
Hausrotschwanz,210,2021,2021-03-28,6,0,F,T,T,F,?,F,T,F,F,F,F,?,87
Hausrotschwanz,210,2021,2021-04-11,3,0,F,T,F,F,?,F,F,F,F,F,F,?,101
Hausrotschwanz,210,2021,2021-05-09,6,0,F,F,T,F,?,F,F,F,F,F,F,?,129
Hausrotschwanz,211,2018,2018-03-25,0,0,NA,NA,NA,NA,NA,NA,NA,NA,NA,NA,NA,NA,84
Hausrotschwanz,211,2018,2018-04-27,4,0,?,T,F,F,?,F,F,F,F,F,F,?,117
Hausrotschwanz,211,2018,2018-05-19,5,0,?,T,F,F,?,F,F,F,F,F,F,?,139
Hausrotschwanz,211,2018,2018-06-19,3,0,?,T,F,F,?,F,F,F,F,F,F,?,170
Hausrotschwanz,211,2020,2020-03-28,5,0,F,T,F,F,?,F,F,F,F,F,F,?,88
Hausrotschwanz,211,2020,2020-04-19,5,0,F,T,F,F,?,F,F,F,F,F,F,?,110
Hausrotschwanz,211,2020,2020-05-18,4,0,F,T,T,F,?,F,F,F,F,F,F,?,139
Hausrotschwanz,211,2020,2020-06-20,4,0,F,T,F,F,?,F,F,F,F,F,F,?,172
Hausrotschwanz,213,2018,2018-03-27,3,0,?,T,F,F,?,T,F,F,F,F,F,?,86
Hausrotschwanz,213,2018,2018-04-26,4,0,?,T,F,F,?,T,F,F,F,F,F,?,116
Hausrotschwanz,213,2018,2018-05-20,4,0,?,T,F,F,?,F,F,F,F,F,F,?,140
Hausrotschwanz,213,2021,2021-03-29,7,0,F,T,?,?,?,?,F,?,?,?,?,?,88
Hausrotschwanz,213,2021,2021-05-16,2,0,F,T,?,?,?,?,F,?,?,T,?,?,136
Hausrotschwanz,213,2021,2021-06-19,2,0,F,T,?,?,?,?,F,?,?,?,?,?,170
Hausrotschwanz,215,2020,2020-03-18,1,0,F,F,F,F,?,F,T,F,F,F,F,?,78
Hausrotschwanz,215,2020,2020-04-01,0,0,NA,NA,NA,NA,NA,NA,NA,NA,NA,NA,NA,NA,92
Hausrotschwanz,215,2020,2020-05-06,0,0,NA,NA,NA,NA,NA,NA,NA,NA,NA,NA,NA,NA,127
Hausrotschwanz,215,2020,2020-05-22,1,0,F,F,F,T,?,F,T,F,F,F,F,?,143
Hausrotschwanz,216,2018,2018-03-25,0,0,NA,NA,NA,NA,NA,NA,NA,NA,NA,NA,NA,NA,84
Hausrotschwanz,216,2018,2018-04-08,6,0,F,T,F,F,?,T,F,F,F,F,F,?,98
Hausrotschwanz,216,2018,2018-05-10,5,0,F,T,F,F,?,F,F,F,F,F,F,?,130
Hausrotschwanz,216,2018,2018-06-03,11,0,F,T,F,F,?,F,F,F,F,F,F,?,154
Hausrotschwanz,216,2020,2020-03-22,3,0,F,T,F,F,?,F,F,F,F,F,F,?,82
Hausrotschwanz,216,2020,2020-04-10,7,0,F,T,F,F,?,T,T,F,F,F,F,?,101
Hausrotschwanz,216,2020,2020-05-09,3,0,F,T,F,F,?,F,F,F,F,F,F,?,130
Hausrotschwanz,216,2020,2020-05-31,5,0,F,T,F,F,?,F,F,F,F,F,T,?,152
Hausrotschwanz,216,2021,2021-03-28,2,0,F,T,?,?,?,?,T,?,?,?,?,?,87
Hausrotschwanz,216,2021,2021-04-25,4,0,F,T,?,?,?,T,F,?,?,?,?,?,115
Hausrotschwanz,216,2021,2021-05-16,2,0,F,?,?,?,?,?,T,?,?,?,?,?,136
Hausrotschwanz,216,2021,2021-06-13,7,0,F,T,?,?,?,?,T,?,?,?,T,?,164
Hausrotschwanz,218,2018,2018-03-24,5,0,?,T,F,F,?,T,F,F,F,F,F,?,83
Hausrotschwanz,218,2018,2018-04-08,18,0,?,T,F,F,T,F,F,F,F,F,F,?,98
Hausrotschwanz,218,2018,2018-05-06,10,0,?,T,T,F,?,F,F,F,F,F,F,?,126
Hausrotschwanz,218,2018,2018-06-21,15,0,?,T,T,T,?,F,F,F,F,F,F,?,172
Hausrotschwanz,218,2020,2020-03-15,3,0,F,T,F,F,?,F,F,F,F,F,F,?,75
Hausrotschwanz,218,2020,2020-04-05,22,0,F,T,T,F,T,F,F,F,F,F,F,?,96
Hausrotschwanz,218,2020,2020-05-03,10,0,F,T,T,F,?,F,F,F,F,F,F,?,124
Hausrotschwanz,218,2020,2020-05-24,10,0,F,T,T,F,?,F,F,F,F,F,F,?,145
Hausrotschwanz,218,2021,2021-03-20,1,0,F,F,F,F,?,F,F,F,F,F,F,?,79
Hausrotschwanz,218,2021,2021-04-04,11,0,F,T,F,F,?,F,F,F,F,F,F,?,94
Hausrotschwanz,218,2021,2021-05-08,16,0,F,T,F,F,?,F,T,F,F,F,F,?,128
Hausrotschwanz,218,2021,2021-05-30,8,0,F,T,F,T,?,F,F,F,F,F,F,?,150
Hausrotschwanz,219,2020,2020-03-28,7,0,F,T,F,F,?,T,F,F,F,F,F,?,88
Hausrotschwanz,219,2020,2020-04-19,5,0,F,T,F,F,?,F,T,F,F,F,F,?,110
Hausrotschwanz,219,2020,2020-05-16,5,0,F,T,F,F,?,F,F,F,F,F,F,?,137
Hausrotschwanz,219,2020,2020-06-13,8,0,F,T,F,F,?,F,F,F,F,F,F,?,165
Hausrotschwanz,219,2021,2021-03-29,5,0,F,T,F,F,?,F,F,F,F,F,F,?,88
Hausrotschwanz,219,2021,2021-04-24,3,0,F,T,F,F,?,F,F,F,F,F,F,?,114
Hausrotschwanz,219,2021,2021-05-08,5,0,F,T,F,F,?,F,F,F,T,F,F,?,128
Hausrotschwanz,219,2021,2021-05-30,3,0,F,F,T,F,?,F,F,F,F,F,F,?,150
Hausrotschwanz,220,2020,2020-03-31,17,0,F,T,T,F,?,T,T,F,F,F,F,?,91
Hausrotschwanz,220,2020,2020-04-26,16,0,F,T,F,F,T,T,T,F,F,F,F,?,117
Hausrotschwanz,220,2020,2020-05-17,18,0,F,T,T,T,?,T,T,F,F,F,T,?,138
Hausrotschwanz,220,2020,2020-06-20,18,0,F,T,T,T,?,F,T,F,F,F,F,?,172
Hausrotschwanz,220,2021,2021-03-28,11,0,F,T,?,?,?,?,T,?,?,?,?,?,87
Hausrotschwanz,220,2021,2021-04-25,15,0,F,T,?,T,?,?,T,?,?,?,?,?,115
Hausrotschwanz,220,2021,2021-05-20,12,0,F,T,?,T,?,?,T,?,?,?,?,?,140
Hausrotschwanz,220,2021,2021-06-20,19,0,F,T,?,T,?,T,T,?,?,?,T,?,171
Hausrotschwanz,221,2019,2019-03-24,3,0,F,T,F,F,T,F,F,F,F,F,F,?,83
Hausrotschwanz,221,2019,2019-04-21,3,0,F,T,F,F,?,F,F,F,F,F,F,?,111
Hausrotschwanz,221,2019,2019-05-18,3,0,F,T,F,F,?,F,F,F,F,F,F,?,138
Hausrotschwanz,221,2019,2019-06-16,8,0,F,T,F,T,?,F,T,F,F,F,T,?,167
Hausrotschwanz,221,2019,2019-06-17,0,0,NA,NA,NA,NA,NA,NA,NA,NA,NA,NA,NA,NA,168
Hausrotschwanz,221,2020,2020-03-27,3,0,F,T,F,F,?,F,F,F,F,F,F,?,87
Hausrotschwanz,221,2020,2020-04-26,8,0,F,T,F,F,?,F,F,F,F,F,F,?,117
Hausrotschwanz,221,2020,2020-05-17,6,0,F,T,F,F,?,F,F,F,F,F,F,?,138
Hausrotschwanz,221,2020,2020-06-20,11,0,F,T,F,F,?,F,T,F,F,F,T,?,172
Hausrotschwanz,221,2021,2021-03-28,1,0,?,T,F,F,?,F,F,?,F,F,F,?,87
Hausrotschwanz,221,2021,2021-04-25,9,0,?,T,F,F,?,T,F,?,F,F,F,?,115
Hausrotschwanz,221,2021,2021-05-20,3,0,?,T,F,F,?,F,F,?,F,F,F,?,140
Hausrotschwanz,221,2021,2021-06-13,6,0,?,T,F,F,?,F,F,?,F,F,F,?,164
Hausrotschwanz,221,2022,2022-03-20,1,0,F,F,F,F,?,F,T,F,F,F,F,?,79
Hausrotschwanz,221,2022,2022-04-18,8,0,F,T,F,F,?,F,F,F,F,F,F,?,108
Hausrotschwanz,221,2022,2022-05-08,6,0,F,T,F,F,?,F,F,F,F,F,F,?,128
Hausrotschwanz,221,2022,2022-05-26,6,0,F,T,F,F,?,F,F,F,F,F,F,?,146
Hausrotschwanz,221,2023,2023-03-22,2,0,F,T,F,F,F,F,F,F,F,F,F,?,81
Hausrotschwanz,221,2023,2023-04-22,7,0,F,T,F,F,F,F,F,F,F,F,F,?,112
Hausrotschwanz,221,2023,2023-05-13,7,0,F,T,F,T,F,F,F,F,F,F,F,?,133
Hausrotschwanz,221,2023,2023-06-11,11,0,F,T,F,F,F,F,T,F,F,F,F,?,162
Hausrotschwanz,225,2018,2018-03-16,0,0,NA,NA,NA,NA,NA,NA,NA,NA,NA,NA,NA,NA,75
Hausrotschwanz,225,2018,2018-04-20,1,0,F,F,F,F,?,F,F,F,F,F,F,?,110
Hausrotschwanz,225,2018,2018-05-12,0,0,NA,NA,NA,NA,NA,NA,NA,NA,NA,NA,NA,NA,132
Hausrotschwanz,225,2018,2018-06-05,0,0,NA,NA,NA,NA,NA,NA,NA,NA,NA,NA,NA,NA,156
Hausrotschwanz,225,2020,2020-03-19,1,0,F,T,F,F,?,F,F,F,F,F,F,?,79
Hausrotschwanz,225,2020,2020-04-06,3,0,F,T,F,F,?,F,F,F,F,F,F,?,97
Hausrotschwanz,225,2020,2020-05-18,1,0,F,T,F,F,?,F,F,F,F,F,F,?,139
Hausrotschwanz,225,2020,2020-05-27,1,0,F,T,F,F,?,F,F,F,F,F,F,?,148
Hausrotschwanz,225,2021,2021-03-21,7,0,F,T,F,F,T,F,T,F,F,F,F,?,80
Hausrotschwanz,225,2021,2021-04-25,2,0,F,T,F,F,?,F,F,F,F,F,F,?,115
Hausrotschwanz,225,2021,2021-05-24,1,0,F,F,F,F,?,F,F,F,F,F,F,?,144
Hausrotschwanz,225,2021,2021-06-12,2,0,F,F,F,F,?,F,T,F,F,F,F,?,163
Hausrotschwanz,225,2021,2021-03-30,0,0,NA,NA,NA,NA,NA,NA,NA,NA,NA,NA,NA,NA,89
Hausrotschwanz,225,2021,2020-06-12,0,0,NA,NA,NA,NA,NA,NA,NA,NA,NA,NA,NA,NA,164
Hausrotschwanz,226,2018,2018-04-09,5,0,F,T,F,F,?,F,F,F,F,F,F,?,99
Hausrotschwanz,226,2018,2018-04-24,0,0,NA,NA,NA,NA,NA,NA,NA,NA,NA,NA,NA,NA,114
Hausrotschwanz,226,2018,2018-05-18,2,0,F,T,F,F,?,F,F,F,F,F,F,?,138
Hausrotschwanz,226,2018,2018-05-26,1,0,F,T,F,F,?,F,F,F,F,F,F,?,146
Hausrotschwanz,226,2020,2020-03-20,6,0,F,T,F,F,?,F,F,F,F,F,F,?,80
Hausrotschwanz,226,2020,2020-04-11,5,0,F,T,T,F,?,F,F,F,F,F,F,?,102
Hausrotschwanz,226,2020,2020-05-03,3,0,F,T,F,F,?,F,F,F,F,F,F,?,124
Hausrotschwanz,226,2020,2020-05-22,4,0,F,T,F,F,?,F,F,F,F,F,F,?,143
Hausrotschwanz,226,2021,2021-03-23,2,0,F,T,F,F,?,F,?,F,F,F,F,?,82
Hausrotschwanz,226,2021,2021-04-11,3,0,F,T,F,F,?,F,?,F,F,F,F,?,101
Hausrotschwanz,226,2021,2021-05-01,6,0,F,T,F,F,?,F,?,F,F,F,F,?,121
Hausrotschwanz,226,2021,2021-05-27,2,0,F,T,F,F,?,F,?,F,F,F,F,?,147
Hausrotschwanz,227,2018,2018-03-25,0,0,NA,NA,NA,NA,NA,NA,NA,NA,NA,NA,NA,NA,84
Hausrotschwanz,227,2018,2018-04-21,2,0,F,F,F,F,?,F,F,F,F,F,F,?,111
Hausrotschwanz,227,2018,2018-05-19,1,0,F,F,F,F,?,F,F,F,F,F,F,?,139
Hausrotschwanz,227,2018,2018-06-24,1,0,F,F,F,F,?,F,F,F,F,F,F,?,175
Hausrotschwanz,227,2020,2020-03-15,1,0,F,T,F,F,?,F,F,F,F,F,F,?,75
Hausrotschwanz,227,2020,2020-04-09,3,0,F,F,F,F,?,F,F,F,F,F,F,?,100
Hausrotschwanz,227,2020,2020-05-09,3,0,F,F,F,F,?,F,F,F,F,F,F,?,130
Hausrotschwanz,227,2020,2020-05-22,2,0,F,F,F,F,?,F,F,F,F,F,F,?,143
Hausrotschwanz,227,2021,2021-03-20,0,0,NA,NA,NA,NA,NA,NA,NA,NA,NA,NA,NA,NA,79
Hausrotschwanz,227,2021,2021-04-24,5,0,F,?,?,?,?,T,F,?,?,?,?,?,114
Hausrotschwanz,227,2021,2021-05-08,3,0,F,T,?,?,?,?,F,?,?,?,?,?,128
Hausrotschwanz,227,2021,2021-05-22,1,0,F,?,?,?,?,?,F,?,?,?,?,?,142
Hausrotschwanz,228,2019,2019-03-28,1,0,F,F,F,F,?,T,F,F,F,F,F,?,87
Hausrotschwanz,228,2019,2019-05-19,0,0,NA,NA,NA,NA,NA,NA,NA,NA,NA,NA,NA,NA,139
Hausrotschwanz,228,2019,2019-06-17,2,0,F,T,F,T,?,F,F,F,F,F,F,?,168
Hausrotschwanz,228,2019,2019-04-22,1,0,F,T,F,F,?,F,F,F,F,F,F,?,112
Hausrotschwanz,228,2021,2021-03-25,3,0,?,T,F,F,?,F,F,?,F,F,F,?,84
Hausrotschwanz,228,2021,2021-06-04,2,0,?,T,F,T,?,T,F,?,F,F,F,?,155
Hausrotschwanz,228,2021,2021-05-15,1,0,?,T,F,F,?,F,F,?,F,F,F,?,135
Hausrotschwanz,228,2021,2021-04-24,1,0,?,F,F,F,?,F,T,?,F,F,F,?,114
Hausrotschwanz,228,2021,2021-04-15,0,0,NA,NA,NA,NA,NA,NA,NA,NA,NA,NA,NA,NA,105
Hausrotschwanz,228,2022,2022-03-18,0,0,NA,NA,NA,NA,NA,NA,NA,NA,NA,NA,NA,NA,77
Hausrotschwanz,228,2022,2022-04-13,3,0,F,T,F,F,?,F,F,F,F,F,F,?,103
Hausrotschwanz,228,2022,2022-06-01,1,0,F,T,F,F,?,F,F,F,F,F,F,?,152
Hausrotschwanz,228,2022,2022-05-09,1,0,F,T,F,F,?,F,F,F,F,F,F,?,129
Hausrotschwanz,228,2023,2023-03-17,2,0,F,F,F,F,F,F,T,F,F,F,F,?,76
Hausrotschwanz,228,2023,2023-04-20,2,0,F,F,F,T,F,F,F,F,F,F,F,?,110
Hausrotschwanz,228,2023,2023-05-14,0,0,NA,NA,NA,NA,NA,NA,NA,NA,NA,NA,NA,NA,134
Hausrotschwanz,228,2023,2023-06-10,1,0,F,F,F,T,F,F,F,F,F,F,F,?,161
Hausrotschwanz,229,2018,2018-03-30,0,0,NA,NA,NA,NA,NA,NA,NA,NA,NA,NA,NA,NA,89
Hausrotschwanz,229,2018,2018-04-30,1,0,F,T,F,F,?,F,F,F,F,F,F,?,120
Hausrotschwanz,229,2018,2018-06-10,1,0,F,F,F,F,?,F,F,F,F,F,F,?,161
Hausrotschwanz,229,2020,2020-03-20,3,0,F,T,F,F,?,F,F,F,F,F,F,?,80
Hausrotschwanz,229,2020,2020-04-26,2,0,F,F,F,F,?,F,F,F,F,F,F,?,117
Hausrotschwanz,229,2020,2020-05-20,1,0,F,F,F,F,?,F,F,F,F,F,F,?,141
Hausrotschwanz,229,2020,2020-06-20,0,0,NA,NA,NA,NA,NA,NA,NA,NA,NA,NA,NA,NA,172
Hausrotschwanz,229,2021,2021-03-31,0,0,NA,NA,NA,NA,NA,NA,NA,NA,NA,NA,NA,NA,90
Hausrotschwanz,229,2021,2021-04-25,0,0,NA,NA,NA,NA,NA,NA,NA,NA,NA,NA,NA,NA,115
Hausrotschwanz,229,2021,2021-05-23,1,0,?,T,?,?,?,?,?,?,?,?,?,?,143
Hausrotschwanz,229,2021,2021-06-13,0,0,NA,NA,NA,NA,NA,NA,NA,NA,NA,NA,NA,NA,164
Hausrotschwanz,237,2020,2020-03-29,3,0,T,T,F,F,?,F,F,F,F,F,F,?,89
Hausrotschwanz,237,2020,2020-04-10,5,0,F,T,F,F,?,F,F,F,F,F,F,?,101
Hausrotschwanz,237,2020,2020-05-03,4,0,F,T,F,F,?,F,F,F,F,F,F,?,124
Hausrotschwanz,237,2020,2020-06-13,0,0,NA,NA,NA,NA,NA,NA,NA,NA,NA,NA,NA,NA,165
Hausrotschwanz,237,2021,2021-04-02,4,0,F,T,?,?,?,?,F,?,?,?,?,?,92
Hausrotschwanz,237,2021,2021-04-24,4,0,F,T,?,?,?,?,F,?,?,?,?,?,114
Hausrotschwanz,237,2021,2021-05-15,2,0,F,T,?,?,?,?,F,?,?,?,?,?,135
Hausrotschwanz,237,2021,2021-06-17,2,0,F,T,?,?,?,T,F,?,?,?,?,?,168
Hausrotschwanz,238,2019,2019-03-20,3,0,F,F,F,F,?,F,T,F,F,F,F,?,79
Hausrotschwanz,238,2019,2019-04-15,1,0,F,T,F,F,?,F,F,F,F,F,F,?,105
Hausrotschwanz,238,2019,2019-05-17,1,0,F,T,F,F,?,F,F,F,F,F,F,?,137
Hausrotschwanz,238,2019,2019-06-02,0,0,NA,NA,NA,NA,NA,NA,NA,NA,NA,NA,NA,NA,153
Hausrotschwanz,238,2020,2020-03-19,0,0,NA,NA,NA,NA,NA,NA,NA,NA,NA,NA,NA,NA,79
Hausrotschwanz,238,2020,2020-04-11,1,0,F,T,F,F,?,F,F,F,F,F,F,?,102
Hausrotschwanz,238,2020,2020-05-11,0,0,NA,NA,NA,NA,NA,NA,NA,NA,NA,NA,NA,NA,132
Hausrotschwanz,238,2020,2020-06-08,1,0,F,T,F,F,?,F,F,F,F,F,F,?,160
Hausrotschwanz,238,2021,2021-03-29,2,0,?,F,F,F,?,T,F,?,F,F,F,?,88
Hausrotschwanz,238,2021,2021-04-20,1,0,?,T,F,F,?,F,F,?,F,F,F,?,110
Hausrotschwanz,238,2021,2021-05-10,1,0,?,T,F,F,?,F,F,?,F,F,F,?,130
Hausrotschwanz,238,2021,2021-06-03,1,0,?,T,F,F,?,F,F,?,F,F,F,?,154
Hausrotschwanz,238,2023,2023-03-18,0,0,NA,NA,NA,NA,NA,NA,NA,NA,NA,NA,NA,NA,77
Hausrotschwanz,238,2023,2023-04-14,0,0,NA,NA,NA,NA,NA,NA,NA,NA,NA,NA,NA,NA,104
Hausrotschwanz,238,2023,2023-05-07,1,0,F,T,F,F,F,F,F,F,F,F,F,?,127
Hausrotschwanz,238,2023,2023-06-05,0,0,NA,NA,NA,NA,NA,NA,NA,NA,NA,NA,NA,NA,156
Hausrotschwanz,239,2021,2021-04-30,0,0,NA,NA,NA,NA,NA,NA,NA,NA,NA,NA,NA,NA,120
Hausrotschwanz,239,2021,2021-05-15,0,0,NA,NA,NA,NA,NA,NA,NA,NA,NA,NA,NA,NA,135
Hausrotschwanz,239,2021,2021-06-05,2,0,F,T,F,F,?,F,F,F,F,F,F,?,156
Hausrotschwanz,241,2019,2019-03-23,9,0,F,T,F,F,?,F,F,F,F,F,F,?,82
Hausrotschwanz,241,2019,2019-04-18,8,0,F,T,F,F,?,F,F,F,F,F,F,?,108
Hausrotschwanz,241,2019,2019-05-10,5,0,F,T,F,F,?,F,F,F,F,F,F,?,130
Hausrotschwanz,241,2019,2019-06-06,5,0,F,T,F,F,?,F,F,F,F,F,F,?,157
Hausrotschwanz,241,2020,2020-03-24,2,0,F,T,F,F,?,F,F,F,F,F,F,?,84
Hausrotschwanz,241,2020,2020-04-17,12,0,F,T,F,F,?,F,F,F,F,T,F,?,108
Hausrotschwanz,241,2020,2020-05-08,11,0,F,T,F,F,?,F,T,F,F,F,F,?,129
Hausrotschwanz,241,2020,2020-06-03,8,0,F,T,F,F,?,F,F,F,T,F,F,?,155
Hausrotschwanz,241,2021,2021-03-25,1,0,?,T,F,F,?,F,F,?,F,F,F,?,84
Hausrotschwanz,241,2021,2021-04-23,10,0,?,T,F,F,?,F,F,?,F,T,F,?,113
Hausrotschwanz,241,2021,2021-05-18,5,0,?,T,F,F,?,F,F,?,F,F,F,?,138
Hausrotschwanz,241,2021,2021-06-09,7,0,?,T,F,F,?,F,F,?,T,T,F,?,160
Hausrotschwanz,241,2022,2022-03-18,0,0,NA,NA,NA,NA,NA,NA,NA,NA,NA,NA,NA,NA,77
Hausrotschwanz,241,2022,2022-04-21,5,0,F,T,F,F,?,F,F,F,F,F,F,?,111
Hausrotschwanz,241,2022,2022-05-18,5,0,F,T,F,F,?,F,F,F,F,F,F,?,138
Hausrotschwanz,241,2022,2022-06-10,2,0,F,T,F,F,?,F,F,F,F,F,F,?,161
Hausrotschwanz,241,2023,2023-03-22,5,0,F,T,F,F,F,F,F,F,F,F,F,?,81
Hausrotschwanz,241,2023,2023-04-22,7,0,F,T,F,F,F,F,F,F,F,F,F,?,112
Hausrotschwanz,241,2023,2023-05-07,5,0,F,T,F,F,F,F,F,F,F,F,F,?,127
Hausrotschwanz,241,2023,2023-06-10,9,0,F,T,F,F,F,T,T,F,F,F,F,?,161
Hausrotschwanz,246,2019,2019-03-23,1,0,F,F,F,F,?,F,F,F,F,F,F,?,82
Hausrotschwanz,246,2019,2019-04-23,1,0,F,F,F,F,?,F,F,F,F,F,F,?,113
Hausrotschwanz,246,2019,2019-05-13,2,0,F,T,F,F,?,F,F,F,F,F,F,?,133
Hausrotschwanz,246,2019,2019-06-18,2,0,F,F,F,F,?,F,F,F,F,F,T,?,169
Hausrotschwanz,246,2019,2019-06-16,0,0,NA,NA,NA,NA,NA,NA,NA,NA,NA,NA,NA,NA,167
Hausrotschwanz,246,2020,2020-03-18,0,0,NA,NA,NA,NA,NA,NA,NA,NA,NA,NA,NA,NA,78
Hausrotschwanz,246,2020,2020-04-19,6,0,F,T,F,F,?,F,F,F,F,F,F,?,110
Hausrotschwanz,246,2020,2020-05-19,2,0,F,F,F,F,?,F,F,F,F,F,F,?,140
Hausrotschwanz,246,2020,2020-06-17,2,0,F,T,F,F,?,F,F,F,F,F,F,?,169
Hausrotschwanz,246,2021,2021-03-29,1,0,?,F,F,F,?,F,F,?,F,F,F,?,88
Hausrotschwanz,246,2021,2021-04-26,2,0,?,F,F,F,?,T,F,?,F,F,F,?,116
Hausrotschwanz,246,2021,2021-05-16,1,0,?,F,T,F,?,F,F,?,F,F,F,?,136
Hausrotschwanz,246,2021,2021-06-16,3,0,?,T,F,T,?,F,F,?,F,F,F,?,167
Hausrotschwanz,246,2022,2022-03-21,3,0,F,T,F,F,?,F,F,F,F,F,F,?,80
Hausrotschwanz,246,2022,2022-04-11,4,0,F,T,F,F,?,F,T,F,F,F,F,?,101
Hausrotschwanz,246,2022,2022-05-10,0,0,NA,NA,NA,NA,NA,NA,NA,NA,NA,NA,NA,NA,130
Hausrotschwanz,246,2022,2022-06-02,2,0,F,T,F,F,?,F,T,F,F,F,F,?,153
Hausrotschwanz,246,2023,2023-03-16,1,0,F,F,F,F,F,F,T,F,F,F,F,?,75
Hausrotschwanz,246,2023,2023-04-23,2,0,F,T,F,F,F,F,F,F,F,F,F,?,113
Hausrotschwanz,246,2023,2023-05-17,0,0,NA,NA,NA,NA,NA,NA,NA,NA,NA,NA,NA,NA,137
Hausrotschwanz,246,2023,2023-06-17,2,0,F,T,F,F,F,F,F,F,F,F,F,?,168
Hausrotschwanz,248,2019,2019-03-14,0,0,NA,NA,NA,NA,NA,NA,NA,NA,NA,NA,NA,NA,73
Hausrotschwanz,248,2019,2019-04-24,2,0,?,T,?,?,?,?,?,?,?,?,?,?,114
Hausrotschwanz,248,2019,2019-05-12,1,0,?,T,?,?,?,?,?,?,?,?,?,?,132
Hausrotschwanz,248,2019,2019-05-29,2,0,?,T,T,?,?,?,?,?,?,?,?,?,149
Hausrotschwanz,248,2020,2020-03-20,3,0,F,T,F,F,F,T,F,F,F,F,F,?,80
Hausrotschwanz,248,2020,2020-04-14,2,0,F,T,F,F,F,F,F,F,F,F,F,?,105
Hausrotschwanz,248,2020,2020-05-12,0,0,NA,NA,NA,NA,NA,NA,NA,NA,NA,NA,NA,NA,133
Hausrotschwanz,248,2020,2020-06-05,2,0,F,T,F,F,F,F,F,F,F,F,F,?,157
Hausrotschwanz,248,2021,2021-03-22,1,0,?,?,?,?,?,?,?,?,?,?,?,?,81
Hausrotschwanz,248,2021,2021-04-16,4,0,?,T,?,?,?,?,?,?,?,?,?,?,106
Hausrotschwanz,248,2021,2021-05-13,1,0,?,T,?,?,?,?,?,?,?,?,?,?,133
Hausrotschwanz,248,2021,2021-05-31,1,0,?,T,?,?,?,?,?,?,?,?,?,?,151
Hausrotschwanz,248,2023,2023-03-10,0,0,NA,NA,NA,NA,NA,NA,NA,NA,NA,NA,NA,NA,69
Hausrotschwanz,248,2023,2023-04-12,1,0,F,T,F,F,F,F,F,F,F,F,F,?,102
Hausrotschwanz,248,2023,2023-05-02,1,0,F,T,F,F,F,F,F,F,F,F,F,?,122
Hausrotschwanz,248,2023,2023-05-25,1,0,F,F,T,F,F,F,F,F,F,F,F,?,145
Hausrotschwanz,251,2021,2021-03-25,1,0,?,T,?,?,?,?,?,?,?,?,?,?,84
Hausrotschwanz,251,2021,2021-04-24,3,0,?,T,?,?,?,?,?,?,?,?,?,?,114
Hausrotschwanz,251,2021,2021-05-10,4,0,?,T,?,?,?,?,T,?,?,?,?,?,130
Hausrotschwanz,251,2021,2021-06-05,2,0,?,T,?,?,?,?,?,?,?,?,?,?,156
Hausrotschwanz,252,2018,2018-03-23,3,0,F,T,F,F,?,F,F,F,F,F,F,?,82
Hausrotschwanz,252,2018,2018-05-14,1,0,F,F,F,F,?,F,T,F,T,F,F,?,134
Hausrotschwanz,252,2018,2018-06-20,2,0,F,T,F,F,?,F,F,F,F,F,F,?,171
Hausrotschwanz,252,2020,2020-03-19,0,0,NA,NA,NA,NA,NA,NA,NA,NA,NA,NA,NA,NA,79
Hausrotschwanz,252,2020,2020-04-25,4,0,F,T,F,F,?,F,F,F,F,F,F,?,116
Hausrotschwanz,252,2020,2020-05-20,4,0,F,T,F,F,?,T,F,F,F,F,F,?,141
Hausrotschwanz,252,2020,2020-06-15,8,0,F,T,F,F,?,F,T,F,F,F,F,?,167
Hausrotschwanz,252,2021,2021-03-29,2,0,F,T,F,F,?,F,T,F,F,F,F,?,88
Hausrotschwanz,252,2021,2021-04-19,3,0,F,T,F,F,T,F,F,F,F,F,F,?,109
Hausrotschwanz,252,2021,2021-05-20,3,0,F,T,F,F,?,F,T,F,F,F,F,?,140
Hausrotschwanz,252,2021,2021-06-17,4,0,F,T,F,F,?,F,T,F,F,F,T,?,168
Hausrotschwanz,253,2021,2021-03-29,3,0,?,T,?,?,?,?,?,?,?,?,?,?,88
Hausrotschwanz,253,2021,2021-04-27,5,0,?,T,?,T,?,?,?,?,?,?,?,?,117
Hausrotschwanz,253,2021,2021-05-29,4,0,?,T,?,T,?,T,T,?,?,?,?,?,149
Hausrotschwanz,253,2021,2021-06-27,3,0,?,T,?,?,?,?,?,?,?,?,?,?,178
Hausrotschwanz,254,2020,2020-04-04,1,0,F,T,F,F,?,F,F,F,F,F,F,?,95
Hausrotschwanz,254,2020,2020-04-13,2,0,F,T,F,F,?,F,F,F,F,F,F,?,104
Hausrotschwanz,254,2020,2020-05-10,1,0,F,T,F,F,?,F,F,F,F,F,F,?,131
Hausrotschwanz,254,2020,2020-06-13,1,0,F,T,F,F,?,F,F,F,F,F,F,?,165
Hausrotschwanz,254,2021,2021-03-27,1,0,F,T,?,?,?,?,F,?,?,?,?,?,86
Hausrotschwanz,254,2021,2021-04-24,1,0,F,T,?,?,?,?,F,?,?,?,?,?,114
Hausrotschwanz,254,2021,2021-05-08,1,0,F,T,?,?,?,?,F,?,?,?,?,?,128
Hausrotschwanz,254,2021,2021-06-12,0,0,NA,NA,NA,NA,NA,NA,NA,NA,NA,NA,NA,NA,163
Hausrotschwanz,255,2020,2020-03-27,2,0,F,T,F,F,?,T,F,F,F,F,F,?,87
Hausrotschwanz,255,2020,2020-04-19,0,0,NA,NA,NA,NA,NA,NA,NA,NA,NA,NA,NA,NA,110
Hausrotschwanz,255,2020,2020-05-04,0,0,NA,NA,NA,NA,NA,NA,NA,NA,NA,NA,NA,NA,125
Hausrotschwanz,255,2020,2020-06-02,1,0,F,T,F,F,?,F,F,F,F,F,F,?,154
Hausrotschwanz,255,2021,2021-03-22,0,0,NA,NA,NA,NA,NA,NA,NA,NA,NA,NA,NA,NA,81
Hausrotschwanz,255,2021,2021-04-14,2,0,?,T,?,?,?,?,?,?,?,?,?,?,104
Hausrotschwanz,255,2021,2021-05-10,0,0,NA,NA,NA,NA,NA,NA,NA,NA,NA,NA,NA,NA,130
Hausrotschwanz,255,2021,2021-06-01,0,0,NA,NA,NA,NA,NA,NA,NA,NA,NA,NA,NA,NA,152
Hausrotschwanz,255,2022,2022-03-30,1,0,F,T,F,F,F,F,F,F,F,F,F,?,89
Hausrotschwanz,255,2022,2022-04-20,2,0,F,T,F,F,F,F,T,F,F,F,F,?,110
Hausrotschwanz,255,2022,2022-05-11,0,0,NA,NA,NA,NA,NA,NA,NA,NA,NA,NA,NA,NA,131
Hausrotschwanz,255,2022,2022-06-01,0,0,NA,NA,NA,NA,NA,NA,NA,NA,NA,NA,NA,NA,152
Hausrotschwanz,255,2023,2023-03-22,1,0,F,T,F,F,F,F,F,F,F,F,F,?,81
Hausrotschwanz,255,2023,2023-04-17,0,0,NA,NA,NA,NA,NA,NA,NA,NA,NA,NA,NA,NA,107
Hausrotschwanz,255,2023,2023-05-10,1,0,F,F,F,F,F,F,F,F,F,F,F,?,130
Hausrotschwanz,255,2023,2023-06-12,0,0,NA,NA,NA,NA,NA,NA,NA,NA,NA,NA,NA,NA,163
Hausrotschwanz,256,2020,2020-03-23,4,0,F,T,F,F,?,F,F,F,F,F,F,?,83
Hausrotschwanz,256,2020,2020-04-19,3,0,F,T,F,F,?,T,F,F,F,T,F,?,110
Hausrotschwanz,256,2020,2020-05-09,5,0,F,T,F,F,?,F,F,F,F,F,F,?,130
Hausrotschwanz,256,2020,2020-06-02,2,0,F,F,F,F,?,F,F,F,F,F,F,?,154
Hausrotschwanz,256,2021,2021-03-22,1,0,?,T,?,?,?,?,?,?,?,?,?,?,81
Hausrotschwanz,256,2021,2021-04-14,3,0,?,T,?,?,?,?,?,?,?,?,?,?,104
Hausrotschwanz,256,2021,2021-05-08,2,0,?,T,?,?,?,?,?,?,?,?,?,?,128
Hausrotschwanz,256,2021,2021-05-31,5,0,?,T,?,T,?,?,?,?,?,?,?,?,151
Hausrotschwanz,256,2022,2022-03-28,8,0,F,T,F,F,F,F,T,F,F,F,F,?,87
Hausrotschwanz,256,2022,2022-04-19,7,0,F,T,F,F,F,T,F,F,F,F,F,?,109
Hausrotschwanz,256,2022,2022-05-02,6,0,F,T,F,T,F,F,F,F,F,F,F,?,122
Hausrotschwanz,256,2022,2022-06-02,8,0,F,T,F,T,F,F,F,F,T,F,T,?,153
Hausrotschwanz,256,2023,2023-03-20,6,0,F,T,F,F,F,F,T,F,F,F,F,?,79
Hausrotschwanz,256,2023,2023-04-11,7,0,F,T,F,F,T,F,T,F,F,F,F,?,101
Hausrotschwanz,256,2023,2023-05-08,9,0,F,T,F,T,F,F,F,F,F,F,F,?,128
Hausrotschwanz,256,2023,2023-06-05,5,0,F,T,F,T,F,F,F,F,F,F,F,?,156
Hausrotschwanz,257,2018,2018-03-14,0,0,NA,NA,NA,NA,NA,NA,NA,NA,NA,NA,NA,NA,73
Hausrotschwanz,257,2018,2018-04-06,1,0,?,T,F,F,?,F,F,F,F,F,F,?,96
Hausrotschwanz,257,2018,2018-05-02,2,0,?,T,F,F,?,F,F,F,F,F,F,?,122
Hausrotschwanz,257,2018,2018-05-30,1,0,?,F,F,F,?,F,F,F,F,F,F,?,150
Hausrotschwanz,257,2020,2020-03-17,0,0,NA,NA,NA,NA,NA,NA,NA,NA,NA,NA,NA,NA,77
Hausrotschwanz,257,2020,2020-04-05,2,0,F,F,F,F,?,F,F,F,F,F,F,?,96
Hausrotschwanz,257,2020,2020-04-18,2,0,F,T,F,F,?,F,F,F,F,F,F,?,109
Hausrotschwanz,257,2020,2020-05-31,1,0,F,T,F,F,?,F,F,F,F,F,F,?,152
Hausrotschwanz,257,2021,2021-03-21,0,0,NA,NA,NA,NA,NA,NA,NA,NA,NA,NA,NA,NA,80
Hausrotschwanz,257,2021,2021-04-17,4,0,F,T,F,F,?,T,F,F,F,F,F,?,107
Hausrotschwanz,257,2021,2021-05-10,2,0,F,F,F,F,?,T,F,F,F,F,F,?,130
Hausrotschwanz,257,2021,2021-05-30,3,0,F,T,F,F,?,T,F,F,F,F,F,?,150
Hausrotschwanz,261,2021,2021-03-26,3,0,F,T,?,?,?,?,F,?,?,?,?,?,85
Hausrotschwanz,261,2021,2021-04-23,3,0,F,T,?,?,?,?,F,?,?,?,?,?,113
Hausrotschwanz,261,2021,2021-05-13,2,0,F,T,?,?,?,?,F,?,?,?,?,?,133
Hausrotschwanz,261,2021,2021-06-13,1,0,F,T,?,?,?,?,F,?,?,?,?,?,164
Hausrotschwanz,263,2018,2018-03-29,7,0,F,T,F,F,?,F,F,F,F,F,F,?,88
Hausrotschwanz,263,2018,2018-04-11,6,0,F,T,F,F,?,F,F,F,F,F,F,?,101
Hausrotschwanz,263,2018,2018-04-15,7,0,F,T,F,F,?,F,F,F,F,F,F,?,105
Hausrotschwanz,263,2018,2018-06-03,7,0,F,T,F,F,?,F,F,F,F,F,F,?,154
Hausrotschwanz,263,2020,2020-03-22,5,0,F,T,F,F,?,F,F,F,F,F,F,?,82
Hausrotschwanz,263,2020,2020-04-19,5,0,F,T,F,F,?,F,T,F,F,F,F,?,110
Hausrotschwanz,263,2020,2020-05-14,5,0,F,T,F,F,?,F,F,F,F,F,F,?,135
Hausrotschwanz,263,2020,2020-06-07,6,0,F,T,F,F,?,F,T,F,F,F,F,?,159
Hausrotschwanz,263,2021,2021-03-30,11,0,F,T,?,?,?,?,F,?,?,?,?,?,89
Hausrotschwanz,263,2021,2021-04-17,4,0,F,T,?,?,?,?,T,?,?,?,?,?,107
Hausrotschwanz,263,2021,2021-06-04,6,0,F,T,?,?,?,?,F,?,?,?,?,?,155
Hausrotschwanz,265,2021,2021-03-27,2,0,F,T,?,?,?,?,F,?,?,?,?,?,86
Hausrotschwanz,265,2021,2021-04-24,3,0,F,T,?,?,?,?,F,?,?,?,?,?,114
Hausrotschwanz,265,2021,2021-05-15,3,0,F,T,?,?,?,?,F,?,?,?,?,?,135
Hausrotschwanz,265,2021,2021-06-19,3,3,T,T,?,?,?,?,F,?,?,?,?,?,170
Hausrotschwanz,266,2018,2018-03-24,0,0,NA,NA,NA,NA,NA,NA,NA,NA,NA,NA,NA,NA,83
Hausrotschwanz,266,2018,2018-04-07,3,0,F,T,F,F,?,F,F,F,F,F,F,?,97
Hausrotschwanz,266,2018,2018-05-15,2,0,F,T,F,F,?,F,F,F,F,F,F,?,135
Hausrotschwanz,266,2018,2018-06-06,3,0,F,T,F,F,?,F,F,F,F,F,F,?,157
Hausrotschwanz,266,2020,2020-03-20,4,0,F,T,T,F,?,F,F,F,F,F,F,?,80
Hausrotschwanz,266,2020,2020-04-18,6,0,T,T,F,F,?,F,T,F,F,F,F,?,109
Hausrotschwanz,266,2020,2020-05-16,2,0,F,T,F,F,?,F,F,F,F,F,F,?,137
Hausrotschwanz,266,2020,2020-06-08,3,0,F,T,F,F,?,F,T,F,F,F,F,?,160
Hausrotschwanz,266,2021,2021-03-24,0,0,NA,NA,NA,NA,NA,NA,NA,NA,NA,NA,NA,NA,83
Hausrotschwanz,266,2021,2021-04-15,7,0,F,T,?,?,?,?,T,?,?,?,?,?,105
Hausrotschwanz,266,2021,2021-05-13,5,0,F,T,?,?,?,?,T,?,?,?,?,?,133
Hausrotschwanz,266,2021,2021-06-10,3,0,F,T,?,T,?,?,T,?,?,?,?,?,161
Hausrotschwanz,269,2018,2018-03-26,0,0,NA,NA,NA,NA,NA,NA,NA,NA,NA,NA,NA,NA,85
Hausrotschwanz,269,2018,2018-04-27,1,0,?,T,F,F,?,F,F,F,F,F,F,?,117
Hausrotschwanz,269,2018,2018-05-18,0,0,NA,NA,NA,NA,NA,NA,NA,NA,NA,NA,NA,NA,138
Hausrotschwanz,269,2018,2018-06-04,0,0,NA,NA,NA,NA,NA,NA,NA,NA,NA,NA,NA,NA,155
Hausrotschwanz,269,2020,2020-03-27,0,0,NA,NA,NA,NA,NA,NA,NA,NA,NA,NA,NA,NA,87
Hausrotschwanz,269,2020,2020-04-29,0,0,NA,NA,NA,NA,NA,NA,NA,NA,NA,NA,NA,NA,120
Hausrotschwanz,269,2020,2020-05-08,1,0,F,T,F,F,?,F,F,F,F,F,F,?,129
Hausrotschwanz,269,2020,2020-06-01,0,0,NA,NA,NA,NA,NA,NA,NA,NA,NA,NA,NA,NA,153
Hausrotschwanz,273,2019,2019-03-19,9,0,F,T,F,F,?,T,T,F,F,F,F,?,78
Hausrotschwanz,273,2019,2019-04-22,7,0,F,T,F,F,?,F,T,F,F,F,F,?,112
Hausrotschwanz,273,2019,2019-05-30,8,0,F,T,F,F,?,T,F,F,F,F,F,?,150
Hausrotschwanz,273,2019,2019-06-18,12,0,F,T,T,F,?,F,T,F,F,F,T,?,169
Hausrotschwanz,273,2020,2020-03-25,1,0,F,F,F,F,?,F,T,F,F,F,F,?,85
Hausrotschwanz,273,2020,2020-04-22,4,0,F,T,T,F,?,F,T,F,F,F,F,?,113
Hausrotschwanz,273,2020,2020-05-20,5,0,F,T,F,F,?,F,T,F,F,F,F,?,141
Hausrotschwanz,273,2020,2020-06-18,3,0,F,F,T,F,?,T,T,F,F,F,F,?,170
Hausrotschwanz,273,2021,2021-03-30,6,0,F,T,T,F,?,F,F,F,F,F,F,?,89
Hausrotschwanz,273,2021,2021-04-25,6,0,F,T,F,F,?,F,T,F,F,F,F,?,115
Hausrotschwanz,273,2021,2021-05-12,1,0,F,F,F,F,?,F,T,F,F,F,F,?,132
Hausrotschwanz,273,2021,2021-06-09,3,0,F,T,T,F,?,F,F,F,F,F,F,?,160
Hausrotschwanz,273,2022,2022-03-31,3,0,F,T,T,F,F,F,F,F,F,F,F,?,90
Hausrotschwanz,273,2022,2022-04-22,9,0,F,T,F,F,F,F,F,F,F,F,F,?,112
Hausrotschwanz,273,2022,2022-05-20,4,0,F,T,F,F,F,F,F,F,F,F,F,?,140
Hausrotschwanz,273,2022,2022-06-16,4,0,F,T,F,F,F,F,F,F,F,F,F,?,167
Hausrotschwanz,273,2023,2023-03-29,5,0,F,T,T,F,F,F,F,F,F,F,F,?,88
Hausrotschwanz,273,2023,2023-04-20,4,0,F,T,F,F,F,F,F,F,F,F,F,?,110
Hausrotschwanz,273,2023,2023-05-18,4,0,F,T,T,F,F,F,F,F,F,F,F,?,138
Hausrotschwanz,273,2023,2023-06-20,4,0,F,T,F,F,F,F,F,F,F,F,F,?,171
Hausrotschwanz,274,2019,2019-03-25,3,0,F,F,F,F,?,T,F,F,F,F,F,?,84
Hausrotschwanz,274,2019,2019-04-18,4,0,F,T,F,F,?,F,F,F,T,F,F,?,108
Hausrotschwanz,274,2019,2019-05-24,3,0,F,F,T,F,?,F,F,F,F,F,F,?,144
Hausrotschwanz,274,2019,2019-06-03,2,0,F,T,F,F,?,F,F,F,F,F,F,?,154
Hausrotschwanz,274,2020,2020-03-24,0,0,NA,NA,NA,NA,NA,NA,NA,NA,NA,NA,NA,NA,84
Hausrotschwanz,274,2020,2020-04-27,1,0,F,T,F,F,?,F,F,F,F,F,F,?,118
Hausrotschwanz,274,2020,2020-05-19,1,0,F,F,F,F,?,F,F,F,F,F,F,?,140
Hausrotschwanz,274,2020,2020-06-17,0,0,NA,NA,NA,NA,NA,NA,NA,NA,NA,NA,NA,NA,169
Hausrotschwanz,274,2021,2021-03-25,0,0,NA,NA,NA,NA,NA,NA,NA,NA,NA,NA,NA,NA,84
Hausrotschwanz,274,2021,2021-04-28,2,0,F,F,F,F,?,F,T,F,F,F,F,?,118
Hausrotschwanz,274,2021,2021-05-10,2,0,F,T,F,F,?,F,T,F,F,F,F,?,130
Hausrotschwanz,274,2021,2021-06-18,1,0,F,F,F,F,?,F,T,F,F,F,F,?,169
Hausrotschwanz,274,2022,2022-03-31,2,0,F,T,F,F,F,F,F,F,F,F,F,?,90
Hausrotschwanz,274,2022,2022-04-28,1,0,F,T,F,F,F,F,F,F,F,F,F,?,118
Hausrotschwanz,274,2022,2022-05-19,7,0,F,T,F,F,F,F,F,F,F,F,F,?,139
Hausrotschwanz,274,2022,2022-06-08,2,0,F,T,F,T,F,F,F,F,F,F,F,?,159
Hausrotschwanz,274,2023,2023-03-28,4,0,F,T,F,F,F,F,F,F,F,F,F,?,87
Hausrotschwanz,274,2023,2023-04-25,3,0,F,T,F,F,F,F,F,F,F,F,F,?,115
Hausrotschwanz,274,2023,2023-05-16,0,0,NA,NA,NA,NA,NA,NA,NA,NA,NA,NA,NA,NA,136
Hausrotschwanz,274,2023,2023-06-16,1,0,F,T,F,F,F,F,F,F,F,F,F,?,167
Hausrotschwanz,275,2019,2019-03-26,19,0,F,T,F,F,?,F,F,F,F,F,F,?,85
Hausrotschwanz,275,2019,2019-04-16,11,0,F,T,T,F,?,F,T,F,F,F,F,?,106
Hausrotschwanz,275,2019,2019-05-09,38,0,F,T,F,F,T,T,T,F,F,F,F,?,129
Hausrotschwanz,275,2020,2020-03-24,3,0,F,T,F,F,?,F,F,F,F,F,F,?,84
Hausrotschwanz,275,2020,2020-04-27,10,0,F,T,T,F,?,F,T,F,F,F,F,?,118
Hausrotschwanz,275,2020,2020-05-19,7,0,T,T,T,F,?,F,T,F,F,F,F,?,140
Hausrotschwanz,275,2020,2020-06-17,7,0,F,T,T,F,?,F,T,F,F,F,F,?,169
Hausrotschwanz,275,2021,2021-03-25,5,0,F,F,F,F,?,F,F,F,F,F,F,?,84
Hausrotschwanz,275,2021,2021-04-28,7,0,F,T,F,F,?,F,T,F,F,F,F,?,118
Hausrotschwanz,275,2021,2021-05-10,8,0,F,T,F,F,?,F,T,F,F,F,F,?,130
Hausrotschwanz,275,2021,2021-06-18,1,0,F,F,F,F,?,F,F,F,F,F,F,?,169
Hausrotschwanz,275,2022,2022-04-27,3,0,F,T,F,F,F,F,F,F,F,F,F,?,117
Hausrotschwanz,275,2022,2022-05-19,2,0,F,T,F,F,F,F,F,F,F,F,F,?,139
Hausrotschwanz,275,2022,2022-06-08,4,0,F,T,F,T,F,F,F,F,F,F,F,?,159
Hausrotschwanz,275,2022,2022-03-31,1,0,F,T,F,F,F,F,F,F,F,F,F,?,90
Hausrotschwanz,275,2023,2023-03-15,13,0,F,T,F,F,F,F,F,F,F,F,F,?,74
Hausrotschwanz,275,2023,2023-04-25,9,0,F,T,F,F,F,F,F,F,F,F,F,?,115
Hausrotschwanz,275,2023,2023-05-16,6,0,F,T,F,F,F,F,F,F,F,F,F,?,136
Hausrotschwanz,281,2018,2018-03-18,5,0,F,T,F,F,?,F,T,F,F,F,F,?,77
Hausrotschwanz,281,2018,2018-04-19,10,0,F,T,F,F,?,F,T,F,F,F,F,?,109
Hausrotschwanz,281,2018,2018-05-18,9,0,F,T,F,F,T,F,T,F,F,F,F,?,138
Hausrotschwanz,281,2018,2018-06-07,5,0,F,T,F,F,?,F,F,F,F,F,F,?,158
Hausrotschwanz,281,2020,2020-03-18,3,0,F,T,F,F,?,F,F,F,F,F,F,?,78
Hausrotschwanz,281,2020,2020-04-18,9,0,F,T,F,F,?,T,F,F,F,F,F,?,109
Hausrotschwanz,281,2020,2020-05-08,9,0,F,T,T,F,?,T,T,F,F,F,F,?,129
Hausrotschwanz,281,2020,2020-06-15,7,0,F,T,F,F,?,F,T,F,F,F,T,?,167
Hausrotschwanz,281,2021,2021-03-31,8,0,F,T,F,F,?,T,T,F,F,F,F,?,90
Hausrotschwanz,281,2021,2021-04-23,2,0,F,T,F,F,?,F,F,F,F,F,F,?,113
Hausrotschwanz,281,2021,2021-05-14,7,0,F,T,F,F,?,T,F,F,F,F,F,?,134
Hausrotschwanz,281,2021,2021-06-11,7,0,F,T,F,F,?,F,T,F,F,F,F,?,162
Hausrotschwanz,283,2020,2020-03-26,0,0,NA,NA,NA,NA,NA,NA,NA,NA,NA,NA,NA,NA,86
Hausrotschwanz,283,2020,2020-04-25,0,0,NA,NA,NA,NA,NA,NA,NA,NA,NA,NA,NA,NA,116
Hausrotschwanz,283,2020,2020-05-20,1,0,F,T,F,F,?,F,F,F,F,F,F,?,141
Hausrotschwanz,283,2020,2020-06-20,0,0,NA,NA,NA,NA,NA,NA,NA,NA,NA,NA,NA,NA,172
Hausrotschwanz,284,2018,2018-03-24,0,0,NA,NA,NA,NA,NA,NA,NA,NA,NA,NA,NA,NA,83
Hausrotschwanz,284,2018,2018-04-18,9,0,?,F,F,F,?,F,F,F,F,F,F,?,108
Hausrotschwanz,284,2018,2018-05-17,8,0,?,F,F,F,?,F,F,F,F,F,F,?,137
Hausrotschwanz,284,2018,2018-06-27,10,0,?,F,F,F,?,F,F,F,F,F,F,?,178
Hausrotschwanz,284,2020,2020-03-16,5,0,F,F,F,F,?,F,F,F,F,F,F,?,76
Hausrotschwanz,284,2020,2020-04-20,3,0,F,T,F,F,?,F,F,F,F,F,F,?,111
Hausrotschwanz,284,2020,2020-05-20,7,0,F,T,F,F,?,F,F,F,F,F,F,?,141
Hausrotschwanz,284,2020,2020-06-19,9,0,F,T,F,F,?,F,F,F,F,F,F,?,171
Hausrotschwanz,284,2021,2021-03-24,0,0,NA,NA,NA,NA,NA,NA,NA,NA,NA,NA,NA,NA,83
Hausrotschwanz,284,2021,2021-04-21,9,0,F,T,F,F,?,F,F,F,F,F,F,?,111
Hausrotschwanz,284,2021,2021-05-14,3,0,F,T,F,F,?,F,F,F,F,F,F,?,134
Hausrotschwanz,284,2021,2021-06-16,7,0,F,T,F,F,?,F,F,F,F,F,F,?,167
Hausrotschwanz,286,2020,2020-03-17,3,0,F,T,F,F,?,F,F,F,F,F,F,?,77
Hausrotschwanz,286,2020,2020-04-24,9,0,F,T,F,F,?,F,F,F,F,F,F,?,115
Hausrotschwanz,286,2020,2020-05-16,1,0,F,F,F,F,?,F,F,F,F,F,F,?,137
Hausrotschwanz,286,2020,2020-06-25,5,0,F,T,F,F,?,F,F,F,F,F,F,?,177
Hausrotschwanz,286,2021,2021-03-22,1,0,F,F,F,F,?,F,F,F,F,F,F,?,81
Hausrotschwanz,286,2021,2021-04-24,4,0,F,T,F,F,?,F,F,F,F,F,F,?,114
Hausrotschwanz,286,2021,2021-05-20,3,0,F,T,F,F,?,F,F,F,F,F,F,?,140
Hausrotschwanz,286,2021,2021-06-20,6,0,F,T,F,F,?,F,F,F,F,F,F,?,171
Hausrotschwanz,289,2018,2018-03-25,0,0,NA,NA,NA,NA,NA,NA,NA,NA,NA,NA,NA,NA,84
Hausrotschwanz,289,2018,2018-05-31,1,0,F,T,F,F,?,F,F,F,F,F,F,?,151
Hausrotschwanz,289,2018,2018-04-12,1,0,F,T,F,F,?,F,F,F,F,F,F,?,102
Hausrotschwanz,289,2020,2020-03-17,0,0,NA,NA,NA,NA,NA,NA,NA,NA,NA,NA,NA,NA,77
Hausrotschwanz,289,2020,2020-04-05,0,0,NA,NA,NA,NA,NA,NA,NA,NA,NA,NA,NA,NA,96
Hausrotschwanz,289,2020,2020-05-16,1,0,F,F,F,F,?,F,F,F,F,F,F,?,137
Hausrotschwanz,289,2020,2020-06-08,1,0,F,T,F,F,?,F,F,F,F,F,F,?,160
Hausrotschwanz,290,2019,2019-03-31,18,18,T,T,T,F,?,F,F,F,F,F,F,?,90
Hausrotschwanz,290,2019,2019-04-18,19,0,F,T,T,F,?,F,F,F,F,F,F,?,108
Hausrotschwanz,290,2019,2019-05-13,7,0,F,T,T,F,?,F,F,F,F,F,F,?,133
Hausrotschwanz,290,2019,2019-06-08,16,0,F,T,T,F,?,F,T,F,F,F,F,?,159
Hausrotschwanz,290,2020,2020-03-20,6,0,F,T,T,F,?,F,T,F,F,F,F,?,80
Hausrotschwanz,290,2020,2020-04-25,4,0,F,T,F,F,?,F,F,F,F,F,F,?,116
Hausrotschwanz,290,2020,2020-05-18,2,0,F,F,F,F,?,F,T,F,F,F,F,?,139
Hausrotschwanz,290,2020,2020-06-19,4,0,F,T,F,F,?,F,T,F,F,F,F,?,171
Hausrotschwanz,290,2021,2021-03-24,0,0,NA,NA,NA,NA,NA,NA,NA,NA,NA,NA,NA,NA,83
Hausrotschwanz,290,2021,2021-04-21,5,0,T,T,T,F,?,F,T,F,F,F,F,?,111
Hausrotschwanz,290,2021,2021-05-20,6,0,F,T,F,F,?,F,T,F,F,F,F,?,140
Hausrotschwanz,290,2021,2021-06-16,4,0,F,T,F,F,?,F,T,F,F,F,F,?,167
Hausrotschwanz,290,2022,2022-03-23,4,0,F,T,F,F,F,F,F,F,F,F,F,?,82
Hausrotschwanz,290,2022,2022-04-20,9,0,F,T,F,F,F,F,F,F,F,F,F,?,110
Hausrotschwanz,290,2022,2022-05-10,1,0,F,T,F,F,F,F,F,F,F,F,F,?,130
Hausrotschwanz,290,2022,2022-06-08,3,0,F,T,F,F,F,F,F,F,F,F,F,?,159
Hausrotschwanz,290,2023,2023-03-21,5,0,F,T,F,F,F,F,F,F,F,F,F,?,80
Hausrotschwanz,290,2023,2023-04-13,2,0,F,T,F,F,F,F,F,F,F,F,F,?,103
Hausrotschwanz,290,2023,2023-05-10,1,0,F,T,F,F,F,F,F,F,F,F,F,?,130
Hausrotschwanz,290,2023,2023-06-13,7,0,F,T,T,T,F,F,F,F,F,F,F,?,164
Hausrotschwanz,295,2018,2018-03-24,2,0,?,T,F,F,?,F,F,F,F,F,F,?,83
Hausrotschwanz,295,2018,2018-04-14,5,0,?,T,F,F,?,F,F,F,F,F,F,?,104
Hausrotschwanz,295,2018,2018-05-12,3,0,?,T,F,F,?,F,F,F,F,F,F,?,132
Hausrotschwanz,295,2018,2018-06-09,8,0,?,T,F,F,?,F,F,F,F,F,T,?,160
Hausrotschwanz,295,2020,2020-03-18,7,0,F,T,F,F,?,F,T,F,F,F,F,?,78
Hausrotschwanz,295,2020,2020-04-08,19,0,T,T,F,F,?,F,T,F,F,F,F,?,99
Hausrotschwanz,295,2020,2020-05-09,16,0,T,T,T,F,?,F,T,F,F,F,F,?,130
Hausrotschwanz,295,2020,2020-06-13,23,0,F,T,F,T,?,T,F,F,F,F,T,?,165
Hausrotschwanz,295,2021,2021-03-28,10,0,F,T,?,?,?,?,T,?,?,?,?,?,87
Hausrotschwanz,295,2021,2021-04-17,7,0,F,T,?,?,?,?,T,?,?,?,?,?,107
Hausrotschwanz,295,2021,2021-05-09,7,0,F,T,?,?,?,?,F,?,?,?,?,?,129
Hausrotschwanz,295,2021,2021-05-24,13,0,F,T,?,?,?,?,T,?,?,?,?,?,144
Hausrotschwanz,299,2020,2020-04-06,1,0,F,F,F,F,?,F,F,F,F,F,F,?,97
Hausrotschwanz,299,2020,2020-05-10,0,0,NA,NA,NA,NA,NA,NA,NA,NA,NA,NA,NA,NA,131
Hausrotschwanz,299,2020,2020-06-20,0,0,NA,NA,NA,NA,NA,NA,NA,NA,NA,NA,NA,NA,172
Hausrotschwanz,299,2020,2020-03-19,1,0,F,F,F,F,?,F,F,F,F,F,F,?,79
Hausrotschwanz,299,2021,2021-03-27,0,0,NA,NA,NA,NA,NA,NA,NA,NA,NA,NA,NA,NA,86
Hausrotschwanz,299,2021,2021-04-10,1,0,F,T,?,?,?,?,F,?,?,?,?,?,100
Hausrotschwanz,299,2021,2021-05-16,0,0,NA,NA,NA,NA,NA,NA,NA,NA,NA,NA,NA,NA,136
Hausrotschwanz,299,2021,2021-06-12,0,0,NA,NA,NA,NA,NA,NA,NA,NA,NA,NA,NA,NA,163
Hausrotschwanz,301,2018,2018-03-24,0,0,NA,NA,NA,NA,NA,NA,NA,NA,NA,NA,NA,NA,83
Hausrotschwanz,301,2018,2018-04-14,4,0,?,T,F,F,?,F,F,F,F,F,F,?,104
Hausrotschwanz,301,2018,2018-05-11,1,0,?,T,F,F,?,F,F,F,F,F,F,?,131
Hausrotschwanz,301,2018,2018-06-02,3,0,?,T,F,F,?,F,F,F,F,F,F,?,153
Hausrotschwanz,301,2020,2020-03-29,3,0,F,T,F,F,?,T,F,F,F,F,F,?,89
Hausrotschwanz,301,2020,2020-04-18,1,0,F,T,F,F,?,F,F,F,F,F,F,?,109
Hausrotschwanz,301,2020,2020-05-08,3,0,F,T,F,F,?,F,F,F,T,F,F,?,129
Hausrotschwanz,301,2020,2020-06-08,8,0,T,T,T,F,?,F,F,F,F,F,F,?,160
Hausrotschwanz,301,2021,2021-03-26,2,0,F,T,T,F,?,F,F,F,F,F,F,?,85
Hausrotschwanz,301,2021,2021-04-17,5,0,F,T,F,F,?,F,F,F,F,F,F,?,107
Hausrotschwanz,301,2021,2021-05-11,3,0,F,T,F,F,?,F,F,F,F,F,F,?,131
Hausrotschwanz,301,2021,2021-06-06,1,0,F,T,F,T,?,F,F,F,F,F,F,?,157
Hausrotschwanz,303,2019,2019-03-18,0,0,NA,NA,NA,NA,NA,NA,NA,NA,NA,NA,NA,NA,77
Hausrotschwanz,303,2019,2019-04-12,14,0,F,T,F,F,?,T,T,F,F,F,F,?,102
Hausrotschwanz,303,2019,2019-05-06,11,0,F,T,F,F,?,F,T,F,F,F,F,?,126
Hausrotschwanz,303,2019,2019-06-02,17,0,F,T,T,F,?,F,F,F,F,F,F,?,153
Hausrotschwanz,303,2020,2020-03-28,14,0,F,T,F,F,?,F,T,F,F,F,F,?,88
Hausrotschwanz,303,2020,2020-04-18,14,0,F,T,T,F,?,F,T,F,F,F,F,?,109
Hausrotschwanz,303,2020,2020-05-09,12,0,F,T,F,F,?,F,T,F,F,F,F,?,130
Hausrotschwanz,303,2020,2020-06-08,12,0,F,T,T,F,?,F,F,F,F,F,F,?,160
Hausrotschwanz,303,2021,2021-03-29,9,0,F,T,F,F,?,F,T,F,F,F,F,?,88
Hausrotschwanz,303,2021,2021-04-19,13,0,F,T,F,F,?,F,T,F,F,F,F,?,109
Hausrotschwanz,303,2021,2021-05-10,11,0,F,T,T,F,?,F,T,F,F,F,F,?,130
Hausrotschwanz,303,2021,2021-06-04,15,0,F,T,T,F,?,F,T,F,F,F,F,?,155
Hausrotschwanz,303,2022,2022-03-26,8,0,F,T,T,F,F,F,F,F,F,F,F,?,85
Hausrotschwanz,303,2022,2022-04-17,11,0,F,T,T,F,T,F,T,F,F,F,F,?,107
Hausrotschwanz,303,2022,2022-05-12,15,0,F,T,F,F,T,F,F,F,F,F,F,?,132
Hausrotschwanz,303,2022,2022-06-03,10,0,F,T,T,F,F,F,T,F,F,F,F,?,154
Hausrotschwanz,303,2023,2023-03-23,5,0,F,T,F,F,F,F,T,F,F,F,F,?,82
Hausrotschwanz,303,2023,2023-04-15,13,0,F,T,F,F,F,F,T,F,F,F,F,?,105
Hausrotschwanz,303,2023,2023-05-11,6,0,F,T,T,F,F,F,F,F,F,F,F,?,131
Hausrotschwanz,303,2023,2023-06-04,14,0,F,T,T,F,F,F,F,F,F,F,T,?,155
Hausrotschwanz,306,2018,2018-03-26,1,0,F,T,F,F,?,F,F,F,F,F,F,?,85
Hausrotschwanz,306,2018,2018-04-21,1,0,F,T,F,F,?,T,F,F,F,F,F,?,111
Hausrotschwanz,306,2018,2018-06-11,0,0,NA,NA,NA,NA,NA,NA,NA,NA,NA,NA,NA,NA,162
Hausrotschwanz,306,2018,2018-05-08,3,3,T,T,F,F,?,F,F,F,F,F,F,?,128
Hausrotschwanz,306,2020,2020-03-17,1,0,F,F,F,F,?,F,F,F,F,F,F,?,77
Hausrotschwanz,306,2020,2020-04-17,4,0,F,T,F,F,?,F,T,F,F,F,F,?,108
Hausrotschwanz,306,2020,2020-05-20,2,0,F,T,F,F,?,F,F,F,F,F,F,?,141
Hausrotschwanz,306,2020,2020-06-18,10,0,T,T,F,F,?,F,T,F,F,F,F,?,170
Hausrotschwanz,307,2020,2020-03-28,1,0,F,T,F,F,?,F,F,F,F,F,F,?,88
Hausrotschwanz,307,2020,2020-04-10,6,0,F,T,F,F,T,F,F,F,T,F,F,?,101
Hausrotschwanz,307,2021,2021-04-03,1,0,?,T,?,?,?,?,?,?,?,?,?,?,93
Hausrotschwanz,307,2021,2021-04-11,2,0,?,T,?,?,?,?,?,?,?,?,?,?,101
Hausrotschwanz,307,2021,2021-05-15,1,0,?,T,?,?,?,?,?,?,?,?,?,?,135
Hausrotschwanz,307,2021,2021-06-13,0,0,NA,NA,NA,NA,NA,NA,NA,NA,NA,NA,NA,NA,164
Hausrotschwanz,308,2019,2019-03-21,5,0,F,T,F,F,?,F,F,F,F,F,F,?,80
Hausrotschwanz,308,2019,2019-04-18,9,0,F,T,F,F,?,T,T,F,F,F,F,?,108
Hausrotschwanz,308,2019,2019-05-16,7,0,F,T,T,F,?,F,T,F,F,F,F,?,136
Hausrotschwanz,308,2019,2019-06-14,13,0,F,T,F,F,?,T,T,F,F,F,F,?,165
Hausrotschwanz,308,2020,2020-03-28,15,0,F,T,F,F,?,F,T,F,F,F,F,?,88
Hausrotschwanz,308,2020,2020-04-18,17,0,F,T,F,F,?,F,T,F,F,F,F,?,109
Hausrotschwanz,308,2020,2020-05-19,23,0,F,T,F,F,?,T,T,F,T,F,F,?,140
Hausrotschwanz,308,2020,2020-06-20,21,0,F,T,T,F,?,T,T,F,F,F,T,?,172
Hausrotschwanz,308,2021,2021-03-24,4,0,?,T,F,F,?,F,T,?,F,F,F,?,83
Hausrotschwanz,308,2021,2021-04-17,13,0,?,T,T,F,?,F,T,?,F,F,F,?,107
Hausrotschwanz,308,2021,2021-05-14,13,0,?,T,F,F,?,F,T,?,F,F,F,?,134
Hausrotschwanz,308,2021,2021-06-15,15,0,?,T,T,F,?,T,T,?,F,F,T,?,166
Hausrotschwanz,308,2022,2022-03-21,6,0,F,T,F,F,?,F,F,F,F,F,F,?,80
Hausrotschwanz,308,2022,2022-04-21,15,0,F,T,F,F,?,T,F,F,F,F,F,?,111
Hausrotschwanz,308,2022,2022-05-11,16,0,F,T,F,F,?,T,F,F,F,F,F,?,131
Hausrotschwanz,308,2022,2022-06-06,10,0,F,T,F,F,?,F,T,F,F,F,F,?,157
Hausrotschwanz,308,2023,2023-03-24,13,0,F,T,F,F,F,F,F,F,F,F,F,?,83
Hausrotschwanz,308,2023,2023-04-18,18,0,F,T,F,F,F,T,F,F,F,F,F,?,108
Hausrotschwanz,308,2023,2023-05-12,14,0,F,T,F,F,F,F,F,F,F,F,F,?,132
Hausrotschwanz,308,2023,2023-06-12,12,0,F,T,F,F,F,F,F,F,F,F,F,?,163
Hausrotschwanz,309,2018,2018-03-25,0,0,NA,NA,NA,NA,NA,NA,NA,NA,NA,NA,NA,NA,84
Hausrotschwanz,309,2018,2018-04-07,1,0,?,T,F,F,?,F,F,F,F,F,F,?,97
Hausrotschwanz,309,2018,2018-05-11,2,0,?,T,F,F,?,F,F,F,F,F,F,?,131
Hausrotschwanz,309,2018,2018-06-03,2,0,?,T,F,F,?,F,T,F,T,F,F,?,154
Hausrotschwanz,309,2020,2020-03-20,3,0,F,F,F,F,T,F,F,F,T,F,F,?,80
Hausrotschwanz,309,2020,2020-04-09,3,0,F,T,F,F,?,F,F,F,F,F,F,?,100
Hausrotschwanz,309,2020,2020-05-07,3,0,F,T,F,F,?,F,F,F,F,F,F,?,128
Hausrotschwanz,309,2020,2020-06-03,5,0,F,T,F,F,?,F,F,F,F,F,F,?,155
Hausrotschwanz,309,2021,2021-03-28,3,0,F,T,F,F,?,F,F,F,F,F,F,?,87
Hausrotschwanz,309,2021,2021-04-27,3,0,F,T,F,F,?,F,F,F,F,F,F,?,117
Hausrotschwanz,309,2021,2021-05-09,3,0,F,T,F,F,?,F,F,F,F,F,F,?,129
Hausrotschwanz,309,2021,2021-06-02,6,0,F,T,F,F,?,F,T,F,F,F,F,?,153
Hausrotschwanz,310,2021,2021-03-28,0,0,NA,NA,NA,NA,NA,NA,NA,NA,NA,NA,NA,NA,87
Hausrotschwanz,310,2021,2021-04-24,0,0,NA,NA,NA,NA,NA,NA,NA,NA,NA,NA,NA,NA,114
Hausrotschwanz,310,2021,2021-05-15,1,0,F,T,F,F,?,F,F,F,F,F,F,?,135
Hausrotschwanz,310,2021,2021-06-12,0,0,NA,NA,NA,NA,NA,NA,NA,NA,NA,NA,NA,NA,163
Hausrotschwanz,311,2019,2019-03-20,1,0,F,T,F,F,?,F,F,F,F,F,F,?,79
Hausrotschwanz,311,2019,2019-04-13,6,0,F,T,F,F,?,T,F,F,F,F,F,?,103
Hausrotschwanz,311,2019,2019-05-13,5,0,F,T,F,F,?,F,T,F,F,F,F,?,133
Hausrotschwanz,311,2019,2019-06-06,6,0,F,T,T,F,?,F,F,F,F,F,F,?,157
Hausrotschwanz,311,2020,2020-03-19,4,0,F,T,F,F,?,T,F,F,F,F,F,?,79
Hausrotschwanz,311,2020,2020-04-16,5,0,F,T,F,F,?,T,F,F,F,F,F,?,107
Hausrotschwanz,311,2020,2020-05-16,5,0,F,T,F,F,?,F,T,F,F,F,F,?,137
Hausrotschwanz,311,2020,2020-06-08,8,0,F,T,F,F,?,T,T,F,F,F,T,?,160
Hausrotschwanz,311,2021,2021-03-26,1,0,?,T,F,F,?,F,F,?,F,F,F,?,85
Hausrotschwanz,311,2021,2021-04-15,6,0,?,T,F,F,?,F,F,?,F,F,F,?,105
Hausrotschwanz,311,2021,2021-05-13,11,0,?,T,F,F,?,F,F,?,F,F,F,?,133
Hausrotschwanz,311,2021,2021-06-05,7,0,?,T,F,F,?,T,T,?,T,T,F,?,156
Hausrotschwanz,311,2021,2011-05-13,0,0,NA,NA,NA,NA,NA,NA,NA,NA,NA,NA,NA,NA,133
Hausrotschwanz,311,2022,2022-03-24,4,0,F,T,F,F,?,F,F,F,F,F,F,?,83
Hausrotschwanz,311,2022,2022-04-20,9,0,F,T,F,F,?,T,F,F,T,T,F,?,110
Hausrotschwanz,311,2022,2022-05-04,7,0,F,T,F,F,?,T,F,F,F,F,F,?,124
Hausrotschwanz,311,2022,2022-06-02,6,0,F,T,T,F,?,T,F,F,F,F,F,?,153
Hausrotschwanz,311,2023,2023-03-24,3,0,F,T,F,F,F,F,F,F,F,F,F,?,83
Hausrotschwanz,311,2023,2023-04-20,4,0,F,T,F,F,F,T,F,F,F,F,F,?,110
Hausrotschwanz,311,2023,2023-05-13,5,0,F,T,F,T,F,F,T,F,F,F,F,?,133
Hausrotschwanz,311,2023,2023-06-05,8,0,F,T,F,T,F,F,F,F,T,F,F,?,156
Hausrotschwanz,313,2018,2018-03-30,0,0,NA,NA,NA,NA,NA,NA,NA,NA,NA,NA,NA,NA,89
Hausrotschwanz,313,2018,2018-04-27,3,0,F,T,F,F,?,F,F,F,T,F,F,?,117
Hausrotschwanz,313,2018,2018-05-19,4,0,F,T,F,F,?,F,T,F,F,F,F,?,139
Hausrotschwanz,313,2018,2018-06-19,2,0,F,T,F,F,?,F,F,F,F,F,F,?,170
Hausrotschwanz,313,2020,2020-03-28,8,0,F,T,F,F,?,T,T,F,F,F,F,?,88
Hausrotschwanz,313,2020,2020-05-05,9,0,F,T,T,F,?,F,F,F,F,F,F,?,126
Hausrotschwanz,313,2020,2020-05-26,7,0,F,T,F,T,?,F,F,F,F,F,F,?,147
Hausrotschwanz,313,2020,2020-06-20,6,0,F,T,F,F,?,F,F,F,F,F,F,?,172
Hausrotschwanz,313,2021,2021-04-02,3,0,F,T,F,F,?,F,F,F,F,F,F,?,92
Hausrotschwanz,313,2021,2021-05-04,8,0,F,T,F,F,?,F,T,F,F,F,F,?,124
Hausrotschwanz,313,2021,2021-05-31,5,0,F,T,F,F,?,F,T,F,T,F,F,?,151
Hausrotschwanz,313,2021,2021-06-20,1,0,F,T,F,F,?,F,F,F,F,F,F,?,171
Hausrotschwanz,316,2019,2019-03-26,7,0,F,T,T,F,?,F,F,F,F,F,F,?,85
Hausrotschwanz,316,2019,2019-04-24,11,0,F,T,F,F,?,F,T,F,F,F,F,?,114
Hausrotschwanz,316,2019,2019-05-17,4,0,F,T,F,F,?,F,F,F,F,F,F,?,137
Hausrotschwanz,316,2019,2019-06-14,3,0,F,T,F,F,?,F,F,F,F,T,F,?,165
Hausrotschwanz,316,2020,2020-03-28,12,0,F,T,F,F,?,F,F,F,F,F,F,?,88
Hausrotschwanz,316,2020,2020-04-24,11,0,F,T,F,F,?,F,F,F,F,F,F,?,115
Hausrotschwanz,316,2020,2020-05-20,8,0,F,T,T,F,?,F,F,F,F,F,F,?,141
Hausrotschwanz,316,2020,2020-06-18,6,0,F,T,F,F,?,F,F,F,F,F,F,?,170
Hausrotschwanz,316,2021,2021-03-29,7,0,?,T,F,F,?,F,F,?,F,F,F,?,88
Hausrotschwanz,316,2021,2021-04-21,12,0,?,T,F,F,?,T,F,?,F,T,F,?,111
Hausrotschwanz,316,2021,2021-05-08,11,0,?,T,F,F,?,T,F,?,F,F,F,?,128
Hausrotschwanz,316,2021,2021-06-10,6,0,?,T,F,T,?,F,F,?,F,F,F,?,161
Hausrotschwanz,316,2022,2022-03-23,1,0,F,T,F,F,?,F,F,F,F,F,F,?,82
Hausrotschwanz,316,2022,2022-04-23,7,0,F,T,F,F,?,F,F,F,F,F,F,?,113
Hausrotschwanz,316,2022,2022-05-19,8,0,F,T,F,F,?,F,F,F,T,F,F,?,139
Hausrotschwanz,316,2022,2022-06-15,7,0,F,T,F,F,?,F,F,F,T,T,F,?,166
Hausrotschwanz,316,2023,2023-03-24,7,0,F,T,F,F,F,F,F,F,F,F,F,?,83
Hausrotschwanz,316,2023,2023-04-29,9,0,F,T,F,F,F,F,F,F,F,F,F,?,119
Hausrotschwanz,316,2023,2023-05-17,4,0,F,T,F,F,F,F,F,F,F,F,F,?,137
Hausrotschwanz,316,2023,2023-06-16,5,0,F,T,F,F,F,F,T,F,F,F,F,?,167
Hausrotschwanz,317,2019,2019-03-22,4,0,F,T,F,F,?,F,F,F,F,F,F,?,81
Hausrotschwanz,317,2019,2019-04-19,5,0,F,T,F,F,?,T,T,F,F,F,F,?,109
Hausrotschwanz,317,2019,2019-05-01,6,0,F,T,F,F,?,T,T,F,F,F,F,?,121
Hausrotschwanz,317,2019,2019-05-31,5,0,F,T,F,F,?,T,F,F,T,T,F,?,151
Hausrotschwanz,317,2020,2020-03-26,1,0,F,T,F,F,?,F,F,F,F,F,F,?,86
Hausrotschwanz,317,2020,2020-04-17,4,0,F,T,F,F,?,F,F,F,F,F,F,?,108
Hausrotschwanz,317,2020,2020-05-04,5,0,F,T,F,F,?,F,T,F,F,F,F,?,125
Hausrotschwanz,317,2020,2020-06-01,7,0,F,T,F,F,?,F,T,F,F,F,F,?,153
Hausrotschwanz,317,2021,2021-03-26,3,0,?,T,F,F,?,F,F,?,F,F,F,?,85
Hausrotschwanz,317,2021,2021-04-10,3,0,?,T,F,F,?,F,T,?,F,F,F,?,100
Hausrotschwanz,317,2021,2021-05-01,5,0,?,T,F,F,?,T,F,?,F,F,F,?,121
Hausrotschwanz,317,2021,2021-06-11,6,0,?,T,T,T,?,T,F,?,F,F,T,?,162
Hausrotschwanz,317,2022,2022-03-23,3,0,F,T,F,F,?,T,F,F,F,F,F,?,82
Hausrotschwanz,317,2022,2022-04-20,3,0,F,T,F,F,?,F,F,F,F,F,F,?,110
Hausrotschwanz,317,2022,2022-05-03,6,0,F,T,F,F,?,F,F,F,F,F,F,?,123
Hausrotschwanz,317,2022,2022-06-03,4,0,F,T,F,F,?,F,T,F,F,F,F,?,154
Hausrotschwanz,317,2023,2023-03-23,4,0,F,T,F,F,F,T,F,F,F,F,F,?,82
Hausrotschwanz,317,2023,2023-04-25,6,0,F,T,F,F,F,F,F,F,F,F,F,?,115
Hausrotschwanz,317,2023,2023-05-14,2,0,F,T,F,F,F,F,F,F,F,F,F,?,134
Hausrotschwanz,317,2023,2023-05-30,6,0,F,T,F,F,F,F,T,F,F,F,F,?,150
Hausrotschwanz,319,2019,2019-03-30,7,0,F,T,F,F,?,T,T,F,F,F,F,?,89
Hausrotschwanz,319,2019,2019-04-11,7,0,F,T,F,F,?,T,T,F,F,F,F,?,101
Hausrotschwanz,319,2019,2019-05-02,8,0,F,T,T,F,?,F,T,F,F,F,F,?,122
Hausrotschwanz,319,2019,2019-05-31,7,0,F,T,F,F,?,F,T,F,T,F,T,?,151
Hausrotschwanz,319,2020,2020-03-27,2,0,F,T,F,F,?,F,T,F,F,F,F,?,87
Hausrotschwanz,319,2020,2020-04-10,10,0,F,T,T,F,?,T,T,F,F,F,F,?,101
Hausrotschwanz,319,2020,2020-05-07,6,0,F,T,F,F,?,T,T,F,F,F,F,?,128
Hausrotschwanz,319,2020,2020-06-03,13,0,F,T,F,F,?,T,T,F,T,F,T,?,155
Hausrotschwanz,319,2020,2020-06-08,0,0,NA,NA,NA,NA,NA,NA,NA,NA,NA,NA,NA,NA,160
Hausrotschwanz,319,2020,2020-05-17,0,0,NA,NA,NA,NA,NA,NA,NA,NA,NA,NA,NA,NA,138
Hausrotschwanz,319,2021,2021-03-25,1,0,?,T,F,F,?,F,F,?,F,F,F,?,84
Hausrotschwanz,319,2021,2021-04-14,5,0,?,T,F,F,?,F,F,?,F,F,F,?,104
Hausrotschwanz,319,2021,2021-05-03,8,0,?,T,F,F,?,T,F,?,F,F,F,?,123
Hausrotschwanz,319,2021,2021-06-09,8,0,?,T,F,F,?,F,T,?,F,F,T,?,160
Hausrotschwanz,319,2022,2022-03-21,2,0,F,T,F,F,?,F,F,F,F,F,F,?,80
Hausrotschwanz,319,2022,2022-04-14,10,0,F,T,F,F,?,F,F,F,F,F,F,?,104
Hausrotschwanz,319,2022,2022-05-03,5,0,F,T,F,F,?,T,F,F,F,F,F,?,123
Hausrotschwanz,319,2022,2022-06-01,5,0,F,T,T,F,?,T,F,F,T,T,F,?,152
Hausrotschwanz,319,2023,2023-03-17,0,0,NA,NA,NA,NA,NA,NA,NA,NA,NA,NA,NA,NA,76
Hausrotschwanz,319,2023,2023-04-14,4,0,F,T,F,F,F,F,T,F,F,F,F,?,104
Hausrotschwanz,319,2023,2023-05-03,1,0,F,T,F,F,F,F,F,F,F,F,F,?,123
Hausrotschwanz,319,2023,2023-06-02,9,0,F,T,F,T,F,F,T,F,F,F,F,?,153
Hausrotschwanz,320,2019,2019-03-21,1,0,F,F,F,F,?,F,F,F,F,F,F,?,80
Hausrotschwanz,320,2019,2019-04-16,4,0,F,T,F,F,?,F,F,F,F,F,F,?,106
Hausrotschwanz,320,2019,2019-05-10,8,0,F,T,F,T,?,F,T,F,F,F,F,?,130
Hausrotschwanz,320,2019,2019-06-13,9,0,F,T,F,F,?,F,F,F,F,F,T,?,164
Hausrotschwanz,320,2020,2020-03-24,0,0,NA,NA,NA,NA,NA,NA,NA,NA,NA,NA,NA,NA,84
Hausrotschwanz,320,2020,2020-04-17,8,0,F,T,F,F,?,T,T,F,F,F,F,?,108
Hausrotschwanz,320,2020,2020-05-08,7,0,F,T,F,F,?,F,T,F,F,F,F,?,129
Hausrotschwanz,320,2020,2020-06-19,4,0,F,T,F,F,?,F,F,F,F,F,F,?,171
Hausrotschwanz,320,2021,2011-05-09,0,0,NA,NA,NA,NA,NA,NA,NA,NA,NA,NA,NA,NA,129
Hausrotschwanz,320,2021,2021-03-23,0,0,NA,NA,NA,NA,NA,NA,NA,NA,NA,NA,NA,NA,82
Hausrotschwanz,320,2021,2021-04-17,6,0,?,T,F,F,?,T,F,?,F,F,F,?,107
Hausrotschwanz,320,2021,2021-05-09,8,0,?,T,F,F,?,F,T,?,F,F,F,?,129
Hausrotschwanz,320,2021,2021-06-11,4,0,?,T,F,F,?,F,F,?,T,F,F,?,162
Hausrotschwanz,320,2022,2022-03-22,0,0,NA,NA,NA,NA,NA,NA,NA,NA,NA,NA,NA,NA,81
Hausrotschwanz,320,2022,2022-03-23,1,0,F,T,F,F,?,F,F,F,F,F,F,?,82
Hausrotschwanz,320,2022,2022-04-18,3,0,F,T,F,F,?,F,F,F,F,F,F,?,108
Hausrotschwanz,320,2022,2022-05-12,1,0,F,T,F,F,?,F,F,F,F,F,F,?,132
Hausrotschwanz,320,2022,2022-06-16,2,0,F,T,F,F,?,F,F,F,F,F,F,?,167
Hausrotschwanz,320,2023,2023-03-21,2,0,F,T,F,F,F,F,T,F,F,F,F,?,80
Hausrotschwanz,320,2023,2023-04-18,5,0,F,T,F,F,F,F,F,F,F,F,F,?,108
Hausrotschwanz,320,2023,2023-05-18,6,0,F,T,F,T,F,F,T,F,F,F,F,?,138
Hausrotschwanz,320,2023,2023-06-12,5,0,F,T,F,F,F,F,F,F,F,F,F,?,163
Hausrotschwanz,322,2019,2019-03-30,5,0,F,T,F,F,?,F,F,F,F,F,F,?,89
Hausrotschwanz,322,2019,2019-04-25,4,0,F,T,F,F,?,F,F,F,F,F,F,?,115
Hausrotschwanz,322,2019,2019-05-17,6,0,F,T,F,F,?,F,T,F,F,F,F,?,137
Hausrotschwanz,322,2019,2019-06-19,5,0,F,T,F,F,?,F,F,F,F,F,F,?,170
Hausrotschwanz,322,2020,2020-03-19,6,0,F,T,F,F,?,F,F,F,F,F,F,?,79
Hausrotschwanz,322,2020,2020-04-23,9,0,F,T,F,F,?,F,F,F,F,F,F,?,114
Hausrotschwanz,322,2020,2020-05-18,5,0,F,T,F,T,?,F,F,F,F,T,F,?,139
Hausrotschwanz,322,2020,2020-06-13,7,0,F,T,F,F,?,F,F,F,F,F,F,?,165
Hausrotschwanz,322,2021,2021-03-31,13,0,?,T,F,F,?,F,T,?,F,F,F,?,90
Hausrotschwanz,322,2021,2021-04-22,8,0,?,T,F,F,?,F,F,?,F,T,F,?,112
Hausrotschwanz,322,2021,2021-05-14,1,0,?,T,F,F,?,F,F,?,F,F,F,?,134
Hausrotschwanz,322,2021,2021-06-14,6,0,?,T,F,F,?,F,F,?,F,F,F,?,165
Hausrotschwanz,322,2022,2022-03-17,0,0,NA,NA,NA,NA,NA,NA,NA,NA,NA,NA,NA,NA,76
Hausrotschwanz,322,2022,2022-04-12,7,0,F,T,F,F,?,F,T,F,F,F,F,?,102
Hausrotschwanz,322,2022,2022-05-12,7,0,F,T,F,F,?,F,F,F,F,F,F,?,132
Hausrotschwanz,322,2022,2022-06-03,10,0,F,T,F,F,?,F,T,F,F,F,F,?,154
Hausrotschwanz,322,2023,2023-03-21,2,0,F,T,F,F,F,F,F,F,F,F,F,?,80
Hausrotschwanz,322,2023,2023-04-21,5,0,F,T,F,F,F,F,F,F,F,F,F,?,111
Hausrotschwanz,322,2023,2023-05-12,3,0,F,T,F,F,F,F,F,F,F,F,F,?,132
Hausrotschwanz,322,2023,2023-06-09,7,0,F,T,F,T,F,F,T,F,F,F,F,?,160
Hausrotschwanz,326,2018,2018-03-11,0,0,NA,NA,NA,NA,NA,NA,NA,NA,NA,NA,NA,NA,70
Hausrotschwanz,326,2018,2018-04-02,0,0,NA,NA,NA,NA,NA,NA,NA,NA,NA,NA,NA,NA,92
Hausrotschwanz,326,2018,2018-05-05,1,0,F,F,F,F,?,T,F,F,F,F,F,?,125
Hausrotschwanz,326,2018,2018-05-27,3,0,F,F,F,F,?,F,F,F,F,T,F,?,147
Hausrotschwanz,326,2020,2020-03-28,0,0,NA,NA,NA,NA,NA,NA,NA,NA,NA,NA,NA,NA,88
Hausrotschwanz,326,2020,2020-04-25,0,0,NA,NA,NA,NA,NA,NA,NA,NA,NA,NA,NA,NA,116
Hausrotschwanz,326,2020,2020-05-17,2,0,F,T,F,F,?,T,F,F,F,F,F,?,138
Hausrotschwanz,326,2020,2020-06-13,2,0,F,F,F,F,?,F,F,F,F,F,F,?,165
Hausrotschwanz,326,2021,2021-03-29,0,0,NA,NA,NA,NA,NA,NA,NA,NA,NA,NA,NA,NA,88
Hausrotschwanz,326,2021,2021-04-26,0,0,NA,NA,NA,NA,NA,NA,NA,NA,NA,NA,NA,NA,116
Hausrotschwanz,326,2021,2021-05-18,1,0,F,F,F,F,?,T,F,F,F,F,F,?,138
Hausrotschwanz,326,2021,2021-06-17,2,0,F,F,F,F,?,F,F,F,F,T,F,?,168
Hausrotschwanz,328,2018,2018-03-31,8,0,F,T,T,F,?,F,F,F,F,F,F,?,90
Hausrotschwanz,328,2018,2018-04-18,7,0,F,T,F,F,?,F,F,F,F,F,F,?,108
Hausrotschwanz,328,2018,2018-05-26,10,0,F,T,T,F,?,F,F,F,T,F,F,?,146
Hausrotschwanz,329,2018,2018-03-30,4,0,F,T,F,F,?,F,F,F,F,F,F,?,89
Hausrotschwanz,329,2018,2018-04-27,3,0,F,T,F,F,?,F,F,F,F,F,F,?,117
Hausrotschwanz,329,2018,2018-05-20,0,0,NA,NA,NA,NA,NA,NA,NA,NA,NA,NA,NA,NA,140
Hausrotschwanz,329,2018,2018-06-17,0,0,NA,NA,NA,NA,NA,NA,NA,NA,NA,NA,NA,NA,168
Hausrotschwanz,329,2021,2021-03-21,0,0,NA,NA,NA,NA,NA,NA,NA,NA,NA,NA,NA,NA,80
Hausrotschwanz,329,2021,2021-04-22,7,0,F,T,?,?,?,T,F,?,?,?,?,?,112
Hausrotschwanz,329,2021,2021-05-09,5,0,F,T,?,?,?,?,F,?,?,?,?,?,129
Hausrotschwanz,329,2021,2021-06-20,4,0,F,T,?,?,?,?,F,?,?,?,?,?,171
Hausrotschwanz,330,2021,2021-03-10,0,0,NA,NA,NA,NA,NA,NA,NA,NA,NA,NA,NA,NA,69
Hausrotschwanz,330,2021,2021-04-03,0,0,NA,NA,NA,NA,NA,NA,NA,NA,NA,NA,NA,NA,93
Hausrotschwanz,330,2021,2021-05-08,6,0,F,T,F,F,?,F,T,F,F,F,F,?,128
Hausrotschwanz,330,2021,2021-05-30,0,0,NA,NA,NA,NA,NA,NA,NA,NA,NA,NA,NA,NA,150
Hausrotschwanz,330,2021,2021-03-26,0,0,NA,NA,NA,NA,NA,NA,NA,NA,NA,NA,NA,NA,85
Hausrotschwanz,334,2018,2018-03-13,0,0,NA,NA,NA,NA,NA,NA,NA,NA,NA,NA,NA,NA,72
Hausrotschwanz,334,2018,2018-04-13,3,0,F,T,F,F,?,F,F,F,F,F,F,?,103
Hausrotschwanz,334,2018,2018-05-07,6,0,F,T,F,F,?,F,F,F,F,F,F,?,127
Hausrotschwanz,334,2018,2018-06-09,5,0,F,T,F,F,?,F,F,F,F,F,F,?,160
Hausrotschwanz,334,2020,2020-03-13,0,0,NA,NA,NA,NA,NA,NA,NA,NA,NA,NA,NA,NA,73
Hausrotschwanz,334,2020,2020-04-03,6,0,F,T,F,F,?,F,F,F,F,F,F,?,94
Hausrotschwanz,334,2020,2020-05-07,11,0,F,T,F,F,?,F,F,F,F,F,F,?,128
Hausrotschwanz,334,2020,2020-05-24,11,0,F,T,F,F,?,F,F,F,F,F,F,?,145
Hausrotschwanz,336,2019,2019-03-19,1,0,F,T,F,F,?,F,F,F,F,F,F,?,78
Hausrotschwanz,336,2019,2019-04-13,0,0,NA,NA,NA,NA,NA,NA,NA,NA,NA,NA,NA,NA,103
Hausrotschwanz,336,2019,2019-05-10,0,0,NA,NA,NA,NA,NA,NA,NA,NA,NA,NA,NA,NA,130
Hausrotschwanz,336,2019,2019-05-26,1,0,?,T,?,?,?,?,?,?,?,?,?,?,146
Hausrotschwanz,336,2020,2020-03-15,0,0,NA,NA,NA,NA,NA,NA,NA,NA,NA,NA,NA,NA,75
Hausrotschwanz,336,2020,2020-04-10,2,0,?,T,?,?,?,?,?,?,?,?,?,?,101
Hausrotschwanz,336,2020,2020-05-08,0,0,NA,NA,NA,NA,NA,NA,NA,NA,NA,NA,NA,NA,129
Hausrotschwanz,336,2020,2020-06-12,0,0,NA,NA,NA,NA,NA,NA,NA,NA,NA,NA,NA,NA,164
Hausrotschwanz,336,2021,2021-03-26,1,0,?,F,?,?,?,?,T,?,?,?,?,?,85
Hausrotschwanz,336,2021,2021-04-22,1,0,F,T,F,F,?,F,F,F,F,F,F,?,112
Hausrotschwanz,336,2021,2021-05-13,0,0,NA,NA,NA,NA,NA,NA,NA,NA,NA,NA,NA,NA,133
Hausrotschwanz,336,2021,2021-06-01,1,0,F,F,T,F,?,F,F,F,F,F,F,?,152
Hausrotschwanz,336,2022,2022-03-25,3,0,F,T,F,F,F,F,F,F,F,F,F,?,84
Hausrotschwanz,336,2022,2022-04-26,1,0,F,T,F,F,F,F,F,F,F,F,F,?,116
Hausrotschwanz,336,2022,2022-05-16,2,0,F,T,F,F,F,F,F,F,F,F,F,?,136
Hausrotschwanz,336,2022,2022-05-30,1,0,F,T,F,F,F,F,F,F,F,F,F,?,150
Hausrotschwanz,336,2023,2023-03-28,0,0,NA,NA,NA,NA,NA,NA,NA,NA,NA,NA,NA,NA,87
Hausrotschwanz,336,2023,2023-04-17,0,0,NA,NA,NA,NA,NA,NA,NA,NA,NA,NA,NA,NA,107
Hausrotschwanz,336,2023,2023-05-08,1,0,F,T,F,F,?,F,F,F,F,F,F,?,128
Hausrotschwanz,336,2023,2023-06-07,0,0,NA,NA,NA,NA,NA,NA,NA,NA,NA,NA,NA,NA,158
Hausrotschwanz,336,2023,2023-04-05,0,0,NA,NA,NA,NA,NA,NA,NA,NA,NA,NA,NA,NA,95
Hausrotschwanz,337,2021,2021-03-24,0,0,NA,NA,NA,NA,NA,NA,NA,NA,NA,NA,NA,NA,83
Hausrotschwanz,337,2021,2021-04-17,3,0,F,T,F,F,?,F,?,F,F,F,F,?,107
Hausrotschwanz,337,2021,2021-05-14,5,0,F,T,F,F,?,F,?,F,F,F,F,?,134
Hausrotschwanz,337,2021,2021-06-06,3,0,F,T,T,F,?,F,T,F,F,T,F,?,157
Hausrotschwanz,339,2018,2018-03-31,1,0,?,T,F,F,?,F,F,F,F,F,F,?,90
Hausrotschwanz,339,2018,2018-04-30,0,0,NA,NA,NA,NA,NA,NA,NA,NA,NA,NA,NA,NA,120
Hausrotschwanz,339,2018,2018-05-12,0,0,NA,NA,NA,NA,NA,NA,NA,NA,NA,NA,NA,NA,132
Hausrotschwanz,339,2018,2018-06-17,0,0,NA,NA,NA,NA,NA,NA,NA,NA,NA,NA,NA,NA,168
Hausrotschwanz,339,2020,2020-03-31,1,0,F,T,F,F,?,F,F,F,F,F,F,?,91
Hausrotschwanz,339,2020,2020-04-30,0,0,NA,NA,NA,NA,NA,NA,NA,NA,NA,NA,NA,NA,121
Hausrotschwanz,339,2020,2020-05-18,0,0,NA,NA,NA,NA,NA,NA,NA,NA,NA,NA,NA,NA,139
Hausrotschwanz,339,2020,2020-06-20,1,0,F,F,T,F,?,F,F,F,F,F,F,?,172
Hausrotschwanz,341,2018,2018-03-26,7,0,F,T,F,F,?,F,F,F,F,F,F,?,85
Hausrotschwanz,341,2018,2018-04-14,1,0,F,F,F,F,?,F,T,F,F,F,F,?,104
Hausrotschwanz,341,2018,2018-05-05,0,0,NA,NA,NA,NA,NA,NA,NA,NA,NA,NA,NA,NA,125
Hausrotschwanz,341,2018,2018-06-02,1,0,F,T,F,F,?,F,F,F,F,F,F,?,153
Hausrotschwanz,341,2020,2020-03-28,2,0,F,T,F,F,?,F,F,F,F,F,F,?,88
Hausrotschwanz,341,2020,2020-04-17,2,0,F,T,F,F,?,T,F,F,F,F,F,?,108
Hausrotschwanz,341,2020,2020-05-08,0,0,NA,NA,NA,NA,NA,NA,NA,NA,NA,NA,NA,NA,129
Hausrotschwanz,341,2020,2020-06-03,0,0,NA,NA,NA,NA,NA,NA,NA,NA,NA,NA,NA,NA,155
Hausrotschwanz,341,2021,2021-03-26,0,0,NA,NA,NA,NA,NA,NA,NA,NA,NA,NA,NA,NA,85
Hausrotschwanz,341,2021,2021-04-10,0,0,NA,NA,NA,NA,NA,NA,NA,NA,NA,NA,NA,NA,100
Hausrotschwanz,341,2021,2021-05-03,0,0,NA,NA,NA,NA,NA,NA,NA,NA,NA,NA,NA,NA,123
Hausrotschwanz,341,2021,2021-06-02,1,0,F,T,F,F,?,F,F,F,F,F,F,?,153
Hausrotschwanz,342,2018,2018-03-24,0,0,NA,NA,NA,NA,NA,NA,NA,NA,NA,NA,NA,NA,83
Hausrotschwanz,342,2018,2018-04-11,2,0,F,T,F,F,?,F,F,F,F,F,F,?,101
Hausrotschwanz,342,2018,2018-05-02,0,0,NA,NA,NA,NA,NA,NA,NA,NA,NA,NA,NA,NA,122
Hausrotschwanz,342,2018,2018-06-05,1,0,F,T,F,F,?,F,F,F,F,F,F,?,156
Hausrotschwanz,342,2020,2020-03-20,1,0,F,T,F,F,?,F,F,F,F,F,F,?,80
Hausrotschwanz,342,2020,2020-04-11,6,0,F,T,F,F,?,T,T,F,F,F,F,?,102
Hausrotschwanz,342,2020,2020-05-06,3,0,F,T,F,F,?,F,F,F,F,F,F,?,127
Hausrotschwanz,342,2020,2020-06-08,1,0,F,T,F,F,?,F,F,F,F,F,F,?,160
Hausrotschwanz,342,2021,2021-03-24,5,0,F,F,F,F,?,F,F,F,F,F,F,?,83
Hausrotschwanz,342,2021,2021-04-20,2,0,F,T,F,F,?,F,F,F,F,F,F,?,110
Hausrotschwanz,342,2021,2021-05-08,3,0,F,F,F,F,T,F,F,F,F,F,F,?,128
Hausrotschwanz,342,2021,2021-05-31,0,0,NA,NA,NA,NA,NA,NA,NA,NA,NA,NA,NA,NA,151
Hausrotschwanz,342,2021,2021-05-28,0,0,NA,NA,NA,NA,NA,NA,NA,NA,NA,NA,NA,NA,148
Hausrotschwanz,343,2019,2019-04-25,7,0,F,T,F,F,?,F,F,F,F,F,F,?,115
Hausrotschwanz,343,2019,2019-05-19,8,0,F,T,F,F,?,F,F,F,F,F,F,?,139
Hausrotschwanz,343,2019,2019-06-18,9,0,F,T,F,F,?,F,F,F,F,F,F,?,169
Hausrotschwanz,343,2019,2019-03-21,2,0,F,T,F,F,?,F,F,F,F,F,F,?,80
Hausrotschwanz,343,2020,2020-03-28,9,0,F,T,F,F,?,F,F,F,F,F,F,?,88
Hausrotschwanz,343,2020,2020-04-24,8,0,F,T,F,F,?,F,F,F,F,F,F,?,115
Hausrotschwanz,343,2020,2020-05-19,9,0,F,T,T,F,?,F,F,F,F,F,F,?,140
Hausrotschwanz,343,2020,2020-06-12,6,0,F,T,F,F,?,F,F,F,F,F,F,?,164
Hausrotschwanz,343,2021,2021-03-29,7,0,F,T,F,F,?,F,T,F,F,F,F,?,88
Hausrotschwanz,343,2021,2021-04-23,4,0,F,T,F,F,?,F,F,F,F,F,F,?,113
Hausrotschwanz,343,2021,2021-05-14,5,0,F,T,F,F,?,F,F,F,F,F,F,?,134
Hausrotschwanz,343,2021,2021-06-18,8,0,F,T,F,F,?,F,F,F,F,F,F,?,169
Hausrotschwanz,343,2022,2022-03-28,4,0,F,T,F,F,F,F,F,F,F,F,F,?,87
Hausrotschwanz,343,2022,2022-04-21,5,0,F,T,F,F,F,F,F,F,F,F,F,?,111
Hausrotschwanz,343,2022,2022-05-17,9,0,F,T,F,F,F,F,F,F,F,F,F,?,137
Hausrotschwanz,343,2022,2022-06-16,7,0,F,T,F,F,F,F,F,F,F,F,F,?,167
Hausrotschwanz,343,2023,2023-03-29,4,0,F,T,F,F,F,F,F,F,F,F,F,?,88
Hausrotschwanz,343,2023,2023-04-27,6,0,F,T,F,F,F,F,F,F,T,F,F,?,117
Hausrotschwanz,343,2023,2023-05-18,2,0,F,T,F,F,F,F,T,F,F,F,F,?,138
Hausrotschwanz,343,2023,2023-06-20,6,0,F,T,F,F,F,F,F,F,F,F,F,?,171
Hausrotschwanz,346,2019,2019-03-29,3,0,F,T,F,F,?,F,F,F,F,F,F,?,88
Hausrotschwanz,346,2019,2019-04-24,3,0,F,F,F,F,?,T,F,F,F,F,F,?,114
Hausrotschwanz,346,2019,2019-05-18,4,0,F,T,F,F,?,F,F,F,F,F,F,?,138
Hausrotschwanz,346,2019,2019-06-19,1,0,F,T,F,F,?,F,F,F,F,F,F,?,170
Hausrotschwanz,346,2020,2020-03-27,0,0,NA,NA,NA,NA,NA,NA,NA,NA,NA,NA,NA,NA,87
Hausrotschwanz,346,2020,2020-04-27,2,0,F,T,F,F,?,F,F,F,F,F,F,?,118
Hausrotschwanz,346,2020,2020-05-20,3,0,F,T,F,F,?,F,F,F,F,F,F,?,141
Hausrotschwanz,346,2020,2020-06-19,5,0,F,T,F,F,?,F,F,F,F,F,F,?,171
Hausrotschwanz,346,2021,2021-03-30,1,0,F,T,F,F,?,F,F,F,F,F,F,?,89
Hausrotschwanz,346,2021,2021-04-26,6,0,F,T,F,F,?,F,F,F,F,F,F,?,116
Hausrotschwanz,346,2021,2021-05-20,2,0,F,T,F,F,?,F,F,F,F,F,F,?,140
Hausrotschwanz,346,2021,2021-06-17,1,0,F,F,F,F,?,F,F,F,F,F,F,?,168
Hausrotschwanz,346,2022,2022-03-29,1,0,F,T,F,F,F,F,F,F,F,F,F,?,88
Hausrotschwanz,346,2022,2022-04-20,1,0,F,T,F,F,F,F,F,F,F,F,F,?,110
Hausrotschwanz,346,2022,2022-05-20,0,0,NA,NA,NA,NA,NA,NA,NA,NA,NA,NA,NA,NA,140
Hausrotschwanz,346,2022,2022-06-20,2,0,F,T,F,F,F,F,F,F,F,F,F,?,171
Hausrotschwanz,346,2023,2023-03-28,0,0,NA,NA,NA,NA,NA,NA,NA,NA,NA,NA,NA,NA,87
Hausrotschwanz,346,2023,2023-04-26,3,0,F,T,F,F,F,F,F,F,F,F,F,?,116
Hausrotschwanz,346,2023,2023-05-19,1,0,F,T,F,F,F,F,F,F,F,F,F,?,139
Hausrotschwanz,346,2023,2023-06-19,3,0,F,T,F,F,F,F,F,F,F,F,F,?,170
Hausrotschwanz,350,2018,2018-03-25,1,0,?,T,F,F,?,F,F,F,F,F,F,?,84
Hausrotschwanz,350,2018,2018-06-16,3,0,?,T,F,F,?,F,F,F,F,F,F,?,167
Hausrotschwanz,350,2018,2018-05-20,1,0,?,T,F,F,?,F,F,F,F,F,F,?,140
Hausrotschwanz,350,2020,2020-03-28,1,0,F,T,F,F,?,F,F,F,F,F,F,?,88
Hausrotschwanz,350,2020,2020-05-19,1,0,F,T,F,F,?,F,F,F,F,F,F,?,140
Hausrotschwanz,350,2020,2020-06-18,1,0,F,T,F,F,?,F,F,F,F,F,F,?,170
Hausrotschwanz,350,2020,2020-04-30,2,0,F,T,F,F,?,F,F,F,F,F,F,?,121
Hausrotschwanz,350,2021,2021-03-28,0,0,NA,NA,NA,NA,NA,NA,NA,NA,NA,NA,NA,NA,87
Hausrotschwanz,350,2021,2021-04-25,1,0,F,T,F,F,?,F,F,F,F,F,F,?,115
Hausrotschwanz,350,2021,2021-05-28,2,0,F,T,F,F,?,F,F,F,F,F,F,?,148
Hausrotschwanz,350,2021,2021-05-09,3,0,F,T,F,F,?,F,F,F,F,F,F,?,129
Hausrotschwanz,353,2019,2019-03-16,0,0,NA,NA,NA,NA,NA,NA,NA,NA,NA,NA,NA,NA,75
Hausrotschwanz,353,2019,2019-04-24,0,0,NA,NA,NA,NA,NA,NA,NA,NA,NA,NA,NA,NA,114
Hausrotschwanz,353,2019,2019-06-14,1,0,F,F,F,F,?,F,F,F,F,F,T,?,165
Hausrotschwanz,353,2019,2019-05-17,0,0,NA,NA,NA,NA,NA,NA,NA,NA,NA,NA,NA,NA,137
Hausrotschwanz,353,2020,2020-04-16,0,0,NA,NA,NA,NA,NA,NA,NA,NA,NA,NA,NA,NA,107
Hausrotschwanz,353,2020,2020-03-20,1,0,F,F,T,F,?,F,F,F,F,F,F,?,80
Hausrotschwanz,353,2020,2020-05-14,0,0,NA,NA,NA,NA,NA,NA,NA,NA,NA,NA,NA,NA,135
Hausrotschwanz,353,2020,2020-06-15,0,0,NA,NA,NA,NA,NA,NA,NA,NA,NA,NA,NA,NA,167
Hausrotschwanz,353,2022,2022-04-16,0,0,NA,NA,NA,NA,NA,NA,NA,NA,NA,NA,NA,NA,106
Hausrotschwanz,353,2022,2022-05-18,0,0,NA,NA,NA,NA,NA,NA,NA,NA,NA,NA,NA,NA,138
Hausrotschwanz,353,2022,2022-03-20,1,0,F,F,F,F,F,F,F,F,F,F,F,?,79
Hausrotschwanz,353,2022,2022-06-14,0,0,NA,NA,NA,NA,NA,NA,NA,NA,NA,NA,NA,NA,165
Hausrotschwanz,354,2021,2021-04-30,1,0,F,T,?,?,?,?,F,?,?,?,?,?,120
Hausrotschwanz,354,2021,2021-05-20,1,0,F,?,?,?,?,?,F,?,?,?,?,?,140
Hausrotschwanz,354,2021,2021-06-17,2,0,F,?,?,?,?,?,F,?,?,?,?,?,168
Hausrotschwanz,355,2019,2019-03-23,1,0,F,F,F,F,?,F,T,F,F,F,F,?,82
Hausrotschwanz,355,2019,2019-04-14,0,0,NA,NA,NA,NA,NA,NA,NA,NA,NA,NA,NA,NA,104
Hausrotschwanz,355,2019,2019-05-01,1,0,F,T,F,F,?,F,F,F,F,F,F,?,121
Hausrotschwanz,355,2019,2019-05-25,0,0,NA,NA,NA,NA,NA,NA,NA,NA,NA,NA,NA,NA,145
Hausrotschwanz,357,2021,2021-03-28,6,0,F,?,?,?,?,?,T,?,?,?,?,?,87
Hausrotschwanz,357,2021,2021-04-24,4,0,F,?,?,?,?,?,T,?,?,?,?,?,114
Hausrotschwanz,357,2021,2021-05-14,9,0,F,T,?,?,?,?,T,?,T,?,?,?,134
Hausrotschwanz,357,2021,2021-06-12,10,0,F,T,?,?,?,?,T,?,?,?,T,?,163
Hausrotschwanz,358,2018,2018-03-16,9,0,?,F,F,F,?,F,F,F,F,F,F,?,75
Hausrotschwanz,358,2018,2018-04-13,19,0,?,T,T,F,?,F,F,F,F,F,F,?,103
Hausrotschwanz,358,2018,2018-05-08,8,0,?,T,F,F,?,F,F,F,F,F,F,?,128
Hausrotschwanz,358,2018,2018-06-05,10,0,?,T,T,F,?,F,F,F,F,F,F,?,156
Hausrotschwanz,358,2020,2020-03-22,11,0,F,T,F,F,T,F,F,F,F,F,F,?,82
Hausrotschwanz,358,2020,2020-04-17,13,0,F,T,F,F,?,F,T,F,F,F,F,?,108
Hausrotschwanz,358,2020,2020-05-08,15,0,F,T,F,F,?,F,F,F,F,F,F,?,129
Hausrotschwanz,358,2020,2020-06-19,12,0,F,T,F,F,?,F,T,F,T,F,F,?,171
Hausrotschwanz,358,2021,2021-03-26,1,0,F,T,F,F,?,F,F,F,F,F,F,?,85
Hausrotschwanz,358,2021,2021-04-26,7,0,F,T,F,F,?,F,F,F,F,F,F,?,116
Hausrotschwanz,358,2021,2021-05-19,5,0,F,T,F,F,?,F,F,F,F,F,F,?,139
Hausrotschwanz,358,2021,2021-06-14,15,0,F,T,F,F,?,F,F,F,F,F,F,?,165
Hausrotschwanz,363,2019,2019-03-21,1,0,F,F,F,F,?,F,F,F,F,F,F,?,80
Hausrotschwanz,363,2019,2019-04-16,11,0,F,T,F,F,?,T,T,F,F,F,F,?,106
Hausrotschwanz,363,2019,2019-05-13,4,0,F,T,F,F,?,F,F,F,F,F,F,?,133
Hausrotschwanz,363,2019,2019-06-17,5,0,F,T,F,F,?,F,F,F,F,F,F,?,168
Hausrotschwanz,363,2020,2020-03-20,6,0,F,T,F,F,?,F,T,F,F,F,F,?,80
Hausrotschwanz,363,2020,2020-04-12,8,0,F,T,F,F,?,T,F,F,F,F,F,?,103
Hausrotschwanz,363,2020,2020-05-05,6,0,F,T,T,F,?,F,T,F,F,F,F,?,126
Hausrotschwanz,363,2020,2020-06-12,10,0,F,T,F,T,?,T,F,F,F,F,F,?,164
Hausrotschwanz,363,2022,2022-03-26,8,0,T,T,F,F,?,T,F,F,F,F,F,?,85
Hausrotschwanz,363,2022,2022-04-15,9,0,T,T,F,F,?,F,F,F,F,F,F,?,105
Hausrotschwanz,363,2022,2022-05-07,9,0,T,T,F,T,?,T,T,F,F,F,F,?,127
Hausrotschwanz,363,2022,2022-06-06,10,0,F,T,F,T,?,F,T,F,F,F,T,?,157
Hausrotschwanz,363,2023,2023-03-26,10,0,F,T,F,F,?,F,F,F,F,F,F,?,85
Hausrotschwanz,363,2023,2023-04-23,14,0,T,T,F,T,?,F,F,F,F,F,F,?,113
Hausrotschwanz,363,2023,2023-05-14,5,0,F,T,F,T,?,F,F,F,F,F,F,?,134
Hausrotschwanz,363,2023,2023-05-28,8,0,T,T,F,T,?,F,F,F,F,F,F,?,148
Hausrotschwanz,364,2019,2019-03-28,18,0,F,T,F,F,?,T,T,F,F,F,F,?,87
Hausrotschwanz,364,2019,2019-04-23,9,0,F,T,F,F,?,T,F,F,F,F,F,?,113
Hausrotschwanz,364,2019,2019-05-15,10,0,F,T,F,T,?,T,T,T,F,F,F,?,135
Hausrotschwanz,364,2019,2019-06-17,17,0,F,T,F,F,?,F,T,F,F,F,T,?,168
Hausrotschwanz,364,2020,2020-03-15,6,0,F,T,F,F,?,F,F,F,F,F,F,?,75
Hausrotschwanz,364,2020,2020-04-10,20,0,F,T,T,F,T,T,T,F,F,F,F,?,101
Hausrotschwanz,364,2020,2020-05-06,11,0,F,T,F,F,?,F,F,F,F,F,F,?,127
Hausrotschwanz,364,2020,2020-06-11,16,0,F,T,F,T,?,T,F,F,T,T,T,?,163
Hausrotschwanz,364,2022,2022-03-23,14,0,T,T,F,F,?,T,T,F,F,F,F,?,82
Hausrotschwanz,364,2022,2022-04-17,12,0,T,T,F,F,T,F,T,F,F,F,F,?,107
Hausrotschwanz,364,2022,2022-05-10,16,0,T,T,F,T,?,F,F,F,F,F,F,?,130
Hausrotschwanz,364,2022,2022-06-08,15,0,F,T,F,T,?,F,T,F,F,F,T,?,159
Hausrotschwanz,364,2023,2023-03-25,5,0,F,T,T,F,?,F,F,F,F,F,F,?,84
Hausrotschwanz,364,2023,2023-04-08,7,0,F,T,F,T,?,F,F,F,F,F,F,?,98
Hausrotschwanz,364,2023,2023-05-18,12,0,T,T,F,T,?,F,T,F,T,T,F,?,138
Hausrotschwanz,364,2023,2023-06-04,9,0,F,T,F,T,?,F,F,F,F,F,T,?,155
Hausrotschwanz,366,2019,2019-03-20,13,0,F,T,F,F,?,T,F,F,F,F,F,?,79
Hausrotschwanz,366,2019,2019-04-11,10,0,F,T,F,F,?,T,F,F,F,F,F,?,101
Hausrotschwanz,366,2019,2019-05-06,8,0,F,T,F,F,?,F,F,F,F,F,F,?,126
Hausrotschwanz,366,2019,2019-06-03,24,0,F,T,F,T,?,T,T,F,F,F,T,?,154
Hausrotschwanz,366,2020,2020-03-26,17,0,F,T,T,F,?,T,T,F,F,F,F,?,86
Hausrotschwanz,366,2020,2020-04-11,31,0,F,T,T,F,?,F,T,F,F,F,F,?,102
Hausrotschwanz,366,2020,2020-05-08,19,0,F,T,T,F,?,F,F,F,F,F,F,?,129
Hausrotschwanz,366,2020,2020-06-08,16,0,F,T,F,T,?,F,F,F,F,F,F,?,160
Hausrotschwanz,366,2022,2022-03-20,13,0,F,T,T,F,?,F,T,F,F,F,F,?,79
Hausrotschwanz,366,2022,2022-04-10,20,0,T,T,F,T,?,T,T,F,F,F,F,?,100
Hausrotschwanz,366,2022,2022-05-08,14,0,T,T,F,T,?,F,T,F,F,F,F,?,128
Hausrotschwanz,366,2022,2022-06-04,20,0,T,T,F,T,?,F,T,F,F,F,T,?,155
Hausrotschwanz,366,2023,2023-03-19,13,0,T,T,F,F,?,T,T,F,F,F,F,?,78
Hausrotschwanz,366,2023,2023-04-07,22,0,T,T,F,F,?,T,T,F,F,F,F,?,97
Hausrotschwanz,366,2023,2023-05-13,15,0,T,T,F,T,?,F,T,F,T,T,F,?,133
Hausrotschwanz,366,2023,2023-05-29,13,0,F,T,F,T,?,T,F,F,F,T,F,?,149
Hausrotschwanz,366,2023,2023-05-06,0,0,NA,NA,NA,NA,NA,NA,NA,NA,NA,NA,NA,NA,126
Hausrotschwanz,367,2019,2019-03-20,1,0,F,T,F,F,?,F,F,F,F,F,F,?,79
Hausrotschwanz,367,2019,2019-04-23,3,0,F,T,F,F,?,F,F,F,F,F,F,?,113
Hausrotschwanz,367,2019,2019-05-15,3,0,F,F,F,F,?,F,F,F,T,F,F,?,135
Hausrotschwanz,367,2019,2019-06-14,2,0,F,T,F,F,?,F,F,F,F,F,F,?,165
Hausrotschwanz,367,2020,2020-03-12,1,0,F,T,F,F,?,F,F,F,F,F,F,?,72
Hausrotschwanz,367,2020,2020-04-06,3,0,F,T,F,F,?,F,F,F,F,F,F,?,97
Hausrotschwanz,367,2020,2020-05-04,1,0,F,T,F,F,?,F,F,F,F,F,F,?,125
Hausrotschwanz,367,2020,2020-06-10,3,0,F,T,F,F,?,F,F,F,F,F,F,?,162
Hausrotschwanz,367,2022,2022-03-16,0,0,NA,NA,NA,NA,NA,NA,NA,NA,NA,NA,NA,NA,75
Hausrotschwanz,367,2022,2022-04-06,2,0,F,T,F,F,?,F,F,F,F,F,F,?,96
Hausrotschwanz,367,2022,2022-05-01,2,0,F,T,F,F,?,F,F,F,F,F,F,?,121
Hausrotschwanz,367,2022,2022-05-28,0,0,NA,NA,NA,NA,NA,NA,NA,NA,NA,NA,NA,NA,148
Hausrotschwanz,367,2023,2023-03-12,0,0,NA,NA,NA,NA,NA,NA,NA,NA,NA,NA,NA,NA,71
Hausrotschwanz,367,2023,2023-04-15,2,0,F,T,F,F,?,F,F,F,F,F,F,?,105
Hausrotschwanz,367,2023,2023-05-06,2,0,T,T,F,F,?,F,T,F,F,F,F,?,126
Hausrotschwanz,367,2023,2023-06-08,1,0,F,T,F,F,?,F,F,F,F,F,F,?,159
Hausrotschwanz,368,2018,2018-03-26,1,0,?,T,F,F,?,F,F,F,F,F,F,?,85
Hausrotschwanz,368,2018,2018-04-14,3,0,?,T,F,F,?,F,F,F,F,F,F,?,104
Hausrotschwanz,368,2018,2018-05-12,1,0,?,T,F,F,?,F,F,F,F,F,F,?,132
Hausrotschwanz,368,2018,2018-05-26,1,0,?,F,F,F,?,F,T,F,F,F,F,?,146
Hausrotschwanz,368,2018,2018-03-30,0,0,NA,NA,NA,NA,NA,NA,NA,NA,NA,NA,NA,NA,89
Hausrotschwanz,368,2020,2020-03-28,4,0,F,T,F,F,?,F,T,F,F,F,F,?,88
Hausrotschwanz,368,2020,2020-04-18,2,0,F,T,F,F,?,F,F,F,F,F,F,?,109
Hausrotschwanz,368,2020,2020-05-17,1,1,T,F,F,F,?,T,F,F,T,F,F,?,138
Hausrotschwanz,368,2020,2020-06-06,3,0,F,F,F,F,?,T,T,F,T,F,F,?,158
Hausrotschwanz,368,2021,2021-03-28,0,0,NA,NA,NA,NA,NA,NA,NA,NA,NA,NA,NA,NA,87
Hausrotschwanz,368,2021,2021-04-13,0,0,NA,NA,NA,NA,NA,NA,NA,NA,NA,NA,NA,NA,103
Hausrotschwanz,368,2021,2021-05-25,8,0,F,T,F,F,?,T,T,F,F,F,F,?,145
Hausrotschwanz,369,2018,2018-03-22,0,0,NA,NA,NA,NA,NA,NA,NA,NA,NA,NA,NA,NA,81
Hausrotschwanz,369,2018,2018-04-06,2,0,?,T,F,F,?,F,F,F,F,F,F,?,96
Hausrotschwanz,369,2018,2018-05-07,2,0,?,T,F,F,?,F,F,F,F,F,F,?,127
Hausrotschwanz,369,2018,2018-06-02,2,0,?,T,F,F,?,F,F,F,F,F,T,?,153
Hausrotschwanz,369,2020,2020-03-16,0,0,NA,NA,NA,NA,NA,NA,NA,NA,NA,NA,NA,NA,76
Hausrotschwanz,369,2020,2020-04-08,2,0,F,T,F,F,?,F,F,F,F,F,F,?,99
Hausrotschwanz,369,2020,2020-05-16,2,0,F,F,F,F,?,F,F,F,F,F,F,?,137
Hausrotschwanz,369,2020,2020-06-02,3,0,F,T,F,F,?,F,F,F,F,F,T,?,154
Hausrotschwanz,369,2021,2021-03-22,0,0,NA,NA,NA,NA,NA,NA,NA,NA,NA,NA,NA,NA,81
Hausrotschwanz,369,2021,2021-04-09,0,0,NA,NA,NA,NA,NA,NA,NA,NA,NA,NA,NA,NA,99
Hausrotschwanz,369,2021,2021-05-14,2,0,F,F,F,F,?,T,F,F,F,F,F,?,134
Hausrotschwanz,369,2021,2021-06-11,2,0,F,T,F,F,?,F,F,F,F,F,F,?,162
Hausrotschwanz,370,2018,2018-03-24,0,0,NA,NA,NA,NA,NA,NA,NA,NA,NA,NA,NA,NA,83
Hausrotschwanz,370,2018,2018-04-22,2,0,?,F,T,F,?,F,F,F,F,F,F,?,112
Hausrotschwanz,370,2018,2018-05-21,0,0,NA,NA,NA,NA,NA,NA,NA,NA,NA,NA,NA,NA,141
Hausrotschwanz,370,2018,2018-06-17,2,0,?,T,F,F,?,F,F,F,F,F,F,?,168
Hausrotschwanz,370,2020,2020-03-20,1,0,F,T,F,F,?,F,F,F,F,F,F,?,80
Hausrotschwanz,370,2020,2020-04-19,2,0,F,T,F,F,?,F,F,F,F,F,F,?,110
Hausrotschwanz,370,2020,2020-05-17,2,0,F,T,F,F,?,F,F,F,F,F,F,?,138
Hausrotschwanz,370,2020,2020-06-12,1,0,F,T,F,F,?,F,F,F,F,F,F,?,164
Hausrotschwanz,370,2021,2021-03-28,5,0,F,T,F,F,?,F,?,F,F,F,F,?,87
Hausrotschwanz,370,2021,2021-04-25,2,0,F,T,F,F,?,F,?,F,F,F,F,?,115
Hausrotschwanz,370,2021,2021-05-13,1,0,F,T,F,F,?,F,?,F,F,F,F,?,133
Hausrotschwanz,370,2021,2021-06-03,3,0,F,T,F,F,?,F,?,F,F,F,F,?,154
Hausrotschwanz,372,2018,2018-03-30,4,0,?,T,F,F,?,F,F,F,F,F,F,?,89
Hausrotschwanz,372,2018,2018-04-13,0,0,NA,NA,NA,NA,NA,NA,NA,NA,NA,NA,NA,NA,103
Hausrotschwanz,372,2018,2018-05-11,2,0,?,F,F,F,T,F,T,F,F,F,F,?,131
Hausrotschwanz,372,2018,2018-06-20,3,0,?,T,F,F,?,F,F,F,F,F,F,?,171
Hausrotschwanz,372,2018,2018-04-01,0,0,NA,NA,NA,NA,NA,NA,NA,NA,NA,NA,NA,NA,91
Hausrotschwanz,372,2020,2020-03-27,4,0,F,T,F,F,?,F,F,F,F,F,F,?,87
Hausrotschwanz,372,2020,2020-04-16,1,0,F,T,F,F,?,F,F,F,F,F,F,?,107
Hausrotschwanz,372,2020,2020-05-19,3,0,F,T,F,F,?,F,F,F,F,F,F,?,140
Hausrotschwanz,372,2020,2020-06-17,6,0,F,T,F,F,?,F,T,F,F,F,T,?,169
Hausrotschwanz,372,2021,2021-03-26,1,0,F,T,?,?,?,?,F,?,?,?,?,?,85
Hausrotschwanz,372,2021,2021-04-23,2,0,F,T,?,?,?,?,F,?,?,?,?,?,113
Hausrotschwanz,372,2021,2021-05-20,4,0,F,T,?,?,?,?,F,?,?,?,?,?,140
Hausrotschwanz,372,2021,2021-06-19,4,0,F,T,?,?,?,?,F,?,?,?,?,?,170
Hausrotschwanz,374,2019,2019-03-27,12,0,F,T,F,F,?,F,F,F,F,F,F,?,86
Hausrotschwanz,374,2019,2019-04-29,8,0,F,T,F,T,?,F,F,F,F,F,F,?,119
Hausrotschwanz,374,2019,2019-05-09,13,0,F,T,F,F,?,F,F,F,F,F,F,?,129
Hausrotschwanz,374,2019,2019-06-18,12,0,F,T,T,T,?,F,F,F,F,F,F,?,169
Hausrotschwanz,374,2020,2020-03-24,7,0,F,T,F,F,?,F,F,F,F,F,F,?,84
Hausrotschwanz,374,2020,2020-04-24,11,0,F,T,F,F,?,F,F,F,F,F,F,?,115
Hausrotschwanz,374,2020,2020-05-19,10,0,F,T,F,T,?,F,F,F,F,T,F,?,140
Hausrotschwanz,374,2020,2020-06-11,12,0,F,T,F,T,?,T,F,F,F,T,F,?,163
Hausrotschwanz,374,2022,2022-03-29,8,0,F,T,F,F,?,F,F,F,F,F,F,?,88
Hausrotschwanz,374,2022,2022-04-19,12,0,F,T,T,F,?,F,T,F,F,F,F,?,109
Hausrotschwanz,374,2022,2022-05-20,2,0,F,T,T,F,?,F,F,F,F,F,F,?,140
Hausrotschwanz,374,2022,2022-06-14,5,0,F,T,F,T,F,F,F,F,F,F,F,?,165
Hausrotschwanz,374,2023,2023-03-24,5,0,F,T,F,F,F,F,F,F,F,F,F,?,83
Hausrotschwanz,374,2023,2023-04-19,11,0,F,T,T,F,F,F,F,F,F,F,F,?,109
Hausrotschwanz,374,2023,2023-05-15,5,0,F,T,T,F,F,F,F,F,F,F,F,?,135
Hausrotschwanz,374,2023,2023-06-09,6,0,F,T,F,F,T,F,F,F,F,F,F,?,160
Hausrotschwanz,375,2018,2018-03-24,2,0,?,T,T,F,?,F,T,F,F,F,F,?,83
Hausrotschwanz,375,2018,2018-04-14,5,0,?,T,F,F,?,T,F,F,F,F,F,?,104
Hausrotschwanz,375,2018,2018-05-12,2,0,?,F,F,F,?,F,F,F,F,F,F,?,132
Hausrotschwanz,375,2018,2018-06-19,7,0,?,T,F,F,?,F,F,F,F,T,F,?,170
Hausrotschwanz,376,2019,2019-03-25,2,0,F,T,F,F,?,F,F,F,F,F,F,?,84
Hausrotschwanz,376,2019,2019-04-17,5,0,F,T,F,F,?,F,F,F,F,F,F,?,107
Hausrotschwanz,376,2019,2019-05-06,2,0,F,T,F,F,?,F,F,F,F,F,F,?,126
Hausrotschwanz,376,2019,2019-06-16,2,0,F,T,F,F,?,F,F,F,F,F,F,?,167
Hausrotschwanz,376,2020,2020-03-24,1,0,F,T,F,F,?,F,F,F,F,F,F,?,84
Hausrotschwanz,376,2020,2020-04-24,3,0,F,T,F,F,?,F,F,F,F,F,F,?,115
Hausrotschwanz,376,2020,2020-05-14,2,0,F,T,F,F,?,F,F,F,F,F,F,?,135
Hausrotschwanz,376,2020,2020-06-08,2,0,F,T,F,F,?,F,F,F,F,F,F,?,160
Hausrotschwanz,376,2022,2022-03-25,2,0,F,T,F,F,F,F,F,F,F,F,F,?,84
Hausrotschwanz,376,2022,2022-04-25,1,0,F,T,F,F,F,F,F,F,F,F,F,?,115
Hausrotschwanz,376,2022,2022-05-17,1,0,F,T,F,F,F,F,F,F,F,F,F,?,137
Hausrotschwanz,376,2022,2022-06-16,3,0,F,T,F,F,F,F,F,F,F,F,F,?,167
Hausrotschwanz,376,2023,2023-03-21,1,0,F,T,F,F,F,F,F,F,F,F,F,?,80
Hausrotschwanz,376,2023,2023-04-18,2,0,F,T,F,F,F,F,F,F,F,F,F,?,108
Hausrotschwanz,376,2023,2023-05-13,3,0,F,T,F,F,F,F,F,F,F,F,F,?,133
Hausrotschwanz,376,2023,2023-06-13,1,0,F,T,F,F,F,F,F,F,F,F,F,?,164
Hausrotschwanz,379,2018,2018-03-27,0,0,NA,NA,NA,NA,NA,NA,NA,NA,NA,NA,NA,NA,86
Hausrotschwanz,379,2018,2018-04-29,1,0,?,F,F,F,?,F,F,F,F,F,F,?,119
Hausrotschwanz,379,2018,2018-05-20,2,0,?,T,F,F,?,F,F,F,F,F,F,?,140
Hausrotschwanz,379,2018,2018-06-03,6,0,?,T,F,F,?,F,F,F,F,F,F,?,154
Hausrotschwanz,379,2020,2020-03-15,0,0,NA,NA,NA,NA,NA,NA,NA,NA,NA,NA,NA,NA,75
Hausrotschwanz,379,2020,2020-04-10,5,0,F,T,F,F,?,F,F,F,F,F,F,?,101
Hausrotschwanz,379,2020,2020-05-03,2,0,F,T,F,F,?,T,F,F,F,F,F,?,124
Hausrotschwanz,379,2020,2020-05-24,3,0,F,T,F,F,?,F,F,F,F,F,F,?,145
Hausrotschwanz,381,2018,2018-03-17,0,0,NA,NA,NA,NA,NA,NA,NA,NA,NA,NA,NA,NA,76
Hausrotschwanz,381,2018,2018-04-08,0,0,NA,NA,NA,NA,NA,NA,NA,NA,NA,NA,NA,NA,98
Hausrotschwanz,381,2018,2018-04-12,1,0,?,F,F,F,?,T,F,F,F,F,F,?,102
Hausrotschwanz,381,2018,2018-06-18,2,0,?,F,F,F,?,T,F,F,F,T,F,?,169
Hausrotschwanz,381,2020,2020-03-14,0,0,NA,NA,NA,NA,NA,NA,NA,NA,NA,NA,NA,NA,74
Hausrotschwanz,381,2020,2020-04-04,0,0,NA,NA,NA,NA,NA,NA,NA,NA,NA,NA,NA,NA,95
Hausrotschwanz,381,2020,2020-05-02,1,0,F,F,F,F,?,T,F,F,F,F,F,?,123
Hausrotschwanz,381,2020,2020-05-31,1,0,F,F,F,F,?,T,F,F,F,F,F,?,152
Hausrotschwanz,381,2021,2021-03-20,0,0,NA,NA,NA,NA,NA,NA,NA,NA,NA,NA,NA,NA,79
Hausrotschwanz,381,2021,2021-04-24,0,0,NA,NA,NA,NA,NA,NA,NA,NA,NA,NA,NA,NA,114
Hausrotschwanz,381,2021,2021-05-08,1,0,F,F,F,F,?,T,F,F,F,F,F,?,128
Hausrotschwanz,381,2021,2021-06-12,1,0,F,F,F,F,?,T,F,F,F,F,F,?,163
Hausrotschwanz,385,2019,2019-03-27,4,0,F,T,F,F,?,F,F,F,F,F,F,?,86
Hausrotschwanz,385,2019,2019-04-17,5,0,F,T,F,F,?,F,F,F,F,F,F,?,107
Hausrotschwanz,385,2019,2019-05-15,4,0,F,T,F,F,?,F,F,F,F,F,F,?,135
Hausrotschwanz,385,2019,2019-06-05,2,0,F,T,F,F,?,F,F,F,F,F,F,?,156
Hausrotschwanz,385,2020,2020-03-25,0,0,NA,NA,NA,NA,NA,NA,NA,NA,NA,NA,NA,NA,85
Hausrotschwanz,385,2020,2020-04-23,1,0,F,T,F,F,?,F,F,F,F,F,F,?,114
Hausrotschwanz,385,2020,2020-05-14,0,0,NA,NA,NA,NA,NA,NA,NA,NA,NA,NA,NA,NA,135
Hausrotschwanz,385,2020,2020-06-08,2,0,F,T,F,F,?,F,F,F,F,F,F,?,160
Hausrotschwanz,385,2022,2022-03-21,3,0,F,T,F,F,F,F,F,F,F,F,F,?,80
Hausrotschwanz,385,2022,2022-04-19,3,0,F,T,F,F,F,F,F,F,F,F,F,?,109
Hausrotschwanz,385,2022,2022-05-11,2,0,F,T,F,F,F,F,F,F,F,F,F,?,131
Hausrotschwanz,385,2022,2022-06-07,2,0,F,T,F,F,F,F,F,F,F,F,F,?,158
Hausrotschwanz,385,2023,2023-03-21,0,0,NA,NA,NA,NA,NA,NA,NA,NA,NA,NA,NA,NA,80
Hausrotschwanz,385,2023,2023-04-18,2,0,F,T,F,F,F,F,F,F,F,F,F,?,108
Hausrotschwanz,385,2023,2023-05-13,2,0,F,T,F,F,F,F,F,F,F,F,F,?,133
Hausrotschwanz,385,2023,2023-06-13,2,0,F,T,F,F,F,F,F,F,F,F,F,?,164
Hausrotschwanz,387,2019,2019-03-25,0,0,NA,NA,NA,NA,NA,NA,NA,NA,NA,NA,NA,NA,84
Hausrotschwanz,387,2019,2019-04-24,2,0,F,T,F,F,?,F,F,F,F,F,F,?,114
Hausrotschwanz,387,2019,2019-05-08,1,0,F,T,F,F,?,F,F,F,F,F,F,?,128
Hausrotschwanz,387,2019,2019-06-19,1,0,F,F,F,F,?,F,F,F,F,F,F,?,170
Hausrotschwanz,387,2019,2019-03-27,1,0,F,T,F,F,?,F,F,F,F,F,F,?,86
Hausrotschwanz,387,2022,2022-03-23,0,0,NA,NA,NA,NA,NA,NA,NA,NA,NA,NA,NA,NA,82
Hausrotschwanz,387,2022,2022-04-20,0,0,NA,NA,NA,NA,NA,NA,NA,NA,NA,NA,NA,NA,110
Hausrotschwanz,387,2022,2022-05-13,1,0,F,T,F,F,F,F,F,F,F,F,F,?,133
Hausrotschwanz,387,2022,2022-06-15,0,0,NA,NA,NA,NA,NA,NA,NA,NA,NA,NA,NA,NA,166
Hausrotschwanz,389,2019,2019-03-27,2,0,F,T,T,F,?,F,F,F,F,F,F,?,86
Hausrotschwanz,389,2019,2019-04-24,4,0,F,T,F,F,?,F,F,F,F,F,F,?,114
Hausrotschwanz,389,2019,2019-05-15,3,0,F,T,F,F,?,F,F,F,F,F,F,?,135
Hausrotschwanz,389,2019,2019-06-19,3,0,F,T,F,F,?,F,T,F,F,F,F,?,170
Hausrotschwanz,389,2020,2020-03-28,1,0,F,F,F,F,?,F,F,F,F,F,F,?,88
Hausrotschwanz,389,2020,2020-04-28,2,0,F,T,F,F,?,F,F,F,F,F,F,?,119
Hausrotschwanz,389,2020,2020-05-17,2,0,F,T,F,F,?,F,F,F,F,F,F,?,138
Hausrotschwanz,389,2020,2020-06-18,2,0,F,T,F,F,?,F,F,F,F,F,F,?,170
Hausrotschwanz,389,2022,2022-03-26,1,0,F,T,F,F,F,F,F,F,F,F,F,?,85
Hausrotschwanz,389,2022,2022-04-27,1,0,F,T,F,F,F,F,F,F,F,F,F,?,117
Hausrotschwanz,389,2022,2022-05-20,3,0,F,T,F,F,F,F,F,F,F,F,F,?,140
Hausrotschwanz,389,2022,2022-06-18,3,0,T,T,F,F,F,F,F,F,F,F,F,?,169
Hausrotschwanz,389,2023,2023-03-23,0,0,NA,NA,NA,NA,NA,NA,NA,NA,NA,NA,NA,NA,82
Hausrotschwanz,389,2023,2023-04-26,3,0,F,T,F,F,F,F,F,F,F,F,F,?,116
Hausrotschwanz,389,2023,2023-05-17,1,0,F,T,F,F,F,F,F,F,F,F,F,?,137
Hausrotschwanz,389,2023,2023-06-17,4,0,F,T,F,F,F,F,F,F,F,F,F,?,168
Hausrotschwanz,392,2019,2019-03-28,4,0,F,T,F,F,?,F,F,F,F,F,F,?,87
Hausrotschwanz,392,2019,2019-04-24,9,0,F,T,F,F,?,T,F,F,F,F,F,?,114
Hausrotschwanz,392,2019,2019-05-06,8,0,F,T,F,F,?,F,T,F,F,F,F,?,126
Hausrotschwanz,392,2019,2019-06-05,4,0,F,T,T,F,?,F,F,F,F,F,F,?,156
Hausrotschwanz,392,2020,2020-03-19,6,0,F,T,F,F,?,T,F,F,F,F,F,?,79
Hausrotschwanz,392,2020,2020-04-21,3,0,F,T,F,F,?,T,F,F,F,F,F,?,112
Hausrotschwanz,392,2020,2020-05-06,5,0,F,T,F,F,?,F,F,F,F,F,F,?,127
Hausrotschwanz,392,2020,2020-06-08,7,0,F,T,F,F,?,T,F,F,F,F,F,?,160
Hausrotschwanz,392,2022,2022-03-21,2,0,F,F,F,F,T,F,F,F,F,F,F,?,80
Hausrotschwanz,392,2022,2022-04-22,4,0,F,T,F,F,?,F,F,F,F,F,F,?,112
Hausrotschwanz,392,2022,2022-05-16,3,0,F,T,F,F,?,F,F,F,F,F,F,?,136
Hausrotschwanz,392,2022,2022-06-13,4,0,F,T,F,T,?,F,F,F,F,F,F,?,164
Hausrotschwanz,392,2023,2023-03-28,8,0,F,T,F,F,F,F,F,F,F,F,F,?,87
Hausrotschwanz,392,2023,2023-04-20,4,0,F,T,F,F,F,F,F,F,F,F,F,?,110
Hausrotschwanz,392,2023,2023-05-09,2,0,F,T,F,F,F,F,F,F,F,F,F,?,129
Hausrotschwanz,392,2023,2023-06-07,4,0,F,T,F,F,F,F,F,F,F,F,F,?,158
Hausrotschwanz,395,2019,2019-03-29,6,0,F,T,F,F,?,F,F,F,F,F,F,?,88
Hausrotschwanz,395,2019,2019-04-15,4,0,F,T,F,F,?,F,F,F,F,F,F,?,105
Hausrotschwanz,395,2019,2019-05-08,4,0,F,T,F,F,?,F,F,F,F,T,F,?,128
Hausrotschwanz,395,2019,2019-06-06,2,0,F,T,F,F,?,T,F,F,F,F,F,?,157
Hausrotschwanz,395,2020,2020-03-20,8,0,F,T,F,F,?,T,F,F,F,F,F,?,80
Hausrotschwanz,395,2020,2020-04-27,13,0,F,T,F,T,?,T,F,F,F,F,F,?,118
Hausrotschwanz,395,2020,2020-05-11,6,0,F,T,F,F,?,F,F,F,T,F,F,?,132
Hausrotschwanz,395,2020,2020-06-03,5,0,F,T,F,F,?,F,F,F,F,F,F,?,155
Hausrotschwanz,395,2022,2022-03-21,3,0,F,T,F,F,?,F,F,F,F,F,F,?,80
Hausrotschwanz,395,2022,2022-04-22,1,0,F,T,F,F,?,F,F,F,F,F,F,?,112
Hausrotschwanz,395,2022,2022-05-19,5,0,F,T,F,F,?,F,F,F,F,F,F,?,139
Hausrotschwanz,395,2022,2022-06-13,3,0,F,T,F,F,?,F,F,F,F,F,F,?,164
Hausrotschwanz,395,2023,2023-03-27,2,0,F,T,F,F,F,F,F,F,F,F,F,?,86
Hausrotschwanz,395,2023,2023-04-24,4,0,F,T,F,F,F,F,F,F,F,F,F,?,114
Hausrotschwanz,395,2023,2023-05-15,0,0,NA,NA,NA,NA,NA,NA,NA,NA,NA,NA,NA,NA,135
Hausrotschwanz,395,2023,2023-06-13,1,0,F,T,F,F,F,F,F,F,F,F,F,?,164
Hausrotschwanz,396,2019,2019-03-21,4,0,F,T,F,F,?,F,F,F,F,F,F,?,80
Hausrotschwanz,396,2019,2019-04-29,5,0,F,T,F,F,?,F,F,F,F,F,F,?,119
Hausrotschwanz,396,2019,2019-05-09,4,0,F,T,F,F,?,F,T,F,F,F,F,?,129
Hausrotschwanz,396,2019,2019-06-05,5,0,F,T,F,F,?,F,F,F,F,F,T,?,156
Hausrotschwanz,396,2020,2020-03-25,2,0,F,F,F,F,?,T,F,F,F,F,F,?,85
Hausrotschwanz,396,2020,2020-04-23,5,0,F,T,F,F,?,T,F,F,F,F,F,?,114
Hausrotschwanz,396,2020,2020-05-18,5,0,F,T,F,F,?,T,F,F,F,F,F,?,139
Hausrotschwanz,396,2020,2020-06-18,4,0,F,T,F,F,?,F,F,F,F,F,F,?,170
Hausrotschwanz,396,2022,2022-03-28,6,0,F,T,F,F,?,F,F,F,F,F,F,?,87
Hausrotschwanz,396,2022,2022-04-22,4,0,F,T,F,F,?,F,F,F,F,F,F,?,112
Hausrotschwanz,396,2022,2022-05-16,1,0,F,T,F,F,?,F,F,F,F,F,F,?,136
Hausrotschwanz,396,2022,2022-06-15,1,0,F,T,F,F,?,F,F,F,F,F,F,?,166
Hausrotschwanz,396,2023,2023-03-28,4,4,T,T,F,F,F,F,F,F,F,F,F,?,87
Hausrotschwanz,396,2023,2023-04-21,5,0,F,T,T,F,F,F,F,F,F,F,F,?,111
Hausrotschwanz,396,2023,2023-05-16,7,0,F,T,T,F,F,F,F,F,F,F,F,?,136
Hausrotschwanz,396,2023,2023-06-12,8,0,F,T,T,T,F,F,F,F,F,F,F,?,163
Hausrotschwanz,397,2018,2018-03-11,0,0,NA,NA,NA,NA,NA,NA,NA,NA,NA,NA,NA,NA,70
Hausrotschwanz,397,2018,2018-04-08,4,0,?,T,F,F,?,F,F,F,F,F,F,?,98
Hausrotschwanz,397,2018,2018-05-06,5,0,?,T,F,F,?,F,F,F,F,F,F,?,126
Hausrotschwanz,397,2018,2018-06-10,5,0,?,T,F,F,?,F,F,F,F,F,T,?,161
Hausrotschwanz,397,2020,2020-03-28,4,0,F,T,F,F,?,F,F,F,F,F,F,?,88
Hausrotschwanz,397,2020,2020-04-10,4,0,T,T,F,F,?,F,F,F,F,F,F,?,101
Hausrotschwanz,397,2020,2020-05-21,7,0,F,T,F,F,?,F,F,F,F,F,F,?,142
Hausrotschwanz,397,2020,2020-06-16,2,0,F,T,F,F,?,F,F,F,F,F,F,?,168
Hausrotschwanz,397,2021,2021-03-21,0,0,NA,NA,NA,NA,NA,NA,NA,NA,NA,NA,NA,NA,80
Hausrotschwanz,397,2021,2021-04-05,4,0,F,T,F,F,?,F,F,F,F,F,F,?,95
Hausrotschwanz,397,2021,2021-05-13,0,0,NA,NA,NA,NA,NA,NA,NA,NA,NA,NA,NA,NA,133
Hausrotschwanz,397,2021,2021-06-13,10,0,F,T,T,F,?,F,F,F,F,F,T,?,164
Hausrotschwanz,398,2019,2019-03-27,8,0,F,T,F,F,?,T,F,F,F,F,F,?,86
Hausrotschwanz,398,2019,2019-04-15,9,0,F,T,F,F,?,T,F,F,F,F,F,?,105
Hausrotschwanz,398,2019,2019-05-16,6,0,F,T,F,T,?,T,F,F,F,F,F,?,136
Hausrotschwanz,398,2019,2019-06-04,8,0,F,T,F,F,?,T,F,F,T,T,T,?,155
Hausrotschwanz,398,2020,2020-03-26,10,0,F,T,F,F,?,F,F,F,F,F,F,?,86
Hausrotschwanz,398,2020,2020-04-08,13,0,F,T,F,F,?,T,F,F,T,F,F,?,99
Hausrotschwanz,398,2020,2020-04-28,9,0,F,T,F,F,?,F,F,F,F,F,F,?,119
Hausrotschwanz,398,2020,2020-06-02,11,0,F,T,F,T,?,T,F,F,F,F,F,?,154
Hausrotschwanz,398,2022,2022-03-22,7,0,F,T,F,F,?,F,T,F,F,F,F,?,81
Hausrotschwanz,398,2022,2022-04-25,9,0,F,T,F,F,?,F,F,F,F,F,F,?,115
Hausrotschwanz,398,2022,2022-05-20,7,0,F,T,T,F,?,F,F,F,F,F,F,?,140
Hausrotschwanz,398,2022,2022-06-13,10,0,F,T,T,F,?,F,F,F,F,F,T,?,164
Hausrotschwanz,398,2023,2023-03-20,3,0,F,T,F,F,F,F,F,F,F,F,F,?,79
Hausrotschwanz,398,2023,2023-04-17,12,0,F,T,F,F,F,T,F,F,F,F,F,?,107
Hausrotschwanz,398,2023,2023-05-09,7,0,F,T,F,F,F,F,F,F,F,F,F,?,129
Hausrotschwanz,398,2023,2023-05-30,5,0,F,T,F,F,F,F,F,F,F,F,F,?,150
Hausrotschwanz,403,2019,2019-03-24,9,0,F,T,F,F,?,F,T,F,F,F,F,?,83
Hausrotschwanz,403,2019,2019-04-19,1,0,F,F,F,F,?,F,F,F,F,F,F,?,109
Hausrotschwanz,403,2019,2019-04-20,4,0,F,T,F,F,?,F,F,F,F,F,F,?,110
Hausrotschwanz,403,2019,2019-05-13,6,0,F,T,T,F,?,F,F,F,T,T,F,?,133
Hausrotschwanz,403,2019,2019-06-14,13,0,F,T,F,F,?,T,F,F,F,T,T,?,165
Hausrotschwanz,403,2020,2020-03-27,1,0,F,F,F,F,?,F,F,F,F,F,F,?,87
Hausrotschwanz,403,2020,2020-04-29,1,0,F,F,F,F,?,F,F,F,F,F,F,?,120
Hausrotschwanz,403,2020,2020-05-19,3,0,F,T,F,T,?,F,F,F,F,F,F,?,140
Hausrotschwanz,403,2020,2020-06-20,3,0,F,T,F,F,?,T,F,F,F,F,F,?,172
Hausrotschwanz,403,2022,2022-03-22,4,0,F,T,F,F,?,F,F,F,F,F,F,?,81
Hausrotschwanz,403,2022,2022-04-25,5,0,F,T,F,F,?,F,F,F,F,F,F,?,115
Hausrotschwanz,403,2022,2022-05-20,6,0,F,T,T,F,?,F,F,F,F,F,F,?,140
Hausrotschwanz,403,2022,2022-06-13,5,0,F,T,F,F,?,F,F,F,F,F,F,?,164
Hausrotschwanz,403,2023,2023-03-21,5,0,F,T,F,F,F,F,F,F,F,F,F,?,80
Hausrotschwanz,403,2023,2023-04-19,8,0,F,T,F,F,F,F,F,F,F,F,F,?,109
Hausrotschwanz,403,2023,2023-05-10,6,0,F,T,F,F,F,F,F,F,F,F,F,?,130
Hausrotschwanz,403,2023,2023-06-05,8,8,T,T,T,F,F,F,F,F,F,F,F,?,156
Hausrotschwanz,411,2018,2018-03-29,3,0,?,T,F,F,?,F,F,F,F,F,F,?,88
Hausrotschwanz,411,2018,2018-04-22,0,0,NA,NA,NA,NA,NA,NA,NA,NA,NA,NA,NA,NA,112
Hausrotschwanz,411,2018,2018-05-12,0,0,NA,NA,NA,NA,NA,NA,NA,NA,NA,NA,NA,NA,132
Hausrotschwanz,411,2018,2018-06-02,0,0,NA,NA,NA,NA,NA,NA,NA,NA,NA,NA,NA,NA,153
Hausrotschwanz,411,2020,2020-03-28,1,0,F,F,F,F,?,F,F,F,F,F,F,?,88
Hausrotschwanz,411,2020,2020-04-13,1,0,F,F,F,F,?,F,F,F,F,F,F,?,104
Hausrotschwanz,411,2020,2020-05-17,0,0,NA,NA,NA,NA,NA,NA,NA,NA,NA,NA,NA,NA,138
Hausrotschwanz,411,2020,2020-06-02,0,0,NA,NA,NA,NA,NA,NA,NA,NA,NA,NA,NA,NA,154
