species,site,year,date,n_individuals,n_guests,guest,singing,calling,warning,aggressive_interaction,couple,female,nesting_material,feeding,nest,juvenile,territory,doy
Stieglitz,4,2019,2019-03-22,0,0,NA,NA,NA,NA,NA,NA,NA,NA,NA,NA,NA,NA,81
Stieglitz,4,2019,2019-04-16,1,0,F,T,F,F,?,F,F,F,F,F,F,?,106
Stieglitz,4,2019,2019-05-09,0,0,NA,NA,NA,NA,NA,NA,NA,NA,NA,NA,NA,NA,129
Stieglitz,4,2019,2019-06-05,0,0,NA,NA,NA,NA,NA,NA,NA,NA,NA,NA,NA,NA,156
Stieglitz,4,2020,2020-03-18,0,0,NA,NA,NA,NA,NA,NA,NA,NA,NA,NA,NA,NA,78
Stieglitz,4,2020,2020-04-16,0,0,NA,NA,NA,NA,NA,NA,NA,NA,NA,NA,NA,NA,107
Stieglitz,4,2020,2020-05-07,1,0,F,F,F,F,?,F,F,F,T,F,F,?,128
Stieglitz,4,2020,2020-06-02,0,0,NA,NA,NA,NA,NA,NA,NA,NA,NA,NA,NA,NA,154
Stieglitz,4,2022,2022-03-21,1,0,F,T,F,F,?,F,F,F,F,F,F,?,80
Stieglitz,4,2022,2022-04-18,0,0,NA,NA,NA,NA,NA,NA,NA,NA,NA,NA,NA,NA,108
Stieglitz,4,2022,2022-05-12,1,0,F,T,F,F,?,F,F,F,F,F,F,?,132
Stieglitz,4,2022,2022-06-02,0,0,NA,NA,NA,NA,NA,NA,NA,NA,NA,NA,NA,NA,153
Stieglitz,4,2023,2023-03-18,0,0,NA,NA,NA,NA,NA,NA,NA,NA,NA,NA,NA,NA,77
Stieglitz,4,2023,2023-04-26,1,0,F,T,F,F,F,F,F,F,F,F,F,?,116
Stieglitz,4,2023,2023-05-19,0,0,NA,NA,NA,NA,NA,NA,NA,NA,NA,NA,NA,NA,139
Stieglitz,4,2023,2023-06-07,0,0,NA,NA,NA,NA,NA,NA,NA,NA,NA,NA,NA,NA,158
Stieglitz,7,2020,2020-03-15,3,0,F,T,F,F,?,F,F,F,F,F,F,?,75
Stieglitz,7,2020,2020-04-10,2,0,F,F,F,F,?,F,F,F,F,F,F,?,101
Stieglitz,7,2020,2020-05-17,6,0,F,F,T,F,?,F,F,F,F,F,F,?,138
Stieglitz,7,2020,2020-05-31,3,0,F,T,F,F,?,F,F,F,F,F,F,?,152
Stieglitz,7,2021,2021-03-17,1,0,F,F,F,F,?,F,?,F,F,F,F,?,76
Stieglitz,7,2021,2021-05-09,3,0,F,T,T,F,?,F,?,F,F,F,F,?,129
Stieglitz,7,2021,2021-05-27,4,0,F,F,T,F,?,F,?,F,F,F,F,?,147
Stieglitz,7,2021,2021-06-08,1,0,F,F,T,F,?,F,?,F,F,F,F,?,159
Stieglitz,10,2018,2018-03-26,0,0,NA,NA,NA,NA,NA,NA,NA,NA,NA,NA,NA,NA,85
Stieglitz,10,2018,2018-04-18,4,0,F,T,F,F,?,F,F,F,F,F,F,?,108
Stieglitz,10,2018,2018-05-07,1,0,F,F,F,F,?,F,F,F,F,F,F,?,127
Stieglitz,10,2018,2018-05-18,17,0,F,T,F,F,?,F,F,F,T,F,F,?,138
Stieglitz,10,2018,2018-05-23,8,0,T,F,F,F,?,F,F,F,F,F,F,?,143
Stieglitz,10,2020,2020-03-17,0,0,NA,NA,NA,NA,NA,NA,NA,NA,NA,NA,NA,NA,77
Stieglitz,10,2020,2020-04-10,1,0,F,F,F,F,?,F,F,F,F,F,F,?,101
Stieglitz,10,2020,2020-05-01,14,14,T,T,F,F,?,F,T,F,F,F,F,?,122
Stieglitz,10,2020,2020-05-31,8,8,T,T,F,F,?,F,F,F,F,F,F,?,152
Stieglitz,10,2021,2021-04-01,2,0,F,T,F,F,?,F,F,F,F,F,F,?,91
Stieglitz,10,2021,2021-04-24,14,14,T,T,T,F,?,F,F,F,F,F,F,?,114
Stieglitz,10,2021,2021-05-16,22,22,T,T,T,F,?,F,F,F,F,F,F,?,136
Stieglitz,10,2021,2021-06-01,7,0,F,T,F,F,?,F,F,F,F,F,F,?,152
Stieglitz,13,2018,2018-03-25,2,0,F,F,T,F,?,F,F,F,F,F,F,?,84
Stieglitz,13,2018,2018-04-19,0,0,NA,NA,NA,NA,NA,NA,NA,NA,NA,NA,NA,NA,109
Stieglitz,13,2018,2018-05-12,1,0,F,F,T,F,?,F,F,F,F,F,F,?,132
Stieglitz,13,2018,2018-06-03,1,0,F,F,T,F,?,F,F,F,F,F,F,?,154
Stieglitz,13,2020,2020-03-28,0,0,NA,NA,NA,NA,NA,NA,NA,NA,NA,NA,NA,NA,88
Stieglitz,13,2020,2020-04-19,3,0,F,F,T,F,?,F,F,F,F,F,F,?,110
Stieglitz,13,2020,2020-05-10,0,0,NA,NA,NA,NA,NA,NA,NA,NA,NA,NA,NA,NA,131
Stieglitz,13,2020,2020-06-05,0,0,NA,NA,NA,NA,NA,NA,NA,NA,NA,NA,NA,NA,157
Stieglitz,13,2021,2021-03-28,2,0,F,T,T,F,?,F,F,F,F,F,F,?,87
Stieglitz,13,2021,2021-04-18,3,0,F,F,F,F,?,F,F,F,F,F,F,?,108
Stieglitz,13,2021,2021-05-10,1,0,F,F,F,F,?,F,F,F,F,F,F,?,130
Stieglitz,13,2021,2021-06-05,1,0,F,F,T,F,?,F,F,F,F,F,F,?,156
Stieglitz,15,2019,2019-03-29,1,0,?,F,?,?,?,?,?,?,?,?,?,?,88
Stieglitz,15,2019,2019-04-18,0,0,NA,NA,NA,NA,NA,NA,NA,NA,NA,NA,NA,NA,108
Stieglitz,15,2019,2019-05-01,2,0,?,F,?,?,?,?,?,?,?,?,?,?,121
Stieglitz,15,2019,2019-06-03,0,0,NA,NA,NA,NA,NA,NA,NA,NA,NA,NA,NA,NA,154
Stieglitz,15,2021,2021-03-29,0,0,NA,NA,NA,NA,NA,NA,NA,NA,NA,NA,NA,NA,88
Stieglitz,15,2021,2021-04-18,0,0,NA,NA,NA,NA,NA,NA,NA,NA,NA,NA,NA,NA,108
Stieglitz,15,2021,2021-05-14,2,0,?,T,T,?,?,F,?,?,?,?,?,?,134
Stieglitz,15,2021,2021-06-18,2,0,?,T,?,?,?,?,?,?,?,?,?,?,169
Stieglitz,15,2021,2021-03-16,0,0,NA,NA,NA,NA,NA,NA,NA,NA,NA,NA,NA,NA,75
Stieglitz,15,2022,2022-03-17,0,0,NA,NA,NA,NA,NA,NA,NA,NA,NA,NA,NA,NA,76
Stieglitz,15,2022,2022-04-21,1,0,F,F,F,F,F,F,F,F,F,F,F,?,111
Stieglitz,15,2022,2022-05-08,0,0,NA,NA,NA,NA,NA,NA,NA,NA,NA,NA,NA,NA,128
Stieglitz,15,2022,2022-05-29,3,0,F,T,F,F,F,F,F,F,F,F,F,?,149
Stieglitz,15,2022,2022-03-16,0,0,NA,NA,NA,NA,NA,NA,NA,NA,NA,NA,NA,NA,75
Stieglitz,15,2023,2023-03-23,0,0,NA,NA,NA,NA,NA,NA,NA,NA,NA,NA,NA,NA,82
Stieglitz,15,2023,2023-04-19,1,0,F,F,F,F,?,F,F,F,F,F,F,?,109
Stieglitz,15,2023,2023-05-11,0,0,NA,NA,NA,NA,NA,NA,NA,NA,NA,NA,NA,NA,131
Stieglitz,15,2023,2023-06-13,2,0,F,F,F,F,?,F,F,F,F,F,F,?,164
Stieglitz,18,2019,2019-03-30,1,0,F,F,F,F,?,T,F,F,F,F,F,?,89
Stieglitz,18,2019,2019-04-19,2,0,F,F,T,F,?,F,F,F,F,F,F,?,109
Stieglitz,18,2019,2019-05-02,1,0,F,T,F,F,?,F,F,F,F,F,F,?,122
Stieglitz,18,2019,2019-05-23,0,0,NA,NA,NA,NA,NA,NA,NA,NA,NA,NA,NA,NA,143
Stieglitz,18,2019,2019-06-18,0,0,NA,NA,NA,NA,NA,NA,NA,NA,NA,NA,NA,NA,169
Stieglitz,18,2019,2019-03-03,0,0,NA,NA,NA,NA,NA,NA,NA,NA,NA,NA,NA,NA,62
Stieglitz,18,2021,2021-04-16,27,0,F,?,?,?,?,T,F,?,?,?,?,?,106
Stieglitz,18,2021,2021-05-14,3,0,F,?,?,?,?,?,F,?,?,?,?,?,134
Stieglitz,18,2021,2021-06-14,23,0,T,?,?,?,?,?,F,?,?,?,?,?,165
Stieglitz,21,2019,2019-03-29,2,0,F,T,F,F,?,T,F,F,F,F,F,?,88
Stieglitz,21,2019,2019-04-24,1,0,F,F,F,F,?,F,F,F,F,F,F,?,114
Stieglitz,21,2019,2019-05-03,0,0,NA,NA,NA,NA,NA,NA,NA,NA,NA,NA,NA,NA,123
Stieglitz,21,2019,2019-05-24,1,0,F,T,F,F,?,F,F,F,F,F,F,?,144
Stieglitz,22,2019,2019-03-27,9,0,F,T,F,F,?,F,F,F,F,F,F,?,86
Stieglitz,22,2019,2019-04-23,3,0,F,T,F,F,?,F,F,F,F,F,F,?,113
Stieglitz,22,2019,2019-05-10,2,0,F,T,F,F,?,T,F,F,F,F,F,?,130
Stieglitz,22,2019,2019-06-17,3,0,F,T,F,F,?,T,F,F,F,F,F,?,168
Stieglitz,23,2019,2019-03-26,0,0,NA,NA,NA,NA,NA,NA,NA,NA,NA,NA,NA,NA,85
Stieglitz,23,2019,2019-04-26,0,0,NA,NA,NA,NA,NA,NA,NA,NA,NA,NA,NA,NA,116
Stieglitz,23,2019,2019-05-14,1,0,F,F,F,F,?,F,F,F,F,T,F,?,134
Stieglitz,23,2019,2019-06-18,0,0,NA,NA,NA,NA,NA,NA,NA,NA,NA,NA,NA,NA,169
Stieglitz,29,2019,2019-03-27,2,0,F,T,F,F,?,F,F,F,F,F,F,?,86
Stieglitz,29,2019,2019-04-26,2,0,F,T,F,F,?,F,F,F,F,F,F,?,116
Stieglitz,29,2019,2019-05-15,3,0,F,T,F,F,?,F,F,F,F,F,F,?,135
Stieglitz,29,2019,2019-06-18,7,0,F,T,T,F,?,F,F,F,F,F,F,?,169
Stieglitz,29,2019,2019-06-20,0,0,NA,NA,NA,NA,NA,NA,NA,NA,NA,NA,NA,NA,171
Stieglitz,32,2020,2020-03-15,11,0,F,T,T,F,?,F,F,F,F,F,F,?,75
Stieglitz,32,2020,2020-04-19,6,0,F,F,F,F,?,T,F,F,F,F,F,?,110
Stieglitz,32,2020,2020-05-17,10,0,F,T,F,F,?,F,F,F,F,F,F,?,138
Stieglitz,32,2020,2020-06-12,7,0,F,F,T,F,?,T,F,F,F,F,F,?,164
Stieglitz,32,2021,2021-03-22,10,0,F,T,?,?,?,T,F,?,?,?,?,?,81
Stieglitz,32,2021,2021-04-28,3,0,F,?,?,?,?,?,F,?,?,?,?,?,118
Stieglitz,32,2021,2021-05-10,1,0,F,T,?,?,?,?,F,?,?,?,?,?,130
Stieglitz,32,2021,2021-06-17,3,0,F,T,?,?,?,?,F,?,?,?,?,?,168
Stieglitz,33,2020,2020-03-28,0,0,NA,NA,NA,NA,NA,NA,NA,NA,NA,NA,NA,NA,88
Stieglitz,33,2020,2020-04-25,2,0,F,T,F,F,?,F,F,F,F,F,F,?,116
Stieglitz,33,2020,2020-05-16,2,0,F,T,F,F,?,F,F,F,F,F,F,?,137
Stieglitz,33,2020,2020-06-01,6,0,F,T,F,F,?,F,F,F,F,F,F,?,153
Stieglitz,33,2021,2021-03-30,2,0,F,T,?,?,?,?,F,?,?,?,?,?,89
Stieglitz,33,2021,2021-04-25,3,0,F,T,?,?,?,?,F,?,?,?,?,?,115
Stieglitz,33,2021,2021-05-10,3,0,F,T,?,?,?,?,F,?,?,?,?,?,130
Stieglitz,33,2021,2021-05-30,3,0,F,T,?,?,?,?,F,?,?,?,?,?,150
Stieglitz,34,2020,2020-03-19,3,0,F,F,F,F,?,F,F,F,F,F,F,?,79
Stieglitz,34,2020,2020-04-16,7,0,F,T,T,F,?,T,F,F,F,F,F,?,107
Stieglitz,34,2020,2020-05-08,4,0,F,T,T,F,?,T,F,F,F,F,F,?,129
Stieglitz,34,2020,2020-06-18,2,0,F,T,F,F,?,F,F,F,F,F,F,?,170
Stieglitz,34,2021,2021-03-29,5,0,F,T,?,?,?,T,F,?,?,?,?,?,88
Stieglitz,34,2021,2021-04-23,4,0,F,T,?,?,?,?,F,?,?,?,?,?,113
Stieglitz,34,2021,2021-05-07,4,0,F,T,?,?,?,?,F,?,?,?,?,?,127
Stieglitz,34,2021,2021-06-20,5,0,F,T,?,?,?,?,F,?,?,?,?,?,171
Stieglitz,35,2020,2020-03-29,6,0,F,T,F,F,?,F,F,F,F,F,F,?,89
Stieglitz,35,2020,2020-04-26,11,0,F,T,F,F,?,F,F,F,F,F,F,?,117
Stieglitz,35,2020,2020-05-16,19,0,T,T,F,F,?,F,F,F,F,F,F,?,137
Stieglitz,35,2020,2020-06-11,38,0,T,T,F,F,?,F,F,F,F,F,T,?,163
Stieglitz,36,2018,2018-03-24,0,0,NA,NA,NA,NA,NA,NA,NA,NA,NA,NA,NA,NA,83
Stieglitz,36,2018,2018-04-18,0,0,NA,NA,NA,NA,NA,NA,NA,NA,NA,NA,NA,NA,108
Stieglitz,36,2018,2018-05-11,0,0,NA,NA,NA,NA,NA,NA,NA,NA,NA,NA,NA,NA,131
Stieglitz,36,2018,2018-06-03,1,0,F,T,F,F,?,F,F,F,F,F,F,?,154
Stieglitz,36,2020,2020-03-28,0,0,NA,NA,NA,NA,NA,NA,NA,NA,NA,NA,NA,NA,88
Stieglitz,36,2020,2020-04-17,0,0,NA,NA,NA,NA,NA,NA,NA,NA,NA,NA,NA,NA,108
Stieglitz,36,2020,2020-05-08,1,0,F,T,F,F,?,F,F,F,F,F,F,?,129
Stieglitz,36,2020,2020-06-11,2,0,F,T,F,F,?,F,F,F,F,F,F,?,163
Stieglitz,36,2021,2021-03-27,0,0,NA,NA,NA,NA,NA,NA,NA,NA,NA,NA,NA,NA,86
Stieglitz,36,2021,2021-04-24,0,0,NA,NA,NA,NA,NA,NA,NA,NA,NA,NA,NA,NA,114
Stieglitz,36,2021,2021-05-13,3,0,F,T,F,F,?,F,F,F,F,F,F,?,133
Stieglitz,36,2021,2021-06-06,2,0,F,T,F,F,?,F,F,F,F,F,F,?,157
Stieglitz,37,2018,2018-03-30,28,0,F,T,F,F,?,F,F,F,F,F,F,?,89
Stieglitz,37,2018,2018-04-18,14,0,F,T,T,F,?,F,F,F,F,F,F,?,108
Stieglitz,37,2018,2018-05-12,8,0,F,T,T,F,?,F,F,F,F,F,F,?,132
Stieglitz,37,2018,2018-06-13,4,0,F,T,F,F,F,F,F,F,F,F,F,?,164
Stieglitz,37,2020,2020-03-19,3,0,F,F,F,F,?,F,F,F,F,F,F,?,79
Stieglitz,37,2020,2020-04-25,9,0,F,T,T,F,?,F,F,F,F,F,F,?,116
Stieglitz,37,2020,2020-05-10,4,0,F,T,F,F,?,F,F,F,F,F,F,?,131
Stieglitz,37,2020,2020-06-07,19,0,F,T,T,F,?,F,F,F,F,F,F,?,159
Stieglitz,37,2021,2021-03-31,8,0,F,T,F,F,?,F,F,F,F,F,F,?,90
Stieglitz,37,2021,2021-04-25,8,0,F,T,T,F,?,F,F,F,F,F,F,?,115
Stieglitz,37,2021,2021-05-15,10,0,F,T,F,F,?,F,F,F,F,F,F,?,135
Stieglitz,37,2021,2021-06-17,9,0,F,T,F,F,?,F,F,F,F,F,F,?,168
Stieglitz,39,2019,2019-03-19,6,0,F,F,T,F,?,F,F,F,F,F,F,?,78
Stieglitz,39,2019,2019-04-15,2,0,F,T,F,F,?,T,F,F,F,F,F,?,105
Stieglitz,39,2019,2019-05-07,2,0,F,T,F,F,?,F,F,F,F,F,F,?,127
Stieglitz,39,2019,2019-06-08,5,0,F,F,F,F,?,T,F,F,F,F,F,?,159
Stieglitz,42,2020,2020-03-27,0,0,NA,NA,NA,NA,NA,NA,NA,NA,NA,NA,NA,NA,87
Stieglitz,42,2020,2020-04-24,1,0,F,F,T,F,?,F,F,F,F,F,F,?,115
Stieglitz,42,2020,2020-05-16,3,0,F,T,F,F,?,F,F,F,F,F,F,?,137
Stieglitz,42,2020,2020-06-03,0,0,NA,NA,NA,NA,NA,NA,NA,NA,NA,NA,NA,NA,155
Stieglitz,42,2021,2021-03-31,0,0,NA,NA,NA,NA,NA,NA,NA,NA,NA,NA,NA,NA,90
Stieglitz,42,2021,2021-05-19,3,0,F,F,T,F,?,F,F,F,F,F,F,?,139
Stieglitz,42,2021,2021-06-13,3,0,F,F,F,F,?,F,F,F,F,F,F,?,164
Stieglitz,43,2019,2019-03-22,1,0,F,T,F,F,?,F,F,F,F,F,F,?,81
Stieglitz,43,2019,2019-04-26,3,0,F,F,T,F,?,F,F,F,F,F,F,?,116
Stieglitz,43,2019,2019-05-17,0,0,NA,NA,NA,NA,NA,NA,NA,NA,NA,NA,NA,NA,137
Stieglitz,43,2019,2019-06-14,2,0,F,F,T,F,?,F,F,F,F,F,F,?,165
Stieglitz,43,2020,2020-03-26,0,0,NA,NA,NA,NA,NA,NA,NA,NA,NA,NA,NA,NA,86
Stieglitz,43,2020,2020-04-21,5,0,F,T,T,F,F,F,F,F,F,F,F,?,112
Stieglitz,43,2020,2020-05-13,2,0,F,F,T,F,F,F,F,F,F,F,F,?,134
Stieglitz,43,2020,2020-06-18,1,0,F,F,T,F,F,F,F,F,F,F,F,?,170
Stieglitz,43,2021,2021-03-24,1,0,F,F,F,F,F,F,F,F,F,F,F,?,83
Stieglitz,43,2021,2021-04-22,3,0,F,T,F,F,F,T,F,F,F,F,F,?,112
Stieglitz,43,2021,2021-05-21,1,0,F,F,T,F,F,F,F,F,F,F,F,?,141
Stieglitz,43,2021,2021-06-17,0,0,NA,NA,NA,NA,NA,NA,NA,NA,NA,NA,NA,NA,168
Stieglitz,43,2022,2022-03-28,2,0,F,T,F,F,F,F,F,F,F,F,F,?,87
Stieglitz,43,2022,2022-04-28,4,0,F,F,T,F,F,F,F,F,F,F,F,?,118
Stieglitz,43,2022,2022-05-20,1,0,F,F,T,F,F,F,F,F,F,F,F,?,140
Stieglitz,43,2022,2022-06-20,1,0,F,F,T,F,F,F,F,F,F,F,F,?,171
Stieglitz,43,2023,2023-04-24,0,0,NA,NA,NA,NA,NA,NA,NA,NA,NA,NA,NA,NA,114
Stieglitz,43,2023,2023-05-16,0,0,NA,NA,NA,NA,NA,NA,NA,NA,NA,NA,NA,NA,136
Stieglitz,43,2023,2023-06-14,1,0,F,T,F,F,F,F,F,F,F,F,F,?,165
Stieglitz,43,2023,2023-03-22,1,0,F,F,T,F,F,F,F,F,F,F,F,?,81
Stieglitz,47,2020,2020-03-17,0,0,NA,NA,NA,NA,NA,NA,NA,NA,NA,NA,NA,NA,77
Stieglitz,47,2020,2020-04-17,1,0,F,F,F,F,?,F,F,F,F,F,F,?,108
Stieglitz,47,2020,2020-05-15,1,0,F,F,T,F,?,F,F,F,F,F,F,?,136
Stieglitz,47,2020,2020-06-18,1,0,F,T,F,F,?,F,F,F,F,F,F,?,170
Stieglitz,47,2021,2021-03-25,0,0,NA,NA,NA,NA,NA,NA,NA,NA,NA,NA,NA,NA,84
Stieglitz,47,2021,2021-04-27,4,0,F,F,F,F,?,F,F,F,F,F,F,?,117
Stieglitz,47,2021,2021-05-19,0,0,NA,NA,NA,NA,NA,NA,NA,NA,NA,NA,NA,NA,139
Stieglitz,47,2021,2021-06-19,2,0,F,F,F,F,?,F,F,F,F,F,F,?,170
Stieglitz,48,2020,2020-03-31,0,0,NA,NA,NA,NA,NA,NA,NA,NA,NA,NA,NA,NA,91
Stieglitz,48,2020,2020-04-29,0,0,NA,NA,NA,NA,NA,NA,NA,NA,NA,NA,NA,NA,120
Stieglitz,48,2020,2020-05-19,1,0,F,T,F,F,?,F,F,F,F,F,F,?,140
Stieglitz,48,2020,2020-06-20,1,0,F,T,F,F,?,F,F,F,F,F,F,?,172
Stieglitz,48,2021,2021-03-28,5,0,?,?,?,?,?,?,?,?,?,?,?,?,87
Stieglitz,48,2021,2021-04-28,2,0,?,?,?,?,?,?,?,?,?,?,?,?,118
Stieglitz,48,2021,2021-05-20,3,0,?,T,?,?,?,?,?,?,?,?,?,?,140
Stieglitz,48,2021,2021-06-21,2,0,?,T,?,?,?,?,?,?,?,?,?,?,172
Stieglitz,53,2018,2018-03-25,0,0,NA,NA,NA,NA,NA,NA,NA,NA,NA,NA,NA,NA,84
Stieglitz,53,2018,2018-04-29,7,0,?,F,F,F,?,T,F,F,F,F,F,?,119
Stieglitz,53,2018,2018-05-27,1,0,?,F,F,F,?,F,F,F,F,F,F,?,147
Stieglitz,53,2018,2018-06-10,1,0,?,T,F,F,?,F,T,F,F,F,F,?,161
Stieglitz,53,2020,2020-03-29,0,0,NA,NA,NA,NA,NA,NA,NA,NA,NA,NA,NA,NA,89
Stieglitz,53,2020,2020-04-25,0,0,NA,NA,NA,NA,NA,NA,NA,NA,NA,NA,NA,NA,116
Stieglitz,53,2020,2020-05-24,1,0,F,F,F,F,?,T,F,F,F,F,F,?,145
Stieglitz,53,2020,2020-06-01,2,0,F,F,F,F,?,T,F,F,F,F,F,?,153
Stieglitz,53,2021,2021-03-28,0,0,NA,NA,NA,NA,NA,NA,NA,NA,NA,NA,NA,NA,87
Stieglitz,53,2021,2021-04-25,0,0,NA,NA,NA,NA,NA,NA,NA,NA,NA,NA,NA,NA,115
Stieglitz,53,2021,2021-05-23,5,0,?,?,?,?,?,T,?,?,?,?,?,?,143
Stieglitz,53,2021,2021-06-20,2,0,F,F,F,F,?,F,?,F,F,F,F,?,171
Stieglitz,54,2018,2018-03-20,1,0,F,T,F,F,?,F,F,F,F,F,F,?,79
Stieglitz,54,2018,2018-04-15,0,0,NA,NA,NA,NA,NA,NA,NA,NA,NA,NA,NA,NA,105
Stieglitz,54,2018,2018-05-13,0,0,NA,NA,NA,NA,NA,NA,NA,NA,NA,NA,NA,NA,133
Stieglitz,54,2018,2018-06-05,0,0,NA,NA,NA,NA,NA,NA,NA,NA,NA,NA,NA,NA,156
Stieglitz,54,2020,2020-03-15,3,0,F,F,F,F,?,F,F,F,F,F,F,?,75
Stieglitz,54,2020,2020-04-13,1,0,F,F,F,F,?,T,F,F,F,F,F,?,104
Stieglitz,54,2020,2020-05-19,0,0,NA,NA,NA,NA,NA,NA,NA,NA,NA,NA,NA,NA,140
Stieglitz,54,2020,2020-06-13,0,0,NA,NA,NA,NA,NA,NA,NA,NA,NA,NA,NA,NA,165
Stieglitz,56,2021,2021-03-28,17,0,F,T,F,F,?,F,F,F,F,F,F,?,87
Stieglitz,56,2021,2021-04-25,1,0,F,F,F,F,?,F,F,F,F,F,F,?,115
Stieglitz,56,2021,2021-05-08,0,0,NA,NA,NA,NA,NA,NA,NA,NA,NA,NA,NA,NA,128
Stieglitz,56,2021,2021-05-28,0,0,NA,NA,NA,NA,NA,NA,NA,NA,NA,NA,NA,NA,148
Stieglitz,59,2018,2018-03-21,2,0,F,T,F,F,?,F,F,F,F,F,F,?,80
Stieglitz,59,2018,2018-04-14,1,0,F,T,F,F,?,F,F,F,F,F,F,?,104
Stieglitz,59,2018,2018-05-09,0,0,NA,NA,NA,NA,NA,NA,NA,NA,NA,NA,NA,NA,129
Stieglitz,59,2018,2018-06-05,0,0,NA,NA,NA,NA,NA,NA,NA,NA,NA,NA,NA,NA,156
Stieglitz,59,2021,2021-03-29,0,0,NA,NA,NA,NA,NA,NA,NA,NA,NA,NA,NA,NA,88
Stieglitz,59,2021,2021-04-22,1,0,F,F,F,F,?,T,F,F,F,F,F,?,112
Stieglitz,59,2021,2021-05-10,0,0,NA,NA,NA,NA,NA,NA,NA,NA,NA,NA,NA,NA,130
Stieglitz,59,2021,2021-06-10,2,0,F,F,F,F,?,F,F,F,F,F,F,?,161
Stieglitz,61,2018,2018-03-17,15,0,F,F,T,F,?,F,F,F,F,F,F,?,76
Stieglitz,61,2018,2018-04-07,6,0,T,F,F,F,?,F,F,F,F,F,F,?,97
Stieglitz,61,2018,2018-05-05,6,0,F,T,T,F,?,F,F,F,F,F,F,?,125
Stieglitz,61,2018,2018-06-02,8,0,F,T,F,F,?,F,F,F,F,F,F,?,153
Stieglitz,61,2020,2020-03-14,7,0,F,T,T,F,?,F,F,F,F,F,F,?,74
Stieglitz,61,2020,2020-04-04,6,0,F,F,T,F,?,F,F,F,F,F,F,?,95
Stieglitz,61,2020,2020-05-02,14,0,F,T,T,F,?,F,F,F,F,F,F,?,123
Stieglitz,61,2020,2020-05-30,10,0,F,T,F,F,?,F,F,F,F,F,F,?,151
Stieglitz,61,2021,2021-03-21,21,0,F,T,T,F,?,F,F,F,F,F,F,?,80
Stieglitz,61,2021,2021-04-10,16,0,F,T,T,F,?,F,F,F,F,F,F,?,100
Stieglitz,61,2021,2021-05-08,15,0,F,T,T,F,?,F,F,F,F,F,F,?,128
Stieglitz,61,2021,2021-06-05,15,0,F,T,T,F,?,F,F,F,F,F,F,?,156
Stieglitz,63,2019,2019-03-31,5,0,F,T,F,F,?,F,F,F,F,F,F,?,90
Stieglitz,63,2019,2019-04-27,4,0,F,T,F,F,?,F,F,F,F,F,F,?,117
Stieglitz,63,2019,2019-05-18,4,0,F,T,F,F,?,F,F,F,F,F,F,?,138
Stieglitz,63,2019,2019-06-16,4,0,F,T,F,F,?,F,F,F,F,F,F,?,167
Stieglitz,63,2021,2021-03-20,0,0,NA,NA,NA,NA,NA,NA,NA,NA,NA,NA,NA,NA,79
Stieglitz,63,2021,2021-04-10,0,0,NA,NA,NA,NA,NA,NA,NA,NA,NA,NA,NA,NA,100
Stieglitz,63,2021,2021-05-09,1,0,?,T,?,?,?,?,?,?,?,?,?,?,129
Stieglitz,63,2021,2021-06-19,1,0,?,T,?,?,?,?,?,?,?,?,?,?,170
Stieglitz,67,2023,2023-03-17,3,0,F,T,F,F,F,F,F,F,F,F,F,?,76
Stieglitz,67,2023,2023-04-17,0,0,NA,NA,NA,NA,NA,NA,NA,NA,NA,NA,NA,NA,107
Stieglitz,67,2023,2023-05-03,1,0,F,F,T,F,F,F,F,F,F,F,F,?,123
Stieglitz,67,2023,2023-05-22,0,0,NA,NA,NA,NA,NA,NA,NA,NA,NA,NA,NA,NA,142
Stieglitz,68,2019,2019-03-19,0,0,NA,NA,NA,NA,NA,NA,NA,NA,NA,NA,NA,NA,78
Stieglitz,68,2019,2019-04-18,1,0,F,T,F,F,?,F,F,F,F,F,F,?,108
Stieglitz,68,2019,2019-05-06,0,0,NA,NA,NA,NA,NA,NA,NA,NA,NA,NA,NA,NA,126
Stieglitz,68,2019,2019-05-29,0,0,NA,NA,NA,NA,NA,NA,NA,NA,NA,NA,NA,NA,149
Stieglitz,68,2021,2021-03-24,1,0,F,F,T,F,?,F,F,F,F,F,F,?,83
Stieglitz,68,2021,2021-04-16,0,0,NA,NA,NA,NA,NA,NA,NA,NA,NA,NA,NA,NA,106
Stieglitz,68,2021,2021-05-03,0,0,NA,NA,NA,NA,NA,NA,NA,NA,NA,NA,NA,NA,123
Stieglitz,68,2021,2021-06-01,4,0,F,F,T,F,?,F,F,F,F,F,F,?,152
Stieglitz,68,2022,2022-03-21,1,0,F,T,F,F,F,F,F,F,F,F,F,?,80
Stieglitz,68,2022,2022-04-19,0,0,NA,NA,NA,NA,NA,NA,NA,NA,NA,NA,NA,NA,109
Stieglitz,68,2022,2022-05-05,0,0,NA,NA,NA,NA,NA,NA,NA,NA,NA,NA,NA,NA,125
Stieglitz,68,2022,2022-06-03,0,0,NA,NA,NA,NA,NA,NA,NA,NA,NA,NA,NA,NA,154
Stieglitz,68,2023,2023-03-20,0,0,NA,NA,NA,NA,NA,NA,NA,NA,NA,NA,NA,NA,79
Stieglitz,68,2023,2023-04-14,0,0,NA,NA,NA,NA,NA,NA,NA,NA,NA,NA,NA,NA,104
Stieglitz,68,2023,2023-05-04,1,0,F,F,T,F,F,F,F,F,F,F,F,?,124
Stieglitz,68,2023,2023-06-01,3,0,F,T,T,F,F,F,F,F,F,F,F,?,152
Stieglitz,69,2019,2019-03-23,0,0,NA,NA,NA,NA,NA,NA,NA,NA,NA,NA,NA,NA,82
Stieglitz,69,2019,2019-04-28,9,0,F,T,F,F,?,F,F,F,F,F,F,?,118
Stieglitz,69,2019,2019-05-11,7,0,F,T,F,F,?,F,F,F,F,F,F,?,131
Stieglitz,69,2019,2019-06-20,10,0,F,T,T,F,?,F,F,F,F,F,F,?,171
Stieglitz,70,2019,2019-03-29,3,0,F,F,T,F,?,F,F,F,F,F,F,?,88
Stieglitz,70,2019,2019-04-29,9,0,F,T,T,F,?,F,F,F,F,F,F,?,119
Stieglitz,70,2019,2019-05-20,0,0,NA,NA,NA,NA,NA,NA,NA,NA,NA,NA,NA,NA,140
Stieglitz,70,2019,2019-06-14,1,0,F,T,F,F,?,F,F,F,F,F,F,?,165
Stieglitz,70,2020,2020-03-26,0,0,NA,NA,NA,NA,NA,NA,NA,NA,NA,NA,NA,NA,86
Stieglitz,70,2020,2020-04-22,5,0,F,F,T,F,?,T,F,F,F,F,F,?,113
Stieglitz,70,2020,2020-05-15,4,0,F,T,T,F,?,F,F,F,F,F,F,?,136
Stieglitz,70,2020,2020-06-19,2,0,F,F,T,F,?,F,F,F,F,F,F,?,171
Stieglitz,70,2021,2021-03-30,5,0,F,T,T,F,?,T,F,F,F,F,F,?,89
Stieglitz,70,2021,2021-04-27,4,0,F,T,T,F,?,F,F,F,F,F,F,?,117
Stieglitz,70,2021,2021-05-19,5,0,F,T,F,F,?,F,F,F,F,F,F,?,139
Stieglitz,70,2021,2021-06-17,0,0,NA,NA,NA,NA,NA,NA,NA,NA,NA,NA,NA,NA,168
Stieglitz,70,2022,2022-03-29,5,0,F,T,T,F,F,F,F,F,F,F,F,?,88
Stieglitz,70,2022,2022-04-25,1,0,F,F,T,F,F,F,F,F,F,F,F,?,115
Stieglitz,70,2022,2022-05-19,3,0,F,T,T,F,F,F,F,F,F,F,F,?,139
Stieglitz,70,2022,2022-06-20,6,0,F,T,T,F,F,F,F,F,F,F,F,?,171
Stieglitz,70,2023,2023-03-28,6,0,F,T,T,F,F,F,F,F,F,F,F,?,87
Stieglitz,70,2023,2023-04-26,3,0,F,T,F,F,F,F,F,F,F,F,F,?,116
Stieglitz,70,2023,2023-05-19,4,0,F,T,F,F,F,F,F,F,F,F,F,?,139
Stieglitz,70,2023,2023-06-14,7,0,F,T,T,F,F,F,F,F,F,F,F,?,165
Stieglitz,71,2019,2019-03-28,0,0,NA,NA,NA,NA,NA,NA,NA,NA,NA,NA,NA,NA,87
Stieglitz,71,2019,2019-04-26,0,0,NA,NA,NA,NA,NA,NA,NA,NA,NA,NA,NA,NA,116
Stieglitz,71,2019,2019-05-17,0,0,NA,NA,NA,NA,NA,NA,NA,NA,NA,NA,NA,NA,137
Stieglitz,71,2019,2019-06-05,1,0,F,T,F,F,?,F,F,F,F,F,F,?,156
Stieglitz,71,2020,2020-03-24,0,0,NA,NA,NA,NA,NA,NA,NA,NA,NA,NA,NA,NA,84
Stieglitz,71,2020,2020-04-21,4,0,F,T,T,F,?,F,F,F,F,F,F,?,112
Stieglitz,71,2020,2020-05-12,1,0,F,T,F,F,?,F,F,F,F,F,F,?,133
Stieglitz,71,2020,2020-06-03,0,0,NA,NA,NA,NA,NA,NA,NA,NA,NA,NA,NA,NA,155
Stieglitz,71,2021,2021-03-26,0,0,NA,NA,NA,NA,NA,NA,NA,NA,NA,NA,NA,NA,85
Stieglitz,71,2021,2021-04-22,0,0,NA,NA,NA,NA,NA,NA,NA,NA,NA,NA,NA,NA,112
Stieglitz,71,2021,2021-05-14,6,0,F,T,T,F,?,F,F,F,F,F,F,?,134
Stieglitz,71,2022,2022-03-28,0,0,NA,NA,NA,NA,NA,NA,NA,NA,NA,NA,NA,NA,87
Stieglitz,71,2022,2022-04-29,3,0,F,T,T,F,F,F,F,F,F,F,F,?,119
Stieglitz,71,2022,2022-05-11,2,0,F,T,T,F,F,T,F,F,F,F,F,?,131
Stieglitz,71,2022,2022-06-14,4,0,F,T,T,F,F,T,F,F,F,F,F,?,165
Stieglitz,71,2023,2023-03-22,1,0,F,F,T,F,F,F,F,F,F,F,F,?,81
Stieglitz,71,2023,2023-04-21,2,0,F,T,F,F,F,F,F,F,F,F,F,?,111
Stieglitz,71,2023,2023-05-11,3,0,F,T,T,F,F,F,F,F,F,F,F,?,131
Stieglitz,71,2023,2023-06-12,6,0,F,T,T,F,F,F,F,F,F,F,F,?,163
Stieglitz,72,2021,2021-03-24,6,0,F,F,F,F,?,F,F,F,F,F,F,?,83
Stieglitz,72,2021,2021-04-11,13,0,F,T,F,F,?,F,F,F,F,F,F,?,101
Stieglitz,72,2021,2021-05-09,8,0,F,F,F,F,?,F,F,F,F,F,F,?,129
Stieglitz,72,2021,2021-05-30,10,0,F,T,F,F,?,F,F,F,F,F,F,?,150
Stieglitz,74,2021,2021-03-25,0,0,NA,NA,NA,NA,NA,NA,NA,NA,NA,NA,NA,NA,84
Stieglitz,74,2021,2021-04-10,1,0,F,T,F,F,?,F,F,F,F,F,F,?,100
Stieglitz,74,2021,2021-05-10,12,0,F,F,F,F,?,F,F,F,F,F,F,?,130
Stieglitz,74,2021,2021-06-01,1,0,F,T,F,F,?,F,F,F,F,F,F,?,152
Stieglitz,75,2019,2019-03-22,3,0,F,F,T,F,?,F,F,F,F,F,F,?,81
Stieglitz,75,2019,2019-04-23,3,0,F,T,T,F,?,F,F,F,F,F,F,?,113
Stieglitz,75,2019,2019-05-14,2,0,F,T,T,F,?,T,F,F,F,F,F,?,134
Stieglitz,75,2019,2019-06-13,9,0,F,T,T,F,?,T,F,F,F,F,F,?,164
Stieglitz,75,2020,2020-03-19,2,0,F,F,F,F,?,F,F,F,F,F,F,?,79
Stieglitz,75,2020,2020-04-20,8,0,F,T,T,F,?,F,F,F,F,F,F,?,111
Stieglitz,75,2020,2020-05-13,5,0,F,F,T,F,?,F,F,F,F,F,F,?,134
Stieglitz,75,2020,2020-06-17,5,0,F,T,T,F,?,F,F,F,F,F,F,?,169
Stieglitz,75,2021,2021-03-25,4,0,F,T,T,F,?,F,F,F,F,F,F,?,84
Stieglitz,75,2021,2021-04-20,7,0,F,T,T,F,?,T,F,F,F,F,F,?,110
Stieglitz,75,2021,2021-05-10,5,0,F,T,T,F,?,T,F,F,F,F,F,?,130
Stieglitz,75,2021,2021-06-10,8,0,F,F,T,F,?,T,F,F,F,F,T,?,161
Stieglitz,75,2022,2022-03-25,5,0,F,T,T,F,F,F,F,F,F,F,F,?,84
Stieglitz,75,2022,2022-04-21,3,0,F,T,F,F,F,T,F,F,F,F,F,?,111
Stieglitz,75,2022,2022-05-10,5,0,F,T,T,F,F,T,F,F,F,F,F,?,130
Stieglitz,75,2022,2022-06-10,2,0,F,T,F,F,F,F,F,F,F,F,F,?,161
Stieglitz,75,2023,2023-03-21,1,0,F,T,F,F,F,F,F,F,F,F,F,?,80
Stieglitz,75,2023,2023-04-19,5,0,F,T,T,F,F,F,F,F,F,F,F,?,109
Stieglitz,75,2023,2023-05-09,2,0,F,T,T,F,F,F,F,F,F,F,F,?,129
Stieglitz,75,2023,2023-06-07,5,0,F,T,T,F,F,F,F,F,F,F,F,?,158
Stieglitz,76,2019,2019-03-25,10,0,F,T,T,F,?,F,F,F,F,F,F,?,84
Stieglitz,76,2019,2019-04-15,11,0,F,T,T,F,?,F,F,F,F,F,F,?,105
Stieglitz,76,2019,2019-05-06,6,0,F,T,T,F,?,F,F,F,F,F,F,?,126
Stieglitz,76,2019,2019-06-07,4,0,F,T,T,F,?,F,F,F,F,F,F,?,158
Stieglitz,76,2020,2020-03-24,1,0,F,T,F,F,F,F,F,F,F,F,F,?,84
Stieglitz,76,2020,2020-04-17,6,0,F,F,T,F,F,F,F,F,F,F,F,?,108
Stieglitz,76,2020,2020-05-08,3,0,F,T,T,F,F,F,F,F,F,F,F,?,129
Stieglitz,76,2020,2020-06-05,5,0,F,T,T,F,F,F,F,F,F,F,F,?,157
Stieglitz,76,2021,2021-03-26,7,0,F,T,T,F,F,F,F,F,F,F,F,?,85
Stieglitz,76,2021,2021-04-15,9,0,F,T,T,F,T,F,F,F,F,F,F,?,105
Stieglitz,76,2021,2021-05-26,2,0,F,T,T,F,F,F,F,F,F,F,F,?,146
Stieglitz,76,2021,2021-06-15,11,0,F,T,T,F,F,F,F,F,F,F,F,?,166
Stieglitz,76,2022,2022-03-22,3,0,F,F,T,F,F,F,F,F,F,F,F,?,81
Stieglitz,76,2022,2022-04-13,2,0,F,T,T,F,F,F,F,F,F,F,F,?,103
Stieglitz,76,2022,2022-05-03,3,0,F,F,T,F,F,F,F,F,F,F,F,?,123
Stieglitz,76,2022,2022-06-15,5,0,F,T,T,F,F,F,F,F,F,F,F,?,166
Stieglitz,76,2023,2023-03-21,11,0,F,T,T,F,F,F,F,F,F,F,F,?,80
Stieglitz,76,2023,2023-04-18,6,0,F,T,F,F,F,F,F,F,F,F,F,?,108
Stieglitz,76,2023,2023-05-02,7,0,F,T,T,F,F,F,F,F,F,F,F,?,122
Stieglitz,76,2023,2023-06-16,1,0,F,T,F,F,F,F,F,F,F,F,F,?,167
Stieglitz,77,2020,2020-03-18,1,0,F,F,T,F,F,F,F,F,F,F,F,?,78
Stieglitz,77,2020,2020-04-10,1,0,F,T,F,F,F,F,F,F,F,F,F,?,101
Stieglitz,77,2020,2020-05-06,0,0,NA,NA,NA,NA,NA,NA,NA,NA,NA,NA,NA,NA,127
Stieglitz,77,2020,2020-06-02,2,0,F,T,T,F,F,F,F,F,F,F,F,?,154
Stieglitz,77,2021,2021-03-18,0,0,NA,NA,NA,NA,NA,NA,NA,NA,NA,NA,NA,NA,77
Stieglitz,77,2021,2021-04-14,0,0,NA,NA,NA,NA,NA,NA,NA,NA,NA,NA,NA,NA,104
Stieglitz,77,2021,2021-05-14,1,0,?,T,?,?,?,?,?,?,?,?,?,?,134
Stieglitz,77,2021,2021-06-15,2,0,?,T,?,?,?,?,?,?,?,?,?,?,166
Stieglitz,77,2022,2022-03-25,2,2,T,F,T,F,F,F,F,F,F,F,F,?,84
Stieglitz,77,2022,2022-04-19,0,0,NA,NA,NA,NA,NA,NA,NA,NA,NA,NA,NA,NA,109
Stieglitz,77,2022,2022-05-06,2,0,F,T,F,F,F,F,F,F,F,F,F,?,126
Stieglitz,77,2022,2022-06-15,2,0,F,T,T,F,F,F,F,F,F,F,F,?,166
Stieglitz,77,2023,2023-03-23,0,0,NA,NA,NA,NA,NA,NA,NA,NA,NA,NA,NA,NA,82
Stieglitz,77,2023,2023-04-21,1,0,F,T,F,F,?,F,F,F,F,F,F,?,111
Stieglitz,77,2023,2023-05-14,1,0,F,F,T,F,?,F,F,F,F,F,F,?,134
Stieglitz,77,2023,2023-06-16,2,2,T,F,F,F,?,F,F,F,F,F,T,?,167
Stieglitz,78,2020,2020-03-27,0,0,NA,NA,NA,NA,NA,NA,NA,NA,NA,NA,NA,NA,87
Stieglitz,78,2020,2020-06-03,1,0,F,T,F,F,?,F,F,F,F,F,F,?,155
Stieglitz,78,2020,2020-04-16,2,0,F,T,F,F,?,F,F,F,F,F,F,?,107
Stieglitz,78,2020,2020-05-08,0,0,NA,NA,NA,NA,NA,NA,NA,NA,NA,NA,NA,NA,129
Stieglitz,78,2021,2021-05-08,4,0,F,F,F,F,?,F,?,F,F,F,F,?,128
Stieglitz,78,2021,2021-03-26,3,0,F,F,F,F,?,F,?,F,F,F,F,?,85
Stieglitz,78,2021,2021-04-13,1,0,F,F,F,F,?,F,?,F,F,F,F,?,103
Stieglitz,78,2021,2021-06-01,2,0,F,T,F,F,?,F,?,F,F,F,F,?,152
Stieglitz,79,2019,2019-03-29,0,0,NA,NA,NA,NA,NA,NA,NA,NA,NA,NA,NA,NA,88
Stieglitz,79,2019,2019-04-17,0,0,NA,NA,NA,NA,NA,NA,NA,NA,NA,NA,NA,NA,107
Stieglitz,79,2019,2019-05-09,2,0,?,T,?,?,?,?,?,?,?,?,?,?,129
Stieglitz,79,2019,2019-05-30,0,0,NA,NA,NA,NA,NA,NA,NA,NA,NA,NA,NA,NA,150
Stieglitz,80,2021,2021-03-10,0,0,NA,NA,NA,NA,NA,NA,NA,NA,NA,NA,NA,NA,69
Stieglitz,80,2021,2021-04-04,0,0,NA,NA,NA,NA,NA,NA,NA,NA,NA,NA,NA,NA,94
Stieglitz,80,2021,2021-05-12,0,0,NA,NA,NA,NA,NA,NA,NA,NA,NA,NA,NA,NA,132
Stieglitz,80,2021,2021-06-09,3,0,?,T,T,?,?,?,?,?,?,?,?,?,160
Stieglitz,80,2022,2022-03-24,0,0,NA,NA,NA,NA,NA,NA,NA,NA,NA,NA,NA,NA,83
Stieglitz,80,2022,2022-04-25,0,0,NA,NA,NA,NA,NA,NA,NA,NA,NA,NA,NA,NA,115
Stieglitz,80,2022,2022-05-14,0,0,NA,NA,NA,NA,NA,NA,NA,NA,NA,NA,NA,NA,134
Stieglitz,80,2022,2022-06-16,1,0,F,T,F,F,F,F,F,F,F,F,F,?,167
Stieglitz,80,2023,2023-03-19,0,0,NA,NA,NA,NA,NA,NA,NA,NA,NA,NA,NA,NA,78
Stieglitz,80,2023,2023-04-17,1,1,T,F,F,F,?,F,F,F,F,F,F,?,107
Stieglitz,80,2023,2023-05-05,0,0,NA,NA,NA,NA,NA,NA,NA,NA,NA,NA,NA,NA,125
Stieglitz,80,2023,2023-06-03,1,0,F,T,F,F,?,F,F,F,F,F,F,?,154
Stieglitz,82,2021,2021-05-29,11,0,F,T,F,F,?,F,?,F,F,F,F,?,149
Stieglitz,82,2021,2021-06-13,29,0,F,T,T,F,?,T,?,F,F,F,F,?,164
Stieglitz,83,2018,2018-03-31,3,0,F,F,T,F,?,F,F,F,F,F,F,?,90
Stieglitz,83,2018,2018-04-28,3,0,F,T,T,F,?,F,F,F,F,F,F,?,118
Stieglitz,83,2018,2018-05-20,5,0,F,T,F,F,?,F,F,F,F,F,F,?,140
Stieglitz,83,2018,2018-06-10,5,0,F,T,F,F,?,F,F,F,F,F,F,?,161
Stieglitz,83,2020,2020-03-15,2,0,F,F,T,F,?,F,F,F,F,F,F,?,75
Stieglitz,83,2020,2020-04-10,12,0,T,T,T,F,?,F,F,F,F,F,F,?,101
Stieglitz,83,2020,2020-05-03,16,0,T,T,T,F,?,F,F,F,F,F,F,?,124
Stieglitz,83,2020,2020-06-24,11,0,F,T,F,F,?,F,F,F,F,F,F,?,176
Stieglitz,83,2021,2021-03-29,2,0,F,F,F,F,?,F,F,F,F,F,F,?,88
Stieglitz,83,2021,2021-04-22,4,0,F,F,F,F,?,T,F,F,F,F,F,?,112
Stieglitz,83,2021,2021-05-10,3,0,F,T,F,F,?,F,F,F,F,F,F,?,130
Stieglitz,83,2021,2021-06-15,3,0,F,T,F,F,?,F,F,F,F,F,F,?,166
Stieglitz,84,2018,2018-03-30,0,0,NA,NA,NA,NA,NA,NA,NA,NA,NA,NA,NA,NA,89
Stieglitz,84,2018,2018-04-06,0,0,NA,NA,NA,NA,NA,NA,NA,NA,NA,NA,NA,NA,96
Stieglitz,84,2018,2018-05-10,1,0,F,F,F,F,?,F,F,F,F,F,F,?,130
Stieglitz,84,2018,2018-06-17,0,0,NA,NA,NA,NA,NA,NA,NA,NA,NA,NA,NA,NA,168
Stieglitz,84,2018,2018-06-06,0,0,NA,NA,NA,NA,NA,NA,NA,NA,NA,NA,NA,NA,157
Stieglitz,84,2020,2020-03-16,0,0,NA,NA,NA,NA,NA,NA,NA,NA,NA,NA,NA,NA,76
Stieglitz,84,2020,2020-04-14,0,0,NA,NA,NA,NA,NA,NA,NA,NA,NA,NA,NA,NA,105
Stieglitz,84,2020,2020-05-20,0,0,NA,NA,NA,NA,NA,NA,NA,NA,NA,NA,NA,NA,141
Stieglitz,84,2020,2020-06-12,8,0,F,F,F,F,?,T,F,F,F,F,T,?,164
Stieglitz,86,2020,2020-03-14,1,0,F,T,F,F,F,F,F,F,F,F,F,?,74
Stieglitz,86,2020,2020-04-13,3,0,F,T,F,F,F,F,F,F,F,F,F,?,104
Stieglitz,86,2020,2020-05-07,1,0,F,T,F,F,F,F,F,F,F,F,F,?,128
Stieglitz,86,2020,2020-05-23,0,0,NA,NA,NA,NA,NA,NA,NA,NA,NA,NA,NA,NA,144
Stieglitz,86,2021,2021-03-18,4,0,?,?,T,?,?,?,?,?,?,?,?,?,77
Stieglitz,86,2021,2021-04-08,0,0,NA,NA,NA,NA,NA,NA,NA,NA,NA,NA,NA,NA,98
Stieglitz,86,2021,2021-05-02,1,0,?,T,?,?,?,?,?,?,?,?,?,?,122
Stieglitz,86,2021,2021-05-25,2,0,?,T,?,?,?,?,?,?,?,?,?,?,145
Stieglitz,86,2022,2022-03-21,1,0,F,F,T,F,F,F,F,F,F,F,F,?,80
Stieglitz,86,2022,2022-04-25,1,0,F,F,F,F,F,F,F,F,F,F,F,?,115
Stieglitz,86,2022,2022-05-09,0,0,NA,NA,NA,NA,NA,NA,NA,NA,NA,NA,NA,NA,129
Stieglitz,86,2022,2022-06-13,2,0,F,T,F,F,F,F,F,F,F,F,F,?,164
Stieglitz,86,2023,2023-04-21,2,0,F,T,F,F,F,F,F,F,F,F,F,?,111
Stieglitz,86,2023,2023-06-12,1,0,F,T,F,F,F,F,F,F,F,F,F,?,163
Stieglitz,86,2023,2023-03-24,1,0,F,T,F,F,F,F,F,F,F,F,F,?,83
Stieglitz,86,2023,2023-05-17,1,0,F,T,F,F,F,F,F,F,F,F,F,?,137
Stieglitz,87,2020,2020-03-14,0,0,NA,NA,NA,NA,NA,NA,NA,NA,NA,NA,NA,NA,74
Stieglitz,87,2020,2020-04-26,2,0,F,F,T,F,F,F,F,F,F,F,F,?,117
Stieglitz,87,2020,2020-05-10,0,0,NA,NA,NA,NA,NA,NA,NA,NA,NA,NA,NA,NA,131
Stieglitz,87,2020,2020-06-01,0,0,NA,NA,NA,NA,NA,NA,NA,NA,NA,NA,NA,NA,153
Stieglitz,87,2021,2021-03-12,2,0,?,T,T,?,?,?,?,?,?,?,?,?,71
Stieglitz,87,2021,2021-04-08,5,0,T,T,?,?,?,?,?,?,?,?,?,?,98
Stieglitz,87,2021,2021-05-08,4,0,?,T,T,?,?,?,?,?,?,?,?,?,128
Stieglitz,87,2021,2021-06-14,3,0,?,T,T,?,?,?,?,?,?,?,?,?,165
Stieglitz,87,2022,2022-03-27,1,1,T,F,T,F,F,F,F,F,F,F,F,?,86
Stieglitz,87,2022,2022-04-20,0,0,NA,NA,NA,NA,NA,NA,NA,NA,NA,NA,NA,NA,110
Stieglitz,87,2022,2022-05-08,3,0,T,T,T,F,F,F,F,F,F,F,F,?,128
Stieglitz,87,2022,2022-06-04,2,0,T,F,T,F,F,F,F,F,F,F,F,?,155
Stieglitz,87,2023,2023-03-20,0,0,NA,NA,NA,NA,NA,NA,NA,NA,NA,NA,NA,NA,79
Stieglitz,87,2023,2023-04-22,2,0,F,T,T,F,?,F,F,F,F,F,F,?,112
Stieglitz,87,2023,2023-05-13,2,0,F,T,T,F,?,F,F,F,F,F,F,?,133
Stieglitz,87,2023,2023-06-04,2,0,T,F,T,F,?,F,F,F,F,F,F,?,155
Stieglitz,88,2018,2018-03-30,2,2,T,F,F,F,?,T,F,F,F,F,F,?,89
Stieglitz,88,2018,2018-04-12,1,1,T,T,F,F,?,T,F,F,F,F,F,?,102
Stieglitz,88,2018,2018-05-18,2,0,F,F,F,F,?,T,F,F,F,F,F,?,138
Stieglitz,88,2018,2018-06-13,1,0,F,F,F,F,?,T,F,F,F,F,F,?,164
Stieglitz,89,2018,2018-03-25,0,0,NA,NA,NA,NA,NA,NA,NA,NA,NA,NA,NA,NA,84
Stieglitz,89,2018,2018-04-21,2,0,F,F,F,F,?,F,F,F,F,F,F,?,111
Stieglitz,89,2018,2018-05-12,0,0,NA,NA,NA,NA,NA,NA,NA,NA,NA,NA,NA,NA,132
Stieglitz,89,2018,2018-06-20,0,0,NA,NA,NA,NA,NA,NA,NA,NA,NA,NA,NA,NA,171
Stieglitz,89,2020,2020-03-20,0,0,NA,NA,NA,NA,NA,NA,NA,NA,NA,NA,NA,NA,80
Stieglitz,89,2020,2020-04-18,4,0,F,T,F,F,?,F,F,F,F,F,F,?,109
Stieglitz,89,2020,2020-05-06,3,0,F,T,F,F,?,T,F,F,F,F,F,?,127
Stieglitz,89,2020,2020-06-19,2,0,F,T,F,F,?,T,F,F,F,F,F,?,171
Stieglitz,89,2021,2021-03-28,2,0,?,T,?,?,?,?,?,?,?,?,?,?,87
Stieglitz,89,2021,2021-04-28,4,0,?,T,?,?,?,?,?,?,?,?,?,?,118
Stieglitz,89,2021,2021-05-15,4,0,?,T,?,?,?,T,?,?,?,?,?,?,135
Stieglitz,89,2021,2021-06-20,4,0,?,T,?,?,?,?,?,?,?,?,?,?,171
Stieglitz,90,2020,2020-03-17,0,0,NA,NA,NA,NA,NA,NA,NA,NA,NA,NA,NA,NA,77
Stieglitz,90,2020,2020-04-19,0,0,NA,NA,NA,NA,NA,NA,NA,NA,NA,NA,NA,NA,110
Stieglitz,90,2020,2020-05-06,0,0,NA,NA,NA,NA,NA,NA,NA,NA,NA,NA,NA,NA,127
Stieglitz,90,2020,2020-05-21,1,0,F,T,F,F,F,F,F,F,F,F,F,?,142
Stieglitz,90,2021,2021-03-19,0,0,NA,NA,NA,NA,NA,NA,NA,NA,NA,NA,NA,NA,78
Stieglitz,90,2021,2021-04-13,3,0,?,T,?,?,?,?,?,?,?,?,?,?,103
Stieglitz,90,2021,2021-05-01,1,0,?,?,?,?,?,?,?,?,?,?,?,?,121
Stieglitz,90,2021,2021-06-05,0,0,NA,NA,NA,NA,NA,NA,NA,NA,NA,NA,NA,NA,156
Stieglitz,90,2022,2022-03-21,0,0,NA,NA,NA,NA,NA,NA,NA,NA,NA,NA,NA,NA,80
Stieglitz,90,2022,2022-04-25,0,0,NA,NA,NA,NA,NA,NA,NA,NA,NA,NA,NA,NA,115
Stieglitz,90,2022,2022-05-09,1,0,F,T,F,F,F,F,F,F,F,F,F,?,129
Stieglitz,90,2022,2022-06-13,0,0,NA,NA,NA,NA,NA,NA,NA,NA,NA,NA,NA,NA,164
Stieglitz,90,2023,2023-03-22,3,0,F,T,F,F,F,F,F,F,F,F,F,?,81
Stieglitz,90,2023,2023-04-11,0,0,NA,NA,NA,NA,NA,NA,NA,NA,NA,NA,NA,NA,101
Stieglitz,90,2023,2023-05-17,0,0,NA,NA,NA,NA,NA,NA,NA,NA,NA,NA,NA,NA,137
Stieglitz,90,2023,2023-06-12,0,0,NA,NA,NA,NA,NA,NA,NA,NA,NA,NA,NA,NA,163
Stieglitz,91,2018,2018-03-11,0,0,NA,NA,NA,NA,NA,NA,NA,NA,NA,NA,NA,NA,70
Stieglitz,91,2018,2018-04-15,3,0,F,F,F,F,?,F,F,F,F,F,F,?,105
Stieglitz,91,2018,2018-05-11,3,0,F,F,F,F,?,F,F,F,F,F,F,?,131
Stieglitz,91,2018,2018-06-02,3,0,F,F,F,F,?,F,F,F,F,F,F,?,153
Stieglitz,91,2020,2020-03-24,1,0,F,T,F,F,?,F,F,F,F,F,F,?,84
Stieglitz,91,2020,2020-04-20,0,0,NA,NA,NA,NA,NA,NA,NA,NA,NA,NA,NA,NA,111
Stieglitz,91,2020,2020-05-10,0,0,NA,NA,NA,NA,NA,NA,NA,NA,NA,NA,NA,NA,131
Stieglitz,91,2020,2020-06-14,0,0,NA,NA,NA,NA,NA,NA,NA,NA,NA,NA,NA,NA,166
Stieglitz,91,2021,2021-03-30,0,0,NA,NA,NA,NA,NA,NA,NA,NA,NA,NA,NA,NA,89
Stieglitz,91,2021,2021-04-25,3,0,F,T,?,?,?,?,F,?,?,?,?,?,115
Stieglitz,91,2021,2021-05-14,2,0,F,?,?,?,?,?,F,?,?,?,?,?,134
Stieglitz,91,2021,2021-06-13,2,0,F,?,?,?,?,?,F,?,?,?,?,?,164
Stieglitz,92,2020,2020-03-20,0,0,NA,NA,NA,NA,NA,NA,NA,NA,NA,NA,NA,NA,80
Stieglitz,92,2020,2020-04-26,5,0,F,T,F,F,?,F,F,F,F,F,F,?,117
Stieglitz,92,2020,2020-05-20,6,0,F,T,T,F,?,F,F,F,F,F,F,?,141
Stieglitz,92,2020,2020-06-18,11,0,F,F,F,F,?,F,F,F,F,F,F,?,170
Stieglitz,92,2021,2021-03-22,0,0,NA,NA,NA,NA,NA,NA,NA,NA,NA,NA,NA,NA,81
Stieglitz,92,2021,2021-04-17,6,0,F,T,?,?,?,?,F,?,?,?,?,?,107
Stieglitz,92,2021,2021-05-15,1,0,F,T,?,?,?,?,F,?,?,?,?,?,135
Stieglitz,92,2021,2021-05-31,1,0,F,T,?,?,?,?,F,?,?,?,?,?,151
Stieglitz,93,2021,2021-03-25,1,0,F,F,F,F,?,F,F,F,F,F,F,?,84
Stieglitz,93,2021,2021-04-23,1,0,F,T,F,F,?,F,F,F,F,F,F,?,113
Stieglitz,93,2021,2021-05-10,0,0,NA,NA,NA,NA,NA,NA,NA,NA,NA,NA,NA,NA,130
Stieglitz,93,2021,2021-06-11,0,0,NA,NA,NA,NA,NA,NA,NA,NA,NA,NA,NA,NA,162
Stieglitz,94,2020,2020-03-28,9,0,F,F,F,F,?,F,F,F,F,F,F,?,88
Stieglitz,94,2020,2020-04-19,2,0,F,F,F,F,?,F,F,F,F,F,F,?,110
Stieglitz,94,2020,2020-05-10,2,0,F,T,F,F,?,F,F,F,F,F,F,?,131
Stieglitz,94,2020,2020-06-07,22,0,F,T,F,F,?,F,F,F,F,F,F,?,159
Stieglitz,94,2021,2021-03-21,10,0,F,?,?,?,?,?,F,?,?,?,?,?,80
Stieglitz,94,2021,2021-04-18,6,0,F,?,?,?,?,?,F,?,?,?,?,?,108
Stieglitz,94,2021,2021-05-09,1,0,F,?,?,?,?,?,F,?,?,?,?,?,129
Stieglitz,94,2021,2021-06-13,0,0,NA,NA,NA,NA,NA,NA,NA,NA,NA,NA,NA,NA,164
Stieglitz,95,2018,2018-03-11,0,0,NA,NA,NA,NA,NA,NA,NA,NA,NA,NA,NA,NA,70
Stieglitz,95,2018,2018-04-09,0,0,NA,NA,NA,NA,NA,NA,NA,NA,NA,NA,NA,NA,99
Stieglitz,95,2018,2018-05-04,3,0,?,F,F,F,?,F,F,F,F,F,F,?,124
Stieglitz,95,2018,2018-05-28,1,0,?,T,F,F,?,F,F,F,F,F,F,?,148
Stieglitz,95,2020,2020-03-17,1,0,F,T,F,F,?,F,F,F,F,F,F,?,77
Stieglitz,95,2020,2020-04-10,0,0,NA,NA,NA,NA,NA,NA,NA,NA,NA,NA,NA,NA,101
Stieglitz,95,2020,2020-05-17,1,0,F,T,F,F,?,F,F,F,F,F,F,?,138
Stieglitz,95,2020,2020-05-29,0,0,NA,NA,NA,NA,NA,NA,NA,NA,NA,NA,NA,NA,150
Stieglitz,97,2020,2020-03-20,0,0,NA,NA,NA,NA,NA,NA,NA,NA,NA,NA,NA,NA,80
Stieglitz,97,2020,2020-04-17,3,3,T,F,F,F,?,F,F,F,F,F,F,?,108
Stieglitz,97,2020,2020-05-11,0,0,NA,NA,NA,NA,NA,NA,NA,NA,NA,NA,NA,NA,132
Stieglitz,97,2020,2020-06-12,0,0,NA,NA,NA,NA,NA,NA,NA,NA,NA,NA,NA,NA,164
Stieglitz,97,2021,2021-03-29,1,0,F,T,F,F,?,F,F,F,F,F,F,?,88
Stieglitz,97,2021,2021-04-20,1,0,F,F,F,F,?,F,F,F,F,F,F,?,110
Stieglitz,97,2021,2021-05-14,1,0,F,F,F,F,?,F,F,F,F,F,F,?,134
Stieglitz,97,2021,2021-06-11,0,0,NA,NA,NA,NA,NA,NA,NA,NA,NA,NA,NA,NA,162
Stieglitz,98,2020,2020-03-15,7,0,F,T,T,F,F,F,F,F,F,F,F,?,75
Stieglitz,98,2020,2020-04-22,2,0,F,T,T,F,F,F,F,F,F,F,F,?,113
Stieglitz,98,2020,2020-05-20,3,0,F,T,T,F,F,F,F,F,F,F,F,?,141
Stieglitz,98,2020,2020-06-17,2,2,T,T,F,F,F,F,F,F,F,F,F,?,169
Stieglitz,98,2021,2021-03-20,1,0,?,?,T,?,?,?,?,?,?,?,?,?,79
Stieglitz,98,2021,2021-04-09,2,0,?,?,T,?,?,?,?,?,?,?,?,?,99
Stieglitz,98,2021,2021-05-03,2,2,T,?,?,?,?,?,?,?,?,?,?,?,123
Stieglitz,98,2021,2021-06-13,3,0,T,?,T,?,?,?,?,?,?,?,?,?,164
Stieglitz,98,2022,2022-03-23,0,0,NA,NA,NA,NA,NA,NA,NA,NA,NA,NA,NA,NA,82
Stieglitz,98,2022,2022-04-13,3,0,F,F,T,F,F,F,F,F,F,F,F,?,103
Stieglitz,98,2022,2022-05-04,0,0,NA,NA,NA,NA,NA,NA,NA,NA,NA,NA,NA,NA,124
Stieglitz,98,2022,2022-05-26,0,0,NA,NA,NA,NA,NA,NA,NA,NA,NA,NA,NA,NA,146
Stieglitz,98,2023,2023-03-28,0,0,NA,NA,NA,NA,NA,NA,NA,NA,NA,NA,NA,NA,87
Stieglitz,98,2023,2023-04-13,1,0,F,T,F,F,?,F,F,F,F,F,F,?,103
Stieglitz,98,2023,2023-05-06,2,0,F,T,T,F,?,F,F,F,F,F,F,?,126
Stieglitz,98,2023,2023-06-09,3,0,T,F,T,F,?,F,F,F,F,F,T,?,160
Stieglitz,99,2019,2019-03-26,3,0,F,T,T,F,?,F,F,F,F,F,F,?,85
Stieglitz,99,2019,2019-04-23,1,0,F,F,T,F,?,F,F,F,F,F,F,?,113
Stieglitz,99,2019,2019-05-07,1,0,F,F,T,F,?,F,F,F,F,F,F,?,127
Stieglitz,99,2019,2019-06-13,6,0,F,T,T,F,?,F,F,F,F,F,F,?,164
Stieglitz,99,2020,2020-03-27,5,0,F,F,T,F,F,F,F,F,F,F,F,?,87
Stieglitz,99,2020,2020-04-24,0,0,NA,NA,NA,NA,NA,NA,NA,NA,NA,NA,NA,NA,115
Stieglitz,99,2020,2020-05-14,4,0,F,F,T,F,T,F,F,F,F,F,F,?,135
Stieglitz,99,2020,2020-06-02,5,0,F,F,T,F,F,F,F,F,F,F,F,?,154
Stieglitz,99,2021,2021-03-18,4,0,F,T,T,F,T,F,F,F,F,F,F,?,77
Stieglitz,99,2021,2021-04-21,11,0,F,T,T,F,F,T,F,F,F,F,F,?,111
Stieglitz,99,2021,2021-05-19,8,0,F,T,T,F,F,F,F,F,F,F,F,?,139
Stieglitz,99,2021,2021-06-08,14,0,F,T,T,F,F,F,F,F,F,F,F,?,159
Stieglitz,99,2022,2022-03-16,13,0,F,T,T,F,F,F,F,F,F,F,F,?,75
Stieglitz,99,2022,2022-04-20,9,0,F,T,T,F,F,F,F,F,F,F,F,?,110
Stieglitz,99,2022,2022-05-12,3,0,F,T,T,F,F,F,F,F,F,F,F,?,132
Stieglitz,99,2022,2022-06-17,10,0,F,T,T,F,F,F,F,F,F,F,F,?,168
Stieglitz,99,2023,2023-03-15,5,0,F,T,T,F,F,F,F,F,F,F,F,?,74
Stieglitz,99,2023,2023-04-19,4,0,F,T,F,F,F,F,F,F,F,F,F,?,109
Stieglitz,99,2023,2023-05-10,3,0,F,F,T,F,F,F,F,F,F,F,F,?,130
Stieglitz,99,2023,2023-06-07,5,0,F,T,T,F,F,F,F,F,F,F,F,?,158
Stieglitz,101,2018,2018-04-01,0,0,NA,NA,NA,NA,NA,NA,NA,NA,NA,NA,NA,NA,91
Stieglitz,101,2018,2018-04-23,1,0,F,T,F,F,?,F,F,F,F,F,F,?,113
Stieglitz,101,2018,2018-05-30,1,0,F,T,F,F,F,F,F,F,F,F,F,?,150
Stieglitz,101,2018,2018-06-29,2,0,F,T,F,F,F,F,F,F,F,F,F,?,180
Stieglitz,101,2021,2021-03-29,2,0,F,F,F,F,?,F,F,F,F,F,F,?,88
Stieglitz,101,2021,2021-04-17,0,0,NA,NA,NA,NA,NA,NA,NA,NA,NA,NA,NA,NA,107
Stieglitz,101,2021,2021-05-15,0,0,NA,NA,NA,NA,NA,NA,NA,NA,NA,NA,NA,NA,135
Stieglitz,101,2021,2021-06-20,0,0,NA,NA,NA,NA,NA,NA,NA,NA,NA,NA,NA,NA,171
Stieglitz,102,2019,2019-03-19,14,0,F,T,T,F,?,T,F,F,F,F,F,?,78
Stieglitz,102,2019,2019-04-19,6,0,F,F,T,F,?,F,F,F,F,F,F,?,109
Stieglitz,102,2019,2019-05-14,3,0,F,T,T,F,?,F,F,F,F,F,F,?,134
Stieglitz,102,2019,2019-05-28,12,0,F,T,T,F,?,F,F,F,F,F,F,?,148
Stieglitz,102,2020,2020-03-19,5,0,F,T,T,F,F,F,F,F,F,F,F,?,79
Stieglitz,102,2020,2020-04-16,21,0,F,T,T,F,F,F,F,F,F,F,F,?,107
Stieglitz,102,2020,2020-05-07,15,0,F,T,T,F,F,F,F,F,F,F,F,?,128
Stieglitz,102,2020,2020-06-17,15,0,F,T,T,F,F,F,F,F,F,F,F,?,169
Stieglitz,102,2021,2021-03-23,19,0,F,T,T,F,F,F,F,F,F,F,F,?,82
Stieglitz,102,2021,2021-04-20,10,0,F,T,T,F,F,F,F,F,F,F,F,?,110
Stieglitz,102,2021,2021-05-14,21,0,F,T,T,F,F,F,F,F,F,F,F,?,134
Stieglitz,102,2021,2021-06-11,13,0,F,T,T,F,F,F,F,F,F,F,F,?,162
Stieglitz,102,2022,2022-03-21,12,0,F,T,T,F,F,F,F,F,F,F,F,?,80
Stieglitz,102,2022,2022-04-22,15,0,F,T,T,F,F,F,F,F,F,F,F,?,112
Stieglitz,102,2022,2022-05-13,12,0,F,T,T,F,F,F,F,F,F,F,F,?,133
Stieglitz,102,2022,2022-06-10,14,0,F,T,T,F,F,F,F,F,F,F,F,?,161
Stieglitz,103,2018,2018-03-30,0,0,NA,NA,NA,NA,NA,NA,NA,NA,NA,NA,NA,NA,89
Stieglitz,103,2018,2018-04-14,1,0,F,F,T,F,?,F,F,F,F,F,F,?,104
Stieglitz,103,2018,2018-05-11,6,0,T,T,T,F,?,F,F,F,F,F,F,?,131
Stieglitz,103,2018,2018-06-16,2,0,F,F,T,F,?,F,F,F,F,F,F,?,167
Stieglitz,103,2020,2020-03-16,4,0,F,F,T,F,?,F,F,F,F,F,F,?,76
Stieglitz,103,2020,2020-04-12,0,0,NA,NA,NA,NA,NA,NA,NA,NA,NA,NA,NA,NA,103
Stieglitz,103,2020,2020-05-18,12,0,F,T,T,F,?,F,F,F,F,F,F,?,139
Stieglitz,103,2020,2020-06-18,15,0,F,T,T,F,?,F,F,F,F,F,F,?,170
Stieglitz,103,2021,2021-03-28,3,0,?,T,?,?,?,?,?,?,?,?,?,?,87
Stieglitz,103,2021,2021-04-25,8,0,?,T,?,?,?,T,?,?,?,?,?,?,115
Stieglitz,103,2021,2021-05-13,4,0,?,T,?,?,?,?,?,?,?,?,?,?,133
Stieglitz,103,2021,2021-06-11,11,0,?,T,?,?,?,?,?,?,?,?,?,?,162
Stieglitz,104,2018,2018-03-15,0,0,NA,NA,NA,NA,NA,NA,NA,NA,NA,NA,NA,NA,74
Stieglitz,104,2018,2018-04-17,2,0,F,T,T,F,?,F,F,F,F,F,F,?,107
Stieglitz,104,2018,2018-05-08,2,0,F,T,F,F,?,T,F,F,F,F,F,?,128
Stieglitz,104,2018,2018-05-31,1,0,F,T,F,F,?,F,F,F,F,F,F,?,151
Stieglitz,104,2020,2020-03-18,1,0,F,F,T,F,?,F,F,F,F,F,F,?,78
Stieglitz,104,2020,2020-04-17,1,0,F,F,F,F,?,T,F,F,F,F,F,?,108
Stieglitz,104,2020,2020-05-19,1,0,F,T,F,F,?,T,F,F,F,F,F,?,140
Stieglitz,104,2020,2020-06-12,2,0,F,T,F,F,?,T,F,F,F,F,F,?,164
Stieglitz,104,2021,2021-03-24,0,0,NA,NA,NA,NA,NA,NA,NA,NA,NA,NA,NA,NA,83
Stieglitz,104,2021,2021-04-23,0,0,NA,NA,NA,NA,NA,NA,NA,NA,NA,NA,NA,NA,113
Stieglitz,104,2021,2021-05-19,0,0,NA,NA,NA,NA,NA,NA,NA,NA,NA,NA,NA,NA,139
Stieglitz,104,2021,2021-06-15,1,0,F,T,F,F,?,T,F,F,F,F,F,?,166
Stieglitz,105,2020,2020-03-16,3,0,F,F,T,F,T,F,F,F,F,F,F,?,76
Stieglitz,105,2020,2020-04-11,5,0,F,T,T,F,F,F,F,F,F,F,F,?,102
Stieglitz,105,2020,2020-05-02,4,4,T,F,T,F,F,F,F,F,F,F,F,?,123
Stieglitz,105,2020,2020-05-31,2,0,F,T,T,F,F,F,F,F,F,F,F,?,152
Stieglitz,105,2021,2021-03-22,7,0,?,T,T,?,?,?,?,?,?,?,?,?,81
Stieglitz,105,2021,2021-04-15,7,0,?,T,?,?,?,?,?,?,?,?,?,?,105
Stieglitz,105,2021,2021-05-09,6,0,?,T,T,?,?,?,?,?,?,?,?,?,129
Stieglitz,105,2021,2021-06-16,6,0,?,T,?,?,?,?,?,?,?,?,?,?,167
Stieglitz,105,2022,2022-03-26,7,0,T,T,T,F,F,F,F,F,F,F,F,?,85
Stieglitz,105,2022,2022-04-21,2,0,F,T,F,F,F,F,F,F,F,F,F,?,111
Stieglitz,105,2022,2022-05-11,2,0,F,T,T,F,F,F,F,F,F,F,F,?,131
Stieglitz,105,2022,2022-06-11,3,0,F,T,T,F,F,F,F,F,F,F,F,?,162
Stieglitz,105,2023,2023-03-25,7,0,F,F,T,F,?,F,F,F,F,F,F,?,84
Stieglitz,105,2023,2023-04-15,4,0,F,T,T,F,?,F,F,F,F,F,F,?,105
Stieglitz,105,2023,2023-05-12,3,0,F,T,F,F,?,F,F,F,F,F,F,?,132
Stieglitz,105,2023,2023-06-12,2,0,F,T,F,F,?,F,F,F,F,F,F,?,163
Stieglitz,106,2021,2021-03-28,4,0,F,T,?,?,?,?,F,?,?,?,?,?,87
Stieglitz,106,2021,2021-04-26,1,0,F,T,?,?,?,?,F,?,?,?,?,?,116
Stieglitz,106,2021,2021-05-19,3,0,F,T,?,?,?,?,F,?,?,?,?,?,139
Stieglitz,106,2021,2021-06-14,2,0,F,T,?,?,?,?,F,?,?,?,?,?,165
Stieglitz,107,2020,2020-03-22,0,0,NA,NA,NA,NA,NA,NA,NA,NA,NA,NA,NA,NA,82
Stieglitz,107,2020,2020-04-19,0,0,NA,NA,NA,NA,NA,NA,NA,NA,NA,NA,NA,NA,110
Stieglitz,107,2020,2020-06-11,1,0,F,T,F,F,?,F,F,F,F,F,F,?,163
Stieglitz,107,2021,2021-06-13,10,0,F,F,T,F,?,F,?,F,F,F,F,?,164
Stieglitz,109,2019,2019-03-18,19,0,F,T,T,F,?,F,F,F,F,F,F,?,77
Stieglitz,109,2019,2019-04-12,5,0,F,T,T,F,?,F,F,F,F,F,F,?,102
Stieglitz,109,2019,2019-05-02,14,0,F,T,T,F,?,F,F,F,F,F,F,?,122
Stieglitz,109,2019,2019-05-24,13,0,F,T,T,F,?,F,F,F,F,F,F,?,144
Stieglitz,109,2020,2020-03-18,15,0,F,T,T,F,F,F,F,F,F,F,F,?,78
Stieglitz,109,2020,2020-04-15,13,0,F,T,T,F,F,F,F,F,F,F,F,?,106
Stieglitz,109,2020,2020-05-05,13,0,F,T,T,F,F,F,F,F,F,F,F,?,126
Stieglitz,109,2020,2020-06-03,15,0,F,T,T,F,F,F,F,F,F,F,F,?,155
Stieglitz,109,2021,2021-03-22,6,0,F,F,T,F,F,F,F,F,F,F,F,?,81
Stieglitz,109,2021,2021-04-14,24,0,F,T,T,F,F,F,F,F,F,F,F,?,104
Stieglitz,109,2021,2021-05-11,11,0,F,T,T,F,F,F,F,F,F,F,F,?,131
Stieglitz,109,2021,2021-06-09,20,0,F,T,T,F,T,F,F,F,F,F,F,?,160
Stieglitz,109,2022,2022-03-15,9,0,F,T,T,F,F,F,F,F,F,F,F,?,74
Stieglitz,109,2022,2022-04-12,9,0,F,T,T,F,F,F,F,F,F,F,F,?,102
Stieglitz,109,2022,2022-05-02,9,0,F,T,T,F,F,F,F,F,F,F,F,?,122
Stieglitz,109,2022,2022-06-08,7,0,F,T,T,F,F,F,F,F,F,F,F,?,159
Stieglitz,110,2020,2020-03-19,0,0,NA,NA,NA,NA,NA,NA,NA,NA,NA,NA,NA,NA,79
Stieglitz,110,2020,2020-04-18,0,0,NA,NA,NA,NA,NA,NA,NA,NA,NA,NA,NA,NA,109
Stieglitz,110,2020,2020-05-18,1,0,F,T,F,F,?,F,F,F,F,F,F,?,139
Stieglitz,110,2020,2020-06-18,2,0,F,F,F,F,?,F,F,F,F,F,F,?,170
Stieglitz,115,2018,2018-03-25,9,0,F,T,T,F,?,T,F,F,F,F,F,?,84
Stieglitz,115,2018,2018-04-08,1,0,F,F,T,F,?,F,F,F,F,F,F,?,98
Stieglitz,115,2018,2018-05-12,6,0,F,T,T,F,?,F,F,F,F,F,F,?,132
Stieglitz,115,2018,2018-05-27,3,0,F,F,T,F,?,F,F,F,F,F,F,?,147
Stieglitz,115,2020,2020-03-15,1,0,F,T,F,F,?,F,F,F,F,F,F,?,75
Stieglitz,115,2020,2020-04-19,3,0,F,F,F,F,?,F,F,F,F,F,F,?,110
Stieglitz,115,2020,2020-05-10,2,0,F,T,T,F,?,F,F,F,F,F,F,?,131
Stieglitz,115,2020,2020-06-13,10,0,F,T,T,F,?,F,F,F,F,F,F,?,165
Stieglitz,115,2021,2021-03-21,4,0,F,T,?,?,?,?,F,?,?,?,?,?,80
Stieglitz,115,2021,2021-04-18,14,0,F,T,?,?,?,?,F,?,?,?,?,?,108
Stieglitz,115,2021,2021-05-09,5,0,F,T,?,?,?,?,F,?,?,?,?,?,129
Stieglitz,115,2021,2021-05-30,7,0,F,T,?,?,?,?,F,?,?,?,?,?,150
Stieglitz,116,2021,2020-03-20,4,0,F,T,F,F,?,F,?,F,F,F,F,?,80
Stieglitz,116,2021,2020-04-09,0,0,NA,NA,NA,NA,NA,NA,NA,NA,NA,NA,NA,NA,100
Stieglitz,116,2021,2021-04-09,3,0,F,T,F,F,?,F,?,F,F,F,F,?,99
Stieglitz,116,2021,2021-05-11,4,0,F,T,T,F,?,F,?,F,F,F,F,?,131
Stieglitz,116,2021,2021-05-27,2,0,F,T,F,F,?,F,?,F,F,F,F,?,147
Stieglitz,116,2020,2020-03-13,0,0,NA,NA,NA,NA,NA,NA,NA,NA,NA,NA,NA,NA,73
Stieglitz,116,2020,2020-04-01,1,0,F,T,F,F,?,F,F,F,F,F,F,?,92
Stieglitz,116,2020,2020-05-08,0,0,NA,NA,NA,NA,NA,NA,NA,NA,NA,NA,NA,NA,129
Stieglitz,116,2020,2020-05-29,0,0,NA,NA,NA,NA,NA,NA,NA,NA,NA,NA,NA,NA,150
Stieglitz,118,2018,2018-03-10,0,0,NA,NA,NA,NA,NA,NA,NA,NA,NA,NA,NA,NA,69
Stieglitz,118,2018,2018-04-02,0,0,NA,NA,NA,NA,NA,NA,NA,NA,NA,NA,NA,NA,92
Stieglitz,118,2018,2018-05-01,0,0,NA,NA,NA,NA,NA,NA,NA,NA,NA,NA,NA,NA,121
Stieglitz,118,2018,2018-05-21,1,0,F,T,F,F,?,F,F,F,F,F,F,?,141
Stieglitz,118,2020,2020-03-15,0,0,NA,NA,NA,NA,NA,NA,NA,NA,NA,NA,NA,NA,75
Stieglitz,118,2020,2020-04-04,0,0,NA,NA,NA,NA,NA,NA,NA,NA,NA,NA,NA,NA,95
Stieglitz,118,2020,2020-05-02,0,0,NA,NA,NA,NA,NA,NA,NA,NA,NA,NA,NA,NA,123
Stieglitz,118,2020,2020-06-13,13,0,F,T,F,F,?,F,F,F,F,F,F,?,165
Stieglitz,118,2021,2021-06-13,5,0,T,T,F,F,?,T,?,F,F,F,T,?,164
Stieglitz,119,2018,2018-03-21,2,0,F,F,F,F,?,F,F,F,F,F,F,?,80
Stieglitz,119,2018,2018-04-25,3,0,F,F,T,F,?,T,F,F,F,F,F,?,115
Stieglitz,119,2018,2018-05-12,6,0,F,T,T,F,?,T,F,F,F,F,F,?,132
Stieglitz,119,2018,2018-06-17,1,0,F,T,F,F,?,F,F,F,F,F,F,?,168
Stieglitz,119,2021,2021-03-28,3,0,F,T,T,F,?,F,F,F,F,F,F,?,87
Stieglitz,119,2021,2021-04-24,10,0,F,F,T,F,?,F,F,F,F,F,F,?,114
Stieglitz,119,2021,2021-05-15,20,0,F,T,T,F,?,F,F,F,F,F,F,?,135
Stieglitz,119,2021,2021-06-14,2,0,F,T,T,F,?,F,F,F,F,F,F,?,165
Stieglitz,120,2020,2020-03-15,0,0,NA,NA,NA,NA,NA,NA,NA,NA,NA,NA,NA,NA,75
Stieglitz,120,2020,2020-04-18,0,0,NA,NA,NA,NA,NA,NA,NA,NA,NA,NA,NA,NA,109
Stieglitz,120,2020,2020-05-17,1,0,F,T,F,F,?,F,F,F,F,F,F,?,138
Stieglitz,120,2020,2020-06-14,0,0,NA,NA,NA,NA,NA,NA,NA,NA,NA,NA,NA,NA,166
Stieglitz,120,2021,2021-03-28,0,0,NA,NA,NA,NA,NA,NA,NA,NA,NA,NA,NA,NA,87
Stieglitz,120,2021,2021-04-18,0,0,NA,NA,NA,NA,NA,NA,NA,NA,NA,NA,NA,NA,108
Stieglitz,120,2021,2021-05-09,1,0,F,F,F,F,?,F,F,F,F,F,F,?,129
Stieglitz,120,2021,2021-05-30,2,0,F,F,F,F,?,F,F,F,F,F,F,?,150
Stieglitz,122,2018,2018-03-19,1,0,F,F,T,F,?,F,F,F,F,F,F,?,78
Stieglitz,122,2018,2018-04-17,1,0,F,T,F,F,?,F,F,F,F,F,F,?,107
Stieglitz,122,2018,2018-05-19,5,0,F,F,F,F,?,F,F,F,F,F,F,?,139
Stieglitz,122,2018,2018-06-13,2,0,F,F,F,F,?,F,F,F,F,F,F,?,164
Stieglitz,122,2020,2020-03-14,6,0,F,T,T,F,?,F,F,F,F,F,F,?,74
Stieglitz,122,2020,2020-04-25,1,0,F,T,F,F,?,F,F,F,F,F,F,?,116
Stieglitz,122,2020,2020-05-19,1,0,F,T,F,F,?,F,F,F,F,F,F,?,140
Stieglitz,122,2020,2020-06-20,5,0,F,F,T,F,?,F,F,F,F,F,F,?,172
Stieglitz,122,2021,2021-03-21,7,0,F,T,?,?,?,?,F,?,?,?,?,?,80
Stieglitz,122,2021,2021-04-18,3,0,F,?,?,?,?,?,F,?,?,?,?,?,108
Stieglitz,122,2021,2021-05-13,1,0,F,T,?,?,?,?,F,?,?,?,?,?,133
Stieglitz,122,2021,2021-05-30,1,0,F,T,?,?,?,?,F,?,?,?,?,?,150
Stieglitz,123,2018,2018-03-21,0,0,NA,NA,NA,NA,NA,NA,NA,NA,NA,NA,NA,NA,80
Stieglitz,123,2018,2018-04-18,6,0,F,F,F,F,?,F,F,F,F,F,F,?,108
Stieglitz,123,2018,2018-05-09,10,0,F,T,T,F,?,F,F,F,F,F,F,?,129
Stieglitz,123,2018,2018-06-06,0,0,NA,NA,NA,NA,NA,NA,NA,NA,NA,NA,NA,NA,157
Stieglitz,123,2020,2020-03-18,2,0,F,T,F,F,?,T,F,F,F,F,F,?,78
Stieglitz,123,2020,2020-04-19,2,0,F,T,T,F,?,T,F,F,F,F,F,?,110
Stieglitz,123,2020,2020-05-08,3,0,F,T,T,F,?,T,F,F,F,F,F,?,129
Stieglitz,123,2020,2020-06-08,0,0,NA,NA,NA,NA,NA,NA,NA,NA,NA,NA,NA,NA,160
Stieglitz,123,2021,2021-03-24,1,0,F,T,?,?,?,?,F,?,?,?,?,?,83
Stieglitz,123,2021,2021-04-18,3,0,F,T,?,?,?,T,F,?,?,?,?,?,108
Stieglitz,123,2021,2021-05-09,3,0,F,T,?,?,?,?,F,?,?,?,?,?,129
Stieglitz,123,2021,2021-06-05,2,0,F,T,?,?,?,?,F,?,?,?,?,?,156
Stieglitz,124,2018,2018-03-25,1,0,F,F,F,F,?,F,F,F,F,F,F,?,84
Stieglitz,124,2018,2018-04-22,5,0,F,F,F,F,?,F,F,F,F,F,F,?,112
Stieglitz,124,2018,2018-05-11,2,0,F,F,F,F,?,F,F,F,F,F,F,?,131
Stieglitz,124,2018,2018-06-02,4,0,F,F,F,F,?,F,F,F,F,F,F,?,153
Stieglitz,124,2020,2020-03-22,10,0,F,F,F,F,?,F,F,F,F,F,F,?,82
Stieglitz,124,2020,2020-04-05,8,0,F,F,F,F,?,F,F,F,F,F,F,?,96
Stieglitz,124,2020,2020-05-09,4,0,F,F,F,F,?,F,F,F,F,F,F,?,130
Stieglitz,124,2020,2020-06-13,6,0,F,F,F,F,?,F,F,F,F,F,T,?,165
Stieglitz,124,2021,2021-05-29,36,0,F,F,F,F,?,F,?,F,F,T,F,?,149
Stieglitz,127,2018,2018-03-12,0,0,NA,NA,NA,NA,NA,NA,NA,NA,NA,NA,NA,NA,71
Stieglitz,127,2018,2018-04-03,0,0,NA,NA,NA,NA,NA,NA,NA,NA,NA,NA,NA,NA,93
Stieglitz,127,2018,2018-05-07,0,0,NA,NA,NA,NA,NA,NA,NA,NA,NA,NA,NA,NA,127
Stieglitz,127,2018,2018-05-31,1,0,?,T,F,F,?,F,F,F,F,F,F,?,151
Stieglitz,127,2020,2020-03-19,1,0,F,T,F,F,?,F,F,F,F,F,F,?,79
Stieglitz,127,2020,2020-04-08,2,0,F,T,T,F,?,F,F,F,F,F,F,?,99
Stieglitz,127,2020,2020-05-19,3,0,T,T,F,F,?,T,F,F,F,F,F,?,140
Stieglitz,127,2020,2020-06-03,7,0,F,T,T,F,?,F,F,F,F,F,F,?,155
Stieglitz,127,2021,2021-05-03,3,0,F,T,F,F,?,F,F,F,F,F,F,?,123
Stieglitz,127,2021,2021-05-27,2,0,?,T,T,?,?,?,?,?,?,?,?,?,147
Stieglitz,128,2021,2021-03-29,9,0,F,T,?,?,?,?,F,?,?,?,?,?,88
Stieglitz,128,2021,2021-04-24,11,0,F,T,?,?,?,T,F,?,?,?,?,?,114
Stieglitz,128,2021,2021-05-15,9,0,F,T,?,?,?,T,F,?,?,?,?,?,135
Stieglitz,128,2021,2021-06-15,10,0,F,T,?,?,?,?,F,?,?,?,T,?,166
Stieglitz,129,2021,2021-03-24,0,0,NA,NA,NA,NA,NA,NA,NA,NA,NA,NA,NA,NA,83
Stieglitz,129,2021,2021-04-18,1,0,?,T,?,?,?,?,?,?,?,?,?,?,108
Stieglitz,129,2021,2021-05-08,0,0,NA,NA,NA,NA,NA,NA,NA,NA,NA,NA,NA,NA,128
Stieglitz,129,2021,2021-05-28,0,0,NA,NA,NA,NA,NA,NA,NA,NA,NA,NA,NA,NA,148
Stieglitz,131,2018,2018-03-11,0,0,NA,NA,NA,NA,NA,NA,NA,NA,NA,NA,NA,NA,70
Stieglitz,131,2018,2018-04-15,2,0,F,T,F,F,?,F,F,F,F,F,F,?,105
Stieglitz,131,2018,2018-05-21,1,0,F,F,T,F,?,F,F,F,F,F,F,?,141
Stieglitz,131,2018,2018-06-09,2,0,F,T,F,F,?,F,F,F,F,F,F,?,160
Stieglitz,131,2020,2020-03-24,0,0,NA,NA,NA,NA,NA,NA,NA,NA,NA,NA,NA,NA,84
Stieglitz,131,2020,2020-04-12,1,0,F,F,F,F,?,T,F,F,F,F,F,?,103
Stieglitz,131,2020,2020-05-08,1,0,F,T,F,F,?,F,F,F,F,F,F,?,129
Stieglitz,131,2020,2020-06-17,0,0,NA,NA,NA,NA,NA,NA,NA,NA,NA,NA,NA,NA,169
Stieglitz,131,2021,2021-03-24,7,0,F,F,T,F,?,T,?,F,F,F,F,?,83
Stieglitz,131,2021,2021-04-25,2,0,F,F,T,F,?,F,?,F,F,F,F,?,115
Stieglitz,131,2021,2021-05-09,0,0,NA,NA,NA,NA,NA,NA,NA,NA,NA,NA,NA,NA,129
Stieglitz,131,2021,2021-06-13,0,0,NA,NA,NA,NA,NA,NA,NA,NA,NA,NA,NA,NA,164
Stieglitz,135,2019,2019-03-19,2,0,?,T,T,?,?,?,?,?,?,?,?,?,78
Stieglitz,135,2019,2019-04-12,2,0,?,T,?,?,?,?,?,?,?,?,?,?,102
Stieglitz,135,2019,2019-05-05,3,0,?,T,T,?,?,?,?,?,?,?,?,?,125
Stieglitz,135,2019,2019-06-08,4,0,?,T,T,?,?,?,?,?,?,?,?,?,159
Stieglitz,135,2020,2020-03-18,0,0,NA,NA,NA,NA,NA,NA,NA,NA,NA,NA,NA,NA,78
Stieglitz,135,2020,2020-04-10,1,0,F,T,F,F,?,F,F,F,F,F,F,?,101
Stieglitz,135,2020,2020-05-07,2,0,F,T,F,F,?,F,F,F,F,F,F,?,128
Stieglitz,135,2020,2020-05-30,3,0,F,T,F,F,?,F,F,F,F,F,F,?,151
Stieglitz,135,2020,2020-05-17,0,0,NA,NA,NA,NA,NA,NA,NA,NA,NA,NA,NA,NA,138
Stieglitz,135,2022,2022-03-24,0,0,NA,NA,NA,NA,NA,NA,NA,NA,NA,NA,NA,NA,83
Stieglitz,135,2022,2022-04-30,1,0,F,T,F,F,F,F,F,F,F,F,F,?,120
Stieglitz,135,2022,2022-05-18,1,0,F,T,F,F,F,F,F,F,F,F,F,?,138
Stieglitz,135,2022,2022-06-13,2,0,F,T,F,F,F,F,F,F,F,F,F,?,164
Stieglitz,135,2023,2023-03-18,0,0,NA,NA,NA,NA,NA,NA,NA,NA,NA,NA,NA,NA,77
Stieglitz,135,2023,2023-04-20,0,0,NA,NA,NA,NA,NA,NA,NA,NA,NA,NA,NA,NA,110
Stieglitz,135,2023,2023-05-07,1,0,F,T,F,F,?,F,F,F,F,F,F,?,127
Stieglitz,135,2023,2023-06-11,4,0,F,T,F,F,?,F,F,F,F,F,F,?,162
Stieglitz,138,2020,2020-03-20,0,0,NA,NA,NA,NA,NA,NA,NA,NA,NA,NA,NA,NA,80
Stieglitz,138,2020,2020-04-25,0,0,NA,NA,NA,NA,NA,NA,NA,NA,NA,NA,NA,NA,116
Stieglitz,138,2020,2020-05-16,0,0,NA,NA,NA,NA,NA,NA,NA,NA,NA,NA,NA,NA,137
Stieglitz,138,2020,2020-06-13,1,0,F,T,F,F,?,F,F,F,F,F,F,?,165
Stieglitz,138,2021,2021-03-29,1,0,F,F,T,F,?,F,F,F,F,F,F,?,88
Stieglitz,138,2021,2021-05-14,0,0,NA,NA,NA,NA,NA,NA,NA,NA,NA,NA,NA,NA,134
Stieglitz,138,2021,2021-06-14,0,0,NA,NA,NA,NA,NA,NA,NA,NA,NA,NA,NA,NA,165
Stieglitz,139,2018,2018-03-22,0,0,NA,NA,NA,NA,NA,NA,NA,NA,NA,NA,NA,NA,81
Stieglitz,139,2018,2018-04-27,0,0,NA,NA,NA,NA,NA,NA,NA,NA,NA,NA,NA,NA,117
Stieglitz,139,2018,2018-05-13,1,0,F,T,F,F,?,F,F,F,F,F,F,?,133
Stieglitz,139,2018,2018-06-06,0,0,NA,NA,NA,NA,NA,NA,NA,NA,NA,NA,NA,NA,157
Stieglitz,139,2020,2020-03-31,0,0,NA,NA,NA,NA,NA,NA,NA,NA,NA,NA,NA,NA,91
Stieglitz,139,2020,2020-04-26,1,0,F,T,F,F,?,F,F,F,F,F,F,?,117
Stieglitz,139,2020,2020-05-11,2,0,F,T,F,F,?,F,F,F,F,F,F,?,132
Stieglitz,139,2020,2020-06-01,2,0,F,T,F,F,?,F,F,F,F,F,F,?,153
Stieglitz,139,2021,2021-03-29,0,0,NA,NA,NA,NA,NA,NA,NA,NA,NA,NA,NA,NA,88
Stieglitz,139,2021,2021-04-28,1,0,F,T,F,F,?,F,F,F,F,F,F,?,118
Stieglitz,139,2021,2021-05-21,3,0,F,T,F,F,?,F,F,F,F,F,F,?,141
Stieglitz,139,2021,2021-06-20,1,0,F,T,F,F,?,F,F,F,F,F,F,?,171
Stieglitz,140,2018,2018-03-15,0,0,NA,NA,NA,NA,NA,NA,NA,NA,NA,NA,NA,NA,74
Stieglitz,140,2018,2018-04-06,1,0,F,T,F,F,?,F,F,F,F,F,F,?,96
Stieglitz,140,2018,2018-05-04,1,0,F,T,F,F,?,F,F,F,F,F,F,?,124
Stieglitz,140,2018,2018-05-26,1,0,F,T,F,F,?,F,F,F,F,F,F,?,146
Stieglitz,140,2020,2020-03-14,0,0,NA,NA,NA,NA,NA,NA,NA,NA,NA,NA,NA,NA,74
Stieglitz,140,2020,2020-04-05,0,0,NA,NA,NA,NA,NA,NA,NA,NA,NA,NA,NA,NA,96
Stieglitz,140,2020,2020-05-08,1,0,F,T,F,F,?,F,F,F,F,F,F,?,129
Stieglitz,140,2020,2020-05-21,1,0,F,T,F,F,?,F,F,F,F,F,F,?,142
Stieglitz,140,2021,2021-06-13,2,0,F,T,F,F,?,F,?,F,F,F,F,?,164
Stieglitz,142,2019,2019-03-28,1,0,?,T,?,?,?,?,?,?,?,?,?,?,87
Stieglitz,142,2019,2019-04-06,0,0,NA,NA,NA,NA,NA,NA,NA,NA,NA,NA,NA,NA,96
Stieglitz,142,2019,2019-05-09,1,0,?,T,?,?,?,?,?,?,?,?,?,?,129
Stieglitz,142,2019,2019-06-07,0,0,NA,NA,NA,NA,NA,NA,NA,NA,NA,NA,NA,NA,158
Stieglitz,142,2020,2020-03-23,1,0,F,F,F,F,?,F,F,F,F,F,F,?,83
Stieglitz,142,2020,2020-04-23,1,0,F,F,T,F,?,F,F,F,F,F,F,?,114
Stieglitz,142,2020,2020-05-09,0,0,NA,NA,NA,NA,NA,NA,NA,NA,NA,NA,NA,NA,130
Stieglitz,142,2020,2020-06-17,0,0,NA,NA,NA,NA,NA,NA,NA,NA,NA,NA,NA,NA,169
Stieglitz,142,2021,2021-03-20,0,0,NA,NA,NA,NA,NA,NA,NA,NA,NA,NA,NA,NA,79
Stieglitz,142,2021,2021-04-10,0,0,NA,NA,NA,NA,NA,NA,NA,NA,NA,NA,NA,NA,100
Stieglitz,142,2021,2021-05-08,1,0,F,F,T,F,?,F,F,F,F,F,F,?,128
Stieglitz,142,2021,2021-06-10,0,0,NA,NA,NA,NA,NA,NA,NA,NA,NA,NA,NA,NA,161
Stieglitz,142,2022,2022-03-14,0,0,NA,NA,NA,NA,NA,NA,NA,NA,NA,NA,NA,NA,73
Stieglitz,142,2022,2022-04-22,1,0,F,F,T,F,F,F,F,F,F,F,F,?,112
Stieglitz,142,2022,2022-05-19,0,0,NA,NA,NA,NA,NA,NA,NA,NA,NA,NA,NA,NA,139
Stieglitz,142,2022,2022-06-04,0,0,NA,NA,NA,NA,NA,NA,NA,NA,NA,NA,NA,NA,155
Stieglitz,142,2023,2023-03-13,0,0,NA,NA,NA,NA,NA,NA,NA,NA,NA,NA,NA,NA,72
Stieglitz,142,2023,2023-04-07,1,0,F,F,T,F,?,F,F,F,F,F,F,?,97
Stieglitz,142,2023,2023-05-11,2,0,F,F,F,F,?,F,F,F,F,F,F,?,131
Stieglitz,142,2023,2023-06-10,0,0,NA,NA,NA,NA,NA,NA,NA,NA,NA,NA,NA,NA,161
Stieglitz,145,2020,2020-03-15,9,0,F,F,F,F,?,F,F,F,F,F,F,?,75
Stieglitz,145,2020,2020-04-13,36,0,F,T,F,F,?,F,F,F,F,F,F,?,104
Stieglitz,145,2020,2020-05-03,11,0,F,T,T,F,?,F,F,F,F,F,F,?,124
Stieglitz,145,2020,2020-06-01,3,0,F,T,T,F,?,F,F,F,F,F,F,?,153
Stieglitz,145,2021,2021-06-13,31,0,F,T,T,F,?,F,?,F,F,F,F,?,164
Stieglitz,146,2021,2021-03-25,5,0,?,?,?,?,?,?,?,?,?,?,?,?,84
Stieglitz,146,2021,2021-04-18,1,0,?,T,?,?,?,?,?,?,?,?,?,?,108
Stieglitz,146,2021,2021-05-09,5,0,?,?,?,?,?,T,?,?,?,?,?,?,129
Stieglitz,146,2021,2021-06-03,3,0,?,?,?,?,?,?,?,?,?,?,?,?,154
Stieglitz,147,2018,2018-03-23,2,0,F,T,F,F,?,F,F,F,F,F,F,?,82
Stieglitz,147,2018,2018-04-28,2,0,F,T,F,F,?,F,F,F,T,F,F,?,118
Stieglitz,147,2018,2018-05-07,1,0,F,T,F,F,?,F,F,F,F,F,F,?,127
Stieglitz,147,2018,2018-06-15,0,0,NA,NA,NA,NA,NA,NA,NA,NA,NA,NA,NA,NA,166
Stieglitz,147,2020,2020-03-19,4,0,F,T,T,F,?,F,F,F,F,F,F,?,79
Stieglitz,147,2020,2020-04-14,1,0,F,T,F,F,?,F,F,F,F,F,F,?,105
Stieglitz,147,2020,2020-05-11,3,0,F,F,F,F,?,F,F,F,F,F,F,?,132
Stieglitz,147,2020,2020-06-02,5,0,F,T,T,F,?,F,F,F,F,F,F,?,154
Stieglitz,147,2021,2021-03-29,4,0,F,F,T,F,?,F,F,F,F,F,F,?,88
Stieglitz,147,2021,2021-04-22,6,0,F,T,T,F,?,F,F,F,F,F,F,?,112
Stieglitz,147,2021,2021-05-10,10,0,F,F,T,F,?,F,F,F,F,F,F,?,130
Stieglitz,147,2021,2021-06-07,8,0,F,F,T,F,?,F,F,F,F,F,F,?,158
Stieglitz,148,2019,2019-03-29,6,0,F,T,T,?,?,?,?,?,?,?,?,?,88
Stieglitz,148,2019,2019-04-07,3,0,?,T,?,?,?,?,?,?,?,?,?,?,97
Stieglitz,148,2019,2019-05-12,6,0,?,T,?,?,?,T,?,?,?,?,?,?,132
Stieglitz,148,2019,2019-06-09,6,0,?,T,?,?,?,?,?,?,?,?,?,?,160
Stieglitz,148,2020,2020-03-24,10,0,F,T,T,F,?,F,F,F,F,F,F,?,84
Stieglitz,148,2020,2020-04-16,21,0,F,T,T,F,T,F,F,F,F,F,F,?,107
Stieglitz,148,2020,2020-05-07,7,0,F,F,T,F,?,F,F,F,F,F,F,?,128
Stieglitz,148,2020,2020-06-10,4,0,F,F,T,F,?,F,F,F,F,F,F,?,162
Stieglitz,148,2021,2021-03-12,0,0,NA,NA,NA,NA,NA,NA,NA,NA,NA,NA,NA,NA,71
Stieglitz,148,2021,2021-04-08,3,0,F,F,T,F,?,F,F,F,F,F,F,?,98
Stieglitz,148,2021,2021-05-18,11,0,F,T,T,F,?,T,F,F,F,F,F,?,138
Stieglitz,148,2021,2021-06-14,5,0,F,F,T,F,?,T,T,T,F,F,F,?,165
Stieglitz,148,2022,2022-03-11,3,0,F,F,T,F,F,F,F,F,F,F,F,?,70
Stieglitz,148,2022,2022-04-04,10,0,F,F,T,F,F,F,F,F,F,F,F,?,94
Stieglitz,148,2022,2022-05-10,24,0,F,T,T,F,F,T,F,F,F,F,F,?,130
Stieglitz,148,2022,2022-06-01,9,0,F,T,T,F,F,T,F,F,F,F,F,?,152
Stieglitz,148,2023,2023-03-17,4,0,F,F,T,F,?,F,F,F,F,F,F,?,76
Stieglitz,148,2023,2023-04-19,12,0,F,T,T,F,?,T,F,F,F,F,F,?,109
Stieglitz,148,2023,2023-05-15,7,0,F,F,T,F,?,F,F,F,F,F,F,?,135
Stieglitz,148,2023,2023-06-14,0,0,NA,NA,NA,NA,NA,NA,NA,NA,NA,NA,NA,NA,165
Stieglitz,149,2019,2019-03-28,1,0,?,T,?,?,?,?,?,?,?,?,?,?,87
Stieglitz,149,2019,2019-04-15,0,0,NA,NA,NA,NA,NA,NA,NA,NA,NA,NA,NA,NA,105
Stieglitz,149,2019,2019-05-07,4,0,?,T,?,?,?,?,?,?,?,?,?,?,127
Stieglitz,149,2019,2019-05-31,1,0,?,T,?,?,?,?,?,?,?,?,?,?,151
Stieglitz,149,2020,2020-03-19,0,0,NA,NA,NA,NA,NA,NA,NA,NA,NA,NA,NA,NA,79
Stieglitz,149,2020,2020-04-12,3,0,F,T,F,F,?,F,F,F,F,F,F,?,103
Stieglitz,149,2020,2020-05-16,5,0,F,T,F,F,?,T,F,F,F,F,F,?,137
Stieglitz,149,2020,2020-06-03,4,0,F,T,F,F,?,F,F,F,F,F,F,?,155
Stieglitz,149,2022,2022-03-15,0,0,NA,NA,NA,NA,NA,NA,NA,NA,NA,NA,NA,NA,74
Stieglitz,149,2022,2022-04-18,2,0,F,T,F,F,F,F,F,F,F,F,F,?,108
Stieglitz,149,2022,2022-05-06,2,0,F,T,F,F,F,T,F,F,F,F,F,?,126
Stieglitz,149,2022,2022-06-01,4,0,F,T,F,F,F,F,F,F,F,F,F,?,152
Stieglitz,149,2023,2023-03-30,1,0,F,F,F,F,?,T,F,F,F,F,F,?,89
Stieglitz,149,2023,2023-04-09,1,0,F,T,F,F,?,F,F,F,F,F,F,?,99
Stieglitz,149,2023,2023-05-05,4,0,F,T,F,F,?,F,F,F,F,F,F,?,125
Stieglitz,149,2023,2023-05-27,1,0,F,T,F,F,?,F,F,F,F,F,F,?,147
Stieglitz,150,2020,2020-03-28,0,0,NA,NA,NA,NA,NA,NA,NA,NA,NA,NA,NA,NA,88
Stieglitz,150,2020,2020-04-18,1,0,F,F,F,F,?,F,F,F,F,F,F,?,109
Stieglitz,150,2020,2020-05-09,1,0,F,F,F,F,?,T,F,F,F,F,F,?,130
Stieglitz,150,2020,2020-05-24,0,0,NA,NA,NA,NA,NA,NA,NA,NA,NA,NA,NA,NA,145
Stieglitz,150,2021,2021-06-13,3,0,F,T,F,F,?,F,?,F,F,F,F,?,164
Stieglitz,151,2018,2018-03-25,0,0,NA,NA,NA,NA,NA,NA,NA,NA,NA,NA,NA,NA,84
Stieglitz,151,2018,2018-04-22,2,0,F,T,F,F,?,F,F,F,F,F,F,?,112
Stieglitz,151,2018,2018-05-19,1,0,F,F,F,F,?,F,F,F,F,F,F,?,139
Stieglitz,151,2018,2018-05-31,1,0,F,F,F,F,?,F,F,F,F,F,F,?,151
Stieglitz,151,2020,2020-03-29,8,0,F,T,F,F,?,F,F,F,F,F,F,?,89
Stieglitz,151,2020,2020-04-26,3,0,F,F,T,F,?,F,F,F,F,F,F,?,117
Stieglitz,151,2020,2020-05-10,2,0,F,T,F,F,?,F,F,F,F,F,F,?,131
Stieglitz,151,2020,2020-05-31,2,0,F,T,F,F,?,F,F,F,F,F,F,?,152
Stieglitz,151,2021,2021-06-13,34,0,F,T,T,F,?,F,?,F,F,F,F,?,164
Stieglitz,152,2019,2019-03-20,1,0,?,?,T,?,?,?,?,?,?,?,?,?,79
Stieglitz,152,2019,2019-04-09,3,0,?,?,T,?,?,?,?,?,?,?,?,?,99
Stieglitz,152,2019,2019-05-02,1,0,?,?,T,?,?,?,?,?,?,?,?,?,122
Stieglitz,152,2019,2019-05-27,1,0,?,?,T,?,?,?,?,?,?,?,?,?,147
Stieglitz,152,2020,2020-03-22,0,0,NA,NA,NA,NA,NA,NA,NA,NA,NA,NA,NA,NA,82
Stieglitz,152,2020,2020-04-23,1,0,F,F,F,F,?,T,F,F,F,F,F,?,114
Stieglitz,152,2020,2020-05-18,1,0,F,T,F,F,?,F,F,F,F,F,F,?,139
Stieglitz,152,2020,2020-06-13,1,0,F,T,F,F,?,F,F,F,F,F,F,?,165
Stieglitz,152,2022,2022-03-17,1,0,F,T,F,F,F,F,F,F,F,F,F,?,76
Stieglitz,152,2022,2022-04-20,1,0,F,T,F,F,F,F,F,F,F,F,F,?,110
Stieglitz,152,2022,2022-05-05,3,0,F,T,F,F,F,T,F,F,F,F,F,?,125
Stieglitz,152,2022,2022-04-11,0,0,NA,NA,NA,NA,NA,NA,NA,NA,NA,NA,NA,NA,101
Stieglitz,152,2023,2023-03-13,1,0,F,F,F,F,?,T,F,F,F,F,F,?,72
Stieglitz,152,2023,2023-04-26,4,0,F,T,F,F,?,T,F,F,F,F,F,?,116
Stieglitz,152,2023,2023-05-20,1,0,F,T,F,F,?,F,F,F,F,F,F,?,140
Stieglitz,152,2023,2023-06-08,2,0,F,T,F,F,?,F,F,F,T,F,F,?,159
Stieglitz,154,2019,2019-03-29,0,0,NA,NA,NA,NA,NA,NA,NA,NA,NA,NA,NA,NA,88
Stieglitz,154,2019,2019-04-27,0,0,NA,NA,NA,NA,NA,NA,NA,NA,NA,NA,NA,NA,117
Stieglitz,154,2019,2019-05-12,2,0,?,T,?,?,?,?,?,?,?,?,?,?,132
Stieglitz,154,2019,2019-06-07,0,0,NA,NA,NA,NA,NA,NA,NA,NA,NA,NA,NA,NA,158
Stieglitz,154,2022,2022-03-25,1,0,F,T,F,F,F,F,F,F,F,F,F,?,84
Stieglitz,154,2022,2022-04-23,0,0,NA,NA,NA,NA,NA,NA,NA,NA,NA,NA,NA,NA,113
Stieglitz,154,2022,2022-05-12,1,0,F,T,F,F,F,F,F,F,F,F,F,?,132
Stieglitz,154,2022,2022-06-10,1,0,F,T,F,F,F,F,F,F,F,F,F,?,161
Stieglitz,154,2022,2022-03-17,0,0,NA,NA,NA,NA,NA,NA,NA,NA,NA,NA,NA,NA,76
Stieglitz,154,2023,2023-03-23,0,0,NA,NA,NA,NA,NA,NA,NA,NA,NA,NA,NA,NA,82
Stieglitz,154,2023,2023-04-26,2,0,F,T,F,F,?,F,F,F,F,F,F,?,116
Stieglitz,154,2023,2023-05-16,3,0,F,T,F,F,?,F,F,F,F,F,F,?,136
Stieglitz,154,2023,2023-06-15,0,0,NA,NA,NA,NA,NA,NA,NA,NA,NA,NA,NA,NA,166
Stieglitz,156,2019,2019-03-23,0,0,NA,NA,NA,NA,NA,NA,NA,NA,NA,NA,NA,NA,82
Stieglitz,156,2019,2019-04-23,2,0,?,T,?,?,?,?,?,?,?,?,?,?,113
Stieglitz,156,2019,2019-05-09,2,0,?,T,?,?,?,?,?,?,?,?,?,?,129
Stieglitz,156,2019,2019-06-01,4,0,?,T,T,?,?,?,?,?,?,?,?,?,152
Stieglitz,156,2020,2020-03-20,1,0,F,T,F,F,?,F,F,F,F,F,F,?,80
Stieglitz,156,2020,2020-04-06,2,0,F,T,F,F,?,F,F,F,F,F,F,?,97
Stieglitz,156,2020,2020-05-04,1,0,F,T,F,F,?,F,F,F,F,F,F,?,125
Stieglitz,156,2020,2020-06-13,1,0,F,T,F,F,?,F,F,F,F,F,F,?,165
Stieglitz,156,2022,2022-03-22,2,0,F,T,F,F,F,F,F,F,F,F,F,?,81
Stieglitz,156,2022,2022-04-21,1,0,F,T,F,F,F,F,F,F,F,F,F,?,111
Stieglitz,156,2022,2022-05-10,1,0,F,T,F,F,F,F,F,F,F,F,F,?,130
Stieglitz,156,2022,2022-05-31,1,0,F,T,F,F,F,F,F,F,F,F,F,?,151
Stieglitz,156,2023,2023-03-23,0,0,NA,NA,NA,NA,NA,NA,NA,NA,NA,NA,NA,NA,82
Stieglitz,156,2023,2023-04-28,0,0,NA,NA,NA,NA,NA,NA,NA,NA,NA,NA,NA,NA,118
Stieglitz,156,2023,2023-05-13,0,0,NA,NA,NA,NA,NA,NA,NA,NA,NA,NA,NA,NA,133
Stieglitz,156,2023,2023-06-14,1,0,F,T,F,F,?,F,F,F,F,F,F,?,165
Stieglitz,157,2019,2019-03-24,3,0,?,T,T,?,?,?,?,?,?,?,?,?,83
Stieglitz,157,2019,2019-04-24,7,0,?,T,?,?,?,T,?,?,?,?,?,?,114
Stieglitz,157,2019,2019-05-17,5,0,?,T,?,?,?,?,?,?,?,?,?,?,137
Stieglitz,157,2019,2019-06-02,2,0,?,T,?,?,?,?,?,?,?,?,?,?,153
Stieglitz,157,2020,2020-03-24,1,0,F,T,F,F,?,F,F,F,F,F,F,?,84
Stieglitz,157,2020,2020-04-24,3,0,F,T,F,F,?,F,F,F,F,F,F,?,115
Stieglitz,157,2020,2020-05-18,2,0,F,T,F,F,?,F,F,F,F,F,F,?,139
Stieglitz,157,2020,2020-06-20,2,0,F,T,F,F,?,F,F,F,F,F,F,?,172
Stieglitz,157,2022,2022-03-17,2,0,F,T,F,F,F,F,F,F,F,F,F,?,76
Stieglitz,157,2022,2022-04-20,3,0,F,T,F,F,F,F,F,F,F,F,F,?,110
Stieglitz,157,2022,2022-05-05,4,0,F,T,F,F,F,F,F,F,F,F,F,?,125
Stieglitz,157,2022,2022-05-24,2,0,F,T,F,F,F,F,F,F,F,F,F,?,144
Stieglitz,157,2023,2023-03-24,1,0,F,T,F,F,?,F,F,F,F,F,F,?,83
Stieglitz,157,2023,2023-04-19,3,0,F,T,F,F,?,F,F,F,F,F,F,?,109
Stieglitz,157,2023,2023-05-10,2,0,F,T,F,F,?,F,F,F,F,F,F,?,130
Stieglitz,157,2023,2023-05-25,3,0,F,T,F,F,?,F,F,F,F,F,F,?,145
Stieglitz,158,2019,2019-03-28,0,0,NA,NA,NA,NA,NA,NA,NA,NA,NA,NA,NA,NA,87
Stieglitz,158,2019,2019-04-19,2,0,?,T,T,?,?,?,?,?,?,?,?,?,109
Stieglitz,158,2019,2019-05-09,5,0,?,?,T,?,?,?,?,?,?,?,?,?,129
Stieglitz,158,2019,2019-06-03,1,0,?,?,?,?,?,?,?,?,?,?,?,?,154
Stieglitz,158,2020,2020-03-18,2,0,F,F,T,F,?,F,F,F,F,F,F,?,78
Stieglitz,158,2020,2020-04-07,3,0,F,T,T,F,?,F,F,F,F,F,F,?,98
Stieglitz,158,2020,2020-05-15,0,0,NA,NA,NA,NA,NA,NA,NA,NA,NA,NA,NA,NA,136
Stieglitz,158,2020,2020-06-04,1,0,F,F,T,F,?,F,F,F,F,F,F,?,156
Stieglitz,158,2021,2021-03-11,1,0,F,F,T,F,?,F,F,F,F,F,F,?,70
Stieglitz,158,2021,2021-04-13,0,0,NA,NA,NA,NA,NA,NA,NA,NA,NA,NA,NA,NA,103
Stieglitz,158,2021,2021-05-04,2,0,F,F,T,F,?,F,F,F,F,F,F,?,124
Stieglitz,158,2021,2021-06-15,0,0,NA,NA,NA,NA,NA,NA,NA,NA,NA,NA,NA,NA,166
Stieglitz,158,2022,2022-03-17,0,0,NA,NA,NA,NA,NA,NA,NA,NA,NA,NA,NA,NA,76
Stieglitz,158,2022,2022-04-21,10,0,F,T,T,F,F,T,F,F,F,F,F,?,111
Stieglitz,158,2022,2022-05-03,3,0,F,T,F,F,F,F,F,F,F,F,F,?,123
Stieglitz,158,2022,2022-06-05,0,0,NA,NA,NA,NA,NA,NA,NA,NA,NA,NA,NA,NA,156
Stieglitz,158,2023,2023-03-24,1,0,F,F,T,F,?,F,F,F,F,F,F,?,83
Stieglitz,158,2023,2023-04-12,3,0,F,F,T,F,?,F,F,F,F,F,F,?,102
Stieglitz,158,2023,2023-05-04,3,0,F,F,T,F,?,F,F,F,F,F,F,?,124
Stieglitz,158,2023,2023-06-15,6,0,F,F,T,F,?,F,F,F,F,F,F,?,166
Stieglitz,160,2019,2019-03-29,1,0,?,?,T,?,?,?,?,?,?,?,?,?,88
Stieglitz,160,2019,2019-04-20,1,0,?,?,T,?,?,?,?,?,?,?,?,?,110
Stieglitz,160,2019,2019-05-10,2,0,?,?,T,?,?,?,?,?,?,?,?,?,130
Stieglitz,160,2019,2019-06-04,4,0,?,?,T,?,?,?,?,?,?,?,?,?,155
Stieglitz,160,2020,2020-03-19,0,0,NA,NA,NA,NA,NA,NA,NA,NA,NA,NA,NA,NA,79
Stieglitz,160,2020,2020-04-06,0,0,NA,NA,NA,NA,NA,NA,NA,NA,NA,NA,NA,NA,97
Stieglitz,160,2020,2020-05-18,9,0,F,T,T,F,?,F,F,F,F,F,F,?,139
Stieglitz,160,2020,2020-06-03,3,0,F,F,T,F,?,F,F,F,F,F,F,?,155
Stieglitz,160,2021,2021-03-13,5,0,F,F,T,F,?,F,F,F,F,F,F,?,72
Stieglitz,160,2021,2021-04-14,7,0,F,T,T,F,?,T,F,F,F,F,F,?,104
Stieglitz,160,2021,2021-05-05,10,0,F,T,T,F,?,T,F,F,F,F,F,?,125
Stieglitz,160,2021,2021-06-16,12,0,F,T,T,F,?,F,F,F,F,F,F,?,167
Stieglitz,160,2022,2022-03-18,2,0,F,T,F,F,F,F,F,F,F,F,F,?,77
Stieglitz,160,2022,2022-04-20,3,0,F,F,T,F,F,F,F,F,F,F,F,?,110
Stieglitz,160,2022,2022-05-02,3,0,F,F,T,F,F,F,F,F,F,F,F,?,122
Stieglitz,160,2022,2022-06-06,4,0,F,F,T,F,F,F,F,F,F,F,F,?,157
Stieglitz,160,2023,2023-03-23,7,0,F,T,T,F,?,F,F,F,F,F,F,?,82
Stieglitz,160,2023,2023-04-11,3,0,F,F,T,F,?,F,F,F,F,F,F,?,101
Stieglitz,160,2023,2023-05-08,2,0,F,F,T,F,?,F,F,F,F,F,F,?,128
Stieglitz,160,2023,2023-06-16,7,0,F,T,T,F,?,F,F,F,F,F,F,?,167
Stieglitz,162,2019,2019-05-18,1,0,?,T,?,?,?,?,?,?,?,?,?,?,138
Stieglitz,162,2019,2019-03-28,0,0,NA,NA,NA,NA,NA,NA,NA,NA,NA,NA,NA,NA,87
Stieglitz,162,2019,2019-06-08,2,0,?,T,?,?,?,?,?,?,?,?,?,?,159
Stieglitz,162,2019,2019-04-26,0,0,NA,NA,NA,NA,NA,NA,NA,NA,NA,NA,NA,NA,116
Stieglitz,162,2020,2020-03-19,1,0,F,T,F,F,?,F,F,F,F,F,F,?,79
Stieglitz,162,2020,2020-05-06,1,0,F,T,F,F,?,F,F,F,F,F,F,?,127
Stieglitz,162,2020,2020-04-18,1,0,F,T,F,F,?,F,F,F,F,F,F,?,109
Stieglitz,162,2020,2020-06-12,2,0,F,T,F,F,?,F,F,F,F,F,F,?,164
Stieglitz,162,2022,2022-05-18,2,0,F,T,F,F,F,F,F,F,F,F,F,?,138
Stieglitz,162,2022,2022-06-13,1,0,F,T,F,F,F,F,F,F,F,F,F,?,164
Stieglitz,162,2022,2022-03-22,0,0,NA,NA,NA,NA,NA,NA,NA,NA,NA,NA,NA,NA,81
Stieglitz,162,2022,2022-04-29,2,0,F,T,F,F,F,F,F,F,F,F,F,?,119
Stieglitz,162,2023,2023-05-18,3,0,F,F,T,F,?,F,F,F,F,F,F,?,138
Stieglitz,162,2023,2023-06-17,3,0,F,T,F,F,?,F,F,F,F,F,F,?,168
Stieglitz,162,2023,2023-03-17,1,0,F,T,F,F,?,F,F,F,F,F,F,?,76
Stieglitz,162,2023,2023-04-20,1,0,F,T,F,F,?,F,F,F,F,F,F,?,110
Stieglitz,164,2020,2020-03-15,0,0,NA,NA,NA,NA,NA,NA,NA,NA,NA,NA,NA,NA,75
Stieglitz,164,2020,2020-04-07,2,0,F,T,F,F,F,F,F,F,F,F,F,?,98
Stieglitz,164,2020,2020-05-04,1,0,F,T,F,F,F,F,F,F,F,F,F,?,125
Stieglitz,164,2020,2020-06-09,1,0,F,T,F,F,F,F,F,F,F,F,F,?,161
Stieglitz,164,2021,2021-03-11,0,0,NA,NA,NA,NA,NA,NA,NA,NA,NA,NA,NA,NA,70
Stieglitz,164,2021,2021-04-07,1,0,?,?,T,?,?,?,?,?,?,?,?,?,97
Stieglitz,164,2021,2021-05-04,1,0,?,T,?,?,?,?,?,?,?,?,?,?,124
Stieglitz,164,2021,2021-05-21,7,0,?,T,T,?,?,T,?,?,?,?,?,?,141
Stieglitz,164,2022,2022-03-24,0,0,NA,NA,NA,NA,NA,NA,NA,NA,NA,NA,NA,NA,83
Stieglitz,164,2022,2022-04-13,0,0,NA,NA,NA,NA,NA,NA,NA,NA,NA,NA,NA,NA,103
Stieglitz,164,2022,2022-05-12,3,0,F,T,F,F,F,F,F,F,F,F,F,?,132
Stieglitz,164,2022,2022-06-07,3,0,F,T,F,F,F,F,F,F,F,F,F,?,158
Stieglitz,164,2023,2023-03-20,0,0,NA,NA,NA,NA,NA,NA,NA,NA,NA,NA,NA,NA,79
Stieglitz,164,2023,2023-04-18,0,0,NA,NA,NA,NA,NA,NA,NA,NA,NA,NA,NA,NA,108
Stieglitz,164,2023,2023-06-20,2,0,F,T,F,F,F,F,F,F,F,F,F,?,171
Stieglitz,164,2023,2023-05-17,0,0,NA,NA,NA,NA,NA,NA,NA,NA,NA,NA,NA,NA,137
Stieglitz,165,2019,2019-03-13,1,0,?,T,?,?,?,?,?,?,?,?,?,?,72
Stieglitz,165,2019,2019-04-18,6,0,?,T,T,?,?,?,?,?,?,?,?,?,108
Stieglitz,165,2019,2019-05-10,1,0,?,T,?,?,?,?,?,?,?,?,?,?,130
Stieglitz,165,2019,2019-06-05,4,0,?,T,T,?,?,?,?,?,?,?,?,?,156
Stieglitz,165,2020,2020-03-19,0,0,NA,NA,NA,NA,NA,NA,NA,NA,NA,NA,NA,NA,79
Stieglitz,165,2020,2020-04-17,3,0,F,T,F,F,F,F,F,F,F,F,F,?,108
Stieglitz,165,2020,2020-05-13,4,0,F,T,T,F,F,T,F,F,F,F,F,?,134
Stieglitz,165,2020,2020-06-07,1,0,F,T,F,F,F,F,F,F,F,F,F,?,159
Stieglitz,165,2021,2021-03-23,4,4,T,T,T,?,?,?,?,?,?,?,?,?,82
Stieglitz,165,2021,2021-04-13,4,0,?,T,T,?,?,?,?,?,?,?,?,?,103
Stieglitz,165,2021,2021-05-06,3,0,?,T,T,?,?,?,?,?,?,?,?,?,126
Stieglitz,165,2021,2021-06-07,2,0,?,T,T,?,?,?,?,?,?,?,?,?,158
Stieglitz,165,2022,2022-03-24,0,0,NA,NA,NA,NA,NA,NA,NA,NA,NA,NA,NA,NA,83
Stieglitz,165,2022,2022-04-13,1,0,F,T,F,F,F,F,F,F,F,F,F,?,103
Stieglitz,165,2022,2022-05-12,3,0,F,T,F,F,F,F,F,F,F,F,F,?,132
Stieglitz,165,2022,2022-06-07,1,0,F,T,F,F,F,F,F,F,F,F,F,?,158
Stieglitz,165,2023,2023-03-15,2,0,F,T,F,F,F,F,F,F,F,F,F,?,74
Stieglitz,165,2023,2023-04-19,2,0,F,T,F,F,F,F,F,F,F,F,F,?,109
Stieglitz,165,2023,2023-05-03,0,0,NA,NA,NA,NA,NA,NA,NA,NA,NA,NA,NA,NA,123
Stieglitz,166,2018,2018-03-11,1,0,F,T,F,F,?,F,F,F,F,F,F,?,70
Stieglitz,166,2018,2018-04-03,2,0,F,F,T,F,?,F,F,F,F,F,F,?,93
Stieglitz,166,2018,2018-05-05,2,0,F,T,F,F,?,F,F,F,F,F,F,?,125
Stieglitz,166,2018,2018-05-29,0,0,NA,NA,NA,NA,NA,NA,NA,NA,NA,NA,NA,NA,149
Stieglitz,166,2020,2020-03-14,0,0,NA,NA,NA,NA,NA,NA,NA,NA,NA,NA,NA,NA,74
Stieglitz,166,2020,2020-04-01,0,0,NA,NA,NA,NA,NA,NA,NA,NA,NA,NA,NA,NA,92
Stieglitz,166,2020,2020-04-23,0,0,NA,NA,NA,NA,NA,NA,NA,NA,NA,NA,NA,NA,114
Stieglitz,166,2020,2020-05-24,1,0,F,T,F,F,?,F,F,F,F,F,F,?,145
Stieglitz,166,2021,2021-04-11,7,0,F,T,F,F,?,F,F,F,F,F,F,?,101
Stieglitz,166,2021,2021-06-04,3,0,F,T,F,F,?,F,F,F,F,F,F,?,155
Stieglitz,166,2021,2021-03-21,2,0,F,T,F,F,?,F,F,F,F,F,F,?,80
Stieglitz,166,2021,2021-05-14,2,0,F,T,F,F,?,F,F,F,F,F,F,?,134
Stieglitz,168,2019,2019-03-25,1,0,?,?,?,?,?,?,?,?,?,?,?,?,84
Stieglitz,168,2019,2019-04-25,6,0,?,T,T,?,?,T,?,?,?,?,?,?,115
Stieglitz,168,2019,2019-05-15,4,0,?,T,?,?,?,?,?,?,?,?,?,?,135
Stieglitz,168,2019,2019-06-07,1,0,?,T,?,?,?,?,?,?,?,?,?,?,158
Stieglitz,168,2020,2020-03-21,1,0,F,T,F,F,F,F,F,F,F,F,F,?,81
Stieglitz,168,2020,2020-04-18,2,0,F,T,T,F,F,F,F,F,F,F,F,?,109
Stieglitz,168,2020,2020-05-17,4,0,F,T,F,F,F,F,F,F,F,F,F,?,138
Stieglitz,168,2020,2020-06-08,8,0,F,T,T,F,F,F,F,F,F,F,F,?,160
Stieglitz,168,2021,2021-03-27,4,0,?,T,T,?,?,?,?,?,?,?,?,?,86
Stieglitz,168,2021,2021-04-23,2,0,?,T,?,?,?,?,?,?,?,?,?,?,113
Stieglitz,168,2021,2021-05-20,5,0,?,T,T,?,?,?,?,?,?,?,?,?,140
Stieglitz,168,2021,2021-06-04,6,0,?,T,?,?,?,T,?,?,?,?,?,?,155
Stieglitz,168,2022,2022-03-24,1,0,F,T,F,F,F,F,F,F,F,F,F,?,83
Stieglitz,168,2022,2022-04-26,3,0,F,T,F,F,F,F,F,F,F,F,F,?,116
Stieglitz,168,2022,2022-05-13,2,0,F,T,F,F,F,F,F,F,F,F,F,?,133
Stieglitz,168,2022,2022-06-01,2,0,F,T,F,F,F,F,F,F,F,F,F,?,152
Stieglitz,168,2023,2023-03-16,0,0,NA,NA,NA,NA,NA,NA,NA,NA,NA,NA,NA,NA,75
Stieglitz,168,2023,2023-04-05,5,0,F,F,F,F,F,F,F,F,F,F,F,?,95
Stieglitz,168,2023,2023-05-09,2,0,F,T,F,F,F,F,F,F,F,F,F,?,129
Stieglitz,168,2023,2023-06-01,4,0,F,T,T,F,F,F,F,F,F,F,F,?,152
Stieglitz,169,2019,2019-03-12,0,0,NA,NA,NA,NA,NA,NA,NA,NA,NA,NA,NA,NA,71
Stieglitz,169,2019,2019-04-17,0,0,NA,NA,NA,NA,NA,NA,NA,NA,NA,NA,NA,NA,107
Stieglitz,169,2019,2019-05-09,1,0,?,T,?,?,?,?,?,?,?,?,?,?,129
Stieglitz,169,2019,2019-05-28,0,0,NA,NA,NA,NA,NA,NA,NA,NA,NA,NA,NA,NA,148
Stieglitz,169,2020,2020-03-17,0,0,NA,NA,NA,NA,NA,NA,NA,NA,NA,NA,NA,NA,77
Stieglitz,169,2020,2020-04-16,1,1,T,F,T,F,?,F,F,F,F,F,F,?,107
Stieglitz,169,2020,2020-05-03,0,0,NA,NA,NA,NA,NA,NA,NA,NA,NA,NA,NA,NA,124
Stieglitz,169,2020,2020-05-25,1,1,T,F,T,F,?,F,F,F,F,F,F,?,146
Stieglitz,169,2021,2021-03-10,0,0,NA,NA,NA,NA,NA,NA,NA,NA,NA,NA,NA,NA,69
Stieglitz,169,2021,2021-04-07,2,0,?,T,T,?,?,T,?,?,?,?,?,?,97
Stieglitz,169,2021,2021-05-03,1,0,?,?,T,?,?,?,?,?,?,?,?,?,123
Stieglitz,169,2021,2021-05-27,0,0,NA,NA,NA,NA,NA,NA,NA,NA,NA,NA,NA,NA,147
Stieglitz,169,2022,2022-03-22,2,0,F,T,F,F,F,F,F,F,F,F,F,?,81
Stieglitz,169,2022,2022-04-14,1,0,F,T,F,F,F,F,F,F,F,F,F,?,104
Stieglitz,169,2022,2022-05-04,0,0,NA,NA,NA,NA,NA,NA,NA,NA,NA,NA,NA,NA,124
Stieglitz,169,2022,2022-06-02,1,0,F,T,F,F,F,F,F,F,F,F,F,?,153
Stieglitz,170,2019,2019-03-11,1,0,?,T,?,?,?,?,?,?,?,?,?,?,70
Stieglitz,170,2019,2019-04-15,2,0,?,T,?,?,?,?,?,?,?,?,?,?,105
Stieglitz,170,2019,2019-05-06,2,0,?,T,?,?,?,T,?,?,?,?,?,?,126
Stieglitz,170,2019,2019-05-21,0,0,NA,NA,NA,NA,NA,NA,NA,NA,NA,NA,NA,NA,141
Stieglitz,170,2020,2020-03-13,1,0,F,F,T,F,F,F,F,F,F,F,F,?,73
Stieglitz,170,2020,2020-04-01,1,0,F,F,T,F,F,F,F,F,F,F,F,?,92
Stieglitz,170,2020,2020-05-02,1,0,F,F,T,F,F,T,F,F,F,F,F,?,123
Stieglitz,170,2020,2020-05-22,0,0,NA,NA,NA,NA,NA,NA,NA,NA,NA,NA,NA,NA,143
Stieglitz,170,2021,2021-03-16,0,0,NA,NA,NA,NA,NA,NA,NA,NA,NA,NA,NA,NA,75
Stieglitz,170,2021,2021-04-10,5,0,T,T,T,?,?,?,?,?,?,?,?,?,100
Stieglitz,170,2021,2021-05-02,6,0,?,?,T,?,?,T,?,?,?,?,?,?,122
Stieglitz,170,2021,2021-05-29,3,0,?,T,T,?,?,T,?,?,?,?,?,?,149
Stieglitz,170,2022,2022-03-17,0,0,NA,NA,NA,NA,NA,NA,NA,NA,NA,NA,NA,NA,76
Stieglitz,170,2022,2022-04-26,5,0,F,T,F,F,F,F,F,F,F,F,F,?,116
Stieglitz,170,2022,2022-05-18,2,0,F,T,F,F,F,F,F,F,F,F,F,?,138
Stieglitz,170,2022,2022-06-01,0,0,NA,NA,NA,NA,NA,NA,NA,NA,NA,NA,NA,NA,152
Stieglitz,170,2023,2023-03-15,0,0,NA,NA,NA,NA,NA,NA,NA,NA,NA,NA,NA,NA,74
Stieglitz,170,2023,2023-06-16,3,0,F,T,F,F,F,F,F,F,F,F,F,?,167
Stieglitz,170,2023,2023-05-11,3,0,F,T,T,F,F,F,F,F,F,F,F,?,131
Stieglitz,170,2023,2023-04-04,0,0,NA,NA,NA,NA,NA,NA,NA,NA,NA,NA,NA,NA,94
Stieglitz,176,2018,2018-03-25,0,0,NA,NA,NA,NA,NA,NA,NA,NA,NA,NA,NA,NA,84
Stieglitz,176,2018,2018-04-21,2,0,?,T,F,F,?,F,F,F,F,F,F,?,111
Stieglitz,176,2018,2018-05-09,1,0,?,T,F,F,?,F,F,F,F,F,F,?,129
Stieglitz,176,2018,2018-06-03,4,0,?,T,F,F,?,F,F,F,F,F,F,?,154
Stieglitz,176,2020,2020-03-28,3,0,F,T,T,F,?,F,F,F,F,F,F,?,88
Stieglitz,176,2020,2020-04-27,2,0,F,T,F,F,?,F,F,F,F,F,F,?,118
Stieglitz,176,2020,2020-05-07,1,0,F,T,F,F,?,F,F,F,F,F,F,?,128
Stieglitz,176,2020,2020-05-31,1,0,F,T,F,F,?,F,F,F,F,F,F,?,152
Stieglitz,176,2021,2021-03-31,0,0,NA,NA,NA,NA,NA,NA,NA,NA,NA,NA,NA,NA,90
Stieglitz,176,2021,2021-04-26,2,0,?,?,T,?,?,?,?,?,?,?,?,?,116
Stieglitz,176,2021,2021-05-19,0,0,NA,NA,NA,NA,NA,NA,NA,NA,NA,NA,NA,NA,139
Stieglitz,176,2021,2021-05-31,3,0,?,T,?,?,?,T,?,?,?,?,?,?,151
Stieglitz,179,2018,2018-03-21,1,0,?,T,F,F,?,F,F,F,F,F,F,?,80
Stieglitz,179,2018,2018-04-16,0,0,NA,NA,NA,NA,NA,NA,NA,NA,NA,NA,NA,NA,106
Stieglitz,179,2018,2018-05-15,3,0,?,F,F,F,?,F,F,F,F,F,F,?,135
Stieglitz,179,2018,2018-06-08,2,0,?,F,F,F,?,F,F,F,F,F,F,?,159
Stieglitz,179,2018,2019-03-21,0,0,NA,NA,NA,NA,NA,NA,NA,NA,NA,NA,NA,NA,80
Stieglitz,179,2020,2020-03-14,0,0,NA,NA,NA,NA,NA,NA,NA,NA,NA,NA,NA,NA,74
Stieglitz,179,2020,2020-04-10,1,0,F,F,F,F,?,F,F,F,F,F,F,?,101
Stieglitz,179,2020,2020-05-09,3,0,F,F,F,F,?,F,F,F,F,F,F,?,130
Stieglitz,179,2020,2020-06-01,1,0,F,F,F,F,?,F,F,F,F,F,F,?,153
Stieglitz,179,2021,2021-03-20,0,0,NA,NA,NA,NA,NA,NA,NA,NA,NA,NA,NA,NA,79
Stieglitz,179,2021,2021-04-13,2,0,F,F,F,F,?,F,F,F,F,F,F,?,103
Stieglitz,179,2021,2021-05-21,7,0,F,T,F,F,?,F,F,F,F,F,F,?,141
Stieglitz,179,2021,2021-06-13,1,0,F,F,F,F,?,F,F,F,F,F,F,?,164
Stieglitz,180,2020,2019-03-24,3,0,F,T,F,F,?,F,F,F,F,F,F,?,83
Stieglitz,180,2020,2019-04-07,2,0,F,F,T,F,?,F,F,F,F,F,F,?,97
Stieglitz,180,2020,2019-05-18,0,0,NA,NA,NA,NA,NA,NA,NA,NA,NA,NA,NA,NA,138
Stieglitz,180,2020,2019-06-15,0,0,NA,NA,NA,NA,NA,NA,NA,NA,NA,NA,NA,NA,166
Stieglitz,180,2020,2020-03-28,1,0,F,T,F,F,?,F,F,F,F,F,F,?,88
Stieglitz,180,2020,2020-04-19,3,0,F,T,T,F,?,F,F,F,F,F,F,?,110
Stieglitz,180,2020,2020-05-17,1,0,F,F,T,F,?,F,F,F,F,F,F,?,138
Stieglitz,180,2020,2020-05-31,0,0,NA,NA,NA,NA,NA,NA,NA,NA,NA,NA,NA,NA,152
Stieglitz,180,2021,2021-03-28,1,0,F,T,?,?,?,?,F,?,?,?,?,?,87
Stieglitz,180,2021,2021-04-17,0,0,NA,NA,NA,NA,NA,NA,NA,NA,NA,NA,NA,NA,107
Stieglitz,180,2021,2021-05-15,0,0,NA,NA,NA,NA,NA,NA,NA,NA,NA,NA,NA,NA,135
Stieglitz,180,2021,2021-06-13,2,0,F,?,?,?,?,?,F,?,?,?,?,?,164
Stieglitz,182,2018,2018-03-14,0,0,NA,NA,NA,NA,NA,NA,NA,NA,NA,NA,NA,NA,73
Stieglitz,182,2018,2018-04-11,0,0,NA,NA,NA,NA,NA,NA,NA,NA,NA,NA,NA,NA,101
Stieglitz,182,2018,2018-05-11,2,0,?,T,T,F,?,F,F,F,F,F,F,?,131
Stieglitz,182,2018,2018-06-02,1,0,?,T,F,F,?,F,F,F,F,F,F,?,153
Stieglitz,182,2020,2020-03-26,3,0,F,F,T,F,?,F,F,F,F,F,F,?,86
Stieglitz,182,2020,2020-04-25,2,0,F,T,T,F,?,F,F,F,F,F,F,?,116
Stieglitz,182,2020,2020-05-16,4,0,F,T,T,F,?,F,F,F,F,F,F,?,137
Stieglitz,182,2020,2020-05-25,3,0,F,T,F,F,?,F,F,F,F,F,F,?,146
Stieglitz,182,2021,2021-03-30,0,0,NA,NA,NA,NA,NA,NA,NA,NA,NA,NA,NA,NA,89
Stieglitz,182,2021,2021-04-25,3,0,F,F,F,F,?,T,F,F,F,F,F,?,115
Stieglitz,182,2021,2021-05-10,1,0,F,F,T,F,?,F,F,F,F,F,F,?,130
Stieglitz,182,2021,2021-05-30,5,0,F,T,F,F,?,F,F,F,F,F,F,?,150
Stieglitz,182,2021,2021-06-20,0,0,NA,NA,NA,NA,NA,NA,NA,NA,NA,NA,NA,NA,171
Stieglitz,183,2018,2018-03-17,0,0,NA,NA,NA,NA,NA,NA,NA,NA,NA,NA,NA,NA,76
Stieglitz,183,2018,2018-04-09,2,0,F,T,F,F,?,F,F,F,F,F,F,?,99
Stieglitz,183,2018,2018-05-06,4,0,F,T,F,F,?,F,F,F,F,F,F,?,126
Stieglitz,183,2018,2018-06-03,0,0,NA,NA,NA,NA,NA,NA,NA,NA,NA,NA,NA,NA,154
Stieglitz,183,2020,2020-04-19,0,0,NA,NA,NA,NA,NA,NA,NA,NA,NA,NA,NA,NA,110
Stieglitz,183,2020,2020-05-17,3,0,F,T,F,F,?,F,F,F,F,F,F,?,138
Stieglitz,183,2020,2020-06-14,0,0,NA,NA,NA,NA,NA,NA,NA,NA,NA,NA,NA,NA,166
Stieglitz,183,2021,2021-03-28,5,0,F,T,F,F,?,F,F,F,F,F,F,?,87
Stieglitz,183,2021,2021-04-25,4,0,F,T,F,F,?,F,F,F,F,F,F,?,115
Stieglitz,183,2021,2021-06-12,2,0,F,T,F,F,?,F,F,F,F,F,F,?,163
Stieglitz,184,2018,2018-03-26,0,0,NA,NA,NA,NA,NA,NA,NA,NA,NA,NA,NA,NA,85
Stieglitz,184,2018,2018-04-15,0,0,NA,NA,NA,NA,NA,NA,NA,NA,NA,NA,NA,NA,105
Stieglitz,184,2018,2018-05-12,1,0,?,F,F,F,?,F,F,F,F,F,F,?,132
Stieglitz,184,2018,2018-06-16,1,0,?,F,F,F,?,F,F,F,F,F,F,?,167
Stieglitz,184,2020,2020-03-19,2,0,F,F,F,F,?,F,F,F,F,F,F,?,79
Stieglitz,184,2020,2020-04-10,2,0,F,T,F,F,?,F,F,F,F,F,F,?,101
Stieglitz,184,2020,2020-05-10,2,0,F,T,F,F,?,F,F,T,F,F,F,?,131
Stieglitz,184,2020,2020-06-14,3,0,F,T,F,F,?,F,F,F,F,F,F,?,166
Stieglitz,184,2021,2021-03-28,4,0,F,T,F,F,?,F,F,F,F,F,F,?,87
Stieglitz,184,2021,2021-04-28,4,0,F,T,F,F,?,F,F,F,F,F,F,?,118
Stieglitz,184,2021,2021-05-24,2,0,F,T,F,F,?,F,F,F,F,F,F,?,144
Stieglitz,184,2021,2021-06-13,3,0,F,T,F,F,?,F,F,F,F,F,F,?,164
Stieglitz,186,2020,2020-03-13,0,0,NA,NA,NA,NA,NA,NA,NA,NA,NA,NA,NA,NA,73
Stieglitz,186,2020,2020-04-03,4,0,F,T,F,F,F,F,F,F,F,F,F,?,94
Stieglitz,186,2020,2020-05-01,6,0,F,T,F,F,F,F,F,F,F,F,F,?,122
Stieglitz,186,2020,2020-05-25,6,0,F,T,F,F,F,F,F,F,F,F,F,?,146
Stieglitz,186,2021,2021-03-10,0,0,NA,NA,NA,NA,NA,NA,NA,NA,NA,NA,NA,NA,69
Stieglitz,186,2021,2021-04-02,5,0,?,T,?,?,?,?,?,?,?,?,?,?,92
Stieglitz,186,2021,2021-05-04,1,0,?,?,T,?,?,?,?,?,?,?,?,?,124
Stieglitz,186,2021,2021-06-08,2,0,?,?,?,?,?,?,?,?,?,?,?,?,159
Stieglitz,186,2022,2022-03-30,0,0,NA,NA,NA,NA,NA,NA,NA,NA,NA,NA,NA,NA,89
Stieglitz,186,2022,2022-04-27,4,0,F,T,F,F,F,F,F,F,F,F,F,?,117
Stieglitz,186,2022,2022-05-16,1,0,F,T,F,F,F,F,F,F,F,F,F,?,136
Stieglitz,186,2022,2022-06-15,0,0,NA,NA,NA,NA,NA,NA,NA,NA,NA,NA,NA,NA,166
Stieglitz,186,2023,2023-03-28,0,0,NA,NA,NA,NA,NA,NA,NA,NA,NA,NA,NA,NA,87
Stieglitz,186,2023,2023-04-26,3,0,F,T,F,F,F,F,F,F,F,F,F,?,116
Stieglitz,186,2023,2023-05-17,0,0,NA,NA,NA,NA,NA,NA,NA,NA,NA,NA,NA,NA,137
Stieglitz,187,2018,2018-03-27,0,0,NA,NA,NA,NA,NA,NA,NA,NA,NA,NA,NA,NA,86
Stieglitz,187,2018,2018-04-18,0,0,NA,NA,NA,NA,NA,NA,NA,NA,NA,NA,NA,NA,108
Stieglitz,187,2018,2018-05-19,1,0,F,F,F,F,?,F,F,F,F,F,F,?,139
Stieglitz,187,2018,2018-06-20,1,0,F,F,F,F,?,F,F,F,F,F,F,?,171
Stieglitz,187,2020,2020-03-18,1,0,F,F,F,F,?,F,F,F,F,F,F,?,78
Stieglitz,187,2020,2020-04-08,1,0,F,F,F,F,?,F,F,F,F,F,F,?,99
Stieglitz,187,2020,2020-05-09,0,0,NA,NA,NA,NA,NA,NA,NA,NA,NA,NA,NA,NA,130
Stieglitz,187,2020,2020-06-17,1,0,F,F,F,F,?,F,F,F,F,F,F,?,169
Stieglitz,187,2021,2021-03-26,2,0,F,T,F,F,?,F,F,F,F,F,F,?,85
Stieglitz,187,2021,2021-04-22,0,0,NA,NA,NA,NA,NA,NA,NA,NA,NA,NA,NA,NA,112
Stieglitz,187,2021,2021-05-22,4,0,F,F,T,F,?,F,F,F,F,F,F,?,142
Stieglitz,187,2021,2021-06-12,0,0,NA,NA,NA,NA,NA,NA,NA,NA,NA,NA,NA,NA,163
Stieglitz,189,2020,2020-03-12,2,0,F,T,T,F,F,F,F,F,F,F,F,?,72
Stieglitz,189,2020,2020-04-05,2,0,F,F,T,F,F,F,F,F,F,F,F,?,96
Stieglitz,189,2020,2020-05-03,3,0,F,T,F,F,F,T,F,F,F,F,F,?,124
Stieglitz,189,2020,2020-05-31,8,0,F,T,T,F,F,F,F,F,F,F,F,?,152
Stieglitz,189,2021,2021-03-12,0,0,NA,NA,NA,NA,NA,NA,NA,NA,NA,NA,NA,NA,71
Stieglitz,189,2021,2021-04-06,6,0,?,T,?,?,?,?,?,?,?,?,?,?,96
Stieglitz,189,2021,2021-04-30,2,0,?,?,T,?,?,?,?,?,?,?,?,?,120
Stieglitz,189,2021,2021-05-08,4,0,?,T,?,?,?,?,?,?,?,?,?,?,128
Stieglitz,189,2022,2022-03-29,0,0,NA,NA,NA,NA,NA,NA,NA,NA,NA,NA,NA,NA,88
Stieglitz,189,2022,2022-04-27,8,0,F,T,F,F,F,F,F,F,F,F,F,?,117
Stieglitz,189,2022,2022-05-16,1,0,F,T,F,F,F,F,F,F,F,F,F,?,136
Stieglitz,189,2022,2022-06-15,6,0,F,T,T,F,F,F,F,F,F,F,F,?,166
Stieglitz,189,2023,2023-03-15,0,0,NA,NA,NA,NA,NA,NA,NA,NA,NA,NA,NA,NA,74
Stieglitz,189,2023,2023-04-19,1,0,F,T,F,F,F,F,F,F,F,F,F,?,109
Stieglitz,189,2023,2023-05-02,1,0,F,T,F,F,F,F,F,F,F,F,F,?,122
Stieglitz,189,2023,2023-06-15,1,0,F,T,F,F,F,F,F,F,F,F,F,?,166
Stieglitz,191,2018,2018-03-25,0,0,NA,NA,NA,NA,NA,NA,NA,NA,NA,NA,NA,NA,84
Stieglitz,191,2018,2018-04-08,2,0,F,F,T,F,?,F,F,F,F,F,F,?,98
Stieglitz,191,2018,2018-05-06,1,0,F,T,F,F,?,F,F,F,F,F,F,?,126
Stieglitz,191,2018,2018-06-16,1,0,F,T,F,F,?,F,F,F,F,F,F,?,167
Stieglitz,191,2021,2021-03-20,2,2,T,?,?,?,?,?,F,?,?,?,?,?,79
Stieglitz,191,2021,2021-04-11,3,0,F,T,?,?,?,?,F,?,?,?,?,?,101
Stieglitz,191,2021,2021-05-13,5,0,F,T,?,?,?,?,F,?,?,?,?,?,133
Stieglitz,191,2021,2021-06-05,6,0,F,T,?,?,?,?,F,?,?,?,?,?,156
Stieglitz,192,2018,2018-03-14,0,0,NA,NA,NA,NA,NA,NA,NA,NA,NA,NA,NA,NA,73
Stieglitz,192,2018,2018-04-25,1,0,F,F,F,F,?,F,F,F,F,F,F,?,115
Stieglitz,192,2018,2018-05-19,0,0,NA,NA,NA,NA,NA,NA,NA,NA,NA,NA,NA,NA,139
Stieglitz,192,2018,2018-06-20,4,0,F,T,T,F,?,F,F,F,F,F,F,?,171
Stieglitz,192,2020,2020-03-27,0,0,NA,NA,NA,NA,NA,NA,NA,NA,NA,NA,NA,NA,87
Stieglitz,192,2020,2020-04-13,0,0,NA,NA,NA,NA,NA,NA,NA,NA,NA,NA,NA,NA,104
Stieglitz,192,2020,2020-05-17,2,0,F,F,T,F,?,F,F,F,F,F,F,?,138
Stieglitz,192,2020,2020-06-20,0,0,NA,NA,NA,NA,NA,NA,NA,NA,NA,NA,NA,NA,172
Stieglitz,192,2021,2021-03-26,2,0,F,F,F,F,?,F,F,F,F,F,F,?,85
Stieglitz,192,2021,2021-04-25,7,0,F,F,T,F,?,F,F,F,F,F,F,?,115
Stieglitz,192,2021,2021-05-09,2,0,?,?,?,?,?,?,?,?,?,?,?,?,129
Stieglitz,193,2018,2018-03-18,0,0,NA,NA,NA,NA,NA,NA,NA,NA,NA,NA,NA,NA,77
Stieglitz,193,2018,2018-04-08,6,0,F,T,F,F,?,F,F,F,F,F,F,?,98
Stieglitz,193,2018,2018-05-01,1,0,F,T,F,F,?,F,F,F,F,F,F,?,121
Stieglitz,193,2018,2018-06-09,1,0,F,T,F,F,?,F,F,F,F,F,F,?,160
Stieglitz,193,2018,2019-05-01,0,0,NA,NA,NA,NA,NA,NA,NA,NA,NA,NA,NA,NA,121
Stieglitz,194,2018,2018-03-10,0,0,NA,NA,NA,NA,NA,NA,NA,NA,NA,NA,NA,NA,69
Stieglitz,194,2018,2018-04-02,1,0,?,F,T,F,?,F,F,F,F,F,F,?,92
Stieglitz,194,2018,2018-05-05,7,0,?,T,T,F,?,F,F,F,F,F,F,?,125
Stieglitz,194,2018,2018-05-22,7,0,?,T,T,F,?,F,F,F,F,F,F,?,142
Stieglitz,194,2020,2020-03-20,1,0,F,T,F,F,?,F,F,F,F,F,F,?,80
Stieglitz,194,2020,2020-04-08,8,0,F,T,T,F,?,F,F,F,F,F,F,?,99
Stieglitz,194,2020,2020-05-20,10,0,F,T,T,F,?,T,F,F,F,F,F,?,141
Stieglitz,194,2020,2020-06-05,10,0,F,T,F,F,?,F,F,F,F,F,F,?,157
Stieglitz,196,2018,2018-04-07,3,0,F,T,F,F,?,T,F,F,F,F,F,?,97
Stieglitz,196,2018,2018-05-12,3,0,F,T,F,F,?,T,F,F,F,F,F,?,132
Stieglitz,196,2018,2018-06-02,1,0,F,T,F,F,?,F,F,F,F,F,F,?,153
Stieglitz,196,2020,2020-03-28,3,0,F,F,F,F,?,F,F,F,F,F,F,?,88
Stieglitz,196,2020,2020-04-11,5,0,F,T,F,F,?,T,F,F,F,F,F,?,102
Stieglitz,196,2020,2020-05-02,7,0,F,F,F,F,?,F,F,F,F,F,F,?,123
Stieglitz,196,2020,2020-05-30,3,0,F,F,F,F,?,F,F,F,F,F,F,?,151
Stieglitz,196,2021,2021-03-26,2,0,F,F,F,F,?,F,F,F,F,F,F,?,85
Stieglitz,196,2021,2021-04-17,1,0,F,F,F,F,?,F,F,F,F,F,F,?,107
Stieglitz,196,2021,2021-05-08,4,0,F,T,F,F,?,T,F,F,F,F,F,?,128
Stieglitz,196,2021,2021-05-29,6,0,F,F,F,F,?,F,F,F,F,F,F,?,149
Stieglitz,197,2018,2018-03-16,0,0,NA,NA,NA,NA,NA,NA,NA,NA,NA,NA,NA,NA,75
Stieglitz,197,2018,2018-04-10,2,0,?,T,F,F,?,F,F,F,F,F,F,?,100
Stieglitz,197,2018,2018-05-15,3,0,?,T,T,F,?,F,F,F,F,F,F,?,135
Stieglitz,197,2018,2018-06-06,2,0,?,T,F,F,?,F,F,F,F,F,F,?,157
Stieglitz,197,2020,2020-03-16,0,0,NA,NA,NA,NA,NA,NA,NA,NA,NA,NA,NA,NA,76
Stieglitz,197,2020,2020-04-05,1,0,F,T,F,F,?,F,F,F,F,F,F,?,96
Stieglitz,197,2020,2020-05-06,2,0,F,T,F,F,?,F,T,F,F,F,F,?,127
Stieglitz,197,2020,2020-05-22,2,0,F,T,F,F,?,F,F,F,F,F,F,?,143
Stieglitz,197,2021,2021-03-28,3,0,F,T,F,T,?,F,F,F,F,F,F,?,87
Stieglitz,197,2021,2021-04-21,3,0,F,T,T,F,?,F,F,F,F,F,F,?,111
Stieglitz,197,2021,2021-05-15,4,0,F,T,T,F,?,F,F,F,F,F,F,?,135
Stieglitz,197,2021,2021-05-28,1,0,F,T,F,F,?,F,F,F,F,F,F,?,148
Stieglitz,198,2021,2021-03-27,0,0,NA,NA,NA,NA,NA,NA,NA,NA,NA,NA,NA,NA,86
Stieglitz,198,2021,2021-04-24,2,0,F,T,F,F,?,F,F,F,F,F,F,?,114
Stieglitz,198,2021,2021-05-08,0,0,NA,NA,NA,NA,NA,NA,NA,NA,NA,NA,NA,NA,128
Stieglitz,198,2021,2021-05-24,0,0,NA,NA,NA,NA,NA,NA,NA,NA,NA,NA,NA,NA,144
Stieglitz,199,2018,2018-03-11,2,0,F,F,T,F,?,F,F,F,F,F,F,?,70
Stieglitz,199,2018,2018-04-23,1,0,F,F,F,F,?,T,F,F,F,F,F,?,113
Stieglitz,199,2018,2018-05-05,9,0,F,T,T,F,?,T,F,F,F,F,F,?,125
Stieglitz,199,2018,2018-06-14,3,0,F,T,F,F,?,F,F,F,F,F,F,?,165
Stieglitz,199,2020,2020-03-28,7,0,F,T,T,F,?,F,F,F,F,F,F,?,88
Stieglitz,199,2020,2020-04-11,3,0,F,F,T,F,?,F,F,F,F,F,F,?,102
Stieglitz,199,2020,2020-05-07,9,0,F,T,T,F,?,F,F,F,F,F,F,?,128
Stieglitz,199,2020,2020-05-26,7,0,F,T,F,F,?,F,F,F,F,F,F,?,147
Stieglitz,199,2021,2021-03-29,9,0,F,T,T,F,?,F,F,F,F,F,F,?,88
Stieglitz,199,2021,2021-04-11,9,0,F,T,T,F,?,F,F,F,F,F,F,?,101
Stieglitz,199,2021,2021-05-08,8,0,F,T,F,F,?,F,F,F,F,F,F,?,128
Stieglitz,199,2021,2021-06-14,2,0,F,F,T,F,?,F,F,F,F,F,F,?,165
Stieglitz,202,2020,2020-03-14,0,0,NA,NA,NA,NA,NA,NA,NA,NA,NA,NA,NA,NA,74
Stieglitz,202,2020,2020-04-02,0,0,NA,NA,NA,NA,NA,NA,NA,NA,NA,NA,NA,NA,93
Stieglitz,202,2020,2020-05-02,13,0,F,T,T,F,?,F,F,F,F,F,F,?,123
Stieglitz,202,2020,2020-06-20,5,0,F,T,F,F,?,F,F,F,F,F,F,?,172
Stieglitz,202,2021,2021-03-24,0,0,NA,NA,NA,NA,NA,NA,NA,NA,NA,NA,NA,NA,83
Stieglitz,202,2021,2021-04-14,6,0,F,T,T,F,?,F,F,F,F,F,F,?,104
Stieglitz,202,2021,2021-05-13,1,0,F,T,F,F,?,F,F,F,F,F,F,?,133
Stieglitz,202,2021,2021-06-02,1,0,F,F,F,T,?,F,F,F,F,F,F,?,153
Stieglitz,203,2020,2020-03-23,10,0,F,T,T,F,?,F,F,F,F,F,F,?,83
Stieglitz,203,2020,2020-04-22,6,0,F,T,T,F,?,T,F,F,F,F,F,?,113
Stieglitz,203,2020,2020-05-13,6,0,F,T,T,F,?,T,F,F,F,F,F,?,134
Stieglitz,203,2020,2020-06-03,8,0,F,F,T,F,?,F,F,F,F,F,F,?,155
Stieglitz,205,2019,2019-04-16,3,0,F,F,F,F,?,F,F,F,F,F,F,?,106
Stieglitz,205,2019,2019-06-14,1,0,F,F,F,F,?,F,F,F,F,F,F,?,165
Stieglitz,205,2019,2019-03-25,0,0,NA,NA,NA,NA,NA,NA,NA,NA,NA,NA,NA,NA,84
Stieglitz,205,2019,2019-05-16,1,0,F,F,F,F,?,F,F,F,F,F,F,?,136
Stieglitz,205,2020,2020-04-11,0,0,NA,NA,NA,NA,NA,NA,NA,NA,NA,NA,NA,NA,102
Stieglitz,205,2020,2020-05-16,1,0,F,F,T,F,?,F,F,F,F,F,F,?,137
Stieglitz,205,2020,2020-06-18,1,0,F,F,T,F,?,F,F,F,F,F,F,?,170
Stieglitz,205,2021,2021-03-28,3,0,?,T,?,?,?,?,?,?,?,?,?,?,87
Stieglitz,205,2021,2021-04-24,0,0,NA,NA,NA,NA,NA,NA,NA,NA,NA,NA,NA,NA,114
Stieglitz,205,2021,2021-05-15,0,0,NA,NA,NA,NA,NA,NA,NA,NA,NA,NA,NA,NA,135
Stieglitz,205,2021,2021-06-11,2,0,?,T,?,?,?,?,?,?,?,?,?,?,162
Stieglitz,206,2021,2021-03-24,0,0,NA,NA,NA,NA,NA,NA,NA,NA,NA,NA,NA,NA,83
Stieglitz,206,2021,2021-04-26,0,0,NA,NA,NA,NA,NA,NA,NA,NA,NA,NA,NA,NA,116
Stieglitz,206,2021,2021-05-20,2,0,F,T,F,F,?,F,F,F,F,F,F,?,140
Stieglitz,206,2022,2022-03-30,0,0,NA,NA,NA,NA,NA,NA,NA,NA,NA,NA,NA,NA,89
Stieglitz,206,2022,2022-04-21,1,0,F,F,T,F,F,F,F,F,F,F,F,?,111
Stieglitz,206,2022,2022-05-17,0,0,NA,NA,NA,NA,NA,NA,NA,NA,NA,NA,NA,NA,137
Stieglitz,206,2022,2022-06-14,0,0,NA,NA,NA,NA,NA,NA,NA,NA,NA,NA,NA,NA,165
Stieglitz,207,2018,2018-03-24,0,0,NA,NA,NA,NA,NA,NA,NA,NA,NA,NA,NA,NA,83
Stieglitz,207,2018,2018-04-22,5,0,?,T,F,F,?,F,F,F,F,F,F,?,112
Stieglitz,207,2018,2018-05-13,1,0,?,F,F,F,?,F,F,F,F,F,F,?,133
Stieglitz,207,2018,2018-06-09,3,0,?,T,F,F,?,F,F,F,F,F,F,?,160
Stieglitz,207,2020,2020-03-14,9,0,F,T,F,F,?,F,F,F,F,F,F,?,74
Stieglitz,207,2020,2020-04-07,0,0,NA,NA,NA,NA,NA,NA,NA,NA,NA,NA,NA,NA,98
Stieglitz,207,2020,2020-05-09,15,0,F,T,F,F,?,F,F,F,F,F,F,?,130
Stieglitz,207,2020,2020-06-20,7,0,F,T,T,F,?,F,F,F,F,F,F,?,172
Stieglitz,207,2021,2021-03-28,12,0,F,T,F,F,?,F,F,F,F,F,F,?,87
Stieglitz,207,2021,2021-04-24,12,0,F,T,F,F,?,F,F,F,F,F,F,?,114
Stieglitz,207,2021,2021-05-13,10,0,F,T,F,F,?,F,F,F,F,F,F,?,133
Stieglitz,207,2021,2021-06-13,10,0,F,T,F,F,?,F,F,F,F,F,F,?,164
Stieglitz,209,2018,2018-03-10,2,0,?,F,F,F,?,F,F,F,F,F,F,?,69
Stieglitz,209,2018,2018-04-08,1,0,?,T,F,F,?,F,F,F,F,F,F,?,98
Stieglitz,209,2018,2018-05-18,2,0,?,T,F,F,?,F,F,F,F,F,F,?,138
Stieglitz,209,2018,2018-06-09,0,0,NA,NA,NA,NA,NA,NA,NA,NA,NA,NA,NA,NA,160
Stieglitz,209,2021,2021-03-28,0,0,NA,NA,NA,NA,NA,NA,NA,NA,NA,NA,NA,NA,87
Stieglitz,209,2021,2021-04-24,0,0,NA,NA,NA,NA,NA,NA,NA,NA,NA,NA,NA,NA,114
Stieglitz,209,2021,2021-05-09,2,0,F,T,?,?,?,?,F,?,?,?,?,?,129
Stieglitz,209,2021,2021-05-29,0,0,NA,NA,NA,NA,NA,NA,NA,NA,NA,NA,NA,NA,149
Stieglitz,210,2018,2018-03-11,0,0,NA,NA,NA,NA,NA,NA,NA,NA,NA,NA,NA,NA,70
Stieglitz,210,2018,2018-04-01,0,0,NA,NA,NA,NA,NA,NA,NA,NA,NA,NA,NA,NA,91
Stieglitz,210,2018,2018-05-06,1,0,?,F,T,F,?,F,F,F,F,F,F,?,126
Stieglitz,210,2018,2018-06-03,1,0,?,T,F,F,?,F,F,F,F,F,F,?,154
Stieglitz,210,2020,2020-03-15,0,0,NA,NA,NA,NA,NA,NA,NA,NA,NA,NA,NA,NA,75
Stieglitz,210,2020,2020-04-12,4,0,F,F,F,F,?,F,F,F,F,F,F,?,103
Stieglitz,210,2020,2020-05-17,1,0,F,F,F,F,?,F,F,F,F,F,F,?,138
Stieglitz,210,2020,2020-06-21,0,0,NA,NA,NA,NA,NA,NA,NA,NA,NA,NA,NA,NA,173
Stieglitz,210,2021,2021-03-28,2,0,F,T,F,F,?,F,F,F,F,F,F,?,87
Stieglitz,210,2021,2021-04-11,3,0,F,F,F,F,?,F,F,F,F,F,F,?,101
Stieglitz,210,2021,2021-05-09,2,0,F,T,F,F,?,F,F,F,F,F,F,?,129
Stieglitz,211,2018,2018-03-25,4,0,?,T,T,F,?,F,F,F,F,F,F,?,84
Stieglitz,211,2018,2018-04-27,5,0,?,T,T,F,?,F,F,F,F,F,F,?,117
Stieglitz,211,2018,2018-05-19,3,0,?,T,T,F,?,F,F,F,F,F,F,?,139
Stieglitz,211,2018,2018-06-19,9,0,?,T,F,F,?,F,F,F,F,F,F,?,170
Stieglitz,211,2020,2020-03-28,3,0,F,T,T,F,?,F,F,F,F,F,F,?,88
Stieglitz,211,2020,2020-04-19,10,0,F,T,T,F,?,F,F,F,F,F,F,?,110
Stieglitz,211,2020,2020-05-18,5,0,F,T,T,F,?,F,F,F,F,F,F,?,139
Stieglitz,211,2020,2020-06-20,4,0,F,T,F,F,?,F,F,F,F,F,F,?,172
Stieglitz,213,2018,2018-03-27,0,0,NA,NA,NA,NA,NA,NA,NA,NA,NA,NA,NA,NA,86
Stieglitz,213,2018,2018-04-26,2,0,?,F,F,F,?,F,F,F,F,F,F,?,116
Stieglitz,213,2018,2018-05-20,0,0,NA,NA,NA,NA,NA,NA,NA,NA,NA,NA,NA,NA,140
Stieglitz,213,2021,2021-03-29,5,0,F,T,?,?,?,?,F,?,?,?,?,?,88
Stieglitz,213,2021,2021-05-16,1,0,F,T,?,?,?,?,F,?,?,?,?,?,136
Stieglitz,213,2021,2021-06-19,1,0,F,T,?,?,?,?,F,?,?,?,?,?,170
Stieglitz,216,2018,2018-03-25,0,0,NA,NA,NA,NA,NA,NA,NA,NA,NA,NA,NA,NA,84
Stieglitz,216,2018,2018-04-08,0,0,NA,NA,NA,NA,NA,NA,NA,NA,NA,NA,NA,NA,98
Stieglitz,216,2018,2018-05-10,0,0,NA,NA,NA,NA,NA,NA,NA,NA,NA,NA,NA,NA,130
Stieglitz,216,2018,2018-06-03,2,0,F,F,F,F,?,F,F,F,F,F,F,?,154
Stieglitz,216,2020,2020-03-22,0,0,NA,NA,NA,NA,NA,NA,NA,NA,NA,NA,NA,NA,82
Stieglitz,216,2020,2020-04-10,1,0,F,T,F,F,?,F,F,F,F,F,F,?,101
Stieglitz,216,2020,2020-05-09,0,0,NA,NA,NA,NA,NA,NA,NA,NA,NA,NA,NA,NA,130
Stieglitz,216,2020,2020-05-31,0,0,NA,NA,NA,NA,NA,NA,NA,NA,NA,NA,NA,NA,152
Stieglitz,216,2021,2021-03-28,0,0,NA,NA,NA,NA,NA,NA,NA,NA,NA,NA,NA,NA,87
Stieglitz,216,2021,2021-04-25,0,0,NA,NA,NA,NA,NA,NA,NA,NA,NA,NA,NA,NA,115
Stieglitz,216,2021,2021-05-16,0,0,NA,NA,NA,NA,NA,NA,NA,NA,NA,NA,NA,NA,136
Stieglitz,216,2021,2021-06-13,1,0,F,T,?,?,?,?,F,?,?,?,?,?,164
Stieglitz,218,2018,2018-03-24,0,0,NA,NA,NA,NA,NA,NA,NA,NA,NA,NA,NA,NA,83
Stieglitz,218,2018,2018-04-08,13,0,?,T,F,F,?,F,F,F,F,F,F,?,98
Stieglitz,218,2018,2018-05-06,4,0,?,T,F,F,?,F,F,F,F,F,F,?,126
Stieglitz,218,2018,2018-06-21,2,0,?,T,T,F,?,F,F,F,F,F,F,?,172
Stieglitz,218,2020,2020-03-15,9,0,F,T,T,F,?,F,F,F,F,F,F,?,75
Stieglitz,218,2020,2020-04-05,7,0,F,T,F,F,T,F,F,F,F,F,F,?,96
Stieglitz,218,2020,2020-05-03,8,0,F,T,T,F,?,F,F,F,F,F,F,?,124
Stieglitz,218,2020,2020-05-24,6,0,F,T,T,F,?,F,F,F,F,F,F,?,145
Stieglitz,218,2021,2021-03-20,8,0,F,T,F,F,?,F,F,F,F,F,F,?,79
Stieglitz,218,2021,2021-04-04,7,0,F,T,F,F,?,F,F,F,F,F,F,?,94
Stieglitz,218,2021,2021-05-08,12,0,F,T,T,F,?,F,F,F,F,F,F,?,128
Stieglitz,218,2021,2021-05-30,6,0,F,T,T,F,?,F,F,F,F,F,F,?,150
Stieglitz,219,2020,2020-03-28,2,0,F,F,F,F,?,T,F,F,F,F,F,?,88
Stieglitz,219,2020,2020-04-19,2,0,F,T,F,F,?,F,F,F,F,F,F,?,110
Stieglitz,219,2020,2020-05-16,4,0,F,T,F,F,?,F,F,F,F,F,F,?,137
Stieglitz,219,2020,2020-06-13,1,0,F,F,F,F,?,F,F,F,F,F,F,?,165
Stieglitz,219,2021,2021-03-29,3,0,F,T,F,F,?,F,F,F,F,F,F,?,88
Stieglitz,219,2021,2021-04-24,3,0,F,T,F,F,?,F,F,F,F,F,F,?,114
Stieglitz,219,2021,2021-05-08,3,0,F,T,F,F,?,F,F,F,F,F,F,?,128
Stieglitz,219,2021,2021-05-30,2,0,F,T,F,F,?,F,F,F,F,F,F,?,150
Stieglitz,220,2020,2020-03-31,6,0,F,T,T,F,?,F,F,F,F,F,F,?,91
Stieglitz,220,2020,2020-04-26,9,0,F,T,F,F,?,F,F,F,F,T,F,?,117
Stieglitz,220,2020,2020-05-17,4,0,F,T,T,F,?,F,F,F,F,F,F,?,138
Stieglitz,220,2020,2020-06-20,4,0,F,T,T,F,?,F,F,F,F,F,F,?,172
Stieglitz,220,2021,2021-03-28,1,0,F,T,?,?,?,?,F,?,?,?,?,?,87
Stieglitz,220,2021,2021-04-25,8,0,F,T,?,?,?,?,F,?,?,?,?,?,115
Stieglitz,220,2021,2021-05-20,6,0,F,T,?,?,?,?,F,?,?,?,?,?,140
Stieglitz,220,2021,2021-06-20,6,0,F,T,?,?,?,?,F,?,?,?,?,?,171
Stieglitz,221,2019,2019-03-24,2,0,F,F,F,F,?,T,F,F,F,F,F,?,83
Stieglitz,221,2019,2019-04-21,0,0,NA,NA,NA,NA,NA,NA,NA,NA,NA,NA,NA,NA,111
Stieglitz,221,2019,2019-05-18,2,0,F,T,F,F,?,F,F,F,F,F,F,?,138
Stieglitz,221,2019,2019-06-16,1,0,F,F,F,F,?,T,F,F,F,F,F,?,167
Stieglitz,221,2019,2019-06-17,0,0,NA,NA,NA,NA,NA,NA,NA,NA,NA,NA,NA,NA,168
Stieglitz,221,2020,2020-03-27,0,0,NA,NA,NA,NA,NA,NA,NA,NA,NA,NA,NA,NA,87
Stieglitz,221,2020,2020-04-26,2,0,F,F,F,F,?,T,F,F,F,F,F,?,117
Stieglitz,221,2020,2020-05-17,1,0,F,F,F,F,?,F,F,F,F,F,F,?,138
Stieglitz,221,2020,2020-06-20,1,0,F,F,F,F,?,T,F,F,F,F,F,?,172
Stieglitz,221,2021,2021-03-28,0,0,NA,NA,NA,NA,NA,NA,NA,NA,NA,NA,NA,NA,87
Stieglitz,221,2021,2021-04-25,0,0,NA,NA,NA,NA,NA,NA,NA,NA,NA,NA,NA,NA,115
Stieglitz,221,2021,2021-05-20,1,0,?,T,F,F,?,F,F,?,F,F,F,?,140
Stieglitz,221,2021,2021-06-13,1,0,?,T,F,F,?,F,F,?,F,F,F,?,164
Stieglitz,221,2022,2022-03-20,0,0,NA,NA,NA,NA,NA,NA,NA,NA,NA,NA,NA,NA,79
Stieglitz,221,2022,2022-04-18,2,0,F,T,F,F,?,F,F,F,F,F,F,?,108
Stieglitz,221,2022,2022-05-08,0,0,NA,NA,NA,NA,NA,NA,NA,NA,NA,NA,NA,NA,128
Stieglitz,221,2022,2022-05-26,2,0,F,F,F,F,?,F,F,F,F,F,F,?,146
Stieglitz,221,2023,2023-03-22,0,0,NA,NA,NA,NA,NA,NA,NA,NA,NA,NA,NA,NA,81
Stieglitz,221,2023,2023-04-22,2,0,F,T,F,F,F,F,F,F,F,F,F,?,112
Stieglitz,221,2023,2023-05-13,2,0,F,T,F,F,F,T,F,F,F,F,F,?,133
Stieglitz,221,2023,2023-06-11,4,0,F,T,T,F,F,T,F,F,F,F,F,?,162
Stieglitz,226,2018,2018-04-09,4,0,F,F,F,F,?,F,F,F,F,F,F,?,99
Stieglitz,226,2018,2018-04-24,0,0,NA,NA,NA,NA,NA,NA,NA,NA,NA,NA,NA,NA,114
Stieglitz,226,2018,2018-05-18,0,0,NA,NA,NA,NA,NA,NA,NA,NA,NA,NA,NA,NA,138
Stieglitz,226,2018,2018-05-26,0,0,NA,NA,NA,NA,NA,NA,NA,NA,NA,NA,NA,NA,146
Stieglitz,226,2020,2020-03-20,0,0,NA,NA,NA,NA,NA,NA,NA,NA,NA,NA,NA,NA,80
Stieglitz,226,2020,2020-04-11,1,0,F,T,F,F,?,F,F,F,F,F,F,?,102
Stieglitz,226,2020,2020-05-03,1,0,F,F,T,F,?,F,F,F,F,F,F,?,124
Stieglitz,226,2020,2020-05-22,0,0,NA,NA,NA,NA,NA,NA,NA,NA,NA,NA,NA,NA,143
Stieglitz,226,2021,2021-03-23,2,0,F,F,F,F,?,F,?,F,F,F,F,?,82
Stieglitz,226,2021,2021-04-11,0,0,NA,NA,NA,NA,NA,NA,NA,NA,NA,NA,NA,NA,101
Stieglitz,226,2021,2021-05-01,2,0,F,T,F,F,?,F,?,F,F,F,F,?,121
Stieglitz,226,2021,2021-05-27,1,0,F,T,F,F,?,F,?,F,F,F,F,?,147
Stieglitz,227,2018,2018-03-25,0,0,NA,NA,NA,NA,NA,NA,NA,NA,NA,NA,NA,NA,84
Stieglitz,227,2018,2018-04-21,1,0,F,F,F,F,?,F,F,F,F,F,F,?,111
Stieglitz,227,2018,2018-05-19,1,0,F,F,F,F,?,F,F,F,F,F,F,?,139
Stieglitz,227,2018,2018-06-24,2,0,F,F,F,F,?,F,F,F,F,F,F,?,175
Stieglitz,227,2020,2020-03-15,2,0,F,F,F,F,?,F,F,F,F,F,F,?,75
Stieglitz,227,2020,2020-04-09,2,0,F,F,F,F,?,F,F,F,F,F,F,?,100
Stieglitz,227,2020,2020-05-09,1,0,F,F,F,F,?,F,F,F,F,F,F,?,130
Stieglitz,227,2020,2020-05-22,1,0,F,F,F,F,?,F,F,F,F,F,F,?,143
Stieglitz,227,2021,2021-03-20,0,0,NA,NA,NA,NA,NA,NA,NA,NA,NA,NA,NA,NA,79
Stieglitz,227,2021,2021-04-24,4,0,F,?,?,?,?,?,F,?,?,?,?,?,114
Stieglitz,227,2021,2021-05-08,4,0,F,T,?,?,?,T,F,?,?,?,?,?,128
Stieglitz,227,2021,2021-05-22,4,0,F,T,?,?,?,?,F,?,?,?,?,?,142
Stieglitz,230,2018,2018-03-27,0,0,NA,NA,NA,NA,NA,NA,NA,NA,NA,NA,NA,NA,86
Stieglitz,230,2018,2018-04-02,0,0,NA,NA,NA,NA,NA,NA,NA,NA,NA,NA,NA,NA,92
Stieglitz,230,2018,2018-05-19,1,0,F,T,F,F,?,F,F,F,F,F,F,?,139
Stieglitz,230,2018,2018-06-18,0,0,NA,NA,NA,NA,NA,NA,NA,NA,NA,NA,NA,NA,169
Stieglitz,230,2021,2021-03-28,0,0,NA,NA,NA,NA,NA,NA,NA,NA,NA,NA,NA,NA,87
Stieglitz,230,2021,2021-04-17,2,0,F,T,F,F,?,F,F,F,F,F,F,?,107
Stieglitz,230,2021,2021-05-08,0,0,NA,NA,NA,NA,NA,NA,NA,NA,NA,NA,NA,NA,128
Stieglitz,230,2021,2021-05-24,0,0,NA,NA,NA,NA,NA,NA,NA,NA,NA,NA,NA,NA,144
Stieglitz,235,2021,2021-03-31,1,0,F,T,?,?,?,?,F,?,?,?,?,?,90
Stieglitz,235,2021,2021-04-15,2,0,F,T,?,?,?,?,F,?,?,?,?,?,105
Stieglitz,235,2021,2021-05-13,0,0,NA,NA,NA,NA,NA,NA,NA,NA,NA,NA,NA,NA,133
Stieglitz,235,2021,2021-05-30,0,0,NA,NA,NA,NA,NA,NA,NA,NA,NA,NA,NA,NA,150
Stieglitz,237,2020,2020-03-29,1,0,F,T,F,F,?,F,F,F,F,F,F,?,89
Stieglitz,237,2020,2020-04-10,1,0,F,T,F,F,?,F,F,F,F,F,F,?,101
Stieglitz,237,2020,2020-05-03,2,0,F,F,F,F,?,F,F,F,F,F,F,?,124
Stieglitz,237,2020,2020-06-13,4,0,F,T,F,F,?,F,F,F,F,F,F,?,165
Stieglitz,238,2019,2019-03-20,1,0,F,F,T,F,?,F,F,F,F,F,F,?,79
Stieglitz,238,2019,2019-04-15,0,0,NA,NA,NA,NA,NA,NA,NA,NA,NA,NA,NA,NA,105
Stieglitz,238,2019,2019-05-17,0,0,NA,NA,NA,NA,NA,NA,NA,NA,NA,NA,NA,NA,137
Stieglitz,238,2019,2019-06-02,0,0,NA,NA,NA,NA,NA,NA,NA,NA,NA,NA,NA,NA,153
Stieglitz,238,2020,2020-03-19,0,0,NA,NA,NA,NA,NA,NA,NA,NA,NA,NA,NA,NA,79
Stieglitz,238,2020,2020-04-11,6,0,F,F,F,F,?,F,F,F,F,F,F,?,102
Stieglitz,238,2020,2020-05-11,0,0,NA,NA,NA,NA,NA,NA,NA,NA,NA,NA,NA,NA,132
Stieglitz,238,2020,2020-06-08,0,0,NA,NA,NA,NA,NA,NA,NA,NA,NA,NA,NA,NA,160
Stieglitz,238,2021,2021-03-29,0,0,NA,NA,NA,NA,NA,NA,NA,NA,NA,NA,NA,NA,88
Stieglitz,238,2021,2021-04-20,3,0,?,T,F,F,?,F,F,?,F,F,F,?,110
Stieglitz,238,2021,2021-05-10,1,0,?,T,F,F,?,F,F,?,F,F,F,?,130
Stieglitz,238,2021,2021-06-03,0,0,NA,NA,NA,NA,NA,NA,NA,NA,NA,NA,NA,NA,154
Stieglitz,238,2023,2023-03-18,0,0,NA,NA,NA,NA,NA,NA,NA,NA,NA,NA,NA,NA,77
Stieglitz,238,2023,2023-04-14,0,0,NA,NA,NA,NA,NA,NA,NA,NA,NA,NA,NA,NA,104
Stieglitz,238,2023,2023-05-07,0,0,NA,NA,NA,NA,NA,NA,NA,NA,NA,NA,NA,NA,127
Stieglitz,238,2023,2023-06-05,1,0,F,T,F,F,F,F,F,F,F,F,F,?,156
Stieglitz,241,2019,2019-03-23,1,0,F,T,F,F,?,F,F,F,F,F,F,?,82
Stieglitz,241,2019,2019-04-18,5,0,F,T,F,F,?,F,F,F,F,F,F,?,108
Stieglitz,241,2019,2019-05-10,0,0,NA,NA,NA,NA,NA,NA,NA,NA,NA,NA,NA,NA,130
Stieglitz,241,2019,2019-06-06,2,0,F,T,F,F,?,F,F,F,F,F,F,?,157
Stieglitz,241,2020,2020-03-24,0,0,NA,NA,NA,NA,NA,NA,NA,NA,NA,NA,NA,NA,84
Stieglitz,241,2020,2020-04-17,0,0,NA,NA,NA,NA,NA,NA,NA,NA,NA,NA,NA,NA,108
Stieglitz,241,2020,2020-05-08,4,0,F,T,F,F,?,F,F,F,F,F,F,?,129
Stieglitz,241,2020,2020-06-03,5,0,F,T,T,F,?,F,F,F,F,F,F,?,155
Stieglitz,241,2021,2021-03-25,1,0,?,T,F,F,?,F,F,?,F,F,F,?,84
Stieglitz,241,2021,2021-04-23,4,0,?,T,F,F,?,F,F,?,F,F,F,?,113
Stieglitz,241,2021,2021-05-18,6,0,?,T,F,F,?,F,F,?,F,F,F,?,138
Stieglitz,241,2021,2021-06-09,2,0,?,T,F,F,?,F,F,?,F,F,F,?,160
Stieglitz,241,2022,2022-03-18,1,0,F,T,F,F,?,F,F,F,F,F,F,?,77
Stieglitz,241,2022,2022-04-21,2,0,F,T,F,F,?,F,F,F,F,F,F,?,111
Stieglitz,241,2022,2022-05-18,1,0,F,T,F,F,?,F,F,F,F,F,F,?,138
Stieglitz,241,2022,2022-06-10,2,0,F,T,T,F,?,F,F,F,F,F,F,?,161
Stieglitz,241,2023,2023-03-22,3,0,F,T,F,F,F,T,F,F,F,F,F,?,81
Stieglitz,241,2023,2023-04-22,3,0,F,T,F,F,F,F,F,F,F,F,F,?,112
Stieglitz,241,2023,2023-05-07,3,0,F,T,F,F,F,F,F,F,F,F,F,?,127
Stieglitz,241,2023,2023-06-10,1,0,F,T,F,F,F,F,F,F,F,F,F,?,161
Stieglitz,246,2019,2019-03-23,0,0,NA,NA,NA,NA,NA,NA,NA,NA,NA,NA,NA,NA,82
Stieglitz,246,2019,2019-04-23,0,0,NA,NA,NA,NA,NA,NA,NA,NA,NA,NA,NA,NA,113
Stieglitz,246,2019,2019-05-13,0,0,NA,NA,NA,NA,NA,NA,NA,NA,NA,NA,NA,NA,133
Stieglitz,246,2019,2019-06-18,1,0,F,F,F,F,?,F,F,F,F,F,T,?,169
Stieglitz,246,2019,2019-06-16,0,0,NA,NA,NA,NA,NA,NA,NA,NA,NA,NA,NA,NA,167
Stieglitz,246,2021,2021-03-29,0,0,NA,NA,NA,NA,NA,NA,NA,NA,NA,NA,NA,NA,88
Stieglitz,246,2021,2021-04-26,0,0,NA,NA,NA,NA,NA,NA,NA,NA,NA,NA,NA,NA,116
Stieglitz,246,2021,2021-05-16,0,0,NA,NA,NA,NA,NA,NA,NA,NA,NA,NA,NA,NA,136
Stieglitz,246,2021,2021-06-16,1,0,?,T,F,F,?,F,F,?,F,F,F,?,167
Stieglitz,246,2022,2022-03-21,0,0,NA,NA,NA,NA,NA,NA,NA,NA,NA,NA,NA,NA,80
Stieglitz,246,2022,2022-04-11,0,0,NA,NA,NA,NA,NA,NA,NA,NA,NA,NA,NA,NA,101
Stieglitz,246,2022,2022-05-10,4,0,F,T,F,F,?,T,F,F,F,F,F,?,130
Stieglitz,246,2022,2022-06-02,0,0,NA,NA,NA,NA,NA,NA,NA,NA,NA,NA,NA,NA,153
Stieglitz,248,2019,2019-03-14,0,0,NA,NA,NA,NA,NA,NA,NA,NA,NA,NA,NA,NA,73
Stieglitz,248,2019,2019-04-24,0,0,NA,NA,NA,NA,NA,NA,NA,NA,NA,NA,NA,NA,114
Stieglitz,248,2019,2019-05-12,1,0,?,?,T,?,?,?,?,?,?,?,?,?,132
Stieglitz,248,2019,2019-05-29,2,0,?,?,T,?,?,?,?,?,?,?,?,?,149
Stieglitz,248,2020,2020-03-20,0,0,NA,NA,NA,NA,NA,NA,NA,NA,NA,NA,NA,NA,80
Stieglitz,248,2020,2020-04-14,0,0,NA,NA,NA,NA,NA,NA,NA,NA,NA,NA,NA,NA,105
Stieglitz,248,2020,2020-05-12,0,0,NA,NA,NA,NA,NA,NA,NA,NA,NA,NA,NA,NA,133
Stieglitz,248,2020,2020-06-05,1,0,F,F,T,F,F,F,F,F,F,F,F,?,157
Stieglitz,248,2021,2021-03-22,0,0,NA,NA,NA,NA,NA,NA,NA,NA,NA,NA,NA,NA,81
Stieglitz,248,2021,2021-04-16,2,0,?,?,T,?,?,?,?,?,?,?,?,?,106
Stieglitz,248,2021,2021-05-13,1,0,?,?,T,?,?,?,?,?,?,?,?,?,133
Stieglitz,248,2021,2021-05-31,1,0,?,T,?,?,?,?,?,?,?,?,?,?,151
Stieglitz,248,2022,2022-03-18,1,0,F,F,T,F,F,F,F,F,F,F,F,?,77
Stieglitz,248,2022,2022-04-07,0,0,NA,NA,NA,NA,NA,NA,NA,NA,NA,NA,NA,NA,97
Stieglitz,248,2022,2022-05-06,0,0,NA,NA,NA,NA,NA,NA,NA,NA,NA,NA,NA,NA,126
Stieglitz,248,2022,2022-06-09,0,0,NA,NA,NA,NA,NA,NA,NA,NA,NA,NA,NA,NA,160
Stieglitz,251,2021,2021-03-25,1,0,?,?,T,?,?,?,?,?,?,?,?,?,84
Stieglitz,251,2021,2021-04-24,5,0,?,T,T,?,?,T,?,?,?,?,?,?,114
Stieglitz,251,2021,2021-05-10,1,0,?,T,?,?,?,?,?,?,?,?,?,?,130
Stieglitz,251,2021,2021-06-05,1,1,T,?,?,?,?,T,?,?,?,?,?,?,156
Stieglitz,252,2018,2018-03-23,5,0,F,F,F,F,?,T,F,F,F,F,F,?,82
Stieglitz,252,2018,2018-05-14,1,0,F,T,F,F,?,F,F,F,F,F,F,?,134
Stieglitz,252,2018,2018-06-20,0,0,NA,NA,NA,NA,NA,NA,NA,NA,NA,NA,NA,NA,171
Stieglitz,252,2020,2020-03-19,9,0,F,T,F,F,?,F,F,F,F,F,F,?,79
Stieglitz,252,2020,2020-04-25,9,0,T,T,F,F,?,T,F,F,F,F,F,?,116
Stieglitz,252,2020,2020-05-20,10,0,T,T,F,F,?,F,F,F,F,F,T,?,141
Stieglitz,252,2020,2020-06-15,6,0,F,T,T,F,?,T,F,F,F,F,F,?,167
Stieglitz,252,2021,2021-03-29,7,0,F,T,F,F,?,T,F,F,F,F,F,?,88
Stieglitz,252,2021,2021-04-19,8,0,F,T,F,F,T,T,F,F,F,F,F,?,109
Stieglitz,252,2021,2021-05-20,2,0,F,T,F,F,?,F,F,F,F,F,F,?,140
Stieglitz,252,2021,2021-06-17,9,0,F,T,T,F,?,F,F,F,F,F,F,?,168
Stieglitz,253,2021,2021-03-29,1,0,?,T,?,?,?,?,?,?,?,?,?,?,88
Stieglitz,253,2021,2021-04-27,4,0,?,T,?,?,?,?,?,?,?,?,?,?,117
Stieglitz,253,2021,2021-05-29,5,0,?,T,T,?,?,T,?,?,?,?,?,?,149
Stieglitz,253,2021,2021-06-27,2,0,?,T,?,?,?,?,?,?,?,?,?,?,178
Stieglitz,254,2020,2020-04-04,2,0,F,T,F,F,?,F,F,F,F,F,F,?,95
Stieglitz,254,2020,2020-04-13,2,0,F,T,F,F,?,F,F,F,F,F,F,?,104
Stieglitz,254,2020,2020-05-10,1,0,F,T,F,F,?,F,F,F,F,F,F,?,131
Stieglitz,254,2020,2020-06-13,1,0,F,T,F,F,?,F,F,F,F,F,F,?,165
Stieglitz,254,2021,2021-03-27,0,0,NA,NA,NA,NA,NA,NA,NA,NA,NA,NA,NA,NA,86
Stieglitz,254,2021,2021-04-24,3,0,F,T,?,?,?,?,F,?,?,?,?,?,114
Stieglitz,254,2021,2021-05-08,1,0,F,T,?,?,?,?,F,?,?,?,?,?,128
Stieglitz,254,2021,2021-06-12,1,0,F,?,?,?,?,T,F,?,?,?,?,?,163
Stieglitz,255,2020,2020-03-27,0,0,NA,NA,NA,NA,NA,NA,NA,NA,NA,NA,NA,NA,87
Stieglitz,255,2020,2020-04-19,2,0,F,T,F,F,?,F,F,F,F,F,F,?,110
Stieglitz,255,2020,2020-05-04,6,0,F,T,F,F,?,F,F,F,F,F,F,?,125
Stieglitz,255,2020,2020-06-02,5,0,F,F,F,F,?,F,F,F,F,F,F,?,154
Stieglitz,255,2021,2021-03-22,0,0,NA,NA,NA,NA,NA,NA,NA,NA,NA,NA,NA,NA,81
Stieglitz,255,2021,2021-04-14,5,0,?,T,?,?,?,?,?,?,?,?,?,?,104
Stieglitz,255,2021,2021-05-10,2,0,?,T,?,?,?,?,?,?,?,?,?,?,130
Stieglitz,255,2021,2021-06-01,13,0,?,T,?,?,?,?,?,?,?,?,?,?,152
Stieglitz,255,2022,2022-03-30,5,0,F,T,F,F,F,F,F,F,F,F,F,?,89
Stieglitz,255,2022,2022-04-20,1,0,F,F,T,F,F,F,F,F,F,F,F,?,110
Stieglitz,255,2022,2022-05-11,0,0,NA,NA,NA,NA,NA,NA,NA,NA,NA,NA,NA,NA,131
Stieglitz,255,2022,2022-06-01,0,0,NA,NA,NA,NA,NA,NA,NA,NA,NA,NA,NA,NA,152
Stieglitz,255,2023,2023-03-22,0,0,NA,NA,NA,NA,NA,NA,NA,NA,NA,NA,NA,NA,81
Stieglitz,255,2023,2023-04-17,0,0,NA,NA,NA,NA,NA,NA,NA,NA,NA,NA,NA,NA,107
Stieglitz,255,2023,2023-05-10,1,0,F,F,F,F,F,T,F,F,F,F,F,?,130
Stieglitz,255,2023,2023-06-12,0,0,NA,NA,NA,NA,NA,NA,NA,NA,NA,NA,NA,NA,163
Stieglitz,256,2020,2020-03-23,1,0,F,T,F,F,?,F,F,F,F,F,F,?,83
Stieglitz,256,2020,2020-04-19,1,0,F,F,F,F,?,F,F,F,F,F,F,?,110
Stieglitz,256,2020,2020-05-09,4,0,F,F,F,F,?,F,F,F,F,F,F,?,130
Stieglitz,256,2020,2020-06-02,0,0,NA,NA,NA,NA,NA,NA,NA,NA,NA,NA,NA,NA,154
Stieglitz,256,2021,2021-03-22,0,0,NA,NA,NA,NA,NA,NA,NA,NA,NA,NA,NA,NA,81
Stieglitz,256,2021,2021-04-14,0,0,NA,NA,NA,NA,NA,NA,NA,NA,NA,NA,NA,NA,104
Stieglitz,256,2021,2021-05-08,0,0,NA,NA,NA,NA,NA,NA,NA,NA,NA,NA,NA,NA,128
Stieglitz,256,2021,2021-05-31,1,0,?,T,?,?,?,?,?,?,?,?,?,?,151
Stieglitz,256,2022,2022-03-28,2,0,F,T,F,F,F,T,F,F,F,F,F,?,87
Stieglitz,256,2022,2022-04-19,0,0,NA,NA,NA,NA,NA,NA,NA,NA,NA,NA,NA,NA,109
Stieglitz,256,2022,2022-05-02,1,0,F,F,F,F,F,T,F,F,F,F,F,?,122
Stieglitz,256,2022,2022-06-02,4,0,F,T,F,F,F,F,F,F,F,F,F,?,153
Stieglitz,256,2023,2023-03-20,0,0,NA,NA,NA,NA,NA,NA,NA,NA,NA,NA,NA,NA,79
Stieglitz,256,2023,2023-04-11,1,0,F,F,T,F,F,F,F,F,F,F,F,?,101
Stieglitz,256,2023,2023-05-08,3,0,F,T,F,F,F,T,F,F,F,F,F,?,128
Stieglitz,256,2023,2023-06-05,0,0,NA,NA,NA,NA,NA,NA,NA,NA,NA,NA,NA,NA,156
Stieglitz,257,2018,2018-03-14,0,0,NA,NA,NA,NA,NA,NA,NA,NA,NA,NA,NA,NA,73
Stieglitz,257,2018,2018-04-06,0,0,NA,NA,NA,NA,NA,NA,NA,NA,NA,NA,NA,NA,96
Stieglitz,257,2018,2018-05-02,1,0,?,T,F,F,?,F,F,F,F,F,F,?,122
Stieglitz,257,2018,2018-05-30,0,0,NA,NA,NA,NA,NA,NA,NA,NA,NA,NA,NA,NA,150
Stieglitz,257,2020,2020-03-17,0,0,NA,NA,NA,NA,NA,NA,NA,NA,NA,NA,NA,NA,77
Stieglitz,257,2020,2020-04-05,0,0,NA,NA,NA,NA,NA,NA,NA,NA,NA,NA,NA,NA,96
Stieglitz,257,2020,2020-04-18,0,0,NA,NA,NA,NA,NA,NA,NA,NA,NA,NA,NA,NA,109
Stieglitz,257,2020,2020-05-31,6,0,F,F,F,F,?,F,F,F,F,F,F,?,152
Stieglitz,258,2020,2020-03-19,0,0,NA,NA,NA,NA,NA,NA,NA,NA,NA,NA,NA,NA,79
Stieglitz,258,2020,2020-04-25,0,0,NA,NA,NA,NA,NA,NA,NA,NA,NA,NA,NA,NA,116
Stieglitz,258,2020,2020-05-20,4,0,F,T,F,F,?,F,F,F,F,F,F,?,141
Stieglitz,258,2020,2020-06-15,0,0,NA,NA,NA,NA,NA,NA,NA,NA,NA,NA,NA,NA,167
Stieglitz,259,2020,2020-03-20,0,0,NA,NA,NA,NA,NA,NA,NA,NA,NA,NA,NA,NA,80
Stieglitz,259,2020,2020-04-17,3,0,F,T,F,F,?,T,F,F,F,F,F,?,108
Stieglitz,259,2020,2020-05-09,5,0,F,T,F,F,?,T,F,F,F,F,F,?,130
Stieglitz,259,2020,2020-05-29,10,0,F,T,F,F,?,T,F,F,F,F,T,?,150
Stieglitz,259,2021,2021-03-24,1,0,?,T,?,?,?,?,?,?,?,?,?,?,83
Stieglitz,259,2021,2021-04-15,11,0,?,T,?,?,?,?,?,?,?,?,?,?,105
Stieglitz,259,2021,2021-05-14,2,0,?,T,?,?,?,T,?,?,?,?,?,?,134
Stieglitz,259,2021,2021-06-02,5,0,?,?,?,?,?,?,?,?,?,?,?,?,153
Stieglitz,259,2022,2022-03-30,0,0,NA,NA,NA,NA,NA,NA,NA,NA,NA,NA,NA,NA,89
Stieglitz,259,2022,2022-04-19,6,0,F,F,F,F,F,F,F,F,F,F,F,?,109
Stieglitz,259,2022,2022-05-12,1,0,F,F,F,F,F,T,F,F,F,F,F,?,132
Stieglitz,259,2022,2022-06-15,1,0,F,F,T,F,F,F,F,F,F,F,F,?,166
Stieglitz,259,2023,2023-03-21,0,0,NA,NA,NA,NA,NA,NA,NA,NA,NA,NA,NA,NA,80
Stieglitz,259,2023,2023-04-13,1,0,F,T,F,F,F,F,F,F,F,F,F,?,103
Stieglitz,259,2023,2023-05-09,2,0,F,T,F,F,F,F,F,F,F,F,F,?,129
Stieglitz,259,2023,2023-06-06,4,0,F,T,F,F,F,T,F,F,F,F,F,?,157
Stieglitz,261,2021,2021-03-26,10,10,T,?,?,?,?,?,F,?,?,?,?,?,85
Stieglitz,261,2021,2021-04-23,5,0,F,T,?,?,?,?,F,?,?,?,?,?,113
Stieglitz,261,2021,2021-05-13,4,0,F,T,?,?,?,?,F,?,?,?,?,?,133
Stieglitz,261,2021,2021-06-13,7,0,F,T,?,?,?,?,F,?,?,?,?,?,164
Stieglitz,263,2018,2018-03-29,0,0,NA,NA,NA,NA,NA,NA,NA,NA,NA,NA,NA,NA,88
Stieglitz,263,2018,2018-04-11,1,0,F,T,F,F,?,F,F,F,F,F,F,?,101
Stieglitz,263,2018,2018-04-15,0,0,NA,NA,NA,NA,NA,NA,NA,NA,NA,NA,NA,NA,105
Stieglitz,263,2018,2018-06-03,1,0,F,F,T,F,?,T,F,F,F,F,F,?,154
Stieglitz,263,2020,2020-03-22,1,0,F,F,F,F,?,T,F,F,F,F,F,?,82
Stieglitz,263,2020,2020-04-19,2,0,F,T,F,F,?,T,F,F,F,F,F,?,110
Stieglitz,263,2020,2020-05-14,1,0,F,T,F,F,?,F,F,F,F,F,F,?,135
Stieglitz,263,2020,2020-06-07,1,0,F,F,F,F,?,F,F,F,F,F,F,?,159
Stieglitz,263,2021,2021-03-30,2,0,F,?,?,?,?,T,F,?,?,?,?,?,89
Stieglitz,263,2021,2021-04-17,0,0,NA,NA,NA,NA,NA,NA,NA,NA,NA,NA,NA,NA,107
Stieglitz,263,2021,2021-06-04,2,0,F,T,?,?,?,T,F,?,?,?,?,?,155
Stieglitz,265,2021,2021-03-27,6,6,T,?,?,?,?,?,F,?,?,?,?,?,86
Stieglitz,265,2021,2021-04-24,2,0,F,?,?,?,?,?,F,?,?,?,?,?,114
Stieglitz,265,2021,2021-05-15,2,0,F,?,?,?,?,?,F,?,?,?,?,?,135
Stieglitz,265,2021,2021-06-19,4,0,T,T,?,?,?,?,F,?,?,?,?,?,170
Stieglitz,266,2018,2018-03-24,0,0,NA,NA,NA,NA,NA,NA,NA,NA,NA,NA,NA,NA,83
Stieglitz,266,2018,2018-04-07,3,0,F,F,F,F,?,F,F,F,F,F,F,?,97
Stieglitz,266,2018,2018-05-15,4,0,F,T,F,F,?,F,F,F,F,F,F,?,135
Stieglitz,266,2018,2018-06-06,0,0,NA,NA,NA,NA,NA,NA,NA,NA,NA,NA,NA,NA,157
Stieglitz,266,2020,2020-03-20,0,0,NA,NA,NA,NA,NA,NA,NA,NA,NA,NA,NA,NA,80
Stieglitz,266,2020,2020-04-18,3,0,F,T,F,F,?,T,F,F,F,F,F,?,109
Stieglitz,266,2020,2020-05-16,9,0,T,T,T,F,?,T,F,F,F,F,F,?,137
Stieglitz,266,2020,2020-06-08,9,9,T,T,T,F,?,F,F,F,F,F,F,?,160
Stieglitz,266,2021,2021-03-24,0,0,NA,NA,NA,NA,NA,NA,NA,NA,NA,NA,NA,NA,83
Stieglitz,266,2021,2021-04-15,3,0,F,?,?,?,?,T,F,?,?,?,?,?,105
Stieglitz,266,2021,2021-05-13,0,0,NA,NA,NA,NA,NA,NA,NA,NA,NA,NA,NA,NA,133
Stieglitz,266,2021,2021-06-10,8,0,F,?,?,?,?,?,F,?,?,?,?,?,161
Stieglitz,272,2019,2019-03-25,0,0,NA,NA,NA,NA,NA,NA,NA,NA,NA,NA,NA,NA,84
Stieglitz,272,2019,2019-04-14,0,0,NA,NA,NA,NA,NA,NA,NA,NA,NA,NA,NA,NA,104
Stieglitz,272,2019,2019-05-07,1,0,F,F,T,F,?,F,F,F,F,F,F,?,127
Stieglitz,272,2019,2019-06-03,1,0,F,F,T,F,?,F,F,F,F,F,F,?,154
Stieglitz,272,2021,2021-03-24,0,0,NA,NA,NA,NA,NA,NA,NA,NA,NA,NA,NA,NA,83
Stieglitz,272,2021,2021-05-20,5,0,F,F,T,F,?,F,F,F,F,F,F,?,140
Stieglitz,272,2021,2021-06-16,1,0,F,F,T,F,?,F,F,F,F,F,F,?,167
Stieglitz,272,2021,2021-04-21,0,0,NA,NA,NA,NA,NA,NA,NA,NA,NA,NA,NA,NA,111
Stieglitz,272,2022,2022-03-23,0,0,NA,NA,NA,NA,NA,NA,NA,NA,NA,NA,NA,NA,82
Stieglitz,272,2022,2022-05-10,2,0,F,T,F,F,F,F,F,F,F,F,F,?,130
Stieglitz,272,2022,2022-06-08,0,0,NA,NA,NA,NA,NA,NA,NA,NA,NA,NA,NA,NA,159
Stieglitz,272,2022,2022-04-20,1,0,F,F,T,F,F,F,F,F,F,F,F,?,110
Stieglitz,273,2019,2019-03-19,5,0,F,T,F,F,?,F,F,F,T,F,F,?,78
Stieglitz,273,2019,2019-04-22,9,0,F,T,F,F,?,F,F,F,F,F,F,?,112
Stieglitz,273,2019,2019-05-30,6,0,F,T,F,F,?,F,F,F,F,F,F,?,150
Stieglitz,273,2019,2019-06-18,7,0,F,T,F,F,?,F,F,F,F,F,F,?,169
Stieglitz,273,2020,2020-03-25,2,0,F,F,T,F,?,F,F,F,F,F,F,?,85
Stieglitz,273,2020,2020-04-22,3,0,F,F,T,F,?,F,F,F,F,F,F,?,113
Stieglitz,273,2020,2020-05-20,3,0,F,T,T,F,?,F,F,F,F,F,F,?,141
Stieglitz,273,2020,2020-06-18,3,0,F,F,T,F,?,F,F,F,F,F,F,?,170
Stieglitz,273,2021,2021-03-30,2,0,F,F,F,F,?,F,F,F,F,F,F,?,89
Stieglitz,273,2021,2021-04-25,1,0,F,F,F,F,?,F,F,F,F,F,F,?,115
Stieglitz,273,2021,2021-05-12,3,0,F,T,F,F,?,F,F,F,F,F,F,?,132
Stieglitz,273,2021,2021-06-09,13,0,F,F,T,F,?,F,F,F,F,F,F,?,160
Stieglitz,273,2022,2022-03-31,1,0,F,T,F,F,F,F,F,F,F,F,F,?,90
Stieglitz,273,2022,2022-04-22,4,0,F,T,F,F,F,F,F,F,F,F,F,?,112
Stieglitz,273,2022,2022-05-20,2,0,F,T,F,F,F,F,F,F,F,F,F,?,140
Stieglitz,273,2022,2022-06-16,6,0,F,T,T,F,F,F,F,F,F,F,F,?,167
Stieglitz,273,2023,2023-03-29,1,0,F,T,F,F,F,F,F,F,F,F,F,?,88
Stieglitz,273,2023,2023-04-20,6,0,F,T,T,F,F,F,F,F,F,F,F,?,110
Stieglitz,273,2023,2023-05-18,7,0,F,T,F,F,F,F,F,F,F,F,F,?,138
Stieglitz,273,2023,2023-06-20,7,0,F,T,T,F,F,F,F,F,F,F,F,?,171
Stieglitz,274,2019,2019-03-25,0,0,NA,NA,NA,NA,NA,NA,NA,NA,NA,NA,NA,NA,84
Stieglitz,274,2019,2019-04-18,8,0,F,F,F,F,?,F,F,F,F,F,F,?,108
Stieglitz,274,2019,2019-05-24,1,0,F,F,T,F,?,F,F,F,F,F,F,?,144
Stieglitz,274,2019,2019-06-03,2,0,F,F,T,F,?,F,F,F,F,F,F,?,154
Stieglitz,274,2020,2020-03-24,0,0,NA,NA,NA,NA,NA,NA,NA,NA,NA,NA,NA,NA,84
Stieglitz,274,2020,2020-04-27,1,0,F,F,F,F,?,F,F,F,F,F,F,?,118
Stieglitz,274,2020,2020-05-19,3,0,F,T,F,F,?,F,F,F,F,F,F,?,140
Stieglitz,274,2020,2020-06-17,3,0,F,T,F,F,?,F,F,F,F,F,F,?,169
Stieglitz,274,2021,2021-03-25,0,0,NA,NA,NA,NA,NA,NA,NA,NA,NA,NA,NA,NA,84
Stieglitz,274,2021,2021-04-28,3,0,F,F,F,F,?,F,F,F,F,F,F,?,118
Stieglitz,274,2021,2021-05-10,2,0,F,F,F,F,?,F,F,F,F,F,F,?,130
Stieglitz,274,2021,2021-06-18,2,0,F,F,F,F,?,F,F,F,F,F,F,?,169
Stieglitz,274,2022,2022-03-31,0,0,NA,NA,NA,NA,NA,NA,NA,NA,NA,NA,NA,NA,90
Stieglitz,274,2022,2022-04-28,2,0,F,T,F,F,F,F,F,F,F,F,F,?,118
Stieglitz,274,2022,2022-05-19,1,0,F,T,F,F,F,F,F,F,F,F,F,?,139
Stieglitz,274,2022,2022-06-08,1,0,F,T,F,F,F,F,F,F,F,F,F,?,159
Stieglitz,274,2023,2023-03-28,1,0,F,T,F,F,F,F,F,F,F,F,F,?,87
Stieglitz,274,2023,2023-04-25,0,0,NA,NA,NA,NA,NA,NA,NA,NA,NA,NA,NA,NA,115
Stieglitz,274,2023,2023-05-16,0,0,NA,NA,NA,NA,NA,NA,NA,NA,NA,NA,NA,NA,136
Stieglitz,274,2023,2023-06-16,1,0,F,T,F,F,F,F,F,F,F,F,F,?,167
Stieglitz,275,2019,2019-03-26,3,0,F,T,F,F,?,F,F,F,F,F,F,?,85
Stieglitz,275,2019,2019-04-16,9,0,F,T,T,F,?,F,F,F,F,F,F,?,106
Stieglitz,275,2019,2019-05-09,12,0,F,T,T,F,?,F,F,F,F,F,F,?,129
Stieglitz,275,2020,2020-03-24,0,0,NA,NA,NA,NA,NA,NA,NA,NA,NA,NA,NA,NA,84
Stieglitz,275,2020,2020-04-27,1,0,F,F,F,F,?,F,F,F,F,F,F,?,118
Stieglitz,275,2020,2020-05-19,0,0,NA,NA,NA,NA,NA,NA,NA,NA,NA,NA,NA,NA,140
Stieglitz,275,2020,2020-06-17,0,0,NA,NA,NA,NA,NA,NA,NA,NA,NA,NA,NA,NA,169
Stieglitz,275,2021,2021-03-25,2,0,F,F,F,F,?,F,F,F,F,F,F,?,84
Stieglitz,275,2021,2021-04-28,0,0,NA,NA,NA,NA,NA,NA,NA,NA,NA,NA,NA,NA,118
Stieglitz,275,2021,2021-05-10,0,0,NA,NA,NA,NA,NA,NA,NA,NA,NA,NA,NA,NA,130
Stieglitz,275,2021,2021-06-18,1,0,F,F,F,F,?,F,F,F,F,F,F,?,169
Stieglitz,275,2022,2022-04-27,3,0,F,T,F,F,F,F,F,F,F,F,F,?,117
Stieglitz,275,2022,2022-05-19,1,0,F,T,F,F,F,F,F,F,F,F,F,?,139
Stieglitz,275,2022,2022-06-08,9,0,F,T,F,F,F,F,F,F,F,F,F,?,159
Stieglitz,275,2022,2022-03-31,0,0,NA,NA,NA,NA,NA,NA,NA,NA,NA,NA,NA,NA,90
Stieglitz,275,2023,2023-03-15,1,0,F,T,F,F,F,F,F,F,F,F,F,?,74
Stieglitz,275,2023,2023-04-25,7,0,F,T,F,F,F,F,F,F,F,F,F,?,115
Stieglitz,275,2023,2023-05-16,1,0,F,T,F,F,F,F,F,F,F,F,F,?,136
Stieglitz,276,2020,2020-03-27,0,0,NA,NA,NA,NA,NA,NA,NA,NA,NA,NA,NA,NA,87
Stieglitz,276,2020,2020-04-26,1,0,F,T,F,F,?,F,F,F,F,F,F,?,117
Stieglitz,276,2020,2020-05-21,0,0,NA,NA,NA,NA,NA,NA,NA,NA,NA,NA,NA,NA,142
Stieglitz,276,2020,2020-06-24,1,0,F,F,F,F,?,T,F,F,F,F,F,?,176
Stieglitz,281,2018,2018-03-18,1,0,F,F,T,F,?,F,F,F,F,F,F,?,77
Stieglitz,281,2018,2018-04-19,1,0,F,F,T,F,?,F,F,F,F,F,F,?,109
Stieglitz,281,2018,2018-05-18,1,0,F,F,F,F,?,F,F,F,F,F,F,?,138
Stieglitz,281,2018,2018-06-07,3,0,F,T,T,F,?,F,F,F,F,F,F,?,158
Stieglitz,281,2020,2020-03-18,0,0,NA,NA,NA,NA,NA,NA,NA,NA,NA,NA,NA,NA,78
Stieglitz,281,2020,2020-04-18,7,0,F,F,T,F,?,F,F,F,F,F,F,?,109
Stieglitz,281,2020,2020-05-08,5,0,F,T,F,F,?,F,F,F,F,F,F,?,129
Stieglitz,281,2020,2020-06-15,3,0,F,T,T,F,?,F,F,F,F,F,F,?,167
Stieglitz,281,2021,2021-03-31,2,0,F,T,F,F,?,F,F,F,F,F,F,?,90
Stieglitz,281,2021,2021-04-23,1,0,F,F,F,F,?,T,F,F,F,F,F,?,113
Stieglitz,281,2021,2021-05-14,2,0,F,T,F,F,?,F,F,F,F,F,F,?,134
Stieglitz,281,2021,2021-06-11,3,0,F,T,F,F,?,F,F,F,F,F,F,?,162
Stieglitz,284,2018,2018-03-24,0,0,NA,NA,NA,NA,NA,NA,NA,NA,NA,NA,NA,NA,83
Stieglitz,284,2018,2018-04-18,6,0,?,F,F,F,?,F,F,F,F,F,F,?,108
Stieglitz,284,2018,2018-05-17,3,0,?,F,F,F,?,F,F,F,F,F,F,?,137
Stieglitz,284,2018,2018-06-27,5,0,?,F,F,F,?,F,F,F,F,F,F,?,178
Stieglitz,284,2020,2020-03-16,2,0,F,T,F,F,?,F,F,F,F,F,F,?,76
Stieglitz,284,2020,2020-04-20,3,0,F,T,F,F,?,F,F,F,F,F,F,?,111
Stieglitz,284,2020,2020-05-20,7,0,F,T,F,F,?,F,F,F,F,F,F,?,141
Stieglitz,284,2020,2020-06-19,5,0,F,T,F,F,?,F,F,F,F,F,F,?,171
Stieglitz,284,2021,2021-03-24,3,0,F,T,F,F,?,F,F,F,F,F,F,?,83
Stieglitz,284,2021,2021-04-21,5,0,F,T,F,F,?,F,F,F,F,F,F,?,111
Stieglitz,284,2021,2021-05-14,5,0,F,T,T,F,?,F,F,F,F,F,F,?,134
Stieglitz,284,2021,2021-06-16,7,0,F,T,F,F,?,F,F,F,F,F,F,?,167
Stieglitz,286,2020,2020-03-17,0,0,NA,NA,NA,NA,NA,NA,NA,NA,NA,NA,NA,NA,77
Stieglitz,286,2020,2020-04-24,2,0,F,F,F,F,?,F,F,F,F,F,F,?,115
Stieglitz,286,2020,2020-05-16,0,0,NA,NA,NA,NA,NA,NA,NA,NA,NA,NA,NA,NA,137
Stieglitz,286,2020,2020-06-25,2,0,F,F,F,F,?,F,F,F,F,F,F,?,177
Stieglitz,286,2021,2021-03-22,0,0,NA,NA,NA,NA,NA,NA,NA,NA,NA,NA,NA,NA,81
Stieglitz,286,2021,2021-04-24,0,0,NA,NA,NA,NA,NA,NA,NA,NA,NA,NA,NA,NA,114
Stieglitz,286,2021,2021-05-20,3,0,F,T,F,F,?,F,F,F,F,F,F,?,140
Stieglitz,286,2021,2021-06-20,1,0,F,F,F,F,?,F,F,F,F,F,F,?,171
Stieglitz,290,2019,2019-03-31,9,0,F,T,F,F,?,F,F,F,F,F,F,?,90
Stieglitz,290,2019,2019-04-18,6,0,F,T,T,F,?,F,F,F,F,F,F,?,108
Stieglitz,290,2019,2019-05-13,8,0,F,T,T,F,?,F,F,F,F,F,F,?,133
Stieglitz,290,2019,2019-06-08,13,0,F,T,T,F,?,F,F,F,F,F,F,?,159
Stieglitz,290,2020,2020-03-20,0,0,NA,NA,NA,NA,NA,NA,NA,NA,NA,NA,NA,NA,80
Stieglitz,290,2020,2020-04-25,1,0,F,F,F,F,?,F,F,F,F,F,F,?,116
Stieglitz,290,2020,2020-05-18,0,0,NA,NA,NA,NA,NA,NA,NA,NA,NA,NA,NA,NA,139
Stieglitz,290,2020,2020-06-19,1,0,F,T,F,F,?,F,F,F,F,F,F,?,171
Stieglitz,290,2021,2021-03-24,0,0,NA,NA,NA,NA,NA,NA,NA,NA,NA,NA,NA,NA,83
Stieglitz,290,2021,2021-04-21,1,0,F,T,F,F,?,F,F,F,F,F,F,?,111
Stieglitz,290,2021,2021-05-20,0,0,NA,NA,NA,NA,NA,NA,NA,NA,NA,NA,NA,NA,140
Stieglitz,290,2021,2021-06-16,3,0,F,T,F,F,?,F,F,F,F,F,F,?,167
Stieglitz,290,2022,2022-03-23,1,0,F,F,T,F,F,F,F,F,F,F,F,?,82
Stieglitz,290,2022,2022-04-20,2,0,F,T,F,F,F,F,F,F,F,F,F,?,110
Stieglitz,290,2022,2022-05-10,3,0,F,T,F,F,F,F,F,F,F,F,F,?,130
Stieglitz,290,2022,2022-06-08,7,0,F,T,F,F,F,F,F,F,F,F,F,?,159
Stieglitz,290,2023,2023-03-21,0,0,NA,NA,NA,NA,NA,NA,NA,NA,NA,NA,NA,NA,80
Stieglitz,290,2023,2023-04-13,2,0,F,T,F,F,F,F,F,F,F,F,F,?,103
Stieglitz,290,2023,2023-05-10,1,0,F,T,F,F,F,F,F,F,F,F,F,?,130
Stieglitz,290,2023,2023-06-13,2,0,F,T,F,F,F,F,F,F,F,F,F,?,164
Stieglitz,292,2019,2019-03-25,1,0,F,F,T,F,?,F,F,F,F,F,F,?,84
Stieglitz,292,2019,2019-04-23,0,0,NA,NA,NA,NA,NA,NA,NA,NA,NA,NA,NA,NA,113
Stieglitz,292,2019,2019-05-13,0,0,NA,NA,NA,NA,NA,NA,NA,NA,NA,NA,NA,NA,133
Stieglitz,292,2019,2019-06-13,0,0,NA,NA,NA,NA,NA,NA,NA,NA,NA,NA,NA,NA,164
Stieglitz,292,2020,2020-03-25,0,0,NA,NA,NA,NA,NA,NA,NA,NA,NA,NA,NA,NA,85
Stieglitz,292,2020,2020-04-21,0,0,NA,NA,NA,NA,NA,NA,NA,NA,NA,NA,NA,NA,112
Stieglitz,292,2020,2020-05-16,1,0,F,T,F,F,?,F,F,F,F,F,F,?,137
Stieglitz,292,2020,2020-06-08,0,0,NA,NA,NA,NA,NA,NA,NA,NA,NA,NA,NA,NA,160
Stieglitz,292,2021,2012-03-26,0,0,NA,NA,NA,NA,NA,NA,NA,NA,NA,NA,NA,NA,86
Stieglitz,292,2021,2021-04-24,1,0,?,T,F,F,?,F,F,?,F,F,F,?,114
Stieglitz,292,2021,2021-05-19,0,0,NA,NA,NA,NA,NA,NA,NA,NA,NA,NA,NA,NA,139
Stieglitz,292,2021,2021-06-11,0,0,NA,NA,NA,NA,NA,NA,NA,NA,NA,NA,NA,NA,162
Stieglitz,292,2021,2021-03-26,0,0,NA,NA,NA,NA,NA,NA,NA,NA,NA,NA,NA,NA,85
Stieglitz,292,2022,2022-03-27,0,0,NA,NA,NA,NA,NA,NA,NA,NA,NA,NA,NA,NA,86
Stieglitz,292,2022,2022-04-28,2,0,F,T,F,F,?,F,F,F,F,F,F,?,118
Stieglitz,292,2022,2022-05-15,0,0,NA,NA,NA,NA,NA,NA,NA,NA,NA,NA,NA,NA,135
Stieglitz,292,2022,2022-06-14,0,0,NA,NA,NA,NA,NA,NA,NA,NA,NA,NA,NA,NA,165
Stieglitz,292,2023,2023-03-23,0,0,NA,NA,NA,NA,NA,NA,NA,NA,NA,NA,NA,NA,82
Stieglitz,292,2023,2023-04-27,1,0,F,T,F,F,F,F,F,F,F,F,F,?,117
Stieglitz,292,2023,2023-05-18,0,0,NA,NA,NA,NA,NA,NA,NA,NA,NA,NA,NA,NA,138
Stieglitz,292,2023,2023-06-16,0,0,NA,NA,NA,NA,NA,NA,NA,NA,NA,NA,NA,NA,167
Stieglitz,295,2018,2018-03-24,0,0,NA,NA,NA,NA,NA,NA,NA,NA,NA,NA,NA,NA,83
Stieglitz,295,2018,2018-04-14,1,0,?,F,F,F,?,F,F,F,F,F,F,?,104
Stieglitz,295,2018,2018-05-12,1,0,?,T,F,F,?,F,F,F,F,F,F,?,132
Stieglitz,295,2018,2018-06-09,3,0,?,T,F,F,?,F,F,F,F,F,F,?,160
Stieglitz,295,2020,2020-03-18,0,0,NA,NA,NA,NA,NA,NA,NA,NA,NA,NA,NA,NA,78
Stieglitz,295,2020,2020-04-08,5,0,F,T,T,F,?,F,F,F,F,F,F,?,99
Stieglitz,295,2020,2020-05-09,3,0,F,T,F,F,?,F,F,F,F,F,F,?,130
Stieglitz,295,2020,2020-06-13,12,0,F,T,T,F,?,F,F,F,F,F,F,?,165
Stieglitz,295,2021,2021-03-28,6,0,F,T,?,?,?,?,F,?,?,?,?,?,87
Stieglitz,295,2021,2021-04-17,14,0,F,T,?,T,?,?,F,?,?,?,?,?,107
Stieglitz,295,2021,2021-05-09,4,0,F,T,?,?,?,?,F,?,?,?,?,?,129
Stieglitz,295,2021,2021-05-24,14,0,F,T,?,?,?,?,F,?,?,?,?,?,144
Stieglitz,299,2018,2018-03-18,1,0,F,F,T,F,?,F,F,F,F,F,F,?,77
Stieglitz,299,2018,2018-04-18,3,0,F,T,F,F,?,F,F,F,F,F,F,?,108
Stieglitz,299,2018,2018-05-12,0,0,NA,NA,NA,NA,NA,NA,NA,NA,NA,NA,NA,NA,132
Stieglitz,299,2018,2018-06-16,1,0,F,T,F,F,?,F,F,F,F,F,F,?,167
Stieglitz,299,2020,2020-04-06,1,0,F,T,F,F,?,F,F,F,F,F,F,?,97
Stieglitz,299,2020,2020-05-10,2,0,F,F,F,F,?,F,F,F,F,F,F,?,131
Stieglitz,299,2020,2020-06-20,2,0,F,T,T,F,?,F,F,F,F,F,F,?,172
Stieglitz,299,2020,2020-03-19,0,0,NA,NA,NA,NA,NA,NA,NA,NA,NA,NA,NA,NA,79
Stieglitz,299,2021,2021-03-27,0,0,NA,NA,NA,NA,NA,NA,NA,NA,NA,NA,NA,NA,86
Stieglitz,299,2021,2021-04-10,2,0,F,T,?,?,?,?,F,?,?,?,?,?,100
Stieglitz,299,2021,2021-05-16,2,0,F,T,?,?,?,?,F,?,?,?,?,?,136
Stieglitz,299,2021,2021-06-12,0,0,NA,NA,NA,NA,NA,NA,NA,NA,NA,NA,NA,NA,163
Stieglitz,301,2018,2018-03-24,1,0,?,F,F,F,?,F,F,F,F,F,F,?,83
Stieglitz,301,2018,2018-04-14,0,0,NA,NA,NA,NA,NA,NA,NA,NA,NA,NA,NA,NA,104
Stieglitz,301,2018,2018-05-11,1,0,?,T,F,F,?,F,F,F,F,F,F,?,131
Stieglitz,301,2018,2018-06-02,3,0,?,F,F,F,?,F,F,F,F,F,F,?,153
Stieglitz,301,2020,2020-03-29,1,0,F,F,T,F,?,F,F,F,F,F,F,?,89
Stieglitz,301,2020,2020-04-18,3,0,F,F,T,F,?,F,F,F,F,F,F,?,109
Stieglitz,301,2020,2020-05-08,0,0,NA,NA,NA,NA,NA,NA,NA,NA,NA,NA,NA,NA,129
Stieglitz,301,2020,2020-06-08,4,0,F,T,T,F,?,F,F,F,F,F,F,?,160
Stieglitz,301,2021,2021-03-26,0,0,NA,NA,NA,NA,NA,NA,NA,NA,NA,NA,NA,NA,85
Stieglitz,301,2021,2021-04-17,2,0,F,F,T,F,?,F,F,F,F,F,F,?,107
Stieglitz,301,2021,2021-05-11,0,0,NA,NA,NA,NA,NA,NA,NA,NA,NA,NA,NA,NA,131
Stieglitz,301,2021,2021-06-06,0,0,NA,NA,NA,NA,NA,NA,NA,NA,NA,NA,NA,NA,157
Stieglitz,303,2019,2019-03-18,2,0,F,T,T,F,?,F,F,F,F,F,F,?,77
Stieglitz,303,2019,2019-04-12,9,0,F,T,T,F,?,F,F,F,F,F,F,?,102
Stieglitz,303,2019,2019-05-06,7,0,F,T,T,F,?,F,F,F,F,F,F,?,126
Stieglitz,303,2019,2019-06-02,2,0,F,T,T,F,?,F,F,F,F,F,F,?,153
Stieglitz,303,2020,2020-03-28,0,0,NA,NA,NA,NA,NA,NA,NA,NA,NA,NA,NA,NA,88
Stieglitz,303,2020,2020-04-18,1,0,F,F,T,F,?,F,F,F,F,F,F,?,109
Stieglitz,303,2020,2020-05-09,3,0,F,T,T,F,?,F,F,F,F,F,F,?,130
Stieglitz,303,2020,2020-06-08,1,0,F,F,T,F,?,F,F,F,F,F,F,?,160
Stieglitz,303,2021,2021-03-29,0,0,NA,NA,NA,NA,NA,NA,NA,NA,NA,NA,NA,NA,88
Stieglitz,303,2021,2021-04-19,6,0,F,T,T,F,?,F,F,F,F,F,F,?,109
Stieglitz,303,2021,2021-05-10,4,0,F,T,F,F,?,F,F,F,F,F,F,?,130
Stieglitz,303,2021,2021-06-04,5,0,F,F,T,F,?,F,F,F,F,F,F,?,155
Stieglitz,303,2022,2022-03-26,2,0,F,T,T,F,F,F,F,F,F,F,F,?,85
Stieglitz,303,2022,2022-04-17,1,0,F,F,T,F,F,F,F,F,F,F,F,?,107
Stieglitz,303,2022,2022-05-12,3,0,F,T,T,F,F,F,F,F,F,F,F,?,132
Stieglitz,303,2022,2022-06-03,2,0,F,F,F,F,F,F,F,F,F,F,F,?,154
Stieglitz,303,2023,2023-03-23,1,0,F,T,F,F,F,F,F,F,F,F,F,?,82
Stieglitz,303,2023,2023-04-15,5,0,F,T,T,F,F,F,F,F,F,F,F,?,105
Stieglitz,303,2023,2023-05-11,3,0,F,F,T,F,F,F,F,F,F,F,F,?,131
Stieglitz,303,2023,2023-06-04,1,0,F,T,F,F,F,F,F,F,F,F,F,?,155
Stieglitz,305,2019,2019-03-17,0,0,NA,NA,NA,NA,NA,NA,NA,NA,NA,NA,NA,NA,76
Stieglitz,305,2019,2019-04-22,2,0,F,F,T,F,?,F,F,F,F,F,F,?,112
Stieglitz,305,2019,2019-05-09,0,0,NA,NA,NA,NA,NA,NA,NA,NA,NA,NA,NA,NA,129
Stieglitz,305,2019,2019-06-11,2,0,F,F,T,F,?,F,F,F,F,F,F,?,162
Stieglitz,305,2021,2021-03-23,2,0,F,F,F,F,?,F,F,F,F,F,F,?,82
Stieglitz,305,2021,2021-04-20,0,0,NA,NA,NA,NA,NA,NA,NA,NA,NA,NA,NA,NA,110
Stieglitz,305,2021,2021-05-11,3,0,F,F,T,F,?,F,F,F,F,F,F,?,131
Stieglitz,305,2021,2021-06-10,0,0,NA,NA,NA,NA,NA,NA,NA,NA,NA,NA,NA,NA,161
Stieglitz,305,2022,2022-03-23,0,0,NA,NA,NA,NA,NA,NA,NA,NA,NA,NA,NA,NA,82
Stieglitz,305,2022,2022-04-20,3,0,F,F,T,F,F,F,F,F,F,F,F,?,110
Stieglitz,305,2022,2022-05-20,4,0,F,T,T,F,F,F,F,F,F,F,F,?,140
Stieglitz,305,2022,2022-06-15,4,0,F,F,T,F,F,F,F,F,F,F,F,?,166
Stieglitz,305,2023,2023-03-22,0,0,NA,NA,NA,NA,NA,NA,NA,NA,NA,NA,NA,NA,81
Stieglitz,305,2023,2023-04-20,2,0,F,F,T,F,?,F,F,F,F,F,F,?,110
Stieglitz,305,2023,2023-05-09,5,0,F,T,T,F,?,F,F,F,F,F,F,?,129
Stieglitz,305,2023,2023-06-16,5,0,F,T,T,F,?,F,F,F,F,F,F,?,167
Stieglitz,306,2018,2018-03-26,0,0,NA,NA,NA,NA,NA,NA,NA,NA,NA,NA,NA,NA,85
Stieglitz,306,2018,2018-04-21,0,0,NA,NA,NA,NA,NA,NA,NA,NA,NA,NA,NA,NA,111
Stieglitz,306,2018,2018-06-11,2,0,F,T,F,F,?,F,F,F,F,F,F,?,162
Stieglitz,306,2018,2018-05-08,0,0,NA,NA,NA,NA,NA,NA,NA,NA,NA,NA,NA,NA,128
Stieglitz,306,2020,2020-03-17,0,0,NA,NA,NA,NA,NA,NA,NA,NA,NA,NA,NA,NA,77
Stieglitz,306,2020,2020-04-17,0,0,NA,NA,NA,NA,NA,NA,NA,NA,NA,NA,NA,NA,108
Stieglitz,306,2020,2020-05-20,1,0,F,T,F,F,?,F,F,F,F,F,F,?,141
Stieglitz,306,2020,2020-06-18,4,0,F,T,F,F,?,F,F,F,F,F,F,?,170
Stieglitz,308,2019,2019-03-21,3,0,F,T,F,F,?,T,F,F,F,F,F,?,80
Stieglitz,308,2019,2019-04-18,4,0,F,T,F,F,?,T,F,F,F,F,F,?,108
Stieglitz,308,2019,2019-05-16,4,0,F,T,T,F,?,F,F,F,F,F,F,?,136
Stieglitz,308,2019,2019-06-14,5,0,F,T,T,F,?,T,F,F,F,F,F,?,165
Stieglitz,308,2020,2020-03-28,1,0,F,F,F,F,?,F,F,F,F,F,F,?,88
Stieglitz,308,2020,2020-04-18,6,0,F,T,T,F,?,T,F,F,F,F,F,?,109
Stieglitz,308,2020,2020-05-19,1,0,F,T,F,F,?,T,F,F,F,F,F,?,140
Stieglitz,308,2020,2020-06-20,4,0,F,T,F,F,?,F,F,F,F,F,F,?,172
Stieglitz,308,2021,2021-03-24,1,0,?,T,F,F,?,F,F,?,F,F,F,?,83
Stieglitz,308,2021,2021-04-17,4,0,?,T,T,F,?,F,F,?,F,F,F,?,107
Stieglitz,308,2021,2021-05-14,4,0,?,T,F,F,?,T,F,?,F,F,F,?,134
Stieglitz,308,2021,2021-06-15,3,0,?,T,F,F,?,F,F,?,F,F,F,?,166
Stieglitz,308,2022,2022-03-21,1,0,F,F,T,F,?,F,F,F,F,F,F,?,80
Stieglitz,308,2022,2022-04-21,4,0,F,T,F,F,?,F,F,F,F,F,F,?,111
Stieglitz,308,2022,2022-05-11,7,0,F,T,F,F,?,T,F,F,F,F,F,?,131
Stieglitz,308,2022,2022-06-06,2,0,F,T,F,F,?,T,F,F,F,F,F,?,157
Stieglitz,308,2023,2023-03-24,1,0,F,T,F,F,F,F,F,F,F,F,F,?,83
Stieglitz,308,2023,2023-04-18,5,0,F,T,F,F,F,F,F,F,F,F,F,?,108
Stieglitz,308,2023,2023-05-12,6,0,F,T,F,F,F,F,F,F,F,F,F,?,132
Stieglitz,308,2023,2023-06-12,7,0,F,T,T,F,F,F,F,F,F,F,F,?,163
Stieglitz,309,2018,2018-03-25,0,0,NA,NA,NA,NA,NA,NA,NA,NA,NA,NA,NA,NA,84
Stieglitz,309,2018,2018-04-07,0,0,NA,NA,NA,NA,NA,NA,NA,NA,NA,NA,NA,NA,97
Stieglitz,309,2018,2018-05-11,2,0,?,T,F,F,?,F,F,F,F,F,F,?,131
Stieglitz,309,2018,2018-06-03,0,0,NA,NA,NA,NA,NA,NA,NA,NA,NA,NA,NA,NA,154
Stieglitz,309,2020,2020-03-20,1,0,F,T,F,F,?,F,F,F,F,F,F,?,80
Stieglitz,309,2020,2020-04-09,5,0,F,F,T,F,?,F,F,F,F,F,F,?,100
Stieglitz,309,2020,2020-05-07,2,0,F,T,T,F,?,F,F,F,F,F,F,?,128
Stieglitz,309,2020,2020-06-03,6,0,F,T,F,F,?,F,F,F,F,F,F,?,155
Stieglitz,309,2021,2021-03-28,0,0,NA,NA,NA,NA,NA,NA,NA,NA,NA,NA,NA,NA,87
Stieglitz,309,2021,2021-04-27,1,0,F,F,T,F,?,F,F,F,F,F,F,?,117
Stieglitz,309,2021,2021-05-09,1,0,F,F,F,F,?,F,F,F,F,F,F,?,129
Stieglitz,309,2021,2021-06-02,4,0,F,F,T,F,T,F,F,F,F,F,F,?,153
Stieglitz,311,2019,2019-03-20,4,0,F,T,F,F,?,F,F,F,F,F,F,?,79
Stieglitz,311,2019,2019-04-13,3,0,F,T,F,F,?,F,F,F,F,F,F,?,103
Stieglitz,311,2019,2019-05-13,3,0,F,T,F,F,?,T,F,F,F,F,F,?,133
Stieglitz,311,2019,2019-06-06,1,0,F,T,F,F,?,F,F,F,F,F,F,?,157
Stieglitz,311,2020,2020-03-19,0,0,NA,NA,NA,NA,NA,NA,NA,NA,NA,NA,NA,NA,79
Stieglitz,311,2020,2020-04-16,0,0,NA,NA,NA,NA,NA,NA,NA,NA,NA,NA,NA,NA,107
Stieglitz,311,2020,2020-05-16,1,0,F,F,F,F,?,T,F,F,F,F,F,?,137
Stieglitz,311,2020,2020-06-08,2,0,F,T,F,F,?,F,F,F,F,F,F,?,160
Stieglitz,311,2021,2021-03-26,1,0,?,T,F,F,?,F,F,?,F,F,F,?,85
Stieglitz,311,2021,2021-04-15,2,0,?,T,F,F,?,T,F,?,F,F,F,?,105
Stieglitz,311,2021,2021-05-13,3,0,?,T,F,F,?,T,F,?,F,F,F,?,133
Stieglitz,311,2021,2021-06-05,1,0,?,F,F,F,?,T,F,?,F,F,F,?,156
Stieglitz,311,2021,2011-05-13,0,0,NA,NA,NA,NA,NA,NA,NA,NA,NA,NA,NA,NA,133
Stieglitz,311,2022,2022-03-24,2,0,F,F,F,F,?,T,F,F,F,F,F,?,83
Stieglitz,311,2022,2022-04-20,2,0,F,T,T,F,?,T,F,F,F,F,F,?,110
Stieglitz,311,2022,2022-05-04,3,0,F,T,F,F,?,F,F,F,F,F,F,?,124
Stieglitz,311,2022,2022-06-02,0,0,NA,NA,NA,NA,NA,NA,NA,NA,NA,NA,NA,NA,153
Stieglitz,311,2023,2023-03-24,0,0,NA,NA,NA,NA,NA,NA,NA,NA,NA,NA,NA,NA,83
Stieglitz,311,2023,2023-04-20,0,0,NA,NA,NA,NA,NA,NA,NA,NA,NA,NA,NA,NA,110
Stieglitz,311,2023,2023-05-13,3,0,F,T,F,F,F,T,F,F,F,F,F,?,133
Stieglitz,311,2023,2023-06-05,2,0,F,T,F,F,F,F,F,F,F,F,F,?,156
Stieglitz,313,2018,2018-03-30,0,0,NA,NA,NA,NA,NA,NA,NA,NA,NA,NA,NA,NA,89
Stieglitz,313,2018,2018-04-27,3,0,F,F,F,F,?,F,F,F,F,F,F,?,117
Stieglitz,313,2018,2018-05-19,0,0,NA,NA,NA,NA,NA,NA,NA,NA,NA,NA,NA,NA,139
Stieglitz,313,2018,2018-06-19,1,0,F,T,F,F,?,F,F,F,F,F,F,?,170
Stieglitz,313,2020,2020-03-28,5,0,F,F,F,F,?,F,F,F,F,F,F,?,88
Stieglitz,313,2020,2020-05-05,2,0,F,T,F,F,?,F,F,F,F,F,F,?,126
Stieglitz,313,2020,2020-05-26,4,0,F,T,F,F,?,F,F,F,F,F,F,?,147
Stieglitz,313,2020,2020-06-20,1,0,F,T,F,F,?,F,F,F,F,F,F,?,172
Stieglitz,313,2021,2021-04-02,0,0,NA,NA,NA,NA,NA,NA,NA,NA,NA,NA,NA,NA,92
Stieglitz,313,2021,2021-05-04,6,0,F,T,F,F,?,F,F,F,F,F,F,?,124
Stieglitz,313,2021,2021-05-31,3,0,F,T,F,F,?,F,F,F,F,F,F,?,151
Stieglitz,313,2021,2021-06-20,0,0,NA,NA,NA,NA,NA,NA,NA,NA,NA,NA,NA,NA,171
Stieglitz,315,2021,2021-03-28,1,0,?,F,T,F,?,F,F,?,F,F,F,?,87
Stieglitz,315,2021,2021-04-16,1,0,?,T,F,F,?,F,F,?,F,F,F,?,106
Stieglitz,315,2021,2021-04-25,1,0,F,T,?,?,?,?,F,?,?,?,?,?,115
Stieglitz,315,2021,2021-05-14,1,0,?,T,F,F,?,F,F,?,F,F,F,?,134
Stieglitz,315,2021,2021-05-16,0,0,NA,NA,NA,NA,NA,NA,NA,NA,NA,NA,NA,NA,136
Stieglitz,315,2021,2021-06-12,0,0,NA,NA,NA,NA,NA,NA,NA,NA,NA,NA,NA,NA,163
Stieglitz,315,2021,2021-06-13,0,0,NA,NA,NA,NA,NA,NA,NA,NA,NA,NA,NA,NA,164
Stieglitz,315,2022,2022-03-25,1,0,F,T,F,F,?,F,F,F,F,F,F,?,84
Stieglitz,315,2022,2022-04-19,1,0,F,T,F,F,?,F,F,F,F,F,F,?,109
Stieglitz,315,2022,2022-05-11,1,0,F,T,F,F,?,F,F,F,F,F,F,?,131
Stieglitz,315,2022,2022-06-15,1,0,F,T,F,F,?,F,F,F,F,F,F,?,166
Stieglitz,316,2019,2019-03-26,3,0,F,T,T,F,?,F,F,F,F,F,F,?,85
Stieglitz,316,2019,2019-04-24,13,0,F,T,F,F,?,F,F,F,F,F,F,?,114
Stieglitz,316,2019,2019-05-17,9,0,F,T,F,F,?,F,F,F,F,F,F,?,137
Stieglitz,316,2019,2019-06-14,4,0,F,T,F,F,?,F,F,F,F,F,F,?,165
Stieglitz,316,2020,2020-03-28,1,0,F,F,T,F,?,F,F,F,F,F,F,?,88
Stieglitz,316,2020,2020-04-24,4,0,F,T,F,F,?,F,F,F,F,T,F,?,115
Stieglitz,316,2020,2020-05-20,7,0,F,T,T,F,?,F,F,F,F,F,F,?,141
Stieglitz,316,2020,2020-06-18,2,0,F,T,F,F,?,F,F,F,F,F,F,?,170
Stieglitz,316,2021,2021-03-29,3,0,?,T,F,F,?,F,F,?,F,F,F,?,88
Stieglitz,316,2021,2021-04-21,3,0,?,T,F,F,?,F,F,?,F,F,F,?,111
Stieglitz,316,2021,2021-05-08,4,0,?,T,F,F,?,F,F,?,F,F,F,?,128
Stieglitz,316,2021,2021-06-10,4,0,?,T,F,F,?,T,F,?,F,F,T,?,161
Stieglitz,316,2022,2022-03-23,4,0,F,T,F,F,?,F,F,F,F,F,F,?,82
Stieglitz,316,2022,2022-04-23,5,0,F,T,F,F,?,F,F,F,F,F,F,?,113
Stieglitz,316,2022,2022-05-19,2,0,F,T,F,F,?,F,F,F,F,F,F,?,139
Stieglitz,316,2022,2022-06-15,2,0,F,T,F,F,?,F,F,F,F,F,F,?,166
Stieglitz,316,2023,2023-03-24,2,0,F,T,T,F,F,F,F,F,F,F,F,?,83
Stieglitz,316,2023,2023-04-29,5,0,F,T,F,F,F,F,F,F,F,F,F,?,119
Stieglitz,316,2023,2023-05-17,2,0,F,T,F,F,F,T,F,F,F,F,F,?,137
Stieglitz,316,2023,2023-06-16,4,0,F,T,F,F,F,F,F,F,F,F,F,?,167
Stieglitz,317,2019,2019-03-22,2,0,F,F,F,F,?,T,F,F,F,F,F,?,81
Stieglitz,317,2019,2019-04-19,1,0,F,F,F,F,?,F,F,F,F,F,F,?,109
Stieglitz,317,2019,2019-05-01,2,0,F,F,F,F,?,T,F,F,F,F,F,?,121
Stieglitz,317,2019,2019-05-31,3,0,F,T,F,F,?,T,F,F,F,F,F,?,151
Stieglitz,317,2020,2020-03-26,3,0,F,T,F,F,?,T,F,F,F,F,F,?,86
Stieglitz,317,2020,2020-04-17,3,0,F,T,F,F,?,T,F,F,F,F,F,?,108
Stieglitz,317,2020,2020-05-04,1,0,F,T,F,F,?,T,F,F,F,F,F,?,125
Stieglitz,317,2020,2020-06-01,3,0,F,T,F,F,?,T,F,F,F,F,F,?,153
Stieglitz,317,2021,2021-03-26,4,0,?,T,T,F,?,T,F,?,F,F,F,?,85
Stieglitz,317,2021,2021-04-10,0,0,NA,NA,NA,NA,NA,NA,NA,NA,NA,NA,NA,NA,100
Stieglitz,317,2021,2021-05-01,2,0,?,T,T,F,?,F,F,?,F,F,F,?,121
Stieglitz,317,2021,2021-06-11,1,0,?,F,F,F,?,F,F,?,F,F,F,?,162
Stieglitz,317,2022,2022-03-23,0,0,NA,NA,NA,NA,NA,NA,NA,NA,NA,NA,NA,NA,82
Stieglitz,317,2022,2022-04-20,1,0,F,F,F,F,?,T,F,F,F,F,F,?,110
Stieglitz,317,2022,2022-05-03,3,0,F,T,F,F,?,T,F,F,F,F,F,?,123
Stieglitz,317,2022,2022-06-03,2,0,F,T,F,F,?,F,F,F,F,F,F,?,154
Stieglitz,317,2023,2023-03-23,3,0,F,T,F,F,F,T,F,F,F,F,F,?,82
Stieglitz,317,2023,2023-04-25,4,0,F,T,F,F,F,T,F,F,F,F,F,?,115
Stieglitz,317,2023,2023-05-14,5,0,F,T,F,F,F,F,F,F,F,F,F,?,134
Stieglitz,317,2023,2023-05-30,2,0,F,T,F,F,F,F,F,F,F,F,F,?,150
Stieglitz,319,2019,2019-03-30,3,0,F,F,T,F,?,T,F,F,F,F,F,?,89
Stieglitz,319,2019,2019-04-11,1,0,F,T,F,F,?,F,F,F,F,F,F,?,101
Stieglitz,319,2019,2019-05-02,0,0,NA,NA,NA,NA,NA,NA,NA,NA,NA,NA,NA,NA,122
Stieglitz,319,2019,2019-05-31,1,0,F,T,F,F,?,F,F,F,F,F,F,?,151
Stieglitz,319,2020,2020-03-27,1,0,F,F,F,F,?,T,F,F,F,F,F,?,87
Stieglitz,319,2020,2020-04-10,1,0,F,F,F,F,?,T,F,F,F,F,F,?,101
Stieglitz,319,2020,2020-05-07,2,0,F,F,F,F,?,T,F,F,F,F,F,?,128
Stieglitz,319,2020,2020-06-03,0,0,NA,NA,NA,NA,NA,NA,NA,NA,NA,NA,NA,NA,155
Stieglitz,319,2020,2020-06-08,0,0,NA,NA,NA,NA,NA,NA,NA,NA,NA,NA,NA,NA,160
Stieglitz,319,2020,2020-05-17,0,0,NA,NA,NA,NA,NA,NA,NA,NA,NA,NA,NA,NA,138
Stieglitz,319,2021,2021-03-25,0,0,NA,NA,NA,NA,NA,NA,NA,NA,NA,NA,NA,NA,84
Stieglitz,319,2021,2021-04-14,1,0,?,F,F,F,?,F,F,?,F,F,F,?,104
Stieglitz,319,2021,2021-05-03,2,0,?,T,F,F,?,T,F,?,F,F,F,?,123
Stieglitz,319,2021,2021-06-09,0,0,NA,NA,NA,NA,NA,NA,NA,NA,NA,NA,NA,NA,160
Stieglitz,319,2022,2022-03-21,0,0,NA,NA,NA,NA,NA,NA,NA,NA,NA,NA,NA,NA,80
Stieglitz,319,2022,2022-04-14,1,0,F,T,F,F,?,F,F,F,F,F,F,?,104
Stieglitz,319,2022,2022-05-03,1,0,F,F,F,F,?,F,F,F,F,F,F,?,123
Stieglitz,319,2022,2022-06-01,1,0,F,T,F,F,?,F,F,F,F,F,F,?,152
Stieglitz,319,2023,2023-03-17,0,0,NA,NA,NA,NA,NA,NA,NA,NA,NA,NA,NA,NA,76
Stieglitz,319,2023,2023-04-14,3,0,F,T,F,F,F,T,F,F,F,F,F,?,104
Stieglitz,319,2023,2023-05-03,2,0,F,F,F,F,F,T,F,T,F,F,F,?,123
Stieglitz,319,2023,2023-06-02,2,0,F,T,F,F,F,F,F,F,F,F,F,?,153
Stieglitz,320,2019,2019-03-21,1,0,F,T,F,F,?,F,F,F,F,F,F,?,80
Stieglitz,320,2019,2019-04-16,0,0,NA,NA,NA,NA,NA,NA,NA,NA,NA,NA,NA,NA,106
Stieglitz,320,2019,2019-05-10,2,0,F,T,F,F,?,F,F,F,F,F,F,?,130
Stieglitz,320,2019,2019-06-13,0,0,NA,NA,NA,NA,NA,NA,NA,NA,NA,NA,NA,NA,164
Stieglitz,320,2020,2020-03-24,0,0,NA,NA,NA,NA,NA,NA,NA,NA,NA,NA,NA,NA,84
Stieglitz,320,2020,2020-04-17,1,0,F,T,F,F,?,F,F,F,F,F,F,?,108
Stieglitz,320,2020,2020-05-08,1,0,F,T,F,F,?,F,F,F,F,F,F,?,129
Stieglitz,320,2020,2020-06-19,1,0,F,F,F,F,?,T,F,F,F,F,F,?,171
Stieglitz,320,2021,2011-05-09,0,0,NA,NA,NA,NA,NA,NA,NA,NA,NA,NA,NA,NA,129
Stieglitz,320,2021,2021-03-23,3,0,?,T,F,F,?,T,F,?,F,F,F,?,82
Stieglitz,320,2021,2021-04-17,4,0,?,T,F,F,?,T,F,?,F,F,F,?,107
Stieglitz,320,2021,2021-05-09,2,0,?,T,F,F,?,T,F,?,F,F,F,?,129
Stieglitz,320,2021,2021-06-11,2,0,?,T,F,F,?,F,F,?,F,F,F,?,162
Stieglitz,320,2022,2022-03-22,1,0,F,T,F,F,?,F,F,F,F,F,F,?,81
Stieglitz,320,2022,2022-03-23,0,0,NA,NA,NA,NA,NA,NA,NA,NA,NA,NA,NA,NA,82
Stieglitz,320,2022,2022-04-18,3,0,F,T,F,F,?,F,F,F,F,F,F,?,108
Stieglitz,320,2022,2022-05-12,3,0,F,T,F,F,?,F,F,F,F,F,F,?,132
Stieglitz,320,2022,2022-06-16,2,0,F,T,F,F,?,F,F,F,F,F,F,?,167
Stieglitz,320,2023,2023-03-21,1,0,F,F,F,F,F,T,F,F,F,F,F,?,80
Stieglitz,320,2023,2023-04-18,2,0,F,T,F,F,F,F,F,F,F,F,F,?,108
Stieglitz,320,2023,2023-05-18,4,0,F,T,F,F,F,F,F,F,F,F,F,?,138
Stieglitz,320,2023,2023-06-12,3,0,F,T,F,F,F,F,F,F,F,F,F,?,163
Stieglitz,321,2021,2021-03-29,1,0,F,F,F,F,F,F,F,F,F,F,F,?,88
Stieglitz,321,2021,2021-04-23,0,0,NA,NA,NA,NA,NA,NA,NA,NA,NA,NA,NA,NA,113
Stieglitz,321,2021,2021-05-24,5,0,F,T,F,F,F,F,F,F,F,F,F,?,144
Stieglitz,321,2021,2021-06-17,2,0,F,F,F,F,F,F,F,F,F,F,F,?,168
Stieglitz,322,2019,2019-03-30,0,0,NA,NA,NA,NA,NA,NA,NA,NA,NA,NA,NA,NA,89
Stieglitz,322,2019,2019-04-25,1,0,F,T,F,F,?,F,F,F,F,F,F,?,115
Stieglitz,322,2019,2019-05-17,2,0,F,T,F,F,?,F,F,F,F,F,F,?,137
Stieglitz,322,2019,2019-06-19,1,0,F,F,F,F,?,T,F,F,F,F,F,?,170
Stieglitz,322,2020,2020-03-19,0,0,NA,NA,NA,NA,NA,NA,NA,NA,NA,NA,NA,NA,79
Stieglitz,322,2020,2020-04-23,0,0,NA,NA,NA,NA,NA,NA,NA,NA,NA,NA,NA,NA,114
Stieglitz,322,2020,2020-05-18,2,0,F,T,F,F,?,F,F,F,F,F,F,?,139
Stieglitz,322,2020,2020-06-13,1,0,F,T,F,F,?,F,F,F,F,F,F,?,165
Stieglitz,322,2021,2021-03-31,0,0,NA,NA,NA,NA,NA,NA,NA,NA,NA,NA,NA,NA,90
Stieglitz,322,2021,2021-04-22,2,0,?,T,F,F,?,F,F,?,F,F,F,?,112
Stieglitz,322,2021,2021-05-14,2,0,?,T,F,F,?,F,F,?,F,F,F,?,134
Stieglitz,322,2021,2021-06-14,1,0,?,T,F,F,?,F,F,?,F,F,F,?,165
Stieglitz,322,2022,2022-03-17,0,0,NA,NA,NA,NA,NA,NA,NA,NA,NA,NA,NA,NA,76
Stieglitz,322,2022,2022-04-12,0,0,NA,NA,NA,NA,NA,NA,NA,NA,NA,NA,NA,NA,102
Stieglitz,322,2022,2022-05-12,4,0,F,T,F,F,?,T,F,F,F,F,F,?,132
Stieglitz,322,2022,2022-06-03,0,0,NA,NA,NA,NA,NA,NA,NA,NA,NA,NA,NA,NA,154
Stieglitz,322,2023,2023-03-21,0,0,NA,NA,NA,NA,NA,NA,NA,NA,NA,NA,NA,NA,80
Stieglitz,322,2023,2023-04-21,2,0,F,T,F,F,F,F,F,F,F,F,F,?,111
Stieglitz,322,2023,2023-05-12,1,0,F,T,F,F,F,F,F,F,F,F,F,?,132
Stieglitz,322,2023,2023-06-09,2,0,F,T,F,F,F,F,F,F,F,F,F,?,160
Stieglitz,328,2018,2018-03-31,0,0,NA,NA,NA,NA,NA,NA,NA,NA,NA,NA,NA,NA,90
Stieglitz,328,2018,2018-04-18,4,0,F,T,T,F,?,F,F,F,F,F,F,?,108
Stieglitz,328,2018,2018-05-26,2,0,F,T,F,F,?,F,F,F,F,F,F,?,146
Stieglitz,329,2018,2018-03-30,0,0,NA,NA,NA,NA,NA,NA,NA,NA,NA,NA,NA,NA,89
Stieglitz,329,2018,2018-04-27,0,0,NA,NA,NA,NA,NA,NA,NA,NA,NA,NA,NA,NA,117
Stieglitz,329,2018,2018-05-20,0,0,NA,NA,NA,NA,NA,NA,NA,NA,NA,NA,NA,NA,140
Stieglitz,329,2018,2018-06-17,1,0,F,T,F,F,?,F,F,F,F,F,F,?,168
Stieglitz,329,2021,2021-03-21,1,1,T,?,?,?,?,?,F,?,?,?,?,?,80
Stieglitz,329,2021,2021-04-22,5,0,F,T,?,?,?,?,F,?,?,?,?,?,112
Stieglitz,329,2021,2021-05-09,0,0,NA,NA,NA,NA,NA,NA,NA,NA,NA,NA,NA,NA,129
Stieglitz,329,2021,2021-06-20,2,0,F,?,?,?,?,?,F,?,?,?,?,?,171
Stieglitz,335,2018,2018-03-30,0,0,NA,NA,NA,NA,NA,NA,NA,NA,NA,NA,NA,NA,89
Stieglitz,335,2018,2018-04-15,0,0,NA,NA,NA,NA,NA,NA,NA,NA,NA,NA,NA,NA,105
Stieglitz,335,2018,2018-05-18,0,0,NA,NA,NA,NA,NA,NA,NA,NA,NA,NA,NA,NA,138
Stieglitz,335,2018,2018-06-06,1,0,?,F,F,F,?,F,F,F,F,F,F,?,157
Stieglitz,335,2020,2020-03-16,0,0,NA,NA,NA,NA,NA,NA,NA,NA,NA,NA,NA,NA,76
Stieglitz,335,2020,2020-04-01,0,0,NA,NA,NA,NA,NA,NA,NA,NA,NA,NA,NA,NA,92
Stieglitz,335,2020,2020-05-03,2,0,F,T,F,F,?,F,F,F,F,F,F,?,124
Stieglitz,335,2020,2020-05-22,3,0,F,F,F,F,?,F,F,F,F,F,F,?,143
Stieglitz,335,2021,2021-03-24,0,0,NA,NA,NA,NA,NA,NA,NA,NA,NA,NA,NA,NA,83
Stieglitz,335,2021,2021-04-09,0,0,NA,NA,NA,NA,NA,NA,NA,NA,NA,NA,NA,NA,99
Stieglitz,335,2021,2021-05-09,4,0,F,F,F,F,?,F,?,F,F,F,F,?,129
Stieglitz,335,2021,2021-06-12,3,0,F,T,F,F,?,F,?,F,F,F,F,?,163
Stieglitz,336,2019,2019-03-19,0,0,NA,NA,NA,NA,NA,NA,NA,NA,NA,NA,NA,NA,78
Stieglitz,336,2019,2019-04-13,1,0,?,F,?,?,?,?,?,?,?,?,?,?,103
Stieglitz,336,2019,2019-05-10,2,0,F,T,F,F,?,F,F,F,F,F,F,?,130
Stieglitz,336,2019,2019-05-26,5,0,?,T,F,?,?,T,?,?,?,?,?,?,146
Stieglitz,336,2020,2020-03-15,0,0,NA,NA,NA,NA,NA,NA,NA,NA,NA,NA,NA,NA,75
Stieglitz,336,2020,2020-04-10,1,0,?,F,?,?,?,?,?,?,?,?,?,?,101
Stieglitz,336,2020,2020-05-08,0,0,NA,NA,NA,NA,NA,NA,NA,NA,NA,NA,NA,NA,129
Stieglitz,336,2020,2020-06-12,1,0,F,T,F,F,?,F,F,F,F,F,F,?,164
Stieglitz,336,2021,2021-03-26,2,0,?,T,T,?,?,?,?,?,?,?,?,?,85
Stieglitz,336,2021,2021-04-22,1,0,F,T,F,F,?,F,F,F,F,F,F,?,112
Stieglitz,336,2021,2021-05-13,4,0,?,T,?,?,?,?,?,?,?,?,?,?,133
Stieglitz,336,2021,2021-06-01,1,0,F,T,F,F,?,F,F,F,F,F,F,?,152
Stieglitz,336,2022,2022-03-25,1,0,F,F,T,F,F,F,F,F,F,F,F,?,84
Stieglitz,336,2022,2022-04-26,1,0,F,T,F,F,F,F,F,F,F,F,F,?,116
Stieglitz,336,2022,2022-05-16,1,0,F,T,F,F,F,F,F,F,F,F,F,?,136
Stieglitz,336,2022,2022-05-30,0,0,NA,NA,NA,NA,NA,NA,NA,NA,NA,NA,NA,NA,150
Stieglitz,336,2023,2023-03-28,2,0,F,F,T,F,?,F,F,F,F,F,F,?,87
Stieglitz,336,2023,2023-04-17,3,0,F,T,F,F,?,F,F,F,F,F,F,?,107
Stieglitz,336,2023,2023-05-08,2,0,F,T,F,F,?,F,F,F,F,F,F,?,128
Stieglitz,336,2023,2023-06-07,0,0,NA,NA,NA,NA,NA,NA,NA,NA,NA,NA,NA,NA,158
Stieglitz,336,2023,2023-04-05,0,0,NA,NA,NA,NA,NA,NA,NA,NA,NA,NA,NA,NA,95
Stieglitz,337,2021,2021-03-24,0,0,NA,NA,NA,NA,NA,NA,NA,NA,NA,NA,NA,NA,83
Stieglitz,337,2021,2021-04-17,0,0,NA,NA,NA,NA,NA,NA,NA,NA,NA,NA,NA,NA,107
Stieglitz,337,2021,2021-05-14,1,0,F,T,F,F,?,F,?,F,F,F,F,?,134
Stieglitz,337,2021,2021-06-06,0,0,NA,NA,NA,NA,NA,NA,NA,NA,NA,NA,NA,NA,157
Stieglitz,339,2020,2020-03-31,0,0,NA,NA,NA,NA,NA,NA,NA,NA,NA,NA,NA,NA,91
Stieglitz,339,2020,2020-04-30,0,0,NA,NA,NA,NA,NA,NA,NA,NA,NA,NA,NA,NA,121
Stieglitz,339,2020,2020-05-18,1,0,F,T,F,F,?,F,F,F,F,F,F,?,139
Stieglitz,339,2020,2020-06-20,0,0,NA,NA,NA,NA,NA,NA,NA,NA,NA,NA,NA,NA,172
Stieglitz,341,2018,2018-03-26,0,0,NA,NA,NA,NA,NA,NA,NA,NA,NA,NA,NA,NA,85
Stieglitz,341,2018,2018-04-14,1,0,F,F,F,F,?,F,F,F,F,F,F,?,104
Stieglitz,341,2018,2018-05-05,0,0,NA,NA,NA,NA,NA,NA,NA,NA,NA,NA,NA,NA,125
Stieglitz,341,2018,2018-06-02,0,0,NA,NA,NA,NA,NA,NA,NA,NA,NA,NA,NA,NA,153
Stieglitz,341,2021,2021-03-26,0,0,NA,NA,NA,NA,NA,NA,NA,NA,NA,NA,NA,NA,85
Stieglitz,341,2021,2021-04-10,0,0,NA,NA,NA,NA,NA,NA,NA,NA,NA,NA,NA,NA,100
Stieglitz,341,2021,2021-05-03,2,0,F,T,F,F,?,F,F,F,F,F,F,?,123
Stieglitz,341,2021,2021-06-02,1,0,F,F,F,F,?,T,F,F,F,F,F,?,153
Stieglitz,342,2018,2018-03-24,0,0,NA,NA,NA,NA,NA,NA,NA,NA,NA,NA,NA,NA,83
Stieglitz,342,2018,2018-04-11,0,0,NA,NA,NA,NA,NA,NA,NA,NA,NA,NA,NA,NA,101
Stieglitz,342,2018,2018-05-02,0,0,NA,NA,NA,NA,NA,NA,NA,NA,NA,NA,NA,NA,122
Stieglitz,342,2018,2018-06-05,1,0,F,T,F,F,?,F,F,F,F,F,F,?,156
Stieglitz,342,2021,2021-03-24,0,0,NA,NA,NA,NA,NA,NA,NA,NA,NA,NA,NA,NA,83
Stieglitz,342,2021,2021-04-20,1,0,F,F,F,F,?,T,F,F,F,F,F,?,110
Stieglitz,342,2021,2021-05-08,0,0,NA,NA,NA,NA,NA,NA,NA,NA,NA,NA,NA,NA,128
Stieglitz,342,2021,2021-05-31,1,0,F,F,F,F,?,F,F,F,F,F,F,?,151
Stieglitz,342,2021,2021-05-28,0,0,NA,NA,NA,NA,NA,NA,NA,NA,NA,NA,NA,NA,148
Stieglitz,343,2019,2019-04-25,1,0,F,T,F,F,?,F,F,F,F,F,F,?,115
Stieglitz,343,2019,2019-05-19,0,0,NA,NA,NA,NA,NA,NA,NA,NA,NA,NA,NA,NA,139
Stieglitz,343,2019,2019-06-18,2,0,F,T,F,F,?,F,F,F,F,F,F,?,169
Stieglitz,343,2019,2019-03-21,3,0,F,F,F,F,?,F,F,F,F,F,F,?,80
Stieglitz,343,2020,2020-03-28,0,0,NA,NA,NA,NA,NA,NA,NA,NA,NA,NA,NA,NA,88
Stieglitz,343,2020,2020-04-24,6,0,F,T,F,F,?,F,F,F,F,F,F,?,115
Stieglitz,343,2020,2020-05-19,2,0,F,F,F,F,?,F,F,F,F,F,F,?,140
Stieglitz,343,2020,2020-06-12,0,0,NA,NA,NA,NA,NA,NA,NA,NA,NA,NA,NA,NA,164
Stieglitz,343,2021,2021-03-29,1,0,F,F,T,F,?,F,F,F,F,F,F,?,88
Stieglitz,343,2021,2021-04-23,1,0,F,F,F,F,?,F,F,F,F,F,F,?,113
Stieglitz,343,2021,2021-05-14,0,0,NA,NA,NA,NA,NA,NA,NA,NA,NA,NA,NA,NA,134
Stieglitz,343,2021,2021-06-18,4,0,F,T,F,F,?,F,F,F,F,F,F,?,169
Stieglitz,343,2022,2022-03-28,0,0,NA,NA,NA,NA,NA,NA,NA,NA,NA,NA,NA,NA,87
Stieglitz,343,2022,2022-04-21,1,0,F,T,F,F,F,F,F,F,F,F,F,?,111
Stieglitz,343,2022,2022-05-17,0,0,NA,NA,NA,NA,NA,NA,NA,NA,NA,NA,NA,NA,137
Stieglitz,343,2022,2022-06-16,0,0,NA,NA,NA,NA,NA,NA,NA,NA,NA,NA,NA,NA,167
Stieglitz,343,2023,2023-03-29,0,0,NA,NA,NA,NA,NA,NA,NA,NA,NA,NA,NA,NA,88
Stieglitz,343,2023,2023-04-27,0,0,NA,NA,NA,NA,NA,NA,NA,NA,NA,NA,NA,NA,117
Stieglitz,343,2023,2023-05-18,1,0,F,T,F,F,F,F,F,F,F,F,F,?,138
Stieglitz,343,2023,2023-06-20,3,0,F,T,F,F,F,F,F,F,F,F,F,?,171
Stieglitz,346,2019,2019-03-29,1,0,F,F,F,F,?,F,F,F,F,F,F,?,88
Stieglitz,346,2019,2019-04-24,0,0,NA,NA,NA,NA,NA,NA,NA,NA,NA,NA,NA,NA,114
Stieglitz,346,2019,2019-05-18,0,0,NA,NA,NA,NA,NA,NA,NA,NA,NA,NA,NA,NA,138
Stieglitz,346,2019,2019-06-19,0,0,NA,NA,NA,NA,NA,NA,NA,NA,NA,NA,NA,NA,170
Stieglitz,346,2022,2022-03-29,0,0,NA,NA,NA,NA,NA,NA,NA,NA,NA,NA,NA,NA,88
Stieglitz,346,2022,2022-04-20,0,0,NA,NA,NA,NA,NA,NA,NA,NA,NA,NA,NA,NA,110
Stieglitz,346,2022,2022-05-20,1,0,F,T,F,F,F,F,F,F,F,F,F,?,140
Stieglitz,346,2022,2022-06-20,0,0,NA,NA,NA,NA,NA,NA,NA,NA,NA,NA,NA,NA,171
Stieglitz,350,2018,2018-03-25,0,0,NA,NA,NA,NA,NA,NA,NA,NA,NA,NA,NA,NA,84
Stieglitz,350,2018,2018-06-16,1,0,?,T,F,F,?,F,F,F,F,F,F,?,167
Stieglitz,350,2018,2018-05-20,0,0,NA,NA,NA,NA,NA,NA,NA,NA,NA,NA,NA,NA,140
Stieglitz,350,2020,2020-03-28,0,0,NA,NA,NA,NA,NA,NA,NA,NA,NA,NA,NA,NA,88
Stieglitz,350,2020,2020-05-19,8,0,T,T,F,F,?,F,F,F,F,F,F,?,140
Stieglitz,350,2020,2020-06-18,3,3,T,F,F,F,?,F,F,F,F,F,F,?,170
Stieglitz,350,2020,2020-04-30,2,0,F,T,F,F,?,F,F,F,F,F,F,?,121
Stieglitz,350,2021,2021-03-28,0,0,NA,NA,NA,NA,NA,NA,NA,NA,NA,NA,NA,NA,87
Stieglitz,350,2021,2021-04-25,3,0,F,T,F,F,?,F,F,F,T,F,F,?,115
Stieglitz,350,2021,2021-05-28,1,0,F,T,F,F,?,F,F,F,F,F,F,?,148
Stieglitz,350,2021,2021-05-09,0,0,NA,NA,NA,NA,NA,NA,NA,NA,NA,NA,NA,NA,129
Stieglitz,354,2021,2021-04-30,6,0,F,?,?,?,?,?,F,?,?,?,?,?,120
Stieglitz,354,2021,2021-05-20,0,0,NA,NA,NA,NA,NA,NA,NA,NA,NA,NA,NA,NA,140
Stieglitz,354,2021,2021-06-17,4,0,F,T,?,?,?,?,F,?,?,?,?,?,168
Stieglitz,355,2019,2019-03-23,1,0,F,T,F,F,?,F,F,F,F,F,F,?,82
Stieglitz,355,2019,2019-04-14,0,0,NA,NA,NA,NA,NA,NA,NA,NA,NA,NA,NA,NA,104
Stieglitz,355,2019,2019-05-01,2,0,F,F,F,F,?,F,F,F,F,F,F,?,121
Stieglitz,355,2019,2019-05-25,2,0,F,T,F,F,?,F,F,F,F,F,F,?,145
Stieglitz,355,2020,2020-03-13,0,0,NA,NA,NA,NA,NA,NA,NA,NA,NA,NA,NA,NA,73
Stieglitz,355,2020,2020-04-23,2,0,F,T,T,F,?,F,F,F,F,F,F,?,114
Stieglitz,355,2020,2020-05-18,1,0,F,T,F,F,?,F,F,F,F,F,F,?,139
Stieglitz,355,2020,2020-06-18,1,0,F,F,T,F,?,F,F,F,F,F,F,?,170
Stieglitz,355,2021,2021-03-31,2,0,F,T,F,F,?,F,F,F,F,F,F,?,90
Stieglitz,355,2021,2021-04-20,3,0,F,T,F,F,?,F,F,F,F,F,F,?,110
Stieglitz,355,2021,2021-05-14,1,0,F,F,T,F,?,F,F,F,F,F,F,?,134
Stieglitz,355,2021,2021-06-15,0,0,NA,NA,NA,NA,NA,NA,NA,NA,NA,NA,NA,NA,166
Stieglitz,355,2022,2022-03-22,0,0,NA,NA,NA,NA,NA,NA,NA,NA,NA,NA,NA,NA,81
Stieglitz,355,2022,2022-04-27,2,0,F,F,F,F,F,F,F,F,F,F,F,?,117
Stieglitz,355,2022,2022-05-14,0,0,NA,NA,NA,NA,NA,NA,NA,NA,NA,NA,NA,NA,134
Stieglitz,355,2022,2022-06-15,2,0,F,T,F,F,F,F,F,F,F,F,F,?,166
Stieglitz,355,2023,2023-03-15,2,0,F,T,F,F,?,F,F,F,F,F,F,?,74
Stieglitz,355,2023,2023-04-13,3,0,F,T,F,F,?,F,F,F,F,F,F,?,103
Stieglitz,355,2023,2023-05-10,2,0,F,T,F,F,?,F,F,F,F,F,F,?,130
Stieglitz,355,2023,2023-06-15,0,0,NA,NA,NA,NA,NA,NA,NA,NA,NA,NA,NA,NA,166
Stieglitz,357,2021,2021-03-28,1,0,F,T,?,?,?,?,F,?,?,?,?,?,87
Stieglitz,357,2021,2021-04-24,5,0,F,?,?,?,?,T,F,?,?,?,?,?,114
Stieglitz,357,2021,2021-05-14,2,0,F,?,?,?,?,T,F,?,?,?,?,?,134
Stieglitz,357,2021,2021-06-12,5,0,F,?,?,?,?,T,F,?,?,?,T,?,163
Stieglitz,358,2018,2018-03-16,3,0,?,T,F,F,?,F,F,F,F,F,F,?,75
Stieglitz,358,2018,2018-04-13,7,0,?,T,F,F,?,F,F,F,F,F,F,?,103
Stieglitz,358,2018,2018-05-08,2,0,?,T,F,F,?,F,F,F,F,F,F,?,128
Stieglitz,358,2018,2018-06-05,4,0,?,T,F,F,?,F,F,F,F,F,F,?,156
Stieglitz,358,2020,2020-03-22,3,0,F,T,F,F,?,F,F,F,F,F,F,?,82
Stieglitz,358,2020,2020-04-17,8,0,F,T,F,F,?,F,F,F,F,F,F,?,108
Stieglitz,358,2020,2020-05-08,8,0,F,T,F,F,?,F,F,F,F,F,F,?,129
Stieglitz,358,2020,2020-06-19,4,0,F,T,F,F,?,F,F,F,F,F,F,?,171
Stieglitz,358,2021,2021-03-26,13,0,F,T,F,F,?,F,F,F,F,F,F,?,85
Stieglitz,358,2021,2021-04-26,6,0,F,T,F,F,?,F,F,F,F,F,F,?,116
Stieglitz,358,2021,2021-05-19,9,0,F,T,F,F,?,F,F,F,F,F,F,?,139
Stieglitz,358,2021,2021-06-14,10,0,F,T,F,F,?,F,F,F,F,F,F,?,165
Stieglitz,360,2021,2021-03-29,4,0,F,T,T,F,?,F,F,F,F,F,F,?,88
Stieglitz,360,2021,2021-04-21,0,0,NA,NA,NA,NA,NA,NA,NA,NA,NA,NA,NA,NA,111
Stieglitz,360,2021,2021-05-18,0,0,NA,NA,NA,NA,NA,NA,NA,NA,NA,NA,NA,NA,138
Stieglitz,360,2021,2021-06-13,3,0,F,F,F,F,?,F,F,F,F,F,F,?,164
Stieglitz,363,2019,2019-03-21,4,0,F,T,F,F,?,F,F,F,F,F,F,?,80
Stieglitz,363,2019,2019-04-16,1,0,F,F,F,F,?,T,F,F,F,F,F,?,106
Stieglitz,363,2019,2019-05-13,3,0,F,T,F,F,?,T,F,F,F,F,F,?,133
Stieglitz,363,2019,2019-06-17,4,0,F,T,F,F,?,F,F,F,F,F,F,?,168
Stieglitz,363,2020,2020-03-20,3,0,F,T,F,F,?,F,F,F,F,F,F,?,80
Stieglitz,363,2020,2020-04-12,3,0,F,F,F,F,?,F,F,F,F,F,F,?,103
Stieglitz,363,2020,2020-05-05,5,0,F,T,F,F,?,F,F,F,F,F,F,?,126
Stieglitz,363,2020,2020-06-12,6,0,F,T,F,F,?,F,F,F,F,F,F,?,164
Stieglitz,363,2022,2022-03-26,5,0,F,F,F,F,?,F,F,F,F,F,F,?,85
Stieglitz,363,2022,2022-04-15,2,0,F,T,T,F,?,F,F,F,F,F,F,?,105
Stieglitz,363,2022,2022-05-07,6,0,F,F,T,F,?,F,F,F,F,F,F,?,127
Stieglitz,363,2022,2022-06-06,3,0,F,T,F,F,?,F,F,F,F,F,F,?,157
Stieglitz,363,2023,2023-03-26,6,0,F,T,F,F,?,F,F,F,F,F,F,?,85
Stieglitz,363,2023,2023-04-23,6,0,F,T,F,F,?,F,F,F,F,F,F,?,113
Stieglitz,363,2023,2023-05-14,3,0,F,F,T,F,?,F,F,F,F,F,F,?,134
Stieglitz,363,2023,2023-05-28,9,0,F,T,F,F,?,T,F,F,F,T,F,?,148
Stieglitz,364,2019,2019-03-28,2,0,F,F,F,F,?,F,F,F,F,F,F,?,87
Stieglitz,364,2019,2019-04-23,6,0,F,F,F,F,?,F,F,F,F,F,F,?,113
Stieglitz,364,2019,2019-05-15,3,0,F,F,F,F,?,F,F,F,F,F,F,?,135
Stieglitz,364,2019,2019-06-17,4,0,F,F,F,F,?,F,F,F,F,F,F,?,168
Stieglitz,364,2020,2020-03-15,1,0,F,F,F,F,?,F,F,F,F,F,F,?,75
Stieglitz,364,2020,2020-04-10,6,0,F,T,T,F,?,F,F,F,F,F,F,?,101
Stieglitz,364,2020,2020-05-06,5,0,F,T,F,F,?,F,F,F,F,F,F,?,127
Stieglitz,364,2020,2020-06-11,11,0,F,T,F,F,?,F,F,F,F,F,F,?,163
Stieglitz,364,2022,2022-03-23,2,0,F,F,T,F,?,T,F,F,F,F,F,?,82
Stieglitz,364,2022,2022-04-17,5,0,F,T,T,F,?,F,F,F,F,F,F,?,107
Stieglitz,364,2022,2022-05-10,5,0,F,T,F,F,?,F,F,F,F,F,F,?,130
Stieglitz,364,2022,2022-06-08,2,0,F,T,F,F,?,F,F,F,F,F,F,?,159
Stieglitz,364,2023,2023-03-25,20,0,T,T,T,F,?,F,F,F,F,F,F,?,84
Stieglitz,364,2023,2023-04-08,5,0,F,T,T,F,?,F,F,F,F,F,F,?,98
Stieglitz,364,2023,2023-05-18,5,0,F,F,T,F,?,F,F,F,F,F,F,?,138
Stieglitz,364,2023,2023-06-04,6,0,F,T,T,F,?,T,F,F,F,F,F,?,155
Stieglitz,366,2019,2019-03-20,4,0,F,F,F,F,?,F,F,F,F,F,F,?,79
Stieglitz,366,2019,2019-04-11,6,0,F,T,F,F,?,F,F,F,F,F,F,?,101
Stieglitz,366,2019,2019-05-06,3,0,F,F,F,F,?,F,F,F,F,F,F,?,126
Stieglitz,366,2019,2019-06-03,4,0,F,F,F,F,?,F,F,F,F,F,F,?,154
Stieglitz,366,2020,2020-03-26,2,0,F,F,F,F,?,F,F,F,F,F,F,?,86
Stieglitz,366,2020,2020-04-11,3,0,F,F,T,F,?,F,F,F,F,F,F,?,102
Stieglitz,366,2020,2020-05-08,8,0,F,T,T,F,?,F,F,F,F,F,F,?,129
Stieglitz,366,2020,2020-06-08,11,0,F,T,T,F,?,F,F,F,F,F,T,?,160
Stieglitz,366,2022,2022-03-20,7,0,F,T,T,F,?,F,F,F,F,F,F,?,79
Stieglitz,366,2022,2022-04-10,10,0,F,T,T,F,?,T,F,F,F,F,F,?,100
Stieglitz,366,2022,2022-05-08,14,0,F,T,T,F,?,T,F,F,F,F,F,?,128
Stieglitz,366,2022,2022-06-04,14,0,F,T,T,F,?,F,F,F,F,F,F,?,155
Stieglitz,366,2023,2023-03-19,13,0,T,T,T,F,?,T,F,F,F,F,F,?,78
Stieglitz,366,2023,2023-04-07,22,0,F,T,T,F,?,T,F,F,F,F,F,?,97
Stieglitz,366,2023,2023-05-13,9,0,F,T,F,F,T,T,F,F,F,F,F,?,133
Stieglitz,366,2023,2023-05-29,11,0,F,T,T,F,?,T,F,F,F,F,F,?,149
Stieglitz,366,2023,2023-05-06,0,0,NA,NA,NA,NA,NA,NA,NA,NA,NA,NA,NA,NA,126
Stieglitz,367,2019,2019-03-20,2,0,F,T,F,F,?,F,F,F,F,F,F,?,79
Stieglitz,367,2019,2019-04-23,0,0,NA,NA,NA,NA,NA,NA,NA,NA,NA,NA,NA,NA,113
Stieglitz,367,2019,2019-05-15,3,0,F,F,F,F,?,T,F,F,F,F,F,?,135
Stieglitz,367,2019,2019-06-14,1,0,F,F,F,F,?,T,F,F,F,F,F,?,165
Stieglitz,367,2020,2020-03-12,0,0,NA,NA,NA,NA,NA,NA,NA,NA,NA,NA,NA,NA,72
Stieglitz,367,2020,2020-04-06,4,0,F,F,F,F,?,F,F,F,F,F,F,?,97
Stieglitz,367,2020,2020-05-04,4,0,F,T,T,F,?,F,F,F,F,F,F,?,125
Stieglitz,367,2020,2020-06-10,4,0,F,T,F,F,?,F,F,F,F,F,F,?,162
Stieglitz,367,2022,2022-03-16,4,0,T,T,F,F,?,F,F,F,F,F,F,?,75
Stieglitz,367,2022,2022-04-06,1,0,F,F,F,F,?,F,F,F,F,F,F,?,96
Stieglitz,367,2022,2022-05-01,4,0,F,T,F,F,?,T,F,F,F,F,F,?,121
Stieglitz,367,2022,2022-05-28,8,0,T,T,F,T,?,T,F,F,F,F,F,?,148
Stieglitz,367,2023,2023-03-12,1,0,F,T,F,F,?,F,F,F,F,F,F,?,71
Stieglitz,367,2023,2023-04-15,3,0,F,T,F,F,?,F,F,F,F,F,F,?,105
Stieglitz,367,2023,2023-05-06,20,0,T,F,T,F,?,T,F,F,F,F,F,?,126
Stieglitz,367,2023,2023-06-08,11,11,T,T,T,F,?,T,F,F,F,F,F,?,159
Stieglitz,368,2018,2018-03-26,2,0,?,T,F,F,?,F,F,F,F,F,F,?,85
Stieglitz,368,2018,2018-04-14,0,0,NA,NA,NA,NA,NA,NA,NA,NA,NA,NA,NA,NA,104
Stieglitz,368,2018,2018-05-12,3,0,?,T,F,F,?,F,F,F,F,F,F,?,132
Stieglitz,368,2018,2018-05-26,3,0,?,T,F,F,?,F,F,F,F,F,F,?,146
Stieglitz,368,2018,2018-03-30,0,0,NA,NA,NA,NA,NA,NA,NA,NA,NA,NA,NA,NA,89
Stieglitz,368,2020,2020-03-28,1,0,F,T,F,F,?,F,F,F,F,F,F,?,88
Stieglitz,368,2020,2020-04-18,1,0,F,F,T,F,?,F,F,F,F,F,F,?,109
Stieglitz,368,2020,2020-05-17,3,0,F,T,F,F,?,F,F,F,F,F,F,?,138
Stieglitz,368,2020,2020-06-06,0,0,NA,NA,NA,NA,NA,NA,NA,NA,NA,NA,NA,NA,158
Stieglitz,368,2021,2021-03-28,2,0,F,T,F,F,?,F,?,F,F,F,F,?,87
Stieglitz,368,2021,2021-04-13,0,0,NA,NA,NA,NA,NA,NA,NA,NA,NA,NA,NA,NA,103
Stieglitz,368,2021,2021-05-25,7,0,F,T,T,F,?,F,?,F,F,F,F,?,145
Stieglitz,369,2018,2018-03-22,0,0,NA,NA,NA,NA,NA,NA,NA,NA,NA,NA,NA,NA,81
Stieglitz,369,2018,2018-04-06,0,0,NA,NA,NA,NA,NA,NA,NA,NA,NA,NA,NA,NA,96
Stieglitz,369,2018,2018-05-07,1,0,?,T,F,F,?,F,F,F,F,F,F,?,127
Stieglitz,369,2018,2018-06-02,0,0,NA,NA,NA,NA,NA,NA,NA,NA,NA,NA,NA,NA,153
Stieglitz,369,2020,2020-03-16,12,0,F,F,F,F,?,F,F,F,F,F,F,?,76
Stieglitz,369,2020,2020-04-08,0,0,NA,NA,NA,NA,NA,NA,NA,NA,NA,NA,NA,NA,99
Stieglitz,369,2020,2020-05-16,1,0,F,T,F,F,?,F,F,F,F,F,F,?,137
Stieglitz,369,2020,2020-06-02,2,0,F,T,F,F,?,F,F,F,F,F,F,?,154
Stieglitz,369,2021,2021-03-22,1,0,F,T,F,F,?,F,F,F,F,F,F,?,81
Stieglitz,369,2021,2021-04-09,3,0,F,T,F,F,?,T,F,F,F,F,F,?,99
Stieglitz,369,2021,2021-05-14,3,0,F,T,F,F,?,F,F,F,F,F,F,?,134
Stieglitz,369,2021,2021-06-11,2,0,F,F,T,F,?,F,F,F,F,F,F,?,162
Stieglitz,372,2018,2018-03-30,4,0,?,T,T,F,?,F,F,F,F,F,F,?,89
Stieglitz,372,2018,2018-04-13,1,0,?,T,F,F,?,F,F,F,F,F,F,?,103
Stieglitz,372,2018,2018-05-11,3,0,?,T,F,F,?,F,F,F,F,F,F,?,131
Stieglitz,372,2018,2018-06-20,8,0,?,T,F,F,?,F,F,F,F,F,F,?,171
Stieglitz,372,2018,2018-04-01,0,0,NA,NA,NA,NA,NA,NA,NA,NA,NA,NA,NA,NA,91
Stieglitz,372,2020,2020-03-27,5,0,F,T,F,F,?,T,F,F,F,F,F,?,87
Stieglitz,372,2020,2020-04-16,3,0,F,T,F,F,?,F,F,F,F,F,F,?,107
Stieglitz,372,2020,2020-05-19,3,0,F,T,F,F,?,F,F,F,F,F,F,?,140
Stieglitz,372,2020,2020-06-17,6,6,T,T,F,F,?,F,F,F,F,F,F,?,169
Stieglitz,372,2021,2021-03-26,9,0,F,T,?,?,?,?,F,?,?,?,?,?,85
Stieglitz,372,2021,2021-04-23,10,0,F,T,?,?,?,T,F,?,?,?,?,?,113
Stieglitz,372,2021,2021-05-20,9,0,F,T,?,?,?,T,F,?,?,?,?,?,140
Stieglitz,372,2021,2021-06-19,9,0,F,T,?,?,?,?,F,?,?,?,?,?,170
Stieglitz,374,2019,2019-03-27,6,0,F,T,F,F,?,F,F,F,F,F,F,?,86
Stieglitz,374,2019,2019-04-29,8,0,F,T,T,F,?,T,F,F,F,F,F,?,119
Stieglitz,374,2019,2019-05-09,9,0,F,T,F,F,?,T,F,F,F,F,F,?,129
Stieglitz,374,2019,2019-06-18,6,0,F,T,F,F,?,T,F,F,F,F,F,?,169
Stieglitz,374,2020,2020-03-24,6,0,F,F,F,F,?,F,F,F,F,F,F,?,84
Stieglitz,374,2020,2020-04-24,5,0,F,T,F,F,?,T,F,F,F,F,F,?,115
Stieglitz,374,2020,2020-05-19,3,0,F,T,F,F,?,F,F,F,F,F,F,?,140
Stieglitz,374,2020,2020-06-11,8,0,F,T,F,F,?,F,F,F,F,F,F,?,163
Stieglitz,374,2022,2022-03-29,1,0,F,T,F,F,?,F,F,F,F,F,F,?,88
Stieglitz,374,2022,2022-04-19,20,0,T,T,T,F,?,F,F,F,F,F,F,?,109
Stieglitz,374,2022,2022-05-20,14,0,F,F,T,F,?,F,F,F,F,F,F,?,140
Stieglitz,374,2022,2022-06-14,11,0,F,T,T,F,F,F,F,F,F,F,F,?,165
Stieglitz,374,2023,2023-03-24,7,0,F,F,T,F,F,F,F,F,F,F,F,?,83
Stieglitz,374,2023,2023-04-19,26,0,T,T,T,F,F,F,F,F,F,F,F,?,109
Stieglitz,374,2023,2023-05-15,35,0,F,T,T,F,F,F,F,F,F,F,F,?,135
Stieglitz,374,2023,2023-06-09,7,0,F,T,T,F,F,F,F,F,F,F,F,?,160
Stieglitz,375,2018,2018-03-24,6,0,?,T,F,F,?,F,F,F,F,F,F,?,83
Stieglitz,375,2018,2018-04-14,6,0,?,T,F,F,?,F,F,F,F,F,F,?,104
Stieglitz,375,2018,2018-05-12,7,0,?,T,F,F,?,F,F,F,F,F,F,?,132
Stieglitz,375,2018,2018-06-19,1,0,?,T,F,F,?,F,F,F,F,F,F,?,170
Stieglitz,376,2019,2019-03-25,1,0,F,T,F,F,?,F,F,F,F,F,F,?,84
Stieglitz,376,2019,2019-04-17,0,0,NA,NA,NA,NA,NA,NA,NA,NA,NA,NA,NA,NA,107
Stieglitz,376,2019,2019-05-06,2,0,F,T,F,F,?,F,F,F,F,F,F,?,126
Stieglitz,376,2019,2019-06-16,1,0,F,T,F,F,?,F,F,F,F,F,F,?,167
Stieglitz,376,2020,2020-03-24,0,0,NA,NA,NA,NA,NA,NA,NA,NA,NA,NA,NA,NA,84
Stieglitz,376,2020,2020-04-24,1,0,F,T,F,F,?,F,F,F,F,F,F,?,115
Stieglitz,376,2020,2020-05-14,1,0,F,T,F,F,?,F,F,F,F,F,F,?,135
Stieglitz,376,2020,2020-06-08,0,0,NA,NA,NA,NA,NA,NA,NA,NA,NA,NA,NA,NA,160
Stieglitz,376,2022,2022-03-25,0,0,NA,NA,NA,NA,NA,NA,NA,NA,NA,NA,NA,NA,84
Stieglitz,376,2022,2022-04-25,1,0,F,T,F,F,F,F,F,F,F,F,F,?,115
Stieglitz,376,2022,2022-05-17,1,0,F,T,F,F,F,F,F,F,F,F,F,?,137
Stieglitz,376,2022,2022-06-16,0,0,NA,NA,NA,NA,NA,NA,NA,NA,NA,NA,NA,NA,167
Stieglitz,376,2023,2023-03-21,0,0,NA,NA,NA,NA,NA,NA,NA,NA,NA,NA,NA,NA,80
Stieglitz,376,2023,2023-04-18,1,0,F,T,F,F,F,F,F,F,F,F,F,?,108
Stieglitz,376,2023,2023-05-13,3,3,T,T,F,F,F,F,F,F,F,F,F,?,133
Stieglitz,376,2023,2023-06-13,2,0,F,T,F,F,F,F,F,F,F,F,F,?,164
Stieglitz,385,2020,2020-03-25,0,0,NA,NA,NA,NA,NA,NA,NA,NA,NA,NA,NA,NA,85
Stieglitz,385,2020,2020-04-23,1,0,F,T,F,F,?,F,F,F,F,F,F,?,114
Stieglitz,385,2020,2020-05-14,0,0,NA,NA,NA,NA,NA,NA,NA,NA,NA,NA,NA,NA,135
Stieglitz,385,2020,2020-06-08,2,0,F,T,F,F,?,F,F,F,F,F,F,?,160
Stieglitz,385,2022,2022-03-21,0,0,NA,NA,NA,NA,NA,NA,NA,NA,NA,NA,NA,NA,80
Stieglitz,385,2022,2022-04-19,1,0,F,T,F,F,F,F,F,F,F,F,F,?,109
Stieglitz,385,2022,2022-05-11,2,0,F,T,F,F,F,F,F,F,F,F,F,?,131
Stieglitz,385,2022,2022-06-07,1,0,F,T,F,F,F,F,F,F,F,F,F,?,158
Stieglitz,385,2023,2023-03-21,0,0,NA,NA,NA,NA,NA,NA,NA,NA,NA,NA,NA,NA,80
Stieglitz,385,2023,2023-04-18,1,0,F,T,F,F,F,F,F,F,F,F,F,?,108
Stieglitz,385,2023,2023-05-13,0,0,NA,NA,NA,NA,NA,NA,NA,NA,NA,NA,NA,NA,133
Stieglitz,385,2023,2023-06-13,1,0,F,T,F,F,F,F,F,F,F,F,F,?,164
Stieglitz,387,2019,2019-03-25,0,0,NA,NA,NA,NA,NA,NA,NA,NA,NA,NA,NA,NA,84
Stieglitz,387,2019,2019-04-24,1,0,F,T,F,F,?,F,F,F,F,F,F,?,114
Stieglitz,387,2019,2019-05-08,0,0,NA,NA,NA,NA,NA,NA,NA,NA,NA,NA,NA,NA,128
Stieglitz,387,2019,2019-06-19,0,0,NA,NA,NA,NA,NA,NA,NA,NA,NA,NA,NA,NA,170
Stieglitz,387,2019,2019-03-27,0,0,NA,NA,NA,NA,NA,NA,NA,NA,NA,NA,NA,NA,86
Stieglitz,387,2020,2020-03-25,0,0,NA,NA,NA,NA,NA,NA,NA,NA,NA,NA,NA,NA,85
Stieglitz,387,2020,2020-04-22,0,0,NA,NA,NA,NA,NA,NA,NA,NA,NA,NA,NA,NA,113
Stieglitz,387,2020,2020-05-28,1,0,F,T,F,F,?,F,F,F,F,F,F,?,149
Stieglitz,387,2020,2020-06-12,2,0,F,F,F,F,?,F,F,F,F,F,F,?,164
Stieglitz,387,2022,2022-03-23,0,0,NA,NA,NA,NA,NA,NA,NA,NA,NA,NA,NA,NA,82
Stieglitz,387,2022,2022-04-20,1,0,F,T,F,F,F,F,F,F,F,F,F,?,110
Stieglitz,387,2022,2022-05-13,0,0,NA,NA,NA,NA,NA,NA,NA,NA,NA,NA,NA,NA,133
Stieglitz,387,2022,2022-06-15,1,0,F,T,F,F,F,F,F,F,F,F,F,?,166
Stieglitz,389,2019,2019-03-27,0,0,NA,NA,NA,NA,NA,NA,NA,NA,NA,NA,NA,NA,86
Stieglitz,389,2019,2019-04-24,2,0,F,T,F,F,?,F,F,F,F,F,F,?,114
Stieglitz,389,2019,2019-05-15,2,0,F,T,F,F,?,F,F,F,F,F,F,?,135
Stieglitz,389,2019,2019-06-19,2,0,F,T,F,F,?,F,F,F,F,F,F,?,170
Stieglitz,389,2020,2020-03-28,0,0,NA,NA,NA,NA,NA,NA,NA,NA,NA,NA,NA,NA,88
Stieglitz,389,2020,2020-04-28,3,0,F,T,F,F,?,F,F,F,F,F,F,?,119
Stieglitz,389,2020,2020-05-17,2,0,F,T,F,F,?,F,F,F,F,F,F,?,138
Stieglitz,389,2020,2020-06-18,1,0,F,T,F,F,?,F,F,F,F,F,F,?,170
Stieglitz,389,2022,2022-03-26,1,0,F,T,F,F,F,F,F,F,F,F,F,?,85
Stieglitz,389,2022,2022-04-27,1,0,F,T,F,F,F,F,F,F,F,F,F,?,117
Stieglitz,389,2022,2022-05-20,1,0,F,T,F,F,F,F,F,F,F,F,F,?,140
Stieglitz,389,2022,2022-06-18,4,0,F,T,T,F,F,F,F,F,F,F,F,?,169
Stieglitz,389,2023,2023-03-23,0,0,NA,NA,NA,NA,NA,NA,NA,NA,NA,NA,NA,NA,82
Stieglitz,389,2023,2023-04-26,3,0,F,T,F,F,F,F,F,F,F,F,F,?,116
Stieglitz,389,2023,2023-05-17,2,0,F,T,F,F,F,F,F,F,F,F,F,?,137
Stieglitz,389,2023,2023-06-17,4,0,F,T,F,F,F,F,F,F,F,F,F,?,168
Stieglitz,392,2019,2019-03-28,0,0,NA,NA,NA,NA,NA,NA,NA,NA,NA,NA,NA,NA,87
Stieglitz,392,2019,2019-04-24,0,0,NA,NA,NA,NA,NA,NA,NA,NA,NA,NA,NA,NA,114
Stieglitz,392,2019,2019-05-06,3,0,F,T,F,F,?,F,F,F,F,F,F,?,126
Stieglitz,392,2019,2019-06-05,2,0,F,T,F,F,?,F,F,F,F,F,F,?,156
Stieglitz,392,2020,2020-03-19,4,0,F,T,F,F,?,T,F,F,F,F,F,?,79
Stieglitz,392,2020,2020-04-21,4,0,F,T,F,F,?,T,F,F,F,F,F,?,112
Stieglitz,392,2020,2020-05-06,3,0,F,T,F,F,?,T,F,F,F,F,F,?,127
Stieglitz,392,2020,2020-06-08,3,0,F,F,F,F,?,T,F,F,F,F,F,?,160
Stieglitz,392,2022,2022-03-21,4,0,F,T,T,F,?,F,F,F,F,F,F,?,80
Stieglitz,392,2022,2022-04-22,9,0,T,T,T,F,?,F,F,F,F,F,F,?,112
Stieglitz,392,2022,2022-05-16,18,0,F,T,T,T,?,F,F,F,F,F,F,?,136
Stieglitz,392,2022,2022-06-13,2,0,F,F,T,F,?,F,F,F,F,F,F,?,164
Stieglitz,392,2023,2023-03-28,3,0,F,F,T,F,F,F,F,F,F,F,F,?,87
Stieglitz,392,2023,2023-04-20,12,0,F,T,T,F,F,F,F,F,F,F,F,?,110
Stieglitz,392,2023,2023-05-09,3,0,F,F,T,F,F,F,F,F,F,F,F,?,129
Stieglitz,392,2023,2023-06-07,4,0,F,F,T,F,F,F,F,F,F,F,F,?,158
Stieglitz,395,2019,2019-03-29,4,0,F,T,F,F,?,T,F,F,F,F,F,?,88
Stieglitz,395,2019,2019-04-15,5,0,F,T,F,F,?,T,F,F,F,F,F,?,105
Stieglitz,395,2019,2019-05-08,5,0,F,T,F,F,?,F,F,F,F,F,F,?,128
Stieglitz,395,2019,2019-06-06,3,0,F,F,T,F,?,T,F,F,F,F,F,?,157
Stieglitz,395,2020,2020-03-20,2,0,F,F,F,F,?,F,F,F,F,F,F,?,80
Stieglitz,395,2020,2020-04-27,2,0,F,T,F,F,?,T,F,F,F,F,F,?,118
Stieglitz,395,2020,2020-05-11,8,0,F,T,F,F,?,F,F,F,F,F,F,?,132
Stieglitz,395,2020,2020-06-03,3,0,F,T,F,F,?,F,F,F,F,F,F,?,155
Stieglitz,395,2022,2022-03-21,1,0,F,T,F,F,?,F,F,F,F,F,F,?,80
Stieglitz,395,2022,2022-04-22,6,0,F,T,T,F,?,F,F,F,F,F,F,?,112
Stieglitz,395,2022,2022-05-19,4,0,F,T,T,F,?,F,F,F,F,F,F,?,139
Stieglitz,395,2022,2022-06-13,3,0,F,T,F,F,?,F,F,F,F,F,F,?,164
Stieglitz,395,2023,2023-03-27,2,0,F,F,T,F,F,F,F,F,F,F,F,?,86
Stieglitz,395,2023,2023-04-24,0,0,NA,NA,NA,NA,NA,NA,NA,NA,NA,NA,NA,NA,114
Stieglitz,395,2023,2023-05-15,0,0,NA,NA,NA,NA,NA,NA,NA,NA,NA,NA,NA,NA,135
Stieglitz,395,2023,2023-06-13,0,0,NA,NA,NA,NA,NA,NA,NA,NA,NA,NA,NA,NA,164
Stieglitz,396,2019,2019-03-21,6,0,F,T,F,F,?,F,F,F,F,F,F,?,80
Stieglitz,396,2019,2019-04-29,7,0,F,T,F,F,?,F,F,F,F,F,F,?,119
Stieglitz,396,2019,2019-05-09,8,0,F,F,F,F,?,F,F,F,F,F,F,?,129
Stieglitz,396,2019,2019-06-05,8,0,F,T,F,F,?,F,F,F,F,F,F,?,156
Stieglitz,396,2020,2020-03-25,2,0,F,T,F,F,?,F,F,F,F,F,F,?,85
Stieglitz,396,2020,2020-04-23,6,0,F,T,F,F,?,T,F,F,F,F,F,?,114
Stieglitz,396,2020,2020-05-18,3,0,F,F,F,F,?,T,F,F,F,F,F,?,139
Stieglitz,396,2020,2020-06-18,5,0,F,T,F,F,?,F,F,F,F,F,F,?,170
Stieglitz,396,2022,2022-03-28,2,0,F,F,T,F,?,F,F,F,F,F,F,?,87
Stieglitz,396,2022,2022-04-22,5,0,F,T,T,F,T,F,F,F,F,F,F,?,112
Stieglitz,396,2022,2022-05-16,5,0,F,T,T,F,?,T,F,F,F,F,F,?,136
Stieglitz,396,2022,2022-06-15,3,0,F,T,T,F,?,F,F,F,F,F,F,?,166
Stieglitz,396,2023,2023-03-28,9,0,F,T,T,F,F,F,F,F,F,F,F,?,87
Stieglitz,396,2023,2023-04-21,13,0,F,T,T,F,F,F,F,F,F,F,F,?,111
Stieglitz,396,2023,2023-05-16,12,0,F,T,T,F,F,F,F,F,F,F,F,?,136
Stieglitz,396,2023,2023-06-12,5,0,F,T,T,F,F,F,F,F,F,F,F,?,163
Stieglitz,397,2018,2018-03-11,0,0,NA,NA,NA,NA,NA,NA,NA,NA,NA,NA,NA,NA,70
Stieglitz,397,2018,2018-04-08,3,0,?,T,F,F,?,F,F,F,F,F,F,?,98
Stieglitz,397,2018,2018-05-06,4,0,?,T,F,F,?,F,F,F,F,F,F,?,126
Stieglitz,397,2018,2018-06-10,2,0,?,T,F,F,?,F,F,F,F,F,F,?,161
Stieglitz,397,2020,2020-03-28,0,0,NA,NA,NA,NA,NA,NA,NA,NA,NA,NA,NA,NA,88
Stieglitz,397,2020,2020-04-10,4,0,T,T,F,F,?,F,F,F,F,F,F,?,101
Stieglitz,397,2020,2020-05-21,8,0,F,T,F,F,?,F,F,F,F,F,F,?,142
Stieglitz,397,2020,2020-06-16,3,0,F,T,F,F,?,F,F,F,F,F,F,?,168
Stieglitz,397,2021,2021-03-21,3,0,F,T,F,F,?,F,F,F,F,F,F,?,80
Stieglitz,397,2021,2021-04-05,5,0,F,T,F,F,?,F,F,F,F,F,F,?,95
Stieglitz,397,2021,2021-05-13,5,0,F,T,F,F,?,F,F,F,F,F,F,?,133
Stieglitz,397,2021,2021-06-13,7,0,F,T,F,F,?,F,F,F,F,F,F,?,164
Stieglitz,398,2019,2019-03-27,12,0,F,T,F,F,?,F,F,F,F,F,F,?,86
Stieglitz,398,2019,2019-04-15,13,0,F,T,F,F,?,F,F,F,F,F,F,?,105
Stieglitz,398,2019,2019-05-16,9,0,F,T,F,F,?,F,F,F,F,F,F,?,136
Stieglitz,398,2019,2019-06-04,8,0,F,T,F,F,?,F,F,F,F,F,F,?,155
Stieglitz,398,2020,2020-03-26,7,0,F,T,F,F,?,T,F,F,F,F,F,?,86
Stieglitz,398,2020,2020-04-08,14,0,F,T,F,F,?,T,F,F,F,F,F,?,99
Stieglitz,398,2020,2020-04-28,8,0,F,T,F,F,?,T,F,F,F,F,F,?,119
Stieglitz,398,2020,2020-06-02,9,0,F,T,F,F,?,T,F,F,F,F,F,?,154
Stieglitz,398,2022,2022-03-22,0,0,NA,NA,NA,NA,NA,NA,NA,NA,NA,NA,NA,NA,81
Stieglitz,398,2022,2022-04-25,6,0,F,T,T,F,?,F,F,F,F,F,F,?,115
Stieglitz,398,2022,2022-05-20,10,0,F,T,F,F,?,T,F,F,F,F,F,?,140
Stieglitz,398,2022,2022-06-13,6,0,F,T,T,F,?,F,F,F,F,F,F,?,164
Stieglitz,398,2023,2023-03-20,7,0,F,T,T,F,F,F,F,F,F,F,F,?,79
Stieglitz,398,2023,2023-04-17,10,0,F,T,T,F,F,F,F,F,F,F,F,?,107
Stieglitz,398,2023,2023-05-09,1,0,F,T,F,F,F,F,F,F,F,F,F,?,129
Stieglitz,398,2023,2023-05-30,4,0,F,T,T,F,F,F,F,F,F,F,F,?,150
Stieglitz,403,2019,2019-03-24,5,0,F,F,F,F,?,F,F,F,F,F,F,?,83
Stieglitz,403,2019,2019-04-19,1,0,F,F,F,F,?,F,F,F,F,F,F,?,109
Stieglitz,403,2019,2019-04-20,3,0,F,T,F,F,?,F,F,F,F,F,F,?,110
Stieglitz,403,2019,2019-05-13,12,0,F,T,F,F,?,F,F,F,F,F,F,?,133
Stieglitz,403,2019,2019-06-14,9,0,F,T,F,F,?,F,F,F,F,F,F,?,165
Stieglitz,403,2020,2020-03-27,2,0,F,F,F,F,?,F,F,F,F,F,F,?,87
Stieglitz,403,2020,2020-04-29,1,0,F,F,F,F,?,F,F,F,F,F,F,?,120
Stieglitz,403,2020,2020-05-19,2,0,F,T,F,F,?,F,F,F,F,F,F,?,140
Stieglitz,403,2020,2020-06-20,1,0,F,T,F,F,?,F,F,F,F,F,F,?,172
Stieglitz,403,2022,2022-03-22,1,0,F,T,F,F,?,F,F,F,F,F,F,?,81
Stieglitz,403,2022,2022-04-25,3,0,F,T,F,F,?,F,F,F,F,F,F,?,115
Stieglitz,403,2022,2022-05-20,4,0,T,T,F,F,?,T,F,F,F,F,F,?,140
Stieglitz,403,2022,2022-06-13,3,0,F,T,T,F,?,F,F,F,F,F,F,?,164
Stieglitz,403,2023,2023-03-21,1,0,F,F,T,F,F,F,F,F,F,F,F,?,80
Stieglitz,403,2023,2023-04-19,14,0,T,T,T,F,F,T,F,F,F,F,F,?,109
Stieglitz,403,2023,2023-05-10,5,0,F,T,T,F,F,F,F,F,F,F,F,?,130
Stieglitz,403,2023,2023-06-05,6,0,F,T,T,F,F,F,F,F,F,F,F,?,156
