species,site,year,date,n_individuals,n_guests,guest,singing,calling,warning,aggressive_interaction,couple,female,nesting_material,feeding,nest,juvenile,territory,doy
Elster,2,2019,2019-03-31,3,0,?,?,?,?,?,T,?,?,?,?,?,?,90
Elster,2,2019,2019-04-18,1,0,?,?,?,?,?,?,?,?,?,?,?,?,108
Elster,2,2019,2019-05-03,2,0,?,?,T,?,?,?,?,?,?,?,?,?,123
Elster,2,2019,2019-06-14,0,0,NA,NA,NA,NA,NA,NA,NA,NA,NA,NA,NA,NA,165
Elster,2,2020,2020-04-09,1,0,F,F,F,F,?,F,F,F,F,F,F,?,100
Elster,2,2020,2020-05-06,2,0,F,F,F,F,?,F,F,F,F,F,F,?,127
Elster,2,2020,2020-03-26,2,0,F,F,F,F,?,F,F,F,F,F,F,?,86
Elster,2,2020,2020-06-12,1,0,F,F,T,F,?,F,F,F,F,F,F,?,164
Elster,2,2021,2021-03-29,0,0,NA,NA,NA,NA,NA,NA,NA,NA,NA,NA,NA,NA,88
Elster,2,2021,2021-05-07,1,0,F,F,F,F,?,F,F,F,F,F,F,?,127
Elster,2,2021,2021-06-07,0,0,NA,NA,NA,NA,NA,NA,NA,NA,NA,NA,NA,NA,158
Elster,2,2021,2021-04-19,1,0,F,F,F,F,?,F,F,F,F,T,F,?,109
Elster,2,2022,2022-03-25,0,0,NA,NA,NA,NA,NA,NA,NA,NA,NA,NA,NA,NA,84
Elster,2,2022,2022-05-04,2,0,F,F,F,F,F,T,F,F,F,F,F,?,124
Elster,2,2022,2022-06-15,0,0,NA,NA,NA,NA,NA,NA,NA,NA,NA,NA,NA,NA,166
Elster,2,2022,2022-04-14,1,0,F,F,T,F,F,F,F,F,F,F,F,?,104
Elster,2,2023,2023-04-03,0,0,NA,NA,NA,NA,NA,NA,NA,NA,NA,NA,NA,NA,93
Elster,2,2023,2023-06-07,0,0,NA,NA,NA,NA,NA,NA,NA,NA,NA,NA,NA,NA,158
Elster,2,2023,2023-03-25,1,0,F,F,T,F,?,F,F,F,F,F,F,?,84
Elster,2,2023,2023-05-02,0,0,NA,NA,NA,NA,NA,NA,NA,NA,NA,NA,NA,NA,122
Elster,4,2019,2019-03-22,0,0,NA,NA,NA,NA,NA,NA,NA,NA,NA,NA,NA,NA,81
Elster,4,2019,2019-04-16,2,0,F,F,F,T,?,F,F,F,F,T,F,?,106
Elster,4,2019,2019-05-09,0,0,NA,NA,NA,NA,NA,NA,NA,NA,NA,NA,NA,NA,129
Elster,4,2019,2019-06-05,0,0,NA,NA,NA,NA,NA,NA,NA,NA,NA,NA,NA,NA,156
Elster,4,2020,2020-03-18,1,0,F,F,F,F,?,F,F,F,F,T,F,?,78
Elster,4,2020,2020-04-16,0,0,NA,NA,NA,NA,NA,NA,NA,NA,NA,NA,NA,NA,107
Elster,4,2020,2020-05-07,0,0,NA,NA,NA,NA,NA,NA,NA,NA,NA,NA,NA,NA,128
Elster,4,2020,2020-06-02,0,0,NA,NA,NA,NA,NA,NA,NA,NA,NA,NA,NA,NA,154
Elster,4,2021,2021-03-24,1,0,?,F,F,F,?,F,F,?,F,F,F,?,83
Elster,4,2021,2021-04-20,0,0,NA,NA,NA,NA,NA,NA,NA,NA,NA,NA,NA,NA,110
Elster,4,2021,2021-05-15,1,0,?,F,F,T,?,F,F,?,F,F,F,?,135
Elster,4,2021,2021-06-04,0,0,NA,NA,NA,NA,NA,NA,NA,NA,NA,NA,NA,NA,155
Elster,4,2022,2022-03-21,1,0,F,F,T,F,?,F,F,F,F,F,F,?,80
Elster,4,2022,2022-04-18,0,0,NA,NA,NA,NA,NA,NA,NA,NA,NA,NA,NA,NA,108
Elster,4,2022,2022-05-12,0,0,NA,NA,NA,NA,NA,NA,NA,NA,NA,NA,NA,NA,132
Elster,4,2022,2022-06-02,0,0,NA,NA,NA,NA,NA,NA,NA,NA,NA,NA,NA,NA,153
Elster,4,2023,2023-03-18,2,0,F,F,T,F,F,F,F,F,F,T,F,?,77
Elster,4,2023,2023-04-26,2,0,F,F,F,F,F,F,F,F,F,T,F,?,116
Elster,4,2023,2023-05-19,0,0,NA,NA,NA,NA,NA,NA,NA,NA,NA,NA,NA,NA,139
Elster,4,2023,2023-06-07,0,0,NA,NA,NA,NA,NA,NA,NA,NA,NA,NA,NA,NA,158
Elster,7,2020,2020-03-15,4,0,F,F,T,F,?,F,F,F,F,F,F,?,75
Elster,7,2020,2020-04-10,1,0,F,F,F,F,?,F,F,F,F,F,F,?,101
Elster,7,2020,2020-05-17,1,0,F,F,F,F,?,F,F,F,F,F,F,?,138
Elster,7,2020,2020-05-31,0,0,NA,NA,NA,NA,NA,NA,NA,NA,NA,NA,NA,NA,152
Elster,7,2021,2021-03-17,4,0,F,F,F,F,?,T,?,F,F,T,F,?,76
Elster,7,2021,2021-05-09,2,0,F,F,F,F,?,F,?,F,F,T,F,?,129
Elster,7,2021,2021-05-27,3,0,F,F,F,F,?,F,?,F,F,F,F,?,147
Elster,7,2021,2021-06-08,6,0,F,F,T,F,?,F,?,F,F,F,F,?,159
Elster,10,2018,2018-03-26,13,0,F,F,F,F,?,F,F,F,F,F,F,?,85
Elster,10,2018,2018-04-18,5,0,F,F,F,F,?,F,F,F,F,F,F,?,108
Elster,10,2018,2018-05-07,4,0,F,F,F,F,?,F,F,F,F,F,F,?,127
Elster,10,2018,2018-05-18,2,0,F,F,F,F,?,F,F,F,F,F,F,?,138
Elster,10,2018,2018-05-23,9,0,T,F,F,F,?,F,F,F,F,F,F,?,143
Elster,10,2020,2020-03-17,27,0,T,F,T,F,?,F,F,F,F,T,F,?,77
Elster,10,2020,2020-04-10,13,0,T,F,T,F,?,F,F,F,F,F,F,?,101
Elster,10,2020,2020-05-01,6,6,T,F,F,F,T,F,F,F,F,F,F,?,122
Elster,10,2020,2020-05-31,13,13,T,T,F,F,T,F,F,F,F,F,F,?,152
Elster,10,2021,2021-04-01,14,0,T,F,F,F,?,F,F,T,F,F,F,?,91
Elster,10,2021,2021-04-24,11,11,T,F,T,F,?,F,F,F,F,F,F,?,114
Elster,10,2021,2021-05-16,3,3,T,F,F,F,?,F,F,F,F,F,F,?,136
Elster,10,2021,2021-06-01,2,0,T,F,F,F,?,F,F,F,F,F,F,?,152
Elster,13,2018,2018-03-25,4,0,F,F,F,F,?,F,F,F,F,F,F,?,84
Elster,13,2018,2018-04-19,0,0,NA,NA,NA,NA,NA,NA,NA,NA,NA,NA,NA,NA,109
Elster,13,2018,2018-05-12,2,0,F,F,F,F,?,F,F,F,F,F,F,?,132
Elster,13,2018,2018-06-03,0,0,NA,NA,NA,NA,NA,NA,NA,NA,NA,NA,NA,NA,154
Elster,13,2020,2020-03-28,1,0,F,F,F,F,?,F,F,F,F,F,F,?,88
Elster,13,2020,2020-04-19,2,0,F,F,F,F,?,F,F,F,F,F,F,?,110
Elster,13,2020,2020-05-10,1,0,F,F,T,F,?,F,F,F,F,F,F,?,131
Elster,13,2020,2020-06-05,0,0,NA,NA,NA,NA,NA,NA,NA,NA,NA,NA,NA,NA,157
Elster,13,2021,2021-03-28,2,0,F,F,F,F,?,F,F,F,F,F,F,?,87
Elster,13,2021,2021-04-18,0,0,NA,NA,NA,NA,NA,NA,NA,NA,NA,NA,NA,NA,108
Elster,13,2021,2021-05-10,3,0,F,F,F,F,?,F,F,F,T,F,F,?,130
Elster,13,2021,2021-06-05,3,0,F,F,T,T,?,F,F,F,T,F,F,?,156
Elster,14,2018,2018-03-14,2,0,F,F,F,F,?,F,F,F,F,F,F,?,73
Elster,14,2018,2018-04-11,3,0,F,F,F,F,?,F,F,F,F,F,F,?,101
Elster,14,2018,2018-05-08,1,0,F,F,F,F,?,F,F,F,F,F,F,?,128
Elster,14,2018,2018-06-11,3,0,F,F,F,F,?,F,F,F,F,F,F,?,162
Elster,14,2018,2018-03-18,0,0,NA,NA,NA,NA,NA,NA,NA,NA,NA,NA,NA,NA,77
Elster,14,2020,2020-03-15,2,0,F,T,F,F,?,T,F,F,F,F,F,?,75
Elster,14,2020,2020-04-18,1,0,F,F,F,F,?,F,F,F,F,F,F,?,109
Elster,14,2020,2020-05-09,1,0,F,F,F,F,?,F,F,F,F,F,F,?,130
Elster,14,2020,2020-06-17,2,0,F,T,F,F,?,F,F,F,F,F,F,?,169
Elster,14,2021,2021-06-13,5,0,F,T,F,F,?,T,?,F,F,F,F,?,164
Elster,15,2019,2019-03-29,6,0,?,F,F,?,?,?,?,?,?,?,?,?,88
Elster,15,2019,2019-04-18,0,0,NA,NA,NA,NA,NA,NA,NA,NA,NA,NA,NA,NA,108
Elster,15,2019,2019-05-01,2,0,?,?,?,?,?,T,?,?,?,?,?,?,121
Elster,15,2019,2019-06-03,0,0,NA,NA,NA,NA,NA,NA,NA,NA,NA,NA,NA,NA,154
Elster,15,2021,2021-03-29,1,0,?,F,?,?,?,?,?,?,?,?,?,?,88
Elster,15,2021,2021-04-18,1,0,?,F,?,?,?,?,?,?,?,?,?,?,108
Elster,15,2021,2021-05-14,0,0,NA,NA,NA,NA,NA,NA,NA,NA,NA,NA,NA,NA,134
Elster,15,2021,2021-06-18,2,0,?,F,?,?,?,?,?,?,?,?,?,?,169
Elster,15,2021,2021-03-16,0,0,NA,NA,NA,NA,NA,NA,NA,NA,NA,NA,NA,NA,75
Elster,15,2022,2022-03-17,0,0,NA,NA,NA,NA,NA,NA,NA,NA,NA,NA,NA,NA,76
Elster,15,2022,2022-04-21,0,0,NA,NA,NA,NA,NA,NA,NA,NA,NA,NA,NA,NA,111
Elster,15,2022,2022-05-08,1,0,F,F,T,F,F,F,F,F,F,F,F,?,128
Elster,15,2022,2022-05-29,0,0,NA,NA,NA,NA,NA,NA,NA,NA,NA,NA,NA,NA,149
Elster,15,2022,2022-03-16,0,0,NA,NA,NA,NA,NA,NA,NA,NA,NA,NA,NA,NA,75
Elster,15,2023,2023-03-23,2,0,F,F,F,F,?,F,F,F,F,F,F,?,82
Elster,15,2023,2023-04-19,2,0,F,F,F,F,?,T,F,F,F,F,F,?,109
Elster,15,2023,2023-05-11,0,0,NA,NA,NA,NA,NA,NA,NA,NA,NA,NA,NA,NA,131
Elster,15,2023,2023-06-13,1,0,F,F,F,T,?,F,F,F,F,F,F,?,164
Elster,25,2020,2020-03-19,1,0,F,F,T,F,?,F,F,F,F,F,F,?,79
Elster,25,2020,2020-04-17,0,0,NA,NA,NA,NA,NA,NA,NA,NA,NA,NA,NA,NA,108
Elster,25,2020,2020-05-08,0,0,NA,NA,NA,NA,NA,NA,NA,NA,NA,NA,NA,NA,129
Elster,25,2020,2020-05-30,0,0,NA,NA,NA,NA,NA,NA,NA,NA,NA,NA,NA,NA,151
Elster,25,2021,2021-04-24,1,0,F,F,F,F,?,F,?,F,F,F,F,?,114
Elster,25,2021,2021-05-09,1,0,F,F,F,T,?,F,?,F,F,F,F,?,129
Elster,25,2021,2021-05-24,2,0,F,F,F,F,?,F,?,F,F,F,F,?,144
Elster,28,2019,2019-03-21,7,0,F,F,F,F,?,F,F,F,F,F,F,?,80
Elster,28,2019,2019-04-16,2,0,F,F,F,F,?,F,F,F,F,T,F,?,106
Elster,28,2019,2019-05-08,5,0,F,F,T,F,?,F,F,F,F,F,F,?,128
Elster,28,2019,2019-06-09,2,0,F,F,F,F,?,F,F,F,F,F,T,?,160
Elster,28,2019,2019-04-17,0,0,NA,NA,NA,NA,NA,NA,NA,NA,NA,NA,NA,NA,107
Elster,28,2019,2019-06-15,0,0,NA,NA,NA,NA,NA,NA,NA,NA,NA,NA,NA,NA,166
Elster,31,2021,2021-03-28,6,0,F,F,F,F,?,F,F,F,F,F,F,?,87
Elster,31,2021,2021-04-29,7,0,F,F,F,F,?,F,F,F,F,F,F,?,119
Elster,31,2021,2021-05-20,5,0,F,F,F,F,?,F,F,F,F,F,F,?,140
Elster,31,2021,2021-06-20,4,0,F,F,F,F,?,F,F,T,F,F,F,?,171
Elster,32,2020,2020-03-15,17,0,F,F,F,F,?,T,F,F,F,F,F,?,75
Elster,32,2020,2020-04-19,11,0,F,F,F,F,?,T,F,T,F,F,F,?,110
Elster,32,2020,2020-05-17,8,0,F,F,F,F,?,T,F,F,F,F,F,?,138
Elster,32,2020,2020-06-12,10,0,F,F,F,F,?,F,F,F,F,F,F,?,164
Elster,32,2021,2021-03-22,9,0,F,?,?,?,?,T,F,?,?,T,?,?,81
Elster,32,2021,2021-04-28,22,0,F,?,?,?,?,?,F,T,T,T,?,?,118
Elster,32,2021,2021-05-10,10,0,F,?,?,?,?,T,F,?,?,T,?,?,130
Elster,32,2021,2021-06-17,10,0,F,?,?,?,?,T,F,?,?,?,?,?,168
Elster,33,2020,2020-03-28,4,0,F,F,F,F,?,F,F,F,F,F,F,?,88
Elster,33,2020,2020-04-25,3,0,F,F,T,F,?,F,F,F,F,F,F,?,116
Elster,33,2020,2020-05-16,8,0,F,F,T,T,?,F,F,F,F,F,F,?,137
Elster,33,2020,2020-06-01,4,0,F,F,T,F,?,F,F,F,F,F,F,?,153
Elster,33,2021,2021-03-30,2,0,F,?,?,?,?,?,F,?,?,?,?,?,89
Elster,33,2021,2021-04-25,7,0,F,?,?,T,?,?,F,?,?,?,?,?,115
Elster,33,2021,2021-05-10,1,0,F,?,?,?,?,?,F,?,?,?,?,?,130
Elster,33,2021,2021-05-30,4,0,F,?,?,T,?,?,F,?,?,?,?,?,150
Elster,34,2020,2020-03-19,7,0,F,F,T,F,?,T,F,F,F,T,F,?,79
Elster,34,2020,2020-04-16,4,0,F,F,T,F,?,T,F,F,F,F,F,?,107
Elster,34,2020,2020-05-08,3,0,T,F,F,F,?,F,F,F,F,F,F,?,129
Elster,34,2020,2020-06-18,4,0,F,F,F,F,?,F,F,F,F,F,F,?,170
Elster,34,2021,2021-03-29,5,0,F,?,?,?,?,T,F,?,?,?,?,?,88
Elster,34,2021,2021-04-23,5,0,F,?,?,?,?,T,F,?,T,T,?,?,113
Elster,34,2021,2021-05-07,5,0,F,?,?,?,?,T,F,?,?,T,?,?,127
Elster,34,2021,2021-06-20,9,0,F,?,?,?,?,T,F,?,?,?,T,?,171
Elster,35,2020,2020-03-29,8,0,T,F,T,T,?,F,F,F,F,F,F,?,89
Elster,35,2020,2020-04-26,3,0,F,F,F,F,?,F,F,F,F,F,F,?,117
Elster,35,2020,2020-05-16,1,0,F,F,F,F,?,F,F,F,F,F,F,?,137
Elster,35,2020,2020-06-11,2,0,F,F,T,F,?,F,F,F,F,F,F,?,163
Elster,36,2018,2018-03-24,2,0,F,F,F,F,?,F,F,F,F,F,F,?,83
Elster,36,2018,2018-04-18,0,0,NA,NA,NA,NA,NA,NA,NA,NA,NA,NA,NA,NA,108
Elster,36,2018,2018-05-11,0,0,NA,NA,NA,NA,NA,NA,NA,NA,NA,NA,NA,NA,131
Elster,36,2018,2018-06-03,2,0,F,F,T,F,?,F,F,F,F,F,F,?,154
Elster,36,2020,2020-03-28,0,0,NA,NA,NA,NA,NA,NA,NA,NA,NA,NA,NA,NA,88
Elster,36,2020,2020-04-17,0,0,NA,NA,NA,NA,NA,NA,NA,NA,NA,NA,NA,NA,108
Elster,36,2020,2020-05-08,1,0,F,T,F,F,?,F,F,F,F,F,F,?,129
Elster,36,2020,2020-06-11,1,0,F,F,T,F,?,F,F,F,F,F,F,?,163
Elster,36,2021,2021-03-27,0,0,NA,NA,NA,NA,NA,NA,NA,NA,NA,NA,NA,NA,86
Elster,36,2021,2021-04-24,0,0,NA,NA,NA,NA,NA,NA,NA,NA,NA,NA,NA,NA,114
Elster,36,2021,2021-05-13,1,0,F,F,F,F,?,F,F,F,F,F,F,?,133
Elster,36,2021,2021-06-06,1,0,F,F,F,F,?,F,F,F,F,F,F,?,157
Elster,37,2018,2018-03-30,6,0,F,F,F,F,?,F,F,F,F,T,F,?,89
Elster,37,2018,2018-04-18,2,0,F,F,F,F,?,F,F,F,F,T,F,?,108
Elster,37,2018,2018-05-12,1,0,F,F,F,F,?,F,F,F,F,F,F,?,132
Elster,37,2018,2018-06-13,4,0,F,F,T,F,F,F,F,F,F,F,F,?,164
Elster,37,2020,2020-03-19,3,0,F,F,F,F,?,F,F,F,F,T,F,?,79
Elster,37,2020,2020-04-25,2,0,F,F,F,F,?,F,F,F,F,F,F,?,116
Elster,37,2020,2020-05-10,4,0,F,F,F,F,?,F,F,F,F,F,F,?,131
Elster,37,2020,2020-06-07,7,0,F,F,F,F,?,F,F,F,F,F,F,?,159
Elster,37,2021,2021-03-31,4,0,F,T,F,F,?,F,F,F,F,F,F,?,90
Elster,37,2021,2021-04-25,4,0,F,F,F,F,?,F,F,F,F,F,F,?,115
Elster,37,2021,2021-05-15,4,0,F,F,T,F,?,F,F,F,F,F,F,?,135
Elster,37,2021,2021-06-17,2,0,F,F,T,F,?,F,F,F,F,F,F,?,168
Elster,38,2019,2019-03-19,6,0,F,F,F,F,?,T,F,F,F,T,F,?,78
Elster,38,2019,2019-04-14,4,0,F,F,F,F,?,T,F,F,F,T,F,?,104
Elster,38,2019,2019-05-06,3,0,F,F,F,F,?,F,F,F,F,F,F,?,126
Elster,38,2019,2019-06-06,2,0,F,F,F,F,?,F,F,F,F,F,T,?,157
Elster,39,2019,2019-03-19,10,0,F,F,F,F,?,F,F,F,F,T,F,?,78
Elster,39,2019,2019-04-15,7,0,F,F,F,F,?,F,F,F,F,T,F,?,105
Elster,39,2019,2019-05-07,7,0,F,F,T,F,?,F,F,F,F,T,F,?,127
Elster,39,2019,2019-06-08,8,0,F,F,F,F,?,F,F,F,F,F,T,?,159
Elster,41,2021,2021-03-30,0,0,NA,NA,NA,NA,NA,NA,NA,NA,NA,NA,NA,NA,89
Elster,41,2021,2021-04-30,0,0,NA,NA,NA,NA,NA,NA,NA,NA,NA,NA,NA,NA,120
Elster,41,2021,2021-05-20,0,0,NA,NA,NA,NA,NA,NA,NA,NA,NA,NA,NA,NA,140
Elster,41,2021,2021-05-25,0,0,NA,NA,NA,NA,NA,NA,NA,NA,NA,NA,NA,NA,145
Elster,41,2021,2021-06-15,1,0,F,T,F,F,?,F,F,F,F,F,F,?,166
Elster,43,2019,2019-03-22,1,0,F,F,F,F,?,F,F,T,F,F,F,?,81
Elster,43,2019,2019-04-26,0,0,NA,NA,NA,NA,NA,NA,NA,NA,NA,NA,NA,NA,116
Elster,43,2019,2019-05-17,1,0,F,F,F,F,?,F,F,F,F,F,F,?,137
Elster,43,2019,2019-06-14,1,0,F,F,F,F,?,F,F,F,F,F,F,?,165
Elster,43,2021,2021-03-24,0,0,NA,NA,NA,NA,NA,NA,NA,NA,NA,NA,NA,NA,83
Elster,43,2021,2021-04-22,1,0,F,F,F,F,F,F,F,F,F,F,F,?,112
Elster,43,2021,2021-05-21,2,0,F,F,F,F,F,F,F,F,F,F,F,?,141
Elster,43,2021,2021-06-17,2,0,F,F,F,F,F,F,F,F,F,F,F,?,168
Elster,48,2020,2020-03-31,2,0,F,F,F,F,?,F,F,F,F,F,F,?,91
Elster,48,2020,2020-04-29,6,0,F,T,F,F,?,F,F,F,F,F,F,?,120
Elster,48,2020,2020-05-19,3,0,T,F,F,T,?,F,F,F,F,F,F,?,140
Elster,48,2020,2020-06-20,6,0,F,T,F,F,?,F,F,F,F,F,F,?,172
Elster,48,2021,2021-03-28,2,0,?,?,?,?,?,?,?,?,?,?,?,?,87
Elster,48,2021,2021-04-28,2,0,?,?,?,?,?,?,?,?,?,?,?,?,118
Elster,48,2021,2021-05-20,5,0,?,T,?,?,?,?,?,?,?,?,?,?,140
Elster,48,2021,2021-06-21,3,0,?,T,?,?,?,?,?,?,T,?,?,?,172
Elster,50,2018,2018-03-24,4,0,F,F,T,F,?,F,F,F,F,F,F,?,83
Elster,50,2018,2018-04-08,6,0,F,T,F,F,?,F,F,F,F,F,F,?,98
Elster,50,2018,2018-05-05,5,0,F,F,T,T,?,F,F,F,F,F,F,?,125
Elster,50,2018,2018-06-04,2,0,F,F,T,F,?,F,F,F,F,F,F,?,155
Elster,53,2018,2018-03-25,4,0,?,F,F,F,?,F,F,F,F,F,F,?,84
Elster,53,2018,2018-04-29,1,0,?,F,F,F,?,F,F,F,F,F,F,?,119
Elster,53,2018,2018-05-27,0,0,NA,NA,NA,NA,NA,NA,NA,NA,NA,NA,NA,NA,147
Elster,53,2018,2018-06-10,0,0,NA,NA,NA,NA,NA,NA,NA,NA,NA,NA,NA,NA,161
Elster,53,2020,2020-03-29,1,0,F,F,F,F,?,F,F,F,F,T,F,?,89
Elster,53,2020,2020-04-25,0,0,NA,NA,NA,NA,NA,NA,NA,NA,NA,NA,NA,NA,116
Elster,53,2020,2020-05-24,0,0,NA,NA,NA,NA,NA,NA,NA,NA,NA,NA,NA,NA,145
Elster,53,2020,2020-06-01,0,0,NA,NA,NA,NA,NA,NA,NA,NA,NA,NA,NA,NA,153
Elster,61,2018,2018-03-17,1,0,F,F,T,F,?,F,F,F,F,F,F,?,76
Elster,61,2018,2018-04-07,1,0,F,F,T,F,?,F,F,F,F,F,F,?,97
Elster,61,2018,2018-05-05,2,0,F,F,F,F,?,F,F,T,F,F,F,?,125
Elster,61,2018,2018-06-02,3,0,F,F,T,F,?,F,F,F,F,F,F,?,153
Elster,61,2020,2020-03-14,5,0,F,F,T,F,?,F,F,F,F,F,F,?,74
Elster,61,2020,2020-04-04,5,0,F,F,F,T,?,F,F,F,F,F,F,?,95
Elster,61,2020,2020-05-02,1,0,F,F,F,F,?,F,F,F,F,F,F,?,123
Elster,61,2020,2020-05-30,2,0,F,F,T,F,?,F,F,F,F,F,F,?,151
Elster,61,2021,2021-03-21,3,0,F,F,T,F,?,F,F,F,F,F,F,?,80
Elster,61,2021,2021-04-10,3,0,F,F,F,F,?,F,F,F,F,F,F,?,100
Elster,61,2021,2021-05-08,0,0,NA,NA,NA,NA,NA,NA,NA,NA,NA,NA,NA,NA,128
Elster,61,2021,2021-06-05,5,0,F,F,T,F,?,F,F,F,F,F,F,?,156
Elster,63,2019,2019-03-31,2,0,F,F,F,F,?,F,F,F,F,F,F,?,90
Elster,63,2019,2019-04-27,3,0,F,F,T,F,?,F,F,F,F,F,F,?,117
Elster,63,2019,2019-05-18,1,0,F,F,F,T,?,F,F,F,F,F,F,?,138
Elster,63,2019,2019-06-16,4,0,F,F,T,F,?,F,F,F,F,F,F,?,167
Elster,63,2021,2021-03-20,1,0,?,?,?,?,?,?,?,?,?,?,?,?,79
Elster,63,2021,2021-04-10,2,0,?,?,?,?,?,?,?,?,?,?,?,?,100
Elster,63,2021,2021-05-09,0,0,NA,NA,NA,NA,NA,NA,NA,NA,NA,NA,NA,NA,129
Elster,63,2021,2021-06-19,0,0,NA,NA,NA,NA,NA,NA,NA,NA,NA,NA,NA,NA,170
Elster,64,2019,2019-03-30,1,0,F,T,F,F,?,F,F,F,F,F,F,?,89
Elster,64,2019,2019-04-30,0,0,NA,NA,NA,NA,NA,NA,NA,NA,NA,NA,NA,NA,120
Elster,64,2019,2019-05-19,2,0,F,F,F,F,?,F,F,F,F,F,F,?,139
Elster,64,2019,2019-06-15,2,0,F,F,T,F,?,F,F,F,F,F,F,?,166
Elster,71,2019,2019-03-28,0,0,NA,NA,NA,NA,NA,NA,NA,NA,NA,NA,NA,NA,87
Elster,71,2019,2019-04-26,0,0,NA,NA,NA,NA,NA,NA,NA,NA,NA,NA,NA,NA,116
Elster,71,2019,2019-05-17,1,0,F,F,F,F,?,F,F,F,F,F,F,?,137
Elster,71,2019,2019-06-05,1,0,F,F,T,F,?,F,F,F,F,F,F,?,156
Elster,71,2020,2020-03-24,10,0,F,F,T,F,?,F,F,F,F,F,F,?,84
Elster,71,2020,2020-04-21,7,0,F,F,T,F,?,F,F,F,F,F,F,?,112
Elster,71,2020,2020-05-12,4,0,F,F,T,F,?,F,F,F,F,F,F,?,133
Elster,71,2020,2020-06-03,2,0,F,F,F,F,?,F,F,F,F,F,F,?,155
Elster,71,2021,2021-03-26,3,0,F,F,F,F,?,T,F,T,F,F,F,?,85
Elster,71,2021,2021-04-22,1,0,F,F,F,F,?,T,F,T,F,F,F,?,112
Elster,71,2021,2021-05-14,1,0,F,F,T,F,?,F,F,F,F,F,F,?,134
Elster,71,2022,2022-03-28,1,0,F,F,F,F,F,T,F,F,F,F,F,?,87
Elster,71,2022,2022-04-29,2,0,F,F,T,F,F,T,F,F,F,F,F,?,119
Elster,71,2022,2022-05-11,3,0,F,F,T,F,F,F,F,F,F,F,F,?,131
Elster,71,2022,2022-06-14,0,0,NA,NA,NA,NA,NA,NA,NA,NA,NA,NA,NA,NA,165
Elster,71,2023,2023-03-22,1,0,F,F,T,F,F,F,F,F,F,F,F,?,81
Elster,71,2023,2023-04-21,1,0,F,F,F,F,F,T,F,F,F,F,F,?,111
Elster,71,2023,2023-05-11,2,0,F,F,F,F,F,F,F,F,F,F,F,?,131
Elster,71,2023,2023-06-12,2,0,F,F,T,F,F,F,F,F,F,F,F,?,163
Elster,72,2021,2021-03-24,19,0,F,F,F,F,?,F,F,F,F,F,F,?,83
Elster,72,2021,2021-04-11,16,0,F,F,F,F,?,F,F,F,F,T,F,?,101
Elster,72,2021,2021-05-09,4,0,F,F,F,F,?,F,F,F,F,F,F,?,129
Elster,72,2021,2021-05-30,10,0,F,F,F,F,?,F,F,F,F,F,F,?,150
Elster,75,2019,2019-03-22,13,0,F,F,T,F,?,F,F,F,F,F,F,?,81
Elster,75,2019,2019-04-23,12,0,F,F,T,F,?,T,F,T,F,T,F,?,113
Elster,75,2019,2019-05-14,7,0,F,F,T,T,?,T,F,F,F,F,F,?,134
Elster,75,2019,2019-06-13,12,0,F,F,T,F,?,T,F,F,F,F,F,?,164
Elster,75,2020,2020-03-19,9,0,F,F,T,F,?,T,F,T,F,T,F,?,79
Elster,75,2020,2020-04-20,9,0,F,F,T,F,?,F,F,F,F,T,F,?,111
Elster,75,2020,2020-05-13,9,0,F,F,T,F,?,F,F,F,T,T,F,?,134
Elster,75,2020,2020-06-17,15,0,F,F,T,F,?,F,F,F,F,F,T,?,169
Elster,75,2021,2021-03-25,7,0,F,F,T,F,?,F,F,T,F,F,F,?,84
Elster,75,2021,2021-04-20,6,0,F,F,T,F,?,T,F,T,F,T,F,?,110
Elster,75,2021,2021-05-10,8,0,F,F,T,F,?,F,F,F,F,T,F,?,130
Elster,75,2021,2021-06-10,8,0,F,F,T,F,?,F,F,F,F,F,F,?,161
Elster,75,2022,2022-03-25,19,0,F,F,T,F,F,T,F,T,F,T,F,?,84
Elster,75,2022,2022-04-21,13,0,F,F,T,F,F,T,F,F,F,T,F,?,111
Elster,75,2022,2022-05-10,4,0,F,F,T,F,F,F,F,F,F,F,F,?,130
Elster,75,2022,2022-06-10,14,0,F,F,T,F,F,F,F,F,F,F,F,?,161
Elster,75,2023,2023-03-21,4,0,F,F,F,F,F,T,F,T,F,T,F,?,80
Elster,75,2023,2023-04-19,5,0,F,F,T,F,F,T,F,F,F,F,F,?,109
Elster,75,2023,2023-05-09,3,0,F,F,T,F,F,F,F,F,F,T,F,?,129
Elster,75,2023,2023-06-07,7,0,F,F,T,F,F,T,F,F,F,F,F,?,158
Elster,76,2019,2019-03-25,5,0,F,F,T,F,?,F,F,F,F,T,F,?,84
Elster,76,2019,2019-04-15,3,0,F,F,T,F,?,T,F,F,F,F,F,?,105
Elster,76,2019,2019-05-06,2,0,F,F,F,F,?,F,F,F,F,F,F,?,126
Elster,76,2019,2019-06-07,1,0,F,F,F,F,?,F,F,F,F,F,F,?,158
Elster,76,2020,2020-03-24,1,0,F,F,F,F,F,F,F,F,F,F,F,?,84
Elster,76,2020,2020-04-17,1,0,F,F,F,F,F,F,F,F,F,F,F,?,108
Elster,76,2020,2020-05-08,3,0,F,T,T,F,F,T,F,F,F,F,F,?,129
Elster,76,2020,2020-06-05,1,0,F,F,F,F,F,F,F,F,F,F,F,?,157
Elster,76,2021,2021-03-26,4,0,F,F,F,F,F,T,F,T,F,F,F,?,85
Elster,76,2021,2021-04-15,1,0,F,F,T,F,F,F,F,F,F,F,F,?,105
Elster,76,2021,2021-05-26,0,0,NA,NA,NA,NA,NA,NA,NA,NA,NA,NA,NA,NA,146
Elster,76,2021,2021-06-15,8,0,F,T,T,F,T,F,F,F,F,F,F,?,166
Elster,76,2022,2022-03-22,2,0,F,F,T,F,F,F,F,T,F,F,F,?,81
Elster,76,2022,2022-04-13,7,0,F,F,T,F,F,F,F,T,F,F,F,?,103
Elster,76,2022,2022-05-03,1,0,F,F,T,F,F,F,F,F,F,F,F,?,123
Elster,76,2022,2022-06-15,5,0,F,T,T,F,F,F,F,F,F,F,F,?,166
Elster,76,2023,2023-03-21,6,0,F,F,F,T,F,F,F,T,F,F,F,?,80
Elster,76,2023,2023-04-18,2,0,F,F,T,F,F,F,F,F,F,F,F,?,108
Elster,76,2023,2023-05-02,1,0,F,F,T,F,F,F,F,F,F,F,F,?,122
Elster,76,2023,2023-06-16,1,0,F,F,T,F,F,F,F,F,F,F,F,?,167
Elster,77,2020,2020-03-18,8,0,F,F,T,F,F,F,F,F,F,F,F,?,78
Elster,77,2020,2020-04-10,3,0,F,F,T,F,F,F,F,F,F,F,F,?,101
Elster,77,2020,2020-05-06,5,0,F,F,T,F,F,F,F,F,F,F,F,?,127
Elster,77,2020,2020-06-02,5,0,F,F,T,F,F,F,F,F,F,F,F,?,154
Elster,77,2021,2021-03-18,5,0,?,?,T,?,?,?,?,?,?,?,?,?,77
Elster,77,2021,2021-04-14,1,0,?,?,T,?,?,?,?,?,?,?,?,?,104
Elster,77,2021,2021-05-14,2,2,T,?,?,?,?,?,?,?,?,?,?,?,134
Elster,77,2021,2021-06-15,1,0,?,?,T,?,?,?,?,?,?,?,T,?,166
Elster,77,2022,2022-03-25,2,0,F,F,T,F,F,F,F,F,F,F,F,?,84
Elster,77,2022,2022-04-19,5,0,T,F,T,F,F,F,F,F,F,F,F,?,109
Elster,77,2022,2022-05-06,0,0,NA,NA,NA,NA,NA,NA,NA,NA,NA,NA,NA,NA,126
Elster,77,2022,2022-06-15,1,0,F,F,T,F,F,F,F,F,F,F,F,?,166
Elster,77,2023,2023-03-23,4,0,T,T,F,F,?,F,F,T,F,F,F,?,82
Elster,77,2023,2023-04-21,0,0,NA,NA,NA,NA,NA,NA,NA,NA,NA,NA,NA,NA,111
Elster,77,2023,2023-05-14,0,0,NA,NA,NA,NA,NA,NA,NA,NA,NA,NA,NA,NA,134
Elster,77,2023,2023-06-16,3,0,F,F,T,F,?,F,F,F,F,F,F,?,167
Elster,80,2020,2020-03-23,2,0,F,F,F,F,F,F,F,F,F,F,F,?,83
Elster,80,2020,2020-04-14,0,0,NA,NA,NA,NA,NA,NA,NA,NA,NA,NA,NA,NA,105
Elster,80,2020,2020-05-12,1,0,F,F,F,F,F,F,F,F,F,F,F,?,133
Elster,80,2020,2020-06-20,2,0,F,F,F,F,F,F,F,F,F,F,F,?,172
Elster,80,2021,2021-03-10,0,0,NA,NA,NA,NA,NA,NA,NA,NA,NA,NA,NA,NA,69
Elster,80,2021,2021-04-04,0,0,NA,NA,NA,NA,NA,NA,NA,NA,NA,NA,NA,NA,94
Elster,80,2021,2021-05-12,2,0,?,?,?,?,?,?,?,?,?,?,?,?,132
Elster,80,2021,2021-06-09,1,0,?,?,?,?,?,?,?,?,?,?,?,?,160
Elster,80,2022,2022-03-24,2,0,F,F,F,F,F,F,F,F,F,F,F,?,83
Elster,80,2022,2022-04-25,6,0,F,F,T,F,T,F,F,F,F,F,F,?,115
Elster,80,2022,2022-05-14,0,0,NA,NA,NA,NA,NA,NA,NA,NA,NA,NA,NA,NA,134
Elster,80,2022,2022-06-16,0,0,NA,NA,NA,NA,NA,NA,NA,NA,NA,NA,NA,NA,167
Elster,80,2023,2023-03-19,1,0,F,F,T,F,?,F,F,F,F,F,F,?,78
Elster,80,2023,2023-04-17,1,0,F,F,F,F,?,F,F,F,F,F,F,?,107
Elster,80,2023,2023-05-05,1,1,T,F,F,F,?,F,F,F,F,F,F,?,125
Elster,80,2023,2023-06-03,1,0,F,F,F,F,?,F,F,F,F,F,F,?,154
Elster,82,2021,2021-05-29,6,0,F,F,T,T,?,F,?,F,F,T,F,?,149
Elster,82,2021,2021-06-13,21,0,F,T,T,F,?,F,?,F,F,T,F,?,164
Elster,83,2018,2018-03-31,7,0,F,F,T,F,?,F,F,F,F,F,F,?,90
Elster,83,2018,2018-04-28,1,0,F,F,F,F,?,F,F,F,F,F,F,?,118
Elster,83,2018,2018-05-20,5,0,F,F,F,F,?,F,F,F,F,F,F,?,140
Elster,83,2018,2018-06-10,6,0,F,F,F,T,?,F,F,F,F,F,F,?,161
Elster,83,2020,2020-03-15,4,0,T,F,F,T,?,F,F,F,F,F,F,?,75
Elster,83,2020,2020-04-10,3,0,F,F,F,F,?,F,F,F,F,F,F,?,101
Elster,83,2020,2020-05-03,0,0,NA,NA,NA,NA,NA,NA,NA,NA,NA,NA,NA,NA,124
Elster,83,2020,2020-06-24,8,0,F,F,F,F,?,F,F,F,F,F,F,?,176
Elster,83,2021,2021-03-29,2,0,F,F,F,F,?,F,F,F,F,F,F,?,88
Elster,83,2021,2021-04-22,1,0,F,F,F,F,?,F,F,F,F,T,F,?,112
Elster,83,2021,2021-05-10,1,0,F,F,F,F,?,F,F,F,T,F,F,?,130
Elster,83,2021,2021-06-15,6,0,F,F,F,F,?,F,F,F,T,F,F,?,166
Elster,84,2018,2018-03-30,0,0,NA,NA,NA,NA,NA,NA,NA,NA,NA,NA,NA,NA,89
Elster,84,2018,2018-04-06,1,0,F,F,F,F,?,F,F,F,F,F,F,?,96
Elster,84,2018,2018-05-10,0,0,NA,NA,NA,NA,NA,NA,NA,NA,NA,NA,NA,NA,130
Elster,84,2018,2018-06-17,1,0,F,F,F,F,?,F,F,F,F,F,F,?,168
Elster,84,2018,2018-06-06,0,0,NA,NA,NA,NA,NA,NA,NA,NA,NA,NA,NA,NA,157
Elster,84,2020,2020-03-16,2,0,F,F,T,F,?,F,F,F,F,F,F,?,76
Elster,84,2020,2020-04-14,1,0,F,F,F,F,?,F,F,F,F,F,F,?,105
Elster,84,2020,2020-05-20,0,0,NA,NA,NA,NA,NA,NA,NA,NA,NA,NA,NA,NA,141
Elster,84,2020,2020-06-12,0,0,NA,NA,NA,NA,NA,NA,NA,NA,NA,NA,NA,NA,164
Elster,84,2021,2021-03-24,4,0,F,F,F,F,?,T,F,F,F,F,F,?,83
Elster,84,2021,2021-04-21,0,0,NA,NA,NA,NA,NA,NA,NA,NA,NA,NA,NA,NA,111
Elster,84,2021,2021-05-09,2,0,F,T,T,F,?,F,F,F,F,F,F,?,129
Elster,84,2021,2021-06-10,1,0,F,F,F,F,?,F,F,F,F,F,F,?,161
Elster,86,2020,2020-03-14,1,0,F,F,T,F,F,T,F,F,F,F,F,?,74
Elster,86,2020,2020-04-13,1,0,F,T,F,F,F,F,F,F,F,F,F,?,104
Elster,86,2020,2020-05-07,0,0,NA,NA,NA,NA,NA,NA,NA,NA,NA,NA,NA,NA,128
Elster,86,2020,2020-05-23,0,0,NA,NA,NA,NA,NA,NA,NA,NA,NA,NA,NA,NA,144
Elster,86,2021,2021-03-18,5,0,?,T,T,?,?,T,?,?,?,?,?,?,77
Elster,86,2021,2021-04-08,0,0,NA,NA,NA,NA,NA,NA,NA,NA,NA,NA,NA,NA,98
Elster,86,2021,2021-05-02,2,0,?,?,T,?,?,?,?,?,?,?,?,?,122
Elster,86,2021,2021-05-25,3,0,?,T,?,?,?,T,?,?,?,?,?,?,145
Elster,86,2022,2022-03-21,2,0,F,T,F,F,F,F,F,F,F,F,F,?,80
Elster,86,2022,2022-04-25,1,0,F,T,F,F,F,F,F,F,F,F,F,?,115
Elster,86,2022,2022-05-09,1,0,F,T,F,F,F,F,F,F,F,F,F,?,129
Elster,86,2022,2022-06-13,2,0,F,F,T,F,F,F,F,F,F,F,F,?,164
Elster,86,2023,2023-04-21,1,0,F,T,F,F,F,F,F,F,F,F,F,?,111
Elster,86,2023,2023-06-12,1,0,F,F,T,F,F,F,F,F,F,F,F,?,163
Elster,86,2023,2023-03-24,1,0,F,T,F,F,F,F,F,F,F,F,F,?,83
Elster,86,2023,2023-05-17,1,0,F,F,F,F,F,F,F,F,F,F,F,?,137
Elster,87,2020,2020-03-14,2,0,F,F,F,F,F,F,F,F,F,F,F,?,74
Elster,87,2020,2020-04-26,0,0,NA,NA,NA,NA,NA,NA,NA,NA,NA,NA,NA,NA,117
Elster,87,2020,2020-05-10,0,0,NA,NA,NA,NA,NA,NA,NA,NA,NA,NA,NA,NA,131
Elster,87,2020,2020-06-01,5,0,F,F,T,F,F,F,F,F,F,F,F,?,153
Elster,87,2021,2021-03-12,7,7,T,T,?,?,?,?,?,T,?,?,?,?,71
Elster,87,2021,2021-04-08,1,1,T,?,?,?,?,?,?,?,?,?,?,?,98
Elster,87,2021,2021-05-08,1,0,?,?,?,?,?,?,?,?,?,?,?,?,128
Elster,87,2021,2021-06-14,0,0,NA,NA,NA,NA,NA,NA,NA,NA,NA,NA,NA,NA,165
Elster,87,2022,2022-03-27,0,0,NA,NA,NA,NA,NA,NA,NA,NA,NA,NA,NA,NA,86
Elster,87,2022,2022-04-20,1,0,F,F,F,F,F,F,F,F,F,F,F,?,110
Elster,87,2022,2022-05-08,3,3,T,F,F,F,F,F,F,F,F,F,F,?,128
Elster,87,2022,2022-06-04,2,0,T,F,T,F,F,F,F,F,F,F,F,?,155
Elster,87,2023,2023-03-20,9,0,F,F,T,F,T,F,F,F,F,F,F,?,79
Elster,87,2023,2023-04-22,1,0,F,F,F,F,?,F,F,F,F,F,F,?,112
Elster,87,2023,2023-05-13,1,1,T,F,F,F,?,F,F,F,F,F,F,?,133
Elster,87,2023,2023-06-04,1,0,F,F,F,F,?,F,F,F,F,F,F,?,155
Elster,89,2018,2018-03-25,2,0,F,F,T,T,?,F,F,F,F,F,F,?,84
Elster,89,2018,2018-04-21,1,0,F,F,F,F,?,F,F,F,F,F,F,?,111
Elster,89,2018,2018-05-12,3,0,F,T,F,F,?,F,F,F,F,F,F,?,132
Elster,89,2018,2018-06-20,0,0,NA,NA,NA,NA,NA,NA,NA,NA,NA,NA,NA,NA,171
Elster,89,2020,2020-03-20,2,0,F,F,T,F,?,F,F,F,F,F,F,?,80
Elster,89,2020,2020-04-18,1,0,F,F,F,F,?,F,F,F,F,T,F,?,109
Elster,89,2020,2020-05-06,3,0,F,F,F,F,?,T,F,T,F,F,F,?,127
Elster,89,2020,2020-06-19,1,0,F,F,F,F,?,F,F,F,F,F,F,?,171
Elster,89,2021,2021-03-28,2,0,?,?,?,?,?,?,?,T,?,T,?,?,87
Elster,89,2021,2021-04-28,1,0,?,?,?,?,?,?,?,?,?,?,?,?,118
Elster,89,2021,2021-05-15,2,0,?,?,?,?,?,T,?,?,?,?,?,?,135
Elster,89,2021,2021-06-20,1,0,?,?,T,?,?,?,?,?,?,?,?,?,171
Elster,90,2020,2020-03-17,0,0,NA,NA,NA,NA,NA,NA,NA,NA,NA,NA,NA,NA,77
Elster,90,2020,2020-04-19,2,0,F,T,T,F,F,F,F,F,F,F,F,?,110
Elster,90,2020,2020-05-06,1,0,F,F,T,F,F,F,F,F,F,F,F,?,127
Elster,90,2020,2020-05-21,1,0,F,F,T,F,F,F,F,F,F,F,F,?,142
Elster,90,2021,2021-03-19,2,0,?,T,?,?,?,?,?,?,?,?,?,?,78
Elster,90,2021,2021-04-13,2,0,?,?,?,?,?,T,?,?,?,?,?,?,103
Elster,90,2021,2021-05-01,2,0,?,T,?,?,?,?,?,?,?,?,?,?,121
Elster,90,2021,2021-06-05,1,0,?,T,?,?,?,?,?,?,?,?,?,?,156
Elster,90,2023,2023-03-22,0,0,NA,NA,NA,NA,NA,NA,NA,NA,NA,NA,NA,NA,81
Elster,90,2023,2023-04-11,1,0,F,T,F,F,F,F,F,F,F,F,F,?,101
Elster,90,2023,2023-05-17,0,0,NA,NA,NA,NA,NA,NA,NA,NA,NA,NA,NA,NA,137
Elster,90,2023,2023-06-12,1,0,F,T,F,F,F,F,F,F,F,F,F,?,163
Elster,91,2018,2018-03-11,3,0,F,F,T,F,?,F,F,F,F,F,F,?,70
Elster,91,2018,2018-04-15,0,0,NA,NA,NA,NA,NA,NA,NA,NA,NA,NA,NA,NA,105
Elster,91,2018,2018-05-11,0,0,NA,NA,NA,NA,NA,NA,NA,NA,NA,NA,NA,NA,131
Elster,91,2018,2018-06-02,5,0,F,F,F,F,?,F,F,F,F,F,F,?,153
Elster,91,2020,2020-03-24,0,0,NA,NA,NA,NA,NA,NA,NA,NA,NA,NA,NA,NA,84
Elster,91,2020,2020-04-20,0,0,NA,NA,NA,NA,NA,NA,NA,NA,NA,NA,NA,NA,111
Elster,91,2020,2020-05-10,1,0,F,F,F,F,?,F,F,F,F,F,F,?,131
Elster,91,2020,2020-06-14,1,0,F,F,F,F,?,F,F,F,F,F,F,?,166
Elster,91,2021,2021-03-30,1,0,F,?,?,?,?,?,F,?,?,?,?,?,89
Elster,91,2021,2021-04-25,1,0,F,T,?,?,?,?,F,?,?,?,?,?,115
Elster,91,2021,2021-05-14,2,0,F,T,?,?,?,?,F,?,?,?,?,?,134
Elster,91,2021,2021-06-13,4,0,F,?,?,?,?,?,F,?,?,?,?,?,164
Elster,92,2020,2020-03-20,7,0,F,F,F,F,?,T,F,F,F,F,F,?,80
Elster,92,2020,2020-04-26,4,0,F,F,T,F,?,F,F,F,F,F,F,?,117
Elster,92,2020,2020-05-20,6,0,F,F,T,F,?,F,F,F,F,F,F,?,141
Elster,92,2020,2020-06-18,4,0,F,F,T,F,?,F,F,F,F,F,F,?,170
Elster,92,2021,2021-03-22,4,0,F,?,?,?,?,?,F,T,?,T,?,?,81
Elster,92,2021,2021-04-17,2,0,F,?,?,?,?,?,F,?,?,?,?,?,107
Elster,92,2021,2021-05-15,3,0,F,?,?,?,?,?,F,?,?,?,?,?,135
Elster,92,2021,2021-05-31,5,0,F,?,?,T,?,?,F,?,?,?,?,?,151
Elster,96,2018,2018-03-24,3,0,F,F,F,F,?,F,F,F,F,F,F,?,83
Elster,96,2018,2018-04-11,0,0,NA,NA,NA,NA,NA,NA,NA,NA,NA,NA,NA,NA,101
Elster,96,2018,2018-05-09,8,0,F,F,F,F,?,F,F,F,F,F,F,?,129
Elster,96,2018,2018-06-06,4,0,F,F,F,F,?,F,F,F,F,F,T,?,157
Elster,96,2020,2020-03-20,5,0,F,F,F,F,?,F,F,F,F,T,F,?,80
Elster,96,2020,2020-04-06,1,0,F,F,F,F,?,F,F,F,F,T,F,?,97
Elster,96,2020,2020-05-08,3,0,F,F,F,F,?,F,F,F,F,F,F,?,129
Elster,96,2020,2020-05-22,0,0,NA,NA,NA,NA,NA,NA,NA,NA,NA,NA,NA,NA,143
Elster,96,2021,2021-03-24,3,0,F,F,F,F,?,F,?,F,F,F,F,?,83
Elster,96,2021,2021-04-21,2,0,F,F,F,F,?,F,?,F,F,T,F,?,111
Elster,96,2021,2021-05-08,3,0,F,F,F,F,?,F,?,F,F,T,F,?,128
Elster,96,2021,2021-05-29,3,0,F,F,F,F,?,F,?,F,F,F,T,?,149
Elster,97,2018,2018-03-24,1,0,F,F,F,F,?,F,F,F,F,F,F,?,83
Elster,97,2018,2018-04-17,0,0,NA,NA,NA,NA,NA,NA,NA,NA,NA,NA,NA,NA,107
Elster,97,2018,2018-05-10,0,0,NA,NA,NA,NA,NA,NA,NA,NA,NA,NA,NA,NA,130
Elster,97,2018,2018-06-10,0,0,NA,NA,NA,NA,NA,NA,NA,NA,NA,NA,NA,NA,161
Elster,97,2020,2020-03-20,0,0,NA,NA,NA,NA,NA,NA,NA,NA,NA,NA,NA,NA,80
Elster,97,2020,2020-04-17,0,0,NA,NA,NA,NA,NA,NA,NA,NA,NA,NA,NA,NA,108
Elster,97,2020,2020-05-11,2,0,F,F,F,F,?,F,F,F,F,F,F,?,132
Elster,97,2020,2020-06-12,2,0,F,F,F,F,?,F,F,F,F,F,F,?,164
Elster,97,2021,2021-03-29,1,0,F,F,F,F,?,T,F,F,F,F,F,?,88
Elster,97,2021,2021-04-20,1,0,F,F,F,T,?,F,F,F,F,F,F,?,110
Elster,97,2021,2021-05-14,0,0,NA,NA,NA,NA,NA,NA,NA,NA,NA,NA,NA,NA,134
Elster,97,2021,2021-06-11,0,0,NA,NA,NA,NA,NA,NA,NA,NA,NA,NA,NA,NA,162
Elster,99,2019,2019-03-26,7,0,F,F,T,F,?,F,F,F,F,T,F,?,85
Elster,99,2019,2019-04-23,3,0,F,F,F,F,?,F,F,F,F,T,F,?,113
Elster,99,2019,2019-05-07,1,0,F,F,F,F,?,F,F,F,F,F,F,?,127
Elster,99,2019,2019-06-13,0,0,NA,NA,NA,NA,NA,NA,NA,NA,NA,NA,NA,NA,164
Elster,99,2020,2020-03-27,9,0,F,F,T,F,T,T,F,T,F,F,F,?,87
Elster,99,2020,2020-04-24,1,0,F,F,T,F,F,F,F,F,F,F,F,?,115
Elster,99,2020,2020-05-14,3,0,F,F,T,F,T,F,F,F,F,F,F,?,135
Elster,99,2020,2020-06-02,3,0,F,F,T,F,F,F,F,F,F,F,F,?,154
Elster,99,2021,2021-03-18,9,0,F,F,T,F,F,T,F,F,F,F,F,?,77
Elster,99,2021,2021-04-21,1,0,F,F,F,F,F,F,F,T,F,F,F,?,111
Elster,99,2021,2021-05-19,4,0,F,F,F,F,F,F,F,F,F,F,F,?,139
Elster,99,2021,2021-06-08,8,0,F,F,T,T,F,F,F,F,F,F,F,?,159
Elster,99,2022,2022-03-16,8,0,F,F,T,F,F,F,F,T,F,F,F,?,75
Elster,99,2022,2022-04-20,1,0,F,F,F,F,F,F,F,F,F,F,F,?,110
Elster,99,2022,2022-05-12,3,0,F,F,T,F,F,F,F,F,F,F,F,?,132
Elster,99,2022,2022-06-17,5,0,F,F,T,F,F,F,F,F,F,F,F,?,168
Elster,99,2023,2023-03-15,11,0,F,F,T,F,T,F,F,T,F,F,F,?,74
Elster,99,2023,2023-04-19,1,0,F,F,T,F,F,F,F,F,F,F,F,?,109
Elster,99,2023,2023-05-10,1,0,F,F,T,F,F,F,F,F,F,F,F,?,130
Elster,99,2023,2023-06-07,1,0,F,F,F,F,F,F,F,T,F,F,F,?,158
Elster,101,2018,2018-04-01,2,0,F,F,F,F,?,F,F,F,F,F,F,?,91
Elster,101,2018,2018-04-23,2,0,F,F,F,F,?,F,F,F,F,F,F,?,113
Elster,101,2018,2018-05-30,1,0,F,F,F,F,F,F,F,F,F,F,F,?,150
Elster,101,2018,2018-06-29,3,0,F,F,F,F,F,F,F,F,F,F,F,?,180
Elster,101,2021,2021-03-29,3,0,F,F,F,F,?,F,F,F,F,F,F,?,88
Elster,101,2021,2021-04-17,0,0,NA,NA,NA,NA,NA,NA,NA,NA,NA,NA,NA,NA,107
Elster,101,2021,2021-05-15,0,0,NA,NA,NA,NA,NA,NA,NA,NA,NA,NA,NA,NA,135
Elster,101,2021,2021-06-20,3,0,F,T,F,F,?,F,F,F,T,F,F,?,171
Elster,102,2019,2019-03-19,20,0,F,F,T,F,?,F,F,F,F,F,F,?,78
Elster,102,2019,2019-04-19,2,0,F,F,F,F,?,F,F,F,F,F,F,?,109
Elster,102,2019,2019-05-14,2,0,F,F,F,F,?,F,F,F,F,F,F,?,134
Elster,102,2019,2019-05-28,7,0,F,T,T,F,?,F,F,F,F,T,F,?,148
Elster,102,2020,2020-03-19,9,0,F,F,T,F,F,F,F,T,F,F,F,?,79
Elster,102,2020,2020-04-16,2,0,F,F,T,F,F,T,F,F,F,F,F,?,107
Elster,102,2020,2020-05-07,1,0,F,F,F,F,F,F,F,F,F,F,F,?,128
Elster,102,2020,2020-06-17,10,0,F,T,T,F,F,F,F,F,F,F,F,?,169
Elster,102,2021,2021-03-23,7,0,F,F,T,F,T,F,F,T,F,F,F,?,82
Elster,102,2021,2021-04-20,5,0,F,T,T,F,F,T,F,F,F,F,F,?,110
Elster,102,2021,2021-05-14,3,0,F,F,T,F,F,T,F,T,F,F,F,?,134
Elster,102,2021,2021-06-11,5,0,F,F,T,F,F,F,F,F,F,F,F,?,162
Elster,102,2022,2022-03-21,8,0,F,F,T,F,F,F,F,T,F,F,F,?,80
Elster,102,2022,2022-04-22,8,0,F,F,T,F,F,F,F,T,F,F,F,?,112
Elster,102,2022,2022-05-13,8,0,F,F,T,F,F,F,F,F,F,F,F,?,133
Elster,102,2022,2022-06-10,8,0,F,F,T,F,F,F,F,F,F,F,F,?,161
Elster,103,2018,2018-03-30,26,0,F,F,T,F,?,T,F,T,T,T,F,?,89
Elster,103,2018,2018-04-14,29,0,F,F,T,T,?,F,F,F,F,T,F,?,104
Elster,103,2018,2018-05-11,22,0,T,F,T,F,?,T,F,F,F,T,F,?,131
Elster,103,2018,2018-06-16,20,0,F,F,T,F,T,F,F,F,F,F,F,?,167
Elster,103,2020,2020-03-16,31,0,T,F,T,F,?,T,F,T,F,T,F,?,76
Elster,103,2020,2020-04-12,9,0,F,F,T,F,?,T,F,F,F,T,F,?,103
Elster,103,2020,2020-05-18,10,0,F,F,T,F,?,F,F,F,F,F,F,?,139
Elster,103,2020,2020-06-18,15,0,T,F,T,F,?,F,T,F,F,F,F,?,170
Elster,103,2021,2021-03-28,19,0,?,?,?,?,?,T,?,T,?,?,?,?,87
Elster,103,2021,2021-04-25,8,0,?,?,T,?,?,?,?,?,?,?,?,?,115
Elster,103,2021,2021-05-13,12,0,?,?,?,?,?,T,?,?,?,?,?,?,133
Elster,103,2021,2021-06-11,17,0,?,?,T,?,?,T,T,?,?,?,?,?,162
Elster,104,2018,2018-03-15,4,0,F,T,T,F,?,T,F,F,F,F,F,?,74
Elster,104,2018,2018-04-17,4,0,F,F,T,F,?,F,F,T,F,T,F,?,107
Elster,104,2018,2018-05-08,4,0,F,F,T,F,?,T,F,F,F,T,F,?,128
Elster,104,2018,2018-05-31,2,0,F,F,T,F,?,F,F,F,F,F,F,?,151
Elster,104,2020,2020-03-18,4,0,F,T,F,F,?,T,F,T,F,F,F,?,78
Elster,104,2020,2020-04-17,3,0,F,F,F,F,?,F,F,T,F,F,F,?,108
Elster,104,2020,2020-05-19,2,0,F,T,F,F,?,F,F,F,F,F,F,?,140
Elster,104,2020,2020-06-12,1,0,F,F,T,F,?,F,F,F,F,F,F,?,164
Elster,104,2021,2021-03-24,4,0,F,F,T,F,?,T,F,F,F,F,F,?,83
Elster,104,2021,2021-04-23,2,0,F,F,F,F,?,T,F,F,F,F,F,?,113
Elster,104,2021,2021-05-19,3,0,F,T,F,F,?,F,F,F,F,T,F,?,139
Elster,104,2021,2021-06-15,4,0,F,F,T,F,?,F,F,F,F,F,F,?,166
Elster,105,2020,2020-03-16,9,0,F,F,F,F,T,F,F,F,F,F,F,?,76
Elster,105,2020,2020-04-11,3,0,F,F,T,T,F,F,F,F,F,F,F,?,102
Elster,105,2020,2020-05-02,1,0,F,F,F,F,F,F,F,F,F,F,F,?,123
Elster,105,2020,2020-05-31,3,0,T,F,T,F,F,F,F,F,F,F,F,?,152
Elster,105,2021,2021-03-22,4,0,T,?,T,?,?,?,?,?,?,?,?,?,81
Elster,105,2021,2021-04-15,4,0,?,T,T,?,?,?,?,T,?,?,?,?,105
Elster,105,2021,2021-05-09,2,2,T,?,?,?,?,?,?,?,?,?,?,?,129
Elster,105,2021,2021-06-16,6,0,?,?,T,?,?,?,?,?,?,?,?,?,167
Elster,105,2022,2022-03-26,5,0,F,F,T,F,F,F,F,F,F,T,F,?,85
Elster,105,2022,2022-04-21,1,0,F,F,F,F,F,F,F,F,F,F,F,?,111
Elster,105,2022,2022-05-11,3,0,F,F,F,F,F,F,F,F,F,F,F,?,131
Elster,105,2022,2022-06-11,6,0,T,F,T,F,F,F,F,F,F,F,F,?,162
Elster,105,2023,2023-03-25,6,0,F,T,T,F,?,F,F,T,F,F,F,?,84
Elster,105,2023,2023-04-15,3,0,T,F,F,F,?,F,F,F,F,F,F,?,105
Elster,105,2023,2023-05-12,3,0,F,T,F,F,?,F,F,T,F,F,F,?,132
Elster,105,2023,2023-06-12,4,0,F,F,T,T,?,F,F,F,F,F,F,?,163
Elster,106,2018,2018-03-29,4,0,F,F,F,F,?,F,F,F,F,F,F,?,88
Elster,106,2018,2018-04-19,3,0,F,F,F,F,?,F,F,F,F,F,F,?,109
Elster,106,2018,2018-05-20,1,0,F,F,T,F,?,F,F,F,F,F,F,?,140
Elster,106,2018,2018-06-14,0,0,NA,NA,NA,NA,NA,NA,NA,NA,NA,NA,NA,NA,165
Elster,106,2021,2021-03-28,5,0,F,?,?,?,?,?,F,T,?,T,?,?,87
Elster,106,2021,2021-04-26,4,0,F,T,?,?,?,T,F,?,?,?,?,?,116
Elster,106,2021,2021-05-19,1,0,F,?,?,?,?,T,F,?,?,?,?,?,139
Elster,106,2021,2021-06-14,7,0,F,?,?,?,?,?,F,?,?,?,?,?,165
Elster,107,2021,2021-06-13,1,0,F,F,F,F,?,F,?,F,F,T,F,?,164
Elster,109,2019,2019-03-18,4,0,F,F,T,F,?,F,F,F,F,T,F,?,77
Elster,109,2019,2019-04-12,6,0,F,F,F,F,?,F,F,F,F,T,F,?,102
Elster,109,2019,2019-05-02,3,0,F,F,F,F,?,T,F,F,F,T,F,?,122
Elster,109,2019,2019-05-24,2,0,F,F,T,F,?,F,F,F,F,F,F,?,144
Elster,109,2020,2020-03-18,10,0,F,F,F,T,F,F,F,T,F,F,F,?,78
Elster,109,2020,2020-04-15,9,0,F,F,T,F,F,F,F,F,F,F,F,?,106
Elster,109,2020,2020-05-05,3,0,F,F,F,F,F,F,F,F,F,F,F,?,126
Elster,109,2020,2020-06-03,15,0,F,T,T,F,F,T,F,F,F,F,F,?,155
Elster,109,2021,2021-03-22,10,0,F,F,T,F,T,F,F,T,F,F,F,?,81
Elster,109,2021,2021-04-14,7,0,F,T,F,F,F,T,F,T,F,F,F,?,104
Elster,109,2021,2021-05-11,2,0,F,F,T,F,F,F,F,T,F,F,F,?,131
Elster,109,2021,2021-06-09,14,0,F,T,T,F,F,F,F,F,F,F,F,?,160
Elster,109,2022,2022-03-15,12,0,F,F,T,F,F,T,F,T,F,F,F,?,74
Elster,109,2022,2022-04-12,5,0,F,F,T,F,F,T,F,T,F,F,F,?,102
Elster,109,2022,2022-05-02,3,0,F,F,F,F,F,F,F,T,F,F,F,?,122
Elster,109,2022,2022-06-08,11,0,F,F,T,F,F,T,F,F,F,F,F,?,159
Elster,111,2018,2018-03-25,8,0,F,F,F,F,?,F,F,F,F,F,F,?,84
Elster,111,2018,2018-04-07,2,0,F,F,F,F,?,F,F,F,T,F,F,?,97
Elster,111,2018,2018-05-09,4,0,F,F,F,F,?,F,F,F,F,T,F,?,129
Elster,111,2018,2018-06-03,4,0,F,F,F,F,?,F,F,F,F,F,F,?,154
Elster,111,2020,2020-03-16,4,0,F,F,F,F,?,F,F,F,F,F,F,?,76
Elster,111,2020,2020-04-11,5,0,F,F,F,F,?,F,F,F,F,F,F,?,102
Elster,111,2020,2020-05-08,3,0,F,F,F,F,?,F,F,F,F,F,F,?,129
Elster,111,2020,2020-05-31,3,0,F,F,F,F,?,F,F,F,F,F,F,?,152
Elster,111,2021,2021-03-26,10,0,F,F,F,F,?,F,?,F,F,F,F,?,85
Elster,111,2021,2021-04-11,4,0,F,F,F,F,?,F,?,F,F,F,F,?,101
Elster,111,2021,2021-05-14,2,0,F,F,F,F,?,F,?,F,F,F,F,?,134
Elster,111,2021,2021-05-29,7,0,F,F,F,F,?,F,?,F,F,F,F,?,149
Elster,114,2018,2018-03-22,0,0,NA,NA,NA,NA,NA,NA,NA,NA,NA,NA,NA,NA,81
Elster,114,2018,2018-04-18,1,0,F,T,F,F,?,F,F,F,F,F,F,?,108
Elster,114,2018,2018-05-18,0,0,NA,NA,NA,NA,NA,NA,NA,NA,NA,NA,NA,NA,138
Elster,114,2018,2018-06-16,0,0,NA,NA,NA,NA,NA,NA,NA,NA,NA,NA,NA,NA,167
Elster,114,2020,2020-03-19,1,0,F,F,T,F,?,F,F,F,F,F,F,?,79
Elster,114,2020,2020-04-13,0,0,NA,NA,NA,NA,NA,NA,NA,NA,NA,NA,NA,NA,104
Elster,114,2020,2020-05-06,0,0,NA,NA,NA,NA,NA,NA,NA,NA,NA,NA,NA,NA,127
Elster,114,2020,2020-05-26,1,0,F,F,F,F,?,F,F,F,F,F,F,?,147
Elster,116,2020,2020-03-13,4,0,F,F,T,F,?,F,F,F,F,F,F,?,73
Elster,116,2020,2020-04-01,1,0,F,F,F,F,?,F,F,F,F,F,F,?,92
Elster,116,2020,2020-05-08,0,0,NA,NA,NA,NA,NA,NA,NA,NA,NA,NA,NA,NA,129
Elster,116,2020,2020-05-29,4,0,F,F,T,F,?,F,F,F,F,F,F,?,150
Elster,116,2021,2020-03-20,4,0,F,F,T,F,?,F,?,F,F,F,F,?,80
Elster,116,2021,2020-04-09,5,0,F,T,F,F,?,F,?,F,F,F,F,?,100
Elster,116,2021,2021-04-09,1,0,F,F,F,F,?,F,?,F,F,F,F,?,99
Elster,116,2021,2021-05-11,1,0,F,F,F,F,?,F,?,F,F,F,F,?,131
Elster,116,2021,2021-05-27,2,0,F,F,F,F,?,F,?,F,F,F,F,?,147
Elster,117,2018,2018-04-21,0,0,NA,NA,NA,NA,NA,NA,NA,NA,NA,NA,NA,NA,111
Elster,117,2018,2018-06-04,1,0,F,F,T,F,?,F,F,F,F,F,F,?,155
Elster,117,2018,2018-03-28,4,0,T,F,F,F,?,F,F,F,F,T,F,?,87
Elster,117,2018,2018-05-21,0,0,NA,NA,NA,NA,NA,NA,NA,NA,NA,NA,NA,NA,141
Elster,117,2021,2021-03-20,1,0,F,?,?,?,?,T,F,?,?,?,?,?,79
Elster,117,2021,2021-04-30,1,0,F,?,?,?,?,?,F,?,?,?,?,?,120
Elster,117,2021,2021-05-21,1,0,F,?,?,?,?,?,F,?,?,?,?,?,141
Elster,117,2021,2021-06-15,1,0,F,?,?,?,?,?,F,?,?,?,?,?,166
Elster,118,2018,2018-03-10,2,0,F,F,F,F,?,T,F,F,F,F,F,?,69
Elster,118,2018,2018-04-02,4,0,F,F,T,F,?,F,F,F,F,F,F,?,92
Elster,118,2018,2018-05-01,0,0,NA,NA,NA,NA,NA,NA,NA,NA,NA,NA,NA,NA,121
Elster,118,2018,2018-05-21,1,0,F,F,T,F,?,F,F,F,F,F,F,?,141
Elster,118,2020,2020-03-15,6,0,F,T,F,F,?,F,F,F,F,F,F,?,75
Elster,118,2020,2020-04-04,11,0,F,T,F,F,?,F,F,F,F,F,F,?,95
Elster,118,2020,2020-05-02,1,1,T,F,T,F,?,F,F,F,F,F,F,?,123
Elster,118,2020,2020-06-13,3,0,F,T,T,F,?,F,F,F,F,F,F,?,165
Elster,118,2021,2021-06-13,13,0,F,T,T,F,?,F,?,F,F,F,F,?,164
Elster,122,2018,2018-03-19,1,0,F,F,F,T,?,F,F,F,F,F,F,?,78
Elster,122,2018,2018-04-17,0,0,NA,NA,NA,NA,NA,NA,NA,NA,NA,NA,NA,NA,107
Elster,122,2018,2018-05-19,1,0,F,F,F,F,?,F,F,F,F,F,F,?,139
Elster,122,2018,2018-06-13,2,0,F,F,F,F,?,F,F,F,F,F,F,?,164
Elster,122,2021,2021-03-21,1,0,F,?,?,?,?,?,F,?,?,?,?,?,80
Elster,122,2021,2021-04-18,0,0,NA,NA,NA,NA,NA,NA,NA,NA,NA,NA,NA,NA,108
Elster,122,2021,2021-05-13,4,0,F,?,?,?,?,?,F,?,?,?,?,?,133
Elster,122,2021,2021-05-30,1,0,F,?,?,?,?,?,F,?,?,?,?,?,150
Elster,125,2018,2018-03-24,3,0,?,F,F,F,?,F,F,F,F,F,F,?,83
Elster,125,2018,2018-04-30,3,0,?,T,F,F,?,F,F,F,F,F,F,?,120
Elster,125,2018,2018-05-20,1,0,?,F,F,F,?,F,F,F,F,F,F,?,140
Elster,125,2018,2018-06-25,1,0,?,F,F,F,?,F,F,F,F,F,F,?,176
Elster,127,2018,2018-03-12,4,0,?,F,F,F,?,F,F,F,F,F,F,?,71
Elster,127,2018,2018-04-03,1,0,?,F,F,F,?,F,F,F,F,F,F,?,93
Elster,127,2018,2018-05-07,2,0,?,T,F,F,?,T,F,F,F,F,F,?,127
Elster,127,2018,2018-05-31,2,0,?,F,T,F,?,F,F,F,F,F,F,?,151
Elster,127,2020,2020-03-19,0,0,NA,NA,NA,NA,NA,NA,NA,NA,NA,NA,NA,NA,79
Elster,127,2020,2020-04-08,1,0,F,F,F,F,?,F,F,F,F,F,F,?,99
Elster,127,2020,2020-05-19,0,0,NA,NA,NA,NA,NA,NA,NA,NA,NA,NA,NA,NA,140
Elster,127,2020,2020-06-03,0,0,NA,NA,NA,NA,NA,NA,NA,NA,NA,NA,NA,NA,155
Elster,127,2021,2021-05-03,2,0,F,F,F,F,T,F,F,F,F,F,F,?,123
Elster,127,2021,2021-05-27,1,0,?,?,T,?,?,?,?,?,?,?,?,?,147
Elster,131,2018,2018-03-11,1,0,F,F,F,F,?,F,F,F,F,F,F,?,70
Elster,131,2018,2018-04-15,2,0,F,F,F,F,?,F,F,F,F,F,F,?,105
Elster,131,2018,2018-05-21,0,0,NA,NA,NA,NA,NA,NA,NA,NA,NA,NA,NA,NA,141
Elster,131,2018,2018-06-09,1,0,F,F,T,F,?,F,F,F,F,F,F,?,160
Elster,131,2020,2020-03-24,3,0,F,T,F,F,?,F,F,F,F,F,F,?,84
Elster,131,2020,2020-04-12,1,0,F,F,F,F,?,F,F,F,F,F,F,?,103
Elster,131,2020,2020-05-08,0,0,NA,NA,NA,NA,NA,NA,NA,NA,NA,NA,NA,NA,129
Elster,131,2020,2020-06-17,0,0,NA,NA,NA,NA,NA,NA,NA,NA,NA,NA,NA,NA,169
Elster,131,2021,2021-03-24,1,0,F,F,F,F,?,F,?,F,F,F,F,?,83
Elster,131,2021,2021-04-25,3,0,F,F,F,F,?,F,?,F,F,F,F,?,115
Elster,131,2021,2021-05-09,3,0,F,F,F,F,?,F,?,F,F,F,F,?,129
Elster,131,2021,2021-06-13,2,0,F,F,T,F,?,F,?,F,F,F,F,?,164
Elster,135,2019,2019-03-19,5,0,?,?,T,?,?,?,?,?,?,T,?,?,78
Elster,135,2019,2019-04-12,10,0,?,?,?,?,?,?,?,?,?,T,?,?,102
Elster,135,2019,2019-05-05,5,0,?,?,T,?,?,?,?,?,?,T,?,?,125
Elster,135,2019,2019-06-08,6,0,?,?,T,T,?,?,?,?,?,T,?,?,159
Elster,135,2020,2020-03-18,4,0,F,F,T,F,?,T,F,F,F,F,F,?,78
Elster,135,2020,2020-04-10,8,0,F,F,T,F,?,T,F,F,F,T,F,?,101
Elster,135,2020,2020-05-07,6,0,F,F,T,F,?,F,F,F,F,F,F,?,128
Elster,135,2020,2020-05-30,2,0,F,F,T,F,?,F,F,F,F,F,F,?,151
Elster,135,2020,2020-05-17,0,0,NA,NA,NA,NA,NA,NA,NA,NA,NA,NA,NA,NA,138
Elster,135,2022,2022-03-24,8,0,F,T,T,T,F,T,F,F,F,T,F,?,83
Elster,135,2022,2022-04-30,4,0,F,T,F,F,F,T,F,F,F,T,F,?,120
Elster,135,2022,2022-05-18,4,0,F,F,F,F,F,T,F,F,F,F,F,?,138
Elster,135,2022,2022-06-13,1,0,F,F,T,F,F,F,F,F,F,F,F,?,164
Elster,135,2023,2023-03-18,5,0,F,F,T,F,?,T,F,F,F,F,F,?,77
Elster,135,2023,2023-04-20,5,0,F,F,F,F,?,T,F,F,F,T,F,?,110
Elster,135,2023,2023-05-07,3,0,F,F,T,F,?,F,F,F,F,F,F,?,127
Elster,135,2023,2023-06-11,4,0,F,T,T,F,?,F,F,F,F,F,F,?,162
Elster,138,2020,2020-03-20,5,0,F,F,T,F,?,F,F,F,F,T,F,?,80
Elster,138,2020,2020-04-25,5,0,F,F,T,F,?,F,F,F,F,F,F,?,116
Elster,138,2020,2020-05-16,3,0,F,F,T,F,?,F,F,F,F,T,F,?,137
Elster,138,2020,2020-06-13,3,0,F,F,T,F,?,F,F,F,F,F,F,?,165
Elster,138,2021,2021-03-29,15,0,F,T,T,F,?,F,F,F,F,T,F,?,88
Elster,138,2021,2021-05-14,3,0,F,F,T,F,?,F,F,F,F,F,F,?,134
Elster,138,2021,2021-06-14,2,0,F,F,T,F,?,F,F,F,F,F,F,?,165
Elster,145,2020,2020-03-15,19,0,F,F,T,F,?,F,F,F,F,F,F,?,75
Elster,145,2020,2020-04-13,10,0,F,F,T,F,?,F,F,F,F,F,F,?,104
Elster,145,2020,2020-05-03,8,0,T,F,T,F,?,F,F,F,F,F,F,?,124
Elster,145,2020,2020-06-01,9,0,F,F,T,F,?,F,F,F,F,F,F,?,153
Elster,145,2021,2021-06-13,52,0,T,F,T,F,?,F,?,T,F,F,F,?,164
Elster,146,2021,2021-03-25,5,0,?,?,?,?,?,T,?,?,?,?,?,?,84
Elster,146,2021,2021-04-18,3,0,?,?,?,?,?,?,?,?,?,T,?,?,108
Elster,146,2021,2021-05-09,14,0,?,?,?,?,?,T,?,?,?,T,?,?,129
Elster,146,2021,2021-06-03,13,0,?,?,?,?,?,?,?,?,?,?,?,?,154
Elster,147,2018,2018-03-23,7,0,F,F,F,F,?,F,F,F,F,T,F,?,82
Elster,147,2018,2018-04-28,2,0,F,F,T,F,?,F,F,F,F,F,F,?,118
Elster,147,2018,2018-05-07,1,0,F,F,F,F,?,F,F,F,F,F,F,?,127
Elster,147,2018,2018-06-15,3,0,F,F,T,F,?,F,F,F,F,F,F,?,166
Elster,147,2020,2020-03-19,3,0,F,F,F,F,?,F,F,T,F,F,F,?,79
Elster,147,2020,2020-04-14,5,0,F,F,T,F,?,F,F,F,F,F,F,?,105
Elster,147,2020,2020-05-11,2,0,F,F,T,F,?,F,F,F,F,F,F,?,132
Elster,147,2020,2020-06-02,2,0,F,F,F,T,?,F,F,F,F,F,F,?,154
Elster,147,2021,2021-03-29,1,0,F,F,T,F,?,F,F,F,F,F,F,?,88
Elster,147,2021,2021-04-22,3,0,F,F,T,F,?,T,F,F,F,F,F,?,112
Elster,147,2021,2021-05-10,4,0,F,F,T,F,?,F,F,F,F,F,F,?,130
Elster,147,2021,2021-06-07,4,0,F,F,T,F,?,F,F,F,F,F,F,?,158
Elster,148,2019,2019-03-29,4,0,?,?,?,?,?,?,?,?,?,?,?,?,88
Elster,148,2019,2019-04-07,4,0,?,T,T,?,?,?,?,?,?,T,?,?,97
Elster,148,2019,2019-05-12,4,0,?,?,?,?,?,?,?,?,?,?,?,?,132
Elster,148,2019,2019-06-09,2,0,?,?,T,?,?,?,?,?,?,?,?,?,160
Elster,148,2020,2020-03-24,3,0,F,F,T,F,?,F,F,F,F,F,F,?,84
Elster,148,2020,2020-04-16,0,0,NA,NA,NA,NA,NA,NA,NA,NA,NA,NA,NA,NA,107
Elster,148,2020,2020-05-07,1,0,F,F,F,F,?,F,F,F,F,F,F,?,128
Elster,148,2020,2020-06-10,0,0,NA,NA,NA,NA,NA,NA,NA,NA,NA,NA,NA,NA,162
Elster,148,2021,2021-03-12,2,0,F,T,T,F,?,F,F,F,F,F,F,?,71
Elster,148,2021,2021-04-08,1,0,F,F,F,F,?,F,F,F,F,F,F,?,98
Elster,148,2021,2021-05-18,1,0,F,F,F,F,?,F,F,F,F,F,F,?,138
Elster,148,2021,2021-06-14,0,0,NA,NA,NA,NA,NA,NA,NA,NA,NA,NA,NA,NA,165
Elster,148,2022,2022-03-11,3,0,F,T,T,F,F,F,F,F,F,F,F,?,70
Elster,148,2022,2022-04-04,3,0,F,F,T,F,F,F,F,F,F,F,F,?,94
Elster,148,2022,2022-05-10,2,0,F,F,F,F,F,F,F,F,F,F,F,?,130
Elster,148,2022,2022-06-01,0,0,NA,NA,NA,NA,NA,NA,NA,NA,NA,NA,NA,NA,152
Elster,148,2023,2023-03-17,3,0,F,F,T,F,?,F,F,F,F,F,F,?,76
Elster,148,2023,2023-04-19,1,0,F,F,F,F,?,F,F,F,F,F,F,?,109
Elster,148,2023,2023-05-15,0,0,NA,NA,NA,NA,NA,NA,NA,NA,NA,NA,NA,NA,135
Elster,148,2023,2023-06-14,1,0,F,F,T,F,?,F,F,F,F,F,F,?,165
Elster,149,2019,2019-03-28,2,0,?,?,?,?,?,?,?,?,?,T,?,?,87
Elster,149,2019,2019-04-15,7,0,?,?,?,?,?,T,?,?,?,T,?,?,105
Elster,149,2019,2019-05-07,1,0,?,?,T,?,?,?,?,?,?,?,?,?,127
Elster,149,2019,2019-05-31,1,0,?,?,T,?,?,?,?,?,?,?,?,?,151
Elster,149,2020,2020-03-19,4,0,F,F,F,F,?,T,F,F,F,F,F,?,79
Elster,149,2020,2020-04-12,6,0,F,F,F,F,?,T,F,F,F,T,T,?,103
Elster,149,2020,2020-05-16,2,0,F,F,F,F,?,F,F,F,F,F,T,?,137
Elster,149,2020,2020-06-03,2,0,F,F,T,F,?,F,F,F,F,F,T,?,155
Elster,149,2022,2022-03-15,3,0,F,T,T,F,F,T,F,F,F,F,F,?,74
Elster,149,2022,2022-04-18,3,0,F,T,F,F,F,F,F,F,F,T,F,?,108
Elster,149,2022,2022-05-06,3,0,F,F,T,F,F,T,F,F,F,F,F,?,126
Elster,149,2022,2022-06-01,1,0,F,T,F,F,F,F,F,F,F,F,F,?,152
Elster,149,2023,2023-03-30,4,0,F,T,F,F,?,T,F,F,F,T,F,?,89
Elster,149,2023,2023-04-09,2,0,F,F,F,F,?,T,F,F,F,T,F,?,99
Elster,149,2023,2023-05-05,2,0,F,F,F,F,?,F,F,F,F,F,F,?,125
Elster,149,2023,2023-05-27,1,0,F,F,F,F,?,F,F,F,F,F,F,?,147
Elster,151,2018,2018-03-25,2,0,F,F,F,F,?,F,F,F,F,F,F,?,84
Elster,151,2018,2018-04-22,4,0,F,F,F,F,?,F,F,F,F,F,F,?,112
Elster,151,2018,2018-05-19,0,0,NA,NA,NA,NA,NA,NA,NA,NA,NA,NA,NA,NA,139
Elster,151,2018,2018-05-31,3,0,F,F,T,F,?,F,F,F,F,F,F,?,151
Elster,151,2020,2020-03-29,7,0,F,F,T,F,?,F,F,T,F,F,F,?,89
Elster,151,2020,2020-04-26,2,0,F,F,T,F,?,F,F,F,F,F,F,?,117
Elster,151,2020,2020-05-10,4,0,F,F,F,F,?,F,F,F,F,F,F,?,131
Elster,151,2020,2020-05-31,7,0,F,F,T,F,?,F,F,F,F,F,F,?,152
Elster,151,2021,2021-06-13,14,0,F,F,T,F,?,F,?,T,F,F,F,?,164
Elster,152,2019,2019-03-20,9,0,?,?,T,?,?,T,?,T,?,T,?,?,79
Elster,152,2019,2019-04-09,8,0,?,?,T,?,?,T,?,?,?,T,?,?,99
Elster,152,2019,2019-05-02,5,0,?,?,T,?,?,T,?,?,?,?,?,?,122
Elster,152,2019,2019-05-27,6,0,?,?,T,?,?,?,?,?,?,?,?,?,147
Elster,152,2020,2020-03-22,4,0,F,F,T,F,?,T,F,F,F,F,F,?,82
Elster,152,2020,2020-04-23,5,0,F,F,T,F,?,T,F,F,F,T,F,?,114
Elster,152,2020,2020-05-18,4,0,F,F,F,T,?,F,F,F,F,F,F,?,139
Elster,152,2020,2020-06-13,13,0,F,F,T,T,?,F,F,F,F,F,F,?,165
Elster,152,2022,2022-03-17,9,0,F,T,T,F,F,T,F,F,F,F,F,?,76
Elster,152,2022,2022-04-20,4,0,F,T,F,F,F,T,F,F,F,T,F,?,110
Elster,152,2022,2022-05-05,6,0,F,T,T,F,F,T,F,F,F,T,F,?,125
Elster,152,2022,2022-04-11,0,0,NA,NA,NA,NA,NA,NA,NA,NA,NA,NA,NA,NA,101
Elster,152,2023,2023-03-13,8,0,F,F,T,F,?,T,F,T,F,F,F,?,72
Elster,152,2023,2023-04-26,3,0,F,F,F,F,?,T,F,F,F,T,F,?,116
Elster,152,2023,2023-05-20,3,0,F,T,T,F,?,T,F,F,F,F,F,?,140
Elster,152,2023,2023-06-08,5,0,F,F,T,F,?,T,F,F,F,F,F,?,159
Elster,154,2019,2019-03-29,5,0,?,T,T,T,?,?,?,?,?,T,?,?,88
Elster,154,2019,2019-04-27,3,0,?,T,T,?,?,?,?,?,?,?,?,?,117
Elster,154,2019,2019-05-12,3,0,?,?,T,?,?,?,?,?,?,T,?,?,132
Elster,154,2019,2019-06-07,1,0,?,?,?,?,?,?,?,?,?,?,?,?,158
Elster,154,2020,2020-03-30,2,0,F,F,T,F,?,F,F,F,F,F,F,?,90
Elster,154,2020,2020-04-25,1,0,F,F,T,F,?,F,F,F,F,F,F,?,116
Elster,154,2020,2020-05-19,0,0,NA,NA,NA,NA,NA,NA,NA,NA,NA,NA,NA,NA,140
Elster,154,2020,2020-06-17,1,0,F,F,F,F,?,F,F,F,F,F,F,?,169
Elster,154,2022,2022-03-25,0,0,NA,NA,NA,NA,NA,NA,NA,NA,NA,NA,NA,NA,84
Elster,154,2022,2022-04-23,0,0,NA,NA,NA,NA,NA,NA,NA,NA,NA,NA,NA,NA,113
Elster,154,2022,2022-05-12,1,0,F,T,F,F,F,F,F,F,F,F,F,?,132
Elster,154,2022,2022-06-10,1,0,F,T,F,F,F,F,F,F,F,F,F,?,161
Elster,154,2022,2022-03-17,0,0,NA,NA,NA,NA,NA,NA,NA,NA,NA,NA,NA,NA,76
Elster,154,2023,2023-03-23,1,0,F,F,T,F,?,F,F,F,F,F,F,?,82
Elster,154,2023,2023-04-26,1,0,F,F,F,F,?,F,F,F,F,T,F,?,116
Elster,154,2023,2023-05-16,1,0,F,F,F,F,?,F,F,F,F,T,F,?,136
Elster,154,2023,2023-06-15,1,0,F,F,T,F,?,F,F,F,F,F,F,?,166
Elster,157,2019,2019-03-24,0,0,NA,NA,NA,NA,NA,NA,NA,NA,NA,NA,NA,NA,83
Elster,157,2019,2019-04-24,2,0,?,?,?,?,?,T,?,?,?,?,?,?,114
Elster,157,2019,2019-05-17,1,0,?,?,?,?,?,?,?,?,?,?,?,?,137
Elster,157,2019,2019-06-02,4,0,?,?,T,?,?,T,?,?,?,?,?,?,153
Elster,157,2020,2020-03-24,3,0,F,F,T,F,?,T,F,F,F,F,F,?,84
Elster,157,2020,2020-04-24,1,0,F,F,T,F,?,F,F,F,F,F,F,?,115
Elster,157,2020,2020-05-18,1,0,F,F,T,F,?,F,F,F,F,F,F,?,139
Elster,157,2020,2020-06-20,2,0,F,F,T,F,?,F,F,F,F,F,F,?,172
Elster,157,2022,2022-03-17,0,0,NA,NA,NA,NA,NA,NA,NA,NA,NA,NA,NA,NA,76
Elster,157,2022,2022-04-20,0,0,NA,NA,NA,NA,NA,NA,NA,NA,NA,NA,NA,NA,110
Elster,157,2022,2022-05-05,2,0,F,T,T,F,F,F,F,F,F,F,F,?,125
Elster,157,2022,2022-05-24,0,0,NA,NA,NA,NA,NA,NA,NA,NA,NA,NA,NA,NA,144
Elster,157,2023,2023-03-24,1,0,F,F,T,F,?,F,F,F,F,F,F,?,83
Elster,157,2023,2023-04-19,0,0,NA,NA,NA,NA,NA,NA,NA,NA,NA,NA,NA,NA,109
Elster,157,2023,2023-05-10,0,0,NA,NA,NA,NA,NA,NA,NA,NA,NA,NA,NA,NA,130
Elster,157,2023,2023-05-25,0,0,NA,NA,NA,NA,NA,NA,NA,NA,NA,NA,NA,NA,145
Elster,158,2019,2019-03-28,6,0,?,?,T,?,?,?,?,?,?,T,?,?,87
Elster,158,2019,2019-04-19,3,0,?,?,T,?,?,?,?,?,?,?,?,?,109
Elster,158,2019,2019-05-09,1,0,?,?,?,?,?,?,?,?,?,?,?,?,129
Elster,158,2019,2019-06-03,3,0,?,?,T,?,?,?,?,?,?,?,?,?,154
Elster,158,2020,2020-03-18,4,0,F,F,T,F,?,F,F,T,F,F,F,?,78
Elster,158,2020,2020-04-07,3,0,F,F,T,F,?,F,F,F,F,F,F,?,98
Elster,158,2020,2020-05-15,2,0,F,F,T,F,?,F,F,F,F,F,F,?,136
Elster,158,2020,2020-06-04,3,0,F,F,T,F,?,F,F,F,F,F,F,?,156
Elster,158,2021,2021-03-11,2,0,F,F,T,F,?,F,F,F,F,F,F,?,70
Elster,158,2021,2021-04-13,4,0,F,F,T,F,?,F,F,F,F,F,F,?,103
Elster,158,2021,2021-05-04,6,0,F,F,T,F,?,F,F,F,F,F,F,?,124
Elster,158,2021,2021-06-15,1,0,F,T,F,F,?,F,F,F,F,F,F,?,166
Elster,158,2022,2022-03-17,4,0,F,F,T,F,F,T,F,F,F,F,F,?,76
Elster,158,2022,2022-04-21,1,0,F,F,T,F,F,F,F,F,F,F,F,?,111
Elster,158,2022,2022-05-03,2,0,F,F,T,F,F,F,F,F,F,F,F,?,123
Elster,158,2022,2022-06-05,7,0,F,F,T,F,F,F,F,F,F,F,F,?,156
Elster,158,2023,2023-03-24,3,0,F,F,T,F,?,F,F,F,F,F,F,?,83
Elster,158,2023,2023-04-12,4,0,F,F,F,F,?,F,F,F,F,T,F,?,102
Elster,158,2023,2023-05-04,3,0,F,F,T,F,?,F,F,F,F,F,F,?,124
Elster,158,2023,2023-06-15,2,0,F,F,T,F,?,F,F,F,F,F,F,?,166
Elster,160,2019,2019-03-29,3,0,?,?,T,?,?,?,?,?,?,?,?,?,88
Elster,160,2019,2019-04-20,0,0,NA,NA,NA,NA,NA,NA,NA,NA,NA,NA,NA,NA,110
Elster,160,2019,2019-05-10,2,0,?,?,T,?,?,?,?,?,?,?,?,?,130
Elster,160,2019,2019-06-04,6,0,?,?,T,?,?,?,?,?,?,?,T,?,155
Elster,160,2020,2020-03-19,4,0,F,F,T,F,?,F,F,F,F,F,F,?,79
Elster,160,2020,2020-04-06,3,0,F,F,F,F,?,F,F,F,F,F,F,?,97
Elster,160,2020,2020-05-18,3,0,F,F,F,F,?,F,F,F,F,F,F,?,139
Elster,160,2020,2020-06-03,1,0,F,F,F,F,?,F,F,F,F,F,F,?,155
Elster,160,2021,2021-03-13,3,0,F,F,T,F,?,F,F,F,F,F,F,?,72
Elster,160,2021,2021-04-14,4,0,F,T,T,F,?,F,F,F,F,F,F,?,104
Elster,160,2021,2021-05-05,2,0,F,F,F,F,?,F,F,F,F,F,F,?,125
Elster,160,2021,2021-06-16,3,0,F,F,T,F,?,F,F,F,F,F,F,?,167
Elster,160,2022,2022-03-18,0,0,NA,NA,NA,NA,NA,NA,NA,NA,NA,NA,NA,NA,77
Elster,160,2022,2022-04-20,5,0,F,F,T,F,F,T,F,F,F,F,F,?,110
Elster,160,2022,2022-05-02,3,0,F,F,T,F,F,F,F,F,F,F,F,?,122
Elster,160,2022,2022-06-06,1,0,F,F,F,F,F,F,F,F,F,F,F,?,157
Elster,160,2023,2023-03-23,2,0,F,F,T,F,?,F,F,F,F,F,F,?,82
Elster,160,2023,2023-04-11,3,0,F,F,T,F,?,F,F,F,F,T,F,?,101
Elster,160,2023,2023-05-08,0,0,NA,NA,NA,NA,NA,NA,NA,NA,NA,NA,NA,NA,128
Elster,160,2023,2023-06-16,3,0,F,F,T,F,?,F,F,F,F,F,F,?,167
Elster,161,2018,2018-03-11,13,0,F,F,F,F,?,F,F,T,F,T,F,?,70
Elster,161,2018,2018-04-08,9,0,F,F,F,F,?,F,F,F,F,F,F,?,98
Elster,161,2018,2018-05-06,5,0,F,F,F,F,?,F,F,F,F,F,F,?,126
Elster,161,2018,2018-06-24,6,0,F,T,F,F,?,F,F,F,F,F,F,?,175
Elster,161,2021,2021-03-28,6,0,?,?,T,?,?,?,?,?,?,?,?,?,87
Elster,161,2021,2021-04-18,3,0,?,?,?,?,?,?,?,?,?,?,?,?,108
Elster,161,2021,2021-05-01,3,0,?,?,?,?,?,?,?,?,?,T,?,?,121
Elster,161,2021,2021-06-03,4,0,?,?,?,?,?,?,?,?,?,?,?,?,154
Elster,162,2019,2019-05-18,2,0,?,?,?,?,?,?,?,?,?,?,?,?,138
Elster,162,2019,2019-03-28,2,0,?,?,T,?,?,T,?,?,?,?,?,?,87
Elster,162,2019,2019-06-08,1,0,?,?,?,?,?,?,?,?,?,?,?,?,159
Elster,162,2019,2019-04-26,1,0,?,?,?,?,?,?,?,?,?,T,?,?,116
Elster,162,2020,2020-03-19,2,0,F,F,T,F,?,F,F,F,F,F,F,?,79
Elster,162,2020,2020-05-06,1,0,F,F,F,F,?,F,F,F,F,F,F,?,127
Elster,162,2020,2020-04-18,1,0,F,F,F,F,?,F,F,F,F,F,T,?,109
Elster,162,2020,2020-06-12,3,0,F,F,T,F,?,T,F,F,F,F,F,?,164
Elster,162,2022,2022-05-18,0,0,NA,NA,NA,NA,NA,NA,NA,NA,NA,NA,NA,NA,138
Elster,162,2022,2022-06-13,4,0,F,T,T,F,F,F,F,F,F,F,F,?,164
Elster,162,2022,2022-03-22,1,0,F,F,T,F,F,T,F,F,F,F,F,?,81
Elster,162,2022,2022-04-29,1,0,F,F,T,F,F,F,F,F,F,F,F,?,119
Elster,162,2023,2023-05-18,1,0,F,F,T,F,?,F,F,F,F,F,F,?,138
Elster,162,2023,2023-06-17,1,0,F,F,T,F,?,F,F,F,F,F,F,?,168
Elster,162,2023,2023-03-17,3,0,F,F,T,F,?,F,F,F,F,F,F,?,76
Elster,162,2023,2023-04-20,1,0,F,F,T,F,?,F,F,F,F,F,F,?,110
Elster,164,2020,2020-03-15,3,0,F,T,F,F,F,F,F,F,F,T,F,?,75
Elster,164,2020,2020-04-07,0,0,NA,NA,NA,NA,NA,NA,NA,NA,NA,NA,NA,NA,98
Elster,164,2020,2020-05-04,0,0,NA,NA,NA,NA,NA,NA,NA,NA,NA,NA,NA,NA,125
Elster,164,2020,2020-06-09,1,0,F,T,F,F,F,F,F,F,F,F,F,?,161
Elster,164,2021,2021-03-11,2,0,?,T,T,?,?,?,?,?,?,?,?,?,70
Elster,164,2021,2021-04-07,2,0,?,T,?,?,?,?,?,T,?,?,?,?,97
Elster,164,2021,2021-05-04,3,0,?,T,?,?,?,T,?,T,?,T,?,?,124
Elster,164,2021,2021-05-21,0,0,NA,NA,NA,NA,NA,NA,NA,NA,NA,NA,NA,NA,141
Elster,164,2022,2022-03-24,2,0,F,F,F,F,F,T,F,F,F,F,F,?,83
Elster,164,2022,2022-04-13,0,0,NA,NA,NA,NA,NA,NA,NA,NA,NA,NA,NA,NA,103
Elster,164,2022,2022-05-12,0,0,NA,NA,NA,NA,NA,NA,NA,NA,NA,NA,NA,NA,132
Elster,164,2022,2022-06-07,0,0,NA,NA,NA,NA,NA,NA,NA,NA,NA,NA,NA,NA,158
Elster,164,2023,2023-03-20,1,0,F,T,F,F,F,F,F,F,F,F,F,?,79
Elster,164,2023,2023-04-18,1,0,F,T,F,F,F,F,F,F,F,F,F,?,108
Elster,164,2023,2023-06-20,0,0,NA,NA,NA,NA,NA,NA,NA,NA,NA,NA,NA,NA,171
Elster,164,2023,2023-05-17,1,0,F,T,F,F,F,F,F,F,F,F,F,?,137
Elster,165,2019,2019-03-13,8,0,?,?,T,?,?,T,?,?,?,T,?,?,72
Elster,165,2019,2019-04-18,5,0,?,?,T,?,?,T,?,?,?,T,?,?,108
Elster,165,2019,2019-05-10,3,0,?,?,T,?,?,T,?,?,?,?,?,?,130
Elster,165,2019,2019-06-05,8,0,?,?,T,?,?,?,?,?,?,?,?,?,156
Elster,165,2020,2020-03-19,16,0,F,F,T,F,F,F,F,F,F,T,F,?,79
Elster,165,2020,2020-04-17,9,0,F,F,T,F,F,F,F,F,F,F,F,?,108
Elster,165,2020,2020-05-13,9,0,F,F,T,F,F,T,F,F,F,T,F,?,134
Elster,165,2020,2020-06-07,2,0,F,F,T,F,F,F,F,F,F,F,F,?,159
Elster,165,2021,2021-03-23,20,0,?,?,T,?,?,T,?,?,?,?,?,?,82
Elster,165,2021,2021-04-13,26,0,?,?,T,?,?,T,?,?,?,?,?,?,103
Elster,165,2021,2021-05-06,4,0,?,?,T,?,?,?,?,?,?,?,?,?,126
Elster,165,2021,2021-06-07,4,0,?,T,T,?,?,T,?,?,?,?,?,?,158
Elster,165,2022,2022-03-24,1,0,F,F,F,F,F,T,F,F,F,F,F,?,83
Elster,165,2022,2022-04-13,2,0,F,F,T,F,F,F,F,T,F,F,F,?,103
Elster,165,2022,2022-05-12,1,0,F,F,F,T,F,F,F,F,F,F,F,?,132
Elster,165,2022,2022-06-07,2,0,F,F,F,F,F,F,F,F,F,F,F,?,158
Elster,165,2023,2023-03-15,4,0,F,T,F,F,F,F,F,F,F,F,F,?,74
Elster,165,2023,2023-04-19,2,0,F,T,F,F,F,F,F,F,F,F,F,?,109
Elster,165,2023,2023-05-03,0,0,NA,NA,NA,NA,NA,NA,NA,NA,NA,NA,NA,NA,123
Elster,166,2018,2018-03-11,10,0,F,F,F,F,?,F,F,F,F,F,F,?,70
Elster,166,2018,2018-04-03,7,0,F,F,F,F,?,F,F,F,F,F,F,?,93
Elster,166,2018,2018-05-05,5,0,F,F,T,F,?,F,F,F,F,F,F,?,125
Elster,166,2018,2018-05-29,5,0,F,F,F,F,?,F,F,F,F,F,F,?,149
Elster,166,2020,2020-03-14,18,0,F,F,T,F,?,F,F,F,F,F,F,?,74
Elster,166,2020,2020-04-01,5,0,F,F,F,F,?,F,F,F,F,T,F,?,92
Elster,166,2020,2020-04-23,3,0,F,F,F,F,?,F,F,F,F,F,F,?,114
Elster,166,2020,2020-05-24,2,0,F,F,F,F,?,F,F,F,F,F,F,?,145
Elster,166,2021,2021-04-11,5,0,F,F,T,F,?,F,F,F,F,F,F,?,101
Elster,166,2021,2021-06-04,1,0,F,F,T,F,?,F,F,F,F,F,F,?,155
Elster,166,2021,2021-03-21,11,0,F,F,T,F,?,T,F,T,F,F,F,?,80
Elster,166,2021,2021-05-14,5,0,F,F,F,F,?,F,F,F,F,F,F,?,134
Elster,168,2019,2019-03-25,2,0,?,?,T,?,?,T,?,?,?,?,?,?,84
Elster,168,2019,2019-04-25,4,0,?,?,T,?,?,?,?,?,?,?,?,?,115
Elster,168,2019,2019-05-15,4,0,?,?,T,?,?,?,?,?,?,?,?,?,135
Elster,168,2019,2019-06-07,1,0,?,?,?,?,?,T,?,?,?,?,?,?,158
Elster,168,2020,2020-03-21,3,0,F,F,T,F,F,T,F,F,F,T,F,?,81
Elster,168,2020,2020-04-18,3,0,F,F,T,F,F,T,F,F,F,F,F,?,109
Elster,168,2020,2020-05-17,3,0,F,F,T,F,F,F,F,F,F,F,F,?,138
Elster,168,2020,2020-06-08,0,0,NA,NA,NA,NA,NA,NA,NA,NA,NA,NA,NA,NA,160
Elster,168,2021,2021-03-27,2,0,?,?,T,?,?,T,?,?,?,?,?,?,86
Elster,168,2021,2021-04-23,1,0,?,T,?,?,?,?,?,T,?,?,?,?,113
Elster,168,2021,2021-05-20,5,0,T,?,?,?,?,?,?,?,?,?,?,?,140
Elster,168,2021,2021-06-04,5,0,?,?,T,?,?,?,?,?,?,?,?,?,155
Elster,168,2022,2022-03-24,1,0,F,T,F,F,F,F,F,F,F,F,F,?,83
Elster,168,2022,2022-04-26,1,0,F,F,F,F,F,F,F,F,F,F,F,?,116
Elster,168,2022,2022-05-13,2,0,F,F,F,F,F,F,F,F,F,F,F,?,133
Elster,168,2022,2022-06-01,1,0,F,F,T,F,F,F,F,F,F,F,F,?,152
Elster,168,2023,2023-03-16,2,0,F,T,F,T,F,F,F,F,F,F,F,?,75
Elster,168,2023,2023-04-05,2,0,F,T,T,F,F,F,F,F,F,F,F,?,95
Elster,168,2023,2023-05-09,1,0,F,F,F,F,F,F,F,F,F,F,F,?,129
Elster,168,2023,2023-06-01,1,0,F,F,F,F,F,F,F,F,F,F,F,?,152
Elster,170,2020,2020-03-13,2,0,F,T,T,F,F,F,F,F,F,F,F,?,73
Elster,170,2020,2020-04-01,0,0,NA,NA,NA,NA,NA,NA,NA,NA,NA,NA,NA,NA,92
Elster,170,2020,2020-05-02,1,0,F,F,T,F,F,F,F,F,F,F,F,?,123
Elster,170,2020,2020-05-22,0,0,NA,NA,NA,NA,NA,NA,NA,NA,NA,NA,NA,NA,143
Elster,170,2021,2021-03-16,0,0,NA,NA,NA,NA,NA,NA,NA,NA,NA,NA,NA,NA,75
Elster,170,2021,2021-04-10,1,0,?,?,?,?,?,?,?,?,?,?,?,?,100
Elster,170,2021,2021-05-02,0,0,NA,NA,NA,NA,NA,NA,NA,NA,NA,NA,NA,NA,122
Elster,170,2021,2021-05-29,0,0,NA,NA,NA,NA,NA,NA,NA,NA,NA,NA,NA,NA,149
Elster,173,2020,2020-03-16,1,0,F,F,F,T,?,F,F,F,F,F,F,?,76
Elster,173,2020,2020-04-16,0,0,NA,NA,NA,NA,NA,NA,NA,NA,NA,NA,NA,NA,107
Elster,173,2020,2020-05-18,0,0,NA,NA,NA,NA,NA,NA,NA,NA,NA,NA,NA,NA,139
Elster,173,2020,2020-06-16,0,0,NA,NA,NA,NA,NA,NA,NA,NA,NA,NA,NA,NA,168
Elster,176,2018,2018-03-25,2,0,?,F,T,F,?,F,F,F,F,F,F,?,84
Elster,176,2018,2018-04-21,0,0,NA,NA,NA,NA,NA,NA,NA,NA,NA,NA,NA,NA,111
Elster,176,2018,2018-05-09,0,0,NA,NA,NA,NA,NA,NA,NA,NA,NA,NA,NA,NA,129
Elster,176,2018,2018-06-03,1,0,?,T,F,F,?,F,F,F,F,F,F,?,154
Elster,176,2020,2020-03-28,0,0,NA,NA,NA,NA,NA,NA,NA,NA,NA,NA,NA,NA,88
Elster,176,2020,2020-04-27,0,0,NA,NA,NA,NA,NA,NA,NA,NA,NA,NA,NA,NA,118
Elster,176,2020,2020-05-07,1,0,F,F,T,F,?,F,F,F,F,F,F,?,128
Elster,176,2020,2020-05-31,0,0,NA,NA,NA,NA,NA,NA,NA,NA,NA,NA,NA,NA,152
Elster,176,2021,2021-03-31,4,0,?,?,T,?,?,T,?,?,?,?,?,?,90
Elster,176,2021,2021-04-26,1,0,?,?,?,?,?,?,?,?,?,?,?,?,116
Elster,176,2021,2021-05-19,2,0,?,?,T,?,?,T,?,?,?,?,?,?,139
Elster,176,2021,2021-05-31,1,0,?,?,?,?,?,?,?,?,?,?,?,?,151
Elster,179,2018,2018-03-21,9,0,?,T,T,F,?,F,F,F,F,F,F,?,80
Elster,179,2018,2018-04-16,3,0,?,F,F,T,?,F,F,F,F,F,F,?,106
Elster,179,2018,2018-05-15,9,0,?,F,F,F,?,F,F,F,F,F,F,?,135
Elster,179,2018,2018-06-08,15,0,?,F,T,F,?,F,F,F,F,F,F,?,159
Elster,179,2018,2019-03-21,0,0,NA,NA,NA,NA,NA,NA,NA,NA,NA,NA,NA,NA,80
Elster,179,2020,2020-03-14,8,0,T,F,F,T,?,F,F,F,F,F,F,?,74
Elster,179,2020,2020-04-10,11,0,T,F,T,T,?,F,F,F,F,F,F,?,101
Elster,179,2020,2020-05-09,7,0,F,F,F,T,?,F,F,F,F,F,F,?,130
Elster,179,2020,2020-06-01,4,0,F,F,F,T,?,F,F,F,F,F,F,?,153
Elster,179,2021,2021-03-20,12,0,F,F,T,F,?,F,F,F,F,F,F,?,79
Elster,179,2021,2021-04-13,10,0,T,F,F,T,?,F,F,F,F,T,F,?,103
Elster,179,2021,2021-05-21,7,0,T,F,T,F,?,F,F,F,F,F,F,?,141
Elster,179,2021,2021-06-13,6,0,F,F,F,T,?,F,F,F,F,F,F,?,164
Elster,181,2021,2021-03-31,0,0,NA,NA,NA,NA,NA,NA,NA,NA,NA,NA,NA,NA,90
Elster,181,2021,2021-04-07,2,0,F,T,F,F,?,T,?,F,F,F,F,?,97
Elster,181,2021,2021-05-24,0,0,NA,NA,NA,NA,NA,NA,NA,NA,NA,NA,NA,NA,144
Elster,182,2021,2021-03-30,2,0,F,T,F,F,?,F,F,F,F,F,F,?,89
Elster,182,2021,2021-04-25,0,0,NA,NA,NA,NA,NA,NA,NA,NA,NA,NA,NA,NA,115
Elster,182,2021,2021-05-10,0,0,NA,NA,NA,NA,NA,NA,NA,NA,NA,NA,NA,NA,130
Elster,182,2021,2021-05-30,0,0,NA,NA,NA,NA,NA,NA,NA,NA,NA,NA,NA,NA,150
Elster,182,2021,2021-06-20,0,0,NA,NA,NA,NA,NA,NA,NA,NA,NA,NA,NA,NA,171
Elster,183,2018,2018-03-17,0,0,NA,NA,NA,NA,NA,NA,NA,NA,NA,NA,NA,NA,76
Elster,183,2018,2018-04-09,0,0,NA,NA,NA,NA,NA,NA,NA,NA,NA,NA,NA,NA,99
Elster,183,2018,2018-05-06,0,0,NA,NA,NA,NA,NA,NA,NA,NA,NA,NA,NA,NA,126
Elster,183,2018,2018-06-03,1,0,F,T,F,F,?,F,F,F,F,F,F,?,154
Elster,183,2020,2020-04-19,0,0,NA,NA,NA,NA,NA,NA,NA,NA,NA,NA,NA,NA,110
Elster,183,2020,2020-05-17,0,0,NA,NA,NA,NA,NA,NA,NA,NA,NA,NA,NA,NA,138
Elster,183,2020,2020-06-14,3,0,F,F,T,F,?,F,F,F,F,F,F,?,166
Elster,184,2018,2018-03-26,4,0,?,F,T,F,?,F,F,F,F,F,F,?,85
Elster,184,2018,2018-04-15,4,0,?,T,F,F,?,F,F,T,F,F,F,?,105
Elster,184,2018,2018-05-12,1,0,?,F,F,F,?,F,F,F,F,F,F,?,132
Elster,184,2018,2018-06-16,3,0,?,F,T,F,?,F,F,F,F,F,F,?,167
Elster,184,2020,2020-03-19,3,0,F,F,F,F,?,F,F,T,F,F,F,?,79
Elster,184,2020,2020-04-10,4,0,F,F,T,F,?,F,F,F,F,T,F,?,101
Elster,184,2020,2020-05-10,3,0,F,F,T,F,?,F,F,F,F,F,F,?,131
Elster,184,2020,2020-06-14,1,0,F,F,F,F,?,F,F,F,F,F,F,?,166
Elster,184,2021,2021-03-28,4,0,F,F,F,F,?,F,F,F,F,T,F,?,87
Elster,184,2021,2021-04-28,0,0,NA,NA,NA,NA,NA,NA,NA,NA,NA,NA,NA,NA,118
Elster,184,2021,2021-05-24,2,0,F,F,F,F,?,F,F,F,F,F,F,?,144
Elster,184,2021,2021-06-13,0,0,NA,NA,NA,NA,NA,NA,NA,NA,NA,NA,NA,NA,164
Elster,189,2020,2020-03-12,7,0,F,T,T,F,F,F,F,F,F,T,F,?,72
Elster,189,2020,2020-04-05,5,0,F,T,T,F,F,F,F,F,F,T,F,?,96
Elster,189,2020,2020-05-03,5,0,F,F,T,F,F,F,F,F,F,F,F,?,124
Elster,189,2020,2020-05-31,4,0,F,T,T,F,F,F,F,F,F,F,F,?,152
Elster,189,2021,2021-03-12,7,0,?,T,?,?,?,T,?,T,?,?,?,?,71
Elster,189,2021,2021-04-06,9,0,?,T,T,?,?,T,?,T,?,?,?,?,96
Elster,189,2021,2021-04-30,2,0,?,T,T,?,?,?,?,?,?,?,?,?,120
Elster,189,2021,2021-05-08,5,0,?,T,T,?,?,T,?,?,?,?,?,?,128
Elster,189,2022,2022-03-29,1,0,F,F,F,F,F,F,F,F,F,F,F,?,88
Elster,189,2022,2022-04-27,3,0,F,T,F,F,F,F,F,F,F,F,F,?,117
Elster,189,2022,2022-05-16,1,0,F,F,F,F,F,F,F,F,F,F,F,?,136
Elster,189,2022,2022-06-15,1,0,F,F,F,T,F,F,F,F,F,F,F,?,166
Elster,189,2023,2023-03-15,2,0,F,T,F,F,F,F,F,F,F,F,F,?,74
Elster,189,2023,2023-04-19,1,0,F,T,F,F,F,F,F,F,F,F,F,?,109
Elster,189,2023,2023-05-02,0,0,NA,NA,NA,NA,NA,NA,NA,NA,NA,NA,NA,NA,122
Elster,189,2023,2023-06-15,1,0,F,T,F,F,F,F,F,F,F,F,F,?,166
Elster,191,2018,2018-03-25,16,0,F,T,T,F,?,F,F,F,F,F,F,?,84
Elster,191,2018,2018-04-08,4,0,F,F,T,F,?,F,F,T,F,F,F,?,98
Elster,191,2018,2018-05-06,2,0,F,T,F,F,?,F,F,F,F,F,F,?,126
Elster,191,2018,2018-06-16,2,0,F,F,T,F,?,F,F,F,F,F,T,?,167
Elster,191,2021,2021-03-20,7,0,F,?,?,?,?,?,F,?,?,?,?,?,79
Elster,191,2021,2021-04-11,2,0,F,?,?,?,?,T,F,?,?,?,?,?,101
Elster,191,2021,2021-05-13,1,0,F,?,?,?,?,?,F,?,?,?,?,?,133
Elster,191,2021,2021-06-05,2,0,F,?,?,?,?,?,F,?,?,?,?,?,156
Elster,193,2018,2018-03-18,1,0,F,T,F,F,?,F,F,F,F,F,F,?,77
Elster,193,2018,2018-04-08,0,0,NA,NA,NA,NA,NA,NA,NA,NA,NA,NA,NA,NA,98
Elster,193,2018,2018-05-01,2,0,F,T,F,F,?,F,F,F,F,F,F,?,121
Elster,193,2018,2018-06-09,3,0,F,F,T,F,?,F,F,F,F,F,F,?,160
Elster,193,2018,2019-05-01,0,0,NA,NA,NA,NA,NA,NA,NA,NA,NA,NA,NA,NA,121
Elster,194,2018,2018-03-10,3,0,?,T,F,F,?,F,F,F,F,F,F,?,69
Elster,194,2018,2018-04-02,6,0,?,F,T,F,?,F,F,F,F,F,F,?,92
Elster,194,2018,2018-05-05,2,0,?,F,T,F,?,T,F,F,F,F,F,?,125
Elster,194,2018,2018-05-22,1,0,?,F,F,F,?,F,F,F,F,F,F,?,142
Elster,194,2020,2020-03-20,3,0,F,F,T,F,?,F,F,F,F,F,F,?,80
Elster,194,2020,2020-04-08,1,0,F,F,F,F,?,F,F,F,F,F,F,?,99
Elster,194,2020,2020-05-20,3,3,T,F,T,F,?,T,F,F,F,F,F,?,141
Elster,194,2020,2020-06-05,4,0,F,F,T,F,?,T,F,F,F,F,F,?,157
Elster,195,2018,2018-03-20,1,0,F,T,T,F,?,F,F,F,F,F,F,?,79
Elster,195,2018,2018-04-12,0,0,NA,NA,NA,NA,NA,NA,NA,NA,NA,NA,NA,NA,102
Elster,195,2018,2018-05-18,0,0,NA,NA,NA,NA,NA,NA,NA,NA,NA,NA,NA,NA,138
Elster,195,2018,2018-06-08,0,0,NA,NA,NA,NA,NA,NA,NA,NA,NA,NA,NA,NA,159
Elster,196,2018,2018-04-07,2,0,F,F,F,F,?,T,F,F,F,F,F,?,97
Elster,196,2018,2018-05-12,2,0,F,F,F,F,?,T,F,F,F,F,F,?,132
Elster,196,2018,2018-06-02,6,0,F,F,F,F,?,T,F,F,F,F,F,?,153
Elster,196,2020,2020-03-28,5,0,F,F,F,F,?,F,F,F,F,F,F,?,88
Elster,196,2020,2020-04-11,2,0,F,F,F,F,?,F,F,F,F,T,F,?,102
Elster,196,2020,2020-05-02,1,0,F,F,F,F,?,F,F,F,F,F,F,?,123
Elster,196,2020,2020-05-30,3,0,F,F,F,F,?,F,F,T,F,F,F,?,151
Elster,196,2021,2021-03-26,1,0,F,F,F,F,?,T,F,F,F,F,F,?,85
Elster,196,2021,2021-04-17,0,0,NA,NA,NA,NA,NA,NA,NA,NA,NA,NA,NA,NA,107
Elster,196,2021,2021-05-08,3,0,F,F,F,F,?,T,F,F,F,F,F,?,128
Elster,196,2021,2021-05-29,3,0,F,F,F,F,?,F,F,F,F,F,F,?,149
Elster,197,2018,2018-03-16,5,0,?,T,T,F,?,T,F,F,F,F,F,?,75
Elster,197,2018,2018-04-10,3,0,?,F,T,F,?,T,F,F,F,F,F,?,100
Elster,197,2018,2018-05-15,1,0,?,T,F,F,?,F,F,F,F,F,F,?,135
Elster,197,2018,2018-06-06,2,0,?,T,T,F,?,F,F,F,F,F,F,?,157
Elster,197,2020,2020-03-16,1,0,F,F,F,F,?,F,F,F,F,F,F,?,76
Elster,197,2020,2020-04-05,1,0,F,F,F,T,?,F,F,F,F,F,F,?,96
Elster,197,2020,2020-05-06,2,0,F,F,T,F,?,F,F,F,F,F,F,?,127
Elster,197,2020,2020-05-22,1,0,F,F,T,F,?,T,F,F,F,F,F,?,143
Elster,197,2021,2021-03-28,0,0,NA,NA,NA,NA,NA,NA,NA,NA,NA,NA,NA,NA,87
Elster,197,2021,2021-04-21,0,0,NA,NA,NA,NA,NA,NA,NA,NA,NA,NA,NA,NA,111
Elster,197,2021,2021-05-15,0,0,NA,NA,NA,NA,NA,NA,NA,NA,NA,NA,NA,NA,135
Elster,197,2021,2021-05-28,1,0,F,F,F,F,?,F,F,F,F,F,F,?,148
Elster,198,2021,2021-03-27,0,0,NA,NA,NA,NA,NA,NA,NA,NA,NA,NA,NA,NA,86
Elster,198,2021,2021-04-24,1,0,F,T,F,F,?,F,F,F,F,F,F,?,114
Elster,198,2021,2021-05-08,0,0,NA,NA,NA,NA,NA,NA,NA,NA,NA,NA,NA,NA,128
Elster,198,2021,2021-05-24,0,0,NA,NA,NA,NA,NA,NA,NA,NA,NA,NA,NA,NA,144
Elster,199,2018,2018-03-11,7,0,F,F,T,F,?,F,F,F,F,F,F,?,70
Elster,199,2018,2018-04-23,3,0,F,F,T,F,?,F,F,F,F,F,F,?,113
Elster,199,2018,2018-05-05,5,0,F,F,F,F,?,F,F,F,F,F,F,?,125
Elster,199,2018,2018-06-14,8,0,F,F,T,F,?,F,F,F,F,F,F,?,165
Elster,199,2020,2020-03-28,12,0,F,F,T,T,?,F,F,F,F,F,F,?,88
Elster,199,2020,2020-04-11,18,0,T,F,T,F,?,F,F,F,F,T,F,?,102
Elster,199,2020,2020-05-07,6,0,F,F,F,T,?,F,F,F,F,F,F,?,128
Elster,199,2020,2020-05-26,9,0,F,F,T,F,?,F,F,F,F,F,F,?,147
Elster,199,2021,2021-03-29,17,0,F,F,F,T,?,F,F,F,T,T,F,?,88
Elster,199,2021,2021-04-11,15,0,F,F,T,F,?,F,F,F,T,F,F,?,101
Elster,199,2021,2021-05-08,10,0,F,F,F,T,?,F,F,F,T,F,F,?,128
Elster,199,2021,2021-06-14,9,0,F,F,F,T,?,F,F,F,F,F,F,?,165
Elster,202,2020,2020-03-14,0,0,NA,NA,NA,NA,NA,NA,NA,NA,NA,NA,NA,NA,74
Elster,202,2020,2020-04-02,1,0,F,F,F,F,?,F,F,F,F,F,F,?,93
Elster,202,2020,2020-05-02,2,0,F,F,F,T,?,F,F,F,F,F,F,?,123
Elster,202,2020,2020-06-20,3,0,F,F,T,T,?,F,F,F,F,F,F,?,172
Elster,202,2021,2021-03-24,8,0,T,F,T,F,?,F,F,F,F,F,F,?,83
Elster,202,2021,2021-04-14,0,0,NA,NA,NA,NA,NA,NA,NA,NA,NA,NA,NA,NA,104
Elster,202,2021,2021-05-13,0,0,NA,NA,NA,NA,NA,NA,NA,NA,NA,NA,NA,NA,133
Elster,202,2021,2021-06-02,1,0,F,F,T,F,?,F,F,F,F,F,F,?,153
Elster,203,2020,2020-03-23,19,0,F,F,T,F,?,T,F,F,F,T,F,?,83
Elster,203,2020,2020-04-22,6,0,F,F,T,F,?,T,F,T,F,T,F,?,113
Elster,203,2020,2020-05-13,4,0,F,F,F,F,?,F,F,F,F,F,F,?,134
Elster,203,2020,2020-06-03,8,0,F,F,T,T,?,T,F,F,F,F,F,?,155
Elster,205,2019,2019-04-16,2,0,F,F,F,F,?,F,F,F,F,F,F,?,106
Elster,205,2019,2019-06-14,2,0,F,F,F,F,?,F,F,F,F,F,F,?,165
Elster,205,2019,2019-03-25,3,0,F,F,F,F,?,F,F,F,F,F,F,?,84
Elster,205,2019,2019-05-16,2,0,F,F,F,F,?,F,F,F,F,F,F,?,136
Elster,205,2020,2020-04-11,6,0,F,F,F,F,?,F,F,F,F,T,F,?,102
Elster,205,2020,2020-05-16,1,0,F,T,F,F,?,F,F,F,F,F,F,?,137
Elster,205,2020,2020-06-18,6,0,F,T,T,F,?,F,F,F,F,F,F,?,170
Elster,205,2021,2021-03-28,3,0,?,?,T,?,?,?,?,?,?,?,?,?,87
Elster,205,2021,2021-04-24,1,0,?,?,T,?,?,?,?,?,?,?,?,?,114
Elster,205,2021,2021-05-15,2,0,?,?,T,?,?,?,?,?,?,?,?,?,135
Elster,205,2021,2021-06-11,5,0,?,?,T,?,?,?,?,?,?,?,?,?,162
Elster,206,2019,2019-03-23,0,0,NA,NA,NA,NA,NA,NA,NA,NA,NA,NA,NA,NA,82
Elster,206,2019,2019-04-14,1,0,F,F,F,F,?,F,F,F,F,F,F,?,104
Elster,206,2019,2019-05-07,0,0,NA,NA,NA,NA,NA,NA,NA,NA,NA,NA,NA,NA,127
Elster,206,2019,2019-06-08,1,0,F,F,F,F,?,F,F,F,F,F,F,?,159
Elster,206,2021,2021-03-24,1,0,F,F,F,F,?,F,F,F,F,F,F,?,83
Elster,206,2021,2021-04-26,0,0,NA,NA,NA,NA,NA,NA,NA,NA,NA,NA,NA,NA,116
Elster,206,2021,2021-05-20,0,0,NA,NA,NA,NA,NA,NA,NA,NA,NA,NA,NA,NA,140
Elster,206,2022,2022-03-30,1,0,F,T,F,F,F,F,F,F,F,F,F,?,89
Elster,206,2022,2022-04-21,0,0,NA,NA,NA,NA,NA,NA,NA,NA,NA,NA,NA,NA,111
Elster,206,2022,2022-05-17,0,0,NA,NA,NA,NA,NA,NA,NA,NA,NA,NA,NA,NA,137
Elster,206,2022,2022-06-14,0,0,NA,NA,NA,NA,NA,NA,NA,NA,NA,NA,NA,NA,165
Elster,207,2018,2018-03-24,8,0,?,F,F,F,?,F,F,F,F,T,F,?,83
Elster,207,2018,2018-04-22,7,0,?,F,F,F,?,F,F,F,F,F,F,?,112
Elster,207,2018,2018-05-13,3,0,?,F,F,F,?,F,F,F,F,F,F,?,133
Elster,207,2018,2018-06-09,28,0,?,F,F,F,?,F,F,F,F,F,F,?,160
Elster,207,2020,2020-03-14,8,0,F,F,F,F,?,F,F,F,F,F,F,?,74
Elster,207,2020,2020-04-07,9,0,F,F,F,F,?,F,F,F,F,F,F,?,98
Elster,207,2020,2020-05-09,4,0,F,F,F,F,?,F,F,F,F,F,F,?,130
Elster,207,2020,2020-06-20,12,0,F,F,F,F,?,F,F,F,F,F,F,?,172
Elster,207,2021,2021-03-28,8,0,F,F,F,F,?,F,F,F,F,F,F,?,87
Elster,207,2021,2021-04-24,5,0,F,F,F,F,?,F,F,F,F,F,F,?,114
Elster,207,2021,2021-05-13,8,0,F,F,F,F,?,F,F,F,F,F,F,?,133
Elster,207,2021,2021-06-13,6,0,F,F,F,F,?,F,F,F,F,F,F,?,164
Elster,209,2018,2018-03-10,1,0,?,F,F,F,?,F,F,F,F,F,F,?,69
Elster,209,2018,2018-04-08,0,0,NA,NA,NA,NA,NA,NA,NA,NA,NA,NA,NA,NA,98
Elster,209,2018,2018-05-18,0,0,NA,NA,NA,NA,NA,NA,NA,NA,NA,NA,NA,NA,138
Elster,209,2018,2018-06-09,0,0,NA,NA,NA,NA,NA,NA,NA,NA,NA,NA,NA,NA,160
Elster,209,2020,2020-03-15,1,0,F,F,F,F,?,F,F,F,F,F,F,?,75
Elster,209,2020,2020-04-05,3,0,F,F,T,F,?,F,F,F,F,F,F,?,96
Elster,209,2020,2020-05-10,1,0,F,F,F,F,?,F,F,F,F,F,F,?,131
Elster,209,2020,2020-06-02,1,0,F,F,F,F,?,F,F,F,F,F,F,?,154
Elster,209,2021,2021-03-28,2,0,F,?,?,?,?,?,F,?,?,?,?,?,87
Elster,209,2021,2021-04-24,2,0,F,T,?,?,?,T,F,?,?,?,?,?,114
Elster,209,2021,2021-05-09,0,0,NA,NA,NA,NA,NA,NA,NA,NA,NA,NA,NA,NA,129
Elster,209,2021,2021-05-29,1,0,F,T,?,?,?,?,F,?,?,?,?,?,149
Elster,210,2018,2018-03-11,1,0,?,F,F,F,?,F,F,F,F,F,F,?,70
Elster,210,2018,2018-04-01,1,0,?,F,F,F,?,F,F,F,F,F,F,?,91
Elster,210,2018,2018-05-06,4,0,?,F,F,F,?,F,F,F,F,F,F,?,126
Elster,210,2018,2018-06-03,2,0,?,T,T,F,?,F,F,F,F,F,F,?,154
Elster,210,2020,2020-03-15,4,0,F,F,T,F,?,F,F,F,F,F,F,?,75
Elster,210,2020,2020-04-12,4,0,F,F,T,F,?,F,F,F,F,F,F,?,103
Elster,210,2020,2020-05-17,10,0,F,F,F,F,?,F,F,F,F,F,F,?,138
Elster,210,2020,2020-06-21,5,0,F,F,T,F,?,F,F,F,F,F,F,?,173
Elster,210,2021,2021-03-28,7,0,F,F,F,F,?,F,F,F,F,F,F,?,87
Elster,210,2021,2021-04-11,4,0,F,F,F,F,?,F,F,F,F,F,F,?,101
Elster,210,2021,2021-05-09,7,0,F,F,F,F,?,F,F,F,F,F,F,?,129
Elster,213,2018,2018-03-27,7,0,?,F,T,F,?,F,F,F,F,F,F,?,86
Elster,213,2018,2018-04-26,6,0,?,F,T,F,?,F,F,F,F,F,F,?,116
Elster,213,2018,2018-05-20,4,0,?,T,T,F,?,F,F,F,F,F,F,?,140
Elster,213,2021,2021-03-29,2,0,F,?,?,?,?,?,F,?,?,T,?,?,88
Elster,213,2021,2021-05-16,0,0,NA,NA,NA,NA,NA,NA,NA,NA,NA,NA,NA,NA,136
Elster,213,2021,2021-06-19,2,0,F,?,?,?,?,?,F,?,?,?,?,?,170
Elster,218,2018,2018-03-24,8,0,?,T,T,F,?,F,F,F,F,F,F,?,83
Elster,218,2018,2018-04-08,3,0,?,F,T,F,?,F,F,F,F,F,F,?,98
Elster,218,2018,2018-05-06,2,0,?,F,T,F,?,F,F,F,F,F,F,?,126
Elster,218,2018,2018-06-21,3,0,?,F,T,F,?,F,F,F,F,F,F,?,172
Elster,218,2020,2020-03-15,3,0,F,F,T,F,?,F,F,F,F,F,F,?,75
Elster,218,2020,2020-04-05,4,0,F,F,T,F,?,F,F,F,F,F,F,?,96
Elster,218,2020,2020-05-03,0,0,NA,NA,NA,NA,NA,NA,NA,NA,NA,NA,NA,NA,124
Elster,218,2020,2020-05-24,4,0,F,F,T,F,?,F,F,F,F,F,F,?,145
Elster,218,2021,2021-03-20,11,0,F,F,F,F,?,F,F,F,F,F,F,?,79
Elster,218,2021,2021-04-04,8,0,F,F,T,T,?,F,F,F,F,F,F,?,94
Elster,218,2021,2021-05-08,3,0,F,F,T,F,?,F,F,F,F,F,F,?,128
Elster,218,2021,2021-05-30,5,0,F,T,F,F,?,F,F,F,F,F,F,?,150
Elster,219,2020,2020-03-28,3,0,F,F,F,F,?,T,F,F,F,F,F,?,88
Elster,219,2020,2020-04-19,2,0,F,F,F,F,?,F,F,F,F,F,F,?,110
Elster,219,2020,2020-05-16,1,0,F,F,F,F,?,F,F,F,F,F,F,?,137
Elster,219,2020,2020-06-13,3,0,F,F,F,F,?,F,F,F,F,F,F,?,165
Elster,219,2021,2021-03-29,5,0,F,F,F,F,?,T,F,F,F,T,F,?,88
Elster,219,2021,2021-04-24,1,0,F,F,F,F,?,F,F,F,F,F,F,?,114
Elster,219,2021,2021-05-08,4,0,F,F,F,F,T,T,F,F,F,F,F,?,128
Elster,219,2021,2021-05-30,3,0,F,F,F,F,?,T,F,F,F,F,F,?,150
Elster,220,2020,2020-03-31,2,0,F,F,F,F,?,F,F,F,F,F,F,?,91
Elster,220,2020,2020-04-26,2,0,F,F,F,F,?,F,F,T,F,F,F,?,117
Elster,220,2020,2020-05-17,3,0,F,F,T,F,?,F,F,F,F,F,F,?,138
Elster,220,2020,2020-06-20,1,0,F,F,F,F,?,F,F,F,F,F,F,?,172
Elster,220,2021,2021-03-28,3,0,F,?,?,?,?,?,F,?,?,T,?,?,87
Elster,220,2021,2021-04-25,2,0,F,?,?,?,?,?,F,?,?,?,?,?,115
Elster,220,2021,2021-05-20,3,0,F,?,?,?,?,?,F,?,?,T,?,?,140
Elster,220,2021,2021-06-20,1,0,F,?,?,?,?,?,F,?,?,?,T,?,171
Elster,221,2019,2019-03-24,6,0,F,F,F,T,?,T,F,F,F,T,F,?,83
Elster,221,2019,2019-04-21,2,0,F,F,F,F,?,F,F,F,F,F,F,?,111
Elster,221,2019,2019-05-18,0,0,NA,NA,NA,NA,NA,NA,NA,NA,NA,NA,NA,NA,138
Elster,221,2019,2019-06-16,3,0,F,F,F,F,?,F,F,F,F,F,F,?,167
Elster,221,2019,2019-06-17,0,0,NA,NA,NA,NA,NA,NA,NA,NA,NA,NA,NA,NA,168
Elster,221,2020,2020-03-27,2,0,F,F,F,T,?,T,F,F,F,F,F,?,87
Elster,221,2020,2020-04-26,2,0,F,F,F,T,?,F,F,F,F,F,F,?,117
Elster,221,2020,2020-05-17,1,0,F,F,F,T,?,F,F,F,F,F,F,?,138
Elster,221,2020,2020-06-20,2,0,F,F,F,T,?,F,F,F,F,F,F,?,172
Elster,221,2021,2021-03-28,3,0,?,T,T,F,?,T,F,?,F,F,F,?,87
Elster,221,2021,2021-04-25,2,0,?,F,F,F,?,F,F,?,F,F,F,?,115
Elster,221,2021,2021-05-20,3,0,?,F,F,T,?,F,F,?,F,F,F,?,140
Elster,221,2021,2021-06-13,0,0,NA,NA,NA,NA,NA,NA,NA,NA,NA,NA,NA,NA,164
Elster,221,2022,2022-03-20,3,0,F,F,F,F,?,T,F,F,F,F,F,?,79
Elster,221,2022,2022-04-18,0,0,NA,NA,NA,NA,NA,NA,NA,NA,NA,NA,NA,NA,108
Elster,221,2022,2022-05-08,6,0,F,F,F,T,?,T,F,F,F,F,F,?,128
Elster,221,2022,2022-05-26,2,0,F,F,F,F,?,F,F,F,F,T,F,?,146
Elster,221,2023,2023-03-22,3,0,F,F,F,F,F,F,F,F,F,F,F,?,81
Elster,221,2023,2023-04-22,1,0,F,F,F,T,F,F,F,F,F,T,F,?,112
Elster,221,2023,2023-05-13,1,0,F,F,F,T,F,F,F,F,F,F,F,?,133
Elster,221,2023,2023-06-11,5,0,F,F,F,T,F,F,F,F,F,F,F,?,162
Elster,228,2019,2019-03-28,1,0,F,F,F,F,?,F,F,F,F,T,F,?,87
Elster,228,2019,2019-05-19,1,0,F,F,F,F,?,F,F,F,F,F,F,?,139
Elster,228,2019,2019-06-17,1,0,F,F,F,F,?,F,F,F,F,F,F,?,168
Elster,228,2019,2019-04-22,1,0,F,F,F,F,?,F,F,F,F,F,F,?,112
Elster,228,2020,2020-03-20,3,0,F,F,T,F,?,T,F,F,F,F,F,?,80
Elster,228,2020,2020-04-24,0,0,NA,NA,NA,NA,NA,NA,NA,NA,NA,NA,NA,NA,115
Elster,228,2020,2020-05-20,1,0,F,F,F,T,?,F,F,F,F,F,F,?,141
Elster,228,2020,2020-06-15,3,0,F,F,F,T,?,T,F,F,F,F,F,?,167
Elster,228,2021,2021-03-25,2,0,?,F,F,T,?,F,F,?,F,F,F,?,84
Elster,228,2021,2021-06-04,1,0,?,F,F,T,?,T,F,?,F,F,F,?,155
Elster,228,2021,2021-05-15,1,0,?,F,F,T,?,F,F,?,F,F,F,?,135
Elster,228,2021,2021-04-24,1,0,?,F,F,F,?,F,F,?,F,T,F,?,114
Elster,228,2021,2021-04-15,0,0,NA,NA,NA,NA,NA,NA,NA,NA,NA,NA,NA,NA,105
Elster,228,2022,2022-03-18,1,0,F,F,F,F,?,F,F,F,F,F,F,?,77
Elster,228,2022,2022-04-13,5,0,F,F,F,T,?,F,F,F,F,T,F,?,103
Elster,228,2022,2022-06-01,1,0,F,F,F,T,?,F,F,F,F,F,F,?,152
Elster,228,2022,2022-05-09,2,0,F,F,F,F,?,F,F,F,F,T,F,?,129
Elster,228,2023,2023-03-17,1,0,F,F,F,T,F,T,F,F,F,F,F,?,76
Elster,228,2023,2023-04-20,2,0,F,F,F,F,F,F,F,F,F,T,F,?,110
Elster,228,2023,2023-05-14,2,0,F,F,F,F,F,F,F,F,F,T,F,?,134
Elster,228,2023,2023-06-10,0,0,NA,NA,NA,NA,NA,NA,NA,NA,NA,NA,NA,NA,161
Elster,240,2018,2018-03-11,5,0,?,F,T,F,?,F,F,F,F,F,F,?,70
Elster,240,2018,2018-04-09,2,0,?,T,F,F,?,F,F,F,F,F,F,?,99
Elster,240,2018,2018-05-06,0,0,NA,NA,NA,NA,NA,NA,NA,NA,NA,NA,NA,NA,126
Elster,240,2018,2018-06-04,0,0,NA,NA,NA,NA,NA,NA,NA,NA,NA,NA,NA,NA,155
Elster,240,2020,2020-03-19,0,0,NA,NA,NA,NA,NA,NA,NA,NA,NA,NA,NA,NA,79
Elster,240,2020,2020-04-10,1,1,T,F,F,F,?,F,F,F,F,F,F,?,101
Elster,240,2020,2020-05-09,0,0,NA,NA,NA,NA,NA,NA,NA,NA,NA,NA,NA,NA,130
Elster,240,2020,2020-06-04,0,0,NA,NA,NA,NA,NA,NA,NA,NA,NA,NA,NA,NA,156
Elster,240,2021,2021-03-25,0,0,NA,NA,NA,NA,NA,NA,NA,NA,NA,NA,NA,NA,84
Elster,240,2021,2021-04-22,0,0,NA,NA,NA,NA,NA,NA,NA,NA,NA,NA,NA,NA,112
Elster,240,2021,2021-05-14,0,0,NA,NA,NA,NA,NA,NA,NA,NA,NA,NA,NA,NA,134
Elster,240,2021,2021-06-13,1,0,F,F,T,F,?,F,F,F,F,F,F,?,164
Elster,241,2019,2019-03-23,5,0,F,F,T,F,?,T,F,T,F,T,F,?,82
Elster,241,2019,2019-04-18,4,0,F,T,T,F,?,F,F,F,F,T,F,?,108
Elster,241,2019,2019-05-10,2,0,F,F,F,F,?,F,F,F,F,T,F,?,130
Elster,241,2019,2019-06-06,0,0,NA,NA,NA,NA,NA,NA,NA,NA,NA,NA,NA,NA,157
Elster,241,2020,2020-03-24,4,0,F,F,F,F,?,T,F,T,F,T,F,?,84
Elster,241,2020,2020-04-17,2,0,F,F,T,T,?,F,F,F,F,T,F,?,108
Elster,241,2020,2020-05-08,0,0,NA,NA,NA,NA,NA,NA,NA,NA,NA,NA,NA,NA,129
Elster,241,2020,2020-06-03,0,0,NA,NA,NA,NA,NA,NA,NA,NA,NA,NA,NA,NA,155
Elster,241,2021,2021-03-25,0,0,NA,NA,NA,NA,NA,NA,NA,NA,NA,NA,NA,NA,84
Elster,241,2021,2021-04-23,0,0,NA,NA,NA,NA,NA,NA,NA,NA,NA,NA,NA,NA,113
Elster,241,2021,2021-05-18,2,0,?,F,F,F,?,T,F,?,F,T,F,?,138
Elster,241,2021,2021-06-09,0,0,NA,NA,NA,NA,NA,NA,NA,NA,NA,NA,NA,NA,160
Elster,241,2022,2022-03-18,1,0,F,F,F,F,?,F,F,F,F,T,F,?,77
Elster,241,2022,2022-04-21,0,0,NA,NA,NA,NA,NA,NA,NA,NA,NA,NA,NA,NA,111
Elster,241,2022,2022-05-18,1,0,F,F,T,F,?,F,F,F,F,F,F,?,138
Elster,241,2022,2022-06-10,0,0,NA,NA,NA,NA,NA,NA,NA,NA,NA,NA,NA,NA,161
Elster,241,2023,2023-03-22,0,0,NA,NA,NA,NA,NA,NA,NA,NA,NA,NA,NA,NA,81
Elster,241,2023,2023-04-22,1,0,F,F,F,F,F,F,F,F,F,T,F,?,112
Elster,241,2023,2023-05-07,0,0,NA,NA,NA,NA,NA,NA,NA,NA,NA,NA,NA,NA,127
Elster,241,2023,2023-06-10,2,0,F,F,F,F,F,F,F,F,F,F,F,?,161
Elster,246,2021,2021-03-29,0,0,NA,NA,NA,NA,NA,NA,NA,NA,NA,NA,NA,NA,88
Elster,246,2021,2021-04-26,0,0,NA,NA,NA,NA,NA,NA,NA,NA,NA,NA,NA,NA,116
Elster,246,2021,2021-05-16,1,0,?,F,F,T,?,F,F,?,F,F,F,?,136
Elster,246,2021,2021-06-16,1,0,?,F,F,F,?,F,F,?,F,F,F,?,167
Elster,246,2023,2023-03-16,0,0,NA,NA,NA,NA,NA,NA,NA,NA,NA,NA,NA,NA,75
Elster,246,2023,2023-04-23,1,0,F,F,F,T,F,F,F,F,F,F,F,?,113
Elster,246,2023,2023-05-17,0,0,NA,NA,NA,NA,NA,NA,NA,NA,NA,NA,NA,NA,137
Elster,246,2023,2023-06-17,0,0,NA,NA,NA,NA,NA,NA,NA,NA,NA,NA,NA,NA,168
Elster,248,2019,2019-03-14,5,0,?,?,T,?,?,T,?,?,?,?,?,?,73
Elster,248,2019,2019-04-24,4,0,?,?,T,?,?,T,?,?,?,?,?,?,114
Elster,248,2019,2019-05-12,4,0,?,?,T,?,?,T,?,?,?,?,?,?,132
Elster,248,2019,2019-05-29,2,0,?,?,T,?,?,?,?,?,?,?,?,?,149
Elster,248,2020,2020-03-20,11,0,F,F,T,F,F,F,F,F,F,F,F,?,80
Elster,248,2020,2020-04-14,8,0,F,F,T,F,F,F,F,F,F,F,F,?,105
Elster,248,2020,2020-05-12,1,0,F,F,F,F,F,F,F,F,F,F,F,?,133
Elster,248,2020,2020-06-05,3,0,F,F,T,F,F,F,F,F,F,F,T,?,157
Elster,248,2021,2021-03-22,4,0,?,?,T,?,?,?,?,?,?,?,?,?,81
Elster,248,2021,2021-04-16,6,0,?,?,T,?,?,?,?,?,?,?,?,?,106
Elster,248,2021,2021-05-13,4,0,?,?,T,?,?,?,?,?,?,?,?,?,133
Elster,248,2021,2021-05-31,2,0,?,?,T,?,?,?,?,?,?,?,?,?,151
Elster,248,2022,2022-03-18,3,0,F,F,F,F,F,F,F,F,F,F,F,?,77
Elster,248,2022,2022-04-07,1,0,F,F,F,F,F,F,F,F,F,F,F,?,97
Elster,248,2022,2022-05-06,1,0,F,T,F,F,F,F,F,F,F,F,F,?,126
Elster,248,2022,2022-06-09,0,0,NA,NA,NA,NA,NA,NA,NA,NA,NA,NA,NA,NA,160
Elster,249,2018,2018-03-26,1,0,?,T,F,F,?,F,F,F,F,F,F,?,85
Elster,249,2018,2018-04-09,0,0,NA,NA,NA,NA,NA,NA,NA,NA,NA,NA,NA,NA,99
Elster,249,2018,2018-05-09,0,0,NA,NA,NA,NA,NA,NA,NA,NA,NA,NA,NA,NA,129
Elster,249,2018,2018-06-06,0,0,NA,NA,NA,NA,NA,NA,NA,NA,NA,NA,NA,NA,157
Elster,251,2021,2021-03-25,3,0,?,T,T,?,?,?,?,T,?,?,?,?,84
Elster,251,2021,2021-04-24,2,0,?,?,T,?,?,T,?,?,?,?,?,?,114
Elster,251,2021,2021-05-10,2,0,?,?,T,?,?,?,?,?,?,?,?,?,130
Elster,251,2021,2021-06-05,2,0,?,?,?,?,?,?,?,?,?,?,?,?,156
Elster,252,2018,2018-03-23,3,0,F,F,T,F,?,T,F,F,F,F,F,?,82
Elster,252,2018,2018-05-14,0,0,NA,NA,NA,NA,NA,NA,NA,NA,NA,NA,NA,NA,134
Elster,252,2018,2018-06-20,0,0,NA,NA,NA,NA,NA,NA,NA,NA,NA,NA,NA,NA,171
Elster,252,2020,2020-03-19,1,0,F,T,F,F,?,F,F,F,F,F,F,?,79
Elster,252,2020,2020-04-25,0,0,NA,NA,NA,NA,NA,NA,NA,NA,NA,NA,NA,NA,116
Elster,252,2020,2020-05-20,0,0,NA,NA,NA,NA,NA,NA,NA,NA,NA,NA,NA,NA,141
Elster,252,2020,2020-06-15,0,0,NA,NA,NA,NA,NA,NA,NA,NA,NA,NA,NA,NA,167
Elster,252,2021,2021-03-29,2,0,F,T,F,F,?,F,F,F,F,F,F,?,88
Elster,252,2021,2021-04-19,1,0,F,F,F,T,?,F,F,F,F,F,F,?,109
Elster,252,2021,2021-05-20,0,0,NA,NA,NA,NA,NA,NA,NA,NA,NA,NA,NA,NA,140
Elster,252,2021,2021-06-17,1,0,F,F,F,F,?,F,F,F,F,F,F,?,168
Elster,254,2020,2020-04-04,2,0,F,F,F,T,?,F,F,F,F,F,F,?,95
Elster,254,2020,2020-04-13,0,0,NA,NA,NA,NA,NA,NA,NA,NA,NA,NA,NA,NA,104
Elster,254,2020,2020-05-10,1,0,F,F,T,F,?,F,F,F,F,F,F,?,131
Elster,254,2020,2020-06-13,0,0,NA,NA,NA,NA,NA,NA,NA,NA,NA,NA,NA,NA,165
Elster,254,2021,2021-03-27,1,0,F,?,?,T,?,?,F,?,?,?,?,?,86
Elster,254,2021,2021-04-24,0,0,NA,NA,NA,NA,NA,NA,NA,NA,NA,NA,NA,NA,114
Elster,254,2021,2021-05-08,0,0,NA,NA,NA,NA,NA,NA,NA,NA,NA,NA,NA,NA,128
Elster,254,2021,2021-06-12,1,0,F,?,?,T,?,?,F,?,?,?,?,?,163
Elster,255,2020,2020-03-27,4,0,F,F,F,F,?,T,F,F,F,T,F,?,87
Elster,255,2020,2020-04-19,5,0,F,F,F,F,?,F,F,F,F,F,F,?,110
Elster,255,2020,2020-05-04,1,0,F,F,F,F,?,F,F,F,F,F,F,?,125
Elster,255,2020,2020-06-02,4,0,F,F,T,F,?,F,F,F,F,F,F,?,154
Elster,255,2021,2021-03-22,11,0,?,?,T,?,?,?,?,?,?,?,?,?,81
Elster,255,2021,2021-04-14,10,0,?,T,T,?,?,?,?,T,?,?,?,?,104
Elster,255,2021,2021-05-10,8,0,?,?,?,?,?,?,?,?,?,?,?,?,130
Elster,255,2021,2021-06-01,7,0,T,T,T,?,?,?,?,?,?,?,?,?,152
Elster,255,2022,2022-03-30,1,0,F,F,F,F,F,F,F,F,F,F,F,?,89
Elster,255,2022,2022-04-20,1,0,F,F,F,F,F,F,F,F,F,F,F,?,110
Elster,255,2022,2022-05-11,4,0,F,T,F,F,F,F,F,F,F,F,F,?,131
Elster,255,2022,2022-06-01,3,0,F,T,F,F,F,T,F,F,F,F,F,?,152
Elster,255,2023,2023-03-22,4,0,F,F,T,F,F,T,F,F,F,F,F,?,81
Elster,255,2023,2023-04-17,1,0,F,F,F,F,F,T,F,F,F,F,F,?,107
Elster,255,2023,2023-05-10,1,0,F,F,T,F,F,F,F,F,F,F,F,?,130
Elster,255,2023,2023-06-12,2,0,F,T,F,F,F,F,F,F,F,F,F,?,163
Elster,256,2020,2020-03-23,3,0,F,F,F,F,?,T,F,F,F,T,F,?,83
Elster,256,2020,2020-04-19,3,0,F,F,F,T,?,T,F,F,F,T,F,?,110
Elster,256,2020,2020-05-09,1,0,F,F,F,F,?,F,F,F,F,F,F,?,130
Elster,256,2020,2020-06-02,2,0,F,F,T,F,?,F,F,F,F,F,F,?,154
Elster,256,2021,2021-03-22,5,0,?,T,T,?,?,?,?,?,?,?,?,?,81
Elster,256,2021,2021-04-14,2,0,?,T,?,?,?,?,?,T,?,?,?,?,104
Elster,256,2021,2021-05-08,3,0,?,T,?,?,?,?,?,T,?,?,?,?,128
Elster,256,2021,2021-05-31,2,0,?,?,?,T,?,?,?,?,?,?,?,?,151
Elster,256,2022,2022-03-28,3,0,F,F,F,F,F,T,F,F,F,F,F,?,87
Elster,256,2022,2022-04-19,2,0,F,T,F,F,F,F,F,F,F,F,F,?,109
Elster,256,2022,2022-05-02,2,0,F,T,F,F,F,T,F,F,F,F,F,?,122
Elster,256,2022,2022-06-02,3,0,F,T,F,F,F,F,F,F,F,F,F,?,153
Elster,256,2023,2023-03-20,1,0,F,F,F,F,F,T,F,F,F,F,F,?,79
Elster,256,2023,2023-04-11,0,0,NA,NA,NA,NA,NA,NA,NA,NA,NA,NA,NA,NA,101
Elster,256,2023,2023-05-08,1,0,F,T,F,F,F,F,F,F,F,F,F,?,128
Elster,256,2023,2023-06-05,2,0,F,T,F,F,F,F,F,F,F,F,F,?,156
Elster,257,2018,2018-03-14,3,0,?,F,F,F,?,T,F,F,F,T,F,?,73
Elster,257,2018,2018-04-06,4,0,?,F,F,F,?,T,F,F,F,T,F,?,96
Elster,257,2018,2018-05-02,1,0,?,F,F,F,?,F,F,F,F,F,F,?,122
Elster,257,2018,2018-05-30,6,0,?,F,F,F,?,F,F,F,F,F,F,?,150
Elster,257,2020,2020-03-17,8,0,F,F,F,T,?,F,F,F,F,F,F,?,77
Elster,257,2020,2020-04-05,1,0,F,F,F,F,?,T,F,F,F,F,F,?,96
Elster,257,2020,2020-04-18,1,0,F,T,F,F,?,F,F,F,F,F,F,?,109
Elster,257,2020,2020-05-31,2,0,F,F,F,T,?,F,F,F,F,F,F,?,152
Elster,257,2021,2021-03-21,3,0,F,F,F,T,?,F,F,F,F,T,F,?,80
Elster,257,2021,2021-04-17,3,0,F,F,F,T,?,F,F,F,F,T,F,?,107
Elster,257,2021,2021-05-10,2,0,F,F,F,F,?,F,F,F,F,F,F,?,130
Elster,257,2021,2021-05-30,2,0,F,F,F,T,?,F,F,F,F,F,F,?,150
Elster,258,2020,2020-03-19,2,0,F,F,F,T,?,T,F,F,F,F,F,?,79
Elster,258,2020,2020-04-25,2,0,F,F,T,F,?,T,F,F,F,F,F,?,116
Elster,258,2020,2020-05-20,1,0,F,F,F,F,?,F,F,F,F,F,F,?,141
Elster,258,2020,2020-06-15,0,0,NA,NA,NA,NA,NA,NA,NA,NA,NA,NA,NA,NA,167
Elster,259,2020,2020-03-20,1,0,F,F,F,F,?,F,F,F,F,F,F,?,80
Elster,259,2020,2020-04-17,2,0,F,F,F,F,?,F,F,F,F,F,F,?,108
Elster,259,2020,2020-05-09,2,0,F,F,F,F,?,T,F,F,F,F,F,?,130
Elster,259,2020,2020-05-29,3,0,F,F,F,F,?,F,F,F,F,F,F,?,150
Elster,259,2021,2021-03-24,2,0,?,?,?,?,?,?,?,?,?,?,?,?,83
Elster,259,2021,2021-04-15,2,0,?,?,?,?,?,T,?,?,?,?,?,?,105
Elster,259,2021,2021-05-14,2,0,?,?,?,?,?,?,?,?,?,?,?,?,134
Elster,259,2021,2021-06-02,3,0,?,?,?,?,?,?,?,?,?,?,?,?,153
Elster,259,2022,2022-03-30,2,0,F,F,F,F,F,T,F,F,F,F,F,?,89
Elster,259,2022,2022-04-19,0,0,NA,NA,NA,NA,NA,NA,NA,NA,NA,NA,NA,NA,109
Elster,259,2022,2022-05-12,2,0,F,T,F,F,F,F,F,F,F,F,F,?,132
Elster,259,2022,2022-06-15,0,0,NA,NA,NA,NA,NA,NA,NA,NA,NA,NA,NA,NA,166
Elster,259,2023,2023-03-21,1,0,F,T,F,F,F,F,F,F,F,F,F,?,80
Elster,259,2023,2023-04-13,2,0,F,F,F,F,F,F,F,T,F,F,F,?,103
Elster,259,2023,2023-05-09,3,0,F,T,F,F,F,T,F,F,F,F,F,?,129
Elster,259,2023,2023-06-06,1,0,F,T,F,F,F,F,F,F,F,F,F,?,157
Elster,266,2018,2018-03-24,0,0,NA,NA,NA,NA,NA,NA,NA,NA,NA,NA,NA,NA,83
Elster,266,2018,2018-04-07,1,0,F,F,F,F,?,F,F,F,F,F,F,?,97
Elster,266,2018,2018-05-15,1,0,F,T,F,F,?,F,F,F,F,F,F,?,135
Elster,266,2018,2018-06-06,1,0,F,T,F,F,?,F,F,F,F,F,F,?,157
Elster,266,2020,2020-03-20,0,0,NA,NA,NA,NA,NA,NA,NA,NA,NA,NA,NA,NA,80
Elster,266,2020,2020-04-18,0,0,NA,NA,NA,NA,NA,NA,NA,NA,NA,NA,NA,NA,109
Elster,266,2020,2020-05-16,1,0,F,F,F,F,?,F,F,F,F,F,F,?,137
Elster,266,2020,2020-06-08,1,0,F,F,F,F,?,F,F,F,F,F,F,?,160
Elster,266,2021,2021-03-24,3,0,F,T,?,?,?,T,F,?,?,?,?,?,83
Elster,266,2021,2021-04-15,0,0,NA,NA,NA,NA,NA,NA,NA,NA,NA,NA,NA,NA,105
Elster,266,2021,2021-05-13,0,0,NA,NA,NA,NA,NA,NA,NA,NA,NA,NA,NA,NA,133
Elster,266,2021,2021-06-10,0,0,NA,NA,NA,NA,NA,NA,NA,NA,NA,NA,NA,NA,161
Elster,268,2018,2018-04-14,3,0,F,T,F,F,?,F,F,F,F,F,F,?,104
Elster,268,2018,2018-05-09,1,0,F,T,F,F,?,F,F,F,F,F,F,?,129
Elster,268,2018,2018-05-15,3,0,F,T,F,F,?,F,F,F,F,F,F,?,135
Elster,268,2018,2018-06-18,0,0,NA,NA,NA,NA,NA,NA,NA,NA,NA,NA,NA,NA,169
Elster,268,2020,2020-03-15,8,0,F,F,F,F,?,F,F,F,F,F,F,?,75
Elster,268,2020,2020-04-05,0,0,NA,NA,NA,NA,NA,NA,NA,NA,NA,NA,NA,NA,96
Elster,268,2020,2020-05-08,0,0,NA,NA,NA,NA,NA,NA,NA,NA,NA,NA,NA,NA,129
Elster,268,2020,2020-05-27,0,0,NA,NA,NA,NA,NA,NA,NA,NA,NA,NA,NA,NA,148
Elster,272,2019,2019-03-25,1,0,F,F,T,F,?,F,F,F,F,T,F,?,84
Elster,272,2019,2019-04-14,0,0,NA,NA,NA,NA,NA,NA,NA,NA,NA,NA,NA,NA,104
Elster,272,2019,2019-05-07,4,0,F,F,T,F,T,T,F,F,F,F,F,?,127
Elster,272,2019,2019-06-03,2,0,F,F,T,F,?,F,F,F,F,F,F,?,154
Elster,272,2020,2020-03-20,0,0,NA,NA,NA,NA,NA,NA,NA,NA,NA,NA,NA,NA,80
Elster,272,2020,2020-04-25,6,0,F,F,F,F,?,F,F,F,F,F,F,?,116
Elster,272,2020,2020-05-18,0,0,NA,NA,NA,NA,NA,NA,NA,NA,NA,NA,NA,NA,139
Elster,272,2020,2020-06-19,0,0,NA,NA,NA,NA,NA,NA,NA,NA,NA,NA,NA,NA,171
Elster,272,2021,2021-03-24,1,0,F,F,F,F,?,F,F,F,F,F,F,?,83
Elster,272,2021,2021-05-20,1,0,F,F,F,F,?,F,F,F,F,F,F,?,140
Elster,272,2021,2021-06-16,1,0,F,F,F,F,?,F,F,F,F,F,F,?,167
Elster,272,2021,2021-04-21,0,0,NA,NA,NA,NA,NA,NA,NA,NA,NA,NA,NA,NA,111
Elster,272,2022,2022-03-23,0,0,NA,NA,NA,NA,NA,NA,NA,NA,NA,NA,NA,NA,82
Elster,272,2022,2022-05-10,1,0,F,T,F,F,F,F,F,F,F,F,F,?,130
Elster,272,2022,2022-06-08,0,0,NA,NA,NA,NA,NA,NA,NA,NA,NA,NA,NA,NA,159
Elster,272,2022,2022-04-20,1,0,F,F,F,F,F,F,F,F,F,F,F,?,110
Elster,272,2023,2023-03-17,1,0,F,F,F,F,F,F,F,F,F,F,F,?,76
Elster,272,2023,2023-04-19,2,0,F,T,T,F,F,F,F,F,F,F,F,?,109
Elster,272,2023,2023-05-16,1,0,F,F,T,F,F,F,F,F,F,F,F,?,136
Elster,272,2023,2023-06-15,1,0,F,T,F,F,F,F,F,F,F,F,F,?,166
Elster,273,2019,2019-03-19,6,0,F,F,T,F,?,F,F,F,F,F,F,?,78
Elster,273,2019,2019-04-22,0,0,NA,NA,NA,NA,NA,NA,NA,NA,NA,NA,NA,NA,112
Elster,273,2019,2019-05-30,1,0,F,F,T,F,?,F,F,F,F,F,F,?,150
Elster,273,2019,2019-06-18,2,0,F,F,T,F,?,F,F,F,F,F,F,?,169
Elster,273,2020,2020-03-25,0,0,NA,NA,NA,NA,NA,NA,NA,NA,NA,NA,NA,NA,85
Elster,273,2020,2020-04-22,3,0,F,F,T,F,?,F,F,F,F,F,F,?,113
Elster,273,2020,2020-05-20,0,0,NA,NA,NA,NA,NA,NA,NA,NA,NA,NA,NA,NA,141
Elster,273,2020,2020-06-18,2,0,F,F,F,F,?,F,F,F,F,F,F,?,170
Elster,273,2021,2021-03-30,1,0,F,F,T,F,?,F,F,F,F,F,F,?,89
Elster,273,2021,2021-04-25,0,0,NA,NA,NA,NA,NA,NA,NA,NA,NA,NA,NA,NA,115
Elster,273,2021,2021-05-12,1,0,F,F,F,F,?,F,F,F,F,F,F,?,132
Elster,273,2021,2021-06-09,1,0,F,F,T,F,?,F,F,F,F,F,F,?,160
Elster,273,2022,2022-03-31,1,0,F,T,F,F,F,F,F,F,F,F,F,?,90
Elster,273,2022,2022-04-22,0,0,NA,NA,NA,NA,NA,NA,NA,NA,NA,NA,NA,NA,112
Elster,273,2022,2022-05-20,1,0,F,F,F,F,F,F,F,F,F,F,F,?,140
Elster,273,2022,2022-06-16,0,0,NA,NA,NA,NA,NA,NA,NA,NA,NA,NA,NA,NA,167
Elster,273,2023,2023-03-29,1,0,F,F,T,F,F,F,F,F,F,F,F,?,88
Elster,273,2023,2023-04-20,0,0,NA,NA,NA,NA,NA,NA,NA,NA,NA,NA,NA,NA,110
Elster,273,2023,2023-05-18,1,0,F,F,T,F,F,F,F,F,F,F,F,?,138
Elster,273,2023,2023-06-20,1,0,F,F,T,F,F,F,F,F,F,F,F,?,171
Elster,275,2019,2019-03-26,8,0,F,F,T,F,?,T,F,F,F,T,F,?,85
Elster,275,2019,2019-04-16,7,0,F,F,T,F,?,F,F,F,F,T,F,?,106
Elster,275,2019,2019-05-09,15,0,F,F,T,F,T,T,F,F,F,T,F,?,129
Elster,275,2020,2020-03-24,8,0,F,F,T,F,?,F,F,F,F,F,F,?,84
Elster,275,2020,2020-04-27,3,0,F,F,T,F,?,F,F,F,F,F,F,?,118
Elster,275,2020,2020-05-19,8,0,F,F,T,F,?,F,F,T,F,F,F,?,140
Elster,275,2020,2020-06-17,1,0,F,F,F,F,?,F,F,F,F,F,F,?,169
Elster,275,2021,2021-03-25,7,0,T,F,T,F,?,T,F,F,F,T,F,?,84
Elster,275,2021,2021-04-28,2,0,F,F,F,F,?,F,F,F,F,F,F,?,118
Elster,275,2021,2021-05-10,10,0,F,F,T,F,?,F,F,F,F,F,F,?,130
Elster,275,2021,2021-06-18,5,0,F,F,F,F,?,F,F,F,F,F,F,?,169
Elster,275,2022,2022-04-27,2,0,F,T,F,F,F,F,F,F,F,F,F,?,117
Elster,275,2022,2022-05-19,2,0,F,T,F,F,F,F,F,F,F,F,F,?,139
Elster,275,2022,2022-06-08,1,0,F,F,T,F,F,F,F,F,F,F,F,?,159
Elster,275,2022,2022-03-31,1,0,F,F,T,F,F,F,F,F,F,F,F,?,90
Elster,275,2023,2023-03-15,2,0,F,T,F,F,F,F,F,T,F,F,F,?,74
Elster,275,2023,2023-04-25,1,0,F,T,F,F,F,F,F,F,F,F,F,?,115
Elster,275,2023,2023-05-16,1,0,F,T,F,F,F,F,F,F,F,F,F,?,136
Elster,276,2018,2018-04-22,3,0,F,F,F,F,T,F,F,F,F,F,F,?,112
Elster,276,2018,2018-06-18,0,0,NA,NA,NA,NA,NA,NA,NA,NA,NA,NA,NA,NA,169
Elster,276,2018,2018-03-29,0,0,NA,NA,NA,NA,NA,NA,NA,NA,NA,NA,NA,NA,88
Elster,276,2018,2018-05-21,0,0,NA,NA,NA,NA,NA,NA,NA,NA,NA,NA,NA,NA,141
Elster,281,2018,2018-03-18,5,5,T,F,F,T,?,F,F,F,F,F,F,?,77
Elster,281,2018,2018-04-19,0,0,NA,NA,NA,NA,NA,NA,NA,NA,NA,NA,NA,NA,109
Elster,281,2018,2018-05-18,0,0,NA,NA,NA,NA,NA,NA,NA,NA,NA,NA,NA,NA,138
Elster,281,2018,2018-06-07,3,0,T,T,F,T,?,F,F,F,F,F,F,?,158
Elster,281,2020,2020-03-18,2,0,F,F,F,F,?,F,F,F,F,F,F,?,78
Elster,281,2020,2020-04-18,1,0,F,F,T,F,?,F,F,F,F,F,F,?,109
Elster,281,2020,2020-05-08,0,0,NA,NA,NA,NA,NA,NA,NA,NA,NA,NA,NA,NA,129
Elster,281,2020,2020-06-15,1,0,F,T,F,F,?,F,F,F,F,F,F,?,167
Elster,281,2021,2021-03-31,2,0,F,F,F,T,?,F,F,F,F,F,F,?,90
Elster,281,2021,2021-04-23,1,0,F,F,F,F,?,F,F,F,F,F,F,?,113
Elster,281,2021,2021-05-14,3,0,F,F,F,F,?,F,F,F,F,F,F,?,134
Elster,281,2021,2021-06-11,1,0,F,F,F,F,?,F,F,F,F,F,F,?,162
Elster,283,2018,2018-04-28,1,0,F,F,F,F,?,F,F,F,F,T,F,?,118
Elster,283,2018,2018-05-10,1,0,F,F,F,T,?,F,F,F,F,F,F,?,130
Elster,283,2018,2018-06-20,1,0,F,F,F,T,?,F,F,F,F,T,F,?,171
Elster,283,2020,2020-03-26,6,0,F,F,F,T,?,F,F,F,F,T,F,?,86
Elster,283,2020,2020-04-25,15,0,F,F,F,T,?,F,F,F,F,T,F,?,116
Elster,283,2020,2020-05-20,5,0,F,F,T,T,?,F,F,F,F,T,F,?,141
Elster,283,2020,2020-06-20,2,0,F,F,F,T,?,F,F,F,F,T,F,?,172
Elster,283,2021,2021-03-25,3,0,F,F,F,F,?,T,F,F,F,F,F,?,84
Elster,283,2021,2021-04-16,1,0,F,F,F,F,?,T,F,F,F,F,F,?,106
Elster,283,2021,2021-06-20,4,0,F,F,F,F,?,F,F,F,F,T,F,?,171
Elster,283,2021,2021-05-24,1,0,F,F,F,F,?,F,F,F,F,T,F,?,144
Elster,284,2018,2018-03-24,3,0,?,F,F,F,?,F,F,F,F,F,F,?,83
Elster,284,2018,2018-04-18,1,0,?,F,F,F,?,F,F,F,F,F,F,?,108
Elster,284,2018,2018-05-17,0,0,NA,NA,NA,NA,NA,NA,NA,NA,NA,NA,NA,NA,137
Elster,284,2018,2018-06-27,0,0,NA,NA,NA,NA,NA,NA,NA,NA,NA,NA,NA,NA,178
Elster,284,2020,2020-03-16,4,0,F,T,F,F,?,T,F,F,F,F,F,?,76
Elster,284,2020,2020-04-20,4,0,F,T,F,F,?,F,F,F,F,F,F,?,111
Elster,284,2020,2020-05-20,2,0,F,F,F,F,?,F,F,F,F,F,F,?,141
Elster,284,2020,2020-06-19,5,0,F,F,F,F,?,F,F,F,F,F,F,?,171
Elster,284,2021,2021-03-24,3,0,F,T,F,F,?,F,F,F,F,F,F,?,83
Elster,284,2021,2021-04-21,4,0,F,F,T,F,?,T,F,F,F,F,F,?,111
Elster,284,2021,2021-05-14,1,0,F,F,F,F,?,F,F,F,F,F,F,?,134
Elster,284,2021,2021-06-16,0,0,NA,NA,NA,NA,NA,NA,NA,NA,NA,NA,NA,NA,167
Elster,286,2020,2020-03-17,0,0,NA,NA,NA,NA,NA,NA,NA,NA,NA,NA,NA,NA,77
Elster,286,2020,2020-04-24,2,0,F,F,F,F,?,T,F,F,F,F,F,?,115
Elster,286,2020,2020-05-16,2,0,F,T,F,F,?,F,F,F,F,F,F,?,137
Elster,286,2020,2020-06-25,1,0,F,F,F,F,?,F,F,F,F,F,F,?,177
Elster,286,2021,2021-03-22,0,0,NA,NA,NA,NA,NA,NA,NA,NA,NA,NA,NA,NA,81
Elster,286,2021,2021-04-24,1,0,F,F,F,F,?,F,F,F,F,F,F,?,114
Elster,286,2021,2021-05-20,1,0,F,F,F,F,?,F,F,F,F,F,F,?,140
Elster,286,2021,2021-06-20,0,0,NA,NA,NA,NA,NA,NA,NA,NA,NA,NA,NA,NA,171
Elster,290,2019,2019-03-31,6,0,F,F,T,F,?,T,F,F,F,F,F,?,90
Elster,290,2019,2019-04-18,3,0,F,F,T,F,?,F,F,F,F,F,F,?,108
Elster,290,2019,2019-05-13,7,0,F,F,T,F,?,T,F,F,F,F,F,?,133
Elster,290,2019,2019-06-08,2,0,F,F,T,F,?,F,F,F,F,F,F,?,159
Elster,290,2020,2020-03-20,9,0,F,F,T,F,?,F,F,F,F,F,F,?,80
Elster,290,2020,2020-04-25,2,0,F,F,F,F,?,T,F,F,F,T,F,?,116
Elster,290,2020,2020-05-18,1,0,F,F,F,F,?,F,F,F,F,F,F,?,139
Elster,290,2020,2020-06-19,5,0,F,T,T,F,?,F,F,F,F,F,F,?,171
Elster,290,2021,2021-03-24,14,0,F,F,T,F,?,F,F,F,F,T,F,?,83
Elster,290,2021,2021-04-21,4,0,F,F,F,F,?,F,F,F,F,F,F,?,111
Elster,290,2021,2021-05-20,4,0,F,F,F,F,?,F,F,F,F,T,F,?,140
Elster,290,2021,2021-06-16,3,0,F,F,T,F,?,F,F,F,F,F,F,?,167
Elster,290,2022,2022-03-23,2,0,F,F,T,F,F,F,F,F,F,F,F,?,82
Elster,290,2022,2022-04-20,1,0,F,F,T,F,F,F,F,F,F,F,F,?,110
Elster,290,2022,2022-05-10,1,0,F,T,F,F,F,F,F,F,F,F,F,?,130
Elster,290,2022,2022-06-08,0,0,NA,NA,NA,NA,NA,NA,NA,NA,NA,NA,NA,NA,159
Elster,290,2023,2023-03-21,0,0,NA,NA,NA,NA,NA,NA,NA,NA,NA,NA,NA,NA,80
Elster,290,2023,2023-04-13,2,0,F,T,F,F,F,F,F,F,F,F,F,?,103
Elster,290,2023,2023-05-10,2,0,F,F,F,F,F,F,F,F,F,F,F,?,130
Elster,290,2023,2023-06-13,3,0,F,T,T,F,F,F,F,F,F,F,F,?,164
Elster,291,2018,2018-03-18,0,0,NA,NA,NA,NA,NA,NA,NA,NA,NA,NA,NA,NA,77
Elster,291,2018,2018-04-08,0,0,NA,NA,NA,NA,NA,NA,NA,NA,NA,NA,NA,NA,98
Elster,291,2018,2018-04-15,1,0,?,T,F,F,?,F,F,F,F,F,F,?,105
Elster,291,2018,2018-05-27,0,0,NA,NA,NA,NA,NA,NA,NA,NA,NA,NA,NA,NA,147
Elster,292,2019,2019-03-25,0,0,NA,NA,NA,NA,NA,NA,NA,NA,NA,NA,NA,NA,84
Elster,292,2019,2019-04-23,0,0,NA,NA,NA,NA,NA,NA,NA,NA,NA,NA,NA,NA,113
Elster,292,2019,2019-05-13,0,0,NA,NA,NA,NA,NA,NA,NA,NA,NA,NA,NA,NA,133
Elster,292,2019,2019-06-13,1,0,F,T,F,F,?,F,F,F,F,F,F,?,164
Elster,292,2020,2020-03-25,0,0,NA,NA,NA,NA,NA,NA,NA,NA,NA,NA,NA,NA,85
Elster,292,2020,2020-04-21,1,0,F,F,F,F,?,F,F,F,F,T,F,?,112
Elster,292,2020,2020-05-16,0,0,NA,NA,NA,NA,NA,NA,NA,NA,NA,NA,NA,NA,137
Elster,292,2020,2020-06-08,0,0,NA,NA,NA,NA,NA,NA,NA,NA,NA,NA,NA,NA,160
Elster,293,2021,2021-03-25,0,0,NA,NA,NA,NA,NA,NA,NA,NA,NA,NA,NA,NA,84
Elster,293,2021,2021-05-26,0,0,NA,NA,NA,NA,NA,NA,NA,NA,NA,NA,NA,NA,146
Elster,293,2021,2021-06-16,0,0,NA,NA,NA,NA,NA,NA,NA,NA,NA,NA,NA,NA,167
Elster,293,2021,2021-04-26,1,0,F,T,F,F,?,F,F,F,F,F,F,?,116
Elster,295,2018,2018-03-24,3,0,?,F,F,F,?,F,F,F,F,F,F,?,83
Elster,295,2018,2018-04-14,5,0,?,T,F,F,?,F,F,F,F,F,F,?,104
Elster,295,2018,2018-05-12,8,0,?,T,T,F,?,F,F,F,F,F,F,?,132
Elster,295,2018,2018-06-09,4,0,?,F,T,F,?,F,F,F,F,F,F,?,160
Elster,295,2020,2020-03-18,2,0,F,F,T,F,?,F,F,F,F,F,F,?,78
Elster,295,2020,2020-04-08,5,0,F,F,T,F,?,F,F,F,F,F,F,?,99
Elster,295,2020,2020-05-09,5,0,F,F,T,F,?,F,F,F,F,F,F,?,130
Elster,295,2020,2020-06-13,5,0,F,F,F,F,?,F,F,F,F,F,F,?,165
Elster,295,2021,2021-03-28,5,0,F,?,?,?,?,?,F,?,?,?,?,?,87
Elster,295,2021,2021-04-17,0,0,NA,NA,NA,NA,NA,NA,NA,NA,NA,NA,NA,NA,107
Elster,295,2021,2021-05-09,1,0,F,?,?,?,?,?,F,?,?,?,?,?,129
Elster,295,2021,2021-05-24,0,0,NA,NA,NA,NA,NA,NA,NA,NA,NA,NA,NA,NA,144
Elster,299,2020,2020-04-06,1,0,F,F,F,F,?,F,F,F,F,F,F,?,97
Elster,299,2020,2020-05-10,0,0,NA,NA,NA,NA,NA,NA,NA,NA,NA,NA,NA,NA,131
Elster,299,2020,2020-06-20,0,0,NA,NA,NA,NA,NA,NA,NA,NA,NA,NA,NA,NA,172
Elster,299,2020,2020-03-19,2,0,F,T,F,F,?,F,F,F,F,F,F,?,79
Elster,303,2019,2019-03-18,13,0,F,T,T,F,?,F,F,F,F,F,F,?,77
Elster,303,2019,2019-04-12,9,0,F,F,F,F,T,F,F,F,F,F,F,?,102
Elster,303,2019,2019-05-06,7,0,F,F,F,F,?,T,F,F,F,T,F,?,126
Elster,303,2019,2019-06-02,5,0,F,F,T,F,?,T,F,F,F,F,F,?,153
Elster,303,2020,2020-03-28,5,0,F,F,T,F,?,F,F,F,F,F,F,?,88
Elster,303,2020,2020-04-18,8,0,F,F,T,F,?,T,F,F,F,T,F,?,109
Elster,303,2020,2020-05-09,4,0,F,F,T,F,?,F,F,F,F,F,F,?,130
Elster,303,2020,2020-06-08,5,0,F,F,F,F,?,F,F,F,F,F,F,?,160
Elster,303,2021,2021-03-29,11,0,F,F,T,F,T,F,F,F,F,F,F,?,88
Elster,303,2021,2021-04-19,4,0,F,F,T,F,?,F,F,F,F,F,F,?,109
Elster,303,2021,2021-05-10,13,0,F,F,T,F,?,F,F,F,F,T,F,?,130
Elster,303,2021,2021-06-04,11,0,F,F,T,F,T,F,F,F,F,F,F,?,155
Elster,303,2022,2022-03-26,10,0,F,T,T,F,F,F,F,F,F,T,F,?,85
Elster,303,2022,2022-04-17,7,0,F,T,T,F,F,F,F,F,F,T,F,?,107
Elster,303,2022,2022-05-12,4,0,F,F,T,F,F,F,F,F,F,F,F,?,132
Elster,303,2022,2022-06-03,7,0,F,F,T,F,F,F,F,F,F,F,F,?,154
Elster,303,2023,2023-03-23,7,0,F,T,T,F,F,F,F,T,F,F,F,?,82
Elster,303,2023,2023-04-15,9,0,F,F,T,F,F,T,F,F,F,F,F,?,105
Elster,303,2023,2023-05-11,5,0,F,F,T,F,F,F,F,F,F,T,F,?,131
Elster,303,2023,2023-06-04,9,0,F,F,T,F,F,F,F,F,F,F,F,?,155
Elster,306,2018,2018-03-26,1,0,F,F,T,F,?,F,F,F,F,F,F,?,85
Elster,306,2018,2018-04-21,3,0,F,F,F,F,?,F,F,F,F,T,F,?,111
Elster,306,2018,2018-06-11,2,0,F,T,F,F,?,F,F,F,F,F,F,?,162
Elster,306,2018,2018-05-08,4,0,F,F,T,F,?,F,T,F,F,F,F,?,128
Elster,306,2020,2020-03-17,2,0,F,T,F,F,?,F,F,F,F,F,F,?,77
Elster,306,2020,2020-04-17,1,0,F,T,F,F,?,F,F,F,F,F,F,?,108
Elster,306,2020,2020-05-20,4,0,F,T,F,F,?,F,F,F,F,F,F,?,141
Elster,306,2020,2020-06-18,5,0,F,T,T,F,?,F,F,F,F,F,F,?,170
Elster,308,2019,2019-03-21,5,0,F,F,T,F,?,T,F,T,F,F,F,?,80
Elster,308,2019,2019-04-18,5,0,F,F,T,F,?,T,F,T,F,F,F,?,108
Elster,308,2019,2019-05-16,6,0,F,F,F,F,?,T,F,F,F,T,F,?,136
Elster,308,2019,2019-06-14,7,0,F,F,T,F,?,T,F,F,F,F,F,?,165
Elster,308,2020,2020-03-28,5,0,F,F,F,F,?,T,F,F,F,F,F,?,88
Elster,308,2020,2020-04-18,5,0,F,F,T,F,?,F,F,F,F,F,F,?,109
Elster,308,2020,2020-05-19,4,0,F,F,T,F,?,F,F,F,F,F,F,?,140
Elster,308,2020,2020-06-20,13,0,F,F,T,F,?,F,F,F,F,F,T,?,172
Elster,308,2021,2021-03-24,6,0,?,F,F,F,?,T,F,?,F,F,F,?,83
Elster,308,2021,2021-04-17,5,0,?,F,F,F,?,F,F,?,F,F,F,?,107
Elster,308,2021,2021-05-14,8,0,?,F,T,F,?,T,F,?,F,F,F,?,134
Elster,308,2021,2021-06-15,6,0,?,F,T,F,?,F,F,?,T,F,T,?,166
Elster,308,2022,2022-03-21,7,0,F,F,F,F,?,T,F,F,F,F,F,?,80
Elster,308,2022,2022-04-21,6,0,F,F,F,F,?,T,F,F,F,F,F,?,111
Elster,308,2022,2022-05-11,5,0,F,F,T,F,?,F,F,F,F,F,F,?,131
Elster,308,2022,2022-06-06,10,0,F,F,T,F,?,T,F,F,F,F,F,?,157
Elster,308,2023,2023-03-24,3,0,F,F,F,F,F,T,F,T,F,F,F,?,83
Elster,308,2023,2023-04-18,3,0,F,F,F,F,F,T,F,T,F,F,F,?,108
Elster,308,2023,2023-05-12,2,0,F,F,F,F,F,F,F,F,F,F,F,?,132
Elster,308,2023,2023-06-12,4,0,F,F,F,F,F,F,F,F,F,F,F,?,163
Elster,311,2019,2019-03-20,2,0,F,F,F,F,?,T,F,F,F,F,F,?,79
Elster,311,2019,2019-04-13,3,0,F,F,F,F,?,T,F,F,F,T,F,?,103
Elster,311,2019,2019-05-13,2,0,F,F,F,F,?,F,F,T,F,F,F,?,133
Elster,311,2019,2019-06-06,2,0,F,F,F,F,?,F,F,F,F,F,F,?,157
Elster,311,2020,2020-03-19,3,0,F,F,F,F,?,T,F,T,F,F,F,?,79
Elster,311,2020,2020-04-16,2,0,F,F,F,F,?,T,F,T,F,F,F,?,107
Elster,311,2020,2020-05-16,2,0,F,F,F,F,?,F,F,F,F,F,F,?,137
Elster,311,2020,2020-06-08,3,0,F,F,T,F,?,T,F,F,F,F,F,?,160
Elster,311,2021,2021-03-26,3,0,?,F,F,F,?,T,F,?,F,T,F,?,85
Elster,311,2021,2021-04-15,2,0,?,F,F,F,?,T,F,?,F,F,F,?,105
Elster,311,2021,2021-05-13,3,0,?,T,T,F,?,T,F,?,F,T,F,?,133
Elster,311,2021,2021-06-05,3,0,?,F,T,F,?,F,F,?,F,F,F,?,156
Elster,311,2021,2011-05-13,0,0,NA,NA,NA,NA,NA,NA,NA,NA,NA,NA,NA,NA,133
Elster,311,2022,2022-03-24,1,0,F,T,F,F,?,F,F,F,F,F,F,?,83
Elster,311,2022,2022-04-20,0,0,NA,NA,NA,NA,NA,NA,NA,NA,NA,NA,NA,NA,110
Elster,311,2022,2022-05-04,3,0,F,T,T,F,?,F,F,F,F,F,F,?,124
Elster,311,2022,2022-06-02,2,0,F,F,T,F,?,T,F,F,F,F,F,?,153
Elster,311,2023,2023-03-24,3,0,F,F,F,F,F,T,F,T,F,F,F,?,83
Elster,311,2023,2023-04-20,2,0,F,F,F,F,F,T,F,F,F,F,F,?,110
Elster,311,2023,2023-05-13,1,0,F,F,F,F,F,T,F,F,F,F,F,?,133
Elster,311,2023,2023-06-05,3,0,F,F,T,F,F,T,F,F,F,F,T,?,156
Elster,313,2018,2018-03-30,0,0,NA,NA,NA,NA,NA,NA,NA,NA,NA,NA,NA,NA,89
Elster,313,2018,2018-04-27,2,0,F,F,F,F,?,F,F,F,F,F,F,?,117
Elster,313,2018,2018-05-19,1,0,F,F,F,F,?,F,F,F,F,F,F,?,139
Elster,313,2018,2018-06-19,1,0,F,F,F,F,?,T,F,F,F,F,F,?,170
Elster,313,2020,2020-03-28,0,0,NA,NA,NA,NA,NA,NA,NA,NA,NA,NA,NA,NA,88
Elster,313,2020,2020-05-05,0,0,NA,NA,NA,NA,NA,NA,NA,NA,NA,NA,NA,NA,126
Elster,313,2020,2020-05-26,1,0,F,F,F,F,?,T,F,F,F,F,F,?,147
Elster,313,2020,2020-06-20,0,0,NA,NA,NA,NA,NA,NA,NA,NA,NA,NA,NA,NA,172
Elster,313,2021,2021-04-02,0,0,NA,NA,NA,NA,NA,NA,NA,NA,NA,NA,NA,NA,92
Elster,313,2021,2021-05-04,1,0,F,F,F,T,?,F,F,F,F,F,F,?,124
Elster,313,2021,2021-05-31,4,0,F,F,F,F,?,F,F,F,F,F,F,?,151
Elster,313,2021,2021-06-20,1,0,F,F,F,F,?,F,F,F,F,F,F,?,171
Elster,316,2019,2019-03-26,1,0,F,F,F,F,?,F,F,F,F,F,F,?,85
Elster,316,2019,2019-04-24,1,0,F,F,F,F,?,F,F,F,F,T,F,?,114
Elster,316,2019,2019-05-17,0,0,NA,NA,NA,NA,NA,NA,NA,NA,NA,NA,NA,NA,137
Elster,316,2019,2019-06-14,0,0,NA,NA,NA,NA,NA,NA,NA,NA,NA,NA,NA,NA,165
Elster,316,2020,2020-03-28,0,0,NA,NA,NA,NA,NA,NA,NA,NA,NA,NA,NA,NA,88
Elster,316,2020,2020-04-24,1,0,F,F,F,F,?,F,F,F,F,T,F,?,115
Elster,316,2020,2020-05-20,0,0,NA,NA,NA,NA,NA,NA,NA,NA,NA,NA,NA,NA,141
Elster,316,2020,2020-06-18,0,0,NA,NA,NA,NA,NA,NA,NA,NA,NA,NA,NA,NA,170
Elster,316,2021,2021-03-29,1,0,?,F,F,F,?,F,F,?,F,F,F,?,88
Elster,316,2021,2021-04-21,2,0,?,F,F,F,?,T,F,?,F,T,F,?,111
Elster,316,2021,2021-05-08,1,0,?,F,F,F,?,F,F,?,F,F,F,?,128
Elster,316,2021,2021-06-10,0,0,NA,NA,NA,NA,NA,NA,NA,NA,NA,NA,NA,NA,161
Elster,316,2022,2022-03-23,2,0,F,T,F,F,?,F,F,F,F,F,F,?,82
Elster,316,2022,2022-04-23,2,0,F,F,F,F,?,F,F,F,F,T,F,?,113
Elster,316,2022,2022-05-19,0,0,NA,NA,NA,NA,NA,NA,NA,NA,NA,NA,NA,NA,139
Elster,316,2022,2022-06-15,0,0,NA,NA,NA,NA,NA,NA,NA,NA,NA,NA,NA,NA,166
Elster,316,2023,2023-03-24,2,0,F,F,F,F,F,F,F,F,F,T,F,?,83
Elster,316,2023,2023-04-29,2,0,F,F,F,F,F,F,F,F,F,T,F,?,119
Elster,316,2023,2023-05-17,3,0,F,F,F,F,F,F,F,F,F,F,F,?,137
Elster,316,2023,2023-06-16,0,0,NA,NA,NA,NA,NA,NA,NA,NA,NA,NA,NA,NA,167
Elster,317,2019,2019-03-22,2,0,F,F,F,F,?,T,F,F,F,F,F,?,81
Elster,317,2019,2019-04-19,0,0,NA,NA,NA,NA,NA,NA,NA,NA,NA,NA,NA,NA,109
Elster,317,2019,2019-05-01,1,0,F,F,F,F,?,F,F,F,F,F,F,?,121
Elster,317,2019,2019-05-31,2,0,F,F,T,F,?,F,F,F,F,F,T,?,151
Elster,317,2020,2020-03-26,1,0,F,F,F,F,?,T,F,T,F,F,F,?,86
Elster,317,2020,2020-04-17,1,0,F,F,F,F,?,T,F,F,F,F,F,?,108
Elster,317,2020,2020-05-04,2,0,F,F,T,F,?,F,F,F,F,F,F,?,125
Elster,317,2020,2020-06-01,2,0,F,F,T,F,?,F,F,F,F,F,F,?,153
Elster,317,2021,2021-03-26,1,0,?,F,F,F,?,T,F,?,F,F,F,?,85
Elster,317,2021,2021-04-10,1,0,?,F,F,F,?,F,F,?,F,F,F,?,100
Elster,317,2021,2021-05-01,0,0,NA,NA,NA,NA,NA,NA,NA,NA,NA,NA,NA,NA,121
Elster,317,2021,2021-06-11,1,0,?,F,F,F,?,T,F,?,F,F,F,?,162
Elster,317,2022,2022-03-23,1,0,F,F,F,F,?,F,F,F,F,F,F,?,82
Elster,317,2022,2022-04-20,0,0,NA,NA,NA,NA,NA,NA,NA,NA,NA,NA,NA,NA,110
Elster,317,2022,2022-05-03,1,0,F,F,F,F,?,F,F,F,F,F,F,?,123
Elster,317,2022,2022-06-03,0,0,NA,NA,NA,NA,NA,NA,NA,NA,NA,NA,NA,NA,154
Elster,317,2023,2023-03-23,0,0,NA,NA,NA,NA,NA,NA,NA,NA,NA,NA,NA,NA,82
Elster,317,2023,2023-04-25,0,0,NA,NA,NA,NA,NA,NA,NA,NA,NA,NA,NA,NA,115
Elster,317,2023,2023-05-14,1,0,F,F,F,F,F,F,F,F,F,F,F,?,134
Elster,317,2023,2023-05-30,0,0,NA,NA,NA,NA,NA,NA,NA,NA,NA,NA,NA,NA,150
Elster,319,2019,2019-03-30,1,0,F,F,F,F,?,T,F,T,F,F,F,?,89
Elster,319,2019,2019-04-11,1,0,F,F,F,F,?,T,F,F,F,F,F,?,101
Elster,319,2019,2019-05-02,1,0,F,F,T,F,?,F,F,F,F,F,F,?,122
Elster,319,2019,2019-05-31,0,0,NA,NA,NA,NA,NA,NA,NA,NA,NA,NA,NA,NA,151
Elster,319,2020,2020-03-27,1,0,F,F,F,F,?,F,F,F,F,F,F,?,87
Elster,319,2020,2020-04-10,3,0,F,F,T,F,?,T,F,F,F,T,F,?,101
Elster,319,2020,2020-05-07,2,0,F,F,T,F,?,F,F,F,F,F,F,?,128
Elster,319,2020,2020-06-03,2,0,F,F,F,F,?,F,F,F,F,F,F,?,155
Elster,319,2020,2020-06-08,1,0,F,F,F,F,?,T,F,F,F,F,F,?,160
Elster,319,2020,2020-05-17,0,0,NA,NA,NA,NA,NA,NA,NA,NA,NA,NA,NA,NA,138
Elster,319,2021,2021-03-25,2,0,?,F,F,F,?,T,F,?,F,F,F,?,84
Elster,319,2021,2021-04-14,0,0,NA,NA,NA,NA,NA,NA,NA,NA,NA,NA,NA,NA,104
Elster,319,2021,2021-05-03,1,0,?,F,F,F,?,F,F,?,F,F,F,?,123
Elster,319,2021,2021-06-09,0,0,NA,NA,NA,NA,NA,NA,NA,NA,NA,NA,NA,NA,160
Elster,319,2022,2022-03-21,0,0,NA,NA,NA,NA,NA,NA,NA,NA,NA,NA,NA,NA,80
Elster,319,2022,2022-04-14,0,0,NA,NA,NA,NA,NA,NA,NA,NA,NA,NA,NA,NA,104
Elster,319,2022,2022-05-03,0,0,NA,NA,NA,NA,NA,NA,NA,NA,NA,NA,NA,NA,123
Elster,319,2022,2022-06-01,1,0,F,F,F,F,?,F,F,F,F,F,F,?,152
Elster,319,2023,2023-03-17,2,0,F,F,F,F,F,F,F,F,F,F,F,?,76
Elster,319,2023,2023-04-14,1,0,F,F,T,F,F,T,F,F,F,F,F,?,104
Elster,319,2023,2023-05-03,0,0,NA,NA,NA,NA,NA,NA,NA,NA,NA,NA,NA,NA,123
Elster,319,2023,2023-06-02,0,0,NA,NA,NA,NA,NA,NA,NA,NA,NA,NA,NA,NA,153
Elster,320,2019,2019-03-21,0,0,NA,NA,NA,NA,NA,NA,NA,NA,NA,NA,NA,NA,80
Elster,320,2019,2019-04-16,0,0,NA,NA,NA,NA,NA,NA,NA,NA,NA,NA,NA,NA,106
Elster,320,2019,2019-05-10,0,0,NA,NA,NA,NA,NA,NA,NA,NA,NA,NA,NA,NA,130
Elster,320,2019,2019-06-13,1,0,F,F,F,F,?,F,F,T,F,F,F,?,164
Elster,320,2020,2020-03-24,0,0,NA,NA,NA,NA,NA,NA,NA,NA,NA,NA,NA,NA,84
Elster,320,2020,2020-04-17,0,0,NA,NA,NA,NA,NA,NA,NA,NA,NA,NA,NA,NA,108
Elster,320,2020,2020-05-08,0,0,NA,NA,NA,NA,NA,NA,NA,NA,NA,NA,NA,NA,129
Elster,320,2020,2020-06-19,1,0,F,F,F,F,?,F,F,F,F,F,F,?,171
Elster,320,2021,2011-05-09,0,0,NA,NA,NA,NA,NA,NA,NA,NA,NA,NA,NA,NA,129
Elster,320,2021,2021-03-23,2,0,?,F,F,F,?,T,F,?,F,F,F,?,82
Elster,320,2021,2021-04-17,0,0,NA,NA,NA,NA,NA,NA,NA,NA,NA,NA,NA,NA,107
Elster,320,2021,2021-05-09,0,0,NA,NA,NA,NA,NA,NA,NA,NA,NA,NA,NA,NA,129
Elster,320,2021,2021-06-11,1,0,?,F,T,F,?,F,F,?,F,F,F,?,162
Elster,320,2022,2022-03-22,0,0,NA,NA,NA,NA,NA,NA,NA,NA,NA,NA,NA,NA,81
Elster,320,2022,2022-03-23,1,0,F,F,F,F,?,F,F,F,F,F,F,?,82
Elster,320,2022,2022-04-18,1,0,F,F,F,F,?,T,F,F,F,F,F,?,108
Elster,320,2022,2022-05-12,2,0,F,F,F,F,?,F,F,F,F,F,F,?,132
Elster,320,2022,2022-06-16,2,0,F,F,F,F,?,F,F,F,F,F,F,?,167
Elster,320,2023,2023-03-21,0,0,NA,NA,NA,NA,NA,NA,NA,NA,NA,NA,NA,NA,80
Elster,320,2023,2023-04-18,1,0,F,F,F,F,F,F,F,F,F,F,F,?,108
Elster,320,2023,2023-05-18,0,0,NA,NA,NA,NA,NA,NA,NA,NA,NA,NA,NA,NA,138
Elster,320,2023,2023-06-12,1,0,F,F,F,F,F,F,F,F,F,F,F,?,163
Elster,322,2019,2019-03-30,0,0,NA,NA,NA,NA,NA,NA,NA,NA,NA,NA,NA,NA,89
Elster,322,2019,2019-04-25,2,0,F,F,F,F,?,F,F,F,F,F,F,?,115
Elster,322,2019,2019-05-17,2,0,F,F,F,F,?,F,F,F,F,T,F,?,137
Elster,322,2019,2019-06-19,0,0,NA,NA,NA,NA,NA,NA,NA,NA,NA,NA,NA,NA,170
Elster,322,2020,2020-03-19,0,0,NA,NA,NA,NA,NA,NA,NA,NA,NA,NA,NA,NA,79
Elster,322,2020,2020-04-23,2,0,F,F,T,F,?,F,F,F,F,F,F,?,114
Elster,322,2020,2020-05-18,1,0,F,F,F,T,?,F,F,F,F,F,F,?,139
Elster,322,2020,2020-06-13,5,0,F,F,F,T,?,T,F,F,F,F,F,?,165
Elster,322,2021,2021-03-31,1,0,?,F,F,T,?,F,F,?,F,F,F,?,90
Elster,322,2021,2021-04-22,3,0,?,F,F,T,?,F,F,?,F,T,F,?,112
Elster,322,2021,2021-05-14,0,0,NA,NA,NA,NA,NA,NA,NA,NA,NA,NA,NA,NA,134
Elster,322,2021,2021-06-14,3,0,?,F,F,T,?,T,F,?,F,F,T,?,165
Elster,322,2022,2022-03-17,1,0,F,T,F,F,?,F,F,F,F,F,F,?,76
Elster,322,2022,2022-04-12,2,0,F,F,F,F,?,F,F,F,F,T,F,?,102
Elster,322,2022,2022-05-12,3,0,F,F,F,T,?,F,F,F,F,F,F,?,132
Elster,322,2022,2022-06-03,3,0,F,F,F,T,?,T,F,F,F,F,F,?,154
Elster,322,2023,2023-03-21,1,0,F,F,F,T,F,F,F,F,F,F,F,?,80
Elster,322,2023,2023-04-21,1,0,F,F,F,F,F,F,F,F,F,F,F,?,111
Elster,322,2023,2023-05-12,0,0,NA,NA,NA,NA,NA,NA,NA,NA,NA,NA,NA,NA,132
Elster,322,2023,2023-06-09,4,0,F,F,F,T,F,F,F,F,F,F,F,?,160
Elster,325,2018,2018-03-26,2,0,F,F,F,F,?,T,F,F,F,F,F,?,85
Elster,325,2018,2018-04-22,2,0,F,F,F,F,?,F,F,T,F,F,F,?,112
Elster,325,2018,2018-05-19,3,0,F,F,F,F,?,F,F,F,T,F,F,?,139
Elster,325,2018,2018-06-17,0,0,NA,NA,NA,NA,NA,NA,NA,NA,NA,NA,NA,NA,168
Elster,325,2020,2020-03-29,1,0,F,F,F,F,?,F,F,F,F,F,F,?,89
Elster,325,2020,2020-04-26,1,0,F,F,F,F,?,T,F,F,F,F,F,?,117
Elster,325,2020,2020-05-18,2,0,F,F,F,F,?,F,F,F,F,F,F,?,139
Elster,325,2020,2020-06-20,0,0,NA,NA,NA,NA,NA,NA,NA,NA,NA,NA,NA,NA,172
Elster,325,2021,2021-03-31,3,0,F,F,F,F,?,F,F,F,F,F,F,?,90
Elster,325,2021,2021-04-28,3,0,F,F,F,F,?,T,F,T,F,F,F,?,118
Elster,325,2021,2021-05-16,2,0,F,F,F,F,?,T,F,F,F,F,F,?,136
Elster,325,2021,2021-06-19,0,0,NA,NA,NA,NA,NA,NA,NA,NA,NA,NA,NA,NA,170
Elster,326,2018,2018-03-11,2,0,F,F,F,F,?,T,F,F,F,F,F,?,70
Elster,326,2018,2018-04-02,1,0,F,F,F,F,?,T,F,F,F,F,F,?,92
Elster,326,2018,2018-05-05,2,0,F,F,F,F,?,F,F,F,T,F,F,?,125
Elster,326,2018,2018-05-27,0,0,NA,NA,NA,NA,NA,NA,NA,NA,NA,NA,NA,NA,147
Elster,326,2020,2020-03-28,2,0,F,F,F,F,?,T,F,F,F,F,F,?,88
Elster,326,2020,2020-04-25,3,0,F,F,F,F,?,T,F,T,F,F,F,?,116
Elster,326,2020,2020-05-17,2,0,F,F,F,F,?,F,F,F,F,F,F,?,138
Elster,326,2020,2020-06-13,0,0,NA,NA,NA,NA,NA,NA,NA,NA,NA,NA,NA,NA,165
Elster,326,2021,2021-03-29,2,0,F,F,F,F,?,F,F,F,F,F,F,?,88
Elster,326,2021,2021-04-26,1,0,F,F,F,F,?,T,F,F,F,F,F,?,116
Elster,326,2021,2021-05-18,2,0,F,F,F,F,?,F,F,F,F,T,F,?,138
Elster,326,2021,2021-06-17,0,0,NA,NA,NA,NA,NA,NA,NA,NA,NA,NA,NA,NA,168
Elster,327,2018,2018-03-18,2,0,F,F,F,F,?,F,F,T,F,F,F,?,77
Elster,327,2018,2018-04-18,1,0,F,F,F,F,?,T,F,F,F,F,F,?,108
Elster,327,2018,2018-05-13,2,0,F,F,F,F,?,F,F,F,T,F,F,?,133
Elster,327,2018,2018-06-16,0,0,NA,NA,NA,NA,NA,NA,NA,NA,NA,NA,NA,NA,167
Elster,327,2020,2020-03-15,2,0,F,F,T,F,?,T,F,F,F,F,F,?,75
Elster,327,2020,2020-04-05,2,0,F,F,F,F,?,T,F,T,F,F,F,?,96
Elster,327,2020,2020-05-03,3,0,F,F,F,F,?,T,F,F,F,F,T,?,124
Elster,327,2020,2020-06-01,0,0,NA,NA,NA,NA,NA,NA,NA,NA,NA,NA,NA,NA,153
Elster,327,2021,2021-03-30,1,0,F,F,F,F,?,F,F,F,F,F,F,?,89
Elster,327,2021,2021-04-27,1,0,F,F,F,F,?,F,F,T,F,F,F,?,117
Elster,327,2021,2021-05-14,2,0,F,F,F,F,?,F,F,F,T,F,F,?,134
Elster,327,2021,2021-06-18,0,0,NA,NA,NA,NA,NA,NA,NA,NA,NA,NA,NA,NA,169
Elster,328,2018,2018-03-31,3,0,F,T,F,F,?,F,F,F,F,F,F,?,90
Elster,328,2018,2018-04-18,1,0,F,F,F,F,?,F,F,F,F,F,F,?,108
Elster,328,2018,2018-05-26,3,0,F,F,T,F,?,F,F,F,F,F,F,?,146
Elster,329,2018,2018-03-30,1,0,F,F,F,F,?,T,F,T,F,T,F,?,89
Elster,329,2018,2018-04-27,0,0,NA,NA,NA,NA,NA,NA,NA,NA,NA,NA,NA,NA,117
Elster,329,2018,2018-05-20,0,0,NA,NA,NA,NA,NA,NA,NA,NA,NA,NA,NA,NA,140
Elster,329,2018,2018-06-17,0,0,NA,NA,NA,NA,NA,NA,NA,NA,NA,NA,NA,NA,168
Elster,329,2021,2021-03-21,6,0,F,?,?,?,?,?,F,T,?,T,?,?,80
Elster,329,2021,2021-04-22,0,0,NA,NA,NA,NA,NA,NA,NA,NA,NA,NA,NA,NA,112
Elster,329,2021,2021-05-09,3,0,F,?,?,?,?,?,F,?,?,?,?,?,129
Elster,329,2021,2021-06-20,3,0,T,?,?,?,?,?,F,?,?,?,?,?,171
Elster,335,2018,2018-03-30,5,0,?,F,F,F,?,F,F,F,F,T,F,?,89
Elster,335,2018,2018-04-15,2,0,?,F,T,F,?,F,F,F,F,F,F,?,105
Elster,335,2018,2018-05-18,2,0,?,F,T,F,?,F,F,F,F,F,F,?,138
Elster,335,2018,2018-06-06,2,0,?,F,T,F,?,F,F,F,F,F,F,?,157
Elster,335,2020,2020-03-16,1,0,F,F,F,F,?,F,F,F,F,F,F,?,76
Elster,335,2020,2020-04-01,1,0,F,F,T,F,?,F,F,F,F,F,F,?,92
Elster,335,2020,2020-05-03,1,0,F,F,F,F,?,F,F,F,F,F,F,?,124
Elster,335,2020,2020-05-22,0,0,NA,NA,NA,NA,NA,NA,NA,NA,NA,NA,NA,NA,143
Elster,335,2021,2021-03-24,4,0,F,F,F,F,?,F,?,F,F,F,F,?,83
Elster,335,2021,2021-04-09,0,0,NA,NA,NA,NA,NA,NA,NA,NA,NA,NA,NA,NA,99
Elster,335,2021,2021-05-09,2,0,F,F,F,F,?,F,?,F,F,F,F,?,129
Elster,335,2021,2021-06-12,0,0,NA,NA,NA,NA,NA,NA,NA,NA,NA,NA,NA,NA,163
Elster,336,2020,2020-03-15,4,0,?,?,?,?,?,?,?,?,?,T,?,?,75
Elster,336,2020,2020-04-10,2,0,?,F,?,?,?,T,?,?,?,?,?,?,101
Elster,336,2020,2020-05-08,1,0,F,F,T,F,?,F,F,F,F,F,F,?,129
Elster,336,2020,2020-06-12,0,0,NA,NA,NA,NA,NA,NA,NA,NA,NA,NA,NA,NA,164
Elster,336,2021,2021-03-26,2,0,?,F,?,?,?,T,?,?,?,?,?,?,85
Elster,336,2021,2021-04-22,0,0,NA,NA,NA,NA,NA,NA,NA,NA,NA,NA,NA,NA,112
Elster,336,2021,2021-05-13,1,0,?,F,?,T,?,?,?,?,?,?,?,?,133
Elster,336,2021,2021-06-01,0,0,NA,NA,NA,NA,NA,NA,NA,NA,NA,NA,NA,NA,152
Elster,336,2022,2022-03-25,1,0,F,F,T,F,F,F,F,F,F,F,F,?,84
Elster,336,2022,2022-04-26,0,0,NA,NA,NA,NA,NA,NA,NA,NA,NA,NA,NA,NA,116
Elster,336,2022,2022-05-16,0,0,NA,NA,NA,NA,NA,NA,NA,NA,NA,NA,NA,NA,136
Elster,336,2022,2022-05-30,0,0,NA,NA,NA,NA,NA,NA,NA,NA,NA,NA,NA,NA,150
Elster,336,2023,2023-03-28,0,0,NA,NA,NA,NA,NA,NA,NA,NA,NA,NA,NA,NA,87
Elster,336,2023,2023-04-17,0,0,NA,NA,NA,NA,NA,NA,NA,NA,NA,NA,NA,NA,107
Elster,336,2023,2023-05-08,1,0,F,F,T,F,?,F,F,F,F,F,F,?,128
Elster,336,2023,2023-06-07,0,0,NA,NA,NA,NA,NA,NA,NA,NA,NA,NA,NA,NA,158
Elster,336,2023,2023-04-05,0,0,NA,NA,NA,NA,NA,NA,NA,NA,NA,NA,NA,NA,95
Elster,342,2018,2018-03-24,0,0,NA,NA,NA,NA,NA,NA,NA,NA,NA,NA,NA,NA,83
Elster,342,2018,2018-04-11,2,0,F,F,T,F,?,T,F,F,F,F,F,?,101
Elster,342,2018,2018-05-02,0,0,NA,NA,NA,NA,NA,NA,NA,NA,NA,NA,NA,NA,122
Elster,342,2018,2018-06-05,2,0,F,T,F,F,?,F,F,F,F,F,F,?,156
Elster,342,2020,2020-03-20,3,0,F,F,T,F,?,T,F,F,F,F,F,?,80
Elster,342,2020,2020-04-11,4,0,F,F,T,F,?,F,F,F,F,F,F,?,102
Elster,342,2020,2020-05-06,2,0,F,F,F,F,?,F,F,F,F,F,F,?,127
Elster,342,2020,2020-06-08,0,0,NA,NA,NA,NA,NA,NA,NA,NA,NA,NA,NA,NA,160
Elster,342,2021,2021-03-24,0,0,NA,NA,NA,NA,NA,NA,NA,NA,NA,NA,NA,NA,83
Elster,342,2021,2021-04-20,3,0,F,F,T,F,?,F,F,F,F,F,F,?,110
Elster,342,2021,2021-05-08,0,0,NA,NA,NA,NA,NA,NA,NA,NA,NA,NA,NA,NA,128
Elster,342,2021,2021-05-31,2,0,F,F,F,F,?,F,F,F,F,F,F,?,151
Elster,342,2021,2021-05-28,0,0,NA,NA,NA,NA,NA,NA,NA,NA,NA,NA,NA,NA,148
Elster,343,2019,2019-04-25,2,0,F,F,F,F,?,F,F,F,F,F,F,?,115
Elster,343,2019,2019-05-19,2,0,F,F,F,F,?,F,F,F,F,F,F,?,139
Elster,343,2019,2019-06-18,7,0,F,F,F,F,?,F,F,F,F,F,F,?,169
Elster,343,2019,2019-03-21,4,0,F,F,F,F,?,F,F,F,F,T,F,?,80
Elster,343,2020,2020-03-28,6,0,F,F,F,F,?,F,F,F,F,F,F,?,88
Elster,343,2020,2020-04-24,1,0,F,F,F,F,?,F,F,F,F,T,F,?,115
Elster,343,2020,2020-05-19,3,0,F,F,F,F,?,F,F,F,F,F,F,?,140
Elster,343,2020,2020-06-12,2,0,F,F,F,F,?,F,F,F,F,F,F,?,164
Elster,343,2021,2021-03-29,3,0,F,F,F,F,?,F,F,F,F,T,F,?,88
Elster,343,2021,2021-04-23,1,0,F,F,F,F,?,F,F,F,F,T,F,?,113
Elster,343,2021,2021-05-14,3,0,F,F,F,F,?,F,F,F,F,F,F,?,134
Elster,343,2021,2021-06-18,2,0,F,F,F,F,?,F,F,F,F,F,F,?,169
Elster,343,2022,2022-03-28,1,0,F,F,F,F,F,F,F,F,F,F,F,?,87
Elster,343,2022,2022-04-21,0,0,NA,NA,NA,NA,NA,NA,NA,NA,NA,NA,NA,NA,111
Elster,343,2022,2022-05-17,1,0,F,F,F,F,F,F,F,F,F,F,F,?,137
Elster,343,2022,2022-06-16,2,0,F,F,F,T,F,F,F,F,F,F,F,?,167
Elster,343,2023,2023-03-29,2,0,F,F,F,T,F,F,F,F,F,F,F,?,88
Elster,343,2023,2023-04-27,1,0,F,F,F,T,F,F,F,F,F,F,F,?,117
Elster,343,2023,2023-05-18,1,0,F,F,F,T,F,F,F,F,F,F,F,?,138
Elster,343,2023,2023-06-20,1,0,F,F,F,F,F,F,F,F,F,F,F,?,171
Elster,350,2018,2018-03-25,6,0,?,F,F,F,?,F,F,F,F,F,F,?,84
Elster,350,2018,2018-06-16,3,0,?,F,T,F,?,F,F,F,F,F,F,?,167
Elster,350,2018,2018-05-20,5,0,?,F,T,F,?,F,F,F,F,F,F,?,140
Elster,350,2020,2020-03-28,4,0,F,F,T,F,?,F,F,F,F,F,F,?,88
Elster,350,2020,2020-05-19,1,0,F,F,T,F,?,F,F,F,F,F,F,?,140
Elster,350,2020,2020-06-18,2,0,F,F,T,F,?,F,F,F,F,F,F,?,170
Elster,350,2020,2020-04-30,1,0,F,F,T,F,?,F,F,F,F,F,F,?,121
Elster,350,2021,2021-03-28,3,0,F,F,T,F,?,F,F,F,F,F,F,?,87
Elster,350,2021,2021-04-25,0,0,NA,NA,NA,NA,NA,NA,NA,NA,NA,NA,NA,NA,115
Elster,350,2021,2021-05-28,1,0,F,F,T,F,?,F,F,F,F,F,F,?,148
Elster,350,2021,2021-05-09,1,0,F,F,F,F,?,F,F,T,F,F,F,?,129
Elster,354,2021,2021-04-30,1,0,F,?,?,?,?,?,F,?,?,?,?,?,120
Elster,354,2021,2021-05-20,0,0,NA,NA,NA,NA,NA,NA,NA,NA,NA,NA,NA,NA,140
Elster,354,2021,2021-06-17,2,0,F,?,?,T,?,?,F,?,?,?,?,?,168
Elster,355,2019,2019-03-23,1,0,F,T,F,F,?,F,F,F,F,F,F,?,82
Elster,355,2019,2019-04-14,0,0,NA,NA,NA,NA,NA,NA,NA,NA,NA,NA,NA,NA,104
Elster,355,2019,2019-05-01,0,0,NA,NA,NA,NA,NA,NA,NA,NA,NA,NA,NA,NA,121
Elster,355,2019,2019-05-25,1,0,F,F,T,F,?,F,F,F,F,F,F,?,145
Elster,355,2020,2020-03-13,1,0,F,F,T,F,?,T,F,F,F,F,F,?,73
Elster,355,2020,2020-04-23,0,0,NA,NA,NA,NA,NA,NA,NA,NA,NA,NA,NA,NA,114
Elster,355,2020,2020-05-18,2,0,F,F,F,F,?,F,F,F,F,F,F,?,139
Elster,355,2020,2020-06-18,1,0,F,F,T,F,?,F,F,F,F,F,F,?,170
Elster,355,2021,2021-03-31,1,0,F,F,F,F,?,F,F,F,F,F,F,?,90
Elster,355,2021,2021-04-20,2,0,F,F,T,F,?,T,F,F,F,F,F,?,110
Elster,355,2021,2021-05-14,0,0,NA,NA,NA,NA,NA,NA,NA,NA,NA,NA,NA,NA,134
Elster,355,2021,2021-06-15,1,0,F,F,T,F,?,F,F,F,F,F,F,?,166
Elster,355,2022,2022-03-22,0,0,NA,NA,NA,NA,NA,NA,NA,NA,NA,NA,NA,NA,81
Elster,355,2022,2022-04-27,1,0,F,F,T,F,F,F,F,F,F,F,F,?,117
Elster,355,2022,2022-05-14,0,0,NA,NA,NA,NA,NA,NA,NA,NA,NA,NA,NA,NA,134
Elster,355,2022,2022-06-15,0,0,NA,NA,NA,NA,NA,NA,NA,NA,NA,NA,NA,NA,166
Elster,355,2023,2023-03-15,1,0,F,F,T,F,?,F,F,F,F,F,F,?,74
Elster,355,2023,2023-04-13,1,0,F,F,F,F,?,T,F,F,F,F,F,?,103
Elster,355,2023,2023-05-10,1,0,F,T,F,F,?,F,F,F,F,F,F,?,130
Elster,355,2023,2023-06-15,1,0,F,F,T,F,?,F,F,F,F,F,F,?,166
Elster,357,2021,2021-03-28,4,0,F,?,?,?,?,?,F,?,?,T,?,?,87
Elster,357,2021,2021-04-24,2,0,F,?,?,?,?,?,F,?,?,?,?,?,114
Elster,357,2021,2021-05-14,8,0,F,?,?,T,?,T,F,?,T,?,T,?,134
Elster,357,2021,2021-06-12,2,0,F,?,?,?,?,T,F,?,?,?,T,?,163
Elster,358,2018,2018-03-16,4,0,?,T,F,F,?,F,F,F,F,F,F,?,75
Elster,358,2018,2018-04-13,4,0,?,T,F,F,?,F,F,F,F,F,F,?,103
Elster,358,2018,2018-05-08,3,0,?,T,F,F,?,F,F,F,F,F,F,?,128
Elster,358,2018,2018-06-05,1,0,?,F,F,F,?,F,F,F,F,F,F,?,156
Elster,358,2020,2020-03-22,1,0,F,T,F,F,?,F,F,F,F,F,F,?,82
Elster,358,2020,2020-04-17,2,0,F,T,F,F,?,F,F,F,F,F,F,?,108
Elster,358,2020,2020-05-08,3,0,F,T,T,T,?,F,F,F,F,F,F,?,129
Elster,358,2020,2020-06-19,3,0,F,F,F,F,?,F,F,F,F,F,F,?,171
Elster,358,2021,2021-03-26,7,0,F,T,F,F,?,F,F,F,F,F,F,?,85
Elster,358,2021,2021-04-26,1,0,F,F,F,F,?,F,F,F,F,F,F,?,116
Elster,358,2021,2021-05-19,4,0,F,T,F,F,?,F,F,F,T,F,F,?,139
Elster,358,2021,2021-06-14,5,0,F,T,F,F,?,F,F,F,F,F,F,?,165
Elster,363,2019,2019-03-21,2,0,F,F,F,F,?,F,F,F,F,T,F,?,80
Elster,363,2019,2019-04-16,2,0,F,F,F,F,?,T,F,F,F,F,F,?,106
Elster,363,2019,2019-05-13,1,0,F,F,F,F,?,F,F,F,F,F,F,?,133
Elster,363,2019,2019-06-17,3,0,F,F,T,F,?,F,F,F,F,T,F,?,168
Elster,363,2020,2020-03-20,2,0,F,F,F,F,?,F,F,F,F,F,F,?,80
Elster,363,2020,2020-04-12,2,0,F,F,F,F,?,F,F,F,F,F,F,?,103
Elster,363,2020,2020-05-05,3,0,F,F,F,F,?,T,F,F,F,F,F,?,126
Elster,363,2020,2020-06-12,6,0,F,F,F,F,?,T,F,F,F,T,F,?,164
Elster,363,2022,2022-03-26,5,0,F,F,T,F,?,F,F,F,F,T,F,?,85
Elster,363,2022,2022-04-15,2,0,T,F,F,F,?,F,F,F,F,F,F,?,105
Elster,363,2022,2022-05-07,3,0,F,F,T,F,?,T,F,F,F,F,F,?,127
Elster,363,2022,2022-06-06,3,0,F,F,T,T,?,F,F,F,F,F,F,?,157
Elster,363,2023,2023-03-26,2,0,F,F,F,F,?,T,F,T,F,F,F,?,85
Elster,363,2023,2023-04-23,1,0,F,F,T,F,?,T,F,F,F,F,F,?,113
Elster,363,2023,2023-05-14,1,0,F,F,F,F,?,T,F,F,F,F,F,?,134
Elster,363,2023,2023-05-28,1,0,F,F,F,F,?,F,F,F,F,F,F,?,148
Elster,364,2019,2019-03-28,5,0,F,F,F,F,?,F,F,F,F,T,F,?,87
Elster,364,2019,2019-04-23,6,0,F,F,F,F,?,F,F,F,F,F,F,?,113
Elster,364,2019,2019-05-15,2,0,F,F,F,F,?,F,F,F,F,T,F,?,135
Elster,364,2019,2019-06-17,5,0,F,F,F,F,?,F,F,F,F,F,F,?,168
Elster,364,2020,2020-03-15,13,0,F,F,F,F,?,T,F,T,F,T,F,?,75
Elster,364,2020,2020-04-10,11,0,F,F,F,F,?,T,F,F,F,F,F,?,101
Elster,364,2020,2020-05-06,12,0,F,F,T,F,?,F,F,F,F,T,F,?,127
Elster,364,2020,2020-06-11,6,0,F,F,T,F,?,F,F,F,F,F,F,?,163
Elster,364,2022,2022-03-23,8,0,F,F,F,F,?,T,F,T,F,T,F,?,82
Elster,364,2022,2022-04-17,7,0,F,F,F,F,?,T,F,T,F,T,F,?,107
Elster,364,2022,2022-05-10,8,0,T,F,F,T,?,T,F,T,F,F,F,?,130
Elster,364,2022,2022-06-08,8,0,F,F,F,T,?,T,F,F,F,F,T,?,159
Elster,364,2023,2023-03-25,7,0,T,F,T,F,?,T,F,F,F,T,F,?,84
Elster,364,2023,2023-04-08,6,0,F,F,F,F,?,T,F,F,F,T,F,?,98
Elster,364,2023,2023-05-18,4,0,F,F,F,T,?,F,F,F,F,F,F,?,138
Elster,364,2023,2023-06-04,3,0,F,F,F,F,?,T,F,T,F,F,F,?,155
Elster,366,2019,2019-03-20,12,0,F,F,F,F,?,T,F,F,F,F,F,?,79
Elster,366,2019,2019-04-11,4,0,F,F,F,F,?,F,F,F,F,F,F,?,101
Elster,366,2019,2019-05-06,7,0,F,F,F,F,?,F,F,F,F,F,F,?,126
Elster,366,2019,2019-06-03,4,0,F,F,F,F,?,F,F,T,F,F,F,?,154
Elster,366,2020,2020-03-26,9,0,F,F,T,F,?,T,F,T,F,T,F,?,86
Elster,366,2020,2020-04-11,13,0,F,F,T,F,?,T,F,F,F,F,F,?,102
Elster,366,2020,2020-05-08,6,0,F,F,T,F,?,F,F,F,F,F,F,?,129
Elster,366,2020,2020-06-08,3,0,F,F,F,F,?,T,F,F,F,F,F,?,160
Elster,366,2022,2022-03-20,7,0,F,F,F,F,?,T,F,F,F,T,F,?,79
Elster,366,2022,2022-04-10,7,0,F,F,T,F,?,T,F,F,F,T,F,?,100
Elster,366,2022,2022-05-08,4,0,F,F,T,F,?,F,F,F,F,F,F,?,128
Elster,366,2022,2022-06-04,6,6,T,F,T,T,?,F,F,F,F,F,F,?,155
Elster,366,2023,2023-03-19,2,0,F,F,T,F,?,F,F,F,F,T,F,?,78
Elster,366,2023,2023-04-07,6,0,T,F,T,T,?,F,F,F,F,T,F,?,97
Elster,366,2023,2023-05-13,1,0,F,F,F,F,?,F,F,F,F,F,F,?,133
Elster,366,2023,2023-05-29,2,0,F,F,F,F,?,F,F,F,F,F,F,?,149
Elster,366,2023,2023-05-06,0,0,NA,NA,NA,NA,NA,NA,NA,NA,NA,NA,NA,NA,126
Elster,372,2018,2018-03-30,2,0,?,F,F,F,?,T,F,F,F,F,F,?,89
Elster,372,2018,2018-04-13,7,0,?,F,T,F,?,F,F,F,F,F,F,?,103
Elster,372,2018,2018-05-11,2,0,?,F,F,F,?,F,F,F,F,F,F,?,131
Elster,372,2018,2018-06-20,1,0,?,F,F,F,?,F,F,F,F,F,F,?,171
Elster,372,2018,2018-04-01,0,0,NA,NA,NA,NA,NA,NA,NA,NA,NA,NA,NA,NA,91
Elster,372,2020,2020-03-27,1,0,F,F,F,F,?,F,F,F,F,F,F,?,87
Elster,372,2020,2020-04-16,0,0,NA,NA,NA,NA,NA,NA,NA,NA,NA,NA,NA,NA,107
Elster,372,2020,2020-05-19,1,0,F,F,F,F,?,F,F,F,F,F,F,?,140
Elster,372,2020,2020-06-17,2,0,F,F,F,F,?,F,F,F,F,F,F,?,169
Elster,372,2021,2021-03-26,3,0,F,?,?,T,?,?,F,?,?,?,?,?,85
Elster,372,2021,2021-04-23,0,0,NA,NA,NA,NA,NA,NA,NA,NA,NA,NA,NA,NA,113
Elster,372,2021,2021-05-20,0,0,NA,NA,NA,NA,NA,NA,NA,NA,NA,NA,NA,NA,140
Elster,372,2021,2021-06-19,0,0,NA,NA,NA,NA,NA,NA,NA,NA,NA,NA,NA,NA,170
Elster,374,2019,2019-03-27,2,0,F,F,F,F,?,F,F,F,F,F,F,?,86
Elster,374,2019,2019-04-29,1,0,F,F,F,F,?,F,F,F,F,F,F,?,119
Elster,374,2019,2019-05-09,3,0,F,F,F,F,?,F,F,F,F,T,F,?,129
Elster,374,2019,2019-06-18,2,0,F,F,F,F,?,F,F,F,F,F,F,?,169
Elster,374,2020,2020-03-24,0,0,NA,NA,NA,NA,NA,NA,NA,NA,NA,NA,NA,NA,84
Elster,374,2020,2020-04-24,2,0,F,F,F,F,?,F,F,F,F,F,F,?,115
Elster,374,2020,2020-05-19,2,0,F,F,F,F,?,T,F,F,F,F,F,?,140
Elster,374,2020,2020-06-11,2,0,F,F,F,F,?,T,F,F,F,F,F,?,163
Elster,374,2022,2022-03-29,3,0,F,T,F,F,?,F,F,F,F,F,F,?,88
Elster,374,2022,2022-04-19,2,0,F,F,F,F,?,F,F,F,F,F,F,?,109
Elster,374,2022,2022-05-20,0,0,NA,NA,NA,NA,NA,NA,NA,NA,NA,NA,NA,NA,140
Elster,374,2022,2022-06-14,3,0,F,F,F,F,F,F,F,F,F,F,F,?,165
Elster,374,2023,2023-03-24,3,0,F,F,F,F,F,F,F,F,F,F,F,?,83
Elster,374,2023,2023-04-19,0,0,NA,NA,NA,NA,NA,NA,NA,NA,NA,NA,NA,NA,109
Elster,374,2023,2023-05-15,2,0,F,F,F,F,F,F,F,F,T,T,T,?,135
Elster,374,2023,2023-06-09,2,0,F,F,F,F,F,F,F,F,F,F,F,?,160
Elster,375,2018,2018-03-24,3,0,?,F,F,F,?,F,F,F,F,F,F,?,83
Elster,375,2018,2018-04-14,4,0,?,F,F,F,?,F,F,F,F,F,F,?,104
Elster,375,2018,2018-05-12,0,0,NA,NA,NA,NA,NA,NA,NA,NA,NA,NA,NA,NA,132
Elster,375,2018,2018-06-19,6,0,?,T,F,F,?,F,F,F,F,F,F,?,170
Elster,381,2018,2018-03-17,3,0,?,F,F,F,?,T,F,F,F,F,F,?,76
Elster,381,2018,2018-04-08,2,0,?,F,F,F,?,T,F,F,F,F,F,?,98
Elster,381,2018,2018-04-12,3,0,?,F,F,F,?,F,F,F,T,F,F,?,102
Elster,381,2018,2018-06-18,0,0,NA,NA,NA,NA,NA,NA,NA,NA,NA,NA,NA,NA,169
Elster,381,2020,2020-03-14,2,0,F,F,F,F,?,T,F,F,F,F,F,?,74
Elster,381,2020,2020-04-04,3,0,F,F,F,F,?,T,F,T,F,F,F,?,95
Elster,381,2020,2020-05-02,4,0,F,F,F,F,?,T,F,F,T,F,T,?,123
Elster,381,2020,2020-05-31,0,0,NA,NA,NA,NA,NA,NA,NA,NA,NA,NA,NA,NA,152
Elster,381,2021,2021-03-20,2,0,F,F,F,F,?,T,F,F,F,F,F,?,79
Elster,381,2021,2021-04-24,1,0,F,F,F,F,?,T,F,F,F,F,F,?,114
Elster,381,2021,2021-05-08,2,0,F,F,F,F,?,F,F,F,T,F,F,?,128
Elster,381,2021,2021-06-12,0,0,NA,NA,NA,NA,NA,NA,NA,NA,NA,NA,NA,NA,163
Elster,387,2019,2019-03-25,0,0,NA,NA,NA,NA,NA,NA,NA,NA,NA,NA,NA,NA,84
Elster,387,2019,2019-04-24,0,0,NA,NA,NA,NA,NA,NA,NA,NA,NA,NA,NA,NA,114
Elster,387,2019,2019-05-08,0,0,NA,NA,NA,NA,NA,NA,NA,NA,NA,NA,NA,NA,128
Elster,387,2019,2019-06-19,1,0,F,T,F,T,?,F,F,F,F,F,F,?,170
Elster,387,2019,2019-03-27,0,0,NA,NA,NA,NA,NA,NA,NA,NA,NA,NA,NA,NA,86
Elster,389,2020,2020-03-28,0,0,NA,NA,NA,NA,NA,NA,NA,NA,NA,NA,NA,NA,88
Elster,389,2020,2020-04-28,0,0,NA,NA,NA,NA,NA,NA,NA,NA,NA,NA,NA,NA,119
Elster,389,2020,2020-05-17,1,0,F,F,F,F,?,F,F,F,F,F,F,?,138
Elster,389,2020,2020-06-18,1,0,F,F,F,F,?,F,F,F,F,F,F,?,170
Elster,389,2022,2022-03-26,0,0,NA,NA,NA,NA,NA,NA,NA,NA,NA,NA,NA,NA,85
Elster,389,2022,2022-04-27,1,0,F,T,F,F,F,F,F,F,F,F,F,?,117
Elster,389,2022,2022-05-20,1,0,F,T,F,F,F,F,F,F,F,F,F,?,140
Elster,389,2022,2022-06-18,1,0,F,T,F,F,F,F,F,F,F,F,F,?,169
Elster,389,2023,2023-03-23,0,0,NA,NA,NA,NA,NA,NA,NA,NA,NA,NA,NA,NA,82
Elster,389,2023,2023-04-26,0,0,NA,NA,NA,NA,NA,NA,NA,NA,NA,NA,NA,NA,116
Elster,389,2023,2023-05-17,1,0,F,T,F,F,F,F,F,F,F,F,F,?,137
Elster,389,2023,2023-06-17,0,0,NA,NA,NA,NA,NA,NA,NA,NA,NA,NA,NA,NA,168
Elster,392,2019,2019-03-28,1,0,F,F,F,F,?,F,F,F,F,F,F,?,87
Elster,392,2019,2019-04-24,1,0,F,F,F,F,?,F,F,F,F,F,F,?,114
Elster,392,2019,2019-05-06,1,0,F,F,F,F,?,F,F,F,F,F,F,?,126
Elster,392,2019,2019-06-05,1,0,F,F,F,F,?,F,F,F,F,F,F,?,156
Elster,392,2020,2020-03-19,1,0,F,F,F,F,?,T,F,F,F,F,F,?,79
Elster,392,2020,2020-04-21,0,0,NA,NA,NA,NA,NA,NA,NA,NA,NA,NA,NA,NA,112
Elster,392,2020,2020-05-06,1,0,F,F,F,F,?,F,F,F,F,F,F,?,127
Elster,392,2020,2020-06-08,1,0,F,F,F,F,?,F,F,F,F,F,T,?,160
Elster,392,2022,2022-03-21,2,0,F,F,F,F,?,F,F,F,F,F,F,?,80
Elster,392,2022,2022-04-22,3,0,F,F,T,F,?,F,F,F,F,F,F,?,112
Elster,392,2022,2022-05-16,2,0,F,F,F,F,?,F,F,F,F,F,F,?,136
Elster,392,2022,2022-06-13,3,0,F,F,F,F,?,F,F,F,F,F,F,?,164
Elster,392,2023,2023-03-28,2,0,F,F,F,F,F,F,F,F,F,F,F,?,87
Elster,392,2023,2023-04-20,2,0,F,F,F,F,F,F,F,F,F,F,F,?,110
Elster,392,2023,2023-05-09,2,0,F,T,F,F,F,F,F,T,F,F,F,?,129
Elster,392,2023,2023-06-07,3,0,F,F,T,F,F,F,F,F,F,F,F,?,158
Elster,395,2019,2019-03-29,2,0,F,F,F,F,?,F,F,F,F,F,F,?,88
Elster,395,2019,2019-04-15,0,0,NA,NA,NA,NA,NA,NA,NA,NA,NA,NA,NA,NA,105
Elster,395,2019,2019-05-08,1,0,F,F,F,F,?,F,F,F,F,F,F,?,128
Elster,395,2019,2019-06-06,3,0,F,F,T,T,?,F,F,F,F,F,F,?,157
Elster,395,2020,2020-03-20,3,0,F,F,F,F,?,F,F,F,F,F,F,?,80
Elster,395,2020,2020-04-27,3,0,F,F,F,F,?,T,F,F,F,T,F,?,118
Elster,395,2020,2020-05-11,2,0,F,F,F,F,?,F,F,F,F,F,F,?,132
Elster,395,2020,2020-06-03,1,0,F,F,F,F,?,F,F,F,F,F,F,?,155
Elster,395,2022,2022-03-21,3,0,F,F,F,F,?,F,F,F,F,F,F,?,80
Elster,395,2022,2022-04-22,0,0,NA,NA,NA,NA,NA,NA,NA,NA,NA,NA,NA,NA,112
Elster,395,2022,2022-05-19,0,0,NA,NA,NA,NA,NA,NA,NA,NA,NA,NA,NA,NA,139
Elster,395,2022,2022-06-13,2,0,F,F,F,F,?,F,F,F,F,F,F,?,164
Elster,395,2023,2023-03-27,1,0,F,F,F,F,F,T,F,F,F,F,F,?,86
Elster,395,2023,2023-04-24,0,0,NA,NA,NA,NA,NA,NA,NA,NA,NA,NA,NA,NA,114
Elster,395,2023,2023-05-15,0,0,NA,NA,NA,NA,NA,NA,NA,NA,NA,NA,NA,NA,135
Elster,395,2023,2023-06-13,2,0,F,F,T,F,F,F,F,F,F,F,F,?,164
Elster,397,2018,2018-03-11,0,0,NA,NA,NA,NA,NA,NA,NA,NA,NA,NA,NA,NA,70
Elster,397,2018,2018-04-08,0,0,NA,NA,NA,NA,NA,NA,NA,NA,NA,NA,NA,NA,98
Elster,397,2018,2018-05-06,1,0,?,F,F,F,?,F,F,F,F,F,F,?,126
Elster,397,2018,2018-06-10,1,0,?,F,F,F,?,F,F,F,F,F,T,?,161
Elster,397,2020,2020-03-28,0,0,NA,NA,NA,NA,NA,NA,NA,NA,NA,NA,NA,NA,88
Elster,397,2020,2020-04-10,1,0,F,F,F,F,?,F,F,F,F,F,F,?,101
Elster,397,2020,2020-05-21,1,0,F,F,F,F,?,F,F,F,F,F,F,?,142
Elster,397,2020,2020-06-16,2,0,F,F,F,F,?,F,F,F,F,F,F,?,168
Elster,397,2021,2021-03-21,1,0,F,F,F,F,?,F,F,F,F,F,F,?,80
Elster,397,2021,2021-04-05,2,0,F,F,F,F,?,F,F,F,F,F,F,?,95
Elster,397,2021,2021-05-13,2,0,F,F,F,F,?,F,F,F,F,F,F,?,133
Elster,397,2021,2021-06-13,2,0,F,F,F,F,?,F,F,F,F,F,F,?,164
Elster,398,2019,2019-03-27,0,0,NA,NA,NA,NA,NA,NA,NA,NA,NA,NA,NA,NA,86
Elster,398,2019,2019-04-15,1,0,F,F,F,F,?,F,F,F,F,F,F,?,105
Elster,398,2019,2019-05-16,3,0,F,F,F,F,?,F,F,F,F,F,F,?,136
Elster,398,2019,2019-06-04,4,0,F,F,F,F,?,F,F,F,F,F,F,?,155
Elster,398,2020,2020-03-26,2,0,F,F,F,F,?,F,F,F,F,T,F,?,86
Elster,398,2020,2020-04-08,1,0,F,F,F,F,?,F,F,F,F,F,F,?,99
Elster,398,2020,2020-04-28,0,0,NA,NA,NA,NA,NA,NA,NA,NA,NA,NA,NA,NA,119
Elster,398,2020,2020-06-02,0,0,NA,NA,NA,NA,NA,NA,NA,NA,NA,NA,NA,NA,154
Elster,398,2023,2023-03-20,2,0,F,F,T,F,F,F,F,F,F,F,F,?,79
Elster,398,2023,2023-04-17,1,0,F,F,F,F,F,F,F,F,F,F,F,?,107
Elster,398,2023,2023-05-09,1,1,T,F,F,F,F,F,F,F,F,F,F,?,129
Elster,398,2023,2023-05-30,2,0,F,F,F,F,F,F,F,F,F,F,F,?,150
Elster,403,2019,2019-03-24,0,0,NA,NA,NA,NA,NA,NA,NA,NA,NA,NA,NA,NA,83
Elster,403,2019,2019-04-19,0,0,NA,NA,NA,NA,NA,NA,NA,NA,NA,NA,NA,NA,109
Elster,403,2019,2019-04-20,1,0,F,F,F,F,?,F,F,F,F,F,F,?,110
Elster,403,2019,2019-05-13,1,0,F,F,F,F,?,F,F,F,F,F,F,?,133
Elster,403,2019,2019-06-14,4,0,F,F,F,F,?,F,F,F,F,F,T,?,165
Elster,403,2020,2020-03-27,0,0,NA,NA,NA,NA,NA,NA,NA,NA,NA,NA,NA,NA,87
Elster,403,2020,2020-04-29,0,0,NA,NA,NA,NA,NA,NA,NA,NA,NA,NA,NA,NA,120
Elster,403,2020,2020-05-19,2,0,F,F,F,F,?,F,F,F,F,F,F,?,140
Elster,403,2020,2020-06-20,0,0,NA,NA,NA,NA,NA,NA,NA,NA,NA,NA,NA,NA,172
Elster,403,2022,2022-03-22,1,0,F,F,T,F,?,F,F,F,F,F,F,?,81
Elster,403,2022,2022-04-25,1,0,F,F,F,F,?,F,F,F,F,F,F,?,115
Elster,403,2022,2022-05-20,1,0,F,F,F,F,?,F,F,F,F,F,F,?,140
Elster,403,2022,2022-06-13,1,0,F,F,T,F,?,F,F,F,F,F,F,?,164
Elster,403,2023,2023-03-21,1,0,F,F,F,F,F,F,F,F,F,F,F,?,80
Elster,403,2023,2023-04-19,0,0,NA,NA,NA,NA,NA,NA,NA,NA,NA,NA,NA,NA,109
Elster,403,2023,2023-05-10,0,0,NA,NA,NA,NA,NA,NA,NA,NA,NA,NA,NA,NA,130
Elster,403,2023,2023-06-05,1,0,F,F,T,F,F,F,F,F,F,F,F,?,156
Elster,405,2018,2018-03-16,1,0,?,F,F,F,?,T,F,F,F,F,F,?,75
Elster,405,2018,2018-04-07,3,0,?,F,F,F,?,F,F,T,F,F,F,?,97
Elster,405,2018,2018-05-06,3,0,?,F,F,F,?,F,F,F,T,F,F,?,126
Elster,405,2020,2020-03-21,2,0,F,F,F,F,?,T,F,F,F,F,F,?,81
Elster,405,2020,2020-04-11,3,0,F,F,F,F,?,T,F,T,F,F,F,?,102
Elster,405,2020,2020-05-08,3,0,F,F,F,F,?,T,F,F,T,F,F,?,129
Elster,405,2020,2020-06-12,0,0,NA,NA,NA,NA,NA,NA,NA,NA,NA,NA,NA,NA,164
Elster,405,2021,2021-03-28,1,0,F,F,F,F,?,T,F,F,F,F,F,?,87
Elster,405,2021,2021-04-28,1,0,F,F,F,F,?,T,F,F,F,F,F,?,118
Elster,405,2021,2021-05-09,1,0,F,F,F,F,?,T,F,F,F,F,F,?,129
Elster,405,2021,2021-06-13,0,0,NA,NA,NA,NA,NA,NA,NA,NA,NA,NA,NA,NA,164
