species,site,year,date,n_individuals,n_guests,guest,singing,calling,warning,aggressive_interaction,couple,female,nesting_material,feeding,nest,juvenile,territory,doy
Ringeltaube,3,2021,2021-03-28,0,0,NA,NA,NA,NA,NA,NA,NA,NA,NA,NA,NA,NA,87
Ringeltaube,3,2021,2021-05-16,1,0,F,T,F,F,?,T,F,F,F,F,F,?,136
Ringeltaube,3,2021,2021-06-13,0,0,NA,NA,NA,NA,NA,NA,NA,NA,NA,NA,NA,NA,164
Ringeltaube,3,2021,2021-04-16,0,0,NA,NA,NA,NA,NA,NA,NA,NA,NA,NA,NA,NA,106
Ringeltaube,4,2019,2019-03-22,1,0,F,T,F,F,?,F,F,F,F,F,F,?,81
Ringeltaube,4,2019,2019-04-16,1,0,F,T,F,F,?,F,F,F,F,F,F,?,106
Ringeltaube,4,2019,2019-05-09,2,0,F,T,F,F,?,F,F,F,F,F,F,?,129
Ringeltaube,4,2019,2019-06-05,3,0,F,T,F,F,?,F,F,F,F,T,F,?,156
Ringeltaube,4,2020,2020-03-18,1,0,F,T,F,F,?,F,F,F,F,F,F,?,78
Ringeltaube,4,2020,2020-04-16,1,0,F,F,F,F,?,T,F,F,F,F,F,?,107
Ringeltaube,4,2020,2020-05-07,2,0,F,T,F,F,?,F,F,F,F,F,F,?,128
Ringeltaube,4,2020,2020-06-02,2,0,F,T,F,F,?,F,F,F,F,F,F,?,154
Ringeltaube,4,2021,2021-03-24,3,0,?,T,F,F,?,F,F,?,F,F,F,?,83
Ringeltaube,4,2021,2021-04-20,5,0,?,T,F,F,?,F,F,?,F,F,F,?,110
Ringeltaube,4,2021,2021-05-15,3,0,?,T,F,F,?,F,F,?,F,F,F,?,135
Ringeltaube,4,2021,2021-06-04,4,0,?,T,F,F,?,F,F,?,F,F,F,?,155
Ringeltaube,4,2022,2022-03-21,1,0,F,T,F,F,?,F,F,F,F,F,F,?,80
Ringeltaube,4,2022,2022-04-18,2,0,F,T,F,F,?,F,F,F,F,F,F,?,108
Ringeltaube,4,2022,2022-05-12,1,0,F,T,F,F,?,F,F,F,F,F,F,?,132
Ringeltaube,4,2022,2022-06-02,1,0,F,T,F,F,?,F,F,F,F,F,F,?,153
Ringeltaube,4,2023,2023-03-18,1,0,F,T,F,F,F,F,F,F,F,F,F,?,77
Ringeltaube,4,2023,2023-04-26,1,0,F,T,F,F,F,F,F,F,F,F,F,?,116
Ringeltaube,4,2023,2023-05-19,1,0,F,T,F,F,F,F,F,F,F,F,F,?,139
Ringeltaube,4,2023,2023-06-07,2,0,F,T,F,F,F,F,F,F,F,F,F,?,158
Ringeltaube,7,2020,2020-03-15,0,0,NA,NA,NA,NA,NA,NA,NA,NA,NA,NA,NA,NA,75
Ringeltaube,7,2020,2020-04-10,0,0,NA,NA,NA,NA,NA,NA,NA,NA,NA,NA,NA,NA,101
Ringeltaube,7,2020,2020-05-17,1,0,F,F,T,F,?,F,F,F,F,F,F,?,138
Ringeltaube,7,2020,2020-05-31,0,0,NA,NA,NA,NA,NA,NA,NA,NA,NA,NA,NA,NA,152
Ringeltaube,7,2021,2021-03-17,0,0,NA,NA,NA,NA,NA,NA,NA,NA,NA,NA,NA,NA,76
Ringeltaube,7,2021,2021-05-09,1,0,F,T,F,F,?,F,?,F,F,F,F,?,129
Ringeltaube,7,2021,2021-05-27,0,0,NA,NA,NA,NA,NA,NA,NA,NA,NA,NA,NA,NA,147
Ringeltaube,7,2021,2021-06-08,0,0,NA,NA,NA,NA,NA,NA,NA,NA,NA,NA,NA,NA,159
Ringeltaube,13,2018,2018-03-25,12,0,F,T,F,F,?,T,F,F,F,F,F,?,84
Ringeltaube,13,2018,2018-04-19,8,0,F,T,F,F,?,F,F,F,F,F,F,?,109
Ringeltaube,13,2018,2018-05-12,3,0,F,T,F,F,?,F,F,F,F,F,F,?,132
Ringeltaube,13,2018,2018-06-03,6,0,F,T,F,F,?,F,F,F,F,F,F,?,154
Ringeltaube,13,2020,2020-03-28,5,0,F,T,F,F,?,F,F,F,F,F,F,?,88
Ringeltaube,13,2020,2020-04-19,3,0,F,T,F,F,?,F,F,F,F,F,F,?,110
Ringeltaube,13,2020,2020-05-10,5,0,F,T,F,F,?,F,F,F,F,F,F,?,131
Ringeltaube,13,2020,2020-06-05,3,0,F,T,F,F,?,F,F,F,F,F,F,?,157
Ringeltaube,13,2021,2021-03-28,5,0,F,T,F,F,?,F,F,F,F,F,F,?,87
Ringeltaube,13,2021,2021-04-18,1,0,F,F,F,F,?,F,F,F,F,F,F,?,108
Ringeltaube,13,2021,2021-05-10,4,0,F,T,F,F,?,F,F,F,F,F,F,?,130
Ringeltaube,13,2021,2021-06-05,4,0,F,T,F,F,?,F,F,F,F,F,F,?,156
Ringeltaube,14,2018,2018-03-14,1,0,F,F,F,F,?,F,F,F,F,F,F,?,73
Ringeltaube,14,2018,2018-04-11,0,0,NA,NA,NA,NA,NA,NA,NA,NA,NA,NA,NA,NA,101
Ringeltaube,14,2018,2018-05-08,0,0,NA,NA,NA,NA,NA,NA,NA,NA,NA,NA,NA,NA,128
Ringeltaube,14,2018,2018-06-11,2,0,F,F,F,F,?,F,F,F,F,F,F,?,162
Ringeltaube,14,2018,2018-03-18,0,0,NA,NA,NA,NA,NA,NA,NA,NA,NA,NA,NA,NA,77
Ringeltaube,14,2020,2020-03-15,4,0,F,T,F,F,?,F,F,F,F,F,F,?,75
Ringeltaube,14,2020,2020-04-18,2,0,F,T,F,F,?,F,F,F,F,F,F,?,109
Ringeltaube,14,2020,2020-05-09,0,0,NA,NA,NA,NA,NA,NA,NA,NA,NA,NA,NA,NA,130
Ringeltaube,14,2020,2020-06-17,5,0,F,T,T,F,?,F,F,F,F,F,F,?,169
Ringeltaube,14,2021,2021-06-13,8,0,F,T,F,F,?,T,?,F,F,F,F,?,164
Ringeltaube,15,2019,2019-03-29,7,0,?,T,F,?,?,?,?,?,?,?,?,?,88
Ringeltaube,15,2019,2019-04-18,2,0,?,F,?,?,?,?,?,?,?,?,?,?,108
Ringeltaube,15,2019,2019-05-01,7,0,?,T,?,?,?,?,?,?,?,?,?,?,121
Ringeltaube,15,2019,2019-06-03,5,0,?,T,F,?,?,T,?,?,?,?,?,?,154
Ringeltaube,15,2020,2020-03-16,6,0,?,T,F,?,?,T,?,?,?,?,?,?,76
Ringeltaube,15,2020,2020-04-13,6,0,?,T,?,?,?,?,F,?,?,?,?,?,104
Ringeltaube,15,2020,2020-05-09,3,0,?,T,?,?,?,F,?,?,?,?,?,?,130
Ringeltaube,15,2020,2020-05-26,0,0,NA,NA,NA,NA,NA,NA,NA,NA,NA,NA,NA,NA,147
Ringeltaube,15,2021,2021-03-29,2,0,?,F,?,?,?,?,?,?,?,?,?,?,88
Ringeltaube,15,2021,2021-04-18,4,0,?,T,?,?,?,?,?,?,?,?,?,?,108
Ringeltaube,15,2021,2021-05-14,2,0,?,F,F,?,?,?,?,?,?,?,?,?,134
Ringeltaube,15,2021,2021-06-18,5,0,?,T,?,?,?,?,?,?,?,?,?,?,169
Ringeltaube,15,2021,2021-03-16,0,0,NA,NA,NA,NA,NA,NA,NA,NA,NA,NA,NA,NA,75
Ringeltaube,15,2022,2022-03-17,0,0,NA,NA,NA,NA,NA,NA,NA,NA,NA,NA,NA,NA,76
Ringeltaube,15,2022,2022-04-21,3,0,F,T,F,F,F,F,F,F,F,F,F,?,111
Ringeltaube,15,2022,2022-05-08,6,0,F,F,T,F,F,T,F,F,F,F,F,?,128
Ringeltaube,15,2022,2022-05-29,5,0,F,T,T,F,F,F,F,F,F,T,F,?,149
Ringeltaube,15,2022,2022-03-16,0,0,NA,NA,NA,NA,NA,NA,NA,NA,NA,NA,NA,NA,75
Ringeltaube,15,2023,2023-03-23,0,0,NA,NA,NA,NA,NA,NA,NA,NA,NA,NA,NA,NA,82
Ringeltaube,15,2023,2023-04-19,4,0,F,T,F,F,?,F,F,F,F,F,F,?,109
Ringeltaube,15,2023,2023-05-11,8,0,F,T,F,F,?,F,F,F,F,F,F,?,131
Ringeltaube,15,2023,2023-06-13,7,0,F,T,F,F,?,F,F,F,F,F,F,?,164
Ringeltaube,18,2019,2019-03-30,5,0,F,T,F,F,?,T,F,F,F,F,F,?,89
Ringeltaube,18,2019,2019-04-19,5,0,F,T,F,F,?,F,F,F,F,F,F,?,109
Ringeltaube,18,2019,2019-05-02,2,0,F,T,F,F,?,F,F,F,F,F,F,?,122
Ringeltaube,18,2019,2019-05-23,3,0,F,T,F,F,?,F,F,F,F,F,F,?,143
Ringeltaube,18,2019,2019-06-18,0,0,NA,NA,NA,NA,NA,NA,NA,NA,NA,NA,NA,NA,169
Ringeltaube,18,2019,2019-03-03,0,0,NA,NA,NA,NA,NA,NA,NA,NA,NA,NA,NA,NA,62
Ringeltaube,18,2021,2021-04-16,18,0,F,T,?,?,?,?,F,?,?,?,?,?,106
Ringeltaube,18,2021,2021-05-14,9,0,F,?,?,?,?,?,F,?,?,?,?,?,134
Ringeltaube,18,2021,2021-06-14,14,0,F,?,?,?,?,?,F,?,?,?,?,?,165
Ringeltaube,20,2019,2019-03-28,6,0,F,T,F,F,?,F,F,F,F,F,F,?,87
Ringeltaube,20,2019,2019-04-25,5,0,F,T,F,F,T,T,F,F,F,F,F,?,115
Ringeltaube,20,2019,2019-05-13,6,0,F,T,F,F,?,F,F,F,F,F,F,?,133
Ringeltaube,20,2019,2019-05-27,0,0,NA,NA,NA,NA,NA,NA,NA,NA,NA,NA,NA,NA,147
Ringeltaube,21,2019,2019-03-29,8,0,F,T,F,F,?,F,F,F,F,F,F,?,88
Ringeltaube,21,2019,2019-04-24,6,0,F,T,F,F,?,F,F,F,F,F,F,?,114
Ringeltaube,21,2019,2019-05-03,7,0,F,T,F,F,?,F,F,F,F,F,F,?,123
Ringeltaube,21,2019,2019-05-24,4,0,F,T,F,F,?,F,F,F,F,F,F,?,144
Ringeltaube,22,2019,2019-03-27,3,0,F,T,F,F,?,F,F,F,F,F,F,?,86
Ringeltaube,22,2019,2019-04-23,1,0,F,T,F,F,?,F,F,F,F,F,F,?,113
Ringeltaube,22,2019,2019-05-10,1,0,F,T,F,F,?,F,F,F,F,F,F,?,130
Ringeltaube,22,2019,2019-06-17,2,0,F,F,F,F,?,F,F,F,F,F,F,?,168
Ringeltaube,23,2019,2019-03-26,2,0,F,T,F,F,?,F,F,F,F,F,F,?,85
Ringeltaube,23,2019,2019-04-26,0,0,NA,NA,NA,NA,NA,NA,NA,NA,NA,NA,NA,NA,116
Ringeltaube,23,2019,2019-05-14,1,0,F,F,F,F,?,F,F,F,F,F,F,?,134
Ringeltaube,23,2019,2019-06-18,4,0,F,T,F,F,?,F,F,F,F,F,F,?,169
Ringeltaube,25,2020,2020-03-19,5,0,F,F,F,F,?,F,F,F,F,F,F,?,79
Ringeltaube,25,2020,2020-04-17,4,0,F,F,T,F,?,F,F,F,F,F,F,?,108
Ringeltaube,25,2020,2020-05-08,2,0,F,T,F,F,?,F,F,F,F,F,F,?,129
Ringeltaube,25,2020,2020-05-30,3,0,F,F,F,F,?,F,F,F,F,F,F,?,151
Ringeltaube,25,2021,2021-04-24,1,0,F,F,F,F,?,T,?,F,F,F,F,?,114
Ringeltaube,25,2021,2021-05-09,1,0,F,T,F,F,?,F,?,F,F,F,F,?,129
Ringeltaube,25,2021,2021-05-24,6,0,F,F,F,F,?,T,?,F,F,F,F,?,144
Ringeltaube,28,2019,2019-03-21,3,0,F,T,F,F,?,F,T,F,F,F,F,?,80
Ringeltaube,28,2019,2019-04-16,1,0,F,T,F,F,?,F,F,F,F,F,F,?,106
Ringeltaube,28,2019,2019-05-08,12,0,F,T,F,F,?,F,F,F,F,F,F,?,128
Ringeltaube,28,2019,2019-06-09,6,0,F,T,F,F,?,F,F,F,F,F,F,?,160
Ringeltaube,28,2019,2019-04-17,0,0,NA,NA,NA,NA,NA,NA,NA,NA,NA,NA,NA,NA,107
Ringeltaube,28,2019,2019-06-15,0,0,NA,NA,NA,NA,NA,NA,NA,NA,NA,NA,NA,NA,166
Ringeltaube,29,2019,2019-03-27,2,0,F,T,F,F,?,F,F,F,F,F,F,?,86
Ringeltaube,29,2019,2019-04-26,4,0,F,T,F,F,?,F,F,F,F,F,F,?,116
Ringeltaube,29,2019,2019-05-15,7,0,F,T,F,F,?,F,F,F,F,F,F,?,135
Ringeltaube,29,2019,2019-06-18,8,0,F,T,F,F,?,F,F,F,F,F,F,?,169
Ringeltaube,29,2019,2019-06-20,0,0,NA,NA,NA,NA,NA,NA,NA,NA,NA,NA,NA,NA,171
Ringeltaube,32,2020,2020-03-15,28,0,F,T,F,F,?,F,F,F,F,F,F,?,75
Ringeltaube,32,2020,2020-04-19,35,0,F,F,F,F,?,T,F,F,F,F,F,?,110
Ringeltaube,32,2020,2020-05-17,21,0,F,F,T,F,?,T,F,F,F,F,F,?,138
Ringeltaube,32,2020,2020-06-12,18,0,F,F,F,F,?,T,F,F,F,F,F,?,164
Ringeltaube,32,2021,2021-03-22,34,0,F,T,?,?,?,T,F,?,?,?,?,?,81
Ringeltaube,32,2021,2021-04-28,28,0,F,T,?,?,?,?,F,?,?,?,?,?,118
Ringeltaube,32,2021,2021-05-10,20,0,F,T,?,?,?,T,F,?,?,?,?,?,130
Ringeltaube,32,2021,2021-06-17,16,0,F,?,?,?,?,?,F,?,?,?,?,?,168
Ringeltaube,33,2020,2020-03-28,11,0,F,T,F,F,?,F,F,F,F,F,F,?,88
Ringeltaube,33,2020,2020-04-25,12,0,F,T,F,F,?,F,F,F,F,F,F,?,116
Ringeltaube,33,2020,2020-05-16,34,0,F,T,F,F,?,F,F,F,F,F,T,?,137
Ringeltaube,33,2020,2020-06-01,15,0,F,T,T,F,?,F,F,F,F,F,F,?,153
Ringeltaube,33,2021,2021-03-30,14,0,F,T,?,?,?,?,F,?,?,?,?,?,89
Ringeltaube,33,2021,2021-04-25,21,0,F,T,?,?,?,?,F,?,?,?,?,?,115
Ringeltaube,33,2021,2021-05-10,19,0,F,T,?,?,?,T,F,?,?,?,?,?,130
Ringeltaube,33,2021,2021-05-30,19,0,F,T,?,?,?,?,F,?,?,?,?,?,150
Ringeltaube,34,2020,2020-03-19,9,0,F,T,F,F,?,T,F,F,F,F,F,?,79
Ringeltaube,34,2020,2020-04-16,8,0,F,T,F,F,?,T,F,F,F,F,F,?,107
Ringeltaube,34,2020,2020-05-08,16,0,T,T,F,F,?,T,F,F,F,F,F,?,129
Ringeltaube,34,2020,2020-06-18,15,0,T,T,F,F,?,T,F,T,F,F,F,?,170
Ringeltaube,34,2021,2021-03-29,22,0,F,T,?,?,?,T,F,?,?,?,?,?,88
Ringeltaube,34,2021,2021-04-23,13,0,F,T,?,?,?,T,F,?,?,T,?,?,113
Ringeltaube,34,2021,2021-05-07,11,0,F,T,?,?,?,T,F,?,?,T,?,?,127
Ringeltaube,34,2021,2021-06-20,36,0,F,T,?,?,?,T,F,?,?,?,?,?,171
Ringeltaube,35,2020,2020-03-29,11,0,T,T,F,F,?,F,F,F,F,F,F,?,89
Ringeltaube,35,2020,2020-04-26,14,0,F,T,F,F,?,F,F,F,F,F,F,?,117
Ringeltaube,35,2020,2020-05-16,13,0,T,T,F,F,?,F,F,F,F,F,F,?,137
Ringeltaube,35,2020,2020-06-11,14,0,T,T,F,F,T,F,F,F,F,F,F,?,163
Ringeltaube,36,2018,2018-03-24,8,0,F,F,T,F,?,F,F,F,F,F,F,?,83
Ringeltaube,36,2018,2018-04-18,9,0,F,T,T,F,?,F,F,F,F,F,F,?,108
Ringeltaube,36,2018,2018-05-11,5,0,F,F,T,F,?,F,F,F,F,F,F,?,131
Ringeltaube,36,2018,2018-06-03,5,0,F,F,T,F,?,F,F,F,F,F,F,?,154
Ringeltaube,36,2020,2020-03-28,4,0,F,F,T,F,?,F,F,F,F,F,F,?,88
Ringeltaube,36,2020,2020-04-17,5,0,F,F,T,F,?,F,F,F,F,F,F,?,108
Ringeltaube,36,2020,2020-05-08,4,0,F,F,T,F,?,F,F,F,F,F,F,?,129
Ringeltaube,36,2020,2020-06-11,4,0,F,F,T,F,?,F,F,F,F,F,F,?,163
Ringeltaube,36,2021,2021-03-27,5,0,F,F,T,F,?,F,F,F,F,F,F,?,86
Ringeltaube,36,2021,2021-04-24,2,0,?,?,T,?,?,?,?,?,?,?,?,?,114
Ringeltaube,36,2021,2021-05-13,9,0,F,F,T,F,?,F,F,F,F,F,F,?,133
Ringeltaube,36,2021,2021-06-06,6,0,F,F,T,F,?,F,F,F,F,F,F,?,157
Ringeltaube,37,2018,2018-03-30,9,0,F,T,F,F,?,F,F,F,F,F,F,?,89
Ringeltaube,37,2018,2018-04-18,12,0,F,T,F,F,?,F,F,F,F,F,F,?,108
Ringeltaube,37,2018,2018-05-12,6,0,F,T,F,F,?,F,F,F,F,F,F,?,132
Ringeltaube,37,2018,2018-06-13,7,0,F,T,F,F,F,F,F,F,F,F,F,?,164
Ringeltaube,37,2020,2020-03-19,12,0,F,T,F,F,?,F,F,F,F,F,F,?,79
Ringeltaube,37,2020,2020-04-25,9,0,F,T,F,F,?,F,F,F,F,F,F,?,116
Ringeltaube,37,2020,2020-05-10,9,0,F,T,F,F,?,F,F,F,F,F,F,?,131
Ringeltaube,37,2020,2020-06-07,11,0,F,T,F,F,?,F,F,F,F,F,F,?,159
Ringeltaube,37,2021,2021-03-31,11,0,F,T,F,F,?,F,F,F,F,T,F,?,90
Ringeltaube,37,2021,2021-04-25,7,0,F,T,F,F,?,F,F,F,F,F,F,?,115
Ringeltaube,37,2021,2021-05-15,13,0,F,T,F,F,?,F,F,F,F,F,F,?,135
Ringeltaube,37,2021,2021-06-17,3,0,F,T,F,F,?,F,F,F,F,F,F,?,168
Ringeltaube,38,2019,2019-03-19,24,0,F,T,F,F,?,F,F,F,F,F,F,?,78
Ringeltaube,38,2019,2019-04-14,4,0,F,T,F,F,?,F,F,F,F,F,F,?,104
Ringeltaube,38,2019,2019-05-06,6,0,F,T,F,F,?,F,F,F,F,T,F,?,126
Ringeltaube,38,2019,2019-06-06,16,0,F,T,F,F,?,F,F,F,F,T,F,?,157
Ringeltaube,39,2019,2019-03-19,3,0,F,T,F,F,?,F,F,F,F,F,F,?,78
Ringeltaube,39,2019,2019-04-15,2,0,F,T,F,F,?,F,F,F,F,F,F,?,105
Ringeltaube,39,2019,2019-05-07,2,0,F,T,F,F,?,F,F,F,F,F,F,?,127
Ringeltaube,39,2019,2019-06-08,2,0,F,F,F,F,?,F,F,F,F,F,F,?,159
Ringeltaube,41,2020,2020-03-16,5,0,F,T,F,F,?,F,F,F,F,F,F,?,76
Ringeltaube,41,2020,2020-04-20,2,0,F,T,F,F,?,F,F,F,F,F,F,?,111
Ringeltaube,41,2020,2020-05-19,11,0,F,T,F,F,?,F,F,F,F,F,F,?,140
Ringeltaube,41,2020,2020-06-19,5,0,F,T,F,F,?,F,F,F,F,F,F,?,171
Ringeltaube,41,2021,2021-03-30,31,0,F,T,F,F,?,F,F,F,F,T,F,?,89
Ringeltaube,41,2021,2021-04-30,7,0,F,T,F,F,?,F,F,F,F,F,F,?,120
Ringeltaube,41,2021,2021-05-20,11,0,F,T,F,F,?,F,F,F,F,F,F,?,140
Ringeltaube,41,2021,2021-05-25,25,0,F,T,F,F,?,F,?,F,F,F,F,?,145
Ringeltaube,41,2021,2021-06-15,15,0,F,T,F,F,?,F,F,F,F,F,F,?,166
Ringeltaube,43,2019,2019-03-22,56,0,T,T,F,F,?,F,F,F,F,F,F,?,81
Ringeltaube,43,2019,2019-04-26,2,0,F,T,F,F,?,F,F,F,F,F,F,?,116
Ringeltaube,43,2019,2019-05-17,13,0,F,T,F,F,?,F,F,F,F,F,F,?,137
Ringeltaube,43,2019,2019-06-14,6,0,F,T,F,F,?,F,F,F,F,F,F,?,165
Ringeltaube,43,2020,2020-03-26,7,0,F,T,F,F,F,F,F,F,F,F,F,?,86
Ringeltaube,43,2020,2020-04-21,5,0,F,T,F,F,F,F,F,F,F,F,F,?,112
Ringeltaube,43,2020,2020-05-13,7,0,F,T,F,F,F,F,F,F,F,F,F,?,134
Ringeltaube,43,2020,2020-06-18,8,0,F,T,F,F,F,F,F,F,F,F,F,?,170
Ringeltaube,43,2021,2021-03-24,21,0,F,T,F,F,T,F,F,F,F,F,F,?,83
Ringeltaube,43,2021,2021-04-22,8,0,F,T,F,F,F,F,F,F,F,F,F,?,112
Ringeltaube,43,2021,2021-05-21,11,0,F,T,F,F,F,F,F,F,F,F,F,?,141
Ringeltaube,43,2021,2021-06-17,6,0,F,T,F,F,F,T,F,F,F,F,F,?,168
Ringeltaube,43,2022,2022-03-28,7,0,F,T,F,F,F,F,F,F,F,F,F,?,87
Ringeltaube,43,2022,2022-04-28,3,0,F,F,F,F,F,F,F,F,F,F,F,?,118
Ringeltaube,43,2022,2022-05-20,6,0,F,T,F,F,F,F,F,F,F,F,F,?,140
Ringeltaube,43,2022,2022-06-20,12,0,F,T,F,F,F,F,F,F,F,F,F,?,171
Ringeltaube,43,2023,2023-04-24,3,0,F,T,F,F,F,F,F,F,F,F,F,?,114
Ringeltaube,43,2023,2023-05-16,3,0,F,T,F,F,F,F,F,F,F,F,F,?,136
Ringeltaube,43,2023,2023-06-14,4,0,F,T,F,F,F,F,F,F,F,F,F,?,165
Ringeltaube,43,2023,2023-03-22,5,0,F,T,F,F,F,F,F,F,F,F,F,?,81
Ringeltaube,46,2020,2020-03-28,19,0,F,F,T,F,?,F,F,F,F,F,F,?,88
Ringeltaube,46,2020,2020-04-25,16,0,F,T,T,F,?,F,F,F,F,F,F,?,116
Ringeltaube,46,2020,2020-05-18,18,0,T,T,T,F,?,F,F,F,F,F,F,?,139
Ringeltaube,46,2020,2020-06-19,14,0,T,T,T,F,?,F,F,F,F,F,F,?,171
Ringeltaube,46,2021,2021-03-26,20,0,?,T,T,?,?,?,?,?,?,?,?,?,85
Ringeltaube,46,2021,2021-04-25,12,0,?,?,T,?,?,?,?,?,?,?,?,?,115
Ringeltaube,46,2021,2021-05-15,4,0,?,T,T,?,?,?,?,?,?,?,?,?,135
Ringeltaube,46,2021,2021-06-13,22,0,?,T,T,?,?,?,?,?,?,?,?,?,164
Ringeltaube,47,2020,2020-03-17,21,0,F,T,F,F,?,F,F,F,F,F,F,?,77
Ringeltaube,47,2020,2020-04-17,9,0,F,T,F,F,?,F,F,F,F,F,F,?,108
Ringeltaube,47,2020,2020-05-15,4,0,F,T,F,F,?,F,F,F,F,F,F,?,136
Ringeltaube,47,2020,2020-06-18,7,0,F,T,T,F,?,F,F,F,F,F,F,?,170
Ringeltaube,47,2021,2021-03-25,20,0,F,T,T,F,?,F,F,F,F,F,F,?,84
Ringeltaube,47,2021,2021-04-27,12,0,F,T,F,F,?,F,F,F,F,F,F,?,117
Ringeltaube,47,2021,2021-05-19,11,0,F,T,F,F,?,F,F,F,F,F,T,?,139
Ringeltaube,47,2021,2021-06-19,19,0,F,T,T,F,?,F,F,F,F,F,F,?,170
Ringeltaube,49,2020,2020-03-28,6,0,F,T,F,F,?,F,F,F,F,F,F,?,88
Ringeltaube,49,2020,2020-04-11,4,0,F,T,F,F,?,F,F,F,F,F,F,?,102
Ringeltaube,49,2020,2020-05-10,2,0,F,T,F,F,?,F,F,F,F,F,F,?,131
Ringeltaube,49,2020,2020-06-19,2,0,F,T,F,F,?,F,F,F,F,F,F,?,171
Ringeltaube,49,2021,2021-03-28,1,0,?,T,?,?,?,?,?,?,?,?,?,?,87
Ringeltaube,49,2021,2021-04-27,2,0,?,T,?,?,?,?,?,?,?,?,?,?,117
Ringeltaube,49,2021,2021-05-29,2,0,?,T,?,?,?,?,?,?,?,?,?,?,149
Ringeltaube,49,2021,2021-06-16,2,0,?,T,?,?,?,?,?,?,?,?,?,?,167
Ringeltaube,54,2018,2018-03-20,4,0,F,F,F,F,?,F,F,F,F,F,F,?,79
Ringeltaube,54,2018,2018-04-15,8,0,F,T,F,F,?,F,F,F,F,F,F,?,105
Ringeltaube,54,2018,2018-05-13,8,0,F,T,F,F,?,F,F,F,F,F,F,?,133
Ringeltaube,54,2018,2018-06-05,9,0,F,T,F,F,?,F,F,F,F,F,F,?,156
Ringeltaube,54,2020,2020-03-15,10,0,F,T,F,F,?,T,F,F,F,F,F,?,75
Ringeltaube,54,2020,2020-04-13,9,0,F,T,F,F,?,T,F,F,F,F,F,?,104
Ringeltaube,54,2020,2020-05-19,8,0,F,T,F,F,?,T,F,F,F,F,F,?,140
Ringeltaube,54,2020,2020-06-13,9,0,F,T,F,F,?,T,F,F,F,F,F,?,165
Ringeltaube,54,2021,2021-03-28,8,0,F,F,F,F,?,T,F,F,F,F,F,?,87
Ringeltaube,54,2021,2021-04-20,9,0,F,T,F,F,?,F,F,F,F,F,F,?,110
Ringeltaube,54,2021,2021-05-13,11,0,F,T,F,F,?,T,F,F,F,F,F,?,133
Ringeltaube,54,2021,2021-06-13,7,0,F,T,F,F,?,T,F,F,F,F,F,?,164
Ringeltaube,56,2018,2018-03-25,15,0,F,T,F,F,?,F,F,F,F,F,F,?,84
Ringeltaube,56,2018,2018-04-17,4,0,F,T,F,F,?,F,F,F,F,F,F,?,107
Ringeltaube,56,2018,2018-05-08,2,0,F,T,F,F,?,F,F,F,F,F,F,?,128
Ringeltaube,56,2018,2018-06-02,7,0,F,T,F,F,?,T,F,F,F,F,F,?,153
Ringeltaube,56,2020,2020-03-22,0,0,NA,NA,NA,NA,NA,NA,NA,NA,NA,NA,NA,NA,82
Ringeltaube,56,2020,2020-04-11,5,0,F,T,F,F,?,F,F,F,F,F,F,?,102
Ringeltaube,56,2020,2020-05-09,6,0,F,T,F,F,?,F,F,F,F,F,F,?,130
Ringeltaube,56,2020,2020-06-07,3,0,F,T,F,F,?,F,F,F,F,F,F,?,159
Ringeltaube,56,2021,2021-03-28,7,0,F,T,F,F,?,F,F,F,F,F,F,?,87
Ringeltaube,56,2021,2021-04-25,12,0,F,T,F,F,?,F,F,F,F,F,F,?,115
Ringeltaube,56,2021,2021-05-08,5,0,F,T,F,F,?,T,F,F,F,F,F,?,128
Ringeltaube,56,2021,2021-05-28,3,0,F,T,F,F,?,F,F,F,F,F,F,?,148
Ringeltaube,57,2019,2019-03-26,0,0,NA,NA,NA,NA,NA,NA,NA,NA,NA,NA,NA,NA,85
Ringeltaube,57,2019,2019-05-14,4,0,F,T,F,F,?,F,F,F,F,F,F,?,134
Ringeltaube,57,2019,2019-06-19,2,0,F,T,F,F,?,F,F,F,F,F,F,?,170
Ringeltaube,57,2019,2019-04-25,2,0,F,T,F,F,?,F,F,F,F,F,F,?,115
Ringeltaube,58,2018,2018-03-25,5,0,F,T,F,F,?,F,F,F,F,F,F,?,84
Ringeltaube,58,2018,2018-04-30,5,0,F,T,F,F,?,F,F,F,F,F,F,?,120
Ringeltaube,58,2018,2018-05-12,4,0,F,T,F,F,?,F,F,F,F,F,F,?,132
Ringeltaube,58,2018,2018-06-10,7,0,F,T,F,F,?,F,F,F,F,F,F,?,161
Ringeltaube,59,2018,2018-03-21,5,0,F,F,T,F,?,F,F,F,F,F,F,?,80
Ringeltaube,59,2018,2018-04-14,3,0,F,F,T,F,?,T,F,F,F,F,F,?,104
Ringeltaube,59,2018,2018-05-09,3,0,F,T,T,F,?,F,F,F,F,F,F,?,129
Ringeltaube,59,2018,2018-06-05,3,0,F,T,T,F,?,F,F,F,F,F,F,?,156
Ringeltaube,59,2020,2020-03-22,1,0,F,F,F,F,?,F,F,F,F,F,F,?,82
Ringeltaube,59,2020,2020-04-18,3,0,F,F,T,F,?,F,F,F,F,F,F,?,109
Ringeltaube,59,2020,2020-05-06,3,0,F,F,T,F,?,F,F,F,F,F,F,?,127
Ringeltaube,59,2020,2020-06-03,2,0,F,F,T,F,?,F,F,F,F,F,F,?,155
Ringeltaube,59,2021,2021-03-29,5,0,F,T,T,F,?,F,F,F,F,F,F,?,88
Ringeltaube,59,2021,2021-04-22,5,0,F,T,T,F,?,F,F,F,F,F,F,?,112
Ringeltaube,59,2021,2021-05-10,3,0,F,F,T,F,?,F,F,F,F,F,F,?,130
Ringeltaube,59,2021,2021-06-10,2,0,F,F,T,F,?,F,F,F,F,F,F,?,161
Ringeltaube,60,2019,2019-03-22,17,0,F,T,F,F,?,F,F,F,F,F,F,?,81
Ringeltaube,60,2019,2019-04-17,3,0,F,T,F,F,?,F,F,F,F,F,F,?,107
Ringeltaube,60,2019,2019-05-09,3,0,F,T,F,F,?,F,F,F,F,F,F,?,129
Ringeltaube,60,2019,2019-06-10,1,0,F,T,F,F,?,F,F,F,F,F,F,?,161
Ringeltaube,61,2018,2018-03-17,7,0,F,F,T,F,?,F,F,F,F,F,F,?,76
Ringeltaube,61,2018,2018-04-07,6,0,F,T,T,F,?,F,F,F,F,F,F,?,97
Ringeltaube,61,2018,2018-05-05,16,0,F,F,T,F,?,F,F,T,F,F,F,?,125
Ringeltaube,61,2018,2018-06-02,2,0,F,F,T,F,?,F,F,F,F,F,F,?,153
Ringeltaube,61,2020,2020-03-14,4,0,F,T,T,F,?,F,F,F,F,F,F,?,74
Ringeltaube,61,2020,2020-04-04,9,0,F,T,T,F,?,F,F,F,F,F,F,?,95
Ringeltaube,61,2020,2020-05-02,3,0,F,T,F,F,?,F,F,F,F,F,F,?,123
Ringeltaube,61,2020,2020-05-30,3,0,F,T,F,F,?,F,F,F,F,F,F,?,151
Ringeltaube,61,2021,2021-03-21,4,0,F,T,T,F,?,F,F,F,F,F,F,?,80
Ringeltaube,61,2021,2021-04-10,1,0,F,F,T,F,?,F,F,F,F,F,F,?,100
Ringeltaube,61,2021,2021-05-08,2,0,F,F,T,F,?,F,F,F,F,F,F,?,128
Ringeltaube,61,2021,2021-06-05,6,0,F,T,T,F,?,F,F,F,F,F,F,?,156
Ringeltaube,62,2019,2019-03-19,3,0,F,T,F,F,?,F,F,F,F,F,F,?,78
Ringeltaube,62,2019,2019-04-19,5,0,F,T,F,F,?,F,F,F,F,F,F,?,109
Ringeltaube,62,2019,2019-05-10,2,0,F,T,F,F,?,F,F,F,F,F,F,?,130
Ringeltaube,62,2019,2019-06-15,2,0,F,T,F,F,?,F,F,F,F,F,F,?,166
Ringeltaube,63,2019,2019-03-31,4,0,F,T,F,F,?,F,F,F,F,F,F,?,90
Ringeltaube,63,2019,2019-04-27,9,0,F,T,F,F,?,F,F,F,F,F,F,?,117
Ringeltaube,63,2019,2019-05-18,11,0,F,T,F,F,?,F,F,F,F,F,F,?,138
Ringeltaube,63,2019,2019-06-16,9,0,F,T,F,F,?,F,F,F,F,F,F,?,167
Ringeltaube,63,2021,2021-03-20,1,0,?,?,?,?,?,?,?,?,?,?,?,?,79
Ringeltaube,63,2021,2021-04-10,7,0,?,?,T,?,?,?,?,?,?,?,?,?,100
Ringeltaube,63,2021,2021-05-09,7,0,?,?,T,?,?,?,?,?,?,?,?,?,129
Ringeltaube,63,2021,2021-06-19,6,0,?,T,T,?,?,T,?,?,?,?,?,?,170
Ringeltaube,64,2019,2019-03-30,0,0,NA,NA,NA,NA,NA,NA,NA,NA,NA,NA,NA,NA,89
Ringeltaube,64,2019,2019-04-30,0,0,NA,NA,NA,NA,NA,NA,NA,NA,NA,NA,NA,NA,120
Ringeltaube,64,2019,2019-05-19,4,0,F,T,F,F,?,F,F,F,F,F,F,?,139
Ringeltaube,64,2019,2019-06-15,1,0,F,F,F,F,?,F,F,F,F,F,F,?,166
Ringeltaube,67,2019,2019-03-18,5,0,F,T,F,F,?,F,F,F,F,F,F,?,77
Ringeltaube,67,2019,2019-04-15,7,0,F,T,F,F,?,F,F,F,F,F,F,?,105
Ringeltaube,67,2019,2019-05-02,9,0,F,T,F,F,?,F,F,F,F,F,F,?,122
Ringeltaube,67,2019,2019-05-24,5,0,F,T,F,F,?,F,F,F,F,F,F,?,144
Ringeltaube,67,2020,2020-03-17,6,0,F,T,F,F,?,F,F,F,F,F,F,?,77
Ringeltaube,67,2020,2020-04-15,4,0,F,T,F,F,?,F,F,F,F,F,F,?,106
Ringeltaube,67,2020,2020-05-05,5,0,F,T,F,F,?,F,F,F,F,F,F,?,126
Ringeltaube,67,2020,2020-05-27,8,0,F,T,F,F,?,F,F,F,F,F,F,?,148
Ringeltaube,67,2021,2021-03-22,7,0,F,T,F,F,?,F,F,F,F,F,F,?,81
Ringeltaube,67,2021,2021-04-14,6,0,F,T,F,F,?,F,F,F,F,F,F,?,104
Ringeltaube,67,2021,2021-05-07,8,0,F,T,F,F,?,F,F,F,F,F,F,?,127
Ringeltaube,67,2021,2021-05-27,6,0,F,T,F,F,?,F,F,F,F,F,F,?,147
Ringeltaube,67,2022,2022-03-15,6,0,F,T,F,F,F,F,F,F,F,F,F,?,74
Ringeltaube,67,2022,2022-04-13,10,0,F,T,F,F,F,F,F,F,F,F,F,?,103
Ringeltaube,67,2022,2022-05-03,8,0,F,T,F,F,F,F,F,F,F,F,F,?,123
Ringeltaube,67,2022,2022-06-01,10,0,F,T,F,F,F,F,F,F,F,F,F,?,152
Ringeltaube,67,2023,2023-03-17,4,0,F,T,F,F,F,F,F,F,F,F,F,?,76
Ringeltaube,67,2023,2023-04-17,4,0,F,T,F,F,F,F,F,F,F,F,F,?,107
Ringeltaube,67,2023,2023-05-03,3,0,F,T,F,F,F,F,F,F,F,F,F,?,123
Ringeltaube,67,2023,2023-05-22,14,0,F,T,F,F,F,F,F,F,F,F,F,?,142
Ringeltaube,68,2019,2019-03-19,5,0,F,F,T,F,?,F,F,F,F,F,F,?,78
Ringeltaube,68,2019,2019-04-18,3,0,F,T,F,F,?,F,F,F,F,F,F,?,108
Ringeltaube,68,2019,2019-05-06,3,0,F,F,F,F,?,F,F,F,F,F,F,?,126
Ringeltaube,68,2019,2019-05-29,4,0,F,F,F,F,?,F,F,F,F,F,F,?,149
Ringeltaube,68,2020,2020-03-18,2,0,F,T,F,F,?,F,F,F,F,F,F,?,78
Ringeltaube,68,2020,2020-04-16,5,0,F,T,F,F,?,F,F,F,F,F,F,?,107
Ringeltaube,68,2020,2020-05-07,3,0,F,F,F,F,?,F,F,F,F,F,F,?,128
Ringeltaube,68,2020,2020-05-28,5,0,F,T,F,F,?,F,F,F,F,F,F,?,149
Ringeltaube,68,2021,2021-03-24,3,0,F,T,F,F,?,F,F,F,F,F,F,?,83
Ringeltaube,68,2021,2021-04-16,4,0,F,T,F,F,?,F,F,F,F,F,F,?,106
Ringeltaube,68,2021,2021-05-03,6,0,F,T,F,F,?,F,F,F,F,F,F,?,123
Ringeltaube,68,2021,2021-06-01,4,0,F,T,F,F,?,F,F,F,F,F,F,?,152
Ringeltaube,68,2022,2022-03-21,6,0,F,T,F,F,F,F,F,F,F,F,F,?,80
Ringeltaube,68,2022,2022-04-19,3,0,F,F,F,F,F,F,F,F,F,F,F,?,109
Ringeltaube,68,2022,2022-05-05,7,0,F,T,F,F,F,F,F,F,F,F,F,?,125
Ringeltaube,68,2022,2022-06-03,4,0,F,T,F,F,F,F,F,F,F,F,F,?,154
Ringeltaube,68,2023,2023-03-20,6,0,F,T,F,F,F,F,F,F,F,F,F,?,79
Ringeltaube,68,2023,2023-04-14,1,0,F,F,F,F,F,F,F,F,F,F,F,?,104
Ringeltaube,68,2023,2023-05-04,2,0,F,T,F,F,F,F,F,F,F,F,F,?,124
Ringeltaube,68,2023,2023-06-01,3,0,F,T,F,F,F,F,F,F,F,F,F,?,152
Ringeltaube,69,2019,2019-03-23,4,0,F,T,F,F,?,F,F,F,F,F,F,?,82
Ringeltaube,69,2019,2019-04-28,5,0,F,T,F,F,?,F,F,F,F,F,F,?,118
Ringeltaube,69,2019,2019-05-11,10,0,F,T,F,F,?,F,F,F,F,F,F,?,131
Ringeltaube,69,2019,2019-06-20,8,0,F,T,F,F,?,F,F,F,F,F,F,?,171
Ringeltaube,70,2019,2019-03-29,5,0,F,T,F,F,?,F,F,F,F,F,F,?,88
Ringeltaube,70,2019,2019-04-29,6,0,F,T,F,F,?,F,F,F,F,F,F,?,119
Ringeltaube,70,2019,2019-05-20,5,0,F,T,F,F,?,F,F,F,F,F,F,?,140
Ringeltaube,70,2019,2019-06-14,5,0,F,T,F,F,?,F,F,F,F,F,F,?,165
Ringeltaube,70,2020,2020-03-26,3,0,F,T,F,F,?,F,F,F,F,F,F,?,86
Ringeltaube,70,2020,2020-04-22,5,0,F,T,F,F,?,F,F,F,F,F,F,?,113
Ringeltaube,70,2020,2020-05-15,6,0,F,T,F,F,?,T,F,F,F,F,F,?,136
Ringeltaube,70,2020,2020-06-19,10,0,F,T,F,F,?,F,F,F,F,F,F,?,171
Ringeltaube,70,2021,2021-03-30,4,0,F,T,F,F,?,F,F,F,F,F,F,?,89
Ringeltaube,70,2021,2021-04-27,4,0,F,T,F,F,?,F,F,F,F,F,F,?,117
Ringeltaube,70,2021,2021-05-19,9,0,F,T,F,F,?,F,F,F,F,F,F,?,139
Ringeltaube,70,2021,2021-06-17,6,0,F,T,T,F,?,T,F,F,F,F,F,?,168
Ringeltaube,70,2022,2022-03-29,11,0,F,T,F,F,F,F,F,F,F,F,F,?,88
Ringeltaube,70,2022,2022-04-25,15,0,F,T,F,F,F,F,F,F,F,F,F,?,115
Ringeltaube,70,2022,2022-05-19,8,0,F,T,T,F,F,T,F,F,F,F,F,?,139
Ringeltaube,70,2022,2022-06-20,10,0,F,T,F,F,F,T,F,F,F,F,F,?,171
Ringeltaube,70,2023,2023-03-28,8,0,F,T,F,F,F,F,F,F,F,F,F,?,87
Ringeltaube,70,2023,2023-04-26,8,0,F,T,F,F,F,F,F,F,F,F,F,?,116
Ringeltaube,70,2023,2023-05-19,11,0,F,T,F,F,F,T,F,F,F,F,F,?,139
Ringeltaube,70,2023,2023-06-14,7,0,F,T,F,F,F,F,F,F,F,F,F,?,165
Ringeltaube,71,2019,2019-03-28,4,0,F,T,F,F,?,F,F,F,F,F,F,?,87
Ringeltaube,71,2019,2019-04-26,7,0,F,T,F,F,?,T,F,F,F,F,F,?,116
Ringeltaube,71,2019,2019-05-17,5,0,F,T,F,F,?,F,F,F,F,F,F,?,137
Ringeltaube,71,2019,2019-06-05,5,0,F,T,F,F,?,F,F,F,F,F,F,?,156
Ringeltaube,71,2020,2020-03-24,5,0,F,T,F,F,?,F,F,F,F,F,F,?,84
Ringeltaube,71,2020,2020-04-21,3,0,F,T,F,F,?,F,F,F,F,F,F,?,112
Ringeltaube,71,2020,2020-05-12,3,0,F,T,F,F,?,F,F,F,F,F,F,?,133
Ringeltaube,71,2020,2020-06-03,8,0,F,T,F,F,?,F,F,F,F,F,F,?,155
Ringeltaube,71,2021,2021-03-26,4,0,F,T,F,F,?,F,F,F,F,F,F,?,85
Ringeltaube,71,2021,2021-04-22,8,0,F,T,F,F,?,F,F,F,F,F,F,?,112
Ringeltaube,71,2021,2021-05-14,3,0,F,T,F,F,?,F,F,F,F,F,F,?,134
Ringeltaube,71,2022,2022-03-28,9,0,F,T,F,F,F,F,F,F,F,F,F,?,87
Ringeltaube,71,2022,2022-04-29,13,0,F,T,F,F,F,F,F,F,F,F,F,?,119
Ringeltaube,71,2022,2022-05-11,4,0,F,T,F,F,F,F,F,F,F,F,F,?,131
Ringeltaube,71,2022,2022-06-14,2,0,F,T,F,F,F,F,F,F,F,F,F,?,165
Ringeltaube,71,2023,2023-03-22,6,0,F,T,F,F,F,F,F,F,F,F,F,?,81
Ringeltaube,71,2023,2023-04-21,1,0,F,T,F,F,F,F,F,F,F,F,F,?,111
Ringeltaube,71,2023,2023-05-11,6,0,F,T,F,F,F,F,F,F,F,F,F,?,131
Ringeltaube,71,2023,2023-06-12,34,0,F,T,F,F,F,F,F,F,F,F,F,?,163
Ringeltaube,72,2021,2021-03-24,2,0,F,F,F,F,?,F,F,F,F,F,F,?,83
Ringeltaube,72,2021,2021-04-11,4,0,F,T,F,F,?,F,F,F,F,F,F,?,101
Ringeltaube,72,2021,2021-05-09,11,0,F,T,F,F,?,F,F,F,F,T,F,?,129
Ringeltaube,72,2021,2021-05-30,14,0,F,T,F,F,?,F,F,F,F,F,F,?,150
Ringeltaube,73,2018,2018-03-24,2,0,F,F,T,F,?,F,F,F,F,F,F,?,83
Ringeltaube,73,2018,2018-04-14,5,0,F,T,T,F,?,F,F,F,F,F,F,?,104
Ringeltaube,73,2018,2018-05-12,5,0,F,F,T,F,?,F,F,F,F,F,F,?,132
Ringeltaube,73,2018,2018-06-09,7,0,F,T,F,F,?,F,F,F,F,F,F,?,160
Ringeltaube,73,2020,2020-03-22,8,0,F,F,T,F,?,F,F,F,F,F,F,?,82
Ringeltaube,73,2020,2020-04-11,5,0,F,F,T,F,?,F,F,F,F,F,F,?,102
Ringeltaube,73,2020,2020-05-09,5,0,F,F,T,F,?,F,F,F,F,F,F,?,130
Ringeltaube,73,2020,2020-06-08,3,0,F,F,T,F,?,F,F,F,F,F,F,?,160
Ringeltaube,73,2021,2021-03-27,4,0,F,F,T,F,?,F,F,F,F,F,F,?,86
Ringeltaube,73,2021,2021-04-17,14,0,F,F,T,F,?,F,F,F,F,F,F,?,107
Ringeltaube,73,2021,2021-05-14,6,0,F,T,T,F,?,F,F,F,F,F,F,?,134
Ringeltaube,73,2021,2021-06-04,4,0,F,F,T,F,?,F,F,F,F,F,F,?,155
Ringeltaube,74,2021,2021-03-25,3,0,F,T,F,F,?,F,F,F,F,F,F,?,84
Ringeltaube,74,2021,2021-04-10,9,0,F,T,F,F,?,F,F,F,F,F,F,?,100
Ringeltaube,74,2021,2021-05-10,3,0,F,T,F,F,?,F,F,F,F,F,F,?,130
Ringeltaube,74,2021,2021-06-01,8,0,F,T,F,F,?,F,F,F,T,F,F,?,152
Ringeltaube,75,2019,2019-03-22,2,0,F,T,F,F,?,F,F,F,F,F,F,?,81
Ringeltaube,75,2019,2019-04-23,9,0,F,T,F,F,?,F,F,F,F,F,F,?,113
Ringeltaube,75,2019,2019-05-14,4,0,F,T,F,F,?,F,F,F,F,F,F,?,134
Ringeltaube,75,2019,2019-06-13,5,0,F,T,F,F,?,F,F,F,F,F,F,?,164
Ringeltaube,75,2020,2020-03-19,7,0,F,T,F,F,?,T,F,F,F,F,F,?,79
Ringeltaube,75,2020,2020-04-20,5,0,F,T,F,F,?,F,F,F,F,F,F,?,111
Ringeltaube,75,2020,2020-05-13,9,0,F,T,F,F,?,F,F,F,F,F,F,?,134
Ringeltaube,75,2020,2020-06-17,4,0,F,T,F,F,?,F,F,F,F,F,F,?,169
Ringeltaube,75,2021,2021-03-25,3,0,F,T,F,F,?,F,F,F,F,F,F,?,84
Ringeltaube,75,2021,2021-04-20,10,0,F,T,T,F,?,T,F,F,F,F,F,?,110
Ringeltaube,75,2021,2021-05-10,20,0,F,T,F,F,?,F,F,F,F,F,F,?,130
Ringeltaube,75,2021,2021-06-10,6,0,F,T,F,F,?,F,F,F,F,F,F,?,161
Ringeltaube,75,2022,2022-03-25,4,0,F,T,F,F,F,F,F,F,F,F,F,?,84
Ringeltaube,75,2022,2022-04-21,5,0,F,T,F,F,F,F,F,F,F,F,F,?,111
Ringeltaube,75,2022,2022-05-10,9,0,F,T,F,F,F,T,F,F,F,F,F,?,130
Ringeltaube,75,2022,2022-06-10,13,0,F,T,F,F,F,F,F,F,F,F,F,?,161
Ringeltaube,75,2023,2023-03-21,7,0,F,T,F,F,F,F,F,T,F,F,F,?,80
Ringeltaube,75,2023,2023-04-19,8,0,F,T,F,F,F,F,F,F,F,F,F,?,109
Ringeltaube,75,2023,2023-05-09,8,0,F,T,F,F,F,F,F,F,F,F,F,?,129
Ringeltaube,75,2023,2023-06-07,10,0,F,T,F,F,F,T,F,F,F,F,F,?,158
Ringeltaube,76,2019,2019-03-25,24,0,T,T,F,F,?,F,F,F,F,F,F,?,84
Ringeltaube,76,2019,2019-04-15,1,0,F,F,F,F,?,F,F,F,F,F,F,?,105
Ringeltaube,76,2019,2019-05-06,1,0,F,T,F,F,?,F,F,F,F,F,F,?,126
Ringeltaube,76,2019,2019-06-07,4,0,F,F,F,F,?,F,F,F,F,F,F,?,158
Ringeltaube,76,2020,2020-03-24,9,0,F,T,F,F,F,F,F,F,F,F,F,?,84
Ringeltaube,76,2020,2020-04-17,2,0,F,F,F,F,F,F,F,F,F,F,F,?,108
Ringeltaube,76,2020,2020-05-08,2,0,F,F,F,F,F,F,F,F,F,F,F,?,129
Ringeltaube,76,2020,2020-06-05,3,0,F,T,F,F,F,F,F,F,F,F,F,?,157
Ringeltaube,76,2021,2021-03-26,5,0,F,T,F,F,F,F,F,F,F,F,F,?,85
Ringeltaube,76,2021,2021-04-15,3,0,F,T,F,F,F,F,F,F,F,F,F,?,105
Ringeltaube,76,2021,2021-05-26,5,0,F,T,F,F,F,T,F,F,F,F,F,?,146
Ringeltaube,76,2021,2021-06-15,5,0,F,T,F,F,F,F,F,F,F,F,F,?,166
Ringeltaube,76,2022,2022-03-22,2,0,F,F,F,F,F,F,F,F,F,F,F,?,81
Ringeltaube,76,2022,2022-04-13,2,0,F,T,F,F,F,F,F,F,F,F,F,?,103
Ringeltaube,76,2022,2022-05-03,7,0,F,T,F,F,F,F,F,F,F,F,F,?,123
Ringeltaube,76,2022,2022-06-15,3,0,F,T,F,F,F,T,F,F,F,F,F,?,166
Ringeltaube,76,2023,2023-03-21,3,0,F,T,F,F,F,F,F,F,F,F,F,?,80
Ringeltaube,76,2023,2023-04-18,1,0,F,T,F,F,F,F,F,F,F,F,F,?,108
Ringeltaube,76,2023,2023-05-02,1,0,F,T,F,F,F,F,F,F,F,F,F,?,122
Ringeltaube,76,2023,2023-06-16,2,0,F,T,F,F,F,F,F,F,F,F,F,?,167
Ringeltaube,77,2020,2020-03-18,3,0,F,T,F,F,F,F,F,F,F,F,F,?,78
Ringeltaube,77,2020,2020-04-10,3,0,F,T,F,F,F,F,F,F,F,F,F,?,101
Ringeltaube,77,2020,2020-05-06,8,8,T,T,F,F,F,F,F,F,F,F,F,?,127
Ringeltaube,77,2020,2020-06-02,2,0,F,F,F,F,F,F,F,F,F,F,F,?,154
Ringeltaube,77,2021,2021-03-18,3,0,T,?,?,?,?,?,?,?,?,?,?,?,77
Ringeltaube,77,2021,2021-04-14,3,0,?,T,?,?,?,?,?,?,?,?,?,?,104
Ringeltaube,77,2021,2021-05-14,5,0,?,T,?,?,?,?,?,?,?,?,?,?,134
Ringeltaube,77,2021,2021-06-15,4,0,T,T,?,?,?,?,?,?,?,?,?,?,166
Ringeltaube,77,2022,2022-03-25,54,0,F,T,T,F,F,F,F,F,F,F,F,?,84
Ringeltaube,77,2022,2022-04-19,5,0,T,T,F,F,F,F,F,F,F,F,F,?,109
Ringeltaube,77,2022,2022-05-06,3,0,F,T,F,F,F,F,F,F,F,F,F,?,126
Ringeltaube,77,2022,2022-06-15,2,0,F,T,F,F,F,F,F,F,F,F,F,?,166
Ringeltaube,77,2023,2023-03-23,2,0,F,T,F,F,?,F,F,F,F,F,F,?,82
Ringeltaube,77,2023,2023-04-21,5,0,T,T,F,F,?,F,F,F,F,F,F,?,111
Ringeltaube,77,2023,2023-05-14,3,0,F,T,F,F,?,F,F,F,F,F,F,?,134
Ringeltaube,77,2023,2023-06-16,2,0,F,T,F,F,?,F,F,F,F,F,F,?,167
Ringeltaube,79,2019,2019-03-29,1,0,?,?,?,?,?,?,?,?,?,?,?,?,88
Ringeltaube,79,2019,2019-04-17,3,0,?,T,?,?,?,?,?,?,?,?,?,?,107
Ringeltaube,79,2019,2019-05-09,5,0,?,T,T,?,?,?,?,?,?,?,?,?,129
Ringeltaube,79,2019,2019-05-30,3,0,?,T,T,?,?,?,?,?,?,?,?,?,150
Ringeltaube,79,2020,2020-03-16,1,0,F,T,F,F,?,F,F,F,F,F,F,?,76
Ringeltaube,79,2020,2020-04-13,1,0,F,T,F,F,?,F,F,F,F,F,F,?,104
Ringeltaube,79,2020,2020-05-17,3,0,F,T,F,F,?,F,F,F,F,F,F,?,138
Ringeltaube,79,2020,2020-06-02,0,0,NA,NA,NA,NA,NA,NA,NA,NA,NA,NA,NA,NA,154
Ringeltaube,79,2022,2022-03-16,0,0,NA,NA,NA,NA,NA,NA,NA,NA,NA,NA,NA,NA,75
Ringeltaube,79,2022,2022-04-16,2,0,F,T,F,F,F,F,F,F,F,F,F,?,106
Ringeltaube,79,2022,2022-05-07,2,0,F,T,F,F,F,F,F,F,F,F,F,?,127
Ringeltaube,79,2022,2022-06-02,1,0,F,T,F,F,F,F,F,F,F,F,F,?,153
Ringeltaube,79,2023,2023-03-22,3,0,F,T,F,F,?,F,F,F,F,F,F,?,81
Ringeltaube,79,2023,2023-04-10,3,0,F,T,F,F,?,F,F,F,F,F,F,?,100
Ringeltaube,79,2023,2023-05-06,1,0,F,T,F,F,?,F,F,F,F,F,F,?,126
Ringeltaube,79,2023,2023-05-28,1,0,F,T,F,F,?,F,F,F,F,F,F,?,148
Ringeltaube,80,2020,2020-03-23,2,0,F,T,F,F,F,F,F,F,F,F,F,?,83
Ringeltaube,80,2020,2020-04-14,2,0,F,T,F,F,F,F,F,F,F,F,F,?,105
Ringeltaube,80,2020,2020-05-12,3,0,F,T,F,F,F,F,F,F,F,F,F,?,133
Ringeltaube,80,2020,2020-06-20,5,0,F,T,F,F,F,F,F,F,F,F,F,?,172
Ringeltaube,80,2021,2021-03-10,1,0,?,T,?,?,?,?,?,?,?,?,?,?,69
Ringeltaube,80,2021,2021-04-04,4,0,?,T,?,?,?,?,?,?,?,?,?,?,94
Ringeltaube,80,2021,2021-05-12,2,0,?,T,?,?,?,?,?,?,?,?,?,?,132
Ringeltaube,80,2021,2021-06-09,9,0,?,T,?,?,?,?,?,?,?,?,?,?,160
Ringeltaube,80,2022,2022-03-24,3,0,F,T,F,F,F,F,F,F,F,F,F,?,83
Ringeltaube,80,2022,2022-04-25,7,0,F,T,F,F,F,F,F,F,F,F,F,?,115
Ringeltaube,80,2022,2022-05-14,8,0,F,T,F,F,F,F,F,F,F,F,F,?,134
Ringeltaube,80,2022,2022-06-16,5,0,T,T,F,F,F,F,F,F,F,F,F,?,167
Ringeltaube,80,2023,2023-03-19,4,0,F,T,F,F,?,F,F,F,F,F,F,?,78
Ringeltaube,80,2023,2023-04-17,6,0,F,T,F,F,?,F,F,F,F,F,F,?,107
Ringeltaube,80,2023,2023-05-05,7,0,F,T,F,F,?,F,F,F,F,F,F,?,125
Ringeltaube,80,2023,2023-06-03,4,0,F,T,F,F,?,F,F,F,F,F,F,?,154
Ringeltaube,82,2021,2021-05-29,23,0,F,T,T,F,?,F,?,T,F,F,F,?,149
Ringeltaube,82,2021,2021-06-13,45,0,F,T,T,F,?,T,?,F,F,F,F,?,164
Ringeltaube,83,2018,2018-03-31,7,0,F,T,F,F,?,F,F,F,F,F,F,?,90
Ringeltaube,83,2018,2018-04-28,5,0,F,T,F,F,?,F,F,F,F,F,F,?,118
Ringeltaube,83,2018,2018-05-20,4,0,T,T,F,F,?,F,F,F,F,F,F,?,140
Ringeltaube,83,2018,2018-06-10,4,0,F,T,F,F,?,F,F,F,F,F,F,?,161
Ringeltaube,83,2020,2020-03-15,5,0,F,T,F,F,?,F,F,F,F,F,F,?,75
Ringeltaube,83,2020,2020-04-10,10,0,T,T,F,F,?,F,F,F,F,F,F,?,101
Ringeltaube,83,2020,2020-05-03,9,0,F,T,F,F,?,F,F,F,F,F,F,?,124
Ringeltaube,83,2020,2020-06-24,8,0,F,T,F,F,?,F,F,F,F,F,F,?,176
Ringeltaube,83,2021,2021-03-29,8,0,F,T,F,F,?,F,F,F,T,F,F,?,88
Ringeltaube,83,2021,2021-04-22,1,0,F,T,F,F,?,F,F,F,F,F,F,?,112
Ringeltaube,83,2021,2021-05-10,5,0,F,T,F,F,?,F,F,F,F,F,F,?,130
Ringeltaube,83,2021,2021-06-15,6,0,F,T,F,F,?,F,F,F,F,F,F,?,166
Ringeltaube,86,2020,2020-03-14,1,0,F,T,F,F,F,F,F,F,F,F,F,?,74
Ringeltaube,86,2020,2020-04-13,13,0,F,T,T,F,F,F,F,F,F,F,F,?,104
Ringeltaube,86,2020,2020-05-07,1,0,F,T,F,F,F,F,F,F,F,F,F,?,128
Ringeltaube,86,2020,2020-05-23,3,0,F,T,F,F,F,F,F,F,F,F,F,?,144
Ringeltaube,86,2021,2021-03-18,1,0,?,T,?,?,?,?,?,?,?,?,?,?,77
Ringeltaube,86,2021,2021-04-08,1,0,?,?,?,?,?,T,?,?,?,?,?,?,98
Ringeltaube,86,2021,2021-05-02,11,0,?,T,?,?,?,T,?,?,?,?,?,?,122
Ringeltaube,86,2021,2021-05-25,1,0,?,T,?,?,?,?,?,?,?,?,?,?,145
Ringeltaube,86,2022,2022-03-21,1,0,F,F,F,F,F,F,F,F,F,F,F,?,80
Ringeltaube,86,2022,2022-04-25,1,0,F,T,F,F,F,F,F,F,F,F,F,?,115
Ringeltaube,86,2022,2022-05-09,4,0,F,F,F,F,F,F,F,F,F,F,F,?,129
Ringeltaube,86,2022,2022-06-13,1,0,F,F,F,F,F,F,F,F,F,F,F,?,164
Ringeltaube,86,2023,2023-04-21,0,0,NA,NA,NA,NA,NA,NA,NA,NA,NA,NA,NA,NA,111
Ringeltaube,86,2023,2023-06-12,3,0,F,F,F,F,F,F,F,F,F,F,F,?,163
Ringeltaube,86,2023,2023-03-24,2,0,F,F,F,F,F,F,F,F,F,F,F,?,83
Ringeltaube,86,2023,2023-05-17,0,0,NA,NA,NA,NA,NA,NA,NA,NA,NA,NA,NA,NA,137
Ringeltaube,87,2020,2020-03-14,5,0,F,T,F,F,F,F,F,F,F,F,F,?,74
Ringeltaube,87,2020,2020-04-26,6,6,T,T,F,F,F,F,F,F,F,F,F,?,117
Ringeltaube,87,2020,2020-05-10,3,0,F,T,F,F,F,F,F,F,F,F,F,?,131
Ringeltaube,87,2020,2020-06-01,7,7,T,T,F,F,F,F,F,F,F,F,F,?,153
Ringeltaube,87,2021,2021-03-12,2,0,?,?,?,?,?,?,?,?,?,?,?,?,71
Ringeltaube,87,2021,2021-04-08,5,0,?,T,?,?,?,?,?,?,?,?,?,?,98
Ringeltaube,87,2021,2021-05-08,2,0,?,T,?,?,?,?,?,?,?,?,?,?,128
Ringeltaube,87,2021,2021-06-14,4,0,?,T,?,?,?,?,?,?,?,?,?,?,165
Ringeltaube,87,2022,2022-03-27,3,0,F,T,F,F,F,F,F,F,F,F,F,?,86
Ringeltaube,87,2022,2022-04-20,3,0,F,T,F,F,F,F,F,F,F,F,F,?,110
Ringeltaube,87,2022,2022-05-08,4,0,F,T,F,F,F,F,F,F,F,F,F,?,128
Ringeltaube,87,2022,2022-06-04,5,0,F,T,F,F,F,F,F,F,F,F,F,?,155
Ringeltaube,87,2023,2023-03-20,2,0,F,F,F,F,?,F,F,F,F,F,F,?,79
Ringeltaube,87,2023,2023-04-22,2,0,F,T,F,F,?,F,F,F,F,F,F,?,112
Ringeltaube,87,2023,2023-05-13,2,0,F,T,F,F,?,F,F,F,F,F,F,?,133
Ringeltaube,87,2023,2023-06-04,5,0,T,T,F,F,?,F,F,F,F,F,F,?,155
Ringeltaube,89,2018,2018-03-25,5,0,F,T,F,F,?,F,F,F,F,F,F,?,84
Ringeltaube,89,2018,2018-04-21,9,0,F,T,F,F,?,F,F,F,F,F,F,?,111
Ringeltaube,89,2018,2018-05-12,3,0,F,T,F,F,?,F,F,F,F,F,F,?,132
Ringeltaube,89,2018,2018-06-20,3,0,F,T,F,F,?,F,F,F,F,F,F,?,171
Ringeltaube,89,2020,2020-03-20,5,0,F,T,F,F,?,F,F,F,F,F,F,?,80
Ringeltaube,89,2020,2020-04-18,13,0,F,T,F,F,?,F,F,F,F,F,F,?,109
Ringeltaube,89,2020,2020-05-06,8,0,F,T,F,F,?,T,F,F,F,F,F,?,127
Ringeltaube,89,2020,2020-06-19,5,0,F,T,F,F,?,F,F,F,F,F,F,?,171
Ringeltaube,89,2021,2021-03-28,7,0,?,T,?,?,?,?,?,?,?,?,?,?,87
Ringeltaube,89,2021,2021-04-28,9,0,?,T,?,?,?,T,?,?,?,?,?,?,118
Ringeltaube,89,2021,2021-05-15,7,0,?,T,?,?,?,T,?,?,?,?,?,?,135
Ringeltaube,89,2021,2021-06-20,3,0,?,T,?,?,?,?,?,?,?,?,?,?,171
Ringeltaube,90,2020,2020-03-17,9,0,F,T,F,F,F,T,F,F,F,F,F,?,77
Ringeltaube,90,2020,2020-04-19,11,0,F,T,F,F,F,F,F,F,F,F,F,?,110
Ringeltaube,90,2020,2020-05-06,6,0,F,T,F,F,F,F,F,F,F,F,F,?,127
Ringeltaube,90,2020,2020-05-21,7,0,F,T,F,F,F,T,F,F,F,F,F,?,142
Ringeltaube,90,2021,2021-03-19,14,0,?,T,?,?,?,T,?,?,?,?,?,?,78
Ringeltaube,90,2021,2021-04-13,8,0,?,T,?,?,?,T,?,?,?,?,?,?,103
Ringeltaube,90,2021,2021-05-01,8,0,?,T,?,?,?,?,?,?,?,?,?,?,121
Ringeltaube,90,2021,2021-06-05,6,0,?,T,?,?,?,T,?,?,?,?,?,?,156
Ringeltaube,90,2022,2022-03-21,1,0,F,T,F,F,F,F,F,F,F,F,F,?,80
Ringeltaube,90,2022,2022-04-25,4,0,F,T,F,F,F,F,F,F,F,F,F,?,115
Ringeltaube,90,2022,2022-05-09,2,0,F,T,F,F,F,F,F,F,F,F,F,?,129
Ringeltaube,90,2022,2022-06-13,2,0,F,T,F,F,F,F,F,F,F,F,F,?,164
Ringeltaube,90,2023,2023-03-22,3,0,F,T,F,F,F,F,F,F,F,F,F,?,81
Ringeltaube,90,2023,2023-04-11,1,0,F,T,F,F,F,F,F,F,F,F,F,?,101
Ringeltaube,90,2023,2023-05-17,2,0,F,T,F,F,F,F,F,F,F,F,F,?,137
Ringeltaube,90,2023,2023-06-12,5,0,F,T,F,F,F,F,F,F,F,F,F,?,163
Ringeltaube,91,2018,2018-03-11,3,0,F,F,T,F,?,F,F,F,F,F,F,?,70
Ringeltaube,91,2018,2018-04-15,3,0,F,F,F,F,?,F,F,F,F,F,F,?,105
Ringeltaube,91,2018,2018-05-11,10,0,F,F,F,F,?,F,F,F,F,F,F,?,131
Ringeltaube,91,2018,2018-06-02,6,0,F,F,F,F,?,F,F,F,F,F,F,?,153
Ringeltaube,91,2020,2020-03-24,2,0,F,F,F,F,?,T,F,F,T,F,F,?,84
Ringeltaube,91,2020,2020-04-20,13,0,T,T,F,F,?,T,F,F,F,F,F,?,111
Ringeltaube,91,2020,2020-05-10,4,0,F,T,T,F,?,F,F,F,F,F,F,?,131
Ringeltaube,91,2020,2020-06-14,9,0,F,T,F,F,?,F,F,F,F,F,F,?,166
Ringeltaube,91,2021,2021-03-30,3,0,F,T,?,?,?,?,F,?,?,?,?,?,89
Ringeltaube,91,2021,2021-04-25,5,0,F,T,?,?,?,?,F,?,?,?,?,?,115
Ringeltaube,91,2021,2021-05-14,5,0,F,T,?,?,?,T,F,?,?,?,?,?,134
Ringeltaube,91,2021,2021-06-13,9,0,F,T,?,?,?,?,F,?,?,?,?,?,164
Ringeltaube,92,2020,2020-03-20,0,0,NA,NA,NA,NA,NA,NA,NA,NA,NA,NA,NA,NA,80
Ringeltaube,92,2020,2020-04-26,1,0,F,F,T,F,?,F,F,F,F,F,F,?,117
Ringeltaube,92,2020,2020-05-20,4,0,F,F,F,F,?,F,F,F,F,F,F,?,141
Ringeltaube,92,2020,2020-06-18,2,0,F,F,T,F,?,F,F,F,F,F,F,?,170
Ringeltaube,92,2021,2021-03-22,2,0,F,T,?,?,?,?,F,?,?,?,?,?,81
Ringeltaube,92,2021,2021-04-17,3,0,F,?,?,?,?,?,F,?,?,?,?,?,107
Ringeltaube,92,2021,2021-05-15,1,0,F,T,?,?,?,?,F,?,?,?,?,?,135
Ringeltaube,92,2021,2021-05-31,1,0,F,T,?,?,?,?,F,?,?,?,?,?,151
Ringeltaube,94,2018,2018-03-11,1,0,F,F,F,F,?,F,F,F,F,F,F,?,70
Ringeltaube,94,2018,2018-04-11,6,0,F,T,F,F,?,F,F,F,F,F,F,?,101
Ringeltaube,94,2018,2018-05-06,5,0,F,T,F,F,?,F,F,F,F,F,F,?,126
Ringeltaube,94,2018,2018-05-27,6,0,F,T,F,F,?,F,F,F,F,F,F,?,147
Ringeltaube,94,2020,2020-03-28,36,0,F,T,F,F,?,F,F,F,F,F,F,?,88
Ringeltaube,94,2020,2020-04-19,19,0,T,T,F,F,?,F,F,F,F,F,F,?,110
Ringeltaube,94,2020,2020-05-10,24,0,T,T,F,F,?,F,F,F,F,F,F,?,131
Ringeltaube,94,2020,2020-06-07,33,0,T,T,F,F,?,F,F,F,F,F,F,?,159
Ringeltaube,94,2021,2021-03-21,11,0,F,T,?,?,?,?,F,?,?,?,?,?,80
Ringeltaube,94,2021,2021-04-18,12,0,F,T,?,?,?,?,F,?,?,?,?,?,108
Ringeltaube,94,2021,2021-05-09,15,0,F,T,?,?,?,?,F,?,?,?,?,?,129
Ringeltaube,94,2021,2021-06-13,17,0,F,T,?,?,?,?,F,?,?,?,?,?,164
Ringeltaube,95,2018,2018-03-11,4,0,?,T,F,F,?,F,F,F,F,F,F,?,70
Ringeltaube,95,2018,2018-04-09,4,0,?,T,F,F,?,T,F,F,F,F,F,?,99
Ringeltaube,95,2018,2018-05-04,8,0,?,T,F,F,?,F,F,F,F,F,F,?,124
Ringeltaube,95,2018,2018-05-28,7,0,?,T,F,F,?,T,F,F,F,F,F,?,148
Ringeltaube,95,2020,2020-03-17,10,0,F,T,F,F,?,F,F,F,F,F,F,?,77
Ringeltaube,95,2020,2020-04-10,9,0,F,T,F,F,?,F,F,F,F,F,F,?,101
Ringeltaube,95,2020,2020-05-17,7,0,F,T,F,F,?,T,F,F,F,F,F,?,138
Ringeltaube,95,2020,2020-05-29,8,0,F,T,T,F,?,T,F,F,F,F,F,?,150
Ringeltaube,97,2018,2018-03-24,2,0,F,F,F,F,?,T,F,F,F,F,F,?,83
Ringeltaube,97,2018,2018-04-17,1,0,F,F,F,F,?,T,F,F,F,F,F,?,107
Ringeltaube,97,2018,2018-05-10,3,0,F,F,T,F,?,T,F,F,F,F,F,?,130
Ringeltaube,97,2018,2018-06-10,1,0,F,F,T,F,?,F,F,F,F,F,F,?,161
Ringeltaube,97,2020,2020-03-20,5,0,F,F,T,F,?,F,F,F,F,F,F,?,80
Ringeltaube,97,2020,2020-04-17,6,0,F,T,T,F,?,F,F,F,F,F,F,?,108
Ringeltaube,97,2020,2020-05-11,4,0,F,F,T,F,?,F,F,F,F,F,F,?,132
Ringeltaube,97,2020,2020-06-12,13,0,F,F,T,F,?,F,F,F,F,F,F,?,164
Ringeltaube,97,2021,2021-03-29,20,0,F,F,T,F,?,F,F,F,F,F,F,?,88
Ringeltaube,97,2021,2021-04-20,2,0,F,F,T,F,?,F,F,F,F,F,F,?,110
Ringeltaube,97,2021,2021-05-14,4,0,F,T,T,F,?,T,F,F,F,F,F,?,134
Ringeltaube,97,2021,2021-06-11,6,0,F,F,F,F,?,T,F,F,F,F,F,?,162
Ringeltaube,98,2020,2020-03-15,90,0,F,F,F,F,F,F,F,F,F,F,F,?,75
Ringeltaube,98,2020,2020-04-22,0,0,NA,NA,NA,NA,NA,NA,NA,NA,NA,NA,NA,NA,113
Ringeltaube,98,2020,2020-05-20,0,0,NA,NA,NA,NA,NA,NA,NA,NA,NA,NA,NA,NA,141
Ringeltaube,98,2020,2020-06-17,0,0,NA,NA,NA,NA,NA,NA,NA,NA,NA,NA,NA,NA,169
Ringeltaube,98,2021,2021-03-20,3,0,?,?,?,?,?,?,?,?,?,?,?,?,79
Ringeltaube,98,2021,2021-04-09,3,0,?,T,?,?,?,?,?,?,?,?,?,?,99
Ringeltaube,98,2021,2021-05-03,2,0,?,?,?,?,?,?,?,?,?,?,?,?,123
Ringeltaube,98,2021,2021-06-13,1,0,?,T,?,?,?,?,?,?,?,?,?,?,164
Ringeltaube,98,2022,2022-03-23,0,0,NA,NA,NA,NA,NA,NA,NA,NA,NA,NA,NA,NA,82
Ringeltaube,98,2022,2022-04-13,1,0,F,F,F,F,F,F,F,F,F,F,F,?,103
Ringeltaube,98,2022,2022-05-04,1,0,F,T,F,F,F,F,F,F,F,F,F,?,124
Ringeltaube,98,2022,2022-05-26,0,0,NA,NA,NA,NA,NA,NA,NA,NA,NA,NA,NA,NA,146
Ringeltaube,98,2023,2023-03-28,1,1,T,F,F,F,?,F,F,F,F,F,F,?,87
Ringeltaube,98,2023,2023-04-13,1,0,F,F,F,F,?,F,F,F,F,F,F,?,103
Ringeltaube,98,2023,2023-05-06,1,0,F,T,F,F,?,F,F,F,F,F,F,?,126
Ringeltaube,98,2023,2023-06-09,3,3,T,T,F,F,?,F,F,F,F,F,F,?,160
Ringeltaube,99,2019,2019-03-26,10,0,F,T,F,F,?,F,F,F,F,F,F,?,85
Ringeltaube,99,2019,2019-04-23,7,0,F,F,F,F,?,F,F,F,F,F,F,?,113
Ringeltaube,99,2019,2019-05-07,2,0,F,T,F,F,?,F,F,F,F,F,F,?,127
Ringeltaube,99,2019,2019-06-13,12,0,F,T,F,F,?,F,F,F,F,F,F,?,164
Ringeltaube,99,2020,2020-03-27,67,0,F,T,F,F,F,T,F,F,F,F,F,?,87
Ringeltaube,99,2020,2020-04-24,25,0,F,T,F,F,F,F,F,F,F,F,F,?,115
Ringeltaube,99,2020,2020-05-14,15,0,F,T,F,F,F,T,F,F,F,F,F,?,135
Ringeltaube,99,2020,2020-06-02,4,0,F,T,F,F,F,F,F,F,F,F,F,?,154
Ringeltaube,99,2021,2021-03-18,15,0,F,T,F,F,T,T,F,F,F,F,F,?,77
Ringeltaube,99,2021,2021-04-21,13,0,F,T,F,F,F,F,F,F,F,F,F,?,111
Ringeltaube,99,2021,2021-05-19,8,0,F,T,F,F,F,T,F,F,F,F,F,?,139
Ringeltaube,99,2021,2021-06-08,11,0,F,T,F,F,F,F,F,F,F,F,F,?,159
Ringeltaube,99,2022,2022-03-16,127,0,F,T,F,F,F,T,F,F,F,F,F,?,75
Ringeltaube,99,2022,2022-04-20,5,0,F,T,F,F,F,F,F,F,F,F,F,?,110
Ringeltaube,99,2022,2022-05-12,10,0,F,T,F,F,F,T,F,F,F,F,F,?,132
Ringeltaube,99,2022,2022-06-17,2,0,F,F,F,F,F,F,F,F,F,F,F,?,168
Ringeltaube,99,2023,2023-03-15,6,0,F,F,F,F,F,F,F,F,F,F,F,?,74
Ringeltaube,99,2023,2023-04-19,2,0,F,T,F,F,F,F,F,F,F,F,F,?,109
Ringeltaube,99,2023,2023-05-10,3,0,F,T,F,F,F,F,F,F,F,F,F,?,130
Ringeltaube,99,2023,2023-06-07,4,0,F,T,F,F,F,F,F,F,F,F,F,?,158
Ringeltaube,101,2018,2018-04-01,2,0,F,F,F,F,?,F,F,F,F,F,F,?,91
Ringeltaube,101,2018,2018-04-23,2,0,F,F,F,F,?,F,F,F,F,F,F,?,113
Ringeltaube,101,2018,2018-05-30,5,0,F,T,F,F,F,F,F,F,F,F,F,?,150
Ringeltaube,101,2018,2018-06-29,3,0,F,F,F,F,F,F,F,F,F,F,F,?,180
Ringeltaube,101,2021,2021-03-29,2,0,F,F,F,F,?,F,F,F,F,F,F,?,88
Ringeltaube,101,2021,2021-04-17,5,0,F,T,F,F,?,F,F,F,F,F,F,?,107
Ringeltaube,101,2021,2021-05-15,4,0,F,T,F,F,?,F,F,F,T,F,F,?,135
Ringeltaube,101,2021,2021-06-20,3,0,F,T,F,F,?,F,F,F,F,F,F,?,171
Ringeltaube,102,2019,2019-03-19,9,0,F,T,F,F,?,T,F,F,F,F,F,?,78
Ringeltaube,102,2019,2019-04-19,7,0,F,T,F,F,?,F,F,F,F,F,F,?,109
Ringeltaube,102,2019,2019-05-14,11,0,F,T,F,F,?,T,F,F,F,F,F,?,134
Ringeltaube,102,2019,2019-05-28,4,0,F,T,F,F,?,F,F,F,F,F,F,?,148
Ringeltaube,102,2020,2020-03-19,9,0,F,T,F,F,T,T,F,T,F,F,F,?,79
Ringeltaube,102,2020,2020-04-16,9,0,F,T,F,F,F,F,F,F,F,F,F,?,107
Ringeltaube,102,2020,2020-05-07,15,0,F,T,F,F,F,T,F,F,F,F,F,?,128
Ringeltaube,102,2020,2020-06-17,11,0,F,T,T,F,F,F,F,F,F,F,F,?,169
Ringeltaube,102,2021,2021-03-23,13,0,F,T,F,F,F,T,F,T,F,F,F,?,82
Ringeltaube,102,2021,2021-04-20,18,0,F,T,F,F,F,T,F,T,F,F,F,?,110
Ringeltaube,102,2021,2021-05-14,15,0,F,T,F,F,F,T,F,F,F,F,F,?,134
Ringeltaube,102,2021,2021-06-11,19,0,F,T,F,F,F,T,F,T,F,F,F,?,162
Ringeltaube,102,2022,2022-03-21,6,0,F,T,F,F,F,F,F,F,F,F,F,?,80
Ringeltaube,102,2022,2022-04-22,9,0,F,T,F,F,F,F,F,F,F,F,F,?,112
Ringeltaube,102,2022,2022-05-13,15,0,F,T,F,F,T,T,F,F,F,F,F,?,133
Ringeltaube,102,2022,2022-06-10,9,0,F,T,F,F,F,F,F,F,F,F,F,?,161
Ringeltaube,103,2018,2018-03-30,26,0,F,T,F,F,?,T,T,F,F,F,F,?,89
Ringeltaube,103,2018,2018-04-14,19,0,F,T,F,F,?,T,F,F,F,F,F,?,104
Ringeltaube,103,2018,2018-05-11,20,0,F,T,T,F,?,T,F,F,F,F,F,?,131
Ringeltaube,103,2018,2018-06-16,19,0,T,T,F,F,?,T,F,F,F,F,F,?,167
Ringeltaube,103,2020,2020-03-16,31,0,F,T,F,F,?,T,F,F,F,F,F,?,76
Ringeltaube,103,2020,2020-04-12,33,0,F,T,T,F,?,T,F,F,F,F,F,?,103
Ringeltaube,103,2020,2020-05-18,24,0,T,T,F,F,?,F,F,F,F,F,F,?,139
Ringeltaube,103,2020,2020-06-18,34,0,F,T,T,F,?,F,F,F,F,F,F,?,170
Ringeltaube,103,2021,2021-03-28,36,0,?,T,?,?,?,T,?,?,?,T,?,?,87
Ringeltaube,103,2021,2021-04-25,36,0,?,T,T,?,?,T,?,?,?,T,?,?,115
Ringeltaube,103,2021,2021-05-13,38,0,?,T,?,?,?,?,?,?,?,?,?,?,133
Ringeltaube,103,2021,2021-06-11,36,0,?,T,?,?,?,T,?,?,?,?,?,?,162
Ringeltaube,104,2018,2018-03-15,4,0,F,T,F,F,?,T,F,F,F,F,F,?,74
Ringeltaube,104,2018,2018-04-17,5,0,F,T,F,F,?,F,F,F,F,F,F,?,107
Ringeltaube,104,2018,2018-05-08,3,0,F,T,F,F,?,T,F,F,F,F,F,?,128
Ringeltaube,104,2018,2018-05-31,3,0,F,T,F,F,?,F,F,F,F,F,F,?,151
Ringeltaube,104,2020,2020-03-18,2,0,F,T,F,F,?,F,F,F,F,F,F,?,78
Ringeltaube,104,2020,2020-04-17,4,0,F,T,F,F,?,T,F,F,F,F,F,?,108
Ringeltaube,104,2020,2020-05-19,4,0,F,T,F,F,?,T,F,F,F,F,F,?,140
Ringeltaube,104,2020,2020-06-12,3,0,F,T,F,F,?,F,F,F,F,F,F,?,164
Ringeltaube,104,2021,2021-03-24,4,0,F,T,F,F,?,T,F,F,F,F,F,?,83
Ringeltaube,104,2021,2021-04-23,8,0,F,T,F,F,?,T,F,F,F,F,F,?,113
Ringeltaube,104,2021,2021-05-19,4,0,F,T,F,F,?,T,F,F,F,F,F,?,139
Ringeltaube,104,2021,2021-06-15,4,0,F,T,F,F,?,T,F,F,F,F,F,?,166
Ringeltaube,105,2020,2020-03-16,34,0,F,T,F,F,F,T,F,F,F,T,F,?,76
Ringeltaube,105,2020,2020-04-11,6,0,F,T,F,F,F,F,F,F,F,F,F,?,102
Ringeltaube,105,2020,2020-05-02,3,0,F,T,F,F,F,F,F,F,F,F,F,?,123
Ringeltaube,105,2020,2020-05-31,12,0,T,T,F,F,F,F,F,F,F,F,F,?,152
Ringeltaube,105,2021,2021-03-22,6,0,?,T,?,?,?,?,?,?,?,?,?,?,81
Ringeltaube,105,2021,2021-04-15,6,0,?,T,?,?,?,?,?,?,?,?,?,?,105
Ringeltaube,105,2021,2021-05-09,4,0,?,T,?,?,?,?,?,?,?,?,?,?,129
Ringeltaube,105,2021,2021-06-16,6,0,?,T,?,?,?,?,?,?,?,?,?,?,167
Ringeltaube,105,2022,2022-03-26,21,0,F,T,F,F,F,F,F,F,F,F,F,?,85
Ringeltaube,105,2022,2022-04-21,6,0,F,T,F,F,F,F,F,F,F,F,F,?,111
Ringeltaube,105,2022,2022-05-11,5,0,F,T,F,F,F,F,F,F,F,F,F,?,131
Ringeltaube,105,2022,2022-06-11,4,0,F,T,F,F,F,F,F,F,F,F,F,?,162
Ringeltaube,105,2023,2023-03-25,6,0,F,T,F,F,?,F,F,F,F,F,F,?,84
Ringeltaube,105,2023,2023-04-15,7,0,T,T,F,F,?,F,F,F,F,F,F,?,105
Ringeltaube,105,2023,2023-05-12,2,0,F,T,F,F,?,F,F,F,F,F,F,?,132
Ringeltaube,105,2023,2023-06-12,8,0,T,T,F,F,?,F,F,F,F,F,F,?,163
Ringeltaube,106,2018,2018-03-29,3,0,F,F,F,F,?,F,F,F,F,F,F,?,88
Ringeltaube,106,2018,2018-04-19,1,0,F,F,T,F,?,F,F,F,F,F,F,?,109
Ringeltaube,106,2018,2018-05-20,4,0,F,F,F,F,?,F,F,F,F,F,F,?,140
Ringeltaube,106,2018,2018-06-14,2,0,F,F,T,F,?,F,F,F,F,F,F,?,165
Ringeltaube,106,2021,2021-03-28,18,0,F,T,?,?,?,T,F,T,?,T,?,?,87
Ringeltaube,106,2021,2021-04-26,19,0,F,T,?,?,?,T,F,?,?,?,?,?,116
Ringeltaube,106,2021,2021-05-19,9,0,F,T,?,?,?,T,F,?,?,?,?,?,139
Ringeltaube,106,2021,2021-06-14,6,0,F,T,?,?,?,?,F,?,?,?,?,?,165
Ringeltaube,107,2020,2020-03-22,8,0,F,F,T,F,?,F,F,F,F,F,F,?,82
Ringeltaube,107,2020,2020-04-19,16,0,F,T,F,F,?,F,F,F,F,F,F,?,110
Ringeltaube,107,2020,2020-06-11,14,0,F,T,T,F,?,F,F,F,F,F,F,?,163
Ringeltaube,107,2021,2021-06-13,65,0,F,T,T,F,?,F,?,F,F,F,F,?,164
Ringeltaube,109,2019,2019-03-18,4,0,F,T,F,F,?,F,F,F,F,T,F,?,77
Ringeltaube,109,2019,2019-04-12,6,0,F,T,F,F,?,T,F,F,F,F,F,?,102
Ringeltaube,109,2019,2019-05-02,5,0,F,F,F,F,?,F,T,F,F,F,F,?,122
Ringeltaube,109,2019,2019-05-24,6,0,F,T,F,F,?,T,F,T,F,F,F,?,144
Ringeltaube,109,2020,2020-03-18,27,0,F,T,F,F,T,T,F,F,F,F,F,?,78
Ringeltaube,109,2020,2020-04-15,12,0,F,T,F,F,F,T,F,F,F,F,F,?,106
Ringeltaube,109,2020,2020-05-05,10,0,F,T,F,F,F,T,F,F,F,F,F,?,126
Ringeltaube,109,2020,2020-06-03,9,0,F,T,F,F,F,F,F,F,F,F,F,?,155
Ringeltaube,109,2021,2021-03-22,14,0,F,T,F,F,T,F,F,F,F,F,F,?,81
Ringeltaube,109,2021,2021-04-14,11,0,F,T,F,F,F,T,F,F,F,F,F,?,104
Ringeltaube,109,2021,2021-05-11,11,0,F,T,F,F,F,T,F,F,F,F,F,?,131
Ringeltaube,109,2021,2021-06-09,13,0,F,T,F,F,T,F,F,F,F,F,F,?,160
Ringeltaube,109,2022,2022-03-15,15,0,F,T,F,F,F,F,F,F,F,F,F,?,74
Ringeltaube,109,2022,2022-04-12,13,0,F,T,F,F,F,T,F,T,F,F,F,?,102
Ringeltaube,109,2022,2022-05-02,11,0,F,T,F,F,F,T,F,T,F,F,F,?,122
Ringeltaube,109,2022,2022-06-08,9,0,F,T,F,F,T,F,F,F,F,F,F,?,159
Ringeltaube,110,2020,2020-03-19,1,0,F,T,F,F,?,F,F,F,F,F,F,?,79
Ringeltaube,110,2020,2020-04-18,2,0,F,F,T,F,?,F,F,F,F,F,F,?,109
Ringeltaube,110,2020,2020-05-18,1,0,F,F,T,F,?,F,F,F,F,F,F,?,139
Ringeltaube,110,2020,2020-06-18,1,0,F,F,T,F,?,F,F,F,F,F,F,?,170
Ringeltaube,111,2018,2018-03-25,3,0,F,F,F,F,?,F,F,F,F,F,F,?,84
Ringeltaube,111,2018,2018-04-07,5,0,F,T,F,F,?,F,F,F,F,F,F,?,97
Ringeltaube,111,2018,2018-05-09,2,0,F,F,F,F,?,F,F,F,F,F,F,?,129
Ringeltaube,111,2018,2018-06-03,4,0,F,F,F,F,?,F,F,F,F,F,F,?,154
Ringeltaube,111,2020,2020-03-16,6,0,F,F,F,F,?,F,F,F,F,F,F,?,76
Ringeltaube,111,2020,2020-04-11,9,0,F,F,F,F,?,F,F,F,F,F,F,?,102
Ringeltaube,111,2020,2020-05-08,3,0,F,F,F,F,?,F,F,F,F,F,F,?,129
Ringeltaube,111,2020,2020-05-31,4,0,F,F,F,F,?,F,F,F,F,F,F,?,152
Ringeltaube,111,2021,2021-03-26,10,0,F,F,F,F,?,F,?,F,F,F,F,?,85
Ringeltaube,111,2021,2021-04-11,6,0,F,F,F,F,?,F,?,F,F,F,F,?,101
Ringeltaube,111,2021,2021-05-14,4,0,F,F,F,F,?,F,?,F,F,F,F,?,134
Ringeltaube,111,2021,2021-05-29,9,0,F,F,F,F,?,F,?,F,F,F,F,?,149
Ringeltaube,115,2018,2018-03-25,7,0,F,T,F,F,?,F,F,F,F,F,F,?,84
Ringeltaube,115,2018,2018-04-08,2,0,F,F,F,F,?,F,F,F,F,F,F,?,98
Ringeltaube,115,2018,2018-05-12,3,0,F,T,F,F,?,F,F,F,F,F,F,?,132
Ringeltaube,115,2018,2018-05-27,3,0,F,T,F,F,?,F,F,F,F,F,F,?,147
Ringeltaube,115,2020,2020-03-15,4,0,F,T,F,F,?,F,F,F,F,F,F,?,75
Ringeltaube,115,2020,2020-04-19,5,0,F,T,F,F,?,F,F,F,F,F,F,?,110
Ringeltaube,115,2020,2020-05-10,2,0,F,T,F,F,?,F,F,F,F,F,F,?,131
Ringeltaube,115,2020,2020-06-13,4,0,F,T,F,F,?,F,F,F,F,F,F,?,165
Ringeltaube,115,2021,2021-03-21,6,0,F,T,?,?,?,?,F,?,?,?,?,?,80
Ringeltaube,115,2021,2021-04-18,7,0,F,T,?,?,?,?,F,?,?,?,?,?,108
Ringeltaube,115,2021,2021-05-09,7,0,F,T,?,?,?,?,F,?,?,?,?,?,129
Ringeltaube,115,2021,2021-05-30,5,0,F,T,?,?,?,?,F,?,?,?,?,?,150
Ringeltaube,116,2020,2020-03-13,7,0,F,T,F,F,?,F,F,F,F,F,F,?,73
Ringeltaube,116,2020,2020-04-01,18,0,F,T,F,F,?,F,F,T,F,F,F,?,92
Ringeltaube,116,2020,2020-05-08,7,0,F,T,F,F,?,F,F,F,F,F,F,?,129
Ringeltaube,116,2020,2020-05-29,13,0,F,T,F,F,?,F,F,T,F,T,F,?,150
Ringeltaube,116,2021,2020-03-20,18,0,F,T,F,F,?,F,?,F,F,F,F,?,80
Ringeltaube,116,2021,2020-04-09,0,0,NA,NA,NA,NA,NA,NA,NA,NA,NA,NA,NA,NA,100
Ringeltaube,116,2021,2021-04-09,7,0,F,T,F,F,?,F,?,F,F,F,F,?,99
Ringeltaube,116,2021,2021-05-11,9,0,F,T,F,F,?,F,?,F,F,F,F,?,131
Ringeltaube,116,2021,2021-05-27,7,0,F,T,F,F,?,F,?,F,F,F,F,?,147
Ringeltaube,117,2018,2018-04-21,0,0,NA,NA,NA,NA,NA,NA,NA,NA,NA,NA,NA,NA,111
Ringeltaube,117,2018,2018-06-04,1,0,F,T,F,F,?,F,F,F,F,F,F,?,155
Ringeltaube,117,2018,2018-03-28,0,0,NA,NA,NA,NA,NA,NA,NA,NA,NA,NA,NA,NA,87
Ringeltaube,117,2018,2018-05-21,0,0,NA,NA,NA,NA,NA,NA,NA,NA,NA,NA,NA,NA,141
Ringeltaube,117,2021,2021-03-20,1,0,F,T,?,?,?,?,F,?,?,?,?,?,79
Ringeltaube,117,2021,2021-04-30,3,0,F,?,?,?,?,T,F,?,?,?,?,?,120
Ringeltaube,117,2021,2021-05-21,0,0,NA,NA,NA,NA,NA,NA,NA,NA,NA,NA,NA,NA,141
Ringeltaube,117,2021,2021-06-15,0,0,NA,NA,NA,NA,NA,NA,NA,NA,NA,NA,NA,NA,166
Ringeltaube,118,2018,2018-03-10,2,0,F,F,F,F,?,F,F,F,F,F,F,?,69
Ringeltaube,118,2018,2018-04-02,13,0,F,T,F,F,?,F,F,F,F,F,F,?,92
Ringeltaube,118,2018,2018-05-01,3,0,F,T,F,F,?,F,F,F,F,F,F,?,121
Ringeltaube,118,2018,2018-05-21,1,0,F,T,F,F,?,F,F,F,F,F,F,?,141
Ringeltaube,118,2020,2020-03-15,2,0,F,T,F,F,?,F,F,F,F,F,F,?,75
Ringeltaube,118,2020,2020-04-04,5,0,F,T,F,F,?,F,F,T,F,F,F,?,95
Ringeltaube,118,2020,2020-05-02,3,0,F,T,F,F,?,F,F,F,F,F,F,?,123
Ringeltaube,118,2020,2020-06-13,4,0,F,T,F,F,?,F,F,F,F,F,F,?,165
Ringeltaube,118,2021,2021-06-13,12,0,F,T,F,F,?,T,?,F,F,F,F,?,164
Ringeltaube,119,2018,2018-03-21,6,0,F,T,F,F,?,F,F,F,F,F,F,?,80
Ringeltaube,119,2018,2018-04-25,5,0,F,T,F,F,?,F,F,F,F,F,F,?,115
Ringeltaube,119,2018,2018-05-12,5,0,F,T,F,F,?,T,F,F,F,F,F,?,132
Ringeltaube,119,2018,2018-06-17,4,0,F,T,F,F,?,F,F,F,F,F,F,?,168
Ringeltaube,119,2021,2021-03-28,15,0,F,T,F,F,?,F,F,F,F,F,F,?,87
Ringeltaube,119,2021,2021-04-24,10,0,F,T,F,F,?,F,F,F,F,F,F,?,114
Ringeltaube,119,2021,2021-05-15,12,0,F,T,F,F,?,T,F,F,F,F,F,?,135
Ringeltaube,119,2021,2021-06-14,8,0,F,T,F,F,?,F,F,F,F,F,F,?,165
Ringeltaube,120,2018,2018-03-17,6,0,F,F,T,F,?,F,F,F,F,F,F,?,76
Ringeltaube,120,2018,2018-04-15,4,0,F,T,T,F,?,F,F,F,F,F,F,?,105
Ringeltaube,120,2018,2018-05-05,6,0,F,F,T,F,?,F,F,F,F,F,F,?,125
Ringeltaube,120,2018,2018-06-10,3,0,F,F,T,F,?,F,F,F,F,F,F,?,161
Ringeltaube,120,2020,2020-03-15,31,0,F,T,T,F,?,F,F,F,F,F,F,?,75
Ringeltaube,120,2020,2020-04-18,4,0,F,T,T,F,?,F,F,F,F,F,F,?,109
Ringeltaube,120,2020,2020-05-17,8,0,F,F,T,F,?,F,F,F,F,F,F,?,138
Ringeltaube,120,2020,2020-06-14,3,0,F,F,T,F,?,F,F,F,F,F,F,?,166
Ringeltaube,120,2021,2021-03-28,1,0,F,F,T,F,?,F,F,F,F,F,F,?,87
Ringeltaube,120,2021,2021-04-18,11,0,F,F,T,F,?,F,F,F,F,F,F,?,108
Ringeltaube,120,2021,2021-05-09,8,0,F,F,T,F,?,F,F,F,F,F,F,?,129
Ringeltaube,120,2021,2021-05-30,8,0,F,F,T,F,?,F,F,F,F,F,F,?,150
Ringeltaube,121,2018,2018-03-14,2,0,F,T,F,F,?,F,F,F,F,F,F,?,73
Ringeltaube,121,2018,2018-04-04,13,0,F,T,F,F,?,T,F,F,F,F,F,?,94
Ringeltaube,121,2018,2018-05-09,4,0,F,T,F,F,?,F,F,F,F,F,F,?,129
Ringeltaube,121,2018,2018-05-13,3,0,F,T,F,F,?,F,F,F,F,F,F,?,133
Ringeltaube,121,2021,2021-03-30,7,0,F,T,F,F,?,F,F,F,F,F,F,?,89
Ringeltaube,121,2021,2021-04-17,8,0,F,T,F,F,?,F,F,F,F,F,F,?,107
Ringeltaube,121,2021,2021-05-14,8,0,F,T,F,F,?,F,F,F,F,F,F,?,134
Ringeltaube,121,2021,2021-06-15,1,0,F,T,F,F,?,F,F,F,F,F,F,?,166
Ringeltaube,122,2018,2018-03-19,7,0,F,F,F,F,?,F,F,F,F,F,F,?,78
Ringeltaube,122,2018,2018-04-17,6,0,F,F,T,F,?,F,F,F,F,F,F,?,107
Ringeltaube,122,2018,2018-05-19,5,0,F,F,T,F,?,F,F,F,F,F,F,?,139
Ringeltaube,122,2018,2018-06-13,3,0,F,F,T,F,?,F,F,F,F,F,F,?,164
Ringeltaube,122,2020,2020-03-14,11,0,F,T,F,F,?,F,F,F,F,F,F,?,74
Ringeltaube,122,2020,2020-04-25,7,0,F,F,T,F,?,F,F,F,F,F,F,?,116
Ringeltaube,122,2020,2020-05-19,5,0,F,F,T,F,?,F,F,F,F,F,F,?,140
Ringeltaube,122,2020,2020-06-20,3,0,F,F,T,F,?,F,F,F,F,F,F,?,172
Ringeltaube,122,2021,2021-03-21,9,0,F,T,?,?,?,?,F,?,?,?,?,?,80
Ringeltaube,122,2021,2021-04-18,4,0,F,T,?,?,?,?,F,?,?,?,?,?,108
Ringeltaube,122,2021,2021-05-13,10,0,F,T,?,?,?,?,F,?,?,?,?,?,133
Ringeltaube,122,2021,2021-05-30,9,0,F,T,?,?,?,?,F,?,?,?,?,?,150
Ringeltaube,123,2018,2018-03-21,10,0,F,F,F,F,?,F,F,F,F,F,F,?,80
Ringeltaube,123,2018,2018-04-18,7,0,F,T,F,F,?,F,F,F,F,F,F,?,108
Ringeltaube,123,2018,2018-05-09,6,0,F,T,F,F,?,F,F,F,F,F,F,?,129
Ringeltaube,123,2018,2018-06-06,8,0,F,T,F,F,?,F,F,F,F,F,F,?,157
Ringeltaube,123,2020,2020-03-18,4,0,F,T,F,F,?,F,F,F,F,F,F,?,78
Ringeltaube,123,2020,2020-04-19,8,0,F,T,F,F,?,T,F,F,F,F,F,?,110
Ringeltaube,123,2020,2020-05-08,0,0,NA,NA,NA,NA,NA,NA,NA,NA,NA,NA,NA,NA,129
Ringeltaube,123,2020,2020-06-08,5,0,F,T,F,F,?,F,F,F,F,F,F,?,160
Ringeltaube,123,2021,2021-03-24,3,0,F,T,?,?,?,?,F,?,?,?,?,?,83
Ringeltaube,123,2021,2021-04-18,8,0,F,T,?,?,?,?,F,?,?,?,?,?,108
Ringeltaube,123,2021,2021-05-09,3,0,F,T,?,?,?,?,F,?,?,?,?,?,129
Ringeltaube,123,2021,2021-06-05,10,0,F,T,?,?,?,T,F,?,?,?,?,?,156
Ringeltaube,125,2018,2018-03-24,8,0,?,T,F,F,?,F,F,F,F,F,F,?,83
Ringeltaube,125,2018,2018-04-30,12,0,?,T,F,F,?,F,F,F,F,F,F,?,120
Ringeltaube,125,2018,2018-05-20,6,0,?,T,F,F,?,F,F,F,F,F,F,?,140
Ringeltaube,125,2018,2018-06-25,7,0,?,T,F,F,?,F,F,F,F,F,F,?,176
Ringeltaube,127,2018,2018-03-12,1,0,?,T,F,F,?,F,F,F,F,F,F,?,71
Ringeltaube,127,2018,2018-04-03,6,0,?,T,F,F,?,F,F,F,F,F,F,?,93
Ringeltaube,127,2018,2018-05-07,3,0,?,T,F,F,?,F,F,F,F,F,F,?,127
Ringeltaube,127,2018,2018-05-31,5,0,?,T,F,F,?,T,F,F,F,F,F,?,151
Ringeltaube,127,2020,2020-03-19,8,0,F,T,F,F,?,F,F,F,F,F,F,?,79
Ringeltaube,127,2020,2020-04-08,6,0,F,T,F,F,?,F,F,F,F,F,F,?,99
Ringeltaube,127,2020,2020-05-19,4,0,F,T,F,F,?,F,F,F,F,F,F,?,140
Ringeltaube,127,2020,2020-06-03,10,0,F,T,F,F,?,F,F,F,F,F,F,?,155
Ringeltaube,127,2021,2021-05-03,7,0,F,T,F,F,?,T,F,F,F,F,F,?,123
Ringeltaube,127,2021,2021-05-27,4,0,?,?,T,?,?,?,?,?,?,?,?,?,147
Ringeltaube,128,2021,2021-03-29,2,0,F,T,?,?,?,?,F,?,?,?,?,?,88
Ringeltaube,128,2021,2021-04-24,7,0,F,T,?,?,?,?,F,?,?,?,?,?,114
Ringeltaube,128,2021,2021-05-15,7,0,F,T,?,?,?,?,F,?,?,?,?,?,135
Ringeltaube,128,2021,2021-06-15,1,0,F,T,?,?,?,?,F,?,?,?,?,?,166
Ringeltaube,131,2018,2018-03-11,1,0,F,F,F,F,?,F,F,F,F,F,F,?,70
Ringeltaube,131,2018,2018-04-15,1,0,F,T,F,F,?,F,F,F,F,F,F,?,105
Ringeltaube,131,2018,2018-05-21,0,0,NA,NA,NA,NA,NA,NA,NA,NA,NA,NA,NA,NA,141
Ringeltaube,131,2018,2018-06-09,1,0,F,T,F,F,?,F,F,F,F,F,F,?,160
Ringeltaube,131,2020,2020-03-24,1,0,F,F,F,F,?,T,F,F,F,F,F,?,84
Ringeltaube,131,2020,2020-04-12,1,0,F,T,F,F,?,F,F,F,F,F,F,?,103
Ringeltaube,131,2020,2020-05-08,3,0,F,T,F,F,?,F,F,F,F,F,F,?,129
Ringeltaube,131,2020,2020-06-17,1,0,F,T,F,F,?,F,F,F,F,F,F,?,169
Ringeltaube,131,2021,2021-03-24,1,0,F,T,F,F,?,T,?,F,F,F,F,?,83
Ringeltaube,131,2021,2021-04-25,1,0,F,T,F,F,?,F,?,F,F,F,F,?,115
Ringeltaube,131,2021,2021-05-09,2,0,F,T,F,F,?,F,?,F,F,F,F,?,129
Ringeltaube,131,2021,2021-06-13,3,0,F,T,F,F,?,F,T,F,F,F,F,?,164
Ringeltaube,133,2019,2019-03-23,3,0,?,T,?,?,?,?,?,?,?,?,?,?,82
Ringeltaube,133,2019,2019-04-11,9,0,?,T,?,?,?,?,?,?,?,?,?,?,101
Ringeltaube,133,2019,2019-05-16,5,0,?,T,?,?,?,?,?,?,?,?,?,?,136
Ringeltaube,133,2019,2019-06-10,4,0,?,T,T,?,?,?,?,?,?,?,?,?,161
Ringeltaube,133,2020,2020-03-15,14,0,F,T,F,F,?,F,F,F,F,F,F,?,75
Ringeltaube,133,2020,2020-05-09,9,0,F,T,F,F,?,F,F,F,F,F,F,?,130
Ringeltaube,133,2020,2020-06-01,6,0,F,T,F,F,?,F,F,F,F,F,F,?,153
Ringeltaube,133,2020,2020-05-04,0,0,NA,NA,NA,NA,NA,NA,NA,NA,NA,NA,NA,NA,125
Ringeltaube,133,2022,2022-03-13,2,0,F,T,F,F,F,F,F,F,F,F,F,?,72
Ringeltaube,133,2022,2022-04-03,3,0,F,T,F,F,F,F,F,F,F,F,F,?,93
Ringeltaube,133,2022,2022-05-09,10,0,F,T,F,F,F,F,F,F,F,F,F,?,129
Ringeltaube,133,2022,2022-06-14,2,0,F,T,F,F,F,F,F,F,F,F,F,?,165
Ringeltaube,133,2022,2022-03-24,0,0,NA,NA,NA,NA,NA,NA,NA,NA,NA,NA,NA,NA,83
Ringeltaube,133,2023,2023-03-17,3,0,F,T,F,F,?,F,F,F,F,F,F,?,76
Ringeltaube,133,2023,2023-04-27,6,0,F,T,F,F,?,F,F,F,F,F,F,?,117
Ringeltaube,133,2023,2023-05-12,8,0,F,T,F,F,?,F,F,F,F,F,F,?,132
Ringeltaube,133,2023,2023-05-29,1,0,F,T,F,F,?,F,F,F,F,F,F,?,149
Ringeltaube,134,2018,2018-03-24,3,0,F,F,F,F,?,F,F,F,F,F,F,?,83
Ringeltaube,134,2018,2018-04-21,3,0,F,F,F,F,F,F,F,F,F,F,F,?,111
Ringeltaube,134,2018,2018-05-05,2,0,F,T,F,F,F,F,F,F,F,F,F,?,125
Ringeltaube,134,2018,2018-05-27,6,0,F,T,F,F,F,F,F,F,F,F,F,?,147
Ringeltaube,134,2020,2020-03-28,1,0,F,F,F,F,?,F,F,F,F,F,F,?,88
Ringeltaube,134,2020,2020-04-19,7,0,F,F,F,F,?,F,F,F,F,F,F,?,110
Ringeltaube,134,2020,2020-05-12,3,0,F,T,F,F,?,F,F,F,F,F,F,?,133
Ringeltaube,134,2020,2020-06-13,2,0,F,F,F,F,?,F,F,F,F,F,F,?,165
Ringeltaube,134,2021,2021-06-13,17,0,F,T,T,F,?,F,?,F,F,F,F,?,164
Ringeltaube,135,2019,2019-03-19,1,0,?,?,T,?,?,?,?,?,?,?,?,?,78
Ringeltaube,135,2019,2019-04-12,1,0,?,T,?,?,?,?,?,?,?,?,?,?,102
Ringeltaube,135,2019,2019-05-05,1,0,?,T,?,?,?,?,?,?,?,?,?,?,125
Ringeltaube,135,2019,2019-06-08,2,0,?,T,?,?,?,?,?,?,?,?,?,?,159
Ringeltaube,135,2020,2020-03-18,0,0,NA,NA,NA,NA,NA,NA,NA,NA,NA,NA,NA,NA,78
Ringeltaube,135,2020,2020-04-10,0,0,NA,NA,NA,NA,NA,NA,NA,NA,NA,NA,NA,NA,101
Ringeltaube,135,2020,2020-05-07,1,0,F,T,F,F,?,F,F,F,F,F,F,?,128
Ringeltaube,135,2020,2020-05-30,0,0,NA,NA,NA,NA,NA,NA,NA,NA,NA,NA,NA,NA,151
Ringeltaube,135,2020,2020-05-17,0,0,NA,NA,NA,NA,NA,NA,NA,NA,NA,NA,NA,NA,138
Ringeltaube,135,2022,2022-03-24,1,0,F,T,F,F,F,F,F,F,F,F,F,?,83
Ringeltaube,135,2022,2022-04-30,0,0,NA,NA,NA,NA,NA,NA,NA,NA,NA,NA,NA,NA,120
Ringeltaube,135,2022,2022-05-18,1,0,F,T,F,F,F,F,F,F,F,F,F,?,138
Ringeltaube,135,2022,2022-06-13,1,0,F,T,F,F,F,F,F,F,F,F,F,?,164
Ringeltaube,135,2023,2023-03-18,1,0,F,T,F,F,?,F,F,F,F,F,F,?,77
Ringeltaube,135,2023,2023-04-20,0,0,NA,NA,NA,NA,NA,NA,NA,NA,NA,NA,NA,NA,110
Ringeltaube,135,2023,2023-05-07,1,0,F,T,F,F,?,F,F,F,F,F,F,?,127
Ringeltaube,135,2023,2023-06-11,0,0,NA,NA,NA,NA,NA,NA,NA,NA,NA,NA,NA,NA,162
Ringeltaube,136,2018,2018-03-30,7,0,F,T,F,F,?,F,F,F,F,F,F,?,89
Ringeltaube,136,2018,2018-04-23,2,0,F,T,F,F,?,F,F,F,F,F,F,?,113
Ringeltaube,136,2018,2018-05-19,2,0,F,T,F,F,?,F,F,F,F,F,F,?,139
Ringeltaube,136,2018,2018-06-08,5,0,F,T,F,F,?,F,F,F,F,F,F,?,159
Ringeltaube,136,2020,2020-03-19,4,0,F,T,F,F,?,F,F,F,F,F,F,?,79
Ringeltaube,136,2020,2020-04-26,5,0,F,T,F,F,?,F,F,F,F,F,F,?,117
Ringeltaube,136,2020,2020-05-17,5,0,F,T,F,F,?,F,F,F,F,F,F,?,138
Ringeltaube,136,2020,2020-06-13,6,0,F,T,F,F,?,F,F,F,F,F,F,?,165
Ringeltaube,136,2021,2021-03-21,8,0,F,T,F,F,?,F,?,F,F,F,F,?,80
Ringeltaube,136,2021,2021-04-26,4,0,F,T,F,F,?,F,?,F,F,F,F,?,116
Ringeltaube,136,2021,2021-05-10,3,0,F,T,F,F,?,F,?,F,F,F,F,?,130
Ringeltaube,136,2021,2021-06-18,5,0,F,T,F,F,?,F,?,F,F,F,F,?,169
Ringeltaube,137,2021,2021-03-28,2,0,?,T,?,?,?,?,?,?,?,?,?,?,87
Ringeltaube,137,2021,2021-04-24,7,0,?,T,T,?,?,?,?,?,?,?,?,?,114
Ringeltaube,137,2021,2021-05-14,3,0,?,T,?,?,?,?,?,?,?,?,?,?,134
Ringeltaube,137,2021,2021-06-20,0,0,NA,NA,NA,NA,NA,NA,NA,NA,NA,NA,NA,NA,171
Ringeltaube,138,2020,2020-03-20,0,0,NA,NA,NA,NA,NA,NA,NA,NA,NA,NA,NA,NA,80
Ringeltaube,138,2020,2020-04-25,2,0,F,F,F,F,?,F,F,F,F,F,F,?,116
Ringeltaube,138,2020,2020-05-16,2,0,F,T,F,F,?,F,F,F,F,F,F,?,137
Ringeltaube,138,2020,2020-06-13,2,0,F,T,T,F,?,F,F,F,F,F,F,?,165
Ringeltaube,138,2021,2021-03-29,6,0,F,F,T,F,?,F,F,F,F,F,F,?,88
Ringeltaube,138,2021,2021-05-14,1,0,F,F,T,F,?,F,F,F,F,F,F,?,134
Ringeltaube,138,2021,2021-06-14,2,0,F,F,T,F,?,F,F,F,F,F,F,?,165
Ringeltaube,139,2018,2018-03-22,5,0,F,T,F,F,?,F,F,F,F,F,F,?,81
Ringeltaube,139,2018,2018-04-27,6,0,F,T,F,F,?,F,F,F,F,F,F,?,117
Ringeltaube,139,2018,2018-05-13,9,0,F,T,F,F,?,F,F,F,F,F,F,?,133
Ringeltaube,139,2018,2018-06-06,7,0,F,T,F,F,?,F,F,F,F,F,F,?,157
Ringeltaube,139,2020,2020-03-31,7,0,F,T,F,F,?,F,F,F,F,F,F,?,91
Ringeltaube,139,2020,2020-04-26,11,0,F,T,F,F,?,F,F,F,F,F,F,?,117
Ringeltaube,139,2020,2020-05-11,9,0,F,T,F,F,?,F,F,F,F,F,F,?,132
Ringeltaube,139,2020,2020-06-01,7,0,F,T,F,F,?,F,F,F,F,F,F,?,153
Ringeltaube,139,2021,2021-03-29,4,0,F,T,F,F,?,F,F,F,F,F,F,?,88
Ringeltaube,139,2021,2021-04-28,11,0,F,T,F,F,T,F,F,F,F,F,F,?,118
Ringeltaube,139,2021,2021-05-21,10,0,F,T,F,F,?,F,F,F,F,F,F,?,141
Ringeltaube,139,2021,2021-06-20,8,0,F,T,F,F,?,F,F,F,F,F,F,?,171
Ringeltaube,140,2018,2018-03-15,6,0,F,T,F,F,?,F,F,F,F,F,F,?,74
Ringeltaube,140,2018,2018-04-06,6,0,F,T,F,F,?,F,F,F,F,F,F,?,96
Ringeltaube,140,2018,2018-05-04,8,0,F,T,F,F,?,F,F,F,F,F,F,?,124
Ringeltaube,140,2018,2018-05-26,3,0,F,T,F,F,?,F,F,F,F,F,F,?,146
Ringeltaube,140,2020,2020-03-14,10,0,F,T,F,F,?,F,F,F,F,F,F,?,74
Ringeltaube,140,2020,2020-04-05,8,0,F,T,F,F,?,F,F,F,F,F,F,?,96
Ringeltaube,140,2020,2020-05-08,6,0,F,T,F,F,?,F,F,F,F,F,F,?,129
Ringeltaube,140,2020,2020-05-21,5,0,F,T,F,F,?,F,F,F,F,F,F,?,142
Ringeltaube,140,2021,2021-06-13,46,0,F,T,T,F,?,F,?,F,F,F,F,?,164
Ringeltaube,141,2018,2018-03-30,6,0,F,T,F,F,?,F,F,F,F,F,F,?,89
Ringeltaube,141,2018,2018-04-15,10,0,F,T,T,T,?,F,F,F,F,F,F,?,105
Ringeltaube,141,2018,2018-05-10,12,0,F,T,T,F,?,F,F,F,F,F,F,?,130
Ringeltaube,141,2018,2018-06-02,10,0,F,T,T,F,?,F,F,F,F,F,F,?,153
Ringeltaube,141,2018,2019-05-10,1,0,F,T,F,F,?,F,F,F,F,F,F,?,130
Ringeltaube,141,2018,2019-04-15,0,0,NA,NA,NA,NA,NA,NA,NA,NA,NA,NA,NA,NA,105
Ringeltaube,141,2020,2020-03-22,4,0,F,T,F,F,?,F,F,F,F,F,F,?,82
Ringeltaube,141,2020,2020-04-20,3,0,F,T,F,F,?,F,F,F,F,F,F,?,111
Ringeltaube,141,2020,2020-05-16,5,0,F,T,F,F,?,F,F,F,F,F,F,?,137
Ringeltaube,141,2020,2020-06-11,3,0,F,T,F,F,?,F,F,F,F,F,F,?,163
Ringeltaube,141,2021,2021-03-26,2,0,F,T,F,F,?,F,?,F,F,F,F,?,85
Ringeltaube,141,2021,2021-04-23,3,0,F,T,F,F,?,T,?,F,F,F,F,?,113
Ringeltaube,141,2021,2021-05-13,10,0,F,T,T,F,?,F,?,F,F,F,F,?,133
Ringeltaube,141,2021,2021-05-25,6,0,F,T,F,F,?,F,?,F,F,F,F,?,145
Ringeltaube,142,2019,2019-03-28,6,0,?,T,?,?,?,?,?,?,?,?,?,?,87
Ringeltaube,142,2019,2019-04-06,6,0,?,T,?,?,?,?,?,?,?,?,?,?,96
Ringeltaube,142,2019,2019-05-09,4,0,?,T,?,?,?,T,?,?,?,?,?,?,129
Ringeltaube,142,2019,2019-06-07,5,0,?,T,?,?,?,?,?,?,?,?,?,?,158
Ringeltaube,142,2020,2020-03-23,4,0,F,T,F,F,?,F,F,F,F,F,F,?,83
Ringeltaube,142,2020,2020-04-23,5,0,F,T,F,F,?,F,F,F,F,F,F,?,114
Ringeltaube,142,2020,2020-05-09,9,0,F,T,T,F,?,F,F,F,F,F,F,?,130
Ringeltaube,142,2020,2020-06-17,5,0,F,T,T,F,?,F,F,F,F,F,F,?,169
Ringeltaube,142,2021,2021-03-20,5,0,F,T,F,F,?,F,F,F,F,F,F,?,79
Ringeltaube,142,2021,2021-04-10,6,0,F,F,T,F,?,F,F,F,F,F,F,?,100
Ringeltaube,142,2021,2021-05-08,5,0,F,T,F,F,?,F,F,F,F,F,F,?,128
Ringeltaube,142,2021,2021-06-10,9,0,F,T,F,F,?,F,F,F,F,F,F,?,161
Ringeltaube,142,2022,2022-03-14,1,0,F,F,T,F,F,F,F,F,F,F,F,?,73
Ringeltaube,142,2022,2022-04-22,3,0,F,T,T,F,F,F,F,F,F,F,F,?,112
Ringeltaube,142,2022,2022-05-19,5,0,F,T,T,F,F,F,F,F,F,F,F,?,139
Ringeltaube,142,2022,2022-06-04,8,0,F,T,F,F,F,F,F,F,F,F,F,?,155
Ringeltaube,142,2023,2023-03-13,5,0,F,T,F,F,?,F,F,F,F,F,F,?,72
Ringeltaube,142,2023,2023-04-07,6,0,F,T,F,F,?,F,F,F,F,F,F,?,97
Ringeltaube,142,2023,2023-05-11,3,0,F,T,F,F,?,F,F,F,F,F,F,?,131
Ringeltaube,142,2023,2023-06-10,7,0,F,T,F,F,?,F,F,F,F,F,F,?,161
Ringeltaube,143,2018,2018-03-17,3,0,F,F,F,F,?,F,F,F,F,F,F,?,76
Ringeltaube,143,2018,2018-04-18,8,0,F,T,F,F,?,F,F,F,F,F,F,?,108
Ringeltaube,143,2018,2018-05-21,6,0,F,T,F,F,?,F,F,F,F,F,F,?,141
Ringeltaube,143,2018,2018-06-16,4,0,F,T,F,F,?,F,F,F,F,F,F,?,167
Ringeltaube,143,2020,2020-03-22,3,0,F,F,T,F,?,F,F,F,F,F,F,?,82
Ringeltaube,143,2020,2020-04-26,4,0,F,F,F,F,?,F,F,F,F,F,F,?,117
Ringeltaube,143,2020,2020-05-17,10,0,F,F,F,F,?,T,F,F,F,F,F,?,138
Ringeltaube,143,2020,2020-06-20,8,0,F,F,F,F,?,F,F,F,F,F,F,?,172
Ringeltaube,143,2021,2021-03-28,7,0,F,F,F,F,?,F,F,F,F,F,F,?,87
Ringeltaube,143,2021,2021-04-24,10,0,F,T,F,F,?,T,F,F,F,F,F,?,114
Ringeltaube,143,2021,2021-05-15,16,0,F,F,F,F,?,F,F,F,F,F,F,?,135
Ringeltaube,143,2021,2021-06-20,6,0,F,F,F,F,?,F,F,F,F,F,F,?,171
Ringeltaube,144,2020,2020-04-13,4,0,F,T,F,F,?,F,F,F,F,F,F,?,104
Ringeltaube,144,2020,2020-04-27,1,0,F,T,F,F,?,F,F,F,F,F,F,?,118
Ringeltaube,144,2020,2020-05-16,4,0,F,T,F,F,?,F,F,F,F,F,F,?,137
Ringeltaube,144,2020,2020-06-13,2,0,F,T,F,F,?,F,F,F,F,F,F,?,165
Ringeltaube,144,2021,2021-03-25,0,0,NA,NA,NA,NA,NA,NA,NA,NA,NA,NA,NA,NA,84
Ringeltaube,144,2021,2021-04-25,5,0,F,T,F,F,?,F,?,F,F,F,F,?,115
Ringeltaube,144,2021,2021-05-22,2,0,F,T,F,F,?,F,?,F,F,F,F,?,142
Ringeltaube,144,2021,2021-06-13,4,0,F,T,F,F,?,F,?,F,F,F,F,?,164
Ringeltaube,145,2020,2020-03-15,14,0,F,T,T,F,?,F,F,F,F,F,F,?,75
Ringeltaube,145,2020,2020-04-13,10,0,F,T,F,F,?,F,F,F,F,F,F,?,104
Ringeltaube,145,2020,2020-05-03,17,0,T,T,F,F,?,F,F,F,F,F,F,?,124
Ringeltaube,145,2020,2020-06-01,12,0,T,T,F,F,?,F,F,F,F,F,F,?,153
Ringeltaube,145,2021,2021-06-13,40,0,F,T,T,F,?,F,?,F,F,F,F,?,164
Ringeltaube,147,2018,2018-03-23,1,0,F,F,T,F,?,F,F,F,F,F,F,?,82
Ringeltaube,147,2018,2018-04-28,2,0,F,T,F,F,?,F,F,F,F,F,F,?,118
Ringeltaube,147,2018,2018-05-07,0,0,NA,NA,NA,NA,NA,NA,NA,NA,NA,NA,NA,NA,127
Ringeltaube,147,2018,2018-06-15,0,0,NA,NA,NA,NA,NA,NA,NA,NA,NA,NA,NA,NA,166
Ringeltaube,147,2020,2020-03-19,3,0,F,T,F,F,?,F,F,F,F,F,F,?,79
Ringeltaube,147,2020,2020-04-14,5,0,F,T,F,F,?,F,F,F,F,F,F,?,105
Ringeltaube,147,2020,2020-05-11,4,0,F,F,T,F,?,F,F,F,F,F,F,?,132
Ringeltaube,147,2020,2020-06-02,1,0,F,F,F,F,?,F,F,F,F,F,F,?,154
Ringeltaube,147,2021,2021-03-29,4,0,F,F,T,F,?,F,F,F,F,F,F,?,88
Ringeltaube,147,2021,2021-04-22,0,0,NA,NA,NA,NA,NA,NA,NA,NA,NA,NA,NA,NA,112
Ringeltaube,147,2021,2021-05-10,1,0,F,F,T,F,?,F,F,F,F,F,F,?,130
Ringeltaube,147,2021,2021-06-07,7,0,F,T,T,F,?,F,F,F,F,F,F,?,158
Ringeltaube,148,2019,2019-03-29,0,0,NA,NA,NA,NA,NA,NA,NA,NA,NA,NA,NA,NA,88
Ringeltaube,148,2019,2019-04-07,1,0,?,T,?,?,?,?,?,?,?,?,?,?,97
Ringeltaube,148,2019,2019-05-12,0,0,NA,NA,NA,NA,NA,NA,NA,NA,NA,NA,NA,NA,132
Ringeltaube,148,2019,2019-06-09,1,0,?,T,?,?,?,?,?,?,?,?,?,?,160
Ringeltaube,148,2020,2020-03-24,1,0,F,F,F,F,?,F,F,F,F,F,F,?,84
Ringeltaube,148,2020,2020-04-16,3,0,F,F,F,F,?,F,F,F,F,F,F,?,107
Ringeltaube,148,2020,2020-05-07,1,0,F,F,F,F,?,F,F,F,F,F,F,?,128
Ringeltaube,148,2020,2020-06-10,1,0,F,F,F,F,?,F,F,F,F,F,F,?,162
Ringeltaube,148,2021,2021-03-12,2,0,F,F,F,F,?,F,F,F,F,F,F,?,71
Ringeltaube,148,2021,2021-04-08,2,0,F,F,F,F,?,F,F,F,F,F,F,?,98
Ringeltaube,148,2021,2021-05-18,3,0,F,F,T,F,?,F,F,F,F,F,F,?,138
Ringeltaube,148,2021,2021-06-14,4,0,F,F,T,F,?,F,F,F,F,F,F,?,165
Ringeltaube,148,2022,2022-03-11,0,0,NA,NA,NA,NA,NA,NA,NA,NA,NA,NA,NA,NA,70
Ringeltaube,148,2022,2022-04-04,1,0,F,F,F,F,F,F,F,F,F,F,F,?,94
Ringeltaube,148,2022,2022-05-10,2,0,F,F,T,F,F,F,F,F,F,F,F,?,130
Ringeltaube,148,2022,2022-06-01,4,0,F,F,F,F,F,T,F,F,F,F,F,?,152
Ringeltaube,148,2023,2023-03-17,1,0,F,F,F,F,?,F,F,F,F,F,F,?,76
Ringeltaube,148,2023,2023-04-19,0,0,NA,NA,NA,NA,NA,NA,NA,NA,NA,NA,NA,NA,109
Ringeltaube,148,2023,2023-05-15,1,0,F,F,F,F,?,F,F,F,F,F,F,?,135
Ringeltaube,148,2023,2023-06-14,0,0,NA,NA,NA,NA,NA,NA,NA,NA,NA,NA,NA,NA,165
Ringeltaube,149,2019,2019-03-28,2,0,?,T,?,?,?,?,?,?,?,?,?,?,87
Ringeltaube,149,2019,2019-04-15,2,0,?,T,?,?,?,?,?,?,?,?,?,?,105
Ringeltaube,149,2019,2019-05-07,1,0,?,T,?,?,?,?,?,?,?,?,?,?,127
Ringeltaube,149,2019,2019-05-31,3,0,?,T,?,?,?,?,?,?,?,?,?,?,151
Ringeltaube,149,2020,2020-03-19,2,0,F,T,F,F,?,F,F,F,F,F,F,?,79
Ringeltaube,149,2020,2020-04-12,4,0,F,T,F,F,?,T,F,F,F,F,F,?,103
Ringeltaube,149,2020,2020-05-16,2,0,F,T,F,F,?,F,F,F,F,F,F,?,137
Ringeltaube,149,2020,2020-06-03,2,0,F,T,F,F,?,F,F,F,F,F,F,?,155
Ringeltaube,149,2022,2022-03-15,0,0,NA,NA,NA,NA,NA,NA,NA,NA,NA,NA,NA,NA,74
Ringeltaube,149,2022,2022-04-18,4,0,F,T,F,F,F,F,F,F,F,F,F,?,108
Ringeltaube,149,2022,2022-05-06,3,0,F,T,F,F,F,F,F,F,F,F,F,?,126
Ringeltaube,149,2022,2022-06-01,3,0,F,T,F,F,F,F,F,F,F,F,F,?,152
Ringeltaube,149,2023,2023-03-30,0,0,NA,NA,NA,NA,NA,NA,NA,NA,NA,NA,NA,NA,89
Ringeltaube,149,2023,2023-04-09,3,0,F,T,F,F,?,F,F,F,F,F,F,?,99
Ringeltaube,149,2023,2023-05-05,3,0,F,T,F,F,?,F,F,F,F,F,F,?,125
Ringeltaube,149,2023,2023-05-27,2,0,F,T,F,F,?,F,F,F,F,F,F,?,147
Ringeltaube,150,2018,2018-03-30,12,0,F,T,F,F,?,F,F,F,F,F,F,?,89
Ringeltaube,150,2018,2018-04-15,12,0,F,T,F,F,?,F,F,F,F,F,F,?,105
Ringeltaube,150,2018,2018-05-18,1,0,F,T,F,F,?,F,F,F,F,F,F,?,138
Ringeltaube,150,2018,2018-05-27,7,0,F,T,F,F,?,F,F,F,F,F,F,?,147
Ringeltaube,150,2018,2019-05-27,0,0,NA,NA,NA,NA,NA,NA,NA,NA,NA,NA,NA,NA,147
Ringeltaube,150,2020,2020-03-28,17,0,F,T,F,F,?,F,F,F,F,F,F,?,88
Ringeltaube,150,2020,2020-04-18,6,0,F,T,F,F,?,F,F,F,F,F,F,?,109
Ringeltaube,150,2020,2020-05-09,11,0,F,T,F,F,?,F,F,F,F,F,F,?,130
Ringeltaube,150,2020,2020-05-24,9,0,F,T,F,F,?,F,F,F,F,F,F,?,145
Ringeltaube,150,2021,2021-06-13,25,0,F,T,T,F,?,F,?,F,F,F,F,?,164
Ringeltaube,151,2018,2018-03-25,2,0,F,F,F,F,?,F,F,F,F,F,F,?,84
Ringeltaube,151,2018,2018-04-22,1,0,F,T,F,F,?,F,F,F,F,F,F,?,112
Ringeltaube,151,2018,2018-05-19,6,0,F,T,F,F,?,F,F,F,F,F,F,?,139
Ringeltaube,151,2018,2018-05-31,1,0,F,F,F,F,?,F,F,F,F,F,F,?,151
Ringeltaube,151,2020,2020-03-29,4,0,F,T,F,F,?,F,F,F,F,F,F,?,89
Ringeltaube,151,2020,2020-04-26,3,0,F,T,F,F,?,F,F,F,F,F,F,?,117
Ringeltaube,151,2020,2020-05-10,7,0,F,T,F,F,?,F,F,F,F,F,F,?,131
Ringeltaube,151,2020,2020-05-31,30,0,F,T,F,F,?,F,F,F,F,F,F,?,152
Ringeltaube,151,2021,2021-06-13,20,0,F,T,F,F,?,F,?,F,F,F,F,?,164
Ringeltaube,152,2019,2019-03-20,0,0,NA,NA,NA,NA,NA,NA,NA,NA,NA,NA,NA,NA,79
Ringeltaube,152,2019,2019-04-09,2,0,?,T,?,?,?,?,?,?,?,?,?,?,99
Ringeltaube,152,2019,2019-05-02,1,0,?,T,?,?,?,?,?,?,?,?,?,?,122
Ringeltaube,152,2019,2019-05-27,0,0,NA,NA,NA,NA,NA,NA,NA,NA,NA,NA,NA,NA,147
Ringeltaube,152,2020,2020-03-22,0,0,NA,NA,NA,NA,NA,NA,NA,NA,NA,NA,NA,NA,82
Ringeltaube,152,2020,2020-04-23,0,0,NA,NA,NA,NA,NA,NA,NA,NA,NA,NA,NA,NA,114
Ringeltaube,152,2020,2020-05-18,1,0,F,T,F,F,?,F,F,F,F,F,F,?,139
Ringeltaube,152,2020,2020-06-13,1,0,F,T,F,F,?,F,F,F,F,F,F,?,165
Ringeltaube,152,2022,2022-03-17,1,0,F,T,F,F,F,F,F,F,F,F,F,?,76
Ringeltaube,152,2022,2022-04-20,1,0,F,T,F,F,F,F,F,F,F,F,F,?,110
Ringeltaube,152,2022,2022-05-05,2,0,F,T,F,F,F,F,F,F,F,F,F,?,125
Ringeltaube,152,2022,2022-04-11,0,0,NA,NA,NA,NA,NA,NA,NA,NA,NA,NA,NA,NA,101
Ringeltaube,152,2023,2023-03-13,0,0,NA,NA,NA,NA,NA,NA,NA,NA,NA,NA,NA,NA,72
Ringeltaube,152,2023,2023-04-26,1,0,F,T,F,F,?,F,F,F,F,F,F,?,116
Ringeltaube,152,2023,2023-05-20,0,0,NA,NA,NA,NA,NA,NA,NA,NA,NA,NA,NA,NA,140
Ringeltaube,152,2023,2023-06-08,0,0,NA,NA,NA,NA,NA,NA,NA,NA,NA,NA,NA,NA,159
Ringeltaube,154,2019,2019-03-29,6,0,?,T,T,?,?,?,?,?,?,?,?,?,88
Ringeltaube,154,2019,2019-04-27,3,0,?,T,?,?,?,?,?,?,?,?,?,?,117
Ringeltaube,154,2019,2019-05-12,2,0,?,T,?,?,?,?,?,?,?,?,?,?,132
Ringeltaube,154,2019,2019-06-07,2,0,?,T,T,?,?,?,?,?,?,?,?,?,158
Ringeltaube,154,2020,2020-03-30,4,0,F,T,F,F,?,F,F,F,F,F,F,?,90
Ringeltaube,154,2020,2020-04-25,2,0,F,T,F,F,?,F,F,F,F,F,F,?,116
Ringeltaube,154,2020,2020-05-19,1,0,F,T,F,F,?,F,F,F,F,F,F,?,140
Ringeltaube,154,2020,2020-06-17,5,0,F,T,F,F,?,F,F,F,F,F,F,?,169
Ringeltaube,154,2022,2022-03-25,3,0,F,T,F,F,F,F,F,F,F,F,F,?,84
Ringeltaube,154,2022,2022-04-23,6,0,F,T,F,F,F,F,F,F,F,F,F,?,113
Ringeltaube,154,2022,2022-05-12,5,0,F,T,F,F,F,F,F,F,F,F,F,?,132
Ringeltaube,154,2022,2022-06-10,2,0,F,T,F,F,F,F,F,F,F,F,F,?,161
Ringeltaube,154,2022,2022-03-17,0,0,NA,NA,NA,NA,NA,NA,NA,NA,NA,NA,NA,NA,76
Ringeltaube,154,2023,2023-03-23,2,0,F,T,F,F,?,F,F,F,F,F,F,?,82
Ringeltaube,154,2023,2023-04-26,4,0,F,T,F,F,?,F,F,F,F,F,F,?,116
Ringeltaube,154,2023,2023-05-16,3,0,F,T,F,F,?,F,F,F,F,F,F,?,136
Ringeltaube,154,2023,2023-06-15,4,0,F,T,F,F,?,F,F,F,F,F,F,?,166
Ringeltaube,155,2019,2019-03-31,8,0,?,T,T,?,?,?,?,?,?,?,?,?,90
Ringeltaube,155,2019,2019-04-29,9,0,?,T,?,?,?,?,?,?,?,?,?,?,119
Ringeltaube,155,2019,2019-05-13,3,0,?,T,?,?,?,?,?,?,?,?,?,?,133
Ringeltaube,155,2019,2019-06-03,5,0,?,T,?,?,?,?,?,?,?,?,?,?,154
Ringeltaube,155,2020,2020-03-25,6,0,F,T,F,F,?,F,F,F,F,F,F,?,85
Ringeltaube,155,2020,2020-04-23,5,0,F,T,F,F,?,F,F,F,F,F,F,?,114
Ringeltaube,155,2020,2020-05-11,7,0,F,T,F,F,?,F,F,F,F,F,F,?,132
Ringeltaube,155,2020,2020-06-18,6,0,F,T,F,F,?,F,F,F,F,F,F,?,170
Ringeltaube,155,2022,2022-03-23,6,0,F,T,F,F,F,F,F,F,F,F,F,?,82
Ringeltaube,155,2022,2022-04-22,6,0,F,T,F,F,F,F,F,F,F,F,F,?,112
Ringeltaube,155,2022,2022-05-11,10,0,F,T,F,F,F,F,F,F,F,F,F,?,131
Ringeltaube,155,2022,2022-06-02,3,0,F,T,F,F,F,F,F,F,F,F,F,?,153
Ringeltaube,155,2023,2023-03-29,4,0,F,T,F,F,?,F,F,F,F,F,F,?,88
Ringeltaube,155,2023,2023-05-17,11,0,F,T,F,F,?,F,F,F,F,F,F,?,137
Ringeltaube,155,2023,2023-06-16,6,0,F,T,F,F,?,F,F,F,F,F,F,?,167
Ringeltaube,155,2023,2023-04-10,0,0,NA,NA,NA,NA,NA,NA,NA,NA,NA,NA,NA,NA,100
Ringeltaube,156,2019,2019-03-23,0,0,NA,NA,NA,NA,NA,NA,NA,NA,NA,NA,NA,NA,82
Ringeltaube,156,2019,2019-04-23,0,0,NA,NA,NA,NA,NA,NA,NA,NA,NA,NA,NA,NA,113
Ringeltaube,156,2019,2019-05-09,0,0,NA,NA,NA,NA,NA,NA,NA,NA,NA,NA,NA,NA,129
Ringeltaube,156,2019,2019-06-01,1,0,?,T,?,?,?,?,?,?,?,?,?,?,152
Ringeltaube,156,2020,2020-03-20,1,0,F,T,F,F,?,F,F,F,F,F,F,?,80
Ringeltaube,156,2020,2020-04-06,2,0,F,T,F,F,?,F,F,F,F,F,F,?,97
Ringeltaube,156,2020,2020-05-04,0,0,NA,NA,NA,NA,NA,NA,NA,NA,NA,NA,NA,NA,125
Ringeltaube,156,2020,2020-06-13,2,0,F,T,F,F,?,F,F,F,F,F,F,?,165
Ringeltaube,156,2022,2022-03-22,1,0,F,T,F,F,F,F,F,F,F,F,F,?,81
Ringeltaube,156,2022,2022-04-21,0,0,NA,NA,NA,NA,NA,NA,NA,NA,NA,NA,NA,NA,111
Ringeltaube,156,2022,2022-05-10,1,0,F,T,F,F,F,F,F,F,F,F,F,?,130
Ringeltaube,156,2022,2022-05-31,0,0,NA,NA,NA,NA,NA,NA,NA,NA,NA,NA,NA,NA,151
Ringeltaube,156,2023,2023-03-23,1,0,F,T,F,F,?,F,F,F,F,F,F,?,82
Ringeltaube,156,2023,2023-04-28,1,0,F,T,F,F,?,F,F,F,F,F,F,?,118
Ringeltaube,156,2023,2023-05-13,0,0,NA,NA,NA,NA,NA,NA,NA,NA,NA,NA,NA,NA,133
Ringeltaube,156,2023,2023-06-14,1,0,F,T,F,F,?,F,F,F,F,F,F,?,165
Ringeltaube,157,2019,2019-03-24,0,0,NA,NA,NA,NA,NA,NA,NA,NA,NA,NA,NA,NA,83
Ringeltaube,157,2019,2019-04-24,2,0,?,T,?,?,?,?,?,?,?,?,?,?,114
Ringeltaube,157,2019,2019-05-17,3,0,?,T,?,?,?,?,?,?,?,?,?,?,137
Ringeltaube,157,2019,2019-06-02,3,0,?,T,?,?,?,?,?,?,?,?,?,?,153
Ringeltaube,157,2020,2020-03-24,0,0,NA,NA,NA,NA,NA,NA,NA,NA,NA,NA,NA,NA,84
Ringeltaube,157,2020,2020-04-24,6,0,F,T,F,F,?,F,F,F,F,F,F,?,115
Ringeltaube,157,2020,2020-05-18,3,0,F,T,F,F,?,F,F,F,F,F,F,?,139
Ringeltaube,157,2020,2020-06-20,3,0,F,T,F,F,?,F,F,F,F,F,F,?,172
Ringeltaube,157,2022,2022-03-17,3,0,F,T,F,F,F,F,F,F,F,F,F,?,76
Ringeltaube,157,2022,2022-04-20,3,0,F,T,F,F,F,F,F,F,F,F,F,?,110
Ringeltaube,157,2022,2022-05-05,4,0,F,T,F,F,F,F,F,F,F,F,F,?,125
Ringeltaube,157,2022,2022-05-24,4,0,F,T,F,F,F,F,F,F,F,F,F,?,144
Ringeltaube,157,2023,2023-03-24,3,0,F,T,F,F,?,F,F,F,F,F,F,?,83
Ringeltaube,157,2023,2023-04-19,3,0,F,T,F,F,?,F,F,F,F,F,F,?,109
Ringeltaube,157,2023,2023-05-10,2,0,F,T,F,F,?,F,F,F,F,F,F,?,130
Ringeltaube,157,2023,2023-05-25,2,0,F,T,F,F,?,F,F,F,F,F,F,?,145
Ringeltaube,158,2019,2019-03-28,2,0,?,?,?,?,?,?,?,?,?,?,?,?,87
Ringeltaube,158,2019,2019-04-19,1,0,?,?,T,?,?,?,?,?,?,?,?,?,109
Ringeltaube,158,2019,2019-05-09,1,0,?,?,T,?,?,?,?,?,?,?,?,?,129
Ringeltaube,158,2019,2019-06-03,1,0,?,T,?,?,?,?,?,?,?,?,?,?,154
Ringeltaube,158,2020,2020-03-18,5,0,F,F,T,F,?,T,F,F,F,F,F,?,78
Ringeltaube,158,2020,2020-04-07,1,0,F,F,F,F,?,F,F,F,F,F,F,?,98
Ringeltaube,158,2020,2020-05-15,2,0,F,F,T,F,?,F,F,F,F,F,F,?,136
Ringeltaube,158,2020,2020-06-04,6,0,F,F,T,F,?,F,F,F,F,F,F,?,156
Ringeltaube,158,2021,2021-03-11,2,0,F,F,T,F,?,F,F,F,F,F,F,?,70
Ringeltaube,158,2021,2021-04-13,7,0,F,F,T,F,?,F,F,F,F,F,F,?,103
Ringeltaube,158,2021,2021-05-04,1,0,F,F,F,F,?,F,F,F,F,F,F,?,124
Ringeltaube,158,2021,2021-06-15,2,0,F,F,T,F,?,F,F,F,F,F,F,?,166
Ringeltaube,158,2022,2022-03-17,2,0,F,T,F,F,F,F,F,F,F,F,F,?,76
Ringeltaube,158,2022,2022-04-21,0,0,NA,NA,NA,NA,NA,NA,NA,NA,NA,NA,NA,NA,111
Ringeltaube,158,2022,2022-05-03,0,0,NA,NA,NA,NA,NA,NA,NA,NA,NA,NA,NA,NA,123
Ringeltaube,158,2022,2022-06-05,4,0,F,T,T,F,F,F,F,F,F,F,F,?,156
Ringeltaube,158,2023,2023-03-24,2,0,F,T,F,F,?,F,F,F,F,F,F,?,83
Ringeltaube,158,2023,2023-04-12,1,0,F,T,F,F,?,F,F,F,F,F,F,?,102
Ringeltaube,158,2023,2023-05-04,0,0,NA,NA,NA,NA,NA,NA,NA,NA,NA,NA,NA,NA,124
Ringeltaube,158,2023,2023-06-15,0,0,NA,NA,NA,NA,NA,NA,NA,NA,NA,NA,NA,NA,166
Ringeltaube,159,2018,2018-05-13,6,0,F,T,F,F,?,F,F,F,F,F,F,?,133
Ringeltaube,159,2018,2018-06-19,1,0,F,F,T,F,?,F,F,F,F,F,F,?,170
Ringeltaube,159,2018,2018-03-16,0,0,NA,NA,NA,NA,NA,NA,NA,NA,NA,NA,NA,NA,75
Ringeltaube,159,2018,2018-04-08,1,0,F,F,F,F,?,F,F,F,F,F,F,?,98
Ringeltaube,159,2020,2020-03-28,11,0,F,T,T,F,?,F,F,F,F,F,F,?,88
Ringeltaube,159,2020,2020-04-24,5,0,F,F,T,F,?,F,F,F,F,F,F,?,115
Ringeltaube,159,2020,2020-05-19,6,0,F,F,T,F,?,F,F,F,F,F,F,?,140
Ringeltaube,159,2020,2020-06-19,5,0,F,F,T,F,?,T,F,F,F,F,F,?,171
Ringeltaube,159,2021,2021-03-30,3,0,F,F,T,F,?,F,F,F,F,F,F,?,89
Ringeltaube,159,2021,2021-04-27,3,0,F,T,T,F,?,F,F,F,F,F,F,?,117
Ringeltaube,159,2021,2021-05-11,13,0,F,T,T,F,?,F,F,F,F,F,F,?,131
Ringeltaube,159,2021,2021-06-16,4,0,F,F,T,F,?,F,F,F,F,F,F,?,167
Ringeltaube,160,2019,2019-03-29,1,0,?,?,T,?,?,?,?,?,?,?,?,?,88
Ringeltaube,160,2019,2019-04-20,0,0,NA,NA,NA,NA,NA,NA,NA,NA,NA,NA,NA,NA,110
Ringeltaube,160,2019,2019-05-10,2,0,?,?,?,?,?,?,?,?,?,?,?,?,130
Ringeltaube,160,2019,2019-06-04,1,0,?,?,?,?,?,?,?,?,?,?,?,?,155
Ringeltaube,160,2020,2020-03-19,1,0,F,F,F,F,?,F,F,F,F,F,F,?,79
Ringeltaube,160,2020,2020-04-06,2,0,F,F,F,F,?,F,F,F,F,F,F,?,97
Ringeltaube,160,2020,2020-05-18,0,0,NA,NA,NA,NA,NA,NA,NA,NA,NA,NA,NA,NA,139
Ringeltaube,160,2020,2020-06-03,2,0,F,F,F,F,?,F,F,F,F,F,F,?,155
Ringeltaube,160,2021,2021-03-13,0,0,NA,NA,NA,NA,NA,NA,NA,NA,NA,NA,NA,NA,72
Ringeltaube,160,2021,2021-04-14,2,0,F,T,F,F,?,F,F,F,F,F,F,?,104
Ringeltaube,160,2021,2021-05-05,1,0,F,F,F,F,?,F,F,F,F,F,F,?,125
Ringeltaube,160,2021,2021-06-16,0,0,NA,NA,NA,NA,NA,NA,NA,NA,NA,NA,NA,NA,167
Ringeltaube,160,2022,2022-03-18,0,0,NA,NA,NA,NA,NA,NA,NA,NA,NA,NA,NA,NA,77
Ringeltaube,160,2022,2022-04-20,0,0,NA,NA,NA,NA,NA,NA,NA,NA,NA,NA,NA,NA,110
Ringeltaube,160,2022,2022-05-02,3,0,F,T,T,F,F,F,F,F,F,F,F,?,122
Ringeltaube,160,2022,2022-06-06,2,0,F,T,T,F,F,F,F,F,F,F,F,?,157
Ringeltaube,160,2023,2023-03-23,0,0,NA,NA,NA,NA,NA,NA,NA,NA,NA,NA,NA,NA,82
Ringeltaube,160,2023,2023-04-11,3,0,F,T,F,F,?,F,F,F,F,F,F,?,101
Ringeltaube,160,2023,2023-05-08,2,0,F,T,F,F,?,F,F,F,F,F,F,?,128
Ringeltaube,160,2023,2023-06-16,1,0,F,T,F,F,?,F,F,F,F,F,F,?,167
Ringeltaube,161,2018,2018-03-11,0,0,NA,NA,NA,NA,NA,NA,NA,NA,NA,NA,NA,NA,70
Ringeltaube,161,2018,2018-04-08,1,0,F,F,F,F,?,F,F,F,F,F,F,?,98
Ringeltaube,161,2018,2018-05-06,3,0,F,F,F,F,?,F,F,F,F,F,F,?,126
Ringeltaube,161,2018,2018-06-24,1,0,F,T,F,F,?,F,F,F,F,F,F,?,175
Ringeltaube,161,2021,2021-03-28,6,0,?,?,?,?,?,?,?,?,?,?,?,?,87
Ringeltaube,161,2021,2021-04-18,9,0,?,?,T,?,?,?,?,?,?,?,?,?,108
Ringeltaube,161,2021,2021-05-01,4,0,?,?,T,?,?,?,?,?,?,?,?,?,121
Ringeltaube,161,2021,2021-06-03,4,0,?,?,T,?,?,?,?,?,?,?,?,?,154
Ringeltaube,164,2020,2020-03-15,0,0,NA,NA,NA,NA,NA,NA,NA,NA,NA,NA,NA,NA,75
Ringeltaube,164,2020,2020-04-07,2,0,F,T,F,F,F,F,F,F,F,F,F,?,98
Ringeltaube,164,2020,2020-05-04,2,0,F,T,F,F,F,F,F,F,F,F,F,?,125
Ringeltaube,164,2020,2020-06-09,1,0,F,T,F,F,F,F,F,F,F,F,F,?,161
Ringeltaube,164,2021,2021-03-11,161,0,?,T,?,?,?,?,?,?,?,?,?,?,70
Ringeltaube,164,2021,2021-04-07,2,0,?,?,?,?,?,T,?,?,?,?,?,?,97
Ringeltaube,164,2021,2021-05-04,0,0,NA,NA,NA,NA,NA,NA,NA,NA,NA,NA,NA,NA,124
Ringeltaube,164,2021,2021-05-21,1,0,?,?,?,?,?,?,?,?,?,?,?,?,141
Ringeltaube,164,2022,2022-03-24,0,0,NA,NA,NA,NA,NA,NA,NA,NA,NA,NA,NA,NA,83
Ringeltaube,164,2022,2022-04-13,0,0,NA,NA,NA,NA,NA,NA,NA,NA,NA,NA,NA,NA,103
Ringeltaube,164,2022,2022-05-12,4,0,F,T,F,F,F,F,F,F,F,F,F,?,132
Ringeltaube,164,2022,2022-06-07,0,0,NA,NA,NA,NA,NA,NA,NA,NA,NA,NA,NA,NA,158
Ringeltaube,164,2023,2023-03-20,0,0,NA,NA,NA,NA,NA,NA,NA,NA,NA,NA,NA,NA,79
Ringeltaube,164,2023,2023-04-18,1,0,F,T,F,F,F,F,F,F,F,F,F,?,108
Ringeltaube,164,2023,2023-06-20,0,0,NA,NA,NA,NA,NA,NA,NA,NA,NA,NA,NA,NA,171
Ringeltaube,164,2023,2023-05-17,1,0,F,T,F,F,F,F,F,F,F,F,F,?,137
Ringeltaube,165,2019,2019-03-13,12,0,?,T,?,?,?,T,?,?,?,?,?,?,72
Ringeltaube,165,2019,2019-04-18,8,0,?,T,?,?,?,T,?,?,?,?,?,?,108
Ringeltaube,165,2019,2019-05-10,8,0,?,T,T,?,?,?,?,?,?,?,?,?,130
Ringeltaube,165,2019,2019-06-05,6,0,?,T,?,?,?,?,?,?,?,?,?,?,156
Ringeltaube,165,2020,2020-03-19,9,0,F,T,F,F,F,T,F,F,F,F,F,?,79
Ringeltaube,165,2020,2020-04-17,4,0,F,T,F,F,F,F,F,F,F,F,F,?,108
Ringeltaube,165,2020,2020-05-13,5,0,F,T,F,F,F,T,F,F,F,F,F,?,134
Ringeltaube,165,2020,2020-06-07,7,0,F,T,F,F,F,F,F,F,F,F,F,?,159
Ringeltaube,165,2021,2021-03-23,11,0,?,T,?,?,?,?,?,?,?,?,?,?,82
Ringeltaube,165,2021,2021-04-13,10,0,F,T,F,F,?,T,F,F,F,F,F,?,103
Ringeltaube,165,2021,2021-05-06,8,0,?,T,?,?,?,?,?,?,?,?,?,?,126
Ringeltaube,165,2021,2021-06-07,8,0,?,T,?,?,?,?,?,?,?,?,?,?,158
Ringeltaube,165,2022,2022-03-24,7,0,F,T,F,F,F,F,F,F,F,F,F,?,83
Ringeltaube,165,2022,2022-04-13,7,0,F,T,F,F,F,F,F,T,F,F,F,?,103
Ringeltaube,165,2022,2022-05-12,6,0,F,T,F,F,F,F,F,F,F,F,F,?,132
Ringeltaube,165,2022,2022-06-07,3,0,F,T,F,F,F,F,F,F,F,F,F,?,158
Ringeltaube,165,2023,2023-03-15,4,0,F,T,F,F,F,F,F,F,F,F,F,?,74
Ringeltaube,165,2023,2023-04-19,3,0,F,T,F,F,F,F,F,F,F,F,F,?,109
Ringeltaube,165,2023,2023-05-03,2,0,F,T,F,F,F,F,F,F,F,F,F,?,123
Ringeltaube,166,2018,2018-03-11,12,0,F,T,F,F,?,T,F,F,F,F,F,?,70
Ringeltaube,166,2018,2018-04-03,11,0,F,T,F,F,?,F,F,F,F,F,F,?,93
Ringeltaube,166,2018,2018-05-05,2,0,F,F,T,F,?,F,F,F,F,F,F,?,125
Ringeltaube,166,2018,2018-05-29,2,0,F,T,F,F,?,F,F,F,F,F,F,?,149
Ringeltaube,166,2020,2020-03-14,16,0,F,T,F,F,?,F,F,F,F,F,F,?,74
Ringeltaube,166,2020,2020-04-01,16,0,F,T,F,F,?,F,F,F,F,F,F,?,92
Ringeltaube,166,2020,2020-04-23,11,0,F,T,F,F,?,F,F,F,F,F,F,?,114
Ringeltaube,166,2020,2020-05-24,9,0,F,T,F,F,?,F,F,F,F,F,F,?,145
Ringeltaube,166,2021,2021-04-11,10,0,F,T,F,F,?,F,F,F,F,F,F,?,101
Ringeltaube,166,2021,2021-06-04,7,0,F,T,T,F,?,F,F,F,F,F,F,?,155
Ringeltaube,166,2021,2021-03-21,12,0,F,T,F,F,?,F,F,F,F,F,F,?,80
Ringeltaube,166,2021,2021-05-14,3,0,F,T,F,F,?,F,F,F,F,F,F,?,134
Ringeltaube,168,2019,2019-03-25,1,0,?,?,?,?,?,?,?,?,?,?,?,?,84
Ringeltaube,168,2019,2019-04-25,2,0,?,?,?,?,?,?,?,T,?,?,?,?,115
Ringeltaube,168,2019,2019-05-15,0,0,NA,NA,NA,NA,NA,NA,NA,NA,NA,NA,NA,NA,135
Ringeltaube,168,2019,2019-06-07,1,0,?,T,?,?,?,?,?,?,?,?,?,?,158
Ringeltaube,168,2020,2020-03-21,1,0,F,T,F,F,F,F,F,F,F,F,F,?,81
Ringeltaube,168,2020,2020-04-18,5,0,F,T,F,F,F,F,F,F,F,F,F,?,109
Ringeltaube,168,2020,2020-05-17,2,0,F,T,F,F,F,F,F,F,F,F,F,?,138
Ringeltaube,168,2020,2020-06-08,1,0,F,T,F,F,F,F,F,F,F,F,F,?,160
Ringeltaube,168,2021,2021-03-27,0,0,NA,NA,NA,NA,NA,NA,NA,NA,NA,NA,NA,NA,86
Ringeltaube,168,2021,2021-04-23,1,0,?,T,?,?,?,?,?,?,?,?,?,?,113
Ringeltaube,168,2021,2021-05-20,3,0,?,T,?,?,?,?,?,?,?,?,?,?,140
Ringeltaube,168,2021,2021-06-04,1,0,?,T,?,?,?,?,?,?,?,?,?,?,155
Ringeltaube,168,2022,2022-03-24,1,0,F,F,F,F,F,F,F,F,F,F,F,?,83
Ringeltaube,168,2022,2022-04-26,1,0,F,T,F,F,F,F,F,F,F,F,F,?,116
Ringeltaube,168,2022,2022-05-13,1,0,F,T,F,F,F,F,F,F,F,F,F,?,133
Ringeltaube,168,2022,2022-06-01,2,0,F,T,F,F,F,F,F,F,F,F,F,?,152
Ringeltaube,168,2023,2023-03-16,0,0,NA,NA,NA,NA,NA,NA,NA,NA,NA,NA,NA,NA,75
Ringeltaube,168,2023,2023-04-05,2,0,F,F,F,F,F,F,F,F,F,F,F,?,95
Ringeltaube,168,2023,2023-05-09,4,0,F,F,F,F,F,F,F,F,F,F,F,?,129
Ringeltaube,168,2023,2023-06-01,3,0,F,F,F,F,F,F,F,F,F,F,F,?,152
Ringeltaube,169,2019,2019-03-12,2,0,?,T,T,?,?,?,?,?,?,?,?,?,71
Ringeltaube,169,2019,2019-04-17,6,0,?,T,?,?,?,?,?,?,?,?,?,?,107
Ringeltaube,169,2019,2019-05-09,13,0,?,T,T,?,?,?,?,?,?,?,?,?,129
Ringeltaube,169,2019,2019-05-28,9,0,?,T,T,?,?,?,?,?,?,?,?,?,148
Ringeltaube,169,2020,2020-03-17,3,0,F,T,F,F,F,F,F,F,F,F,F,?,77
Ringeltaube,169,2020,2020-04-16,8,0,F,T,F,F,F,F,F,F,F,F,F,?,107
Ringeltaube,169,2020,2020-05-03,21,0,F,T,F,F,F,F,F,F,F,F,F,?,124
Ringeltaube,169,2020,2020-05-25,9,0,F,T,T,F,F,F,F,F,F,F,F,?,146
Ringeltaube,169,2021,2021-03-10,204,0,?,T,?,?,?,?,?,?,?,?,?,?,69
Ringeltaube,169,2021,2021-04-07,4,0,?,T,?,?,?,?,?,?,?,?,?,?,97
Ringeltaube,169,2021,2021-05-03,9,0,?,T,?,?,?,?,?,?,?,?,?,?,123
Ringeltaube,169,2021,2021-05-27,15,0,?,T,?,?,?,?,?,?,?,?,?,?,147
Ringeltaube,169,2022,2022-03-22,2,0,F,T,F,F,F,F,F,F,F,F,F,?,81
Ringeltaube,169,2022,2022-04-14,1,0,F,T,F,F,F,F,F,F,F,F,F,?,104
Ringeltaube,169,2022,2022-05-04,2,0,F,T,F,F,F,F,F,F,F,F,F,?,124
Ringeltaube,169,2022,2022-06-02,0,0,NA,NA,NA,NA,NA,NA,NA,NA,NA,NA,NA,NA,153
Ringeltaube,169,2023,2023-03-14,0,0,NA,NA,NA,NA,NA,NA,NA,NA,NA,NA,NA,NA,73
Ringeltaube,169,2023,2023-04-14,2,0,F,T,F,F,F,F,F,F,F,F,F,?,104
Ringeltaube,169,2023,2023-05-05,1,0,F,T,F,F,F,F,F,F,F,F,F,?,125
Ringeltaube,169,2023,2023-05-31,0,0,NA,NA,NA,NA,NA,NA,NA,NA,NA,NA,NA,NA,151
Ringeltaube,170,2019,2019-03-11,1,0,?,T,?,?,?,?,?,?,?,?,?,?,70
Ringeltaube,170,2019,2019-04-15,1,0,?,T,?,?,?,?,?,?,?,?,?,?,105
Ringeltaube,170,2019,2019-05-06,5,0,?,T,?,?,?,?,?,?,?,?,?,?,126
Ringeltaube,170,2019,2019-05-21,4,0,?,T,T,?,?,?,?,?,?,?,?,?,141
Ringeltaube,170,2020,2020-03-13,2,0,F,T,F,F,F,F,F,F,F,F,F,?,73
Ringeltaube,170,2020,2020-04-01,0,0,NA,NA,NA,NA,NA,NA,NA,NA,NA,NA,NA,NA,92
Ringeltaube,170,2020,2020-05-02,8,0,F,T,F,F,F,F,F,F,F,F,F,?,123
Ringeltaube,170,2020,2020-05-22,3,0,F,T,F,F,F,F,F,F,F,F,F,?,143
Ringeltaube,170,2021,2021-03-16,70,70,T,?,?,?,?,?,?,?,?,?,?,?,75
Ringeltaube,170,2021,2021-04-10,3,0,?,T,?,?,?,?,?,?,?,?,?,?,100
Ringeltaube,170,2021,2021-05-02,4,4,T,T,?,?,?,T,?,?,?,?,?,?,122
Ringeltaube,170,2021,2021-05-29,6,0,T,T,?,?,?,T,?,?,?,?,?,?,149
Ringeltaube,170,2022,2022-03-17,0,0,NA,NA,NA,NA,NA,NA,NA,NA,NA,NA,NA,NA,76
Ringeltaube,170,2022,2022-04-26,2,0,F,T,F,F,F,F,F,F,F,F,F,?,116
Ringeltaube,170,2022,2022-05-18,2,0,F,F,F,F,F,F,F,F,F,F,F,?,138
Ringeltaube,170,2022,2022-06-01,0,0,NA,NA,NA,NA,NA,NA,NA,NA,NA,NA,NA,NA,152
Ringeltaube,170,2023,2023-03-15,0,0,NA,NA,NA,NA,NA,NA,NA,NA,NA,NA,NA,NA,74
Ringeltaube,170,2023,2023-06-16,2,0,F,F,F,F,F,F,F,F,F,F,F,?,167
Ringeltaube,170,2023,2023-05-11,0,0,NA,NA,NA,NA,NA,NA,NA,NA,NA,NA,NA,NA,131
Ringeltaube,170,2023,2023-04-04,0,0,NA,NA,NA,NA,NA,NA,NA,NA,NA,NA,NA,NA,94
Ringeltaube,171,2018,2018-04-23,3,0,?,T,F,F,?,F,F,F,F,F,F,?,113
Ringeltaube,171,2018,2018-05-13,3,0,?,T,F,F,?,F,F,F,F,F,F,?,133
Ringeltaube,171,2018,2018-06-05,2,0,?,T,F,F,?,F,F,F,F,F,F,?,156
Ringeltaube,171,2018,2018-03-15,1,0,?,T,F,F,?,F,F,F,F,F,F,?,74
Ringeltaube,171,2020,2020-03-31,4,0,F,T,F,F,?,F,F,F,F,F,F,?,91
Ringeltaube,171,2020,2020-04-26,5,0,F,T,F,F,?,F,F,F,F,F,F,?,117
Ringeltaube,171,2020,2020-05-10,5,0,F,T,F,F,?,F,F,F,F,F,F,?,131
Ringeltaube,171,2020,2020-05-30,7,0,F,T,F,F,?,F,F,F,F,F,F,?,151
Ringeltaube,172,2018,2018-03-29,2,0,F,T,F,F,?,F,F,F,F,F,F,?,88
Ringeltaube,172,2018,2018-04-19,6,0,F,T,F,F,?,F,F,F,F,F,F,?,109
Ringeltaube,172,2018,2018-05-12,3,0,F,T,F,F,?,F,F,F,F,F,F,?,132
Ringeltaube,172,2018,2018-06-15,1,0,F,T,F,F,?,F,F,F,F,F,F,?,166
Ringeltaube,172,2020,2020-03-18,4,0,F,T,F,F,?,F,F,F,F,F,F,?,78
Ringeltaube,172,2020,2020-04-17,5,0,F,T,F,F,?,F,F,F,F,F,F,?,108
Ringeltaube,172,2020,2020-05-19,6,0,F,T,F,F,?,F,F,F,F,F,F,?,140
Ringeltaube,172,2020,2020-06-17,7,0,F,T,F,F,?,F,F,F,F,F,F,?,169
Ringeltaube,172,2021,2021-03-26,4,0,F,T,F,F,?,F,F,F,F,F,F,?,85
Ringeltaube,172,2021,2021-04-21,3,0,F,T,F,F,?,F,F,F,F,F,F,?,111
Ringeltaube,172,2021,2021-05-13,5,0,F,T,F,F,?,F,F,F,F,F,F,?,133
Ringeltaube,172,2021,2021-06-01,4,0,F,T,T,T,?,F,F,F,F,F,F,?,152
Ringeltaube,173,2018,2018-03-26,5,0,F,T,F,F,?,F,F,F,F,F,F,?,85
Ringeltaube,173,2018,2018-04-17,4,0,F,T,F,F,?,F,F,F,F,F,F,?,107
Ringeltaube,173,2018,2018-05-09,1,0,F,T,F,F,?,F,F,F,F,F,F,?,129
Ringeltaube,173,2018,2018-06-14,3,0,F,T,F,F,?,F,F,F,F,F,F,?,165
Ringeltaube,173,2020,2020-03-16,5,0,F,T,F,F,?,F,F,F,F,F,F,?,76
Ringeltaube,173,2020,2020-04-16,3,0,F,T,F,F,?,F,F,F,F,F,F,?,107
Ringeltaube,173,2020,2020-05-18,9,0,F,T,T,F,?,F,F,F,F,F,F,?,139
Ringeltaube,173,2020,2020-06-16,2,0,F,T,F,F,?,F,F,F,F,F,F,?,168
Ringeltaube,173,2021,2021-06-13,24,0,F,T,F,F,?,F,?,F,F,F,F,?,164
Ringeltaube,176,2018,2018-03-25,2,0,?,T,F,F,?,T,F,F,F,F,F,?,84
Ringeltaube,176,2018,2018-04-21,4,0,?,T,F,F,?,T,F,F,F,F,F,?,111
Ringeltaube,176,2018,2018-05-09,2,0,?,T,F,F,?,F,F,F,F,F,F,?,129
Ringeltaube,176,2018,2018-06-03,2,0,?,T,F,F,?,F,F,F,F,F,F,?,154
Ringeltaube,176,2020,2020-03-28,2,0,F,T,F,F,?,F,F,F,F,F,F,?,88
Ringeltaube,176,2020,2020-04-27,3,0,F,T,F,F,?,F,F,F,F,F,F,?,118
Ringeltaube,176,2020,2020-05-07,2,0,F,T,F,F,?,F,F,F,F,F,F,?,128
Ringeltaube,176,2020,2020-05-31,6,0,F,T,F,F,?,F,F,F,F,F,F,?,152
Ringeltaube,176,2021,2021-03-31,18,0,?,?,T,?,?,?,?,?,?,?,?,?,90
Ringeltaube,176,2021,2021-04-26,4,0,?,?,T,?,?,?,?,?,?,?,?,?,116
Ringeltaube,176,2021,2021-05-19,0,0,NA,NA,NA,NA,NA,NA,NA,NA,NA,NA,NA,NA,139
Ringeltaube,176,2021,2021-05-31,5,0,?,?,T,?,?,?,?,?,?,?,?,?,151
Ringeltaube,178,2021,2021-03-31,0,0,NA,NA,NA,NA,NA,NA,NA,NA,NA,NA,NA,NA,90
Ringeltaube,178,2021,2021-04-30,1,0,F,T,F,F,?,F,F,F,F,F,F,?,120
Ringeltaube,178,2021,2021-05-19,0,0,NA,NA,NA,NA,NA,NA,NA,NA,NA,NA,NA,NA,139
Ringeltaube,178,2021,2021-06-03,0,0,NA,NA,NA,NA,NA,NA,NA,NA,NA,NA,NA,NA,154
Ringeltaube,179,2018,2018-03-21,2,0,?,F,F,F,?,F,F,F,F,F,F,?,80
Ringeltaube,179,2018,2018-04-16,7,0,?,T,F,F,?,F,F,F,F,F,F,?,106
Ringeltaube,179,2018,2018-05-15,14,0,?,F,F,F,?,F,F,F,F,F,F,?,135
Ringeltaube,179,2018,2018-06-08,67,0,?,F,F,F,?,F,F,F,F,F,F,?,159
Ringeltaube,179,2018,2019-03-21,0,0,NA,NA,NA,NA,NA,NA,NA,NA,NA,NA,NA,NA,80
Ringeltaube,179,2020,2020-03-14,2,0,F,T,F,F,?,F,F,F,F,F,F,?,74
Ringeltaube,179,2020,2020-04-10,11,0,F,T,F,F,?,F,F,F,F,F,F,?,101
Ringeltaube,179,2020,2020-05-09,52,0,T,T,F,F,?,F,F,F,F,F,F,?,130
Ringeltaube,179,2020,2020-06-01,91,0,F,T,F,F,?,F,F,F,F,F,F,?,153
Ringeltaube,179,2021,2021-03-20,6,0,F,T,F,F,?,F,F,F,F,F,F,?,79
Ringeltaube,179,2021,2021-04-13,30,0,T,T,F,F,?,F,F,F,F,F,F,?,103
Ringeltaube,179,2021,2021-05-21,14,0,T,F,F,F,?,F,F,F,F,F,F,?,141
Ringeltaube,179,2021,2021-06-13,61,0,F,F,F,F,?,F,F,F,F,F,F,?,164
Ringeltaube,180,2020,2019-03-24,2,0,F,T,F,F,?,F,F,F,F,F,F,?,83
Ringeltaube,180,2020,2019-04-07,1,0,F,T,F,F,?,F,F,F,F,F,F,?,97
Ringeltaube,180,2020,2019-05-18,6,0,F,F,T,F,?,F,F,F,F,F,F,?,138
Ringeltaube,180,2020,2019-06-15,9,0,F,T,F,F,?,F,F,F,F,F,F,?,166
Ringeltaube,180,2020,2020-03-28,4,0,F,T,F,F,?,F,F,F,F,F,F,?,88
Ringeltaube,180,2020,2020-04-19,1,0,F,T,F,F,?,F,F,F,F,F,F,?,110
Ringeltaube,180,2020,2020-05-17,18,0,F,T,F,F,?,F,F,F,F,F,F,?,138
Ringeltaube,180,2020,2020-05-31,7,0,T,T,F,F,?,F,F,F,F,F,F,?,152
Ringeltaube,180,2021,2021-03-28,2,0,F,?,?,?,?,?,F,?,?,?,?,?,87
Ringeltaube,180,2021,2021-04-17,3,0,F,?,?,?,?,?,F,?,?,?,?,?,107
Ringeltaube,180,2021,2021-05-15,1,0,F,T,?,?,?,?,F,?,?,?,?,?,135
Ringeltaube,180,2021,2021-06-13,8,0,F,T,?,?,?,?,F,?,?,?,?,?,164
Ringeltaube,181,2020,2020-03-19,4,0,F,T,F,F,?,F,F,F,F,F,F,?,79
Ringeltaube,181,2020,2020-04-24,1,0,F,T,F,F,?,F,F,F,F,F,F,?,115
Ringeltaube,181,2020,2020-05-20,7,0,F,T,F,F,?,F,F,F,F,F,F,?,141
Ringeltaube,181,2020,2020-06-19,1,0,F,T,F,F,?,F,F,F,F,F,F,?,171
Ringeltaube,181,2021,2021-03-31,7,0,F,T,F,F,?,F,?,F,F,F,F,?,90
Ringeltaube,181,2021,2021-04-07,2,0,F,T,F,F,?,F,?,F,F,F,F,?,97
Ringeltaube,181,2021,2021-05-24,9,0,F,T,F,F,?,T,?,F,F,F,F,?,144
Ringeltaube,182,2018,2018-03-14,4,0,?,T,F,F,?,F,F,F,F,F,F,?,73
Ringeltaube,182,2018,2018-04-11,3,0,?,T,F,F,?,F,F,F,F,F,F,?,101
Ringeltaube,182,2018,2018-05-11,7,0,?,T,F,F,?,F,F,F,F,F,F,?,131
Ringeltaube,182,2018,2018-06-02,7,0,?,T,F,F,?,F,F,F,F,F,F,?,153
Ringeltaube,182,2020,2020-03-26,5,0,F,T,F,F,?,F,F,F,F,F,F,?,86
Ringeltaube,182,2020,2020-04-25,10,0,F,T,F,F,?,T,F,F,F,F,F,?,116
Ringeltaube,182,2020,2020-05-16,5,0,F,T,F,F,?,F,F,F,F,F,F,?,137
Ringeltaube,182,2020,2020-05-25,9,0,T,T,F,F,?,T,F,F,F,F,F,?,146
Ringeltaube,182,2021,2021-03-30,7,0,F,T,F,F,?,F,F,F,F,F,F,?,89
Ringeltaube,182,2021,2021-04-25,5,0,F,T,F,F,?,F,F,F,F,F,F,?,115
Ringeltaube,182,2021,2021-05-10,6,0,F,T,F,F,?,F,F,F,F,F,F,?,130
Ringeltaube,182,2021,2021-05-30,14,0,F,T,F,F,?,F,F,F,F,F,F,?,150
Ringeltaube,182,2021,2021-06-20,0,0,NA,NA,NA,NA,NA,NA,NA,NA,NA,NA,NA,NA,171
Ringeltaube,183,2018,2018-03-17,0,0,NA,NA,NA,NA,NA,NA,NA,NA,NA,NA,NA,NA,76
Ringeltaube,183,2018,2018-04-09,0,0,NA,NA,NA,NA,NA,NA,NA,NA,NA,NA,NA,NA,99
Ringeltaube,183,2018,2018-05-06,1,0,F,F,F,F,?,F,F,F,F,F,F,?,126
Ringeltaube,183,2018,2018-06-03,0,0,NA,NA,NA,NA,NA,NA,NA,NA,NA,NA,NA,NA,154
Ringeltaube,183,2020,2020-04-19,1,0,F,T,F,F,?,F,F,F,F,F,F,?,110
Ringeltaube,183,2020,2020-05-17,3,0,F,T,T,F,?,F,F,F,F,F,F,?,138
Ringeltaube,183,2020,2020-06-14,2,0,F,T,F,F,?,F,F,F,F,F,F,?,166
Ringeltaube,183,2021,2021-03-28,0,0,NA,NA,NA,NA,NA,NA,NA,NA,NA,NA,NA,NA,87
Ringeltaube,183,2021,2021-04-25,3,0,F,T,F,F,?,F,F,F,F,F,F,?,115
Ringeltaube,183,2021,2021-06-12,0,0,NA,NA,NA,NA,NA,NA,NA,NA,NA,NA,NA,NA,163
Ringeltaube,184,2018,2018-03-26,7,0,?,T,F,F,?,F,F,F,F,F,F,?,85
Ringeltaube,184,2018,2018-04-15,2,0,?,F,F,F,?,F,F,F,F,F,F,?,105
Ringeltaube,184,2018,2018-05-12,7,0,?,T,T,F,?,F,F,F,F,F,F,?,132
Ringeltaube,184,2018,2018-06-16,2,0,?,F,F,F,?,F,F,F,F,F,F,?,167
Ringeltaube,184,2020,2020-03-19,5,0,F,T,F,F,?,F,F,F,F,F,F,?,79
Ringeltaube,184,2020,2020-04-10,4,0,F,T,F,F,?,F,F,F,F,F,F,?,101
Ringeltaube,184,2020,2020-05-10,6,0,F,T,T,F,?,F,F,F,F,F,F,?,131
Ringeltaube,184,2020,2020-06-14,7,0,F,T,F,F,?,F,F,F,F,F,F,?,166
Ringeltaube,184,2021,2021-03-28,6,0,F,T,F,F,?,F,F,F,F,F,F,?,87
Ringeltaube,184,2021,2021-04-28,5,0,F,T,F,F,?,F,F,F,F,F,F,?,118
Ringeltaube,184,2021,2021-05-24,4,0,F,T,F,F,?,F,F,F,F,F,F,?,144
Ringeltaube,184,2021,2021-06-13,5,0,F,T,F,F,?,F,F,F,F,F,F,?,164
Ringeltaube,186,2020,2020-03-13,4,0,F,T,F,F,F,F,F,F,F,F,F,?,73
Ringeltaube,186,2020,2020-04-03,1,0,F,T,F,F,F,F,F,F,F,F,F,?,94
Ringeltaube,186,2020,2020-05-01,5,0,F,T,F,F,F,T,F,F,F,F,F,?,122
Ringeltaube,186,2020,2020-05-25,2,0,F,T,F,F,F,F,F,F,F,F,F,?,146
Ringeltaube,186,2021,2021-03-10,1,0,?,T,?,?,?,?,?,?,?,?,?,?,69
Ringeltaube,186,2021,2021-04-02,5,0,?,T,?,?,?,?,?,?,?,?,?,?,92
Ringeltaube,186,2021,2021-05-04,5,0,?,T,?,?,?,T,?,?,?,?,?,?,124
Ringeltaube,186,2021,2021-06-08,0,0,NA,NA,NA,NA,NA,NA,NA,NA,NA,NA,NA,NA,159
Ringeltaube,186,2022,2022-03-30,3,0,F,T,F,F,F,F,F,F,F,F,F,?,89
Ringeltaube,186,2022,2022-04-27,0,0,NA,NA,NA,NA,NA,NA,NA,NA,NA,NA,NA,NA,117
Ringeltaube,186,2022,2022-05-16,1,0,F,T,F,F,F,F,F,F,F,F,F,?,136
Ringeltaube,186,2022,2022-06-15,1,0,F,T,F,F,F,F,F,F,F,F,F,?,166
Ringeltaube,186,2023,2023-03-28,3,0,F,T,F,F,F,F,F,F,F,F,F,?,87
Ringeltaube,186,2023,2023-04-26,2,0,F,T,F,F,F,F,F,F,F,F,F,?,116
Ringeltaube,186,2023,2023-05-17,2,0,F,T,F,F,F,F,F,F,F,F,F,?,137
Ringeltaube,187,2018,2018-03-27,3,0,F,F,F,F,?,F,F,F,F,F,F,?,86
Ringeltaube,187,2018,2018-04-18,2,0,F,F,F,F,?,F,F,F,F,F,F,?,108
Ringeltaube,187,2018,2018-05-19,3,0,F,F,T,F,?,F,F,F,F,F,F,?,139
Ringeltaube,187,2018,2018-06-20,3,0,F,F,T,F,?,F,F,F,F,F,F,?,171
Ringeltaube,187,2020,2020-03-18,1,0,F,F,T,F,?,F,F,F,F,F,F,?,78
Ringeltaube,187,2020,2020-04-08,0,0,NA,NA,NA,NA,NA,NA,NA,NA,NA,NA,NA,NA,99
Ringeltaube,187,2020,2020-05-09,1,0,F,F,F,F,?,F,F,F,F,F,F,?,130
Ringeltaube,187,2020,2020-06-17,1,0,F,F,F,F,?,F,F,F,F,F,F,?,169
Ringeltaube,187,2021,2021-03-26,3,0,F,F,F,F,?,F,F,F,F,F,F,?,85
Ringeltaube,187,2021,2021-04-22,1,0,F,F,F,F,?,F,F,F,F,F,F,?,112
Ringeltaube,187,2021,2021-05-22,2,0,F,F,T,F,?,F,F,F,F,F,F,?,142
Ringeltaube,187,2021,2021-06-12,2,0,F,T,F,F,?,F,F,F,F,F,F,?,163
Ringeltaube,188,2018,2018-03-22,1,0,?,T,F,F,?,F,F,F,F,F,F,?,81
Ringeltaube,188,2018,2018-04-22,2,0,?,T,F,F,?,F,F,F,F,F,F,?,112
Ringeltaube,188,2018,2018-05-08,2,0,?,T,F,F,?,F,F,F,F,F,F,?,128
Ringeltaube,188,2018,2018-05-26,4,0,?,T,F,F,?,F,F,F,F,F,F,?,146
Ringeltaube,188,2020,2020-03-29,1,0,F,T,F,F,?,F,F,F,F,F,F,?,89
Ringeltaube,188,2020,2020-04-28,7,0,F,T,F,F,?,F,F,F,F,F,F,?,119
Ringeltaube,188,2020,2020-05-09,5,0,F,T,F,F,?,T,F,F,F,F,F,?,130
Ringeltaube,188,2020,2020-06-02,6,0,F,T,F,F,?,F,F,F,F,F,F,?,154
Ringeltaube,189,2020,2020-03-12,0,0,NA,NA,NA,NA,NA,NA,NA,NA,NA,NA,NA,NA,72
Ringeltaube,189,2020,2020-04-05,3,0,F,T,F,F,F,F,F,F,F,F,F,?,96
Ringeltaube,189,2020,2020-05-03,4,0,F,T,F,F,F,F,F,F,F,F,F,?,124
Ringeltaube,189,2020,2020-05-31,3,0,F,T,F,F,F,F,F,F,F,F,F,?,152
Ringeltaube,189,2021,2021-03-12,1,0,?,T,?,?,?,?,?,?,?,?,?,?,71
Ringeltaube,189,2021,2021-04-06,3,0,?,T,?,?,?,T,?,?,?,?,?,?,96
Ringeltaube,189,2021,2021-04-30,9,0,T,T,?,?,?,T,?,?,?,?,?,?,120
Ringeltaube,189,2021,2021-05-08,3,0,?,?,?,?,?,?,?,?,?,?,?,?,128
Ringeltaube,189,2022,2022-03-29,1,0,F,T,F,F,F,F,F,F,F,F,F,?,88
Ringeltaube,189,2022,2022-04-27,2,0,F,T,F,F,F,F,F,F,F,F,F,?,117
Ringeltaube,189,2022,2022-05-16,7,0,F,T,F,F,F,F,F,F,F,F,F,?,136
Ringeltaube,189,2022,2022-06-15,3,0,F,F,F,F,F,F,F,F,F,F,F,?,166
Ringeltaube,189,2023,2023-03-15,1,0,F,T,F,F,F,F,F,F,F,F,F,?,74
Ringeltaube,189,2023,2023-04-19,2,0,F,T,F,F,F,F,F,F,F,F,F,?,109
Ringeltaube,189,2023,2023-05-02,6,0,F,T,F,F,F,F,F,F,F,F,F,?,122
Ringeltaube,189,2023,2023-06-15,2,0,F,T,F,F,F,F,F,F,F,F,F,?,166
Ringeltaube,191,2018,2018-03-25,5,0,F,T,F,F,?,F,F,F,F,F,F,?,84
Ringeltaube,191,2018,2018-04-08,10,0,F,T,F,F,?,T,F,F,F,F,F,?,98
Ringeltaube,191,2018,2018-05-06,1,0,F,T,F,F,?,F,F,F,F,F,F,?,126
Ringeltaube,191,2018,2018-06-16,4,0,F,T,F,F,?,F,F,F,F,F,F,?,167
Ringeltaube,191,2021,2021-03-20,19,0,F,T,?,?,?,T,F,?,?,T,?,?,79
Ringeltaube,191,2021,2021-04-11,10,0,F,T,?,?,?,?,F,?,?,?,?,?,101
Ringeltaube,191,2021,2021-05-13,12,0,F,T,?,?,?,T,F,?,?,?,?,?,133
Ringeltaube,191,2021,2021-06-05,10,0,F,T,?,?,?,?,F,?,?,?,?,?,156
Ringeltaube,192,2018,2018-03-14,8,0,F,T,T,F,?,F,F,F,F,F,F,?,73
Ringeltaube,192,2018,2018-04-25,4,0,F,T,T,F,?,F,F,F,F,F,F,?,115
Ringeltaube,192,2018,2018-05-19,7,0,F,T,T,F,?,F,F,F,F,F,F,?,139
Ringeltaube,192,2018,2018-06-20,10,0,F,F,T,F,?,F,F,F,F,F,F,?,171
Ringeltaube,192,2020,2020-03-27,5,0,F,T,T,F,?,F,F,F,F,F,F,?,87
Ringeltaube,192,2020,2020-04-13,10,0,F,F,T,F,?,F,F,F,F,F,F,?,104
Ringeltaube,192,2020,2020-05-17,8,0,F,F,T,F,?,F,F,F,F,F,F,?,138
Ringeltaube,192,2020,2020-06-20,11,0,F,T,T,F,?,F,F,F,F,F,F,?,172
Ringeltaube,192,2021,2021-03-26,7,0,F,T,F,F,?,F,F,F,F,F,F,?,85
Ringeltaube,192,2021,2021-04-25,8,0,F,T,T,F,?,F,F,F,F,F,F,?,115
Ringeltaube,192,2021,2021-05-09,13,0,?,T,T,?,?,?,?,?,?,?,?,?,129
Ringeltaube,193,2018,2018-03-18,21,0,F,T,T,F,?,T,F,F,F,F,F,?,77
Ringeltaube,193,2018,2018-04-08,18,0,F,T,F,F,?,F,F,F,F,F,F,?,98
Ringeltaube,193,2018,2018-05-01,10,0,F,T,T,F,?,F,F,F,F,F,F,?,121
Ringeltaube,193,2018,2018-06-09,7,0,F,T,T,F,?,F,F,F,F,F,F,?,160
Ringeltaube,193,2018,2019-05-01,0,0,NA,NA,NA,NA,NA,NA,NA,NA,NA,NA,NA,NA,121
Ringeltaube,194,2018,2018-03-10,0,0,NA,NA,NA,NA,NA,NA,NA,NA,NA,NA,NA,NA,69
Ringeltaube,194,2018,2018-04-02,2,0,?,T,F,F,?,F,F,F,F,F,F,?,92
Ringeltaube,194,2018,2018-05-05,2,0,?,T,F,F,?,F,F,F,F,F,F,?,125
Ringeltaube,194,2018,2018-05-22,1,0,?,T,F,F,?,F,F,F,F,F,F,?,142
Ringeltaube,194,2020,2020-03-20,3,0,F,T,F,F,?,F,F,F,F,F,F,?,80
Ringeltaube,194,2020,2020-04-08,0,0,NA,NA,NA,NA,NA,NA,NA,NA,NA,NA,NA,NA,99
Ringeltaube,194,2020,2020-05-20,2,0,F,T,F,F,?,F,F,F,F,F,F,?,141
Ringeltaube,194,2020,2020-06-05,1,0,F,T,F,F,?,F,F,F,F,F,F,?,157
Ringeltaube,195,2018,2018-03-20,0,0,NA,NA,NA,NA,NA,NA,NA,NA,NA,NA,NA,NA,79
Ringeltaube,195,2018,2018-04-12,10,0,T,T,F,F,?,F,F,F,F,F,F,?,102
Ringeltaube,195,2018,2018-05-18,4,0,F,T,F,F,?,F,F,F,F,F,F,?,138
Ringeltaube,195,2018,2018-06-08,4,0,F,T,F,F,?,F,F,F,F,F,F,?,159
Ringeltaube,195,2021,2021-06-13,9,0,F,T,T,F,?,F,?,F,F,F,F,?,164
Ringeltaube,196,2018,2018-04-07,4,0,F,F,F,F,?,T,F,F,F,F,F,?,97
Ringeltaube,196,2018,2018-05-12,4,0,F,T,F,F,?,T,F,F,F,F,F,?,132
Ringeltaube,196,2018,2018-06-02,4,0,F,F,F,F,?,F,F,F,F,F,F,?,153
Ringeltaube,196,2020,2020-03-28,6,0,F,T,F,F,?,T,F,F,F,F,F,?,88
Ringeltaube,196,2020,2020-04-11,10,0,F,T,F,F,?,T,F,F,F,F,F,?,102
Ringeltaube,196,2020,2020-05-02,5,0,F,T,F,F,?,T,F,F,F,F,F,?,123
Ringeltaube,196,2020,2020-05-30,6,0,F,T,F,F,?,T,F,F,F,F,F,?,151
Ringeltaube,196,2021,2021-03-26,4,0,F,T,F,F,?,F,F,F,F,F,F,?,85
Ringeltaube,196,2021,2021-04-17,2,0,F,T,F,F,?,T,F,F,F,F,F,?,107
Ringeltaube,196,2021,2021-05-08,8,0,F,T,F,F,?,T,F,F,F,F,F,?,128
Ringeltaube,196,2021,2021-05-29,5,0,F,F,F,F,?,F,F,F,F,T,F,?,149
Ringeltaube,197,2018,2018-03-16,1,0,?,F,T,F,?,F,F,F,F,F,F,?,75
Ringeltaube,197,2018,2018-04-10,1,0,?,T,F,F,?,F,F,F,F,F,F,?,100
Ringeltaube,197,2018,2018-05-15,6,0,?,T,F,F,?,F,F,F,F,F,F,?,135
Ringeltaube,197,2018,2018-06-06,3,0,?,T,F,F,?,F,F,F,F,F,F,?,157
Ringeltaube,197,2020,2020-03-16,2,0,F,T,F,F,?,F,F,F,F,F,F,?,76
Ringeltaube,197,2020,2020-04-05,2,0,F,T,T,F,?,F,F,F,F,F,F,?,96
Ringeltaube,197,2020,2020-05-06,2,0,F,T,F,F,?,T,F,F,F,F,F,?,127
Ringeltaube,197,2020,2020-05-22,2,0,F,T,F,F,?,F,F,F,F,F,F,?,143
Ringeltaube,197,2021,2021-03-28,9,0,F,T,T,F,?,F,F,F,F,F,F,?,87
Ringeltaube,197,2021,2021-04-21,4,0,F,T,F,F,?,F,F,F,F,F,F,?,111
Ringeltaube,197,2021,2021-05-15,2,0,F,T,F,F,?,F,F,F,F,F,F,?,135
Ringeltaube,197,2021,2021-05-28,7,0,F,T,F,F,?,F,F,F,F,F,F,?,148
Ringeltaube,198,2018,2018-03-25,3,0,F,T,F,F,?,F,F,F,F,F,F,?,84
Ringeltaube,198,2018,2018-05-06,5,0,F,T,F,F,?,F,F,F,F,F,F,?,126
Ringeltaube,198,2018,2018-06-03,6,0,F,T,F,F,?,F,F,F,F,F,F,?,154
Ringeltaube,198,2018,2018-06-08,7,0,F,T,F,F,?,F,F,F,F,F,F,?,159
Ringeltaube,198,2020,2020-03-15,3,0,F,T,F,F,?,F,F,F,F,F,F,?,75
Ringeltaube,198,2020,2020-04-05,6,0,F,T,F,F,?,F,F,F,F,F,F,?,96
Ringeltaube,198,2020,2020-05-03,5,0,F,T,F,F,?,F,F,F,F,F,F,?,124
Ringeltaube,198,2020,2020-06-01,4,0,F,T,F,F,?,F,F,F,F,F,F,?,153
Ringeltaube,198,2021,2021-03-27,3,0,F,T,F,F,?,F,F,F,F,F,F,?,86
Ringeltaube,198,2021,2021-04-24,3,0,F,T,F,F,?,F,F,F,F,F,F,?,114
Ringeltaube,198,2021,2021-05-08,7,0,F,T,T,F,?,T,F,F,F,F,F,?,128
Ringeltaube,198,2021,2021-05-24,6,0,?,?,T,?,?,?,?,?,?,?,?,?,144
Ringeltaube,199,2018,2018-03-11,3,0,F,F,T,F,?,F,F,F,F,F,F,?,70
Ringeltaube,199,2018,2018-04-23,2,0,F,F,T,F,?,F,F,F,F,F,F,?,113
Ringeltaube,199,2018,2018-05-05,4,0,F,F,T,F,?,F,F,F,F,F,F,?,125
Ringeltaube,199,2018,2018-06-14,4,0,F,F,T,F,?,F,F,F,F,F,F,?,165
Ringeltaube,199,2020,2020-03-28,5,0,F,F,T,F,?,F,F,F,F,F,F,?,88
Ringeltaube,199,2020,2020-04-11,11,0,F,F,T,F,?,F,F,F,F,F,F,?,102
Ringeltaube,199,2020,2020-05-07,6,0,F,F,T,F,?,F,F,F,F,F,F,?,128
Ringeltaube,199,2020,2020-05-26,8,0,F,F,T,F,?,T,F,F,F,F,F,?,147
Ringeltaube,199,2021,2021-03-29,4,0,F,T,F,F,?,F,F,F,F,F,F,?,88
Ringeltaube,199,2021,2021-04-11,8,0,F,F,F,F,?,F,F,F,F,F,F,?,101
Ringeltaube,199,2021,2021-05-08,11,0,F,F,T,F,?,F,F,F,F,F,F,?,128
Ringeltaube,199,2021,2021-06-14,1,0,F,T,F,F,?,F,F,F,F,F,F,?,165
Ringeltaube,202,2020,2020-03-14,0,0,NA,NA,NA,NA,NA,NA,NA,NA,NA,NA,NA,NA,74
Ringeltaube,202,2020,2020-04-02,4,0,F,T,F,F,?,F,F,F,F,F,F,?,93
Ringeltaube,202,2020,2020-05-02,3,0,F,T,F,F,?,F,F,F,F,T,F,?,123
Ringeltaube,202,2020,2020-06-20,3,0,F,T,F,F,?,F,F,F,F,F,F,?,172
Ringeltaube,202,2021,2021-03-24,1,0,F,T,F,F,?,F,F,F,F,F,F,?,83
Ringeltaube,202,2021,2021-04-14,2,0,F,T,F,F,?,F,F,F,F,F,F,?,104
Ringeltaube,202,2021,2021-05-13,3,0,F,F,F,F,?,F,F,F,F,F,F,?,133
Ringeltaube,202,2021,2021-06-02,2,0,F,T,F,F,?,F,F,F,F,F,F,?,153
Ringeltaube,203,2020,2020-03-23,13,0,F,T,T,F,?,F,F,F,F,F,F,?,83
Ringeltaube,203,2020,2020-04-22,8,0,F,T,T,F,?,T,F,F,F,F,F,?,113
Ringeltaube,203,2020,2020-05-13,18,0,F,F,T,F,?,T,F,F,F,F,F,?,134
Ringeltaube,203,2020,2020-06-03,10,0,F,F,T,F,?,T,F,F,F,F,F,?,155
Ringeltaube,205,2019,2019-04-16,1,0,F,F,F,F,?,F,F,F,F,F,F,?,106
Ringeltaube,205,2019,2019-06-14,1,0,F,F,F,F,?,F,F,F,F,F,F,?,165
Ringeltaube,205,2019,2019-03-25,0,0,NA,NA,NA,NA,NA,NA,NA,NA,NA,NA,NA,NA,84
Ringeltaube,205,2019,2019-05-16,0,0,NA,NA,NA,NA,NA,NA,NA,NA,NA,NA,NA,NA,136
Ringeltaube,205,2020,2020-04-11,0,0,NA,NA,NA,NA,NA,NA,NA,NA,NA,NA,NA,NA,102
Ringeltaube,205,2020,2020-05-16,1,0,F,T,F,F,?,F,F,F,F,F,F,?,137
Ringeltaube,205,2020,2020-06-18,0,0,NA,NA,NA,NA,NA,NA,NA,NA,NA,NA,NA,NA,170
Ringeltaube,206,2019,2019-03-23,4,0,F,F,F,F,?,F,F,F,F,F,F,?,82
Ringeltaube,206,2019,2019-04-14,5,0,F,F,F,F,?,F,F,F,F,F,F,?,104
Ringeltaube,206,2019,2019-05-07,5,0,F,F,F,F,?,F,F,F,F,F,F,?,127
Ringeltaube,206,2019,2019-06-08,6,0,F,F,F,F,?,F,F,F,F,F,F,?,159
Ringeltaube,206,2020,2020-03-27,10,0,F,T,F,F,?,F,F,F,F,F,F,?,87
Ringeltaube,206,2020,2020-04-22,4,0,F,T,F,F,?,F,F,F,F,F,F,?,113
Ringeltaube,206,2020,2020-05-17,3,0,F,T,F,F,?,F,F,F,F,F,F,?,138
Ringeltaube,206,2020,2020-06-17,5,0,F,T,F,F,?,F,F,F,F,F,F,?,169
Ringeltaube,206,2021,2021-03-24,4,0,F,T,T,F,F,F,F,F,F,F,F,?,83
Ringeltaube,206,2021,2021-04-26,5,0,F,T,F,F,F,F,F,F,F,F,F,?,116
Ringeltaube,206,2021,2021-05-20,11,0,F,T,F,F,?,F,F,F,F,F,F,?,140
Ringeltaube,206,2022,2022-03-30,2,0,F,T,F,F,F,F,F,F,F,F,F,?,89
Ringeltaube,206,2022,2022-04-21,2,0,F,T,F,F,F,F,F,F,F,F,F,?,111
Ringeltaube,206,2022,2022-05-17,2,0,F,T,F,F,F,F,F,F,F,F,F,?,137
Ringeltaube,206,2022,2022-06-14,0,0,NA,NA,NA,NA,NA,NA,NA,NA,NA,NA,NA,NA,165
Ringeltaube,206,2023,2023-03-28,2,0,F,T,F,F,F,F,F,F,F,F,F,?,87
Ringeltaube,206,2023,2023-04-18,3,0,F,T,F,F,F,F,F,F,F,F,F,?,108
Ringeltaube,206,2023,2023-05-12,5,0,F,T,T,F,F,F,F,F,F,F,F,?,132
Ringeltaube,206,2023,2023-06-14,4,0,F,T,F,F,F,F,F,F,F,F,F,?,165
Ringeltaube,207,2018,2018-03-24,0,0,NA,NA,NA,NA,NA,NA,NA,NA,NA,NA,NA,NA,83
Ringeltaube,207,2018,2018-04-22,1,0,?,F,F,F,?,F,F,F,F,F,F,?,112
Ringeltaube,207,2018,2018-05-13,1,0,?,F,F,F,?,F,F,F,F,F,F,?,133
Ringeltaube,207,2018,2018-06-09,1,0,?,F,F,F,?,F,F,F,F,F,F,?,160
Ringeltaube,207,2020,2020-03-14,3,0,F,T,T,F,?,F,F,F,F,F,F,?,74
Ringeltaube,207,2020,2020-04-07,2,0,F,T,F,F,?,F,F,F,F,F,F,?,98
Ringeltaube,207,2020,2020-05-09,6,0,F,T,F,F,?,F,F,F,F,F,F,?,130
Ringeltaube,207,2020,2020-06-20,5,0,F,T,F,F,?,F,F,F,F,F,F,?,172
Ringeltaube,207,2021,2021-03-28,3,0,F,T,F,F,?,F,F,F,F,F,F,?,87
Ringeltaube,207,2021,2021-04-24,0,0,NA,NA,NA,NA,NA,NA,NA,NA,NA,NA,NA,NA,114
Ringeltaube,207,2021,2021-05-13,3,0,F,F,F,F,?,F,F,F,F,F,F,?,133
Ringeltaube,207,2021,2021-06-13,3,0,F,F,F,F,?,F,F,F,F,F,F,?,164
Ringeltaube,209,2018,2018-03-10,8,0,?,T,F,F,?,F,F,F,F,F,F,?,69
Ringeltaube,209,2018,2018-04-08,7,0,?,T,T,F,?,F,F,F,F,F,F,?,98
Ringeltaube,209,2018,2018-05-18,10,0,?,T,T,F,?,F,F,F,F,F,F,?,138
Ringeltaube,209,2018,2018-06-09,9,0,?,F,T,F,?,F,F,F,F,F,F,?,160
Ringeltaube,209,2020,2020-03-15,5,0,F,T,F,F,?,F,F,F,F,F,F,?,75
Ringeltaube,209,2020,2020-04-05,15,0,F,T,F,F,?,F,F,F,F,F,F,?,96
Ringeltaube,209,2020,2020-05-10,15,0,F,T,F,F,?,F,F,F,F,F,F,?,131
Ringeltaube,209,2020,2020-06-02,3,0,F,T,F,F,?,F,F,F,F,F,F,?,154
Ringeltaube,209,2021,2021-03-28,13,0,F,T,?,?,?,?,F,?,?,?,?,?,87
Ringeltaube,209,2021,2021-04-24,8,0,F,T,?,?,?,?,F,?,?,?,?,?,114
Ringeltaube,209,2021,2021-05-09,12,0,F,T,?,?,?,?,F,?,?,?,?,?,129
Ringeltaube,209,2021,2021-05-29,11,0,F,T,?,?,?,?,F,?,?,?,?,?,149
Ringeltaube,211,2018,2018-03-25,1,0,?,T,F,F,?,F,F,F,F,F,F,?,84
Ringeltaube,211,2018,2018-04-27,1,0,?,T,F,F,?,F,F,F,F,F,F,?,117
Ringeltaube,211,2018,2018-05-19,2,0,?,T,F,F,?,F,F,F,F,F,F,?,139
Ringeltaube,211,2018,2018-06-19,0,0,NA,NA,NA,NA,NA,NA,NA,NA,NA,NA,NA,NA,170
Ringeltaube,211,2020,2020-03-28,5,0,F,T,F,F,?,F,F,F,F,F,F,?,88
Ringeltaube,211,2020,2020-04-19,4,0,F,T,F,F,?,F,F,F,F,F,F,?,110
Ringeltaube,211,2020,2020-05-18,2,0,F,T,F,F,?,F,F,F,F,F,F,?,139
Ringeltaube,211,2020,2020-06-20,1,0,F,T,F,F,?,F,F,F,F,F,F,?,172
Ringeltaube,213,2018,2018-03-27,11,0,?,T,F,F,?,T,F,F,F,F,F,?,86
Ringeltaube,213,2018,2018-04-26,3,0,?,T,F,F,?,F,F,F,F,F,F,?,116
Ringeltaube,213,2018,2018-05-20,4,0,?,T,F,F,?,T,F,F,F,F,F,?,140
Ringeltaube,213,2021,2021-03-29,2,0,F,T,?,?,?,?,F,?,?,?,?,?,88
Ringeltaube,213,2021,2021-05-16,4,0,F,T,?,?,?,?,F,?,?,?,?,?,136
Ringeltaube,213,2021,2021-06-19,0,0,NA,NA,NA,NA,NA,NA,NA,NA,NA,NA,NA,NA,170
Ringeltaube,215,2018,2018-03-26,10,0,?,T,F,F,?,F,F,F,F,F,F,?,85
Ringeltaube,215,2018,2018-04-21,8,0,?,T,F,F,?,F,F,F,F,F,F,?,111
Ringeltaube,215,2018,2018-05-19,8,0,?,T,T,F,?,F,F,F,F,F,F,?,139
Ringeltaube,215,2018,2018-06-04,7,0,?,T,F,F,?,F,F,F,F,F,F,?,155
Ringeltaube,215,2020,2020-03-18,6,0,F,T,F,F,?,F,F,F,F,F,F,?,78
Ringeltaube,215,2020,2020-04-01,9,0,F,T,F,F,?,F,F,F,F,F,F,?,92
Ringeltaube,215,2020,2020-05-06,7,0,F,T,F,F,?,F,F,F,F,F,F,?,127
Ringeltaube,215,2020,2020-05-22,14,0,F,T,F,F,?,F,F,F,F,F,F,?,143
Ringeltaube,215,2021,2021-03-23,8,0,F,T,F,F,?,F,F,F,F,T,F,?,82
Ringeltaube,215,2021,2021-04-14,5,0,F,T,F,F,?,F,F,F,F,F,F,?,104
Ringeltaube,215,2021,2021-05-10,6,0,F,T,F,F,?,F,F,F,F,F,F,?,130
Ringeltaube,215,2021,2021-06-05,8,0,F,T,F,F,?,F,F,F,F,F,F,?,156
Ringeltaube,216,2018,2018-03-25,3,0,F,F,F,F,?,T,F,F,F,F,F,?,84
Ringeltaube,216,2018,2018-04-08,4,0,F,T,F,F,?,T,F,F,F,F,F,?,98
Ringeltaube,216,2018,2018-05-10,1,0,F,F,F,F,?,T,F,F,F,F,F,?,130
Ringeltaube,216,2018,2018-06-03,1,0,F,F,F,F,?,T,F,F,F,F,F,?,154
Ringeltaube,216,2020,2020-03-22,3,0,F,T,F,F,?,T,F,F,F,F,F,?,82
Ringeltaube,216,2020,2020-04-10,2,0,F,F,F,F,?,F,F,F,F,F,F,?,101
Ringeltaube,216,2020,2020-05-09,1,0,F,T,F,F,?,F,F,F,F,F,F,?,130
Ringeltaube,216,2020,2020-05-31,2,0,F,F,F,F,?,F,F,F,F,F,F,?,152
Ringeltaube,216,2021,2021-03-28,2,0,F,?,?,?,?,?,F,?,?,?,?,?,87
Ringeltaube,216,2021,2021-04-25,3,0,F,T,?,?,?,T,F,?,?,?,?,?,115
Ringeltaube,216,2021,2021-05-16,1,0,F,T,?,?,?,?,F,?,?,?,?,?,136
Ringeltaube,216,2021,2021-06-13,1,0,F,T,?,?,?,?,F,?,?,?,?,?,164
Ringeltaube,217,2018,2018-03-25,3,0,F,F,F,F,?,F,F,F,F,F,F,?,84
Ringeltaube,217,2018,2018-05-06,7,0,F,T,F,F,?,F,F,F,F,F,F,?,126
Ringeltaube,217,2018,2018-05-21,3,0,F,F,F,F,?,F,F,F,F,F,F,?,141
Ringeltaube,217,2018,2018-06-21,4,0,F,T,F,F,?,F,F,F,F,F,F,?,172
Ringeltaube,218,2018,2018-03-24,2,0,?,F,F,F,?,F,F,F,F,F,F,?,83
Ringeltaube,218,2018,2018-04-08,0,0,NA,NA,NA,NA,NA,NA,NA,NA,NA,NA,NA,NA,98
Ringeltaube,218,2018,2018-05-06,1,0,?,T,F,F,?,F,F,F,F,F,F,?,126
Ringeltaube,218,2018,2018-06-21,0,0,NA,NA,NA,NA,NA,NA,NA,NA,NA,NA,NA,NA,172
Ringeltaube,218,2020,2020-03-15,4,0,F,T,F,F,?,F,F,F,F,F,F,?,75
Ringeltaube,218,2020,2020-04-05,3,0,F,T,F,F,?,F,F,F,F,F,F,?,96
Ringeltaube,218,2020,2020-05-03,1,0,F,T,F,F,?,F,F,F,F,F,F,?,124
Ringeltaube,218,2020,2020-05-24,4,0,F,T,F,F,?,F,F,F,F,F,F,?,145
Ringeltaube,218,2021,2021-03-20,4,0,F,T,F,F,?,F,F,F,F,F,F,?,79
Ringeltaube,218,2021,2021-04-04,5,0,F,T,F,F,?,F,F,F,F,F,F,?,94
Ringeltaube,218,2021,2021-05-08,5,0,F,T,F,F,?,F,F,F,F,F,F,?,128
Ringeltaube,218,2021,2021-05-30,8,0,F,T,F,F,?,F,F,F,F,F,F,?,150
Ringeltaube,219,2020,2020-03-28,3,0,F,T,F,F,?,T,F,F,F,F,F,?,88
Ringeltaube,219,2020,2020-04-19,1,0,F,T,F,F,?,F,F,F,F,F,F,?,110
Ringeltaube,219,2020,2020-05-16,2,0,F,T,F,F,?,F,F,F,F,F,F,?,137
Ringeltaube,219,2020,2020-06-13,1,0,F,T,F,F,?,F,F,F,F,F,F,?,165
Ringeltaube,219,2021,2021-03-29,2,0,F,F,F,F,?,F,F,F,F,F,F,?,88
Ringeltaube,219,2021,2021-04-24,0,0,NA,NA,NA,NA,NA,NA,NA,NA,NA,NA,NA,NA,114
Ringeltaube,219,2021,2021-05-08,3,0,F,F,F,F,?,F,F,F,F,F,F,?,128
Ringeltaube,219,2021,2021-05-30,2,0,F,T,F,F,?,T,F,F,F,F,F,?,150
Ringeltaube,220,2020,2020-03-31,4,0,F,T,F,F,?,F,F,F,F,F,F,?,91
Ringeltaube,220,2020,2020-04-26,5,0,F,T,T,F,?,F,F,F,F,F,F,?,117
Ringeltaube,220,2020,2020-05-17,1,0,F,T,F,F,?,F,F,F,F,F,F,?,138
Ringeltaube,220,2020,2020-06-20,1,0,F,F,F,F,?,F,F,F,F,F,F,?,172
Ringeltaube,220,2021,2021-03-28,4,0,F,T,?,?,?,T,F,?,?,?,?,?,87
Ringeltaube,220,2021,2021-04-25,4,0,F,?,?,?,?,?,F,?,?,?,?,?,115
Ringeltaube,220,2021,2021-05-20,4,0,F,?,?,?,?,?,F,?,?,?,?,?,140
Ringeltaube,220,2021,2021-06-20,8,0,F,T,?,?,?,T,F,?,?,?,?,?,171
Ringeltaube,221,2019,2019-03-24,1,0,F,T,F,F,?,F,F,F,F,F,F,?,83
Ringeltaube,221,2019,2019-04-21,2,0,F,F,F,F,?,F,F,F,F,F,F,?,111
Ringeltaube,221,2019,2019-05-18,1,0,F,T,F,F,?,F,F,F,F,F,F,?,138
Ringeltaube,221,2019,2019-06-16,0,0,NA,NA,NA,NA,NA,NA,NA,NA,NA,NA,NA,NA,167
Ringeltaube,221,2019,2019-06-17,0,0,NA,NA,NA,NA,NA,NA,NA,NA,NA,NA,NA,NA,168
Ringeltaube,221,2020,2020-03-27,2,0,F,T,F,F,?,F,F,F,F,F,F,?,87
Ringeltaube,221,2020,2020-04-26,2,0,F,T,F,F,?,F,F,F,F,F,F,?,117
Ringeltaube,221,2020,2020-05-17,4,0,F,T,F,F,?,F,F,F,F,F,F,?,138
Ringeltaube,221,2020,2020-06-20,1,0,?,T,F,F,?,F,F,?,F,F,F,?,172
Ringeltaube,221,2021,2021-03-28,4,0,?,T,F,F,?,F,F,?,F,F,F,?,87
Ringeltaube,221,2021,2021-04-25,2,0,?,T,F,F,?,F,F,?,F,F,F,?,115
Ringeltaube,221,2021,2021-05-20,2,0,?,F,F,F,?,F,F,?,F,T,F,?,140
Ringeltaube,221,2021,2021-06-13,2,0,?,T,F,F,?,F,F,?,F,F,F,?,164
Ringeltaube,221,2022,2022-03-20,1,0,F,T,F,F,?,F,F,F,F,F,F,?,79
Ringeltaube,221,2022,2022-04-18,3,0,F,T,F,F,?,F,F,F,F,F,F,?,108
Ringeltaube,221,2022,2022-05-08,4,0,F,T,F,F,?,F,F,F,F,F,F,?,128
Ringeltaube,221,2022,2022-05-26,2,0,F,T,F,F,?,F,F,F,F,F,F,?,146
Ringeltaube,221,2023,2023-03-22,2,0,F,T,F,F,F,F,F,F,F,F,F,?,81
Ringeltaube,221,2023,2023-04-22,3,0,F,T,F,F,F,F,F,F,F,F,F,?,112
Ringeltaube,221,2023,2023-05-13,1,0,F,T,F,F,F,F,F,F,F,F,F,?,133
Ringeltaube,221,2023,2023-06-11,3,0,F,T,F,F,F,F,F,F,F,T,F,?,162
Ringeltaube,225,2018,2018-03-16,4,0,F,F,T,F,?,F,F,F,F,F,F,?,75
Ringeltaube,225,2018,2018-04-20,3,0,F,F,T,F,?,F,F,F,F,F,F,?,110
Ringeltaube,225,2018,2018-05-12,5,0,F,F,T,F,?,F,F,F,F,F,F,?,132
Ringeltaube,225,2018,2018-06-05,7,0,F,F,T,F,?,T,F,F,F,F,F,?,156
Ringeltaube,225,2020,2020-03-19,10,0,F,T,F,F,?,F,F,F,F,F,F,?,79
Ringeltaube,225,2020,2020-04-06,8,0,F,T,T,F,?,F,F,F,F,F,F,?,97
Ringeltaube,225,2020,2020-05-18,4,0,F,F,T,F,?,F,F,F,F,F,F,?,139
Ringeltaube,225,2020,2020-05-27,7,0,F,F,T,F,?,F,F,F,F,F,F,?,148
Ringeltaube,225,2021,2021-03-21,22,0,F,F,T,F,?,F,F,F,F,F,F,?,80
Ringeltaube,225,2021,2021-04-25,18,0,F,T,T,F,?,T,F,F,F,F,F,?,115
Ringeltaube,225,2021,2021-05-24,12,0,F,T,F,F,?,F,F,F,F,F,F,?,144
Ringeltaube,225,2021,2021-06-12,14,0,F,T,T,F,?,F,F,F,F,F,F,?,163
Ringeltaube,225,2021,2021-03-30,0,0,NA,NA,NA,NA,NA,NA,NA,NA,NA,NA,NA,NA,89
Ringeltaube,225,2021,2020-06-12,0,0,NA,NA,NA,NA,NA,NA,NA,NA,NA,NA,NA,NA,164
Ringeltaube,226,2018,2018-04-09,4,0,F,T,F,F,?,F,F,F,F,F,F,?,99
Ringeltaube,226,2018,2018-04-24,5,0,F,T,F,F,?,F,F,F,F,F,F,?,114
Ringeltaube,226,2018,2018-05-18,4,0,F,T,F,F,?,F,F,F,F,F,F,?,138
Ringeltaube,226,2018,2018-05-26,3,0,F,T,F,F,?,F,F,F,F,F,F,?,146
Ringeltaube,226,2020,2020-03-20,4,0,F,T,F,F,?,F,F,F,F,F,F,?,80
Ringeltaube,226,2020,2020-04-11,6,0,F,T,F,F,?,F,F,F,F,F,F,?,102
Ringeltaube,226,2020,2020-05-03,5,0,F,T,F,F,?,F,F,F,F,F,F,?,124
Ringeltaube,226,2020,2020-05-22,6,0,F,T,F,F,?,F,F,F,F,F,F,?,143
Ringeltaube,226,2021,2021-03-23,6,0,F,T,F,F,?,F,?,F,F,F,F,?,82
Ringeltaube,226,2021,2021-04-11,5,0,F,T,F,F,?,F,?,F,F,F,F,?,101
Ringeltaube,226,2021,2021-05-01,9,0,F,T,F,F,?,F,?,F,F,F,F,?,121
Ringeltaube,226,2021,2021-05-27,2,0,F,T,F,F,?,F,?,F,F,F,F,?,147
Ringeltaube,227,2018,2018-03-25,4,0,F,F,F,F,?,F,F,F,F,F,F,?,84
Ringeltaube,227,2018,2018-04-21,2,0,F,F,F,F,?,F,F,F,F,F,F,?,111
Ringeltaube,227,2018,2018-05-19,3,0,F,F,F,F,?,T,F,F,F,F,F,?,139
Ringeltaube,227,2018,2018-06-24,3,0,F,F,F,F,?,F,F,F,F,F,F,?,175
Ringeltaube,227,2020,2020-03-15,47,0,F,F,F,F,?,F,F,F,F,F,F,?,75
Ringeltaube,227,2020,2020-04-09,4,0,F,F,F,F,?,F,F,F,F,F,F,?,100
Ringeltaube,227,2020,2020-05-09,3,0,F,F,F,F,?,F,F,F,F,F,F,?,130
Ringeltaube,227,2020,2020-05-22,5,0,F,F,F,F,?,F,F,F,F,F,F,?,143
Ringeltaube,227,2021,2021-03-20,3,0,F,T,?,?,?,?,F,?,?,?,?,?,79
Ringeltaube,227,2021,2021-04-24,5,0,F,T,?,?,?,T,F,?,?,?,?,?,114
Ringeltaube,227,2021,2021-05-08,7,0,F,T,?,?,?,T,F,?,?,?,?,?,128
Ringeltaube,227,2021,2021-05-22,3,0,F,T,?,?,?,?,F,?,?,?,?,?,142
Ringeltaube,228,2019,2019-03-28,0,0,NA,NA,NA,NA,NA,NA,NA,NA,NA,NA,NA,NA,87
Ringeltaube,228,2019,2019-05-19,0,0,NA,NA,NA,NA,NA,NA,NA,NA,NA,NA,NA,NA,139
Ringeltaube,228,2019,2019-06-17,1,0,F,T,F,F,?,F,F,F,F,F,F,?,168
Ringeltaube,228,2019,2019-04-22,0,0,NA,NA,NA,NA,NA,NA,NA,NA,NA,NA,NA,NA,112
Ringeltaube,228,2020,2020-03-20,1,0,F,T,F,F,?,F,F,F,F,F,F,?,80
Ringeltaube,228,2020,2020-04-24,1,0,F,T,F,F,?,F,F,F,F,F,F,?,115
Ringeltaube,228,2020,2020-05-20,0,0,NA,NA,NA,NA,NA,NA,NA,NA,NA,NA,NA,NA,141
Ringeltaube,228,2020,2020-06-15,2,0,F,F,F,F,?,F,F,F,F,F,F,?,167
Ringeltaube,228,2021,2021-03-25,0,0,NA,NA,NA,NA,NA,NA,NA,NA,NA,NA,NA,NA,84
Ringeltaube,228,2021,2021-06-04,0,0,NA,NA,NA,NA,NA,NA,NA,NA,NA,NA,NA,NA,155
Ringeltaube,228,2021,2021-05-15,0,0,NA,NA,NA,NA,NA,NA,NA,NA,NA,NA,NA,NA,135
Ringeltaube,228,2021,2021-04-24,1,0,?,T,F,F,?,F,F,?,F,F,F,?,114
Ringeltaube,228,2021,2021-04-15,0,0,NA,NA,NA,NA,NA,NA,NA,NA,NA,NA,NA,NA,105
Ringeltaube,228,2023,2023-03-17,0,0,NA,NA,NA,NA,NA,NA,NA,NA,NA,NA,NA,NA,76
Ringeltaube,228,2023,2023-04-20,1,0,F,T,F,F,F,F,F,F,F,F,F,?,110
Ringeltaube,228,2023,2023-05-14,1,0,F,T,F,F,F,F,F,F,F,F,F,?,134
Ringeltaube,228,2023,2023-06-10,0,0,NA,NA,NA,NA,NA,NA,NA,NA,NA,NA,NA,NA,161
Ringeltaube,229,2018,2018-03-30,2,0,F,T,F,F,?,T,F,F,F,F,F,?,89
Ringeltaube,229,2018,2018-04-30,1,0,F,T,F,F,?,F,F,F,F,F,F,?,120
Ringeltaube,229,2018,2018-06-10,2,0,F,T,F,F,?,F,F,F,F,F,F,?,161
Ringeltaube,229,2020,2020-03-20,1,0,F,F,T,F,?,F,F,F,F,F,F,?,80
Ringeltaube,229,2020,2020-04-26,4,0,F,T,F,F,?,F,F,F,F,F,F,?,117
Ringeltaube,229,2020,2020-05-20,4,0,F,T,F,F,?,F,F,F,F,F,F,?,141
Ringeltaube,229,2020,2020-06-20,2,0,F,T,T,F,?,F,F,F,F,F,F,?,172
Ringeltaube,229,2021,2021-03-31,2,0,?,T,?,?,?,?,?,?,?,?,?,?,90
Ringeltaube,229,2021,2021-04-25,4,0,?,T,T,?,?,?,?,T,?,?,?,?,115
Ringeltaube,229,2021,2021-05-23,1,0,?,T,?,?,?,?,?,?,?,?,?,?,143
Ringeltaube,229,2021,2021-06-13,7,0,?,T,?,?,?,?,?,?,?,?,?,?,164
Ringeltaube,230,2018,2018-03-27,5,0,F,T,T,F,?,F,F,F,F,F,F,?,86
Ringeltaube,230,2018,2018-04-02,71,0,F,F,T,F,?,F,F,F,F,F,F,?,92
Ringeltaube,230,2018,2018-05-19,4,0,F,F,T,F,?,F,F,F,F,F,F,?,139
Ringeltaube,230,2018,2018-06-18,6,0,F,T,T,F,?,F,F,F,F,F,F,?,169
Ringeltaube,230,2020,2020-03-15,1,0,F,F,T,F,?,F,F,F,F,F,F,?,75
Ringeltaube,230,2020,2020-04-05,4,0,F,F,F,F,?,F,F,F,F,F,F,?,96
Ringeltaube,230,2020,2020-05-03,4,0,F,F,T,F,?,F,F,F,F,F,F,?,124
Ringeltaube,230,2020,2020-06-02,3,0,F,F,T,F,?,F,F,F,F,F,F,?,154
Ringeltaube,230,2021,2021-03-28,15,0,F,F,T,F,?,F,F,F,F,F,F,?,87
Ringeltaube,230,2021,2021-04-17,17,0,F,F,T,F,?,F,F,F,F,F,F,?,107
Ringeltaube,230,2021,2021-05-08,6,0,F,F,T,F,?,F,F,F,F,F,F,?,128
Ringeltaube,230,2021,2021-05-24,5,0,F,F,T,F,?,F,F,F,F,F,F,?,144
Ringeltaube,235,2021,2021-03-31,3,0,F,T,?,?,?,?,F,?,?,?,?,?,90
Ringeltaube,235,2021,2021-04-15,2,0,F,T,?,?,?,?,F,?,?,?,?,?,105
Ringeltaube,235,2021,2021-05-13,2,0,F,T,?,?,?,?,F,?,?,?,?,?,133
Ringeltaube,235,2021,2021-05-30,2,0,F,T,?,?,?,?,F,?,?,?,?,?,150
Ringeltaube,237,2020,2020-03-29,3,0,F,T,F,F,?,F,F,F,F,F,F,?,89
Ringeltaube,237,2020,2020-04-10,4,0,F,T,F,F,?,F,F,F,F,F,F,?,101
Ringeltaube,237,2020,2020-05-03,4,0,F,T,F,F,?,F,F,F,F,F,F,?,124
Ringeltaube,237,2020,2020-06-13,3,0,F,T,F,F,?,F,F,F,F,F,F,?,165
Ringeltaube,237,2021,2021-04-02,6,0,F,T,?,?,?,?,F,?,?,?,?,?,92
Ringeltaube,237,2021,2021-04-24,4,0,F,T,?,?,?,?,F,?,?,?,?,?,114
Ringeltaube,237,2021,2021-05-15,2,0,F,T,?,?,?,?,F,?,?,?,?,?,135
Ringeltaube,237,2021,2021-06-17,4,0,F,T,?,?,?,?,F,?,?,?,?,?,168
Ringeltaube,238,2019,2019-03-20,8,0,F,T,F,F,?,F,F,F,F,F,F,?,79
Ringeltaube,238,2019,2019-04-15,3,0,F,T,F,F,?,F,F,F,F,F,F,?,105
Ringeltaube,238,2019,2019-05-17,4,0,F,T,F,F,?,F,F,F,F,F,F,?,137
Ringeltaube,238,2019,2019-06-02,9,0,F,T,F,F,?,T,F,F,F,F,F,?,153
Ringeltaube,238,2020,2020-03-19,4,0,F,T,F,F,?,F,F,F,F,F,F,?,79
Ringeltaube,238,2020,2020-04-11,5,0,F,T,F,F,?,F,F,F,F,F,F,?,102
Ringeltaube,238,2020,2020-05-11,3,0,F,T,F,F,?,F,F,F,F,F,F,?,132
Ringeltaube,238,2020,2020-06-08,7,0,F,T,F,F,?,F,F,F,F,F,F,?,160
Ringeltaube,238,2021,2021-03-29,10,0,?,T,F,F,?,F,F,?,F,F,F,?,88
Ringeltaube,238,2021,2021-04-20,11,0,?,T,F,F,?,F,F,?,F,F,F,?,110
Ringeltaube,238,2021,2021-05-10,8,0,?,T,F,F,?,F,F,?,F,F,F,?,130
Ringeltaube,238,2021,2021-06-03,5,0,?,T,F,F,?,F,F,?,F,F,F,?,154
Ringeltaube,238,2022,2022-03-25,8,0,F,T,F,F,?,F,F,F,F,F,F,?,84
Ringeltaube,238,2022,2022-04-16,8,0,F,T,F,F,?,F,F,F,F,F,F,?,106
Ringeltaube,238,2022,2022-05-20,7,0,F,T,F,F,?,F,F,F,F,F,F,?,140
Ringeltaube,238,2022,2022-06-02,4,0,F,T,F,F,?,T,F,F,F,F,F,?,153
Ringeltaube,238,2023,2023-03-18,9,0,F,T,F,F,F,T,F,F,F,F,F,?,77
Ringeltaube,238,2023,2023-04-14,8,0,F,T,F,F,F,F,F,F,F,F,F,?,104
Ringeltaube,238,2023,2023-05-07,6,0,F,T,F,F,F,F,F,F,F,F,F,?,127
Ringeltaube,238,2023,2023-06-05,2,0,F,T,F,F,F,F,F,F,F,F,F,?,156
Ringeltaube,240,2018,2018-03-11,2,0,?,T,F,F,?,F,F,F,F,F,F,?,70
Ringeltaube,240,2018,2018-04-09,3,0,?,T,F,F,?,F,F,F,F,F,F,?,99
Ringeltaube,240,2018,2018-05-06,3,0,?,T,F,F,?,F,F,F,F,F,F,?,126
Ringeltaube,240,2018,2018-06-04,3,0,?,F,F,F,?,F,F,F,F,F,F,?,155
Ringeltaube,240,2020,2020-03-19,5,0,F,T,T,F,?,F,F,F,F,F,F,?,79
Ringeltaube,240,2020,2020-04-10,10,0,F,T,F,F,?,F,F,F,F,F,F,?,101
Ringeltaube,240,2020,2020-05-09,6,0,F,T,F,F,?,F,F,F,F,F,F,?,130
Ringeltaube,240,2020,2020-06-04,4,0,F,T,F,F,?,F,F,F,F,F,F,?,156
Ringeltaube,240,2021,2021-03-25,8,0,F,T,F,F,?,F,F,F,F,F,F,?,84
Ringeltaube,240,2021,2021-04-22,4,0,F,T,F,F,?,F,F,F,F,F,F,?,112
Ringeltaube,240,2021,2021-05-14,4,0,F,T,F,F,?,F,F,F,F,F,F,?,134
Ringeltaube,240,2021,2021-06-13,6,0,F,T,F,F,?,F,F,F,F,F,F,?,164
Ringeltaube,241,2019,2019-03-23,3,0,F,T,F,F,?,F,F,F,F,F,F,?,82
Ringeltaube,241,2019,2019-04-18,0,0,NA,NA,NA,NA,NA,NA,NA,NA,NA,NA,NA,NA,108
Ringeltaube,241,2019,2019-05-10,1,0,F,T,F,F,?,F,F,F,F,F,F,?,130
Ringeltaube,241,2019,2019-06-06,0,0,NA,NA,NA,NA,NA,NA,NA,NA,NA,NA,NA,NA,157
Ringeltaube,241,2020,2020-03-24,0,0,NA,NA,NA,NA,NA,NA,NA,NA,NA,NA,NA,NA,84
Ringeltaube,241,2020,2020-04-17,3,0,F,T,F,F,?,F,F,F,F,F,F,?,108
Ringeltaube,241,2020,2020-05-08,3,0,F,T,T,F,?,F,F,F,F,F,F,?,129
Ringeltaube,241,2020,2020-06-03,1,0,F,T,F,F,?,F,F,F,F,F,F,?,155
Ringeltaube,241,2021,2021-03-25,2,0,?,T,F,F,?,F,F,?,F,F,F,?,84
Ringeltaube,241,2021,2021-04-23,3,0,?,T,F,F,?,F,F,?,F,F,F,?,113
Ringeltaube,241,2021,2021-05-18,2,0,?,T,F,F,?,F,F,?,F,F,F,?,138
Ringeltaube,241,2021,2021-06-09,3,0,?,T,F,F,?,F,F,?,F,F,F,?,160
Ringeltaube,241,2022,2022-03-18,0,0,NA,NA,NA,NA,NA,NA,NA,NA,NA,NA,NA,NA,77
Ringeltaube,241,2022,2022-04-21,2,0,F,T,F,F,?,F,F,F,F,F,F,?,111
Ringeltaube,241,2022,2022-05-18,1,0,F,T,F,F,?,F,F,F,F,F,F,?,138
Ringeltaube,241,2022,2022-06-10,1,0,F,T,F,F,?,F,F,F,F,F,F,?,161
Ringeltaube,241,2023,2023-03-22,0,0,NA,NA,NA,NA,NA,NA,NA,NA,NA,NA,NA,NA,81
Ringeltaube,241,2023,2023-04-22,1,0,F,T,F,F,F,F,F,F,F,F,F,?,112
Ringeltaube,241,2023,2023-05-07,2,0,F,T,F,F,F,F,F,F,F,F,F,?,127
Ringeltaube,241,2023,2023-06-10,3,0,F,T,F,F,F,F,F,F,F,F,F,?,161
Ringeltaube,244,2021,2021-05-24,22,0,F,T,T,F,?,F,?,F,F,F,F,?,144
Ringeltaube,246,2019,2019-03-23,1,0,F,T,F,F,?,F,F,F,F,F,F,?,82
Ringeltaube,246,2019,2019-04-23,10,10,T,F,F,F,?,F,F,F,F,F,F,?,113
Ringeltaube,246,2019,2019-05-13,0,0,NA,NA,NA,NA,NA,NA,NA,NA,NA,NA,NA,NA,133
Ringeltaube,246,2019,2019-06-18,2,0,F,T,F,F,?,F,F,F,F,F,F,?,169
Ringeltaube,246,2019,2019-06-16,0,0,NA,NA,NA,NA,NA,NA,NA,NA,NA,NA,NA,NA,167
Ringeltaube,246,2020,2020-03-18,0,0,NA,NA,NA,NA,NA,NA,NA,NA,NA,NA,NA,NA,78
Ringeltaube,246,2020,2020-04-19,1,0,?,T,F,F,?,F,F,?,F,F,F,?,110
Ringeltaube,246,2020,2020-05-19,2,0,F,T,F,F,?,F,F,F,F,F,F,?,140
Ringeltaube,246,2020,2020-06-17,3,0,F,T,F,F,?,F,F,F,F,F,F,?,169
Ringeltaube,246,2021,2021-03-29,1,0,?,T,F,F,?,F,F,?,F,F,F,?,88
Ringeltaube,246,2021,2021-04-26,1,0,?,T,F,F,?,F,F,?,F,F,F,?,116
Ringeltaube,246,2021,2021-05-16,2,0,?,T,F,F,?,F,F,?,F,F,F,?,136
Ringeltaube,246,2021,2021-06-16,1,0,?,T,F,F,?,F,F,?,F,F,F,?,167
Ringeltaube,246,2022,2022-03-21,1,0,F,F,F,F,?,F,F,F,F,F,F,?,80
Ringeltaube,246,2022,2022-04-11,1,0,F,F,F,F,?,F,F,F,F,F,F,?,101
Ringeltaube,246,2022,2022-05-10,2,0,F,T,F,F,?,F,F,F,F,F,F,?,130
Ringeltaube,246,2022,2022-06-02,1,0,F,T,F,F,?,F,F,F,F,F,F,?,153
Ringeltaube,246,2023,2023-03-16,0,0,NA,NA,NA,NA,NA,NA,NA,NA,NA,NA,NA,NA,75
Ringeltaube,246,2023,2023-04-23,1,0,F,T,F,F,F,F,F,F,F,F,F,?,113
Ringeltaube,246,2023,2023-05-17,0,0,NA,NA,NA,NA,NA,NA,NA,NA,NA,NA,NA,NA,137
Ringeltaube,246,2023,2023-06-17,1,0,F,T,F,F,F,F,F,F,F,F,F,?,168
Ringeltaube,248,2019,2019-03-14,3,0,?,T,T,?,?,?,?,?,?,?,?,?,73
Ringeltaube,248,2019,2019-04-24,7,0,?,T,?,?,?,?,?,?,?,?,?,?,114
Ringeltaube,248,2019,2019-05-12,10,0,?,T,?,?,?,?,?,?,?,?,?,?,132
Ringeltaube,248,2019,2019-05-29,7,0,?,T,?,?,?,?,?,?,?,?,?,?,149
Ringeltaube,248,2020,2020-03-20,9,0,F,T,F,F,F,F,F,F,F,F,F,?,80
Ringeltaube,248,2020,2020-04-14,12,0,F,T,F,F,F,F,F,F,F,F,F,?,105
Ringeltaube,248,2020,2020-05-12,9,0,F,T,F,F,F,F,F,F,F,F,F,?,133
Ringeltaube,248,2020,2020-06-05,13,0,F,T,F,F,F,T,F,F,F,F,F,?,157
Ringeltaube,248,2021,2021-03-22,8,0,?,T,?,?,?,?,?,?,?,?,?,?,81
Ringeltaube,248,2021,2021-04-16,10,0,?,T,?,?,?,?,?,?,?,?,?,?,106
Ringeltaube,248,2021,2021-05-13,15,0,?,T,?,?,?,?,?,?,?,?,?,?,133
Ringeltaube,248,2021,2021-05-31,4,0,?,T,?,?,?,?,?,?,?,?,?,?,151
Ringeltaube,248,2022,2022-03-18,2,0,F,T,F,F,F,F,F,F,F,F,F,?,77
Ringeltaube,248,2022,2022-04-07,4,0,F,T,F,F,F,F,F,F,F,F,F,?,97
Ringeltaube,248,2022,2022-05-06,2,0,F,T,F,F,F,F,F,F,F,F,F,?,126
Ringeltaube,248,2022,2022-06-09,1,0,F,T,F,F,F,F,F,F,F,F,F,?,160
Ringeltaube,248,2023,2023-03-10,0,0,NA,NA,NA,NA,NA,NA,NA,NA,NA,NA,NA,NA,69
Ringeltaube,248,2023,2023-04-12,1,0,F,T,F,F,F,F,F,F,F,F,F,?,102
Ringeltaube,248,2023,2023-05-02,6,0,F,T,F,F,F,F,F,F,F,F,F,?,122
Ringeltaube,248,2023,2023-05-25,2,0,F,T,F,F,F,F,F,F,F,F,F,?,145
Ringeltaube,249,2018,2018-03-26,8,0,?,T,F,F,?,F,F,F,F,F,F,?,85
Ringeltaube,249,2018,2018-04-09,7,0,?,T,F,F,?,F,F,F,F,F,F,?,99
Ringeltaube,249,2018,2018-05-09,9,0,?,T,F,F,?,F,F,F,F,F,F,?,129
Ringeltaube,249,2018,2018-06-06,1,0,?,F,F,F,?,F,F,F,F,F,F,?,157
Ringeltaube,249,2020,2020-03-28,13,0,F,T,F,F,?,T,F,F,F,F,F,?,88
Ringeltaube,249,2020,2020-04-28,6,0,F,T,F,F,?,T,F,F,F,F,F,?,119
Ringeltaube,249,2020,2020-05-16,10,0,F,T,F,F,?,F,F,F,F,F,F,?,137
Ringeltaube,249,2020,2020-06-13,7,0,F,T,F,F,?,F,F,F,F,F,F,?,165
Ringeltaube,249,2021,2021-03-28,7,0,F,T,F,F,?,F,F,F,F,F,F,?,87
Ringeltaube,249,2021,2021-04-19,8,0,F,T,F,F,?,F,F,F,F,F,F,?,109
Ringeltaube,249,2021,2021-05-19,4,0,F,T,F,F,?,F,F,F,F,F,F,?,139
Ringeltaube,249,2021,2021-06-13,6,0,F,T,F,F,?,F,F,F,F,F,F,?,164
Ringeltaube,251,2021,2021-03-25,1,0,?,?,?,?,?,?,?,?,?,?,?,?,84
Ringeltaube,251,2021,2021-04-24,2,0,?,T,?,?,?,?,?,?,?,?,?,?,114
Ringeltaube,251,2021,2021-05-10,2,0,?,T,?,?,?,?,?,?,?,?,?,?,130
Ringeltaube,251,2021,2021-06-05,3,0,?,T,?,?,?,?,?,?,?,?,?,?,156
Ringeltaube,252,2018,2018-03-23,9,9,T,T,F,F,?,F,F,F,F,F,F,?,82
Ringeltaube,252,2018,2018-05-14,0,0,NA,NA,NA,NA,NA,NA,NA,NA,NA,NA,NA,NA,134
Ringeltaube,252,2018,2018-06-20,2,0,F,T,F,F,?,F,F,F,F,F,F,?,171
Ringeltaube,252,2020,2020-03-19,9,0,F,T,F,F,?,F,F,F,F,F,F,?,79
Ringeltaube,252,2020,2020-04-25,4,0,F,T,F,F,?,F,F,F,F,F,F,?,116
Ringeltaube,252,2020,2020-05-20,1,0,F,T,F,F,?,F,F,F,F,F,F,?,141
Ringeltaube,252,2020,2020-06-15,2,0,F,F,F,F,?,F,F,F,F,F,F,?,167
Ringeltaube,252,2021,2021-03-29,9,0,F,T,F,F,?,T,F,F,F,F,F,?,88
Ringeltaube,252,2021,2021-04-19,1,0,F,T,F,F,?,F,F,F,F,F,F,?,109
Ringeltaube,252,2021,2021-05-20,3,0,F,T,F,F,?,F,F,F,F,F,F,?,140
Ringeltaube,252,2021,2021-06-17,0,0,NA,NA,NA,NA,NA,NA,NA,NA,NA,NA,NA,NA,168
Ringeltaube,253,2021,2021-03-29,2,0,?,T,?,?,?,?,?,?,?,?,?,?,88
Ringeltaube,253,2021,2021-04-27,5,0,?,T,T,?,?,?,?,?,?,?,?,?,117
Ringeltaube,253,2021,2021-05-29,6,0,?,T,T,?,?,?,?,?,?,?,?,?,149
Ringeltaube,253,2021,2021-06-27,6,0,?,?,T,?,?,T,?,?,?,?,?,?,178
Ringeltaube,254,2020,2020-04-04,4,0,F,T,F,F,?,F,F,F,F,F,F,?,95
Ringeltaube,254,2020,2020-04-13,5,0,F,T,F,F,?,F,F,F,F,F,F,?,104
Ringeltaube,254,2020,2020-05-10,7,0,F,T,F,F,?,F,F,F,F,F,F,?,131
Ringeltaube,254,2020,2020-06-13,10,0,F,T,F,F,?,F,F,F,F,F,F,?,165
Ringeltaube,254,2021,2021-03-27,4,0,F,T,?,?,?,?,F,?,?,?,?,?,86
Ringeltaube,254,2021,2021-04-24,8,0,F,T,?,?,?,?,F,?,?,?,?,?,114
Ringeltaube,254,2021,2021-05-08,11,0,F,T,?,?,?,?,F,?,?,?,?,?,128
Ringeltaube,254,2021,2021-06-12,9,0,F,T,?,?,?,?,F,?,?,?,?,?,163
Ringeltaube,255,2020,2020-03-27,5,0,F,F,F,F,?,F,F,F,F,F,F,?,87
Ringeltaube,255,2020,2020-04-19,6,0,F,T,F,F,?,F,F,F,F,F,F,?,110
Ringeltaube,255,2020,2020-05-04,1,0,F,T,F,F,?,F,F,F,F,F,F,?,125
Ringeltaube,255,2020,2020-06-02,4,0,F,T,F,F,?,F,F,F,F,F,F,?,154
Ringeltaube,255,2021,2021-03-22,11,0,?,T,?,?,?,T,?,?,?,?,?,?,81
Ringeltaube,255,2021,2021-04-14,7,0,?,T,?,?,?,?,?,?,?,?,?,?,104
Ringeltaube,255,2021,2021-05-10,7,0,?,T,?,?,?,?,?,?,?,?,?,?,130
Ringeltaube,255,2021,2021-06-01,8,0,?,T,?,?,?,T,?,?,?,?,?,?,152
Ringeltaube,255,2022,2022-03-30,1,0,F,F,F,F,F,F,F,F,F,F,F,?,89
Ringeltaube,255,2022,2022-04-20,3,0,F,T,F,F,F,F,F,F,F,F,F,?,110
Ringeltaube,255,2022,2022-05-11,1,0,F,T,F,F,F,F,F,F,F,F,F,?,131
Ringeltaube,255,2022,2022-06-01,3,0,F,T,F,F,F,F,F,F,F,F,F,?,152
Ringeltaube,255,2023,2023-03-22,2,0,F,T,F,F,F,F,F,F,F,F,F,?,81
Ringeltaube,255,2023,2023-04-17,2,0,F,T,F,F,F,F,F,F,F,F,F,?,107
Ringeltaube,255,2023,2023-05-10,1,0,F,F,F,F,F,F,F,F,F,F,F,?,130
Ringeltaube,255,2023,2023-06-12,0,0,NA,NA,NA,NA,NA,NA,NA,NA,NA,NA,NA,NA,163
Ringeltaube,256,2020,2020-03-23,3,0,F,T,F,F,?,F,F,F,F,F,F,?,83
Ringeltaube,256,2020,2020-04-19,5,0,F,T,F,F,?,F,F,F,F,F,F,?,110
Ringeltaube,256,2020,2020-05-09,6,0,F,T,F,F,?,F,F,F,F,F,F,?,130
Ringeltaube,256,2020,2020-06-02,2,0,F,T,F,F,?,F,F,F,F,F,F,?,154
Ringeltaube,256,2021,2021-03-22,4,0,?,T,?,?,?,?,?,?,?,?,?,?,81
Ringeltaube,256,2021,2021-04-14,1,0,?,?,?,?,?,?,?,?,?,?,?,?,104
Ringeltaube,256,2021,2021-05-08,2,0,?,?,?,?,?,?,?,?,?,?,?,?,128
Ringeltaube,256,2021,2021-05-31,6,0,?,T,?,?,?,?,?,?,?,?,?,?,151
Ringeltaube,256,2022,2022-03-28,5,0,F,T,F,F,F,F,F,F,F,F,F,?,87
Ringeltaube,256,2022,2022-04-19,4,0,F,F,F,F,F,F,F,F,F,F,F,?,109
Ringeltaube,256,2022,2022-05-02,8,0,F,T,F,F,F,F,F,F,F,F,F,?,122
Ringeltaube,256,2022,2022-06-02,3,0,F,T,F,F,F,F,F,F,F,F,F,?,153
Ringeltaube,256,2023,2023-03-20,2,0,F,F,F,F,F,T,F,F,F,F,F,?,79
Ringeltaube,256,2023,2023-04-11,3,0,F,T,F,F,F,F,F,F,F,F,F,?,101
Ringeltaube,256,2023,2023-05-08,3,0,F,F,F,F,F,T,F,F,F,F,F,?,128
Ringeltaube,256,2023,2023-06-05,3,0,F,T,F,F,F,F,F,F,F,F,F,?,156
Ringeltaube,257,2018,2018-03-14,4,0,?,F,T,F,?,F,F,F,F,F,F,?,73
Ringeltaube,257,2018,2018-04-06,1,0,?,T,F,F,?,F,F,F,F,F,F,?,96
Ringeltaube,257,2018,2018-05-02,4,0,?,T,F,F,?,F,F,F,F,F,F,?,122
Ringeltaube,257,2018,2018-05-30,4,0,?,F,F,F,?,F,F,F,F,F,F,?,150
Ringeltaube,257,2020,2020-03-17,7,0,F,T,F,F,?,F,F,F,F,F,F,?,77
Ringeltaube,257,2020,2020-04-05,7,0,F,T,F,F,?,T,F,F,F,F,F,?,96
Ringeltaube,257,2020,2020-04-18,9,0,F,T,F,F,?,F,F,F,F,F,F,?,109
Ringeltaube,257,2020,2020-05-31,7,0,F,T,F,F,?,F,F,F,F,F,F,?,152
Ringeltaube,257,2021,2021-03-21,6,0,F,T,F,F,?,T,F,F,F,F,F,?,80
Ringeltaube,257,2021,2021-04-17,7,0,F,T,F,F,?,F,F,F,F,F,F,?,107
Ringeltaube,257,2021,2021-05-10,6,0,F,T,F,F,?,F,F,F,F,F,F,?,130
Ringeltaube,257,2021,2021-05-30,5,0,F,T,F,F,?,F,F,F,F,F,F,?,150
Ringeltaube,258,2020,2020-03-19,5,0,F,T,F,F,?,T,F,F,F,F,F,?,79
Ringeltaube,258,2020,2020-04-25,6,0,F,T,F,F,?,F,F,F,F,F,F,?,116
Ringeltaube,258,2020,2020-05-20,6,0,F,T,F,F,?,F,F,F,F,F,F,?,141
Ringeltaube,258,2020,2020-06-15,5,0,F,T,F,F,?,F,F,F,F,F,F,?,167
Ringeltaube,259,2020,2020-03-20,11,0,F,T,F,F,?,T,F,F,F,F,F,?,80
Ringeltaube,259,2020,2020-04-17,10,0,F,T,F,F,?,T,F,F,F,F,F,?,108
Ringeltaube,259,2020,2020-05-09,4,0,F,T,F,F,?,T,F,F,F,F,F,?,130
Ringeltaube,259,2020,2020-05-29,4,0,F,T,F,F,?,F,F,F,F,F,F,?,150
Ringeltaube,259,2021,2021-03-24,6,0,?,T,?,?,?,T,?,?,?,?,?,?,83
Ringeltaube,259,2021,2021-04-15,8,0,?,T,?,?,?,?,?,?,?,?,?,?,105
Ringeltaube,259,2021,2021-05-14,5,0,?,T,?,?,?,?,?,?,?,?,?,?,134
Ringeltaube,259,2021,2021-06-02,5,0,?,T,?,?,?,T,?,?,?,?,?,?,153
Ringeltaube,259,2022,2022-03-30,1,0,F,T,F,F,F,F,F,F,F,F,F,?,89
Ringeltaube,259,2022,2022-04-19,6,0,F,T,F,F,F,F,F,F,F,F,F,?,109
Ringeltaube,259,2022,2022-05-12,6,0,F,T,F,F,F,F,F,F,F,F,F,?,132
Ringeltaube,259,2022,2022-06-15,7,0,F,T,F,F,F,F,F,F,F,F,F,?,166
Ringeltaube,259,2023,2023-03-21,4,0,F,T,F,F,F,F,F,F,F,F,F,?,80
Ringeltaube,259,2023,2023-04-13,8,0,F,T,F,F,F,T,F,F,F,F,F,?,103
Ringeltaube,259,2023,2023-05-09,5,0,F,T,F,F,F,F,F,F,F,F,F,?,129
Ringeltaube,259,2023,2023-06-06,4,0,F,T,F,F,F,F,F,T,F,F,F,?,157
Ringeltaube,261,2021,2021-03-26,6,0,F,T,?,?,?,?,F,?,?,?,?,?,85
Ringeltaube,261,2021,2021-04-23,7,0,F,T,?,?,?,?,F,?,?,?,?,?,113
Ringeltaube,261,2021,2021-05-13,11,0,F,T,?,?,?,?,F,?,?,?,?,?,133
Ringeltaube,261,2021,2021-06-13,12,0,T,T,?,?,?,?,F,?,?,?,?,?,164
Ringeltaube,263,2018,2018-03-29,3,0,F,T,F,F,?,F,F,F,F,F,F,?,88
Ringeltaube,263,2018,2018-04-11,3,0,F,T,F,F,?,F,F,F,F,F,F,?,101
Ringeltaube,263,2018,2018-04-15,5,0,F,T,F,F,?,F,F,F,F,F,F,?,105
Ringeltaube,263,2018,2018-06-03,3,0,F,T,T,F,?,F,F,F,F,F,F,?,154
Ringeltaube,263,2020,2020-03-22,3,0,F,T,F,F,?,F,F,F,F,F,F,?,82
Ringeltaube,263,2020,2020-04-19,5,0,F,T,F,F,?,F,F,F,F,F,F,?,110
Ringeltaube,263,2020,2020-05-14,3,0,F,T,F,F,?,F,F,F,F,F,F,?,135
Ringeltaube,263,2020,2020-06-07,2,0,F,T,F,F,?,F,F,F,F,F,F,?,159
Ringeltaube,263,2021,2021-03-30,5,0,F,T,?,?,?,?,F,?,?,?,?,?,89
Ringeltaube,263,2021,2021-04-17,3,0,F,T,?,?,?,?,F,?,?,?,?,?,107
Ringeltaube,263,2021,2021-06-04,5,0,F,T,?,?,?,?,F,?,?,?,?,?,155
Ringeltaube,265,2021,2021-03-27,6,0,T,T,?,?,?,?,F,?,?,?,?,?,86
Ringeltaube,265,2021,2021-04-24,5,0,F,T,?,?,?,?,F,?,?,?,?,?,114
Ringeltaube,265,2021,2021-05-15,3,0,F,T,?,?,?,?,F,?,?,?,?,?,135
Ringeltaube,265,2021,2021-06-19,10,0,T,T,?,?,?,?,F,?,?,?,?,?,170
Ringeltaube,266,2018,2018-03-24,1,0,F,T,F,F,?,F,F,F,F,F,F,?,83
Ringeltaube,266,2018,2018-04-07,2,0,F,F,F,F,?,F,F,F,F,F,F,?,97
Ringeltaube,266,2018,2018-05-15,4,0,F,T,F,F,?,T,F,F,F,F,F,?,135
Ringeltaube,266,2018,2018-06-06,4,0,F,T,F,F,?,T,F,F,F,F,F,?,157
Ringeltaube,266,2020,2020-03-20,5,0,F,T,F,F,?,F,F,F,F,F,F,?,80
Ringeltaube,266,2020,2020-04-18,3,0,F,T,F,F,?,T,F,F,F,F,F,?,109
Ringeltaube,266,2020,2020-05-16,4,0,F,T,F,F,?,F,F,F,F,F,F,?,137
Ringeltaube,266,2020,2020-06-08,6,0,F,T,F,F,?,F,F,F,F,F,F,?,160
Ringeltaube,266,2021,2021-03-24,2,0,F,T,?,?,?,?,F,?,?,?,?,?,83
Ringeltaube,266,2021,2021-04-15,3,0,F,T,?,?,?,T,F,?,?,?,?,?,105
Ringeltaube,266,2021,2021-05-13,4,0,F,T,?,?,?,?,F,?,?,?,?,?,133
Ringeltaube,266,2021,2021-06-10,4,0,F,T,?,?,?,?,F,?,?,?,?,?,161
Ringeltaube,269,2018,2018-03-26,3,0,?,T,F,F,?,F,F,F,F,F,F,?,85
Ringeltaube,269,2018,2018-04-27,4,0,?,T,F,F,?,F,F,F,F,F,F,?,117
Ringeltaube,269,2018,2018-05-18,2,0,?,T,T,F,?,F,F,F,F,F,F,?,138
Ringeltaube,269,2018,2018-06-04,3,0,?,T,F,F,?,F,F,F,F,F,F,?,155
Ringeltaube,269,2020,2020-03-27,5,0,F,T,F,F,?,F,F,F,F,F,F,?,87
Ringeltaube,269,2020,2020-04-29,1,0,F,F,T,F,?,F,F,F,F,F,F,?,120
Ringeltaube,269,2020,2020-05-08,2,0,F,T,F,F,?,F,F,F,F,F,F,?,129
Ringeltaube,269,2020,2020-06-01,4,0,F,T,F,F,?,F,F,F,F,F,F,?,153
Ringeltaube,272,2019,2019-03-25,2,0,F,F,F,F,?,F,F,F,F,F,F,?,84
Ringeltaube,272,2019,2019-04-14,0,0,NA,NA,NA,NA,NA,NA,NA,NA,NA,NA,NA,NA,104
Ringeltaube,272,2019,2019-05-07,11,0,F,F,F,F,?,F,F,F,F,F,F,?,127
Ringeltaube,272,2019,2019-06-03,1,0,F,F,F,F,?,F,F,F,F,F,F,?,154
Ringeltaube,272,2020,2020-03-20,0,0,NA,NA,NA,NA,NA,NA,NA,NA,NA,NA,NA,NA,80
Ringeltaube,272,2020,2020-04-25,1,0,F,T,F,F,?,F,F,F,F,F,F,?,116
Ringeltaube,272,2020,2020-05-18,0,0,NA,NA,NA,NA,NA,NA,NA,NA,NA,NA,NA,NA,139
Ringeltaube,272,2020,2020-06-19,1,0,F,T,F,F,?,F,F,F,F,F,F,?,171
Ringeltaube,272,2021,2021-03-24,0,0,NA,NA,NA,NA,NA,NA,NA,NA,NA,NA,NA,NA,83
Ringeltaube,272,2021,2021-05-20,0,0,NA,NA,NA,NA,NA,NA,NA,NA,NA,NA,NA,NA,140
Ringeltaube,272,2021,2021-06-16,0,0,NA,NA,NA,NA,NA,NA,NA,NA,NA,NA,NA,NA,167
Ringeltaube,272,2021,2021-04-21,9,0,F,F,F,F,?,F,F,F,F,F,F,?,111
Ringeltaube,272,2023,2023-03-17,0,0,NA,NA,NA,NA,NA,NA,NA,NA,NA,NA,NA,NA,76
Ringeltaube,272,2023,2023-04-19,0,0,NA,NA,NA,NA,NA,NA,NA,NA,NA,NA,NA,NA,109
Ringeltaube,272,2023,2023-05-16,0,0,NA,NA,NA,NA,NA,NA,NA,NA,NA,NA,NA,NA,136
Ringeltaube,272,2023,2023-06-15,2,0,F,F,F,F,F,F,F,F,F,F,F,?,166
Ringeltaube,273,2019,2019-03-19,3,0,F,F,F,F,?,F,F,F,T,F,F,?,78
Ringeltaube,273,2019,2019-04-22,0,0,NA,NA,NA,NA,NA,NA,NA,NA,NA,NA,NA,NA,112
Ringeltaube,273,2019,2019-05-30,1,0,F,F,F,F,?,F,F,F,F,F,F,?,150
Ringeltaube,273,2019,2019-06-18,2,0,F,F,T,F,?,F,F,F,F,F,F,?,169
Ringeltaube,273,2020,2020-03-25,2,0,F,T,F,F,?,F,F,F,F,F,F,?,85
Ringeltaube,273,2020,2020-04-22,1,0,F,T,F,F,?,F,F,F,F,F,F,?,113
Ringeltaube,273,2020,2020-05-20,1,0,F,T,F,F,?,F,F,F,F,F,F,?,141
Ringeltaube,273,2020,2020-06-18,1,0,F,T,F,F,?,F,F,F,F,F,F,?,170
Ringeltaube,273,2021,2021-03-30,1,0,F,T,F,F,?,F,F,F,F,F,F,?,89
Ringeltaube,273,2021,2021-04-25,1,0,F,F,F,F,?,T,F,F,F,F,F,?,115
Ringeltaube,273,2021,2021-05-12,2,0,F,T,F,F,?,F,F,F,F,F,F,?,132
Ringeltaube,273,2021,2021-06-09,1,0,F,T,F,F,?,F,F,F,F,F,F,?,160
Ringeltaube,273,2022,2022-03-31,1,0,F,T,F,F,F,F,F,F,F,F,F,?,90
Ringeltaube,273,2022,2022-04-22,0,0,NA,NA,NA,NA,NA,NA,NA,NA,NA,NA,NA,NA,112
Ringeltaube,273,2022,2022-05-20,0,0,NA,NA,NA,NA,NA,NA,NA,NA,NA,NA,NA,NA,140
Ringeltaube,273,2022,2022-06-16,0,0,NA,NA,NA,NA,NA,NA,NA,NA,NA,NA,NA,NA,167
Ringeltaube,273,2023,2023-03-29,1,0,F,T,F,F,F,F,F,F,F,F,F,?,88
Ringeltaube,273,2023,2023-04-20,1,0,F,T,F,F,F,F,F,F,F,F,F,?,110
Ringeltaube,273,2023,2023-05-18,2,0,F,T,F,F,F,F,F,F,F,F,F,?,138
Ringeltaube,273,2023,2023-06-20,0,0,NA,NA,NA,NA,NA,NA,NA,NA,NA,NA,NA,NA,171
Ringeltaube,274,2019,2019-03-25,6,0,F,F,T,F,?,F,F,F,F,F,F,?,84
Ringeltaube,274,2019,2019-04-18,8,0,F,F,T,F,?,F,F,F,F,F,F,?,108
Ringeltaube,274,2019,2019-05-24,5,0,F,F,T,F,?,F,F,F,F,F,F,?,144
Ringeltaube,274,2019,2019-06-03,3,0,F,F,T,F,?,F,F,F,F,F,F,?,154
Ringeltaube,274,2020,2020-03-24,5,0,F,T,F,F,?,F,F,F,F,F,F,?,84
Ringeltaube,274,2020,2020-04-27,5,0,F,T,F,F,?,F,F,F,F,F,F,?,118
Ringeltaube,274,2020,2020-05-19,2,0,F,T,F,F,?,F,F,F,F,F,F,?,140
Ringeltaube,274,2020,2020-06-17,2,0,F,T,F,F,?,F,F,F,F,F,F,?,169
Ringeltaube,274,2021,2021-03-25,4,0,F,T,F,F,?,F,F,F,F,F,F,?,84
Ringeltaube,274,2021,2021-04-28,2,0,F,T,F,F,?,F,F,F,F,F,F,?,118
Ringeltaube,274,2021,2021-05-10,1,0,F,T,F,F,?,F,F,F,F,F,F,?,130
Ringeltaube,274,2021,2021-06-18,3,0,F,T,F,F,?,F,F,F,F,F,F,?,169
Ringeltaube,274,2022,2022-03-31,7,0,F,T,F,F,F,F,F,F,F,F,F,?,90
Ringeltaube,274,2022,2022-04-28,2,0,F,T,F,F,F,F,F,F,F,F,F,?,118
Ringeltaube,274,2022,2022-05-19,2,0,F,T,F,F,F,F,F,F,F,F,F,?,139
Ringeltaube,274,2022,2022-06-08,6,0,F,T,F,F,F,F,F,F,F,F,F,?,159
Ringeltaube,274,2023,2023-03-28,8,0,F,T,F,F,F,F,F,F,F,F,F,?,87
Ringeltaube,274,2023,2023-04-25,11,0,F,T,F,F,F,F,F,F,F,F,F,?,115
Ringeltaube,274,2023,2023-05-16,3,0,F,T,F,F,F,F,F,F,F,F,F,?,136
Ringeltaube,274,2023,2023-06-16,3,0,F,T,F,F,F,F,F,F,F,F,F,?,167
Ringeltaube,275,2020,2020-03-24,0,0,NA,NA,NA,NA,NA,NA,NA,NA,NA,NA,NA,NA,84
Ringeltaube,275,2020,2020-04-27,2,2,T,F,F,F,?,F,F,F,F,F,F,?,118
Ringeltaube,275,2020,2020-05-19,0,0,NA,NA,NA,NA,NA,NA,NA,NA,NA,NA,NA,NA,140
Ringeltaube,275,2020,2020-06-17,0,0,NA,NA,NA,NA,NA,NA,NA,NA,NA,NA,NA,NA,169
Ringeltaube,275,2021,2021-03-25,0,0,NA,NA,NA,NA,NA,NA,NA,NA,NA,NA,NA,NA,84
Ringeltaube,275,2021,2021-04-28,0,0,NA,NA,NA,NA,NA,NA,NA,NA,NA,NA,NA,NA,118
Ringeltaube,275,2021,2021-05-10,0,0,NA,NA,NA,NA,NA,NA,NA,NA,NA,NA,NA,NA,130
Ringeltaube,275,2021,2021-06-18,2,0,F,F,F,F,?,F,F,F,F,F,F,?,169
Ringeltaube,275,2022,2022-04-27,0,0,NA,NA,NA,NA,NA,NA,NA,NA,NA,NA,NA,NA,117
Ringeltaube,275,2022,2022-05-19,8,0,F,F,F,F,F,F,F,F,F,F,F,?,139
Ringeltaube,275,2022,2022-06-08,2,0,F,F,F,F,F,F,F,F,F,F,F,?,159
Ringeltaube,275,2022,2022-03-31,1,0,F,T,F,F,F,F,F,F,F,F,F,?,90
Ringeltaube,276,2018,2018-04-22,1,0,F,T,F,F,?,F,F,F,F,F,F,?,112
Ringeltaube,276,2018,2018-06-18,0,0,NA,NA,NA,NA,NA,NA,NA,NA,NA,NA,NA,NA,169
Ringeltaube,276,2018,2018-03-29,0,0,NA,NA,NA,NA,NA,NA,NA,NA,NA,NA,NA,NA,88
Ringeltaube,276,2018,2018-05-21,0,0,NA,NA,NA,NA,NA,NA,NA,NA,NA,NA,NA,NA,141
Ringeltaube,276,2020,2020-03-27,0,0,NA,NA,NA,NA,NA,NA,NA,NA,NA,NA,NA,NA,87
Ringeltaube,276,2020,2020-04-26,1,0,F,T,F,F,?,F,F,F,F,F,F,?,117
Ringeltaube,276,2020,2020-05-21,0,0,NA,NA,NA,NA,NA,NA,NA,NA,NA,NA,NA,NA,142
Ringeltaube,276,2020,2020-06-24,0,0,NA,NA,NA,NA,NA,NA,NA,NA,NA,NA,NA,NA,176
Ringeltaube,276,2021,2021-04-25,1,0,F,T,F,F,?,F,F,F,F,F,F,?,115
Ringeltaube,276,2021,2021-06-21,0,0,NA,NA,NA,NA,NA,NA,NA,NA,NA,NA,NA,NA,172
Ringeltaube,276,2021,2021-03-28,2,0,F,T,F,F,?,F,F,F,F,F,F,?,87
Ringeltaube,276,2021,2021-05-24,0,0,NA,NA,NA,NA,NA,NA,NA,NA,NA,NA,NA,NA,144
Ringeltaube,281,2018,2018-03-18,2,0,F,T,F,F,?,F,F,F,F,F,F,?,77
Ringeltaube,281,2018,2018-04-19,0,0,NA,NA,NA,NA,NA,NA,NA,NA,NA,NA,NA,NA,109
Ringeltaube,281,2018,2018-05-18,4,0,F,T,F,F,?,F,F,F,F,F,F,?,138
Ringeltaube,281,2018,2018-06-07,4,0,F,T,F,F,?,F,F,F,F,F,F,?,158
Ringeltaube,281,2020,2020-03-18,5,0,F,T,F,F,?,F,F,F,F,F,F,?,78
Ringeltaube,281,2020,2020-04-18,2,0,F,T,F,F,?,F,F,F,F,F,F,?,109
Ringeltaube,281,2020,2020-05-08,6,0,T,T,F,F,?,F,F,F,F,F,F,?,129
Ringeltaube,281,2020,2020-06-15,5,0,F,T,F,F,?,F,F,F,F,F,F,?,167
Ringeltaube,281,2021,2021-03-31,3,0,F,T,F,F,?,F,F,F,F,F,F,?,90
Ringeltaube,281,2021,2021-04-23,1,0,F,T,F,F,?,F,F,F,F,F,F,?,113
Ringeltaube,281,2021,2021-05-14,3,0,F,T,F,F,?,F,F,F,F,F,F,?,134
Ringeltaube,281,2021,2021-06-11,5,0,F,F,F,F,?,F,F,F,F,F,F,?,162
Ringeltaube,283,2018,2018-04-28,8,8,T,T,F,F,?,F,F,F,F,F,F,?,118
Ringeltaube,283,2018,2018-05-10,0,0,NA,NA,NA,NA,NA,NA,NA,NA,NA,NA,NA,NA,130
Ringeltaube,283,2018,2018-06-20,0,0,NA,NA,NA,NA,NA,NA,NA,NA,NA,NA,NA,NA,171
Ringeltaube,283,2020,2020-03-26,1,0,F,F,F,F,?,F,F,F,F,F,F,?,86
Ringeltaube,283,2020,2020-04-25,6,6,T,F,T,F,?,F,F,F,F,F,F,?,116
Ringeltaube,283,2020,2020-05-20,0,0,NA,NA,NA,NA,NA,NA,NA,NA,NA,NA,NA,NA,141
Ringeltaube,283,2020,2020-06-20,5,5,T,F,F,F,?,F,F,F,F,F,F,?,172
Ringeltaube,283,2021,2021-03-25,2,0,F,F,F,F,?,F,F,F,F,F,F,?,84
Ringeltaube,283,2021,2021-04-16,0,0,NA,NA,NA,NA,NA,NA,NA,NA,NA,NA,NA,NA,106
Ringeltaube,283,2021,2021-06-20,1,0,F,F,F,F,?,F,F,F,F,T,F,?,171
Ringeltaube,283,2021,2021-05-24,1,0,F,F,F,F,?,F,F,F,F,T,F,?,144
Ringeltaube,284,2020,2020-03-16,0,0,NA,NA,NA,NA,NA,NA,NA,NA,NA,NA,NA,NA,76
Ringeltaube,284,2020,2020-04-20,0,0,NA,NA,NA,NA,NA,NA,NA,NA,NA,NA,NA,NA,111
Ringeltaube,284,2020,2020-05-20,1,0,F,T,F,F,?,F,F,F,F,F,F,?,141
Ringeltaube,284,2020,2020-06-19,0,0,NA,NA,NA,NA,NA,NA,NA,NA,NA,NA,NA,NA,171
Ringeltaube,284,2021,2021-03-24,0,0,NA,NA,NA,NA,NA,NA,NA,NA,NA,NA,NA,NA,83
Ringeltaube,284,2021,2021-04-21,0,0,NA,NA,NA,NA,NA,NA,NA,NA,NA,NA,NA,NA,111
Ringeltaube,284,2021,2021-05-14,0,0,NA,NA,NA,NA,NA,NA,NA,NA,NA,NA,NA,NA,134
Ringeltaube,284,2021,2021-06-16,1,0,F,T,F,F,?,F,F,F,F,F,F,?,167
Ringeltaube,286,2020,2020-03-17,3,0,F,T,F,F,?,F,F,F,F,F,F,?,77
Ringeltaube,286,2020,2020-04-24,3,0,F,T,F,F,?,F,F,F,F,F,F,?,115
Ringeltaube,286,2020,2020-05-16,5,0,F,T,F,F,?,F,F,F,F,F,F,?,137
Ringeltaube,286,2020,2020-06-25,1,0,F,T,F,F,?,F,F,F,F,F,F,?,177
Ringeltaube,286,2021,2021-03-22,4,0,F,T,F,F,?,F,F,F,F,F,F,?,81
Ringeltaube,286,2021,2021-04-24,4,0,F,T,F,F,?,T,F,F,F,F,F,?,114
Ringeltaube,286,2021,2021-05-20,1,0,F,F,F,F,?,F,F,F,F,F,F,?,140
Ringeltaube,286,2021,2021-06-20,3,0,F,T,F,F,?,F,F,F,F,F,F,?,171
Ringeltaube,289,2018,2018-03-25,3,0,F,T,T,F,?,F,F,F,F,F,F,?,84
Ringeltaube,289,2018,2018-05-31,2,0,F,F,T,F,?,F,F,F,F,F,F,?,151
Ringeltaube,289,2018,2018-04-12,2,0,F,F,F,F,?,F,F,F,F,F,F,?,102
Ringeltaube,289,2020,2020-03-17,0,0,NA,NA,NA,NA,NA,NA,NA,NA,NA,NA,NA,NA,77
Ringeltaube,289,2020,2020-04-05,1,0,F,F,F,F,?,T,F,F,F,F,F,?,96
Ringeltaube,289,2020,2020-05-16,1,0,F,F,T,F,?,F,F,F,F,F,F,?,137
Ringeltaube,289,2020,2020-06-08,2,0,F,F,T,F,?,F,F,F,F,F,F,?,160
Ringeltaube,291,2018,2018-03-18,4,0,?,F,T,F,?,F,F,F,F,F,F,?,77
Ringeltaube,291,2018,2018-04-08,5,0,?,T,T,F,?,F,F,F,F,F,F,?,98
Ringeltaube,291,2018,2018-04-15,4,0,?,T,F,F,?,F,F,F,F,F,F,?,105
Ringeltaube,291,2018,2018-05-27,2,0,?,T,F,F,?,F,F,F,F,F,F,?,147
Ringeltaube,291,2020,2020-03-18,2,0,F,T,F,F,?,F,F,F,F,F,F,?,78
Ringeltaube,291,2020,2020-04-10,6,0,F,T,F,F,?,F,F,F,F,F,F,?,101
Ringeltaube,291,2020,2020-05-25,2,0,F,T,F,F,?,F,F,F,F,F,F,?,146
Ringeltaube,291,2020,2020-06-21,4,0,F,T,F,F,?,F,F,F,F,F,F,?,173
Ringeltaube,292,2021,2012-03-26,3,0,?,T,F,F,?,F,F,?,F,F,F,?,86
Ringeltaube,292,2021,2021-04-24,3,0,?,T,F,F,?,F,F,?,F,F,F,?,114
Ringeltaube,292,2021,2021-05-19,4,0,?,T,F,F,?,F,F,?,F,F,F,?,139
Ringeltaube,292,2021,2021-06-11,0,0,NA,NA,NA,NA,NA,NA,NA,NA,NA,NA,NA,NA,162
Ringeltaube,292,2021,2021-03-26,0,0,NA,NA,NA,NA,NA,NA,NA,NA,NA,NA,NA,NA,85
Ringeltaube,292,2019,2019-03-25,1,0,F,T,F,F,?,F,F,F,F,F,F,?,84
Ringeltaube,292,2019,2019-04-23,5,0,F,T,T,F,?,F,F,F,F,F,F,?,113
Ringeltaube,292,2019,2019-05-13,0,0,NA,NA,NA,NA,NA,NA,NA,NA,NA,NA,NA,NA,133
Ringeltaube,292,2019,2019-06-13,5,0,F,T,F,F,?,F,F,F,F,F,F,?,164
Ringeltaube,292,2020,2020-03-25,3,0,F,T,T,F,?,F,F,F,F,F,F,?,85
Ringeltaube,292,2020,2020-04-21,1,0,F,T,F,F,?,F,F,F,F,F,F,?,112
Ringeltaube,292,2020,2020-05-16,3,0,F,T,T,F,?,F,F,F,F,F,F,?,137
Ringeltaube,292,2020,2020-06-08,3,0,F,T,F,F,?,F,F,F,F,F,F,?,160
Ringeltaube,292,2022,2022-03-27,5,0,F,T,F,F,?,F,F,F,F,F,F,?,86
Ringeltaube,292,2022,2022-04-28,3,0,F,T,F,F,?,F,F,F,F,F,F,?,118
Ringeltaube,292,2022,2022-05-15,4,0,F,T,F,F,?,F,F,F,F,F,F,?,135
Ringeltaube,292,2022,2022-06-14,1,0,F,T,F,F,?,F,F,F,F,F,F,?,165
Ringeltaube,292,2023,2023-03-23,1,0,F,T,F,F,F,F,F,F,F,F,F,?,82
Ringeltaube,292,2023,2023-04-27,3,0,F,T,F,F,F,F,F,F,F,F,F,?,117
Ringeltaube,292,2023,2023-05-18,5,0,F,T,F,F,F,F,F,F,F,F,F,?,138
Ringeltaube,292,2023,2023-06-16,2,0,F,T,F,F,F,F,F,F,F,F,F,?,167
Ringeltaube,293,2021,2021-03-25,2,0,F,F,F,F,?,F,F,F,F,F,F,?,84
Ringeltaube,293,2021,2021-05-26,1,0,F,F,F,F,?,F,F,F,F,F,F,?,146
Ringeltaube,293,2021,2021-06-16,1,0,F,F,F,F,?,F,F,F,F,F,T,?,167
Ringeltaube,293,2021,2021-04-26,1,0,F,F,F,F,?,T,F,F,F,F,F,?,116
Ringeltaube,295,2018,2018-03-24,1,0,?,F,T,F,?,F,F,F,F,F,F,?,83
Ringeltaube,295,2018,2018-04-14,4,0,?,T,F,F,?,F,F,F,F,F,F,?,104
Ringeltaube,295,2018,2018-05-12,24,0,?,F,F,F,?,F,F,F,F,F,F,?,132
Ringeltaube,295,2018,2018-06-09,0,0,NA,NA,NA,NA,NA,NA,NA,NA,NA,NA,NA,NA,160
Ringeltaube,295,2020,2020-03-18,0,0,NA,NA,NA,NA,NA,NA,NA,NA,NA,NA,NA,NA,78
Ringeltaube,295,2020,2020-04-08,5,0,F,T,F,F,?,F,F,F,F,F,F,?,99
Ringeltaube,295,2020,2020-05-09,3,0,F,T,F,F,?,F,F,F,F,F,F,?,130
Ringeltaube,295,2020,2020-06-13,1,0,F,T,F,F,?,F,F,F,F,F,F,?,165
Ringeltaube,295,2021,2021-03-28,2,0,F,T,?,?,?,?,F,?,?,?,?,?,87
Ringeltaube,295,2021,2021-04-17,3,0,F,T,?,?,?,?,F,?,?,?,?,?,107
Ringeltaube,295,2021,2021-05-09,0,0,NA,NA,NA,NA,NA,NA,NA,NA,NA,NA,NA,NA,129
Ringeltaube,295,2021,2021-05-24,3,0,F,T,?,?,?,?,F,?,?,?,?,?,144
Ringeltaube,299,2018,2018-03-18,1,0,F,F,T,F,?,F,F,F,F,F,F,?,77
Ringeltaube,299,2018,2018-04-18,4,0,F,T,F,F,?,F,F,F,F,F,F,?,108
Ringeltaube,299,2018,2018-05-12,6,0,F,T,F,F,?,F,F,F,F,F,F,?,132
Ringeltaube,299,2018,2018-06-16,1,0,F,T,F,F,?,F,F,F,F,F,F,?,167
Ringeltaube,299,2020,2020-04-06,7,0,F,T,F,F,?,F,F,F,F,F,F,?,97
Ringeltaube,299,2020,2020-05-10,2,0,F,T,F,F,?,F,F,F,F,F,F,?,131
Ringeltaube,299,2020,2020-06-20,3,0,F,T,F,F,?,F,F,F,F,F,F,?,172
Ringeltaube,299,2020,2020-03-19,6,0,F,T,F,F,?,F,F,F,F,F,F,?,79
Ringeltaube,299,2021,2021-03-27,1,0,F,T,?,?,?,?,F,?,?,?,?,?,86
Ringeltaube,299,2021,2021-04-10,6,0,F,T,?,?,?,?,F,?,?,?,T,?,100
Ringeltaube,299,2021,2021-05-16,3,0,F,T,?,?,?,?,F,?,?,?,?,?,136
Ringeltaube,299,2021,2021-06-12,11,0,F,T,?,?,?,?,F,?,?,?,?,?,163
Ringeltaube,300,2018,2018-03-31,3,0,F,T,F,F,?,T,F,F,F,F,F,?,90
Ringeltaube,300,2018,2018-04-28,3,0,F,F,F,F,?,F,F,F,F,F,F,?,118
Ringeltaube,300,2018,2018-05-20,0,0,NA,NA,NA,NA,NA,NA,NA,NA,NA,NA,NA,NA,140
Ringeltaube,300,2018,2018-06-16,0,0,NA,NA,NA,NA,NA,NA,NA,NA,NA,NA,NA,NA,167
Ringeltaube,300,2020,2020-03-31,3,0,F,T,F,F,?,F,F,F,F,F,F,?,91
Ringeltaube,300,2020,2020-05-03,10,0,F,T,F,F,?,T,F,F,F,F,F,?,124
Ringeltaube,300,2020,2020-05-25,9,0,F,T,F,F,?,F,F,F,F,F,F,?,146
Ringeltaube,300,2020,2020-06-19,4,0,F,T,F,F,?,F,F,F,F,F,F,?,171
Ringeltaube,300,2021,2021-03-30,8,0,F,T,F,F,?,F,F,F,F,F,F,?,89
Ringeltaube,300,2021,2021-04-29,5,0,F,T,F,F,?,F,F,F,F,F,F,?,119
Ringeltaube,300,2021,2021-05-30,5,0,F,T,F,F,?,F,F,F,F,F,F,?,150
Ringeltaube,300,2021,2021-06-13,5,0,F,T,F,F,?,F,F,F,F,F,F,?,164
Ringeltaube,301,2018,2018-03-24,4,0,?,T,F,F,?,F,F,F,F,F,F,?,83
Ringeltaube,301,2018,2018-04-14,5,0,?,T,F,F,?,F,F,F,F,F,F,?,104
Ringeltaube,301,2018,2018-05-11,8,0,?,T,F,F,?,T,F,F,F,F,F,?,131
Ringeltaube,301,2018,2018-06-02,2,0,?,T,F,F,?,F,F,F,F,F,F,?,153
Ringeltaube,301,2020,2020-03-29,2,0,F,T,F,F,?,F,F,F,F,F,F,?,89
Ringeltaube,301,2020,2020-04-18,6,0,F,T,F,F,?,F,F,F,F,F,F,?,109
Ringeltaube,301,2020,2020-05-08,4,0,F,T,F,F,?,F,F,F,F,F,F,?,129
Ringeltaube,301,2020,2020-06-08,3,0,F,T,F,F,?,F,F,F,F,F,F,?,160
Ringeltaube,301,2021,2021-03-26,4,0,F,T,F,F,?,F,F,F,F,F,F,?,85
Ringeltaube,301,2021,2021-04-17,4,0,F,T,F,F,?,F,F,F,F,F,F,?,107
Ringeltaube,301,2021,2021-05-11,3,0,F,T,F,F,?,F,F,F,F,F,F,?,131
Ringeltaube,301,2021,2021-06-06,2,0,F,T,F,F,?,F,F,F,F,F,F,?,157
Ringeltaube,303,2019,2019-03-18,0,0,NA,NA,NA,NA,NA,NA,NA,NA,NA,NA,NA,NA,77
Ringeltaube,303,2019,2019-04-12,5,0,F,T,F,F,?,F,F,F,F,F,F,?,102
Ringeltaube,303,2019,2019-05-06,3,0,F,T,F,F,?,F,F,F,F,F,F,?,126
Ringeltaube,303,2019,2019-06-02,8,0,F,T,T,F,?,F,F,F,F,F,F,?,153
Ringeltaube,303,2020,2020-03-28,4,0,F,T,F,F,?,F,F,F,F,F,F,?,88
Ringeltaube,303,2020,2020-04-18,1,0,F,T,F,F,?,F,F,F,F,F,F,?,109
Ringeltaube,303,2020,2020-05-09,5,0,F,T,F,F,?,F,F,F,F,F,F,?,130
Ringeltaube,303,2020,2020-06-08,1,0,F,T,F,F,?,F,F,F,F,F,F,?,160
Ringeltaube,303,2021,2021-03-29,0,0,NA,NA,NA,NA,NA,NA,NA,NA,NA,NA,NA,NA,88
Ringeltaube,303,2021,2021-04-19,1,0,F,F,F,F,?,F,F,F,F,F,F,?,109
Ringeltaube,303,2021,2021-05-10,1,0,F,F,F,F,?,F,F,F,F,F,F,?,130
Ringeltaube,303,2021,2021-06-04,4,0,F,T,T,F,?,F,F,F,F,F,F,?,155
Ringeltaube,303,2022,2022-03-26,8,0,F,T,F,F,F,F,F,F,F,F,F,?,85
Ringeltaube,303,2022,2022-04-17,2,0,F,T,F,F,F,F,F,F,F,F,F,?,107
Ringeltaube,303,2022,2022-05-12,1,0,F,T,F,F,F,F,F,F,F,F,F,?,132
Ringeltaube,303,2022,2022-06-03,1,0,F,T,F,F,F,F,F,F,F,F,F,?,154
Ringeltaube,303,2023,2023-03-23,0,0,NA,NA,NA,NA,NA,NA,NA,NA,NA,NA,NA,NA,82
Ringeltaube,303,2023,2023-04-15,0,0,NA,NA,NA,NA,NA,NA,NA,NA,NA,NA,NA,NA,105
Ringeltaube,303,2023,2023-05-11,1,0,F,T,F,F,F,F,F,F,F,F,F,?,131
Ringeltaube,303,2023,2023-06-04,2,0,F,T,F,F,F,F,F,F,F,F,F,?,155
Ringeltaube,305,2019,2019-03-17,8,0,F,T,T,F,?,F,F,F,F,F,F,?,76
Ringeltaube,305,2019,2019-04-22,5,0,F,T,F,F,?,F,F,F,F,F,F,?,112
Ringeltaube,305,2019,2019-05-09,7,0,F,T,F,F,?,F,F,F,F,F,F,?,129
Ringeltaube,305,2019,2019-06-11,7,0,F,F,T,F,?,F,F,F,F,F,F,?,162
Ringeltaube,305,2020,2020-03-24,6,0,F,F,T,F,?,F,F,F,F,F,F,?,84
Ringeltaube,305,2020,2020-04-15,8,0,F,F,T,F,?,F,F,F,F,F,F,?,106
Ringeltaube,305,2020,2020-05-13,6,0,F,T,F,F,?,F,F,F,F,F,F,?,134
Ringeltaube,305,2020,2020-06-11,9,0,F,F,T,F,?,F,F,F,F,F,F,?,163
Ringeltaube,305,2021,2021-03-23,4,0,F,T,T,F,?,F,F,F,F,F,F,?,82
Ringeltaube,305,2021,2021-04-20,5,0,F,F,T,F,?,F,F,F,F,F,F,?,110
Ringeltaube,305,2021,2021-05-11,15,0,F,T,F,F,?,F,F,F,F,F,F,?,131
Ringeltaube,305,2021,2021-06-10,6,0,F,T,F,F,?,F,F,F,F,F,F,?,161
Ringeltaube,305,2022,2022-03-23,16,0,F,T,T,F,F,F,F,F,F,F,F,?,82
Ringeltaube,305,2022,2022-04-20,8,0,F,F,T,F,F,F,F,F,F,F,F,?,110
Ringeltaube,305,2022,2022-05-20,6,0,F,T,T,F,F,F,F,F,F,F,F,?,140
Ringeltaube,305,2022,2022-06-15,13,0,F,T,F,F,F,F,F,F,F,F,F,?,166
Ringeltaube,305,2023,2023-03-22,5,0,T,T,T,F,?,F,F,F,F,F,F,?,81
Ringeltaube,305,2023,2023-04-20,10,0,F,T,F,F,?,F,F,F,F,F,F,?,110
Ringeltaube,305,2023,2023-05-09,12,0,F,T,F,F,?,F,F,F,F,F,F,?,129
Ringeltaube,305,2023,2023-06-16,21,0,T,T,F,F,?,F,F,F,F,F,F,?,167
Ringeltaube,306,2018,2018-03-26,1,0,F,T,F,F,?,F,F,F,F,F,F,?,85
Ringeltaube,306,2018,2018-04-21,0,0,NA,NA,NA,NA,NA,NA,NA,NA,NA,NA,NA,NA,111
Ringeltaube,306,2018,2018-06-11,0,0,NA,NA,NA,NA,NA,NA,NA,NA,NA,NA,NA,NA,162
Ringeltaube,306,2018,2018-05-08,1,0,F,T,F,F,?,F,F,F,F,F,F,?,128
Ringeltaube,306,2020,2020-03-17,0,0,NA,NA,NA,NA,NA,NA,NA,NA,NA,NA,NA,NA,77
Ringeltaube,306,2020,2020-04-17,0,0,NA,NA,NA,NA,NA,NA,NA,NA,NA,NA,NA,NA,108
Ringeltaube,306,2020,2020-05-20,5,0,F,T,F,F,?,F,F,F,F,F,F,?,141
Ringeltaube,306,2020,2020-06-18,7,0,F,T,F,F,?,T,F,F,F,F,F,?,170
Ringeltaube,307,2020,2020-03-28,0,0,NA,NA,NA,NA,NA,NA,NA,NA,NA,NA,NA,NA,88
Ringeltaube,307,2020,2020-04-10,5,0,F,T,F,F,?,F,F,F,F,F,F,?,101
Ringeltaube,307,2021,2021-04-03,1,0,?,T,?,?,?,?,?,?,?,?,?,?,93
Ringeltaube,307,2021,2021-04-11,0,0,NA,NA,NA,NA,NA,NA,NA,NA,NA,NA,NA,NA,101
Ringeltaube,307,2021,2021-05-15,1,0,?,T,?,?,?,?,?,?,?,?,?,?,135
Ringeltaube,307,2021,2021-06-13,0,0,NA,NA,NA,NA,NA,NA,NA,NA,NA,NA,NA,NA,164
Ringeltaube,308,2019,2019-03-21,1,0,F,F,F,F,?,F,F,F,F,F,F,?,80
Ringeltaube,308,2019,2019-04-18,1,0,F,T,F,F,?,F,F,F,F,F,F,?,108
Ringeltaube,308,2019,2019-05-16,1,0,F,T,F,F,?,F,F,F,F,F,F,?,136
Ringeltaube,308,2019,2019-06-14,4,0,F,T,F,F,?,F,F,F,F,F,F,?,165
Ringeltaube,308,2020,2020-03-28,2,0,F,T,F,F,?,T,F,F,F,F,F,?,88
Ringeltaube,308,2020,2020-04-18,5,0,F,T,F,F,?,F,F,F,F,F,F,?,109
Ringeltaube,308,2020,2020-05-19,1,0,F,T,F,F,?,F,F,F,F,F,F,?,140
Ringeltaube,308,2020,2020-06-20,5,0,F,T,F,F,?,F,F,F,F,F,F,?,172
Ringeltaube,308,2021,2021-03-24,0,0,NA,NA,NA,NA,NA,NA,NA,NA,NA,NA,NA,NA,83
Ringeltaube,308,2021,2021-04-17,1,0,?,F,F,F,?,F,F,?,F,F,F,?,107
Ringeltaube,308,2021,2021-05-14,2,0,?,T,F,F,?,F,F,?,F,F,F,?,134
Ringeltaube,308,2021,2021-06-15,3,0,?,T,F,F,?,F,F,?,F,F,F,?,166
Ringeltaube,308,2022,2022-03-21,0,0,NA,NA,NA,NA,NA,NA,NA,NA,NA,NA,NA,NA,80
Ringeltaube,308,2022,2022-04-21,3,0,F,T,F,F,?,T,F,F,F,F,F,?,111
Ringeltaube,308,2022,2022-05-11,0,0,NA,NA,NA,NA,NA,NA,NA,NA,NA,NA,NA,NA,131
Ringeltaube,308,2022,2022-06-06,0,0,NA,NA,NA,NA,NA,NA,NA,NA,NA,NA,NA,NA,157
Ringeltaube,308,2023,2023-03-24,1,0,F,T,F,F,F,F,F,F,F,F,F,?,83
Ringeltaube,308,2023,2023-04-18,0,0,NA,NA,NA,NA,NA,NA,NA,NA,NA,NA,NA,NA,108
Ringeltaube,308,2023,2023-05-12,0,0,NA,NA,NA,NA,NA,NA,NA,NA,NA,NA,NA,NA,132
Ringeltaube,308,2023,2023-06-12,1,0,F,T,F,F,F,F,F,F,F,F,F,?,163
Ringeltaube,309,2018,2018-03-25,6,0,?,T,F,F,?,F,F,F,F,F,F,?,84
Ringeltaube,309,2018,2018-04-07,5,0,?,T,F,F,?,F,F,F,F,F,F,?,97
Ringeltaube,309,2018,2018-05-11,6,0,?,T,F,F,?,F,F,F,F,F,F,?,131
Ringeltaube,309,2018,2018-06-03,6,0,?,T,F,F,?,F,F,F,F,F,F,?,154
Ringeltaube,309,2020,2020-03-20,10,0,F,T,F,F,?,F,F,F,F,F,F,?,80
Ringeltaube,309,2020,2020-04-09,7,0,F,T,F,F,?,F,F,F,F,F,F,?,100
Ringeltaube,309,2020,2020-05-07,7,0,F,T,F,F,?,F,F,F,F,F,F,?,128
Ringeltaube,309,2020,2020-06-03,5,0,F,T,F,F,?,F,F,F,F,F,F,?,155
Ringeltaube,309,2021,2021-03-28,49,0,F,T,T,F,?,F,F,F,F,F,F,?,87
Ringeltaube,309,2021,2021-04-27,6,0,F,T,T,F,?,T,F,F,F,F,F,?,117
Ringeltaube,309,2021,2021-05-09,6,0,F,T,F,F,?,F,F,F,F,F,F,?,129
Ringeltaube,309,2021,2021-06-02,7,0,F,T,F,F,?,F,F,F,F,F,F,?,153
Ringeltaube,310,2020,2020-03-28,34,0,F,T,F,F,?,F,F,F,F,F,F,?,88
Ringeltaube,310,2020,2020-04-27,1,0,F,T,F,F,?,F,F,F,F,F,F,?,118
Ringeltaube,310,2020,2020-05-19,2,0,F,T,F,F,?,F,F,F,F,F,F,?,140
Ringeltaube,310,2020,2020-06-20,3,0,F,T,F,F,?,F,F,F,F,F,F,?,172
Ringeltaube,310,2021,2021-03-28,15,0,F,T,F,F,?,F,F,F,F,F,F,?,87
Ringeltaube,310,2021,2021-04-24,16,0,F,T,F,F,?,F,F,F,F,F,F,?,114
Ringeltaube,310,2021,2021-05-15,7,0,F,T,F,F,?,F,F,F,F,F,F,?,135
Ringeltaube,310,2021,2021-06-12,6,0,F,T,F,F,?,F,F,F,F,F,F,?,163
Ringeltaube,311,2019,2019-03-20,1,0,F,T,F,F,?,F,F,F,F,F,F,?,79
Ringeltaube,311,2019,2019-04-13,1,0,F,T,F,F,?,F,F,F,F,F,F,?,103
Ringeltaube,311,2019,2019-05-13,3,0,F,T,F,F,?,F,F,F,F,F,F,?,133
Ringeltaube,311,2019,2019-06-06,0,0,NA,NA,NA,NA,NA,NA,NA,NA,NA,NA,NA,NA,157
Ringeltaube,311,2020,2020-03-19,3,0,F,T,F,F,?,T,F,F,F,F,F,?,79
Ringeltaube,311,2020,2020-04-16,2,0,F,T,F,F,?,T,F,T,F,F,F,?,107
Ringeltaube,311,2020,2020-05-16,2,0,F,T,F,F,?,F,F,F,F,F,F,?,137
Ringeltaube,311,2020,2020-06-08,1,0,F,T,F,F,?,F,F,F,F,F,F,?,160
Ringeltaube,311,2021,2021-03-26,1,0,?,T,F,F,?,F,F,?,F,F,F,?,85
Ringeltaube,311,2021,2021-04-15,2,0,?,T,F,F,?,F,F,?,F,F,F,?,105
Ringeltaube,311,2021,2021-05-13,3,0,?,T,F,F,?,F,F,?,F,F,F,?,133
Ringeltaube,311,2021,2021-06-05,1,0,?,T,F,F,?,F,F,?,F,F,F,?,156
Ringeltaube,311,2021,2011-05-13,0,0,NA,NA,NA,NA,NA,NA,NA,NA,NA,NA,NA,NA,133
Ringeltaube,311,2022,2022-03-24,2,0,F,T,F,F,?,F,F,F,F,F,F,?,83
Ringeltaube,311,2022,2022-04-20,1,0,F,T,F,F,?,F,F,F,F,F,F,?,110
Ringeltaube,311,2022,2022-05-04,0,0,NA,NA,NA,NA,NA,NA,NA,NA,NA,NA,NA,NA,124
Ringeltaube,311,2022,2022-06-02,2,0,F,T,F,F,?,F,F,F,F,F,F,?,153
Ringeltaube,311,2023,2023-03-24,2,0,F,T,F,F,F,F,F,F,F,F,F,?,83
Ringeltaube,311,2023,2023-04-20,2,0,F,T,F,F,F,F,F,F,F,F,F,?,110
Ringeltaube,311,2023,2023-05-13,3,0,F,T,F,F,F,F,F,F,F,F,F,?,133
Ringeltaube,311,2023,2023-06-05,2,0,F,T,F,F,F,F,F,T,F,F,F,?,156
Ringeltaube,313,2018,2018-03-30,1,0,F,T,F,F,?,F,F,F,F,F,F,?,89
Ringeltaube,313,2018,2018-04-27,1,0,F,T,F,F,?,F,F,F,F,F,F,?,117
Ringeltaube,313,2018,2018-05-19,0,0,NA,NA,NA,NA,NA,NA,NA,NA,NA,NA,NA,NA,139
Ringeltaube,313,2018,2018-06-19,1,0,F,T,F,F,?,F,F,F,F,F,F,?,170
Ringeltaube,313,2020,2020-03-28,1,0,F,T,F,F,?,F,F,F,F,F,F,?,88
Ringeltaube,313,2020,2020-05-05,0,0,NA,NA,NA,NA,NA,NA,NA,NA,NA,NA,NA,NA,126
Ringeltaube,313,2020,2020-05-26,2,0,F,T,F,F,?,F,F,F,F,F,F,?,147
Ringeltaube,313,2020,2020-06-20,1,0,F,T,F,F,?,F,F,F,F,F,F,?,172
Ringeltaube,313,2021,2021-04-02,3,0,F,T,F,F,?,F,F,F,F,F,F,?,92
Ringeltaube,313,2021,2021-05-04,1,0,F,F,F,F,?,T,F,F,F,F,F,?,124
Ringeltaube,313,2021,2021-05-31,2,0,F,T,F,F,?,F,F,F,F,F,F,?,151
Ringeltaube,313,2021,2021-06-20,0,0,NA,NA,NA,NA,NA,NA,NA,NA,NA,NA,NA,NA,171
Ringeltaube,315,2019,2019-03-22,2,0,F,T,F,F,?,T,F,F,F,F,F,?,81
Ringeltaube,315,2019,2019-04-18,4,0,F,T,F,F,?,F,F,F,F,F,F,?,108
Ringeltaube,315,2019,2019-05-14,3,0,F,T,F,F,?,F,F,F,F,F,F,?,134
Ringeltaube,315,2019,2019-06-14,3,0,F,T,F,F,?,F,F,F,F,F,F,?,165
Ringeltaube,315,2020,2020-03-25,1,0,F,T,F,F,?,F,F,F,F,F,F,?,85
Ringeltaube,315,2020,2020-03-28,8,0,F,F,F,F,?,F,F,F,F,F,F,?,88
Ringeltaube,315,2020,2020-04-18,7,0,F,T,F,F,?,F,F,F,F,F,F,?,109
Ringeltaube,315,2020,2020-04-25,2,0,F,T,F,F,?,F,F,F,F,F,F,?,116
Ringeltaube,315,2020,2020-05-17,8,0,F,T,F,F,?,T,F,F,F,F,F,?,138
Ringeltaube,315,2020,2020-06-12,11,0,F,T,F,F,?,F,F,F,F,F,F,?,164
Ringeltaube,315,2020,2020-06-20,5,0,F,T,F,F,?,F,F,F,F,F,F,?,172
Ringeltaube,315,2021,2021-03-28,13,0,F,T,F,F,?,T,F,?,F,F,F,?,87
Ringeltaube,315,2021,2021-04-16,0,0,NA,NA,NA,NA,NA,NA,NA,NA,NA,NA,NA,NA,106
Ringeltaube,315,2021,2021-04-25,6,0,F,T,?,?,?,?,F,?,?,?,?,?,115
Ringeltaube,315,2021,2021-05-14,6,0,?,T,F,F,?,F,F,?,F,F,F,?,134
Ringeltaube,315,2021,2021-05-16,7,0,F,T,?,?,?,?,F,?,?,?,?,?,136
Ringeltaube,315,2021,2021-06-12,3,0,?,T,F,F,?,F,F,?,F,F,F,?,163
Ringeltaube,315,2021,2021-06-13,5,0,F,?,?,?,?,T,F,?,?,?,?,?,164
Ringeltaube,315,2022,2022-03-25,1,0,F,F,F,F,?,T,F,F,F,F,F,?,84
Ringeltaube,315,2022,2022-04-19,6,0,F,T,F,F,?,F,F,F,F,F,F,?,109
Ringeltaube,315,2022,2022-05-11,7,0,F,T,F,F,?,F,F,F,F,F,F,?,131
Ringeltaube,315,2022,2022-06-15,4,0,F,T,F,F,?,F,F,F,F,F,F,?,166
Ringeltaube,315,2023,2023-03-23,3,0,F,T,F,F,F,F,F,F,F,F,F,?,82
Ringeltaube,315,2023,2023-04-21,6,0,F,T,F,F,F,F,F,F,F,F,F,?,111
Ringeltaube,315,2023,2023-05-19,2,0,F,T,F,F,F,F,F,F,F,F,F,?,139
Ringeltaube,315,2023,2023-05-30,4,0,F,T,F,F,F,T,F,F,F,F,F,?,150
Ringeltaube,316,2019,2019-03-26,0,0,NA,NA,NA,NA,NA,NA,NA,NA,NA,NA,NA,NA,85
Ringeltaube,316,2019,2019-04-24,1,0,F,T,F,F,?,F,F,F,F,F,F,?,114
Ringeltaube,316,2019,2019-05-17,0,0,NA,NA,NA,NA,NA,NA,NA,NA,NA,NA,NA,NA,137
Ringeltaube,316,2019,2019-06-14,0,0,NA,NA,NA,NA,NA,NA,NA,NA,NA,NA,NA,NA,165
Ringeltaube,316,2020,2020-03-28,0,0,NA,NA,NA,NA,NA,NA,NA,NA,NA,NA,NA,NA,88
Ringeltaube,316,2020,2020-04-24,1,0,F,T,F,F,?,F,F,F,F,F,F,?,115
Ringeltaube,316,2020,2020-05-20,1,0,F,T,F,F,?,F,F,F,F,F,F,?,141
Ringeltaube,316,2020,2020-06-18,0,0,NA,NA,NA,NA,NA,NA,NA,NA,NA,NA,NA,NA,170
Ringeltaube,316,2021,2021-03-29,1,0,?,T,F,F,?,F,F,?,F,F,F,?,88
Ringeltaube,316,2021,2021-04-21,1,0,?,F,F,F,?,F,F,?,F,T,F,?,111
Ringeltaube,316,2021,2021-05-08,1,0,?,T,F,F,?,F,F,?,F,F,F,?,128
Ringeltaube,316,2021,2021-06-10,1,0,?,T,F,F,?,F,F,?,F,F,F,?,161
Ringeltaube,316,2022,2022-03-23,0,0,NA,NA,NA,NA,NA,NA,NA,NA,NA,NA,NA,NA,82
Ringeltaube,316,2022,2022-04-23,0,0,NA,NA,NA,NA,NA,NA,NA,NA,NA,NA,NA,NA,113
Ringeltaube,316,2022,2022-05-19,3,0,F,T,F,F,?,F,F,F,F,F,F,?,139
Ringeltaube,316,2022,2022-06-15,2,0,F,T,F,F,?,F,F,F,F,F,F,?,166
Ringeltaube,316,2023,2023-03-24,0,0,NA,NA,NA,NA,NA,NA,NA,NA,NA,NA,NA,NA,83
Ringeltaube,316,2023,2023-04-29,0,0,NA,NA,NA,NA,NA,NA,NA,NA,NA,NA,NA,NA,119
Ringeltaube,316,2023,2023-05-17,0,0,NA,NA,NA,NA,NA,NA,NA,NA,NA,NA,NA,NA,137
Ringeltaube,316,2023,2023-06-16,1,0,F,F,F,F,F,F,F,F,F,F,F,?,167
Ringeltaube,317,2019,2019-03-22,2,0,F,T,F,F,?,T,F,F,F,F,F,?,81
Ringeltaube,317,2019,2019-04-19,4,0,F,T,F,F,?,F,F,F,F,F,F,?,109
Ringeltaube,317,2019,2019-05-01,1,0,F,T,F,F,?,F,F,F,F,F,F,?,121
Ringeltaube,317,2019,2019-05-31,3,0,F,T,F,F,?,F,F,F,F,F,F,?,151
Ringeltaube,317,2020,2020-03-26,3,0,F,T,F,F,?,F,F,F,F,F,F,?,86
Ringeltaube,317,2020,2020-04-17,2,0,F,T,F,F,?,F,F,F,F,F,F,?,108
Ringeltaube,317,2020,2020-05-04,3,0,F,T,F,F,?,T,F,F,F,F,F,?,125
Ringeltaube,317,2020,2020-06-01,3,0,F,T,F,F,?,F,F,T,F,F,F,?,153
Ringeltaube,317,2021,2021-03-26,3,0,?,T,F,F,?,F,F,?,F,F,F,?,85
Ringeltaube,317,2021,2021-04-10,4,0,?,T,F,F,?,T,F,?,F,F,F,?,100
Ringeltaube,317,2021,2021-05-01,4,0,?,T,F,F,?,F,F,?,F,F,F,?,121
Ringeltaube,317,2021,2021-06-11,3,0,?,T,F,F,?,F,F,?,F,F,F,?,162
Ringeltaube,317,2022,2022-03-23,5,0,F,T,F,F,?,T,F,F,F,F,F,?,82
Ringeltaube,317,2022,2022-04-20,3,0,F,T,F,F,?,F,F,F,F,F,F,?,110
Ringeltaube,317,2022,2022-05-03,5,0,F,T,F,F,?,F,F,F,F,F,F,?,123
Ringeltaube,317,2022,2022-06-03,3,0,F,T,F,F,?,T,F,F,F,F,F,?,154
Ringeltaube,317,2023,2023-03-23,4,0,F,T,F,F,F,F,F,F,F,F,F,?,82
Ringeltaube,317,2023,2023-04-25,2,0,F,T,F,F,F,T,F,F,F,F,F,?,115
Ringeltaube,317,2023,2023-05-14,2,0,F,T,F,F,F,F,F,F,F,F,F,?,134
Ringeltaube,317,2023,2023-05-30,3,0,F,T,F,F,F,F,F,F,F,F,F,?,150
Ringeltaube,318,2021,2021-03-24,2,0,F,T,?,?,?,?,F,?,?,?,?,?,83
Ringeltaube,318,2021,2021-04-18,4,0,F,T,?,?,?,?,F,?,?,?,?,?,108
Ringeltaube,318,2021,2021-05-09,5,0,F,T,?,?,?,?,F,?,?,?,?,?,129
Ringeltaube,318,2021,2021-06-04,2,0,F,?,?,?,?,?,F,?,?,?,?,?,155
Ringeltaube,319,2019,2019-03-30,2,0,F,T,F,F,?,F,F,F,F,F,F,?,89
Ringeltaube,319,2019,2019-04-11,2,0,F,T,F,F,?,F,F,F,F,F,F,?,101
Ringeltaube,319,2019,2019-05-02,3,0,F,T,F,F,?,F,F,F,F,F,F,?,122
Ringeltaube,319,2019,2019-05-31,1,0,F,F,F,F,?,F,F,F,F,F,F,?,151
Ringeltaube,319,2020,2020-03-27,4,0,F,T,F,F,?,T,F,F,F,F,F,?,87
Ringeltaube,319,2020,2020-04-10,1,0,F,F,F,F,?,F,F,F,F,F,F,?,101
Ringeltaube,319,2020,2020-05-07,2,0,F,T,F,F,?,T,F,F,F,F,F,?,128
Ringeltaube,319,2020,2020-06-03,0,0,NA,NA,NA,NA,NA,NA,NA,NA,NA,NA,NA,NA,155
Ringeltaube,319,2020,2020-06-08,0,0,NA,NA,NA,NA,NA,NA,NA,NA,NA,NA,NA,NA,160
Ringeltaube,319,2020,2020-05-17,1,0,F,T,F,F,?,F,F,F,F,F,F,?,138
Ringeltaube,319,2021,2021-03-25,2,0,?,F,F,F,?,F,F,?,F,F,F,?,84
Ringeltaube,319,2021,2021-04-14,2,0,?,T,F,F,?,F,F,?,F,F,F,?,104
Ringeltaube,319,2021,2021-05-03,4,0,?,T,F,F,?,F,F,?,F,F,F,?,123
Ringeltaube,319,2021,2021-06-09,1,0,?,T,F,F,?,F,F,?,F,F,F,?,160
Ringeltaube,319,2022,2022-03-21,0,0,NA,NA,NA,NA,NA,NA,NA,NA,NA,NA,NA,NA,80
Ringeltaube,319,2022,2022-04-14,1,0,F,F,F,F,?,F,F,F,F,F,F,?,104
Ringeltaube,319,2022,2022-05-03,1,0,F,T,F,F,?,F,F,F,F,F,F,?,123
Ringeltaube,319,2022,2022-06-01,1,0,F,T,F,F,?,T,F,F,F,F,F,?,152
Ringeltaube,319,2023,2023-03-17,2,0,F,F,F,F,F,F,F,F,F,F,F,?,76
Ringeltaube,319,2023,2023-04-14,3,0,F,T,F,F,F,F,F,F,F,F,F,?,104
Ringeltaube,319,2023,2023-05-03,2,0,F,T,F,F,F,F,F,F,F,F,F,?,123
Ringeltaube,319,2023,2023-06-02,2,0,F,T,F,F,F,T,F,F,F,F,F,?,153
Ringeltaube,320,2019,2019-03-21,1,0,F,F,F,F,?,F,F,F,F,F,F,?,80
Ringeltaube,320,2019,2019-04-16,1,0,F,F,F,F,?,F,F,F,F,F,F,?,106
Ringeltaube,320,2019,2019-05-10,4,0,F,T,F,F,?,F,F,F,F,F,F,?,130
Ringeltaube,320,2019,2019-06-13,2,0,F,T,F,F,?,F,F,F,F,F,F,?,164
Ringeltaube,320,2020,2020-03-24,2,0,F,T,F,F,?,T,F,F,F,F,F,?,84
Ringeltaube,320,2020,2020-04-17,1,0,F,T,F,F,?,F,F,F,F,F,F,?,108
Ringeltaube,320,2020,2020-05-08,2,0,F,T,F,F,?,F,F,F,F,F,F,?,129
Ringeltaube,320,2020,2020-06-19,3,0,F,T,F,F,?,F,F,F,F,F,F,?,171
Ringeltaube,320,2021,2011-05-09,0,0,NA,NA,NA,NA,NA,NA,NA,NA,NA,NA,NA,NA,129
Ringeltaube,320,2021,2021-03-23,2,0,?,T,F,F,?,F,F,?,F,F,F,?,82
Ringeltaube,320,2021,2021-04-17,4,0,?,T,F,F,?,F,F,?,F,F,F,?,107
Ringeltaube,320,2021,2021-05-09,3,0,?,T,F,F,?,F,F,?,F,F,F,?,129
Ringeltaube,320,2021,2021-06-11,2,0,?,T,F,F,?,F,F,?,F,F,F,?,162
Ringeltaube,320,2022,2022-03-22,0,0,NA,NA,NA,NA,NA,NA,NA,NA,NA,NA,NA,NA,81
Ringeltaube,320,2022,2022-03-23,0,0,NA,NA,NA,NA,NA,NA,NA,NA,NA,NA,NA,NA,82
Ringeltaube,320,2022,2022-04-18,2,0,F,T,F,F,?,F,F,F,F,F,F,?,108
Ringeltaube,320,2022,2022-05-12,1,0,F,T,F,F,?,T,F,F,F,F,F,?,132
Ringeltaube,320,2022,2022-06-16,2,0,F,T,F,F,?,F,F,F,F,F,F,?,167
Ringeltaube,320,2023,2023-03-21,0,0,NA,NA,NA,NA,NA,NA,NA,NA,NA,NA,NA,NA,80
Ringeltaube,320,2023,2023-04-18,2,0,F,F,F,F,F,F,F,F,F,F,F,?,108
Ringeltaube,320,2023,2023-05-18,1,0,F,T,F,F,F,F,F,F,F,F,F,?,138
Ringeltaube,320,2023,2023-06-12,1,0,F,F,F,F,F,F,F,F,F,F,F,?,163
Ringeltaube,321,2021,2021-03-29,5,0,F,T,F,F,F,F,F,F,F,F,F,?,88
Ringeltaube,321,2021,2021-04-23,7,0,F,T,F,F,F,F,F,F,F,F,F,?,113
Ringeltaube,321,2021,2021-05-24,1,0,F,T,F,F,F,F,F,F,F,F,F,?,144
Ringeltaube,321,2021,2021-06-17,1,0,F,T,F,F,F,F,F,F,F,F,F,?,168
Ringeltaube,322,2019,2019-03-30,0,0,NA,NA,NA,NA,NA,NA,NA,NA,NA,NA,NA,NA,89
Ringeltaube,322,2019,2019-04-25,2,0,F,T,F,F,?,F,F,F,F,F,F,?,115
Ringeltaube,322,2019,2019-05-17,1,0,F,T,F,F,?,F,F,F,F,F,F,?,137
Ringeltaube,322,2019,2019-06-19,1,0,F,T,F,F,?,F,F,F,F,F,F,?,170
Ringeltaube,322,2020,2020-03-19,0,0,NA,NA,NA,NA,NA,NA,NA,NA,NA,NA,NA,NA,79
Ringeltaube,322,2020,2020-04-23,2,0,F,T,F,F,?,F,F,F,F,F,F,?,114
Ringeltaube,322,2020,2020-05-18,1,0,F,T,F,F,?,F,F,F,F,F,F,?,139
Ringeltaube,322,2020,2020-06-13,2,0,F,T,F,F,?,F,F,F,F,F,F,?,165
Ringeltaube,322,2021,2021-03-31,1,0,?,T,F,F,?,F,F,?,F,F,F,?,90
Ringeltaube,322,2021,2021-04-22,1,0,?,T,F,F,?,F,F,?,F,F,F,?,112
Ringeltaube,322,2021,2021-05-14,1,0,?,F,F,F,?,F,F,?,F,F,F,?,134
Ringeltaube,322,2021,2021-06-14,1,0,?,F,F,F,?,F,F,?,F,F,F,?,165
Ringeltaube,322,2022,2022-03-17,0,0,NA,NA,NA,NA,NA,NA,NA,NA,NA,NA,NA,NA,76
Ringeltaube,322,2022,2022-04-12,0,0,NA,NA,NA,NA,NA,NA,NA,NA,NA,NA,NA,NA,102
Ringeltaube,322,2022,2022-05-12,1,0,F,T,F,F,?,F,F,F,F,F,F,?,132
Ringeltaube,322,2022,2022-06-03,2,0,F,T,F,F,?,F,F,F,F,F,F,?,154
Ringeltaube,322,2023,2023-03-21,0,0,NA,NA,NA,NA,NA,NA,NA,NA,NA,NA,NA,NA,80
Ringeltaube,322,2023,2023-04-21,1,0,F,T,F,F,F,F,F,F,F,F,F,?,111
Ringeltaube,322,2023,2023-05-12,2,0,F,T,F,F,F,F,F,F,F,F,F,?,132
Ringeltaube,322,2023,2023-06-09,4,0,F,T,F,F,F,F,F,F,F,F,F,?,160
Ringeltaube,328,2018,2018-03-31,2,0,F,T,F,F,?,F,F,F,F,F,F,?,90
Ringeltaube,328,2018,2018-04-18,1,0,F,T,F,F,?,F,F,F,F,F,F,?,108
Ringeltaube,328,2018,2018-05-26,6,0,F,T,F,F,?,F,F,F,F,F,F,?,146
Ringeltaube,329,2018,2018-03-30,2,0,F,T,F,F,?,F,F,F,F,F,F,?,89
Ringeltaube,329,2018,2018-04-27,4,0,F,T,F,F,?,F,F,F,F,F,F,?,117
Ringeltaube,329,2018,2018-05-20,3,0,F,T,F,F,?,F,F,F,F,F,F,?,140
Ringeltaube,329,2018,2018-06-17,3,0,F,T,F,F,?,F,F,F,F,F,F,?,168
Ringeltaube,329,2021,2021-03-21,5,0,T,T,?,?,?,?,F,?,?,?,?,?,80
Ringeltaube,329,2021,2021-04-22,8,0,F,T,?,?,?,?,F,?,?,?,?,?,112
Ringeltaube,329,2021,2021-05-09,2,0,F,T,?,?,?,?,F,?,?,?,?,?,129
Ringeltaube,329,2021,2021-06-20,8,0,T,T,?,?,?,?,F,?,?,?,?,?,171
Ringeltaube,330,2021,2021-03-10,2,0,F,T,F,F,?,F,?,F,F,F,F,?,69
Ringeltaube,330,2021,2021-04-03,10,0,F,F,F,F,?,F,?,F,F,F,F,?,93
Ringeltaube,330,2021,2021-05-08,4,0,F,F,F,F,?,F,?,F,F,F,F,?,128
Ringeltaube,330,2021,2021-05-30,1,0,F,F,F,F,?,F,?,F,F,F,F,?,150
Ringeltaube,330,2021,2021-03-26,0,0,NA,NA,NA,NA,NA,NA,NA,NA,NA,NA,NA,NA,85
Ringeltaube,335,2018,2018-03-30,5,0,?,T,F,F,?,F,F,F,F,F,F,?,89
Ringeltaube,335,2018,2018-04-15,10,0,?,T,F,F,?,F,F,F,F,F,F,?,105
Ringeltaube,335,2018,2018-05-18,8,0,?,T,F,F,?,F,F,F,F,F,F,?,138
Ringeltaube,335,2018,2018-06-06,6,0,?,T,F,F,?,F,F,F,F,F,F,?,157
Ringeltaube,335,2020,2020-03-16,11,0,F,F,F,F,?,F,F,F,F,F,F,?,76
Ringeltaube,335,2020,2020-04-01,3,0,F,T,F,F,?,F,F,F,F,F,F,?,92
Ringeltaube,335,2020,2020-05-03,16,0,F,T,F,F,?,F,F,F,F,F,F,?,124
Ringeltaube,335,2020,2020-05-22,10,0,F,T,F,F,?,F,F,F,F,F,F,?,143
Ringeltaube,335,2021,2021-03-24,2,0,F,F,F,F,?,F,?,F,F,F,F,?,83
Ringeltaube,335,2021,2021-04-09,3,0,F,T,F,F,?,F,?,F,F,F,F,?,99
Ringeltaube,335,2021,2021-05-09,5,0,F,T,F,F,?,F,?,F,F,F,F,?,129
Ringeltaube,335,2021,2021-06-12,2,0,F,T,F,F,?,F,?,F,F,F,F,?,163
Ringeltaube,336,2019,2019-03-19,3,0,F,T,F,F,?,F,F,F,F,F,F,?,78
Ringeltaube,336,2019,2019-04-13,1,0,?,F,?,?,?,?,?,?,?,?,?,?,103
Ringeltaube,336,2019,2019-05-10,2,0,F,F,F,F,?,F,F,F,F,F,F,?,130
Ringeltaube,336,2019,2019-05-26,4,0,F,T,?,?,?,?,?,?,?,?,?,?,146
Ringeltaube,336,2020,2020-03-15,0,0,NA,NA,NA,NA,NA,NA,NA,NA,NA,NA,NA,NA,75
Ringeltaube,336,2020,2020-04-10,1,0,?,F,?,?,?,?,?,?,?,?,?,?,101
Ringeltaube,336,2020,2020-05-08,1,0,F,T,F,F,?,F,F,F,F,F,F,?,129
Ringeltaube,336,2020,2020-06-12,2,0,F,T,F,F,?,F,F,F,F,F,F,?,164
Ringeltaube,336,2021,2021-03-26,0,0,NA,NA,NA,NA,NA,NA,NA,NA,NA,NA,NA,NA,85
Ringeltaube,336,2021,2021-04-22,0,0,NA,NA,NA,NA,NA,NA,NA,NA,NA,NA,NA,NA,112
Ringeltaube,336,2021,2021-05-13,2,0,?,T,?,?,?,?,?,?,?,?,?,?,133
Ringeltaube,336,2021,2021-06-01,0,0,NA,NA,NA,NA,NA,NA,NA,NA,NA,NA,NA,NA,152
Ringeltaube,336,2022,2022-03-25,0,0,NA,NA,NA,NA,NA,NA,NA,NA,NA,NA,NA,NA,84
Ringeltaube,336,2022,2022-04-26,0,0,NA,NA,NA,NA,NA,NA,NA,NA,NA,NA,NA,NA,116
Ringeltaube,336,2022,2022-05-16,0,0,NA,NA,NA,NA,NA,NA,NA,NA,NA,NA,NA,NA,136
Ringeltaube,336,2022,2022-05-30,1,0,F,F,F,F,F,F,F,F,F,F,F,?,150
Ringeltaube,336,2023,2023-03-28,0,0,NA,NA,NA,NA,NA,NA,NA,NA,NA,NA,NA,NA,87
Ringeltaube,336,2023,2023-04-17,0,0,NA,NA,NA,NA,NA,NA,NA,NA,NA,NA,NA,NA,107
Ringeltaube,336,2023,2023-05-08,2,0,F,T,F,F,?,F,F,T,F,F,F,?,128
Ringeltaube,336,2023,2023-06-07,1,0,F,T,F,F,?,F,F,F,F,F,F,?,158
Ringeltaube,336,2023,2023-04-05,0,0,NA,NA,NA,NA,NA,NA,NA,NA,NA,NA,NA,NA,95
Ringeltaube,337,2021,2021-03-24,23,0,F,T,F,F,?,F,?,F,F,F,F,?,83
Ringeltaube,337,2021,2021-04-17,6,0,F,T,F,F,?,T,?,F,F,F,F,?,107
Ringeltaube,337,2021,2021-05-14,2,0,F,T,F,F,?,F,?,F,F,F,F,?,134
Ringeltaube,337,2021,2021-06-06,5,0,F,T,F,F,?,F,?,F,F,F,F,?,157
Ringeltaube,339,2018,2018-03-31,3,0,?,F,T,F,?,F,F,F,F,F,F,?,90
Ringeltaube,339,2018,2018-04-30,7,0,?,T,T,F,?,F,F,F,F,F,F,?,120
Ringeltaube,339,2018,2018-05-12,5,0,?,T,F,F,?,F,F,F,F,F,F,?,132
Ringeltaube,339,2018,2018-06-17,5,0,?,T,F,F,?,F,F,F,F,F,F,?,168
Ringeltaube,339,2020,2020-03-31,4,0,F,F,T,F,?,F,F,F,F,F,F,?,91
Ringeltaube,339,2020,2020-04-30,3,0,F,F,T,F,?,F,F,F,F,F,F,?,121
Ringeltaube,339,2020,2020-05-18,8,0,F,F,T,F,?,F,F,F,F,F,F,?,139
Ringeltaube,339,2020,2020-06-20,3,0,F,F,T,F,?,F,F,F,F,F,F,?,172
Ringeltaube,339,2021,2021-03-29,5,0,F,T,?,?,?,?,F,?,?,?,?,?,88
Ringeltaube,339,2021,2021-05-03,8,0,F,T,?,?,?,?,F,?,?,?,?,?,123
Ringeltaube,339,2021,2021-05-26,3,0,F,T,?,?,?,?,F,?,?,?,?,?,146
Ringeltaube,339,2021,2021-06-20,4,0,F,T,?,?,?,?,F,?,?,?,?,?,171
Ringeltaube,340,2019,2019-03-16,8,0,F,T,F,F,?,F,F,F,F,F,F,?,75
Ringeltaube,340,2019,2019-04-12,7,0,F,T,T,F,?,F,F,F,F,F,F,?,102
Ringeltaube,340,2019,2019-05-22,6,0,F,T,F,F,?,F,F,F,F,F,F,?,142
Ringeltaube,340,2019,2019-06-19,5,0,F,F,F,F,?,F,F,F,F,F,F,?,170
Ringeltaube,340,2020,2020-03-30,7,0,F,F,F,F,?,F,F,F,F,F,F,?,90
Ringeltaube,340,2020,2020-04-21,2,0,F,T,F,F,?,F,F,F,F,F,F,?,112
Ringeltaube,340,2020,2020-05-09,2,0,F,F,F,F,?,F,F,F,F,F,F,?,130
Ringeltaube,340,2020,2020-05-16,3,0,F,F,T,F,?,T,F,F,F,F,F,?,137
Ringeltaube,340,2021,2021-03-27,2,0,F,F,F,F,?,F,F,F,F,F,F,?,86
Ringeltaube,340,2021,2021-04-30,4,0,F,T,F,F,?,F,F,F,F,F,F,?,120
Ringeltaube,340,2021,2021-05-22,4,0,F,F,T,F,?,F,F,F,F,F,F,?,142
Ringeltaube,340,2021,2021-06-19,2,0,F,F,F,F,?,F,F,F,F,F,F,?,170
Ringeltaube,340,2022,2022-03-23,7,0,F,T,F,F,F,F,F,F,F,F,F,?,82
Ringeltaube,340,2022,2022-04-11,4,0,F,F,F,F,F,F,F,F,F,F,F,?,101
Ringeltaube,340,2022,2022-05-03,3,0,F,F,F,F,F,F,F,F,F,F,F,?,123
Ringeltaube,340,2022,2022-06-22,1,0,F,F,F,F,F,F,F,F,F,F,F,?,173
Ringeltaube,340,2023,2023-03-24,4,0,F,F,F,F,F,F,F,F,F,F,F,?,83
Ringeltaube,340,2023,2023-04-27,5,0,F,T,F,F,F,F,F,F,F,F,F,?,117
Ringeltaube,340,2023,2023-05-21,1,0,F,F,F,F,F,F,F,F,F,F,F,?,141
Ringeltaube,340,2023,2023-06-08,14,0,F,F,F,F,F,F,F,F,F,F,F,?,159
Ringeltaube,341,2018,2018-03-26,1,0,F,F,F,F,?,F,F,F,F,F,F,?,85
Ringeltaube,341,2018,2018-04-14,2,0,F,T,F,F,?,F,F,F,F,F,F,?,104
Ringeltaube,341,2018,2018-05-05,3,0,F,T,F,F,?,F,F,F,F,F,F,?,125
Ringeltaube,341,2018,2018-06-02,5,0,F,T,F,F,?,F,F,F,F,F,F,?,153
Ringeltaube,341,2020,2020-03-28,3,0,F,T,F,F,?,F,F,F,F,F,F,?,88
Ringeltaube,341,2020,2020-04-17,2,0,F,T,F,F,?,F,F,F,F,F,F,?,108
Ringeltaube,341,2020,2020-05-08,4,0,F,T,F,F,?,F,F,F,F,F,F,?,129
Ringeltaube,341,2020,2020-06-03,4,0,F,T,F,F,?,T,F,F,F,F,F,?,155
Ringeltaube,341,2021,2021-03-26,5,0,F,T,F,F,?,T,F,F,F,F,F,?,85
Ringeltaube,341,2021,2021-04-10,5,0,F,T,F,F,?,F,F,F,F,F,F,?,100
Ringeltaube,341,2021,2021-05-03,5,0,F,T,F,F,?,F,F,F,F,F,F,?,123
Ringeltaube,341,2021,2021-06-02,4,0,T,T,F,F,?,T,F,F,F,F,F,?,153
Ringeltaube,342,2018,2018-03-24,1,0,F,T,F,F,?,F,F,F,F,F,F,?,83
Ringeltaube,342,2018,2018-04-11,3,0,F,T,F,F,?,T,F,F,F,F,F,?,101
Ringeltaube,342,2018,2018-05-02,2,0,F,T,F,F,?,F,F,F,F,F,F,?,122
Ringeltaube,342,2018,2018-06-05,2,0,F,T,F,F,?,F,F,F,F,F,F,?,156
Ringeltaube,342,2020,2020-03-20,1,0,F,T,F,F,?,T,F,F,F,F,F,?,80
Ringeltaube,342,2020,2020-04-11,2,0,F,T,F,F,?,F,F,F,F,F,F,?,102
Ringeltaube,342,2020,2020-05-06,3,0,F,T,F,F,?,F,F,F,F,F,F,?,127
Ringeltaube,342,2020,2020-06-08,3,0,F,T,F,F,?,T,F,F,F,F,F,?,160
Ringeltaube,342,2021,2021-03-24,1,0,F,F,F,F,?,F,F,F,F,F,F,?,83
Ringeltaube,342,2021,2021-04-20,1,0,F,F,F,F,?,F,T,F,F,F,F,?,110
Ringeltaube,342,2021,2021-05-08,3,0,F,T,F,F,?,F,F,F,F,F,F,?,128
Ringeltaube,342,2021,2021-05-31,0,0,NA,NA,NA,NA,NA,NA,NA,NA,NA,NA,NA,NA,151
Ringeltaube,342,2021,2021-05-28,0,0,NA,NA,NA,NA,NA,NA,NA,NA,NA,NA,NA,NA,148
Ringeltaube,343,2019,2019-04-25,5,0,F,F,T,F,?,F,F,F,F,F,F,?,115
Ringeltaube,343,2019,2019-05-19,3,0,F,T,F,F,?,F,F,F,F,F,F,?,139
Ringeltaube,343,2019,2019-06-18,6,0,F,F,T,F,?,F,F,F,F,F,F,?,169
Ringeltaube,343,2019,2019-03-21,8,0,F,F,F,F,?,F,F,F,F,F,F,?,80
Ringeltaube,343,2020,2020-03-28,1,0,F,F,T,F,?,F,F,F,F,F,F,?,88
Ringeltaube,343,2020,2020-04-24,3,0,F,F,T,F,?,F,F,F,F,F,F,?,115
Ringeltaube,343,2020,2020-05-19,5,0,F,F,T,F,?,F,F,F,F,F,F,?,140
Ringeltaube,343,2020,2020-06-12,4,0,F,F,T,F,?,F,F,F,F,F,F,?,164
Ringeltaube,343,2021,2021-03-29,2,0,F,F,T,F,?,F,F,F,F,F,F,?,88
Ringeltaube,343,2021,2021-04-23,4,0,F,F,F,F,?,F,F,F,F,F,F,?,113
Ringeltaube,343,2021,2021-05-14,5,0,F,F,T,F,?,F,F,F,F,F,F,?,134
Ringeltaube,343,2021,2021-06-18,4,0,F,F,T,F,?,F,F,F,F,F,F,?,169
Ringeltaube,343,2022,2022-03-28,4,0,F,F,T,F,F,F,F,F,F,F,F,?,87
Ringeltaube,343,2022,2022-04-21,2,0,F,F,T,F,F,F,F,F,F,F,F,?,111
Ringeltaube,343,2022,2022-05-17,2,0,F,T,F,F,F,F,F,F,F,F,F,?,137
Ringeltaube,343,2022,2022-06-16,0,0,NA,NA,NA,NA,NA,NA,NA,NA,NA,NA,NA,NA,167
Ringeltaube,343,2023,2023-03-29,3,0,F,F,T,F,F,F,F,F,F,F,F,?,88
Ringeltaube,343,2023,2023-04-27,3,0,F,F,T,F,F,F,F,F,F,F,F,?,117
Ringeltaube,343,2023,2023-05-18,1,0,F,F,T,F,F,F,F,F,F,F,F,?,138
Ringeltaube,343,2023,2023-06-20,2,0,F,F,T,F,F,F,F,F,F,F,F,?,171
Ringeltaube,346,2019,2019-03-29,1,0,F,F,T,F,?,F,F,F,F,F,F,?,88
Ringeltaube,346,2019,2019-04-24,8,0,F,F,T,F,?,F,F,F,F,F,F,?,114
Ringeltaube,346,2019,2019-05-18,8,0,F,T,F,F,?,F,F,F,F,F,F,?,138
Ringeltaube,346,2019,2019-06-19,2,0,F,T,F,F,?,F,F,F,F,F,F,?,170
Ringeltaube,346,2020,2020-03-27,3,0,F,T,T,F,?,F,F,F,F,F,F,?,87
Ringeltaube,346,2020,2020-04-27,1,0,F,F,T,F,?,F,F,F,F,F,F,?,118
Ringeltaube,346,2020,2020-05-20,2,0,F,F,T,F,?,F,F,F,F,F,F,?,141
Ringeltaube,346,2020,2020-06-19,4,0,F,F,T,F,?,F,F,F,F,F,F,?,171
Ringeltaube,346,2021,2021-03-30,1,0,F,F,T,F,?,F,F,F,F,F,F,?,89
Ringeltaube,346,2021,2021-04-26,4,0,F,F,T,F,?,F,F,F,F,F,F,?,116
Ringeltaube,346,2021,2021-05-20,4,0,F,F,T,F,?,F,F,F,F,F,F,?,140
Ringeltaube,346,2021,2021-06-17,2,0,F,T,T,F,?,F,F,F,F,F,F,?,168
Ringeltaube,346,2022,2022-03-29,3,0,F,F,T,F,F,F,F,F,F,F,F,?,88
Ringeltaube,346,2022,2022-04-20,5,0,F,F,T,F,F,F,F,F,F,F,F,?,110
Ringeltaube,346,2022,2022-05-20,3,0,F,T,T,F,F,F,F,F,F,F,F,?,140
Ringeltaube,346,2022,2022-06-20,3,0,F,F,F,F,F,F,F,F,F,F,F,?,171
Ringeltaube,346,2023,2023-03-28,4,0,F,T,T,F,F,F,F,F,F,F,F,?,87
Ringeltaube,346,2023,2023-04-26,1,0,F,F,T,F,F,F,F,F,F,F,F,?,116
Ringeltaube,346,2023,2023-05-19,1,0,F,F,T,F,F,F,F,F,F,F,F,?,139
Ringeltaube,346,2023,2023-06-19,2,0,F,F,T,F,F,F,F,F,F,F,F,?,170
Ringeltaube,350,2018,2018-03-25,2,0,?,F,F,F,?,F,F,F,F,F,F,?,84
Ringeltaube,350,2018,2018-06-16,1,0,?,F,T,F,?,F,F,F,F,F,F,?,167
Ringeltaube,350,2018,2018-05-20,2,0,?,F,T,F,?,F,F,F,F,F,F,?,140
Ringeltaube,350,2020,2020-03-28,0,0,NA,NA,NA,NA,NA,NA,NA,NA,NA,NA,NA,NA,88
Ringeltaube,350,2020,2020-05-19,1,0,F,F,T,F,?,F,F,F,F,F,F,?,140
Ringeltaube,350,2020,2020-06-18,0,0,NA,NA,NA,NA,NA,NA,NA,NA,NA,NA,NA,NA,170
Ringeltaube,350,2020,2020-04-30,2,0,F,F,F,F,?,F,F,F,F,F,F,?,121
Ringeltaube,350,2021,2021-03-28,0,0,NA,NA,NA,NA,NA,NA,NA,NA,NA,NA,NA,NA,87
Ringeltaube,350,2021,2021-04-25,0,0,NA,NA,NA,NA,NA,NA,NA,NA,NA,NA,NA,NA,115
Ringeltaube,350,2021,2021-05-28,0,0,NA,NA,NA,NA,NA,NA,NA,NA,NA,NA,NA,NA,148
Ringeltaube,350,2021,2021-05-09,1,0,F,T,F,F,?,F,F,F,F,F,F,?,129
Ringeltaube,354,2021,2021-04-30,7,0,F,T,?,?,?,?,F,?,?,?,?,?,120
Ringeltaube,354,2021,2021-05-20,2,0,F,T,?,?,?,?,F,?,?,?,?,?,140
Ringeltaube,354,2021,2021-06-17,2,0,F,T,?,?,?,?,F,?,?,?,?,?,168
Ringeltaube,355,2019,2019-03-23,3,0,F,T,T,F,?,T,F,F,F,F,F,?,82
Ringeltaube,355,2019,2019-04-14,1,0,F,T,F,F,?,F,F,F,F,F,F,?,104
Ringeltaube,355,2019,2019-05-01,2,0,F,T,F,F,?,F,F,F,F,F,F,?,121
Ringeltaube,355,2019,2019-05-25,4,0,F,T,F,F,?,F,F,F,F,F,F,?,145
Ringeltaube,355,2020,2020-03-13,2,0,F,T,F,F,?,F,F,F,F,F,F,?,73
Ringeltaube,355,2020,2020-04-23,3,0,F,T,F,F,?,F,F,F,F,F,F,?,114
Ringeltaube,355,2020,2020-05-18,2,0,F,T,F,F,?,F,F,F,F,F,F,?,139
Ringeltaube,355,2020,2020-06-18,2,0,F,T,F,F,?,F,F,F,F,F,F,?,170
Ringeltaube,355,2021,2021-03-31,4,0,F,T,F,F,?,F,F,F,F,F,F,?,90
Ringeltaube,355,2021,2021-04-20,2,0,F,T,F,F,?,F,F,F,F,F,F,?,110
Ringeltaube,355,2021,2021-05-14,2,0,F,T,F,F,?,F,F,F,F,F,F,?,134
Ringeltaube,355,2021,2021-06-15,3,0,F,T,F,F,?,F,F,F,F,F,F,?,166
Ringeltaube,355,2022,2022-03-22,2,0,F,T,F,F,F,F,F,F,F,F,F,?,81
Ringeltaube,355,2022,2022-04-27,1,0,F,T,F,F,F,F,F,F,F,F,F,?,117
Ringeltaube,355,2022,2022-05-14,3,0,F,T,F,F,F,F,F,F,F,F,F,?,134
Ringeltaube,355,2022,2022-06-15,0,0,NA,NA,NA,NA,NA,NA,NA,NA,NA,NA,NA,NA,166
Ringeltaube,355,2023,2023-03-15,2,0,F,T,F,F,?,F,F,F,F,F,F,?,74
Ringeltaube,355,2023,2023-04-13,1,0,F,T,F,F,?,F,F,F,F,F,F,?,103
Ringeltaube,355,2023,2023-05-10,0,0,NA,NA,NA,NA,NA,NA,NA,NA,NA,NA,NA,NA,130
Ringeltaube,355,2023,2023-06-15,2,0,F,T,F,F,?,F,F,F,F,F,F,?,166
Ringeltaube,357,2021,2021-03-28,5,0,F,T,?,?,?,T,F,?,?,?,?,?,87
Ringeltaube,357,2021,2021-04-24,3,0,F,T,?,?,?,?,F,?,?,?,?,?,114
Ringeltaube,357,2021,2021-05-14,2,0,F,T,?,?,?,T,F,?,?,?,?,?,134
Ringeltaube,357,2021,2021-06-12,3,0,F,T,?,?,?,?,F,?,?,?,?,?,163
Ringeltaube,358,2020,2020-03-22,0,0,NA,NA,NA,NA,NA,NA,NA,NA,NA,NA,NA,NA,82
Ringeltaube,358,2020,2020-04-17,1,0,F,T,F,F,?,F,F,F,F,F,F,?,108
Ringeltaube,358,2020,2020-05-08,0,0,NA,NA,NA,NA,NA,NA,NA,NA,NA,NA,NA,NA,129
Ringeltaube,358,2020,2020-06-19,0,0,NA,NA,NA,NA,NA,NA,NA,NA,NA,NA,NA,NA,171
Ringeltaube,358,2021,2021-03-26,11,0,F,F,F,F,?,F,F,F,F,F,F,?,85
Ringeltaube,358,2021,2021-04-26,1,0,F,T,F,F,?,F,F,F,F,F,F,?,116
Ringeltaube,358,2021,2021-05-19,2,0,F,T,F,F,?,F,F,F,F,F,F,?,139
Ringeltaube,358,2021,2021-06-14,0,0,NA,NA,NA,NA,NA,NA,NA,NA,NA,NA,NA,NA,165
Ringeltaube,359,2020,2020-03-29,3,0,F,T,F,F,?,F,F,F,F,F,F,?,89
Ringeltaube,359,2020,2020-04-23,4,0,F,T,F,F,?,F,F,F,F,F,F,?,114
Ringeltaube,359,2020,2020-05-20,8,0,F,T,F,F,?,F,F,F,F,F,F,?,141
Ringeltaube,359,2020,2020-06-13,3,0,F,T,F,F,?,F,F,F,F,F,F,?,165
Ringeltaube,359,2021,2021-03-31,4,0,F,T,F,F,?,F,F,F,F,F,F,?,90
Ringeltaube,359,2021,2021-04-22,4,0,F,T,F,F,?,F,F,F,F,F,F,?,112
Ringeltaube,359,2021,2021-05-19,6,0,F,T,F,F,?,F,F,F,F,F,F,?,139
Ringeltaube,359,2021,2021-06-14,10,0,F,T,F,F,?,F,F,F,F,F,F,?,165
Ringeltaube,360,2018,2018-03-21,0,0,NA,NA,NA,NA,NA,NA,NA,NA,NA,NA,NA,NA,80
Ringeltaube,360,2018,2018-03-22,4,0,F,T,F,F,?,F,F,F,F,F,F,?,81
Ringeltaube,360,2018,2018-04-22,9,0,F,T,F,F,?,F,F,F,F,F,F,?,112
Ringeltaube,360,2018,2018-05-12,8,0,F,F,T,F,?,F,F,F,F,F,F,?,132
Ringeltaube,360,2018,2018-06-08,6,0,F,F,T,F,?,F,F,F,F,F,F,?,159
Ringeltaube,360,2020,2020-03-28,5,0,F,T,F,F,?,F,F,F,F,F,F,?,88
Ringeltaube,360,2020,2020-04-18,11,0,F,T,F,F,?,F,F,F,F,F,F,?,109
Ringeltaube,360,2020,2020-05-18,6,0,F,T,F,F,?,F,F,F,F,F,F,?,139
Ringeltaube,360,2020,2020-06-13,5,0,F,T,F,F,?,F,F,F,F,F,F,?,165
Ringeltaube,360,2021,2021-03-29,6,0,F,T,F,F,?,F,F,F,F,F,F,?,88
Ringeltaube,360,2021,2021-04-21,5,0,F,T,F,F,?,F,F,F,F,F,F,?,111
Ringeltaube,360,2021,2021-05-18,2,0,F,T,F,F,?,F,F,F,F,F,F,?,138
Ringeltaube,360,2021,2021-06-13,9,0,F,T,F,F,?,F,F,F,F,F,F,?,164
Ringeltaube,361,2018,2018-03-25,13,0,F,T,F,F,?,F,F,F,F,F,F,?,84
Ringeltaube,361,2018,2018-04-07,12,0,F,T,F,F,?,F,F,F,F,F,F,?,97
Ringeltaube,361,2018,2018-05-06,9,0,F,T,F,F,?,F,F,F,F,F,F,?,126
Ringeltaube,361,2018,2018-06-09,8,0,F,T,F,F,?,F,F,F,F,F,F,?,160
Ringeltaube,361,2020,2020-03-20,59,0,F,T,F,F,?,F,F,F,F,F,F,?,80
Ringeltaube,361,2020,2020-04-04,27,0,F,T,F,F,?,F,F,F,F,F,F,?,95
Ringeltaube,361,2020,2020-05-09,13,0,F,T,F,F,?,F,F,F,F,F,F,?,130
Ringeltaube,361,2020,2020-05-30,14,0,F,T,F,F,?,F,F,F,F,F,F,?,151
Ringeltaube,361,2021,2021-03-28,20,0,F,T,F,F,?,F,F,F,F,F,F,?,87
Ringeltaube,361,2021,2021-04-11,22,0,F,T,T,F,?,F,F,F,F,F,F,?,101
Ringeltaube,361,2021,2021-05-14,18,0,F,T,F,F,?,F,F,F,F,F,F,?,134
Ringeltaube,361,2021,2021-06-11,12,0,F,T,F,F,?,F,F,F,F,F,F,?,162
Ringeltaube,363,2019,2019-03-21,1,0,F,T,F,F,?,T,F,F,F,F,F,?,80
Ringeltaube,363,2019,2019-04-16,3,0,F,T,F,F,?,T,F,F,F,F,F,?,106
Ringeltaube,363,2019,2019-05-13,1,0,F,F,F,F,?,T,F,F,F,F,F,?,133
Ringeltaube,363,2019,2019-06-17,2,0,F,F,F,F,?,T,F,F,F,F,F,?,168
Ringeltaube,363,2020,2020-03-20,6,0,F,T,F,F,?,F,F,F,F,F,F,?,80
Ringeltaube,363,2020,2020-04-12,41,0,T,F,F,F,?,F,F,F,F,F,F,?,103
Ringeltaube,363,2020,2020-05-05,6,0,F,T,F,F,?,F,F,F,F,F,F,?,126
Ringeltaube,363,2020,2020-06-12,4,0,F,T,F,F,?,F,F,F,F,F,F,?,164
Ringeltaube,363,2022,2022-03-26,35,0,T,T,F,F,?,F,F,F,F,F,F,?,85
Ringeltaube,363,2022,2022-04-15,3,0,F,T,F,F,?,T,F,F,F,F,F,?,105
Ringeltaube,363,2022,2022-05-07,4,0,F,F,F,F,?,F,F,F,F,F,F,?,127
Ringeltaube,363,2022,2022-06-06,3,0,F,T,F,F,?,F,F,F,F,F,F,?,157
Ringeltaube,363,2023,2023-03-26,4,0,F,T,F,F,?,F,F,F,F,F,F,?,85
Ringeltaube,363,2023,2023-04-23,11,0,F,T,F,F,?,F,F,F,F,F,F,?,113
Ringeltaube,363,2023,2023-05-14,4,0,T,T,F,F,?,F,F,F,F,F,F,?,134
Ringeltaube,363,2023,2023-05-28,4,0,T,F,F,F,?,F,F,F,F,F,F,?,148
Ringeltaube,364,2019,2019-03-28,1,0,F,T,F,F,?,F,F,F,F,F,F,?,87
Ringeltaube,364,2019,2019-04-23,2,0,F,T,F,F,?,F,F,F,F,F,F,?,113
Ringeltaube,364,2019,2019-05-15,3,0,F,T,F,F,?,F,F,F,F,F,F,?,135
Ringeltaube,364,2019,2019-06-17,7,0,F,T,F,F,?,F,F,F,F,F,F,?,168
Ringeltaube,364,2020,2020-03-15,2,0,F,T,F,F,?,F,F,F,F,F,F,?,75
Ringeltaube,364,2020,2020-04-10,30,0,F,T,F,F,T,F,F,F,F,F,F,?,101
Ringeltaube,364,2020,2020-05-06,5,0,F,T,F,F,?,F,F,F,F,F,F,?,127
Ringeltaube,364,2020,2020-06-11,10,0,F,T,F,F,?,F,F,F,F,F,F,?,163
Ringeltaube,364,2022,2022-03-23,61,0,F,T,F,F,?,F,F,F,F,F,F,?,82
Ringeltaube,364,2022,2022-04-17,7,7,T,T,F,F,?,F,F,F,F,F,F,?,107
Ringeltaube,364,2022,2022-05-10,6,0,F,T,F,F,?,F,F,F,F,F,F,?,130
Ringeltaube,364,2022,2022-06-08,2,0,F,F,F,F,?,F,F,F,F,T,F,?,159
Ringeltaube,364,2023,2023-03-25,2,0,F,T,F,F,?,F,F,F,F,F,F,?,84
Ringeltaube,364,2023,2023-04-08,8,0,F,T,F,F,?,F,F,F,F,F,F,?,98
Ringeltaube,364,2023,2023-05-18,6,0,F,T,F,F,?,F,F,F,F,T,F,?,138
Ringeltaube,364,2023,2023-06-04,5,0,F,T,F,F,?,T,F,F,F,F,F,?,155
Ringeltaube,366,2019,2019-03-20,25,0,F,T,F,F,?,F,F,F,F,F,F,?,79
Ringeltaube,366,2019,2019-04-11,0,0,NA,NA,NA,NA,NA,NA,NA,NA,NA,NA,NA,NA,101
Ringeltaube,366,2019,2019-05-06,4,0,F,T,F,F,?,F,F,F,F,F,F,?,126
Ringeltaube,366,2019,2019-06-03,3,0,F,F,F,F,?,F,F,F,F,F,F,?,154
Ringeltaube,366,2020,2020-03-26,19,0,F,T,F,F,?,F,F,F,F,F,F,?,86
Ringeltaube,366,2020,2020-04-11,17,0,F,T,F,F,?,F,F,F,F,F,F,?,102
Ringeltaube,366,2020,2020-05-08,13,0,F,T,F,F,?,F,F,F,F,F,F,?,129
Ringeltaube,366,2020,2020-06-08,3,0,F,T,F,F,?,F,F,F,F,F,F,?,160
Ringeltaube,366,2022,2022-03-20,103,0,F,T,F,F,?,F,F,F,F,F,F,?,79
Ringeltaube,366,2022,2022-04-10,8,0,F,T,F,F,?,F,F,F,F,F,F,?,100
Ringeltaube,366,2022,2022-05-08,5,0,F,T,F,F,?,F,F,F,F,F,F,?,128
Ringeltaube,366,2022,2022-06-04,5,0,F,T,F,F,?,F,F,F,F,F,F,?,155
Ringeltaube,366,2023,2023-03-19,4,0,F,T,F,F,?,F,F,F,F,F,F,?,78
Ringeltaube,366,2023,2023-04-07,14,0,T,T,T,F,?,F,F,F,F,F,F,?,97
Ringeltaube,366,2023,2023-05-13,2,0,F,T,F,F,?,F,F,F,F,F,F,?,133
Ringeltaube,366,2023,2023-05-29,7,0,T,T,F,F,?,F,F,F,F,F,F,?,149
Ringeltaube,366,2023,2023-05-06,0,0,NA,NA,NA,NA,NA,NA,NA,NA,NA,NA,NA,NA,126
Ringeltaube,367,2019,2019-03-20,4,0,F,T,F,F,?,T,F,F,F,F,F,?,79
Ringeltaube,367,2019,2019-04-23,5,0,F,T,F,F,?,F,F,F,F,F,F,?,113
Ringeltaube,367,2019,2019-05-15,5,0,F,T,F,F,?,F,F,F,F,F,F,?,135
Ringeltaube,367,2019,2019-06-14,6,0,F,T,F,F,?,F,F,F,F,F,F,?,165
Ringeltaube,367,2020,2020-03-12,6,0,F,T,F,F,?,F,F,F,F,F,F,?,72
Ringeltaube,367,2020,2020-04-06,19,0,F,T,F,F,?,F,F,F,F,F,F,?,97
Ringeltaube,367,2020,2020-05-04,16,0,F,T,F,F,?,F,F,F,F,F,F,?,125
Ringeltaube,367,2020,2020-06-10,14,0,F,T,F,F,?,F,F,F,F,F,F,?,162
Ringeltaube,367,2022,2022-03-16,8,0,F,T,F,F,?,F,F,F,F,F,F,?,75
Ringeltaube,367,2022,2022-04-06,21,0,F,T,F,F,?,F,F,F,F,F,F,?,96
Ringeltaube,367,2022,2022-05-01,16,0,F,T,F,F,?,T,F,F,F,F,F,?,121
Ringeltaube,367,2022,2022-05-28,20,0,T,T,F,F,?,F,F,F,F,F,F,?,148
Ringeltaube,367,2023,2023-03-12,8,0,F,T,F,F,?,F,F,F,F,F,F,?,71
Ringeltaube,367,2023,2023-04-15,15,0,T,T,F,F,?,F,F,F,F,F,F,?,105
Ringeltaube,367,2023,2023-05-06,9,0,F,T,F,F,?,F,F,F,F,F,F,?,126
Ringeltaube,367,2023,2023-06-08,11,0,T,T,F,F,?,F,F,F,F,F,F,?,159
Ringeltaube,368,2018,2018-03-26,5,0,?,T,F,F,?,F,F,F,F,F,F,?,85
Ringeltaube,368,2018,2018-04-14,2,0,?,T,F,F,?,F,F,F,F,F,F,?,104
Ringeltaube,368,2018,2018-05-12,2,0,?,T,F,F,?,F,F,F,F,F,F,?,132
Ringeltaube,368,2018,2018-05-26,2,0,?,T,F,F,?,F,F,F,F,F,F,?,146
Ringeltaube,368,2018,2018-03-30,0,0,NA,NA,NA,NA,NA,NA,NA,NA,NA,NA,NA,NA,89
Ringeltaube,368,2020,2020-03-28,7,0,F,T,F,F,?,T,F,F,F,F,F,?,88
Ringeltaube,368,2020,2020-04-18,5,0,F,T,F,F,?,F,F,F,F,F,F,?,109
Ringeltaube,368,2020,2020-05-17,5,0,F,T,F,F,?,F,F,F,F,F,F,?,138
Ringeltaube,368,2020,2020-06-06,4,0,F,T,F,F,?,F,F,F,F,F,F,?,158
Ringeltaube,368,2021,2021-03-28,4,0,F,T,F,F,?,F,?,F,F,F,F,?,87
Ringeltaube,368,2021,2021-04-13,1,0,F,T,F,F,?,F,?,F,F,F,F,?,103
Ringeltaube,368,2021,2021-05-25,23,0,F,T,F,F,?,F,?,F,F,F,F,?,145
Ringeltaube,369,2018,2018-03-22,0,0,NA,NA,NA,NA,NA,NA,NA,NA,NA,NA,NA,NA,81
Ringeltaube,369,2018,2018-04-06,1,0,?,F,F,F,?,F,F,F,F,F,F,?,96
Ringeltaube,369,2018,2018-05-07,0,0,NA,NA,NA,NA,NA,NA,NA,NA,NA,NA,NA,NA,127
Ringeltaube,369,2018,2018-06-02,2,0,?,T,F,F,?,F,F,F,F,F,F,?,153
Ringeltaube,369,2020,2020-03-16,1,0,F,F,T,F,?,F,F,F,F,F,F,?,76
Ringeltaube,369,2020,2020-04-08,0,0,NA,NA,NA,NA,NA,NA,NA,NA,NA,NA,NA,NA,99
Ringeltaube,369,2020,2020-05-16,3,0,F,F,F,F,?,F,F,F,F,F,F,?,137
Ringeltaube,369,2020,2020-06-02,1,0,F,T,F,F,?,F,F,F,F,F,F,?,154
Ringeltaube,369,2021,2021-03-22,1,0,F,F,F,F,?,F,F,F,F,F,F,?,81
Ringeltaube,369,2021,2021-04-09,1,0,F,T,F,F,?,F,F,F,F,F,F,?,99
Ringeltaube,369,2021,2021-05-14,1,0,F,T,F,F,?,F,F,F,F,F,F,?,134
Ringeltaube,369,2021,2021-06-11,0,0,NA,NA,NA,NA,NA,NA,NA,NA,NA,NA,NA,NA,162
Ringeltaube,370,2018,2018-03-24,1,0,?,T,F,F,?,F,F,F,F,F,F,?,83
Ringeltaube,370,2018,2018-04-22,6,0,?,T,F,F,?,F,F,F,F,F,F,?,112
Ringeltaube,370,2018,2018-05-21,1,0,?,T,F,F,?,F,F,F,F,F,F,?,141
Ringeltaube,370,2018,2018-06-17,5,0,?,T,F,F,?,F,F,F,F,F,F,?,168
Ringeltaube,370,2020,2020-03-20,2,0,F,T,F,F,?,F,F,F,F,F,F,?,80
Ringeltaube,370,2020,2020-04-19,3,0,F,T,F,F,?,F,F,F,F,F,F,?,110
Ringeltaube,370,2020,2020-05-17,2,0,F,T,F,F,?,F,F,F,F,F,F,?,138
Ringeltaube,370,2020,2020-06-12,5,0,F,T,F,F,?,F,F,F,F,F,F,?,164
Ringeltaube,370,2021,2021-03-28,5,0,F,T,F,F,?,F,?,F,F,F,F,?,87
Ringeltaube,370,2021,2021-04-25,2,0,F,T,F,F,?,F,?,F,F,F,F,?,115
Ringeltaube,370,2021,2021-05-13,3,0,F,T,F,F,?,F,?,F,F,F,F,?,133
Ringeltaube,370,2021,2021-06-03,5,0,F,T,F,F,?,F,?,F,F,F,F,?,154
Ringeltaube,372,2018,2018-03-30,3,0,?,T,F,F,?,F,F,F,F,F,F,?,89
Ringeltaube,372,2018,2018-04-13,3,0,?,T,F,F,?,F,F,F,F,F,F,?,103
Ringeltaube,372,2018,2018-05-11,6,0,?,T,F,F,?,F,F,F,F,F,F,?,131
Ringeltaube,372,2018,2018-06-20,6,0,?,T,F,F,?,F,F,F,F,F,F,?,171
Ringeltaube,372,2018,2018-04-01,0,0,NA,NA,NA,NA,NA,NA,NA,NA,NA,NA,NA,NA,91
Ringeltaube,372,2020,2020-03-27,5,0,F,T,F,F,?,T,F,F,F,F,F,?,87
Ringeltaube,372,2020,2020-04-16,4,0,F,T,F,F,?,F,F,F,F,F,F,?,107
Ringeltaube,372,2020,2020-05-19,1,0,F,F,F,F,?,T,F,F,F,F,F,?,140
Ringeltaube,372,2020,2020-06-17,5,0,F,T,F,F,?,F,F,F,F,F,F,?,169
Ringeltaube,372,2021,2021-03-26,6,0,F,T,?,?,?,T,F,?,?,?,?,?,85
Ringeltaube,372,2021,2021-04-23,3,0,F,T,?,?,?,?,F,?,?,?,?,?,113
Ringeltaube,372,2021,2021-05-20,10,0,F,T,?,?,?,?,F,?,?,?,?,?,140
Ringeltaube,372,2021,2021-06-19,2,0,F,T,?,?,?,?,F,?,?,?,?,?,170
Ringeltaube,373,2018,2018-03-14,2,0,F,T,F,F,?,F,F,F,F,F,F,?,73
Ringeltaube,373,2018,2018-04-10,3,0,F,T,F,F,?,F,F,F,F,F,F,?,100
Ringeltaube,373,2018,2018-05-12,5,0,F,T,F,F,?,F,F,F,F,F,F,?,132
Ringeltaube,373,2018,2018-06-11,2,0,F,T,F,F,?,F,F,F,F,F,F,?,162
Ringeltaube,373,2020,2020-03-19,4,0,F,T,F,F,?,F,F,F,F,F,F,?,79
Ringeltaube,373,2020,2020-04-12,9,0,F,T,F,F,?,T,F,F,F,F,F,?,103
Ringeltaube,373,2020,2020-05-08,5,0,F,T,F,F,?,F,F,F,F,F,F,?,129
Ringeltaube,373,2020,2020-06-03,3,0,F,T,F,F,?,F,F,F,F,F,F,?,155
Ringeltaube,373,2021,2021-06-13,15,0,F,T,F,F,?,F,?,F,F,F,F,?,164
Ringeltaube,374,2019,2019-03-27,0,0,NA,NA,NA,NA,NA,NA,NA,NA,NA,NA,NA,NA,86
Ringeltaube,374,2019,2019-04-29,4,0,F,T,F,F,?,F,F,F,F,F,F,?,119
Ringeltaube,374,2019,2019-05-09,3,0,F,T,F,F,?,F,F,F,F,F,F,?,129
Ringeltaube,374,2019,2019-06-18,5,0,F,T,F,F,?,F,F,F,F,F,F,?,169
Ringeltaube,374,2020,2020-03-24,7,0,F,T,F,F,?,F,F,F,F,F,F,?,84
Ringeltaube,374,2020,2020-04-24,4,0,F,T,F,F,?,F,F,F,F,F,F,?,115
Ringeltaube,374,2020,2020-05-19,5,0,F,T,F,F,?,F,F,F,F,F,F,?,140
Ringeltaube,374,2020,2020-06-11,5,0,F,T,F,F,?,F,F,F,F,F,F,?,163
Ringeltaube,374,2022,2022-03-29,3,0,F,T,F,F,?,F,F,F,F,F,F,?,88
Ringeltaube,374,2022,2022-04-19,4,0,F,T,F,F,?,F,F,F,F,F,F,?,109
Ringeltaube,374,2022,2022-05-20,5,0,F,T,F,F,?,F,F,F,F,F,F,?,140
Ringeltaube,374,2022,2022-06-14,6,0,F,T,F,F,F,F,F,F,F,F,F,?,165
Ringeltaube,374,2023,2023-03-24,10,0,T,T,T,F,F,F,F,F,F,F,F,?,83
Ringeltaube,374,2023,2023-04-19,27,0,F,T,F,F,F,F,F,F,F,F,F,?,109
Ringeltaube,374,2023,2023-05-15,7,0,F,T,F,F,F,F,F,F,F,F,F,?,135
Ringeltaube,374,2023,2023-06-09,6,0,T,T,F,F,F,F,F,F,F,F,F,?,160
Ringeltaube,375,2018,2018-03-24,0,0,NA,NA,NA,NA,NA,NA,NA,NA,NA,NA,NA,NA,83
Ringeltaube,375,2018,2018-04-14,2,0,?,T,F,F,?,F,F,F,F,F,F,?,104
Ringeltaube,375,2018,2018-05-12,3,0,?,T,F,F,?,F,F,F,F,F,F,?,132
Ringeltaube,375,2018,2018-06-19,0,0,NA,NA,NA,NA,NA,NA,NA,NA,NA,NA,NA,NA,170
Ringeltaube,376,2019,2019-03-25,2,0,F,T,F,F,?,F,F,F,F,F,F,?,84
Ringeltaube,376,2019,2019-04-17,3,0,F,T,F,F,?,F,F,F,F,F,F,?,107
Ringeltaube,376,2019,2019-05-06,0,0,NA,NA,NA,NA,NA,NA,NA,NA,NA,NA,NA,NA,126
Ringeltaube,376,2019,2019-06-16,3,0,F,T,F,F,?,F,F,F,F,F,F,?,167
Ringeltaube,376,2020,2020-03-24,1,0,F,T,F,F,?,F,F,F,F,F,F,?,84
Ringeltaube,376,2020,2020-04-24,0,0,NA,NA,NA,NA,NA,NA,NA,NA,NA,NA,NA,NA,115
Ringeltaube,376,2020,2020-05-14,1,0,F,T,F,F,?,F,F,F,F,F,F,?,135
Ringeltaube,376,2020,2020-06-08,1,0,F,F,F,F,?,F,F,F,F,F,F,?,160
Ringeltaube,376,2022,2022-03-25,4,0,F,T,F,F,F,F,F,F,F,F,F,?,84
Ringeltaube,376,2022,2022-04-25,2,0,F,T,F,F,F,F,F,F,F,F,F,?,115
Ringeltaube,376,2022,2022-05-17,2,0,F,T,F,F,F,F,F,F,F,F,F,?,137
Ringeltaube,376,2022,2022-06-16,2,0,F,T,F,F,F,F,F,F,F,F,F,?,167
Ringeltaube,376,2023,2023-03-21,1,0,F,T,F,F,F,F,F,F,F,F,F,?,80
Ringeltaube,376,2023,2023-04-18,2,0,F,T,F,F,F,F,F,F,F,F,F,?,108
Ringeltaube,376,2023,2023-05-13,3,0,F,T,F,F,F,F,F,F,F,F,F,?,133
Ringeltaube,376,2023,2023-06-13,0,0,NA,NA,NA,NA,NA,NA,NA,NA,NA,NA,NA,NA,164
Ringeltaube,379,2018,2018-03-27,3,0,?,F,F,F,?,F,F,F,F,F,F,?,86
Ringeltaube,379,2018,2018-04-29,2,0,?,T,F,F,?,F,F,F,F,F,F,?,119
Ringeltaube,379,2018,2018-05-20,1,0,?,T,F,F,?,F,F,F,F,F,F,?,140
Ringeltaube,379,2018,2018-06-03,3,0,?,T,F,F,?,F,F,F,F,F,F,?,154
Ringeltaube,379,2020,2020-03-15,3,0,F,T,F,F,?,F,F,F,F,F,F,?,75
Ringeltaube,379,2020,2020-04-10,2,0,F,T,F,F,?,F,F,F,F,F,F,?,101
Ringeltaube,379,2020,2020-05-03,1,0,F,T,F,F,?,F,F,F,F,F,F,?,124
Ringeltaube,379,2020,2020-05-24,2,0,F,T,F,F,?,F,F,F,F,F,F,?,145
Ringeltaube,385,2019,2019-03-27,2,0,F,T,F,F,?,F,F,F,F,F,F,?,86
Ringeltaube,385,2019,2019-04-17,3,0,F,T,F,F,?,F,F,F,F,F,F,?,107
Ringeltaube,385,2019,2019-05-15,1,0,F,T,F,F,?,F,F,F,F,F,F,?,135
Ringeltaube,385,2019,2019-06-05,2,0,F,T,F,F,?,F,F,F,F,F,F,?,156
Ringeltaube,385,2020,2020-03-25,1,0,F,T,F,F,?,F,F,F,F,F,F,?,85
Ringeltaube,385,2020,2020-04-23,3,0,F,T,F,F,?,F,F,F,F,F,F,?,114
Ringeltaube,385,2020,2020-05-14,2,0,F,F,F,F,?,F,F,F,F,F,F,?,135
Ringeltaube,385,2020,2020-06-08,2,0,F,T,F,F,?,F,F,F,F,F,F,?,160
Ringeltaube,385,2022,2022-03-21,1,0,F,T,F,F,F,F,F,F,F,F,F,?,80
Ringeltaube,385,2022,2022-04-19,2,0,F,T,F,F,F,F,F,F,F,F,F,?,109
Ringeltaube,385,2022,2022-05-11,2,0,F,T,F,F,F,F,F,F,F,F,F,?,131
Ringeltaube,385,2022,2022-06-07,2,0,F,T,F,F,F,F,F,F,F,F,F,?,158
Ringeltaube,385,2023,2023-03-21,1,0,F,T,F,F,F,F,F,F,F,F,F,?,80
Ringeltaube,385,2023,2023-04-18,1,0,F,T,F,F,F,F,F,F,F,F,F,?,108
Ringeltaube,385,2023,2023-05-13,3,0,F,T,F,F,F,F,F,F,F,F,F,?,133
Ringeltaube,385,2023,2023-06-13,0,0,NA,NA,NA,NA,NA,NA,NA,NA,NA,NA,NA,NA,164
Ringeltaube,387,2019,2019-03-25,3,0,F,T,F,F,?,F,F,F,F,F,F,?,84
Ringeltaube,387,2019,2019-04-24,4,0,F,T,F,F,?,F,F,F,F,F,F,?,114
Ringeltaube,387,2019,2019-05-08,1,0,F,T,F,F,?,F,F,F,F,F,F,?,128
Ringeltaube,387,2019,2019-06-19,4,0,F,T,F,F,?,F,F,F,F,F,F,?,170
Ringeltaube,387,2019,2019-03-27,0,0,NA,NA,NA,NA,NA,NA,NA,NA,NA,NA,NA,NA,86
Ringeltaube,387,2020,2020-03-25,2,0,F,T,F,F,?,F,F,F,F,F,F,?,85
Ringeltaube,387,2020,2020-04-22,3,0,F,T,F,F,?,F,F,F,F,F,F,?,113
Ringeltaube,387,2020,2020-05-28,3,0,F,T,F,F,?,F,F,F,F,F,F,?,149
Ringeltaube,387,2020,2020-06-12,3,0,F,T,F,F,?,F,F,F,F,F,F,?,164
Ringeltaube,387,2022,2022-03-23,4,0,F,T,F,F,F,F,F,F,F,F,F,?,82
Ringeltaube,387,2022,2022-04-20,5,0,F,T,F,F,F,F,F,F,F,F,F,?,110
Ringeltaube,387,2022,2022-05-13,6,0,F,T,F,F,F,F,F,F,F,F,F,?,133
Ringeltaube,387,2022,2022-06-15,4,0,F,T,F,F,F,F,F,F,F,F,F,?,166
Ringeltaube,387,2023,2023-03-22,4,0,F,T,F,F,F,F,F,F,F,F,F,?,81
Ringeltaube,387,2023,2023-04-25,0,0,NA,NA,NA,NA,NA,NA,NA,NA,NA,NA,NA,NA,115
Ringeltaube,387,2023,2023-05-16,2,0,F,T,F,F,F,F,F,F,F,F,F,?,136
Ringeltaube,387,2023,2023-06-20,1,0,F,T,F,F,F,F,F,F,F,F,F,?,171
Ringeltaube,389,2020,2020-03-28,2,0,F,T,F,F,?,F,F,F,F,F,F,?,88
Ringeltaube,389,2020,2020-04-28,0,0,NA,NA,NA,NA,NA,NA,NA,NA,NA,NA,NA,NA,119
Ringeltaube,389,2020,2020-05-17,0,0,NA,NA,NA,NA,NA,NA,NA,NA,NA,NA,NA,NA,138
Ringeltaube,389,2020,2020-06-18,1,0,F,T,F,F,?,F,F,F,F,F,F,?,170
Ringeltaube,389,2022,2022-03-26,0,0,NA,NA,NA,NA,NA,NA,NA,NA,NA,NA,NA,NA,85
Ringeltaube,389,2022,2022-04-27,1,0,F,T,F,F,F,F,F,F,F,F,F,?,117
Ringeltaube,389,2022,2022-05-20,0,0,NA,NA,NA,NA,NA,NA,NA,NA,NA,NA,NA,NA,140
Ringeltaube,389,2022,2022-06-18,0,0,NA,NA,NA,NA,NA,NA,NA,NA,NA,NA,NA,NA,169
Ringeltaube,389,2023,2023-03-23,0,0,NA,NA,NA,NA,NA,NA,NA,NA,NA,NA,NA,NA,82
Ringeltaube,389,2023,2023-04-26,0,0,NA,NA,NA,NA,NA,NA,NA,NA,NA,NA,NA,NA,116
Ringeltaube,389,2023,2023-05-17,2,0,F,T,F,F,F,F,F,F,F,F,F,?,137
Ringeltaube,389,2023,2023-06-17,2,0,F,T,F,F,F,F,F,F,F,F,F,?,168
Ringeltaube,392,2019,2019-03-28,0,0,NA,NA,NA,NA,NA,NA,NA,NA,NA,NA,NA,NA,87
Ringeltaube,392,2019,2019-04-24,0,0,NA,NA,NA,NA,NA,NA,NA,NA,NA,NA,NA,NA,114
Ringeltaube,392,2019,2019-05-06,0,0,NA,NA,NA,NA,NA,NA,NA,NA,NA,NA,NA,NA,126
Ringeltaube,392,2019,2019-06-05,2,0,F,T,F,F,?,F,F,F,F,F,F,?,156
Ringeltaube,392,2020,2020-03-19,2,0,F,T,F,F,?,F,F,F,F,F,F,?,79
Ringeltaube,392,2020,2020-04-21,1,0,F,F,F,F,?,F,F,F,F,F,F,?,112
Ringeltaube,392,2020,2020-05-06,0,0,NA,NA,NA,NA,NA,NA,NA,NA,NA,NA,NA,NA,127
Ringeltaube,392,2020,2020-06-08,1,0,F,T,F,F,?,F,F,F,F,F,F,?,160
Ringeltaube,392,2022,2022-03-21,6,0,F,F,F,F,?,F,F,F,F,F,F,?,80
Ringeltaube,392,2022,2022-04-22,3,0,F,F,F,F,?,F,F,F,F,F,F,?,112
Ringeltaube,392,2022,2022-05-16,6,0,F,T,F,F,?,F,F,F,F,F,F,?,136
Ringeltaube,392,2022,2022-06-13,4,0,F,T,F,F,?,F,F,F,F,F,F,?,164
Ringeltaube,392,2023,2023-03-28,3,0,F,F,F,F,F,F,F,F,F,F,F,?,87
Ringeltaube,392,2023,2023-04-20,3,0,F,T,F,F,F,F,F,F,F,F,F,?,110
Ringeltaube,392,2023,2023-05-09,5,0,F,T,F,F,F,F,F,F,F,F,F,?,129
Ringeltaube,392,2023,2023-06-07,4,0,T,F,F,F,F,F,F,F,F,F,F,?,158
Ringeltaube,395,2019,2019-03-29,0,0,NA,NA,NA,NA,NA,NA,NA,NA,NA,NA,NA,NA,88
Ringeltaube,395,2019,2019-04-15,2,0,F,T,F,F,?,T,F,F,F,F,F,?,105
Ringeltaube,395,2019,2019-05-08,2,0,F,T,F,F,?,T,F,F,F,F,F,?,128
Ringeltaube,395,2019,2019-06-06,3,0,F,T,T,F,?,F,F,F,F,F,F,?,157
Ringeltaube,395,2020,2020-03-20,5,0,F,T,F,F,?,F,F,F,F,F,F,?,80
Ringeltaube,395,2020,2020-04-27,4,0,F,T,F,F,?,T,F,F,F,F,F,?,118
Ringeltaube,395,2020,2020-05-11,3,0,F,T,F,F,?,F,F,F,F,F,F,?,132
Ringeltaube,395,2020,2020-06-03,4,0,F,T,F,F,?,F,F,F,F,F,F,?,155
Ringeltaube,395,2022,2022-03-21,8,0,F,F,F,F,?,F,F,F,F,F,F,?,80
Ringeltaube,395,2022,2022-04-22,8,0,F,T,T,F,?,F,F,F,F,F,F,?,112
Ringeltaube,395,2022,2022-05-19,8,0,F,T,F,F,?,F,F,F,F,F,F,?,139
Ringeltaube,395,2022,2022-06-13,7,0,F,T,F,F,?,F,F,F,F,F,F,?,164
Ringeltaube,395,2023,2023-03-27,3,0,F,T,F,F,F,F,F,F,F,F,F,?,86
Ringeltaube,395,2023,2023-04-24,5,0,F,T,F,F,F,F,F,F,F,F,F,?,114
Ringeltaube,395,2023,2023-05-15,3,0,F,T,F,F,F,F,F,F,F,F,F,?,135
Ringeltaube,395,2023,2023-06-13,1,0,F,T,F,F,F,F,F,F,F,F,F,?,164
Ringeltaube,396,2019,2019-03-21,5,0,F,T,F,F,?,F,F,F,F,F,F,?,80
Ringeltaube,396,2019,2019-04-29,7,0,F,T,F,F,?,F,F,F,F,F,F,?,119
Ringeltaube,396,2019,2019-05-09,6,0,F,T,F,F,?,F,F,F,F,F,F,?,129
Ringeltaube,396,2019,2019-06-05,4,0,F,F,F,F,?,F,F,F,F,F,F,?,156
Ringeltaube,396,2020,2020-03-25,1,0,F,T,F,F,?,F,F,F,F,F,F,?,85
Ringeltaube,396,2020,2020-04-23,4,0,F,T,F,F,?,T,F,F,F,F,F,?,114
Ringeltaube,396,2020,2020-05-18,3,0,F,T,F,F,?,F,F,F,F,F,F,?,139
Ringeltaube,396,2020,2020-06-18,3,0,F,T,F,F,?,T,F,F,F,F,F,?,170
Ringeltaube,396,2022,2022-03-28,4,0,F,T,F,F,?,F,F,F,F,F,F,?,87
Ringeltaube,396,2022,2022-04-22,5,0,F,T,F,F,?,F,F,F,F,F,F,?,112
Ringeltaube,396,2022,2022-05-16,3,0,F,T,F,F,?,F,F,F,F,F,F,?,136
Ringeltaube,396,2022,2022-06-15,3,0,F,T,F,F,?,F,F,F,F,F,F,?,166
Ringeltaube,396,2023,2023-03-28,20,0,F,T,F,F,F,F,F,F,F,F,F,?,87
Ringeltaube,396,2023,2023-04-21,6,0,F,T,F,F,F,F,F,F,F,F,F,?,111
Ringeltaube,396,2023,2023-05-16,5,0,F,T,F,F,F,F,F,F,F,F,F,?,136
Ringeltaube,396,2023,2023-06-12,5,0,F,T,F,F,F,F,F,F,F,F,F,?,163
Ringeltaube,397,2018,2018-03-11,0,0,NA,NA,NA,NA,NA,NA,NA,NA,NA,NA,NA,NA,70
Ringeltaube,397,2018,2018-04-08,3,0,?,T,T,F,?,F,F,F,F,F,F,?,98
Ringeltaube,397,2018,2018-05-06,1,0,?,T,F,F,?,F,F,F,F,F,F,?,126
Ringeltaube,397,2018,2018-06-10,3,0,?,F,F,F,?,F,F,F,F,F,F,?,161
Ringeltaube,397,2020,2020-03-28,2,0,F,T,F,F,?,F,F,F,F,F,F,?,88
Ringeltaube,397,2020,2020-04-10,3,0,F,T,F,F,?,F,F,F,F,F,F,?,101
Ringeltaube,397,2020,2020-05-21,1,0,F,F,F,F,?,F,F,F,F,F,F,?,142
Ringeltaube,397,2020,2020-06-16,1,0,F,T,F,F,?,F,F,F,F,F,F,?,168
Ringeltaube,397,2021,2021-03-21,2,0,F,T,T,F,?,F,F,F,F,F,F,?,80
Ringeltaube,397,2021,2021-04-05,3,0,F,T,F,F,?,F,F,F,F,F,F,?,95
Ringeltaube,397,2021,2021-05-13,2,0,F,T,F,F,?,F,F,F,F,F,F,?,133
Ringeltaube,397,2021,2021-06-13,3,0,F,T,F,F,?,F,F,F,F,F,F,?,164
Ringeltaube,398,2019,2019-03-27,6,0,F,T,F,F,?,F,F,F,F,F,F,?,86
Ringeltaube,398,2019,2019-04-15,1,0,F,F,F,F,?,F,F,F,F,F,F,?,105
Ringeltaube,398,2019,2019-05-16,2,0,F,T,F,F,?,F,F,F,F,F,F,?,136
Ringeltaube,398,2019,2019-06-04,4,0,F,T,F,F,?,F,F,F,F,F,F,?,155
Ringeltaube,398,2020,2020-03-26,2,0,F,T,F,F,?,T,F,F,F,F,F,?,86
Ringeltaube,398,2020,2020-04-08,3,0,F,T,F,F,?,F,F,F,F,F,F,?,99
Ringeltaube,398,2020,2020-04-28,2,0,F,T,F,F,?,F,F,F,F,F,F,?,119
Ringeltaube,398,2020,2020-06-02,3,0,F,F,F,F,?,T,F,F,F,F,F,?,154
Ringeltaube,398,2022,2022-03-22,0,0,NA,NA,NA,NA,NA,NA,NA,NA,NA,NA,NA,NA,81
Ringeltaube,398,2022,2022-04-25,1,0,F,T,F,F,?,F,F,F,F,F,F,?,115
Ringeltaube,398,2022,2022-05-20,3,0,F,T,F,F,?,F,F,F,F,F,F,?,140
Ringeltaube,398,2022,2022-06-13,3,0,F,T,F,F,?,F,F,F,F,F,F,?,164
Ringeltaube,398,2023,2023-03-20,5,0,F,T,F,F,F,F,F,F,F,F,F,?,79
Ringeltaube,398,2023,2023-04-17,2,0,F,F,F,F,F,T,F,F,F,F,F,?,107
Ringeltaube,398,2023,2023-05-09,3,0,F,T,F,F,F,F,F,F,F,F,F,?,129
Ringeltaube,398,2023,2023-05-30,4,0,F,T,F,F,F,T,F,F,F,F,F,?,150
Ringeltaube,403,2019,2019-03-24,4,0,F,T,F,F,?,F,F,F,F,F,F,?,83
Ringeltaube,403,2019,2019-04-19,2,0,F,T,F,F,?,F,F,F,F,F,F,?,109
Ringeltaube,403,2019,2019-04-20,1,0,F,F,F,F,?,F,F,F,F,F,F,?,110
Ringeltaube,403,2019,2019-05-13,4,0,F,T,F,F,?,F,F,F,F,F,F,?,133
Ringeltaube,403,2019,2019-06-14,0,0,NA,NA,NA,NA,NA,NA,NA,NA,NA,NA,NA,NA,165
Ringeltaube,403,2020,2020-03-27,2,0,F,T,F,F,?,F,F,F,F,F,F,?,87
Ringeltaube,403,2020,2020-04-29,2,0,F,F,F,F,?,F,F,F,F,F,F,?,120
Ringeltaube,403,2020,2020-05-19,2,0,F,T,F,F,?,F,F,F,F,F,F,?,140
Ringeltaube,403,2020,2020-06-20,2,0,F,T,F,F,?,F,F,F,F,F,F,?,172
Ringeltaube,403,2022,2022-03-22,2,0,F,F,F,F,?,T,F,F,F,F,F,?,81
Ringeltaube,403,2022,2022-04-25,4,0,F,T,F,F,?,F,F,F,F,F,F,?,115
Ringeltaube,403,2022,2022-05-20,2,0,F,T,F,F,?,F,F,F,F,F,F,?,140
Ringeltaube,403,2022,2022-06-13,4,0,F,T,F,F,?,F,F,F,F,F,F,?,164
Ringeltaube,403,2023,2023-03-21,1,0,F,F,F,F,F,F,F,F,F,F,F,?,80
Ringeltaube,403,2023,2023-04-19,0,0,NA,NA,NA,NA,NA,NA,NA,NA,NA,NA,NA,NA,109
Ringeltaube,403,2023,2023-05-10,0,0,NA,NA,NA,NA,NA,NA,NA,NA,NA,NA,NA,NA,130
Ringeltaube,403,2023,2023-06-05,1,0,F,T,F,F,F,F,F,F,F,F,F,?,156
Ringeltaube,411,2018,2018-03-29,3,0,?,T,F,F,?,T,F,F,F,F,F,?,88
Ringeltaube,411,2018,2018-04-22,0,0,NA,NA,NA,NA,NA,NA,NA,NA,NA,NA,NA,NA,112
Ringeltaube,411,2018,2018-05-12,3,0,?,T,F,F,?,F,F,F,F,F,F,?,132
Ringeltaube,411,2018,2018-06-02,5,0,?,T,F,F,?,F,F,F,F,F,F,?,153
Ringeltaube,411,2020,2020-03-28,2,0,F,T,F,F,?,F,F,F,F,F,F,?,88
Ringeltaube,411,2020,2020-04-13,2,0,F,T,F,F,?,F,F,F,F,F,F,?,104
Ringeltaube,411,2020,2020-05-17,3,0,F,T,F,F,?,F,F,F,F,F,F,?,138
Ringeltaube,411,2020,2020-06-02,2,0,F,T,F,F,?,F,F,F,F,F,F,?,154
Ringeltaube,411,2021,2021-03-28,1,0,F,T,?,?,?,?,F,?,?,?,?,?,87
Ringeltaube,411,2021,2021-04-25,3,0,F,T,?,?,?,?,F,?,?,?,?,?,115
Ringeltaube,411,2021,2021-05-11,6,0,F,T,?,?,?,?,F,?,?,?,?,?,131
Ringeltaube,411,2021,2021-06-04,4,0,F,T,?,?,?,?,F,?,?,?,?,?,155
