species,site,year,date,n_individuals,n_guests,guest,singing,calling,warning,aggressive_interaction,couple,female,nesting_material,feeding,nest,juvenile,territory,doy
Rotkehlchen,3,2021,2021-03-28,2,0,F,T,F,F,?,F,F,F,F,F,F,?,87
Rotkehlchen,3,2021,2021-05-16,1,0,F,F,F,F,?,F,F,F,F,F,F,?,136
Rotkehlchen,3,2021,2021-06-13,0,0,NA,NA,NA,NA,NA,NA,NA,NA,NA,NA,NA,NA,164
Rotkehlchen,3,2021,2021-04-16,0,0,NA,NA,NA,NA,NA,NA,NA,NA,NA,NA,NA,NA,106
Rotkehlchen,4,2019,2019-03-22,5,0,F,T,T,F,?,F,F,F,F,F,F,?,81
Rotkehlchen,4,2019,2019-04-16,5,0,F,T,T,F,?,F,F,F,F,F,F,?,106
Rotkehlchen,4,2019,2019-05-09,2,0,F,T,T,F,?,F,F,F,F,F,F,?,129
Rotkehlchen,4,2019,2019-06-05,1,0,F,T,F,F,?,F,F,F,F,F,F,?,156
Rotkehlchen,4,2020,2020-03-18,6,0,F,T,F,F,?,F,F,F,F,F,F,?,78
Rotkehlchen,4,2020,2020-04-16,5,0,F,T,T,F,?,F,F,F,F,F,F,?,107
Rotkehlchen,4,2020,2020-05-07,2,0,F,T,T,F,?,F,F,F,F,F,F,?,128
Rotkehlchen,4,2020,2020-06-02,4,0,F,T,F,F,?,F,F,F,F,F,F,?,154
Rotkehlchen,4,2021,2021-03-24,0,0,NA,NA,NA,NA,NA,NA,NA,NA,NA,NA,NA,NA,83
Rotkehlchen,4,2021,2021-04-20,6,0,?,T,T,F,?,F,F,?,F,F,F,?,110
Rotkehlchen,4,2021,2021-05-15,3,0,?,T,T,F,?,F,F,?,F,F,F,?,135
Rotkehlchen,4,2021,2021-06-04,0,0,NA,NA,NA,NA,NA,NA,NA,NA,NA,NA,NA,NA,155
Rotkehlchen,4,2022,2022-03-21,10,0,F,T,T,F,?,F,F,F,F,F,F,?,80
Rotkehlchen,4,2022,2022-04-18,4,0,F,T,T,F,?,F,F,F,F,F,F,?,108
Rotkehlchen,4,2022,2022-05-12,2,0,F,T,F,F,?,F,F,F,F,F,F,?,132
Rotkehlchen,4,2022,2022-06-02,1,0,F,T,F,F,?,F,F,F,F,F,F,?,153
Rotkehlchen,4,2023,2023-03-18,3,0,F,T,T,F,F,F,F,F,F,F,F,?,77
Rotkehlchen,4,2023,2023-04-26,6,0,F,T,T,F,F,F,F,F,F,F,F,?,116
Rotkehlchen,4,2023,2023-05-19,0,0,NA,NA,NA,NA,NA,NA,NA,NA,NA,NA,NA,NA,139
Rotkehlchen,4,2023,2023-06-07,2,0,F,T,F,T,F,F,F,F,F,F,F,?,158
Rotkehlchen,7,2020,2020-03-15,2,0,F,T,F,F,?,F,F,F,F,F,F,?,75
Rotkehlchen,7,2020,2020-04-10,0,0,NA,NA,NA,NA,NA,NA,NA,NA,NA,NA,NA,NA,101
Rotkehlchen,7,2020,2020-05-17,0,0,NA,NA,NA,NA,NA,NA,NA,NA,NA,NA,NA,NA,138
Rotkehlchen,7,2020,2020-05-31,0,0,NA,NA,NA,NA,NA,NA,NA,NA,NA,NA,NA,NA,152
Rotkehlchen,7,2021,2021-03-17,0,0,NA,NA,NA,NA,NA,NA,NA,NA,NA,NA,NA,NA,76
Rotkehlchen,7,2021,2021-05-09,0,0,NA,NA,NA,NA,NA,NA,NA,NA,NA,NA,NA,NA,129
Rotkehlchen,7,2021,2021-05-27,1,0,F,F,T,F,?,F,?,F,F,F,F,?,147
Rotkehlchen,7,2021,2021-06-08,0,0,NA,NA,NA,NA,NA,NA,NA,NA,NA,NA,NA,NA,159
Rotkehlchen,10,2018,2018-03-26,12,0,F,T,F,F,?,F,F,F,F,F,F,?,85
Rotkehlchen,10,2018,2018-04-18,2,0,F,T,F,F,?,F,F,F,F,F,F,?,108
Rotkehlchen,10,2018,2018-05-07,0,0,NA,NA,NA,NA,NA,NA,NA,NA,NA,NA,NA,NA,127
Rotkehlchen,10,2018,2018-05-18,3,0,F,T,F,F,?,F,F,F,F,F,F,?,138
Rotkehlchen,10,2018,2018-05-23,5,0,F,T,F,F,?,F,F,F,T,F,T,?,143
Rotkehlchen,10,2020,2020-03-17,7,0,F,T,F,T,?,F,F,F,F,F,F,?,77
Rotkehlchen,10,2020,2020-04-10,4,0,F,T,F,F,?,F,F,F,F,F,F,?,101
Rotkehlchen,10,2020,2020-05-01,1,0,F,T,F,F,?,F,F,F,F,F,F,?,122
Rotkehlchen,10,2020,2020-05-31,1,0,F,F,F,F,?,F,F,F,F,F,F,?,152
Rotkehlchen,10,2021,2021-04-01,6,0,T,T,F,F,?,F,F,F,F,F,F,?,91
Rotkehlchen,10,2021,2021-04-24,6,6,T,T,F,F,?,F,F,F,F,F,F,?,114
Rotkehlchen,10,2021,2021-05-16,1,0,F,T,F,F,?,F,F,F,F,F,F,?,136
Rotkehlchen,10,2021,2021-06-01,3,0,F,T,F,F,?,F,F,F,F,F,F,?,152
Rotkehlchen,12,2018,2018-03-25,2,0,F,T,F,F,?,F,F,F,F,F,F,?,84
Rotkehlchen,12,2018,2018-04-14,0,0,NA,NA,NA,NA,NA,NA,NA,NA,NA,NA,NA,NA,104
Rotkehlchen,12,2018,2018-06-16,0,0,NA,NA,NA,NA,NA,NA,NA,NA,NA,NA,NA,NA,167
Rotkehlchen,12,2020,2020-03-20,1,0,F,F,F,F,?,F,F,F,F,F,F,?,80
Rotkehlchen,12,2020,2020-04-09,4,0,F,F,F,F,?,F,F,F,F,F,F,?,100
Rotkehlchen,12,2020,2020-05-08,0,0,NA,NA,NA,NA,NA,NA,NA,NA,NA,NA,NA,NA,129
Rotkehlchen,12,2020,2020-06-21,0,0,NA,NA,NA,NA,NA,NA,NA,NA,NA,NA,NA,NA,173
Rotkehlchen,13,2018,2018-03-25,12,0,F,T,T,F,?,F,F,F,F,F,F,?,84
Rotkehlchen,13,2018,2018-04-19,10,0,F,T,F,F,?,F,F,F,F,F,F,?,109
Rotkehlchen,13,2018,2018-05-12,5,0,F,T,F,F,?,F,F,F,F,F,F,?,132
Rotkehlchen,13,2018,2018-06-03,9,0,F,T,T,F,?,F,F,F,F,F,F,?,154
Rotkehlchen,13,2020,2020-03-28,17,0,F,T,T,F,?,F,F,F,F,F,F,?,88
Rotkehlchen,13,2020,2020-04-19,9,0,F,T,F,F,?,F,F,F,F,F,F,?,110
Rotkehlchen,13,2020,2020-05-10,3,0,F,T,F,F,?,F,F,F,F,F,F,?,131
Rotkehlchen,13,2020,2020-06-05,9,0,F,T,F,F,?,F,F,F,F,F,F,?,157
Rotkehlchen,13,2021,2021-03-28,20,0,F,T,T,F,?,F,F,F,F,F,F,?,87
Rotkehlchen,13,2021,2021-04-18,10,0,F,T,T,F,?,F,F,F,F,F,F,?,108
Rotkehlchen,13,2021,2021-05-10,6,0,F,T,T,F,?,F,F,F,F,F,F,?,130
Rotkehlchen,13,2021,2021-06-05,9,0,F,T,F,F,?,F,F,F,F,F,F,?,156
Rotkehlchen,14,2018,2018-03-14,1,0,F,T,F,F,?,F,F,F,F,F,F,?,73
Rotkehlchen,14,2018,2018-04-11,7,0,F,T,F,F,?,F,F,F,F,F,F,?,101
Rotkehlchen,14,2018,2018-05-08,2,0,F,T,F,F,?,F,F,F,F,F,F,?,128
Rotkehlchen,14,2018,2018-06-11,3,0,F,T,F,F,?,F,F,F,F,F,F,?,162
Rotkehlchen,14,2018,2018-03-18,0,0,NA,NA,NA,NA,NA,NA,NA,NA,NA,NA,NA,NA,77
Rotkehlchen,14,2020,2020-03-15,5,0,F,T,F,F,?,F,F,F,F,F,F,?,75
Rotkehlchen,14,2020,2020-04-18,5,0,F,T,F,F,?,F,F,F,F,F,F,?,109
Rotkehlchen,14,2020,2020-05-09,4,0,F,T,F,F,?,F,F,F,F,F,F,?,130
Rotkehlchen,14,2020,2020-06-17,6,0,F,T,F,F,?,F,F,F,F,F,F,?,169
Rotkehlchen,14,2021,2021-06-13,13,0,F,T,F,F,?,F,?,F,F,F,F,?,164
Rotkehlchen,15,2019,2019-03-29,2,0,?,T,?,?,?,?,?,?,?,?,?,?,88
Rotkehlchen,15,2019,2019-04-18,12,0,?,T,T,?,?,?,?,?,?,?,?,?,108
Rotkehlchen,15,2019,2019-05-01,1,0,F,T,?,?,?,?,?,?,?,?,?,?,121
Rotkehlchen,15,2019,2019-06-03,0,0,NA,NA,NA,NA,NA,NA,NA,NA,NA,NA,NA,NA,154
Rotkehlchen,15,2020,2020-03-16,6,0,?,T,T,?,?,F,?,?,?,?,?,?,76
Rotkehlchen,15,2020,2020-04-13,3,0,?,T,F,?,?,?,?,?,?,?,?,?,104
Rotkehlchen,15,2020,2020-05-09,1,0,?,T,?,?,?,?,?,?,?,?,?,?,130
Rotkehlchen,15,2020,2020-05-26,2,0,?,T,?,?,?,?,?,?,?,?,?,?,147
Rotkehlchen,15,2021,2021-03-29,14,0,?,T,F,?,?,F,?,?,?,?,?,?,88
Rotkehlchen,15,2021,2021-04-18,5,0,?,T,F,?,?,?,?,?,?,?,?,?,108
Rotkehlchen,15,2021,2021-05-14,2,0,?,T,?,?,?,?,?,?,?,?,?,?,134
Rotkehlchen,15,2021,2021-06-18,0,0,NA,NA,NA,NA,NA,NA,NA,NA,NA,NA,NA,NA,169
Rotkehlchen,15,2021,2021-03-16,0,0,NA,NA,NA,NA,NA,NA,NA,NA,NA,NA,NA,NA,75
Rotkehlchen,15,2022,2022-03-17,0,0,NA,NA,NA,NA,NA,NA,NA,NA,NA,NA,NA,NA,76
Rotkehlchen,15,2022,2022-04-21,6,0,F,T,T,F,F,F,F,F,F,F,F,?,111
Rotkehlchen,15,2022,2022-05-08,2,0,F,T,F,F,F,F,F,F,F,F,F,?,128
Rotkehlchen,15,2022,2022-05-29,2,0,F,T,F,F,F,F,F,F,F,F,F,?,149
Rotkehlchen,15,2022,2022-03-16,0,0,NA,NA,NA,NA,NA,NA,NA,NA,NA,NA,NA,NA,75
Rotkehlchen,15,2023,2023-03-23,2,0,F,T,F,F,?,F,F,F,F,F,F,?,82
Rotkehlchen,15,2023,2023-04-19,7,0,F,T,F,F,?,F,F,F,F,F,F,?,109
Rotkehlchen,15,2023,2023-05-11,3,0,F,T,F,F,?,F,F,F,F,F,F,?,131
Rotkehlchen,15,2023,2023-06-13,1,0,F,F,T,F,?,F,F,F,F,F,F,?,164
Rotkehlchen,18,2019,2019-03-30,22,0,F,T,F,F,?,T,F,F,F,F,F,?,89
Rotkehlchen,18,2019,2019-04-19,20,0,F,T,T,F,?,F,F,F,F,F,F,?,109
Rotkehlchen,18,2019,2019-05-02,12,0,F,T,T,F,?,F,F,F,F,F,F,?,122
Rotkehlchen,18,2019,2019-05-23,10,0,F,T,T,F,?,F,F,F,F,F,F,?,143
Rotkehlchen,18,2019,2019-06-18,0,0,NA,NA,NA,NA,NA,NA,NA,NA,NA,NA,NA,NA,169
Rotkehlchen,18,2019,2019-03-03,0,0,NA,NA,NA,NA,NA,NA,NA,NA,NA,NA,NA,NA,62
Rotkehlchen,18,2021,2021-04-16,19,0,F,T,?,T,?,T,F,?,?,?,?,?,106
Rotkehlchen,18,2021,2021-05-14,9,0,F,T,?,T,?,?,F,?,?,?,?,?,134
Rotkehlchen,18,2021,2021-06-14,17,0,F,T,?,?,?,?,F,?,?,?,?,?,165
Rotkehlchen,20,2019,2019-03-28,17,0,F,T,T,F,T,F,F,F,F,F,F,?,87
Rotkehlchen,20,2019,2019-04-25,6,0,F,T,F,F,?,F,F,F,F,F,F,?,115
Rotkehlchen,20,2019,2019-05-13,11,0,F,T,F,F,?,F,F,F,F,F,F,?,133
Rotkehlchen,20,2019,2019-05-27,10,0,F,T,F,F,?,F,F,F,F,F,F,?,147
Rotkehlchen,21,2019,2019-03-29,14,0,F,T,F,F,?,F,F,F,F,F,F,?,88
Rotkehlchen,21,2019,2019-04-24,13,0,F,T,T,F,?,F,F,F,F,F,F,?,114
Rotkehlchen,21,2019,2019-05-03,15,0,F,T,T,T,?,F,F,F,F,F,F,?,123
Rotkehlchen,21,2019,2019-05-24,10,0,F,T,F,F,?,F,F,F,F,F,F,?,144
Rotkehlchen,22,2019,2019-03-27,8,0,F,T,T,F,?,F,F,F,F,F,F,?,86
Rotkehlchen,22,2019,2019-04-23,4,0,F,T,F,F,?,F,F,F,F,F,F,?,113
Rotkehlchen,22,2019,2019-05-10,3,0,F,T,T,F,?,F,F,F,F,F,F,?,130
Rotkehlchen,22,2019,2019-06-17,1,0,F,F,T,F,?,F,F,F,F,F,F,?,168
Rotkehlchen,23,2019,2019-03-26,9,0,F,T,T,F,?,F,F,F,F,F,F,?,85
Rotkehlchen,23,2019,2019-04-26,2,0,F,T,T,F,?,F,F,F,F,F,F,?,116
Rotkehlchen,23,2019,2019-05-14,0,0,NA,NA,NA,NA,NA,NA,NA,NA,NA,NA,NA,NA,134
Rotkehlchen,23,2019,2019-06-18,3,0,F,T,F,F,?,F,F,F,F,F,F,?,169
Rotkehlchen,25,2020,2020-03-19,2,0,F,T,F,F,?,F,F,F,F,F,F,?,79
Rotkehlchen,25,2020,2020-04-17,2,0,F,T,F,F,?,F,F,F,F,F,F,?,108
Rotkehlchen,25,2020,2020-05-08,0,0,NA,NA,NA,NA,NA,NA,NA,NA,NA,NA,NA,NA,129
Rotkehlchen,25,2020,2020-05-30,0,0,NA,NA,NA,NA,NA,NA,NA,NA,NA,NA,NA,NA,151
Rotkehlchen,25,2021,2021-04-24,3,0,F,F,F,F,?,F,?,F,F,F,F,?,114
Rotkehlchen,25,2021,2021-05-09,0,0,NA,NA,NA,NA,NA,NA,NA,NA,NA,NA,NA,NA,129
Rotkehlchen,25,2021,2021-05-24,6,0,F,T,F,T,?,F,?,F,F,F,F,?,144
Rotkehlchen,28,2019,2019-03-21,2,0,F,T,F,F,?,F,F,F,F,F,F,?,80
Rotkehlchen,28,2019,2019-04-16,1,0,F,T,F,F,?,F,F,F,F,F,F,?,106
Rotkehlchen,28,2019,2019-05-08,0,0,NA,NA,NA,NA,NA,NA,NA,NA,NA,NA,NA,NA,128
Rotkehlchen,28,2019,2019-06-09,0,0,NA,NA,NA,NA,NA,NA,NA,NA,NA,NA,NA,NA,160
Rotkehlchen,28,2019,2019-04-17,0,0,NA,NA,NA,NA,NA,NA,NA,NA,NA,NA,NA,NA,107
Rotkehlchen,28,2019,2019-06-15,1,0,F,T,F,F,?,F,F,F,F,F,F,?,166
Rotkehlchen,29,2019,2019-03-27,20,0,F,T,F,T,?,F,F,F,F,F,F,?,86
Rotkehlchen,29,2019,2019-04-26,8,0,F,T,F,F,?,F,F,F,F,F,F,?,116
Rotkehlchen,29,2019,2019-05-15,7,0,F,T,F,F,?,F,F,F,F,F,F,?,135
Rotkehlchen,29,2019,2019-06-18,22,0,F,T,T,T,?,F,F,F,F,F,T,?,169
Rotkehlchen,29,2019,2019-06-20,0,0,NA,NA,NA,NA,NA,NA,NA,NA,NA,NA,NA,NA,171
Rotkehlchen,31,2021,2021-03-28,9,0,F,T,T,F,?,F,F,F,F,F,F,?,87
Rotkehlchen,31,2021,2021-04-29,1,0,F,F,F,F,?,F,F,F,F,F,F,?,119
Rotkehlchen,31,2021,2021-05-20,2,0,F,T,F,F,?,F,F,F,F,F,F,?,140
Rotkehlchen,31,2021,2021-06-20,1,0,F,F,F,F,?,F,F,F,F,F,F,?,171
Rotkehlchen,32,2020,2020-03-15,4,0,F,F,F,F,?,F,F,F,F,F,F,?,75
Rotkehlchen,32,2020,2020-04-19,2,0,F,F,F,F,?,F,F,F,F,F,F,?,110
Rotkehlchen,32,2020,2020-05-17,3,0,F,F,F,F,?,F,F,F,F,F,F,?,138
Rotkehlchen,32,2020,2020-06-12,0,0,NA,NA,NA,NA,NA,NA,NA,NA,NA,NA,NA,NA,164
Rotkehlchen,32,2021,2021-03-22,3,0,F,T,?,?,?,?,F,?,?,?,?,?,81
Rotkehlchen,32,2021,2021-04-28,0,0,NA,NA,NA,NA,NA,NA,NA,NA,NA,NA,NA,NA,118
Rotkehlchen,32,2021,2021-05-10,0,0,NA,NA,NA,NA,NA,NA,NA,NA,NA,NA,NA,NA,130
Rotkehlchen,32,2021,2021-06-17,0,0,NA,NA,NA,NA,NA,NA,NA,NA,NA,NA,NA,NA,168
Rotkehlchen,33,2020,2020-03-28,13,0,F,T,F,F,?,F,F,F,F,F,F,?,88
Rotkehlchen,33,2020,2020-04-25,3,0,F,T,F,F,?,F,F,F,F,F,F,?,116
Rotkehlchen,33,2020,2020-05-16,4,0,F,T,F,F,?,F,F,F,F,F,F,?,137
Rotkehlchen,33,2020,2020-06-01,6,0,F,T,F,T,?,F,F,F,F,F,F,?,153
Rotkehlchen,33,2021,2021-03-30,16,0,F,T,?,T,?,?,F,?,?,?,?,?,89
Rotkehlchen,33,2021,2021-04-25,7,0,F,T,?,?,?,?,F,?,?,?,?,?,115
Rotkehlchen,33,2021,2021-05-10,8,0,F,T,?,T,?,?,F,?,?,?,?,?,130
Rotkehlchen,33,2021,2021-05-30,1,0,F,?,?,T,?,?,F,?,?,?,?,?,150
Rotkehlchen,34,2020,2020-03-19,3,0,F,T,F,F,?,F,F,F,F,F,F,?,79
Rotkehlchen,34,2020,2020-04-16,1,0,F,T,F,F,?,F,F,F,F,F,F,?,107
Rotkehlchen,34,2020,2020-05-08,0,0,NA,NA,NA,NA,NA,NA,NA,NA,NA,NA,NA,NA,129
Rotkehlchen,34,2020,2020-06-18,0,0,NA,NA,NA,NA,NA,NA,NA,NA,NA,NA,NA,NA,170
Rotkehlchen,34,2021,2021-03-29,3,0,F,T,?,?,?,?,F,?,?,?,?,?,88
Rotkehlchen,34,2021,2021-04-23,0,0,NA,NA,NA,NA,NA,NA,NA,NA,NA,NA,NA,NA,113
Rotkehlchen,34,2021,2021-05-07,0,0,NA,NA,NA,NA,NA,NA,NA,NA,NA,NA,NA,NA,127
Rotkehlchen,34,2021,2021-06-20,0,0,NA,NA,NA,NA,NA,NA,NA,NA,NA,NA,NA,NA,171
Rotkehlchen,35,2020,2020-03-29,4,0,F,T,F,F,?,F,F,F,F,F,F,?,89
Rotkehlchen,35,2020,2020-04-26,0,0,NA,NA,NA,NA,NA,NA,NA,NA,NA,NA,NA,NA,117
Rotkehlchen,35,2020,2020-05-16,0,0,NA,NA,NA,NA,NA,NA,NA,NA,NA,NA,NA,NA,137
Rotkehlchen,35,2020,2020-06-11,0,0,NA,NA,NA,NA,NA,NA,NA,NA,NA,NA,NA,NA,163
Rotkehlchen,36,2018,2018-03-24,6,0,F,T,F,F,?,F,F,F,F,F,F,?,83
Rotkehlchen,36,2018,2018-04-18,2,0,F,T,F,F,?,F,F,F,F,F,F,?,108
Rotkehlchen,36,2018,2018-05-11,2,0,F,T,F,F,?,F,F,F,F,F,F,?,131
Rotkehlchen,36,2018,2018-06-03,2,0,F,T,F,F,?,F,F,F,F,F,F,?,154
Rotkehlchen,36,2020,2020-03-28,4,0,F,T,F,F,?,F,F,F,F,F,F,?,88
Rotkehlchen,36,2020,2020-04-17,5,0,F,T,F,F,?,F,F,F,F,F,F,?,108
Rotkehlchen,36,2020,2020-05-08,1,0,F,T,F,F,?,F,F,F,F,F,F,?,129
Rotkehlchen,36,2020,2020-06-11,2,0,F,T,F,F,?,F,F,F,F,F,F,?,163
Rotkehlchen,36,2021,2021-03-27,5,0,F,T,F,F,?,F,F,F,F,F,F,?,86
Rotkehlchen,36,2021,2021-04-24,4,0,?,T,?,?,?,?,?,?,?,?,?,?,114
Rotkehlchen,36,2021,2021-05-13,3,0,F,T,F,F,?,F,F,F,F,F,F,?,133
Rotkehlchen,36,2021,2021-06-06,3,0,F,T,F,F,?,F,F,F,F,F,F,?,157
Rotkehlchen,37,2018,2018-03-30,4,0,F,T,F,F,?,F,F,F,F,F,F,?,89
Rotkehlchen,37,2018,2018-04-18,2,0,F,T,F,F,?,F,F,F,F,F,F,?,108
Rotkehlchen,37,2018,2018-05-12,0,0,NA,NA,NA,NA,NA,NA,NA,NA,NA,NA,NA,NA,132
Rotkehlchen,37,2018,2018-06-13,0,0,NA,NA,NA,NA,NA,NA,NA,NA,NA,NA,NA,NA,164
Rotkehlchen,37,2020,2020-03-19,6,0,F,T,F,F,?,F,F,F,F,F,F,?,79
Rotkehlchen,37,2020,2020-04-25,2,0,F,T,T,F,?,F,F,F,F,F,F,?,116
Rotkehlchen,37,2020,2020-05-10,1,0,F,T,F,F,?,F,F,F,F,F,F,?,131
Rotkehlchen,37,2020,2020-06-07,0,0,NA,NA,NA,NA,NA,NA,NA,NA,NA,NA,NA,NA,159
Rotkehlchen,37,2021,2021-03-31,3,0,F,T,F,F,?,F,F,F,F,F,F,?,90
Rotkehlchen,37,2021,2021-04-25,2,0,F,T,F,F,?,F,F,F,F,F,F,?,115
Rotkehlchen,37,2021,2021-05-15,0,0,NA,NA,NA,NA,NA,NA,NA,NA,NA,NA,NA,NA,135
Rotkehlchen,37,2021,2021-06-17,1,0,F,F,T,F,?,F,F,F,F,F,F,?,168
Rotkehlchen,38,2019,2019-03-19,13,0,F,T,T,F,?,F,F,F,F,F,F,?,78
Rotkehlchen,38,2019,2019-04-14,10,0,F,T,T,F,?,F,F,F,F,F,F,?,104
Rotkehlchen,38,2019,2019-05-06,5,0,F,T,F,F,?,F,F,F,F,F,F,?,126
Rotkehlchen,38,2019,2019-06-06,5,0,F,T,T,F,?,F,F,F,F,F,T,?,157
Rotkehlchen,39,2019,2019-03-19,3,0,F,T,F,F,?,F,F,F,F,F,F,?,78
Rotkehlchen,39,2019,2019-04-15,1,0,F,F,T,F,?,F,F,F,F,F,F,?,105
Rotkehlchen,39,2019,2019-05-07,3,0,F,T,F,F,?,F,F,F,F,F,F,?,127
Rotkehlchen,39,2019,2019-06-08,2,0,F,F,T,F,?,F,F,F,F,F,F,?,159
Rotkehlchen,41,2020,2020-03-16,19,0,F,T,F,T,?,F,F,F,F,F,F,?,76
Rotkehlchen,41,2020,2020-04-20,6,0,F,T,F,F,?,F,F,F,F,F,F,?,111
Rotkehlchen,41,2020,2020-05-19,12,0,F,T,F,F,?,F,F,F,F,F,F,?,140
Rotkehlchen,41,2020,2020-06-19,11,0,F,T,T,F,?,F,F,F,F,F,F,?,171
Rotkehlchen,41,2021,2021-03-30,27,0,F,T,F,F,?,F,F,F,F,F,F,?,89
Rotkehlchen,41,2021,2021-04-30,25,0,F,T,T,F,?,F,F,F,F,F,F,?,120
Rotkehlchen,41,2021,2021-05-20,18,0,F,T,F,F,?,F,F,F,F,F,F,?,140
Rotkehlchen,41,2021,2021-05-25,12,0,F,T,F,F,?,F,?,F,F,F,F,?,145
Rotkehlchen,41,2021,2021-06-15,12,0,F,T,F,T,?,F,F,F,F,F,F,?,166
Rotkehlchen,42,2020,2020-03-27,6,0,F,T,F,F,?,F,F,F,F,F,F,?,87
Rotkehlchen,42,2020,2020-04-24,4,0,F,T,F,F,?,F,F,F,F,F,F,?,115
Rotkehlchen,42,2020,2020-05-16,2,0,F,T,F,F,?,F,F,F,F,F,F,?,137
Rotkehlchen,42,2020,2020-06-03,3,0,F,T,F,F,?,F,F,F,F,F,T,?,155
Rotkehlchen,42,2021,2021-03-31,20,0,F,T,T,F,?,F,F,F,F,F,F,?,90
Rotkehlchen,42,2021,2021-05-19,2,0,F,T,F,T,?,F,F,F,F,F,F,?,139
Rotkehlchen,42,2021,2021-06-13,2,0,F,T,F,F,?,F,F,F,F,F,F,?,164
Rotkehlchen,43,2019,2019-03-22,14,0,F,T,F,F,?,F,F,F,F,F,F,?,81
Rotkehlchen,43,2019,2019-04-26,6,0,F,T,F,F,?,F,F,F,F,F,F,?,116
Rotkehlchen,43,2019,2019-05-17,7,0,F,T,F,F,?,F,F,F,F,F,F,?,137
Rotkehlchen,43,2019,2019-06-14,9,0,F,T,F,T,?,F,F,F,F,F,F,?,165
Rotkehlchen,43,2020,2020-03-26,14,0,F,T,F,T,F,F,F,F,F,F,F,?,86
Rotkehlchen,43,2020,2020-04-21,10,0,F,T,F,T,F,F,F,F,F,F,F,?,112
Rotkehlchen,43,2020,2020-05-13,10,0,F,T,F,T,F,F,F,F,F,F,F,?,134
Rotkehlchen,43,2020,2020-06-18,15,0,F,T,F,F,F,F,F,F,F,F,F,?,170
Rotkehlchen,43,2021,2021-03-24,6,0,F,T,F,F,F,F,F,F,F,F,F,?,83
Rotkehlchen,43,2021,2021-04-22,11,0,F,T,F,F,F,F,F,F,F,F,F,?,112
Rotkehlchen,43,2021,2021-05-21,10,0,F,T,F,F,F,F,F,F,F,F,F,?,141
Rotkehlchen,43,2021,2021-06-17,17,0,F,T,F,T,F,F,F,F,F,F,F,?,168
Rotkehlchen,43,2022,2022-03-28,16,0,F,T,T,F,F,F,F,F,F,F,F,?,87
Rotkehlchen,43,2022,2022-04-28,12,0,F,T,F,T,F,F,F,F,F,F,F,?,118
Rotkehlchen,43,2022,2022-05-20,16,0,F,T,F,F,F,F,F,F,F,F,F,?,140
Rotkehlchen,43,2022,2022-06-20,10,0,F,T,F,T,F,F,F,F,F,F,F,?,171
Rotkehlchen,43,2023,2023-04-24,6,0,F,T,F,F,F,F,F,F,F,F,F,?,114
Rotkehlchen,43,2023,2023-05-16,7,0,F,T,F,F,F,F,F,F,F,F,F,?,136
Rotkehlchen,43,2023,2023-06-14,6,0,F,T,F,F,F,F,F,F,F,F,F,?,165
Rotkehlchen,43,2023,2023-03-22,21,0,F,T,F,F,F,F,F,F,F,F,F,?,81
Rotkehlchen,46,2020,2020-03-28,3,0,F,T,T,F,?,F,F,F,F,F,F,?,88
Rotkehlchen,46,2020,2020-04-25,7,0,F,T,T,F,?,F,F,F,F,F,F,?,116
Rotkehlchen,46,2020,2020-05-18,5,0,F,T,F,F,?,F,F,F,F,F,F,?,139
Rotkehlchen,46,2020,2020-06-19,7,0,F,T,T,T,?,F,F,F,F,F,F,?,171
Rotkehlchen,46,2021,2021-03-26,3,0,?,?,T,?,?,?,?,?,?,?,?,?,85
Rotkehlchen,46,2021,2021-04-25,3,0,?,T,T,?,?,?,?,?,?,?,?,?,115
Rotkehlchen,46,2021,2021-05-15,3,0,?,T,T,?,?,?,?,?,?,?,?,?,135
Rotkehlchen,46,2021,2021-06-13,4,0,?,T,?,?,?,?,?,?,?,?,?,?,164
Rotkehlchen,47,2020,2020-03-17,28,0,F,T,F,F,?,F,F,F,F,T,F,?,77
Rotkehlchen,47,2020,2020-04-17,10,0,F,T,F,F,?,F,F,F,T,F,F,?,108
Rotkehlchen,47,2020,2020-05-15,14,0,F,T,F,F,?,F,F,F,F,F,F,?,136
Rotkehlchen,47,2020,2020-06-18,19,0,F,T,T,T,?,F,F,F,F,F,T,?,170
Rotkehlchen,47,2021,2021-03-25,25,0,F,T,T,F,?,F,F,F,F,F,F,?,84
Rotkehlchen,47,2021,2021-04-27,9,0,F,T,F,F,?,F,F,F,F,F,F,?,117
Rotkehlchen,47,2021,2021-05-19,13,0,F,T,F,F,?,F,F,F,F,F,F,?,139
Rotkehlchen,47,2021,2021-06-19,16,0,F,T,F,F,?,F,F,F,F,F,F,?,170
Rotkehlchen,49,2020,2020-03-28,5,0,F,T,F,F,?,F,F,F,F,F,F,?,88
Rotkehlchen,49,2020,2020-04-11,1,0,F,T,F,F,?,F,F,F,F,F,F,?,102
Rotkehlchen,49,2020,2020-05-10,1,0,F,T,F,F,?,F,F,F,F,F,F,?,131
Rotkehlchen,49,2020,2020-06-19,1,0,F,F,F,F,?,F,F,F,F,F,F,?,171
Rotkehlchen,49,2021,2021-03-28,7,0,?,T,?,?,?,?,?,?,?,?,?,?,87
Rotkehlchen,49,2021,2021-04-27,3,0,?,T,?,?,?,?,?,?,?,?,?,?,117
Rotkehlchen,49,2021,2021-05-29,4,0,?,T,?,?,?,?,?,?,?,?,?,?,149
Rotkehlchen,49,2021,2021-06-16,0,0,NA,NA,NA,NA,NA,NA,NA,NA,NA,NA,NA,NA,167
Rotkehlchen,53,2018,2018-03-25,1,0,?,T,F,F,?,F,F,F,F,F,F,?,84
Rotkehlchen,53,2018,2018-04-29,0,0,NA,NA,NA,NA,NA,NA,NA,NA,NA,NA,NA,NA,119
Rotkehlchen,53,2018,2018-05-27,0,0,NA,NA,NA,NA,NA,NA,NA,NA,NA,NA,NA,NA,147
Rotkehlchen,53,2018,2018-06-10,1,0,?,T,F,F,?,F,F,F,F,F,F,?,161
Rotkehlchen,53,2020,2020-03-29,1,0,F,T,F,F,?,F,F,F,F,F,F,?,89
Rotkehlchen,53,2020,2020-04-25,1,0,F,T,F,F,?,F,F,F,F,F,F,?,116
Rotkehlchen,53,2020,2020-05-24,0,0,NA,NA,NA,NA,NA,NA,NA,NA,NA,NA,NA,NA,145
Rotkehlchen,53,2020,2020-06-01,0,0,NA,NA,NA,NA,NA,NA,NA,NA,NA,NA,NA,NA,153
Rotkehlchen,53,2021,2021-03-28,3,0,?,T,?,?,?,?,?,?,?,?,?,?,87
Rotkehlchen,53,2021,2021-04-25,0,0,NA,NA,NA,NA,NA,NA,NA,NA,NA,NA,NA,NA,115
Rotkehlchen,53,2021,2021-05-23,0,0,NA,NA,NA,NA,NA,NA,NA,NA,NA,NA,NA,NA,143
Rotkehlchen,53,2021,2021-06-20,0,0,NA,NA,NA,NA,NA,NA,NA,NA,NA,NA,NA,NA,171
Rotkehlchen,54,2018,2018-03-20,12,0,F,T,F,F,?,F,F,F,F,F,F,?,79
Rotkehlchen,54,2018,2018-04-15,1,0,F,T,F,F,?,F,F,F,F,F,F,?,105
Rotkehlchen,54,2018,2018-05-13,3,0,F,T,F,F,?,F,F,F,F,F,F,?,133
Rotkehlchen,54,2018,2018-06-05,2,0,F,T,F,F,?,F,F,F,F,F,F,?,156
Rotkehlchen,54,2020,2020-03-15,7,0,F,T,F,F,?,F,F,F,F,F,F,?,75
Rotkehlchen,54,2020,2020-04-13,8,0,F,T,F,F,?,F,F,F,F,F,F,?,104
Rotkehlchen,54,2020,2020-05-19,2,0,F,T,F,F,?,F,F,F,F,F,F,?,140
Rotkehlchen,54,2020,2020-06-13,4,0,F,T,F,F,?,F,F,F,F,F,F,?,165
Rotkehlchen,54,2021,2021-03-28,6,0,F,T,F,F,?,F,F,F,F,F,F,?,87
Rotkehlchen,54,2021,2021-04-20,7,0,F,T,F,F,T,F,F,F,F,T,F,?,110
Rotkehlchen,54,2021,2021-05-13,1,0,F,T,F,F,?,F,F,F,F,F,F,?,133
Rotkehlchen,54,2021,2021-06-13,1,0,F,T,F,F,?,F,F,F,F,F,F,?,164
Rotkehlchen,56,2018,2018-03-25,2,0,F,T,F,F,?,F,F,F,F,F,F,?,84
Rotkehlchen,56,2018,2018-04-17,7,0,F,T,T,F,?,F,F,F,F,F,F,?,107
Rotkehlchen,56,2018,2018-05-08,2,0,F,T,F,F,?,F,F,F,F,F,F,?,128
Rotkehlchen,56,2018,2018-06-02,7,0,F,T,F,F,?,F,F,F,F,F,F,?,153
Rotkehlchen,56,2020,2020-03-22,2,0,T,T,F,F,?,F,F,F,F,F,F,?,82
Rotkehlchen,56,2020,2020-04-11,7,0,F,T,F,F,?,F,F,F,F,F,F,?,102
Rotkehlchen,56,2020,2020-05-09,4,0,F,T,F,F,?,F,F,F,F,F,F,?,130
Rotkehlchen,56,2020,2020-06-07,5,0,F,T,F,F,?,F,F,F,F,F,F,?,159
Rotkehlchen,56,2021,2021-03-28,9,0,F,T,F,F,?,F,F,F,F,F,F,?,87
Rotkehlchen,56,2021,2021-04-25,3,0,F,T,F,F,?,F,F,F,F,F,F,?,115
Rotkehlchen,56,2021,2021-05-08,6,0,F,T,F,F,?,F,F,F,F,F,F,?,128
Rotkehlchen,56,2021,2021-05-28,6,0,F,T,F,F,?,F,F,F,F,F,F,?,148
Rotkehlchen,57,2019,2019-03-26,7,0,F,T,F,F,?,F,F,F,F,F,F,?,85
Rotkehlchen,57,2019,2019-05-14,5,0,F,T,F,F,?,F,F,F,F,F,F,?,134
Rotkehlchen,57,2019,2019-06-19,3,0,F,T,T,F,?,F,F,F,F,F,F,?,170
Rotkehlchen,57,2019,2019-04-25,9,0,F,T,F,F,?,F,F,F,F,F,F,?,115
Rotkehlchen,58,2018,2018-03-25,9,0,F,T,F,F,?,F,F,F,F,F,F,?,84
Rotkehlchen,58,2018,2018-04-30,5,0,F,T,F,F,?,F,F,F,F,F,F,?,120
Rotkehlchen,58,2018,2018-05-12,10,0,F,T,F,F,?,F,F,F,F,F,F,?,132
Rotkehlchen,58,2018,2018-06-10,10,0,F,T,T,F,?,F,F,F,F,F,F,?,161
Rotkehlchen,59,2018,2018-03-21,11,0,F,F,F,T,?,F,F,F,F,F,F,?,80
Rotkehlchen,59,2018,2018-04-14,8,0,F,T,F,F,?,F,F,F,F,F,F,?,104
Rotkehlchen,59,2018,2018-05-09,3,0,F,T,F,F,?,F,F,F,F,F,F,?,129
Rotkehlchen,59,2018,2018-06-05,3,0,F,T,F,F,?,F,F,F,F,F,F,?,156
Rotkehlchen,59,2020,2020-03-22,9,0,F,T,F,F,?,F,F,F,F,F,F,?,82
Rotkehlchen,59,2020,2020-04-18,7,0,F,T,F,F,?,F,F,F,F,F,F,?,109
Rotkehlchen,59,2020,2020-05-06,2,0,F,T,F,F,?,F,F,F,F,F,F,?,127
Rotkehlchen,59,2020,2020-06-03,4,0,F,T,F,F,?,F,F,F,F,F,F,?,155
Rotkehlchen,59,2021,2021-03-29,12,0,F,T,F,F,?,F,F,F,F,F,F,?,88
Rotkehlchen,59,2021,2021-04-22,9,0,F,T,F,F,?,F,F,F,F,F,F,?,112
Rotkehlchen,59,2021,2021-05-10,4,0,F,T,F,F,?,F,F,F,F,F,F,?,130
Rotkehlchen,59,2021,2021-06-10,3,0,F,T,F,F,?,F,F,F,F,F,F,?,161
Rotkehlchen,60,2019,2019-03-22,3,0,F,T,F,F,?,F,F,F,F,F,F,?,81
Rotkehlchen,60,2019,2019-04-17,2,0,F,T,T,F,?,F,F,F,F,F,F,?,107
Rotkehlchen,60,2019,2019-05-09,2,0,F,T,F,F,?,F,F,F,F,F,F,?,129
Rotkehlchen,60,2019,2019-06-10,1,0,F,F,F,F,?,F,F,F,F,F,T,?,161
Rotkehlchen,61,2018,2018-03-17,0,0,NA,NA,NA,NA,NA,NA,NA,NA,NA,NA,NA,NA,76
Rotkehlchen,61,2018,2018-04-07,1,0,F,T,F,F,?,F,F,F,F,F,F,?,97
Rotkehlchen,61,2018,2018-05-05,1,0,F,T,F,F,?,F,F,F,F,F,F,?,125
Rotkehlchen,61,2018,2018-06-02,1,0,F,T,F,F,?,F,F,F,F,F,F,?,153
Rotkehlchen,61,2020,2020-03-14,4,0,F,T,F,F,?,F,F,F,F,F,F,?,74
Rotkehlchen,61,2020,2020-04-04,5,0,F,T,T,F,?,F,F,F,F,F,F,?,95
Rotkehlchen,61,2020,2020-05-02,0,0,NA,NA,NA,NA,NA,NA,NA,NA,NA,NA,NA,NA,123
Rotkehlchen,61,2020,2020-05-30,1,0,F,T,F,F,?,F,F,F,F,F,F,?,151
Rotkehlchen,61,2021,2021-03-21,7,0,F,T,T,F,?,F,F,F,F,F,F,?,80
Rotkehlchen,61,2021,2021-04-10,3,0,F,F,T,T,?,F,F,F,F,F,F,?,100
Rotkehlchen,61,2021,2021-05-08,1,0,F,T,F,F,?,F,F,F,F,F,F,?,128
Rotkehlchen,61,2021,2021-06-05,0,0,NA,NA,NA,NA,NA,NA,NA,NA,NA,NA,NA,NA,156
Rotkehlchen,62,2019,2019-03-19,6,0,F,T,F,F,?,F,F,F,F,F,F,?,78
Rotkehlchen,62,2019,2019-04-19,6,0,F,T,F,F,?,F,F,F,F,F,F,?,109
Rotkehlchen,62,2019,2019-05-10,4,0,F,T,T,F,?,F,F,F,F,F,F,?,130
Rotkehlchen,62,2019,2019-06-15,2,0,F,T,T,F,?,F,F,F,F,F,F,?,166
Rotkehlchen,63,2019,2019-03-31,14,0,F,T,F,T,?,F,F,F,F,F,F,?,90
Rotkehlchen,63,2019,2019-04-27,5,0,F,T,F,F,?,F,F,F,F,F,F,?,117
Rotkehlchen,63,2019,2019-05-18,13,0,F,T,F,T,?,F,F,F,F,F,F,?,138
Rotkehlchen,63,2019,2019-06-16,2,0,F,T,F,T,?,F,F,F,F,F,F,?,167
Rotkehlchen,63,2021,2021-03-20,2,0,?,T,?,?,?,?,?,?,?,?,?,?,79
Rotkehlchen,63,2021,2021-04-10,6,0,?,T,?,?,?,?,?,?,?,?,?,?,100
Rotkehlchen,63,2021,2021-05-09,5,0,?,T,T,?,?,?,?,?,?,?,?,?,129
Rotkehlchen,63,2021,2021-06-19,7,0,?,T,?,?,?,?,?,?,?,?,?,?,170
Rotkehlchen,67,2019,2019-03-18,22,0,F,T,F,T,?,F,F,F,F,F,F,?,77
Rotkehlchen,67,2019,2019-04-15,21,0,F,T,F,T,?,F,F,F,F,F,F,?,105
Rotkehlchen,67,2019,2019-05-02,11,0,F,T,F,F,?,F,F,F,F,F,F,?,122
Rotkehlchen,67,2019,2019-05-24,16,0,F,T,F,F,?,F,F,F,F,F,F,?,144
Rotkehlchen,67,2020,2020-03-17,29,0,F,T,F,T,?,F,F,F,F,F,F,?,77
Rotkehlchen,67,2020,2020-04-15,29,0,F,T,F,T,?,F,F,F,F,F,F,?,106
Rotkehlchen,67,2020,2020-05-05,12,0,F,T,F,T,?,F,F,F,F,F,F,?,126
Rotkehlchen,67,2020,2020-05-27,17,0,F,T,T,F,?,F,F,F,F,F,F,?,148
Rotkehlchen,67,2021,2021-03-22,19,0,F,T,F,T,?,F,F,F,F,F,F,?,81
Rotkehlchen,67,2021,2021-04-14,33,0,F,T,F,F,?,F,F,F,F,F,F,?,104
Rotkehlchen,67,2021,2021-05-07,16,0,F,T,T,T,?,F,F,F,F,F,F,?,127
Rotkehlchen,67,2021,2021-05-27,18,0,F,T,F,T,?,F,F,F,F,F,F,?,147
Rotkehlchen,67,2022,2022-03-15,26,0,F,T,F,T,F,F,F,F,F,F,F,?,74
Rotkehlchen,67,2022,2022-04-13,34,0,F,T,F,T,F,F,F,F,F,F,F,?,103
Rotkehlchen,67,2022,2022-05-03,17,0,F,T,T,F,F,F,F,F,F,F,F,?,123
Rotkehlchen,67,2022,2022-06-01,17,0,F,T,T,T,F,F,F,F,F,F,F,?,152
Rotkehlchen,67,2023,2023-03-17,27,0,F,T,F,T,F,F,F,F,F,F,F,?,76
Rotkehlchen,67,2023,2023-04-17,38,0,F,T,F,F,F,F,F,F,F,F,F,?,107
Rotkehlchen,67,2023,2023-05-03,20,0,F,T,T,F,F,F,F,F,F,F,F,?,123
Rotkehlchen,67,2023,2023-05-22,27,0,F,T,T,F,F,F,F,F,F,F,F,?,142
Rotkehlchen,68,2019,2019-03-19,7,0,F,T,F,F,?,F,F,F,F,F,F,?,78
Rotkehlchen,68,2019,2019-04-18,12,0,F,T,F,F,?,F,F,F,F,F,F,?,108
Rotkehlchen,68,2019,2019-05-06,7,0,F,T,F,F,?,F,F,F,F,F,F,?,126
Rotkehlchen,68,2019,2019-05-29,8,0,F,T,F,F,?,F,F,F,F,F,F,?,149
Rotkehlchen,68,2020,2020-03-18,23,0,F,T,F,F,?,F,F,F,F,F,F,?,78
Rotkehlchen,68,2020,2020-04-16,9,0,F,T,F,F,?,F,F,F,F,F,F,?,107
Rotkehlchen,68,2020,2020-05-07,8,0,F,T,F,F,?,F,F,F,F,F,F,?,128
Rotkehlchen,68,2020,2020-05-28,5,0,F,T,F,F,?,F,F,F,F,F,F,?,149
Rotkehlchen,68,2021,2021-03-24,13,0,F,T,F,F,?,F,F,F,F,F,F,?,83
Rotkehlchen,68,2021,2021-04-16,8,0,F,T,F,T,?,F,F,F,F,F,F,?,106
Rotkehlchen,68,2021,2021-05-03,8,0,F,T,T,F,?,F,F,F,F,F,F,?,123
Rotkehlchen,68,2021,2021-06-01,8,0,F,T,F,F,?,F,F,F,F,F,F,?,152
Rotkehlchen,68,2022,2022-03-21,19,0,F,T,F,F,F,F,F,F,F,F,F,?,80
Rotkehlchen,68,2022,2022-04-19,12,0,F,T,F,F,F,F,F,F,F,F,F,?,109
Rotkehlchen,68,2022,2022-05-05,5,0,F,T,F,F,F,F,F,F,F,F,F,?,125
Rotkehlchen,68,2022,2022-06-03,3,0,F,T,F,F,F,F,F,F,F,F,F,?,154
Rotkehlchen,68,2023,2023-03-20,6,0,F,T,F,F,F,F,F,F,F,F,F,?,79
Rotkehlchen,68,2023,2023-04-14,17,0,F,T,T,F,F,F,F,F,F,F,F,?,104
Rotkehlchen,68,2023,2023-05-04,4,0,F,T,F,F,F,F,F,F,F,F,F,?,124
Rotkehlchen,68,2023,2023-06-01,4,0,F,T,F,F,F,F,F,F,F,F,F,?,152
Rotkehlchen,69,2019,2019-03-23,7,0,F,T,F,F,?,F,F,F,F,F,F,?,82
Rotkehlchen,69,2019,2019-04-28,4,0,F,T,F,F,?,F,F,F,F,F,F,?,118
Rotkehlchen,69,2019,2019-05-11,7,0,F,T,F,F,?,F,F,F,F,F,F,?,131
Rotkehlchen,69,2019,2019-06-20,8,0,F,T,T,T,?,F,F,F,F,F,F,?,171
Rotkehlchen,70,2019,2019-03-29,29,0,F,T,F,T,?,F,F,F,F,F,F,?,88
Rotkehlchen,70,2019,2019-04-29,2,0,F,T,F,F,?,F,F,F,F,F,F,?,119
Rotkehlchen,70,2019,2019-05-20,8,0,F,T,F,F,?,F,F,F,F,F,F,?,140
Rotkehlchen,70,2019,2019-06-14,11,0,F,T,F,T,?,F,F,F,T,F,F,?,165
Rotkehlchen,70,2020,2020-03-26,26,0,F,T,F,T,?,F,F,F,F,F,F,?,86
Rotkehlchen,70,2020,2020-04-22,10,0,F,T,F,F,?,F,F,F,F,F,F,?,113
Rotkehlchen,70,2020,2020-05-15,9,0,F,T,F,T,?,F,F,F,F,F,F,?,136
Rotkehlchen,70,2020,2020-06-19,13,0,F,T,T,T,?,F,F,F,F,F,F,?,171
Rotkehlchen,70,2021,2021-03-30,48,0,F,T,F,T,?,T,F,F,F,F,F,?,89
Rotkehlchen,70,2021,2021-04-27,18,0,F,T,F,F,?,F,F,F,F,F,F,?,117
Rotkehlchen,70,2021,2021-05-19,7,0,F,T,F,T,?,F,F,F,F,F,F,?,139
Rotkehlchen,70,2021,2021-06-17,10,0,F,T,T,T,?,F,F,F,F,F,T,?,168
Rotkehlchen,70,2022,2022-03-29,37,0,F,T,T,T,F,F,F,F,F,F,F,?,88
Rotkehlchen,70,2022,2022-04-25,18,0,F,T,T,T,F,F,F,F,F,F,F,?,115
Rotkehlchen,70,2022,2022-05-19,18,0,F,T,F,T,F,F,F,F,F,F,F,?,139
Rotkehlchen,70,2022,2022-06-20,15,0,F,T,T,T,F,F,F,F,T,F,T,?,171
Rotkehlchen,70,2023,2023-03-28,28,0,F,T,T,F,F,F,F,F,F,F,F,?,87
Rotkehlchen,70,2023,2023-04-26,11,0,F,T,F,F,F,F,F,F,F,F,F,?,116
Rotkehlchen,70,2023,2023-05-19,19,0,F,T,F,F,F,F,F,F,F,F,F,?,139
Rotkehlchen,70,2023,2023-06-14,11,0,F,T,T,T,F,F,F,F,F,F,T,?,165
Rotkehlchen,71,2019,2019-03-28,8,0,F,T,F,F,?,F,F,F,F,F,F,?,87
Rotkehlchen,71,2019,2019-04-26,2,0,F,T,F,F,?,F,F,F,F,F,F,?,116
Rotkehlchen,71,2019,2019-05-17,6,0,F,T,F,F,?,F,F,F,F,F,F,?,137
Rotkehlchen,71,2019,2019-06-05,8,0,F,T,F,T,?,F,F,F,F,F,F,?,156
Rotkehlchen,71,2020,2020-03-24,14,0,F,T,T,T,T,F,F,F,F,F,F,?,84
Rotkehlchen,71,2020,2020-04-21,4,0,F,T,F,F,?,F,F,F,F,F,F,?,112
Rotkehlchen,71,2020,2020-05-12,3,0,F,T,F,F,?,F,F,F,F,F,F,?,133
Rotkehlchen,71,2020,2020-06-03,7,0,F,T,F,T,?,F,F,F,F,F,F,?,155
Rotkehlchen,71,2021,2021-03-26,13,0,F,T,F,T,?,F,F,F,F,F,F,?,85
Rotkehlchen,71,2021,2021-04-22,6,0,F,T,F,F,?,F,F,F,F,F,F,?,112
Rotkehlchen,71,2021,2021-05-14,4,0,F,T,F,T,?,F,F,F,F,F,F,?,134
Rotkehlchen,71,2022,2022-03-28,12,0,F,T,F,F,F,F,F,F,F,F,F,?,87
Rotkehlchen,71,2022,2022-04-29,9,0,F,T,F,F,F,F,F,F,F,F,F,?,119
Rotkehlchen,71,2022,2022-05-11,5,0,F,T,T,F,F,F,F,F,F,F,F,?,131
Rotkehlchen,71,2022,2022-06-14,4,0,F,T,T,F,F,F,F,F,F,F,F,?,165
Rotkehlchen,71,2023,2023-03-22,7,0,F,T,F,F,F,F,F,F,F,F,F,?,81
Rotkehlchen,71,2023,2023-04-21,6,0,F,T,F,T,F,F,F,F,F,F,F,?,111
Rotkehlchen,71,2023,2023-05-11,6,0,F,T,F,F,F,F,F,F,F,F,F,?,131
Rotkehlchen,71,2023,2023-06-12,7,0,F,T,F,T,F,F,F,F,F,F,F,?,163
Rotkehlchen,72,2021,2021-03-24,4,0,F,T,F,F,?,F,F,F,F,F,F,?,83
Rotkehlchen,72,2021,2021-04-11,1,0,F,F,F,F,?,F,F,F,F,F,F,?,101
Rotkehlchen,72,2021,2021-05-09,1,0,F,F,F,F,?,F,F,F,F,F,F,?,129
Rotkehlchen,72,2021,2021-05-30,1,0,F,T,F,F,?,F,F,F,F,F,F,?,150
Rotkehlchen,73,2018,2018-03-24,7,0,F,T,T,F,?,F,F,F,F,F,F,?,83
Rotkehlchen,73,2018,2018-04-14,7,0,F,T,F,F,?,F,F,F,F,F,F,?,104
Rotkehlchen,73,2018,2018-05-12,5,0,F,T,F,F,?,F,F,F,F,F,F,?,132
Rotkehlchen,73,2018,2018-06-09,10,0,F,T,F,F,?,F,F,F,F,F,F,?,160
Rotkehlchen,73,2020,2020-03-22,11,0,F,T,T,F,?,T,F,F,F,F,F,?,82
Rotkehlchen,73,2020,2020-04-11,12,0,F,T,T,F,?,F,F,F,F,F,F,?,102
Rotkehlchen,73,2020,2020-05-09,8,0,F,T,F,F,?,F,F,F,F,F,F,?,130
Rotkehlchen,73,2020,2020-06-08,8,0,F,T,F,F,?,F,F,F,F,F,F,?,160
Rotkehlchen,73,2021,2021-03-27,14,0,F,T,F,F,?,F,F,F,F,F,F,?,86
Rotkehlchen,73,2021,2021-04-17,8,0,F,T,F,F,?,F,F,F,F,F,F,?,107
Rotkehlchen,73,2021,2021-05-14,8,0,F,T,F,F,?,F,F,F,F,F,F,?,134
Rotkehlchen,73,2021,2021-06-04,14,0,F,T,F,F,?,F,F,F,F,F,F,?,155
Rotkehlchen,74,2021,2021-03-25,7,0,F,T,F,F,?,F,F,F,F,F,F,?,84
Rotkehlchen,74,2021,2021-04-10,5,0,F,T,F,F,?,F,F,F,F,F,F,?,100
Rotkehlchen,74,2021,2021-05-10,2,0,F,T,F,F,?,F,F,F,F,F,F,?,130
Rotkehlchen,74,2021,2021-06-01,1,0,F,T,F,F,?,F,F,F,F,F,F,?,152
Rotkehlchen,75,2019,2019-03-22,27,0,F,T,F,T,?,F,F,F,F,F,F,?,81
Rotkehlchen,75,2019,2019-04-23,6,0,F,T,F,T,?,F,F,F,F,F,F,?,113
Rotkehlchen,75,2019,2019-05-14,3,0,F,T,F,F,?,F,F,F,F,F,F,?,134
Rotkehlchen,75,2019,2019-06-13,10,0,F,T,F,T,?,T,F,F,F,F,F,?,164
Rotkehlchen,75,2020,2020-03-19,26,0,F,T,T,T,?,F,F,F,F,F,F,?,79
Rotkehlchen,75,2020,2020-04-20,18,0,F,T,F,F,?,F,F,F,F,F,F,?,111
Rotkehlchen,75,2020,2020-05-13,10,0,F,T,F,F,?,F,F,F,F,F,F,?,134
Rotkehlchen,75,2020,2020-06-17,10,0,F,T,F,F,?,F,F,F,F,F,F,?,169
Rotkehlchen,75,2021,2021-03-25,30,0,F,T,F,T,?,F,F,F,F,F,F,?,84
Rotkehlchen,75,2021,2021-04-20,13,0,F,T,F,T,?,F,F,F,F,F,F,?,110
Rotkehlchen,75,2021,2021-05-10,7,0,F,T,F,T,?,F,F,F,F,F,F,?,130
Rotkehlchen,75,2021,2021-06-10,12,0,F,T,F,T,?,F,F,F,F,F,F,?,161
Rotkehlchen,75,2022,2022-03-25,33,0,F,T,F,T,F,F,F,F,F,F,F,?,84
Rotkehlchen,75,2022,2022-04-21,25,0,F,T,T,F,F,F,F,F,F,F,F,?,111
Rotkehlchen,75,2022,2022-05-10,16,0,F,T,F,F,F,F,F,F,F,F,F,?,130
Rotkehlchen,75,2022,2022-06-10,15,0,F,T,F,T,F,F,F,F,F,F,F,?,161
Rotkehlchen,75,2023,2023-03-21,29,0,F,T,T,F,F,F,F,F,F,F,F,?,80
Rotkehlchen,75,2023,2023-04-19,16,0,F,T,T,F,F,F,F,F,F,F,F,?,109
Rotkehlchen,75,2023,2023-05-09,17,0,F,T,T,T,F,F,F,F,F,F,F,?,129
Rotkehlchen,75,2023,2023-06-07,8,0,F,T,F,F,F,F,F,F,T,F,F,?,158
Rotkehlchen,76,2019,2019-03-25,2,0,F,T,F,F,?,F,F,F,F,F,F,?,84
Rotkehlchen,76,2019,2019-04-15,2,0,F,T,F,F,?,F,F,F,F,F,F,?,105
Rotkehlchen,76,2019,2019-05-06,2,0,F,T,F,F,?,F,F,F,F,F,F,?,126
Rotkehlchen,76,2019,2019-06-07,0,0,NA,NA,NA,NA,NA,NA,NA,NA,NA,NA,NA,NA,158
Rotkehlchen,76,2020,2020-03-24,1,0,F,T,F,F,F,F,F,F,F,F,F,?,84
Rotkehlchen,76,2020,2020-04-17,0,0,NA,NA,NA,NA,NA,NA,NA,NA,NA,NA,NA,NA,108
Rotkehlchen,76,2020,2020-05-08,0,0,NA,NA,NA,NA,NA,NA,NA,NA,NA,NA,NA,NA,129
Rotkehlchen,76,2020,2020-06-05,0,0,NA,NA,NA,NA,NA,NA,NA,NA,NA,NA,NA,NA,157
Rotkehlchen,76,2021,2021-03-26,2,0,F,T,F,F,F,F,F,F,F,F,F,?,85
Rotkehlchen,76,2021,2021-04-15,0,0,NA,NA,NA,NA,NA,NA,NA,NA,NA,NA,NA,NA,105
Rotkehlchen,76,2021,2021-05-26,0,0,NA,NA,NA,NA,NA,NA,NA,NA,NA,NA,NA,NA,146
Rotkehlchen,76,2021,2021-06-15,0,0,NA,NA,NA,NA,NA,NA,NA,NA,NA,NA,NA,NA,166
Rotkehlchen,76,2022,2022-03-22,1,0,F,T,F,F,F,F,F,F,F,F,F,?,81
Rotkehlchen,76,2022,2022-04-13,1,0,F,T,F,F,F,F,F,F,F,F,F,?,103
Rotkehlchen,76,2022,2022-05-03,0,0,NA,NA,NA,NA,NA,NA,NA,NA,NA,NA,NA,NA,123
Rotkehlchen,76,2022,2022-06-15,1,0,F,T,F,F,F,F,F,F,F,F,F,?,166
Rotkehlchen,76,2023,2023-03-21,3,0,F,T,T,F,F,F,F,F,F,F,F,?,80
Rotkehlchen,76,2023,2023-04-18,1,0,F,T,F,F,F,F,F,F,F,F,F,?,108
Rotkehlchen,76,2023,2023-05-02,0,0,NA,NA,NA,NA,NA,NA,NA,NA,NA,NA,NA,NA,122
Rotkehlchen,76,2023,2023-06-16,0,0,NA,NA,NA,NA,NA,NA,NA,NA,NA,NA,NA,NA,167
Rotkehlchen,77,2020,2020-03-18,5,0,F,T,T,F,F,F,F,F,F,F,F,?,78
Rotkehlchen,77,2020,2020-04-10,3,0,F,T,F,F,F,F,F,F,F,F,F,?,101
Rotkehlchen,77,2020,2020-05-06,0,0,NA,NA,NA,NA,NA,NA,NA,NA,NA,NA,NA,NA,127
Rotkehlchen,77,2020,2020-06-02,0,0,NA,NA,NA,NA,NA,NA,NA,NA,NA,NA,NA,NA,154
Rotkehlchen,77,2021,2021-03-18,11,0,?,T,T,?,?,?,?,?,?,?,?,?,77
Rotkehlchen,77,2021,2021-04-14,3,0,?,T,?,?,?,?,?,?,?,?,?,?,104
Rotkehlchen,77,2021,2021-05-14,1,0,?,T,?,?,?,?,?,?,?,?,?,?,134
Rotkehlchen,77,2021,2021-06-15,2,0,?,?,T,?,?,?,?,?,?,?,?,?,166
Rotkehlchen,77,2022,2022-03-25,4,0,F,T,F,F,F,F,F,F,F,F,F,?,84
Rotkehlchen,77,2022,2022-04-19,4,0,F,T,T,F,F,F,F,F,F,F,F,?,109
Rotkehlchen,77,2022,2022-05-06,0,0,NA,NA,NA,NA,NA,NA,NA,NA,NA,NA,NA,NA,126
Rotkehlchen,77,2022,2022-06-15,3,0,F,T,T,F,F,F,F,F,F,F,F,?,166
Rotkehlchen,77,2023,2023-03-23,4,0,F,T,F,F,?,F,F,F,F,F,F,?,82
Rotkehlchen,77,2023,2023-04-21,2,0,T,T,F,F,?,F,F,F,F,F,F,?,111
Rotkehlchen,77,2023,2023-05-14,0,0,NA,NA,NA,NA,NA,NA,NA,NA,NA,NA,NA,NA,134
Rotkehlchen,77,2023,2023-06-16,0,0,NA,NA,NA,NA,NA,NA,NA,NA,NA,NA,NA,NA,167
Rotkehlchen,79,2019,2019-03-29,7,0,?,T,?,?,?,?,?,?,?,?,?,?,88
Rotkehlchen,79,2019,2019-04-17,6,0,?,T,?,?,?,?,?,?,?,?,?,?,107
Rotkehlchen,79,2019,2019-05-09,3,0,?,T,?,?,?,?,?,?,?,?,?,?,129
Rotkehlchen,79,2019,2019-05-30,7,0,?,T,?,?,?,?,?,?,?,?,?,?,150
Rotkehlchen,79,2020,2020-03-16,7,0,F,T,F,F,?,F,F,F,F,F,F,?,76
Rotkehlchen,79,2020,2020-04-13,8,0,F,T,F,F,?,F,F,F,F,F,F,?,104
Rotkehlchen,79,2020,2020-05-17,3,0,F,T,F,F,?,F,F,F,F,F,F,?,138
Rotkehlchen,79,2020,2020-06-02,4,0,F,T,F,F,?,F,F,F,F,F,F,?,154
Rotkehlchen,79,2022,2022-03-16,3,0,F,T,F,F,F,F,F,F,F,F,F,?,75
Rotkehlchen,79,2022,2022-04-16,4,0,F,T,F,F,F,F,F,F,F,F,F,?,106
Rotkehlchen,79,2022,2022-05-07,5,0,F,T,F,F,F,F,F,F,F,F,F,?,127
Rotkehlchen,79,2022,2022-06-02,3,0,F,T,F,F,F,F,F,F,F,F,F,?,153
Rotkehlchen,79,2023,2023-03-22,3,0,F,T,F,F,?,F,F,F,F,F,F,?,81
Rotkehlchen,79,2023,2023-04-10,4,0,F,T,F,F,?,F,F,F,F,F,F,?,100
Rotkehlchen,79,2023,2023-05-06,7,0,F,T,F,F,?,F,F,F,F,F,F,?,126
Rotkehlchen,79,2023,2023-05-28,3,0,F,T,F,F,?,F,F,F,F,F,F,?,148
Rotkehlchen,80,2020,2020-03-23,23,0,F,T,F,F,F,F,F,F,F,F,F,?,83
Rotkehlchen,80,2020,2020-04-14,16,0,F,T,F,F,F,F,F,F,F,F,F,?,105
Rotkehlchen,80,2020,2020-05-12,13,0,F,T,F,F,F,F,F,F,F,F,F,?,133
Rotkehlchen,80,2020,2020-06-20,10,0,F,T,T,F,F,F,F,F,F,F,F,?,172
Rotkehlchen,80,2021,2021-03-10,11,0,?,T,?,?,?,?,?,?,?,?,?,?,69
Rotkehlchen,80,2021,2021-04-04,15,0,?,T,?,?,?,?,?,?,?,?,?,?,94
Rotkehlchen,80,2021,2021-05-12,8,0,?,T,?,?,?,?,?,?,?,?,?,?,132
Rotkehlchen,80,2021,2021-06-09,12,0,?,T,T,?,?,?,?,?,?,?,?,?,160
Rotkehlchen,80,2022,2022-03-24,19,0,F,T,F,F,F,F,F,F,F,F,F,?,83
Rotkehlchen,80,2022,2022-04-25,13,0,F,T,F,F,F,F,F,F,F,F,F,?,115
Rotkehlchen,80,2022,2022-05-14,9,0,F,T,F,F,F,F,F,F,F,F,F,?,134
Rotkehlchen,80,2022,2022-06-16,6,0,F,T,T,F,F,F,F,F,F,F,F,?,167
Rotkehlchen,80,2023,2023-03-19,18,0,T,T,F,F,?,F,F,F,F,F,F,?,78
Rotkehlchen,80,2023,2023-04-17,13,0,F,T,F,F,?,F,F,F,F,F,F,?,107
Rotkehlchen,80,2023,2023-05-05,9,0,F,T,F,F,?,F,F,F,F,F,F,?,125
Rotkehlchen,80,2023,2023-06-03,8,0,F,T,T,F,?,F,F,F,F,F,F,?,154
Rotkehlchen,82,2021,2021-05-29,1,0,F,T,F,F,?,F,?,F,F,F,F,?,149
Rotkehlchen,82,2021,2021-06-13,4,0,F,T,T,F,?,F,?,F,F,F,F,?,164
Rotkehlchen,83,2018,2018-03-31,2,0,F,T,F,F,?,F,F,F,F,F,F,?,90
Rotkehlchen,83,2018,2018-04-28,1,0,F,T,F,F,?,F,F,F,F,F,F,?,118
Rotkehlchen,83,2018,2018-05-20,0,0,NA,NA,NA,NA,NA,NA,NA,NA,NA,NA,NA,NA,140
Rotkehlchen,83,2018,2018-06-10,0,0,NA,NA,NA,NA,NA,NA,NA,NA,NA,NA,NA,NA,161
Rotkehlchen,83,2020,2020-03-15,3,0,F,T,F,F,?,F,F,F,F,F,F,?,75
Rotkehlchen,83,2020,2020-04-10,1,0,F,T,F,F,?,F,F,F,F,F,F,?,101
Rotkehlchen,83,2020,2020-05-03,1,0,F,F,F,F,?,F,F,F,F,F,F,?,124
Rotkehlchen,83,2020,2020-06-24,0,0,NA,NA,NA,NA,NA,NA,NA,NA,NA,NA,NA,NA,176
Rotkehlchen,83,2021,2021-03-29,1,0,F,F,F,F,?,F,F,F,F,T,F,?,88
Rotkehlchen,83,2021,2021-04-22,0,0,NA,NA,NA,NA,NA,NA,NA,NA,NA,NA,NA,NA,112
Rotkehlchen,83,2021,2021-05-10,1,0,F,F,T,F,?,F,F,F,F,F,F,?,130
Rotkehlchen,83,2021,2021-06-15,0,0,NA,NA,NA,NA,NA,NA,NA,NA,NA,NA,NA,NA,166
Rotkehlchen,84,2020,2020-03-16,3,0,F,T,F,F,?,F,F,F,F,F,F,?,76
Rotkehlchen,84,2020,2020-04-14,0,0,NA,NA,NA,NA,NA,NA,NA,NA,NA,NA,NA,NA,105
Rotkehlchen,84,2020,2020-05-20,0,0,NA,NA,NA,NA,NA,NA,NA,NA,NA,NA,NA,NA,141
Rotkehlchen,84,2020,2020-06-12,0,0,NA,NA,NA,NA,NA,NA,NA,NA,NA,NA,NA,NA,164
Rotkehlchen,84,2021,2021-03-24,3,0,F,T,F,F,?,F,F,F,F,F,F,?,83
Rotkehlchen,84,2021,2021-04-21,1,0,F,T,F,F,?,F,F,F,F,F,F,?,111
Rotkehlchen,84,2021,2021-05-09,1,0,F,T,F,F,?,F,F,F,F,F,F,?,129
Rotkehlchen,84,2021,2021-06-10,0,0,NA,NA,NA,NA,NA,NA,NA,NA,NA,NA,NA,NA,161
Rotkehlchen,86,2020,2020-03-14,1,0,F,T,F,F,F,F,F,F,F,F,F,?,74
Rotkehlchen,86,2020,2020-04-13,0,0,NA,NA,NA,NA,NA,NA,NA,NA,NA,NA,NA,NA,104
Rotkehlchen,86,2020,2020-05-07,0,0,NA,NA,NA,NA,NA,NA,NA,NA,NA,NA,NA,NA,128
Rotkehlchen,86,2020,2020-05-23,0,0,NA,NA,NA,NA,NA,NA,NA,NA,NA,NA,NA,NA,144
Rotkehlchen,86,2021,2021-03-18,6,0,?,T,T,?,?,?,?,?,?,?,?,?,77
Rotkehlchen,86,2021,2021-04-08,2,0,?,T,?,?,?,?,?,?,?,?,?,?,98
Rotkehlchen,86,2021,2021-05-02,0,0,NA,NA,NA,NA,NA,NA,NA,NA,NA,NA,NA,NA,122
Rotkehlchen,86,2021,2021-05-25,0,0,NA,NA,NA,NA,NA,NA,NA,NA,NA,NA,NA,NA,145
Rotkehlchen,86,2022,2022-03-21,1,0,F,T,F,F,F,F,F,F,F,F,F,?,80
Rotkehlchen,86,2022,2022-04-25,0,0,NA,NA,NA,NA,NA,NA,NA,NA,NA,NA,NA,NA,115
Rotkehlchen,86,2022,2022-05-09,0,0,NA,NA,NA,NA,NA,NA,NA,NA,NA,NA,NA,NA,129
Rotkehlchen,86,2022,2022-06-13,0,0,NA,NA,NA,NA,NA,NA,NA,NA,NA,NA,NA,NA,164
Rotkehlchen,86,2023,2023-04-21,0,0,NA,NA,NA,NA,NA,NA,NA,NA,NA,NA,NA,NA,111
Rotkehlchen,86,2023,2023-06-12,0,0,NA,NA,NA,NA,NA,NA,NA,NA,NA,NA,NA,NA,163
Rotkehlchen,86,2023,2023-03-24,1,0,F,T,F,F,F,F,F,F,F,F,F,?,83
Rotkehlchen,86,2023,2023-05-17,0,0,NA,NA,NA,NA,NA,NA,NA,NA,NA,NA,NA,NA,137
Rotkehlchen,87,2020,2020-03-14,21,0,F,T,T,F,F,F,F,F,F,F,F,?,74
Rotkehlchen,87,2020,2020-04-26,12,0,F,T,T,T,F,F,F,F,F,F,F,?,117
Rotkehlchen,87,2020,2020-05-10,8,0,F,T,F,F,F,F,F,F,F,F,F,?,131
Rotkehlchen,87,2020,2020-06-01,9,0,F,T,T,F,F,F,F,F,F,F,F,?,153
Rotkehlchen,87,2021,2021-03-12,11,0,?,T,?,?,?,?,?,?,?,?,?,?,71
Rotkehlchen,87,2021,2021-04-08,9,0,T,T,?,?,?,?,?,?,?,?,?,?,98
Rotkehlchen,87,2021,2021-05-08,6,0,?,T,?,?,?,?,?,?,?,?,?,?,128
Rotkehlchen,87,2021,2021-06-14,8,0,?,T,T,?,?,?,?,?,?,?,?,?,165
Rotkehlchen,87,2022,2022-03-27,18,0,T,T,F,F,F,F,F,F,F,F,F,?,86
Rotkehlchen,87,2022,2022-04-20,16,0,F,T,F,F,F,F,F,F,F,F,F,?,110
Rotkehlchen,87,2022,2022-05-08,14,0,F,T,F,F,F,F,F,F,F,F,F,?,128
Rotkehlchen,87,2022,2022-06-04,11,0,F,T,F,F,F,F,F,F,F,F,F,?,155
Rotkehlchen,87,2023,2023-03-20,16,0,F,T,F,F,?,F,F,F,F,F,F,?,79
Rotkehlchen,87,2023,2023-04-22,4,0,F,T,F,F,?,F,F,F,F,F,F,?,112
Rotkehlchen,87,2023,2023-05-13,5,0,F,T,F,F,?,F,F,F,F,F,F,?,133
Rotkehlchen,87,2023,2023-06-04,7,7,T,T,F,F,?,F,F,F,F,F,F,?,155
Rotkehlchen,88,2018,2018-03-30,3,0,T,F,T,F,?,T,F,F,F,F,F,?,89
Rotkehlchen,88,2018,2018-04-12,2,0,F,F,T,F,?,F,F,F,F,F,F,?,102
Rotkehlchen,88,2018,2018-05-18,1,0,F,T,F,F,?,F,F,F,F,F,F,?,138
Rotkehlchen,88,2018,2018-06-13,0,0,NA,NA,NA,NA,NA,NA,NA,NA,NA,NA,NA,NA,164
Rotkehlchen,89,2018,2018-03-25,18,0,T,T,F,F,?,T,F,F,F,F,F,?,84
Rotkehlchen,89,2018,2018-04-21,5,0,F,T,F,F,?,F,F,F,F,F,F,?,111
Rotkehlchen,89,2018,2018-05-12,4,0,F,T,F,F,?,F,F,F,F,F,F,?,132
Rotkehlchen,89,2018,2018-06-20,4,0,F,T,F,T,?,F,F,F,F,F,F,?,171
Rotkehlchen,89,2020,2020-03-20,23,0,F,T,F,F,?,F,F,F,F,F,F,?,80
Rotkehlchen,89,2020,2020-04-18,17,0,F,T,F,F,?,F,F,F,F,F,F,?,109
Rotkehlchen,89,2020,2020-05-06,5,0,F,T,F,F,?,F,F,F,F,F,F,?,127
Rotkehlchen,89,2020,2020-06-19,5,0,F,T,F,F,?,F,F,F,F,F,F,?,171
Rotkehlchen,89,2021,2021-03-28,37,0,?,T,?,?,?,?,?,?,?,?,?,?,87
Rotkehlchen,89,2021,2021-04-28,18,0,?,T,T,?,?,?,?,?,?,?,?,?,118
Rotkehlchen,89,2021,2021-05-15,8,0,?,T,?,?,?,T,?,?,?,?,?,?,135
Rotkehlchen,89,2021,2021-06-20,10,0,?,T,T,?,?,?,?,?,?,?,?,?,171
Rotkehlchen,90,2020,2020-03-17,42,0,F,T,T,F,F,F,F,F,F,F,F,?,77
Rotkehlchen,90,2020,2020-04-19,40,0,F,T,T,F,F,F,F,F,F,F,F,?,110
Rotkehlchen,90,2020,2020-05-06,17,0,F,T,F,F,F,F,F,F,F,F,F,?,127
Rotkehlchen,90,2020,2020-05-21,21,0,F,T,F,F,F,F,F,F,F,F,F,?,142
Rotkehlchen,90,2021,2021-03-19,28,0,?,T,T,?,?,?,?,?,?,?,?,?,78
Rotkehlchen,90,2021,2021-04-13,18,0,?,T,T,?,?,?,?,?,?,?,?,?,103
Rotkehlchen,90,2021,2021-05-01,10,0,?,T,?,?,?,?,?,?,?,?,?,?,121
Rotkehlchen,90,2021,2021-06-05,16,0,?,T,T,?,?,?,?,?,?,?,?,?,156
Rotkehlchen,90,2022,2022-03-21,30,0,F,T,T,F,F,F,F,F,F,F,F,?,80
Rotkehlchen,90,2022,2022-04-25,11,0,F,T,F,F,F,F,F,F,F,F,F,?,115
Rotkehlchen,90,2022,2022-05-09,8,0,F,T,F,F,F,F,F,F,F,F,F,?,129
Rotkehlchen,90,2022,2022-06-13,8,0,F,T,T,F,F,F,F,F,F,F,F,?,164
Rotkehlchen,90,2023,2023-03-22,21,0,F,T,F,F,F,F,F,F,F,F,F,?,81
Rotkehlchen,90,2023,2023-04-11,22,0,F,T,T,F,F,F,F,F,F,F,F,?,101
Rotkehlchen,90,2023,2023-05-17,16,0,F,T,T,F,F,F,F,F,F,F,F,?,137
Rotkehlchen,90,2023,2023-06-12,15,0,F,T,T,F,F,F,F,F,F,F,F,?,163
Rotkehlchen,91,2018,2018-03-11,3,0,F,T,F,F,?,F,F,F,F,F,F,?,70
Rotkehlchen,91,2018,2018-04-15,0,0,NA,NA,NA,NA,NA,NA,NA,NA,NA,NA,NA,NA,105
Rotkehlchen,91,2018,2018-05-11,4,0,F,F,F,F,?,F,F,F,F,F,F,?,131
Rotkehlchen,91,2018,2018-06-02,7,0,F,F,F,F,?,F,F,F,F,T,F,?,153
Rotkehlchen,91,2020,2020-03-24,3,0,F,T,F,F,?,F,F,F,F,F,F,?,84
Rotkehlchen,91,2020,2020-04-20,4,4,T,T,F,F,?,F,F,F,F,F,F,?,111
Rotkehlchen,91,2020,2020-05-10,4,0,F,T,F,F,?,F,F,F,F,F,F,?,131
Rotkehlchen,91,2020,2020-06-14,8,0,F,T,F,F,?,F,F,F,F,F,F,?,166
Rotkehlchen,91,2021,2021-03-30,12,0,F,T,?,T,?,?,F,?,?,?,?,?,89
Rotkehlchen,91,2021,2021-04-25,7,0,F,T,?,?,?,T,F,?,?,?,?,?,115
Rotkehlchen,91,2021,2021-05-14,4,0,F,T,?,?,?,?,F,?,T,?,?,?,134
Rotkehlchen,91,2021,2021-06-13,3,0,F,T,?,?,?,?,F,?,?,?,?,?,164
Rotkehlchen,92,2020,2020-03-20,16,0,F,T,F,T,?,F,F,F,F,F,F,?,80
Rotkehlchen,92,2020,2020-04-26,0,0,NA,NA,NA,NA,NA,NA,NA,NA,NA,NA,NA,NA,117
Rotkehlchen,92,2020,2020-05-20,2,0,F,T,F,F,?,F,F,F,F,F,F,?,141
Rotkehlchen,92,2020,2020-06-18,2,0,F,T,F,F,?,F,F,F,F,F,F,?,170
Rotkehlchen,92,2021,2021-03-22,12,0,F,T,?,T,?,?,F,?,?,?,?,?,81
Rotkehlchen,92,2021,2021-04-17,10,0,F,T,?,?,?,?,F,?,?,?,?,?,107
Rotkehlchen,92,2021,2021-05-15,3,0,F,T,?,?,?,?,F,?,?,?,?,?,135
Rotkehlchen,92,2021,2021-05-31,3,0,F,T,?,?,?,?,F,?,?,?,?,?,151
Rotkehlchen,93,2021,2021-03-25,3,0,F,T,F,F,?,F,F,F,F,F,F,?,84
Rotkehlchen,93,2021,2021-04-23,0,0,NA,NA,NA,NA,NA,NA,NA,NA,NA,NA,NA,NA,113
Rotkehlchen,93,2021,2021-05-10,0,0,NA,NA,NA,NA,NA,NA,NA,NA,NA,NA,NA,NA,130
Rotkehlchen,93,2021,2021-06-11,0,0,NA,NA,NA,NA,NA,NA,NA,NA,NA,NA,NA,NA,162
Rotkehlchen,94,2018,2018-03-11,10,0,F,T,F,F,?,F,F,T,F,F,F,?,70
Rotkehlchen,94,2018,2018-04-11,8,0,F,T,F,F,?,F,F,F,F,F,F,?,101
Rotkehlchen,94,2018,2018-05-06,3,0,F,T,F,F,?,F,F,F,F,F,F,?,126
Rotkehlchen,94,2018,2018-05-27,8,0,F,T,F,F,?,F,F,F,F,F,F,?,147
Rotkehlchen,94,2020,2020-03-28,20,0,F,T,F,F,?,F,F,F,F,F,F,?,88
Rotkehlchen,94,2020,2020-04-19,13,0,F,T,F,F,?,F,F,F,F,F,F,?,110
Rotkehlchen,94,2020,2020-05-10,5,0,F,T,F,F,?,F,F,F,F,F,F,?,131
Rotkehlchen,94,2020,2020-06-07,14,0,F,T,F,F,?,F,F,F,F,F,F,?,159
Rotkehlchen,94,2021,2021-03-21,13,0,F,T,?,T,?,?,F,?,?,?,?,?,80
Rotkehlchen,94,2021,2021-04-18,13,0,F,T,?,?,?,?,F,?,?,?,?,?,108
Rotkehlchen,94,2021,2021-05-09,9,0,F,T,?,T,?,?,F,?,?,?,?,?,129
Rotkehlchen,94,2021,2021-06-13,10,0,F,T,?,?,?,?,F,?,?,?,?,?,164
Rotkehlchen,95,2018,2018-03-11,7,0,?,T,F,T,?,F,F,F,F,F,F,?,70
Rotkehlchen,95,2018,2018-04-09,26,0,?,T,T,F,?,F,F,F,F,F,F,?,99
Rotkehlchen,95,2018,2018-05-04,22,0,?,T,F,T,?,F,F,F,F,F,F,?,124
Rotkehlchen,95,2018,2018-05-28,23,0,?,T,T,T,?,F,F,F,F,F,F,?,148
Rotkehlchen,95,2020,2020-03-17,19,0,F,T,F,F,?,F,F,F,F,F,F,?,77
Rotkehlchen,95,2020,2020-04-10,27,0,F,T,F,F,?,F,F,F,F,F,F,?,101
Rotkehlchen,95,2020,2020-05-17,20,0,F,T,F,T,?,F,F,F,F,F,F,?,138
Rotkehlchen,95,2020,2020-05-29,37,0,F,T,F,T,?,F,F,F,F,F,F,?,150
Rotkehlchen,97,2018,2018-03-24,3,0,F,T,F,F,?,F,F,F,F,F,F,?,83
Rotkehlchen,97,2018,2018-04-17,1,0,F,T,F,F,?,F,F,F,F,F,F,?,107
Rotkehlchen,97,2018,2018-05-10,0,0,NA,NA,NA,NA,NA,NA,NA,NA,NA,NA,NA,NA,130
Rotkehlchen,97,2018,2018-06-10,0,0,NA,NA,NA,NA,NA,NA,NA,NA,NA,NA,NA,NA,161
Rotkehlchen,97,2020,2020-03-20,7,0,F,T,F,F,?,F,F,F,F,F,F,?,80
Rotkehlchen,97,2020,2020-04-17,3,0,F,T,F,F,?,F,F,F,F,F,F,?,108
Rotkehlchen,97,2020,2020-05-11,0,0,NA,NA,NA,NA,NA,NA,NA,NA,NA,NA,NA,NA,132
Rotkehlchen,97,2020,2020-06-12,0,0,NA,NA,NA,NA,NA,NA,NA,NA,NA,NA,NA,NA,164
Rotkehlchen,97,2021,2021-03-29,2,0,F,T,F,F,?,F,F,F,F,F,F,?,88
Rotkehlchen,97,2021,2021-04-20,1,0,F,T,F,F,?,F,F,F,F,F,F,?,110
Rotkehlchen,97,2021,2021-05-14,1,0,F,T,F,F,?,F,F,F,F,F,F,?,134
Rotkehlchen,97,2021,2021-06-11,0,0,NA,NA,NA,NA,NA,NA,NA,NA,NA,NA,NA,NA,162
Rotkehlchen,98,2020,2020-03-15,2,0,F,T,F,F,F,F,F,F,F,F,F,?,75
Rotkehlchen,98,2020,2020-04-22,0,0,NA,NA,NA,NA,NA,NA,NA,NA,NA,NA,NA,NA,113
Rotkehlchen,98,2020,2020-05-20,0,0,NA,NA,NA,NA,NA,NA,NA,NA,NA,NA,NA,NA,141
Rotkehlchen,98,2020,2020-06-17,0,0,NA,NA,NA,NA,NA,NA,NA,NA,NA,NA,NA,NA,169
Rotkehlchen,98,2021,2021-03-20,1,1,T,?,?,?,?,?,?,?,?,?,?,?,79
Rotkehlchen,98,2021,2021-04-09,1,1,T,?,?,?,?,?,?,?,?,?,?,?,99
Rotkehlchen,98,2021,2021-05-03,0,0,NA,NA,NA,NA,NA,NA,NA,NA,NA,NA,NA,NA,123
Rotkehlchen,98,2021,2021-06-13,0,0,NA,NA,NA,NA,NA,NA,NA,NA,NA,NA,NA,NA,164
Rotkehlchen,98,2022,2022-03-23,3,0,T,T,T,F,F,F,F,F,F,F,F,?,82
Rotkehlchen,98,2022,2022-04-13,0,0,NA,NA,NA,NA,NA,NA,NA,NA,NA,NA,NA,NA,103
Rotkehlchen,98,2022,2022-05-04,0,0,NA,NA,NA,NA,NA,NA,NA,NA,NA,NA,NA,NA,124
Rotkehlchen,98,2022,2022-05-26,0,0,NA,NA,NA,NA,NA,NA,NA,NA,NA,NA,NA,NA,146
Rotkehlchen,99,2019,2019-03-26,9,0,F,T,F,F,?,F,F,F,F,F,F,?,85
Rotkehlchen,99,2019,2019-04-23,3,0,F,T,F,F,?,F,F,F,F,F,F,?,113
Rotkehlchen,99,2019,2019-05-07,2,0,F,T,F,F,?,F,F,F,F,F,F,?,127
Rotkehlchen,99,2019,2019-06-13,0,0,NA,NA,NA,NA,NA,NA,NA,NA,NA,NA,NA,NA,164
Rotkehlchen,99,2020,2020-03-27,7,0,F,T,F,F,F,F,F,F,F,F,F,?,87
Rotkehlchen,99,2020,2020-04-24,2,0,F,T,F,F,F,F,F,F,F,F,F,?,115
Rotkehlchen,99,2020,2020-05-14,3,0,F,T,F,F,F,F,F,F,F,F,F,?,135
Rotkehlchen,99,2020,2020-06-02,3,0,F,T,F,F,F,F,F,F,F,F,F,?,154
Rotkehlchen,99,2021,2021-03-18,9,0,F,T,T,T,F,F,F,F,F,F,F,?,77
Rotkehlchen,99,2021,2021-04-21,1,0,F,T,F,F,F,F,F,F,F,F,F,?,111
Rotkehlchen,99,2021,2021-05-19,2,0,F,T,F,F,F,F,F,F,F,F,F,?,139
Rotkehlchen,99,2021,2021-06-08,5,0,F,T,F,F,F,F,F,F,F,F,F,?,159
Rotkehlchen,99,2022,2022-03-16,7,0,F,T,F,T,F,F,F,F,F,F,F,?,75
Rotkehlchen,99,2022,2022-04-20,6,0,F,T,F,F,F,F,F,F,F,F,F,?,110
Rotkehlchen,99,2022,2022-05-12,4,0,F,T,F,F,F,F,F,F,F,F,F,?,132
Rotkehlchen,99,2022,2022-06-17,4,0,F,T,F,T,F,F,F,F,F,F,F,?,168
Rotkehlchen,99,2023,2023-03-15,17,0,F,T,T,F,F,F,F,F,F,F,F,?,74
Rotkehlchen,99,2023,2023-04-19,1,0,F,F,T,F,F,F,F,F,F,F,F,?,109
Rotkehlchen,99,2023,2023-05-10,3,0,F,T,T,F,F,F,F,F,F,F,F,?,130
Rotkehlchen,99,2023,2023-06-07,2,0,F,T,T,F,F,F,F,F,F,F,F,?,158
Rotkehlchen,100,2018,2018-03-28,4,0,F,F,F,F,?,F,F,F,F,F,F,?,87
Rotkehlchen,100,2018,2018-04-24,1,0,F,T,F,F,?,F,F,F,F,F,F,?,114
Rotkehlchen,100,2018,2018-05-14,0,0,NA,NA,NA,NA,NA,NA,NA,NA,NA,NA,NA,NA,134
Rotkehlchen,100,2018,2018-06-05,4,0,F,F,F,F,?,F,F,F,F,F,F,?,156
Rotkehlchen,100,2020,2020-03-19,2,0,F,F,F,F,?,F,F,F,F,F,F,?,79
Rotkehlchen,100,2020,2020-04-15,4,0,F,T,F,F,?,F,F,F,F,F,F,?,106
Rotkehlchen,100,2020,2020-05-15,4,0,F,F,F,F,?,F,F,F,F,F,F,?,136
Rotkehlchen,100,2020,2020-06-12,3,0,F,F,F,F,?,F,F,F,F,F,F,?,164
Rotkehlchen,100,2021,2021-03-29,7,0,F,F,F,F,?,F,F,F,F,F,F,?,88
Rotkehlchen,100,2021,2021-04-28,0,0,NA,NA,NA,NA,NA,NA,NA,NA,NA,NA,NA,NA,118
Rotkehlchen,100,2021,2021-05-16,4,0,F,F,F,F,?,F,F,F,F,F,F,?,136
Rotkehlchen,100,2021,2021-06-16,4,0,F,F,F,F,?,F,F,F,F,F,F,?,167
Rotkehlchen,101,2018,2018-04-01,1,0,F,T,F,F,?,F,F,F,F,F,F,?,91
Rotkehlchen,101,2018,2018-04-23,0,0,NA,NA,NA,NA,NA,NA,NA,NA,NA,NA,NA,NA,113
Rotkehlchen,101,2018,2018-05-30,0,0,NA,NA,NA,NA,NA,NA,NA,NA,NA,NA,NA,NA,150
Rotkehlchen,101,2018,2018-06-29,0,0,NA,NA,NA,NA,NA,NA,NA,NA,NA,NA,NA,NA,180
Rotkehlchen,101,2021,2021-03-29,3,0,F,T,F,F,?,F,F,F,F,F,F,?,88
Rotkehlchen,101,2021,2021-04-17,2,0,F,F,F,F,?,F,F,F,F,F,F,?,107
Rotkehlchen,101,2021,2021-05-15,1,0,F,T,F,F,?,F,F,F,F,F,F,?,135
Rotkehlchen,101,2021,2021-06-20,0,0,NA,NA,NA,NA,NA,NA,NA,NA,NA,NA,NA,NA,171
Rotkehlchen,102,2019,2019-03-19,9,0,F,T,F,F,?,F,F,F,F,F,F,?,78
Rotkehlchen,102,2019,2019-04-19,2,0,F,T,F,F,?,F,F,F,F,F,F,?,109
Rotkehlchen,102,2019,2019-05-14,2,0,F,T,F,F,?,F,F,F,F,F,F,?,134
Rotkehlchen,102,2019,2019-05-28,0,0,NA,NA,NA,NA,NA,NA,NA,NA,NA,NA,NA,NA,148
Rotkehlchen,102,2020,2020-03-19,6,0,F,T,F,F,F,F,F,F,F,F,F,?,79
Rotkehlchen,102,2020,2020-04-16,3,0,F,T,F,T,F,F,F,F,F,F,F,?,107
Rotkehlchen,102,2020,2020-05-07,0,0,NA,NA,NA,NA,NA,NA,NA,NA,NA,NA,NA,NA,128
Rotkehlchen,102,2020,2020-06-17,3,0,F,T,F,F,F,F,F,F,F,F,F,?,169
Rotkehlchen,102,2021,2021-03-23,7,0,F,T,F,F,F,F,F,F,F,F,F,?,82
Rotkehlchen,102,2021,2021-04-20,9,0,F,T,F,T,F,F,F,F,F,F,F,?,110
Rotkehlchen,102,2021,2021-05-14,5,0,F,T,F,F,F,F,F,F,F,F,F,?,134
Rotkehlchen,102,2021,2021-06-11,3,0,F,T,F,F,F,F,F,F,F,F,F,?,162
Rotkehlchen,102,2022,2022-03-21,13,0,F,T,F,T,T,F,F,F,F,F,F,?,80
Rotkehlchen,102,2022,2022-04-22,3,0,F,T,F,F,F,F,F,F,F,F,F,?,112
Rotkehlchen,102,2022,2022-05-13,3,0,F,T,F,F,F,F,F,F,F,F,F,?,133
Rotkehlchen,102,2022,2022-06-10,2,0,F,T,F,F,F,F,F,F,F,F,F,?,161
Rotkehlchen,103,2018,2018-03-30,11,0,F,T,F,F,?,F,F,F,F,F,F,?,89
Rotkehlchen,103,2018,2018-04-14,3,0,F,T,F,F,?,F,F,F,F,F,F,?,104
Rotkehlchen,103,2018,2018-05-11,0,0,NA,NA,NA,NA,NA,NA,NA,NA,NA,NA,NA,NA,131
Rotkehlchen,103,2018,2018-06-16,1,0,F,T,F,F,?,F,F,F,F,F,F,?,167
Rotkehlchen,103,2020,2020-03-16,9,0,F,T,F,F,?,F,F,F,F,F,F,?,76
Rotkehlchen,103,2020,2020-04-12,4,0,F,T,F,F,?,F,F,F,F,F,F,?,103
Rotkehlchen,103,2020,2020-05-18,0,0,NA,NA,NA,NA,NA,NA,NA,NA,NA,NA,NA,NA,139
Rotkehlchen,103,2020,2020-06-18,0,0,NA,NA,NA,NA,NA,NA,NA,NA,NA,NA,NA,NA,170
Rotkehlchen,103,2021,2021-03-28,10,0,?,T,?,?,?,?,?,?,?,?,?,?,87
Rotkehlchen,103,2021,2021-04-25,7,0,?,T,?,?,?,?,?,?,?,?,?,?,115
Rotkehlchen,103,2021,2021-05-13,3,0,?,T,?,?,?,?,?,?,?,?,?,?,133
Rotkehlchen,103,2021,2021-06-11,2,0,?,T,?,?,?,?,?,?,?,?,?,?,162
Rotkehlchen,104,2018,2018-03-15,4,0,F,T,T,F,?,F,F,F,F,F,F,?,74
Rotkehlchen,104,2018,2018-04-17,0,0,NA,NA,NA,NA,NA,NA,NA,NA,NA,NA,NA,NA,107
Rotkehlchen,104,2018,2018-05-08,0,0,NA,NA,NA,NA,NA,NA,NA,NA,NA,NA,NA,NA,128
Rotkehlchen,104,2018,2018-05-31,0,0,NA,NA,NA,NA,NA,NA,NA,NA,NA,NA,NA,NA,151
Rotkehlchen,104,2020,2020-03-18,4,0,F,F,T,F,?,F,F,F,F,F,F,?,78
Rotkehlchen,104,2020,2020-04-17,1,0,F,F,T,F,?,F,F,F,F,F,F,?,108
Rotkehlchen,104,2020,2020-05-19,0,0,NA,NA,NA,NA,NA,NA,NA,NA,NA,NA,NA,NA,140
Rotkehlchen,104,2020,2020-06-12,1,0,F,F,T,F,?,F,F,F,F,F,F,?,164
Rotkehlchen,104,2021,2021-03-24,3,0,F,F,T,F,?,F,F,F,F,F,F,?,83
Rotkehlchen,104,2021,2021-04-23,0,0,NA,NA,NA,NA,NA,NA,NA,NA,NA,NA,NA,NA,113
Rotkehlchen,104,2021,2021-05-19,0,0,NA,NA,NA,NA,NA,NA,NA,NA,NA,NA,NA,NA,139
Rotkehlchen,104,2021,2021-06-15,1,0,F,F,T,F,?,F,F,F,F,F,F,?,166
Rotkehlchen,105,2020,2020-03-16,12,0,F,T,T,F,F,F,F,F,F,F,F,?,76
Rotkehlchen,105,2020,2020-04-11,3,0,F,T,F,F,F,F,F,F,F,F,F,?,102
Rotkehlchen,105,2020,2020-05-02,0,0,NA,NA,NA,NA,NA,NA,NA,NA,NA,NA,NA,NA,123
Rotkehlchen,105,2020,2020-05-31,0,0,NA,NA,NA,NA,NA,NA,NA,NA,NA,NA,NA,NA,152
Rotkehlchen,105,2021,2021-03-22,10,0,T,T,?,?,?,?,?,?,?,?,?,?,81
Rotkehlchen,105,2021,2021-04-15,3,0,?,T,?,?,?,?,?,?,?,?,?,?,105
Rotkehlchen,105,2021,2021-05-09,2,0,?,T,?,?,?,?,?,?,?,?,?,?,129
Rotkehlchen,105,2021,2021-06-16,2,0,?,T,?,?,?,?,?,?,?,?,?,?,167
Rotkehlchen,105,2022,2022-03-26,6,0,F,T,T,F,F,F,F,F,F,F,F,?,85
Rotkehlchen,105,2022,2022-04-21,4,0,F,T,F,F,F,F,F,F,F,F,F,?,111
Rotkehlchen,105,2022,2022-05-11,1,0,F,T,F,F,F,F,F,F,F,F,F,?,131
Rotkehlchen,105,2022,2022-06-11,0,0,NA,NA,NA,NA,NA,NA,NA,NA,NA,NA,NA,NA,162
Rotkehlchen,105,2023,2023-03-25,4,0,F,T,F,F,?,F,F,F,F,F,F,?,84
Rotkehlchen,105,2023,2023-04-15,2,0,F,T,F,F,?,F,F,F,F,F,F,?,105
Rotkehlchen,105,2023,2023-05-12,3,0,T,T,F,F,?,F,F,F,F,F,F,?,132
Rotkehlchen,105,2023,2023-06-12,0,0,NA,NA,NA,NA,NA,NA,NA,NA,NA,NA,NA,NA,163
Rotkehlchen,106,2018,2018-03-29,7,0,F,T,F,F,?,F,F,F,F,F,F,?,88
Rotkehlchen,106,2018,2018-04-19,3,0,F,T,F,F,?,F,F,F,F,F,F,?,109
Rotkehlchen,106,2018,2018-05-20,4,0,F,T,F,T,?,F,F,F,F,F,F,?,140
Rotkehlchen,106,2018,2018-06-14,4,0,F,T,F,T,?,F,F,F,F,F,F,?,165
Rotkehlchen,106,2021,2021-03-28,32,0,F,T,?,T,?,?,F,?,?,?,?,?,87
Rotkehlchen,106,2021,2021-04-26,15,0,F,T,?,?,?,T,F,?,?,?,T,?,116
Rotkehlchen,106,2021,2021-05-19,8,0,F,T,?,?,?,?,F,?,?,?,?,?,139
Rotkehlchen,106,2021,2021-06-14,7,0,F,T,?,?,?,?,F,?,?,?,?,?,165
Rotkehlchen,107,2020,2020-03-22,25,0,F,T,T,F,?,F,T,F,F,F,F,?,82
Rotkehlchen,107,2020,2020-04-19,12,0,F,T,F,F,?,F,F,F,F,F,F,?,110
Rotkehlchen,107,2020,2020-06-11,8,0,F,T,F,F,?,F,F,F,F,F,F,?,163
Rotkehlchen,107,2021,2021-06-13,55,0,F,T,T,F,?,F,?,F,F,F,F,?,164
Rotkehlchen,109,2019,2019-03-18,1,0,F,F,F,F,?,F,F,F,F,F,F,?,77
Rotkehlchen,109,2019,2019-04-12,1,0,F,T,F,F,?,F,F,F,F,F,F,?,102
Rotkehlchen,109,2019,2019-05-02,0,0,NA,NA,NA,NA,NA,NA,NA,NA,NA,NA,NA,NA,122
Rotkehlchen,109,2019,2019-05-24,0,0,NA,NA,NA,NA,NA,NA,NA,NA,NA,NA,NA,NA,144
Rotkehlchen,109,2020,2020-03-18,3,0,F,T,F,F,F,F,F,F,F,F,F,?,78
Rotkehlchen,109,2020,2020-04-15,1,0,F,T,F,F,F,F,F,F,F,F,F,?,106
Rotkehlchen,109,2020,2020-05-05,1,0,F,T,F,F,F,F,F,F,F,F,F,?,126
Rotkehlchen,109,2020,2020-06-03,0,0,NA,NA,NA,NA,NA,NA,NA,NA,NA,NA,NA,NA,155
Rotkehlchen,109,2021,2021-03-22,2,0,F,T,F,F,F,F,F,F,F,F,F,?,81
Rotkehlchen,109,2021,2021-04-14,1,0,F,T,F,F,F,F,F,F,F,F,F,?,104
Rotkehlchen,109,2021,2021-05-11,0,0,NA,NA,NA,NA,NA,NA,NA,NA,NA,NA,NA,NA,131
Rotkehlchen,109,2021,2021-06-09,1,0,F,T,F,F,F,F,F,F,F,F,F,?,160
Rotkehlchen,109,2022,2022-03-15,7,0,F,T,F,T,F,F,F,F,F,F,F,?,74
Rotkehlchen,109,2022,2022-04-12,2,0,F,T,F,F,F,F,F,F,F,F,F,?,102
Rotkehlchen,109,2022,2022-05-02,0,0,NA,NA,NA,NA,NA,NA,NA,NA,NA,NA,NA,NA,122
Rotkehlchen,109,2022,2022-06-08,1,0,F,F,F,T,F,F,F,F,F,F,F,?,159
Rotkehlchen,110,2020,2020-03-19,4,0,F,T,F,F,?,F,F,F,F,F,F,?,79
Rotkehlchen,110,2020,2020-04-18,2,0,F,T,F,F,?,F,F,F,F,F,F,?,109
Rotkehlchen,110,2020,2020-05-18,2,0,F,T,F,F,?,F,F,F,F,F,F,?,139
Rotkehlchen,110,2020,2020-06-18,0,0,NA,NA,NA,NA,NA,NA,NA,NA,NA,NA,NA,NA,170
Rotkehlchen,111,2018,2018-03-25,5,0,F,T,F,F,?,F,F,F,F,F,F,?,84
Rotkehlchen,111,2018,2018-04-07,1,0,F,F,F,F,?,F,F,F,F,F,F,?,97
Rotkehlchen,111,2018,2018-05-09,1,0,F,F,F,F,?,F,F,F,F,F,F,?,129
Rotkehlchen,111,2018,2018-06-03,1,0,F,F,F,F,?,F,F,F,F,F,F,?,154
Rotkehlchen,111,2020,2020-03-16,1,0,F,F,F,F,?,F,F,F,F,F,F,?,76
Rotkehlchen,111,2020,2020-04-11,0,0,NA,NA,NA,NA,NA,NA,NA,NA,NA,NA,NA,NA,102
Rotkehlchen,111,2020,2020-05-08,0,0,NA,NA,NA,NA,NA,NA,NA,NA,NA,NA,NA,NA,129
Rotkehlchen,111,2020,2020-05-31,0,0,NA,NA,NA,NA,NA,NA,NA,NA,NA,NA,NA,NA,152
Rotkehlchen,111,2021,2021-03-26,3,0,F,F,F,F,?,F,?,F,F,F,F,?,85
Rotkehlchen,111,2021,2021-04-11,2,0,F,T,F,F,?,F,?,F,F,F,F,?,101
Rotkehlchen,111,2021,2021-05-14,0,0,NA,NA,NA,NA,NA,NA,NA,NA,NA,NA,NA,NA,134
Rotkehlchen,111,2021,2021-05-29,1,0,F,F,F,F,?,F,?,F,F,F,F,?,149
Rotkehlchen,114,2018,2018-03-22,2,0,F,F,T,F,?,F,F,F,F,F,F,?,81
Rotkehlchen,114,2018,2018-04-18,2,0,F,F,F,F,?,F,F,F,F,F,F,?,108
Rotkehlchen,114,2018,2018-05-18,3,0,F,T,T,F,?,F,F,F,F,F,F,?,138
Rotkehlchen,114,2018,2018-06-16,2,0,F,T,F,F,?,F,F,F,F,F,F,?,167
Rotkehlchen,114,2020,2020-03-19,7,0,F,T,T,F,?,F,F,F,F,F,F,?,79
Rotkehlchen,114,2020,2020-04-13,3,0,F,T,F,F,?,F,F,F,F,F,F,?,104
Rotkehlchen,114,2020,2020-05-06,1,0,F,T,F,F,?,F,F,F,F,F,F,?,127
Rotkehlchen,114,2020,2020-05-26,3,0,F,T,F,F,?,F,F,F,F,F,F,?,147
Rotkehlchen,115,2018,2018-03-25,28,0,F,T,T,F,?,F,F,F,F,F,F,?,84
Rotkehlchen,115,2018,2018-04-08,18,0,F,T,T,F,?,T,F,F,F,F,F,?,98
Rotkehlchen,115,2018,2018-05-12,6,0,F,T,F,F,?,F,F,F,F,F,F,?,132
Rotkehlchen,115,2018,2018-05-27,16,0,F,T,T,F,?,F,F,F,F,F,F,?,147
Rotkehlchen,115,2020,2020-03-15,23,0,F,T,T,F,?,F,F,F,F,F,F,?,75
Rotkehlchen,115,2020,2020-04-19,14,0,F,T,F,F,?,F,F,F,F,F,F,?,110
Rotkehlchen,115,2020,2020-05-10,5,0,F,T,F,F,?,F,F,F,F,F,F,?,131
Rotkehlchen,115,2020,2020-06-13,9,0,F,T,T,T,?,F,F,F,F,F,F,?,165
Rotkehlchen,115,2021,2021-03-21,6,0,F,T,?,?,?,?,F,?,?,?,?,?,80
Rotkehlchen,115,2021,2021-04-18,12,0,F,T,?,?,?,?,F,?,?,?,?,?,108
Rotkehlchen,115,2021,2021-05-09,8,0,F,T,?,?,?,?,F,?,?,?,?,?,129
Rotkehlchen,115,2021,2021-05-30,16,0,F,T,?,T,?,?,F,?,?,?,?,?,150
Rotkehlchen,116,2020,2020-03-13,9,0,F,T,F,F,?,F,F,F,F,F,F,?,73
Rotkehlchen,116,2020,2020-04-01,10,0,F,T,F,F,?,F,F,F,F,F,F,?,92
Rotkehlchen,116,2020,2020-05-08,5,0,F,T,F,F,?,F,F,F,F,F,F,?,129
Rotkehlchen,116,2020,2020-05-29,3,0,F,T,F,F,?,F,F,F,F,F,F,?,150
Rotkehlchen,116,2021,2020-03-20,9,0,F,T,F,F,?,F,?,F,F,F,F,?,80
Rotkehlchen,116,2021,2020-04-09,0,0,NA,NA,NA,NA,NA,NA,NA,NA,NA,NA,NA,NA,100
Rotkehlchen,116,2021,2021-04-09,4,0,F,T,F,F,?,F,?,F,F,F,F,?,99
Rotkehlchen,116,2021,2021-05-11,5,0,F,T,F,F,?,F,?,F,F,F,F,?,131
Rotkehlchen,116,2021,2021-05-27,0,0,NA,NA,NA,NA,NA,NA,NA,NA,NA,NA,NA,NA,147
Rotkehlchen,117,2018,2018-04-21,0,0,NA,NA,NA,NA,NA,NA,NA,NA,NA,NA,NA,NA,111
Rotkehlchen,117,2018,2018-06-04,0,0,NA,NA,NA,NA,NA,NA,NA,NA,NA,NA,NA,NA,155
Rotkehlchen,117,2018,2018-03-28,3,0,F,T,T,F,?,F,F,F,F,F,F,?,87
Rotkehlchen,117,2018,2018-05-21,0,0,NA,NA,NA,NA,NA,NA,NA,NA,NA,NA,NA,NA,141
Rotkehlchen,117,2021,2021-03-20,1,0,F,T,?,?,?,?,F,?,?,?,?,?,79
Rotkehlchen,117,2021,2021-04-30,0,0,NA,NA,NA,NA,NA,NA,NA,NA,NA,NA,NA,NA,120
Rotkehlchen,117,2021,2021-05-21,1,0,F,?,?,?,?,?,F,?,?,?,?,?,141
Rotkehlchen,117,2021,2021-06-15,0,0,NA,NA,NA,NA,NA,NA,NA,NA,NA,NA,NA,NA,166
Rotkehlchen,118,2018,2018-03-10,8,0,F,T,T,F,?,F,F,F,F,F,F,?,69
Rotkehlchen,118,2018,2018-04-02,9,0,T,T,F,F,?,F,F,F,F,F,F,?,92
Rotkehlchen,118,2018,2018-05-01,0,0,NA,NA,NA,NA,NA,NA,NA,NA,NA,NA,NA,NA,121
Rotkehlchen,118,2018,2018-05-21,0,0,NA,NA,NA,NA,NA,NA,NA,NA,NA,NA,NA,NA,141
Rotkehlchen,118,2020,2020-03-15,9,0,F,T,F,F,?,F,F,F,F,F,F,?,75
Rotkehlchen,118,2020,2020-04-04,6,6,T,T,T,F,?,F,F,F,F,F,F,?,95
Rotkehlchen,118,2020,2020-05-02,2,0,F,T,F,F,?,F,F,F,F,F,F,?,123
Rotkehlchen,118,2020,2020-06-13,2,0,T,T,F,F,?,F,F,F,F,F,F,?,165
Rotkehlchen,118,2021,2021-06-13,5,0,F,T,T,F,?,F,?,F,F,F,F,?,164
Rotkehlchen,119,2018,2018-03-21,12,0,F,T,T,F,?,F,F,F,F,F,F,?,80
Rotkehlchen,119,2018,2018-04-25,4,0,F,T,F,F,?,F,F,F,F,F,F,?,115
Rotkehlchen,119,2018,2018-05-12,4,0,F,T,F,F,?,F,F,F,F,F,F,?,132
Rotkehlchen,119,2018,2018-06-17,3,0,F,T,T,F,?,F,F,F,F,F,F,?,168
Rotkehlchen,119,2021,2021-03-28,16,0,F,T,T,F,?,F,F,F,F,F,F,?,87
Rotkehlchen,119,2021,2021-04-24,0,0,NA,NA,NA,NA,NA,NA,NA,NA,NA,NA,NA,NA,114
Rotkehlchen,119,2021,2021-05-15,0,0,NA,NA,NA,NA,NA,NA,NA,NA,NA,NA,NA,NA,135
Rotkehlchen,119,2021,2021-06-14,5,0,F,T,F,F,?,F,F,F,F,F,F,?,165
Rotkehlchen,120,2018,2018-03-17,4,0,F,T,F,F,?,F,F,F,F,F,F,?,76
Rotkehlchen,120,2018,2018-04-15,6,0,F,T,T,F,?,F,F,F,F,F,F,?,105
Rotkehlchen,120,2018,2018-05-05,6,0,F,T,F,F,?,F,F,F,F,F,F,?,125
Rotkehlchen,120,2018,2018-06-10,8,0,F,T,T,F,?,F,F,F,F,F,F,?,161
Rotkehlchen,120,2020,2020-03-15,6,0,F,T,T,F,?,F,F,F,F,F,F,?,75
Rotkehlchen,120,2020,2020-04-18,9,0,F,T,T,T,?,F,F,F,F,F,F,?,109
Rotkehlchen,120,2020,2020-05-17,14,0,F,T,F,F,?,F,F,F,F,F,T,?,138
Rotkehlchen,120,2020,2020-06-14,10,0,F,T,T,F,?,F,F,F,F,F,F,?,166
Rotkehlchen,120,2021,2021-03-28,13,0,F,T,T,F,?,F,F,F,F,F,F,?,87
Rotkehlchen,120,2021,2021-04-18,4,0,F,T,F,F,?,F,F,F,F,F,F,?,108
Rotkehlchen,120,2021,2021-05-09,7,0,F,T,F,F,?,F,F,F,F,F,F,?,129
Rotkehlchen,120,2021,2021-05-30,10,0,F,T,T,F,?,F,F,T,F,F,F,?,150
Rotkehlchen,121,2018,2018-03-14,18,0,F,T,T,T,?,F,F,F,F,F,F,?,73
Rotkehlchen,121,2018,2018-04-04,21,0,F,T,T,F,?,F,F,F,F,F,F,?,94
Rotkehlchen,121,2018,2018-05-09,12,0,F,T,T,F,?,F,F,F,F,F,F,?,129
Rotkehlchen,121,2018,2018-05-13,14,0,F,T,T,F,?,T,F,F,F,F,F,?,133
Rotkehlchen,121,2021,2021-03-30,28,0,F,T,F,F,?,F,F,F,F,F,F,?,89
Rotkehlchen,121,2021,2021-04-17,27,0,F,T,T,F,?,F,T,F,F,F,F,?,107
Rotkehlchen,121,2021,2021-05-14,20,0,F,T,F,F,?,F,F,F,F,F,F,?,134
Rotkehlchen,121,2021,2021-06-15,20,0,F,T,T,F,?,F,F,F,F,F,F,?,166
Rotkehlchen,122,2018,2018-03-19,5,0,F,T,T,F,?,F,F,F,F,F,F,?,78
Rotkehlchen,122,2018,2018-04-17,11,0,F,T,T,F,?,F,F,F,F,F,F,?,107
Rotkehlchen,122,2018,2018-05-19,1,0,F,T,F,F,?,F,F,F,F,F,F,?,139
Rotkehlchen,122,2018,2018-06-13,3,0,F,T,F,F,?,F,F,F,F,F,T,?,164
Rotkehlchen,122,2020,2020-03-14,15,0,F,T,F,T,?,F,F,F,F,F,F,?,74
Rotkehlchen,122,2020,2020-04-25,4,0,F,T,F,F,?,F,F,F,F,F,F,?,116
Rotkehlchen,122,2020,2020-05-19,11,0,F,T,F,F,?,F,F,F,F,F,F,?,140
Rotkehlchen,122,2020,2020-06-20,3,0,F,T,F,F,?,F,F,F,F,F,F,?,172
Rotkehlchen,122,2021,2021-03-21,27,0,F,T,?,?,?,?,F,?,?,?,?,?,80
Rotkehlchen,122,2021,2021-04-18,22,0,F,T,?,?,?,?,F,?,?,?,?,?,108
Rotkehlchen,122,2021,2021-05-13,12,0,F,T,?,?,?,?,F,?,?,?,?,?,133
Rotkehlchen,122,2021,2021-05-30,11,0,F,T,?,?,?,?,F,?,?,?,?,?,150
Rotkehlchen,123,2018,2018-03-21,17,0,F,T,F,F,?,F,F,F,F,F,F,?,80
Rotkehlchen,123,2018,2018-04-18,7,0,F,T,F,F,?,F,F,F,F,F,F,?,108
Rotkehlchen,123,2018,2018-05-09,8,0,F,T,F,F,?,F,F,F,F,F,F,?,129
Rotkehlchen,123,2018,2018-06-06,10,0,F,T,F,F,?,F,F,F,F,F,F,?,157
Rotkehlchen,123,2020,2020-03-18,15,0,F,T,F,F,?,F,F,F,F,F,F,?,78
Rotkehlchen,123,2020,2020-04-19,12,0,F,T,F,F,?,F,F,F,F,F,F,?,110
Rotkehlchen,123,2020,2020-05-08,7,0,F,T,F,F,?,F,F,F,F,F,F,?,129
Rotkehlchen,123,2020,2020-06-08,4,0,F,T,F,F,?,F,F,F,F,F,F,?,160
Rotkehlchen,123,2021,2021-03-24,22,0,F,T,?,T,?,?,F,?,?,?,?,?,83
Rotkehlchen,123,2021,2021-04-18,16,0,F,T,?,?,?,?,F,?,?,?,?,?,108
Rotkehlchen,123,2021,2021-05-09,12,0,F,T,?,T,?,?,F,?,T,?,?,?,129
Rotkehlchen,123,2021,2021-06-05,15,0,F,T,?,?,?,?,F,?,?,?,?,?,156
Rotkehlchen,124,2018,2018-03-25,9,0,F,F,F,F,?,F,F,F,F,F,F,?,84
Rotkehlchen,124,2018,2018-04-22,1,0,F,F,T,F,?,F,F,F,F,F,F,?,112
Rotkehlchen,124,2018,2018-05-11,2,0,F,T,F,F,?,F,F,F,F,F,F,?,131
Rotkehlchen,124,2018,2018-06-02,0,0,NA,NA,NA,NA,NA,NA,NA,NA,NA,NA,NA,NA,153
Rotkehlchen,124,2020,2020-03-22,6,0,F,F,F,F,?,F,F,F,F,F,F,?,82
Rotkehlchen,124,2020,2020-04-05,8,0,F,F,F,F,?,F,F,F,F,F,F,?,96
Rotkehlchen,124,2020,2020-05-09,0,0,NA,NA,NA,NA,NA,NA,NA,NA,NA,NA,NA,NA,130
Rotkehlchen,124,2020,2020-06-13,0,0,NA,NA,NA,NA,NA,NA,NA,NA,NA,NA,NA,NA,165
Rotkehlchen,124,2021,2021-05-29,10,0,F,F,F,F,?,F,?,F,F,F,F,?,149
Rotkehlchen,125,2018,2018-03-24,11,0,?,T,F,F,?,F,F,F,F,F,F,?,83
Rotkehlchen,125,2018,2018-04-30,1,0,?,F,F,F,?,F,F,F,F,F,F,?,120
Rotkehlchen,125,2018,2018-05-20,2,0,?,T,F,F,?,F,F,F,F,F,F,?,140
Rotkehlchen,125,2018,2018-06-25,3,0,?,T,F,F,?,F,F,F,F,F,F,?,176
Rotkehlchen,127,2018,2018-03-12,5,0,?,T,F,F,?,F,F,F,F,F,F,?,71
Rotkehlchen,127,2018,2018-04-03,6,0,?,T,F,F,?,F,F,F,F,F,F,?,93
Rotkehlchen,127,2018,2018-05-07,6,0,?,T,F,F,?,F,F,F,F,F,F,?,127
Rotkehlchen,127,2018,2018-05-31,9,0,?,T,F,F,?,F,F,F,F,F,F,?,151
Rotkehlchen,127,2020,2020-03-19,11,0,F,T,F,F,?,F,F,F,F,F,F,?,79
Rotkehlchen,127,2020,2020-04-08,9,0,F,T,F,T,?,F,F,F,F,F,F,?,99
Rotkehlchen,127,2020,2020-05-19,8,0,F,T,F,T,?,F,F,F,F,F,F,?,140
Rotkehlchen,127,2020,2020-06-03,7,0,F,T,F,F,?,F,F,F,F,F,F,?,155
Rotkehlchen,127,2021,2021-05-03,13,0,F,T,F,T,?,F,F,F,F,F,F,?,123
Rotkehlchen,127,2021,2021-05-27,11,0,?,T,?,T,?,?,?,?,?,?,?,?,147
Rotkehlchen,128,2021,2021-03-29,24,0,F,T,?,?,?,?,F,?,?,?,?,?,88
Rotkehlchen,128,2021,2021-04-24,11,0,F,T,?,?,?,?,F,?,?,?,?,?,114
Rotkehlchen,128,2021,2021-05-15,3,0,F,T,?,?,?,?,F,?,?,?,?,?,135
Rotkehlchen,128,2021,2021-06-15,3,0,F,T,?,?,?,?,F,?,?,?,?,?,166
Rotkehlchen,129,2021,2021-03-24,10,0,?,T,?,?,?,?,?,?,?,?,?,?,83
Rotkehlchen,129,2021,2021-04-18,11,0,?,T,?,?,?,?,?,?,?,?,?,?,108
Rotkehlchen,129,2021,2021-05-08,10,0,?,T,?,?,?,?,?,?,?,?,?,?,128
Rotkehlchen,129,2021,2021-05-28,6,0,?,T,?,?,?,?,?,?,?,?,?,?,148
Rotkehlchen,131,2020,2020-03-24,0,0,NA,NA,NA,NA,NA,NA,NA,NA,NA,NA,NA,NA,84
Rotkehlchen,131,2020,2020-04-12,2,0,F,T,F,F,?,F,F,F,F,F,F,?,103
Rotkehlchen,131,2020,2020-05-08,1,0,F,T,F,F,?,F,F,F,F,F,F,?,129
Rotkehlchen,131,2020,2020-06-17,1,0,F,T,F,F,?,F,F,F,F,F,F,?,169
Rotkehlchen,131,2021,2021-03-24,6,0,F,T,F,F,?,F,?,F,F,F,F,?,83
Rotkehlchen,131,2021,2021-04-25,0,0,NA,NA,NA,NA,NA,NA,NA,NA,NA,NA,NA,NA,115
Rotkehlchen,131,2021,2021-05-09,2,0,F,T,F,F,?,F,?,F,F,F,F,?,129
Rotkehlchen,131,2021,2021-06-13,1,0,F,T,F,F,?,F,?,F,F,F,F,?,164
Rotkehlchen,133,2019,2019-03-23,16,0,?,T,?,?,?,?,?,?,?,?,?,?,82
Rotkehlchen,133,2019,2019-04-11,10,0,?,T,?,?,?,?,?,?,?,?,?,?,101
Rotkehlchen,133,2019,2019-05-16,8,0,?,T,?,?,?,?,?,?,?,?,?,?,136
Rotkehlchen,133,2019,2019-06-10,16,0,?,T,?,?,?,?,?,?,?,?,?,?,161
Rotkehlchen,133,2020,2020-03-15,33,0,F,T,T,T,?,F,F,F,F,F,F,?,75
Rotkehlchen,133,2020,2020-05-09,7,0,F,T,F,F,?,F,F,F,F,F,F,?,130
Rotkehlchen,133,2020,2020-06-01,11,0,F,T,F,F,?,F,F,F,F,F,F,?,153
Rotkehlchen,133,2020,2020-05-04,0,0,NA,NA,NA,NA,NA,NA,NA,NA,NA,NA,NA,NA,125
Rotkehlchen,133,2022,2022-03-13,3,0,F,T,F,F,F,F,F,F,F,F,F,?,72
Rotkehlchen,133,2022,2022-04-03,2,0,F,T,F,F,F,F,F,F,F,F,F,?,93
Rotkehlchen,133,2022,2022-05-09,10,0,F,T,F,F,F,F,F,F,F,F,F,?,129
Rotkehlchen,133,2022,2022-06-14,6,0,F,T,F,F,F,F,F,F,F,F,F,?,165
Rotkehlchen,133,2022,2022-03-24,0,0,NA,NA,NA,NA,NA,NA,NA,NA,NA,NA,NA,NA,83
Rotkehlchen,133,2023,2023-03-17,3,0,F,T,F,F,?,F,F,F,F,F,F,?,76
Rotkehlchen,133,2023,2023-04-27,12,0,F,T,F,F,?,F,F,F,F,F,F,?,117
Rotkehlchen,133,2023,2023-05-12,9,0,F,T,F,F,?,F,F,F,F,F,F,?,132
Rotkehlchen,133,2023,2023-05-29,13,0,F,T,F,F,?,F,F,F,F,F,F,?,149
Rotkehlchen,134,2018,2018-03-24,3,0,F,T,F,F,?,F,F,F,F,F,F,?,83
Rotkehlchen,134,2018,2018-04-21,2,0,F,T,F,F,F,F,F,F,F,F,F,?,111
Rotkehlchen,134,2018,2018-05-05,0,0,NA,NA,NA,NA,NA,NA,NA,NA,NA,NA,NA,NA,125
Rotkehlchen,134,2018,2018-05-27,0,0,NA,NA,NA,NA,NA,NA,NA,NA,NA,NA,NA,NA,147
Rotkehlchen,134,2020,2020-03-28,6,0,F,T,F,F,?,F,F,F,F,F,F,?,88
Rotkehlchen,134,2020,2020-04-19,3,0,F,F,T,F,?,F,F,F,F,F,F,?,110
Rotkehlchen,134,2020,2020-05-12,1,0,F,F,F,F,?,F,F,F,F,F,F,?,133
Rotkehlchen,134,2020,2020-06-13,1,0,F,T,F,F,?,F,F,F,F,F,F,?,165
Rotkehlchen,134,2021,2021-06-13,21,0,F,T,F,F,?,F,?,F,F,F,F,?,164
Rotkehlchen,135,2019,2019-03-19,2,0,?,T,?,?,?,?,?,?,?,?,?,?,78
Rotkehlchen,135,2019,2019-04-12,0,0,NA,NA,NA,NA,NA,NA,NA,NA,NA,NA,NA,NA,102
Rotkehlchen,135,2019,2019-05-05,0,0,NA,NA,NA,NA,NA,NA,NA,NA,NA,NA,NA,NA,125
Rotkehlchen,135,2019,2019-06-08,0,0,NA,NA,NA,NA,NA,NA,NA,NA,NA,NA,NA,NA,159
Rotkehlchen,135,2020,2020-03-18,6,0,F,T,F,F,?,F,F,F,F,F,F,?,78
Rotkehlchen,135,2020,2020-04-10,1,0,F,T,F,F,?,F,F,F,F,F,F,?,101
Rotkehlchen,135,2020,2020-05-07,0,0,NA,NA,NA,NA,NA,NA,NA,NA,NA,NA,NA,NA,128
Rotkehlchen,135,2020,2020-05-30,0,0,NA,NA,NA,NA,NA,NA,NA,NA,NA,NA,NA,NA,151
Rotkehlchen,135,2020,2020-05-17,0,0,NA,NA,NA,NA,NA,NA,NA,NA,NA,NA,NA,NA,138
Rotkehlchen,135,2022,2022-03-24,1,0,F,T,F,F,F,F,F,F,F,F,F,?,83
Rotkehlchen,135,2022,2022-04-30,0,0,NA,NA,NA,NA,NA,NA,NA,NA,NA,NA,NA,NA,120
Rotkehlchen,135,2022,2022-05-18,0,0,NA,NA,NA,NA,NA,NA,NA,NA,NA,NA,NA,NA,138
Rotkehlchen,135,2022,2022-06-13,0,0,NA,NA,NA,NA,NA,NA,NA,NA,NA,NA,NA,NA,164
Rotkehlchen,135,2023,2023-03-18,2,0,F,T,F,F,?,F,F,F,F,F,F,?,77
Rotkehlchen,135,2023,2023-04-20,2,0,F,T,F,F,?,F,F,F,F,F,F,?,110
Rotkehlchen,135,2023,2023-05-07,1,0,F,T,F,F,?,F,F,F,F,F,F,?,127
Rotkehlchen,135,2023,2023-06-11,1,0,F,T,F,F,?,F,F,F,F,F,F,?,162
Rotkehlchen,136,2018,2018-03-30,15,0,F,T,F,F,?,F,F,F,F,F,F,?,89
Rotkehlchen,136,2018,2018-04-23,9,0,F,T,F,F,?,F,F,F,F,F,F,?,113
Rotkehlchen,136,2018,2018-05-19,12,0,F,T,F,F,?,F,F,F,F,F,F,?,139
Rotkehlchen,136,2018,2018-06-08,10,0,F,T,F,T,?,F,F,F,F,F,F,?,159
Rotkehlchen,136,2020,2020-03-19,12,0,T,T,F,F,?,F,F,F,F,F,F,?,79
Rotkehlchen,136,2020,2020-04-26,5,0,F,T,F,F,?,F,F,F,F,F,F,?,117
Rotkehlchen,136,2020,2020-05-17,7,0,F,T,F,F,?,F,F,F,F,F,F,?,138
Rotkehlchen,136,2020,2020-06-13,9,0,F,T,F,F,?,F,F,F,F,F,F,?,165
Rotkehlchen,136,2021,2021-03-21,18,0,F,T,F,F,?,F,?,F,F,F,F,?,80
Rotkehlchen,136,2021,2021-04-26,14,0,T,T,F,F,?,T,?,F,F,F,F,?,116
Rotkehlchen,136,2021,2021-05-10,12,0,F,T,F,F,?,F,?,F,F,F,F,?,130
Rotkehlchen,136,2021,2021-06-18,14,0,F,T,F,F,?,F,?,F,F,F,F,?,169
Rotkehlchen,137,2021,2021-03-28,0,0,NA,NA,NA,NA,NA,NA,NA,NA,NA,NA,NA,NA,87
Rotkehlchen,137,2021,2021-04-24,3,0,?,T,?,?,?,?,?,?,?,?,?,?,114
Rotkehlchen,137,2021,2021-05-14,3,0,?,T,?,?,?,?,?,?,?,?,?,?,134
Rotkehlchen,137,2021,2021-06-20,6,0,?,T,?,?,?,?,?,?,?,?,?,?,171
Rotkehlchen,138,2020,2020-03-20,7,0,F,T,F,F,?,F,F,F,F,F,F,?,80
Rotkehlchen,138,2020,2020-04-25,4,0,F,T,F,F,?,F,F,F,F,F,F,?,116
Rotkehlchen,138,2020,2020-05-16,1,0,F,T,F,F,?,F,F,F,F,F,F,?,137
Rotkehlchen,138,2020,2020-06-13,4,0,F,T,F,F,?,F,F,F,F,F,F,?,165
Rotkehlchen,138,2021,2021-03-29,20,0,F,T,F,F,?,F,F,F,F,F,F,?,88
Rotkehlchen,138,2021,2021-05-14,5,0,F,T,F,F,?,F,F,F,F,F,F,?,134
Rotkehlchen,138,2021,2021-06-14,2,0,F,T,F,F,?,F,F,F,F,F,F,?,165
Rotkehlchen,139,2018,2018-03-22,21,0,F,T,F,F,?,F,F,F,F,F,F,?,81
Rotkehlchen,139,2018,2018-04-27,9,0,F,T,F,F,?,F,F,F,F,F,F,?,117
Rotkehlchen,139,2018,2018-05-13,7,0,F,T,F,F,?,F,F,F,F,F,F,?,133
Rotkehlchen,139,2018,2018-06-06,10,0,F,T,T,F,?,F,F,F,F,F,F,?,157
Rotkehlchen,139,2020,2020-03-31,26,0,F,T,F,F,?,F,F,F,F,F,F,?,91
Rotkehlchen,139,2020,2020-04-26,8,0,F,T,F,F,?,F,F,F,F,F,F,?,117
Rotkehlchen,139,2020,2020-05-11,13,0,F,T,F,F,?,F,F,F,F,F,F,?,132
Rotkehlchen,139,2020,2020-06-01,14,0,F,T,F,F,?,F,F,F,F,F,F,?,153
Rotkehlchen,139,2021,2021-03-29,29,0,F,T,F,F,?,F,F,F,F,F,F,?,88
Rotkehlchen,139,2021,2021-04-28,23,0,F,T,F,F,?,F,F,F,F,F,F,?,118
Rotkehlchen,139,2021,2021-05-21,18,0,F,T,T,F,?,F,F,F,F,F,F,?,141
Rotkehlchen,139,2021,2021-06-20,24,0,F,T,F,F,?,F,F,F,F,F,F,?,171
Rotkehlchen,140,2018,2018-03-15,10,0,F,T,T,F,?,F,F,F,F,F,F,?,74
Rotkehlchen,140,2018,2018-04-06,15,0,F,T,T,F,?,F,F,F,F,F,F,?,96
Rotkehlchen,140,2018,2018-05-04,10,0,F,T,T,F,?,F,F,F,F,F,F,?,124
Rotkehlchen,140,2018,2018-05-26,3,0,F,T,T,F,?,F,F,F,F,F,F,?,146
Rotkehlchen,140,2020,2020-03-14,18,0,F,T,F,F,?,F,F,F,F,F,F,?,74
Rotkehlchen,140,2020,2020-04-05,16,0,F,T,F,F,?,F,F,F,F,F,F,?,96
Rotkehlchen,140,2020,2020-05-08,7,0,T,T,F,F,?,F,F,F,F,F,F,?,129
Rotkehlchen,140,2020,2020-05-21,12,0,F,T,T,F,?,F,F,F,F,F,F,?,142
Rotkehlchen,140,2021,2021-06-13,74,0,F,T,T,F,?,F,?,F,F,F,F,?,164
Rotkehlchen,141,2018,2018-03-30,8,0,F,T,F,F,?,F,F,F,F,F,F,?,89
Rotkehlchen,141,2018,2018-04-15,11,0,F,T,F,F,?,F,F,F,F,F,F,?,105
Rotkehlchen,141,2018,2018-05-10,4,0,F,F,F,F,?,F,F,F,F,F,F,?,130
Rotkehlchen,141,2018,2018-06-02,5,0,F,T,F,F,?,F,F,F,F,F,F,?,153
Rotkehlchen,141,2018,2019-05-10,0,0,NA,NA,NA,NA,NA,NA,NA,NA,NA,NA,NA,NA,130
Rotkehlchen,141,2018,2019-04-15,0,0,NA,NA,NA,NA,NA,NA,NA,NA,NA,NA,NA,NA,105
Rotkehlchen,141,2020,2020-03-22,14,0,F,T,F,F,?,F,F,F,F,F,F,?,82
Rotkehlchen,141,2020,2020-04-20,4,0,F,T,F,F,?,F,F,F,F,F,F,?,111
Rotkehlchen,141,2020,2020-05-16,7,0,F,T,F,F,?,F,F,F,F,F,F,?,137
Rotkehlchen,141,2020,2020-06-11,3,0,F,T,F,F,?,F,F,F,F,F,F,?,163
Rotkehlchen,141,2021,2021-03-26,13,0,F,T,F,F,?,F,?,F,F,F,F,?,85
Rotkehlchen,141,2021,2021-04-23,11,0,F,T,F,T,?,F,?,F,F,F,F,?,113
Rotkehlchen,141,2021,2021-05-13,4,0,F,T,F,F,?,F,?,F,F,F,F,?,133
Rotkehlchen,141,2021,2021-05-25,8,0,F,T,F,F,?,F,?,F,F,F,F,?,145
Rotkehlchen,142,2019,2019-03-28,13,0,?,T,?,?,?,?,?,?,?,?,?,?,87
Rotkehlchen,142,2019,2019-04-06,12,0,?,T,?,?,?,?,?,?,?,?,?,?,96
Rotkehlchen,142,2019,2019-05-09,9,0,?,T,?,?,?,?,?,?,?,?,?,?,129
Rotkehlchen,142,2019,2019-06-07,9,0,?,T,?,?,?,?,?,?,?,?,?,?,158
Rotkehlchen,142,2020,2020-03-23,7,0,F,T,T,F,?,F,F,F,F,F,F,?,83
Rotkehlchen,142,2020,2020-04-23,6,0,F,T,T,F,?,F,F,F,F,F,F,?,114
Rotkehlchen,142,2020,2020-05-09,10,0,F,T,T,F,?,F,F,F,F,F,F,?,130
Rotkehlchen,142,2020,2020-06-17,16,0,F,T,T,T,?,F,F,F,F,F,F,?,169
Rotkehlchen,142,2021,2021-03-20,1,0,F,F,T,F,?,F,F,F,F,F,F,?,79
Rotkehlchen,142,2021,2021-04-10,6,0,F,T,T,F,?,F,F,F,F,F,F,?,100
Rotkehlchen,142,2021,2021-05-08,10,0,F,T,T,F,?,F,F,F,F,F,F,?,128
Rotkehlchen,142,2021,2021-06-10,12,0,F,T,T,F,?,F,F,F,F,F,F,?,161
Rotkehlchen,142,2022,2022-03-14,6,0,F,T,F,F,F,F,F,F,F,F,F,?,73
Rotkehlchen,142,2022,2022-04-22,16,0,F,T,T,F,F,F,F,F,F,F,F,?,112
Rotkehlchen,142,2022,2022-05-19,10,0,F,T,T,F,F,F,F,F,F,F,F,?,139
Rotkehlchen,142,2022,2022-06-04,12,0,F,T,F,F,F,F,F,F,F,F,F,?,155
Rotkehlchen,142,2023,2023-03-13,4,0,F,T,F,F,?,F,F,F,F,F,F,?,72
Rotkehlchen,142,2023,2023-04-07,4,0,F,T,T,F,?,F,F,F,F,F,F,?,97
Rotkehlchen,142,2023,2023-05-11,10,0,F,T,T,F,?,F,F,F,F,F,F,?,131
Rotkehlchen,142,2023,2023-06-10,13,0,F,T,T,F,?,F,F,F,F,F,F,?,161
Rotkehlchen,143,2018,2018-03-17,0,0,NA,NA,NA,NA,NA,NA,NA,NA,NA,NA,NA,NA,76
Rotkehlchen,143,2018,2018-04-18,3,0,F,T,F,F,?,F,F,F,F,F,F,?,108
Rotkehlchen,143,2018,2018-05-21,4,0,F,T,F,F,?,F,F,F,F,F,F,?,141
Rotkehlchen,143,2018,2018-06-16,2,0,F,T,F,F,?,F,F,F,F,F,F,?,167
Rotkehlchen,143,2020,2020-03-22,4,0,F,F,T,F,?,F,F,F,F,F,F,?,82
Rotkehlchen,143,2020,2020-04-26,3,0,F,T,F,F,?,F,F,F,F,F,F,?,117
Rotkehlchen,143,2020,2020-05-17,2,0,F,F,F,F,?,F,F,F,F,F,F,?,138
Rotkehlchen,143,2020,2020-06-20,5,0,F,F,F,F,?,F,F,F,F,F,F,?,172
Rotkehlchen,143,2021,2021-03-28,7,0,F,T,F,F,?,F,F,F,F,F,F,?,87
Rotkehlchen,143,2021,2021-04-24,7,0,F,F,F,F,?,F,F,F,F,F,F,?,114
Rotkehlchen,143,2021,2021-05-15,6,0,F,F,F,F,?,F,F,F,F,F,F,?,135
Rotkehlchen,143,2021,2021-06-20,2,0,F,F,F,F,?,F,F,F,F,F,F,?,171
Rotkehlchen,144,2020,2020-04-13,15,0,F,T,T,F,?,F,F,F,F,F,F,?,104
Rotkehlchen,144,2020,2020-04-27,8,0,F,T,F,F,?,F,F,F,F,F,F,?,118
Rotkehlchen,144,2020,2020-05-16,12,0,F,T,F,F,?,F,F,F,F,F,F,?,137
Rotkehlchen,144,2020,2020-06-13,7,0,F,T,F,T,?,F,F,F,F,F,F,?,165
Rotkehlchen,144,2021,2021-03-25,18,0,F,T,F,F,?,T,?,F,F,F,F,?,84
Rotkehlchen,144,2021,2021-04-25,13,0,F,T,F,F,?,T,?,T,F,F,F,?,115
Rotkehlchen,144,2021,2021-05-22,6,0,F,T,F,F,?,F,?,F,F,F,F,?,142
Rotkehlchen,144,2021,2021-06-13,10,0,F,T,F,F,?,F,?,F,F,F,F,?,164
Rotkehlchen,145,2020,2020-03-15,8,0,F,T,F,F,?,F,F,F,F,F,F,?,75
Rotkehlchen,145,2020,2020-04-13,12,0,F,T,F,F,?,F,F,F,F,F,F,?,104
Rotkehlchen,145,2020,2020-05-03,2,0,F,T,F,F,?,F,F,F,F,F,F,?,124
Rotkehlchen,145,2020,2020-06-01,7,0,F,T,T,F,?,F,F,F,F,F,F,?,153
Rotkehlchen,145,2021,2021-06-13,46,0,T,T,T,F,?,F,?,F,F,F,F,?,164
Rotkehlchen,146,2021,2021-03-25,6,0,?,T,?,?,?,?,?,?,?,?,?,?,84
Rotkehlchen,146,2021,2021-04-18,5,0,?,T,?,?,?,?,?,?,?,?,?,?,108
Rotkehlchen,146,2021,2021-05-09,1,0,?,?,?,?,?,?,?,?,?,?,?,?,129
Rotkehlchen,146,2021,2021-06-03,3,0,?,T,?,?,?,?,?,?,?,?,?,?,154
Rotkehlchen,147,2018,2018-03-23,9,0,F,T,T,F,?,T,F,F,F,F,F,?,82
Rotkehlchen,147,2018,2018-04-28,2,0,F,T,F,T,?,F,F,F,F,F,F,?,118
Rotkehlchen,147,2018,2018-05-07,1,0,F,T,F,F,?,F,F,F,F,F,F,?,127
Rotkehlchen,147,2018,2018-06-15,6,0,F,T,T,F,?,F,F,F,F,F,F,?,166
Rotkehlchen,147,2020,2020-03-19,5,0,F,T,F,F,?,F,F,F,F,F,F,?,79
Rotkehlchen,147,2020,2020-04-14,1,0,F,T,F,F,?,F,F,F,F,F,F,?,105
Rotkehlchen,147,2020,2020-05-11,0,0,NA,NA,NA,NA,NA,NA,NA,NA,NA,NA,NA,NA,132
Rotkehlchen,147,2020,2020-06-02,3,0,F,T,F,F,?,F,F,F,F,F,F,?,154
Rotkehlchen,147,2021,2021-03-29,2,0,F,T,F,F,?,F,F,F,F,F,F,?,88
Rotkehlchen,147,2021,2021-04-22,0,0,NA,NA,NA,NA,NA,NA,NA,NA,NA,NA,NA,NA,112
Rotkehlchen,147,2021,2021-05-10,0,0,NA,NA,NA,NA,NA,NA,NA,NA,NA,NA,NA,NA,130
Rotkehlchen,147,2021,2021-06-07,1,0,F,T,F,F,?,F,F,F,F,F,F,?,158
Rotkehlchen,148,2019,2019-03-29,4,0,?,T,T,?,?,?,?,?,?,?,?,?,88
Rotkehlchen,148,2019,2019-04-07,12,0,?,T,T,?,?,?,?,?,?,?,?,?,97
Rotkehlchen,148,2019,2019-05-12,0,0,NA,NA,NA,NA,NA,NA,NA,NA,NA,NA,NA,NA,132
Rotkehlchen,148,2019,2019-06-09,0,0,NA,NA,NA,NA,NA,NA,NA,NA,NA,NA,NA,NA,160
Rotkehlchen,148,2020,2020-03-24,9,0,F,T,T,F,?,F,F,F,F,F,F,?,84
Rotkehlchen,148,2020,2020-04-16,1,0,F,T,F,F,?,F,F,F,F,F,F,?,107
Rotkehlchen,148,2020,2020-05-07,0,0,NA,NA,NA,NA,NA,NA,NA,NA,NA,NA,NA,NA,128
Rotkehlchen,148,2020,2020-06-10,0,0,NA,NA,NA,NA,NA,NA,NA,NA,NA,NA,NA,NA,162
Rotkehlchen,148,2021,2021-03-12,2,0,F,T,F,F,?,F,F,F,F,F,F,?,71
Rotkehlchen,148,2021,2021-04-08,4,0,F,T,T,F,?,F,F,F,F,F,F,?,98
Rotkehlchen,148,2021,2021-05-18,1,0,F,F,T,F,?,F,F,F,F,F,F,?,138
Rotkehlchen,148,2021,2021-06-14,0,0,NA,NA,NA,NA,NA,NA,NA,NA,NA,NA,NA,NA,165
Rotkehlchen,148,2022,2022-03-11,1,0,F,T,F,F,F,F,F,F,F,F,F,?,70
Rotkehlchen,148,2022,2022-04-04,5,0,F,T,T,F,F,F,F,F,F,F,F,?,94
Rotkehlchen,148,2022,2022-05-10,0,0,NA,NA,NA,NA,NA,NA,NA,NA,NA,NA,NA,NA,130
Rotkehlchen,148,2022,2022-06-01,0,0,NA,NA,NA,NA,NA,NA,NA,NA,NA,NA,NA,NA,152
Rotkehlchen,148,2023,2023-03-17,2,0,F,T,T,F,?,F,F,F,F,F,F,?,76
Rotkehlchen,148,2023,2023-04-19,1,0,F,T,F,F,?,F,F,F,F,F,F,?,109
Rotkehlchen,148,2023,2023-05-15,0,0,NA,NA,NA,NA,NA,NA,NA,NA,NA,NA,NA,NA,135
Rotkehlchen,148,2023,2023-06-14,1,0,F,F,T,F,?,F,F,F,F,F,F,?,165
Rotkehlchen,149,2019,2019-03-28,10,0,?,T,?,?,?,?,?,?,?,?,?,?,87
Rotkehlchen,149,2019,2019-04-15,4,0,?,T,T,?,?,?,?,?,?,?,?,?,105
Rotkehlchen,149,2019,2019-05-07,4,0,?,T,?,?,?,?,?,?,?,?,?,?,127
Rotkehlchen,149,2019,2019-05-31,3,0,?,T,?,?,?,?,?,?,?,?,?,?,151
Rotkehlchen,149,2020,2020-03-19,12,0,F,T,F,F,?,F,F,F,F,F,F,?,79
Rotkehlchen,149,2020,2020-04-12,6,0,F,T,F,F,?,F,F,F,F,F,F,?,103
Rotkehlchen,149,2020,2020-05-16,0,0,NA,NA,NA,NA,NA,NA,NA,NA,NA,NA,NA,NA,137
Rotkehlchen,149,2020,2020-06-03,1,0,F,T,F,F,?,F,F,F,F,F,F,?,155
Rotkehlchen,149,2022,2022-03-15,2,0,F,T,F,F,F,F,F,F,F,F,F,?,74
Rotkehlchen,149,2022,2022-04-18,3,0,F,T,F,F,F,F,F,F,F,F,F,?,108
Rotkehlchen,149,2022,2022-05-06,0,0,NA,NA,NA,NA,NA,NA,NA,NA,NA,NA,NA,NA,126
Rotkehlchen,149,2022,2022-06-01,2,0,F,T,F,F,F,F,F,F,F,F,F,?,152
Rotkehlchen,149,2023,2023-03-30,5,0,F,T,F,F,?,F,F,F,F,F,F,?,89
Rotkehlchen,149,2023,2023-04-09,4,0,F,T,F,F,?,F,F,F,F,F,F,?,99
Rotkehlchen,149,2023,2023-05-05,3,0,F,T,F,F,?,F,F,F,F,F,F,?,125
Rotkehlchen,149,2023,2023-05-27,2,0,F,T,F,F,?,F,F,F,F,F,F,?,147
Rotkehlchen,150,2018,2018-03-30,17,0,F,T,F,F,?,F,F,F,F,F,F,?,89
Rotkehlchen,150,2018,2018-04-15,15,0,F,T,F,F,?,F,F,F,F,F,F,?,105
Rotkehlchen,150,2018,2018-05-18,21,0,F,T,F,F,?,F,F,F,F,F,F,?,138
Rotkehlchen,150,2018,2018-05-27,16,0,F,T,F,F,?,F,F,F,F,F,F,?,147
Rotkehlchen,150,2018,2019-05-27,0,0,NA,NA,NA,NA,NA,NA,NA,NA,NA,NA,NA,NA,147
Rotkehlchen,150,2020,2020-03-28,23,0,F,T,F,F,?,F,F,F,F,F,F,?,88
Rotkehlchen,150,2020,2020-04-18,18,0,F,T,F,F,?,F,F,F,F,F,F,?,109
Rotkehlchen,150,2020,2020-05-09,26,0,F,T,F,F,?,F,F,F,F,F,F,?,130
Rotkehlchen,150,2020,2020-05-24,21,0,F,T,F,F,?,F,F,F,F,F,F,?,145
Rotkehlchen,150,2021,2021-06-13,97,0,F,T,T,F,?,F,?,F,F,F,F,?,164
Rotkehlchen,151,2018,2018-03-25,8,0,F,T,T,F,?,F,F,F,F,F,F,?,84
Rotkehlchen,151,2018,2018-04-22,1,0,F,T,F,F,?,F,F,F,F,F,F,?,112
Rotkehlchen,151,2018,2018-05-19,1,0,F,T,F,F,?,F,F,F,F,F,F,?,139
Rotkehlchen,151,2018,2018-05-31,0,0,NA,NA,NA,NA,NA,NA,NA,NA,NA,NA,NA,NA,151
Rotkehlchen,151,2020,2020-03-29,12,0,F,T,T,F,?,F,F,F,F,F,F,?,89
Rotkehlchen,151,2020,2020-04-26,2,0,F,T,F,F,?,F,F,F,F,F,F,?,117
Rotkehlchen,151,2020,2020-05-10,1,0,F,T,F,F,?,F,F,F,F,F,F,?,131
Rotkehlchen,151,2020,2020-05-31,3,0,F,T,F,F,?,F,F,F,F,F,F,?,152
Rotkehlchen,151,2021,2021-06-13,12,0,F,T,F,F,?,F,?,F,F,F,F,?,164
Rotkehlchen,152,2019,2019-03-20,4,0,?,T,?,?,?,?,?,?,?,?,?,?,79
Rotkehlchen,152,2019,2019-04-09,4,0,?,T,?,?,?,?,?,?,?,?,?,?,99
Rotkehlchen,152,2019,2019-05-02,0,0,NA,NA,NA,NA,NA,NA,NA,NA,NA,NA,NA,NA,122
Rotkehlchen,152,2019,2019-05-27,1,0,?,T,?,?,?,?,?,?,?,?,?,?,147
Rotkehlchen,152,2020,2020-03-22,1,0,F,T,F,F,?,F,F,F,F,F,F,?,82
Rotkehlchen,152,2020,2020-04-23,1,0,F,T,F,F,?,F,F,F,F,F,F,?,114
Rotkehlchen,152,2020,2020-05-18,0,0,NA,NA,NA,NA,NA,NA,NA,NA,NA,NA,NA,NA,139
Rotkehlchen,152,2020,2020-06-13,2,0,F,T,F,F,?,F,F,F,F,F,F,?,165
Rotkehlchen,152,2022,2022-03-17,3,0,F,T,F,F,F,F,F,F,F,F,F,?,76
Rotkehlchen,152,2022,2022-04-20,5,0,F,T,F,F,F,F,F,F,F,F,F,?,110
Rotkehlchen,152,2022,2022-05-05,1,0,F,T,F,F,F,F,F,F,F,F,F,?,125
Rotkehlchen,152,2022,2022-04-11,0,0,NA,NA,NA,NA,NA,NA,NA,NA,NA,NA,NA,NA,101
Rotkehlchen,152,2023,2023-03-13,1,0,F,T,F,F,?,F,F,F,F,F,F,?,72
Rotkehlchen,152,2023,2023-04-26,1,0,F,T,F,F,?,F,F,F,F,F,F,?,116
Rotkehlchen,152,2023,2023-05-20,0,0,NA,NA,NA,NA,NA,NA,NA,NA,NA,NA,NA,NA,140
Rotkehlchen,152,2023,2023-06-08,0,0,NA,NA,NA,NA,NA,NA,NA,NA,NA,NA,NA,NA,159
Rotkehlchen,154,2019,2019-03-29,12,0,?,T,?,?,?,?,?,?,?,?,?,?,88
Rotkehlchen,154,2019,2019-04-27,6,0,?,T,T,?,?,?,?,?,?,?,?,?,117
Rotkehlchen,154,2019,2019-05-12,6,0,?,T,?,?,?,?,?,?,?,?,?,?,132
Rotkehlchen,154,2019,2019-06-07,5,0,?,T,?,?,?,?,?,?,?,?,?,?,158
Rotkehlchen,154,2020,2020-03-30,6,0,F,T,F,F,?,F,F,F,F,F,F,?,90
Rotkehlchen,154,2020,2020-04-25,6,0,F,T,F,F,?,F,F,F,F,F,F,?,116
Rotkehlchen,154,2020,2020-05-19,4,0,F,T,F,F,?,F,F,F,F,F,F,?,140
Rotkehlchen,154,2020,2020-06-17,5,0,F,T,F,F,?,F,F,F,F,F,F,?,169
Rotkehlchen,154,2022,2022-03-25,11,0,F,T,F,F,F,F,F,F,F,F,F,?,84
Rotkehlchen,154,2022,2022-04-23,14,0,F,T,F,F,F,F,F,F,F,F,F,?,113
Rotkehlchen,154,2022,2022-05-12,4,0,F,T,F,F,F,F,F,F,F,F,F,?,132
Rotkehlchen,154,2022,2022-06-10,2,0,F,T,F,F,F,F,F,F,F,F,F,?,161
Rotkehlchen,154,2022,2022-03-17,0,0,NA,NA,NA,NA,NA,NA,NA,NA,NA,NA,NA,NA,76
Rotkehlchen,154,2023,2023-03-23,14,0,F,T,F,F,?,F,F,F,F,F,F,?,82
Rotkehlchen,154,2023,2023-04-26,4,0,F,T,F,F,?,F,F,F,F,F,F,?,116
Rotkehlchen,154,2023,2023-05-16,6,0,F,T,F,F,?,F,F,F,F,F,F,?,136
Rotkehlchen,154,2023,2023-06-15,8,0,F,T,F,F,?,F,F,F,F,F,F,?,166
Rotkehlchen,155,2019,2019-03-31,12,0,?,T,?,?,?,?,?,?,?,?,?,?,90
Rotkehlchen,155,2019,2019-04-29,18,0,?,T,?,?,?,?,?,?,?,?,?,?,119
Rotkehlchen,155,2019,2019-05-13,7,0,?,T,?,?,?,?,?,?,?,?,?,?,133
Rotkehlchen,155,2019,2019-06-03,16,0,?,T,?,?,?,?,?,?,?,?,?,?,154
Rotkehlchen,155,2020,2020-03-25,9,0,F,T,F,F,?,F,F,F,F,F,F,?,85
Rotkehlchen,155,2020,2020-04-23,18,0,F,T,F,F,?,F,F,F,F,F,F,?,114
Rotkehlchen,155,2020,2020-05-11,16,0,F,T,F,F,?,F,F,F,F,F,F,?,132
Rotkehlchen,155,2020,2020-06-18,19,0,F,T,F,F,?,F,F,F,F,F,F,?,170
Rotkehlchen,155,2022,2022-03-23,20,0,F,T,F,F,F,F,F,F,F,F,F,?,82
Rotkehlchen,155,2022,2022-04-22,18,0,F,T,F,F,F,F,F,F,F,F,F,?,112
Rotkehlchen,155,2022,2022-05-11,12,0,F,T,F,F,F,F,F,F,F,F,F,?,131
Rotkehlchen,155,2022,2022-06-02,16,0,F,T,F,F,F,F,F,F,F,F,F,?,153
Rotkehlchen,155,2023,2023-03-29,13,0,F,T,F,F,?,F,F,F,F,F,F,?,88
Rotkehlchen,155,2023,2023-05-17,18,0,F,T,F,F,?,F,F,F,F,F,F,?,137
Rotkehlchen,155,2023,2023-06-16,17,0,F,T,F,F,?,F,F,F,F,F,F,?,167
Rotkehlchen,155,2023,2023-04-10,0,0,NA,NA,NA,NA,NA,NA,NA,NA,NA,NA,NA,NA,100
Rotkehlchen,156,2019,2019-03-23,2,0,?,?,T,?,?,?,?,?,?,?,?,?,82
Rotkehlchen,156,2019,2019-04-23,0,0,NA,NA,NA,NA,NA,NA,NA,NA,NA,NA,NA,NA,113
Rotkehlchen,156,2019,2019-05-09,0,0,NA,NA,NA,NA,NA,NA,NA,NA,NA,NA,NA,NA,129
Rotkehlchen,156,2019,2019-06-01,0,0,NA,NA,NA,NA,NA,NA,NA,NA,NA,NA,NA,NA,152
Rotkehlchen,156,2020,2020-03-20,2,0,F,T,F,F,?,F,F,F,F,F,F,?,80
Rotkehlchen,156,2020,2020-04-06,0,0,NA,NA,NA,NA,NA,NA,NA,NA,NA,NA,NA,NA,97
Rotkehlchen,156,2020,2020-05-04,0,0,NA,NA,NA,NA,NA,NA,NA,NA,NA,NA,NA,NA,125
Rotkehlchen,156,2020,2020-06-13,0,0,NA,NA,NA,NA,NA,NA,NA,NA,NA,NA,NA,NA,165
Rotkehlchen,157,2019,2019-03-24,3,0,?,T,?,?,?,?,?,?,?,?,?,?,83
Rotkehlchen,157,2019,2019-04-24,0,0,NA,NA,NA,NA,NA,NA,NA,NA,NA,NA,NA,NA,114
Rotkehlchen,157,2019,2019-05-17,2,0,?,T,?,?,?,?,?,?,?,?,?,?,137
Rotkehlchen,157,2019,2019-06-02,2,0,?,T,?,?,?,?,?,?,?,?,?,?,153
Rotkehlchen,157,2020,2020-03-24,3,0,F,T,F,F,?,F,F,F,F,F,F,?,84
Rotkehlchen,157,2020,2020-04-24,1,0,F,T,F,F,?,F,F,F,F,F,F,?,115
Rotkehlchen,157,2020,2020-05-18,3,0,F,T,F,F,?,F,F,F,F,F,F,?,139
Rotkehlchen,157,2020,2020-06-20,3,0,F,T,F,F,?,F,F,F,F,F,F,?,172
Rotkehlchen,157,2022,2022-03-17,4,0,F,T,F,F,F,F,F,F,F,F,F,?,76
Rotkehlchen,157,2022,2022-04-20,3,0,F,T,F,F,F,F,F,F,F,F,F,?,110
Rotkehlchen,157,2022,2022-05-05,2,0,F,T,F,F,F,F,F,F,F,F,F,?,125
Rotkehlchen,157,2022,2022-05-24,0,0,NA,NA,NA,NA,NA,NA,NA,NA,NA,NA,NA,NA,144
Rotkehlchen,157,2023,2023-03-24,5,0,F,T,F,F,?,F,F,F,F,F,F,?,83
Rotkehlchen,157,2023,2023-04-19,7,0,F,T,F,F,?,F,F,F,F,F,F,?,109
Rotkehlchen,157,2023,2023-05-10,4,0,F,T,F,F,?,F,F,F,F,F,F,?,130
Rotkehlchen,157,2023,2023-05-25,3,0,F,T,F,F,?,F,F,F,F,F,F,?,145
Rotkehlchen,158,2019,2019-03-28,6,0,?,T,T,?,?,?,?,?,?,?,?,?,87
Rotkehlchen,158,2019,2019-04-19,2,0,?,T,T,?,?,?,?,?,?,?,?,?,109
Rotkehlchen,158,2019,2019-05-09,1,0,?,T,?,?,?,?,?,?,?,?,?,?,129
Rotkehlchen,158,2019,2019-06-03,1,0,?,T,?,?,?,?,?,?,?,?,?,?,154
Rotkehlchen,158,2020,2020-03-18,8,0,F,T,T,F,?,F,F,F,F,F,F,?,78
Rotkehlchen,158,2020,2020-04-07,6,0,F,T,T,F,?,F,F,F,F,F,F,?,98
Rotkehlchen,158,2020,2020-05-15,2,0,F,T,F,F,?,F,F,F,F,F,F,?,136
Rotkehlchen,158,2020,2020-06-04,0,0,NA,NA,NA,NA,NA,NA,NA,NA,NA,NA,NA,NA,156
Rotkehlchen,158,2021,2021-03-11,2,0,F,T,F,F,?,F,F,F,F,F,F,?,70
Rotkehlchen,158,2021,2021-04-13,8,0,F,T,T,F,?,F,F,F,F,F,F,?,103
Rotkehlchen,158,2021,2021-05-04,3,0,F,T,T,F,?,F,F,F,F,F,F,?,124
Rotkehlchen,158,2021,2021-06-15,4,0,F,F,T,F,?,F,F,F,F,F,F,?,166
Rotkehlchen,158,2022,2022-03-17,11,0,F,T,T,F,F,F,F,F,F,F,F,?,76
Rotkehlchen,158,2022,2022-04-21,4,0,F,T,T,F,F,F,F,F,F,F,F,?,111
Rotkehlchen,158,2022,2022-05-03,1,0,F,T,F,F,F,F,F,F,F,F,F,?,123
Rotkehlchen,158,2022,2022-06-05,3,0,F,T,T,F,F,F,F,F,F,F,F,?,156
Rotkehlchen,158,2023,2023-03-24,11,0,F,T,F,F,?,F,F,F,F,F,F,?,83
Rotkehlchen,158,2023,2023-04-12,4,0,F,T,T,F,?,F,F,F,F,F,F,?,102
Rotkehlchen,158,2023,2023-05-04,2,0,F,T,F,F,?,F,F,F,F,F,F,?,124
Rotkehlchen,158,2023,2023-06-15,1,0,F,T,F,F,?,F,F,F,F,F,F,?,166
Rotkehlchen,159,2018,2018-05-13,6,0,F,T,F,F,?,F,F,F,F,F,F,?,133
Rotkehlchen,159,2018,2018-06-19,7,0,F,T,F,F,?,F,F,F,F,F,F,?,170
Rotkehlchen,159,2018,2018-03-16,0,0,NA,NA,NA,NA,NA,NA,NA,NA,NA,NA,NA,NA,75
Rotkehlchen,159,2018,2018-04-08,9,0,F,T,F,F,?,F,F,F,F,F,F,?,98
Rotkehlchen,159,2020,2020-03-28,14,0,F,T,F,F,?,F,F,F,F,F,F,?,88
Rotkehlchen,159,2020,2020-04-24,8,0,F,T,F,F,?,F,F,F,F,F,F,?,115
Rotkehlchen,159,2020,2020-05-19,12,0,F,T,F,F,?,F,F,F,F,F,F,?,140
Rotkehlchen,159,2020,2020-06-19,14,0,F,T,F,F,?,F,F,F,F,F,F,?,171
Rotkehlchen,159,2021,2021-03-30,14,0,F,T,F,F,?,F,F,F,F,F,F,?,89
Rotkehlchen,159,2021,2021-04-27,8,0,F,T,F,F,?,F,F,F,F,F,F,?,117
Rotkehlchen,159,2021,2021-05-11,13,0,F,T,F,F,?,F,F,F,F,F,F,?,131
Rotkehlchen,159,2021,2021-06-16,11,0,F,T,F,F,?,F,F,F,F,F,F,?,167
Rotkehlchen,160,2019,2019-03-29,13,0,?,T,T,T,?,?,?,?,?,?,?,?,88
Rotkehlchen,160,2019,2019-04-20,3,0,?,T,T,?,?,?,?,?,?,?,?,?,110
Rotkehlchen,160,2019,2019-05-10,2,0,?,T,?,?,?,?,?,?,?,?,?,?,130
Rotkehlchen,160,2019,2019-06-04,2,0,?,T,T,?,?,?,?,?,?,?,?,?,155
Rotkehlchen,160,2020,2020-03-19,14,0,F,T,T,F,?,F,F,F,F,F,F,?,79
Rotkehlchen,160,2020,2020-04-06,13,0,F,T,T,F,?,F,F,F,F,F,F,?,97
Rotkehlchen,160,2020,2020-05-18,0,0,NA,NA,NA,NA,NA,NA,NA,NA,NA,NA,NA,NA,139
Rotkehlchen,160,2020,2020-06-03,0,0,NA,NA,NA,NA,NA,NA,NA,NA,NA,NA,NA,NA,155
Rotkehlchen,160,2021,2021-03-13,9,0,F,T,T,F,?,F,F,F,F,F,F,?,72
Rotkehlchen,160,2021,2021-04-14,14,0,F,T,T,F,?,F,F,F,F,F,F,?,104
Rotkehlchen,160,2021,2021-05-05,2,0,F,T,T,F,?,F,F,F,F,F,F,?,125
Rotkehlchen,160,2021,2021-06-16,1,0,F,F,F,F,?,F,F,F,F,F,F,?,167
Rotkehlchen,160,2022,2022-03-18,8,0,F,T,T,F,F,F,F,F,F,F,F,?,77
Rotkehlchen,160,2022,2022-04-20,6,0,F,T,T,F,F,F,F,F,F,F,F,?,110
Rotkehlchen,160,2022,2022-05-02,2,0,F,T,T,F,F,F,F,F,F,F,F,?,122
Rotkehlchen,160,2022,2022-06-06,2,0,F,T,F,F,F,F,F,F,F,F,F,?,157
Rotkehlchen,160,2023,2023-03-23,11,0,F,T,T,F,?,F,F,F,F,F,F,?,82
Rotkehlchen,160,2023,2023-04-11,5,0,F,T,T,F,?,F,F,F,F,F,F,?,101
Rotkehlchen,160,2023,2023-05-08,1,0,F,T,F,F,?,F,F,F,F,F,F,?,128
Rotkehlchen,160,2023,2023-06-16,0,0,NA,NA,NA,NA,NA,NA,NA,NA,NA,NA,NA,NA,167
Rotkehlchen,161,2018,2018-03-11,9,0,F,T,F,F,?,F,F,T,F,F,F,?,70
Rotkehlchen,161,2018,2018-04-08,5,0,F,T,F,F,?,F,F,F,F,F,F,?,98
Rotkehlchen,161,2018,2018-05-06,1,0,F,F,F,F,?,F,F,F,F,F,F,?,126
Rotkehlchen,161,2018,2018-06-24,1,0,F,F,F,F,?,F,F,F,F,F,F,?,175
Rotkehlchen,161,2021,2021-03-28,8,0,?,T,?,?,?,?,?,?,?,?,?,?,87
Rotkehlchen,161,2021,2021-04-18,5,0,?,T,?,?,?,?,?,?,?,?,?,?,108
Rotkehlchen,161,2021,2021-05-01,4,0,?,T,?,?,?,?,?,?,?,?,?,?,121
Rotkehlchen,161,2021,2021-06-03,5,0,?,T,?,?,?,?,?,?,?,?,?,?,154
Rotkehlchen,162,2022,2022-05-18,0,0,NA,NA,NA,NA,NA,NA,NA,NA,NA,NA,NA,NA,138
Rotkehlchen,162,2022,2022-06-13,0,0,NA,NA,NA,NA,NA,NA,NA,NA,NA,NA,NA,NA,164
Rotkehlchen,162,2022,2022-03-22,1,0,F,T,F,F,F,F,F,F,F,F,F,?,81
Rotkehlchen,162,2022,2022-04-29,0,0,NA,NA,NA,NA,NA,NA,NA,NA,NA,NA,NA,NA,119
Rotkehlchen,163,2018,2018-03-15,1,0,F,F,F,F,?,F,F,F,F,F,F,?,74
Rotkehlchen,163,2018,2018-04-19,0,0,NA,NA,NA,NA,NA,NA,NA,NA,NA,NA,NA,NA,109
Rotkehlchen,163,2018,2018-05-12,0,0,NA,NA,NA,NA,NA,NA,NA,NA,NA,NA,NA,NA,132
Rotkehlchen,163,2018,2018-06-18,0,0,NA,NA,NA,NA,NA,NA,NA,NA,NA,NA,NA,NA,169
Rotkehlchen,163,2021,2021-03-31,1,0,F,T,F,F,?,F,F,F,F,F,F,?,90
Rotkehlchen,163,2021,2021-04-28,0,0,NA,NA,NA,NA,NA,NA,NA,NA,NA,NA,NA,NA,118
Rotkehlchen,163,2021,2021-05-12,0,0,NA,NA,NA,NA,NA,NA,NA,NA,NA,NA,NA,NA,132
Rotkehlchen,163,2021,2021-06-17,0,0,NA,NA,NA,NA,NA,NA,NA,NA,NA,NA,NA,NA,168
Rotkehlchen,164,2020,2020-03-15,4,0,F,T,F,F,F,F,F,F,F,F,F,?,75
Rotkehlchen,164,2020,2020-04-07,4,0,F,T,F,F,F,F,F,F,F,F,F,?,98
Rotkehlchen,164,2020,2020-05-04,0,0,NA,NA,NA,NA,NA,NA,NA,NA,NA,NA,NA,NA,125
Rotkehlchen,164,2020,2020-06-09,1,0,F,T,F,F,F,F,F,F,F,F,F,?,161
Rotkehlchen,164,2021,2021-03-11,2,0,?,T,T,?,?,?,?,?,?,?,?,?,70
Rotkehlchen,164,2021,2021-04-07,2,0,?,?,T,?,?,?,?,?,?,?,?,?,97
Rotkehlchen,164,2021,2021-05-04,0,0,NA,NA,NA,NA,NA,NA,NA,NA,NA,NA,NA,NA,124
Rotkehlchen,164,2021,2021-05-21,0,0,NA,NA,NA,NA,NA,NA,NA,NA,NA,NA,NA,NA,141
Rotkehlchen,164,2022,2022-03-24,1,0,F,T,F,F,F,F,F,F,F,F,F,?,83
Rotkehlchen,164,2022,2022-04-13,5,0,F,T,F,F,F,F,F,F,F,F,F,?,103
Rotkehlchen,164,2022,2022-05-12,0,0,NA,NA,NA,NA,NA,NA,NA,NA,NA,NA,NA,NA,132
Rotkehlchen,164,2022,2022-06-07,0,0,NA,NA,NA,NA,NA,NA,NA,NA,NA,NA,NA,NA,158
Rotkehlchen,164,2023,2023-03-20,1,0,F,T,F,F,F,F,F,F,F,F,F,?,79
Rotkehlchen,164,2023,2023-04-18,2,0,F,T,F,F,F,F,F,F,F,F,F,?,108
Rotkehlchen,164,2023,2023-06-20,0,0,NA,NA,NA,NA,NA,NA,NA,NA,NA,NA,NA,NA,171
Rotkehlchen,164,2023,2023-05-17,0,0,NA,NA,NA,NA,NA,NA,NA,NA,NA,NA,NA,NA,137
Rotkehlchen,165,2019,2019-03-13,7,0,?,T,T,?,?,?,?,?,?,?,?,?,72
Rotkehlchen,165,2019,2019-04-18,6,0,?,T,T,?,?,?,?,?,?,?,?,?,108
Rotkehlchen,165,2019,2019-05-10,0,0,NA,NA,NA,NA,NA,NA,NA,NA,NA,NA,NA,NA,130
Rotkehlchen,165,2019,2019-06-05,0,0,NA,NA,NA,NA,NA,NA,NA,NA,NA,NA,NA,NA,156
Rotkehlchen,165,2020,2020-03-19,8,0,F,T,T,F,F,F,F,F,F,F,F,?,79
Rotkehlchen,165,2020,2020-04-17,1,0,F,T,F,F,F,F,F,F,F,F,F,?,108
Rotkehlchen,165,2020,2020-05-13,0,0,NA,NA,NA,NA,NA,NA,NA,NA,NA,NA,NA,NA,134
Rotkehlchen,165,2020,2020-06-07,0,0,NA,NA,NA,NA,NA,NA,NA,NA,NA,NA,NA,NA,159
Rotkehlchen,165,2021,2021-03-23,7,0,?,T,?,?,?,?,?,?,?,?,?,?,82
Rotkehlchen,165,2021,2021-04-13,3,0,?,T,?,?,?,?,?,?,?,?,?,?,103
Rotkehlchen,165,2021,2021-05-06,0,0,NA,NA,NA,NA,NA,NA,NA,NA,NA,NA,NA,NA,126
Rotkehlchen,165,2021,2021-06-07,0,0,NA,NA,NA,NA,NA,NA,NA,NA,NA,NA,NA,NA,158
Rotkehlchen,165,2022,2022-03-24,1,0,F,T,F,F,F,F,F,F,F,F,F,?,83
Rotkehlchen,165,2022,2022-04-13,2,0,F,T,F,F,F,F,F,F,F,F,F,?,103
Rotkehlchen,165,2022,2022-05-12,0,0,NA,NA,NA,NA,NA,NA,NA,NA,NA,NA,NA,NA,132
Rotkehlchen,165,2022,2022-06-07,0,0,NA,NA,NA,NA,NA,NA,NA,NA,NA,NA,NA,NA,158
Rotkehlchen,165,2023,2023-03-15,0,0,NA,NA,NA,NA,NA,NA,NA,NA,NA,NA,NA,NA,74
Rotkehlchen,165,2023,2023-04-19,0,0,NA,NA,NA,NA,NA,NA,NA,NA,NA,NA,NA,NA,109
Rotkehlchen,165,2023,2023-05-03,0,0,NA,NA,NA,NA,NA,NA,NA,NA,NA,NA,NA,NA,123
Rotkehlchen,166,2018,2018-03-11,1,0,F,T,F,F,?,F,F,F,F,F,F,?,70
Rotkehlchen,166,2018,2018-04-03,3,0,F,T,F,F,?,F,F,F,F,F,F,?,93
Rotkehlchen,166,2018,2018-05-05,1,0,F,T,F,F,?,F,F,F,F,F,F,?,125
Rotkehlchen,166,2018,2018-05-29,0,0,NA,NA,NA,NA,NA,NA,NA,NA,NA,NA,NA,NA,149
Rotkehlchen,166,2020,2020-03-14,5,0,F,T,F,F,?,F,F,F,F,F,F,?,74
Rotkehlchen,166,2020,2020-04-01,2,0,F,T,T,F,?,F,F,F,F,F,F,?,92
Rotkehlchen,166,2020,2020-04-23,1,0,F,T,F,F,?,F,F,F,F,F,F,?,114
Rotkehlchen,166,2020,2020-05-24,0,0,NA,NA,NA,NA,NA,NA,NA,NA,NA,NA,NA,NA,145
Rotkehlchen,166,2021,2021-04-11,1,0,F,T,F,F,?,F,F,F,F,F,F,?,101
Rotkehlchen,166,2021,2021-06-04,1,0,F,T,F,F,?,F,F,F,F,F,F,?,155
Rotkehlchen,166,2021,2021-03-21,4,0,F,T,T,F,?,F,F,F,F,F,F,?,80
Rotkehlchen,166,2021,2021-05-14,0,0,NA,NA,NA,NA,NA,NA,NA,NA,NA,NA,NA,NA,134
Rotkehlchen,168,2019,2019-03-25,1,0,?,?,T,?,?,?,?,?,?,?,?,?,84
Rotkehlchen,168,2019,2019-04-25,0,0,NA,NA,NA,NA,NA,NA,NA,NA,NA,NA,NA,NA,115
Rotkehlchen,168,2019,2019-05-15,0,0,NA,NA,NA,NA,NA,NA,NA,NA,NA,NA,NA,NA,135
Rotkehlchen,168,2019,2019-06-07,0,0,NA,NA,NA,NA,NA,NA,NA,NA,NA,NA,NA,NA,158
Rotkehlchen,168,2020,2020-03-21,2,2,T,T,T,F,?,F,F,F,F,F,F,?,81
Rotkehlchen,168,2020,2020-04-18,0,0,NA,NA,NA,NA,NA,NA,NA,NA,NA,NA,NA,NA,109
Rotkehlchen,168,2020,2020-05-17,0,0,NA,NA,NA,NA,NA,NA,NA,NA,NA,NA,NA,NA,138
Rotkehlchen,168,2020,2020-06-08,0,0,NA,NA,NA,NA,NA,NA,NA,NA,NA,NA,NA,NA,160
Rotkehlchen,168,2021,2021-03-27,2,0,?,T,?,?,?,?,?,?,?,?,?,?,86
Rotkehlchen,168,2021,2021-04-23,0,0,NA,NA,NA,NA,NA,NA,NA,NA,NA,NA,NA,NA,113
Rotkehlchen,168,2021,2021-05-20,0,0,NA,NA,NA,NA,NA,NA,NA,NA,NA,NA,NA,NA,140
Rotkehlchen,168,2021,2021-06-04,0,0,NA,NA,NA,NA,NA,NA,NA,NA,NA,NA,NA,NA,155
Rotkehlchen,168,2022,2022-03-24,3,0,F,T,F,F,F,F,F,F,F,F,F,?,83
Rotkehlchen,168,2022,2022-04-26,0,0,NA,NA,NA,NA,NA,NA,NA,NA,NA,NA,NA,NA,116
Rotkehlchen,168,2022,2022-05-13,0,0,NA,NA,NA,NA,NA,NA,NA,NA,NA,NA,NA,NA,133
Rotkehlchen,168,2022,2022-06-01,0,0,NA,NA,NA,NA,NA,NA,NA,NA,NA,NA,NA,NA,152
Rotkehlchen,168,2023,2023-03-16,1,0,F,T,F,F,F,F,F,F,F,F,F,?,75
Rotkehlchen,168,2023,2023-04-05,0,0,NA,NA,NA,NA,NA,NA,NA,NA,NA,NA,NA,NA,95
Rotkehlchen,168,2023,2023-05-09,0,0,NA,NA,NA,NA,NA,NA,NA,NA,NA,NA,NA,NA,129
Rotkehlchen,168,2023,2023-06-01,0,0,NA,NA,NA,NA,NA,NA,NA,NA,NA,NA,NA,NA,152
Rotkehlchen,169,2019,2019-03-12,29,0,?,T,?,?,?,?,?,?,?,?,?,?,71
Rotkehlchen,169,2019,2019-04-17,17,0,?,T,T,?,?,T,?,?,?,?,?,?,107
Rotkehlchen,169,2019,2019-05-09,11,0,?,T,?,?,?,?,?,?,?,?,?,?,129
Rotkehlchen,169,2019,2019-05-28,19,0,?,T,?,?,?,?,?,?,?,?,?,?,148
Rotkehlchen,169,2020,2020-03-17,52,0,F,T,F,F,F,F,F,F,F,F,F,?,77
Rotkehlchen,169,2020,2020-04-16,19,0,F,T,T,F,F,F,F,F,F,F,F,?,107
Rotkehlchen,169,2020,2020-05-03,20,0,F,T,T,T,F,F,F,F,F,F,F,?,124
Rotkehlchen,169,2020,2020-05-25,23,0,F,T,T,F,F,F,F,F,F,F,F,?,146
Rotkehlchen,169,2021,2021-03-10,16,0,?,T,?,?,?,?,?,?,?,?,?,?,69
Rotkehlchen,169,2021,2021-04-07,26,0,F,T,T,F,?,F,F,F,F,F,F,?,97
Rotkehlchen,169,2021,2021-05-03,33,0,T,T,T,F,?,F,F,F,F,F,F,?,123
Rotkehlchen,169,2021,2021-05-27,17,0,F,T,F,F,?,F,F,F,F,F,F,?,147
Rotkehlchen,169,2022,2022-03-22,14,0,F,T,F,F,F,F,F,F,F,F,F,?,81
Rotkehlchen,169,2022,2022-04-14,10,0,F,T,F,F,F,F,F,F,F,F,F,?,104
Rotkehlchen,169,2022,2022-05-04,5,0,F,T,F,F,F,F,F,F,F,F,F,?,124
Rotkehlchen,169,2022,2022-06-02,4,0,F,T,F,F,F,F,F,F,F,F,F,?,153
Rotkehlchen,169,2023,2023-03-14,5,0,F,T,F,F,F,F,F,F,F,F,F,?,73
Rotkehlchen,169,2023,2023-04-14,14,0,F,T,F,F,F,F,F,F,F,F,F,?,104
Rotkehlchen,169,2023,2023-05-05,9,0,F,T,F,F,F,F,F,F,F,F,F,?,125
Rotkehlchen,169,2023,2023-05-31,7,0,F,T,F,F,F,F,F,F,F,F,F,?,151
Rotkehlchen,170,2019,2019-03-11,17,0,?,T,?,?,?,?,?,?,?,?,?,?,70
Rotkehlchen,170,2019,2019-04-15,8,0,?,T,?,?,?,?,?,?,?,?,?,?,105
Rotkehlchen,170,2019,2019-05-06,2,0,?,T,?,?,?,?,?,?,?,?,?,?,126
Rotkehlchen,170,2019,2019-05-21,6,0,?,T,?,?,?,?,?,?,?,?,?,?,141
Rotkehlchen,170,2020,2020-03-13,26,0,F,T,T,F,F,F,F,F,F,F,F,?,73
Rotkehlchen,170,2020,2020-04-01,26,0,F,T,T,F,F,F,F,F,F,F,F,?,92
Rotkehlchen,170,2020,2020-05-02,5,0,F,T,F,T,F,F,F,F,F,F,F,?,123
Rotkehlchen,170,2020,2020-05-22,1,0,F,T,F,F,F,F,F,F,F,F,F,?,143
Rotkehlchen,170,2021,2021-03-16,25,0,?,T,T,?,?,?,?,?,?,?,?,?,75
Rotkehlchen,170,2021,2021-04-10,8,0,?,T,T,T,?,?,?,?,?,?,?,?,100
Rotkehlchen,170,2021,2021-05-02,7,0,?,T,?,?,?,?,?,?,?,?,?,?,122
Rotkehlchen,170,2021,2021-05-29,6,0,?,T,?,?,?,?,?,?,?,?,?,?,149
Rotkehlchen,170,2022,2022-03-17,6,0,F,T,F,F,F,F,F,F,F,F,F,?,76
Rotkehlchen,170,2022,2022-04-26,4,0,F,T,T,F,F,F,F,F,F,F,F,?,116
Rotkehlchen,170,2022,2022-05-18,3,0,F,T,F,F,F,F,F,F,F,F,F,?,138
Rotkehlchen,170,2022,2022-06-01,2,0,F,T,F,F,F,F,F,F,F,F,F,?,152
Rotkehlchen,170,2023,2023-03-15,8,0,F,T,F,F,F,F,F,F,F,F,F,?,74
Rotkehlchen,170,2023,2023-06-16,3,0,F,T,F,F,F,F,F,F,F,F,F,?,167
Rotkehlchen,170,2023,2023-05-11,0,0,NA,NA,NA,NA,NA,NA,NA,NA,NA,NA,NA,NA,131
Rotkehlchen,170,2023,2023-04-04,3,0,F,T,F,F,F,F,F,F,F,F,F,?,94
Rotkehlchen,171,2018,2018-04-23,16,0,?,T,T,F,?,F,F,F,F,F,F,?,113
Rotkehlchen,171,2018,2018-05-13,25,0,?,T,F,F,?,F,F,F,F,F,F,?,133
Rotkehlchen,171,2018,2018-06-05,18,0,?,T,F,F,?,F,F,F,F,F,F,?,156
Rotkehlchen,171,2018,2018-03-15,1,0,?,T,F,F,?,F,F,F,F,F,F,?,74
Rotkehlchen,171,2020,2020-03-31,1,0,F,F,T,F,?,F,F,F,F,F,F,?,91
Rotkehlchen,171,2020,2020-04-26,15,0,F,T,T,T,?,F,F,F,F,F,F,?,117
Rotkehlchen,171,2020,2020-05-10,22,0,F,T,F,F,?,F,F,F,F,F,F,?,131
Rotkehlchen,171,2020,2020-05-30,35,0,F,T,F,T,?,F,F,F,F,F,F,?,151
Rotkehlchen,172,2018,2018-03-29,9,0,F,T,T,F,?,F,F,F,F,F,F,?,88
Rotkehlchen,172,2018,2018-04-19,16,0,F,T,T,F,?,F,F,F,F,F,F,?,109
Rotkehlchen,172,2018,2018-05-12,22,0,F,T,F,F,?,F,F,F,F,F,F,?,132
Rotkehlchen,172,2018,2018-06-15,20,0,F,T,F,F,?,F,F,F,F,F,F,?,166
Rotkehlchen,172,2020,2020-03-18,27,0,F,T,F,F,?,F,F,F,F,F,F,?,78
Rotkehlchen,172,2020,2020-04-17,23,0,F,T,F,T,?,F,F,F,F,F,F,?,108
Rotkehlchen,172,2020,2020-05-19,21,0,F,T,F,T,?,F,F,F,F,F,F,?,140
Rotkehlchen,172,2020,2020-06-17,24,0,F,T,F,T,?,F,F,F,F,F,F,?,169
Rotkehlchen,172,2021,2021-03-26,16,0,F,T,F,T,?,F,F,F,F,F,F,?,85
Rotkehlchen,172,2021,2021-04-21,31,0,F,T,F,T,?,F,F,F,F,F,F,?,111
Rotkehlchen,172,2021,2021-05-13,20,0,F,T,F,F,?,F,F,F,F,F,F,?,133
Rotkehlchen,172,2021,2021-06-01,20,0,F,T,T,T,?,F,F,F,F,F,F,?,152
Rotkehlchen,173,2018,2018-03-26,16,0,F,T,F,T,?,F,F,F,F,F,F,?,85
Rotkehlchen,173,2018,2018-04-17,24,0,F,T,F,F,?,F,F,F,F,F,F,?,107
Rotkehlchen,173,2018,2018-05-09,16,0,F,T,F,F,?,F,F,F,F,F,F,?,129
Rotkehlchen,173,2018,2018-06-14,18,0,F,T,T,T,?,F,F,F,F,F,F,?,165
Rotkehlchen,173,2020,2020-03-16,25,0,F,T,F,F,?,F,F,F,F,F,F,?,76
Rotkehlchen,173,2020,2020-04-16,18,0,F,T,F,F,?,F,F,F,F,F,F,?,107
Rotkehlchen,173,2020,2020-05-18,16,0,F,T,F,T,?,F,F,F,F,F,F,?,139
Rotkehlchen,173,2020,2020-06-16,21,0,F,T,F,T,?,F,F,F,F,F,F,?,168
Rotkehlchen,173,2021,2021-06-13,72,0,F,T,T,T,?,F,?,F,F,F,F,?,164
Rotkehlchen,176,2018,2018-03-25,10,0,?,T,F,T,?,F,F,F,F,F,F,?,84
Rotkehlchen,176,2018,2018-04-21,13,0,?,T,F,T,?,F,F,F,F,F,F,?,111
Rotkehlchen,176,2018,2018-05-09,15,0,?,T,F,T,?,F,F,F,F,F,F,?,129
Rotkehlchen,176,2018,2018-06-03,14,0,?,T,F,T,?,F,F,F,F,F,F,?,154
Rotkehlchen,176,2020,2020-03-28,18,0,F,T,F,T,?,F,F,F,F,F,F,?,88
Rotkehlchen,176,2020,2020-04-27,15,0,F,T,F,F,?,F,F,F,F,F,F,?,118
Rotkehlchen,176,2020,2020-05-07,7,0,F,T,F,F,?,F,F,F,F,F,F,?,128
Rotkehlchen,176,2020,2020-05-31,18,0,F,T,F,F,?,F,F,F,F,F,F,?,152
Rotkehlchen,176,2021,2021-03-31,18,0,?,T,?,T,?,?,?,?,?,?,?,?,90
Rotkehlchen,176,2021,2021-04-26,18,0,?,T,?,T,?,?,?,?,?,?,?,?,116
Rotkehlchen,176,2021,2021-05-19,11,0,?,T,?,?,?,?,?,?,?,?,?,?,139
Rotkehlchen,176,2021,2021-05-31,14,0,?,T,?,?,?,?,?,?,?,?,?,?,151
Rotkehlchen,178,2021,2021-03-31,4,0,F,T,F,F,?,F,F,F,F,F,F,?,90
Rotkehlchen,178,2021,2021-04-30,2,0,F,T,F,F,?,F,F,F,F,F,F,?,120
Rotkehlchen,178,2021,2021-05-19,3,0,F,T,F,F,?,F,F,F,F,F,F,?,139
Rotkehlchen,178,2021,2021-06-03,3,0,F,T,F,F,?,F,F,F,F,F,F,?,154
Rotkehlchen,179,2018,2018-03-21,6,0,?,T,F,F,?,F,F,F,F,F,F,?,80
Rotkehlchen,179,2018,2018-04-16,1,0,?,T,F,F,?,F,F,F,F,F,F,?,106
Rotkehlchen,179,2018,2018-05-15,1,0,?,T,F,F,?,F,F,F,F,F,F,?,135
Rotkehlchen,179,2018,2018-06-08,0,0,NA,NA,NA,NA,NA,NA,NA,NA,NA,NA,NA,NA,159
Rotkehlchen,179,2018,2019-03-21,0,0,NA,NA,NA,NA,NA,NA,NA,NA,NA,NA,NA,NA,80
Rotkehlchen,179,2020,2020-03-14,6,0,F,T,F,T,?,F,F,F,F,F,F,?,74
Rotkehlchen,179,2020,2020-04-10,0,0,NA,NA,NA,NA,NA,NA,NA,NA,NA,NA,NA,NA,101
Rotkehlchen,179,2020,2020-05-09,0,0,NA,NA,NA,NA,NA,NA,NA,NA,NA,NA,NA,NA,130
Rotkehlchen,179,2020,2020-06-01,0,0,NA,NA,NA,NA,NA,NA,NA,NA,NA,NA,NA,NA,153
Rotkehlchen,179,2021,2021-03-20,2,0,F,T,F,F,?,F,F,F,F,F,F,?,79
Rotkehlchen,179,2021,2021-04-13,2,0,F,T,F,F,?,F,F,F,F,F,F,?,103
Rotkehlchen,179,2021,2021-05-21,1,0,F,T,F,F,?,F,F,F,F,F,F,?,141
Rotkehlchen,179,2021,2021-06-13,1,0,F,T,F,F,?,F,F,F,F,F,F,?,164
Rotkehlchen,180,2020,2019-03-24,3,0,F,T,F,F,?,F,F,F,F,F,F,?,83
Rotkehlchen,180,2020,2019-04-07,0,0,NA,NA,NA,NA,NA,NA,NA,NA,NA,NA,NA,NA,97
Rotkehlchen,180,2020,2019-05-18,0,0,NA,NA,NA,NA,NA,NA,NA,NA,NA,NA,NA,NA,138
Rotkehlchen,180,2020,2019-06-15,0,0,NA,NA,NA,NA,NA,NA,NA,NA,NA,NA,NA,NA,166
Rotkehlchen,180,2020,2020-03-28,2,0,F,T,F,F,?,F,F,F,F,F,F,?,88
Rotkehlchen,180,2020,2020-04-19,3,0,F,T,F,F,?,F,F,F,F,F,F,?,110
Rotkehlchen,180,2020,2020-05-17,1,0,F,T,F,F,?,F,F,F,F,F,F,?,138
Rotkehlchen,180,2020,2020-05-31,0,0,NA,NA,NA,NA,NA,NA,NA,NA,NA,NA,NA,NA,152
Rotkehlchen,180,2021,2021-03-28,6,0,F,T,?,?,?,?,F,?,?,?,?,?,87
Rotkehlchen,180,2021,2021-04-17,1,0,F,T,?,?,?,?,F,?,?,?,?,?,107
Rotkehlchen,180,2021,2021-05-15,0,0,NA,NA,NA,NA,NA,NA,NA,NA,NA,NA,NA,NA,135
Rotkehlchen,180,2021,2021-06-13,0,0,NA,NA,NA,NA,NA,NA,NA,NA,NA,NA,NA,NA,164
Rotkehlchen,181,2020,2020-03-19,11,0,T,T,F,F,?,F,F,F,F,F,F,?,79
Rotkehlchen,181,2020,2020-04-24,16,0,F,T,F,F,?,F,F,F,F,F,F,?,115
Rotkehlchen,181,2020,2020-05-20,3,0,F,T,F,F,?,F,F,F,F,F,F,?,141
Rotkehlchen,181,2020,2020-06-19,1,0,F,F,F,T,?,F,F,F,F,F,F,?,171
Rotkehlchen,181,2021,2021-03-31,18,0,T,T,F,F,?,F,?,F,F,F,F,?,90
Rotkehlchen,181,2021,2021-04-07,22,0,F,T,F,T,?,F,?,F,F,F,F,?,97
Rotkehlchen,181,2021,2021-05-24,19,0,F,T,F,T,?,F,?,F,F,F,F,?,144
Rotkehlchen,182,2018,2018-03-14,7,0,?,T,F,F,?,F,F,F,F,F,F,?,73
Rotkehlchen,182,2018,2018-04-11,17,0,?,T,F,T,?,F,F,F,F,F,F,?,101
Rotkehlchen,182,2018,2018-05-11,13,0,?,T,F,F,?,F,F,F,F,F,F,?,131
Rotkehlchen,182,2018,2018-06-02,12,0,?,T,F,T,?,F,F,F,F,F,F,?,153
Rotkehlchen,182,2020,2020-03-26,8,0,F,T,F,T,?,F,F,F,F,F,F,?,86
Rotkehlchen,182,2020,2020-04-25,9,0,F,T,F,T,?,F,F,F,F,F,F,?,116
Rotkehlchen,182,2020,2020-05-16,10,0,F,T,T,F,?,F,F,F,F,F,F,?,137
Rotkehlchen,182,2020,2020-05-25,19,0,F,T,F,F,?,F,F,F,F,F,F,?,146
Rotkehlchen,182,2021,2021-03-30,27,0,F,T,F,T,?,F,F,F,F,F,F,?,89
Rotkehlchen,182,2021,2021-04-25,13,0,F,T,F,T,?,F,F,F,F,F,F,?,115
Rotkehlchen,182,2021,2021-05-10,20,0,F,T,F,F,?,F,F,F,F,F,F,?,130
Rotkehlchen,182,2021,2021-05-30,16,0,F,T,F,T,?,F,F,F,F,F,F,?,150
Rotkehlchen,182,2021,2021-06-20,0,0,NA,NA,NA,NA,NA,NA,NA,NA,NA,NA,NA,NA,171
Rotkehlchen,183,2018,2018-03-17,0,0,NA,NA,NA,NA,NA,NA,NA,NA,NA,NA,NA,NA,76
Rotkehlchen,183,2018,2018-04-09,3,0,F,T,F,F,?,F,F,F,F,F,F,?,99
Rotkehlchen,183,2018,2018-05-06,1,0,F,T,F,F,?,F,F,F,F,F,F,?,126
Rotkehlchen,183,2018,2018-06-03,1,0,F,T,F,F,?,F,F,F,F,F,F,?,154
Rotkehlchen,183,2020,2020-04-19,7,0,F,T,F,F,?,F,F,F,F,F,F,?,110
Rotkehlchen,183,2020,2020-05-17,3,0,F,T,F,F,?,F,F,F,F,F,F,?,138
Rotkehlchen,183,2020,2020-06-14,3,0,F,T,F,F,?,F,F,F,F,F,F,?,166
Rotkehlchen,183,2021,2021-03-28,1,0,F,T,F,F,?,F,F,F,F,F,F,?,87
Rotkehlchen,183,2021,2021-04-25,4,0,F,T,T,F,?,F,F,F,F,F,F,?,115
Rotkehlchen,183,2021,2021-06-12,1,0,F,T,F,F,?,F,F,F,F,F,F,?,163
Rotkehlchen,184,2018,2018-03-26,6,0,?,T,T,F,?,F,F,F,F,F,F,?,85
Rotkehlchen,184,2018,2018-04-15,3,0,?,T,F,F,?,F,F,F,F,F,F,?,105
Rotkehlchen,184,2018,2018-05-12,1,0,?,T,F,F,?,F,F,F,F,F,F,?,132
Rotkehlchen,184,2018,2018-06-16,0,0,NA,NA,NA,NA,NA,NA,NA,NA,NA,NA,NA,NA,167
Rotkehlchen,184,2020,2020-03-19,2,0,F,T,F,F,?,F,F,F,F,F,F,?,79
Rotkehlchen,184,2020,2020-04-10,1,0,F,T,F,F,?,F,F,F,F,F,F,?,101
Rotkehlchen,184,2020,2020-05-10,0,0,NA,NA,NA,NA,NA,NA,NA,NA,NA,NA,NA,NA,131
Rotkehlchen,184,2020,2020-06-14,0,0,NA,NA,NA,NA,NA,NA,NA,NA,NA,NA,NA,NA,166
Rotkehlchen,184,2021,2021-03-28,6,0,F,T,F,F,?,F,F,F,F,F,F,?,87
Rotkehlchen,184,2021,2021-04-28,1,0,F,T,F,F,?,F,F,F,F,F,F,?,118
Rotkehlchen,184,2021,2021-05-24,0,0,NA,NA,NA,NA,NA,NA,NA,NA,NA,NA,NA,NA,144
Rotkehlchen,184,2021,2021-06-13,0,0,NA,NA,NA,NA,NA,NA,NA,NA,NA,NA,NA,NA,164
Rotkehlchen,186,2020,2020-03-13,18,0,F,T,F,F,F,F,F,F,F,F,F,?,73
Rotkehlchen,186,2020,2020-04-03,14,0,F,T,F,F,F,F,F,F,F,F,F,?,94
Rotkehlchen,186,2020,2020-05-01,7,0,F,T,F,F,F,F,F,F,F,F,F,?,122
Rotkehlchen,186,2020,2020-05-25,5,0,F,T,T,F,F,F,F,F,F,F,F,?,146
Rotkehlchen,186,2021,2021-03-10,8,0,?,T,T,?,?,?,?,?,?,?,?,?,69
Rotkehlchen,186,2021,2021-04-02,25,0,?,T,?,?,?,?,?,?,?,?,?,?,92
Rotkehlchen,186,2021,2021-05-04,10,0,?,T,?,?,?,?,?,?,?,?,?,?,124
Rotkehlchen,186,2021,2021-06-08,12,0,?,T,?,?,?,?,?,?,?,?,?,?,159
Rotkehlchen,186,2022,2022-03-30,16,0,F,T,F,F,F,F,F,F,F,F,F,?,89
Rotkehlchen,186,2022,2022-04-27,8,0,F,T,F,F,F,F,F,F,F,F,F,?,117
Rotkehlchen,186,2022,2022-05-16,7,0,F,T,F,F,F,F,F,F,F,F,F,?,136
Rotkehlchen,186,2022,2022-06-15,7,0,F,T,F,F,F,F,F,F,F,F,F,?,166
Rotkehlchen,186,2023,2023-03-28,8,0,F,T,F,F,F,F,F,F,F,F,F,?,87
Rotkehlchen,186,2023,2023-04-26,5,0,F,T,F,F,F,F,F,F,F,F,F,?,116
Rotkehlchen,186,2023,2023-05-17,4,0,F,T,F,F,F,F,F,F,F,F,F,?,137
Rotkehlchen,187,2021,2021-03-26,1,0,F,T,F,F,?,F,F,F,F,F,F,?,85
Rotkehlchen,187,2021,2021-04-22,0,0,NA,NA,NA,NA,NA,NA,NA,NA,NA,NA,NA,NA,112
Rotkehlchen,187,2021,2021-05-22,0,0,NA,NA,NA,NA,NA,NA,NA,NA,NA,NA,NA,NA,142
Rotkehlchen,187,2021,2021-06-12,0,0,NA,NA,NA,NA,NA,NA,NA,NA,NA,NA,NA,NA,163
Rotkehlchen,188,2018,2018-03-22,1,0,?,F,F,T,?,F,F,F,F,F,F,?,81
Rotkehlchen,188,2018,2018-04-22,8,0,?,T,F,F,?,F,F,F,F,F,F,?,112
Rotkehlchen,188,2018,2018-05-08,13,0,?,T,F,T,?,F,F,F,F,F,F,?,128
Rotkehlchen,188,2018,2018-05-26,21,0,?,T,F,F,?,F,F,F,F,F,F,?,146
Rotkehlchen,188,2020,2020-03-29,16,0,F,T,T,F,?,F,F,F,F,F,F,?,89
Rotkehlchen,188,2020,2020-04-28,18,0,F,T,T,F,?,F,F,F,F,F,F,?,119
Rotkehlchen,188,2020,2020-05-09,18,0,F,T,F,T,?,F,F,F,F,F,F,?,130
Rotkehlchen,188,2020,2020-06-02,27,0,F,T,F,T,?,T,F,F,F,F,F,?,154
Rotkehlchen,189,2020,2020-03-12,5,0,F,T,F,T,F,F,F,F,F,F,F,?,72
Rotkehlchen,189,2020,2020-04-05,5,0,F,T,T,F,F,F,F,F,F,F,F,?,96
Rotkehlchen,189,2020,2020-05-03,0,0,NA,NA,NA,NA,NA,NA,NA,NA,NA,NA,NA,NA,124
Rotkehlchen,189,2020,2020-05-31,0,0,NA,NA,NA,NA,NA,NA,NA,NA,NA,NA,NA,NA,152
Rotkehlchen,189,2021,2021-03-12,5,0,?,T,?,?,?,?,?,?,?,?,?,?,71
Rotkehlchen,189,2021,2021-04-06,0,0,NA,NA,NA,NA,NA,NA,NA,NA,NA,NA,NA,NA,96
Rotkehlchen,189,2021,2021-04-30,1,0,?,T,?,?,?,?,?,?,?,?,?,?,120
Rotkehlchen,189,2021,2021-05-08,1,0,?,T,?,?,?,?,?,?,?,?,?,?,128
Rotkehlchen,189,2022,2022-03-29,0,0,NA,NA,NA,NA,NA,NA,NA,NA,NA,NA,NA,NA,88
Rotkehlchen,189,2022,2022-04-27,2,0,F,T,F,F,F,F,F,F,F,F,F,?,117
Rotkehlchen,189,2022,2022-05-16,0,0,NA,NA,NA,NA,NA,NA,NA,NA,NA,NA,NA,NA,136
Rotkehlchen,189,2022,2022-06-15,0,0,NA,NA,NA,NA,NA,NA,NA,NA,NA,NA,NA,NA,166
Rotkehlchen,191,2018,2018-03-25,5,0,F,T,F,F,?,F,F,F,F,F,F,?,84
Rotkehlchen,191,2018,2018-04-08,2,0,F,T,F,F,?,F,F,F,F,F,F,?,98
Rotkehlchen,191,2018,2018-05-06,0,0,NA,NA,NA,NA,NA,NA,NA,NA,NA,NA,NA,NA,126
Rotkehlchen,191,2018,2018-06-16,1,0,F,T,F,F,?,F,F,F,F,F,F,?,167
Rotkehlchen,191,2021,2021-03-20,9,0,F,T,?,?,?,?,F,?,?,?,?,?,79
Rotkehlchen,191,2021,2021-04-11,6,0,F,T,?,?,?,?,F,?,?,?,?,?,101
Rotkehlchen,191,2021,2021-05-13,2,0,F,T,?,?,?,?,F,?,?,?,?,?,133
Rotkehlchen,191,2021,2021-06-05,0,0,NA,NA,NA,NA,NA,NA,NA,NA,NA,NA,NA,NA,156
Rotkehlchen,192,2018,2018-03-14,9,0,F,T,F,F,?,F,F,F,F,F,F,?,73
Rotkehlchen,192,2018,2018-04-25,9,0,F,T,F,F,?,F,F,F,F,F,F,?,115
Rotkehlchen,192,2018,2018-05-19,5,0,F,T,F,F,?,F,F,F,F,F,F,?,139
Rotkehlchen,192,2018,2018-06-20,1,0,F,T,F,F,?,F,F,F,F,F,F,?,171
Rotkehlchen,192,2020,2020-03-27,17,0,F,T,F,F,?,F,F,F,F,F,F,?,87
Rotkehlchen,192,2020,2020-04-13,21,0,F,T,F,F,?,F,F,F,F,F,F,?,104
Rotkehlchen,192,2020,2020-05-17,6,0,F,T,F,F,?,F,F,F,F,F,F,?,138
Rotkehlchen,192,2020,2020-06-20,5,0,F,T,F,F,?,F,F,F,F,F,F,?,172
Rotkehlchen,192,2021,2021-03-26,21,0,F,T,F,F,?,F,F,F,F,F,F,?,85
Rotkehlchen,192,2021,2021-04-25,12,0,F,T,F,F,?,F,F,F,F,F,F,?,115
Rotkehlchen,192,2021,2021-05-09,13,0,?,T,T,?,?,?,?,?,?,?,?,?,129
Rotkehlchen,193,2018,2018-03-18,46,0,F,T,F,F,?,F,F,F,F,F,F,?,77
Rotkehlchen,193,2018,2018-04-08,19,0,F,T,F,F,?,F,F,F,F,F,F,?,98
Rotkehlchen,193,2018,2018-05-01,10,0,F,T,F,F,?,F,F,F,F,F,F,?,121
Rotkehlchen,193,2018,2018-06-09,18,0,F,T,F,F,?,F,F,F,F,F,F,?,160
Rotkehlchen,193,2018,2019-05-01,0,0,NA,NA,NA,NA,NA,NA,NA,NA,NA,NA,NA,NA,121
Rotkehlchen,194,2018,2018-03-10,3,0,?,T,F,F,?,F,F,F,F,F,F,?,69
Rotkehlchen,194,2018,2018-04-02,4,0,?,T,F,T,?,F,F,F,F,F,F,?,92
Rotkehlchen,194,2018,2018-05-05,2,0,?,T,F,F,?,F,F,F,F,F,F,?,125
Rotkehlchen,194,2018,2018-05-22,0,0,NA,NA,NA,NA,NA,NA,NA,NA,NA,NA,NA,NA,142
Rotkehlchen,194,2020,2020-03-20,5,0,F,T,F,F,?,F,F,F,F,F,F,?,80
Rotkehlchen,194,2020,2020-04-08,5,0,F,T,T,T,?,F,F,F,F,F,F,?,99
Rotkehlchen,194,2020,2020-05-20,0,0,NA,NA,NA,NA,NA,NA,NA,NA,NA,NA,NA,NA,141
Rotkehlchen,194,2020,2020-06-05,0,0,NA,NA,NA,NA,NA,NA,NA,NA,NA,NA,NA,NA,157
Rotkehlchen,195,2018,2018-03-20,2,0,F,F,F,T,?,F,F,F,F,F,F,?,79
Rotkehlchen,195,2018,2018-04-12,13,0,T,T,F,F,?,F,F,F,F,F,F,?,102
Rotkehlchen,195,2018,2018-05-18,7,0,F,T,F,F,?,F,F,F,F,F,F,?,138
Rotkehlchen,195,2018,2018-06-08,1,0,F,T,F,F,?,F,F,F,F,F,F,?,159
Rotkehlchen,195,2021,2021-06-13,14,0,F,T,F,F,?,F,?,F,F,F,F,?,164
Rotkehlchen,197,2018,2018-03-16,9,0,?,T,F,F,?,F,F,F,F,F,F,?,75
Rotkehlchen,197,2018,2018-04-10,11,0,?,T,F,F,?,F,F,F,F,F,F,?,100
Rotkehlchen,197,2018,2018-05-15,3,0,?,T,F,F,?,F,F,F,F,F,F,?,135
Rotkehlchen,197,2018,2018-06-06,4,0,?,T,F,F,?,F,F,F,F,F,F,?,157
Rotkehlchen,197,2020,2020-03-16,14,0,F,T,F,F,?,F,F,F,F,F,F,?,76
Rotkehlchen,197,2020,2020-04-05,13,0,F,T,T,T,?,F,F,F,F,F,F,?,96
Rotkehlchen,197,2020,2020-05-06,11,0,F,T,F,T,?,F,F,F,F,F,F,?,127
Rotkehlchen,197,2020,2020-05-22,9,0,F,T,F,F,?,F,F,F,F,F,F,?,143
Rotkehlchen,197,2021,2021-03-28,17,0,F,T,F,T,?,F,F,F,F,F,F,?,87
Rotkehlchen,197,2021,2021-04-21,18,0,F,T,F,T,?,F,F,F,F,F,F,?,111
Rotkehlchen,197,2021,2021-05-15,4,0,F,T,F,F,?,F,F,F,F,F,F,?,135
Rotkehlchen,197,2021,2021-05-28,2,0,F,T,F,F,?,F,F,F,F,F,F,?,148
Rotkehlchen,198,2018,2018-03-25,6,0,F,T,T,F,?,F,F,F,F,F,F,?,84
Rotkehlchen,198,2018,2018-05-06,4,0,F,T,F,F,?,F,F,F,F,F,F,?,126
Rotkehlchen,198,2018,2018-06-03,3,0,F,T,F,F,?,F,F,F,F,F,F,?,154
Rotkehlchen,198,2018,2018-06-08,12,0,F,T,F,F,?,F,F,F,F,F,F,?,159
Rotkehlchen,198,2020,2020-03-15,18,0,F,T,T,F,?,F,F,F,F,F,F,?,75
Rotkehlchen,198,2020,2020-04-05,16,0,F,T,F,F,?,F,F,F,F,F,F,?,96
Rotkehlchen,198,2020,2020-05-03,9,0,F,T,T,F,?,F,F,F,F,F,F,?,124
Rotkehlchen,198,2020,2020-06-01,8,0,F,T,T,F,?,F,F,F,F,F,F,?,153
Rotkehlchen,198,2021,2021-03-27,18,0,F,T,F,F,?,F,F,F,F,F,F,?,86
Rotkehlchen,198,2021,2021-04-24,26,0,F,T,F,T,?,F,F,F,F,F,F,?,114
Rotkehlchen,198,2021,2021-05-08,23,0,F,T,F,T,?,F,F,F,F,F,F,?,128
Rotkehlchen,198,2021,2021-05-24,17,0,?,T,?,T,?,?,?,?,?,?,?,?,144
Rotkehlchen,199,2018,2018-03-11,2,0,F,T,F,F,?,F,F,F,F,F,F,?,70
Rotkehlchen,199,2018,2018-04-23,0,0,NA,NA,NA,NA,NA,NA,NA,NA,NA,NA,NA,NA,113
Rotkehlchen,199,2018,2018-05-05,1,0,F,T,F,F,?,F,F,F,F,F,F,?,125
Rotkehlchen,199,2018,2018-06-14,0,0,NA,NA,NA,NA,NA,NA,NA,NA,NA,NA,NA,NA,165
Rotkehlchen,199,2020,2020-03-28,6,0,F,T,F,F,?,F,F,F,F,F,F,?,88
Rotkehlchen,199,2020,2020-04-11,1,0,F,T,F,F,?,F,F,F,F,F,F,?,102
Rotkehlchen,199,2020,2020-05-07,0,0,NA,NA,NA,NA,NA,NA,NA,NA,NA,NA,NA,NA,128
Rotkehlchen,199,2020,2020-05-26,1,0,F,T,F,F,?,F,F,F,F,F,F,?,147
Rotkehlchen,199,2021,2021-03-29,5,0,F,T,T,F,?,F,F,F,F,F,F,?,88
Rotkehlchen,199,2021,2021-04-11,0,0,NA,NA,NA,NA,NA,NA,NA,NA,NA,NA,NA,NA,101
Rotkehlchen,199,2021,2021-05-08,0,0,NA,NA,NA,NA,NA,NA,NA,NA,NA,NA,NA,NA,128
Rotkehlchen,199,2021,2021-06-14,0,0,NA,NA,NA,NA,NA,NA,NA,NA,NA,NA,NA,NA,165
Rotkehlchen,202,2020,2020-03-14,1,0,F,F,F,F,?,F,F,F,F,F,F,?,74
Rotkehlchen,202,2020,2020-04-02,1,0,F,T,F,F,?,F,F,F,F,F,F,?,93
Rotkehlchen,202,2020,2020-05-02,0,0,NA,NA,NA,NA,NA,NA,NA,NA,NA,NA,NA,NA,123
Rotkehlchen,202,2020,2020-06-20,0,0,NA,NA,NA,NA,NA,NA,NA,NA,NA,NA,NA,NA,172
Rotkehlchen,202,2021,2021-03-24,2,0,F,T,F,T,?,F,F,F,F,F,F,?,83
Rotkehlchen,202,2021,2021-04-14,2,0,F,F,T,T,?,F,F,F,F,F,F,?,104
Rotkehlchen,202,2021,2021-05-13,2,0,F,T,F,F,?,F,F,F,F,F,F,?,133
Rotkehlchen,202,2021,2021-06-02,0,0,NA,NA,NA,NA,NA,NA,NA,NA,NA,NA,NA,NA,153
Rotkehlchen,203,2020,2020-03-23,9,0,F,T,T,F,?,T,F,F,F,F,F,?,83
Rotkehlchen,203,2020,2020-04-22,3,0,F,T,F,F,?,F,F,F,F,F,F,?,113
Rotkehlchen,203,2020,2020-05-13,2,0,F,T,F,F,?,F,F,F,F,F,F,?,134
Rotkehlchen,203,2020,2020-06-03,1,0,F,F,T,F,?,F,F,F,F,F,F,?,155
Rotkehlchen,205,2020,2020-04-11,5,0,F,T,T,T,?,F,F,F,F,F,F,?,102
Rotkehlchen,205,2020,2020-05-16,1,0,F,F,F,T,?,F,F,F,F,F,F,?,137
Rotkehlchen,205,2020,2020-06-18,1,0,F,F,F,T,?,F,F,F,F,F,F,?,170
Rotkehlchen,205,2021,2021-03-28,3,0,?,T,?,T,?,?,?,?,?,?,?,?,87
Rotkehlchen,205,2021,2021-04-24,4,0,?,?,T,T,?,?,?,?,?,?,?,?,114
Rotkehlchen,205,2021,2021-05-15,3,0,?,T,T,?,?,?,?,?,?,?,?,?,135
Rotkehlchen,205,2021,2021-06-11,0,0,NA,NA,NA,NA,NA,NA,NA,NA,NA,NA,NA,NA,162
Rotkehlchen,206,2019,2019-03-23,10,0,F,F,F,F,?,F,F,F,F,F,F,?,82
Rotkehlchen,206,2019,2019-04-14,14,0,F,F,F,F,?,F,F,F,F,F,F,?,104
Rotkehlchen,206,2019,2019-05-07,3,0,F,F,F,F,?,F,F,F,F,F,F,?,127
Rotkehlchen,206,2019,2019-06-08,15,0,F,F,F,F,?,F,F,F,F,F,F,?,159
Rotkehlchen,206,2020,2020-03-27,10,0,F,T,T,F,?,F,F,F,F,F,F,?,87
Rotkehlchen,206,2020,2020-04-22,6,0,F,T,F,F,?,F,F,F,F,F,F,?,113
Rotkehlchen,206,2020,2020-05-17,4,0,F,T,F,F,?,F,F,F,F,F,F,?,138
Rotkehlchen,206,2020,2020-06-17,3,0,F,T,F,F,?,F,F,F,F,F,F,?,169
Rotkehlchen,206,2021,2021-03-24,2,0,F,T,F,F,F,F,F,F,F,F,F,?,83
Rotkehlchen,206,2021,2021-04-26,5,0,F,T,F,F,F,F,F,F,F,F,F,?,116
Rotkehlchen,206,2021,2021-05-20,6,0,F,T,T,F,?,F,F,F,F,F,F,?,140
Rotkehlchen,206,2022,2022-03-30,9,0,F,T,F,F,F,F,F,F,F,F,F,?,89
Rotkehlchen,206,2022,2022-04-21,12,0,F,T,T,F,F,F,F,F,F,F,F,?,111
Rotkehlchen,206,2022,2022-05-17,10,0,F,T,F,F,F,F,F,F,F,F,F,?,137
Rotkehlchen,206,2022,2022-06-14,6,0,F,T,F,F,F,F,F,F,F,F,F,?,165
Rotkehlchen,206,2023,2023-03-28,8,0,F,T,F,F,F,F,F,F,F,F,F,?,87
Rotkehlchen,206,2023,2023-04-18,5,0,F,T,F,F,F,F,F,F,F,F,F,?,108
Rotkehlchen,206,2023,2023-05-12,2,0,F,T,F,F,F,F,F,F,F,F,F,?,132
Rotkehlchen,206,2023,2023-06-14,6,0,F,T,T,F,F,F,F,F,F,F,F,?,165
Rotkehlchen,207,2018,2018-03-24,6,0,?,T,F,F,?,F,F,F,F,F,F,?,83
Rotkehlchen,207,2018,2018-04-22,1,0,?,F,F,F,?,F,F,F,F,F,F,?,112
Rotkehlchen,207,2018,2018-05-13,0,0,NA,NA,NA,NA,NA,NA,NA,NA,NA,NA,NA,NA,133
Rotkehlchen,207,2018,2018-06-09,0,0,NA,NA,NA,NA,NA,NA,NA,NA,NA,NA,NA,NA,160
Rotkehlchen,207,2020,2020-03-14,4,0,F,T,F,F,?,F,F,F,F,F,F,?,74
Rotkehlchen,207,2020,2020-04-07,1,0,F,F,F,F,?,F,F,F,F,F,F,?,98
Rotkehlchen,207,2020,2020-05-09,0,0,NA,NA,NA,NA,NA,NA,NA,NA,NA,NA,NA,NA,130
Rotkehlchen,207,2020,2020-06-20,0,0,NA,NA,NA,NA,NA,NA,NA,NA,NA,NA,NA,NA,172
Rotkehlchen,207,2021,2021-03-28,3,0,F,T,F,F,?,F,F,F,F,F,F,?,87
Rotkehlchen,207,2021,2021-04-24,1,0,F,T,F,F,?,F,F,F,F,F,F,?,114
Rotkehlchen,207,2021,2021-05-13,1,0,F,T,F,F,?,F,F,F,F,F,F,?,133
Rotkehlchen,207,2021,2021-06-13,0,0,NA,NA,NA,NA,NA,NA,NA,NA,NA,NA,NA,NA,164
Rotkehlchen,208,2020,2020-03-29,2,0,F,T,F,F,?,F,F,F,F,F,F,?,89
Rotkehlchen,208,2020,2020-04-13,0,0,NA,NA,NA,NA,NA,NA,NA,NA,NA,NA,NA,NA,104
Rotkehlchen,208,2020,2020-05-03,0,0,NA,NA,NA,NA,NA,NA,NA,NA,NA,NA,NA,NA,124
Rotkehlchen,208,2020,2020-06-11,2,0,F,F,F,T,?,F,F,F,F,F,F,?,163
Rotkehlchen,208,2021,2021-03-28,2,0,F,T,F,F,?,F,?,F,F,F,F,?,87
Rotkehlchen,208,2021,2021-04-11,1,0,F,F,F,F,?,F,?,F,F,F,F,?,101
Rotkehlchen,208,2021,2021-05-01,0,0,NA,NA,NA,NA,NA,NA,NA,NA,NA,NA,NA,NA,121
Rotkehlchen,209,2018,2018-03-10,2,0,?,T,F,F,?,F,F,F,F,F,F,?,69
Rotkehlchen,209,2018,2018-04-08,16,0,?,T,F,T,?,F,F,F,F,F,F,?,98
Rotkehlchen,209,2018,2018-05-18,1,0,?,T,F,F,?,F,F,F,F,F,F,?,138
Rotkehlchen,209,2018,2018-06-09,2,0,?,T,F,F,?,F,F,F,F,F,F,?,160
Rotkehlchen,209,2020,2020-03-15,11,0,F,T,F,F,?,F,F,F,F,F,F,?,75
Rotkehlchen,209,2020,2020-04-05,12,0,F,T,F,F,?,F,F,F,F,F,F,?,96
Rotkehlchen,209,2020,2020-05-10,8,0,F,T,F,F,?,F,F,F,F,F,F,?,131
Rotkehlchen,209,2020,2020-06-02,6,0,F,T,F,F,?,F,F,F,F,F,F,?,154
Rotkehlchen,209,2021,2021-03-28,10,0,F,T,?,?,?,T,F,?,?,?,?,?,87
Rotkehlchen,209,2021,2021-04-24,10,0,F,T,?,?,?,?,F,?,?,?,?,?,114
Rotkehlchen,209,2021,2021-05-09,5,0,F,T,?,?,?,?,F,?,?,?,?,?,129
Rotkehlchen,209,2021,2021-05-29,7,0,F,T,?,?,?,?,F,?,T,?,?,?,149
Rotkehlchen,210,2018,2018-03-11,2,0,?,T,T,F,?,F,F,F,F,F,F,?,70
Rotkehlchen,210,2018,2018-04-01,0,0,NA,NA,NA,NA,NA,NA,NA,NA,NA,NA,NA,NA,91
Rotkehlchen,210,2018,2018-05-06,0,0,NA,NA,NA,NA,NA,NA,NA,NA,NA,NA,NA,NA,126
Rotkehlchen,210,2018,2018-06-03,0,0,NA,NA,NA,NA,NA,NA,NA,NA,NA,NA,NA,NA,154
Rotkehlchen,210,2020,2020-03-15,5,0,F,T,T,F,?,F,F,F,F,F,F,?,75
Rotkehlchen,210,2020,2020-04-12,1,0,F,T,F,F,?,F,F,F,F,F,F,?,103
Rotkehlchen,210,2020,2020-05-17,1,0,F,T,F,F,?,F,F,F,F,F,F,?,138
Rotkehlchen,210,2020,2020-06-21,0,0,NA,NA,NA,NA,NA,NA,NA,NA,NA,NA,NA,NA,173
Rotkehlchen,210,2021,2021-03-28,4,0,F,T,F,F,?,F,F,F,F,F,F,?,87
Rotkehlchen,210,2021,2021-04-11,1,0,F,T,F,F,?,F,F,F,F,F,F,?,101
Rotkehlchen,210,2021,2021-05-09,1,0,F,F,F,F,?,F,F,F,F,F,F,?,129
Rotkehlchen,211,2018,2018-03-25,8,0,?,T,F,F,?,F,F,F,F,F,F,?,84
Rotkehlchen,211,2018,2018-04-27,5,0,?,T,F,F,?,F,F,F,F,F,F,?,117
Rotkehlchen,211,2018,2018-05-19,8,0,?,T,T,F,?,F,F,F,F,F,F,?,139
Rotkehlchen,211,2018,2018-06-19,1,0,?,T,F,F,?,F,F,F,F,F,F,?,170
Rotkehlchen,211,2020,2020-03-28,8,0,F,T,F,F,?,F,F,F,F,F,F,?,88
Rotkehlchen,211,2020,2020-04-19,11,0,F,T,F,F,?,F,F,F,F,F,F,?,110
Rotkehlchen,211,2020,2020-05-18,1,0,F,T,F,F,?,F,F,F,F,F,F,?,139
Rotkehlchen,211,2020,2020-06-20,4,0,F,T,T,F,?,F,F,F,F,F,F,?,172
Rotkehlchen,213,2018,2018-03-27,2,0,?,T,F,F,?,F,F,F,F,F,F,?,86
Rotkehlchen,213,2018,2018-04-26,1,0,?,F,F,F,?,F,F,F,F,F,F,?,116
Rotkehlchen,213,2018,2018-05-20,0,0,NA,NA,NA,NA,NA,NA,NA,NA,NA,NA,NA,NA,140
Rotkehlchen,213,2021,2021-03-29,12,0,F,T,?,?,?,?,F,?,?,?,?,?,88
Rotkehlchen,213,2021,2021-05-16,4,0,F,T,?,?,?,?,F,?,?,?,?,?,136
Rotkehlchen,213,2021,2021-06-19,2,0,F,T,?,?,?,?,F,?,?,?,?,?,170
Rotkehlchen,215,2018,2018-03-26,9,0,?,T,T,F,?,F,F,F,F,F,F,?,85
Rotkehlchen,215,2018,2018-04-21,13,0,?,T,F,F,?,F,F,F,F,F,F,?,111
Rotkehlchen,215,2018,2018-05-19,11,0,?,T,F,F,?,F,F,F,F,F,F,?,139
Rotkehlchen,215,2018,2018-06-04,10,0,?,T,F,T,?,F,F,F,F,F,F,?,155
Rotkehlchen,215,2020,2020-03-18,22,0,F,T,F,F,?,F,F,F,F,F,F,?,78
Rotkehlchen,215,2020,2020-04-01,9,0,F,T,T,F,T,F,F,F,F,F,F,?,92
Rotkehlchen,215,2020,2020-05-06,5,0,F,T,T,F,?,F,F,F,F,F,F,?,127
Rotkehlchen,215,2020,2020-05-22,10,0,F,T,T,F,?,F,F,F,F,F,F,?,143
Rotkehlchen,215,2021,2021-03-23,9,0,F,T,T,F,?,F,F,F,F,F,F,?,82
Rotkehlchen,215,2021,2021-04-14,10,0,F,T,T,F,?,F,F,F,F,F,F,?,104
Rotkehlchen,215,2021,2021-05-10,7,0,F,T,F,F,?,F,F,F,F,F,F,?,130
Rotkehlchen,215,2021,2021-06-05,12,0,F,T,T,F,?,F,F,F,F,F,F,?,156
Rotkehlchen,216,2018,2018-03-25,8,0,F,T,F,F,?,T,F,F,F,F,F,?,84
Rotkehlchen,216,2018,2018-04-08,4,0,F,T,F,F,?,F,F,F,F,F,F,?,98
Rotkehlchen,216,2018,2018-05-10,0,0,NA,NA,NA,NA,NA,NA,NA,NA,NA,NA,NA,NA,130
Rotkehlchen,216,2018,2018-06-03,0,0,NA,NA,NA,NA,NA,NA,NA,NA,NA,NA,NA,NA,154
Rotkehlchen,216,2020,2020-03-22,3,0,F,T,F,F,?,F,F,F,F,F,F,?,82
Rotkehlchen,216,2020,2020-04-10,5,0,F,T,F,F,?,F,F,F,F,F,F,?,101
Rotkehlchen,216,2020,2020-05-09,1,0,F,T,F,F,?,F,F,F,F,F,F,?,130
Rotkehlchen,216,2020,2020-05-31,0,0,NA,NA,NA,NA,NA,NA,NA,NA,NA,NA,NA,NA,152
Rotkehlchen,216,2021,2021-03-28,7,0,F,T,?,?,?,?,F,?,?,?,?,?,87
Rotkehlchen,216,2021,2021-04-25,0,0,NA,NA,NA,NA,NA,NA,NA,NA,NA,NA,NA,NA,115
Rotkehlchen,216,2021,2021-05-16,0,0,NA,NA,NA,NA,NA,NA,NA,NA,NA,NA,NA,NA,136
Rotkehlchen,216,2021,2021-06-13,0,0,NA,NA,NA,NA,NA,NA,NA,NA,NA,NA,NA,NA,164
Rotkehlchen,218,2018,2018-03-24,1,0,?,F,T,F,?,F,F,F,F,F,F,?,83
Rotkehlchen,218,2018,2018-04-08,1,0,?,T,F,F,?,F,F,F,F,F,F,?,98
Rotkehlchen,218,2018,2018-05-06,1,0,?,T,F,F,?,F,F,F,F,F,F,?,126
Rotkehlchen,218,2018,2018-06-21,0,0,NA,NA,NA,NA,NA,NA,NA,NA,NA,NA,NA,NA,172
Rotkehlchen,218,2020,2020-03-15,4,0,F,T,F,F,?,F,F,F,F,F,F,?,75
Rotkehlchen,218,2020,2020-04-05,0,0,NA,NA,NA,NA,NA,NA,NA,NA,NA,NA,NA,NA,96
Rotkehlchen,218,2020,2020-05-03,0,0,NA,NA,NA,NA,NA,NA,NA,NA,NA,NA,NA,NA,124
Rotkehlchen,218,2020,2020-05-24,0,0,NA,NA,NA,NA,NA,NA,NA,NA,NA,NA,NA,NA,145
Rotkehlchen,218,2021,2021-03-20,8,0,F,T,F,F,?,F,F,F,F,F,F,?,79
Rotkehlchen,218,2021,2021-04-04,2,0,F,T,T,F,?,F,F,F,F,F,F,?,94
Rotkehlchen,218,2021,2021-05-08,2,0,F,F,F,F,?,F,F,F,F,F,F,?,128
Rotkehlchen,218,2021,2021-05-30,0,0,NA,NA,NA,NA,NA,NA,NA,NA,NA,NA,NA,NA,150
Rotkehlchen,219,2020,2020-03-28,2,0,F,T,F,F,?,F,F,F,F,F,F,?,88
Rotkehlchen,219,2020,2020-04-19,0,0,NA,NA,NA,NA,NA,NA,NA,NA,NA,NA,NA,NA,110
Rotkehlchen,219,2020,2020-05-16,0,0,NA,NA,NA,NA,NA,NA,NA,NA,NA,NA,NA,NA,137
Rotkehlchen,219,2020,2020-06-13,0,0,NA,NA,NA,NA,NA,NA,NA,NA,NA,NA,NA,NA,165
Rotkehlchen,220,2020,2020-03-31,7,0,F,T,T,F,?,F,F,F,F,F,F,?,91
Rotkehlchen,220,2020,2020-04-26,0,0,NA,NA,NA,NA,NA,NA,NA,NA,NA,NA,NA,NA,117
Rotkehlchen,220,2020,2020-05-17,1,0,F,F,F,F,?,F,F,F,F,F,F,?,138
Rotkehlchen,220,2020,2020-06-20,1,0,F,T,F,F,?,F,F,F,F,F,F,?,172
Rotkehlchen,220,2021,2021-03-28,11,0,F,T,?,T,?,?,F,?,?,?,?,?,87
Rotkehlchen,220,2021,2021-04-25,5,0,F,T,?,?,?,?,F,?,?,?,?,?,115
Rotkehlchen,220,2021,2021-05-20,2,0,F,T,?,?,?,?,F,?,?,?,?,?,140
Rotkehlchen,220,2021,2021-06-20,2,0,F,T,?,T,?,?,F,?,?,?,?,?,171
Rotkehlchen,221,2019,2019-03-24,11,0,F,T,F,F,?,F,F,F,F,F,F,?,83
Rotkehlchen,221,2019,2019-04-21,8,0,F,T,F,F,?,F,F,F,F,F,F,?,111
Rotkehlchen,221,2019,2019-05-18,1,0,F,T,F,F,?,F,F,F,F,F,F,?,138
Rotkehlchen,221,2019,2019-06-16,4,0,F,T,T,F,?,F,F,F,F,F,F,?,167
Rotkehlchen,221,2019,2019-06-17,0,0,NA,NA,NA,NA,NA,NA,NA,NA,NA,NA,NA,NA,168
Rotkehlchen,221,2020,2020-03-27,24,0,F,T,F,F,?,F,F,F,F,F,F,?,87
Rotkehlchen,221,2020,2020-04-26,8,0,F,T,T,F,?,F,F,F,F,F,F,?,117
Rotkehlchen,221,2020,2020-05-17,5,0,F,T,F,F,?,F,F,F,F,F,F,?,138
Rotkehlchen,221,2020,2020-06-20,2,0,F,T,F,F,?,F,F,F,F,F,F,?,172
Rotkehlchen,221,2021,2021-03-28,25,0,?,T,F,F,?,F,F,?,F,F,F,?,87
Rotkehlchen,221,2021,2021-04-25,13,0,?,T,F,F,?,F,F,?,F,F,F,?,115
Rotkehlchen,221,2021,2021-05-20,5,0,?,T,F,F,?,F,F,?,F,F,F,?,140
Rotkehlchen,221,2021,2021-06-13,2,0,?,T,F,F,?,F,F,?,F,F,T,?,164
Rotkehlchen,221,2022,2022-03-20,22,0,F,T,F,F,?,F,F,F,F,F,F,?,79
Rotkehlchen,221,2022,2022-04-18,6,0,F,T,F,F,?,F,F,F,F,F,F,?,108
Rotkehlchen,221,2022,2022-05-08,7,0,F,T,F,F,?,F,F,F,F,F,F,?,128
Rotkehlchen,221,2022,2022-05-26,1,0,F,T,F,F,?,F,F,F,F,F,F,?,146
Rotkehlchen,221,2023,2023-03-22,16,0,F,T,F,F,F,F,F,F,F,F,F,?,81
Rotkehlchen,221,2023,2023-04-22,8,0,F,T,F,F,F,F,F,F,F,F,F,?,112
Rotkehlchen,221,2023,2023-05-13,1,0,F,T,F,F,F,F,F,F,F,F,F,?,133
Rotkehlchen,221,2023,2023-06-11,1,0,F,T,F,F,F,F,F,F,F,F,F,?,162
Rotkehlchen,225,2018,2018-03-16,12,0,F,T,F,F,?,F,F,F,F,F,F,?,75
Rotkehlchen,225,2018,2018-04-20,11,0,F,T,F,F,?,F,F,F,F,F,F,?,110
Rotkehlchen,225,2018,2018-05-12,7,0,F,T,F,F,?,F,F,F,F,F,F,?,132
Rotkehlchen,225,2018,2018-06-05,6,0,F,T,F,F,?,F,F,F,F,F,F,?,156
Rotkehlchen,225,2020,2020-03-19,28,0,F,T,F,F,?,F,F,F,F,F,F,?,79
Rotkehlchen,225,2020,2020-04-06,34,0,T,T,F,F,?,F,F,F,F,F,F,?,97
Rotkehlchen,225,2020,2020-05-18,15,0,F,T,F,F,?,F,F,F,F,F,F,?,139
Rotkehlchen,225,2020,2020-05-27,17,0,F,T,F,F,?,F,F,F,F,F,F,?,148
Rotkehlchen,225,2021,2021-03-21,30,0,F,T,T,F,?,F,F,F,F,F,F,?,80
Rotkehlchen,225,2021,2021-04-25,25,0,F,T,F,F,?,F,F,F,F,F,F,?,115
Rotkehlchen,225,2021,2021-05-24,12,0,F,T,F,F,?,F,F,F,F,F,F,?,144
Rotkehlchen,225,2021,2021-06-12,12,0,F,T,F,F,?,F,F,F,F,F,F,?,163
Rotkehlchen,225,2021,2021-03-30,1,0,?,T,?,?,?,?,?,?,?,?,?,?,89
Rotkehlchen,225,2021,2020-06-12,0,0,NA,NA,NA,NA,NA,NA,NA,NA,NA,NA,NA,NA,164
Rotkehlchen,226,2018,2018-04-09,19,0,F,T,F,F,?,F,F,F,F,F,F,?,99
Rotkehlchen,226,2018,2018-04-24,7,0,F,T,F,F,?,F,F,F,F,F,F,?,114
Rotkehlchen,226,2018,2018-05-18,14,0,F,T,F,F,?,F,F,F,F,F,F,?,138
Rotkehlchen,226,2018,2018-05-26,18,0,F,T,T,F,?,F,F,F,F,F,F,?,146
Rotkehlchen,226,2020,2020-03-20,37,0,F,T,T,F,?,F,F,F,F,F,F,?,80
Rotkehlchen,226,2020,2020-04-11,23,0,F,T,T,F,?,F,F,F,F,F,F,?,102
Rotkehlchen,226,2020,2020-05-03,14,0,F,T,T,F,?,F,F,F,F,F,F,?,124
Rotkehlchen,226,2020,2020-05-22,19,0,F,T,F,F,?,F,F,F,F,F,F,?,143
Rotkehlchen,226,2021,2021-03-23,19,0,F,T,F,F,?,F,?,F,F,F,F,?,82
Rotkehlchen,226,2021,2021-04-11,24,0,F,T,F,F,?,F,?,F,F,F,F,?,101
Rotkehlchen,226,2021,2021-05-01,19,0,F,T,F,F,?,F,?,F,F,F,F,?,121
Rotkehlchen,226,2021,2021-05-27,16,0,F,T,T,F,?,F,?,F,F,F,F,?,147
Rotkehlchen,227,2018,2018-03-25,0,0,NA,NA,NA,NA,NA,NA,NA,NA,NA,NA,NA,NA,84
Rotkehlchen,227,2018,2018-04-21,1,0,F,F,F,F,?,F,F,F,F,F,F,?,111
Rotkehlchen,227,2018,2018-05-19,0,0,NA,NA,NA,NA,NA,NA,NA,NA,NA,NA,NA,NA,139
Rotkehlchen,227,2018,2018-06-24,1,0,F,F,F,F,?,F,F,F,F,F,F,?,175
Rotkehlchen,227,2020,2020-03-15,3,0,F,T,F,F,?,F,F,F,F,F,F,?,75
Rotkehlchen,227,2020,2020-04-09,8,0,F,F,F,F,?,F,F,F,F,F,F,?,100
Rotkehlchen,227,2020,2020-05-09,3,0,F,F,F,F,?,F,F,F,F,F,F,?,130
Rotkehlchen,227,2020,2020-05-22,1,0,F,F,F,F,?,F,F,F,F,F,F,?,143
Rotkehlchen,227,2021,2021-03-20,1,0,F,?,?,?,?,?,F,?,?,?,?,?,79
Rotkehlchen,227,2021,2021-04-24,6,0,F,T,?,?,?,T,F,?,?,?,?,?,114
Rotkehlchen,227,2021,2021-05-08,3,0,F,T,?,?,?,?,F,?,?,?,?,?,128
Rotkehlchen,227,2021,2021-05-22,3,0,F,T,?,?,?,?,F,?,?,?,?,?,142
Rotkehlchen,228,2019,2019-03-28,2,0,F,T,F,F,?,F,F,F,F,F,F,?,87
Rotkehlchen,228,2019,2019-05-19,0,0,NA,NA,NA,NA,NA,NA,NA,NA,NA,NA,NA,NA,139
Rotkehlchen,228,2019,2019-06-17,0,0,NA,NA,NA,NA,NA,NA,NA,NA,NA,NA,NA,NA,168
Rotkehlchen,228,2019,2019-04-22,2,0,F,F,F,F,T,F,F,F,F,F,F,?,112
Rotkehlchen,228,2020,2020-03-20,3,0,F,T,F,F,?,F,F,F,F,F,F,?,80
Rotkehlchen,228,2020,2020-04-24,2,0,F,T,F,F,?,F,F,F,F,F,F,?,115
Rotkehlchen,228,2020,2020-05-20,0,0,NA,NA,NA,NA,NA,NA,NA,NA,NA,NA,NA,NA,141
Rotkehlchen,228,2020,2020-06-15,0,0,NA,NA,NA,NA,NA,NA,NA,NA,NA,NA,NA,NA,167
Rotkehlchen,228,2021,2021-03-25,1,0,?,T,F,F,?,F,F,?,F,F,F,?,84
Rotkehlchen,228,2021,2021-06-04,1,0,?,T,F,F,?,F,F,?,F,F,F,?,155
Rotkehlchen,228,2021,2021-05-15,0,0,NA,NA,NA,NA,NA,NA,NA,NA,NA,NA,NA,NA,135
Rotkehlchen,228,2021,2021-04-24,2,0,?,T,F,F,?,F,F,?,F,F,F,?,114
Rotkehlchen,228,2021,2021-04-15,0,0,NA,NA,NA,NA,NA,NA,NA,NA,NA,NA,NA,NA,105
Rotkehlchen,228,2022,2022-03-18,0,0,NA,NA,NA,NA,NA,NA,NA,NA,NA,NA,NA,NA,77
Rotkehlchen,228,2022,2022-04-13,1,0,F,T,F,F,?,F,F,F,F,F,F,?,103
Rotkehlchen,228,2022,2022-06-01,0,0,NA,NA,NA,NA,NA,NA,NA,NA,NA,NA,NA,NA,152
Rotkehlchen,228,2022,2022-05-09,1,0,F,T,F,F,?,F,F,F,F,F,F,?,129
Rotkehlchen,228,2023,2023-03-17,2,0,F,T,F,F,F,F,F,F,F,F,F,?,76
Rotkehlchen,228,2023,2023-04-20,1,0,F,T,F,F,F,F,F,F,F,F,F,?,110
Rotkehlchen,228,2023,2023-05-14,1,0,F,T,F,F,F,F,F,F,F,F,F,?,134
Rotkehlchen,228,2023,2023-06-10,0,0,NA,NA,NA,NA,NA,NA,NA,NA,NA,NA,NA,NA,161
Rotkehlchen,229,2018,2018-03-30,5,0,F,T,F,F,?,F,F,F,F,F,F,?,89
Rotkehlchen,229,2018,2018-04-30,5,0,F,T,F,F,?,F,F,F,T,F,F,?,120
Rotkehlchen,229,2018,2018-06-10,5,0,F,T,T,F,?,F,F,F,F,F,T,?,161
Rotkehlchen,229,2020,2020-03-20,14,0,F,T,F,F,?,F,F,F,F,F,F,?,80
Rotkehlchen,229,2020,2020-04-26,8,0,F,T,T,T,?,F,F,F,F,F,F,?,117
Rotkehlchen,229,2020,2020-05-20,12,0,F,T,T,F,?,F,F,F,F,F,F,?,141
Rotkehlchen,229,2020,2020-06-20,7,0,F,T,T,F,?,F,F,F,F,F,F,?,172
Rotkehlchen,229,2021,2021-03-31,17,0,?,T,?,?,?,?,?,?,?,?,?,?,90
Rotkehlchen,229,2021,2021-04-25,8,0,?,T,?,?,?,?,?,?,?,?,?,?,115
Rotkehlchen,229,2021,2021-05-23,4,0,?,T,?,?,?,?,?,?,T,?,?,?,143
Rotkehlchen,229,2021,2021-06-13,8,0,?,T,?,?,?,?,?,?,T,?,?,?,164
Rotkehlchen,230,2018,2018-03-27,4,0,F,T,F,F,?,F,F,F,F,F,F,?,86
Rotkehlchen,230,2018,2018-04-02,12,0,F,T,F,F,?,F,F,F,F,F,F,?,92
Rotkehlchen,230,2018,2018-05-19,3,0,F,T,F,T,?,F,F,F,F,F,F,?,139
Rotkehlchen,230,2018,2018-06-18,3,0,F,T,F,F,?,F,F,F,F,F,F,?,169
Rotkehlchen,230,2020,2020-03-15,6,0,T,T,F,T,?,F,F,F,F,F,F,?,75
Rotkehlchen,230,2020,2020-04-05,20,0,F,T,T,T,?,F,F,F,F,F,F,?,96
Rotkehlchen,230,2020,2020-05-03,10,0,F,T,F,T,?,F,F,F,F,F,F,?,124
Rotkehlchen,230,2020,2020-06-02,5,0,F,T,F,F,?,F,F,F,F,F,F,?,154
Rotkehlchen,230,2021,2021-03-28,15,0,F,T,F,F,?,F,T,F,F,F,F,?,87
Rotkehlchen,230,2021,2021-04-17,5,0,F,T,F,F,?,T,F,F,F,F,F,?,107
Rotkehlchen,230,2021,2021-05-08,12,0,T,T,F,T,?,F,F,F,F,F,F,?,128
Rotkehlchen,230,2021,2021-05-24,11,0,F,T,F,T,?,F,F,F,F,F,F,?,144
Rotkehlchen,235,2021,2021-03-31,7,0,F,T,?,T,?,?,F,?,?,?,?,?,90
Rotkehlchen,235,2021,2021-04-15,4,0,F,T,?,T,?,?,F,?,?,?,?,?,105
Rotkehlchen,235,2021,2021-05-13,2,0,F,T,?,?,?,?,F,?,?,?,?,?,133
Rotkehlchen,235,2021,2021-05-30,0,0,NA,NA,NA,NA,NA,NA,NA,NA,NA,NA,NA,NA,150
Rotkehlchen,237,2020,2020-03-29,7,0,F,T,T,F,?,F,F,F,F,F,F,?,89
Rotkehlchen,237,2020,2020-04-10,12,0,F,T,T,F,?,F,F,F,F,F,F,?,101
Rotkehlchen,237,2020,2020-05-03,6,0,F,T,T,F,?,F,F,F,F,F,F,?,124
Rotkehlchen,237,2020,2020-06-13,5,0,F,T,F,F,?,F,F,F,F,F,F,?,165
Rotkehlchen,237,2021,2021-04-02,9,0,F,T,?,?,?,?,F,?,?,?,?,?,92
Rotkehlchen,237,2021,2021-04-24,8,0,F,T,?,?,?,?,F,?,?,?,?,?,114
Rotkehlchen,237,2021,2021-05-15,7,0,F,T,?,?,?,?,F,?,?,?,?,?,135
Rotkehlchen,237,2021,2021-06-17,7,0,F,T,?,?,?,?,F,?,?,?,?,?,168
Rotkehlchen,238,2019,2019-03-20,12,0,F,T,F,F,?,T,F,F,F,F,F,?,79
Rotkehlchen,238,2019,2019-04-15,15,0,F,T,F,F,?,F,F,F,F,F,F,?,105
Rotkehlchen,238,2019,2019-05-17,6,0,F,T,F,F,?,F,F,F,T,F,F,?,137
Rotkehlchen,238,2019,2019-06-02,10,0,F,T,F,F,?,F,F,F,F,F,F,?,153
Rotkehlchen,238,2020,2020-03-19,19,0,F,T,F,F,?,F,F,F,F,F,F,?,79
Rotkehlchen,238,2020,2020-04-11,20,0,F,T,F,F,?,F,F,F,F,F,F,?,102
Rotkehlchen,238,2020,2020-05-11,7,0,F,T,F,F,?,F,F,F,F,F,F,?,132
Rotkehlchen,238,2020,2020-06-08,14,0,F,T,F,F,?,F,F,F,F,F,T,?,160
Rotkehlchen,238,2021,2021-03-29,17,0,?,T,F,F,?,F,F,?,F,F,F,?,88
Rotkehlchen,238,2021,2021-04-20,24,0,?,T,T,F,?,F,F,?,F,F,F,?,110
Rotkehlchen,238,2021,2021-05-10,15,0,?,T,F,F,?,F,F,?,F,F,F,?,130
Rotkehlchen,238,2021,2021-06-03,18,0,?,T,F,F,?,F,F,?,T,F,T,?,154
Rotkehlchen,238,2022,2022-03-25,18,0,F,T,F,F,?,F,F,F,F,F,F,?,84
Rotkehlchen,238,2022,2022-04-16,21,0,F,T,F,F,?,F,F,F,F,F,F,?,106
Rotkehlchen,238,2022,2022-05-20,18,0,F,T,F,F,?,F,F,F,F,F,F,?,140
Rotkehlchen,238,2022,2022-06-02,15,0,F,T,F,T,?,F,F,F,T,F,F,?,153
Rotkehlchen,238,2023,2023-03-18,9,0,F,T,F,F,F,F,F,F,F,F,F,?,77
Rotkehlchen,238,2023,2023-04-14,18,0,F,T,F,F,F,F,F,F,F,F,F,?,104
Rotkehlchen,238,2023,2023-05-07,11,0,F,T,F,F,F,F,F,F,F,F,F,?,127
Rotkehlchen,238,2023,2023-06-05,10,0,F,T,F,F,F,F,F,F,F,F,F,?,156
Rotkehlchen,239,2021,2021-04-30,2,0,F,T,F,F,?,F,F,F,F,F,F,?,120
Rotkehlchen,239,2021,2021-05-15,1,0,F,T,F,F,?,F,F,F,F,F,F,?,135
Rotkehlchen,239,2021,2021-06-05,1,0,F,T,F,F,?,F,F,F,F,F,F,?,156
Rotkehlchen,240,2018,2018-03-11,1,0,?,F,F,F,?,F,F,F,F,F,F,?,70
Rotkehlchen,240,2018,2018-04-09,8,0,?,T,F,F,?,F,F,F,F,F,F,?,99
Rotkehlchen,240,2018,2018-05-06,3,0,?,T,F,F,?,F,F,F,F,F,F,?,126
Rotkehlchen,240,2018,2018-06-04,12,0,?,T,F,F,?,F,F,F,F,F,F,?,155
Rotkehlchen,240,2020,2020-03-19,22,0,F,T,T,F,?,F,F,F,F,F,F,?,79
Rotkehlchen,240,2020,2020-04-10,19,0,F,T,T,F,?,F,F,F,F,F,F,?,101
Rotkehlchen,240,2020,2020-05-09,9,0,F,T,F,F,?,F,F,F,F,F,F,?,130
Rotkehlchen,240,2020,2020-06-04,8,0,F,T,F,F,?,F,F,F,F,F,F,?,156
Rotkehlchen,240,2021,2021-03-25,10,0,F,T,F,F,?,F,F,F,F,F,F,?,84
Rotkehlchen,240,2021,2021-04-22,21,0,F,T,F,F,?,F,F,F,F,F,F,?,112
Rotkehlchen,240,2021,2021-05-14,17,0,F,T,F,F,?,F,F,F,F,F,F,?,134
Rotkehlchen,240,2021,2021-06-13,12,0,F,T,F,F,?,F,F,F,F,F,F,?,164
Rotkehlchen,241,2019,2019-03-23,9,0,F,T,T,F,?,F,F,F,F,F,F,?,82
Rotkehlchen,241,2019,2019-04-18,6,0,F,T,T,F,?,F,F,F,F,F,F,?,108
Rotkehlchen,241,2019,2019-05-10,4,0,F,T,T,F,?,F,F,F,F,F,F,?,130
Rotkehlchen,241,2019,2019-06-06,3,0,F,T,F,F,?,F,F,F,F,F,F,?,157
Rotkehlchen,241,2020,2020-03-24,5,0,F,T,T,F,?,F,F,F,F,F,F,?,84
Rotkehlchen,241,2020,2020-04-17,9,0,F,T,T,F,?,F,F,F,F,F,F,?,108
Rotkehlchen,241,2020,2020-05-08,3,0,F,T,T,F,?,F,F,F,F,F,F,?,129
Rotkehlchen,241,2020,2020-06-03,2,0,F,T,T,F,?,F,F,F,F,F,F,?,155
Rotkehlchen,241,2021,2021-03-25,15,0,?,T,T,F,?,F,F,?,F,F,F,?,84
Rotkehlchen,241,2021,2021-04-23,12,0,?,T,T,F,?,F,F,?,F,F,F,?,113
Rotkehlchen,241,2021,2021-05-18,4,0,?,T,T,F,?,F,F,?,F,F,F,?,138
Rotkehlchen,241,2021,2021-06-09,2,0,?,T,F,F,?,F,F,?,F,F,F,?,160
Rotkehlchen,241,2022,2022-03-18,2,0,F,T,T,F,?,F,F,F,F,F,F,?,77
Rotkehlchen,241,2022,2022-04-21,9,0,F,T,T,F,?,F,F,F,F,T,F,?,111
Rotkehlchen,241,2022,2022-05-18,1,0,F,F,T,F,?,F,F,F,F,F,F,?,138
Rotkehlchen,241,2022,2022-06-10,0,0,NA,NA,NA,NA,NA,NA,NA,NA,NA,NA,NA,NA,161
Rotkehlchen,241,2023,2023-03-22,10,0,F,T,T,F,F,F,F,F,F,F,F,?,81
Rotkehlchen,241,2023,2023-04-22,9,0,F,T,T,F,F,F,F,F,F,F,F,?,112
Rotkehlchen,241,2023,2023-05-07,5,0,F,T,T,F,F,F,F,F,F,F,F,?,127
Rotkehlchen,241,2023,2023-06-10,4,0,F,T,F,F,F,F,F,F,F,F,F,?,161
Rotkehlchen,244,2021,2021-05-24,35,0,F,T,T,F,?,F,?,F,F,F,F,?,144
Rotkehlchen,245,2021,2021-03-29,7,0,?,T,T,?,?,?,?,?,?,?,?,?,88
Rotkehlchen,245,2021,2021-04-24,4,0,?,?,?,?,?,?,?,?,?,?,?,?,114
Rotkehlchen,245,2021,2021-05-09,2,0,?,?,?,?,?,?,?,?,?,?,?,?,129
Rotkehlchen,245,2021,2021-06-03,2,0,?,?,?,?,?,?,?,?,?,?,?,?,154
Rotkehlchen,246,2019,2019-03-23,4,0,F,T,F,F,?,F,F,F,F,F,F,?,82
Rotkehlchen,246,2019,2019-04-23,2,0,F,T,F,F,?,F,F,F,F,F,F,?,113
Rotkehlchen,246,2019,2019-05-13,2,0,F,T,F,F,?,T,F,F,F,T,F,?,133
Rotkehlchen,246,2019,2019-06-18,3,0,F,T,F,F,?,F,F,F,F,F,F,?,169
Rotkehlchen,246,2019,2019-06-16,0,0,NA,NA,NA,NA,NA,NA,NA,NA,NA,NA,NA,NA,167
Rotkehlchen,246,2020,2020-03-18,7,0,F,T,F,F,?,F,F,F,F,F,F,?,78
Rotkehlchen,246,2020,2020-04-19,4,0,F,T,F,F,?,F,F,F,F,F,F,?,110
Rotkehlchen,246,2020,2020-05-19,2,0,F,T,F,F,?,F,F,F,F,F,F,?,140
Rotkehlchen,246,2020,2020-06-17,0,0,NA,NA,NA,NA,NA,NA,NA,NA,NA,NA,NA,NA,169
Rotkehlchen,246,2021,2021-03-29,3,0,?,T,F,F,?,F,F,?,F,F,F,?,88
Rotkehlchen,246,2021,2021-04-26,2,0,?,T,F,F,?,F,F,?,F,F,F,?,116
Rotkehlchen,246,2021,2021-05-16,1,0,?,T,F,F,?,F,F,?,F,F,F,?,136
Rotkehlchen,246,2021,2021-06-16,0,0,NA,NA,NA,NA,NA,NA,NA,NA,NA,NA,NA,NA,167
Rotkehlchen,246,2022,2022-03-21,6,0,F,T,F,F,?,F,F,F,F,F,F,?,80
Rotkehlchen,246,2022,2022-04-11,1,0,F,T,F,F,?,F,F,F,F,F,F,?,101
Rotkehlchen,246,2022,2022-05-10,0,0,NA,NA,NA,NA,NA,NA,NA,NA,NA,NA,NA,NA,130
Rotkehlchen,246,2022,2022-06-02,0,0,NA,NA,NA,NA,NA,NA,NA,NA,NA,NA,NA,NA,153
Rotkehlchen,246,2023,2023-03-16,3,0,F,T,F,F,F,F,F,F,F,F,F,?,75
Rotkehlchen,246,2023,2023-04-23,0,0,NA,NA,NA,NA,NA,NA,NA,NA,NA,NA,NA,NA,113
Rotkehlchen,246,2023,2023-05-17,1,0,F,F,T,F,F,F,F,F,F,F,F,?,137
Rotkehlchen,246,2023,2023-06-17,1,0,F,T,F,F,F,F,F,F,F,F,F,?,168
Rotkehlchen,248,2019,2019-03-14,16,0,?,T,T,?,?,?,?,?,?,?,?,?,73
Rotkehlchen,248,2019,2019-04-24,14,0,?,T,?,?,?,?,?,?,?,?,?,?,114
Rotkehlchen,248,2019,2019-05-12,12,0,?,T,?,?,?,?,?,?,?,?,?,?,132
Rotkehlchen,248,2019,2019-05-29,4,0,?,T,?,?,?,?,?,?,?,?,?,?,149
Rotkehlchen,248,2020,2020-03-20,34,0,F,T,T,F,F,F,F,F,F,F,F,?,80
Rotkehlchen,248,2020,2020-04-14,12,0,F,T,F,F,F,F,F,F,F,F,F,?,105
Rotkehlchen,248,2020,2020-05-12,7,0,F,T,F,F,F,F,F,F,F,F,F,?,133
Rotkehlchen,248,2020,2020-06-05,0,0,NA,NA,NA,NA,NA,NA,NA,NA,NA,NA,NA,NA,157
Rotkehlchen,248,2021,2021-03-22,26,0,?,T,?,?,?,?,?,?,?,?,?,?,81
Rotkehlchen,248,2021,2021-04-16,12,0,?,T,?,?,?,?,?,?,?,?,?,?,106
Rotkehlchen,248,2021,2021-05-13,7,0,?,T,T,?,?,?,?,?,?,?,?,?,133
Rotkehlchen,248,2021,2021-05-31,2,2,T,?,?,?,?,?,?,?,?,?,?,?,151
Rotkehlchen,248,2022,2022-03-18,17,0,F,T,T,F,F,F,F,F,F,F,F,?,77
Rotkehlchen,248,2022,2022-04-07,6,0,F,T,F,F,F,F,F,F,F,F,F,?,97
Rotkehlchen,248,2022,2022-05-06,1,0,F,T,F,F,F,F,F,F,F,F,F,?,126
Rotkehlchen,248,2022,2022-06-09,3,0,F,T,T,F,F,F,F,F,F,F,F,?,160
Rotkehlchen,248,2023,2023-03-10,4,0,F,T,F,F,F,F,F,F,F,F,F,?,69
Rotkehlchen,248,2023,2023-04-12,3,0,F,T,F,F,F,F,F,F,F,F,F,?,102
Rotkehlchen,248,2023,2023-05-02,1,0,F,T,F,F,F,F,F,F,F,F,F,?,122
Rotkehlchen,248,2023,2023-05-25,1,0,F,T,F,F,F,F,F,F,F,F,F,?,145
Rotkehlchen,249,2018,2018-03-26,8,0,?,T,F,F,?,F,F,F,F,F,F,?,85
Rotkehlchen,249,2018,2018-04-09,15,0,?,T,T,F,?,F,F,F,F,F,F,?,99
Rotkehlchen,249,2018,2018-05-09,9,0,?,T,F,F,?,F,F,F,F,F,F,?,129
Rotkehlchen,249,2018,2018-06-06,12,0,?,F,F,F,?,F,F,F,F,F,F,?,157
Rotkehlchen,249,2020,2020-03-28,17,0,F,T,T,F,?,F,F,F,F,F,F,?,88
Rotkehlchen,249,2020,2020-04-28,8,0,F,T,F,F,?,F,F,F,F,F,F,?,119
Rotkehlchen,249,2020,2020-05-16,8,0,F,T,F,F,?,F,F,F,F,F,F,?,137
Rotkehlchen,249,2020,2020-06-13,13,0,F,T,F,F,?,F,F,F,F,F,F,?,165
Rotkehlchen,249,2021,2021-03-28,15,0,F,T,F,F,?,F,F,F,F,F,F,?,87
Rotkehlchen,249,2021,2021-04-19,11,0,F,T,T,F,?,F,F,F,F,F,F,?,109
Rotkehlchen,249,2021,2021-05-19,10,0,F,T,F,F,?,F,F,F,F,F,F,?,139
Rotkehlchen,249,2021,2021-06-13,17,0,F,T,T,F,?,F,F,F,F,F,F,?,164
Rotkehlchen,251,2021,2021-03-25,6,0,?,T,T,?,?,?,?,?,?,?,?,?,84
Rotkehlchen,251,2021,2021-04-24,2,0,?,?,T,?,?,?,?,?,?,?,?,?,114
Rotkehlchen,251,2021,2021-05-10,0,0,NA,NA,NA,NA,NA,NA,NA,NA,NA,NA,NA,NA,130
Rotkehlchen,251,2021,2021-06-05,0,0,NA,NA,NA,NA,NA,NA,NA,NA,NA,NA,NA,NA,156
Rotkehlchen,252,2018,2018-03-23,1,0,F,T,F,F,?,F,F,F,F,F,F,?,82
Rotkehlchen,252,2018,2018-05-14,0,0,NA,NA,NA,NA,NA,NA,NA,NA,NA,NA,NA,NA,134
Rotkehlchen,252,2018,2018-06-20,0,0,NA,NA,NA,NA,NA,NA,NA,NA,NA,NA,NA,NA,171
Rotkehlchen,252,2020,2020-03-19,2,0,F,T,F,F,?,F,F,F,F,F,F,?,79
Rotkehlchen,252,2020,2020-04-25,0,0,NA,NA,NA,NA,NA,NA,NA,NA,NA,NA,NA,NA,116
Rotkehlchen,252,2020,2020-05-20,0,0,NA,NA,NA,NA,NA,NA,NA,NA,NA,NA,NA,NA,141
Rotkehlchen,252,2020,2020-06-15,0,0,NA,NA,NA,NA,NA,NA,NA,NA,NA,NA,NA,NA,167
Rotkehlchen,253,2021,2021-03-29,1,0,?,T,?,?,?,?,?,?,?,?,?,?,88
Rotkehlchen,253,2021,2021-04-27,1,0,?,T,?,?,?,?,?,?,?,?,?,?,117
Rotkehlchen,253,2021,2021-05-29,3,0,?,T,?,?,?,?,?,?,?,?,?,?,149
Rotkehlchen,253,2021,2021-06-27,0,0,NA,NA,NA,NA,NA,NA,NA,NA,NA,NA,NA,NA,178
Rotkehlchen,254,2020,2020-04-04,25,0,F,T,F,F,?,F,F,F,F,F,F,?,95
Rotkehlchen,254,2020,2020-04-13,23,0,F,T,F,F,?,F,F,F,F,F,F,?,104
Rotkehlchen,254,2020,2020-05-10,12,0,F,T,F,T,?,F,F,F,T,F,F,?,131
Rotkehlchen,254,2020,2020-06-13,16,0,F,T,F,F,?,F,F,F,F,F,T,?,165
Rotkehlchen,254,2021,2021-03-27,32,0,F,T,?,?,?,?,F,?,?,?,?,?,86
Rotkehlchen,254,2021,2021-04-24,23,0,F,T,?,?,?,?,F,?,?,?,?,?,114
Rotkehlchen,254,2021,2021-05-08,24,0,F,T,?,?,?,?,F,?,T,?,?,?,128
Rotkehlchen,254,2021,2021-06-12,21,0,F,T,?,?,?,?,F,?,?,?,?,?,163
Rotkehlchen,255,2020,2020-03-27,1,0,F,F,F,F,?,F,F,F,F,F,F,?,87
Rotkehlchen,255,2020,2020-04-19,1,0,F,T,F,F,?,F,F,F,F,F,F,?,110
Rotkehlchen,255,2020,2020-05-04,0,0,NA,NA,NA,NA,NA,NA,NA,NA,NA,NA,NA,NA,125
Rotkehlchen,255,2020,2020-06-02,0,0,NA,NA,NA,NA,NA,NA,NA,NA,NA,NA,NA,NA,154
Rotkehlchen,255,2021,2021-03-22,6,0,?,T,?,T,?,?,?,?,?,?,?,?,81
Rotkehlchen,255,2021,2021-04-14,1,0,?,T,?,?,?,?,?,?,?,?,?,?,104
Rotkehlchen,255,2021,2021-05-10,0,0,NA,NA,NA,NA,NA,NA,NA,NA,NA,NA,NA,NA,130
Rotkehlchen,255,2021,2021-06-01,0,0,NA,NA,NA,NA,NA,NA,NA,NA,NA,NA,NA,NA,152
Rotkehlchen,255,2022,2022-03-30,1,0,F,T,F,F,F,F,F,F,F,F,F,?,89
Rotkehlchen,255,2022,2022-04-20,1,0,F,F,F,F,F,F,F,F,F,F,F,?,110
Rotkehlchen,255,2022,2022-05-11,0,0,NA,NA,NA,NA,NA,NA,NA,NA,NA,NA,NA,NA,131
Rotkehlchen,255,2022,2022-06-01,0,0,NA,NA,NA,NA,NA,NA,NA,NA,NA,NA,NA,NA,152
Rotkehlchen,255,2023,2023-03-22,2,0,F,T,F,F,F,F,F,F,F,F,F,?,81
Rotkehlchen,255,2023,2023-04-17,0,0,NA,NA,NA,NA,NA,NA,NA,NA,NA,NA,NA,NA,107
Rotkehlchen,255,2023,2023-05-10,0,0,NA,NA,NA,NA,NA,NA,NA,NA,NA,NA,NA,NA,130
Rotkehlchen,255,2023,2023-06-12,0,0,NA,NA,NA,NA,NA,NA,NA,NA,NA,NA,NA,NA,163
Rotkehlchen,256,2021,2021-03-22,2,0,?,T,?,?,?,?,?,?,?,?,?,?,81
Rotkehlchen,256,2021,2021-04-14,0,0,NA,NA,NA,NA,NA,NA,NA,NA,NA,NA,NA,NA,104
Rotkehlchen,256,2021,2021-05-08,0,0,NA,NA,NA,NA,NA,NA,NA,NA,NA,NA,NA,NA,128
Rotkehlchen,256,2021,2021-05-31,0,0,NA,NA,NA,NA,NA,NA,NA,NA,NA,NA,NA,NA,151
Rotkehlchen,256,2022,2022-03-28,0,0,NA,NA,NA,NA,NA,NA,NA,NA,NA,NA,NA,NA,87
Rotkehlchen,256,2022,2022-04-19,1,0,F,T,F,F,F,F,F,F,F,F,F,?,109
Rotkehlchen,256,2022,2022-05-02,0,0,NA,NA,NA,NA,NA,NA,NA,NA,NA,NA,NA,NA,122
Rotkehlchen,256,2022,2022-06-02,0,0,NA,NA,NA,NA,NA,NA,NA,NA,NA,NA,NA,NA,153
Rotkehlchen,256,2023,2023-03-20,5,0,F,T,T,T,F,F,F,F,F,F,F,?,79
Rotkehlchen,256,2023,2023-04-11,1,0,F,T,F,F,F,F,F,F,F,F,F,?,101
Rotkehlchen,256,2023,2023-05-08,1,0,F,T,F,F,F,F,F,F,F,F,F,?,128
Rotkehlchen,256,2023,2023-06-05,0,0,NA,NA,NA,NA,NA,NA,NA,NA,NA,NA,NA,NA,156
Rotkehlchen,257,2018,2018-03-14,0,0,NA,NA,NA,NA,NA,NA,NA,NA,NA,NA,NA,NA,73
Rotkehlchen,257,2018,2018-04-06,1,0,?,T,F,F,?,F,F,F,F,F,F,?,96
Rotkehlchen,257,2018,2018-05-02,0,0,NA,NA,NA,NA,NA,NA,NA,NA,NA,NA,NA,NA,122
Rotkehlchen,257,2018,2018-05-30,0,0,NA,NA,NA,NA,NA,NA,NA,NA,NA,NA,NA,NA,150
Rotkehlchen,258,2020,2020-03-19,8,0,F,T,T,F,?,F,F,F,F,F,F,?,79
Rotkehlchen,258,2020,2020-04-25,8,0,F,T,T,F,?,F,F,F,F,F,F,?,116
Rotkehlchen,258,2020,2020-05-20,8,0,T,T,T,F,?,F,F,F,F,F,F,?,141
Rotkehlchen,258,2020,2020-06-15,10,0,F,T,T,F,?,F,F,F,F,F,F,?,167
Rotkehlchen,259,2020,2020-03-20,9,0,F,T,F,F,?,F,F,F,F,F,F,?,80
Rotkehlchen,259,2020,2020-04-17,2,0,F,T,F,F,?,F,F,F,F,F,F,?,108
Rotkehlchen,259,2020,2020-05-09,1,0,F,T,F,F,?,F,F,F,F,F,F,?,130
Rotkehlchen,259,2020,2020-05-29,2,0,F,T,F,F,?,F,F,F,F,F,F,?,150
Rotkehlchen,259,2021,2021-03-24,13,0,?,T,T,?,?,?,?,?,?,?,?,?,83
Rotkehlchen,259,2021,2021-04-15,6,0,?,T,?,?,?,?,?,?,?,?,?,?,105
Rotkehlchen,259,2021,2021-05-14,4,0,?,T,?,?,?,?,?,?,?,?,?,?,134
Rotkehlchen,259,2021,2021-06-02,6,0,?,T,?,?,?,?,?,?,?,?,?,?,153
Rotkehlchen,259,2022,2022-03-30,6,0,F,T,F,T,F,F,F,F,F,F,F,?,89
Rotkehlchen,259,2022,2022-04-19,7,0,F,T,F,F,F,F,F,F,F,F,F,?,109
Rotkehlchen,259,2022,2022-05-12,2,0,F,T,F,F,F,F,F,F,F,F,F,?,132
Rotkehlchen,259,2022,2022-06-15,2,0,F,T,F,F,F,F,F,F,F,F,F,?,166
Rotkehlchen,259,2023,2023-03-21,20,0,F,T,F,T,F,F,F,F,F,F,F,?,80
Rotkehlchen,259,2023,2023-04-13,7,0,F,T,F,F,F,F,F,F,F,F,F,?,103
Rotkehlchen,259,2023,2023-05-09,2,0,F,T,F,T,F,F,F,F,F,F,F,?,129
Rotkehlchen,259,2023,2023-06-06,7,0,F,T,F,T,F,F,F,F,F,F,F,?,157
Rotkehlchen,261,2021,2021-03-26,22,0,F,T,?,?,?,?,F,?,?,?,?,?,85
Rotkehlchen,261,2021,2021-04-23,11,0,F,T,?,?,?,?,F,?,?,?,?,?,113
Rotkehlchen,261,2021,2021-05-13,10,0,F,T,?,?,?,?,F,?,?,?,?,?,133
Rotkehlchen,261,2021,2021-06-13,7,0,F,T,?,?,?,?,F,?,?,?,?,?,164
Rotkehlchen,263,2018,2018-03-29,5,0,F,T,F,F,?,T,F,F,F,F,F,?,88
Rotkehlchen,263,2018,2018-04-11,0,0,NA,NA,NA,NA,NA,NA,NA,NA,NA,NA,NA,NA,101
Rotkehlchen,263,2018,2018-04-15,2,0,F,T,F,F,?,F,F,F,F,F,F,?,105
Rotkehlchen,263,2018,2018-06-03,0,0,NA,NA,NA,NA,NA,NA,NA,NA,NA,NA,NA,NA,154
Rotkehlchen,263,2020,2020-03-22,7,0,F,T,F,F,?,F,F,F,F,F,F,?,82
Rotkehlchen,263,2020,2020-04-19,0,0,NA,NA,NA,NA,NA,NA,NA,NA,NA,NA,NA,NA,110
Rotkehlchen,263,2020,2020-05-14,1,0,F,T,F,F,?,F,F,F,F,F,F,?,135
Rotkehlchen,263,2020,2020-06-07,3,0,F,T,F,F,?,F,F,F,F,F,F,?,159
Rotkehlchen,263,2021,2021-03-30,6,0,F,T,?,?,?,?,F,?,?,?,?,?,89
Rotkehlchen,263,2021,2021-04-17,2,0,F,T,?,?,?,?,F,?,?,?,?,?,107
Rotkehlchen,263,2021,2021-06-04,3,0,F,T,?,?,?,?,F,?,?,?,?,?,155
Rotkehlchen,265,2021,2021-03-27,15,0,F,T,?,?,?,?,F,?,?,?,?,?,86
Rotkehlchen,265,2021,2021-04-24,7,0,F,T,?,?,?,?,F,?,?,?,?,?,114
Rotkehlchen,265,2021,2021-05-15,1,0,F,T,?,?,?,?,F,?,?,?,?,?,135
Rotkehlchen,265,2021,2021-06-19,2,0,F,?,?,?,?,?,F,?,?,?,?,?,170
Rotkehlchen,266,2018,2018-03-24,0,0,NA,NA,NA,NA,NA,NA,NA,NA,NA,NA,NA,NA,83
Rotkehlchen,266,2018,2018-04-07,1,0,F,F,F,F,?,F,F,F,F,F,F,?,97
Rotkehlchen,266,2018,2018-05-15,0,0,NA,NA,NA,NA,NA,NA,NA,NA,NA,NA,NA,NA,135
Rotkehlchen,266,2018,2018-06-06,0,0,NA,NA,NA,NA,NA,NA,NA,NA,NA,NA,NA,NA,157
Rotkehlchen,266,2020,2020-03-20,4,0,F,T,F,F,?,F,F,F,F,F,F,?,80
Rotkehlchen,266,2020,2020-04-18,1,0,F,T,F,F,?,F,F,F,F,F,F,?,109
Rotkehlchen,266,2020,2020-05-16,2,0,F,F,F,T,?,F,F,F,F,F,F,?,137
Rotkehlchen,266,2020,2020-06-08,0,0,NA,NA,NA,NA,NA,NA,NA,NA,NA,NA,NA,NA,160
Rotkehlchen,266,2021,2021-03-24,6,0,F,T,?,?,?,?,F,T,T,T,?,?,83
Rotkehlchen,266,2021,2021-04-15,3,0,F,T,?,?,?,?,F,?,?,?,?,?,105
Rotkehlchen,266,2021,2021-05-13,3,0,F,T,?,?,?,?,F,?,T,?,?,?,133
Rotkehlchen,266,2021,2021-06-10,3,0,F,T,?,?,?,?,F,?,?,?,?,?,161
Rotkehlchen,268,2018,2018-04-14,2,0,F,T,F,F,?,F,F,F,F,F,F,?,104
Rotkehlchen,268,2018,2018-05-09,0,0,NA,NA,NA,NA,NA,NA,NA,NA,NA,NA,NA,NA,129
Rotkehlchen,268,2018,2018-05-15,4,0,F,T,F,F,?,F,F,F,F,F,F,?,135
Rotkehlchen,268,2018,2018-06-18,0,0,NA,NA,NA,NA,NA,NA,NA,NA,NA,NA,NA,NA,169
Rotkehlchen,268,2020,2020-03-15,4,0,F,T,F,F,?,F,F,F,F,F,F,?,75
Rotkehlchen,268,2020,2020-04-05,3,0,F,T,F,F,?,F,F,F,F,F,F,?,96
Rotkehlchen,268,2020,2020-05-08,0,0,NA,NA,NA,NA,NA,NA,NA,NA,NA,NA,NA,NA,129
Rotkehlchen,268,2020,2020-05-27,0,0,NA,NA,NA,NA,NA,NA,NA,NA,NA,NA,NA,NA,148
Rotkehlchen,269,2018,2018-03-26,11,0,?,T,T,F,?,F,F,F,F,F,F,?,85
Rotkehlchen,269,2018,2018-04-27,15,0,?,T,F,F,?,F,F,F,F,F,F,?,117
Rotkehlchen,269,2018,2018-05-18,24,0,?,T,F,F,?,F,F,F,F,F,F,?,138
Rotkehlchen,269,2018,2018-06-04,16,0,?,T,F,F,?,F,F,F,F,F,F,?,155
Rotkehlchen,269,2020,2020-03-27,9,0,F,T,F,F,?,F,F,F,F,F,F,?,87
Rotkehlchen,269,2020,2020-04-29,10,0,F,T,F,F,?,F,F,F,F,F,F,?,120
Rotkehlchen,269,2020,2020-05-08,12,0,F,T,F,F,?,F,F,F,F,F,F,?,129
Rotkehlchen,269,2020,2020-06-01,11,0,F,T,F,T,?,F,F,F,F,F,F,?,153
Rotkehlchen,272,2019,2019-03-25,2,0,F,T,T,F,?,F,F,F,F,F,F,?,84
Rotkehlchen,272,2019,2019-04-14,0,0,NA,NA,NA,NA,NA,NA,NA,NA,NA,NA,NA,NA,104
Rotkehlchen,272,2019,2019-05-07,0,0,NA,NA,NA,NA,NA,NA,NA,NA,NA,NA,NA,NA,127
Rotkehlchen,272,2019,2019-06-03,0,0,NA,NA,NA,NA,NA,NA,NA,NA,NA,NA,NA,NA,154
Rotkehlchen,272,2020,2020-03-20,1,0,F,F,T,F,?,F,F,F,F,F,F,?,80
Rotkehlchen,272,2020,2020-04-25,0,0,NA,NA,NA,NA,NA,NA,NA,NA,NA,NA,NA,NA,116
Rotkehlchen,272,2020,2020-05-18,0,0,NA,NA,NA,NA,NA,NA,NA,NA,NA,NA,NA,NA,139
Rotkehlchen,272,2020,2020-06-19,0,0,NA,NA,NA,NA,NA,NA,NA,NA,NA,NA,NA,NA,171
Rotkehlchen,272,2023,2023-03-17,1,0,F,T,F,F,F,F,F,F,F,F,F,?,76
Rotkehlchen,272,2023,2023-04-19,0,0,NA,NA,NA,NA,NA,NA,NA,NA,NA,NA,NA,NA,109
Rotkehlchen,272,2023,2023-05-16,0,0,NA,NA,NA,NA,NA,NA,NA,NA,NA,NA,NA,NA,136
Rotkehlchen,272,2023,2023-06-15,0,0,NA,NA,NA,NA,NA,NA,NA,NA,NA,NA,NA,NA,166
Rotkehlchen,273,2019,2019-03-19,11,0,F,T,T,F,?,F,F,F,T,F,F,?,78
Rotkehlchen,273,2019,2019-04-22,3,0,F,T,F,T,?,F,F,F,F,F,F,?,112
Rotkehlchen,273,2019,2019-05-30,2,0,F,T,F,F,?,F,F,F,F,F,F,?,150
Rotkehlchen,273,2019,2019-06-18,5,0,F,T,T,T,?,F,F,F,T,F,F,?,169
Rotkehlchen,273,2020,2020-03-25,2,0,F,F,T,F,?,F,F,F,F,F,F,?,85
Rotkehlchen,273,2020,2020-04-22,1,0,F,T,F,F,?,F,F,F,F,F,F,?,113
Rotkehlchen,273,2020,2020-05-20,2,2,T,F,T,F,?,F,F,F,F,F,F,?,141
Rotkehlchen,273,2020,2020-06-18,1,0,F,F,T,F,?,F,F,F,F,F,F,?,170
Rotkehlchen,273,2021,2021-03-30,12,0,F,T,F,F,?,F,F,F,F,F,F,?,89
Rotkehlchen,273,2021,2021-04-25,9,0,F,T,F,F,?,F,F,F,F,F,F,?,115
Rotkehlchen,273,2021,2021-05-12,1,0,F,T,F,F,?,F,F,F,F,F,F,?,132
Rotkehlchen,273,2021,2021-06-09,5,0,F,T,F,F,?,F,F,F,F,F,F,?,160
Rotkehlchen,273,2022,2022-03-31,9,0,F,T,T,F,F,F,F,F,F,F,F,?,90
Rotkehlchen,273,2022,2022-04-22,4,0,F,T,F,F,F,F,F,F,F,F,F,?,112
Rotkehlchen,273,2022,2022-05-20,3,0,F,T,F,F,F,F,F,F,F,F,F,?,140
Rotkehlchen,273,2022,2022-06-16,3,0,F,T,F,F,F,F,F,F,F,F,F,?,167
Rotkehlchen,273,2023,2023-03-29,5,0,F,T,F,F,F,F,F,F,F,F,F,?,88
Rotkehlchen,273,2023,2023-04-20,3,0,F,T,F,F,F,F,F,F,F,F,F,?,110
Rotkehlchen,273,2023,2023-05-18,2,0,F,T,F,F,F,F,F,F,F,F,F,?,138
Rotkehlchen,273,2023,2023-06-20,4,0,F,T,T,F,F,F,F,F,F,F,F,?,171
Rotkehlchen,274,2019,2019-03-25,5,0,F,T,F,F,?,F,F,F,F,F,F,?,84
Rotkehlchen,274,2019,2019-04-18,11,0,F,T,T,F,?,F,F,F,T,F,F,?,108
Rotkehlchen,274,2019,2019-05-24,5,0,F,T,F,F,?,F,F,F,F,F,F,?,144
Rotkehlchen,274,2019,2019-06-03,7,0,F,T,T,F,?,F,F,F,T,F,F,?,154
Rotkehlchen,274,2020,2020-03-24,3,0,F,T,T,F,?,F,F,F,F,F,F,?,84
Rotkehlchen,274,2020,2020-04-27,2,0,F,T,F,F,?,F,F,F,F,F,F,?,118
Rotkehlchen,274,2020,2020-05-19,4,0,F,F,T,F,?,F,F,F,F,F,F,?,140
Rotkehlchen,274,2020,2020-06-17,2,0,F,T,T,F,?,F,F,F,F,F,F,?,169
Rotkehlchen,274,2021,2021-03-25,3,0,F,T,F,F,?,F,F,F,F,F,F,?,84
Rotkehlchen,274,2021,2021-04-28,4,0,F,T,F,F,?,F,F,F,F,F,F,?,118
Rotkehlchen,274,2021,2021-05-10,7,0,F,T,F,F,?,F,F,F,T,F,F,?,130
Rotkehlchen,274,2021,2021-06-18,7,0,F,T,F,F,?,F,F,F,F,F,F,?,169
Rotkehlchen,274,2022,2022-03-31,7,0,F,T,F,F,F,F,F,F,F,F,F,?,90
Rotkehlchen,274,2022,2022-04-28,11,0,F,T,F,F,F,F,F,F,F,F,F,?,118
Rotkehlchen,274,2022,2022-05-19,7,0,F,T,F,F,F,F,F,F,F,F,F,?,139
Rotkehlchen,274,2022,2022-06-08,7,0,F,T,F,F,F,F,F,F,F,F,F,?,159
Rotkehlchen,274,2023,2023-03-28,14,0,F,T,F,F,F,F,F,F,F,F,F,?,87
Rotkehlchen,274,2023,2023-04-25,12,0,F,T,F,F,F,F,F,F,F,F,F,?,115
Rotkehlchen,274,2023,2023-05-16,14,0,F,T,F,F,F,F,F,F,F,F,F,?,136
Rotkehlchen,274,2023,2023-06-16,10,0,F,T,F,F,F,F,F,F,F,F,F,?,167
Rotkehlchen,276,2018,2018-04-22,0,0,NA,NA,NA,NA,NA,NA,NA,NA,NA,NA,NA,NA,112
Rotkehlchen,276,2018,2018-06-18,0,0,NA,NA,NA,NA,NA,NA,NA,NA,NA,NA,NA,NA,169
Rotkehlchen,276,2018,2018-03-29,3,0,F,F,F,F,?,F,T,F,F,F,F,?,88
Rotkehlchen,276,2018,2018-05-21,0,0,NA,NA,NA,NA,NA,NA,NA,NA,NA,NA,NA,NA,141
Rotkehlchen,276,2020,2020-03-27,3,0,T,F,F,F,?,T,F,F,F,F,F,?,87
Rotkehlchen,276,2020,2020-04-26,1,0,F,F,F,F,?,F,F,F,F,F,F,?,117
Rotkehlchen,276,2020,2020-05-21,1,0,F,F,F,F,?,F,F,F,F,F,F,?,142
Rotkehlchen,276,2020,2020-06-24,0,0,NA,NA,NA,NA,NA,NA,NA,NA,NA,NA,NA,NA,176
Rotkehlchen,276,2021,2021-04-25,1,0,F,T,F,F,?,F,F,F,F,F,F,?,115
Rotkehlchen,276,2021,2021-06-21,0,0,NA,NA,NA,NA,NA,NA,NA,NA,NA,NA,NA,NA,172
Rotkehlchen,276,2021,2021-03-28,0,0,NA,NA,NA,NA,NA,NA,NA,NA,NA,NA,NA,NA,87
Rotkehlchen,276,2021,2021-05-24,0,0,NA,NA,NA,NA,NA,NA,NA,NA,NA,NA,NA,NA,144
Rotkehlchen,281,2018,2018-03-18,0,0,NA,NA,NA,NA,NA,NA,NA,NA,NA,NA,NA,NA,77
Rotkehlchen,281,2018,2018-04-19,2,0,F,T,F,F,?,F,F,F,F,F,F,?,109
Rotkehlchen,281,2018,2018-05-18,0,0,NA,NA,NA,NA,NA,NA,NA,NA,NA,NA,NA,NA,138
Rotkehlchen,281,2018,2018-06-07,1,0,F,T,F,F,?,F,F,F,F,F,F,?,158
Rotkehlchen,281,2020,2020-03-18,1,0,F,T,F,F,?,F,F,F,F,F,F,?,78
Rotkehlchen,281,2020,2020-04-18,2,0,F,T,F,F,?,F,F,F,F,F,F,?,109
Rotkehlchen,281,2020,2020-05-08,0,0,NA,NA,NA,NA,NA,NA,NA,NA,NA,NA,NA,NA,129
Rotkehlchen,281,2020,2020-06-15,2,0,F,T,F,F,?,F,F,F,F,F,F,?,167
Rotkehlchen,281,2021,2021-03-31,1,0,F,T,F,F,?,F,F,F,F,F,F,?,90
Rotkehlchen,281,2021,2021-04-23,3,0,F,T,F,F,?,F,F,F,F,F,F,?,113
Rotkehlchen,281,2021,2021-05-14,1,0,F,T,F,F,?,F,F,F,F,F,F,?,134
Rotkehlchen,281,2021,2021-06-11,3,0,F,T,F,F,?,F,F,F,F,F,F,?,162
Rotkehlchen,283,2020,2020-03-26,1,0,F,T,F,F,?,F,F,F,F,F,F,?,86
Rotkehlchen,283,2020,2020-04-25,2,0,F,T,F,F,?,F,F,F,F,F,F,?,116
Rotkehlchen,283,2020,2020-05-20,2,0,F,F,T,F,?,F,F,F,F,T,F,?,141
Rotkehlchen,283,2020,2020-06-20,2,0,F,F,T,F,?,F,F,F,F,T,F,?,172
Rotkehlchen,283,2021,2021-03-25,0,0,NA,NA,NA,NA,NA,NA,NA,NA,NA,NA,NA,NA,84
Rotkehlchen,283,2021,2021-04-16,0,0,NA,NA,NA,NA,NA,NA,NA,NA,NA,NA,NA,NA,106
Rotkehlchen,283,2021,2021-06-20,1,0,F,F,F,F,?,F,F,F,F,T,F,?,171
Rotkehlchen,283,2021,2021-05-24,1,0,F,F,F,F,?,F,F,F,F,T,F,?,144
Rotkehlchen,284,2018,2018-03-24,2,0,?,F,F,F,?,F,F,F,F,F,F,?,83
Rotkehlchen,284,2018,2018-04-18,8,0,?,F,F,F,?,F,F,F,F,F,F,?,108
Rotkehlchen,284,2018,2018-05-17,0,0,NA,NA,NA,NA,NA,NA,NA,NA,NA,NA,NA,NA,137
Rotkehlchen,284,2018,2018-06-27,0,0,NA,NA,NA,NA,NA,NA,NA,NA,NA,NA,NA,NA,178
Rotkehlchen,284,2020,2020-03-16,10,0,F,T,F,F,?,F,F,F,F,F,F,?,76
Rotkehlchen,284,2020,2020-04-20,3,0,F,T,F,F,?,F,F,F,F,F,F,?,111
Rotkehlchen,284,2020,2020-05-20,2,0,F,T,F,F,?,T,F,F,F,F,F,?,141
Rotkehlchen,284,2020,2020-06-19,0,0,NA,NA,NA,NA,NA,NA,NA,NA,NA,NA,NA,NA,171
Rotkehlchen,284,2021,2021-03-24,4,0,F,T,F,F,?,F,F,F,F,F,F,?,83
Rotkehlchen,284,2021,2021-04-21,2,0,F,T,F,F,?,F,F,F,F,F,F,?,111
Rotkehlchen,284,2021,2021-05-14,0,0,NA,NA,NA,NA,NA,NA,NA,NA,NA,NA,NA,NA,134
Rotkehlchen,284,2021,2021-06-16,1,0,F,T,F,F,?,F,F,F,F,F,F,?,167
Rotkehlchen,286,2020,2020-03-17,9,0,F,T,F,F,?,F,F,F,F,F,F,?,77
Rotkehlchen,286,2020,2020-04-24,11,0,F,T,F,F,?,F,F,F,F,F,F,?,115
Rotkehlchen,286,2020,2020-05-16,4,0,F,T,F,F,?,F,F,F,F,F,F,?,137
Rotkehlchen,286,2020,2020-06-25,6,0,F,T,F,F,?,F,F,F,F,F,F,?,177
Rotkehlchen,286,2021,2021-03-22,5,0,F,T,F,F,?,F,F,F,F,F,F,?,81
Rotkehlchen,286,2021,2021-04-24,6,0,F,T,F,F,?,F,F,F,F,F,F,?,114
Rotkehlchen,286,2021,2021-05-20,3,0,F,T,T,F,?,F,F,F,F,F,F,?,140
Rotkehlchen,286,2021,2021-06-20,8,0,F,T,F,F,?,F,F,F,F,F,F,?,171
Rotkehlchen,289,2018,2018-03-25,2,0,F,T,F,F,?,F,F,F,F,F,F,?,84
Rotkehlchen,289,2018,2018-05-31,6,0,F,T,F,F,?,F,F,F,F,F,F,?,151
Rotkehlchen,289,2018,2018-04-12,11,0,F,T,F,F,?,F,F,F,F,F,F,?,102
Rotkehlchen,289,2020,2020-03-17,9,0,F,T,F,F,?,F,F,F,F,F,F,?,77
Rotkehlchen,289,2020,2020-04-05,10,0,F,T,F,F,?,F,F,F,F,F,F,?,96
Rotkehlchen,289,2020,2020-05-16,3,0,F,T,F,F,?,F,F,F,F,F,F,?,137
Rotkehlchen,289,2020,2020-06-08,8,0,T,T,F,F,?,F,F,F,F,F,F,?,160
Rotkehlchen,290,2019,2019-03-31,1,0,F,F,T,F,?,F,F,F,F,F,F,?,90
Rotkehlchen,290,2019,2019-04-18,3,0,F,T,F,F,?,F,F,F,F,F,F,?,108
Rotkehlchen,290,2019,2019-05-13,0,0,NA,NA,NA,NA,NA,NA,NA,NA,NA,NA,NA,NA,133
Rotkehlchen,290,2019,2019-06-08,0,0,NA,NA,NA,NA,NA,NA,NA,NA,NA,NA,NA,NA,159
Rotkehlchen,290,2021,2021-03-24,1,0,F,F,F,F,?,F,F,F,F,F,F,?,83
Rotkehlchen,290,2021,2021-04-21,0,0,NA,NA,NA,NA,NA,NA,NA,NA,NA,NA,NA,NA,111
Rotkehlchen,290,2021,2021-05-20,0,0,NA,NA,NA,NA,NA,NA,NA,NA,NA,NA,NA,NA,140
Rotkehlchen,290,2021,2021-06-16,0,0,NA,NA,NA,NA,NA,NA,NA,NA,NA,NA,NA,NA,167
Rotkehlchen,290,2022,2022-03-23,1,0,F,F,F,F,F,F,F,F,F,F,F,?,82
Rotkehlchen,290,2022,2022-04-20,0,0,NA,NA,NA,NA,NA,NA,NA,NA,NA,NA,NA,NA,110
Rotkehlchen,290,2022,2022-05-10,0,0,NA,NA,NA,NA,NA,NA,NA,NA,NA,NA,NA,NA,130
Rotkehlchen,290,2022,2022-06-08,0,0,NA,NA,NA,NA,NA,NA,NA,NA,NA,NA,NA,NA,159
Rotkehlchen,290,2023,2023-03-21,3,0,F,T,T,F,F,F,F,F,F,F,F,?,80
Rotkehlchen,290,2023,2023-04-13,2,0,F,T,F,F,F,F,F,F,F,F,F,?,103
Rotkehlchen,290,2023,2023-05-10,0,0,NA,NA,NA,NA,NA,NA,NA,NA,NA,NA,NA,NA,130
Rotkehlchen,290,2023,2023-06-13,0,0,NA,NA,NA,NA,NA,NA,NA,NA,NA,NA,NA,NA,164
Rotkehlchen,291,2018,2018-03-18,3,0,?,T,T,F,?,F,F,F,F,F,F,?,77
Rotkehlchen,291,2018,2018-04-08,7,0,?,T,T,F,?,F,F,F,F,F,F,?,98
Rotkehlchen,291,2018,2018-04-15,6,0,?,T,F,F,?,F,F,F,F,F,F,?,105
Rotkehlchen,291,2018,2018-05-27,1,0,?,T,F,F,?,F,F,F,F,F,F,?,147
Rotkehlchen,291,2020,2020-03-18,7,0,F,T,F,F,?,F,F,F,F,F,F,?,78
Rotkehlchen,291,2020,2020-04-10,10,0,F,T,F,F,?,F,F,F,F,F,F,?,101
Rotkehlchen,291,2020,2020-05-25,7,0,F,T,F,F,?,F,F,F,F,F,F,?,146
Rotkehlchen,291,2020,2020-06-21,4,0,F,T,F,F,?,F,F,F,F,F,F,?,173
Rotkehlchen,292,2021,2012-03-26,7,0,?,T,T,F,?,F,F,?,F,F,F,?,86
Rotkehlchen,292,2021,2021-04-24,12,0,?,T,T,T,?,F,F,?,F,F,F,?,114
Rotkehlchen,292,2021,2021-05-19,4,0,?,T,T,F,?,F,F,?,F,F,F,?,139
Rotkehlchen,292,2021,2021-06-11,5,0,?,T,T,F,?,F,F,?,F,F,F,?,162
Rotkehlchen,292,2021,2021-03-26,1,0,?,T,F,F,?,F,F,?,F,F,F,?,85
Rotkehlchen,292,2019,2019-03-25,5,0,F,T,T,F,?,F,F,F,F,F,F,?,84
Rotkehlchen,292,2019,2019-04-23,3,0,F,T,T,F,?,F,F,F,F,F,F,?,113
Rotkehlchen,292,2019,2019-05-13,2,0,F,T,T,F,?,F,F,F,F,F,F,?,133
Rotkehlchen,292,2019,2019-06-13,4,0,F,T,T,F,?,F,F,F,F,F,F,?,164
Rotkehlchen,292,2020,2020-03-25,4,0,F,T,T,F,?,F,F,F,F,F,F,?,85
Rotkehlchen,292,2020,2020-04-21,4,0,F,T,T,F,?,F,F,F,F,F,F,?,112
Rotkehlchen,292,2020,2020-05-16,4,0,F,T,T,F,?,F,F,F,F,F,F,?,137
Rotkehlchen,292,2020,2020-06-08,2,0,F,T,F,F,?,F,F,F,F,F,F,?,160
Rotkehlchen,292,2022,2022-03-27,9,0,F,T,T,F,?,F,F,F,F,F,F,?,86
Rotkehlchen,292,2022,2022-04-28,8,0,F,T,T,F,?,F,F,F,F,F,F,?,118
Rotkehlchen,292,2022,2022-05-15,5,0,F,T,F,F,?,F,F,F,F,F,F,?,135
Rotkehlchen,292,2022,2022-06-14,2,0,F,T,F,F,?,F,F,F,F,F,F,?,165
Rotkehlchen,292,2023,2023-03-23,5,0,F,T,F,F,F,F,F,F,F,F,F,?,82
Rotkehlchen,292,2023,2023-04-27,5,0,F,T,T,F,F,F,F,F,F,F,F,?,117
Rotkehlchen,292,2023,2023-05-18,4,0,F,T,F,F,F,F,F,F,F,F,F,?,138
Rotkehlchen,292,2023,2023-06-16,2,0,F,T,F,F,F,F,F,F,F,F,F,?,167
Rotkehlchen,295,2018,2018-03-24,5,0,?,T,F,T,?,F,F,F,F,F,F,?,83
Rotkehlchen,295,2018,2018-04-14,1,0,?,F,T,F,?,F,F,F,F,F,F,?,104
Rotkehlchen,295,2018,2018-05-12,0,0,NA,NA,NA,NA,NA,NA,NA,NA,NA,NA,NA,NA,132
Rotkehlchen,295,2018,2018-06-09,2,0,?,T,F,F,?,F,F,F,F,F,F,?,160
Rotkehlchen,295,2020,2020-03-18,6,0,F,T,F,F,?,F,F,F,F,F,F,?,78
Rotkehlchen,295,2020,2020-04-08,3,0,F,T,F,F,?,F,F,F,F,F,F,?,99
Rotkehlchen,295,2020,2020-05-09,1,0,F,T,F,F,?,F,F,F,F,F,F,?,130
Rotkehlchen,295,2020,2020-06-13,1,0,F,T,F,F,?,F,F,F,F,F,F,?,165
Rotkehlchen,295,2021,2021-03-28,5,0,F,T,?,?,?,?,F,?,?,?,?,?,87
Rotkehlchen,295,2021,2021-04-17,2,0,F,T,?,?,?,?,F,?,?,?,?,?,107
Rotkehlchen,295,2021,2021-05-09,0,0,NA,NA,NA,NA,NA,NA,NA,NA,NA,NA,NA,NA,129
Rotkehlchen,295,2021,2021-05-24,1,0,F,T,?,?,?,?,F,?,?,?,?,?,144
Rotkehlchen,299,2018,2018-03-18,1,0,F,T,F,F,?,F,F,F,F,F,F,?,77
Rotkehlchen,299,2018,2018-04-18,6,0,F,T,F,F,?,F,F,F,F,F,F,?,108
Rotkehlchen,299,2018,2018-05-12,4,0,F,T,F,F,?,F,F,F,F,F,F,?,132
Rotkehlchen,299,2018,2018-06-16,7,0,F,T,T,F,?,F,F,F,F,F,F,?,167
Rotkehlchen,299,2020,2020-04-06,7,0,F,T,F,F,?,F,F,F,F,F,F,?,97
Rotkehlchen,299,2020,2020-05-10,6,0,F,T,F,F,?,F,F,F,F,F,F,?,131
Rotkehlchen,299,2020,2020-06-20,7,0,F,T,F,F,?,F,F,F,F,F,F,?,172
Rotkehlchen,299,2020,2020-03-19,4,0,F,T,F,F,?,F,F,F,F,F,F,?,79
Rotkehlchen,299,2021,2021-03-27,1,0,F,T,?,?,?,?,F,?,?,?,?,?,86
Rotkehlchen,299,2021,2021-04-10,3,0,F,T,?,?,?,?,F,?,?,?,?,?,100
Rotkehlchen,299,2021,2021-05-16,3,0,F,T,?,?,?,?,F,?,?,?,?,?,136
Rotkehlchen,299,2021,2021-06-12,7,0,F,T,?,?,?,?,F,?,?,?,?,?,163
Rotkehlchen,300,2018,2018-03-31,11,0,F,T,F,F,?,F,F,F,F,F,F,?,90
Rotkehlchen,300,2018,2018-04-28,3,0,F,T,F,F,?,F,F,F,F,F,F,?,118
Rotkehlchen,300,2018,2018-05-20,4,0,F,T,F,F,?,F,F,F,F,F,F,?,140
Rotkehlchen,300,2018,2018-06-16,5,0,F,T,F,F,?,F,F,F,F,F,F,?,167
Rotkehlchen,300,2020,2020-03-31,4,0,F,F,F,F,T,F,F,F,F,F,F,?,91
Rotkehlchen,300,2020,2020-05-03,6,0,F,T,F,F,?,F,F,F,F,F,F,?,124
Rotkehlchen,300,2020,2020-05-25,7,0,F,T,T,T,?,F,F,F,F,F,F,?,146
Rotkehlchen,300,2020,2020-06-19,5,0,F,T,F,F,?,F,F,F,F,F,F,?,171
Rotkehlchen,300,2021,2021-03-30,18,0,F,T,F,F,?,F,F,F,F,F,F,?,89
Rotkehlchen,300,2021,2021-04-29,14,0,F,T,F,F,?,T,F,F,T,F,F,?,119
Rotkehlchen,300,2021,2021-05-30,5,0,F,T,F,F,?,F,F,F,F,F,F,?,150
Rotkehlchen,300,2021,2021-06-13,5,0,F,T,F,F,?,F,F,F,F,F,F,?,164
Rotkehlchen,301,2018,2018-03-24,0,0,NA,NA,NA,NA,NA,NA,NA,NA,NA,NA,NA,NA,83
Rotkehlchen,301,2018,2018-04-14,6,0,?,T,F,F,?,F,F,F,F,F,F,?,104
Rotkehlchen,301,2018,2018-05-11,2,0,?,T,F,F,?,F,F,F,F,F,F,?,131
Rotkehlchen,301,2018,2018-06-02,6,0,?,T,T,F,?,F,F,F,F,F,F,?,153
Rotkehlchen,301,2020,2020-03-29,7,0,F,T,T,F,?,F,F,F,F,F,F,?,89
Rotkehlchen,301,2020,2020-04-18,6,0,F,T,T,F,?,F,F,F,F,F,F,?,109
Rotkehlchen,301,2020,2020-05-08,1,0,F,T,F,F,?,F,F,F,F,F,F,?,129
Rotkehlchen,301,2020,2020-06-08,6,0,F,T,F,F,?,F,F,F,F,F,F,?,160
Rotkehlchen,301,2021,2021-03-26,3,0,F,T,F,F,?,F,F,F,F,F,F,?,85
Rotkehlchen,301,2021,2021-04-17,8,0,F,T,F,F,?,F,F,F,F,F,F,?,107
Rotkehlchen,301,2021,2021-05-11,4,0,F,T,F,F,?,F,F,F,F,F,F,?,131
Rotkehlchen,301,2021,2021-06-06,6,0,F,T,F,F,?,F,F,F,F,F,F,?,157
Rotkehlchen,303,2019,2019-03-18,3,0,F,T,T,F,?,F,F,F,F,F,F,?,77
Rotkehlchen,303,2019,2019-04-12,12,0,F,T,F,F,?,F,F,F,F,F,F,?,102
Rotkehlchen,303,2019,2019-05-06,5,0,F,T,F,F,?,F,F,F,F,F,F,?,126
Rotkehlchen,303,2019,2019-06-02,4,0,F,T,F,F,?,F,F,F,F,F,F,?,153
Rotkehlchen,303,2020,2020-03-28,14,0,F,T,T,F,?,F,F,F,F,F,F,?,88
Rotkehlchen,303,2020,2020-04-18,6,0,F,T,T,F,?,F,F,F,F,F,F,?,109
Rotkehlchen,303,2020,2020-05-09,1,0,F,F,T,F,?,F,F,F,F,F,F,?,130
Rotkehlchen,303,2020,2020-06-08,1,0,F,T,F,F,?,F,F,F,F,F,F,?,160
Rotkehlchen,303,2021,2021-03-29,11,0,F,T,F,F,?,F,F,F,F,F,F,?,88
Rotkehlchen,303,2021,2021-04-19,8,0,F,T,F,F,?,F,F,F,F,F,F,?,109
Rotkehlchen,303,2021,2021-05-10,7,0,F,T,F,F,?,F,F,F,F,F,F,?,130
Rotkehlchen,303,2021,2021-06-04,3,0,F,T,F,F,?,F,F,F,F,F,F,?,155
Rotkehlchen,303,2022,2022-03-26,8,0,F,T,F,F,T,F,F,F,F,F,F,?,85
Rotkehlchen,303,2022,2022-04-17,5,0,F,T,F,F,F,F,F,F,F,F,F,?,107
Rotkehlchen,303,2022,2022-05-12,4,0,F,T,F,F,F,F,F,F,F,F,F,?,132
Rotkehlchen,303,2022,2022-06-03,4,0,F,T,T,F,F,F,F,F,F,F,F,?,154
Rotkehlchen,303,2023,2023-03-23,6,0,F,T,F,F,F,F,F,F,F,F,F,?,82
Rotkehlchen,303,2023,2023-04-15,8,0,F,T,F,F,F,F,F,F,F,F,F,?,105
Rotkehlchen,303,2023,2023-05-11,3,0,F,T,F,F,F,F,F,F,F,F,F,?,131
Rotkehlchen,303,2023,2023-06-04,2,0,F,T,F,F,F,F,F,F,F,F,F,?,155
Rotkehlchen,305,2019,2019-03-17,4,0,F,T,F,F,?,F,F,F,F,F,F,?,76
Rotkehlchen,305,2019,2019-04-22,2,0,F,T,F,F,?,F,F,F,F,F,F,?,112
Rotkehlchen,305,2019,2019-05-09,0,0,NA,NA,NA,NA,NA,NA,NA,NA,NA,NA,NA,NA,129
Rotkehlchen,305,2019,2019-06-11,3,0,F,T,F,F,?,F,F,F,F,F,F,?,162
Rotkehlchen,305,2020,2020-03-24,4,0,F,T,T,F,?,F,F,F,F,F,F,?,84
Rotkehlchen,305,2020,2020-04-15,1,0,F,T,F,F,?,F,F,F,F,F,F,?,106
Rotkehlchen,305,2020,2020-05-13,2,0,F,T,T,F,?,F,F,F,F,F,F,?,134
Rotkehlchen,305,2020,2020-06-11,4,0,F,T,F,F,?,F,F,F,F,F,F,?,163
Rotkehlchen,305,2021,2021-03-23,5,0,F,T,T,F,?,F,F,F,F,F,F,?,82
Rotkehlchen,305,2021,2021-04-20,3,0,F,T,F,F,?,F,F,F,F,F,F,?,110
Rotkehlchen,305,2021,2021-05-11,1,0,F,T,F,F,?,F,F,F,F,F,F,?,131
Rotkehlchen,305,2021,2021-06-10,1,0,F,T,F,F,?,F,F,F,F,F,F,?,161
Rotkehlchen,305,2022,2022-03-23,4,0,F,T,T,F,F,F,F,F,F,F,F,?,82
Rotkehlchen,305,2022,2022-04-20,2,0,F,T,F,F,F,F,F,F,F,F,F,?,110
Rotkehlchen,305,2022,2022-05-20,4,0,F,T,F,F,F,F,F,F,F,F,F,?,140
Rotkehlchen,305,2022,2022-06-15,2,0,F,F,T,F,F,F,F,F,F,F,F,?,166
Rotkehlchen,305,2023,2023-03-22,7,0,T,T,F,F,?,F,F,F,F,F,F,?,81
Rotkehlchen,305,2023,2023-04-20,4,0,F,T,F,F,?,F,F,F,F,F,F,?,110
Rotkehlchen,305,2023,2023-05-09,6,0,F,T,T,F,?,F,F,F,F,F,F,?,129
Rotkehlchen,305,2023,2023-06-16,1,0,F,F,T,F,?,F,F,F,F,F,F,?,167
Rotkehlchen,306,2018,2018-03-26,10,0,F,T,F,F,?,F,F,F,F,F,F,?,85
Rotkehlchen,306,2018,2018-04-21,7,0,F,T,F,F,?,F,F,F,F,F,F,?,111
Rotkehlchen,306,2018,2018-06-11,2,0,F,T,F,F,?,F,F,F,F,F,T,?,162
Rotkehlchen,306,2018,2018-05-08,1,0,F,T,F,F,?,F,F,F,F,F,F,?,128
Rotkehlchen,306,2020,2020-03-17,12,0,F,T,F,F,?,F,F,F,F,F,F,?,77
Rotkehlchen,306,2020,2020-04-17,6,0,F,T,F,F,?,F,F,F,F,F,F,?,108
Rotkehlchen,306,2020,2020-05-20,2,0,F,T,F,F,?,F,F,F,F,F,F,?,141
Rotkehlchen,306,2020,2020-06-18,2,0,F,T,F,F,?,F,F,F,F,F,F,?,170
Rotkehlchen,307,2020,2020-03-28,1,0,F,T,F,F,?,F,F,F,F,F,F,?,88
Rotkehlchen,307,2020,2020-04-10,3,0,F,T,F,F,?,F,F,F,F,F,F,?,101
Rotkehlchen,307,2021,2021-04-03,1,0,?,T,?,?,?,?,?,?,?,?,?,?,93
Rotkehlchen,307,2021,2021-04-11,0,0,NA,NA,NA,NA,NA,NA,NA,NA,NA,NA,NA,NA,101
Rotkehlchen,307,2021,2021-05-15,0,0,NA,NA,NA,NA,NA,NA,NA,NA,NA,NA,NA,NA,135
Rotkehlchen,307,2021,2021-06-13,1,0,?,T,?,?,?,?,?,?,?,?,?,?,164
Rotkehlchen,308,2019,2019-03-21,7,0,F,T,F,F,?,F,F,F,F,F,F,?,80
Rotkehlchen,308,2019,2019-04-18,2,0,F,T,F,F,?,F,F,F,F,F,F,?,108
Rotkehlchen,308,2019,2019-05-16,0,0,NA,NA,NA,NA,NA,NA,NA,NA,NA,NA,NA,NA,136
Rotkehlchen,308,2019,2019-06-14,2,0,F,T,F,F,?,F,F,F,F,F,F,?,165
Rotkehlchen,308,2020,2020-03-28,10,0,F,T,F,F,?,F,F,F,F,F,F,?,88
Rotkehlchen,308,2020,2020-04-18,0,0,NA,NA,NA,NA,NA,NA,NA,NA,NA,NA,NA,NA,109
Rotkehlchen,308,2020,2020-05-19,0,0,NA,NA,NA,NA,NA,NA,NA,NA,NA,NA,NA,NA,140
Rotkehlchen,308,2020,2020-06-20,1,0,F,T,F,F,?,F,F,F,F,F,F,?,172
Rotkehlchen,308,2021,2021-03-24,7,0,?,T,F,F,?,F,F,?,F,F,F,?,83
Rotkehlchen,308,2021,2021-04-17,6,0,?,T,F,F,?,F,F,?,F,F,F,?,107
Rotkehlchen,308,2021,2021-05-14,2,0,?,T,F,F,?,F,F,?,F,F,F,?,134
Rotkehlchen,308,2021,2021-06-15,0,0,NA,NA,NA,NA,NA,NA,NA,NA,NA,NA,NA,NA,166
Rotkehlchen,308,2022,2022-03-21,7,0,F,T,F,F,?,F,F,F,F,F,F,?,80
Rotkehlchen,308,2022,2022-04-21,1,0,F,T,F,F,?,F,F,F,F,F,F,?,111
Rotkehlchen,308,2022,2022-05-11,0,0,NA,NA,NA,NA,NA,NA,NA,NA,NA,NA,NA,NA,131
Rotkehlchen,308,2022,2022-06-06,1,0,F,T,F,F,?,F,F,F,F,F,F,?,157
Rotkehlchen,308,2023,2023-03-24,1,0,F,T,F,F,F,F,F,F,F,F,F,?,83
Rotkehlchen,308,2023,2023-04-18,0,0,NA,NA,NA,NA,NA,NA,NA,NA,NA,NA,NA,NA,108
Rotkehlchen,308,2023,2023-05-12,0,0,NA,NA,NA,NA,NA,NA,NA,NA,NA,NA,NA,NA,132
Rotkehlchen,308,2023,2023-06-12,0,0,NA,NA,NA,NA,NA,NA,NA,NA,NA,NA,NA,NA,163
Rotkehlchen,309,2018,2018-03-25,6,0,?,T,T,F,?,F,F,F,F,F,F,?,84
Rotkehlchen,309,2018,2018-04-07,11,0,?,T,F,F,?,F,F,F,F,F,F,?,97
Rotkehlchen,309,2018,2018-05-11,5,0,?,T,F,F,?,F,F,F,F,F,F,?,131
Rotkehlchen,309,2018,2018-06-03,4,0,?,T,F,T,?,F,F,F,F,F,F,?,154
Rotkehlchen,309,2020,2020-03-20,18,0,F,T,T,F,?,F,F,F,F,F,F,?,80
Rotkehlchen,309,2020,2020-04-09,12,0,F,T,F,F,?,F,F,F,F,F,F,?,100
Rotkehlchen,309,2020,2020-05-07,10,0,F,T,F,F,?,F,F,F,T,F,F,?,128
Rotkehlchen,309,2020,2020-06-03,6,0,F,T,F,F,?,F,F,F,F,F,F,?,155
Rotkehlchen,309,2021,2021-03-28,15,0,F,T,F,F,?,F,F,F,F,F,F,?,87
Rotkehlchen,309,2021,2021-04-27,7,0,F,T,T,F,?,F,F,F,F,F,F,?,117
Rotkehlchen,309,2021,2021-05-09,7,0,F,T,F,F,?,F,F,F,F,F,F,?,129
Rotkehlchen,309,2021,2021-06-02,4,0,F,T,F,F,?,F,F,F,F,F,F,?,153
Rotkehlchen,310,2020,2020-03-28,20,0,F,T,T,T,?,F,F,F,F,F,F,?,88
Rotkehlchen,310,2020,2020-04-27,5,0,F,T,F,F,?,F,F,F,F,F,F,?,118
Rotkehlchen,310,2020,2020-05-19,13,0,F,T,F,F,?,F,F,F,F,F,F,?,140
Rotkehlchen,310,2020,2020-06-20,6,0,F,T,T,F,?,F,F,F,F,F,F,?,172
Rotkehlchen,310,2021,2021-03-28,9,0,F,T,T,F,?,F,F,F,F,F,F,?,87
Rotkehlchen,310,2021,2021-04-24,7,0,F,T,T,F,?,F,F,F,F,F,F,?,114
Rotkehlchen,310,2021,2021-05-15,1,0,F,T,F,F,?,F,F,F,F,F,F,?,135
Rotkehlchen,310,2021,2021-06-12,4,0,F,T,F,F,?,F,F,F,F,F,F,?,163
Rotkehlchen,311,2019,2019-03-20,2,0,F,T,F,F,?,F,F,F,F,F,F,?,79
Rotkehlchen,311,2019,2019-04-13,2,0,F,T,F,F,?,F,F,F,F,F,F,?,103
Rotkehlchen,311,2019,2019-05-13,0,0,NA,NA,NA,NA,NA,NA,NA,NA,NA,NA,NA,NA,133
Rotkehlchen,311,2019,2019-06-06,1,0,F,F,F,F,?,F,F,F,F,F,F,?,157
Rotkehlchen,311,2020,2020-03-19,4,0,F,T,F,F,?,F,F,F,F,F,F,?,79
Rotkehlchen,311,2020,2020-04-16,2,0,F,F,F,F,?,F,F,F,F,F,F,?,107
Rotkehlchen,311,2020,2020-05-16,1,0,F,F,F,F,?,F,F,F,F,F,F,?,137
Rotkehlchen,311,2020,2020-06-08,1,0,F,F,F,F,?,F,F,F,F,F,F,?,160
Rotkehlchen,311,2021,2021-03-26,9,0,?,T,T,F,?,F,F,?,F,F,F,?,85
Rotkehlchen,311,2021,2021-04-15,0,0,NA,NA,NA,NA,NA,NA,NA,NA,NA,NA,NA,NA,105
Rotkehlchen,311,2021,2021-05-13,0,0,NA,NA,NA,NA,NA,NA,NA,NA,NA,NA,NA,NA,133
Rotkehlchen,311,2021,2021-06-05,0,0,NA,NA,NA,NA,NA,NA,NA,NA,NA,NA,NA,NA,156
Rotkehlchen,311,2021,2011-05-13,0,0,NA,NA,NA,NA,NA,NA,NA,NA,NA,NA,NA,NA,133
Rotkehlchen,311,2022,2022-03-24,3,0,F,T,F,F,?,F,F,F,F,F,F,?,83
Rotkehlchen,311,2022,2022-04-20,1,0,F,F,F,F,?,F,F,F,F,F,F,?,110
Rotkehlchen,311,2022,2022-05-04,0,0,NA,NA,NA,NA,NA,NA,NA,NA,NA,NA,NA,NA,124
Rotkehlchen,311,2022,2022-06-02,0,0,NA,NA,NA,NA,NA,NA,NA,NA,NA,NA,NA,NA,153
Rotkehlchen,311,2023,2023-03-24,4,0,F,T,F,F,F,F,F,F,F,F,F,?,83
Rotkehlchen,311,2023,2023-04-20,0,0,NA,NA,NA,NA,NA,NA,NA,NA,NA,NA,NA,NA,110
Rotkehlchen,311,2023,2023-05-13,0,0,NA,NA,NA,NA,NA,NA,NA,NA,NA,NA,NA,NA,133
Rotkehlchen,311,2023,2023-06-05,0,0,NA,NA,NA,NA,NA,NA,NA,NA,NA,NA,NA,NA,156
Rotkehlchen,313,2018,2018-03-30,2,0,F,T,F,F,?,F,F,F,F,F,F,?,89
Rotkehlchen,313,2018,2018-04-27,2,0,F,T,F,F,?,F,F,F,F,F,F,?,117
Rotkehlchen,313,2018,2018-05-19,1,0,F,T,F,F,?,F,F,F,F,F,F,?,139
Rotkehlchen,313,2018,2018-06-19,4,0,F,T,F,F,?,F,F,F,F,F,F,?,170
Rotkehlchen,313,2020,2020-03-28,8,0,F,T,F,F,?,F,F,F,F,F,F,?,88
Rotkehlchen,313,2020,2020-05-05,8,0,F,T,F,T,?,F,F,F,F,F,F,?,126
Rotkehlchen,313,2020,2020-05-26,5,0,F,T,F,F,?,F,F,F,F,F,F,?,147
Rotkehlchen,313,2020,2020-06-20,6,0,F,T,F,F,?,F,F,F,F,F,F,?,172
Rotkehlchen,313,2021,2021-04-02,10,0,F,T,T,F,?,F,F,F,F,F,F,?,92
Rotkehlchen,313,2021,2021-05-04,2,0,F,T,F,F,?,F,F,F,F,F,F,?,124
Rotkehlchen,313,2021,2021-05-31,6,0,F,T,F,F,?,F,F,F,F,F,F,?,151
Rotkehlchen,313,2021,2021-06-20,5,0,F,T,F,F,?,F,F,F,F,F,F,?,171
Rotkehlchen,315,2019,2019-03-22,26,0,F,T,T,F,?,T,F,F,F,F,F,?,81
Rotkehlchen,315,2019,2019-04-18,12,0,F,T,T,F,?,F,F,F,F,F,F,?,108
Rotkehlchen,315,2019,2019-05-14,7,0,F,T,F,F,?,F,F,F,F,F,F,?,134
Rotkehlchen,315,2019,2019-06-14,17,0,F,T,F,F,?,F,F,F,F,F,F,?,165
Rotkehlchen,315,2020,2020-03-25,16,0,F,T,T,F,?,T,F,F,F,F,F,?,85
Rotkehlchen,315,2020,2020-03-28,8,0,T,T,F,F,?,F,F,F,F,F,F,?,88
Rotkehlchen,315,2020,2020-04-18,14,0,F,T,F,F,?,F,F,F,F,F,F,?,109
Rotkehlchen,315,2020,2020-04-25,4,0,F,T,F,F,?,F,F,F,F,F,F,?,116
Rotkehlchen,315,2020,2020-05-17,14,0,F,T,F,F,?,F,F,F,F,F,F,?,138
Rotkehlchen,315,2020,2020-06-12,7,0,F,T,T,F,?,F,F,F,F,F,F,?,164
Rotkehlchen,315,2020,2020-06-20,3,0,F,T,F,F,?,F,F,F,F,F,F,?,172
Rotkehlchen,315,2021,2021-03-28,48,0,F,T,T,F,?,F,F,?,F,F,F,?,87
Rotkehlchen,315,2021,2021-04-16,15,0,?,T,T,F,?,F,F,?,F,F,F,?,106
Rotkehlchen,315,2021,2021-04-25,7,0,F,T,?,T,?,?,F,?,?,?,?,?,115
Rotkehlchen,315,2021,2021-05-14,6,0,?,T,F,F,?,F,F,?,F,F,F,?,134
Rotkehlchen,315,2021,2021-05-16,8,0,F,T,?,T,?,?,F,?,?,?,?,?,136
Rotkehlchen,315,2021,2021-06-12,10,0,?,T,T,F,?,F,F,?,F,F,F,?,163
Rotkehlchen,315,2021,2021-06-13,9,0,F,T,?,T,?,?,F,?,?,?,?,?,164
Rotkehlchen,315,2022,2022-03-25,28,0,F,T,T,F,?,F,F,F,F,F,F,?,84
Rotkehlchen,315,2022,2022-04-19,17,0,F,T,F,F,?,F,F,F,F,F,F,?,109
Rotkehlchen,315,2022,2022-05-11,8,0,F,T,F,F,?,F,F,F,F,F,F,?,131
Rotkehlchen,315,2022,2022-06-15,7,0,F,T,T,F,?,F,F,F,F,F,F,?,166
Rotkehlchen,315,2023,2023-03-23,19,0,F,T,F,F,F,F,F,F,F,F,F,?,82
Rotkehlchen,315,2023,2023-04-21,5,0,F,T,F,F,F,F,F,F,F,F,F,?,111
Rotkehlchen,315,2023,2023-05-19,4,0,F,T,F,F,F,F,F,F,F,F,F,?,139
Rotkehlchen,315,2023,2023-05-30,3,0,F,T,T,F,F,F,F,F,F,F,F,?,150
Rotkehlchen,316,2019,2019-03-26,3,0,F,T,F,F,?,F,F,F,F,F,F,?,85
Rotkehlchen,316,2019,2019-04-24,0,0,NA,NA,NA,NA,NA,NA,NA,NA,NA,NA,NA,NA,114
Rotkehlchen,316,2019,2019-05-17,0,0,NA,NA,NA,NA,NA,NA,NA,NA,NA,NA,NA,NA,137
Rotkehlchen,316,2019,2019-06-14,0,0,NA,NA,NA,NA,NA,NA,NA,NA,NA,NA,NA,NA,165
Rotkehlchen,316,2020,2020-03-28,7,0,F,T,T,F,?,F,F,F,F,F,F,?,88
Rotkehlchen,316,2020,2020-04-24,2,0,F,F,T,F,?,F,F,F,F,F,F,?,115
Rotkehlchen,316,2020,2020-05-20,0,0,NA,NA,NA,NA,NA,NA,NA,NA,NA,NA,NA,NA,141
Rotkehlchen,316,2020,2020-06-18,0,0,NA,NA,NA,NA,NA,NA,NA,NA,NA,NA,NA,NA,170
Rotkehlchen,316,2021,2021-03-29,1,0,?,T,F,F,?,F,F,?,F,F,F,?,88
Rotkehlchen,316,2021,2021-04-21,0,0,NA,NA,NA,NA,NA,NA,NA,NA,NA,NA,NA,NA,111
Rotkehlchen,316,2021,2021-05-08,0,0,NA,NA,NA,NA,NA,NA,NA,NA,NA,NA,NA,NA,128
Rotkehlchen,316,2021,2021-06-10,1,0,?,T,F,F,?,F,F,?,F,F,F,?,161
Rotkehlchen,316,2022,2022-03-23,6,0,F,T,T,F,?,F,F,F,F,F,F,?,82
Rotkehlchen,316,2022,2022-04-23,0,0,NA,NA,NA,NA,NA,NA,NA,NA,NA,NA,NA,NA,113
Rotkehlchen,316,2022,2022-05-19,0,0,NA,NA,NA,NA,NA,NA,NA,NA,NA,NA,NA,NA,139
Rotkehlchen,316,2022,2022-06-15,0,0,NA,NA,NA,NA,NA,NA,NA,NA,NA,NA,NA,NA,166
Rotkehlchen,316,2023,2023-03-24,1,0,F,T,F,F,F,F,F,F,F,F,F,?,83
Rotkehlchen,316,2023,2023-04-29,3,0,F,T,T,F,F,F,F,F,F,F,F,?,119
Rotkehlchen,316,2023,2023-05-17,0,0,NA,NA,NA,NA,NA,NA,NA,NA,NA,NA,NA,NA,137
Rotkehlchen,316,2023,2023-06-16,0,0,NA,NA,NA,NA,NA,NA,NA,NA,NA,NA,NA,NA,167
Rotkehlchen,317,2019,2019-03-22,4,0,F,T,F,F,?,F,F,F,F,F,F,?,81
Rotkehlchen,317,2019,2019-04-19,0,0,NA,NA,NA,NA,NA,NA,NA,NA,NA,NA,NA,NA,109
Rotkehlchen,317,2019,2019-05-01,1,0,F,T,F,F,?,F,F,F,F,F,F,?,121
Rotkehlchen,317,2019,2019-05-31,2,0,F,T,F,F,?,F,F,F,F,F,F,?,151
Rotkehlchen,317,2020,2020-03-26,2,0,F,T,F,F,?,F,F,F,F,F,F,?,86
Rotkehlchen,317,2020,2020-04-17,0,0,NA,NA,NA,NA,NA,NA,NA,NA,NA,NA,NA,NA,108
Rotkehlchen,317,2020,2020-05-04,1,0,F,T,F,F,?,F,F,F,F,F,F,?,125
Rotkehlchen,317,2020,2020-06-01,2,0,F,T,F,F,?,F,F,F,F,F,F,?,153
Rotkehlchen,317,2021,2021-03-26,4,0,?,T,F,F,?,F,F,?,F,F,F,?,85
Rotkehlchen,317,2021,2021-04-10,4,0,?,T,F,F,?,F,F,?,F,F,F,?,100
Rotkehlchen,317,2021,2021-05-01,1,0,?,T,F,F,?,F,F,?,F,F,F,?,121
Rotkehlchen,317,2021,2021-06-11,3,0,?,T,F,F,?,F,F,?,F,F,F,?,162
Rotkehlchen,317,2022,2022-03-23,6,0,F,T,F,F,?,F,F,F,F,F,F,?,82
Rotkehlchen,317,2022,2022-04-20,4,0,F,T,F,F,?,F,F,F,F,F,F,?,110
Rotkehlchen,317,2022,2022-05-03,5,0,F,T,F,F,?,F,F,F,F,F,F,?,123
Rotkehlchen,317,2022,2022-06-03,4,0,F,T,F,F,?,F,F,F,F,F,F,?,154
Rotkehlchen,317,2023,2023-03-23,4,0,F,T,F,F,F,F,F,F,F,F,F,?,82
Rotkehlchen,317,2023,2023-04-25,2,0,F,T,F,F,F,F,F,F,F,F,F,?,115
Rotkehlchen,317,2023,2023-05-14,2,0,F,T,F,F,F,F,F,F,F,F,F,?,134
Rotkehlchen,317,2023,2023-05-30,0,0,NA,NA,NA,NA,NA,NA,NA,NA,NA,NA,NA,NA,150
Rotkehlchen,318,2021,2021-03-24,6,0,F,T,?,?,?,?,F,?,?,?,?,?,83
Rotkehlchen,318,2021,2021-04-18,6,0,F,T,?,?,?,?,F,?,?,?,?,?,108
Rotkehlchen,318,2021,2021-05-09,1,0,F,T,?,?,?,?,F,?,?,?,?,?,129
Rotkehlchen,318,2021,2021-06-04,2,0,F,T,?,?,?,?,F,?,?,?,?,?,155
Rotkehlchen,319,2019,2019-03-30,6,0,F,T,F,F,?,T,F,F,F,F,F,?,89
Rotkehlchen,319,2019,2019-04-11,4,0,F,T,T,F,?,F,F,F,F,F,F,?,101
Rotkehlchen,319,2019,2019-05-02,0,0,NA,NA,NA,NA,NA,NA,NA,NA,NA,NA,NA,NA,122
Rotkehlchen,319,2019,2019-05-31,0,0,NA,NA,NA,NA,NA,NA,NA,NA,NA,NA,NA,NA,151
Rotkehlchen,319,2020,2020-03-27,11,0,F,F,T,F,?,F,F,F,F,F,F,?,87
Rotkehlchen,319,2020,2020-04-10,6,0,F,T,F,F,?,F,F,F,F,F,F,?,101
Rotkehlchen,319,2020,2020-05-07,0,0,NA,NA,NA,NA,NA,NA,NA,NA,NA,NA,NA,NA,128
Rotkehlchen,319,2020,2020-06-03,0,0,NA,NA,NA,NA,NA,NA,NA,NA,NA,NA,NA,NA,155
Rotkehlchen,319,2020,2020-06-08,0,0,NA,NA,NA,NA,NA,NA,NA,NA,NA,NA,NA,NA,160
Rotkehlchen,319,2020,2020-05-17,0,0,NA,NA,NA,NA,NA,NA,NA,NA,NA,NA,NA,NA,138
Rotkehlchen,319,2021,2021-03-25,7,0,?,T,F,F,?,F,F,?,F,F,F,?,84
Rotkehlchen,319,2021,2021-04-14,3,0,?,T,T,F,?,F,F,?,F,F,F,?,104
Rotkehlchen,319,2021,2021-05-03,1,0,?,F,T,F,?,F,F,?,F,F,F,?,123
Rotkehlchen,319,2021,2021-06-09,1,0,?,F,F,F,?,F,F,?,F,F,F,?,160
Rotkehlchen,319,2022,2022-03-21,6,0,F,T,T,F,?,F,F,F,F,F,F,?,80
Rotkehlchen,319,2022,2022-04-14,3,0,F,T,T,F,?,F,F,F,F,F,F,?,104
Rotkehlchen,319,2022,2022-05-03,1,0,F,F,T,F,?,F,F,F,F,F,F,?,123
Rotkehlchen,319,2022,2022-06-01,0,0,NA,NA,NA,NA,NA,NA,NA,NA,NA,NA,NA,NA,152
Rotkehlchen,319,2023,2023-03-17,9,0,F,T,F,F,F,F,F,F,F,F,F,?,76
Rotkehlchen,319,2023,2023-04-14,3,0,F,T,T,F,F,F,F,F,F,F,F,?,104
Rotkehlchen,319,2023,2023-05-03,2,0,F,T,F,F,F,F,F,F,F,F,F,?,123
Rotkehlchen,319,2023,2023-06-02,1,0,F,T,F,F,F,F,F,F,F,F,F,?,153
Rotkehlchen,320,2019,2019-03-21,7,0,F,T,F,F,?,F,F,F,F,F,F,?,80
Rotkehlchen,320,2019,2019-04-16,10,0,F,T,F,F,?,F,F,F,F,F,F,?,106
Rotkehlchen,320,2019,2019-05-10,0,0,NA,NA,NA,NA,NA,NA,NA,NA,NA,NA,NA,NA,130
Rotkehlchen,320,2019,2019-06-13,1,0,F,F,T,F,?,F,F,F,F,F,F,?,164
Rotkehlchen,320,2020,2020-03-24,10,0,F,T,T,F,?,T,F,F,F,F,F,?,84
Rotkehlchen,320,2020,2020-04-17,7,0,F,T,F,F,?,F,F,F,F,F,F,?,108
Rotkehlchen,320,2020,2020-05-08,1,0,F,T,F,F,?,F,F,F,F,F,F,?,129
Rotkehlchen,320,2020,2020-06-19,2,0,F,T,T,F,?,F,F,F,F,F,F,?,171
Rotkehlchen,320,2021,2011-05-09,0,0,NA,NA,NA,NA,NA,NA,NA,NA,NA,NA,NA,NA,129
Rotkehlchen,320,2021,2021-03-23,5,0,?,T,F,F,?,F,F,?,F,F,F,?,82
Rotkehlchen,320,2021,2021-04-17,4,0,?,T,T,F,?,F,F,?,F,F,F,?,107
Rotkehlchen,320,2021,2021-05-09,1,0,?,T,F,F,?,F,F,?,F,F,F,?,129
Rotkehlchen,320,2021,2021-06-11,2,0,?,T,T,F,?,F,F,?,F,F,F,?,162
Rotkehlchen,320,2022,2022-03-22,5,0,F,T,F,F,?,F,F,F,F,F,F,?,81
Rotkehlchen,320,2022,2022-03-23,3,0,F,T,F,F,?,F,F,F,F,F,F,?,82
Rotkehlchen,320,2022,2022-04-18,5,0,F,T,F,F,?,F,F,F,F,F,F,?,108
Rotkehlchen,320,2022,2022-05-12,4,0,F,T,F,F,?,F,F,F,F,F,F,?,132
Rotkehlchen,320,2022,2022-06-16,4,0,F,T,F,F,?,F,F,F,T,F,F,?,167
Rotkehlchen,320,2023,2023-03-21,6,0,F,T,T,F,F,F,F,F,F,F,F,?,80
Rotkehlchen,320,2023,2023-04-18,1,0,F,T,F,F,F,F,F,F,F,F,F,?,108
Rotkehlchen,320,2023,2023-05-18,1,0,F,F,F,F,F,F,F,F,F,F,F,?,138
Rotkehlchen,320,2023,2023-06-12,2,0,F,F,T,F,F,F,F,F,F,F,F,?,163
Rotkehlchen,321,2021,2021-03-29,25,0,F,T,F,T,F,F,F,F,F,F,F,?,88
Rotkehlchen,321,2021,2021-04-23,12,0,F,T,F,T,F,F,F,F,F,F,F,?,113
Rotkehlchen,321,2021,2021-05-24,10,0,F,T,F,T,F,F,F,F,F,F,F,?,144
Rotkehlchen,321,2021,2021-06-17,11,0,F,T,F,T,F,F,F,F,F,F,F,?,168
Rotkehlchen,322,2019,2019-03-30,3,0,F,T,F,F,?,F,F,F,F,F,F,?,89
Rotkehlchen,322,2019,2019-04-25,4,0,F,T,F,F,?,F,F,F,F,F,F,?,115
Rotkehlchen,322,2019,2019-05-17,1,0,F,T,F,F,?,F,F,F,F,F,F,?,137
Rotkehlchen,322,2019,2019-06-19,4,0,F,T,F,F,?,F,F,F,F,F,F,?,170
Rotkehlchen,322,2020,2020-03-19,0,0,NA,NA,NA,NA,NA,NA,NA,NA,NA,NA,NA,NA,79
Rotkehlchen,322,2020,2020-04-23,5,0,F,T,F,F,?,F,F,F,F,F,F,?,114
Rotkehlchen,322,2020,2020-05-18,2,0,F,T,F,F,?,F,F,F,F,F,F,?,139
Rotkehlchen,322,2020,2020-06-13,0,0,NA,NA,NA,NA,NA,NA,NA,NA,NA,NA,NA,NA,165
Rotkehlchen,322,2021,2021-03-31,10,0,?,T,F,F,?,F,F,?,F,F,F,?,90
Rotkehlchen,322,2021,2021-04-22,5,0,?,T,F,F,?,F,F,?,F,F,F,?,112
Rotkehlchen,322,2021,2021-05-14,1,0,?,T,F,F,?,F,F,?,F,F,F,?,134
Rotkehlchen,322,2021,2021-06-14,2,0,?,T,F,F,?,F,F,?,F,F,F,?,165
Rotkehlchen,322,2022,2022-03-17,3,0,F,T,F,F,?,F,F,F,F,F,F,?,76
Rotkehlchen,322,2022,2022-04-12,3,0,F,T,F,F,?,F,F,F,F,F,F,?,102
Rotkehlchen,322,2022,2022-05-12,1,0,F,T,F,F,?,F,F,F,F,F,F,?,132
Rotkehlchen,322,2022,2022-06-03,0,0,NA,NA,NA,NA,NA,NA,NA,NA,NA,NA,NA,NA,154
Rotkehlchen,322,2023,2023-03-21,4,0,F,T,F,F,F,F,F,F,F,F,F,?,80
Rotkehlchen,322,2023,2023-04-21,1,0,F,T,F,F,F,F,F,F,F,F,F,?,111
Rotkehlchen,322,2023,2023-05-12,0,0,NA,NA,NA,NA,NA,NA,NA,NA,NA,NA,NA,NA,132
Rotkehlchen,322,2023,2023-06-09,1,0,F,T,F,F,F,F,F,F,F,F,F,?,160
Rotkehlchen,325,2018,2018-03-26,0,0,NA,NA,NA,NA,NA,NA,NA,NA,NA,NA,NA,NA,85
Rotkehlchen,325,2018,2018-04-22,0,0,NA,NA,NA,NA,NA,NA,NA,NA,NA,NA,NA,NA,112
Rotkehlchen,325,2018,2018-05-19,1,0,F,F,F,F,?,T,F,F,F,F,F,?,139
Rotkehlchen,325,2018,2018-06-17,3,0,F,F,F,F,?,F,F,F,T,T,F,?,168
Rotkehlchen,325,2020,2020-03-29,0,0,NA,NA,NA,NA,NA,NA,NA,NA,NA,NA,NA,NA,89
Rotkehlchen,325,2020,2020-04-26,0,0,NA,NA,NA,NA,NA,NA,NA,NA,NA,NA,NA,NA,117
Rotkehlchen,325,2020,2020-05-18,2,0,F,F,F,F,?,T,F,F,F,F,F,?,139
Rotkehlchen,325,2020,2020-06-20,3,0,F,T,F,F,?,T,F,F,T,F,F,?,172
Rotkehlchen,325,2021,2021-03-31,0,0,NA,NA,NA,NA,NA,NA,NA,NA,NA,NA,NA,NA,90
Rotkehlchen,325,2021,2021-04-28,0,0,NA,NA,NA,NA,NA,NA,NA,NA,NA,NA,NA,NA,118
Rotkehlchen,325,2021,2021-05-16,2,0,F,T,F,F,?,T,F,F,F,F,F,?,136
Rotkehlchen,325,2021,2021-06-19,3,0,F,F,F,F,?,T,F,F,F,F,F,?,170
Rotkehlchen,326,2018,2018-03-11,0,0,NA,NA,NA,NA,NA,NA,NA,NA,NA,NA,NA,NA,70
Rotkehlchen,326,2018,2018-04-02,0,0,NA,NA,NA,NA,NA,NA,NA,NA,NA,NA,NA,NA,92
Rotkehlchen,326,2018,2018-05-05,1,0,F,F,F,F,?,T,F,F,F,F,F,?,125
Rotkehlchen,326,2018,2018-05-27,1,0,F,F,F,F,?,T,F,F,F,F,F,?,147
Rotkehlchen,326,2020,2020-03-28,0,0,NA,NA,NA,NA,NA,NA,NA,NA,NA,NA,NA,NA,88
Rotkehlchen,326,2020,2020-04-25,0,0,NA,NA,NA,NA,NA,NA,NA,NA,NA,NA,NA,NA,116
Rotkehlchen,326,2020,2020-05-17,1,0,F,T,F,F,?,F,F,F,F,F,F,?,138
Rotkehlchen,326,2020,2020-06-13,1,0,F,F,F,F,?,F,F,F,F,F,F,?,165
Rotkehlchen,326,2021,2021-03-29,0,0,NA,NA,NA,NA,NA,NA,NA,NA,NA,NA,NA,NA,88
Rotkehlchen,326,2021,2021-04-26,0,0,NA,NA,NA,NA,NA,NA,NA,NA,NA,NA,NA,NA,116
Rotkehlchen,326,2021,2021-05-18,1,0,F,F,F,F,?,T,F,F,F,F,F,?,138
Rotkehlchen,326,2021,2021-06-17,1,0,F,F,F,F,?,T,F,F,F,F,F,?,168
Rotkehlchen,327,2018,2018-03-18,0,0,NA,NA,NA,NA,NA,NA,NA,NA,NA,NA,NA,NA,77
Rotkehlchen,327,2018,2018-04-18,0,0,NA,NA,NA,NA,NA,NA,NA,NA,NA,NA,NA,NA,108
Rotkehlchen,327,2018,2018-05-13,4,0,F,F,F,F,?,T,F,T,F,F,F,?,133
Rotkehlchen,327,2018,2018-06-16,6,0,F,T,F,F,?,F,F,F,T,F,F,?,167
Rotkehlchen,327,2020,2020-03-15,0,0,NA,NA,NA,NA,NA,NA,NA,NA,NA,NA,NA,NA,75
Rotkehlchen,327,2020,2020-04-05,0,0,NA,NA,NA,NA,NA,NA,NA,NA,NA,NA,NA,NA,96
Rotkehlchen,327,2020,2020-05-03,3,0,F,F,F,F,?,T,F,T,F,F,F,?,124
Rotkehlchen,327,2020,2020-06-01,2,0,F,F,F,F,?,T,F,F,F,F,F,?,153
Rotkehlchen,327,2021,2021-03-30,0,0,NA,NA,NA,NA,NA,NA,NA,NA,NA,NA,NA,NA,89
Rotkehlchen,327,2021,2021-04-27,0,0,NA,NA,NA,NA,NA,NA,NA,NA,NA,NA,NA,NA,117
Rotkehlchen,327,2021,2021-05-14,2,0,F,T,F,F,?,T,F,F,F,F,F,?,134
Rotkehlchen,327,2021,2021-06-18,3,0,F,T,F,F,?,T,F,F,F,F,F,?,169
Rotkehlchen,328,2018,2018-03-31,11,0,F,T,T,F,?,F,F,F,F,F,F,?,90
Rotkehlchen,328,2018,2018-04-18,1,0,F,T,F,F,?,F,F,F,F,F,F,?,108
Rotkehlchen,328,2018,2018-05-26,8,0,F,T,T,F,?,F,F,F,T,F,T,?,146
Rotkehlchen,329,2018,2018-03-30,8,0,F,T,F,F,?,F,F,F,F,F,F,?,89
Rotkehlchen,329,2018,2018-04-27,0,0,NA,NA,NA,NA,NA,NA,NA,NA,NA,NA,NA,NA,117
Rotkehlchen,329,2018,2018-05-20,3,0,F,T,F,F,?,F,F,F,F,F,F,?,140
Rotkehlchen,329,2018,2018-06-17,1,0,F,T,F,F,?,F,F,F,F,F,F,?,168
Rotkehlchen,329,2021,2021-03-21,14,0,F,T,?,?,?,?,F,?,?,?,?,?,80
Rotkehlchen,329,2021,2021-04-22,3,0,F,T,?,?,?,?,F,?,?,?,?,?,112
Rotkehlchen,329,2021,2021-05-09,2,0,F,T,?,?,?,?,F,?,?,?,?,?,129
Rotkehlchen,329,2021,2021-06-20,2,0,F,?,?,?,?,?,F,?,?,?,?,?,171
Rotkehlchen,330,2021,2021-03-10,5,0,F,T,T,F,?,F,?,F,F,F,F,?,69
Rotkehlchen,330,2021,2021-04-03,12,0,F,T,F,F,?,F,?,F,F,F,F,?,93
Rotkehlchen,330,2021,2021-05-08,8,0,F,T,F,F,?,F,?,F,F,F,F,?,128
Rotkehlchen,330,2021,2021-05-30,11,0,F,T,F,F,?,F,?,F,F,F,F,?,150
Rotkehlchen,330,2021,2021-03-26,0,0,NA,NA,NA,NA,NA,NA,NA,NA,NA,NA,NA,NA,85
Rotkehlchen,334,2018,2018-03-13,1,0,F,T,F,F,?,F,F,F,F,F,F,?,72
Rotkehlchen,334,2018,2018-04-13,2,0,F,T,F,F,?,F,F,F,F,F,F,?,103
Rotkehlchen,334,2018,2018-05-07,0,0,NA,NA,NA,NA,NA,NA,NA,NA,NA,NA,NA,NA,127
Rotkehlchen,334,2018,2018-06-09,0,0,NA,NA,NA,NA,NA,NA,NA,NA,NA,NA,NA,NA,160
Rotkehlchen,334,2020,2020-03-13,4,0,F,T,F,F,?,F,F,F,F,F,F,?,73
Rotkehlchen,334,2020,2020-04-03,5,0,F,T,F,F,?,F,F,F,F,F,F,?,94
Rotkehlchen,334,2020,2020-05-07,0,0,NA,NA,NA,NA,NA,NA,NA,NA,NA,NA,NA,NA,128
Rotkehlchen,334,2020,2020-05-24,0,0,NA,NA,NA,NA,NA,NA,NA,NA,NA,NA,NA,NA,145
Rotkehlchen,335,2018,2018-03-30,5,0,?,T,F,F,?,F,F,F,F,F,F,?,89
Rotkehlchen,335,2018,2018-04-15,1,0,?,T,F,F,?,F,F,F,F,F,F,?,105
Rotkehlchen,335,2018,2018-05-18,0,0,NA,NA,NA,NA,NA,NA,NA,NA,NA,NA,NA,NA,138
Rotkehlchen,335,2018,2018-06-06,0,0,NA,NA,NA,NA,NA,NA,NA,NA,NA,NA,NA,NA,157
Rotkehlchen,335,2020,2020-03-16,12,0,F,T,F,F,?,F,F,F,F,F,F,?,76
Rotkehlchen,335,2020,2020-04-01,5,0,F,T,T,F,?,F,F,F,F,F,F,?,92
Rotkehlchen,335,2020,2020-05-03,2,0,F,T,F,F,?,F,F,F,F,F,F,?,124
Rotkehlchen,335,2020,2020-05-22,1,0,F,F,F,F,?,F,F,F,F,F,T,?,143
Rotkehlchen,335,2021,2021-03-24,9,0,F,T,F,F,?,F,?,F,F,F,F,?,83
Rotkehlchen,335,2021,2021-04-09,3,0,F,T,F,F,?,F,?,F,F,F,F,?,99
Rotkehlchen,335,2021,2021-05-09,0,0,NA,NA,NA,NA,NA,NA,NA,NA,NA,NA,NA,NA,129
Rotkehlchen,335,2021,2021-06-12,1,0,F,T,F,F,?,F,?,F,F,F,F,?,163
Rotkehlchen,336,2019,2019-03-19,1,0,F,T,F,F,?,F,F,F,F,F,F,?,78
Rotkehlchen,336,2019,2019-04-13,1,0,?,T,?,?,?,?,?,?,?,?,?,?,103
Rotkehlchen,336,2019,2019-05-10,0,0,NA,NA,NA,NA,NA,NA,NA,NA,NA,NA,NA,NA,130
Rotkehlchen,336,2019,2019-05-26,0,0,NA,NA,NA,NA,NA,NA,NA,NA,NA,NA,NA,NA,146
Rotkehlchen,336,2020,2020-03-15,3,0,?,T,T,?,?,?,?,?,?,?,?,?,75
Rotkehlchen,336,2020,2020-04-10,1,0,?,F,T,?,?,?,?,?,?,?,?,?,101
Rotkehlchen,336,2020,2020-05-08,1,0,F,T,F,F,?,F,F,F,F,F,F,?,129
Rotkehlchen,336,2020,2020-06-12,0,0,NA,NA,NA,NA,NA,NA,NA,NA,NA,NA,NA,NA,164
Rotkehlchen,336,2021,2021-03-26,3,0,?,T,?,?,?,?,?,?,?,?,?,?,85
Rotkehlchen,336,2021,2021-04-22,0,0,NA,NA,NA,NA,NA,NA,NA,NA,NA,NA,NA,NA,112
Rotkehlchen,336,2021,2021-05-13,0,0,NA,NA,NA,NA,NA,NA,NA,NA,NA,NA,NA,NA,133
Rotkehlchen,336,2021,2021-06-01,2,0,F,F,T,F,?,F,F,F,F,F,F,?,152
Rotkehlchen,336,2022,2022-03-25,2,0,F,T,F,F,F,F,F,F,F,F,F,?,84
Rotkehlchen,336,2022,2022-04-26,1,0,F,T,F,F,F,F,F,F,F,F,F,?,116
Rotkehlchen,336,2022,2022-05-16,1,0,F,T,F,F,F,F,F,F,F,F,F,?,136
Rotkehlchen,336,2022,2022-05-30,1,0,F,T,F,F,F,F,F,F,F,F,F,?,150
Rotkehlchen,337,2021,2021-03-24,5,0,F,T,F,F,?,F,?,F,F,F,F,?,83
Rotkehlchen,337,2021,2021-04-17,14,0,F,T,T,F,?,F,?,F,F,F,F,?,107
Rotkehlchen,337,2021,2021-05-14,6,0,F,T,F,F,?,F,?,F,F,F,F,?,134
Rotkehlchen,337,2021,2021-06-06,10,0,F,T,T,F,?,F,?,F,F,F,F,?,157
Rotkehlchen,339,2018,2018-03-31,13,0,?,T,T,F,?,F,F,F,F,F,F,?,90
Rotkehlchen,339,2018,2018-04-30,3,0,?,T,F,F,?,F,F,F,F,F,F,?,120
Rotkehlchen,339,2018,2018-05-12,7,0,?,T,F,F,?,F,F,F,F,F,F,?,132
Rotkehlchen,339,2018,2018-06-17,9,0,?,T,T,F,?,F,F,F,F,F,F,?,168
Rotkehlchen,339,2020,2020-03-31,15,0,F,T,F,F,?,F,F,F,F,F,F,?,91
Rotkehlchen,339,2020,2020-04-30,5,0,F,T,F,F,?,F,F,F,F,F,F,?,121
Rotkehlchen,339,2020,2020-05-18,10,0,F,T,F,F,?,F,F,F,F,F,F,?,139
Rotkehlchen,339,2020,2020-06-20,4,0,F,T,T,F,?,F,F,F,F,F,F,?,172
Rotkehlchen,339,2021,2021-03-29,22,0,F,T,?,?,?,?,F,?,?,?,?,?,88
Rotkehlchen,339,2021,2021-05-03,17,0,F,T,?,T,?,T,F,?,?,?,?,?,123
Rotkehlchen,339,2021,2021-05-26,9,0,F,T,?,?,?,?,F,?,?,?,?,?,146
Rotkehlchen,339,2021,2021-06-20,10,0,F,T,?,?,?,?,F,?,?,?,?,?,171
Rotkehlchen,340,2019,2019-03-16,4,0,F,T,F,F,?,F,F,F,F,F,F,?,75
Rotkehlchen,340,2019,2019-04-12,3,0,F,F,T,F,?,F,F,F,F,F,F,?,102
Rotkehlchen,340,2019,2019-05-22,4,0,F,T,F,F,?,F,F,F,F,F,F,?,142
Rotkehlchen,340,2019,2019-06-19,5,0,F,T,T,F,?,F,F,F,F,F,F,?,170
Rotkehlchen,340,2020,2020-03-30,5,0,F,F,F,F,?,F,F,F,F,F,F,?,90
Rotkehlchen,340,2020,2020-04-21,6,0,F,T,F,F,?,F,F,F,F,F,F,?,112
Rotkehlchen,340,2020,2020-05-09,2,0,F,T,F,F,?,F,F,F,F,F,F,?,130
Rotkehlchen,340,2020,2020-05-16,3,0,F,T,T,F,?,F,F,F,F,F,F,?,137
Rotkehlchen,340,2021,2021-03-27,12,0,F,T,F,T,?,F,F,F,T,F,F,?,86
Rotkehlchen,340,2021,2021-04-30,6,0,F,T,F,F,?,F,F,F,F,F,F,?,120
Rotkehlchen,340,2021,2021-05-22,4,0,F,T,F,F,?,F,F,F,F,F,F,?,142
Rotkehlchen,340,2021,2021-06-19,6,0,F,T,T,F,?,F,F,F,F,F,F,?,170
Rotkehlchen,340,2022,2022-03-23,8,0,F,T,F,F,F,F,F,F,F,F,F,?,82
Rotkehlchen,340,2022,2022-04-11,10,0,F,T,F,F,F,F,F,F,F,F,F,?,101
Rotkehlchen,340,2022,2022-05-03,13,0,F,T,F,F,F,F,F,F,F,F,F,?,123
Rotkehlchen,340,2022,2022-06-22,8,0,F,T,F,F,F,F,F,F,F,F,T,?,173
Rotkehlchen,340,2023,2023-03-24,2,0,F,T,F,F,F,F,F,F,F,F,F,?,83
Rotkehlchen,340,2023,2023-04-27,1,0,F,T,F,F,F,F,F,F,F,F,F,?,117
Rotkehlchen,340,2023,2023-05-21,7,0,F,T,F,F,F,F,F,F,F,F,F,?,141
Rotkehlchen,340,2023,2023-06-08,5,0,F,T,F,F,F,F,F,F,F,F,F,?,159
Rotkehlchen,341,2018,2018-03-26,4,0,F,T,F,T,?,F,F,F,F,F,F,?,85
Rotkehlchen,341,2018,2018-04-14,4,0,F,T,F,T,?,F,F,F,F,F,F,?,104
Rotkehlchen,341,2018,2018-05-05,2,0,F,T,F,F,?,F,F,F,F,F,F,?,125
Rotkehlchen,341,2018,2018-06-02,2,0,F,T,F,F,?,F,F,F,F,F,F,?,153
Rotkehlchen,341,2020,2020-03-28,5,0,F,T,F,F,?,F,F,F,F,F,F,?,88
Rotkehlchen,341,2020,2020-04-17,3,0,F,T,F,F,?,F,F,F,F,F,F,?,108
Rotkehlchen,341,2020,2020-05-08,4,0,F,T,F,F,?,F,F,F,F,F,F,?,129
Rotkehlchen,341,2020,2020-06-03,0,0,NA,NA,NA,NA,NA,NA,NA,NA,NA,NA,NA,NA,155
Rotkehlchen,341,2021,2021-03-26,6,0,F,T,F,F,?,F,F,F,F,F,F,?,85
Rotkehlchen,341,2021,2021-04-10,0,0,NA,NA,NA,NA,NA,NA,NA,NA,NA,NA,NA,NA,100
Rotkehlchen,341,2021,2021-05-03,1,0,F,T,F,F,?,F,F,F,F,F,F,?,123
Rotkehlchen,341,2021,2021-06-02,0,0,NA,NA,NA,NA,NA,NA,NA,NA,NA,NA,NA,NA,153
Rotkehlchen,342,2018,2018-03-24,2,0,F,F,F,T,?,F,F,F,F,F,F,?,83
Rotkehlchen,342,2018,2018-04-11,0,0,NA,NA,NA,NA,NA,NA,NA,NA,NA,NA,NA,NA,101
Rotkehlchen,342,2018,2018-05-02,0,0,NA,NA,NA,NA,NA,NA,NA,NA,NA,NA,NA,NA,122
Rotkehlchen,342,2018,2018-06-05,0,0,NA,NA,NA,NA,NA,NA,NA,NA,NA,NA,NA,NA,156
Rotkehlchen,342,2021,2021-03-24,0,0,NA,NA,NA,NA,NA,NA,NA,NA,NA,NA,NA,NA,83
Rotkehlchen,342,2021,2021-04-20,1,0,F,F,F,F,T,F,F,F,F,F,F,?,110
Rotkehlchen,342,2021,2021-05-08,0,0,NA,NA,NA,NA,NA,NA,NA,NA,NA,NA,NA,NA,128
Rotkehlchen,342,2021,2021-05-31,0,0,NA,NA,NA,NA,NA,NA,NA,NA,NA,NA,NA,NA,151
Rotkehlchen,342,2021,2021-05-28,0,0,NA,NA,NA,NA,NA,NA,NA,NA,NA,NA,NA,NA,148
Rotkehlchen,343,2020,2020-03-28,4,0,F,T,F,F,?,F,F,F,F,F,F,?,88
Rotkehlchen,343,2020,2020-04-24,1,0,F,T,F,F,?,F,F,F,F,F,F,?,115
Rotkehlchen,343,2020,2020-05-19,1,0,F,T,F,F,?,F,F,F,F,F,F,?,140
Rotkehlchen,343,2020,2020-06-12,0,0,NA,NA,NA,NA,NA,NA,NA,NA,NA,NA,NA,NA,164
Rotkehlchen,343,2021,2021-03-29,7,0,F,T,F,T,?,F,F,F,F,F,F,?,88
Rotkehlchen,343,2021,2021-04-23,3,0,F,T,F,F,?,F,F,F,F,F,F,?,113
Rotkehlchen,343,2021,2021-05-14,1,0,F,T,F,F,?,F,F,F,F,F,F,?,134
Rotkehlchen,343,2021,2021-06-18,1,0,F,F,F,T,?,F,F,F,F,F,F,?,169
Rotkehlchen,343,2022,2022-03-28,5,0,F,T,F,F,F,F,F,F,F,F,F,?,87
Rotkehlchen,343,2022,2022-04-21,1,0,F,T,F,F,F,F,F,F,F,F,F,?,111
Rotkehlchen,343,2022,2022-05-17,3,0,F,T,F,F,F,F,F,F,F,F,F,?,137
Rotkehlchen,343,2022,2022-06-16,0,0,NA,NA,NA,NA,NA,NA,NA,NA,NA,NA,NA,NA,167
Rotkehlchen,346,2019,2019-03-29,11,0,F,T,F,F,?,F,F,F,F,F,F,?,88
Rotkehlchen,346,2019,2019-04-24,3,0,F,T,F,F,?,F,F,F,F,F,F,?,114
Rotkehlchen,346,2019,2019-05-18,6,0,F,T,F,F,?,F,F,F,F,F,F,?,138
Rotkehlchen,346,2019,2019-06-19,5,0,F,T,F,F,?,F,F,F,F,F,F,?,170
Rotkehlchen,346,2020,2020-03-27,5,0,F,T,F,F,?,F,F,F,F,F,F,?,87
Rotkehlchen,346,2020,2020-04-27,7,0,F,T,F,F,?,F,F,F,F,F,F,?,118
Rotkehlchen,346,2020,2020-05-20,7,0,F,T,F,F,?,F,F,F,F,F,F,?,141
Rotkehlchen,346,2020,2020-06-19,3,0,F,T,F,F,?,F,F,F,F,F,F,?,171
Rotkehlchen,346,2021,2021-03-30,18,0,F,T,F,F,?,F,F,F,F,F,F,?,89
Rotkehlchen,346,2021,2021-04-26,9,0,F,T,F,F,?,F,F,F,F,F,F,?,116
Rotkehlchen,346,2021,2021-05-20,4,0,F,T,F,F,?,F,F,F,F,F,F,?,140
Rotkehlchen,346,2021,2021-06-17,9,0,F,T,F,F,?,F,F,T,F,F,F,?,168
Rotkehlchen,346,2022,2022-03-29,18,0,F,T,F,F,F,F,F,F,F,F,F,?,88
Rotkehlchen,346,2022,2022-04-20,11,0,F,T,F,F,F,F,F,F,F,F,F,?,110
Rotkehlchen,346,2022,2022-05-20,8,0,F,T,F,F,F,F,F,F,F,F,F,?,140
Rotkehlchen,346,2022,2022-06-20,3,0,F,T,F,F,F,F,F,F,F,F,T,?,171
Rotkehlchen,346,2023,2023-03-28,8,0,F,T,F,F,F,F,F,F,F,F,F,?,87
Rotkehlchen,346,2023,2023-04-26,11,0,F,T,F,F,F,F,F,F,F,F,F,?,116
Rotkehlchen,346,2023,2023-05-19,8,0,F,T,F,F,F,F,F,F,F,F,F,?,139
Rotkehlchen,346,2023,2023-06-19,6,0,F,T,F,T,F,F,F,F,F,F,F,?,170
Rotkehlchen,350,2018,2018-03-25,0,0,NA,NA,NA,NA,NA,NA,NA,NA,NA,NA,NA,NA,84
Rotkehlchen,350,2018,2018-06-16,2,0,?,T,F,F,?,F,F,F,F,F,F,?,167
Rotkehlchen,350,2018,2018-05-20,1,0,?,T,F,F,?,F,F,F,F,F,F,?,140
Rotkehlchen,350,2020,2020-03-28,0,0,NA,NA,NA,NA,NA,NA,NA,NA,NA,NA,NA,NA,88
Rotkehlchen,350,2020,2020-05-19,1,0,F,T,F,F,?,F,F,F,F,F,F,?,140
Rotkehlchen,350,2020,2020-06-18,0,0,NA,NA,NA,NA,NA,NA,NA,NA,NA,NA,NA,NA,170
Rotkehlchen,350,2020,2020-04-30,0,0,NA,NA,NA,NA,NA,NA,NA,NA,NA,NA,NA,NA,121
Rotkehlchen,350,2021,2021-03-28,1,0,F,T,F,F,?,F,F,F,F,F,F,?,87
Rotkehlchen,350,2021,2021-04-25,0,0,NA,NA,NA,NA,NA,NA,NA,NA,NA,NA,NA,NA,115
Rotkehlchen,350,2021,2021-05-28,1,0,F,T,F,F,?,F,F,F,F,F,F,?,148
Rotkehlchen,350,2021,2021-05-09,0,0,NA,NA,NA,NA,NA,NA,NA,NA,NA,NA,NA,NA,129
Rotkehlchen,353,2023,2023-03-17,1,0,F,F,T,F,?,F,F,F,F,F,F,?,76
Rotkehlchen,353,2023,2023-04-19,1,0,F,T,F,F,?,F,F,F,F,F,F,?,109
Rotkehlchen,353,2023,2023-05-11,0,0,NA,NA,NA,NA,NA,NA,NA,NA,NA,NA,NA,NA,131
Rotkehlchen,353,2023,2023-06-13,0,0,NA,NA,NA,NA,NA,NA,NA,NA,NA,NA,NA,NA,164
Rotkehlchen,354,2021,2021-04-30,3,0,F,T,?,?,?,?,F,?,?,?,?,?,120
Rotkehlchen,354,2021,2021-05-20,2,0,F,T,?,T,?,?,F,?,?,?,?,?,140
Rotkehlchen,354,2021,2021-06-17,2,0,F,?,?,?,?,?,F,?,?,?,?,?,168
Rotkehlchen,355,2019,2019-03-23,22,0,F,T,T,F,?,F,F,F,F,F,F,?,82
Rotkehlchen,355,2019,2019-04-14,11,0,F,T,T,F,?,F,F,F,F,F,F,?,104
Rotkehlchen,355,2019,2019-05-01,10,0,F,T,T,F,?,F,F,F,F,F,F,?,121
Rotkehlchen,355,2019,2019-05-25,6,0,F,T,T,F,?,F,F,F,F,F,F,?,145
Rotkehlchen,355,2020,2020-03-13,14,0,F,T,T,F,?,F,F,F,F,F,F,?,73
Rotkehlchen,355,2020,2020-04-23,12,0,F,T,F,F,?,F,F,F,F,F,F,?,114
Rotkehlchen,355,2020,2020-05-18,7,0,F,T,T,F,?,F,F,F,F,F,F,?,139
Rotkehlchen,355,2020,2020-06-18,5,0,F,T,T,F,?,F,F,F,F,F,F,?,170
Rotkehlchen,355,2021,2021-03-31,17,0,F,T,T,F,?,F,F,F,F,F,F,?,90
Rotkehlchen,355,2021,2021-04-20,11,0,F,T,T,F,?,F,F,F,F,F,F,?,110
Rotkehlchen,355,2021,2021-05-14,3,0,F,T,T,F,?,F,F,F,F,F,F,?,134
Rotkehlchen,355,2021,2021-06-15,5,0,F,T,T,F,?,F,F,F,F,F,F,?,166
Rotkehlchen,355,2022,2022-03-22,14,0,F,T,F,F,F,F,F,F,F,F,F,?,81
Rotkehlchen,355,2022,2022-04-27,2,0,F,T,F,F,F,F,F,F,F,F,F,?,117
Rotkehlchen,355,2022,2022-05-14,2,0,F,T,F,F,F,F,F,F,F,F,F,?,134
Rotkehlchen,355,2022,2022-06-15,4,0,F,T,T,F,F,F,F,F,F,F,F,?,166
Rotkehlchen,355,2023,2023-03-15,7,0,F,T,F,F,?,F,F,F,F,F,F,?,74
Rotkehlchen,355,2023,2023-04-13,11,0,F,T,F,F,?,F,F,F,F,F,F,?,103
Rotkehlchen,355,2023,2023-05-10,6,0,F,T,T,F,?,F,F,F,F,F,F,?,130
Rotkehlchen,355,2023,2023-06-15,4,0,F,T,F,F,?,F,F,F,F,F,F,?,166
Rotkehlchen,357,2021,2021-03-28,17,0,F,T,?,?,?,?,F,?,?,?,?,?,87
Rotkehlchen,357,2021,2021-04-24,8,0,F,T,?,?,?,?,F,?,?,?,?,?,114
Rotkehlchen,357,2021,2021-05-14,4,0,F,?,?,?,?,?,F,?,T,?,?,?,134
Rotkehlchen,357,2021,2021-06-12,2,0,F,?,?,?,?,?,F,?,?,?,?,?,163
Rotkehlchen,358,2018,2018-03-16,19,0,?,T,F,F,?,F,F,F,F,F,F,?,75
Rotkehlchen,358,2018,2018-04-13,17,0,?,T,F,F,?,F,F,F,F,F,F,?,103
Rotkehlchen,358,2018,2018-05-08,5,0,?,T,F,F,?,F,F,F,F,F,F,?,128
Rotkehlchen,358,2018,2018-06-05,5,0,?,T,F,F,?,F,F,F,F,F,F,?,156
Rotkehlchen,358,2020,2020-03-22,22,0,F,T,F,F,?,F,F,F,F,F,F,?,82
Rotkehlchen,358,2020,2020-04-17,15,0,F,T,F,F,?,F,F,F,F,F,F,?,108
Rotkehlchen,358,2020,2020-05-08,2,0,F,T,F,F,?,F,F,F,F,F,F,?,129
Rotkehlchen,358,2020,2020-06-19,3,0,F,T,F,F,?,F,F,F,F,F,F,?,171
Rotkehlchen,358,2021,2021-03-26,18,0,F,T,F,F,?,F,F,F,F,F,F,?,85
Rotkehlchen,358,2021,2021-04-26,18,0,F,T,F,F,?,F,F,F,F,F,F,?,116
Rotkehlchen,358,2021,2021-05-19,9,0,F,T,F,F,?,F,F,F,F,F,F,?,139
Rotkehlchen,358,2021,2021-06-14,10,0,F,T,F,F,?,F,F,F,F,F,F,?,165
Rotkehlchen,359,2020,2020-03-29,0,0,NA,NA,NA,NA,NA,NA,NA,NA,NA,NA,NA,NA,89
Rotkehlchen,359,2020,2020-04-23,3,0,F,T,T,F,?,F,F,F,F,F,F,?,114
Rotkehlchen,359,2020,2020-05-20,3,0,F,T,T,F,?,F,F,F,F,F,F,?,141
Rotkehlchen,359,2020,2020-06-13,3,0,F,T,T,F,?,F,F,F,F,F,F,?,165
Rotkehlchen,359,2021,2021-03-31,11,0,F,T,F,F,?,F,F,F,F,F,F,?,90
Rotkehlchen,359,2021,2021-04-22,11,0,F,T,F,F,?,F,F,F,F,F,F,?,112
Rotkehlchen,359,2021,2021-05-19,2,0,F,T,F,F,?,F,F,F,F,F,F,?,139
Rotkehlchen,359,2021,2021-06-14,5,0,F,T,F,F,?,F,F,F,F,F,F,?,165
Rotkehlchen,360,2018,2018-03-21,0,0,NA,NA,NA,NA,NA,NA,NA,NA,NA,NA,NA,NA,80
Rotkehlchen,360,2018,2018-03-22,2,0,F,T,T,F,?,F,F,F,F,F,F,?,81
Rotkehlchen,360,2018,2018-04-22,7,0,F,T,T,F,?,F,F,F,F,F,F,?,112
Rotkehlchen,360,2018,2018-05-12,2,0,F,T,F,F,?,F,F,F,F,F,F,?,132
Rotkehlchen,360,2018,2018-06-08,5,0,F,T,T,F,?,F,F,F,F,F,F,?,159
Rotkehlchen,360,2020,2020-03-28,15,0,F,T,T,F,?,F,F,F,F,F,F,?,88
Rotkehlchen,360,2020,2020-04-18,4,0,F,T,T,F,?,F,F,F,F,F,F,?,109
Rotkehlchen,360,2020,2020-05-18,5,0,F,T,F,F,?,F,F,F,F,F,F,?,139
Rotkehlchen,360,2020,2020-06-13,5,0,F,T,F,F,?,F,F,F,F,F,F,?,165
Rotkehlchen,360,2021,2021-03-29,19,0,F,T,T,F,?,F,F,F,F,F,F,?,88
Rotkehlchen,360,2021,2021-04-21,18,0,F,T,T,F,?,F,F,F,F,F,F,?,111
Rotkehlchen,360,2021,2021-05-18,5,0,F,T,T,F,?,F,F,F,F,F,F,?,138
Rotkehlchen,360,2021,2021-06-13,5,0,F,T,F,F,?,F,F,F,F,F,F,?,164
Rotkehlchen,361,2018,2018-03-25,4,0,F,T,F,F,?,F,F,F,F,F,F,?,84
Rotkehlchen,361,2018,2018-04-07,11,0,F,T,F,F,?,F,F,F,F,F,F,?,97
Rotkehlchen,361,2018,2018-05-06,3,0,F,T,F,F,?,F,F,F,F,F,F,?,126
Rotkehlchen,361,2018,2018-06-09,2,0,F,T,F,F,?,F,F,F,F,F,F,?,160
Rotkehlchen,361,2020,2020-03-20,21,0,F,T,T,F,?,F,F,F,F,F,F,?,80
Rotkehlchen,361,2020,2020-04-04,18,0,F,T,F,F,?,F,F,F,F,F,F,?,95
Rotkehlchen,361,2020,2020-05-09,9,0,F,T,F,F,?,F,F,F,F,F,F,?,130
Rotkehlchen,361,2020,2020-05-30,10,0,F,T,F,F,?,F,F,F,F,F,F,?,151
Rotkehlchen,361,2021,2021-03-28,19,0,F,T,F,F,?,F,F,F,F,F,F,?,87
Rotkehlchen,361,2021,2021-04-11,16,0,F,T,F,F,?,F,F,F,F,F,F,?,101
Rotkehlchen,361,2021,2021-05-14,11,0,F,T,F,F,?,F,F,F,F,F,F,?,134
Rotkehlchen,361,2021,2021-06-11,14,0,F,T,F,F,?,F,F,F,F,F,F,?,162
Rotkehlchen,363,2019,2019-03-21,2,0,F,T,F,F,?,F,F,F,F,F,F,?,80
Rotkehlchen,363,2019,2019-04-16,3,0,F,T,F,F,?,F,F,F,F,F,F,?,106
Rotkehlchen,363,2019,2019-05-13,1,0,F,T,F,F,?,F,F,F,F,F,F,?,133
Rotkehlchen,363,2019,2019-06-17,2,0,F,T,F,F,?,F,F,F,F,F,F,?,168
Rotkehlchen,363,2020,2020-03-20,2,0,F,T,T,F,?,F,F,F,F,F,F,?,80
Rotkehlchen,363,2020,2020-04-12,0,0,NA,NA,NA,NA,NA,NA,NA,NA,NA,NA,NA,NA,103
Rotkehlchen,363,2020,2020-05-05,1,0,F,T,F,F,?,F,F,F,F,F,F,?,126
Rotkehlchen,363,2020,2020-06-12,1,0,F,T,F,F,?,F,F,F,F,F,F,?,164
Rotkehlchen,363,2022,2022-03-26,6,0,F,T,T,F,?,F,F,F,F,F,F,?,85
Rotkehlchen,363,2022,2022-04-15,1,0,F,T,F,F,?,F,F,F,F,F,F,?,105
Rotkehlchen,363,2022,2022-05-07,1,0,F,F,F,T,?,F,F,F,F,F,F,?,127
Rotkehlchen,363,2022,2022-06-06,1,0,F,T,F,F,?,F,F,F,F,F,F,?,157
Rotkehlchen,363,2023,2023-03-26,2,0,F,T,F,F,?,F,F,F,F,F,F,?,85
Rotkehlchen,363,2023,2023-04-23,2,0,F,T,F,T,?,F,F,F,F,F,F,?,113
Rotkehlchen,363,2023,2023-05-14,2,0,F,T,F,F,?,F,F,F,F,F,F,?,134
Rotkehlchen,363,2023,2023-05-28,2,0,F,F,F,T,?,T,F,F,F,F,F,?,148
Rotkehlchen,364,2019,2019-03-28,12,0,F,T,T,F,?,F,T,F,F,F,F,?,87
Rotkehlchen,364,2019,2019-04-23,3,0,F,T,F,F,?,F,F,F,F,F,F,?,113
Rotkehlchen,364,2019,2019-05-15,0,0,NA,NA,NA,NA,NA,NA,NA,NA,NA,NA,NA,NA,135
Rotkehlchen,364,2019,2019-06-17,1,0,F,T,F,F,?,F,F,F,F,F,F,?,168
Rotkehlchen,364,2020,2020-03-15,14,0,F,T,T,F,?,T,F,F,F,F,F,?,75
Rotkehlchen,364,2020,2020-04-10,6,0,F,T,T,T,?,F,F,F,F,F,F,?,101
Rotkehlchen,364,2020,2020-05-06,3,0,F,T,T,F,?,F,F,F,F,F,F,?,127
Rotkehlchen,364,2020,2020-06-11,2,0,F,T,F,F,?,F,F,F,F,F,F,?,163
Rotkehlchen,364,2022,2022-03-23,12,0,T,T,T,F,T,F,F,F,F,F,F,?,82
Rotkehlchen,364,2022,2022-04-17,4,0,T,T,F,T,?,F,F,F,F,F,F,?,107
Rotkehlchen,364,2022,2022-05-10,1,0,F,T,F,F,?,F,F,F,F,F,F,?,130
Rotkehlchen,364,2022,2022-06-08,2,0,F,T,F,T,?,F,F,F,F,F,F,?,159
Rotkehlchen,364,2023,2023-03-25,9,0,F,T,T,T,?,T,F,F,F,F,F,?,84
Rotkehlchen,364,2023,2023-04-08,4,0,F,T,T,F,?,T,F,T,F,F,F,?,98
Rotkehlchen,364,2023,2023-05-18,1,0,F,F,F,F,?,F,F,F,T,T,F,?,138
Rotkehlchen,364,2023,2023-06-04,0,0,NA,NA,NA,NA,NA,NA,NA,NA,NA,NA,NA,NA,155
Rotkehlchen,366,2019,2019-03-20,27,0,F,T,T,F,?,F,F,F,F,F,F,?,79
Rotkehlchen,366,2019,2019-04-11,0,0,NA,NA,NA,NA,NA,NA,NA,NA,NA,NA,NA,NA,101
Rotkehlchen,366,2019,2019-05-06,0,0,NA,NA,NA,NA,NA,NA,NA,NA,NA,NA,NA,NA,126
Rotkehlchen,366,2019,2019-06-03,0,0,NA,NA,NA,NA,NA,NA,NA,NA,NA,NA,NA,NA,154
Rotkehlchen,366,2020,2020-03-26,13,0,F,T,T,F,?,F,F,F,F,F,F,?,86
Rotkehlchen,366,2020,2020-04-11,6,0,F,T,F,F,?,F,F,F,F,F,F,?,102
Rotkehlchen,366,2020,2020-05-08,1,0,F,F,T,F,?,F,F,F,F,F,F,?,129
Rotkehlchen,366,2020,2020-06-08,1,0,F,T,F,F,?,F,F,F,F,F,F,?,160
Rotkehlchen,366,2022,2022-03-20,25,0,T,T,T,T,?,F,F,F,F,F,F,?,79
Rotkehlchen,366,2022,2022-04-10,2,0,F,T,T,F,?,F,F,F,F,F,F,?,100
Rotkehlchen,366,2022,2022-05-08,2,0,F,F,T,F,?,F,F,F,F,F,F,?,128
Rotkehlchen,366,2022,2022-06-04,1,0,F,F,T,F,?,F,F,F,F,F,F,?,155
Rotkehlchen,366,2023,2023-03-19,9,0,F,T,F,F,?,F,F,F,F,F,F,?,78
Rotkehlchen,366,2023,2023-04-07,3,0,F,T,F,F,?,F,F,F,F,F,F,?,97
Rotkehlchen,366,2023,2023-05-13,0,0,NA,NA,NA,NA,NA,NA,NA,NA,NA,NA,NA,NA,133
Rotkehlchen,366,2023,2023-05-29,0,0,NA,NA,NA,NA,NA,NA,NA,NA,NA,NA,NA,NA,149
Rotkehlchen,366,2023,2023-05-06,0,0,NA,NA,NA,NA,NA,NA,NA,NA,NA,NA,NA,NA,126
Rotkehlchen,367,2019,2019-03-20,12,0,F,T,F,T,?,F,F,F,F,F,F,?,79
Rotkehlchen,367,2019,2019-04-23,7,0,F,T,F,T,?,F,F,F,F,F,F,?,113
Rotkehlchen,367,2019,2019-05-15,3,0,F,T,F,F,?,F,F,F,F,F,F,?,135
Rotkehlchen,367,2019,2019-06-14,12,0,F,T,F,T,?,F,F,F,F,F,F,?,165
Rotkehlchen,367,2020,2020-03-12,5,0,F,T,F,F,?,F,F,F,F,F,F,?,72
Rotkehlchen,367,2020,2020-04-06,12,0,F,T,F,T,?,T,F,F,F,F,F,?,97
Rotkehlchen,367,2020,2020-05-04,8,0,F,T,F,F,?,F,F,F,F,F,F,?,125
Rotkehlchen,367,2020,2020-06-10,6,0,F,T,F,T,?,F,F,F,F,F,F,?,162
Rotkehlchen,367,2022,2022-03-16,12,0,F,T,T,F,?,T,F,F,F,F,F,?,75
Rotkehlchen,367,2022,2022-04-06,11,0,T,T,F,T,?,F,F,F,F,F,F,?,96
Rotkehlchen,367,2022,2022-05-01,5,5,T,T,F,F,?,F,F,F,F,F,F,?,121
Rotkehlchen,367,2022,2022-05-28,10,0,F,T,F,T,?,F,F,F,F,F,F,?,148
Rotkehlchen,367,2023,2023-03-12,5,0,F,T,T,F,?,F,F,F,F,F,F,?,71
Rotkehlchen,367,2023,2023-04-15,5,0,F,T,F,T,?,F,F,F,F,F,F,?,105
Rotkehlchen,367,2023,2023-05-06,2,0,T,F,F,T,?,F,F,F,F,F,F,?,126
Rotkehlchen,367,2023,2023-06-08,6,0,F,T,T,T,?,F,F,F,F,F,T,?,159
Rotkehlchen,368,2018,2018-03-26,3,0,?,T,F,F,?,F,F,F,F,F,F,?,85
Rotkehlchen,368,2018,2018-04-14,1,0,?,T,F,F,?,F,F,F,F,F,F,?,104
Rotkehlchen,368,2018,2018-05-12,1,0,?,T,F,F,?,F,F,F,F,F,F,?,132
Rotkehlchen,368,2018,2018-05-26,0,0,NA,NA,NA,NA,NA,NA,NA,NA,NA,NA,NA,NA,146
Rotkehlchen,368,2018,2018-03-30,0,0,NA,NA,NA,NA,NA,NA,NA,NA,NA,NA,NA,NA,89
Rotkehlchen,368,2020,2020-03-28,7,0,F,T,T,F,?,F,F,F,F,F,F,?,88
Rotkehlchen,368,2020,2020-04-18,3,0,F,T,F,F,?,F,F,F,F,F,F,?,109
Rotkehlchen,368,2020,2020-05-17,0,0,NA,NA,NA,NA,NA,NA,NA,NA,NA,NA,NA,NA,138
Rotkehlchen,368,2020,2020-06-06,1,0,F,T,F,F,?,F,F,F,F,F,F,?,158
Rotkehlchen,368,2021,2021-03-28,9,0,F,T,F,F,?,F,?,F,F,F,F,?,87
Rotkehlchen,368,2021,2021-04-13,2,0,F,T,F,F,?,F,?,F,F,F,F,?,103
Rotkehlchen,368,2021,2021-05-25,6,0,F,T,F,F,?,F,?,F,T,F,F,?,145
Rotkehlchen,369,2018,2018-03-22,1,0,?,F,F,F,?,F,F,F,F,F,F,?,81
Rotkehlchen,369,2018,2018-04-06,2,0,?,T,F,F,?,F,F,F,F,F,F,?,96
Rotkehlchen,369,2018,2018-05-07,0,0,NA,NA,NA,NA,NA,NA,NA,NA,NA,NA,NA,NA,127
Rotkehlchen,369,2018,2018-06-02,1,0,?,T,F,F,?,F,F,F,F,F,F,?,153
Rotkehlchen,369,2020,2020-03-16,10,0,F,T,F,F,?,F,F,F,F,F,F,?,76
Rotkehlchen,369,2020,2020-04-08,3,0,F,T,F,F,?,F,F,F,F,F,F,?,99
Rotkehlchen,369,2020,2020-05-16,0,0,NA,NA,NA,NA,NA,NA,NA,NA,NA,NA,NA,NA,137
Rotkehlchen,369,2020,2020-06-02,0,0,NA,NA,NA,NA,NA,NA,NA,NA,NA,NA,NA,NA,154
Rotkehlchen,369,2021,2021-03-22,5,0,F,T,F,F,?,F,F,F,F,F,F,?,81
Rotkehlchen,369,2021,2021-04-09,5,0,F,T,F,F,?,F,F,F,F,F,F,?,99
Rotkehlchen,369,2021,2021-05-14,1,0,F,T,F,F,?,F,F,F,F,F,F,?,134
Rotkehlchen,369,2021,2021-06-11,2,0,F,T,F,F,?,F,F,F,F,F,F,?,162
Rotkehlchen,370,2018,2018-03-24,1,0,?,T,F,F,?,F,F,F,F,F,F,?,83
Rotkehlchen,370,2018,2018-04-22,0,0,NA,NA,NA,NA,NA,NA,NA,NA,NA,NA,NA,NA,112
Rotkehlchen,370,2018,2018-05-21,0,0,NA,NA,NA,NA,NA,NA,NA,NA,NA,NA,NA,NA,141
Rotkehlchen,370,2018,2018-06-17,0,0,NA,NA,NA,NA,NA,NA,NA,NA,NA,NA,NA,NA,168
Rotkehlchen,370,2020,2020-03-20,1,0,F,T,F,F,?,F,F,F,F,F,F,?,80
Rotkehlchen,370,2020,2020-04-19,1,0,F,T,F,F,?,F,F,F,F,F,F,?,110
Rotkehlchen,370,2020,2020-05-17,1,0,F,T,F,F,?,F,F,F,F,F,F,?,138
Rotkehlchen,370,2020,2020-06-12,0,0,NA,NA,NA,NA,NA,NA,NA,NA,NA,NA,NA,NA,164
Rotkehlchen,370,2021,2021-03-28,6,0,F,T,T,F,?,F,?,F,F,F,F,?,87
Rotkehlchen,370,2021,2021-04-25,1,0,F,T,F,F,?,F,?,F,F,F,F,?,115
Rotkehlchen,370,2021,2021-05-13,1,0,F,T,F,F,?,F,?,F,F,F,F,?,133
Rotkehlchen,370,2021,2021-06-03,1,0,F,T,F,F,?,F,?,F,F,F,F,?,154
Rotkehlchen,372,2018,2018-03-30,8,0,?,T,T,F,?,F,F,F,F,F,F,?,89
Rotkehlchen,372,2018,2018-04-13,0,0,NA,NA,NA,NA,NA,NA,NA,NA,NA,NA,NA,NA,103
Rotkehlchen,372,2018,2018-05-11,0,0,NA,NA,NA,NA,NA,NA,NA,NA,NA,NA,NA,NA,131
Rotkehlchen,372,2018,2018-06-20,1,0,?,F,F,F,?,F,F,F,F,F,T,?,171
Rotkehlchen,372,2018,2018-04-01,0,0,NA,NA,NA,NA,NA,NA,NA,NA,NA,NA,NA,NA,91
Rotkehlchen,372,2020,2020-03-27,5,0,F,T,T,F,?,F,F,F,F,F,F,?,87
Rotkehlchen,372,2020,2020-04-16,2,0,F,F,T,F,?,F,F,F,F,F,F,?,107
Rotkehlchen,372,2020,2020-05-19,1,0,F,T,F,F,?,F,F,F,F,F,F,?,140
Rotkehlchen,372,2020,2020-06-17,0,0,NA,NA,NA,NA,NA,NA,NA,NA,NA,NA,NA,NA,169
Rotkehlchen,372,2021,2021-03-26,16,0,F,T,?,T,?,T,F,?,?,?,?,?,85
Rotkehlchen,372,2021,2021-04-23,2,0,F,?,?,?,?,?,F,?,?,?,?,?,113
Rotkehlchen,372,2021,2021-05-20,0,0,NA,NA,NA,NA,NA,NA,NA,NA,NA,NA,NA,NA,140
Rotkehlchen,372,2021,2021-06-19,0,0,NA,NA,NA,NA,NA,NA,NA,NA,NA,NA,NA,NA,170
Rotkehlchen,373,2018,2018-03-14,5,0,F,T,F,F,?,F,F,F,F,F,F,?,73
Rotkehlchen,373,2018,2018-04-10,13,0,F,T,F,F,?,F,F,F,F,F,F,?,100
Rotkehlchen,373,2018,2018-05-12,10,0,F,T,T,F,?,F,F,F,F,F,F,?,132
Rotkehlchen,373,2018,2018-06-11,11,0,F,T,F,F,?,F,F,F,F,F,F,?,162
Rotkehlchen,373,2020,2020-03-19,13,0,F,T,F,F,?,F,F,F,F,F,F,?,79
Rotkehlchen,373,2020,2020-04-12,9,0,F,T,F,F,?,F,F,F,F,F,F,?,103
Rotkehlchen,373,2020,2020-05-08,6,0,F,T,F,F,?,F,F,F,F,F,F,?,129
Rotkehlchen,373,2020,2020-06-03,9,0,F,T,F,F,?,F,F,F,F,F,F,?,155
Rotkehlchen,373,2021,2021-06-13,44,0,F,T,F,F,?,F,?,F,F,F,F,?,164
Rotkehlchen,374,2019,2019-03-27,10,0,F,T,F,T,?,F,F,F,F,F,F,?,86
Rotkehlchen,374,2019,2019-04-29,2,0,F,T,F,F,?,F,F,F,F,F,F,?,119
Rotkehlchen,374,2019,2019-05-09,2,0,F,F,F,T,?,T,F,F,F,F,F,?,129
Rotkehlchen,374,2019,2019-06-18,1,0,F,T,F,F,?,F,F,F,F,F,F,?,169
Rotkehlchen,374,2020,2020-03-24,6,0,F,T,F,F,?,F,F,F,F,F,F,?,84
Rotkehlchen,374,2020,2020-04-24,4,0,F,T,F,F,?,F,F,F,F,F,F,?,115
Rotkehlchen,374,2020,2020-05-19,4,0,F,T,F,F,?,F,F,F,F,F,F,?,140
Rotkehlchen,374,2020,2020-06-11,8,0,F,T,F,T,?,F,F,F,T,F,F,?,163
Rotkehlchen,374,2022,2022-03-29,9,0,F,T,T,T,?,F,F,F,F,F,F,?,88
Rotkehlchen,374,2022,2022-04-19,3,0,F,T,F,F,?,F,F,F,F,F,F,?,109
Rotkehlchen,374,2022,2022-05-20,1,0,F,T,F,F,?,F,F,F,F,F,F,?,140
Rotkehlchen,374,2022,2022-06-14,0,0,NA,NA,NA,NA,NA,NA,NA,NA,NA,NA,NA,NA,165
Rotkehlchen,374,2023,2023-03-24,7,0,F,T,F,F,F,F,F,F,F,F,F,?,83
Rotkehlchen,374,2023,2023-04-19,5,0,F,T,F,F,F,F,F,F,F,F,F,?,109
Rotkehlchen,374,2023,2023-05-15,1,0,F,F,T,F,F,F,F,F,F,F,F,?,135
Rotkehlchen,374,2023,2023-06-09,1,0,F,T,F,F,F,F,F,F,F,F,F,?,160
Rotkehlchen,375,2018,2018-03-24,6,0,?,T,F,F,?,F,F,F,F,F,F,?,83
Rotkehlchen,375,2018,2018-04-14,1,0,?,F,F,F,?,F,F,F,F,F,F,?,104
Rotkehlchen,375,2018,2018-05-12,2,0,?,T,F,F,?,F,F,F,F,F,F,?,132
Rotkehlchen,375,2018,2018-06-19,3,0,?,T,F,F,?,F,F,F,F,F,F,?,170
Rotkehlchen,376,2019,2019-03-25,2,0,F,T,F,F,?,F,F,F,F,F,F,?,84
Rotkehlchen,376,2019,2019-04-17,4,0,F,T,F,F,?,F,F,F,F,F,F,?,107
Rotkehlchen,376,2019,2019-05-06,1,0,F,T,F,F,?,F,F,F,F,F,F,?,126
Rotkehlchen,376,2019,2019-06-16,4,0,F,T,F,F,?,F,F,F,F,F,F,?,167
Rotkehlchen,376,2020,2020-03-24,4,0,F,T,F,F,?,F,F,F,F,F,F,?,84
Rotkehlchen,376,2020,2020-04-24,5,0,F,T,F,F,?,F,F,F,F,F,F,?,115
Rotkehlchen,376,2020,2020-05-14,4,0,F,T,F,F,?,F,F,F,F,F,F,?,135
Rotkehlchen,376,2020,2020-06-08,2,0,F,T,F,F,?,F,F,F,F,F,F,?,160
Rotkehlchen,376,2022,2022-03-25,3,0,F,T,F,F,F,F,F,F,F,F,F,?,84
Rotkehlchen,376,2022,2022-04-25,8,0,F,T,F,F,F,F,F,F,F,F,F,?,115
Rotkehlchen,376,2022,2022-05-17,6,0,F,T,F,F,F,F,F,F,F,F,F,?,137
Rotkehlchen,376,2022,2022-06-16,4,0,F,T,T,F,F,F,F,F,F,F,F,?,167
Rotkehlchen,376,2023,2023-03-21,5,0,F,T,F,F,F,F,F,F,F,F,F,?,80
Rotkehlchen,376,2023,2023-04-18,0,0,NA,NA,NA,NA,NA,NA,NA,NA,NA,NA,NA,NA,108
Rotkehlchen,376,2023,2023-05-13,2,0,F,T,F,F,F,F,F,F,F,F,F,?,133
Rotkehlchen,376,2023,2023-06-13,2,0,F,T,F,F,F,F,F,F,F,F,F,?,164
Rotkehlchen,379,2018,2018-03-27,10,0,?,T,F,F,?,F,F,F,F,F,F,?,86
Rotkehlchen,379,2018,2018-04-29,2,0,?,T,F,F,?,F,F,F,F,F,F,?,119
Rotkehlchen,379,2018,2018-05-20,7,0,?,T,F,F,?,F,F,F,F,F,F,?,140
Rotkehlchen,379,2018,2018-06-03,13,0,?,T,F,F,?,F,F,F,F,F,F,?,154
Rotkehlchen,379,2020,2020-03-15,21,0,F,T,F,F,?,F,F,F,F,F,F,?,75
Rotkehlchen,379,2020,2020-04-10,15,0,F,T,F,F,?,F,F,F,F,F,F,?,101
Rotkehlchen,379,2020,2020-05-03,3,0,F,T,F,F,?,F,F,F,F,F,F,?,124
Rotkehlchen,379,2020,2020-05-24,8,0,F,T,T,F,?,F,F,F,F,F,F,?,145
Rotkehlchen,385,2019,2019-03-27,5,0,F,T,F,F,?,F,F,F,F,F,F,?,86
Rotkehlchen,385,2019,2019-04-17,4,0,F,T,F,F,?,F,F,F,F,F,F,?,107
Rotkehlchen,385,2019,2019-05-15,2,0,F,T,F,F,?,F,F,F,F,F,F,?,135
Rotkehlchen,385,2019,2019-06-05,2,0,F,T,F,F,?,F,F,F,F,F,F,?,156
Rotkehlchen,385,2020,2020-03-25,1,0,F,T,F,F,?,F,F,F,F,F,F,?,85
Rotkehlchen,385,2020,2020-04-23,5,0,F,T,F,F,?,F,F,F,F,F,F,?,114
Rotkehlchen,385,2020,2020-05-14,1,0,F,T,F,F,?,F,F,F,F,F,F,?,135
Rotkehlchen,385,2020,2020-06-08,5,0,F,T,F,F,?,F,F,F,F,F,F,?,160
Rotkehlchen,385,2022,2022-03-21,4,0,F,T,F,F,F,F,F,F,F,F,F,?,80
Rotkehlchen,385,2022,2022-04-19,2,0,F,T,F,F,F,F,F,F,F,F,F,?,109
Rotkehlchen,385,2022,2022-05-11,3,0,F,T,F,F,F,F,F,F,F,F,F,?,131
Rotkehlchen,385,2022,2022-06-07,2,0,F,T,F,F,F,F,F,F,F,F,F,?,158
Rotkehlchen,385,2023,2023-03-21,3,0,F,T,F,F,F,F,F,F,F,F,F,?,80
Rotkehlchen,385,2023,2023-04-18,5,0,F,T,F,F,F,F,F,F,F,F,F,?,108
Rotkehlchen,385,2023,2023-05-13,4,0,F,T,F,F,F,F,F,F,F,F,F,?,133
Rotkehlchen,385,2023,2023-06-13,0,0,NA,NA,NA,NA,NA,NA,NA,NA,NA,NA,NA,NA,164
Rotkehlchen,387,2019,2019-03-25,4,0,F,T,F,F,?,F,F,F,F,F,F,?,84
Rotkehlchen,387,2019,2019-04-24,6,0,F,T,F,F,?,F,F,F,F,F,F,?,114
Rotkehlchen,387,2019,2019-05-08,4,0,F,T,F,F,?,F,F,F,F,F,F,?,128
Rotkehlchen,387,2019,2019-06-19,5,0,F,T,F,F,?,F,F,F,F,F,F,?,170
Rotkehlchen,387,2019,2019-03-27,0,0,NA,NA,NA,NA,NA,NA,NA,NA,NA,NA,NA,NA,86
Rotkehlchen,387,2020,2020-03-25,5,0,F,T,F,F,?,F,F,F,F,F,F,?,85
Rotkehlchen,387,2020,2020-04-22,4,0,F,T,F,F,?,F,F,F,F,F,F,?,113
Rotkehlchen,387,2020,2020-05-28,4,0,F,T,F,F,?,F,F,F,F,F,F,?,149
Rotkehlchen,387,2020,2020-06-12,2,0,F,T,F,F,?,F,F,F,F,F,F,?,164
Rotkehlchen,387,2022,2022-03-23,6,0,F,T,F,F,F,F,F,F,F,F,F,?,82
Rotkehlchen,387,2022,2022-04-20,2,0,F,T,F,F,F,F,F,F,F,F,F,?,110
Rotkehlchen,387,2022,2022-05-13,4,0,F,T,F,F,F,F,F,F,F,F,F,?,133
Rotkehlchen,387,2022,2022-06-15,3,0,F,T,F,F,F,F,F,F,F,F,F,?,166
Rotkehlchen,387,2023,2023-03-22,3,0,F,T,F,F,F,F,F,F,F,F,F,?,81
Rotkehlchen,387,2023,2023-04-25,4,0,F,T,F,F,F,F,F,F,F,F,F,?,115
Rotkehlchen,387,2023,2023-05-16,3,0,F,T,F,F,F,F,F,F,F,F,F,?,136
Rotkehlchen,387,2023,2023-06-20,1,0,F,T,F,F,F,F,F,F,F,F,F,?,171
Rotkehlchen,389,2020,2020-03-28,0,0,NA,NA,NA,NA,NA,NA,NA,NA,NA,NA,NA,NA,88
Rotkehlchen,389,2020,2020-04-28,0,0,NA,NA,NA,NA,NA,NA,NA,NA,NA,NA,NA,NA,119
Rotkehlchen,389,2020,2020-05-17,0,0,NA,NA,NA,NA,NA,NA,NA,NA,NA,NA,NA,NA,138
Rotkehlchen,389,2020,2020-06-18,1,0,F,T,F,F,?,F,F,F,F,F,F,?,170
Rotkehlchen,389,2022,2022-03-26,0,0,NA,NA,NA,NA,NA,NA,NA,NA,NA,NA,NA,NA,85
Rotkehlchen,389,2022,2022-04-27,0,0,NA,NA,NA,NA,NA,NA,NA,NA,NA,NA,NA,NA,117
Rotkehlchen,389,2022,2022-05-20,0,0,NA,NA,NA,NA,NA,NA,NA,NA,NA,NA,NA,NA,140
Rotkehlchen,389,2022,2022-06-18,1,0,F,T,F,F,F,F,F,F,F,F,F,?,169
Rotkehlchen,392,2019,2019-03-28,3,0,F,T,F,F,?,T,F,F,F,F,F,?,87
Rotkehlchen,392,2019,2019-04-24,1,0,F,F,F,T,?,F,F,F,F,F,F,?,114
Rotkehlchen,392,2019,2019-05-06,0,0,NA,NA,NA,NA,NA,NA,NA,NA,NA,NA,NA,NA,126
Rotkehlchen,392,2019,2019-06-05,0,0,NA,NA,NA,NA,NA,NA,NA,NA,NA,NA,NA,NA,156
Rotkehlchen,392,2020,2020-03-19,6,0,F,T,F,T,?,F,F,F,F,F,F,?,79
Rotkehlchen,392,2020,2020-04-21,2,0,F,T,F,F,?,F,F,F,F,F,F,?,112
Rotkehlchen,392,2020,2020-05-06,0,0,NA,NA,NA,NA,NA,NA,NA,NA,NA,NA,NA,NA,127
Rotkehlchen,392,2020,2020-06-08,0,0,NA,NA,NA,NA,NA,NA,NA,NA,NA,NA,NA,NA,160
Rotkehlchen,392,2022,2022-03-21,8,8,T,T,T,T,?,F,F,F,F,F,F,?,80
Rotkehlchen,392,2022,2022-04-22,0,0,NA,NA,NA,NA,NA,NA,NA,NA,NA,NA,NA,NA,112
Rotkehlchen,392,2022,2022-05-16,0,0,NA,NA,NA,NA,NA,NA,NA,NA,NA,NA,NA,NA,136
Rotkehlchen,392,2022,2022-06-13,0,0,NA,NA,NA,NA,NA,NA,NA,NA,NA,NA,NA,NA,164
Rotkehlchen,392,2023,2023-03-28,1,0,F,F,T,F,F,F,F,F,F,F,F,?,87
Rotkehlchen,392,2023,2023-04-20,0,0,NA,NA,NA,NA,NA,NA,NA,NA,NA,NA,NA,NA,110
Rotkehlchen,392,2023,2023-05-09,0,0,NA,NA,NA,NA,NA,NA,NA,NA,NA,NA,NA,NA,129
Rotkehlchen,392,2023,2023-06-07,0,0,NA,NA,NA,NA,NA,NA,NA,NA,NA,NA,NA,NA,158
Rotkehlchen,395,2019,2019-03-29,19,0,F,T,F,T,?,F,F,F,F,F,F,?,88
Rotkehlchen,395,2019,2019-04-15,5,0,F,T,F,T,?,F,F,F,F,F,F,?,105
Rotkehlchen,395,2019,2019-05-08,4,0,F,T,F,F,?,F,F,F,F,F,F,?,128
Rotkehlchen,395,2019,2019-06-06,7,0,F,T,F,T,?,F,F,T,F,F,F,?,157
Rotkehlchen,395,2020,2020-03-20,13,0,F,T,F,T,?,F,F,F,F,F,F,?,80
Rotkehlchen,395,2020,2020-04-27,6,0,F,T,F,T,?,F,F,F,F,F,F,?,118
Rotkehlchen,395,2020,2020-05-11,4,0,F,T,F,T,?,F,F,F,F,F,F,?,132
Rotkehlchen,395,2020,2020-06-03,7,0,F,T,F,F,?,F,F,F,F,F,F,?,155
Rotkehlchen,395,2022,2022-03-21,13,0,T,T,T,F,?,F,F,F,F,F,F,?,80
Rotkehlchen,395,2022,2022-04-22,5,0,F,F,T,F,?,F,F,F,F,F,F,?,112
Rotkehlchen,395,2022,2022-05-19,5,0,F,T,F,F,?,F,F,F,F,F,F,?,139
Rotkehlchen,395,2022,2022-06-13,0,0,NA,NA,NA,NA,NA,NA,NA,NA,NA,NA,NA,NA,164
Rotkehlchen,395,2023,2023-03-27,11,0,F,T,T,F,F,F,F,F,F,F,F,?,86
Rotkehlchen,395,2023,2023-04-24,10,0,F,T,F,F,F,F,F,F,F,F,F,?,114
Rotkehlchen,395,2023,2023-05-15,7,0,F,T,F,F,F,F,F,F,F,F,F,?,135
Rotkehlchen,395,2023,2023-06-13,8,0,F,T,F,F,F,F,F,F,F,F,F,?,164
Rotkehlchen,396,2019,2019-03-21,6,0,F,T,F,F,?,F,F,F,F,F,F,?,80
Rotkehlchen,396,2019,2019-04-29,1,0,F,T,F,F,?,F,F,F,F,F,F,?,119
Rotkehlchen,396,2019,2019-05-09,0,0,NA,NA,NA,NA,NA,NA,NA,NA,NA,NA,NA,NA,129
Rotkehlchen,396,2019,2019-06-05,0,0,NA,NA,NA,NA,NA,NA,NA,NA,NA,NA,NA,NA,156
Rotkehlchen,396,2020,2020-03-25,9,0,F,T,F,T,?,F,F,F,F,F,F,?,85
Rotkehlchen,396,2020,2020-04-23,2,0,F,T,F,T,?,F,F,F,F,F,F,?,114
Rotkehlchen,396,2020,2020-05-18,0,0,NA,NA,NA,NA,NA,NA,NA,NA,NA,NA,NA,NA,139
Rotkehlchen,396,2020,2020-06-18,1,0,F,F,F,F,?,F,F,F,F,F,F,?,170
Rotkehlchen,396,2022,2022-03-28,6,0,F,T,T,F,?,F,F,F,F,F,F,?,87
Rotkehlchen,396,2022,2022-04-22,4,0,F,T,T,F,?,F,F,F,F,F,F,?,112
Rotkehlchen,396,2022,2022-05-16,2,0,F,T,T,F,?,F,F,F,F,F,F,?,136
Rotkehlchen,396,2022,2022-06-15,1,0,F,F,T,F,?,F,F,F,F,F,F,?,166
Rotkehlchen,396,2023,2023-03-28,8,8,T,T,T,F,F,F,F,F,F,F,F,?,87
Rotkehlchen,396,2023,2023-04-21,6,0,F,T,T,F,F,F,F,F,F,F,F,?,111
Rotkehlchen,396,2023,2023-05-16,2,0,F,T,F,F,F,F,F,F,F,F,F,?,136
Rotkehlchen,396,2023,2023-06-12,1,0,F,T,F,F,F,F,F,F,F,F,F,?,163
Rotkehlchen,397,2018,2018-03-11,1,0,?,F,F,F,?,F,F,F,F,F,F,?,70
Rotkehlchen,397,2018,2018-04-08,0,0,NA,NA,NA,NA,NA,NA,NA,NA,NA,NA,NA,NA,98
Rotkehlchen,397,2018,2018-05-06,0,0,NA,NA,NA,NA,NA,NA,NA,NA,NA,NA,NA,NA,126
Rotkehlchen,397,2018,2018-06-10,1,0,?,F,F,F,?,F,F,F,F,F,F,?,161
Rotkehlchen,397,2020,2020-03-28,3,0,F,T,F,T,?,F,F,F,F,F,F,?,88
Rotkehlchen,397,2020,2020-04-10,4,0,T,T,F,F,?,F,F,F,F,F,F,?,101
Rotkehlchen,397,2020,2020-05-21,0,0,NA,NA,NA,NA,NA,NA,NA,NA,NA,NA,NA,NA,142
Rotkehlchen,397,2020,2020-06-16,0,0,NA,NA,NA,NA,NA,NA,NA,NA,NA,NA,NA,NA,168
Rotkehlchen,397,2021,2021-03-21,5,0,F,T,F,T,?,F,T,F,F,F,F,?,80
Rotkehlchen,397,2021,2021-04-05,3,0,F,T,F,T,?,F,F,F,F,F,F,?,95
Rotkehlchen,397,2021,2021-05-13,0,0,NA,NA,NA,NA,NA,NA,NA,NA,NA,NA,NA,NA,133
Rotkehlchen,397,2021,2021-06-13,0,0,NA,NA,NA,NA,NA,NA,NA,NA,NA,NA,NA,NA,164
Rotkehlchen,398,2019,2019-03-27,11,0,F,T,F,F,?,F,F,F,F,F,F,?,86
Rotkehlchen,398,2019,2019-04-15,7,0,F,T,F,F,?,F,F,F,F,F,F,?,105
Rotkehlchen,398,2019,2019-05-16,1,0,F,T,F,F,?,F,F,F,F,F,F,?,136
Rotkehlchen,398,2019,2019-06-04,2,0,F,T,F,F,?,F,F,F,F,F,F,?,155
Rotkehlchen,398,2020,2020-03-26,9,0,F,T,F,T,?,T,F,F,F,F,F,?,86
Rotkehlchen,398,2020,2020-04-08,2,0,F,T,F,F,?,F,F,F,F,F,F,?,99
Rotkehlchen,398,2020,2020-04-28,1,0,F,F,F,T,?,F,F,F,F,F,F,?,119
Rotkehlchen,398,2020,2020-06-02,1,0,F,T,F,F,?,F,F,F,F,F,F,?,154
Rotkehlchen,398,2022,2022-03-22,9,0,F,T,T,T,?,F,F,F,F,F,F,?,81
Rotkehlchen,398,2022,2022-04-25,3,0,F,T,F,F,?,F,F,F,F,F,F,?,115
Rotkehlchen,398,2022,2022-05-20,1,0,F,F,T,F,?,F,F,F,F,F,F,?,140
Rotkehlchen,398,2022,2022-06-13,0,0,NA,NA,NA,NA,NA,NA,NA,NA,NA,NA,NA,NA,164
Rotkehlchen,398,2023,2023-03-20,11,0,F,T,T,F,F,F,F,F,F,F,F,?,79
Rotkehlchen,398,2023,2023-04-17,5,0,F,T,F,F,F,F,F,F,F,F,F,?,107
Rotkehlchen,398,2023,2023-05-09,1,0,F,T,F,F,F,F,F,F,F,F,F,?,129
Rotkehlchen,398,2023,2023-05-30,1,0,F,F,T,F,F,F,F,F,F,F,F,?,150
Rotkehlchen,403,2019,2019-03-24,15,0,F,T,F,F,?,F,F,F,F,F,F,?,83
Rotkehlchen,403,2019,2019-04-19,0,0,NA,NA,NA,NA,NA,NA,NA,NA,NA,NA,NA,NA,109
Rotkehlchen,403,2019,2019-04-20,1,0,F,T,F,F,?,F,F,F,F,F,F,?,110
Rotkehlchen,403,2019,2019-05-13,0,0,NA,NA,NA,NA,NA,NA,NA,NA,NA,NA,NA,NA,133
Rotkehlchen,403,2019,2019-06-14,3,0,F,T,T,F,?,F,F,F,F,F,F,?,165
Rotkehlchen,403,2020,2020-03-27,0,0,NA,NA,NA,NA,NA,NA,NA,NA,NA,NA,NA,NA,87
Rotkehlchen,403,2020,2020-04-29,0,0,NA,NA,NA,NA,NA,NA,NA,NA,NA,NA,NA,NA,120
Rotkehlchen,403,2020,2020-05-19,1,0,F,T,F,F,?,F,F,F,F,F,F,?,140
Rotkehlchen,403,2020,2020-06-20,1,0,F,T,F,F,?,F,F,F,F,F,F,?,172
Rotkehlchen,403,2022,2022-03-22,9,0,F,T,F,T,?,F,F,F,F,F,F,?,81
Rotkehlchen,403,2022,2022-04-25,4,0,F,T,T,F,?,F,F,F,F,F,F,?,115
Rotkehlchen,403,2022,2022-05-20,0,0,NA,NA,NA,NA,NA,NA,NA,NA,NA,NA,NA,NA,140
Rotkehlchen,403,2022,2022-06-13,1,0,F,T,F,F,?,F,F,F,F,F,F,?,164
Rotkehlchen,403,2023,2023-03-21,12,0,F,T,T,F,F,F,F,F,F,F,F,?,80
Rotkehlchen,403,2023,2023-04-19,6,0,F,T,F,F,F,F,F,F,F,F,F,?,109
Rotkehlchen,403,2023,2023-05-10,4,0,F,T,T,F,F,F,F,F,F,F,F,?,130
Rotkehlchen,403,2023,2023-06-05,3,0,F,T,F,F,F,F,F,F,F,F,F,?,156
Rotkehlchen,405,2018,2018-03-16,0,0,NA,NA,NA,NA,NA,NA,NA,NA,NA,NA,NA,NA,75
Rotkehlchen,405,2018,2018-04-07,0,0,NA,NA,NA,NA,NA,NA,NA,NA,NA,NA,NA,NA,97
Rotkehlchen,405,2018,2018-05-06,1,0,?,F,F,F,?,T,F,F,F,F,F,?,126
Rotkehlchen,405,2020,2020-03-21,0,0,NA,NA,NA,NA,NA,NA,NA,NA,NA,NA,NA,NA,81
Rotkehlchen,405,2020,2020-04-11,0,0,NA,NA,NA,NA,NA,NA,NA,NA,NA,NA,NA,NA,102
Rotkehlchen,405,2020,2020-05-08,2,0,F,F,F,F,?,T,F,F,F,F,F,?,129
Rotkehlchen,405,2020,2020-06-12,2,0,F,F,F,F,?,T,F,F,T,F,F,?,164
Rotkehlchen,405,2021,2021-03-28,0,0,NA,NA,NA,NA,NA,NA,NA,NA,NA,NA,NA,NA,87
Rotkehlchen,405,2021,2021-04-28,0,0,NA,NA,NA,NA,NA,NA,NA,NA,NA,NA,NA,NA,118
Rotkehlchen,405,2021,2021-05-09,0,0,NA,NA,NA,NA,NA,NA,NA,NA,NA,NA,NA,NA,129
Rotkehlchen,405,2021,2021-06-13,1,0,F,F,F,F,?,T,F,F,F,F,F,?,164
Rotkehlchen,411,2018,2018-03-29,10,0,?,T,F,F,?,F,F,F,F,F,F,?,88
Rotkehlchen,411,2018,2018-04-22,3,0,?,T,F,F,?,F,F,F,F,F,F,?,112
Rotkehlchen,411,2018,2018-05-12,4,0,?,T,F,F,?,F,F,F,F,F,F,?,132
Rotkehlchen,411,2018,2018-06-02,4,0,?,T,F,F,?,F,F,F,F,F,F,?,153
Rotkehlchen,411,2020,2020-03-28,12,0,F,T,F,F,?,F,F,F,F,F,F,?,88
Rotkehlchen,411,2020,2020-04-13,5,0,F,T,F,F,?,F,F,F,F,F,F,?,104
Rotkehlchen,411,2020,2020-05-17,5,0,F,T,F,F,?,F,F,F,F,F,F,?,138
Rotkehlchen,411,2020,2020-06-02,3,0,F,T,F,F,?,F,F,F,F,F,F,?,154
Rotkehlchen,411,2021,2021-03-28,19,0,F,T,?,?,?,?,F,?,?,?,?,?,87
Rotkehlchen,411,2021,2021-04-25,7,0,F,T,?,?,?,?,F,?,?,?,?,?,115
Rotkehlchen,411,2021,2021-05-11,1,0,F,T,?,?,?,?,F,?,?,?,?,?,131
Rotkehlchen,411,2021,2021-06-04,4,0,F,T,?,?,?,?,F,?,?,?,?,?,155
