x,y,year,pentade,count,atlascode_id,species_id,KmSquares
2678743.88625199,1261738.64812515,2023,12,1,0,1920,2678-1261
2537448,1180239,2024,19,5,0,1920,2537-1180
2537611,1180206,2023,19,5,0,1920,2537-1180
2710176,1112600,2021,19,2,0,1920,2710-1112
2751386,1263302,2024,19,2,0,1920,2751-1263
2760195,1202189,2021,19,2,0,1920,2760-1202
2706500,1230500,2022,19,2,0,1920,2706-1230
2679513,1261988,2023,12,2,0,1920,2679-1261
2670350.07219683,1240899.55926051,2023,19,2,0,1920,2670-1240
2670387,1240917,2023,19,2,0,1920,2670-1240
2615454,1174323,2024,19,2,0,1920,2615-1174
2703078,1281706,2023,19,3,0,1920,2703-1281
2713678,1231148,2021,19,3,0,1920,2713-1231
2614500,1174500,2022,19,2,0,1920,2614-1174
2718139,1137995,2024,19,2,0,1920,2718-1137
2490416,1111566,2021,19,3,0,1920,2490-1111
2490481.51409212,1112705.18624407,2021,19,1,0,1920,2490-1112
2670213,1242379,2023,19,1,0,1920,2670-1242
2712160,1113625,2024,19,2,0,1920,2712-1113
2712934,1113945,2024,19,5,0,1920,2712-1113
2712017,1113458,2023,19,3,0,1920,2712-1113
2490238,1111584,2021,19,3,0,1920,2490-1111
2680500,1272500,2022,19,2,0,1920,2680-1272
2712529,1113440,2024,19,1,0,1920,2712-1113
2712986,1113935,2024,19,3,0,1920,2712-1113
2712309,1113969,2024,19,2,0,1920,2712-1113
2559964.39202934,1138353.33392529,2021,19,3,6,1920,2559-1138
2678743.88625199,1261738.64812515,2022,19,2,0,1920,2678-1261
2706500,1230500,2022,19,3,0,1920,2706-1230
2537509.61018522,1180220.62191535,2023,19,5,0,1920,2537-1180
2537509.61018522,1180220.62191535,2023,19,7,0,1920,2537-1180
2713500,1231500,2021,19,2,0,1920,2713-1231
2537509.61018522,1180220.62191535,2023,19,7,0,1920,2537-1180
2537635.70077399,1180360.26407288,2021,19,1,0,1920,2537-1180
2704255.10749324,1112543.54382637,2024,19,2,0,1920,2704-1112
2537509.61018522,1180220.62191535,2024,19,9,0,1920,2537-1180
2537509.61018522,1180220.62191535,2023,19,5,0,1920,2537-1180
2712500,1113500,2024,19,2,0,1920,2712-1113
2607184.51170395,1216551.78757314,2021,19,1,0,1920,2607-1216
2607184.51170395,1216551.78757314,2021,19,1,0,1920,2607-1216
2607184.51170395,1216551.78757314,2021,19,1,0,1920,2607-1216
2683500,1256500,2023,19,1,0,1920,2683-1256
2713500,1231500,2021,19,3,0,1920,2713-1231
2702624,1281812,2023,19,2,0,1920,2702-1281
2712500,1113500,2024,19,6,0,1920,2712-1113
2710500,1112500,2023,19,3,0,1920,2710-1112
2660500,1269500,2022,25,1,1,1920,2660-1269
2713500,1231500,2021,19,3,6,1920,2713-1231
2670500,1242500,2024,25,2,1,1920,2670-1242
2759500,1263500,2021,19,1,0,1920,2759-1263
2660500,1270500,2024,25,2,2,1920,2660-1270
2660500,1270500,2025,25,4,4,1920,2660-1270
2707619,1278971,2024,19,1,0,1920,2707-1278
2559500,1138500,2024,19,1,0,1920,2559-1138
2707701,1279053,2023,19,2,5,1920,2707-1279
2537509.61018522,1180220.62191535,2023,19,10,0,1920,2537-1180
2757814,1235341,2025,25,2,4,1920,2757-1235
2757914,1235625,2025,25,2,4,1920,2757-1235
2569500,1203500,2022,19,5,0,1920,2569-1203
2569147.44266037,1196706.26540992,2022,19,4,0,1920,2569-1196
2660434,1269943,2022,25,1,1,1920,2660-1269
2713500,1231500,2021,19,3,0,1920,2713-1231
2760500,1201500,2024,19,7,0,1920,2760-1201
2670552,1240857,2021,19,2,0,1920,2670-1240
2820500,1187500,2023,19,1,0,1920,2820-1187
2670335,1240964,2023,19,1,0,1920,2670-1240
2670216,1242547,2021,19,2,0,1920,2670-1242
2710258,1112630,2021,19,2,0,1920,2710-1112
2760127,1201906,2021,25,1,2,1920,2760-1201
2703154,1281658,2022,25,1,1,1920,2703-1281
2670318,1240828,2023,19,3,0,1920,2670-1240
2537494,1180268,2023,25,2,2,1920,2537-1180
2537608,1180172,2023,25,3,1,1920,2537-1180
2537542,1180109,2024,25,1,1,1920,2537-1180
2607162,1216588,2021,19,1,0,1920,2607-1216
2713711,1231116,2021,19,2,0,1920,2713-1231
2703114,1281702,2023,19,2,0,1920,2703-1281
2672636,1229928,2025,19,2,0,1920,2672-1229
2537621,1180410,2023,25,4,1,1920,2537-1180
2490426,1112701,2021,19,1,0,1920,2490-1112
2709599,1113324,2022,19,4,0,1920,2709-1113
2490351,1112741,2021,19,2,0,1920,2490-1112
2710150,1112573,2021,25,1,5,1920,2710-1112
2710500,1114500,2024,19,18,0,1920,2710-1114
2559500,1138500,2024,19,1,0,1920,2559-1138
2678743.88625199,1261738.64812515,2023,25,2,2,1920,2678-1261
2672684,1232060,2021,19,1,0,1920,2672-1232
2672704,1232070,2021,19,2,0,1920,2672-1232
2712500,1113500,2024,19,20,0,1920,2712-1113
2614500,1174500,2022,25,2,1,1920,2614-1174
2670260.07317489,1240804.5588421,2023,19,4,0,1920,2670-1240
2670350.07219683,1240899.55926051,2023,19,2,0,1920,2670-1240
2660500,1270500,2022,25,1,2,1920,2660-1270
2670260.07317489,1240804.5588421,2023,19,4,0,1920,2670-1240
2670350.07219683,1240899.55926051,2023,19,2,0,1920,2670-1240
2710172.10685414,1112044.58642646,2022,19,2,0,1920,2710-1112
2560102,1137910,2023,19,1,7,1920,2560-1137
2712500,1113500,2024,19,3,0,1920,2712-1113
2559775,1138558,2024,19,1,0,1920,2559-1138
2710500,1114500,2024,19,15,0,1920,2710-1114
2704255.10749324,1112543.54382637,2024,19,1,0,1920,2704-1112
2709628.1002368,1113293.57333526,2022,19,2,0,1920,2709-1113
2672800.075557,1232199.52841523,2022,19,1,0,1920,2672-1232
2620500,1265500,2023,19,2,0,1920,2620-1265
2713500,1231500,2021,19,3,6,1920,2713-1231
2788694,1158239,2023,25,1,2,1920,2788-1158
2789235,1159566,2022,25,2,6,1920,2789-1159
2620500,1265500,2023,19,5,6,1920,2620-1265
2788702,1158222,2021,25,2,6,1920,2788-1158
2789050,1159314,2022,25,2,6,1920,2789-1159
2737500,1258500,2025,25,2,4,1920,2737-1258
2694027,1282037,2022,25,1,3,1920,2694-1282
2750500,1263500,2023,19,1,0,1920,2750-1263
2670432,1240692,2023,19,2,0,1920,2670-1240
2670379,1240919,2023,19,3,0,1920,2670-1240
2705507,1112227,2023,19,2,0,1920,2705-1112
2490416,1112771,2024,25,2,1,1920,2490-1112
2819776,1187163,2025,19,1,0,1920,2819-1187
2712567,1113908,2023,25,1,1,1920,2712-1113
2712342,1113641,2023,25,1,1,1920,2712-1113
2712434,1113471,2023,25,1,1,1920,2712-1113
2712123,1113367,2023,25,1,1,1920,2712-1113
2712556,1113906,2023,25,1,1,1920,2712-1113
2679239.88139303,1261726.64959763,2023,25,2,2,1920,2679-1261
2712500,1113500,2023,25,1,1,1920,2712-1113
2559500,1138500,2024,25,1,1,1920,2559-1138
2710176,1112599,2025,25,2,1,1920,2710-1112
2670207,1242336,2024,25,2,19,1920,2670-1242
2670300.06850856,1242299.56432466,2022,25,2,2,1920,2670-1242
2670300.06850856,1242299.56432465,2024,25,3,1,1920,2670-1242
2670300.06850856,1242299.56432465,2024,25,2,1,1920,2670-1242
2670300.06850856,1242299.56432465,2024,25,2,1,1920,2670-1242
2712500,1113500,2023,25,1,1,1920,2712-1113
2710500,1112500,2024,25,3,2,1920,2710-1112
2537509.61018522,1180220.62191535,2024,25,2,1,1920,2537-1180
2688774,1272118,2025,25,2,4,1920,2688-1272
2559946,1138386,2022,25,1,1,1920,2559-1138
2686704,1272102,2025,25,2,2,1920,2686-1272
2660500,1269500,2024,25,1,2,1920,2660-1269
2704329,1112657,2024,19,6,0,1920,2704-1112
2490412,1112755,2022,19,1,0,1920,2490-1112
2490814,1112068,2024,25,1,1,1920,2490-1112
2788903,1159129,2024,25,2,4,1920,2788-1159
2610341,1226346,2023,25,2,4,1920,2610-1226
2610302,1226317,2021,25,2,8,1920,2610-1226
2718237,1138495,2025,25,1,2,1920,2718-1138
2614500,1174500,2024,19,1,0,1920,2614-1174
2558500,1138500,2021,25,1,2,1920,2558-1138
2615738,1174019,2021,25,1,2,1920,2615-1174
2670324,1242314,2022,25,2,2,1920,2670-1242
2670226,1242542,2024,25,2,1,1920,2670-1242
2670225,1242545,2024,25,1,2,1920,2670-1242
2670096,1242541,2024,25,2,2,1920,2670-1242
2559996.39143369,1138313.33332478,2021,25,1,2,1920,2559-1138
2670183,1242405,2024,25,1,2,1920,2670-1242
2670300.06850856,1242299.56432465,2024,25,3,18,1920,2670-1242
2537509.61018522,1180220.62191535,2023,25,5,2,1920,2537-1180
2558500,1138500,2023,19,3,0,1920,2558-1138
2713500,1231500,2021,19,3,6,1920,2713-1231
2559964.39202934,1138353.33392529,2022,25,1,2,1920,2559-1138
2702659.41195306,1281914.8508067,2022,25,2,4,1920,2702-1281
2537509.61018522,1180220.62191535,2023,25,5,1,1920,2537-1180
2537509.61018522,1180220.62191535,2023,25,4,1,1920,2537-1180
2537509.61018522,1180220.62191535,2024,25,1,1,1920,2537-1180
2680500,1272500,2021,25,2,2,1920,2680-1272
2725636,1220067,2021,19,2,4,1920,2725-1220
2537509.61018522,1180220.62191535,2024,25,2,2,1920,2537-1180
2660500,1270500,2024,25,1,2,1920,2660-1270
2558600,1138488,2022,25,2,2,1920,2558-1138
2638944,1267329,2021,25,2,4,1920,2638-1267
2708500,1229500,2023,25,2,2,1920,2708-1229
2705282,1111842,2022,25,1,1,1920,2705-1111
2755603,1215506,2022,19,1,0,1920,2755-1215
2537523,1180215,2023,19,5,0,1920,2537-1180
2705383,1111894,2021,25,2,2,1920,2705-1111
2702587,1281803,2022,25,2,2,1920,2702-1281
2705215,1111882,2021,25,4,1,1920,2705-1111
2705413,1111926,2022,25,1,1,1920,2705-1111
2705108,1111936,2021,25,2,1,1920,2705-1111
2706500,1270500,2025,25,1,2,1920,2706-1270
2537437,1180155,2024,19,5,0,1920,2537-1180
2537447,1180135,2024,19,5,0,1920,2537-1180
2706680,1270653,2021,19,2,0,1920,2706-1270
2558685,1138535,2022,25,2,2,1920,2558-1138
2537501,1180268,2023,25,5,1,1920,2537-1180
2537514,1180090,2024,25,1,1,1920,2537-1180
2607184.51170395,1216551.78757314,2021,25,1,2,1920,2607-1216
2537441,1180177,2024,25,,1,1920,2537-1180
2573897.86869191,1162640.09628771,2025,25,1,2,1920,2573-1162
2574071.88294442,1163497.09481235,2024,25,3,2,1920,2574-1163
2490481.51409212,1112705.18624407,2023,25,1,1,1920,2490-1112
2573897.86869191,1162640.09628771,2022,25,1,2,1920,2573-1162
2537596,1180247,2023,25,4,1,1920,2537-1180
2603500,1196500,2021,25,1,2,1920,2603-1196
2707657,1278958,2022,25,2,2,1920,2707-1278
2569147.44266037,1196706.26540992,2025,25,1,2,1920,2569-1196
2660500,1270500,2024,25,2,2,1920,2660-1270
2630854,1238950,2025,25,2,2,1920,2630-1238
2630537,1238218,2024,25,1,18,1920,2630-1238
2670500,1242500,2021,25,2,1,1920,2670-1242
2611809,1178155,2024,31,1,2,1920,2611-1178
2660500,1270500,2024,25,2,2,1920,2660-1270
2670500,1242500,2024,25,2,1,1920,2670-1242
2603580,1197125,2021,25,1,2,1920,2603-1197
2679097,1261939,2022,25,2,4,1920,2679-1261
2660500,1270500,2024,25,1,2,1920,2660-1270
2660141,1270346,2025,25,2,1,1920,2660-1270
2705500,1112500,2023,25,5,2,1920,2705-1112
2537500,1180500,2024,25,1,1,1920,2537-1180
2709500,1112500,2022,25,1,1,1920,2709-1112
2660500,1270500,2022,25,1,1,1920,2660-1270
2670423,1242407,2024,25,2,2,1920,2670-1242
2710291,1112638,2025,25,3,2,1920,2710-1112
2670220,1242532,2022,25,1,1,1920,2670-1242
2709230,1112996,2021,25,5,2,1920,2709-1112
2670215,1242669,2022,25,1,1,1920,2670-1242
2670147,1242457,2024,25,2,1,1920,2670-1242
2759826,1263328,2021,25,1,2,1920,2759-1263
2670179,1242474,2024,25,2,2,1920,2670-1242
2670500,1242500,2023,25,1,1,1920,2670-1242
2559980,1137802,2021,25,2,5,1920,2559-1137
2490481.51409212,1112705.18624407,2024,25,1,1,1920,2490-1112
2672719,1232093,2021,25,2,2,1920,2672-1232
2672594,1232392,2022,25,1,1,1920,2672-1232
2672579,1232397,2022,25,1,1,1920,2672-1232
2672638,1232011,2021,25,2,2,1920,2672-1232
2705364,1112147,2023,25,10,2,1920,2705-1112
2705523,1112216,2023,25,12,2,1920,2705-1112
2705509,1112283,2022,25,3,1,1920,2705-1112
2610702,1226727,2021,25,2,18,1920,2610-1226
2705165,1112016,2023,25,15,2,1920,2705-1112
2705160,1112108,2022,25,1,2,1920,2705-1112
2705401,1112244,2024,25,2,1,1920,2705-1112
2705153,1112142,2023,25,2,2,1920,2705-1112
2620500,1265500,2021,25,1,2,1920,2620-1265
2659500,1254500,2024,25,2,2,1920,2659-1254
2658963,1254577,2023,25,2,6,1920,2658-1254
2659036,1254708,2022,25,2,1,1920,2659-1254
2709628.1002368,1113293.57333526,2022,25,1,1,1920,2709-1113
2709459.10430758,1112619.57720119,2021,25,5,2,1920,2709-1112
2729500,1275500,2021,31,1,1,1920,2729-1275
2704500,1112500,2024,25,2,1,1920,2704-1112
2670500,1242500,2025,25,1,2,1920,2670-1242
2659500,1254500,2023,25,2,6,1920,2659-1254
2670077,1242557,2023,31,1,2,1920,2670-1242
2705406,1112094,2023,25,15,1,1920,2705-1112
2705575,1112059,2023,25,6,1,1920,2705-1112
2705128,1112011,2023,25,15,1,1920,2705-1112
2569127,1196724,2025,25,1,1,1920,2569-1196
2788500,1158500,2021,31,4,1,1920,2788-1158
2490415,1112767,2021,31,2,4,1920,2490-1112
2634107,1243873,2023,31,3,13,1920,2634-1243
2634212,1243742,2023,31,1,8,1920,2634-1243
2672800.075557,1232199.52841523,2022,25,2,1,1920,2672-1232
2579849,1212277,2022,31,1,2,1920,2579-1212
2615473,1174331,2023,25,1,2,1920,2615-1174
2689640,1272028,2023,31,1,2,1920,2689-1272
2615493,1174310,2021,31,1,2,1920,2615-1174
2670180,1242341,2024,31,3,13,1920,2670-1242
2670226,1242542,2023,31,2,2,1920,2670-1242
2490674.50214671,1112307.18317356,2024,31,2,4,1920,2490-1112
2490674.50214671,1112307.18317356,2024,31,2,4,1920,2490-1112
2660500,1270500,2024,25,2,2,1920,2660-1270
2757406,1221274,2022,37,2,4,1920,2757-1221
2662843,1273633,2025,31,2,12,1920,2662-1273
2662840,1273636,2025,31,2,12,1920,2662-1273
2689880,1275369,2025,25,4,4,1920,2689-1275
2660032,1270513,2025,37,1,1,1920,2660-1270
2662957,1273667,2022,31,1,2,1920,2662-1273
2788763,1158170,2021,37,1,1,1920,2788-1158
2754512,1214677,2022,37,1,8,1920,2754-1214
2757948,1218462,2022,37,2,8,1920,2757-1218
2788947,1159186,2024,31,1,18,1920,2788-1159
2629310,1238236,2025,25,2,4,1920,2629-1238
2629383,1238370,2022,25,2,4,1920,2629-1238
2629292,1238353,2025,25,1,2,1920,2629-1238
2569194,1196434,2021,37,1,2,1920,2569-1196
2718197,1137919,2023,31,1,1,1920,2718-1137
2718001,1138122,2022,31,2,4,1920,2718-1138
2718128,1138003,2024,31,3,5,1920,2718-1138
2569686,1203085,2023,37,1,1,1920,2569-1203
2670356,1242289,2024,43,1,0,1920,2670-1242
2670082,1242499,2023,31,1,1,1920,2670-1242
2670384,1242428,2023,31,1,2,1920,2670-1242
2582625,1208426,2021,43,2,0,1920,2582-1208
2582522,1208165,2021,43,1,0,1920,2582-1208
2582878,1208180,2021,43,3,0,1920,2582-1208
2569064,1196234,2024,43,1,0,1920,2569-1196
2627945.48909876,1237373.66892157,2022,31,2,1,1920,2627-1237
2582895.56656368,1208228.07668853,2021,43,3,0,1920,2582-1208
2569692,1203082,2023,43,3,0,1920,2569-1203
2713500,1231500,2024,49,1,0,1920,2713-1231
2667361,1218333,2025,31,1,2,1920,2667-1218
2672730.08039885,1229727.51875434,2021,37,1,2,1920,2672-1229
2672730.08039885,1229727.51875434,2021,37,1,2,1920,2672-1229
2672730.08039885,1229727.51875434,2022,37,1,2,1920,2672-1229
2670521,1242300,2023,31,2,1,1920,2670-1242
2569647,1203207,2022,37,3,1,1920,2569-1203
2537621,1180194,2022,49,2,0,1920,2537-1180
2537460,1180179,2025,49,4,0,1920,2537-1180
2686933,1272145,2023,31,1,2,1920,2686-1272
2757500,1219500,2025,37,1,2,1920,2757-1219
2678478,1261685,2024,49,1,0,1920,2678-1261
2615500,1174500,2021,37,2,2,1920,2615-1174
2569500,1203500,2025,37,1,1,1920,2569-1203
2659056,1220127,2025,31,5,13,1920,2659-1220
2751830,1262816,2021,31,2,4,1920,2751-1262
2569147.44266037,1196706.26540992,2025,37,1,1,1920,2569-1196
2569147.44266037,1196706.26540992,2022,37,1,2,1920,2569-1196
2579891,1212241,2022,43,1,0,1920,2579-1212
2490674.50214671,1112307.18317356,2024,31,2,4,1920,2490-1112
2569286,1203120,2023,43,1,0,1920,2569-1203
2819944,1187633,2025,31,5,19,1920,2819-1187
2569682,1203080,2023,43,3,0,1920,2569-1203
2659023,1254713,2022,31,2,8,1920,2659-1254
2679198.87987549,1261961.65025197,2025,43,1,0,1920,2679-1261
2709628.1002368,1113293.57333526,2023,43,5,0,1920,2709-1113
2615441,1174278,2023,37,3,1,1920,2615-1174
2708500,1229500,2021,43,6,0,1920,2708-1229
2579855,1212254,2022,37,1,2,1920,2579-1212
2579879,1212312,2022,49,2,0,1920,2579-1212
2579897,1212308,2022,49,2,0,1920,2579-1212
2579865,1212301,2022,49,2,0,1920,2579-1212
2579875,1212184,2022,49,4,0,1920,2579-1212
2670527,1242119,2024,49,2,0,1920,2670-1242
2579810,1212368,2022,49,2,0,1920,2579-1212
2579915,1212231,2022,49,2,0,1920,2579-1212
2579829,1212131,2022,49,2,0,1920,2579-1212
2537541,1180111,2025,49,4,0,1920,2537-1180
2634140,1243805,2023,31,1,3,1920,2634-1243
2788862,1159072,2022,37,1,2,1920,2788-1159
2718172,1138070,2023,37,1,1,1920,2718-1138
2718141,1138149,2024,37,1,2,1920,2718-1138
2670485,1242083,2024,49,1,0,1920,2670-1242
2658500,1253500,2025,37,1,18,1920,2658-1253
2618670.65278626,1128170.52219959,2021,31,1,1,1920,2618-1128
2618670.65278626,1128170.52219958,2025,31,2,18,1920,2618-1128
2579871,1212256,2022,43,2,0,1920,2579-1212
2606319,1227849,2025,43,1,0,1920,2606-1227
2569500,1203500,2025,43,1,0,1920,2569-1203
2670300.06850856,1242299.56432465,2024,43,3,0,1920,2670-1242
2788805,1159034,2021,43,5,13,1920,2788-1159
2569184,1196438,2025,43,1,0,1920,2569-1196
2569753,1203433,2025,55,1,0,1920,2569-1203
2708500,1229500,2021,43,6,0,1920,2708-1229
2709500,1113500,2022,43,7,0,1920,2709-1113
2708500,1229500,2021,43,5,0,1920,2708-1229
2573977,1162720,2024,31,2,13,1920,2573-1162
2573895,1162887,2024,31,2,13,1920,2573-1162
2779658,1146016,2024,37,2,4,1920,2779-1146
2757699,1219965,2024,37,2,4,1920,2757-1219
2757924,1218701,2024,37,2,8,1920,2757-1218
2670300.06850856,1242299.56432465,2024,49,2,0,1920,2670-1242
2537509.61018522,1180220.62191536,2022,49,8,0,1920,2537-1180
2670127,1242467,2023,43,1,0,1920,2670-1242
2670300.06850856,1242299.56432465,2024,43,1,0,1920,2670-1242
2709628.1002368,1113293.57333526,2022,43,1,0,1920,2709-1113
2709628.1002368,1113293.57333526,2022,43,2,0,1920,2709-1113
2679245,1261902,2025,43,1,0,1920,2679-1261
2537509.61018522,1180220.62191536,2022,55,3,0,1920,2537-1180
2569057,1196567,2025,43,1,0,1920,2569-1196
2709628.1002368,1113293.57333526,2023,43,2,0,1920,2709-1113
2681500,1267500,2023,43,2,19,1920,2681-1267
2670487,1242097,2024,49,1,0,1920,2670-1242
2537522,1180103,2022,49,2,0,1920,2537-1180
2537509,1180220,2022,49,2,0,1920,2537-1180
2537605,1180174,2022,49,2,0,1920,2537-1180
2537514,1180279,2022,49,7,0,1920,2537-1180
2569130,1196713,2022,19,4,0,1920,2569-1196
2660716,1270899,2025,19,2,0,1920,2660-1270
2634192,1243807,2021,19,4,0,1920,2634-1243
2634166,1243927,2023,19,2,0,1920,2634-1243
2679235,1261969,2023,49,1,0,1920,2679-1261
2679198.87987549,1261961.65025197,2023,49,1,0,1920,2679-1261
2537550,1180271,2023,19,10,0,1920,2537-1180
2537566,1180211,2023,19,4,0,1920,2537-1180
2678500,1267500,2023,19,2,0,1920,2678-1267
2672500,1232500,2022,19,2,0,1920,2672-1232
2569500,1203500,2025,49,1,0,1920,2569-1203
2704255.10749324,1112543.54382637,2024,19,3,0,1920,2704-1112
2614500,1174500,2022,19,1,0,1920,2614-1174
2558740,1138540,2023,19,9,0,1920,2558-1138
2537675,1180865,2025,55,1,0,1920,2537-1180
2537519,1180170,2025,55,1,0,1920,2537-1180
2569161,1203344,2021,19,1,0,1920,2569-1203
2712795,1113894,2023,19,1,0,1920,2712-1113
2751350,1262997,2021,19,2,0,1920,2751-1262
2759999.99367169,1263000.27822094,2021,19,2,0,1920,2759-1263
2700000.59040254,1272100.79127784,2021,19,5,0,1920,2700-1272
2559964.39202934,1138353.33392529,2021,19,2,0,1920,2559-1138
2751395,1263383,2021,19,2,0,1920,2751-1263
2559098.38997532,1138480.35081721,2023,19,9,0,1920,2559-1138
2607184.51170395,1216551.78757314,2021,19,2,0,1920,2607-1216
2820400.2152294,1187699.84569918,2023,19,1,0,1920,2820-1187
2660364,1269929,2023,25,1,1,1920,2660-1269
2660358,1269913,2023,25,1,2,1920,2660-1269
2660322,1269968,2023,25,1,1,1920,2660-1269
2712069,1113931,2021,25,1,1,1920,2712-1113
2712206,1113647,2021,25,1,1,1920,2712-1113
2560123,1137798,2023,25,2,2,1920,2560-1137
2709500,1112500,2021,25,12,1,1920,2709-1112
2670500,1242500,2022,25,3,2,1920,2670-1242
2537533,1180194,2023,25,3,1,1920,2537-1180
2678500,1267500,2021,25,2,4,1920,2678-1267
2670500,1242500,2024,25,4,1,1920,2670-1242
2660500,1270500,2023,25,1,1,1920,2660-1270
2490500,1112500,2021,25,1,2,1920,2490-1112
2670600.07036743,1240849.55927953,2021,25,1,2,1920,2670-1240
2709500,1113500,2021,25,5,2,1920,2709-1113
2709500,1112500,2021,25,15,1,1920,2709-1112
2559964.39202934,1138353.33392529,2021,19,2,0,1920,2559-1138
2709459.10430758,1112619.57720119,2022,19,1,0,1920,2709-1112
2709628.1002368,1113293.57333526,2022,19,20,0,1920,2709-1113
2610301,1226317,2021,25,2,8,1920,2610-1226
2706685,1270651,2021,19,7,0,1920,2706-1270
2668804,1255874,2024,19,7,0,1920,2668-1255
2668812,1255945,2021,19,3,0,1920,2668-1255
2681674,1272670,2023,19,5,3,1920,2681-1272
2705219,1111916,2023,19,5,0,1920,2705-1111
2670286,1242349,2024,25,1,2,1920,2670-1242
2603696,1197041,2021,19,1,0,1920,2603-1197
2709517,1112395,2023,19,2,0,1920,2709-1112
2709599,1113343,2022,19,3,1,1920,2709-1113
2709836.10043796,1113214.5753246,2021,25,1,2,1920,2709-1113
2700000.59040254,1272100.79127784,2021,25,10,12,1920,2700-1272
2569147.44266037,1196706.26540992,2022,19,3,0,1920,2569-1196
2660253,1270011,2024,31,1,2,1920,2660-1270
2569376,1203302,2021,31,1,1,1920,2569-1203
2569327,1196908,2025,31,2,2,1920,2569-1196
2757500,1218500,2021,19,2,0,1920,2757-1218
2679198.87987549,1261961.65025197,2021,31,2,6,1920,2679-1261
2491139.51119183,1112622.16671605,2025,31,3,2,1920,2491-1112
2670500,1242500,2023,31,4,2,1920,2670-1242
2706444,1230297,2022,19,1,0,1920,2706-1230
2706420,1230236,2022,19,1,0,1920,2706-1230
2706467,1230240,2022,19,4,0,1920,2706-1230
2707583,1278973,2021,19,2,0,1920,2707-1278
2579901,1212333,2021,19,2,0,1920,2579-1212
2537509.61018522,1180220.62191535,2024,19,11,0,1920,2537-1180
2569448,1203653,2021,19,1,0,1920,2569-1203
2819500,1187500,2021,31,1,2,1920,2819-1187
2670300.06850856,1242299.56432465,2023,19,2,0,1920,2670-1242
2672730.08039885,1229727.51875434,2021,19,1,0,1920,2672-1229
2788730,1158404,2023,31,5,19,1920,2788-1158
2706500,1230500,2022,19,4,0,1920,2706-1230
2569500,1203500,2024,19,1,0,1920,2569-1203
2670245,1242325,2024,19,1,0,1920,2670-1242
2670122,1242522,2024,19,2,0,1920,2670-1242
2537287,1180503,2023,19,12,0,1920,2537-1180
2760016,1240599,2025,31,1,2,1920,2760-1240
2490475,1112747,2023,19,1,0,1920,2490-1112
2707483,1279084,2021,19,2,0,1920,2707-1279
2490412,1112766,2021,19,2,0,1920,2490-1112
2689937,1271991,2022,37,3,2,1920,2689-1271
2791173,1148962,2023,37,1,2,1920,2791-1148
2615458,1174335,2024,37,1,2,1920,2615-1174
2678455,1261791,2023,37,2,1,1920,2678-1261
2490354,1111590,2024,37,1,2,1920,2490-1111
2569186,1196393,2024,37,6,1,1920,2569-1196
2537489,1180139,2023,25,1,1,1920,2537-1180
2668841,1255935,2021,25,2,12,1920,2668-1255
2756187,1215862,2022,37,3,13,1920,2756-1215
2559964.39202934,1138353.33392528,2024,25,1,1,1920,2559-1138
2709945.10713891,1112043.58487291,2021,25,2,1,1920,2709-1112
2607184.51170395,1216551.78757314,2021,25,2,4,1920,2607-1216
2704942.1110355,1111918.55267258,2022,25,2,4,1920,2704-1111
2490837,1112597,2021,25,1,2,1920,2490-1112
2569456,1203662,2021,19,1,0,1920,2569-1203
2579865,1212239,2021,19,2,0,1920,2579-1212
2709367,1112430,2021,25,9,2,1920,2709-1112
2569352,1196773,2025,43,1,0,1920,2569-1196
2582909,1208203,2021,43,2,0,1920,2582-1208
2709500,1112500,2021,25,6,1,1920,2709-1112
2710500,1112500,2021,25,6,6,1920,2710-1112
2759779,1239711,2021,43,1,0,1920,2759-1239
2670053,1242594,2021,19,4,0,1920,2670-1242
2670232,1242332,2022,19,1,0,1920,2670-1242
2670280,1242340,2024,19,5,0,1920,2670-1242
2791262,1148943,2023,25,1,2,1920,2791-1148
2687023,1272070,2025,25,1,1,1920,2687-1272
2679198.87987549,1261961.65025197,2022,25,3,3,1920,2679-1261
2558500,1138500,2023,19,7,0,1920,2558-1138
2718136,1138153,2024,19,2,0,1920,2718-1138
2610398,1226401,2022,19,2,0,1920,2610-1226
2718201,1137971,2025,19,3,0,1920,2718-1137
2610326,1226294,2023,19,2,0,1920,2610-1226
2718134,1137898,2024,19,2,0,1920,2718-1137
2718076,1138007,2024,19,2,0,1920,2718-1138
2669810,1242479,2023,25,1,4,1920,2669-1242
2670300.06850856,1242299.56432466,2021,19,1,0,1920,2670-1242
2670300.06850856,1242299.56432466,2021,19,2,0,1920,2670-1242
2580090.6502114,1212497.13430467,2023,49,1,0,1920,2580-1212
2537635.70077399,1180360.26407288,2021,19,1,0,1920,2537-1180
2537509.61018522,1180220.62191535,2023,19,13,0,1920,2537-1180
2537509.61018522,1180220.62191535,2023,19,10,0,1920,2537-1180
2679198.87987549,1261961.65025197,2025,49,1,0,1920,2679-1261
2537509.61018522,1180220.62191535,2023,19,10,0,1920,2537-1180
2670300.06850856,1242299.56432466,2021,19,2,0,1920,2670-1242
2537509.61018522,1180220.62191535,2023,19,11,0,1920,2537-1180
2710500,1112500,2021,19,3,0,1920,2710-1112
2615500,1174500,2025,25,3,1,1920,2615-1174
2660500,1269500,2025,25,1,1,1920,2660-1269
2672500,1232500,2022,25,2,1,1920,2672-1232
2710215,1112618,2021,25,1,4,1920,2710-1112
2670225,1242542,2024,25,1,2,1920,2670-1242
2678743.88625199,1261738.64812515,2023,19,1,0,1920,2678-1261
2672651,1230011,2025,25,2,6,1920,2672-1230
2710210,1112576,2021,25,2,1,1920,2710-1112
2710162,1112645,2025,25,1,1,1920,2710-1112
2670072,1242520,2024,25,1,3,1920,2670-1242
2710155,1112657,2025,25,1,2,1920,2710-1112
2670300.06850856,1242299.56432466,2022,25,2,2,1920,2670-1242
2708500,1229500,2025,49,1,0,1920,2708-1229
2537509.61018522,1180220.62191535,2024,25,2,1,1920,2537-1180
2678743.88625199,1261738.64812515,2024,49,1,0,1920,2678-1261
2678743.88625199,1261738.64812515,2024,49,1,0,1920,2678-1261
2683500,1256500,2023,19,2,0,1920,2683-1256
2678439,1261745,2022,49,2,0,1920,2678-1261
2713751,1231110,2021,19,4,0,1920,2713-1231
2678743,1261738,2023,49,1,0,1920,2678-1261
2751819,1262798,2021,25,1,19,1920,2751-1262
2751819,1262800,2021,25,2,19,1920,2751-1262
2672500,1232500,2022,25,3,4,1920,2672-1232
2672500,1232500,2022,25,2,1,1920,2672-1232
2558500,1138500,2021,19,2,0,1920,2558-1138
2706500,1230500,2022,25,1,2,1920,2706-1230
2537477,1180271,2022,49,7,0,1920,2537-1180
2537595,1180172,2025,49,4,0,1920,2537-1180
2537672,1180235,2025,49,5,0,1920,2537-1180
2537510,1180212,2022,49,1,0,1920,2537-1180
2537613,1180214,2022,49,6,0,1920,2537-1180
2679201,1261886,2023,13,1,0,1920,2679-1261
2490406,1112766,2023,13,1,0,1920,2490-1112
2660500,1270500,2021,25,2,1,1920,2660-1270
2490408,1112774,2024,25,1,1,1920,2490-1112
2490411,1112772,2023,25,1,1,1920,2490-1112
2630845,1238289,2024,31,4,13,1920,2630-1238
2670500,1240500,2021,19,1,0,1920,2670-1240
2559962,1138337,2021,19,2,0,1920,2559-1138
2559918,1138349,2021,19,1,0,1920,2559-1138
2537532,1180202,2022,55,2,0,1920,2537-1180
2537507,1180264,2022,55,2,0,1920,2537-1180
2610743,1226811,2021,19,2,0,1920,2610-1226
2687424,1272049,2022,31,2,6,1920,2687-1272
2572774,1175089,2024,31,10,13,1920,2572-1175
2573866,1162634,2024,31,6,13,1920,2573-1162
2672625,1229983,2025,31,1,2,1920,2672-1229
2558500,1138500,2022,25,2,4,1920,2558-1138
2569500,1203500,2021,19,1,0,1920,2569-1203
2707697.43489666,1278958.87957617,2022,19,4,0,1920,2707-1278
2670300.06850856,1242299.56432465,2023,31,3,1,1920,2670-1242
2706500,1230500,2023,19,1,0,1920,2706-1230
2670300.06850856,1242299.56432465,2024,31,2,13,1920,2670-1242
2709500,1112500,2021,25,17,1,1920,2709-1112
2559500,1138500,2021,19,4,0,1920,2559-1138
2615457,1174328,2024,25,1,2,1920,2615-1174
2615475,1174244,2024,25,2,10,1920,2615-1174
2699323,1272155,2022,25,5,6,1920,2699-1272
2615407,1174267,2023,25,2,2,1920,2615-1174
2615480,1174314,2021,25,2,2,1920,2615-1174
2670107,1242523,2024,25,4,4,1920,2670-1242
2670065,1242488,2023,25,1,1,1920,2670-1242
2687037,1272515,2023,19,1,0,1920,2687-1272
2686977,1272461,2025,19,3,0,1920,2686-1272
2759775,1263313,2021,19,4,0,1920,2759-1263
2615503,1174307,2024,37,2,2,1920,2615-1174
2670016,1242526,2022,19,1,0,1920,2670-1242
2670016,1242526,2022,19,1,0,1920,2670-1242
2670300.06850856,1242299.56432466,2021,19,1,0,1920,2670-1242
2490746,1112186,2024,37,1,2,1920,2490-1112
2718018,1138001,2024,25,2,1,1920,2718-1138
2670350.07219683,1240899.55926051,2023,19,1,0,1920,2670-1240
2537509.61018522,1180220.62191535,2024,25,1,2,1920,2537-1180
2670300.06850856,1242299.56432466,2022,25,1,2,1920,2670-1242
2537509.61018522,1180220.62191535,2023,25,2,1,1920,2537-1180
2569147.44266037,1196706.26540992,2024,37,6,1,1920,2569-1196
2490481.51409212,1112705.18624407,2021,25,1,2,1920,2490-1112
2706728,1270714,2022,37,1,2,1920,2706-1270
2610704,1226732,2021,25,2,18,1920,2610-1226
2672678,1232024,2021,19,2,0,1920,2672-1232
2489017,1112953,2025,25,2,4,1920,2489-1112
2627500,1268500,2021,25,3,4,1920,2627-1268
2750509,1263611,2022,37,1,1,1920,2750-1263
2750453,1263668,2022,37,1,2,1920,2750-1263
2490500,1112500,2021,25,1,2,1920,2490-1112
2579967,1212199,2022,37,1,1,1920,2579-1212
2579836,1212216,2022,37,1,2,1920,2579-1212
2689289,1272018,2022,37,3,4,1920,2689-1272
2709131,1112499,2021,25,4,2,1920,2709-1112
2687500,1228500,2023,37,2,13,1920,2687-1228
2709458,1112499,2021,25,4,2,1920,2709-1112
2537482,1180333,2023,19,14,0,1920,2537-1180
2692591,1285567,2021,37,1,2,1920,2692-1285
2537520,1180340,2023,19,6,0,1920,2537-1180
2537523,1180166,2024,19,10,0,1920,2537-1180
2537487,1180226,2024,19,9,0,1920,2537-1180
2537527,1180268,2024,19,9,0,1920,2537-1180
2537521,1180285,2023,19,9,0,1920,2537-1180
2662500,1273500,2022,25,1,2,1920,2662-1273
2757639,1220234,2023,19,1,0,1920,2757-1220
2660500,1270500,2023,25,1,1,1920,2660-1270
2672730.08039885,1229727.51875434,2021,37,2,4,1920,2672-1229
2672730.08039885,1229727.51875434,2022,43,1,0,1920,2672-1229
2579500,1212500,2021,19,2,0,1920,2579-1212
2678500,1261500,2025,43,1,0,1920,2678-1261
2710500,1112500,2021,25,6,6,1920,2710-1112
2706500,1230500,2022,25,1,1,1920,2706-1230
2709738,1113324,2023,43,2,0,1920,2709-1113
2569147.44266037,1196706.26540992,2025,43,1,0,1920,2569-1196
2679198.87987549,1261961.65025197,2025,43,1,0,1920,2679-1261
2569147.44266037,1196706.26540992,2024,43,1,0,1920,2569-1196
2569147.44266037,1196706.26540992,2025,43,1,0,1920,2569-1196
2620500,1265500,2021,25,1,2,1920,2620-1265
2660500,1270500,2025,25,2,1,1920,2660-1270
2558807,1138486,2022,19,1,0,1920,2558-1138
2702659.41195306,1281914.8508067,2022,43,4,0,1920,2702-1281
2620500,1265500,2021,25,1,2,1920,2620-1265
2819996,1187645,2021,19,2,0,1920,2819-1187
2573897.86869191,1162640.09628771,2024,31,5,13,1920,2573-1162
2627945.48909876,1237373.66892157,2022,31,2,1,1920,2627-1237
2573897.86869191,1162640.09628771,2024,31,5,13,1920,2573-1162
2672800.07555701,1232199.52841522,2025,19,1,0,1920,2672-1232
2670305,1242271,2024,43,1,0,1920,2670-1242
2710212,1112607,2025,43,1,0,1920,2710-1112
2660500,1270500,2022,31,1,2,1920,2660-1270
2706500,1230500,2021,19,2,0,1920,2706-1230
2709628.1002368,1113293.57333526,2022,19,3,0,1920,2709-1113
2709628.1002368,1113293.57333526,2022,19,10,0,1920,2709-1113
2678519,1261605,2024,49,1,0,1920,2678-1261
2615494,1174232,2024,31,1,2,1920,2615-1174
2692606,1285768,2023,31,6,13,1920,2692-1285
2670154,1242392,2024,31,2,19,1920,2670-1242
2615489,1174223,2021,31,5,13,1920,2615-1174
2615504,1174246,2025,31,6,13,1920,2615-1174
2670102,1242424,2022,31,1,1,1920,2670-1242
2670300.06850856,1242299.56432465,2024,31,4,13,1920,2670-1242
2670300.06850856,1242299.56432466,2021,31,1,2,1920,2670-1242
2670300.06850856,1242299.56432465,2023,31,2,3,1920,2670-1242
2670300.06850856,1242299.56432466,2021,31,1,1,1920,2670-1242
2670500,1242500,2023,19,2,0,1920,2670-1242
2560051,1137862,2021,31,2,7,1920,2560-1137
2659056,1220149,2025,31,5,13,1920,2659-1220
2560100,1137845,2021,31,1,18,1920,2560-1137
2705480,1112245,2023,31,3,3,1920,2705-1112
2706448,1230303,2024,49,1,0,1920,2706-1230
2616309,1206889,2025,31,4,10,1920,2616-1206
2700000.59040254,1272100.79127784,2021,25,8,18,1920,2700-1272
2672809,1229655,2025,25,1,3,1920,2672-1229
2710150,1112581,2021,25,1,2,1920,2710-1112
2672687,1229947,2021,25,2,18,1920,2672-1229
2660500,1270500,2025,31,3,1,1920,2660-1270
2537509.61018522,1180220.62191536,2022,49,5,0,1920,2537-1180
2580090.6502114,1212497.13430467,2023,49,1,0,1920,2580-1212
2579901,1212334,2022,49,3,0,1920,2579-1212
2580090.6502114,1212497.13430467,2022,49,2,0,1920,2580-1212
2579803,1212254,2022,49,1,0,1920,2579-1212
2537509.61018522,1180220.62191535,2025,49,3,0,1920,2537-1180
2580090.6502114,1212497.13430467,2022,49,5,0,1920,2580-1212
2579787,1212171,2023,49,1,0,1920,2579-1212
2704374,1112527,2024,25,1,1,1920,2704-1112
2574119,1162844,2023,25,2,5,1920,2574-1162
2660500,1270500,2025,25,2,1,1920,2660-1270
2569500,1196500,2024,37,4,2,1920,2569-1196
2603641,1197072,2021,25,1,2,1920,2603-1197
2490677,1112568,2021,25,1,2,1920,2490-1112
2659065,1220232,2025,37,5,13,1920,2659-1220
2706715,1270664,2021,25,2,12,1920,2706-1270
2706565,1270628,2022,25,1,2,1920,2706-1270
2568775,1176241,2023,37,2,2,1920,2568-1176
2670500,1242500,2022,25,3,2,1920,2670-1242
2491152,1112688,2025,43,1,0,1920,2491-1112
2569199,1196704,2025,43,1,0,1920,2569-1196
2750500,1263500,2025,25,3,2,1920,2750-1263
2578667.51943261,1203746.12803837,2023,43,1,0,1920,2578-1203
2660500,1270500,2023,25,1,1,1920,2660-1270
2627500,1268500,2021,25,2,2,1920,2627-1268
2705063,1112160,2021,25,1,2,1920,2705-1112
2579500,1212500,2022,43,5,0,1920,2579-1212
2678500,1261500,2025,43,1,0,1920,2678-1261
2627500,1234500,2022,25,2,4,1920,2627-1234
2706500,1230500,2022,25,1,1,1920,2706-1230
2615416,1174289,2021,25,1,2,1920,2615-1174
2819890,1187587,2025,25,2,18,1920,2819-1187
2617308,1170875,2023,25,1,1,1920,2617-1170
2618670.65278626,1128170.52219958,2025,25,2,4,1920,2618-1128
2705500,1112500,2021,25,1,2,1920,2705-1112
2569644.55120499,1203073.27749822,2023,43,4,0,1920,2569-1203
2758500,1237500,2024,31,2,4,1920,2758-1237
2678743.88625199,1261738.64812515,2023,49,1,0,1920,2678-1261
2678743.88625199,1261738.64812515,2023,49,1,0,1920,2678-1261
2678743.88625199,1261738.64812515,2023,49,2,0,1920,2678-1261
2569097,1196704,2022,19,4,0,1920,2569-1196
2678743.88625199,1261738.64812515,2023,49,1,0,1920,2678-1261
2579500,1212500,2022,49,2,0,1920,2579-1212
2579965,1212219,2024,31,1,1,1920,2579-1212
2537543,1180106,2023,19,9,0,1920,2537-1180
2537631,1180191,2024,19,7,0,1920,2537-1180
2670098,1242474,2025,31,1,1,1920,2670-1242
2537586,1180251,2023,19,4,0,1920,2537-1180
2670200,1242342,2025,19,4,0,1920,2670-1242
2670326,1242337,2022,19,4,0,1920,2670-1242
2751344,1263293,2021,19,2,0,1920,2751-1263
2757631,1220350,2024,19,2,0,1920,2757-1220
2718235,1138077,2024,19,2,0,1920,2718-1138
2573983,1162716,2025,31,2,4,1920,2573-1162
2634121,1243762,2023,31,2,2,1920,2634-1243
2687416,1272045,2021,31,1,2,1920,2687-1272
2569500,1203500,2022,19,1,0,1920,2569-1203
2569500,1203500,2021,49,1,0,1920,2569-1203
2537509.61018522,1180220.62191536,2022,49,3,0,1920,2537-1180
2623611,1232057,2022,31,1,8,1920,2623-1232
2537509.61018522,1180220.62191536,2022,49,1,0,1920,2537-1180
2537509.61018522,1180220.62191536,2021,49,2,0,1920,2537-1180
2537509.61018522,1180220.62191536,2021,49,8,0,1920,2537-1180
2537509.61018522,1180220.62191536,2022,49,4,0,1920,2537-1180
2537509.61018522,1180220.62191536,2021,49,3,0,1920,2537-1180
2537509.61018522,1180220.62191536,2022,49,6,0,1920,2537-1180
2537509.61018522,1180220.62191535,2025,49,4,0,1920,2537-1180
2819916,1187538,2021,31,1,2,1920,2819-1187
2705392,1112000,2022,49,2,0,1920,2705-1112
2610500,1226500,2021,49,3,0,1920,2610-1226
2751500,1263500,2023,19,1,0,1920,2751-1263
2725698,1220034,2025,37,1,2,1920,2725-1220
2756582,1216298,2023,37,2,8,1920,2756-1216
2537509.61018522,1180220.62191536,2022,55,4,0,1920,2537-1180
2569080,1196619,2025,19,2,0,1920,2569-1196
2537509.61018522,1180220.62191536,2022,55,4,0,1920,2537-1180
2578795,1203707,2021,19,1,0,1920,2578-1203
2713500,1231500,2021,19,2,0,1920,2713-1231
2620500,1265500,2023,19,4,0,1920,2620-1265
2706500,1230500,2022,19,4,0,1920,2706-1230
2634091,1243926,2024,19,2,0,1920,2634-1243
2687320,1272404,2021,19,2,6,1920,2687-1272
2678743.88625199,1261738.64812515,2023,37,2,2,1920,2678-1261
2687500,1272500,2022,43,1,0,1920,2687-1272
2607184.51170395,1216551.78757314,2021,19,2,0,1920,2607-1216
2660300.10620835,1261399.61997049,2021,19,2,0,1920,2660-1261
2672500,1232500,2021,19,1,0,1920,2672-1232
2569500,1203500,2022,19,1,0,1920,2569-1203
2607500,1216500,2023,19,1,0,1920,2607-1216
2678437,1261726,2022,19,2,0,1920,2678-1261
2559016,1138666,2023,19,10,0,1920,2559-1138
2678405,1261870,2025,19,1,2,1920,2678-1261
2678526,1262028,2021,19,2,0,1920,2678-1262
2670300.06850856,1242299.56432466,2021,43,1,0,1920,2670-1242
2660252,1270316,2024,25,2,1,1920,2660-1270
2660260,1270255,2021,25,2,2,1920,2660-1270
2660227,1270045,2025,25,1,2,1920,2660-1270
2660300,1270103,2025,25,2,2,1920,2660-1270
2660433,1269968,2024,25,2,1,1920,2660-1269
2660360,1269919,2025,25,2,1,1920,2660-1269
2569500,1203500,2024,25,1,2,1920,2569-1203
2660500,1270500,2025,25,2,1,1920,2660-1270
2679198.87987549,1261961.65025197,2025,43,1,0,1920,2679-1261
2702726,1281816,2025,25,1,2,1920,2702-1281
2703091,1281723,2025,25,2,4,1920,2703-1281
2537671,1180230,2025,49,5,0,1920,2537-1180
2537536,1180225,2025,49,4,0,1920,2537-1180
2537511,1180098,2021,49,1,0,1920,2537-1180
2537631,1180196,2022,49,3,0,1920,2537-1180
2702525,1281700,2025,25,1,2,1920,2702-1281
2537500,1180221,2024,25,1,1,1920,2537-1180
2537562,1180238,2024,25,10,1,1920,2537-1180
2579500,1212500,2025,49,1,0,1920,2579-1212
2704500,1112500,2022,25,1,2,1920,2704-1112
2660500,1270500,2025,25,2,1,1920,2660-1270
2620500,1265500,2021,25,1,1,1920,2620-1265
2670500,1240500,2021,25,2,2,1920,2670-1240
2579912,1212318,2023,49,1,0,1920,2579-1212
2580090.6502114,1212497.13430467,2023,49,1,0,1920,2580-1212
2670600.07036743,1240849.55927953,2021,25,3,4,1920,2670-1240
2660500,1270500,2024,25,2,6,1920,2660-1270
2670500,1240500,2021,25,3,2,1920,2670-1240
2712374,1113683,2024,25,3,1,1920,2712-1113
2709337,1112591,2022,25,2,2,1920,2709-1112
2720154,1126349,2022,25,2,4,1920,2720-1126
2634163,1243865,2024,25,1,2,1920,2634-1243
2678743.88625199,1261738.64812515,2023,49,1,0,1920,2678-1261
2607184.51170395,1216551.78757314,2021,25,2,1,1920,2607-1216
2679198.87987549,1261961.65025197,2023,49,1,0,1920,2679-1261
2679202,1261846,2023,49,1,0,1920,2679-1261
2569500,1203500,2024,25,1,2,1920,2569-1203
2660500,1270500,2025,25,2,1,1920,2660-1270
2615500,1174500,2021,31,1,2,1920,2615-1174
2537503,1180218,2022,55,4,0,1920,2537-1180
2678424,1262002,2025,31,1,1,1920,2678-1262
2707697.43489667,1278958.87957616,2025,31,2,2,1920,2707-1278
2755703,1229993,2023,31,2,4,1920,2755-1229
2755401,1229204,2023,31,2,3,1920,2755-1229
2756023,1230738,2023,31,1,2,1920,2756-1230
2660500,1270500,2022,31,1,1,1920,2660-1270
2490481.51409212,1112705.18624407,2023,31,1,1,1920,2490-1112
2788861,1159099,2021,31,1,18,1920,2788-1159
2572729,1175201,2023,31,2,8,1920,2572-1175
2634229,1243715,2025,31,6,13,1920,2634-1243
2634169,1243823,2024,31,2,13,1920,2634-1243
2568775,1176238,2023,37,2,4,1920,2568-1176
2660067,1270540,2024,37,5,2,1920,2660-1270
2679259,1261849,2023,13,1,0,1920,2679-1261
2569182,1196634,2024,37,5,2,1920,2569-1196
2689289,1272018,2022,19,2,0,1920,2689-1272
2689704,1271997,2022,19,2,0,1920,2689-1271
2670300.06850856,1242299.56432466,2021,19,4,0,1920,2670-1242
2670300.06850856,1242299.56432466,2022,19,4,0,1920,2670-1242
2670300.06850856,1242299.56432466,2022,19,6,0,1920,2670-1242
2788500,1158500,2023,37,2,13,1920,2788-1158
2820400.2152294,1187699.84569918,2023,37,7,13,1920,2820-1187
2569207,1203343,2023,43,2,0,1920,2569-1203
2580090.6502114,1212497.13430467,2021,43,1,0,1920,2580-1212
2579500,1212500,2022,43,2,0,1920,2579-1212
2660500,1270500,2025,19,2,0,1920,2660-1270
2670034,1242539,2022,43,2,0,1920,2670-1242
2490362,1112759,2021,19,2,0,1920,2490-1112
2620173,1233439,2022,43,4,14,1920,2620-1233
2706424,1230315,2021,19,1,0,1920,2706-1230
2707697.43489666,1278958.87957617,2022,19,4,0,1920,2707-1278
2707702,1279045,2023,19,1,0,1920,2707-1279
2569587,1203734,2022,19,2,0,1920,2569-1203
2569193,1196436,2024,43,3,0,1920,2569-1196
2569147.44266037,1196706.26540992,2022,19,5,0,1920,2569-1196
2672643,1229919,2021,19,2,5,1920,2672-1229
2579500,1212500,2025,19,2,0,1920,2579-1212
2687500,1272500,2021,19,5,0,1920,2687-1272
2759999.99367169,1263000.27822094,2022,50,2,0,1920,2759-1263
2709317,1113568,2022,19,10,0,1920,2709-1113
2537573,1180289,2021,50,1,0,1920,2537-1180
2537540,1180249,2021,50,2,0,1920,2537-1180
2709628,1113293,2022,19,15,0,1920,2709-1113
2537576,1180277,2022,50,1,0,1920,2537-1180
2537480,1180315,2022,50,2,0,1920,2537-1180
2537437,1180143,2021,50,5,0,1920,2537-1180
2678446,1261734,2023,50,1,0,1920,2678-1261
2653500,1256500,2024,19,2,0,1920,2653-1256
2603665,1197059,2021,19,1,0,1920,2603-1197
2668780,1255899,2021,19,3,0,1920,2668-1255
2607184.51170395,1216551.78757314,2022,50,2,0,1920,2607-1216
2670078,1242570,2025,25,1,2,1920,2670-1242
2710203,1112586,2022,25,3,2,1920,2710-1112
2710159,1112594,2025,25,2,2,1920,2710-1112
2687282,1272147,2024,25,2,1,1920,2687-1272
2670300.06850856,1242299.56432466,2021,25,2,2,1920,2670-1242
2670300.06850856,1242299.56432465,2023,25,2,2,1920,2670-1242
2751500,1263500,2022,25,2,4,1920,2751-1263
2706500,1230500,2022,19,3,0,1920,2706-1230
2709459.10430758,1112619.57720119,2021,25,1,2,1920,2709-1112
2670358,1240919,2023,19,2,0,1920,2670-1240
2607184.51170395,1216551.78757314,2021,25,2,4,1920,2607-1216
2758500,1238500,2021,25,8,4,1920,2758-1238
2660500,1270500,2025,25,2,1,1920,2660-1270
2702639,1281825,2022,25,1,2,1920,2702-1281
2670500,1242500,2021,25,2,2,1920,2670-1242
2670360,1242341,2023,19,1,0,1920,2670-1242
2686973,1272853,2021,19,3,0,1920,2686-1272
2686764,1272137,2021,19,5,0,1920,2686-1272
2679198.87987549,1261961.65025197,2022,25,2,2,1920,2679-1261
2558730.38781529,1138466.35807626,2025,25,1,1,1920,2558-1138
2660219,1269911,2025,25,3,1,1920,2660-1269
2660060,1270524,2025,19,2,0,1920,2660-1270
2660145,1270458,2025,19,2,0,1920,2660-1270
2569153,1196673,2022,19,3,0,1920,2569-1196
2670300.06850856,1242299.56432466,2022,19,2,0,1920,2670-1242
2660500,1270500,2024,25,3,1,1920,2660-1270
2670300.06850856,1242299.56432465,2024,19,5,0,1920,2670-1242
2670300.06850856,1242299.56432466,2022,19,4,0,1920,2670-1242
2490423,1112769,2024,25,1,1,1920,2490-1112
2689908,1271944,2022,19,2,0,1920,2689-1271
2660500,1270500,2025,25,3,2,1920,2660-1270
2670300.06850856,1242299.56432465,2025,13,1,0,1920,2670-1242
2750425,1263694,2021,19,1,0,1920,2750-1263
2668835,1255932,2021,25,1,12,1920,2668-1255
2668626,1255953,2021,25,2,4,1920,2668-1255
2671012,1241858,2025,31,3,13,1920,2671-1241
2670300.06850856,1242299.56432465,2023,31,5,2,1920,2670-1242
2706500,1230500,2022,19,3,0,1920,2706-1230
2620500,1265500,2021,31,2,2,1920,2620-1265
2678743.88625199,1261738.64812515,2025,31,1,1,1920,2678-1261
2559500,1138500,2024,19,7,0,1920,2559-1138
2574071.88294442,1163497.09481236,2022,19,1,0,1920,2574-1163
2678743.88625199,1261738.64812515,2021,19,1,0,1920,2678-1261
2678743.88625199,1261738.64812515,2022,25,2,1,1920,2678-1261
2678390.88728396,1262052.64810146,2025,25,1,2,1920,2678-1262
2678743.88625199,1261738.64812515,2022,25,1,2,1920,2678-1261
2615493,1174252,2021,31,5,13,1920,2615-1174
2488976,1113080,2024,25,2,6,1920,2488-1113
2788500,1158500,2022,25,1,2,1920,2788-1158
2660360,1269947,2022,31,1,1,1920,2660-1269
2620500,1265500,2021,19,1,0,1920,2620-1265
2750500,1263500,2025,25,1,2,1920,2750-1263
2718500,1138500,2022,25,2,1,1920,2718-1138
2490406,1112779,2022,31,1,2,1920,2490-1112
2709466,1112454,2023,25,1,1,1920,2709-1112
2496808,1111317,2025,31,1,8,1920,2496-1111
2709594,1112480,2022,25,3,2,1920,2709-1112
2670393,1242425,2025,19,2,0,1920,2670-1242
2670571,1240900,2021,25,2,1,1920,2670-1240
2709881,1112453,2021,25,3,1,1920,2709-1112
2672629,1232455,2023,19,2,0,1920,2672-1232
2672739,1232093,2021,19,1,0,1920,2672-1232
2687430,1272026,2021,19,3,4,1920,2687-1272
2759999.99367169,1263000.27822094,2021,25,1,1,1920,2759-1263
2490481.51409212,1112705.18624407,2023,25,1,2,1920,2490-1112
2634138,1243851,2024,19,2,0,1920,2634-1243
2634114,1243812,2025,19,2,0,1920,2634-1243
2579891,1212252,2024,37,4,2,1920,2579-1212
2580090.6502114,1212497.13430467,2024,37,4,2,1920,2580-1212
2710500,1112500,2025,25,2,2,1920,2710-1112
2670500,1242500,2021,19,6,0,1920,2670-1242
2679198.87987549,1261961.65025197,2022,19,1,0,1920,2679-1261
2603616,1197080,2021,25,1,2,1920,2603-1197
2603243,1196876,2021,25,1,2,1920,2603-1196
2660037,1270572,2025,25,1,2,1920,2660-1270
2662956,1273688,2022,25,2,4,1920,2662-1273
2670345,1242351,2021,25,2,2,1920,2670-1242
2670173,1242369,2024,25,1,12,1920,2670-1242
2670292,1242299,2022,25,2,2,1920,2670-1242
2709628.1002368,1113293.57333526,2022,19,10,0,1920,2709-1113
2615582,1174198,2024,25,2,2,1920,2615-1174
2670500,1242500,2021,25,3,2,1920,2670-1242
2709628.1002368,1113293.57333526,2022,19,10,0,1920,2709-1113
2709628.1002368,1113293.57333526,2022,19,15,0,1920,2709-1113
2611500,1177500,2025,25,2,1,1920,2611-1177
2791311,1148673,2021,37,5,13,1920,2791-1148
2706500,1230500,2025,19,1,0,1920,2706-1230
2687075,1272575,2021,19,1,0,1920,2687-1272
2670300.06850856,1242299.56432465,2024,25,1,2,1920,2670-1242
2537509.61018522,1180220.62191535,2024,25,1,1,1920,2537-1180
2670300.06850856,1242299.56432465,2024,25,1,2,1920,2670-1242
2537509.61018522,1180220.62191535,2023,25,1,1,1920,2537-1180
2702671,1281800,2022,19,1,0,1920,2702-1281
2618601,1128011,2022,19,1,0,1920,2618-1128
2670300.06850856,1242299.56432466,2021,25,1,2,1920,2670-1242
2537509.61018522,1180220.62191535,2023,25,2,1,1920,2537-1180
2660500,1270500,2025,25,2,2,1920,2660-1270
2788833,1159030,2021,25,2,6,1920,2788-1159
2569147.44266037,1196706.26540992,2024,37,6,2,1920,2569-1196
2569147.44266037,1196706.26540992,2024,37,5,2,1920,2569-1196
2569147.44266037,1196706.26540992,2024,37,4,1,1920,2569-1196
2610397,1226486,2021,25,2,2,1920,2610-1226
2718106,1138101,2021,25,1,1,1920,2718-1138
2490576,1112258,2024,37,4,13,1920,2490-1112
2670500,1242500,2025,25,2,2,1920,2670-1242
2709859,1113412,2023,43,4,0,1920,2709-1113
2560097,1137907,2023,25,2,18,1920,2560-1137
2560103,1137812,2021,25,1,18,1920,2560-1137
2560104,1137925,2022,25,1,2,1920,2560-1137
2537539,1180197,2023,19,4,0,1920,2537-1180
2537840,1180571,2021,19,1,0,1920,2537-1180
2706753,1270680,2025,19,2,0,1920,2706-1270
2537599,1180196,2024,19,3,0,1920,2537-1180
2789255,1159600,2021,25,1,2,1920,2789-1159
2580090.6502114,1212497.13430467,2022,43,1,0,1920,2580-1212
2660500,1270500,2024,43,1,0,1920,2660-1270
2702984,1281630,2022,25,1,2,1920,2702-1281
2569500,1203500,2024,19,2,0,1920,2569-1203
2679188,1261984,2025,43,1,0,1920,2679-1261
2683493,1255626,2025,43,3,0,1920,2683-1255
2709628.1002368,1113293.57333526,2023,43,5,0,1920,2709-1113
2660500,1270500,2024,43,1,0,1920,2660-1270
2670500,1240500,2021,25,3,2,1920,2670-1240
2706500,1230500,2022,19,4,0,1920,2706-1230
2569147.44266037,1196706.26540992,2024,43,3,0,1920,2569-1196
2569147.44266037,1196706.26540992,2025,43,4,0,1920,2569-1196
2569147.44266037,1196706.26540992,2025,43,3,0,1920,2569-1196
2582895.56656368,1208228.07668853,2021,43,4,0,1920,2582-1208
2750500,1263500,2023,19,1,0,1920,2750-1263
2537509.61018522,1180220.62191536,2021,50,,0,1920,2537-1180
2579900,1212243,2022,50,1,0,1920,2579-1212
2580090.6502114,1212497.13430467,2022,50,1,0,1920,2580-1212
2579875,1212279,2023,50,1,0,1920,2579-1212
2579916,1212219,2022,50,1,0,1920,2579-1212
2537648,1180213,2025,50,1,0,1920,2537-1180
2580090.6502114,1212497.13430467,2022,50,2,0,1920,2580-1212
2670303,1242375,2024,50,4,0,1920,2670-1242
2660500,1270500,2025,31,1,1,1920,2660-1270
2634500,1243500,2023,31,1,2,1920,2634-1243
2709628.1002368,1113293.57333526,2022,19,10,0,1920,2709-1113
2704255.10749324,1112543.54382637,2024,19,4,0,1920,2704-1112
2672800.07555701,1232199.52841522,2023,19,2,0,1920,2672-1232
2819882,1187459,2025,19,2,0,1920,2819-1187
2670203,1242362,2025,31,1,2,1920,2670-1242
2670190,1242328,2024,31,4,13,1920,2670-1242
2558718,1138562,2023,19,8,0,1920,2558-1138
2706467,1230340,2024,50,1,0,1920,2706-1230
2706474,1230292,2024,50,1,0,1920,2706-1230
2679173,1261986,2025,50,1,0,1920,2679-1261
2679198.87987549,1261961.65025197,2023,50,1,0,1920,2679-1261
2490392.59398022,1112726.87181937,2021,13,2,4,1920,2490-1112
2537517,1180258,2023,25,2,2,1920,2537-1180
2537329,1180126,2024,25,2,1,1920,2537-1180
2670300.06850856,1242299.56432465,2025,31,1,2,1920,2670-1242
2670300.06850856,1242299.56432466,2022,31,1,2,1920,2670-1242
2706489,1270617,2022,25,1,2,1920,2706-1270
2670494,1242160,2022,25,2,1,1920,2670-1242
2560100,1137878,2021,31,2,18,1920,2560-1137
2610284,1226311,2022,31,2,6,1920,2610-1226
2568752,1176248,2023,31,2,8,1920,2568-1176
2759500,1263500,2022,50,2,0,1920,2759-1263
2718218,1137926,2023,31,1,7,1920,2718-1137
2705426,1111911,2022,50,2,0,1920,2705-1111
2709500,1112500,2021,25,1,2,1920,2709-1112
2610691,1226711,2022,31,2,4,1920,2610-1226
2670500,1242500,2021,25,2,2,1920,2670-1242
2694627,1281328,2023,37,2,1,1920,2694-1281
2670261,1242302,2025,25,2,2,1920,2670-1242
2537509.61018522,1180220.62191536,2022,56,4,0,1920,2537-1180
2710500,1112500,2023,25,1,1,1920,2710-1112
2615500,1174500,2021,25,1,2,1920,2615-1174
2660343,1270227,2025,19,1,0,1920,2660-1270
2670500,1242500,2021,25,2,2,1920,2670-1242
2710162,1112589,2022,25,3,2,1920,2710-1112
2574079,1162693,2025,25,3,6,1920,2574-1162
2571345,1107471,2023,25,2,1,1920,2571-1107
2611931,1128487,2024,25,1,2,1920,2611-1128
2559994,1138317,2021,19,1,2,1920,2559-1138
2678743.88625199,1261738.64812515,2022,25,1,2,1920,2678-1261
2670600.07036743,1240849.55927953,2021,25,3,1,1920,2670-1240
2670500,1242500,2021,19,2,0,1920,2670-1242
2663050.99869024,1273558.64705232,2022,25,2,2,1920,2663-1273
2660500,1270500,2025,25,3,4,1920,2660-1270
2668500,1256500,2021,19,3,0,1920,2668-1256
2653500,1256500,2021,19,2,0,1920,2653-1256
2659072,1220184,2024,37,4,13,1920,2659-1220
2629444,1238602,2025,25,2,1,1920,2629-1238
2537561,1180160,2023,19,2,0,1920,2537-1180
2537502,1180260,2023,19,5,0,1920,2537-1180
2710500,1112500,2023,19,2,0,1920,2710-1112
2710500,1112500,2021,25,2,4,1920,2710-1112
2558900,1138564,2022,25,3,2,1920,2558-1138
2687500,1272500,2022,19,4,0,1920,2687-1272
2788835,1159034,2023,37,2,19,1920,2788-1159
2569368,1196794,2025,43,4,0,1920,2569-1196
2819500,1187500,2024,25,2,1,1920,2819-1187
2607500,1216500,2021,19,3,0,1920,2607-1216
2678743.88625199,1261738.64812515,2025,43,1,0,1920,2678-1261
2678743.88625199,1261738.64812515,2025,43,1,0,1920,2678-1261
2610378,1226436,2022,43,1,8,1920,2610-1226
2678743.88625199,1261738.64812515,2022,25,1,2,1920,2678-1261
2705387,1112234,2023,25,1,2,1920,2705-1112
2705263,1112143,2021,25,2,1,1920,2705-1112
2579940,1212204,2021,43,1,0,1920,2579-1212
2579848,1212286,2021,43,1,0,1920,2579-1212
2705387,1112234,2023,25,1,2,1920,2705-1112
2537500,1180500,2024,25,1,1,1920,2537-1180
2607136,1216017,2021,19,3,0,1920,2607-1216
2710186,1112561,2025,43,2,0,1920,2710-1112
2606325,1227852,2025,43,5,13,1920,2606-1227
2670038,1242562,2021,19,2,0,1920,2670-1242
2759999.99367169,1263000.27822094,2022,50,2,0,1920,2759-1263
2670300.06850856,1242299.56432466,2021,50,2,0,1920,2670-1242
2725716,1220091,2021,31,2,6,1920,2725-1220
2725702,1220007,2021,31,1,7,1920,2725-1220
2537509.61018522,1180220.62191536,2022,50,2,0,1920,2537-1180
2537509.61018522,1180220.62191536,2021,50,1,0,1920,2537-1180
2537509.61018522,1180220.62191536,2021,50,1,0,1920,2537-1180
2670300.06850856,1242299.56432465,2024,50,2,0,1920,2670-1242
2630458,1238460,2022,31,2,5,1920,2630-1238
2706500,1230500,2022,19,2,0,1920,2706-1230
2678743.88625199,1261738.64812515,2025,19,2,0,1920,2678-1261
2703052.41330683,1281686.85305131,2022,19,2,0,1920,2703-1281
2615440,1174327,2025,25,2,2,1920,2615-1174
2559830.38176537,1137852.33685615,2021,25,4,13,1920,2559-1137
2678390.88728396,1262052.64810146,2025,25,1,1,1920,2678-1262
2670500,1242500,2022,25,3,2,1920,2670-1242
2672625,1232435,2022,31,3,4,1920,2672-1232
2710500,1112500,2021,25,2,4,1920,2710-1112
2678385,1261910,2025,25,1,2,1920,2678-1261
2678437,1262207,2025,25,1,2,1920,2678-1262
2678422,1262072,2025,25,2,6,1920,2678-1262
2678743.88625199,1261738.64812515,2025,50,1,0,1920,2678-1261
2678743.88625199,1261738.64812515,2024,50,1,0,1920,2678-1261
2660447,1269983,2024,25,1,1,1920,2660-1269
2660216,1269916,2024,25,1,2,1920,2660-1269
2660470,1269961,2024,25,1,1,1920,2660-1269
2660393,1269886,2024,25,1,2,1920,2660-1269
2573966,1162632,2023,31,2,4,1920,2573-1162
2634214,1243726,2024,25,1,2,1920,2634-1243
2689731,1271991,2025,25,1,2,1920,2689-1271
2660500,1269500,2021,50,1,0,1920,2660-1269
2710500,1112500,2024,25,2,4,1920,2710-1112
2569132,1196716,2025,31,1,1,1920,2569-1196
2660361,1270523,2024,25,1,1,1920,2660-1270
2705268,1112112,2022,50,3,0,1920,2705-1112
2491139.51119183,1112622.16671605,2025,25,2,18,1920,2491-1112
2537509.61018522,1180220.62191535,2025,50,1,0,1920,2537-1180
2569420,1203648,2025,50,1,0,1920,2569-1203
2759999.99367169,1263000.27822094,2022,50,2,0,1920,2759-1263
2580090.6502114,1212497.13430467,2022,50,1,0,1920,2580-1212
2580090.6502114,1212497.13430467,2023,50,1,0,1920,2580-1212
2537551,1180266,2024,25,10,1,1920,2537-1180
2579842,1212202,2022,50,4,0,1920,2579-1212
2579907,1212252,2022,50,2,0,1920,2579-1212
2537486,1180286,2024,25,1,1,1920,2537-1180
2615500,1174500,2024,31,2,4,1920,2615-1174
2569889,1203220,2025,56,1,0,1920,2569-1203
2537509.61018522,1180220.62191536,2022,56,4,0,1920,2537-1180
2579500,1212500,2024,37,4,4,1920,2579-1212
2789172,1159410,2022,25,1,2,1920,2789-1159
2819945,1187655,2022,37,3,2,1920,2819-1187
2660500,1270500,2025,25,2,2,1920,2660-1270
2580090.6502114,1212497.13430467,2024,37,4,2,1920,2580-1212
2634114,1243808,2025,37,1,2,1920,2634-1243
2759898,1240222,2024,25,3,2,1920,2759-1240
2611792,1177844,2024,25,1,2,1920,2611-1177
2718271,1138093,2023,25,2,4,1920,2718-1138
2670104,1242509,2024,25,2,6,1920,2670-1242
2611831,1178124,2025,25,3,6,1920,2611-1178
2679198.87987549,1261961.65025197,2025,37,1,2,1920,2679-1261
2611667,1177712,2023,31,1,11,1920,2611-1177
2751829,1262824,2021,37,2,3,1920,2751-1262
2672730.08039885,1229727.51875433,2024,31,1,2,1920,2672-1229
2679244,1261906,2025,43,1,0,1920,2679-1261
2660500,1270500,2024,43,1,0,1920,2660-1270
2678388,1261536,2025,31,1,1,1920,2678-1261
2709573,1113277,2023,43,7,0,1920,2709-1113
2610470,1127784,2022,31,2,3,1920,2610-1127
2610296,1127820,2022,31,1,2,1920,2610-1127
2610224,1127843,2022,31,1,2,1920,2610-1127
2759289,1238609,2021,31,1,2,1920,2759-1238
2679198.87987549,1261961.65025197,2025,43,1,0,1920,2679-1261
2679198.87987549,1261961.65025197,2025,43,1,0,1920,2679-1261
2679198.87987549,1261961.65025197,2025,43,1,0,1920,2679-1261
2679198.87987549,1261961.65025197,2025,43,1,0,1920,2679-1261
2679198.87987549,1261961.65025197,2025,43,1,0,1920,2679-1261
2710155,1112650,2024,43,1,0,1920,2710-1112
2759839,1239688,2021,31,5,4,1920,2759-1239
2759626,1239155,2021,31,4,2,1920,2759-1239
2760084,1240718,2021,31,7,4,1920,2760-1240
2610270,1226310,2023,31,1,18,1920,2610-1226
2610906,1128128,2022,31,1,2,1920,2610-1128
2620500,1265500,2021,31,2,2,1920,2620-1265
2757419,1234324,2021,31,2,4,1920,2757-1234
2679231,1261981,2025,50,1,0,1920,2679-1261
2679154,1261757,2023,50,1,0,1920,2679-1261
2569639,1203059,2023,37,6,2,1920,2569-1203
2537563,1180245,2025,50,,0,1920,2537-1180
2537546,1180243,2021,50,1,0,1920,2537-1180
2537608,1180182,2021,50,4,0,1920,2537-1180
2660471,1270156,2024,37,5,1,1920,2660-1270
2569123,1196705,2025,37,3,2,1920,2569-1196
2694049,1282069,2024,37,1,8,1920,2694-1282
2679198.87987549,1261961.65025197,2025,50,1,0,1920,2679-1261
2615500,1174500,2024,37,1,2,1920,2615-1174
2580090.6502114,1212497.13430467,2022,50,1,0,1920,2580-1212
2678515.88908633,1261671.64722243,2023,50,1,0,1920,2678-1261
2537594,1180328,2022,56,1,0,1920,2537-1180
2704227,1112590,2024,19,1,0,1920,2704-1112
2679198.87987549,1261961.65025197,2023,50,1,0,1920,2679-1261
2569147.44266037,1196706.26540992,2022,19,4,6,1920,2569-1196
2580520,1212349,2024,50,2,0,1920,2580-1212
2678743.88625199,1261738.64812515,2024,50,1,0,1920,2678-1261
2678515.88908633,1261671.64722243,2024,50,1,0,1920,2678-1261
2537498,1180234,2022,50,7,0,1920,2537-1180
2537602,1180230,2022,50,3,0,1920,2537-1180
2537458,1180246,2022,50,3,0,1920,2537-1180
2537389,1180311,2022,50,4,0,1920,2537-1180
2537579,1180248,2025,50,3,0,1920,2537-1180
2537539,1180196,2025,50,5,0,1920,2537-1180
2537572,1180160,2021,50,2,0,1920,2537-1180
2537424,1180129,2022,50,4,0,1920,2537-1180
2706474,1230315,2022,19,3,0,1920,2706-1230
2615450,1174224,2023,19,2,0,1920,2615-1174
2713738,1231087,2021,19,3,0,1920,2713-1231
2660500,1270500,2022,19,1,0,1920,2660-1270
2750500,1263500,2022,19,3,0,1920,2750-1263
2670384,1242433,2023,19,3,0,1920,2670-1242
2710109,1112609,2023,19,1,0,1920,2710-1112
2670309,1242370,2023,19,2,0,1920,2670-1242
2679177,1261998,2022,19,1,0,1920,2679-1261
2558500,1138500,2024,19,2,0,1920,2558-1138
2706500,1230500,2022,19,2,0,1920,2706-1230
2709628.1002368,1113293.57333526,2022,19,12,0,1920,2709-1113
2620500,1265500,2025,19,2,0,1920,2620-1265
2559500,1138500,2024,19,5,0,1920,2559-1138
2750500,1263500,2023,19,1,0,1920,2750-1263
2660300.10620835,1261399.61997048,2025,19,2,6,1920,2660-1261
2707599,1278986,2021,19,2,0,1920,2707-1278
2707739,1278976,2023,19,3,0,1920,2707-1278
2559964.39202934,1138353.33392529,2021,19,2,0,1920,2559-1138
2559964.39202934,1138353.33392529,2021,19,2,0,1920,2559-1138
2702659.41195306,1281914.8508067,2022,25,1,2,1920,2702-1281
2569500,1203500,2024,25,1,1,1920,2569-1203
2537471,1180050,2024,25,2,1,1920,2537-1180
2705509,1111886,2022,25,3,1,1920,2705-1111
2705206,1111918,2022,25,2,2,1920,2705-1111
2705322,1111975,2021,25,1,1,1920,2705-1111
2702471,1281841,2022,25,1,2,1920,2702-1281
2618285,1128094,2025,25,2,4,1920,2618-1128
2634128,1243770,2025,25,1,2,1920,2634-1243
2611415,1128219,2021,25,1,3,1920,2611-1128
2490417,1112768,2024,25,2,4,1920,2490-1112
2689877,1272039,2025,25,1,1,1920,2689-1272
2687454,1272074,2025,25,2,4,1920,2687-1272
2687106,1272116,2025,25,3,4,1920,2687-1272
2630983,1238527,2024,25,2,14,1920,2630-1238
2687500,1272500,2021,25,4,4,1920,2687-1272
2620500,1265500,2021,25,1,1,1920,2620-1265
2537509.61018522,1180220.62191535,2024,25,2,1,1920,2537-1180
2537509.61018522,1180220.62191535,2024,25,2,1,1920,2537-1180
2569360,1203404,2024,25,1,1,1920,2569-1203
2537509.61018522,1180220.62191535,2023,25,1,1,1920,2537-1180
2670300.06850856,1242299.56432465,2024,25,2,5,1920,2670-1242
2672730.08039885,1229727.51875434,2021,25,1,2,1920,2672-1229
2672730.08039885,1229727.51875433,2024,25,1,2,1920,2672-1229
2670300.06850856,1242299.56432465,2025,25,2,2,1920,2670-1242
2660500,1270500,2021,25,1,1,1920,2660-1270
2670309,1242196,2021,25,2,2,1920,2670-1242
2672610,1229874,2021,25,1,2,1920,2672-1229
2660500,1270500,2022,19,1,0,1920,2660-1270
2627945.48909876,1237373.66892157,2021,19,2,0,1920,2627-1237
2678451.8885035,1261824.64753559,2021,19,2,0,1920,2678-1261
2678743.88625199,1261738.64812515,2021,19,4,0,1920,2678-1261
2660500,1270500,2025,19,3,0,1920,2660-1270
2709606,1113273,2022,19,12,0,1920,2709-1113
2607200,1216472,2021,19,3,0,1920,2607-1216
2680500,1272500,2022,31,3,13,1920,2680-1272
2755387,1229363,2021,31,3,4,1920,2755-1229
2755150,1227829,2021,31,1,2,1920,2755-1227
2579914,1212214,2021,19,2,0,1920,2579-1212
2670033,1242466,2025,19,4,0,1920,2670-1242
2670180,1242321,2021,19,1,0,1920,2670-1242
2607500,1216500,2021,19,3,0,1920,2607-1216
2670300.06850856,1242299.56432465,2024,19,2,0,1920,2670-1242
2537509.61018522,1180220.62191535,2024,19,,0,1920,2537-1180
2537509.61018522,1180220.62191535,2024,19,19,0,1920,2537-1180
2670300.06850856,1242299.56432465,2024,19,2,0,1920,2670-1242
2670300.06850856,1242299.56432466,2022,19,6,0,1920,2670-1242
2561500,1128500,2021,31,1,12,1920,2561-1128
2672775,1229421,2025,31,1,2,1920,2672-1229
2692606,1285768,2023,31,1,8,1920,2692-1285
2670300.06850856,1242299.56432465,2023,31,2,2,1920,2670-1242
2670500,1242500,2022,19,5,0,1920,2670-1242
2706500,1230500,2021,19,3,0,1920,2706-1230
2660500,1270500,2022,19,1,0,1920,2660-1270
2718218,1138627,2022,19,1,0,1920,2718-1138
2718197,1138113,2022,19,1,0,1920,2718-1138
2750420,1263749,2023,19,3,0,1920,2750-1263
2610782,1226791,2021,19,2,0,1920,2610-1226
2560012,1138308,2021,19,1,4,1920,2560-1138
2660215,1269915,2022,37,3,1,1920,2660-1269
2628207,1237491,2021,19,2,0,1920,2628-1237
2668500,1256500,2021,19,3,0,1920,2668-1256
2558730.38781529,1138466.35807626,2021,13,1,0,1920,2558-1138
2559996.39143369,1138313.33332478,2022,37,1,1,1920,2559-1138
2760337,1202477,2021,19,2,0,1920,2760-1202
2760243,1202024,2021,19,2,0,1920,2760-1202
2569147.44266037,1196706.26540992,2025,37,2,2,1920,2569-1196
2603625,1197073,2021,25,1,1,1920,2603-1197
2569147.44266037,1196706.26540992,2025,37,5,2,1920,2569-1196
2569147.44266037,1196706.26540992,2025,37,4,2,1920,2569-1196
2537509.61018522,1180220.62191535,2024,25,2,4,1920,2537-1180
2537509.61018522,1180220.62191535,2024,25,2,1,1920,2537-1180
2670300.06850856,1242299.56432465,2024,25,3,5,1920,2670-1242
2615444,1174333,2023,37,3,2,1920,2615-1174
2670300.06850856,1242299.56432465,2024,25,2,2,1920,2670-1242
2678743.88625199,1261738.64812515,2021,25,1,1,1920,2678-1261
2607184.51170395,1216551.78757314,2022,25,1,1,1920,2607-1216
2660500,1270500,2022,37,4,13,1920,2660-1270
2490481.51409212,1112705.18624407,2022,13,1,0,1920,2490-1112
2709410,1113160,2023,44,8,0,1920,2709-1113
2709611,1113318,2023,44,7,0,1920,2709-1113
2709584,1113328,2023,44,5,0,1920,2709-1113
2709422,1113229,2023,44,6,0,1920,2709-1113
2709584,1113328,2023,44,7,0,1920,2709-1113
2569278,1203195,2023,44,1,0,1920,2569-1203
2620678,1233640,2024,19,2,0,1920,2620-1233
2537478,1180234,2024,19,2,0,1920,2537-1180
2537478,1180234,2024,19,1,0,1920,2537-1180
2537443,1180108,2023,19,6,0,1920,2537-1180
2537456,1180206,2024,19,1,0,1920,2537-1180
2537540,1180232,2023,19,12,0,1920,2537-1180
2710500,1112500,2024,25,2,4,1920,2710-1112
2760500,1202500,2024,25,10,6,1920,2760-1202
2706500,1230500,2022,19,3,0,1920,2706-1230
2750458,1263711,2021,19,1,0,1920,2750-1263
2751380,1263369,2021,19,3,0,1920,2751-1263
2687500,1272500,2021,19,1,0,1920,2687-1272
2788500,1158500,2022,25,2,4,1920,2788-1158
2569500,1203500,2024,19,1,0,1920,2569-1203
2660500,1270500,2022,19,1,0,1920,2660-1270
2670500,1242500,2021,19,2,0,1920,2670-1242
2723500,1256500,2021,25,1,2,1920,2723-1256
2723363,1256850,2025,25,2,4,1920,2723-1256
2670156,1242353,2024,19,1,0,1920,2670-1242
2670346,1242351,2022,25,3,2,1920,2670-1242
2670315,1242466,2024,25,2,6,1920,2670-1242
2670300.06850856,1242299.56432465,2024,50,1,0,1920,2670-1242
2670280,1242393,2024,25,2,2,1920,2670-1242
2723354,1256785,2025,25,2,4,1920,2723-1256
2670300.06850856,1242299.56432465,2024,50,1,0,1920,2670-1242
2760109,1202021,2021,19,2,4,1920,2760-1202
2617259,1170952,2023,19,2,0,1920,2617-1170
2537314,1180062,2024,19,10,0,1920,2537-1180
2537542,1180114,2024,19,3,0,1920,2537-1180
2672720,1232071,2025,19,3,0,1920,2672-1232
2672608,1232420,2024,19,2,0,1920,2672-1232
2579500,1212500,2022,50,2,0,1920,2579-1212
2610694,1226709,2022,25,2,6,1920,2610-1226
2672547,1232417,2023,19,5,0,1920,2672-1232
2672600,1232582,2024,19,2,0,1920,2672-1232
2558763,1138550,2022,19,5,0,1920,2558-1138
2634140,1243807,2021,19,2,0,1920,2634-1243
2679244,1261906,2023,50,1,0,1920,2679-1261
2751500,1263500,2021,19,1,0,1920,2751-1263
2569630,1203145,2022,50,1,0,1920,2569-1203
2569500,1203500,2023,19,1,0,1920,2569-1203
2709340,1112470,2021,19,1,0,1920,2709-1112
2672800.075557,1232199.52841523,2021,19,1,0,1920,2672-1232
2569750,1203436,2021,50,2,0,1920,2569-1203
2706432,1230225,2024,50,1,0,1920,2706-1230
2672637,1229976,2025,19,1,0,1920,2672-1229
2704255.10749324,1112543.54382637,2024,19,1,0,1920,2704-1112
2559964.39202934,1138353.33392529,2021,19,2,0,1920,2559-1138
2560011,1137869,2021,25,1,14,1920,2560-1137
2560100,1137805,2021,25,1,18,1920,2560-1137
2610362,1226367,2022,25,4,4,1920,2610-1226
2559975,1138327,2021,25,1,1,1920,2559-1138
2706500,1230500,2024,50,1,0,1920,2706-1230
2660500,1270500,2025,25,1,1,1920,2660-1270
2579965,1212266,2022,50,3,0,1920,2579-1212
2579903,1212287,2022,50,2,0,1920,2579-1212
2537509.61018522,1180220.62191536,2022,50,6,0,1920,2537-1180
2559500,1138500,2022,19,2,0,1920,2559-1138
2579888,1212336,2022,50,2,0,1920,2579-1212
2537509.61018522,1180220.62191536,2021,50,,0,1920,2537-1180
2537509.61018522,1180220.62191536,2022,50,6,0,1920,2537-1180
2568782,1176172,2023,31,2,1,1920,2568-1176
2670300.06850856,1242299.56432465,2024,19,4,0,1920,2670-1242
2670417,1240884,2022,19,4,0,1920,2670-1240
2678500,1267500,2022,31,2,2,1920,2678-1267
2709628.1002368,1113293.57333526,2022,19,39,0,1920,2709-1113
2634354,1243731,2024,19,3,0,1920,2634-1243
2634105,1243778,2025,19,2,0,1920,2634-1243
2704255.10749324,1112543.54382637,2024,19,1,0,1920,2704-1112
2704255.10749324,1112543.54382637,2024,19,1,0,1920,2704-1112
2704255.10749324,1112543.54382637,2024,19,1,0,1920,2704-1112
2607184.51170395,1216551.78757314,2021,19,4,0,1920,2607-1216
2607184.51170395,1216551.78757314,2021,19,3,0,1920,2607-1216
2670300.06850856,1242299.56432466,2022,31,1,2,1920,2670-1242
2670300.06850856,1242299.56432465,2024,31,3,13,1920,2670-1242
2627945.48909876,1237373.66892157,2022,31,1,2,1920,2627-1237
2579500,1212500,2021,19,3,0,1920,2579-1212
2729500,1275500,2021,31,2,4,1920,2729-1275
2560031,1137885,2023,25,2,5,1920,2560-1137
2490481.51409212,1112705.18624407,2023,31,1,2,1920,2490-1112
2659055,1220241,2025,31,4,13,1920,2659-1220
2659075,1220201,2025,31,4,13,1920,2659-1220
2660500,1270500,2025,25,1,2,1920,2660-1270
2627500,1268500,2021,25,1,2,1920,2627-1268
2718215,1138624,2023,31,1,2,1920,2718-1138
2706752,1270685,2022,25,2,2,1920,2706-1270
2670180,1242399,2023,25,1,2,1920,2670-1242
2537492,1180258,2024,25,3,1,1920,2537-1180
2537634,1180186,2024,25,1,1,1920,2537-1180
2718197,1138320,2023,31,1,2,1920,2718-1138
2788893,1159095,2021,31,1,2,1920,2788-1159
2568773,1176243,2023,31,2,2,1920,2568-1176
2568763,1176318,2024,31,2,5,1920,2568-1176
2706486,1270657,2022,25,2,2,1920,2706-1270
2757138,1233778,2023,25,3,6,1920,2757-1233
2660217,1269925,2024,25,1,2,1920,2660-1269
2568360,1176132,2023,31,2,2,1920,2568-1176
2630617,1238275,2024,25,1,2,1920,2630-1238
2660211,1269918,2024,25,1,1,1920,2660-1269
2660372,1269903,2024,25,2,2,1920,2660-1269
2490411,1112778,2024,25,1,1,1920,2490-1112
2627500,1268500,2022,25,2,1,1920,2627-1268
2569500,1203500,2024,25,1,1,1920,2569-1203
2678500,1261500,2025,31,2,2,1920,2678-1261
2629363,1238331,2021,25,3,3,1920,2629-1238
2629308,1238297,2025,25,2,2,1920,2629-1238
2700000.59040254,1272100.79127783,2024,25,4,2,1920,2700-1272
2569202,1196692,2025,25,2,2,1920,2569-1196
2614500,1174500,2021,25,1,2,1920,2614-1174
2706496,1230499,2022,25,1,2,1920,2706-1230
2706423,1230372,2022,25,1,1,1920,2706-1230
2615472,1174314,2024,25,2,2,1920,2615-1174
2537518,1180248,2024,25,1,2,1920,2537-1180
2537490,1180207,2024,25,2,4,1920,2537-1180
2659500,1254500,2024,31,2,8,1920,2659-1254
2579836,1212267,2022,37,2,4,1920,2579-1212
2490481.51409212,1112705.18624407,2024,25,1,1,1920,2490-1112
2490481.51409212,1112705.18624407,2024,25,1,2,1920,2490-1112
2490481.51409212,1112705.18624407,2024,25,1,1,1920,2490-1112
2537500,1180500,2024,25,1,1,1920,2537-1180
2660500,1270500,2022,37,4,1,1920,2660-1270
2634191,1243754,2025,25,1,3,1920,2634-1243
2819936,1187575,2025,25,2,2,1920,2819-1187
2617244,1170945,2021,25,2,1,1920,2617-1170
2788731,1158127,2022,25,2,4,1920,2788-1158
2688821,1272092,2022,25,1,2,1920,2688-1272
2568806,1176243,2023,37,2,2,1920,2568-1176
2689727,1272010,2022,32,1,2,1920,2689-1272
2687548,1272086,2022,32,1,7,1920,2687-1272
2687658,1272064,2022,32,1,7,1920,2687-1272
2755968,1230676,2021,32,2,4,1920,2755-1230
2755281,1228702,2022,32,2,4,1920,2755-1228
2573949,1162622,2022,25,1,18,1920,2573-1162
2571407,1107279,2023,25,1,2,1920,2571-1107
2670500,1242500,2022,32,6,4,1920,2670-1242
2672500,1232500,2023,37,1,2,1920,2672-1232
2788715,1158342,2022,32,5,13,1920,2788-1158
2788736,1158309,2022,32,4,1,1920,2788-1158
2788732,1158408,2022,32,4,19,1920,2788-1158
2580090.6502114,1212497.13430467,2024,32,1,2,1920,2580-1212
2620309,1233259,2025,32,4,14,1920,2620-1233
2670300.06850856,1242299.56432466,2022,44,1,0,1920,2670-1242
2537509.61018522,1180220.62191536,2022,44,2,0,1920,2537-1180
2703052.41330683,1281686.85305131,2022,25,1,2,1920,2703-1281
2672691,1229669,2025,25,2,2,1920,2672-1229
2670311,1242311,2024,25,1,2,1920,2670-1242
2710249,1112602,2021,25,3,2,1920,2710-1112
2672691,1229904,2021,25,1,18,1920,2672-1229
2709459.10430758,1112619.57720119,2022,25,2,2,1920,2709-1112
2660500,1270500,2025,25,2,1,1920,2660-1270
2658500,1254500,2024,25,1,2,1920,2658-1254
2670300.06850856,1242299.56432466,2021,25,2,2,1920,2670-1242
2678743.88625199,1261738.64812515,2024,44,1,0,1920,2678-1261
2670300.06850856,1242299.56432465,2024,25,4,4,1920,2670-1242
2670300.06850856,1242299.56432465,2023,31,1,1,1920,2670-1242
2501791.68484947,1118512.81291784,2022,44,1,0,1920,2501-1118
2614500,1174500,2025,31,1,2,1920,2614-1174
2579500,1212500,2024,31,1,2,1920,2579-1212
2537509.61018522,1180220.62191535,2025,50,2,0,1920,2537-1180
2537509.61018522,1180220.62191536,2021,50,2,0,1920,2537-1180
2537509.61018522,1180220.62191536,2022,50,6,0,1920,2537-1180
2537509.61018522,1180220.62191536,2021,50,2,0,1920,2537-1180
2537509.61018522,1180220.62191536,2021,50,2,0,1920,2537-1180
2537509.61018522,1180220.62191536,2022,50,4,0,1920,2537-1180
2670300.06850856,1242299.56432466,2021,50,1,0,1920,2670-1242
2537509.61018522,1180220.62191536,2022,50,3,0,1920,2537-1180
2537509.61018522,1180220.62191536,2021,50,2,0,1920,2537-1180
2579911,1212286,2022,50,1,0,1920,2579-1212
2634140,1243785,2023,31,2,4,1920,2634-1243
2569254,1196698,2024,38,3,2,1920,2569-1196
2569122,1196722,2024,38,4,1,1920,2569-1196
2569120,1196719,2025,38,3,1,1920,2569-1196
2678515.88908633,1261671.64722243,2024,50,1,0,1920,2678-1261
2678743.88625199,1261738.64812515,2024,50,2,0,1920,2678-1261
2617261,1170977,2025,31,1,2,1920,2617-1170
2687332,1228135,2022,31,3,13,1920,2687-1228
2759103,1238431,2021,31,1,2,1920,2759-1238
2611688,1177922,2023,44,1,0,1920,2611-1177
2537509.61018522,1180220.62191536,2022,56,6,0,1920,2537-1180
2537509.61018522,1180220.62191536,2022,56,5,0,1920,2537-1180
2709561,1113227,2023,44,4,0,1920,2709-1113
2670385,1240446,2021,44,3,0,1920,2670-1240
2679198.87987549,1261961.65025197,2021,31,1,8,1920,2679-1261
2670314,1242331,2022,31,1,2,1920,2670-1242
2607184.51170395,1216551.78757314,2022,44,1,0,1920,2607-1216
2607184.51170396,1216551.78757314,2024,44,1,0,1920,2607-1216
2582685,1208304,2021,44,1,0,1920,2582-1208
2582641,1208411,2021,44,1,0,1920,2582-1208
2672663,1229977,2021,37,2,8,1920,2672-1229
2672774,1229471,2025,37,2,13,1920,2672-1229
2672824,1229645,2025,37,2,8,1920,2672-1229
2569751,1203439,2025,56,3,0,1920,2569-1203
2569387,1203299,2021,50,1,0,1920,2569-1203
2679237,1261961,2022,37,2,1,1920,2679-1261
2627500,1268500,2023,37,2,1,1920,2627-1268
2537501,1180246,2021,50,2,0,1920,2537-1180
2537510,1180228,2025,50,2,0,1920,2537-1180
2537600,1180166,2022,50,3,0,1920,2537-1180
2537556,1180188,2022,50,4,0,1920,2537-1180
2569551,1203422,2023,37,7,1,1920,2569-1203
2706500,1230500,2024,37,2,2,1920,2706-1230
2617268,1170897,2025,37,2,2,1920,2617-1170
2708500,1229500,2021,44,2,0,1920,2708-1229
2670300.06850856,1242299.56432465,2023,44,1,0,1920,2670-1242
2755971,1215751,2025,44,1,13,1920,2755-1215
2569129,1196721,2024,44,1,0,1920,2569-1196
2679198.87987549,1261961.65025197,2023,44,1,0,1920,2679-1261
2579500,1212500,2022,50,4,0,1920,2579-1212
2660769,1269726,2021,50,1,0,1920,2660-1269
2678515.88908633,1261671.64722244,2022,50,1,0,1920,2678-1261
2579500,1212500,2023,50,1,0,1920,2579-1212
2579500,1212500,2022,50,4,0,1920,2579-1212
2579500,1212500,2022,50,2,0,1920,2579-1212
2537510,1180287,2022,50,1,0,1920,2537-1180
2537494,1180305,2025,50,3,0,1920,2537-1180
2537529,1180167,2025,50,5,0,1920,2537-1180
2537569,1180209,2025,50,3,0,1920,2537-1180
2537542,1180284,2021,50,4,0,1920,2537-1180
2679198.87987549,1261961.65025197,2025,50,1,0,1920,2679-1261
2559500,1138500,2021,13,1,0,1920,2559-1138
2579875,1212245,2023,50,1,0,1920,2579-1212
2678743.88625199,1261738.64812515,2025,50,1,0,1920,2678-1261
2670500,1242500,2021,19,2,0,1920,2670-1242
2559964.39202934,1138353.33392528,2023,19,1,0,1920,2559-1138
2709606,1113346,2022,19,10,0,1920,2709-1113
2578635,1203792,2024,19,1,0,1920,2578-1203
2706440,1230256,2021,19,2,0,1920,2706-1230
2490416,1112766,2025,19,1,0,1920,2490-1112
2490416,1112783,2023,19,1,0,1920,2490-1112
2537698,1180337,2022,56,8,0,1920,2537-1180
2537509.61018522,1180220.62191535,2023,19,1,0,1920,2537-1180
2707739,1278976,2023,19,4,6,1920,2707-1278
2579926,1212244,2021,19,1,0,1920,2579-1212
2707621,1278991,2021,19,4,0,1920,2707-1278
2579958,1212200,2021,19,2,0,1920,2579-1212
2569802,1203289,2025,62,1,0,1920,2569-1203
2607500,1216500,2022,19,1,0,1920,2607-1216
2490376,1112748,2022,13,1,0,1920,2490-1112
2490442,1112734,2022,13,1,0,1920,2490-1112
2670300.06850856,1242299.56432466,2021,19,4,0,1920,2670-1242
2670300.06850856,1242299.56432466,2021,19,3,0,1920,2670-1242
2709628.1002368,1113293.57333526,2022,19,5,0,1920,2709-1113
2670300.06850856,1242299.56432466,2021,19,3,0,1920,2670-1242
2709628.1002368,1113293.57333526,2022,19,10,0,1920,2709-1113
2709628.1002368,1113293.57333526,2022,19,15,0,1920,2709-1113
2706500,1230500,2025,13,1,0,1920,2706-1230
2537509.61018522,1180220.62191535,2024,19,13,0,1920,2537-1180
2670300.06850856,1242299.56432465,2024,19,4,0,1920,2670-1242
2660500,1270500,2025,19,1,0,1920,2660-1270
2620500,1265500,2021,19,1,0,1920,2620-1265
2707697.43489666,1278958.87957617,2021,20,2,0,1920,2707-1278
2615443,1174329,2022,20,1,0,1920,2615-1174
2670500,1240500,2023,20,1,0,1920,2670-1240
2537509.61018522,1180220.62191535,2023,13,1,0,1920,2537-1180
2537509.61018522,1180220.62191535,2023,13,1,0,1920,2537-1180
2670300.06850856,1242299.56432466,2021,19,6,0,1920,2670-1242
2578667.51943261,1203746.12803837,2023,19,2,0,1920,2578-1203
2537509.61018522,1180220.62191535,2024,19,9,0,1920,2537-1180
2670300.06850856,1242299.56432466,2021,19,4,0,1920,2670-1242
2670300.06850856,1242299.56432465,2023,19,2,0,1920,2670-1242
2670300.06850856,1242299.56432466,2022,19,3,0,1920,2670-1242
2759500,1238500,2025,19,3,0,1920,2759-1238
2660204,1270277,2022,20,3,0,1920,2660-1270
2634362,1243737,2025,20,2,6,1920,2634-1243
2634150,1243749,2025,20,2,0,1920,2634-1243
2670300.06850856,1242299.56432466,2022,25,3,2,1920,2670-1242
2670300.06850856,1242299.56432466,2022,25,2,2,1920,2670-1242
2672730.08039885,1229727.51875434,2021,25,1,18,1920,2672-1229
2670300.06850856,1242299.56432465,2024,25,2,4,1920,2670-1242
2537509.61018522,1180220.62191535,2024,25,1,1,1920,2537-1180
2760468,1203222,2021,20,1,0,1920,2760-1203
2610324,1127872,2025,20,2,0,1920,2610-1127
2759229,1238584,2024,20,2,0,1920,2759-1238
2759549,1238994,2024,20,2,0,1920,2759-1238
2610161,1127746,2025,20,2,4,1920,2610-1127
2660500,1270500,2024,25,2,4,1920,2660-1270
2491139.51119183,1112622.16671605,2025,20,2,0,1920,2491-1112
2490481.51409212,1112705.18624407,2022,20,1,0,1920,2490-1112
2709591,1113212,2022,19,8,0,1920,2709-1113
2490406,1112776,2024,25,1,1,1920,2490-1112
2490413,1112759,2024,25,1,1,1920,2490-1112
2709500,1112500,2025,20,2,0,1920,2709-1112
2750462,1184160,2021,19,1,0,1920,2750-1184
2758500,1238500,2025,19,2,0,1920,2758-1238
2501562,1118216,2022,25,2,1,1920,2501-1118
2706447,1230246,2022,25,1,2,1920,2706-1230
2710500,1112500,2025,20,2,0,1920,2710-1112
2537509.61018522,1180220.62191535,2023,25,1,1,1920,2537-1180
2706500,1230500,2022,20,2,0,1920,2706-1230
2710500,1112500,2021,25,2,1,1920,2710-1112
2706500,1230500,2022,25,1,2,1920,2706-1230
2672584,1230046,2024,25,1,2,1920,2672-1230
2672826,1229764,2024,25,1,3,1920,2672-1229
2706500,1230500,2021,20,2,0,1920,2706-1230
2670633,1242074,2025,19,1,0,1920,2670-1242
2710057,1112667,2021,19,2,0,1920,2710-1112
2580090.6502114,1212497.13430467,2021,20,1,0,1920,2580-1212
2757733,1235093,2025,20,1,0,1920,2757-1235
2654500,1271500,2023,19,2,0,1920,2654-1271
2707697.43489667,1278958.87957616,2023,20,2,0,1920,2707-1278
2491059,1112338,2024,25,1,1,1920,2491-1112
2490379,1112776,2023,25,1,1,1920,2490-1112
2706500,1230500,2022,20,1,0,1920,2706-1230
2607184.51170395,1216551.78757314,2022,20,1,0,1920,2607-1216
2689390,1272036,2021,25,1,2,1920,2689-1272
2501901,1118474,2021,20,2,0,1920,2501-1118
2694458,1281455,2022,20,2,0,1920,2694-1281
2608500,1268500,2023,19,1,0,1920,2608-1268
2750439,1263656,2023,20,1,0,1920,2750-1263
2611694,1177629,2024,20,1,0,1920,2611-1177
2611687,1177674,2025,20,2,6,1920,2611-1177
2660316,1270022,2024,25,1,2,1920,2660-1270
2670094,1242535,2022,20,3,0,1920,2670-1242
2710168,1112552,2021,26,1,5,1920,2710-1112
2569525.56262002,1203696.28167077,2024,19,1,0,1920,2569-1203
2754959,1212783,2023,26,2,2,1920,2754-1212
2615475,1174348,2023,26,2,2,1920,2615-1174
2569147.44266037,1196706.26540992,2022,26,1,1,1920,2569-1196
2687453,1272072,2022,32,2,7,1920,2687-1272
2670300.06850856,1242299.56432465,2023,32,2,1,1920,2670-1242
2678388,1261942,2025,26,2,6,1920,2678-1261
2560137,1137939,2022,26,2,4,1920,2560-1137
2559968,1137875,2022,26,1,2,1920,2559-1137
2610413,1226402,2021,25,2,18,1920,2610-1226
2610298,1226327,2024,25,2,6,1920,2610-1226
2718185,1138480,2024,25,1,2,1920,2718-1138
2660341,1269931,2025,26,1,2,1920,2660-1269
2670105,1242425,2024,25,1,12,1920,2670-1242
2660500,1270500,2024,25,1,2,1920,2660-1270
2670300.06850856,1242299.56432465,2024,25,4,7,1920,2670-1242
2537509.61018522,1180220.62191535,2024,25,2,1,1920,2537-1180
2537509.61018522,1180220.62191535,2024,25,1,1,1920,2537-1180
2537509.61018522,1180220.62191535,2023,25,1,1,1920,2537-1180
2670300.06850856,1242299.56432465,2024,25,3,1,1920,2670-1242
2537509.61018522,1180220.62191535,2023,25,1,1,1920,2537-1180
2490481.51409212,1112705.18624407,2023,26,1,1,1920,2490-1112
2706500,1230500,2022,25,1,2,1920,2706-1230
2537556,1180275,2023,26,1,1,1920,2537-1180
2705068,1280937,2025,26,2,8,1920,2705-1280
2710500,1112500,2023,32,1,1,1920,2710-1112
2501563,1118282,2022,26,1,1,1920,2501-1118
2574071.88294442,1163497.09481235,2024,25,1,2,1920,2574-1163
2490419,1112773,2022,32,1,2,1920,2490-1112
2670363,1240828,2021,25,2,4,1920,2670-1240
2788805,1158466,2023,26,1,2,1920,2788-1158
2569187,1196452,2024,25,1,2,1920,2569-1196
2569201,1196718,2025,25,2,2,1920,2569-1196
2618500,1127500,2021,32,1,2,1920,2618-1127
2620500,1265500,2021,25,1,2,1920,2620-1265
2537491,1180276,2023,13,1,0,1920,2537-1180
2706500,1230500,2022,26,1,2,1920,2706-1230
2579860,1212183,2024,26,2,2,1920,2579-1212
2679198.87987549,1261961.65025197,2021,32,2,2,1920,2679-1261
2560093,1137802,2021,25,4,13,1920,2560-1137
2791284,1148803,2024,32,1,1,1920,2791-1148
2620500,1265500,2021,25,1,2,1920,2620-1265
2610738,1226772,2021,25,1,8,1920,2610-1226
2705108,1112129,2021,25,2,2,1920,2705-1112
2660500,1270500,2024,38,8,1,1920,2660-1270
2678382,1261919,2025,32,1,18,1920,2678-1261
2679194,1261968,2024,38,1,1,1920,2679-1261
2579500,1212500,2022,19,3,0,1920,2579-1212
2569147.44266037,1196706.26540992,2024,38,4,2,1920,2569-1196
2634500,1243500,2021,19,2,0,1920,2634-1243
2569147.44266037,1196706.26540992,2025,38,3,1,1920,2569-1196
2718225,1138470,2024,32,2,4,1920,2718-1138
2723317,1256895,2023,32,3,13,1920,2723-1256
2670186,1242388,2024,19,1,0,1920,2670-1242
2670226,1242536,2025,19,1,0,1920,2670-1242
2791371,1148650,2024,32,1,18,1920,2791-1148
2670302,1242247,2022,32,1,1,1920,2670-1242
2670385,1242423,2025,19,1,0,1920,2670-1242
2537509.61018522,1180220.62191535,2025,44,1,0,1920,2537-1180
2670300.06850856,1242299.56432465,2023,44,1,0,1920,2670-1242
2708486,1229029,2021,44,1,0,1920,2708-1229
2579833,1212190,2022,44,1,0,1920,2579-1212
2670300.06850856,1242299.56432465,2024,32,1,2,1920,2670-1242
2490481.51409212,1112705.18624407,2022,32,1,1,1920,2490-1112
2670300.06850856,1242299.56432466,2021,19,2,0,1920,2670-1242
2659017,1254593,2024,32,2,13,1920,2659-1254
2670600.07036743,1240849.55927953,2023,19,2,0,1920,2670-1240
2678743.88625199,1261738.64812515,2023,44,2,0,1920,2678-1261
2569715,1203086,2023,38,1,2,1920,2569-1203
2678743.88625199,1261738.64812515,2024,44,1,0,1920,2678-1261
2537573,1180261,2024,19,3,0,1920,2537-1180
2757483,1221102,2021,38,4,13,1920,2757-1221
2537538,1180116,2024,19,1,0,1920,2537-1180
2537490,1180162,2024,19,12,0,1920,2537-1180
2660500,1270500,2025,38,1,1,1920,2660-1270
2537595,1180181,2024,19,9,0,1920,2537-1180
2670322,1242430,2022,19,2,0,1920,2670-1242
2791294,1148785,2022,38,3,2,1920,2791-1148
2791364,1148712,2022,38,1,1,1920,2791-1148
2670300.06850856,1242299.56432466,2021,19,5,0,1920,2670-1242
2611511,1177738,2024,38,4,13,1920,2611-1177
2569147.44266037,1196706.26540992,2024,44,1,0,1920,2569-1196
2660500,1270500,2024,38,4,2,1920,2660-1270
2634358,1243745,2024,19,3,0,1920,2634-1243
2672601,1232449,2023,19,5,0,1920,2672-1232
2672660,1232459,2023,19,5,0,1920,2672-1232
2672634,1232389,2023,19,4,0,1920,2672-1232
2672624,1232386,2023,19,5,0,1920,2672-1232
2670300.06850856,1242299.56432466,2021,50,2,0,1920,2670-1242
2670300.06850856,1242299.56432465,2024,50,3,0,1920,2670-1242
2572500,1175500,2022,38,5,13,1920,2572-1175
2537509.61018522,1180220.62191536,2022,50,,0,1920,2537-1180
2537509.61018522,1180220.62191536,2021,50,2,0,1920,2537-1180
2537509.61018522,1180220.62191536,2021,50,2,0,1920,2537-1180
2569577,1203721,2024,50,1,0,1920,2569-1203
2569525.56262002,1203696.28167077,2023,50,1,0,1920,2569-1203
2579851,1212286,2022,50,1,0,1920,2579-1212
2759500,1263500,2024,44,1,0,1920,2759-1263
2660500,1270500,2024,44,1,0,1920,2660-1270
2490481.51409212,1112705.18624407,2021,44,1,0,1920,2490-1112
2614772,1171834,2021,38,3,13,1920,2614-1171
2788857,1159090,2022,38,6,19,1920,2788-1159
2615449,1174239,2023,38,5,8,1920,2615-1174
2687380,1228189,2025,19,2,2,1920,2687-1228
2672800.075557,1232199.52841523,2021,19,1,0,1920,2672-1232
2672800.075557,1232199.52841523,2021,19,3,0,1920,2672-1232
2672800.075557,1232199.52841523,2021,19,2,6,1920,2672-1232
2670500,1242500,2021,50,1,0,1920,2670-1242
2706500,1230500,2024,50,1,0,1920,2706-1230
2678489,1261711,2024,44,1,0,1920,2678-1261
2709628.1002368,1113293.57333526,2022,19,22,0,1920,2709-1113
2704942.1110355,1111918.55267258,2023,19,4,0,1920,2704-1111
2569147.44266037,1196706.26540992,2021,50,2,0,1920,2569-1196
2679198.87987549,1261961.65025197,2025,50,1,0,1920,2679-1261
2679198.87987549,1261961.65025197,2025,50,1,0,1920,2679-1261
2679198.87987549,1261961.65025197,2025,50,1,0,1920,2679-1261
2758500,1237500,2024,38,2,2,1920,2758-1237
2660500,1270500,2024,25,2,1,1920,2660-1270
2579500,1212500,2024,25,1,1,1920,2579-1212
2579500,1212500,2023,44,2,0,1920,2579-1212
2678743.88625199,1261738.64812515,2024,44,2,0,1920,2678-1261
2606286,1227888,2025,44,3,13,1920,2606-1227
2558590,1138470,2022,25,3,1,1920,2558-1138
2707495,1279068,2022,25,2,6,1920,2707-1279
2672618,1232422,2022,25,1,2,1920,2672-1232
2659500,1254500,2024,25,1,2,1920,2659-1254
2706500,1230500,2022,25,1,2,1920,2706-1230
2569252,1203325,2024,50,1,0,1920,2569-1203
2678500,1261500,2023,44,3,0,1920,2678-1261
2569150,1196403,2024,50,1,0,1920,2569-1196
2670300.06850856,1242299.56432466,2022,44,3,0,1920,2670-1242
2537509.61018522,1180220.62191536,2022,44,6,0,1920,2537-1180
2537508,1180338,2025,50,3,0,1920,2537-1180
2537474,1180217,2025,50,4,0,1920,2537-1180
2537491,1180287,2025,50,1,0,1920,2537-1180
2537611,1180166,2021,50,2,0,1920,2537-1180
2537530,1180251,2025,50,5,0,1920,2537-1180
2537609,1180179,2025,50,2,0,1920,2537-1180
2537506,1180250,2022,50,8,0,1920,2537-1180
2537555,1180185,2025,50,4,0,1920,2537-1180
2537608,1180184,2025,50,2,0,1920,2537-1180
2670187,1242425,2024,25,2,1,1920,2670-1242
2537464,1180177,2024,25,1,1,1920,2537-1180
2537430,1180194,2024,25,2,1,1920,2537-1180
2670273,1242233,2024,25,1,1,1920,2670-1242
2706583,1270600,2021,25,2,2,1920,2706-1270
2537448,1180201,2024,25,1,1,1920,2537-1180
2580591,1212843,2022,44,3,0,1920,2580-1212
2660500,1270500,2024,25,1,2,1920,2660-1270
2618670.65278626,1128170.52219958,2025,25,2,4,1920,2618-1128
2579885,1212322,2024,25,2,2,1920,2579-1212
2579901,1212220,2024,25,2,2,1920,2579-1212
2678743.88625199,1261738.64812515,2024,50,1,0,1920,2678-1261
2706500,1230500,2022,25,1,2,1920,2706-1230
2537509.61018522,1180220.62191536,2022,50,,0,1920,2537-1180
2706500,1230500,2022,25,1,1,1920,2706-1230
2627500,1268500,2021,25,1,2,1920,2627-1268
2660500,1270500,2025,25,1,1,1920,2660-1270
2670300.06850856,1242299.56432466,2021,50,2,0,1920,2670-1242
2537509.61018522,1180220.62191536,2022,50,4,0,1920,2537-1180
2670300.06850856,1242299.56432466,2021,50,2,0,1920,2670-1242
2537509.61018522,1180220.62191535,2025,50,3,0,1920,2537-1180
2537509.61018522,1180220.62191536,2022,50,2,0,1920,2537-1180
2537509.61018522,1180220.62191535,2025,50,1,0,1920,2537-1180
2537509.61018522,1180220.62191536,2022,50,4,0,1920,2537-1180
2537509.61018522,1180220.62191536,2022,50,4,0,1920,2537-1180
2537509.61018522,1180220.62191536,2022,50,3,0,1920,2537-1180
2660500,1270500,2024,50,3,0,1920,2660-1270
2537509.61018522,1180220.62191535,2025,50,1,0,1920,2537-1180
2571356,1107407,2023,25,2,4,1920,2571-1107
2612698,1128357,2024,25,2,4,1920,2612-1128
2571371,1107356,2023,25,2,4,1920,2571-1107
2571356,1107407,2023,25,2,4,1920,2571-1107
2571361,1107415,2023,25,2,4,1920,2571-1107
2571367,1107376,2023,25,2,7,1920,2571-1107
2573925,1162778,2025,32,2,4,1920,2573-1162
2573983,1162676,2024,32,4,5,1920,2573-1162
2618747,1128120,2021,32,1,1,1920,2618-1128
2706500,1230500,2024,50,1,0,1920,2706-1230
2687437,1272027,2022,32,2,7,1920,2687-1272
2640257,1266416,2025,32,2,18,1920,2640-1266
2537509.61018522,1180220.62191536,2022,56,4,0,1920,2537-1180
2489133,1112755,2023,32,3,13,1920,2489-1112
2670223,1242299,2024,32,4,13,1920,2670-1242
2517482,1154368,2021,32,1,8,1920,2517-1154
2660500,1270500,2025,32,2,1,1920,2660-1270
2618670.65278626,1128170.52219959,2021,32,1,1,1920,2618-1128
2630425,1239080,2022,32,2,4,1920,2630-1239
2569537,1203410,2023,38,4,1,1920,2569-1203
2660500,1270500,2025,38,2,1,1920,2660-1270
2655500,1272500,2025,38,2,2,1920,2655-1272
2490756,1112185,2024,38,1,13,1920,2490-1112
2617258,1170967,2023,44,3,0,1920,2617-1170
2537597,1180158,2022,44,6,0,1920,2537-1180
2579834,1212204,2023,44,2,0,1920,2579-1212
2709602,1113251,2023,44,4,0,1920,2709-1113
2709628.1002368,1113293.57333526,2023,44,4,0,1920,2709-1113
2579858,1212241,2023,50,1,0,1920,2579-1212
2660500,1270500,2021,50,1,0,1920,2660-1270
2537509,1180220,2021,50,2,0,1920,2537-1180
2537532,1180204,2021,50,2,0,1920,2537-1180
2750589,1263536,2025,20,2,0,1920,2750-1263
2537522,1180273,2022,50,,0,1920,2537-1180
2537526,1180229,2025,50,3,0,1920,2537-1180
2537608,1180178,2022,50,1,0,1920,2537-1180
2615484,1174335,2023,20,2,0,1920,2615-1174
2689221,1272078,2025,13,1,0,1920,2689-1272
2614592,1174608,2025,20,2,0,1920,2614-1174
2559964.39202934,1138353.33392529,2021,20,3,0,1920,2559-1138
2678388,1261803,2025,20,1,0,1920,2678-1261
2559932,1138344,2021,20,3,0,1920,2559-1138
2670300.06850856,1242299.56432466,2021,50,2,0,1920,2670-1242
2759999.99367169,1263000.27822094,2021,20,1,0,1920,2759-1263
2759999.99367169,1263000.27822094,2021,20,1,0,1920,2759-1263
2755448,1229439,2024,20,1,0,1920,2755-1229
2705361,1112073,2024,50,2,0,1920,2705-1112
2679187,1261959,2025,50,1,0,1920,2679-1261
2706451,1230290,2022,20,3,0,1920,2706-1230
2537578,1180146,2024,20,2,0,1920,2537-1180
2537607,1180181,2024,20,4,0,1920,2537-1180
2537556,1180205,2024,20,5,0,1920,2537-1180
2537555,1180219,2023,20,7,0,1920,2537-1180
2569500,1203500,2023,20,4,0,1920,2569-1203
2687500,1272500,2021,13,1,0,1920,2687-1272
2660500,1270500,2025,20,2,0,1920,2660-1270
2713500,1231500,2023,20,1,0,1920,2713-1231
2569399,1203273,2023,20,6,0,1920,2569-1203
2537634,1180198,2022,56,2,0,1920,2537-1180
2537385,1180150,2022,56,1,0,1920,2537-1180
2607184.51170395,1216551.78757314,2021,20,1,0,1920,2607-1216
2607184.51170396,1216551.78757314,2024,20,1,0,1920,2607-1216
2634187,1243810,2023,20,1,0,1920,2634-1243
2634145,1243857,2024,26,1,2,1920,2634-1243
2660026,1270533,2025,26,1,1,1920,2660-1270
2669930,1242590,2022,26,3,2,1920,2669-1242
2670304,1242329,2023,26,2,1,1920,2670-1242
2687224,1272104,2024,20,4,2,1920,2687-1272
2690012,1271974,2024,20,1,2,1920,2690-1271
2689530,1272037,2024,20,1,0,1920,2689-1272
2688884,1272076,2024,20,2,2,1920,2688-1272
2660500,1270500,2025,20,6,0,1920,2660-1270
2700000.59040254,1272100.79127783,2023,26,2,4,1920,2700-1272
2660103,1270448,2024,26,1,1,1920,2660-1270
2615500,1174500,2021,26,2,1,1920,2615-1174
2537841,1180476,2021,20,5,0,1920,2537-1180
2660273,1269966,2025,26,2,4,1920,2660-1269
2660377,1269909,2025,26,2,2,1920,2660-1269
2537612,1180219,2023,26,1,1,1920,2537-1180
2501537,1118270,2021,26,1,1,1920,2501-1118
2706456,1230356,2021,20,2,0,1920,2706-1230
2706434,1230201,2021,20,2,0,1920,2706-1230
2706406,1230322,2022,20,1,0,1920,2706-1230
2501852,1118446,2021,20,2,0,1920,2501-1118
2706500,1230500,2022,20,2,0,1920,2706-1230
2490481.51409212,1112705.18624407,2022,26,1,1,1920,2490-1112
2569644.55120499,1203073.27749823,2021,13,1,0,1920,2569-1203
2757645,1220512,2021,32,1,2,1920,2757-1220
2709585,1113218,2022,20,4,0,1920,2709-1113
2757941,1218482,2022,32,1,2,1920,2757-1218
2757435,1221226,2022,32,2,4,1920,2757-1221
2718161,1138472,2024,20,2,0,1920,2718-1138
2490358,1112770,2022,20,2,0,1920,2490-1112
2670300.06850856,1242299.56432465,2025,20,4,0,1920,2670-1242
2614589,1174646,2022,32,1,1,1920,2614-1174
2718161,1137847,2024,20,1,0,1920,2718-1137
2537509.61018522,1180220.62191535,2023,20,5,0,1920,2537-1180
2670300.06850856,1242299.56432465,2024,20,6,0,1920,2670-1242
2709628.1002368,1113293.57333526,2022,20,4,0,1920,2709-1113
2678379,1261906,2025,32,2,18,1920,2678-1261
2670300.06850856,1242299.56432465,2024,20,5,0,1920,2670-1242
2670300.06850856,1242299.56432466,2022,20,4,0,1920,2670-1242
2537509.61018522,1180220.62191535,2024,20,14,0,1920,2537-1180
2670300.06850856,1242299.56432465,2024,20,3,0,1920,2670-1242
2706500,1230500,2022,20,1,0,1920,2706-1230
2706500,1230500,2021,20,2,0,1920,2706-1230
2608500,1268500,2023,20,1,0,1920,2608-1268
2660500,1270500,2024,20,1,0,1920,2660-1270
2710500,1112500,2023,20,1,0,1920,2710-1112
2660500,1270500,2025,20,6,0,1920,2660-1270
2610295,1226307,2021,38,2,18,1920,2610-1226
2569017,1203255,2022,38,1,1,1920,2569-1203
2706500,1230500,2022,20,1,0,1920,2706-1230
2760043,1240665,2021,38,4,4,1920,2760-1240
2706500,1230500,2022,20,2,0,1920,2706-1230
2672500,1232500,2023,20,5,0,1920,2672-1232
2537509.61018522,1180220.62191535,2024,20,11,0,1920,2537-1180
2758258,1236906,2021,38,2,4,1920,2758-1236
2537509.61018522,1180220.62191535,2024,20,14,0,1920,2537-1180
2791480,1148552,2025,38,1,8,1920,2791-1148
2791287,1148808,2025,38,1,2,1920,2791-1148
2791717,1148231,2025,38,2,8,1920,2791-1148
2488922,1113104,2024,20,2,0,1920,2488-1113
2704255.10749324,1112543.54382637,2024,20,8,0,1920,2704-1112
2757326,1221852,2023,38,2,8,1920,2757-1221
2757503,1220958,2023,38,2,8,1920,2757-1220
2757273,1222074,2023,38,1,8,1920,2757-1222
2686946,1272133,2024,20,4,0,1920,2686-1272
2710189,1112644,2025,20,2,0,1920,2710-1112
2710200,1112635,2025,20,2,0,1920,2710-1112
2710116,1112659,2025,20,2,0,1920,2710-1112
2672548,1229999,2024,20,3,0,1920,2672-1229
2759363,1238757,2021,38,3,4,1920,2759-1238
2660003,1270231,2025,38,2,2,1920,2660-1270
2569131,1196715,2024,38,1,1,1920,2569-1196
2569189,1196704,2025,38,3,2,1920,2569-1196
2569164,1196720,2024,38,1,2,1920,2569-1196
2760503,1203366,2021,20,1,0,1920,2760-1203
2760316,1203284,2021,20,1,0,1920,2760-1203
2660018,1270540,2025,20,1,0,1920,2660-1270
2678447,1261684,2024,44,2,0,1920,2678-1261
2707515,1279018,2023,20,2,0,1920,2707-1279
2708500,1229500,2023,20,1,0,1920,2708-1229
2579862,1212307,2021,20,2,0,1920,2579-1212
2580090.6502114,1212497.13430467,2021,44,1,0,1920,2580-1212
2670433,1242313,2022,44,2,0,1920,2670-1242
2582749,1208474,2021,44,2,0,1920,2582-1208
2706785,1270704,2021,26,3,4,1920,2706-1270
2706500,1230500,2022,26,1,2,1920,2706-1230
2678451.8885035,1261824.64753559,2025,20,1,0,1920,2678-1261
2706500,1230500,2022,26,1,1,1920,2706-1230
2611500,1177500,2023,26,1,2,1920,2611-1177
2630527,1238186,2024,26,1,7,1920,2630-1238
2537595,1180171,2022,50,4,0,1920,2537-1180
2537637,1180203,2025,50,6,0,1920,2537-1180
2537537,1180204,2022,50,5,0,1920,2537-1180
2709500,1113500,2022,20,1,0,1920,2709-1113
2537558,1180240,2022,50,2,0,1920,2537-1180
2537570,1180145,2022,50,10,0,1920,2537-1180
2788500,1158500,2023,26,1,2,1920,2788-1158
2706486,1230260,2022,26,1,1,1920,2706-1230
2630632,1238250,2024,26,1,2,1920,2630-1238
2630616,1239449,2024,26,1,2,1920,2630-1239
2706472,1230318,2022,26,1,2,1920,2706-1230
2579500,1212500,2024,50,1,0,1920,2579-1212
2678453,1261728,2024,50,1,0,1920,2678-1261
2678432,1261608,2024,50,2,0,1920,2678-1261
2678453,1261679,2024,50,3,0,1920,2678-1261
2678498,1261708,2025,50,2,0,1920,2678-1261
2678479,1261729,2025,50,1,0,1920,2678-1261
2569169,1203083,2021,50,1,0,1920,2569-1203
2569385,1203300,2025,50,13,0,1920,2569-1203
2558889,1138547,2024,26,1,1,1920,2558-1138
2678515.88908633,1261671.64722243,2024,50,3,0,1920,2678-1261
2660500,1270500,2025,26,2,2,1920,2660-1270
2610305,1226307,2023,26,2,4,1920,2610-1226
2490075,1112437,2024,26,1,1,1920,2490-1112
2718165,1138130,2021,26,1,2,1920,2718-1138
2615724,1174051,2021,26,2,2,1920,2615-1174
2615399,1174046,2025,26,2,2,1920,2615-1174
2788500,1158500,2023,26,1,2,1920,2788-1158
2660500,1269500,2025,26,1,2,1920,2660-1269
2537190,1180010,2021,56,1,0,1920,2537-1180
2537632,1180351,2022,56,1,0,1920,2537-1180
2537485,1180370,2021,56,1,0,1920,2537-1180
2710183,1112644,2021,26,1,2,1920,2710-1112
2710084,1112562,2021,26,2,1,1920,2710-1112
2670300.06850856,1242299.56432466,2021,26,3,1,1920,2670-1242
2537509.61018522,1180220.62191535,2023,26,2,1,1920,2537-1180
2537509.61018522,1180220.62191535,2023,26,2,1,1920,2537-1180
2537509.61018522,1180220.62191535,2023,26,2,1,1920,2537-1180
2660500,1270500,2024,26,1,1,1920,2660-1270
2660117,1270435,2025,26,2,2,1920,2660-1270
2670300.06850856,1242299.56432465,2023,26,2,2,1920,2670-1242
2672730.08039885,1229727.51875434,2021,26,1,18,1920,2672-1229
2678743.88625199,1261738.64812515,2022,26,1,1,1920,2678-1261
2678743.88625199,1261738.64812515,2025,32,2,19,1920,2678-1261
2687113,1272514,2021,13,1,0,1920,2687-1272
2678451.8885035,1261824.64753559,2025,32,2,18,1920,2678-1261
2668779,1255856,2023,32,13,13,1920,2668-1255
2672800.075557,1232199.52841523,2021,13,1,0,1920,2672-1232
2672800.075557,1232199.52841523,2021,13,1,0,1920,2672-1232
2620500,1265500,2021,26,1,2,1920,2620-1265
2580090.6502114,1212497.13430467,2025,26,1,2,1920,2580-1212
2759999.99367169,1263000.27822094,2021,26,1,1,1920,2759-1263
2560101,1137889,2022,26,2,4,1920,2560-1137
2560107,1137845,2021,26,4,13,1920,2560-1137
2573897.86869191,1162640.09628771,2022,26,1,18,1920,2573-1162
2678743.88625199,1261738.64812515,2022,26,2,2,1920,2678-1261
2678743.88625199,1261738.64812515,2022,26,2,2,1920,2678-1261
2672730.08039885,1229727.51875434,2021,32,1,2,1920,2672-1229
2490320,1112630,2022,20,2,4,1920,2490-1112
2670200,1242327,2023,32,2,8,1920,2670-1242
2692645,1285655,2023,32,1,3,1920,2692-1285
2660500,1270500,2025,20,2,0,1920,2660-1270
2490409,1112765,2024,32,1,2,1920,2490-1112
2490365,1112776,2022,32,1,2,1920,2490-1112
2788856,1159049,2024,32,6,19,1920,2788-1159
2610396,1226379,2021,32,2,18,1920,2610-1226
2757500,1219500,2021,20,2,0,1920,2757-1219
2660500,1270500,2024,38,1,1,1920,2660-1270
2754462,1214620,2023,38,2,13,1920,2754-1214
2756073,1224561,2021,38,1,8,1920,2756-1224
2662843,1273633,2025,32,1,12,1920,2662-1273
2729651,1275586,2021,32,2,6,1920,2729-1275
2729741,1275479,2021,32,1,2,1920,2729-1275
2660046,1270561,2024,38,1,2,1920,2660-1270
2569147.44266037,1196706.26540992,2024,38,3,1,1920,2569-1196
2569147.44266037,1196706.26540992,2025,38,2,2,1920,2569-1196
2707601,1279207,2021,20,1,0,1920,2707-1279
2670364,1242172,2024,20,2,0,1920,2670-1242
2672694,1229646,2025,20,2,0,1920,2672-1229
2610662,1226680,2021,32,3,6,1920,2610-1226
2672667,1230010,2025,20,1,0,1920,2672-1230
2706500,1230500,2022,20,2,0,1920,2706-1230
2678579,1267881,2024,38,2,4,1920,2678-1267
2580090.6502114,1212497.13430467,2022,38,1,2,1920,2580-1212
2713500,1231500,2021,20,1,0,1920,2713-1231
2490752,1112187,2024,38,10,2,1920,2490-1112
2560133,1137770,2021,32,1,2,1920,2560-1137
2678743.88625199,1261738.64812515,2024,38,1,1,1920,2678-1261
2678500,1261500,2022,20,2,0,1920,2678-1261
2686919,1272149,2023,38,2,2,1920,2686-1272
2501791.68484947,1118512.81291784,2021,20,2,0,1920,2501-1118
2569147.44266037,1196706.26540992,2024,44,1,0,1920,2569-1196
2660500,1270500,2025,14,2,0,1920,2660-1270
2580090.6502114,1212497.13430467,2022,44,1,0,1920,2580-1212
2707723,1279073,2023,44,1,0,1920,2707-1279
2537509.61018522,1180220.62191536,2022,44,2,0,1920,2537-1180
2706500,1230500,2022,20,1,0,1920,2706-1230
2703052.41330683,1281686.85305131,2025,20,1,0,1920,2703-1281
2660500,1270500,2024,20,1,0,1920,2660-1270
2706500,1230500,2021,20,2,0,1920,2706-1230
2660500,1270500,2022,20,2,0,1920,2660-1270
2537446,1180154,2024,20,10,0,1920,2537-1180
2537506,1180257,2024,20,12,0,1920,2537-1180
2537506,1180178,2024,20,13,0,1920,2537-1180
2537487,1180245,2023,20,5,0,1920,2537-1180
2706775,1270756,2024,20,5,3,1920,2706-1270
2537434,1180219,2024,20,9,0,1920,2537-1180
2537583,1180165,2023,20,2,0,1920,2537-1180
2672630,1232661,2023,20,10,0,1920,2672-1232
2750445,1263644,2021,20,1,0,1920,2750-1263
2759500,1263500,2021,20,1,0,1920,2759-1263
2579500,1212500,2022,44,2,0,1920,2579-1212
2788500,1158500,2021,44,1,0,1920,2788-1158
2559964.39202934,1138353.33392529,2021,20,1,0,1920,2559-1138
2569347,1203307,2023,20,1,0,1920,2569-1203
2670350.07219683,1240899.55926051,2023,20,1,0,1920,2670-1240
2580636,1212964,2022,44,2,0,1920,2580-1212
2579858,1212276,2022,44,2,0,1920,2579-1212
2707628,1279024,2023,44,2,0,1920,2707-1279
2537509.61018522,1180220.62191535,2025,44,1,0,1920,2537-1180
2559964.39202934,1138353.33392529,2021,20,2,0,1920,2559-1138
2559996.39143369,1138313.33332478,2021,20,1,0,1920,2559-1138
2569147.44266037,1196706.26540992,2021,50,1,0,1920,2569-1196
2679198.87987549,1261961.65025197,2023,50,1,0,1920,2679-1261
2610223,1127718,2024,20,2,0,1920,2610-1127
2706500,1230500,2021,20,2,0,1920,2706-1230
2706500,1230500,2022,20,3,0,1920,2706-1230
2629285,1238189,2025,26,1,2,1920,2629-1238
2629327,1238286,2024,26,1,2,1920,2629-1238
2689500,1272500,2021,20,2,0,1920,2689-1272
2537438,1180237,2024,20,2,0,1920,2537-1180
2612362,1128940,2023,26,1,2,1920,2612-1128
2654500,1271500,2021,50,1,0,1920,2654-1271
2678743.88625199,1261738.64812515,2025,50,1,0,1920,2678-1261
2573867,1162621,2022,26,1,18,1920,2573-1162
2537509.61018522,1180220.62191536,2021,50,2,0,1920,2537-1180
2537509.61018522,1180220.62191536,2022,50,6,0,1920,2537-1180
2580090.6502114,1212497.13430467,2024,50,2,0,1920,2580-1212
2751779,1262781,2021,26,3,6,1920,2751-1262
2679220,1261810,2023,26,1,2,1920,2679-1261
2615500,1174500,2025,20,1,0,1920,2615-1174
2579500,1212500,2022,50,3,0,1920,2579-1212
2679219,1261809,2023,26,1,2,1920,2679-1261
2751823,1262811,2021,26,1,3,1920,2751-1262
2706500,1230500,2022,20,3,0,1920,2706-1230
2609766,1127415,2024,20,2,0,1920,2609-1127
2569644.55120499,1203073.27749823,2022,50,1,0,1920,2569-1203
2820400.2152294,1187699.84569918,2023,20,1,0,1920,2820-1187
2660500,1270500,2025,26,1,1,1920,2660-1270
2537509.61018522,1180220.62191536,2021,50,2,0,1920,2537-1180
2670300.06850856,1242299.56432465,2024,50,2,0,1920,2670-1242
2759999.99367169,1263000.27822094,2021,20,1,0,1920,2759-1263
2757939,1235776,2025,20,2,0,1920,2757-1235
2569500,1203500,2023,20,2,0,1920,2569-1203
2627500,1268500,2024,20,2,0,1920,2627-1268
2672730.08039885,1229727.51875434,2022,50,1,0,1920,2672-1229
2579888,1212324,2021,20,2,0,1920,2579-1212
2559500,1138500,2021,26,1,2,1920,2559-1138
2754672,1214913,2021,26,1,3,1920,2754-1214
2756078,1224584,2021,26,1,2,1920,2756-1224
2712430,1113684,2024,26,2,1,1920,2712-1113
2791384,1148748,2022,26,2,6,1920,2791-1148
2634209,1243703,2024,26,6,13,1920,2634-1243
2490481.51409212,1112705.18624407,2024,26,1,1,1920,2490-1112
2660500,1270500,2025,26,4,2,1920,2660-1270
2687500,1272500,2021,26,1,2,1920,2687-1272
2627500,1268500,2021,26,1,2,1920,2627-1268
2660500,1270500,2025,26,4,2,1920,2660-1270
2579879,1212373,2022,50,5,0,1920,2579-1212
2537509.61018522,1180220.62191535,2025,50,1,0,1920,2537-1180
2537509.61018522,1180220.62191535,2025,50,1,0,1920,2537-1180
2537509.61018522,1180220.62191536,2022,50,6,0,1920,2537-1180
2537509.61018522,1180220.62191536,2022,50,6,0,1920,2537-1180
2537509.61018522,1180220.62191536,2021,50,1,0,1920,2537-1180
2537509.61018522,1180220.62191536,2022,50,3,0,1920,2537-1180
2537509.61018522,1180220.62191535,2025,50,2,0,1920,2537-1180
2702675,1281765,2025,26,2,8,1920,2702-1281
2660054,1270510,2024,26,2,2,1920,2660-1270
2660309,1269922,2025,26,3,2,1920,2660-1269
2660310,1269848,2025,26,1,1,1920,2660-1269
2660500,1270500,2024,26,2,1,1920,2660-1270
2660500,1270500,2025,26,1,2,1920,2660-1270
2653616,1256094,2021,26,2,8,1920,2653-1256
2537449,1180225,2024,26,1,2,1920,2537-1180
2537530,1180267,2024,26,1,1,1920,2537-1180
2710180,1112591,2021,26,2,4,1920,2710-1112
2607184.51170395,1216551.78757314,2021,26,1,2,1920,2607-1216
2615502,1174284,2021,26,2,2,1920,2615-1174
2610412,1226402,2021,26,3,18,1920,2610-1226
2610442,1226424,2023,32,2,4,1920,2610-1226
2703141,1281668,2025,26,1,8,1920,2703-1281
2757755,1217594,2021,32,1,2,1920,2757-1217
2757750,1219855,2021,32,1,2,1920,2757-1219
2611748,1178076,2024,32,1,2,1920,2611-1178
2718264,1137962,2025,32,2,6,1920,2718-1137
2611542,1177835,2025,32,10,13,1920,2611-1177
2757498,1221132,2021,32,1,2,1920,2757-1221
2670174,1242535,2023,26,2,2,1920,2670-1242
2537465,1180310,2023,26,2,1,1920,2537-1180
2678320,1261735,2025,32,1,1,1920,2678-1261
2537593,1180177,2024,26,2,1,1920,2537-1180
2706500,1230500,2022,26,1,1,1920,2706-1230
2678403,1262071,2025,32,1,2,1920,2678-1262
2670300.06850856,1242299.56432466,2021,26,3,1,1920,2670-1242
2660500,1270500,2025,26,1,1,1920,2660-1270
2709945.10713891,1112043.58487291,2021,26,1,2,1920,2709-1112
2620500,1265500,2021,38,1,2,1920,2620-1265
2788812,1158769,2022,38,4,13,1920,2788-1158
2672621,1232457,2022,26,2,2,1920,2672-1232
2672604,1232435,2022,26,2,4,1920,2672-1232
2788698,1158217,2023,38,1,2,1920,2788-1158
2788858,1158538,2022,38,1,2,1920,2788-1158
2672605,1232429,2022,26,3,2,1920,2672-1232
2610500,1226500,2022,26,2,2,1920,2610-1226
2569783,1203119,2023,38,1,1,1920,2569-1203
2569689,1203092,2023,38,2,1,1920,2569-1203
2627745,1268558,2023,38,1,2,1920,2627-1268
2791394,1148617,2022,38,6,13,1920,2791-1148
2678743.88625199,1261738.64812515,2025,38,2,2,1920,2678-1261
2615442,1174332,2025,38,2,2,1920,2615-1174
2660100,1270540,2024,38,2,2,1920,2660-1270
2573983,1162676,2024,32,4,5,1920,2573-1162
2569500,1203500,2022,44,1,0,1920,2569-1203
2679198.87987549,1261961.65025197,2023,44,2,0,1920,2679-1261
2580090.6502114,1212497.13430467,2023,44,4,0,1920,2580-1212
2569147.44266037,1196706.26540992,2024,44,1,0,1920,2569-1196
2579971,1212186,2023,44,2,0,1920,2579-1212
2537631,1180237,2025,44,2,0,1920,2537-1180
2797580,1143090,2021,32,1,8,1920,2797-1143
2623607,1232079,2024,32,3,14,1920,2623-1232
2569132,1196556,2024,51,1,0,1920,2569-1196
2640269,1266420,2025,32,2,18,1920,2640-1266
2569483,1203666,2025,51,2,0,1920,2569-1203
2573897.86869191,1162640.09628771,2024,32,5,13,1920,2573-1162
2537540,1180143,2021,51,4,0,1920,2537-1180
2611957.60365889,1128557.58146105,2021,32,1,2,1920,2611-1128
2670500,1242500,2021,38,2,2,1920,2670-1242
2617258,1170963,2023,38,3,2,1920,2617-1170
2679206,1261898,2022,38,1,1,1920,2679-1261
2751774,1262758,2021,38,4,13,1920,2751-1262
2679217,1261839,2025,38,1,2,1920,2679-1261
2672770,1229526,2025,38,3,1,1920,2672-1229
2751827,1262835,2021,38,1,2,1920,2751-1262
2706500,1230500,2023,38,1,2,1920,2706-1230
2757732,1219920,2021,38,2,18,1920,2757-1219
2757224,1216826,2021,38,1,2,1920,2757-1216
2757925,1218561,2021,38,3,6,1920,2757-1218
2660500,1270500,2025,38,1,1,1920,2660-1270
2679239.88139303,1261726.64959763,2023,44,1,0,1920,2679-1261
2537591,1180234,2022,57,2,0,1920,2537-1180
2537504,1180305,2022,57,2,0,1920,2537-1180
2580090.6502114,1212497.13430467,2023,44,1,0,1920,2580-1212
2580500,1212500,2022,44,2,0,1920,2580-1212
2709595,1113356,2023,44,5,0,1920,2709-1113
2670072,1242576,2022,44,2,0,1920,2670-1242
2678743.88625199,1261738.64812515,2024,44,2,0,1920,2678-1261
2569500,1203500,2022,50,1,0,1920,2569-1203
2759907,1263339,2022,50,3,0,1920,2759-1263
2759851,1263039,2024,50,1,0,1920,2759-1263
2537535,1180197,2025,50,2,0,1920,2537-1180
2537559,1180211,2025,50,2,0,1920,2537-1180
2537557,1180211,2025,50,4,0,1920,2537-1180
2537209,1180234,2025,50,2,0,1920,2537-1180
2537454,1180088,2022,50,6,0,1920,2537-1180
2537596,1180193,2022,50,6,0,1920,2537-1180
2537499,1180353,2025,50,2,0,1920,2537-1180
2537525,1180294,2022,50,10,0,1920,2537-1180
2537478,1180280,2022,50,9,0,1920,2537-1180
2537491,1180287,2025,50,1,0,1920,2537-1180
2537541,1180174,2025,50,5,0,1920,2537-1180
2670300.06850856,1242299.56432466,2021,50,2,0,1920,2670-1242
2580090.6502114,1212497.13430467,2021,50,2,0,1920,2580-1212
2679198.87987549,1261961.65025197,2025,50,1,0,1920,2679-1261
2569547,1203436,2022,50,2,0,1920,2569-1203
2678743.88625199,1261738.64812515,2025,50,1,0,1920,2678-1261
2670300.06850856,1242299.56432465,2025,14,1,0,1920,2670-1242
2670300.06850856,1242299.56432465,2025,14,1,0,1920,2670-1242
2488950,1113119,2022,14,1,0,1920,2488-1113
2706500,1230500,2022,20,3,0,1920,2706-1230
2670311,1242324,2021,20,7,0,1920,2670-1242
2710229,1112629,2024,20,2,0,1920,2710-1112
2670210,1242320,2022,20,3,0,1920,2670-1242
2687500,1272500,2021,20,4,0,1920,2687-1272
2569500,1203500,2024,20,2,0,1920,2569-1203
2660500,1270500,2025,20,2,0,1920,2660-1270
2670392,1242421,2025,14,1,0,1920,2670-1242
2678743.88625199,1261738.64812515,2024,20,1,0,1920,2678-1261
2574071.88294442,1163497.09481235,2023,20,5,0,1920,2574-1163
2678743.88625199,1261738.64812515,2025,14,1,0,1920,2678-1261
2569500,1203500,2022,20,1,0,1920,2569-1203
2660019,1270547,2025,14,1,0,1920,2660-1270
2537509.61018522,1180220.62191535,2023,20,11,0,1920,2537-1180
2670300.06850856,1242299.56432466,2022,20,2,0,1920,2670-1242
2670300.06850856,1242299.56432465,2025,20,3,0,1920,2670-1242
2670300.06850856,1242299.56432465,2025,20,2,0,1920,2670-1242
2704500,1112500,2023,20,1,0,1920,2704-1112
2751500,1263500,2023,20,2,0,1920,2751-1263
2751500,1263500,2021,20,3,0,1920,2751-1263
2706462,1230350,2022,20,3,0,1920,2706-1230
2706480,1230341,2021,20,2,0,1920,2706-1230
2706466,1230327,2022,20,3,0,1920,2706-1230
2709500,1112500,2023,20,1,0,1920,2709-1112
2610343,1226386,2023,20,4,3,1920,2610-1226
2718216,1138521,2024,20,2,0,1920,2718-1138
2709606,1113274,2022,20,4,0,1920,2709-1113
2490481.51409212,1112705.18624407,2022,14,1,0,1920,2490-1112
2569313,1196775,2021,20,1,0,1920,2569-1196
2713834,1231131,2021,20,1,0,1920,2713-1231
2702648,1281830,2023,20,2,0,1920,2702-1281
2757500,1221500,2021,20,4,0,1920,2757-1221
2759500,1263500,2023,20,1,0,1920,2759-1263
2705354,1112030,2023,20,3,0,1920,2705-1112
2569500,1203500,2024,20,2,0,1920,2569-1203
2660500,1270500,2025,20,2,0,1920,2660-1270
2706500,1230500,2021,20,2,0,1920,2706-1230
2706500,1230500,2022,20,3,0,1920,2706-1230
2662935,1273643,2023,20,4,2,1920,2662-1273
2559098.38997532,1138480.35081722,2021,20,1,0,1920,2559-1138
2559996.39143369,1138313.33332478,2021,20,1,0,1920,2559-1138
2569500,1203500,2023,20,4,0,1920,2569-1203
2678500,1261500,2021,20,1,0,1920,2678-1261
2627500,1268500,2022,20,3,0,1920,2627-1268
2687431,1272038,2021,20,2,0,1920,2687-1272
2660134,1270401,2025,20,2,0,1920,2660-1270
2706500,1230500,2021,20,3,0,1920,2706-1230
2759999.99367169,1263000.27822094,2021,20,1,0,1920,2759-1263
2672638,1230020,2025,20,3,0,1920,2672-1230
2659061,1220187,2024,20,3,0,1920,2659-1220
2662931,1273643,2023,20,2,0,1920,2662-1273
2707554,1278984,2023,20,4,0,1920,2707-1278
2750538,1263887,2023,20,1,0,1920,2750-1263
2580090.6502114,1212497.13430467,2021,20,1,0,1920,2580-1212
2672802,1229641,2024,20,1,0,1920,2672-1229
2670300.06850856,1242299.56432466,2021,20,2,0,1920,2670-1242
2670300.06850856,1242299.56432465,2024,20,,0,1920,2670-1242
2660500,1270500,2025,20,2,0,1920,2660-1270
2670300.06850856,1242299.56432466,2022,20,1,0,1920,2670-1242
2670300.06850856,1242299.56432466,2022,20,2,0,1920,2670-1242
2580090.6502114,1212497.13430467,2022,20,1,0,1920,2580-1212
2579858,1212212,2022,20,1,0,1920,2579-1212
2820400.2152294,1187699.84569918,2023,20,1,0,1920,2820-1187
2757500,1234500,2025,20,4,6,1920,2757-1234
2709500,1113500,2022,20,10,0,1920,2709-1113
2789223,1159548,2025,20,1,0,1920,2789-1159
2610332,1226337,2022,20,2,6,1920,2610-1226
2678486,1261798,2022,20,2,0,1920,2678-1261
2660080,1270298,2023,20,1,0,1920,2660-1270
2678378,1261764,2023,20,1,0,1920,2678-1261
2660030,1270567,2025,20,2,0,1920,2660-1270
2707576,1278968,2023,20,4,6,1920,2707-1278
2537509.61018522,1180220.62191535,2024,20,9,0,1920,2537-1180
2750452,1263718,2021,20,1,0,1920,2750-1263
2537509.61018522,1180220.62191535,2024,20,6,0,1920,2537-1180
2709500,1113500,2022,20,9,0,1920,2709-1113
2750500,1263500,2023,20,1,0,1920,2750-1263
2709605,1113358,2022,20,8,0,1920,2709-1113
2709633,1113249,2022,20,5,0,1920,2709-1113
2709599,1113333,2022,20,4,0,1920,2709-1113
2709600,1113345,2022,20,4,0,1920,2709-1113
2537520,1180245,2023,20,6,0,1920,2537-1180
2537646,1180290,2024,20,14,0,1920,2537-1180
2537542,1180215,2024,20,13,0,1920,2537-1180
2703107,1281662,2025,20,2,6,1920,2703-1281
2706553,1270606,2025,20,4,6,1920,2706-1270
2694575,1281584,2023,20,5,0,1920,2694-1281
2706417,1230319,2022,20,2,0,1920,2706-1230
2660500,1270499,2025,20,1,0,1920,2660-1270
2687500,1272500,2021,20,2,0,1920,2687-1272
2615500,1174500,2021,20,1,0,1920,2615-1174
2501401.67697745,1118248.82566905,2023,20,2,0,1920,2501-1118
2660500,1270500,2022,20,2,0,1920,2660-1270
2490481.51409212,1112705.18624407,2023,26,1,2,1920,2490-1112
2607184.51170395,1216551.78757314,2022,20,1,0,1920,2607-1216
2607184.51170395,1216551.78757314,2021,20,1,0,1920,2607-1216
2820400.2152294,1187699.84569918,2022,20,1,0,1920,2820-1187
2660300.10620835,1261399.61997048,2025,20,2,0,1920,2660-1261
2569172,1203353,2024,20,2,0,1920,2569-1203
2756544,1216172,2024,20,1,0,1920,2756-1216
2678390.88728396,1262052.64810146,2025,26,1,1,1920,2678-1262
2678743.88625199,1261738.64812515,2022,26,1,2,1920,2678-1261
2627945.48909876,1237373.66892157,2022,26,1,2,1920,2627-1237
2687297,1272106,2021,20,3,0,1920,2687-1272
2574071.88294442,1163497.09481235,2024,26,1,1,1920,2574-1163
2670216,1242328,2022,26,1,2,1920,2670-1242
2670101,1242458,2022,26,2,2,1920,2670-1242
2670352,1242451,2023,26,1,2,1920,2670-1242
2615495,1174235,2025,26,1,2,1920,2615-1174
2710103,1112626,2021,26,1,2,1920,2710-1112
2670429,1242395,2025,26,1,1,1920,2670-1242
2615546,1174180,2025,26,1,2,1920,2615-1174
2615667,1174003,2025,26,2,4,1920,2615-1174
2620500,1265500,2023,20,1,0,1920,2620-1265
2501624,1118273,2023,26,1,1,1920,2501-1118
2610407,1226406,2021,26,2,18,1920,2610-1226
2660500,1270500,2025,20,2,0,1920,2660-1270
2718138,1138204,2023,26,1,2,1920,2718-1138
2718028,1138089,2022,26,1,2,1920,2718-1138
2537509.61018522,1180220.62191535,2024,26,2,1,1920,2537-1180
2756882,1216469,2025,26,4,6,1920,2756-1216
2634237,1243723,2024,26,6,13,1920,2634-1243
2537509.61018522,1180220.62191535,2024,26,2,1,1920,2537-1180
2791256,1148884,2022,26,3,18,1920,2791-1148
2634184,1243828,2022,26,1,8,1920,2634-1243
2687267,1272069,2021,26,1,2,1920,2687-1272
2678743.88625199,1261738.64812515,2025,26,1,2,1920,2678-1261
2702659.41195306,1281914.8508067,2022,26,2,2,1920,2702-1281
2705211,1111866,2022,26,2,4,1920,2705-1111
2670359,1242341,2021,26,2,1,1920,2670-1242
2660500,1270500,2024,26,1,2,1920,2660-1270
2670500,1242500,2025,26,1,1,1920,2670-1242
2537610,1180180,2024,26,2,2,1920,2537-1180
2759500,1263500,2025,26,1,2,1920,2759-1263
2660500,1270500,2024,26,1,2,1920,2660-1270
2537526,1180188,2024,26,1,1,1920,2537-1180
2537560,1180258,2024,26,1,1,1920,2537-1180
2537509.61018522,1180220.62191535,2023,26,2,1,1920,2537-1180
2615383,1174336,2021,26,2,1,1920,2615-1174
2610748,1226786,2021,26,1,2,1920,2610-1226
2670122,1242426,2021,26,1,2,1920,2670-1242
2705464,1112105,2023,26,3,4,1920,2705-1112
2705174,1112136,2023,26,1,2,1920,2705-1112
2670378,1242326,2021,26,2,2,1920,2670-1242
2670222,1242543,2022,26,1,2,1920,2670-1242
2670500,1242500,2023,26,2,4,1920,2670-1242
2670300.06850856,1242299.56432465,2025,26,1,2,1920,2670-1242
2490406,1112771,2023,26,1,2,1920,2490-1112
2670300.06850856,1242299.56432466,2022,26,1,2,1920,2670-1242
2660022,1270550,2025,26,2,3,1920,2660-1270
2580090.6502114,1212497.13430467,2024,26,2,1,1920,2580-1212
2579832,1212303,2022,26,1,2,1920,2579-1212
2668692,1255948,2022,26,2,14,1920,2668-1255
2668825,1255938,2021,26,4,12,1920,2668-1255
2706746,1270760,2023,26,1,1,1920,2706-1270
2670300.06850856,1242299.56432465,2025,14,2,0,1920,2670-1242
2678380,1261922,2025,26,1,2,1920,2678-1261
2678743.88625199,1261738.64812515,2025,32,2,4,1920,2678-1261
2490472,1112692,2021,26,2,5,1920,2490-1112
2788877,1158969,2025,32,1,1,1920,2788-1158
2788752,1158420,2022,32,3,19,1920,2788-1158
2788895,1158998,2023,32,1,2,1920,2788-1158
2615500,1174500,2023,26,2,2,1920,2615-1174
2718192,1138022,2022,32,3,6,1920,2718-1138
2721925,1118170,2023,32,2,4,1920,2721-1118
2721883,1118111,2023,32,2,4,1920,2721-1118
2670159,1242361,2023,32,3,19,1920,2670-1242
2791389,1148664,2023,32,4,18,1920,2791-1148
2560097,1137866,2021,32,1,2,1920,2560-1137
2678375,1261938,2025,32,1,12,1920,2678-1261
2610314,1127820,2022,32,2,2,1920,2610-1127
2610515,1127912,2022,32,1,8,1920,2610-1127
2660056,1270118,2025,32,1,2,1920,2660-1270
2490419,1112768,2024,32,1,1,1920,2490-1112
2490387,1112768,2021,32,1,1,1920,2490-1112
2579500,1212500,2022,38,1,2,1920,2579-1212
2517508,1154365,2023,32,1,8,1920,2517-1154
2560094,1137865,2021,32,2,18,1920,2560-1137
2630585,1238309,2025,32,2,8,1920,2630-1238
2678500,1261500,2025,32,2,19,1920,2678-1261
2660500,1270500,2025,32,2,2,1920,2660-1270
2660500,1270500,2025,32,2,2,1920,2660-1270
2672730,1229476,2025,32,1,8,1920,2672-1229
2672820,1229663,2025,32,1,2,1920,2672-1229
2618300,1128115,2025,32,1,2,1920,2618-1128
2789070,1159299,2021,38,1,18,1920,2789-1159
2569664,1203179,2023,38,2,1,1920,2569-1203
2654500,1271500,2025,14,1,0,1920,2654-1271
2757924,1218945,2025,38,2,4,1920,2757-1218
2757605,1220530,2025,38,4,13,1920,2757-1220
2760374,1202750,2024,32,1,8,1920,2760-1202
2662998,1273668,2025,32,1,12,1920,2662-1273
2660054,1270598,2025,32,2,4,1920,2660-1270
2751348,1263341,2025,38,5,1,1920,2751-1263
2569336,1196707,2024,38,2,2,1920,2569-1196
2489136,1112764,2023,38,4,13,1920,2489-1112
2759500,1263500,2023,38,1,2,1920,2759-1263
2681097,1272146,2023,32,2,6,1920,2681-1272
2537550,1180260,2022,45,1,0,1920,2537-1180
2631004,1239015,2025,32,2,8,1920,2631-1239
2537586,1180166,2025,45,4,0,1920,2537-1180
2710179,1112611,2024,20,2,0,1920,2710-1112
2710182,1112609,2024,20,2,0,1920,2710-1112
2670413,1242402,2024,20,6,0,1920,2670-1242
2660159,1257267,2024,38,3,13,1920,2660-1257
2710124,1112598,2021,20,2,0,1920,2710-1112
2672768,1229438,2025,38,3,8,1920,2672-1229
2615470,1174322,2025,38,2,13,1920,2615-1174
2660500,1270500,2025,20,2,0,1920,2660-1270
2679201,1261939,2022,38,1,13,1920,2679-1261
2627500,1268500,2021,38,1,2,1920,2627-1268
2488951,1113130,2024,20,2,0,1920,2488-1113
2672730.08039885,1229727.51875434,2022,38,1,1,1920,2672-1229
2670300.06850856,1242299.56432465,2023,38,8,13,1920,2670-1242
2678743.88625199,1261738.64812515,2023,38,1,1,1920,2678-1261
2779646,1145964,2022,38,1,2,1920,2779-1145
2779658,1145957,2022,38,1,1,1920,2779-1145
2750498,1263634,2022,38,1,1,1920,2750-1263
2569147.44266037,1196706.26540992,2024,38,1,1,1920,2569-1196
2569122,1196720,2024,45,1,0,1920,2569-1196
2670068,1242531,2023,45,1,0,1920,2670-1242
2569147.44266037,1196706.26540992,2025,38,1,2,1920,2569-1196
2678743.88625199,1261738.64812515,2023,45,1,0,1920,2678-1261
2706500,1230500,2022,44,1,0,1920,2706-1230
2569208,1196708,2024,44,2,0,1920,2569-1196
2537509.61018522,1180220.62191536,2022,44,1,0,1920,2537-1180
2537539,1180111,2022,51,2,0,1920,2537-1180
2537490,1180269,2022,51,3,0,1920,2537-1180
2758386,1237807,2023,38,2,6,1920,2758-1237
2537536,1180299,2021,51,3,0,1920,2537-1180
2537560,1180256,2021,51,10,0,1920,2537-1180
2678743.88625199,1261738.64812515,2024,44,3,0,1920,2678-1261
2634087,1243828,2023,20,3,5,1920,2634-1243
2672676,1232452,2024,20,4,0,1920,2672-1232
2672713,1232074,2025,20,2,0,1920,2672-1232
2710500,1112500,2024,20,2,0,1920,2710-1112
2579974,1212212,2021,44,1,0,1920,2579-1212
2707697.43489667,1278958.87957616,2023,44,1,0,1920,2707-1278
2706500,1230500,2022,44,1,0,1920,2706-1230
2615500,1174500,2021,20,1,0,1920,2615-1174
2537494,1180272,2024,20,5,0,1920,2537-1180
2537500,1180186,2024,20,7,0,1920,2537-1180
2757855,1218963,2024,20,1,0,1920,2757-1218
2670210,1242377,2024,20,2,0,1920,2670-1242
2678429,1261694,2023,51,1,0,1920,2678-1261
2757527,1217093,2024,20,1,0,1920,2757-1217
2537473,1180231,2024,20,5,0,1920,2537-1180
2706743,1270701,2024,20,2,2,1920,2706-1270
2537520,1180243,2024,20,3,0,1920,2537-1180
2537468,1180357,2024,20,2,0,1920,2537-1180
2537578,1180146,2024,20,2,0,1920,2537-1180
2678459,1261652,2024,51,1,0,1920,2678-1261
2537583,1180147,2024,20,5,0,1920,2537-1180
2660500,1270500,2023,44,1,0,1920,2660-1270
2579854,1212287,2024,51,1,0,1920,2579-1212
2579842,1212197,2022,51,2,0,1920,2579-1212
2670300.06850856,1242299.56432466,2022,44,2,0,1920,2670-1242
2606283,1227878,2025,44,1,11,1920,2606-1227
2660500,1270500,2025,44,1,0,1920,2660-1270
2705500,1112067,2023,20,4,0,1920,2705-1112
2705333,1112051,2023,20,1,0,1920,2705-1112
2705182,1112103,2021,20,1,0,1920,2705-1112
2705484,1112110,2021,20,1,0,1920,2705-1112
2705314,1112078,2023,20,2,0,1920,2705-1112
2709599,1113333,2022,20,4,0,1920,2709-1113
2630528,1238585,2024,20,1,0,1920,2630-1238
2617298,1170901,2024,20,4,0,1920,2617-1170
2678743.88625199,1261738.64812515,2024,44,2,0,1920,2678-1261
2678451.8885035,1261824.64753559,2024,44,2,0,1920,2678-1261
2751500,1263500,2021,20,3,0,1920,2751-1263
2706500,1230500,2022,44,1,0,1920,2706-1230
2679198.87987549,1261961.65025197,2023,44,1,0,1920,2679-1261
2569147.44266037,1196706.26540992,2024,44,2,0,1920,2569-1196
2537499,1180304,2022,57,4,0,1920,2537-1180
2537550,1180239,2022,57,4,0,1920,2537-1180
2537528,1180279,2022,57,2,0,1920,2537-1180
2706500,1230500,2022,44,1,0,1920,2706-1230
2537509.61018522,1180220.62191535,2025,50,2,0,1920,2537-1180
2537509.61018522,1180220.62191535,2025,50,3,0,1920,2537-1180
2670300.06850856,1242299.56432465,2024,50,1,0,1920,2670-1242
2537509.61018522,1180220.62191536,2022,50,7,0,1920,2537-1180
2569905,1203220,2025,50,1,0,1920,2569-1203
2706500,1230500,2021,20,2,0,1920,2706-1230
2706500,1230500,2024,50,1,0,1920,2706-1230
2678743.88625199,1261738.64812515,2025,50,2,0,1920,2678-1261
2704255.10749324,1112543.54382637,2024,20,2,0,1920,2704-1112
2672730.08039885,1229727.51875433,2024,50,1,0,1920,2672-1229
2670300.06850856,1242299.56432465,2024,50,2,0,1920,2670-1242
2706500,1230500,2024,50,1,0,1920,2706-1230
2709628.1002368,1113293.57333526,2022,20,4,0,1920,2709-1113
2678477,1261716,2024,50,1,0,1920,2678-1261
2710500,1112500,2021,20,2,0,1920,2710-1112
2706500,1230500,2022,20,3,0,1920,2706-1230
2537509.61018522,1180220.62191536,2021,50,5,0,1920,2537-1180
2537509.61018522,1180220.62191536,2021,50,2,0,1920,2537-1180
2537509.61018522,1180220.62191536,2022,50,7,0,1920,2537-1180
2569846,1203287,2025,57,1,0,1920,2569-1203
2579859,1212339,2021,50,2,0,1920,2579-1212
2660500,1270500,2025,20,2,0,1920,2660-1270
2620500,1265500,2024,20,2,0,1920,2620-1265
2537509.61018522,1180220.62191536,2021,50,,0,1920,2537-1180
2706454,1230326,2024,50,2,0,1920,2706-1230
2670315,1242252,2024,50,2,0,1920,2670-1242
2579500,1212500,2024,50,1,0,1920,2579-1212
2678451.8885035,1261824.64753559,2024,50,3,0,1920,2678-1261
2678743.88625199,1261738.64812515,2023,50,1,0,1920,2678-1261
2678743.88625199,1261738.64812515,2025,50,2,0,1920,2678-1261
2620500,1265500,2021,26,1,1,1920,2620-1265
2679211,1261829,2022,26,2,1,1920,2679-1261
2603612,1197070,2021,26,2,14,1920,2603-1197
2670433,1242157,2022,26,2,2,1920,2670-1242
2537530,1180284,2023,26,2,2,1920,2537-1180
2579767,1212129,2024,26,2,2,1920,2579-1212
2678500,1267500,2022,26,2,4,1920,2678-1267
2634205,1243820,2023,26,2,2,1920,2634-1243
2672615,1232429,2022,26,1,2,1920,2672-1232
2620500,1265500,2021,26,2,2,1920,2620-1265
2819887,1187289,2022,26,2,4,1920,2819-1187
2705437,1112254,2024,26,1,2,1920,2705-1112
2705177,1112117,2022,26,4,6,1920,2705-1112
2569500,1203500,2023,26,1,1,1920,2569-1203
2615504,1174259,2025,26,1,2,1920,2615-1174
2755199,1227227,2025,26,6,1,1920,2755-1227
2687044,1272505,2021,26,1,2,1920,2687-1272
2618670.65278626,1128170.52219958,2025,26,3,2,1920,2618-1128
2667354,1218463,2025,32,1,2,1920,2667-1218
2660500,1270500,2025,32,1,1,1920,2660-1270
2672815,1229537,2024,32,1,2,1920,2672-1229
2757693,1220047,2022,32,1,2,1920,2757-1220
2757928,1218561,2021,32,1,2,1920,2757-1218
2757726,1219916,2021,32,2,4,1920,2757-1219
2679177,1261999,2022,32,2,1,1920,2679-1261
2678743.88625199,1261738.64812515,2025,32,1,1,1920,2678-1261
2561768,1128444,2025,32,6,13,1920,2561-1128
2618083.64816464,1128164.52708708,2025,32,1,1,1920,2618-1128
2759999.99367169,1263000.27822094,2021,20,2,0,1920,2759-1263
2759999.99367169,1263000.27822094,2021,20,2,0,1920,2759-1263
2501583.17199448,1118282.88992867,2023,20,2,0,1920,2501-1118
2663050.99869024,1273558.64705231,2023,20,1,0,1920,2663-1273
2712704,1113928,2023,20,3,0,1920,2712-1113
2687415,1272074,2022,20,2,0,1920,2687-1272
2689730,1272015,2021,20,3,0,1920,2689-1272
2634141,1243764,2025,38,1,2,1920,2634-1243
2672668,1232435,2021,38,1,1,1920,2672-1232
2710183,1112577,2021,20,2,0,1920,2710-1112
2751365,1263313,2021,20,1,0,1920,2751-1263
2718286,1138533,2023,20,1,0,1920,2718-1138
2620500,1265500,2023,20,4,0,1920,2620-1265
2670300.06850856,1242299.56432466,2021,38,1,1,1920,2670-1242
2559964.39202934,1138353.33392529,2021,20,1,0,1920,2559-1138
2757684,1220042,2025,38,1,2,1920,2757-1220
2757904,1218224,2023,38,1,8,1920,2757-1218
2672500,1232500,2024,20,2,0,1920,2672-1232
2670350.07219683,1240899.55926051,2025,20,2,0,1920,2670-1240
2670350.07219683,1240899.55926051,2023,20,1,0,1920,2670-1240
2559976,1138329,2021,20,1,0,1920,2559-1138
2559998,1138310,2022,20,1,0,1920,2559-1138
2709500,1112500,2022,38,1,2,1920,2709-1112
2660297,1269894,2022,20,1,0,1920,2660-1269
2660107,1270031,2022,20,2,0,1920,2660-1270
2759435,1238783,2025,20,2,0,1920,2759-1238
2759271,1238598,2025,20,2,0,1920,2759-1238
2670212,1240848,2025,20,1,0,1920,2670-1240
2788176,1157626,2021,20,2,0,1920,2788-1157
2617295,1170872,2024,44,3,0,1920,2617-1170
2617288,1170944,2023,44,1,0,1920,2617-1170
2537442,1180251,2022,44,1,0,1920,2537-1180
2756186,1215940,2025,44,2,13,1920,2756-1215
2670317,1242352,2022,44,2,0,1920,2670-1242
2706500,1230500,2022,20,3,0,1920,2706-1230
2579826,1212237,2021,44,1,0,1920,2579-1212
2627500,1268500,2021,20,2,0,1920,2627-1268
2670300.06850856,1242299.56432466,2022,44,3,0,1920,2670-1242
2537604,1180176,2024,20,20,0,1920,2537-1180
2537559,1180233,2024,20,6,0,1920,2537-1180
2670579,1242162,2022,44,1,0,1920,2670-1242
2607184.51170395,1216551.78757314,2021,20,2,0,1920,2607-1216
2607184.51170395,1216551.78757314,2022,20,3,0,1920,2607-1216
2607184.51170395,1216551.78757314,2022,20,2,0,1920,2607-1216
2679243,1261904,2023,44,3,0,1920,2679-1261
2620500,1265500,2022,20,1,0,1920,2620-1265
2788878,1158960,2023,20,1,0,1920,2788-1158
2788731,1158341,2023,26,1,19,1920,2788-1158
2751842,1262821,2024,26,2,3,1920,2751-1262
2615478,1174294,2025,26,1,1,1920,2615-1174
2537612,1180173,2022,50,4,0,1920,2537-1180
2537601,1180165,2025,50,2,0,1920,2537-1180
2537578,1180157,2025,50,3,0,1920,2537-1180
2670395,1242320,2024,50,1,0,1920,2670-1242
2759895,1263296,2022,50,3,0,1920,2759-1263
2670300.06850856,1242299.56432465,2024,50,2,0,1920,2670-1242
2634090,1243824,2024,26,4,13,1920,2634-1243
2670439,1242388,2025,26,1,1,1920,2670-1242
2710181,1112549,2021,26,1,5,1920,2710-1112
2718142,1138693,2021,26,1,2,1920,2718-1138
2702855,1281679,2022,26,1,2,1920,2702-1281
2490997,1112536,2025,26,4,4,1920,2490-1112
2660353,1269990,2025,26,1,1,1920,2660-1269
2660348,1269922,2025,26,1,1,1920,2660-1269
2679188,1261875,2025,50,1,0,1920,2679-1261
2678743.88625199,1261738.64812515,2024,50,3,0,1920,2678-1261
2705259,1112092,2024,50,1,0,1920,2705-1112
2679198.87987549,1261961.65025197,2025,50,1,0,1920,2679-1261
2679198.87987549,1261961.65025197,2025,50,,0,1920,2679-1261
2537505,1180249,2022,56,3,0,1920,2537-1180
2537563,1180124,2022,56,1,0,1920,2537-1180
2672500,1232500,2021,20,1,0,1920,2672-1232
2615494,1174001,2021,33,1,2,1920,2615-1174
2660500,1270500,2025,20,1,0,1920,2660-1270
2706418,1230249,2021,20,2,0,1920,2706-1230
2706453,1230275,2022,20,3,0,1920,2706-1230
2706394,1230082,2022,20,3,0,1920,2706-1230
2660500,1270500,2023,33,1,2,1920,2660-1270
2660320,1269903,2023,33,1,1,1920,2660-1269
2710500,1112500,2024,20,2,0,1920,2710-1112
2706500,1230500,2021,20,2,0,1920,2706-1230
2689762,1272030,2021,20,2,0,1920,2689-1272
2660312,1269902,2023,33,1,1,1920,2660-1269
2662902,1273676,2023,20,4,0,1920,2662-1273
2670517,1240917,2023,20,1,0,1920,2670-1240
2688796,1272131,2021,20,2,0,1920,2688-1272
2791181,1148953,2022,33,1,2,1920,2791-1148
2791517,1148400,2022,33,2,4,1920,2791-1148
2791408,1148633,2023,33,1,18,1920,2791-1148
2751352,1262959,2022,33,1,3,1920,2751-1262
2706500,1230500,2022,20,3,0,1920,2706-1230
2620500,1265500,2021,20,2,0,1920,2620-1265
2662959,1273673,2023,20,4,4,1920,2662-1273
2660500,1270500,2024,33,2,1,1920,2660-1270
2709559,1113187,2022,20,7,0,1920,2709-1113
2618687,1128109,2025,20,2,0,1920,2618-1128
2678376,1261904,2025,33,1,18,1920,2678-1261
2678554,1261797,2025,33,2,1,1920,2678-1261
2709590,1113237,2022,20,9,0,1920,2709-1113
2490481.51409212,1112705.18624407,2024,20,2,0,1920,2490-1112
2660500,1270500,2025,20,2,0,1920,2660-1270
2559998,1138319,2021,20,1,0,1920,2559-1138
2670128,1242473,2023,20,1,0,1920,2670-1242
2670280,1242320,2021,20,5,0,1920,2670-1242
2670097,1242534,2021,20,3,0,1920,2670-1242
2670590,1242010,2021,20,2,0,1920,2670-1242
2670225,1242548,2023,20,1,0,1920,2670-1242
2670307,1242263,2021,20,3,0,1920,2670-1242
2569500,1203500,2023,39,1,2,1920,2569-1203
2614500,1174500,2025,20,1,0,1920,2614-1174
2610282,1226301,2021,39,1,18,1920,2610-1226
2687500,1272500,2021,20,4,0,1920,2687-1272
2755167,1227671,2021,39,2,4,1920,2755-1227
2755221,1227392,2021,39,1,2,1920,2755-1227
2706500,1230500,2021,20,2,0,1920,2706-1230
2582798,1208451,2021,39,1,1,1920,2582-1208
2688621,1272042,2025,39,2,18,1920,2688-1272
2559964.39202934,1138353.33392529,2021,20,2,0,1920,2559-1138
2559964.39202934,1138353.33392529,2021,20,2,0,1920,2559-1138
2537509.61018522,1180220.62191535,2024,20,13,0,1920,2537-1180
2707626,1278960,2021,20,1,0,1920,2707-1278
2706500,1230500,2022,39,2,2,1920,2706-1230
2710115,1112647,2023,20,2,0,1920,2710-1112
2670375,1242296,2025,20,2,0,1920,2670-1242
2759999.99367169,1263000.27822094,2021,20,1,0,1920,2759-1263
2660041,1270537,2025,20,1,0,1920,2660-1270
2569132,1196720,2024,45,1,0,1920,2569-1196
2709605,1113369,2022,20,4,0,1920,2709-1113
2490367,1112787,2024,20,2,0,1920,2490-1112
2679198.87987549,1261961.65025197,2024,45,2,0,1920,2679-1261
2660300.10620835,1261399.61997048,2025,20,5,0,1920,2660-1261
2670300.06850856,1242299.56432465,2023,20,3,0,1920,2670-1242
2578667.51943261,1203746.12803837,2022,45,1,0,1920,2578-1203
2672730.08039885,1229727.51875434,2021,20,1,0,1920,2672-1229
2672730.08039885,1229727.51875433,2025,20,1,0,1920,2672-1229
2670300.06850856,1242299.56432465,2023,20,5,0,1920,2670-1242
2705378,1112140,2021,20,1,0,1920,2705-1112
2569147.44266037,1196706.26540992,2025,20,1,0,1920,2569-1196
2569147.44266037,1196706.26540992,2021,20,1,0,1920,2569-1196
2660500,1270500,2025,20,2,0,1920,2660-1270
2537614,1180166,2025,45,2,0,1920,2537-1180
2537585,1180173,2025,45,1,0,1920,2537-1180
2501583.17199448,1118282.88992867,2024,20,2,0,1920,2501-1118
2670300.06850856,1242299.56432465,2023,20,5,0,1920,2670-1242
2670300.06850856,1242299.56432466,2021,20,5,0,1920,2670-1242
2537509.61018522,1180220.62191535,2023,20,8,0,1920,2537-1180
2537509.61018522,1180220.62191535,2023,20,10,0,1920,2537-1180
2537509.61018522,1180220.62191535,2024,20,10,0,1920,2537-1180
2670300.06850856,1242299.56432466,2021,20,4,0,1920,2670-1242
2670300.06850856,1242299.56432465,2023,20,5,0,1920,2670-1242
2820400.2152294,1187699.84569918,2023,45,1,0,1920,2820-1187
2688500,1272500,2021,20,2,0,1920,2688-1272
2620500,1265500,2021,26,1,2,1920,2620-1265
2572918,1175178,2021,26,2,18,1920,2572-1175
2710500,1112500,2024,26,1,1,1920,2710-1112
2580090.6502114,1212497.13430467,2022,51,2,0,1920,2580-1212
2706500,1230500,2024,51,1,0,1920,2706-1230
2659017,1254532,2022,26,2,4,1920,2659-1254
2678496,1261751,2024,51,3,0,1920,2678-1261
2679200,1261937,2022,26,2,2,1920,2679-1261
2537451,1180242,2022,51,2,0,1920,2537-1180
2537448,1180210,2025,51,4,0,1920,2537-1180
2537537,1180115,2022,51,2,0,1920,2537-1180
2670220,1242332,2023,26,1,2,1920,2670-1242
2670363,1242314,2022,26,1,2,1920,2670-1242
2670112,1242470,2023,26,2,2,1920,2670-1242
2670300.06850856,1242299.56432465,2025,26,2,2,1920,2670-1242
2672730.08039885,1229727.51875434,2021,26,1,2,1920,2672-1229
2670300.06850856,1242299.56432465,2025,26,2,2,1920,2670-1242
2678743.88625199,1261738.64812515,2022,26,1,1,1920,2678-1261
2705500,1280500,2025,26,1,2,1920,2705-1280
2537509.61018522,1180220.62191535,2024,26,2,1,1920,2537-1180
2537509.61018522,1180220.62191535,2024,26,2,1,1920,2537-1180
2660500,1270500,2025,26,4,2,1920,2660-1270
2559830.38176537,1137852.33685615,2022,26,1,1,1920,2559-1137
2537509.61018522,1180220.62191535,2024,26,1,1,1920,2537-1180
2580154,1208932,2022,32,1,2,1920,2580-1208
2579810,1212399,2022,26,1,2,1920,2579-1212
2628010,1237495,2022,26,2,4,1920,2628-1237
2705176,1112117,2023,26,1,2,1920,2705-1112
2610723,1226816,2022,26,2,18,1920,2610-1226
2660500,1270500,2025,32,2,2,1920,2660-1270
2610746,1226776,2021,26,1,2,1920,2610-1226
2710500,1112500,2021,26,2,4,1920,2710-1112
2718174,1138139,2023,26,1,1,1920,2718-1138
2718132,1138060,2022,26,2,14,1920,2718-1138
2718104,1137732,2022,26,1,2,1920,2718-1137
2610395,1226410,2022,26,4,6,1920,2610-1226
2718195,1137937,2022,26,1,2,1920,2718-1137
2678390,1261942,2025,32,1,12,1920,2678-1261
2572849,1175124,2021,32,6,13,1920,2572-1175
2670369,1242303,2023,32,2,2,1920,2670-1242
2670034,1242565,2023,32,2,2,1920,2670-1242
2670300.06850856,1242299.56432465,2023,26,1,2,1920,2670-1242
2537509.61018522,1180220.62191535,2024,26,1,1,1920,2537-1180
2537509.61018522,1180220.62191535,2023,26,4,1,1920,2537-1180
2537509.61018522,1180220.62191535,2023,26,3,1,1920,2537-1180
2670300.06850856,1242299.56432466,2021,26,2,1,1920,2670-1242
2672730.08039885,1229727.51875434,2021,32,1,2,1920,2672-1229
2729744,1275447,2021,32,1,2,1920,2729-1275
2662999,1273665,2025,32,2,4,1920,2662-1273
2672800.075557,1232199.52841523,2021,14,2,0,1920,2672-1232
2678451.8885035,1261824.64753559,2025,32,1,2,1920,2678-1261
2668790,1255883,2024,38,2,13,1920,2668-1255
2706749,1270697,2022,38,2,2,1920,2706-1270
2688884,1272076,2023,38,3,13,1920,2688-1272
2569147.44266037,1196706.26540992,2025,38,2,1,1920,2569-1196
2713500,1231500,2024,38,1,1,1920,2713-1231
2706473,1230300,2024,38,2,2,1920,2706-1230
2750463,1263681,2022,38,1,1,1920,2750-1263
2672730.08039885,1229727.51875433,2024,38,1,2,1920,2672-1229
2723245,1256886,2025,32,2,2,1920,2723-1256
2723408,1256814,2024,32,2,4,1920,2723-1256
2655500,1272500,2025,38,1,2,1920,2655-1272
2699507,1272171,2021,32,2,1,1920,2699-1272
2672674,1232014,2021,14,2,0,1920,2672-1232
2706500,1230500,2024,38,3,2,1920,2706-1230
2672737,1232031,2021,14,2,0,1920,2672-1232
2537573,1180267,2025,44,2,0,1920,2537-1180
2659041,1220296,2025,32,4,13,1920,2659-1220
2709628.1002368,1113293.57333526,2023,44,5,0,1920,2709-1113
2580090.6502114,1212497.13430467,2025,32,1,2,1920,2580-1212
2706500,1230500,2022,44,1,0,1920,2706-1230
2788871,1159107,2022,32,2,19,1920,2788-1159
2718200,1138171,2025,32,2,6,1920,2718-1138
2718202,1138470,2024,32,1,1,1920,2718-1138
2718201,1137958,2023,32,1,14,1920,2718-1137
2610370,1226414,2024,32,2,4,1920,2610-1226
2718172,1138070,2023,38,1,1,1920,2718-1138
2718183,1138214,2022,38,1,2,1920,2718-1138
2670300.06850856,1242299.56432465,2023,38,1,2,1920,2670-1242
2617206,1170953,2024,20,3,0,1920,2617-1170
2670300.06850856,1242299.56432466,2022,44,1,0,1920,2670-1242
2537509.61018522,1180220.62191535,2025,44,1,0,1920,2537-1180
2750500,1263500,2025,20,2,0,1920,2750-1263
2579823,1212197,2022,44,2,0,1920,2579-1212
2579888,1212194,2022,44,4,0,1920,2579-1212
2537509.61018522,1180220.62191535,2025,44,2,0,1920,2537-1180
2580090.6502114,1212497.13430467,2022,44,4,0,1920,2580-1212
2670333,1242334,2022,20,1,0,1920,2670-1242
2670655,1242069,2021,20,2,0,1920,2670-1242
2759828,1263329,2021,20,1,0,1920,2759-1263
2706500,1230500,2022,44,1,0,1920,2706-1230
2706500,1230500,2022,44,1,0,1920,2706-1230
2618409,1128013,2025,20,1,0,1920,2618-1128
2659081,1220181,2024,38,4,13,1920,2659-1220
2670260.07317489,1240804.5588421,2023,20,1,0,1920,2670-1240
2699836,1272169,2023,20,1,0,1920,2699-1272
2706500,1230500,2024,51,1,0,1920,2706-1230
2672800.075557,1232199.52841523,2021,20,1,0,1920,2672-1232
2670224,1242545,2023,44,2,0,1920,2670-1242
2710500,1112500,2024,20,3,0,1920,2710-1112
2537651,1180212,2025,51,3,0,1920,2537-1180
2579873,1212111,2022,51,1,0,1920,2579-1212
2537509.61018522,1180220.62191535,2025,51,1,0,1920,2537-1180
2579744,1212176,2022,51,1,0,1920,2579-1212
2537509.61018522,1180220.62191535,2025,51,2,0,1920,2537-1180
2537509.61018522,1180220.62191535,2025,51,1,0,1920,2537-1180
2537509.61018522,1180220.62191536,2021,51,,0,1920,2537-1180
2537509.61018522,1180220.62191536,2022,44,2,0,1920,2537-1180
2678743.88625199,1261738.64812515,2023,44,2,0,1920,2678-1261
2660500,1270500,2024,20,1,0,1920,2660-1270
2706455,1230285,2024,51,1,0,1920,2706-1230
2670300.06850856,1242299.56432465,2024,51,1,0,1920,2670-1242
2660500,1270500,2024,20,1,0,1920,2660-1270
2706500,1230500,2022,44,1,0,1920,2706-1230
2678500,1261500,2025,51,1,0,1920,2678-1261
2672599,1232393,2024,20,3,0,1920,2672-1232
2672410,1232436,2024,20,3,0,1920,2672-1232
2558500,1138500,2024,20,2,0,1920,2558-1138
2706500,1230500,2022,20,2,0,1920,2706-1230
2537539,1180191,2023,20,9,0,1920,2537-1180
2537602,1180172,2024,20,5,0,1920,2537-1180
2537470,1180168,2024,20,3,0,1920,2537-1180
2537490,1180217,2024,20,5,0,1920,2537-1180
2670399,1242345,2021,20,3,0,1920,2670-1242
2537585,1180207,2023,20,9,0,1920,2537-1180
2670472,1242085,2025,20,1,0,1920,2670-1242
2789322,1159632,2021,44,4,0,1920,2789-1159
2670184,1242341,2024,20,1,0,1920,2670-1242
2580090.6502114,1212497.13430467,2021,51,1,0,1920,2580-1212
2704255.10749324,1112543.54382637,2025,20,1,0,1920,2704-1112
2537509.61018522,1180220.62191536,2022,51,5,0,1920,2537-1180
2537509.61018522,1180220.62191536,2021,51,10,0,1920,2537-1180
2537509.61018522,1180220.62191536,2021,51,2,0,1920,2537-1180
2537509.61018522,1180220.62191535,2025,51,3,0,1920,2537-1180
2678451.8885035,1261824.64753559,2024,51,2,0,1920,2678-1261
2678515.88908633,1261671.64722243,2024,51,2,0,1920,2678-1261
2751927,1262730,2021,20,2,0,1920,2751-1262
2751936,1262747,2021,20,2,0,1920,2751-1262
2687500,1272500,2021,14,1,0,1920,2687-1272
2660347,1269914,2022,14,1,0,1920,2660-1269
2679221,1261889,2022,26,2,4,1920,2679-1261
2537471,1180212,2023,14,1,0,1920,2537-1180
2660500,1270500,2025,26,4,1,1920,2660-1270
2608500,1268500,2023,26,1,1,1920,2608-1268
2706500,1230500,2021,14,2,0,1920,2706-1230
2687133,1272746,2021,26,1,2,1920,2687-1272
2573961,1162853,2025,26,1,2,1920,2573-1162
2573917,1162611,2022,26,1,18,1920,2573-1162
2490809,1112647,2022,26,1,8,1920,2490-1112
2694568,1281590,2023,21,2,0,1920,2694-1281
2755248,1228712,2022,26,2,2,1920,2755-1228
2759999.99367169,1263000.27822094,2021,21,2,0,1920,2759-1263
2759999.99367169,1263000.27822094,2021,21,2,0,1920,2759-1263
2689289,1272018,2022,21,2,0,1920,2689-1272
2634260,1243826,2023,21,2,0,1920,2634-1243
2670300.06850856,1242299.56432466,2021,26,2,2,1920,2670-1242
2537509.61018522,1180220.62191536,2022,57,2,0,1920,2537-1180
2537509.61018522,1180220.62191536,2022,57,2,0,1920,2537-1180
2750490,1263621,2022,21,2,0,1920,2750-1263
2670019,1242570,2021,21,2,0,1920,2670-1242
2614500,1174500,2023,21,1,0,1920,2614-1174
2660500,1270500,2025,26,4,1,1920,2660-1270
2679198.87987549,1261961.65025197,2022,26,2,4,1920,2679-1261
2672800.075557,1232199.52841523,2021,26,1,2,1920,2672-1232
2537553,1180240,2023,21,5,0,1920,2537-1180
2569500,1203500,2022,21,2,0,1920,2569-1203
2679198.87987549,1261961.65025197,2022,26,2,2,1920,2679-1261
2757500,1234500,2025,26,10,6,1920,2757-1234
2669957,1242550,2023,26,2,14,1920,2669-1242
2670365,1242357,2021,26,2,2,1920,2670-1242
2537559,1180134,2024,26,1,1,1920,2537-1180
2670266,1242280,2022,26,2,1,1920,2670-1242
2706737,1270626,2021,26,1,2,1920,2706-1270
2755000,1215125,2024,26,1,2,1920,2755-1215
2670108,1242472,2022,26,1,1,1920,2670-1242
2690171,1275019,2022,26,4,4,1920,2690-1275
2659931,1261648,2025,21,2,6,1920,2659-1261
2634181,1243714,2023,26,1,2,1920,2634-1243
2660157,1270285,2025,21,3,0,1920,2660-1270
2579500,1212500,2024,26,2,6,1920,2579-1212
2578667.51943261,1203746.12803837,2023,21,1,0,1920,2578-1203
2663050.99868322,1273559.6470541,2021,21,1,0,1920,2663-1273
2610229,1127836,2023,21,2,0,1920,2610-1127
2709500,1112500,2021,21,4,0,1920,2709-1112
2687500,1272500,2021,21,1,0,1920,2687-1272
2607184.51170395,1216551.78757314,2021,21,2,0,1920,2607-1216
2607184.51170395,1216551.78757314,2021,21,3,0,1920,2607-1216
2573974,1162715,2024,32,1,2,1920,2573-1162
2559945,1138342,2021,21,1,0,1920,2559-1138
2751821,1262840,2024,32,1,3,1920,2751-1262
2679196,1261957,2021,32,2,10,1920,2679-1261
2660500,1270500,2024,27,1,2,1920,2660-1270
2709500,1112500,2021,27,1,2,1920,2709-1112
2757820,1218014,2021,32,3,10,1920,2757-1218
2757925,1218541,2021,32,2,6,1920,2757-1218
2611641,1177806,2025,27,1,2,1920,2611-1177
2611012,1177480,2024,27,2,4,1920,2611-1177
2611568,1177503,2025,27,1,2,1920,2611-1177
2490763,1111408,2023,27,1,1,1920,2490-1111
2660500,1270500,2024,32,1,1,1920,2660-1270
2634108,1243785,2023,32,2,2,1920,2634-1243
2700000.59040254,1272100.79127783,2024,27,4,2,1920,2700-1272
2615469,1174334,2023,27,2,2,1920,2615-1174
2660500,1270500,2024,27,1,2,1920,2660-1270
2828454,1194446,2025,38,1,18,1920,2828-1194
2751774,1262732,2021,27,1,3,1920,2751-1262
2751825,1262813,2021,27,2,6,1920,2751-1262
2660192,1270327,2025,27,1,1,1920,2660-1270
2660263,1269962,2024,27,1,1,1920,2660-1269
2660672,1269723,2025,27,1,2,1920,2660-1269
2686974,1272111,2024,27,1,2,1920,2686-1272
2702801,1281727,2025,27,1,1,1920,2702-1281
2760535,1203785,2025,27,1,2,1920,2760-1203
2620500,1265500,2021,27,1,2,1920,2620-1265
2779671,1146008,2024,38,2,2,1920,2779-1146
2688831,1272063,2023,38,3,13,1920,2688-1272
2660500,1270500,2023,33,1,1,1920,2660-1270
2788720,1158572,2023,33,1,7,1920,2788-1158
2610401,1226387,2021,33,3,8,1920,2610-1226
2788790,1158739,2024,33,3,13,1920,2788-1158
2560083,1137902,2021,33,2,4,1920,2560-1137
2751500,1263500,2021,14,2,0,1920,2751-1263
2750500,1263500,2023,14,2,0,1920,2750-1263
2820400.2152294,1187699.84569918,2021,33,4,2,1920,2820-1187
2679198.87987549,1261961.65025197,2023,44,3,0,1920,2679-1261
2490481.51409212,1112705.18624407,2022,33,1,1,1920,2490-1112
2709628.1002368,1113293.57333526,2023,44,5,0,1920,2709-1113
2537355,1180256,2022,44,2,0,1920,2537-1180
2672730.08039885,1229727.51875434,2021,14,1,0,1920,2672-1229
2610285,1226314,2021,39,5,13,1920,2610-1226
2490231,1111319,2024,39,1,2,1920,2490-1111
2679190,1261987,2025,51,1,0,1920,2679-1261
2537494,1180103,2022,51,3,0,1920,2537-1180
2537580,1180148,2022,51,5,0,1920,2537-1180
2537516,1180175,2025,51,2,0,1920,2537-1180
2751500,1263500,2021,14,1,0,1920,2751-1263
2579880,1212102,2022,51,4,0,1920,2579-1212
2537575,1180152,2022,45,1,0,1920,2537-1180
2537542,1180109,2025,45,3,0,1920,2537-1180
2580500,1212500,2022,51,1,0,1920,2580-1212
2668500,1256500,2023,20,2,0,1920,2668-1256
2579500,1212500,2024,51,1,0,1920,2579-1212
2759500,1263500,2021,20,2,4,1920,2759-1263
2670300.06850856,1242299.56432465,2025,14,2,0,1920,2670-1242
2559964.39202934,1138353.33392529,2021,20,1,0,1920,2559-1138
2559830.38176537,1137852.33685615,2021,20,2,0,1920,2559-1137
2559964.39202934,1138353.33392529,2021,20,2,0,1920,2559-1138
2705569,1111996,2021,20,1,0,1920,2705-1111
2617235.02392802,1170951.55638387,2023,45,1,0,1920,2617-1170
2579500,1212500,2022,51,1,0,1920,2579-1212
2788500,1157500,2021,20,2,0,1920,2788-1157
2537565,1180298,2022,51,,0,1920,2537-1180
2537543,1180216,2022,51,10,0,1920,2537-1180
2537524,1180302,2021,51,1,0,1920,2537-1180
2537602,1180169,2025,51,2,0,1920,2537-1180
2670300.06850856,1242299.56432466,2022,20,2,0,1920,2670-1242
2537488,1180233,2022,51,6,0,1920,2537-1180
2537520,1180216,2025,51,4,0,1920,2537-1180
2670300.06850856,1242299.56432465,2023,20,1,0,1920,2670-1242
2663050.99869024,1273558.64705231,2023,20,4,0,1920,2663-1273
2709628.1002368,1113293.57333526,2022,20,6,0,1920,2709-1113
2537482,1180213,2022,57,2,0,1920,2537-1180
2579865,1212167,2022,20,1,0,1920,2579-1212
2670300,1242299,2025,20,1,0,1920,2670-1242
2670150,1242386,2021,20,1,0,1920,2670-1242
2672684,1229955,2021,20,2,0,1920,2672-1229
2490436,1112786,2023,20,1,0,1920,2490-1112
2490364,1112773,2022,20,2,0,1920,2490-1112
2579864,1212444,2022,51,2,0,1920,2579-1212
2660358,1269892,2022,20,2,0,1920,2660-1269
2569167,1203215,2023,20,1,0,1920,2569-1203
2706500,1230500,2022,20,2,0,1920,2706-1230
2687500,1272500,2021,20,5,0,1920,2687-1272
2615426,1174293,2024,20,2,0,1920,2615-1174
2668500,1256500,2023,20,2,0,1920,2668-1256
2706759,1270654,2022,20,2,0,1920,2706-1270
2707577,1278964,2023,20,1,0,1920,2707-1278
2579849,1212346,2021,20,2,0,1920,2579-1212
2607193,1216471,2023,20,1,0,1920,2607-1216
2750344,1263842,2021,20,1,0,1920,2750-1263
2709605,1113339,2022,20,5,0,1920,2709-1113
2788904,1159036,2025,20,2,6,1920,2788-1159
2718218,1138235,2023,20,2,0,1920,2718-1138
2718162,1138227,2025,20,2,0,1920,2718-1138
2490804,1111455,2022,20,2,0,1920,2490-1111
2709600,1113343,2022,20,3,0,1920,2709-1113
2634122,1243932,2023,20,2,0,1920,2634-1243
2490455,1112628,2022,20,3,0,1920,2490-1112
2718143,1138215,2023,20,2,0,1920,2718-1138
2670300.06850856,1242299.56432466,2021,20,3,0,1920,2670-1242
2709608,1113189,2022,20,7,0,1920,2709-1113
2706473,1230337,2022,20,2,0,1920,2706-1230
2699764,1272129,2023,20,2,0,1920,2699-1272
2670300.06850856,1242299.56432466,2021,20,3,0,1920,2670-1242
2706453,1230279,2022,20,1,0,1920,2706-1230
2706499,1230499,2022,20,1,0,1920,2706-1230
2608500,1268500,2023,20,2,0,1920,2608-1268
2559500,1138500,2023,20,1,0,1920,2559-1138
2490374,1112779,2022,26,1,2,1920,2490-1112
2569147.44266037,1196706.26540992,2025,26,1,1,1920,2569-1196
2672500,1232500,2022,26,1,2,1920,2672-1232
2706500,1230500,2022,26,1,1,1920,2706-1230
2710153,1112638,2024,26,1,2,1920,2710-1112
2672785,1229757,2025,26,1,2,1920,2672-1229
2709500,1113500,2022,20,2,0,1920,2709-1113
2579500,1212500,2021,20,2,0,1920,2579-1212
2709500,1113500,2022,20,4,0,1920,2709-1113
2670300.06850856,1242299.56432466,2022,26,,1,1920,2670-1242
2672730.08039885,1229727.51875434,2022,26,1,2,1920,2672-1229
2670300.06850856,1242299.56432465,2024,26,2,2,1920,2670-1242
2670300.06850856,1242299.56432465,2024,26,1,2,1920,2670-1242
2672730.08039885,1229727.51875434,2021,26,1,2,1920,2672-1229
2559500,1138500,2024,20,3,0,1920,2559-1138
2757500,1234500,2024,20,8,0,1920,2757-1234
2559984,1138262,2021,20,1,0,1920,2559-1138
2560089,1137915,2023,20,1,5,1920,2560-1137
2490412,1112764,2021,26,2,4,1920,2490-1112
2490868,1112264,2025,26,2,2,1920,2490-1112
2610673,1226705,2022,20,2,4,1920,2610-1226
2706849,1270675,2021,26,1,2,1920,2706-1270
2705151,1112052,2023,20,1,0,1920,2705-1112
2615456,1174314,2024,20,2,0,1920,2615-1174
2615721,1174016,2024,20,1,0,1920,2615-1174
2699453,1272154,2023,20,3,6,1920,2699-1272
2670197,1242321,2021,20,1,0,1920,2670-1242
2706500,1230500,2022,26,1,1,1920,2706-1230
2630814,1238254,2024,26,1,2,1920,2630-1238
2706500,1230500,2022,26,1,2,1920,2706-1230
2537509.61018522,1180220.62191535,2024,26,1,2,1920,2537-1180
2537509.61018522,1180220.62191535,2024,26,1,1,1920,2537-1180
2670300.06850856,1242299.56432465,2025,26,1,3,1920,2670-1242
2537509.61018522,1180220.62191535,2024,26,2,1,1920,2537-1180
2670300.06850856,1242299.56432465,2025,26,1,3,1920,2670-1242
2670300.06850856,1242299.56432466,2021,26,2,2,1920,2670-1242
2706500,1230500,2022,26,1,2,1920,2706-1230
2490447,1111351,2024,26,2,2,1920,2490-1111
2680500,1272500,2022,26,1,1,1920,2680-1272
2490513,1112275,2025,26,1,1,1920,2490-1112
2660367,1269947,2024,26,2,2,1920,2660-1269
2678743.88625199,1261738.64812515,2025,32,1,18,1920,2678-1261
2630967,1238502,2024,26,2,14,1920,2630-1238
2660248,1269886,2025,26,1,1,1920,2660-1269
2490481.51409212,1112705.18624407,2021,26,2,4,1920,2490-1112
2670151,1242503,2023,32,1,2,1920,2670-1242
2501401.67697745,1118248.82566905,2023,26,1,2,1920,2501-1118
2501583.17199448,1118282.88992867,2023,26,1,1,1920,2501-1118
2631032,1238584,2024,32,1,2,1920,2631-1238
2631071,1238405,2024,32,2,2,1920,2631-1238
2760500,1203500,2022,26,1,2,1920,2760-1203
2791376,1148686,2024,32,2,18,1920,2791-1148
2672730.08039885,1229727.51875434,2022,38,1,1,1920,2672-1229
2672730.08039885,1229727.51875433,2025,38,1,8,1920,2672-1229
2628258,1237555,2021,26,3,8,1920,2628-1237
2709500,1112500,2022,38,5,2,1920,2709-1112
2490481.51409212,1112705.18624407,2024,26,1,1,1920,2490-1112
2678390.88728396,1262052.64810146,2025,32,2,12,1920,2678-1262
2573897.86869191,1162640.09628771,2024,32,4,4,1920,2573-1162
2788897,1159213,2025,32,2,6,1920,2788-1159
2501583.17199448,1118282.88992868,2022,32,1,1,1920,2501-1118
2723192,1256824,2025,32,1,2,1920,2723-1256
2670376,1242328,2022,32,1,3,1920,2670-1242
2615500,1174500,2025,38,2,2,1920,2615-1174
2615527,1174313,2021,32,1,2,1920,2615-1174
2569692,1203105,2022,38,2,1,1920,2569-1203
2706500,1230500,2021,15,1,0,1920,2706-1230
2709500,1113500,2022,15,1,0,1920,2709-1113
2750464,1263711,2023,14,2,0,1920,2750-1263
2668604,1256485,2023,38,2,2,1920,2668-1256
2634203,1243703,2025,14,1,0,1920,2634-1243
2672651,1232013,2021,14,1,0,1920,2672-1232
2660500,1270500,2025,38,2,2,1920,2660-1270
2670300.06850856,1242299.56432465,2023,45,1,0,1920,2670-1242
2667388,1218351,2025,32,7,13,1920,2667-1218
2580500,1212500,2022,45,1,0,1920,2580-1212
2759837,1263037,2021,14,1,0,1920,2759-1263
2678743.88625199,1261738.64812515,2025,14,1,0,1920,2678-1261
2679198.87987549,1261961.65025197,2023,45,1,0,1920,2679-1261
2687034,1272518,2023,14,1,0,1920,2687-1272
2537467,1180265,2023,15,2,0,1920,2537-1180
2537505,1180222,2023,15,2,0,1920,2537-1180
2537481,1180264,2023,15,2,0,1920,2537-1180
2537617,1180185,2024,15,2,0,1920,2537-1180
2678451.8885035,1261824.64753559,2022,20,1,0,1920,2678-1261
2678743.88625199,1261738.64812515,2022,20,3,0,1920,2678-1261
2709503,1113146,2023,45,3,0,1920,2709-1113
2670300.06850856,1242299.56432465,2025,20,3,0,1920,2670-1242
2678743.88625199,1261738.64812515,2025,38,7,1,1920,2678-1261
2706500,1230500,2022,45,1,0,1920,2706-1230
2579500,1212500,2023,45,1,0,1920,2579-1212
2680500,1271500,2023,38,5,1,1920,2680-1271
2490835,1112620,2022,20,3,0,1920,2490-1112
2579869,1212312,2021,51,1,0,1920,2579-1212
2537509.61018522,1180220.62191536,2022,51,2,0,1920,2537-1180
2580090.6502114,1212497.13430467,2022,51,,0,1920,2580-1212
2537509.61018522,1180220.62191536,2021,51,5,0,1920,2537-1180
2788623,1158122,2022,21,1,7,1920,2788-1158
2615500,1174500,2025,38,2,2,1920,2615-1174
2788138,1157593,2023,21,1,0,1920,2788-1157
2620500,1265500,2022,21,2,0,1920,2620-1265
2712752,1113867,2023,21,3,0,1920,2712-1113
2712758,1113906,2023,21,3,0,1920,2712-1113
2569377,1203303,2025,21,1,0,1920,2569-1203
2705173,1112000,2025,21,2,0,1920,2705-1112
2759999.99367169,1263000.27822094,2021,21,1,0,1920,2759-1263
2634194,1243767,2023,20,2,5,1920,2634-1243
2634153,1243812,2025,20,2,0,1920,2634-1243
2634187,1243847,2023,21,3,0,1920,2634-1243
2687357,1272088,2025,21,1,0,1920,2687-1272
2501782,1118449,2023,51,1,0,1920,2501-1118
2687428,1272032,2025,21,1,0,1920,2687-1272
2634290,1243653,2024,21,1,0,1920,2634-1243
2672782,1232060,2025,20,1,0,1920,2672-1232
2672625,1232379,2023,20,1,0,1920,2672-1232
2710190,1112544,2021,21,2,0,1920,2710-1112
2670379,1242427,2023,21,1,0,1920,2670-1242
2611815,1178103,2024,21,1,0,1920,2611-1178
2702819,1281711,2023,21,1,0,1920,2702-1281
2705314,1112058,2023,20,2,0,1920,2705-1112
2705434,1112026,2023,20,2,0,1920,2705-1112
2706851,1270742,2024,20,2,0,1920,2706-1270
2614500,1174500,2021,45,1,0,1920,2614-1174
2615500,1174500,2021,21,2,0,1920,2615-1174
2537294,1180289,2023,20,8,0,1920,2537-1180
2704500,1112500,2023,21,1,0,1920,2704-1112
2579500,1212500,2021,51,1,0,1920,2579-1212
2678743.88625199,1261738.64812515,2023,45,1,0,1920,2678-1261
2679198.87987549,1261961.65025197,2022,20,2,6,1920,2679-1261
2788877,1159099,2021,45,2,0,1920,2788-1159
2569644.55120499,1203073.27749823,2021,51,2,0,1920,2569-1203
2660450,1269962,2025,21,1,0,1920,2660-1269
2537509.61018522,1180220.62191535,2025,45,2,0,1920,2537-1180
2537509.61018522,1180220.62191536,2022,45,2,0,1920,2537-1180
2670300.06850856,1242299.56432465,2023,45,1,0,1920,2670-1242
2606303,1227881,2025,45,2,13,1920,2606-1227
2618690,1128070,2025,20,2,0,1920,2618-1128
2559997,1138297,2022,21,2,4,1920,2559-1138
2660022,1270537,2025,21,2,0,1920,2660-1270
2678365,1261752,2024,21,1,0,1920,2678-1261
2660045,1270536,2025,21,2,4,1920,2660-1270
2660045,1270536,2025,21,2,4,1920,2660-1270
2660500,1270500,2022,20,2,0,1920,2660-1270
2758500,1236500,2021,20,1,0,1920,2758-1236
2687500,1272500,2021,20,1,0,1920,2687-1272
2654500,1271500,2021,20,3,0,1920,2654-1271
2694568,1281590,2023,21,2,0,1920,2694-1281
2660500,1270500,2022,20,1,0,1920,2660-1270
2660500,1269500,2022,21,1,0,1920,2660-1269
2678743.88625199,1261738.64812515,2023,51,1,0,1920,2678-1261
2618670.65278626,1128170.52219958,2025,20,1,0,1920,2618-1128
2703052.41330683,1281686.85305131,2025,20,3,0,1920,2703-1281
2618670.65278626,1128170.52219958,2025,20,2,0,1920,2618-1128
2710159,1112558,2021,20,2,0,1920,2710-1112
2670442,1242112,2021,20,3,0,1920,2670-1242
2672598,1229965,2024,20,1,0,1920,2672-1229
2706430,1230254,2024,51,1,0,1920,2706-1230
2569231,1196662,2025,51,1,0,1920,2569-1196
2670042,1242499,2025,20,2,0,1920,2670-1242
2569500,1203500,2022,21,2,0,1920,2569-1203
2672681,1229909,2021,26,1,18,1920,2672-1229
2670226,1242344,2021,26,1,1,1920,2670-1242
2709500,1112500,2021,21,2,0,1920,2709-1112
2569440,1203656,2025,51,2,0,1920,2569-1203
2579846,1212270,2022,51,2,0,1920,2579-1212
2756500,1216500,2021,26,1,1,1920,2756-1216
2629322,1238354,2024,26,1,2,1920,2629-1238
2607184.51170396,1216551.78757314,2023,21,2,0,1920,2607-1216
2579845,1212287,2021,51,1,0,1920,2579-1212
2706500,1230500,2024,51,2,0,1920,2706-1230
2629387,1238282,2024,26,1,1,1920,2629-1238
2537559,1180208,2023,21,10,0,1920,2537-1180
2660500,1270500,2025,51,1,0,1920,2660-1270
2759500,1263500,2025,26,1,2,1920,2759-1263
2537509.61018522,1180220.62191536,2022,51,4,0,1920,2537-1180
2537509.61018522,1180220.62191535,2025,51,1,0,1920,2537-1180
2537509.61018522,1180220.62191536,2021,51,10,0,1920,2537-1180
2537509.61018522,1180220.62191536,2021,51,10,0,1920,2537-1180
2537509.61018522,1180220.62191536,2022,51,4,0,1920,2537-1180
2537509.61018522,1180220.62191536,2021,51,10,0,1920,2537-1180
2537509.61018522,1180220.62191536,2022,51,2,0,1920,2537-1180
2537509.61018522,1180220.62191536,2021,51,3,0,1920,2537-1180
2537509.61018522,1180220.62191536,2021,51,4,0,1920,2537-1180
2710500,1112500,2025,27,2,11,1920,2710-1112
2788731,1158447,2022,27,1,19,1920,2788-1158
2788721,1158429,2023,27,1,18,1920,2788-1158
2603669,1197062,2021,27,1,1,1920,2603-1197
2501583.17199448,1118282.88992867,2023,27,1,1,1920,2501-1118
2490481.51409212,1112705.18624407,2024,27,2,1,1920,2490-1112
2660500,1270500,2025,26,4,4,1920,2660-1270
2579500,1212500,2022,26,1,2,1920,2579-1212
2712376,1113616,2023,27,1,2,1920,2712-1113
2670206,1242333,2023,26,1,2,1920,2670-1242
2757034,1217893,2025,26,3,1,1920,2757-1217
2755006,1215156,2024,26,2,2,1920,2755-1215
2757675,1234963,2023,27,2,6,1920,2757-1234
2757187,1222435,2025,27,1,2,1920,2757-1222
2537606,1180343,2024,26,1,1,1920,2537-1180
2537507,1180207,2024,26,1,1,1920,2537-1180
2580554,1212436,2022,27,1,2,1920,2580-1212
2819964,1187609,2021,26,1,2,1920,2819-1187
2660500,1270500,2025,27,2,1,1920,2660-1270
2537447,1180292,2023,27,1,1,1920,2537-1180
2537536,1180228,2023,27,2,1,1920,2537-1180
2710070,1112665,2022,26,1,18,1920,2710-1112
2573978,1162698,2021,26,1,2,1920,2573-1162
2709922,1112642,2021,26,2,4,1920,2709-1112
2501576,1118274,2023,27,1,1,1920,2501-1118
2501564,1118271,2023,27,1,1,1920,2501-1118
2537509.61018522,1180220.62191536,2022,57,2,0,1920,2537-1180
2755401,1229509,2025,26,2,4,1920,2755-1229
2755120,1227450,2025,26,1,2,1920,2755-1227
2702702,1281782,2025,27,1,2,1920,2702-1281
2501598,1118267,2023,27,1,1,1920,2501-1118
2820400.2152294,1187699.84569918,2023,27,2,2,1920,2820-1187
2620500,1265500,2021,27,1,1,1920,2620-1265
2660500,1270500,2025,27,3,2,1920,2660-1270
2670500,1242500,2025,33,2,2,1920,2670-1242
2788767,1158947,2025,33,1,1,1920,2788-1158
2788500,1158500,2022,32,2,6,1920,2788-1158
2756431,1232477,2023,33,1,2,1920,2756-1232
2758265,1236967,2025,33,1,2,1920,2758-1236
2757323,1234133,2025,33,1,2,1920,2757-1234
2686957,1272128,2022,33,1,2,1920,2686-1272
2678386,1261907,2025,33,1,19,1920,2678-1261
2678384,1261907,2025,33,1,18,1920,2678-1261
2660002,1270598,2025,33,1,2,1920,2660-1270
2569137,1196791,2025,39,3,1,1920,2569-1196
2660026,1270911,2025,39,2,1,1920,2660-1270
2679239.88139303,1261726.64959763,2022,39,4,2,1920,2679-1261
2562376.17343556,1126143.30256385,2025,32,1,8,1920,2562-1126
2655500,1272500,2025,32,5,4,1920,2655-1272
2660006,1270235,2025,39,1,2,1920,2660-1270
2709616,1112506,2022,32,3,1,1920,2709-1112
2573963,1162639,2024,32,4,1,1920,2573-1162
2670500,1242500,2023,39,3,2,1920,2670-1242
2660500,1270500,2025,39,1,1,1920,2660-1270
2660500,1270500,2021,45,1,0,1920,2660-1270
2660210,1270031,2021,45,1,0,1920,2660-1270
2660335,1269911,2021,45,1,0,1920,2660-1269
2670397,1242444,2023,38,1,2,1920,2670-1242
2670379,1242429,2023,38,2,2,1920,2670-1242
2779693,1146021,2024,38,1,2,1920,2779-1146
2678743.88625199,1261738.64812515,2023,45,1,0,1920,2678-1261
2757924,1218945,2025,38,2,4,1920,2757-1218
2757705,1219974,2025,38,1,2,1920,2757-1219
2751932,1262758,2021,38,1,3,1920,2751-1262
2751848,1262809,2021,38,1,2,1920,2751-1262
2751778,1262744,2021,38,2,13,1920,2751-1262
2678445,1261652,2023,45,1,0,1920,2678-1261
2670300.06850856,1242299.56432466,2022,38,1,2,1920,2670-1242
2678502,1261629,2023,45,1,0,1920,2678-1261
2537565,1180167,2025,45,1,0,1920,2537-1180
2537408,1180265,2025,45,1,0,1920,2537-1180
2490867,1112138,2024,38,5,8,1920,2490-1112
2660500,1270500,2025,38,1,1,1920,2660-1270
2578862,1203765,2025,38,2,4,1920,2578-1203
2672800.075557,1232199.52841523,2021,38,1,1,1920,2672-1232
2660500,1270500,2023,51,1,0,1920,2660-1270
2678433,1261698,2024,51,1,0,1920,2678-1261
2678385,1261689,2024,51,4,0,1920,2678-1261
2670500,1242500,2023,45,1,0,1920,2670-1242
2537572,1180236,2025,51,3,0,1920,2537-1180
2706500,1230500,2022,45,1,0,1920,2706-1230
2706442,1230322,2025,14,1,0,1920,2706-1230
2537550,1180273,2021,51,3,0,1920,2537-1180
2537434,1180180,2022,51,1,0,1920,2537-1180
2537570,1180269,2022,51,5,0,1920,2537-1180
2537602,1180192,2025,51,4,0,1920,2537-1180
2679198,1261957,2023,45,1,0,1920,2679-1261
2569500,1203500,2022,14,1,0,1920,2569-1203
2706500,1230500,2022,45,1,0,1920,2706-1230
2686994,1272126,2021,14,1,0,1920,2686-1272
2670500,1242500,2023,45,1,0,1920,2670-1242
2537503,1180171,2022,51,1,0,1920,2537-1180
2537525,1180371,2022,51,1,0,1920,2537-1180
2537260,1180213,2021,51,2,0,1920,2537-1180
2569500,1203500,2023,20,1,0,1920,2569-1203
2710500,1112500,2022,20,1,0,1920,2710-1112
2608500,1268500,2024,20,1,0,1920,2608-1268
2660500,1270500,2025,51,1,0,1920,2660-1270
2660500,1270500,2022,20,1,0,1920,2660-1270
2660500,1270500,2025,20,2,0,1920,2660-1270
2579500,1212500,2021,20,4,0,1920,2579-1212
2759500,1263500,2022,51,3,0,1920,2759-1263
2706440,1230275,2022,20,4,0,1920,2706-1230
2706448,1230196,2022,20,2,0,1920,2706-1230
2710500,1112500,2023,20,2,0,1920,2710-1112
2660500,1270500,2022,20,3,0,1920,2660-1270
2699419,1272222,2023,20,1,0,1920,2699-1272
2706500,1230500,2022,20,2,0,1920,2706-1230
2751500,1263500,2024,51,1,0,1920,2751-1263
2660262,1269938,2022,20,2,0,1920,2660-1269
2709617,1113253,2022,20,4,0,1920,2709-1113
2709622,1113295,2022,20,7,0,1920,2709-1113
2634229,1243734,2023,20,3,0,1920,2634-1243
2709600,1113343,2022,20,,0,1920,2709-1113
2710500,1112500,2021,20,2,0,1920,2710-1112
2620500,1265500,2022,20,2,0,1920,2620-1265
2668743,1256032,2022,20,2,0,1920,2668-1256
2668766,1256079,2022,20,2,4,1920,2668-1256
2668725,1255937,2022,20,2,4,1920,2668-1255
2706500,1230500,2022,20,1,0,1920,2706-1230
2710500,1112500,2023,20,2,0,1920,2710-1112
2687500,1272500,2021,20,2,0,1920,2687-1272
2559964.39202934,1138353.33392529,2021,20,2,0,1920,2559-1138
2678743.88625199,1261738.64812515,2022,20,2,0,1920,2678-1261
2705439,1111944,2021,20,2,0,1920,2705-1111
2670065,1242526,2024,20,2,0,1920,2670-1242
2660028,1270567,2025,20,2,0,1920,2660-1270
2578871,1203244,2023,20,1,0,1920,2578-1203
2670253,1242501,2024,20,1,0,1920,2670-1242
2760076,1201662,2023,20,1,0,1920,2760-1201
2710161,1112646,2025,20,1,2,1920,2710-1112
2660249,1269990,2022,20,2,0,1920,2660-1269
2710149,1112629,2023,20,3,0,1920,2710-1112
2670180,1242376,2024,20,1,0,1920,2670-1242
2708500,1229500,2022,20,1,0,1920,2708-1229
2710192,1112640,2025,20,3,0,1920,2710-1112
2709500,1113500,2022,20,5,0,1920,2709-1113
2660500,1269500,2022,20,3,0,1920,2660-1269
2660500,1270500,2022,20,2,0,1920,2660-1270
2672730.08039885,1229727.51875434,2021,20,1,0,1920,2672-1229
2709628.1002368,1113293.57333526,2022,20,2,0,1920,2709-1113
2501583.17199448,1118282.88992867,2023,20,2,0,1920,2501-1118
2750500,1263500,2023,20,1,0,1920,2750-1263
2710500,1112500,2021,20,6,6,1920,2710-1112
2660500,1270500,2022,20,2,0,1920,2660-1270
2559928,1138346,2023,20,1,0,1920,2559-1138
2610522,1226603,2021,20,2,6,1920,2610-1226
2718171,1138481,2021,20,1,0,1920,2718-1138
2718171,1138086,2022,20,3,6,1920,2718-1138
2718202,1138301,2021,20,2,0,1920,2718-1138
2750417,1263703,2023,20,2,0,1920,2750-1263
2490357,1111948,2022,20,1,0,1920,2490-1111
2610404,1226482,2023,20,1,0,1920,2610-1226
2670577,1240852,2021,20,1,0,1920,2670-1240
2669934,1242389,2021,20,1,0,1920,2669-1242
2670623,1240880,2021,20,1,0,1920,2670-1240
2706500,1230500,2022,20,2,0,1920,2706-1230
2670300.06850856,1242299.56432466,2021,20,1,0,1920,2670-1242
2670300.06850856,1242299.56432465,2024,20,2,0,1920,2670-1242
2537509.61018522,1180220.62191535,2023,20,6,0,1920,2537-1180
2687324,1272161,2025,26,2,4,1920,2687-1272
2670300.06850856,1242299.56432466,2021,20,2,0,1920,2670-1242
2706500,1230500,2022,20,4,0,1920,2706-1230
2615500,1174500,2021,26,2,4,1920,2615-1174
2490927,1112514,2025,26,2,4,1920,2490-1112
2491086,1112497,2025,26,2,4,1920,2491-1112
2788500,1158500,2022,26,6,1,1920,2788-1158
2610766,1226775,2021,20,1,2,1920,2610-1226
2705636,1112040,2021,20,2,0,1920,2705-1112
2660500,1270500,2025,20,5,0,1920,2660-1270
2660011,1270575,2025,20,4,0,1920,2660-1270
2709500,1113500,2022,20,6,0,1920,2709-1113
2660500,1270500,2022,20,3,0,1920,2660-1270
2759500,1263500,2025,26,1,2,1920,2759-1263
2627945.48909876,1237373.66892157,2021,20,3,0,1920,2627-1237
2607184.51170395,1216551.78757314,2022,20,2,0,1920,2607-1216
2490481.51409212,1112705.18624407,2022,20,2,0,1920,2490-1112
2490481.51409212,1112705.18624407,2023,20,1,0,1920,2490-1112
2579820,1212258,2022,26,1,1,1920,2579-1212
2573897.86869191,1162640.09628771,2025,26,1,2,1920,2573-1162
2574071.88294442,1163497.09481235,2025,26,2,5,1920,2574-1163
2491060,1112419,2022,26,1,6,1920,2491-1112
2678743.88625199,1261738.64812515,2025,26,1,1,1920,2678-1261
2614500,1174500,2023,15,1,0,1920,2614-1174
2686908,1272175,2021,26,1,2,1920,2686-1272
2669978,1242440,2024,26,1,2,1920,2669-1242
2710178,1112561,2025,26,2,2,1920,2710-1112
2670418,1242290,2021,26,2,4,1920,2670-1242
2670203,1242346,2024,26,4,18,1920,2670-1242
2615476,1174321,2023,26,1,2,1920,2615-1174
2660025,1270520,2025,26,1,1,1920,2660-1270
2558730.38781529,1138466.35807626,2022,15,1,0,1920,2558-1138
2618829,1232150,2021,33,1,2,1920,2618-1232
2706708,1270597,2021,33,3,8,1920,2706-1270
2660366,1269902,2022,15,1,0,1920,2660-1269
2660414,1269933,2024,33,1,1,1920,2660-1269
2788891,1159111,2025,26,1,2,1920,2788-1159
2788877,1159051,2023,26,1,19,1920,2788-1159
2537509.61018522,1180220.62191535,2023,26,2,1,1920,2537-1180
2537509.61018522,1180220.62191535,2023,26,2,1,1920,2537-1180
2660500,1270500,2025,26,1,2,1920,2660-1270
2760500,1203500,2021,26,2,4,1920,2760-1203
2620500,1265500,2023,21,2,0,1920,2620-1265
2660038,1270524,2025,26,1,1,1920,2660-1270
2559976,1137812,2022,26,2,7,1920,2559-1137
2579829,1212246,2024,33,1,2,1920,2579-1212
2692645,1285669,2025,33,2,4,1920,2692-1285
2754923,1212842,2023,39,3,13,1920,2754-1212
2706500,1230500,2022,21,2,0,1920,2706-1230
2709500,1112500,2021,21,4,0,1920,2709-1112
2660047,1270591,2025,26,3,1,1920,2660-1270
2569500,1203500,2024,21,1,0,1920,2569-1203
2622500,1234500,2024,21,2,0,1920,2622-1234
2660057,1270544,2025,26,3,2,1920,2660-1270
2660077,1270514,2025,26,1,1,1920,2660-1270
2729743,1275479,2021,33,1,2,1920,2729-1275
2660021,1270560,2024,33,1,1,1920,2660-1270
2660500,1270500,2025,33,2,2,1920,2660-1270
2634197,1243726,2025,21,1,0,1920,2634-1243
2558500,1138500,2021,14,1,0,1920,2558-1138
2678743.88625199,1261738.64812515,2025,33,2,18,1920,2678-1261
2678743.88625199,1261738.64812515,2025,33,1,2,1920,2678-1261
2751954,1262714,2021,14,1,0,1920,2751-1262
2537895,1180381,2023,21,4,0,1920,2537-1180
2537514,1180288,2023,21,9,0,1920,2537-1180
2710176,1112580,2021,21,2,0,1920,2710-1112
2710281,1112648,2021,21,3,7,1920,2710-1112
2670747,1242000,2025,21,1,0,1920,2670-1242
2572911,1175102,2021,33,10,13,1920,2572-1175
2579899,1212302,2025,33,1,2,1920,2579-1212
2660500,1270500,2024,33,1,1,1920,2660-1270
2718215,1137919,2023,33,1,1,1920,2718-1137
2718205,1138070,2023,33,1,1,1920,2718-1138
2788898,1159135,2021,33,1,2,1920,2788-1159
2579897,1212164,2022,39,2,2,1920,2579-1212
2660500,1270500,2023,33,1,2,1920,2660-1270
2660500,1270500,2024,21,2,0,1920,2660-1270
2660500,1270500,2025,21,3,0,1920,2660-1270
2559964.39202934,1138353.33392529,2022,21,1,0,1920,2559-1138
2620500,1265500,2022,21,2,0,1920,2620-1265
2788160,1157629,2023,21,1,0,1920,2788-1157
2694095,1282028,2022,21,1,0,1920,2694-1282
2670350.07219683,1240899.55926051,2023,21,1,0,1920,2670-1240
2569500,1203500,2023,45,2,0,1920,2569-1203
2490481.51409212,1112705.18624407,2024,21,4,0,1920,2490-1112
2607184.51170395,1216551.78757314,2021,21,4,0,1920,2607-1216
2820400.2152294,1187699.84569918,2021,21,4,0,1920,2820-1187
2537509.61018522,1180220.62191535,2025,45,,0,1920,2537-1180
2660500,1270500,2024,39,2,1,1920,2660-1270
2670300.06850856,1242299.56432466,2022,45,1,0,1920,2670-1242
2670300.06850856,1242299.56432465,2023,45,2,0,1920,2670-1242
2729500,1275500,2021,27,1,1,1920,2729-1275
2788500,1158500,2023,39,3,8,1920,2788-1158
2670300.06850856,1242299.56432466,2022,45,2,0,1920,2670-1242
2537509.61018522,1180220.62191535,2025,45,2,0,1920,2537-1180
2687500,1272500,2022,20,2,0,1920,2687-1272
2493451,1115456,2025,39,2,2,1920,2493-1115
2610318,1226338,2022,39,1,8,1920,2610-1226
2615500,1174500,2024,20,2,0,1920,2615-1174
2679189,1261989,2025,45,2,0,1920,2679-1261
2707700,1279088,2022,39,1,1,1920,2707-1279
2718500,1137500,2022,20,2,0,1920,2718-1137
2620500,1265500,2023,20,4,0,1920,2620-1265
2670081,1242535,2021,20,1,0,1920,2670-1242
2788500,1158500,2021,39,3,13,1920,2788-1158
2710210,1112563,2021,20,2,0,1920,2710-1112
2710190,1112555,2021,20,1,0,1920,2710-1112
2710136,1112570,2021,20,4,0,1920,2710-1112
2672409,1232430,2024,20,10,0,1920,2672-1232
2558657,1138501,2022,20,1,0,1920,2558-1138
2672638,1232007,2021,20,2,0,1920,2672-1232
2672646,1232004,2023,20,2,0,1920,2672-1232
2610286,1226326,2023,27,3,18,1920,2610-1226
2660005,1270585,2025,27,4,2,1920,2660-1270
2678743.88625199,1261738.64812515,2022,20,2,0,1920,2678-1261
2537453,1180133,2024,20,18,0,1920,2537-1180
2537461,1180224,2023,20,4,0,1920,2537-1180
2537624,1180192,2024,20,3,0,1920,2537-1180
2670263,1242489,2024,20,1,0,1920,2670-1242
2615500,1174500,2025,27,1,2,1920,2615-1174
2706500,1230500,2022,45,1,0,1920,2706-1230
2670285,1242481,2025,20,1,0,1920,2670-1242
2537467,1180219,2024,20,,0,1920,2537-1180
2537523,1180222,2023,20,6,0,1920,2537-1180
2559964.39202934,1138353.33392529,2021,20,2,0,1920,2559-1138
2617260,1170951,2023,45,1,0,1920,2617-1170
2579903,1212242,2021,20,2,0,1920,2579-1212
2618670.65278626,1128170.52219958,2025,20,1,0,1920,2618-1128
2750590,1263567,2023,20,1,0,1920,2750-1263
2634168,1243835,2024,27,4,13,1920,2634-1243
2660046,1270548,2025,45,2,0,1920,2660-1270
2670385,1242360,2024,51,1,0,1920,2670-1242
2670385,1242324,2024,51,1,0,1920,2670-1242
2537509.61018522,1180220.62191536,2022,51,2,0,1920,2537-1180
2610342,1226420,2022,45,2,0,1920,2610-1226
2819934,1187527,2021,27,2,2,1920,2819-1187
2670270,1242581,2024,27,1,2,1920,2670-1242
2627500,1268500,2023,20,1,0,1920,2627-1268
2672500,1232500,2023,20,2,0,1920,2672-1232
2537650,1180217,2025,51,1,0,1920,2537-1180
2620500,1233500,2024,51,1,0,1920,2620-1233
2537509.61018522,1180220.62191536,2022,45,2,0,1920,2537-1180
2569500,1203500,2023,20,1,0,1920,2569-1203
2608500,1268500,2023,20,2,0,1920,2608-1268
2569500,1203500,2022,51,1,0,1920,2569-1203
2606316,1227888,2025,45,1,8,1920,2606-1227
2760500,1201500,2021,20,3,0,1920,2760-1201
2670500,1242500,2024,27,3,4,1920,2670-1242
2620500,1265500,2021,27,1,1,1920,2620-1265
2580090.6502114,1212497.13430467,2024,27,2,4,1920,2580-1212
2788044,1157581,2023,27,1,2,1920,2788-1157
2660500,1270500,2025,45,2,0,1920,2660-1270
2618769,1128109,2025,20,2,0,1920,2618-1128
2617285,1170905,2024,20,5,0,1920,2617-1170
2569500,1203500,2025,57,1,0,1920,2569-1203
2537509.61018522,1180220.62191536,2022,51,2,0,1920,2537-1180
2537509.61018522,1180220.62191536,2022,51,4,0,1920,2537-1180
2537509.61018522,1180220.62191536,2021,51,1,0,1920,2537-1180
2670300.06850856,1242299.56432465,2023,51,1,0,1920,2670-1242
2537509.61018522,1180220.62191535,2025,51,4,0,1920,2537-1180
2537509.61018522,1180220.62191536,2021,51,1,0,1920,2537-1180
2537509.61018522,1180220.62191536,2022,51,3,0,1920,2537-1180
2537509.61018522,1180220.62191536,2022,51,3,0,1920,2537-1180
2537509.61018522,1180220.62191535,2025,51,2,0,1920,2537-1180
2820500,1187500,2021,20,2,0,1920,2820-1187
2574117,1162879,2025,20,2,0,1920,2574-1162
2490639,1112546,2022,20,3,0,1920,2490-1112
2579863,1212284,2022,51,2,0,1920,2579-1212
2678743.88625199,1261738.64812515,2024,51,4,0,1920,2678-1261
2687027,1272802,2021,20,2,0,1920,2687-1272
2687041,1272540,2022,20,2,0,1920,2687-1272
2687001,1272751,2023,20,2,2,1920,2687-1272
2571342,1107484,2023,20,1,0,1920,2571-1107
2687012,1272739,2023,20,2,0,1920,2687-1272
2678337,1261752,2025,33,1,1,1920,2678-1261
2678372,1261902,2025,33,2,6,1920,2678-1261
2569644.55120499,1203073.27749823,2022,51,1,0,1920,2569-1203
2569644.55120499,1203073.27749823,2022,51,1,0,1920,2569-1203
2788724,1158450,2021,33,1,2,1920,2788-1158
2569644.55120499,1203073.27749823,2022,51,1,0,1920,2569-1203
2670184,1242238,2021,20,1,0,1920,2670-1242
2670222,1240965,2025,20,1,0,1920,2670-1240
2537500,1180500,2022,51,10,0,1920,2537-1180
2705252,1112097,2022,20,2,0,1920,2705-1112
2569500,1203500,2025,57,1,0,1920,2569-1203
2705301,1112077,2021,20,2,0,1920,2705-1112
2607148,1216548,2022,20,1,0,1920,2607-1216
2660067,1270111,2025,26,1,1,1920,2660-1270
2706500,1230500,2025,26,1,2,1920,2706-1230
2660500,1270500,2024,26,3,4,1920,2660-1270
2660500,1270500,2024,26,3,4,1920,2660-1270
2537509.61018522,1180220.62191536,2022,57,4,0,1920,2537-1180
2660051,1270529,2025,39,2,1,1920,2660-1270
2686975,1272135,2024,39,1,2,1920,2686-1272
2653797,1256012,2024,39,1,8,1920,2653-1256
2569782,1203417,2025,57,1,0,1920,2569-1203
2758500,1237500,2024,26,1,2,1920,2758-1237
2670500,1242500,2024,26,1,1,1920,2670-1242
2660500,1270500,2025,39,2,2,1920,2660-1270
2634196,1243719,2024,26,4,13,1920,2634-1243
2710109,1112650,2024,26,2,4,1920,2710-1112
2797872,1143871,2022,39,1,1,1920,2797-1143
2678435,1261690,2025,39,1,1,1920,2678-1261
2660080,1270527,2025,39,2,2,1920,2660-1270
2660003,1270608,2024,39,1,1,1920,2660-1270
2660127,1270547,2025,39,2,2,1920,2660-1270
2678743.88625199,1261738.64812515,2024,39,1,2,1920,2678-1261
2569130,1196712,2025,39,3,2,1920,2569-1196
2660187,1270742,2025,39,2,2,1920,2660-1270
2660340,1270034,2025,39,2,1,1920,2660-1270
2820400.2152294,1187699.84569918,2025,39,3,13,1920,2820-1187
2678451.8885035,1261824.64753559,2024,26,1,1,1920,2678-1261
2678454,1261710,2023,45,1,0,1920,2678-1261
2678566,1261506,2022,45,1,0,1920,2678-1261
2679198.87987549,1261961.65025197,2023,45,1,0,1920,2679-1261
2791347,1148717,2021,45,1,0,1920,2791-1148
2569180,1196446,2025,45,1,0,1920,2569-1196
2490434,1112664,2023,26,1,1,1920,2490-1112
2537547,1180302,2022,52,5,0,1920,2537-1180
2537497,1180230,2021,52,1,0,1920,2537-1180
2569954,1203245,2025,52,1,0,1920,2569-1203
2678476,1261718,2024,52,1,0,1920,2678-1261
2615741,1174044,2024,52,2,0,1920,2615-1174
2571393,1107322,2023,26,1,8,1920,2571-1107
2571355,1107359,2023,26,1,2,1920,2571-1107
2573932,1162642,2022,26,1,18,1920,2573-1162
2660249,1270159,2025,52,,0,1920,2660-1270
2660500,1270500,2024,33,2,1,1920,2660-1270
2670068,1242535,2023,33,1,1,1920,2670-1242
2660500,1270500,2024,33,1,1,1920,2660-1270
2725701,1219994,2021,33,1,18,1920,2725-1219
2490532,1112284,2024,33,2,1,1920,2490-1112
2678743.88625199,1261738.64812515,2025,33,2,18,1920,2678-1261
2678743.88625199,1261738.64812515,2021,39,1,1,1920,2678-1261
2660500,1270500,2025,39,1,1,1920,2660-1270
2679198.87987549,1261961.65025197,2022,39,4,2,1920,2679-1261
2679198.87987549,1261961.65025197,2025,39,3,1,1920,2679-1261
2679254,1261761,2022,39,3,2,1920,2679-1261
2679197,1261907,2025,39,3,1,1920,2679-1261
2706500,1230500,2021,14,2,0,1920,2706-1230
2660500,1270500,2022,14,1,0,1920,2660-1270
2706500,1230500,2025,14,1,0,1920,2706-1230
2706500,1230500,2022,45,1,0,1920,2706-1230
2660440,1269581,2025,14,2,0,1920,2660-1269
2537468,1180256,2022,45,1,0,1920,2537-1180
2490409,1112772,2025,14,2,0,1920,2490-1112
2706500,1230500,2022,45,1,0,1920,2706-1230
2679198.87987549,1261961.65025197,2025,45,2,0,1920,2679-1261
2679198.87987549,1261961.65025197,2025,45,2,0,1920,2679-1261
2537509.61018522,1180220.62191535,2023,14,1,0,1920,2537-1180
2678743.88625199,1261738.64812515,2024,45,2,0,1920,2678-1261
2670500,1242500,2023,45,2,0,1920,2670-1242
2709500,1113500,2022,45,1,0,1920,2709-1113
2569483,1203667,2023,51,1,0,1920,2569-1203
2579500,1212500,2024,51,2,0,1920,2579-1212
2537486,1180248,2025,51,,0,1920,2537-1180
2537494,1180257,2025,51,4,0,1920,2537-1180
2670492,1242141,2024,51,1,0,1920,2670-1242
2537444,1180210,2025,51,4,0,1920,2537-1180
2559964.39202934,1138353.33392529,2021,21,2,0,1920,2559-1138
2670204,1242345,2024,51,1,0,1920,2670-1242
2537613,1180180,2021,51,1,0,1920,2537-1180
2537484,1180251,2022,51,4,0,1920,2537-1180
2704942.1110355,1111918.55267258,2021,21,1,0,1920,2704-1111
2660500,1269500,2022,21,1,0,1920,2660-1269
2660500,1270500,2021,21,1,0,1920,2660-1270
2670300.06850856,1242299.56432465,2024,51,3,0,1920,2670-1242
2702626,1281791,2022,21,1,0,1920,2702-1281
2699889,1272126,2024,21,2,6,1920,2699-1272
2679197,1261887,2022,21,1,0,1920,2679-1261
2559973,1138330,2022,21,1,0,1920,2559-1138
2750519,1263627,2022,21,2,0,1920,2750-1263
2579829,1212191,2021,21,3,0,1920,2579-1212
2615414,1174333,2023,21,1,0,1920,2615-1174
2707697.43489667,1278958.87957616,2023,21,1,0,1920,2707-1278
2627945.48909876,1237373.66892157,2021,21,1,0,1920,2627-1237
2627945.48909876,1237373.66892157,2021,21,2,0,1920,2627-1237
2670429,1242400,2024,51,2,0,1920,2670-1242
2490410,1112774,2023,21,1,0,1920,2490-1112
2660024,1261271,2025,21,1,0,1920,2660-1261
2710083,1112584,2024,21,1,0,1920,2710-1112
2672730.08039885,1229727.51875433,2024,21,3,0,1920,2672-1229
2569500,1203500,2025,21,3,0,1920,2569-1203
2559964.39202934,1138353.33392529,2022,21,1,0,1920,2559-1138
2693991,1281940,2022,21,4,0,1920,2693-1281
2580090.6502114,1212497.13430467,2021,21,4,0,1920,2580-1212
2707697.43489666,1278958.87957617,2021,21,1,0,1920,2707-1278
2759999.99367169,1263000.27822094,2021,21,2,0,1920,2759-1263
2579855,1212242,2021,21,2,0,1920,2579-1212
2759999.99367169,1263000.27822094,2021,21,2,0,1920,2759-1263
2759999.99367169,1263000.27822094,2021,21,2,0,1920,2759-1263
2759999.99367169,1263000.27822094,2021,21,2,0,1920,2759-1263
2759999.99367169,1263000.27822094,2021,21,2,0,1920,2759-1263
2660500,1270500,2025,21,2,0,1920,2660-1270
2670141,1242398,2021,21,1,0,1920,2670-1242
2615450,1174297,2023,21,1,0,1920,2615-1174
2686859,1272124,2022,21,1,0,1920,2686-1272
2623500,1232500,2024,21,2,0,1920,2623-1232
2718500,1137500,2022,21,2,0,1920,2718-1137
2653500,1256500,2022,21,1,0,1920,2653-1256
2537509.61018522,1180220.62191535,2023,21,9,0,1920,2537-1180
2670300.06850856,1242299.56432465,2023,21,1,0,1920,2670-1242
2687454,1272074,2022,21,2,0,1920,2687-1272
2687483,1272074,2025,21,3,0,1920,2687-1272
2670300.06850856,1242299.56432466,2021,21,2,0,1920,2670-1242
2687214,1272106,2025,21,2,0,1920,2687-1272
2689263,1272031,2022,21,2,0,1920,2689-1272
2537509.61018522,1180220.62191535,2023,21,6,0,1920,2537-1180
2670300.06850856,1242299.56432465,2024,21,3,0,1920,2670-1242
2537509.61018522,1180220.62191535,2023,21,9,0,1920,2537-1180
2710500,1112500,2024,21,2,0,1920,2710-1112
2491062,1112750,2023,21,2,0,1920,2491-1112
2618675,1128074,2025,21,2,6,1920,2618-1128
2559996,1138318,2021,21,1,0,1920,2559-1138
2569713,1203326,2022,21,2,0,1920,2569-1203
2705321,1112119,2021,21,1,0,1920,2705-1112
2705653,1112017,2021,21,1,0,1920,2705-1112
2705330,1112172,2021,21,1,0,1920,2705-1112
2569373,1203303,2025,21,1,0,1920,2569-1203
2670374,1240926,2023,21,1,0,1920,2670-1240
2670500,1242500,2024,21,1,0,1920,2670-1242
2670321,1242306,2025,15,3,0,1920,2670-1242
2751343,1263293,2021,15,2,0,1920,2751-1263
2713500,1231500,2023,21,1,0,1920,2713-1231
2670500,1242500,2021,15,1,0,1920,2670-1242
2615500,1174500,2021,27,2,2,1920,2615-1174
2760443,1203330,2025,27,1,2,1920,2760-1203
2702659.41195306,1281914.8508067,2022,27,1,2,1920,2702-1281
2760357,1203383,2025,27,1,2,1920,2760-1203
2608500,1268500,2021,27,1,1,1920,2608-1268
2687500,1272500,2021,15,1,0,1920,2687-1272
2580090.6502114,1212497.13430467,2022,27,1,2,1920,2580-1212
2580090.6502114,1212497.13430467,2022,27,1,2,1920,2580-1212
2537509.61018522,1180220.62191535,2023,27,2,1,1920,2537-1180
2615565,1174284,2021,27,1,2,1920,2615-1174
2615474,1174320,2021,27,2,2,1920,2615-1174
2670343,1242370,2022,27,1,2,1920,2670-1242
2723226,1256805,2025,27,3,6,1920,2723-1256
2670196,1242527,2023,27,1,2,1920,2670-1242
2759824,1263375,2025,27,2,2,1920,2759-1263
2718176,1137916,2024,27,1,2,1920,2718-1137
2710129,1112646,2025,27,1,1,1920,2710-1112
2710182,1112641,2025,27,1,1,1920,2710-1112
2670223,1242288,2023,27,2,4,1920,2670-1242
2723226,1256805,2025,27,1,2,1920,2723-1256
2579841,1212291,2022,27,1,2,1920,2579-1212
2660217,1269911,2025,27,1,2,1920,2660-1269
2660371,1269899,2024,27,1,1,1920,2660-1269
2706500,1230500,2022,15,1,0,1920,2706-1230
2490481.51409212,1112705.18624407,2025,27,1,1,1920,2490-1112
2709459.10430758,1112619.57720119,2021,21,17,0,1920,2709-1112
2704255.10749324,1112543.54382637,2025,21,1,0,1920,2704-1112
2660500,1270500,2025,27,3,2,1920,2660-1270
2660500,1270500,2025,27,1,1,1920,2660-1270
2718183,1138008,2024,27,3,1,1920,2718-1138
2791282,1148839,2025,27,3,6,1920,2791-1148
2679500,1261500,2022,27,2,1,1920,2679-1261
2758500,1237500,2025,27,5,1,1920,2758-1237
2653500,1256500,2022,27,2,1,1920,2653-1256
2660500,1270500,2024,21,2,0,1920,2660-1270
2710500,1112500,2021,21,3,0,1920,2710-1112
2658500,1254500,2023,27,2,5,1920,2658-1254
2706500,1230500,2025,21,1,0,1920,2706-1230
2660500,1270500,2024,27,1,2,1920,2660-1270
2537509.61018522,1180220.62191535,2023,27,2,1,1920,2537-1180
2537509.61018522,1180220.62191535,2023,27,1,1,1920,2537-1180
2618674,1128070,2025,27,2,1,1920,2618-1128
2634202,1243738,2025,27,1,2,1920,2634-1243
2634164,1243693,2024,27,1,2,1920,2634-1243
2501623,1118270,2023,27,1,1,1920,2501-1118
2659045,1220231,2025,27,2,4,1920,2659-1220
2501689,1118277,2023,27,1,1,1920,2501-1118
2501546,1118274,2023,27,1,2,1920,2501-1118
2501565,1118266,2023,27,1,1,1920,2501-1118
2630711,1238434,2024,27,1,2,1920,2630-1238
2630613,1238549,2025,33,1,2,1920,2630-1238
2490481.51409212,1112705.18624407,2022,21,1,0,1920,2490-1112
2712269,1113622,2023,21,2,0,1920,2712-1113
2712681,1113965,2023,21,2,0,1920,2712-1113
2712682,1113919,2023,21,3,0,1920,2712-1113
2572764,1175324,2023,27,2,1,1920,2572-1175
2580090.6502114,1212497.13430467,2021,21,2,0,1920,2580-1212
2660356,1269926,2022,21,2,0,1920,2660-1269
2610500,1226500,2022,33,3,8,1920,2610-1226
2702866,1281905,2023,21,1,0,1920,2702-1281
2634225,1243805,2023,21,3,0,1920,2634-1243
2689877,1272039,2025,21,2,7,1920,2689-1272
2689841,1271979,2025,21,1,2,1920,2689-1271
2687474,1272095,2025,21,2,0,1920,2687-1272
2710186,1112580,2021,21,2,0,1920,2710-1112
2728000,1247944,2024,33,2,13,1920,2728-1247
2672730.08039885,1229727.51875433,2025,21,2,0,1920,2672-1229
2750695,1263576,2022,21,3,1,1920,2750-1263
2710500,1112500,2024,33,5,2,1920,2710-1112
2627945.48909876,1237373.66892157,2021,33,3,13,1920,2627-1237
2672754,1229433,2025,33,1,8,1920,2672-1229
2537561,1180148,2023,21,3,0,1920,2537-1180
2537544,1180029,2021,21,1,0,1920,2537-1180
2537517,1180248,2023,21,11,0,1920,2537-1180
2660500,1270500,2024,21,2,0,1920,2660-1270
2668805,1255910,2025,33,5,13,1920,2668-1255
2660500,1270500,2021,21,1,0,1920,2660-1270
2706500,1230500,2021,21,1,0,1920,2706-1230
2631000,1238968,2025,33,1,2,1920,2631-1238
2630927,1238491,2024,33,4,13,1920,2630-1238
2660428,1269548,2025,33,4,13,1920,2660-1269
2622406,1234869,2022,21,3,2,1920,2622-1234
2689735,1271997,2025,21,1,0,1920,2689-1271
2659070,1220202,2025,33,5,13,1920,2659-1220
2694539,1281570,2023,21,9,0,1920,2694-1281
2610664,1226677,2021,33,2,18,1920,2610-1226
2694471,1281574,2023,21,6,0,1920,2694-1281
2607184.51170396,1216551.78757314,2024,21,2,0,1920,2607-1216
2607184.51170395,1216551.78757314,2022,21,3,0,1920,2607-1216
2718172,1138448,2023,33,1,1,1920,2718-1138
2607184.51170396,1216551.78757314,2025,21,1,0,1920,2607-1216
2568780,1176271,2024,33,1,2,1920,2568-1176
2568717,1176012,2024,33,2,5,1920,2568-1176
2718218,1137923,2023,33,1,1,1920,2718-1137
2678743.88625199,1261738.64812515,2025,39,1,1,1920,2678-1261
2672738,1229541,2025,39,1,2,1920,2672-1229
2672728,1229445,2025,39,2,2,1920,2672-1229
2660500,1270500,2022,33,1,2,1920,2660-1270
2660500,1270500,2025,39,2,1,1920,2660-1270
2660500,1270500,2024,27,2,1,1920,2660-1270
2660500,1270500,2025,39,1,2,1920,2660-1270
2678743.88625199,1261738.64812515,2025,39,3,1,1920,2678-1261
2610214,1127704,2022,27,1,2,1920,2610-1127
2610236,1127729,2022,27,1,2,1920,2610-1127
2610300,1127886,2022,27,2,7,1920,2610-1127
2610273,1127773,2022,27,1,2,1920,2610-1127
2610283,1127778,2022,27,2,7,1920,2610-1127
2788733,1158315,2023,27,1,2,1920,2788-1158
2708500,1229500,2021,39,1,1,1920,2708-1229
2537544,1180114,2024,14,1,0,1920,2537-1180
2685894,1282744,2025,27,2,8,1920,2685-1282
2788740,1158504,2023,27,1,2,1920,2788-1158
2788776,1158897,2024,27,1,2,1920,2788-1158
2704223,1112446,2024,27,4,1,1920,2704-1112
2537482,1180070,2025,45,3,0,1920,2537-1180
2537493,1180072,2025,45,1,0,1920,2537-1180
2537509.61018522,1180220.62191535,2025,45,3,0,1920,2537-1180
2569147.44266037,1196706.26540992,2025,45,1,0,1920,2569-1196
2758500,1237500,2021,39,1,2,1920,2758-1237
2679198.87987549,1261961.65025197,2024,45,2,0,1920,2679-1261
2679198.87987549,1261961.65025197,2024,45,2,0,1920,2679-1261
2493643,1115208,2025,39,5,1,1920,2493-1115
2618892,1127823,2021,27,1,1,1920,2618-1127
2490395,1112773,2023,27,1,1,1920,2490-1112
2670300.06850856,1242299.56432465,2023,39,7,13,1920,2670-1242
2611598,1177812,2023,27,1,2,1920,2611-1177
2606303,1227881,2025,45,2,13,1920,2606-1227
2569409,1203291,2021,45,1,0,1920,2569-1203
2579500,1212500,2022,45,1,0,1920,2579-1212
2791211,1148931,2023,27,2,6,1920,2791-1148
2678457,1261718,2023,45,1,0,1920,2678-1261
2706500,1230500,2022,45,1,0,1920,2706-1230
2537514,1180088,2022,45,1,0,1920,2537-1180
2710500,1112500,2025,27,1,2,1920,2710-1112
2670500,1242500,2022,27,2,1,1920,2670-1242
2706500,1230500,2022,45,1,0,1920,2706-1230
2670500,1242500,2021,27,2,2,1920,2670-1242
2678783,1262531,2021,27,1,2,1920,2678-1262
2501812,1118485,2021,27,1,8,1920,2501-1118
2580090.6502114,1212497.13430467,2024,45,1,0,1920,2580-1212
2660500,1270500,2023,51,1,0,1920,2660-1270
2501752,1118447,2022,51,10,0,1920,2501-1118
2615500,1174500,2023,45,1,0,1920,2615-1174
2709500,1112500,2024,51,1,0,1920,2709-1112
2580090.6502114,1212497.13430467,2022,51,1,0,1920,2580-1212
2579904,1212302,2021,51,2,0,1920,2579-1212
2501791.68484947,1118512.81291784,2022,51,10,0,1920,2501-1118
2501791.68484947,1118512.81291784,2022,51,10,0,1920,2501-1118
2660500,1270500,2025,14,2,0,1920,2660-1270
2537509.61018522,1180220.62191536,2022,51,,0,1920,2537-1180
2537509.61018522,1180220.62191535,2025,51,2,0,1920,2537-1180
2537509.61018522,1180220.62191536,2022,51,2,0,1920,2537-1180
2537509.61018522,1180220.62191535,2025,51,2,0,1920,2537-1180
2537509.61018522,1180220.62191536,2022,51,,0,1920,2537-1180
2537509.61018522,1180220.62191536,2022,51,10,0,1920,2537-1180
2537509.61018522,1180220.62191536,2022,51,3,0,1920,2537-1180
2537509.61018522,1180220.62191535,2025,51,3,0,1920,2537-1180
2537509.61018522,1180220.62191536,2021,51,1,0,1920,2537-1180
2537509.61018522,1180220.62191536,2021,51,1,0,1920,2537-1180
2672730,1229727,2025,33,3,13,1920,2672-1229
2678743.88625199,1261738.64812515,2025,33,1,18,1920,2678-1261
2788738,1158429,2023,33,4,19,1920,2788-1158
2710500,1112500,2024,21,2,0,1920,2710-1112
2705172,1112160,2022,21,2,0,1920,2705-1112
2670376,1242279,2024,21,2,0,1920,2670-1242
2670201,1242377,2024,21,1,0,1920,2670-1242
2678290,1261809,2025,33,1,18,1920,2678-1261
2678379,1261916,2025,33,1,18,1920,2678-1261
2678290,1261809,2025,33,1,18,1920,2678-1261
2687377,1272029,2022,21,2,0,1920,2687-1272
2634187,1243797,2025,21,2,0,1920,2634-1243
2558669,1138503,2023,21,4,0,1920,2558-1138
2672675,1232053,2021,21,2,0,1920,2672-1232
2660007,1270235,2025,39,1,2,1920,2660-1270
2660552,1269985,2025,39,1,1,1920,2660-1269
2788685,1158118,2021,39,3,13,1920,2788-1158
2490406,1111597,2024,39,5,13,1920,2490-1111
2706500,1230500,2023,21,2,0,1920,2706-1230
2535633,1164455,2025,39,3,13,1920,2535-1164
2582763,1208444,2021,39,3,13,1920,2582-1208
2569131,1196743,2025,39,3,2,1920,2569-1196
2579865,1212250,2021,51,2,0,1920,2579-1212
2670600.07036743,1240849.55927953,2025,21,1,0,1920,2670-1240
2608500,1268500,2023,21,2,0,1920,2608-1268
2579500,1212500,2021,21,4,0,1920,2579-1212
2660500,1270500,2025,21,2,0,1920,2660-1270
2574059,1162929,2021,21,4,0,1920,2574-1162
2490370,1112783,2023,21,1,0,1920,2490-1112
2687088,1272796,2022,21,2,0,1920,2687-1272
2573936,1162677,2021,21,2,6,1920,2573-1162
2687073,1272587,2021,21,1,0,1920,2687-1272
2573970,1162636,2025,21,2,0,1920,2573-1162
2660077,1270531,2025,39,1,1,1920,2660-1270
2660067,1270518,2025,39,3,2,1920,2660-1270
2660134,1270350,2025,39,2,2,1920,2660-1270
2660028,1270570,2025,39,3,1,1920,2660-1270
2569662,1203098,2022,39,10,1,1920,2569-1203
2569712,1203097,2022,39,3,1,1920,2569-1203
2620500,1265500,2021,21,2,0,1920,2620-1265
2670500,1240500,2021,21,1,0,1920,2670-1240
2603638,1197054,2021,21,1,0,1920,2603-1197
2672800.075557,1232199.52841523,2022,21,2,0,1920,2672-1232
2615437,1174295,2024,21,2,0,1920,2615-1174
2678404,1261760,2022,46,1,0,1920,2678-1261
2569148,1203354,2021,46,1,0,1920,2569-1203
2537481,1180223,2022,46,2,0,1920,2537-1180
2537445,1180190,2022,52,6,0,1920,2537-1180
2537621,1180175,2025,52,2,0,1920,2537-1180
2537521,1180100,2022,52,7,0,1920,2537-1180
2537543,1180205,2025,52,2,0,1920,2537-1180
2537497,1180299,2025,52,1,0,1920,2537-1180
2537534,1180190,2025,52,1,0,1920,2537-1180
2611408,1177545,2024,52,1,0,1920,2611-1177
2611439,1177502,2024,52,1,0,1920,2611-1177
2660500,1270500,2025,27,4,4,1920,2660-1270
2615500,1174500,2024,52,1,0,1920,2615-1174
2537497,1180278,2023,27,2,2,1920,2537-1180
2757621,1217264,2021,27,1,2,1920,2757-1217
2670227,1240814,2022,27,2,2,1920,2670-1240
2670300.06850856,1242299.56432466,2021,27,2,2,1920,2670-1242
2667358,1218289,2025,27,1,2,1920,2667-1218
2792037,1147877,2025,27,2,6,1920,2792-1147
2660500,1270500,2024,27,1,1,1920,2660-1270
2628065,1237523,2022,27,2,4,1920,2628-1237
2571409,1107234,2022,52,1,0,1920,2571-1107
2618666,1128085,2025,27,2,2,1920,2618-1128
2573955,1162642,2024,27,4,13,1920,2573-1162
2618151,1128059,2025,27,2,4,1920,2618-1128
2615500,1174500,2021,27,2,3,1920,2615-1174
2660500,1270500,2025,27,3,2,1920,2660-1270
2754852,1213098,2025,27,1,3,1920,2754-1213
2679198,1261864,2022,27,2,1,1920,2679-1261
2751857,1262771,2022,33,1,3,1920,2751-1262
2490966,1112397,2023,33,2,5,1920,2490-1112
2610500,1226500,2022,33,10,18,1920,2610-1226
2658908,1254624,2024,33,1,2,1920,2658-1254
2660500,1270500,2025,33,1,2,1920,2660-1270
2687246,1228155,2023,33,3,13,1920,2687-1228
2615500,1174500,2025,33,1,2,1920,2615-1174
2690171,1275019,2022,33,3,13,1920,2690-1275
2725695,1220036,2021,33,1,18,1920,2725-1220
2489095,1112886,2024,33,1,2,1920,2489-1112
2679223,1261863,2025,39,3,2,1920,2679-1261
2709459.10430758,1112619.57720119,2022,39,6,1,1920,2709-1112
2660500,1269500,2022,39,2,1,1920,2660-1269
2615481,1174194,2024,39,6,2,1920,2615-1174
2615483,1174320,2024,39,1,2,1920,2615-1174
2706555,1230382,2021,15,2,0,1920,2706-1230
2670229,1242545,2021,39,1,2,1920,2670-1242
2706500,1230500,2021,15,2,0,1920,2706-1230
2670300.06850856,1242299.56432465,2023,45,1,0,1920,2670-1242
2709500,1113500,2022,15,1,0,1920,2709-1113
2679190,1261942,2024,45,1,0,1920,2679-1261
2537586,1180157,2025,45,1,0,1920,2537-1180
2537540,1180275,2025,45,3,0,1920,2537-1180
2537545,1180097,2025,45,3,0,1920,2537-1180
2686844,1272124,2021,15,1,0,1920,2686-1272
2569395,1203296,2022,15,2,0,1920,2569-1203
2672730.08039885,1229727.51875434,2021,15,3,0,1920,2672-1229
2709603,1113344,2022,15,1,0,1920,2709-1113
2490409,1112772,2025,15,2,0,1920,2490-1112
2709628.1002368,1113293.57333526,2023,45,2,0,1920,2709-1113
2670381,1242422,2024,45,2,0,1920,2670-1242
2689861,1271994,2022,21,2,0,1920,2689-1271
2687107,1272053,2025,21,1,0,1920,2687-1272
2687438,1272036,2025,21,1,0,1920,2687-1272
2687376,1272104,2025,21,2,0,1920,2687-1272
2537509.61018522,1180220.62191535,2024,15,2,0,1920,2537-1180
2660500,1270500,2025,21,3,0,1920,2660-1270
2537505,1180241,2021,51,1,0,1920,2537-1180
2537401,1180169,2021,51,1,0,1920,2537-1180
2537530,1180241,2022,51,,0,1920,2537-1180
2537513,1180212,2022,51,,0,1920,2537-1180
2537538,1180273,2022,51,1,0,1920,2537-1180
2537426,1180386,2021,51,1,0,1920,2537-1180
2537410,1180389,2022,51,3,0,1920,2537-1180
2670110,1242529,2022,15,3,0,1920,2670-1242
2706500,1230500,2025,15,1,0,1920,2706-1230
2559500,1137500,2022,21,1,2,1920,2559-1137
2670500,1240500,2021,21,2,0,1920,2670-1240
2688500,1272500,2022,21,2,0,1920,2688-1272
2569270,1203335,2024,21,1,0,1920,2569-1203
2706724,1270688,2024,21,1,0,1920,2706-1270
2653500,1256500,2023,21,1,0,1920,2653-1256
2660007,1270243,2025,15,1,0,1920,2660-1270
2537509.61018522,1180220.62191535,2023,21,10,0,1920,2537-1180
2569446,1203657,2022,21,1,0,1920,2569-1203
2569587,1203736,2022,21,1,0,1920,2569-1203
2660035,1270175,2025,15,1,0,1920,2660-1270
2559098.38997532,1138480.35081721,2023,21,3,0,1920,2559-1138
2537509.61018522,1180220.62191535,2023,21,12,0,1920,2537-1180
2670300.06850856,1242299.56432465,2025,21,2,0,1920,2670-1242
2537509.61018522,1180220.62191535,2023,21,8,0,1920,2537-1180
2700000.59040254,1272100.79127784,2022,21,3,0,1920,2700-1272
2569597,1203744,2024,21,2,0,1920,2569-1203
2537509.61018522,1180220.62191535,2024,21,1,0,1920,2537-1180
2537502,1180092,2022,57,3,0,1920,2537-1180
2660500,1270500,2022,21,1,0,1920,2660-1270
2750500,1263500,2022,21,3,0,1920,2750-1263
2660500,1270500,2021,21,1,0,1920,2660-1270
2750500,1263500,2023,21,2,0,1920,2750-1263
2660500,1270500,2022,21,1,0,1920,2660-1270
2710068,1112515,2024,21,2,6,1920,2710-1112
2670353,1242330,2023,21,2,0,1920,2670-1242
2607500,1216500,2023,21,2,0,1920,2607-1216
2660500,1270500,2021,21,1,0,1920,2660-1270
2568782,1176215,2022,21,1,7,1920,2568-1176
2705666,1111754,2021,21,1,0,1920,2705-1111
2670500,1242500,2021,21,1,0,1920,2670-1242
2670300.06850856,1242299.56432465,2025,21,1,0,1920,2670-1242
2759999.99367169,1263000.27822094,2021,21,2,0,1920,2759-1263
2759999.99367169,1263000.27822094,2021,21,2,0,1920,2759-1263
2670300.06850856,1242299.56432465,2023,21,1,0,1920,2670-1242
2710500,1112500,2023,21,3,0,1920,2710-1112
2670300.06850856,1242299.56432465,2025,21,2,0,1920,2670-1242
2670500,1242500,2024,21,7,0,1920,2670-1242
2660028,1270558,2025,21,2,0,1920,2660-1270
2610415,1226419,2022,21,2,6,1920,2610-1226
2660099,1270522,2025,21,1,0,1920,2660-1270
2660073,1270561,2025,21,2,0,1920,2660-1270
2712777,1113970,2023,21,2,6,1920,2712-1113
2712668,1113856,2023,21,2,0,1920,2712-1113
2712715,1113898,2023,21,2,0,1920,2712-1113
2569346,1203311,2022,21,1,0,1920,2569-1203
2568786,1176189,2024,21,1,0,1920,2568-1176
2493645,1115180,2025,21,2,0,1920,2493-1115
2568776,1176246,2022,21,2,4,1920,2568-1176
2560054,1137897,2022,21,1,7,1920,2560-1137
2706500,1230500,2021,21,1,0,1920,2706-1230
2490426,1112581,2022,21,2,0,1920,2490-1112
2712500,1271500,2024,21,2,2,1920,2712-1271
2672500,1232500,2024,21,4,4,1920,2672-1232
2630569,1238231,2024,27,2,19,1920,2630-1238
2670095,1242400,2024,21,5,6,1920,2670-1242
2501641,1118289,2023,27,1,1,1920,2501-1118
2710156,1112562,2021,21,2,0,1920,2710-1112
2670066,1242610,2023,21,2,0,1920,2670-1242
2709500,1112500,2021,21,2,0,1920,2709-1112
2710260,1112559,2023,21,3,0,1920,2710-1112
2686854,1272171,2024,21,3,0,1920,2686-1272
2627500,1268500,2021,21,1,0,1920,2627-1268
2679094,1261903,2022,27,2,2,1920,2679-1261
2660500,1270500,2025,27,2,2,1920,2660-1270
2759999.99367169,1263000.27822094,2022,21,2,0,1920,2759-1263
2488923,1113117,2024,21,1,0,1920,2488-1113
2670350.07219683,1240899.55926051,2023,21,1,0,1920,2670-1240
2630996,1238469,2024,27,2,18,1920,2630-1238
2560051,1137967,2022,21,1,7,1920,2560-1137
2630852,1238192,2024,27,2,2,1920,2630-1238
2490445,1112689,2024,27,2,4,1920,2490-1112
2490394,1112811,2024,27,2,1,1920,2490-1112
2490370,1112781,2024,27,2,4,1920,2490-1112
2490381,1112807,2024,27,2,1,1920,2490-1112
2613130,1129145,2021,27,1,2,1920,2613-1129
2607162,1216573,2023,21,2,0,1920,2607-1216
2608500,1268500,2023,21,2,0,1920,2608-1268
2751840,1262836,2024,21,1,0,1920,2751-1262
2718189,1138257,2024,27,2,4,1920,2718-1138
2718177,1137924,2024,27,1,1,1920,2718-1137
2660225,1270259,2021,21,1,0,1920,2660-1270
2660286,1270281,2021,21,1,0,1920,2660-1270
2660344,1269922,2022,21,2,0,1920,2660-1269
2788950,1159210,2023,27,1,18,1920,2788-1159
2620500,1265500,2021,27,1,2,1920,2620-1265
2670500,1240500,2021,27,1,2,1920,2670-1240
2681216,1272732,2023,27,1,8,1920,2681-1272
2681215,1272731,2023,27,1,8,1920,2681-1272
2706714,1270757,2023,27,1,2,1920,2706-1270
2579868,1212169,2024,27,2,2,1920,2579-1212
2491065.50845104,1112528.16964175,2025,27,2,4,1920,2491-1112
2579868,1212242,2022,27,1,1,1920,2579-1212
2579842,1212224,2022,27,1,1,1920,2579-1212
2579845,1212199,2024,27,2,2,1920,2579-1212
2754007,1213029,2024,27,1,2,1920,2754-1213
2490405,1112772,2024,27,2,4,1920,2490-1112
2537628,1180194,2024,27,1,1,1920,2537-1180
2501561,1118200,2023,27,1,1,1920,2501-1118
2501608,1118229,2023,27,1,1,1920,2501-1118
2627500,1268500,2021,27,1,2,1920,2627-1268
2670300.06850856,1242299.56432465,2024,27,3,4,1920,2670-1242
2670300.06850856,1242299.56432466,2022,27,4,1,1920,2670-1242
2620500,1265500,2021,27,1,1,1920,2620-1265
2537509.61018522,1180220.62191535,2023,27,1,1,1920,2537-1180
2663050.99869024,1273558.64705232,2022,27,1,1,1920,2663-1273
2670300.06850856,1242299.56432466,2022,27,2,2,1920,2670-1242
2710500,1112500,2025,27,1,2,1920,2710-1112
2660500,1270500,2024,27,1,1,1920,2660-1270
2608500,1268500,2021,27,1,2,1920,2608-1268
2788673,1158487,2025,27,2,2,1920,2788-1158
2788733,1158409,2025,27,1,18,1920,2788-1158
2704197,1112418,2024,27,5,1,1920,2704-1112
2603654,1197003,2021,27,2,4,1920,2603-1197
2706773,1270748,2022,33,1,2,1920,2706-1270
2660048,1270511,2025,27,1,2,1920,2660-1270
2660121,1270363,2025,27,2,1,1920,2660-1270
2686689,1272098,2025,27,1,2,1920,2686-1272
2660009,1270577,2025,27,1,1,1920,2660-1270
2603606,1197073,2021,27,2,18,1920,2603-1197
2580090.6502114,1212497.13430467,2021,27,1,1,1920,2580-1212
2580090.6502114,1212497.13430467,2022,27,1,2,1920,2580-1212
2757718,1235042,2021,27,2,6,1920,2757-1235
2660500,1270500,2025,27,2,2,1920,2660-1270
2678500,1267500,2022,33,4,1,1920,2678-1267
2687224,1272104,2022,33,1,2,1920,2687-1272
2560087,1137815,2021,27,1,2,1920,2560-1137
2660500,1270500,2024,27,2,2,1920,2660-1270
2560095,1137882,2021,27,4,13,1920,2560-1137
2501401.67697745,1118248.82566905,2023,27,1,1,1920,2501-1118
2611699,1178004,2022,27,1,11,1920,2611-1178
2490481.51409212,1112705.18624407,2024,27,2,1,1920,2490-1112
2758500,1236500,2021,33,3,2,1920,2758-1236
2610759,1226800,2021,27,1,2,1920,2610-1226
2820400.2152294,1187699.84569918,2021,27,3,2,1920,2820-1187
2704500,1112500,2021,27,1,2,1920,2704-1112
2580090.6502114,1212497.13430467,2022,27,1,2,1920,2580-1212
2751829,1262802,2021,27,3,3,1920,2751-1262
2751810,1262638,2021,34,1,3,1920,2751-1262
2751825,1262780,2021,34,2,3,1920,2751-1262
2627500,1268500,2021,27,2,2,1920,2627-1268
2615519,1174310,2023,27,2,4,1920,2615-1174
2670273,1242482,2023,27,1,2,1920,2670-1242
2670030,1242567,2022,27,2,1,1920,2670-1242
2679153,1261846,2021,33,1,2,1920,2679-1261
2615552,1174278,2022,34,1,2,1920,2615-1174
2759500,1238500,2022,27,3,2,1920,2759-1238
2670300.06850856,1242299.56432465,2023,33,1,2,1920,2670-1242
2779658,1145947,2022,39,1,2,1920,2779-1145
2779709,1145972,2025,39,1,2,1920,2779-1145
2489324,1112898,2024,39,1,2,1920,2489-1112
2720077,1127340,2021,39,2,4,1920,2720-1127
2679228,1261987,2022,39,3,2,1920,2679-1261
2678388,1261700,2025,40,1,1,1920,2678-1261
2788500,1158500,2022,39,12,1,1920,2788-1158
2493116.60041062,1115700.08608876,2025,39,3,13,1920,2493-1115
2569381,1203600,2022,39,1,2,1920,2569-1203
2620500,1265500,2022,33,3,4,1920,2620-1265
2572792,1175159,2022,40,4,13,1920,2572-1175
2569673,1203096,2022,40,7,1,1920,2569-1203
2569696,1203070,2022,40,6,1,1920,2569-1203
2569705,1203081,2022,40,1,1,1920,2569-1203
2709473,1113165,2022,45,4,0,1920,2709-1113
2627500,1268500,2023,45,2,0,1920,2627-1268
2678451.8885035,1261824.64753559,2023,40,1,1,1920,2678-1261
2678743.88625199,1261738.64812515,2023,40,1,1,1920,2678-1261
2606335,1227894,2025,33,1,2,1920,2606-1227
2670159,1242400,2023,39,1,2,1920,2670-1242
2670067,1242576,2023,39,1,2,1920,2670-1242
2709628.1002368,1113293.57333526,2022,15,4,0,1920,2709-1113
2619909,1230872,2025,40,2,4,1920,2619-1230
2569128,1196718,2025,40,2,2,1920,2569-1196
2569131,1196705,2022,40,1,1,1920,2569-1196
2707697.43489667,1278958.87957616,2025,40,1,1,1920,2707-1278
2678447,1261658,2023,45,1,0,1920,2678-1261
2678500,1261500,2023,46,2,0,1920,2678-1261
2788865,1159075,2023,39,2,1,1920,2788-1159
2537378,1180138,2022,46,2,0,1920,2537-1180
2537536,1180223,2025,46,3,0,1920,2537-1180
2537407,1180379,2025,46,3,0,1920,2537-1180
2537570,1180309,2022,46,2,0,1920,2537-1180
2660500,1270500,2025,39,2,1,1920,2660-1270
2670500,1242500,2025,15,2,0,1920,2670-1242
2678459,1261695,2022,46,1,0,1920,2678-1261
2660500,1269500,2025,39,1,1,1920,2660-1269
2579879,1212103,2024,45,2,0,1920,2579-1212
2580090.6502114,1212497.13430467,2021,45,2,0,1920,2580-1212
2679198.87987549,1261961.65025197,2024,46,1,0,1920,2679-1261
2678743.88625199,1261738.64812515,2023,45,1,0,1920,2678-1261
2709660,1112513,2025,46,2,0,1920,2709-1112
2660500,1270500,2025,39,1,1,1920,2660-1270
2569147.44266037,1196706.26540992,2021,51,2,0,1920,2569-1196
2569130,1196715,2024,46,2,0,1920,2569-1196
2558730.38781529,1138466.35807626,2022,21,1,0,1920,2558-1138
2707697.43489666,1278958.87957617,2021,21,3,0,1920,2707-1278
2660500,1270500,2025,52,1,0,1920,2660-1270
2537609,1180293,2025,52,1,0,1920,2537-1180
2537599,1180168,2025,52,1,0,1920,2537-1180
2537576,1180277,2025,52,2,0,1920,2537-1180
2678515.88908633,1261671.64722243,2023,45,1,0,1920,2678-1261
2578667.51943261,1203746.12803837,2022,45,1,0,1920,2578-1203
2678743.88625199,1261738.64812515,2024,45,2,0,1920,2678-1261
2670300.06850856,1242299.56432465,2023,45,2,0,1920,2670-1242
2537509.61018522,1180220.62191535,2025,45,2,0,1920,2537-1180
2537509.61018522,1180220.62191536,2022,51,3,0,1920,2537-1180
2537509.61018522,1180220.62191536,2021,51,4,0,1920,2537-1180
2537509.61018522,1180220.62191535,2025,45,3,0,1920,2537-1180
2537509.61018522,1180220.62191536,2022,45,1,0,1920,2537-1180
2569500,1203500,2024,21,2,0,1920,2569-1203
2670500,1242500,2023,52,1,0,1920,2670-1242
2670500,1242500,2023,52,2,0,1920,2670-1242
2569152,1196490,2024,45,1,0,1920,2569-1196
2679198.87987549,1261961.65025197,2025,52,4,0,1920,2679-1261
2670292,1242232,2023,21,1,0,1920,2670-1242
2670500,1242500,2024,51,3,0,1920,2670-1242
2705521,1112070,2021,21,1,0,1920,2705-1112
2580090.6502114,1212497.13430467,2021,52,4,0,1920,2580-1212
2569500,1203500,2025,45,4,0,1920,2569-1203
2660500,1270500,2021,45,1,0,1920,2660-1270
2660500,1270500,2024,21,1,0,1920,2660-1270
2660500,1270500,2021,45,1,0,1920,2660-1270
2660500,1270500,2024,21,1,0,1920,2660-1270
2706500,1230500,2023,21,1,0,1920,2706-1230
2672610,1232423,2023,21,1,0,1920,2672-1232
2672765,1232078,2023,21,1,0,1920,2672-1232
2634173,1243708,2024,21,1,0,1920,2634-1243
2672629,1232448,2023,21,3,0,1920,2672-1232
2672626,1232012,2023,21,1,0,1920,2672-1232
2672567,1232410,2023,21,3,0,1920,2672-1232
2634225,1243780,2023,21,2,0,1920,2634-1243
2537509.61018522,1180220.62191536,2022,51,6,0,1920,2537-1180
2537509.61018522,1180220.62191535,2025,51,3,0,1920,2537-1180
2672703,1229954,2021,21,2,6,1920,2672-1229
2710155,1112621,2024,21,2,6,1920,2710-1112
2670376,1242444,2024,21,1,0,1920,2670-1242
2672569,1230053,2024,21,2,0,1920,2672-1230
2571324,1107483,2023,21,1,0,1920,2571-1107
2706546,1270337,2022,21,2,0,1920,2706-1270
2571338,1107484,2023,21,1,0,1920,2571-1107
2620500,1265500,2023,21,3,6,1920,2620-1265
2706500,1230500,2021,21,1,0,1920,2706-1230
2660500,1270500,2025,21,2,0,1920,2660-1270
2615500,1174500,2021,21,2,0,1920,2615-1174
2704942.1110355,1111918.55267258,2023,21,2,0,1920,2704-1111
2725522,1219983,2021,27,2,4,1920,2725-1219
2678451.8885035,1261824.64753559,2025,27,1,1,1920,2678-1261
2670300.06850856,1242299.56432466,2022,27,2,2,1920,2670-1242
2579843,1212299,2024,27,1,2,1920,2579-1212
2620500,1265500,2021,27,2,2,1920,2620-1265
2759500,1263500,2021,27,1,2,1920,2759-1263
2660500,1270500,2025,27,3,2,1920,2660-1270
2537525,1180107,2023,27,2,1,1920,2537-1180
2537480,1180203,2023,27,2,2,1920,2537-1180
2658919,1254534,2024,27,2,8,1920,2658-1254
2670500,1242500,2023,27,1,1,1920,2670-1242
2634066,1243837,2023,27,3,2,1920,2634-1243
2571437,1107186,2023,27,1,2,1920,2571-1107
2573985,1162909,2025,27,2,5,1920,2573-1162
2574106,1162843,2025,27,1,2,1920,2574-1162
2491109,1112555,2025,27,1,2,1920,2491-1112
2660159,1270397,2025,27,1,2,1920,2660-1270
2679198.87987549,1261961.65025197,2022,27,2,1,1920,2679-1261
2670244,1242303,2023,27,1,2,1920,2670-1242
2670385,1242424,2024,27,1,1,1920,2670-1242
2670500,1242500,2021,27,2,2,1920,2670-1242
2653500,1256500,2024,33,1,2,1920,2653-1256
2677332,1229717,2021,33,6,13,1920,2677-1229
2679197,1261877,2021,33,2,4,1920,2679-1261
2663050.99869024,1273558.64705232,2022,33,2,4,1920,2663-1273
2670379,1242425,2024,33,1,2,1920,2670-1242
2573894,1162620,2024,33,2,4,1920,2573-1162
2679214,1261833,2022,39,3,1,1920,2679-1261
2654500,1271500,2021,15,1,0,1920,2654-1271
2670500,1240500,2023,15,1,0,1920,2670-1240
2660500,1270500,2025,39,2,2,1920,2660-1270
2660500,1270500,2025,39,2,1,1920,2660-1270
2760500,1203500,2022,39,1,2,1920,2760-1203
2670300.06850856,1242299.56432465,2023,39,4,2,1920,2670-1242
2670500,1242500,2022,15,1,0,1920,2670-1242
2660500,1270500,2025,39,1,1,1920,2660-1270
2558730.38781529,1138466.35807626,2025,15,3,0,1920,2558-1138
2617265,1170947,2023,39,1,2,1920,2617-1170
2706500,1230500,2025,15,5,0,1920,2706-1230
2569134,1196715,2025,39,1,1,1920,2569-1196
2615446,1174299,2023,39,3,2,1920,2615-1174
2569644.55120499,1203073.27749823,2022,39,3,1,1920,2569-1203
2706500,1230500,2025,15,1,0,1920,2706-1230
2660500,1270500,2021,45,1,0,1920,2660-1270
2679207,1261920,2024,45,3,0,1920,2679-1261
2709599,1113345,2022,45,11,0,1920,2709-1113
2537384,1180344,2024,15,4,0,1920,2537-1180
2537593,1180167,2024,15,3,0,1920,2537-1180
2660500,1269500,2021,45,1,0,1920,2660-1269
2537603,1180192,2024,15,4,0,1920,2537-1180
2537592,1180153,2024,15,4,0,1920,2537-1180
2678500,1261500,2023,45,1,0,1920,2678-1261
2537420,1180152,2022,45,1,0,1920,2537-1180
2718500,1138500,2022,15,1,0,1920,2718-1138
2709628.1002368,1113293.57333526,2023,45,5,0,1920,2709-1113
2660500,1270500,2021,22,1,0,1920,2660-1270
2706500,1230500,2021,22,1,0,1920,2706-1230
2709628.1002368,1113293.57333526,2023,45,6,0,1920,2709-1113
2490481.51409212,1112705.18624407,2025,22,2,0,1920,2490-1112
2660500,1270500,2022,15,1,0,1920,2660-1270
2490409,1112767,2025,15,2,0,1920,2490-1112
2490481.51409212,1112705.18624407,2023,22,2,0,1920,2490-1112
2490755.50618846,1112445.17970938,2022,22,2,0,1920,2490-1112
2490427,1112780,2025,15,2,0,1920,2490-1112
2709608,1112480,2021,22,1,0,1920,2709-1112
2670108,1242469,2021,51,3,0,1920,2670-1242
2706436,1230321,2025,15,2,0,1920,2706-1230
2706500,1230500,2021,22,1,0,1920,2706-1230
2670300.06850856,1242299.56432466,2021,51,1,0,1920,2670-1242
2615476,1174342,2025,22,1,0,1920,2615-1174
2709628.1002368,1113293.57333526,2021,22,1,0,1920,2709-1113
2660332,1269901,2022,22,1,0,1920,2660-1269
2709500,1112500,2023,22,5,0,1920,2709-1112
2710186,1112619,2021,22,4,7,1920,2710-1112
2670355,1242447,2025,22,1,0,1920,2670-1242
2670500,1242500,2024,51,3,0,1920,2670-1242
2757207,1222294,2022,22,1,0,1920,2757-1222
2670203,1242379,2021,51,1,0,1920,2670-1242
2537452,1180370,2021,51,3,0,1920,2537-1180
2537458,1180230,2022,51,10,0,1920,2537-1180
2670226,1242539,2021,51,2,0,1920,2670-1242
2537533,1180267,2022,51,3,0,1920,2537-1180
2687338,1272120,2022,22,2,0,1920,2687-1272
2687500,1272500,2021,22,4,0,1920,2687-1272
2670500,1242500,2021,22,3,0,1920,2670-1242
2710500,1112500,2023,22,2,0,1920,2710-1112
2709500,1113500,2023,22,1,0,1920,2709-1113
2537523,1180238,2023,22,18,0,1920,2537-1180
2537552,1180210,2023,22,15,0,1920,2537-1180
2537615,1180186,2024,22,2,0,1920,2537-1180
2537505,1180212,2024,22,2,0,1920,2537-1180
2670314,1242345,2025,15,1,0,1920,2670-1242
2706500,1230500,2023,21,1,0,1920,2706-1230
2680500,1271500,2021,22,2,0,1920,2680-1271
2670366,1242336,2025,15,4,0,1920,2670-1242
2705215,1111908,2023,21,4,0,1920,2705-1111
2607184.51170395,1216551.78757314,2022,22,2,0,1920,2607-1216
2607184.51170395,1216551.78757314,2022,22,1,0,1920,2607-1216
2705315,1111935,2023,21,5,0,1920,2705-1111
2678490,1261707,2023,22,4,0,1920,2678-1261
2559968,1138339,2021,22,1,0,1920,2559-1138
2660032,1270539,2025,22,2,0,1920,2660-1270
2660500,1270500,2023,51,1,0,1920,2660-1270
2679191,1261874,2022,21,2,0,1920,2679-1261
2501561,1118200,2023,28,1,1,1920,2501-1118
2660500,1270500,2024,28,2,2,1920,2660-1270
2490481.51409212,1112705.18624407,2025,15,2,0,1920,2490-1112
2706500,1230500,2022,21,2,6,1920,2706-1230
2672759,1229630,2025,28,3,5,1920,2672-1229
2678743.88625199,1261738.64812515,2025,28,1,11,1920,2678-1261
2690012,1271974,2024,28,2,4,1920,2690-1271
2788733,1158371,2022,28,2,19,1920,2788-1158
2630547,1238192,2024,21,2,0,1920,2630-1238
2490504,1111338,2023,21,1,0,1920,2490-1111
2757991,1235937,2021,28,1,2,1920,2757-1235
2755224,1228313,2021,28,1,2,1920,2755-1228
2692644,1285693,2025,21,1,0,1920,2692-1285
2672693,1230006,2021,21,2,4,1920,2672-1230
2756128,1224570,2021,28,2,2,1920,2756-1224
2756097,1230888,2021,28,1,2,1920,2756-1230
2755756,1230076,2021,28,5,2,1920,2755-1230
2579872,1212187,2024,28,2,2,1920,2579-1212
2490407,1112748,2023,21,1,0,1920,2490-1112
2712289,1113627,2024,28,1,1,1920,2712-1113
2712383,1113676,2024,28,1,1,1920,2712-1113
2712421,1113600,2024,28,1,1,1920,2712-1113
2678363,1261902,2025,28,1,1,1920,2678-1261
2678386,1261907,2025,28,1,2,1920,2678-1261
2660500,1269500,2025,21,2,0,1920,2660-1269
2660500,1270500,2025,21,2,0,1920,2660-1270
2791222,1148938,2021,28,2,4,1920,2791-1148
2670300.06850856,1242299.56432466,2022,21,2,0,1920,2670-1242
2670300.06850856,1242299.56432465,2023,21,1,0,1920,2670-1242
2607184.51170395,1216551.78757314,2021,28,2,6,1920,2607-1216
2653500,1256500,2022,28,2,2,1920,2653-1256
2660500,1270500,2025,28,1,2,1920,2660-1270
2608500,1268500,2024,21,1,0,1920,2608-1268
2709500,1112500,2021,21,4,0,1920,2709-1112
2670300.06850856,1242299.56432465,2024,21,7,0,1920,2670-1242
2537509.61018522,1180220.62191535,2023,21,10,0,1920,2537-1180
2670300.06850856,1242299.56432465,2023,21,2,0,1920,2670-1242
2537509.61018522,1180220.62191535,2023,21,10,0,1920,2537-1180
2609519,1127330,2021,34,1,8,1920,2609-1127
2670747,1242000,2025,21,1,0,1920,2670-1242
2670142,1242548,2024,21,2,0,1920,2670-1242
2615471,1174198,2021,21,2,0,1920,2615-1174
2615417,1174259,2021,21,2,0,1920,2615-1174
2537500,1180500,2023,21,12,0,1920,2537-1180
2670392,1242298,2024,21,1,0,1920,2670-1242
2755346,1212221,2025,21,1,0,1920,2755-1212
2757910,1218121,2025,34,1,2,1920,2757-1218
2756097,1215818,2025,34,1,2,1920,2756-1215
2757678,1217287,2025,34,2,4,1920,2757-1217
2757072,1216656,2025,34,1,2,1920,2757-1216
2660500,1270500,2025,21,2,0,1920,2660-1270
2611518,1177736,2022,34,3,13,1920,2611-1177
2615500,1174500,2025,21,2,0,1920,2615-1174
2660500,1270500,2025,34,3,2,1920,2660-1270
2706460,1230279,2021,21,1,0,1920,2706-1230
2706500,1230500,2022,21,1,0,1920,2706-1230
2706423,1230316,2022,21,1,0,1920,2706-1230
2706558,1230384,2021,21,1,0,1920,2706-1230
2634238,1243748,2025,21,1,0,1920,2634-1243
2687282,1272188,2024,21,3,0,1920,2687-1272
2634500,1243500,2025,21,2,7,1920,2634-1243
2634500,1243500,2025,21,1,0,1920,2634-1243
2706727,1270759,2025,21,5,0,1920,2706-1270
2569147.44266037,1196706.26540992,2024,40,1,1,1920,2569-1196
2559500,1137500,2022,21,1,12,1920,2559-1137
2709500,1112500,2021,21,3,0,1920,2709-1112
2569111,1196554,2025,40,3,1,1920,2569-1196
2569215,1196726,2025,40,1,1,1920,2569-1196
2569120,1196716,2025,40,1,1,1920,2569-1196
2560100,1137851,2023,21,1,18,1920,2560-1137
2660077,1270555,2025,21,2,0,1920,2660-1270
2702659.41195306,1281914.8508067,2022,27,1,2,1920,2702-1281
2756226,1224260,2021,40,1,2,1920,2756-1224
2718162,1138203,2025,21,1,0,1920,2718-1138
2718146,1138194,2024,21,2,0,1920,2718-1138
2660500,1270500,2025,27,2,1,1920,2660-1270
2611553,1177848,2023,40,2,13,1920,2611-1177
2660500,1270500,2025,27,4,4,1920,2660-1270
2678349,1261717,2025,40,1,1,1920,2678-1261
2678500,1261500,2022,40,1,1,1920,2678-1261
2619277,1264470,2023,27,1,8,1920,2619-1264
2678363,1261900,2025,27,1,2,1920,2678-1261
2537520,1180235,2025,46,4,0,1920,2537-1180
2537509.61018522,1180220.62191535,2024,27,2,1,1920,2537-1180
2537509.61018522,1180220.62191535,2023,27,3,1,1920,2537-1180
2580090.6502114,1212497.13430467,2022,27,1,1,1920,2580-1212
2670425,1242397,2024,27,2,2,1920,2670-1242
2709377,1113180,2023,46,10,0,1920,2709-1113
2490363,1112773,2024,27,2,4,1920,2490-1112
2660500,1270500,2025,46,2,0,1920,2660-1270
2660124,1270291,2025,27,4,2,1920,2660-1270
2705116,1112087,2023,21,2,0,1920,2705-1112
2705170,1112042,2023,21,1,0,1920,2705-1112
2660274,1269934,2025,27,1,1,1920,2660-1269
2660364,1269912,2025,27,1,1,1920,2660-1269
2705404,1112011,2023,21,1,0,1920,2705-1112
2709459.10430758,1112619.57720119,2025,46,4,0,1920,2709-1112
2670300.06850856,1242299.56432466,2021,27,2,1,1920,2670-1242
2672730.08039885,1229727.51875434,2021,27,1,2,1920,2672-1229
2706500,1230500,2022,21,2,0,1920,2706-1230
2615590,1174271,2021,21,1,0,1920,2615-1174
2668825,1255945,2021,27,2,18,1920,2668-1255
2668714,1255979,2021,27,2,18,1920,2668-1255
2537509.61018522,1180220.62191535,2023,27,1,1,1920,2537-1180
2579852,1212209,2022,27,2,2,1920,2579-1212
2710500,1112500,2024,27,2,2,1920,2710-1112
2678458,1261697,2022,46,1,0,1920,2678-1261
2678466,1261680,2023,46,2,0,1920,2678-1261
2615437,1174275,2023,27,1,1,1920,2615-1174
2537509.61018522,1180220.62191535,2024,27,1,1,1920,2537-1180
2537480,1180201,2025,52,3,0,1920,2537-1180
2537303,1180019,2021,52,8,0,1920,2537-1180
2569525.56262002,1203696.28167077,2023,52,1,0,1920,2569-1203
2615470,1174341,2025,52,1,0,1920,2615-1174
2756863,1216443,2025,27,1,8,1920,2756-1216
2706500,1230500,2025,52,1,0,1920,2706-1230
2670500,1242500,2023,27,2,2,1920,2670-1242
2658998,1254655,2022,27,2,4,1920,2658-1254
2660500,1270500,2025,33,1,1,1920,2660-1270
2670322,1242374,2023,33,2,2,1920,2670-1242
2660708,1269742,2024,33,1,1,1920,2660-1269
2729756,1275553,2021,27,1,2,1920,2729-1275
2603596,1197086,2021,27,2,18,1920,2603-1197
2560067,1137865,2022,27,1,5,1920,2560-1137
2660027,1270575,2025,27,2,1,1920,2660-1270
2501401.67697745,1118248.82566905,2021,27,1,1,1920,2501-1118
2610421,1226423,2021,27,3,18,1920,2610-1226
2718160,1138171,2023,27,1,2,1920,2718-1138
2574071.88294442,1163497.09481235,2025,27,2,4,1920,2574-1163
2660500,1270500,2025,39,2,1,1920,2660-1270
2660500,1270500,2025,39,2,2,1920,2660-1270
2614800,1171545,2021,33,1,2,1920,2614-1171
2706500,1230500,2024,39,3,2,1920,2706-1230
2670300.06850856,1242299.56432465,2023,15,1,0,1920,2670-1242
2672816,1229632,2025,39,1,3,1920,2672-1229
2729500,1275500,2021,33,2,4,1920,2729-1275
2688815,1272066,2024,39,1,18,1920,2688-1272
2688814,1272065,2024,39,1,18,1920,2688-1272
2688884,1272076,2024,39,1,14,1920,2688-1272
2789164,1159404,2024,33,1,2,1920,2789-1159
2659691,1267705,2022,33,2,4,1920,2659-1267
2687385,1264157,2025,33,2,13,1920,2687-1264
2709628.1002368,1113293.57333526,2022,45,1,0,1920,2709-1113
2693959,1281995,2021,33,4,13,1920,2693-1281
2537381,1180220,2023,15,3,0,1920,2537-1180
2679198.87987549,1261961.65025197,2023,45,1,0,1920,2679-1261
2559098.38997532,1138480.35081721,2025,15,1,0,1920,2559-1138
2537509.61018522,1180220.62191535,2025,45,3,0,1920,2537-1180
2760505,1203575,2025,33,1,2,1920,2760-1203
2788813,1159029,2025,33,2,18,1920,2788-1159
2788857,1159125,2024,33,5,13,1920,2788-1159
2718139,1138081,2022,33,2,1,1920,2718-1138
2568857,1176250,2024,33,2,2,1920,2568-1176
2709599,1113361,2023,45,1,0,1920,2709-1113
2578667.51943261,1203746.12803837,2023,39,1,1,1920,2578-1203
2672800.075557,1232199.52841523,2021,15,2,0,1920,2672-1232
2606358,1227860,2025,39,1,2,1920,2606-1227
2788500,1158500,2023,39,1,2,1920,2788-1158
2678743.88625199,1261738.64812515,2024,52,2,0,1920,2678-1261
2558619,1138509,2022,15,1,0,1920,2558-1138
2678743.88625199,1261738.64812515,2024,52,2,0,1920,2678-1261
2718204,1137967,2025,39,2,1,1920,2718-1137
2718191,1138497,2025,39,1,1,1920,2718-1138
2718153,1137985,2024,39,2,1,1920,2718-1137
2634197,1243726,2025,21,1,0,1920,2634-1243
2489184.52091186,1112896.2246438,2025,39,1,2,1920,2489-1112
2672600,1232454,2023,21,3,0,1920,2672-1232
2712500,1271500,2024,21,4,0,1920,2712-1271
2660500,1270500,2025,21,2,0,1920,2660-1270
2537509.61018522,1180220.62191536,2022,52,5,0,1920,2537-1180
2579758,1212345,2022,52,1,0,1920,2579-1212
2579787,1212225,2022,52,2,0,1920,2579-1212
2660500,1270500,2024,39,3,1,1920,2660-1270
2493116.60041062,1115700.08608876,2025,39,3,13,1920,2493-1115
2660009,1270620,2025,39,2,1,1920,2660-1270
2569201,1196709,2025,39,4,1,1920,2569-1196
2760314,1202723,2023,39,2,13,1920,2760-1202
2670425,1242394,2024,21,2,0,1920,2670-1242
2678743.88625199,1261738.64812515,2024,45,2,0,1920,2678-1261
2678515.88908633,1261671.64722243,2023,45,1,0,1920,2678-1261
2490685,1112414,2022,21,2,0,1920,2490-1112
2670500,1242500,2023,52,1,0,1920,2670-1242
2537509.61018522,1180220.62191536,2022,45,1,0,1920,2537-1180
2537509.61018522,1180220.62191536,2022,45,2,0,1920,2537-1180
2537500,1180500,2025,45,2,0,1920,2537-1180
2606220,1227893,2025,45,1,8,1920,2606-1227
2759781,1263300,2022,45,1,0,1920,2759-1263
2614500,1174500,2025,21,1,0,1920,2614-1174
2706500,1230500,2022,21,1,0,1920,2706-1230
2670422,1242395,2024,21,2,0,1920,2670-1242
2537524,1180214,2023,21,13,0,1920,2537-1180
2705208,1112019,2023,21,2,0,1920,2705-1112
2660500,1270500,2024,21,3,0,1920,2660-1270
2759500,1263500,2021,21,2,0,1920,2759-1263
2706500,1230500,2025,16,2,0,1920,2706-1230
2660500,1270500,2025,16,1,0,1920,2660-1270
2537509.61018522,1180220.62191536,2022,52,5,0,1920,2537-1180
2537509.61018522,1180220.62191536,2021,52,1,0,1920,2537-1180
2670300.06850856,1242299.56432466,2021,52,2,0,1920,2670-1242
2537509.61018522,1180220.62191536,2022,52,5,0,1920,2537-1180
2634128,1243796,2024,16,1,0,1920,2634-1243
2670201,1242372,2022,52,1,0,1920,2670-1242
2710500,1112500,2023,21,2,0,1920,2710-1112
2670600.07036743,1240849.55927953,2025,16,4,0,1920,2670-1240
2618670.65278626,1128170.52219958,2025,21,1,0,1920,2618-1128
2704942.1110355,1111918.55267258,2023,21,2,0,1920,2704-1111
2569500,1203500,2023,16,1,0,1920,2569-1203
2618663,1128129,2025,21,2,6,1920,2618-1128
2705230,1111926,2025,21,1,0,1920,2705-1111
2709657,1112499,2021,21,3,0,1920,2709-1112
2660500,1270500,2021,21,1,0,1920,2660-1270
2670392,1240942,2025,16,4,0,1920,2670-1240
2490481.51409212,1112705.18624407,2022,22,2,0,1920,2490-1112
2490481.51409212,1112705.18624407,2023,22,2,0,1920,2490-1112
2537563,1180270,2023,22,36,0,1920,2537-1180
2537621,1180193,2024,22,3,0,1920,2537-1180
2660500,1270500,2021,22,1,0,1920,2660-1270
2569500,1203500,2021,27,1,1,1920,2569-1203
2620500,1265500,2023,22,2,0,1920,2620-1265
2672589,1230041,2024,27,2,2,1920,2672-1230
2759822,1263333,2021,27,1,2,1920,2759-1263
2706892,1270679,2021,27,3,3,1920,2706-1270
2537513,1180197,2024,27,2,1,1920,2537-1180
2756204,1215949,2025,27,1,2,1920,2756-1215
2537500,1180212,2023,27,3,2,1920,2537-1180
2537461,1180227,2023,27,1,2,1920,2537-1180
2670300.06850856,1242299.56432465,2023,27,1,2,1920,2670-1242
2710500,1112500,2021,22,2,0,1920,2710-1112
2610439,1226437,2022,22,4,6,1920,2610-1226
2574158,1162766,2025,27,3,6,1920,2574-1162
2574049,1162669,2023,27,2,4,1920,2574-1162
2712210,1113623,2025,22,1,0,1920,2712-1113
2571318,1107444,2023,27,2,14,1920,2571-1107
2660500,1269500,2022,22,2,0,1920,2660-1269
2573989,1162647,2022,27,6,13,1920,2573-1162
2579500,1212500,2025,27,1,1,1920,2579-1212
2789500,1159500,2022,27,2,4,1920,2789-1159
2660500,1270500,2024,27,3,2,1920,2660-1270
2683500,1256500,2021,27,2,6,1920,2683-1256
2709305,1113653,2023,22,1,0,1920,2709-1113
2660210,1270354,2021,22,1,0,1920,2660-1270
2710077,1112575,2021,22,1,0,1920,2710-1112
2819895,1187265,2021,27,2,4,1920,2819-1187
2819881,1187205,2021,27,2,2,1920,2819-1187
2819865,1187161,2021,27,2,2,1920,2819-1187
2819887,1187234,2021,27,2,7,1920,2819-1187
2620500,1265500,2021,27,1,2,1920,2620-1265
2660500,1270500,2024,27,3,2,1920,2660-1270
2820400.2152294,1187699.84569918,2022,22,2,4,1920,2820-1187
2820400.2152294,1187699.84569918,2023,22,2,0,1920,2820-1187
2820400.2152294,1187699.84569918,2023,22,2,0,1920,2820-1187
2751899,1262817,2021,33,2,4,1920,2751-1262
2751796,1262783,2021,33,1,3,1920,2751-1262
2670081,1242571,2023,33,2,2,1920,2670-1242
2653620,1256186,2022,28,2,2,1920,2653-1256
2725675,1220064,2021,33,2,14,1920,2725-1220
2604500,1196500,2021,28,2,4,1920,2604-1196
2615486,1174277,2022,28,1,2,1920,2615-1174
2678445,1262050,2025,28,1,2,1920,2678-1262
2610186,1127713,2022,28,1,2,1920,2610-1127
2751773,1262746,2021,39,3,13,1920,2751-1262
2660500,1270500,2025,39,2,2,1920,2660-1270
2660500,1270500,2025,39,2,1,1920,2660-1270
2660500,1270500,2025,39,1,2,1920,2660-1270
2608500,1268500,2023,28,2,4,1920,2608-1268
2687224,1272104,2024,39,1,2,1920,2687-1272
2670117,1242512,2021,39,1,1,1920,2670-1242
2706719,1270765,2022,39,1,2,1920,2706-1270
2617288,1170931,2024,39,3,1,1920,2617-1170
2488940,1113105,2024,39,2,2,1920,2488-1113
2678743.88625199,1261738.64812515,2023,39,3,1,1920,2678-1261
2706440,1230281,2025,15,1,0,1920,2706-1230
2706485,1230309,2025,15,2,0,1920,2706-1230
2706557,1230383,2025,15,1,0,1920,2706-1230
2706458,1230350,2022,15,1,0,1920,2706-1230
2670377,1242431,2022,45,1,0,1920,2670-1242
2706387,1270622,2023,45,1,0,1920,2706-1270
2687500,1272500,2021,15,1,0,1920,2687-1272
2791299,1148809,2025,34,1,8,1920,2791-1148
2791493,1148519,2025,34,2,11,1920,2791-1148
2690012,1271974,2024,34,1,7,1920,2690-1271
2490552,1111376,2022,34,1,8,1920,2490-1111
2678500,1261500,2022,45,1,0,1920,2678-1261
2670043,1242516,2023,34,3,2,1920,2670-1242
2788650,1158273,2022,34,3,13,1920,2788-1158
2760533,1203864,2021,34,1,1,1920,2760-1203
2709628.1002368,1113293.57333526,2022,45,2,0,1920,2709-1113
2670300.06850856,1242299.56432465,2025,15,5,0,1920,2670-1242
2706500,1230500,2024,40,2,2,1920,2706-1230
2706500,1230500,2024,52,3,0,1920,2706-1230
2569205,1203344,2022,40,1,2,1920,2569-1203
2569702,1203098,2022,40,2,1,1920,2569-1203
2537428,1180212,2025,52,1,0,1920,2537-1180
2537603,1180173,2025,52,1,0,1920,2537-1180
2537474,1180228,2025,52,1,0,1920,2537-1180
2537539,1180196,2025,52,2,0,1920,2537-1180
2537369,1180202,2025,52,1,0,1920,2537-1180
2537617,1180188,2022,52,3,0,1920,2537-1180
2537510,1180252,2025,52,1,0,1920,2537-1180
2537539,1180189,2022,52,1,0,1920,2537-1180
2670385,1242320,2025,40,1,2,1920,2670-1242
2679198.87987549,1261961.65025197,2024,52,4,0,1920,2679-1261
2612052,1128421,2025,40,2,8,1920,2612-1128
2569132,1196720,2024,40,4,1,1920,2569-1196
2569067,1196315,2024,40,2,1,1920,2569-1196
2569125,1196719,2024,46,1,0,1920,2569-1196
2537487,1180251,2022,46,1,0,1920,2537-1180
2537490,1180201,2025,46,3,0,1920,2537-1180
2537627,1180193,2025,46,5,0,1920,2537-1180
2578667.51943261,1203746.12803837,2022,46,1,0,1920,2578-1203
2678500,1261500,2022,46,1,0,1920,2678-1261
2713500,1231500,2025,46,4,0,1920,2713-1231
2569756,1203447,2024,46,1,0,1920,2569-1203
2669956,1242642,2023,46,5,0,1920,2669-1242
2706500,1230500,2022,46,1,0,1920,2706-1230
2678457,1261720,2024,52,2,0,1920,2678-1261
2569916,1203290,2025,52,2,0,1920,2569-1203
2569147.44266037,1196706.26540992,2022,15,1,0,1920,2569-1196
2537472,1180358,2022,52,2,0,1920,2537-1180
2537581,1180149,2022,52,2,0,1920,2537-1180
2537509,1180220,2021,52,1,0,1920,2537-1180
2537532,1180174,2022,52,5,0,1920,2537-1180
2537500,1180500,2022,52,1,0,1920,2537-1180
2670300.06850856,1242299.56432466,2021,52,2,0,1920,2670-1242
2579500,1212500,2022,52,1,0,1920,2579-1212
2615504,1174344,2021,52,1,0,1920,2615-1174
2688500,1272500,2021,21,1,0,1920,2688-1272
2706500,1230500,2021,21,1,0,1920,2706-1230
2672500,1232500,2023,21,3,0,1920,2672-1232
2709500,1112500,2021,21,7,0,1920,2709-1112
2558500,1138500,2021,21,1,0,1920,2558-1138
2537509.61018522,1180220.62191535,2024,21,1,0,1920,2537-1180
2579916,1212149,2021,21,1,0,1920,2579-1212
2709500,1112500,2021,21,2,0,1920,2709-1112
2668635,1255947,2025,21,2,0,1920,2668-1255
2709677,1113243,2021,21,2,0,1920,2709-1113
2670095,1242495,2022,21,4,0,1920,2670-1242
2709592,1113362,2021,21,1,0,1920,2709-1113
2660041,1270546,2024,21,2,0,1920,2660-1270
2660121,1270459,2025,21,1,0,1920,2660-1270
2687454,1272074,2025,21,4,7,1920,2687-1272
2687192,1272127,2025,21,2,7,1920,2687-1272
2670300.06850856,1242299.56432465,2025,21,1,0,1920,2670-1242
2670300.06850856,1242299.56432465,2024,21,4,0,1920,2670-1242
2670300.06850856,1242299.56432466,2021,21,1,0,1920,2670-1242
2670300.06850856,1242299.56432465,2024,21,2,0,1920,2670-1242
2670300.06850856,1242299.56432465,2023,21,1,0,1920,2670-1242
2672730.08039885,1229727.51875434,2021,21,2,0,1920,2672-1229
2704942.1110355,1111918.55267258,2021,21,1,0,1920,2704-1111
2490512,1112586,2022,21,1,0,1920,2490-1112
2660500,1269500,2022,21,2,0,1920,2660-1269
2706500,1230500,2021,21,1,0,1920,2706-1230
2670300.06850856,1242299.56432466,2021,15,1,0,1920,2670-1242
2670300.06850856,1242299.56432466,2021,15,1,0,1920,2670-1242
2670300.06850856,1242299.56432466,2021,15,1,0,1920,2670-1242
2670300.06850856,1242299.56432466,2021,15,1,0,1920,2670-1242
2689786,1272017,2025,21,1,0,1920,2689-1272
2615504,1174207,2021,27,1,2,1920,2615-1174
2670243,1242302,2025,15,4,0,1920,2670-1242
2718500,1138500,2022,27,1,14,1920,2718-1138
2687385,1264447,2025,27,2,2,1920,2687-1264
2682062,1267291,2024,27,1,8,1920,2682-1267
2579500,1212500,2022,27,1,2,1920,2579-1212
2579500,1212500,2024,27,1,2,1920,2579-1212
2706657,1270758,2021,27,1,2,1920,2706-1270
2579851,1212289,2022,27,1,2,1920,2579-1212
2580090.6502114,1212497.13430467,2022,27,1,2,1920,2580-1212
2559135,1138655,2025,15,2,0,1920,2559-1138
2558730.38781529,1138466.35807626,2023,16,1,0,1920,2558-1138
2707697.43489666,1278958.87957617,2021,16,1,0,1920,2707-1278
2612500,1128500,2023,27,1,1,1920,2612-1128
2692555,1285610,2022,27,1,2,1920,2692-1285
2706500,1230500,2022,15,1,0,1920,2706-1230
2670300.06850856,1242299.56432466,2021,27,2,2,1920,2670-1242
2678451.8885035,1261824.64753559,2025,27,1,1,1920,2678-1261
2610500,1227500,2021,27,2,19,1920,2610-1227
2706500,1230500,2022,15,1,0,1920,2706-1230
2490419,1112759,2023,27,1,2,1920,2490-1112
2490410,1112774,2023,27,1,2,1920,2490-1112
2707592,1278999,2021,21,1,0,1920,2707-1278
2490418,1112766,2023,27,1,2,1920,2490-1112
2729500,1275500,2021,27,1,1,1920,2729-1275
2490481.51409212,1112705.18624407,2023,21,1,0,1920,2490-1112
2694050,1281970,2022,22,3,7,1920,2694-1281
2683599,1255881,2024,22,1,0,1920,2683-1255
2683605,1255914,2024,22,1,0,1920,2683-1255
2670300.06850856,1242299.56432465,2024,21,2,0,1920,2670-1242
2569128,1196714,2022,22,1,0,1920,2569-1196
2760389,1203198,2022,22,2,0,1920,2760-1203
2537509.61018522,1180220.62191535,2023,21,11,0,1920,2537-1180
2788150,1157591,2021,22,1,0,1920,2788-1157
2670300.06850856,1242299.56432465,2023,21,1,0,1920,2670-1242
2537509.61018522,1180220.62191535,2023,21,11,0,1920,2537-1180
2670300.06850856,1242299.56432466,2021,21,1,0,1920,2670-1242
2631023,1238991,2025,33,2,4,1920,2631-1238
2537509.61018522,1180220.62191535,2024,21,1,0,1920,2537-1180
2755219,1227131,2024,22,1,0,1920,2755-1227
2490514,1112306,2024,33,1,2,1920,2490-1112
2491139.51119183,1112622.16671605,2025,22,1,0,1920,2491-1112
2490481.51409212,1112705.18624407,2023,22,2,0,1920,2490-1112
2659093,1254778,2024,21,1,0,1920,2659-1254
2660500,1270500,2025,22,1,0,1920,2660-1270
2619096,1232012,2023,33,4,13,1920,2619-1232
2681091,1272155,2023,33,2,2,1920,2681-1272
2660500,1270500,2025,22,1,0,1920,2660-1270
2578667.51943261,1203746.12803837,2021,22,1,0,1920,2578-1203
2559968,1138349,2021,21,1,0,1920,2559-1138
2670151,1242391,2023,21,1,0,1920,2670-1242
2751914,1262746,2021,15,2,0,1920,2751-1262
2751901,1262768,2021,15,2,0,1920,2751-1262
2670300.06850856,1242299.56432465,2024,33,3,2,1920,2670-1242
2569759,1203413,2025,21,2,0,1920,2569-1203
2607097,1216033,2025,21,1,0,1920,2607-1216
2670306,1242286,2022,15,1,0,1920,2670-1242
2660087,1261521,2021,22,2,0,1920,2660-1261
2750476,1263646,2022,22,1,0,1920,2750-1263
2708500,1229500,2021,39,2,1,1920,2708-1229
2705575,1112138,2021,21,2,0,1920,2705-1112
2706500,1230500,2022,15,1,0,1920,2706-1230
2660500,1270500,2021,21,1,0,1920,2660-1270
2569500,1203500,2025,21,3,0,1920,2569-1203
2670500,1242500,2022,22,4,0,1920,2670-1242
2660500,1270500,2025,21,1,0,1920,2660-1270
2687081,1272524,2021,15,1,0,1920,2687-1272
2718146,1138193,2024,21,3,0,1920,2718-1138
2609500,1185500,2022,39,5,13,1920,2609-1185
2718166,1137852,2022,21,2,0,1920,2718-1137
2670300.06850856,1242299.56432466,2022,15,1,0,1920,2670-1242
2670300.06850856,1242299.56432465,2025,15,5,0,1920,2670-1242
2758189,1236391,2022,22,1,0,1920,2758-1236
2660078,1270522,2025,21,1,0,1920,2660-1270
2670300.06850856,1242299.56432466,2021,15,1,0,1920,2670-1242
2560053,1137909,2022,21,1,18,1920,2560-1137
2759500,1238500,2021,39,3,2,1920,2759-1238
2660374,1269917,2025,22,1,0,1920,2660-1269
2707697.43489667,1278958.87957616,2025,39,3,1,1920,2707-1278
2707661,1279068,2025,39,3,1,1920,2707-1279
2615431,1174324,2023,39,4,2,1920,2615-1174
2655500,1272500,2024,15,2,0,1920,2655-1272
2751500,1263500,2023,21,2,0,1920,2751-1263
2670500,1242500,2023,21,1,0,1920,2670-1242
2687500,1272500,2021,15,1,0,1920,2687-1272
2569690,1203212,2023,39,1,1,1920,2569-1203
2559921,1138315,2021,22,1,0,1920,2559-1138
2490500,1112500,2022,21,1,0,1920,2490-1112
2679198.87987549,1261961.65025197,2024,46,1,0,1920,2679-1261
2759500,1263500,2022,21,1,0,1920,2759-1263
2537528,1180195,2024,22,1,0,1920,2537-1180
2634219,1243816,2023,22,1,0,1920,2634-1243
2634124,1243893,2025,22,1,0,1920,2634-1243
2687215,1272063,2025,22,2,0,1920,2687-1272
2634192,1243842,2025,22,1,0,1920,2634-1243
2751904,1262813,2021,21,4,0,1920,2751-1262
2679225,1261763,2023,21,2,0,1920,2679-1261
2709623,1113375,2023,46,5,0,1920,2709-1113
2607184.51170396,1216551.78757314,2023,22,2,0,1920,2607-1216
2607184.51170395,1216551.78757314,2021,22,1,0,1920,2607-1216
2607184.51170395,1216551.78757314,2021,22,1,0,1920,2607-1216
2579855,1212299,2022,27,1,2,1920,2579-1212
2660500,1270500,2024,21,1,0,1920,2660-1270
2670300.06850856,1242299.56432466,2021,46,2,0,1920,2670-1242
2750454,1263675,2023,21,1,0,1920,2750-1263
2679211,1261844,2023,46,1,0,1920,2679-1261
2707697.43489666,1278958.87957617,2021,21,3,0,1920,2707-1278
2705136,1112082,2021,21,2,0,1920,2705-1112
2760228,1202043,2022,27,3,3,1920,2760-1202
2660030,1270539,2025,27,4,1,1920,2660-1270
2706500,1230500,2025,46,1,0,1920,2706-1230
2580090.6502114,1212497.13430467,2022,46,1,0,1920,2580-1212
2660353,1269898,2023,28,1,1,1920,2660-1269
2678743.88625199,1261738.64812515,2022,27,,1,1920,2678-1261
2627945.48909876,1237373.66892157,2022,27,2,1,1920,2627-1237
2491065.50845104,1112528.16964175,2025,27,2,18,1920,2491-1112
2490481.51409212,1112705.18624407,2024,27,2,1,1920,2490-1112
2672653,1232015,2023,21,1,0,1920,2672-1232
2660291,1269858,2024,28,1,1,1920,2660-1269
2687335,1272106,2025,21,2,0,1920,2687-1272
2672660,1232378,2023,21,4,0,1920,2672-1232
2672685,1232019,2021,21,4,0,1920,2672-1232
2756862,1216504,2025,21,1,0,1920,2756-1216
2758500,1236500,2021,27,1,2,1920,2758-1236
2706805,1270686,2022,21,2,0,1920,2706-1270
2537487,1180216,2024,21,1,0,1920,2537-1180
2537607,1180174,2024,21,1,0,1920,2537-1180
2679198.87987549,1261961.65025197,2025,52,4,0,1920,2679-1261
2679198.87987549,1261961.65025197,2025,52,4,0,1920,2679-1261
2569147.44266037,1196706.26540992,2021,52,2,0,1920,2569-1196
2537635,1180360,2024,21,1,0,1920,2537-1180
2569642,1203228,2024,52,1,0,1920,2569-1203
2537509.61018522,1180220.62191535,2023,27,1,1,1920,2537-1180
2670300.06850856,1242299.56432465,2024,27,1,2,1920,2670-1242
2537509.61018522,1180220.62191535,2023,27,1,1,1920,2537-1180
2573897.86869191,1162640.09628771,2022,27,6,19,1920,2573-1162
2537487,1180216,2024,21,1,0,1920,2537-1180
2710500,1112500,2024,21,2,0,1920,2710-1112
2660500,1270500,2022,21,2,0,1920,2660-1270
2569500,1203500,2025,52,1,0,1920,2569-1203
2709500,1112500,2021,21,4,0,1920,2709-1112
2702690,1281810,2025,28,1,2,1920,2702-1281
2710500,1112500,2023,28,2,3,1920,2710-1112
2672790,1229959,2025,21,1,0,1920,2672-1229
2660500,1270500,2025,21,3,0,1920,2660-1270
2757219,1216777,2021,28,2,4,1920,2757-1216
2610306,1226329,2024,27,2,6,1920,2610-1226
2568819,1176242,2024,27,2,5,1920,2568-1176
2660238,1270299,2025,27,1,1,1920,2660-1270
2718216,1138223,2022,27,2,18,1920,2718-1138
2757192,1222370,2021,28,1,3,1920,2757-1222
2718200,1138198,2022,27,1,1,1920,2718-1138
2672800.075557,1232199.52841523,2021,21,4,0,1920,2672-1232
2617291,1170891,2024,21,3,0,1920,2617-1170
2788681,1158140,2021,28,2,4,1920,2788-1158
2670300.06850856,1242299.56432465,2023,52,1,0,1920,2670-1242
2750500,1263500,2023,21,1,0,1920,2750-1263
2579500,1212500,2023,52,1,0,1920,2579-1212
2759500,1238500,2024,21,4,0,1920,2759-1238
2537509.61018522,1180220.62191536,2021,52,10,0,1920,2537-1180
2569540,1203697,2025,52,1,0,1920,2569-1203
2537509.61018522,1180220.62191536,2022,52,5,0,1920,2537-1180
2678388,1261914,2025,28,1,2,1920,2678-1261
2678382,1261900,2025,28,1,2,1920,2678-1261
2560090,1137882,2021,27,3,13,1920,2560-1137
2670300.06850856,1242299.56432465,2023,21,1,0,1920,2670-1242
2682061,1267290,2024,27,1,8,1920,2682-1267
2712375,1113568,2024,28,1,1,1920,2712-1113
2712524,1113456,2024,28,2,1,1920,2712-1113
2788500,1158500,2022,33,3,13,1920,2788-1158
2678390.88728396,1262052.64810146,2025,33,1,12,1920,2678-1262
2634091,1243868,2024,28,2,8,1920,2634-1243
2660500,1270500,2021,21,1,0,1920,2660-1270
2712394,1271788,2024,28,1,1,1920,2712-1271
2660500,1270500,2025,33,2,2,1920,2660-1270
2679207,1261871,2021,27,1,2,1920,2679-1261
2679193,1261960,2022,27,3,2,1920,2679-1261
2751818,1262726,2022,27,1,3,1920,2751-1262
2678500,1267500,2022,27,2,1,1920,2678-1267
2572790,1175207,2022,34,2,18,1920,2572-1175
2788683,1158209,2025,34,1,2,1920,2788-1158
2757124,1216649,2023,34,1,2,1920,2757-1216
2490627,1111387,2024,33,2,19,1920,2490-1111
2788814,1159038,2021,33,2,18,1920,2788-1159
2788808,1159028,2023,33,2,10,1920,2788-1159
2788858,1159041,2023,33,2,6,1920,2788-1159
2610500,1226500,2021,27,2,19,1920,2610-1226
2660500,1270500,2024,27,1,1,1920,2660-1270
2672688,1232493,2023,27,1,2,1920,2672-1232
2670252,1242342,2022,27,2,2,1920,2670-1242
2779659,1146054,2024,27,2,2,1920,2779-1146
2672684,1229664,2021,27,1,3,1920,2672-1229
2670394,1242354,2021,27,2,2,1920,2670-1242
2791500,1148500,2022,27,3,6,1920,2791-1148
2678437,1262201,2025,34,1,2,1920,2678-1262
2627934,1268621,2023,27,2,4,1920,2627-1268
2660500,1270500,2025,39,1,1,1920,2660-1270
2670098,1242467,2021,40,1,1,1920,2670-1242
2679198.87987549,1261961.65025197,2022,27,3,2,1920,2679-1261
2569185,1196444,2024,40,1,1,1920,2569-1196
2672800.075557,1232199.52841523,2022,27,1,2,1920,2672-1232
2679239.88139303,1261726.64959763,2022,27,2,3,1920,2679-1261
2569500,1203500,2022,40,2,1,1920,2569-1203
2660500,1270500,2024,39,2,5,1920,2660-1270
2708500,1229500,2021,40,9,1,1920,2708-1229
2606319,1227849,2025,39,2,19,1920,2606-1227
2612649,1128298,2023,27,1,1,1920,2612-1128
2788570,1158090,2021,40,1,13,1920,2788-1158
2612603,1128230,2024,27,1,1,1920,2612-1128
2571315,1107485,2023,27,1,7,1920,2571-1107
2618670.65278626,1128170.52219959,2022,27,1,1,1920,2618-1128
2679198.87987549,1261961.65025197,2025,40,1,1,1920,2679-1261
2688884,1272076,2024,40,2,13,1920,2688-1272
2708500,1229500,2021,40,7,1,1920,2708-1229
2750500,1263500,2022,46,2,0,1920,2750-1263
2610746,1226794,2021,39,1,2,1920,2610-1226
2660500,1270500,2025,33,3,1,1920,2660-1270
2630699,1238326,2025,33,1,2,1920,2630-1238
2706500,1230500,2024,46,1,0,1920,2706-1230
2660500,1270500,2025,46,2,0,1920,2660-1270
2709656,1112519,2025,46,4,0,1920,2709-1112
2537487,1180238,2025,46,4,0,1920,2537-1180
2537442,1180339,2025,46,1,0,1920,2537-1180
2537462,1180311,2022,46,2,0,1920,2537-1180
2670224,1242540,2023,33,4,2,1920,2670-1242
2678743.88625199,1261738.64812515,2024,46,2,0,1920,2678-1261
2678743.88625199,1261738.64812515,2023,46,1,0,1920,2678-1261
2706500,1230500,2023,33,1,2,1920,2706-1230
2537509.61018522,1180220.62191536,2022,46,1,0,1920,2537-1180
2537509.61018522,1180220.62191535,2025,46,3,0,1920,2537-1180
2537509.61018522,1180220.62191536,2022,46,2,0,1920,2537-1180
2670300.06850856,1242299.56432465,2023,46,2,0,1920,2670-1242
2537509.61018522,1180220.62191535,2025,46,3,0,1920,2537-1180
2537509.61018522,1180220.62191536,2022,46,2,0,1920,2537-1180
2579500,1212500,2022,33,2,6,1920,2579-1212
2569276,1203334,2021,46,1,0,1920,2569-1203
2579500,1212500,2024,46,2,0,1920,2579-1212
2606293,1227875,2025,46,1,0,1920,2606-1227
2678458,1261700,2022,46,1,0,1920,2678-1261
2579500,1212500,2022,53,1,0,1920,2579-1212
2573954,1162694,2024,33,2,18,1920,2573-1162
2569422,1203644,2025,53,1,0,1920,2569-1203
2537507,1180273,2022,53,3,0,1920,2537-1180
2537623,1180195,2022,53,6,0,1920,2537-1180
2537530,1180285,2022,53,2,0,1920,2537-1180
2537524,1180295,2022,53,6,0,1920,2537-1180
2537517,1180082,2021,53,1,0,1920,2537-1180
2537579,1180212,2025,53,3,0,1920,2537-1180
2537447,1180180,2021,53,1,0,1920,2537-1180
2537365,1180131,2025,53,1,0,1920,2537-1180
2537588,1180191,2022,53,,0,1920,2537-1180
2670300.06850856,1242299.56432465,2023,39,2,2,1920,2670-1242
2670300.06850856,1242299.56432466,2022,39,1,1,1920,2670-1242
2569862,1203294,2025,52,1,0,1920,2569-1203
2569500,1203500,2025,52,1,0,1920,2569-1203
2779663,1146017,2022,39,1,1,1920,2779-1146
2707697.43489667,1278958.87957616,2025,39,1,1,1920,2707-1278
2708500,1229500,2021,39,2,1,1920,2708-1229
2679198.87987549,1261961.65025197,2024,39,1,1,1920,2679-1261
2537509.61018522,1180220.62191536,2022,52,6,0,1920,2537-1180
2537509.61018522,1180220.62191536,2022,52,6,0,1920,2537-1180
2537509.61018522,1180220.62191535,2025,52,2,0,1920,2537-1180
2537509.61018522,1180220.62191535,2025,52,1,0,1920,2537-1180
2750418,1263756,2022,52,1,0,1920,2750-1263
2660075,1270436,2025,52,1,0,1920,2660-1270
2670500,1242500,2021,52,4,0,1920,2670-1242
2670500,1242500,2023,52,2,0,1920,2670-1242
2617271,1170944,2023,39,3,4,1920,2617-1170
2660500,1270500,2025,52,1,0,1920,2660-1270
2756500,1232500,2022,46,3,13,1920,2756-1232
2537438,1180230,2022,46,3,0,1920,2537-1180
2537471,1180245,2022,46,3,0,1920,2537-1180
2670301,1242360,2023,46,1,0,1920,2670-1242
2679213,1261901,2023,46,1,0,1920,2679-1261
2537484,1180253,2021,52,1,0,1920,2537-1180
2537586,1180147,2025,52,1,0,1920,2537-1180
2537423,1180119,2025,52,3,0,1920,2537-1180
2537477,1180182,2022,52,2,0,1920,2537-1180
2537541,1180208,2025,52,3,0,1920,2537-1180
2537579,1180205,2025,52,3,0,1920,2537-1180
2710192,1112550,2025,15,1,0,1920,2710-1112
2678500,1261500,2024,52,3,0,1920,2678-1261
2660500,1270500,2025,15,2,0,1920,2660-1270
2617278,1170927,2024,52,1,0,1920,2617-1170
2679242,1261908,2025,52,2,0,1920,2679-1261
2670300.06850856,1242299.56432465,2025,15,1,0,1920,2670-1242
2679198.87987549,1261961.65025197,2025,52,4,0,1920,2679-1261
2709549,1113210,2022,15,16,0,1920,2709-1113
2569500,1203500,2022,15,8,0,1920,2569-1203
2706500,1230500,2025,15,1,0,1920,2706-1230
2569231,1203337,2023,15,1,0,1920,2569-1203
2660500,1270500,2025,15,2,0,1920,2660-1270
2537509.61018522,1180220.62191535,2024,15,2,0,1920,2537-1180
2579855,1212271,2022,21,2,0,1920,2579-1212
2679122,1261911,2022,21,1,0,1920,2679-1261
2669900,1242564,2023,21,1,0,1920,2669-1242
2706500,1230500,2023,21,1,0,1920,2706-1230
2706500,1230500,2021,21,1,0,1920,2706-1230
2559500,1138500,2022,21,3,0,1920,2559-1138
2670300.06850856,1242299.56432466,2021,21,1,0,1920,2670-1242
2670300.06850856,1242299.56432466,2021,21,1,0,1920,2670-1242
2670300.06850856,1242299.56432465,2023,21,2,0,1920,2670-1242
2670300.06850856,1242299.56432466,2022,21,5,0,1920,2670-1242
2559964.39202934,1138353.33392529,2021,21,1,0,1920,2559-1138
2559964.39202934,1138353.33392529,2021,21,1,0,1920,2559-1138
2569500,1203500,2023,21,1,0,1920,2569-1203
2660500,1270500,2024,21,2,0,1920,2660-1270
2490813,1112164,2022,21,1,0,1920,2490-1112
2537520,1180267,2023,16,11,0,1920,2537-1180
2710251,1112548,2023,21,2,0,1920,2710-1112
2709603,1113343,2021,21,1,0,1920,2709-1113
2709612,1113347,2021,21,1,0,1920,2709-1113
2558667,1138494,2025,21,2,0,1920,2558-1138
2670500,1242500,2025,16,2,0,1920,2670-1242
2706466,1230450,2021,21,1,0,1920,2706-1230
2750500,1263500,2021,21,2,0,1920,2750-1263
2706500,1230500,2023,21,2,0,1920,2706-1230
2569395,1203298,2023,21,2,0,1920,2569-1203
2706500,1230500,2023,21,2,0,1920,2706-1230
2668832,1255866,2023,21,4,0,1920,2668-1255
2668796,1255909,2022,21,3,5,1920,2668-1255
2678374,1261799,2023,16,1,0,1920,2678-1261
2678480,1261847,2023,16,1,0,1920,2678-1261
2603655,1197045,2022,16,1,0,1920,2603-1197
2634180,1243813,2023,16,2,0,1920,2634-1243
2620500,1265500,2022,21,1,0,1920,2620-1265
2759500,1263500,2024,21,1,0,1920,2759-1263
2686797,1272087,2025,27,1,1,1920,2686-1272
2679195,1261932,2022,27,1,2,1920,2679-1261
2662923,1273667,2022,27,2,8,1920,2662-1273
2615582,1174274,2024,27,1,2,1920,2615-1174
2579975,1212210,2022,27,1,2,1920,2579-1212
2580090.6502114,1212497.13430467,2022,27,1,2,1920,2580-1212
2603250.31646241,1196949.76871533,2021,27,2,8,1920,2603-1196
2672582,1229981,2024,27,2,2,1920,2672-1229
2660500,1270500,2022,15,1,0,1920,2660-1270
2680500,1272500,2021,27,2,7,1920,2680-1272
2660500,1270500,2021,22,2,0,1920,2660-1270
2569500,1203500,2022,22,2,0,1920,2569-1203
2670300.06850856,1242299.56432466,2022,27,4,14,1920,2670-1242
2670300.06850856,1242299.56432466,2022,27,1,1,1920,2670-1242
2490481.51409212,1112705.18624407,2024,27,3,1,1920,2490-1112
2608500,1268500,2021,27,1,2,1920,2608-1268
2537509.61018522,1180220.62191535,2023,15,1,0,1920,2537-1180
2670300.06850856,1242299.56432465,2025,15,5,0,1920,2670-1242
2537516,1180175,2023,22,9,0,1920,2537-1180
2537511,1180086,2024,22,3,0,1920,2537-1180
2491038,1112114,2024,27,1,2,1920,2491-1112
2490948,1112129,2024,27,1,1,1920,2490-1112
2634176,1243757,2025,27,1,2,1920,2634-1243
2490403,1112756,2024,27,2,2,1920,2490-1112
2710500,1112500,2021,22,2,0,1920,2710-1112
2670226,1242539,2025,15,1,0,1920,2670-1242
2670391,1242435,2025,15,5,0,1920,2670-1242
2612500,1128500,2021,27,1,2,1920,2612-1128
2660300.10620835,1261399.61997048,2025,27,2,2,1920,2660-1261
2709594,1113234,2022,15,12,0,1920,2709-1113
2706738,1270896,2022,27,3,2,1920,2706-1270
2751500,1263500,2025,27,1,1,1920,2751-1263
2569500,1203500,2021,22,2,0,1920,2569-1203
2700000.59040254,1272100.79127783,2023,15,2,0,1920,2700-1272
2707697.43489667,1278958.87957616,2025,15,3,0,1920,2707-1278
2789187,1159463,2024,22,1,0,1920,2789-1159
2603750,1196959,2021,22,1,0,1920,2603-1196
2670500,1242500,2021,15,1,0,1920,2670-1242
2670300.06850856,1242299.56432465,2025,22,1,0,1920,2670-1242
2672760,1229929,2023,34,1,3,1920,2672-1229
2579835,1212243,2024,34,2,6,1920,2579-1212
2670300.06850856,1242299.56432465,2025,22,2,0,1920,2670-1242
2569290,1196711,2022,22,1,0,1920,2569-1196
2660033,1270563,2025,15,1,0,1920,2660-1270
2558632,1138492,2023,15,2,0,1920,2558-1138
2679188,1261794,2022,34,1,2,1920,2679-1261
2660500,1270500,2025,15,2,0,1920,2660-1270
2692515,1285658,2022,34,2,8,1920,2692-1285
2700000.59040254,1272100.79127783,2025,34,2,2,1920,2700-1272
2569500,1203500,2023,15,1,0,1920,2569-1203
2756901,1216481,2024,22,1,0,1920,2756-1216
2791479,1148510,2025,34,2,6,1920,2791-1148
2607184.51170396,1216551.78757314,2023,22,2,0,1920,2607-1216
2607155,1216644,2022,21,1,0,1920,2607-1216
2607165,1216584,2025,21,1,0,1920,2607-1216
2670088,1242517,2025,15,2,0,1920,2670-1242
2670333,1242336,2021,22,2,0,1920,2670-1242
2611682,1177688,2025,22,2,6,1920,2611-1177
2670350.07219683,1240899.55926051,2025,22,1,0,1920,2670-1240
2670350.07219683,1240899.55926051,2025,22,1,0,1920,2670-1240
2710500,1112500,2023,21,2,0,1920,2710-1112
2709531,1113051,2022,15,12,0,1920,2709-1113
2660500,1270500,2025,28,4,2,1920,2660-1270
2709500,1112500,2025,15,2,0,1920,2709-1112
2610308,1127806,2022,28,1,2,1920,2610-1127
2537550,1180154,2023,28,1,1,1920,2537-1180
2615500,1174500,2022,21,4,0,1920,2615-1174
2694047,1281927,2023,28,1,5,1920,2694-1281
2569500,1203500,2022,15,8,0,1920,2569-1203
2678500,1261500,2023,40,1,1,1920,2678-1261
2712368,1113585,2024,28,3,1,1920,2712-1113
2537436,1180165,2024,15,1,0,1920,2537-1180
2537401,1180158,2024,15,2,0,1920,2537-1180
2537610,1180178,2024,15,1,0,1920,2537-1180
2708500,1229500,2021,40,1,1,1920,2708-1229
2569147.44266037,1196706.26540992,2024,40,3,1,1920,2569-1196
2569147.44266037,1196706.26540992,2025,40,1,1,1920,2569-1196
2569147.44266037,1196706.26540992,2025,40,1,1,1920,2569-1196
2569147.44266037,1196706.26540992,2025,40,3,1,1920,2569-1196
2569147.44266037,1196706.26540992,2025,40,2,2,1920,2569-1196
2678549,1268032,2024,28,1,3,1920,2678-1268
2611658,1177702,2023,28,1,2,1920,2611-1177
2709628.1002368,1113293.57333526,2022,15,3,0,1920,2709-1113
2660294,1269865,2024,28,1,2,1920,2660-1269
2678743.88625199,1261738.64812515,2022,21,3,0,1920,2678-1261
2630795,1238467,2024,28,2,2,1920,2630-1238
2686659,1272097,2025,28,2,2,1920,2686-1272
2490755.50618846,1112445.17970938,2022,21,2,0,1920,2490-1112
2678743.88625199,1261738.64812515,2022,21,3,0,1920,2678-1261
2569575,1203223,2023,40,3,1,1920,2569-1203
2569633,1203102,2023,40,5,2,1920,2569-1203
2756353,1232322,2024,28,2,6,1920,2756-1232
2660500,1270500,2025,28,4,2,1920,2660-1270
2788500,1158500,2021,34,5,13,1920,2788-1158
2668731,1256015,2023,40,1,2,1920,2668-1256
2579500,1212500,2024,34,4,13,1920,2579-1212
2670300.06850856,1242299.56432466,2022,21,2,0,1920,2670-1242
2670300.06850856,1242299.56432465,2023,21,2,0,1920,2670-1242
2670300.06850856,1242299.56432466,2022,21,5,0,1920,2670-1242
2537509.61018522,1180220.62191535,2023,21,30,0,1920,2537-1180
2579846,1212316,2022,21,2,0,1920,2579-1212
2569147.44266037,1196706.26540992,2025,46,1,0,1920,2569-1196
2791430,1148612,2024,34,1,2,1920,2791-1148
2791406,1148631,2024,34,1,18,1920,2791-1148
2634122,1243828,2022,34,2,8,1920,2634-1243
2655500,1272500,2025,21,1,0,1920,2655-1272
2615500,1174500,2021,21,1,0,1920,2615-1174
2670110,1242516,2024,21,2,0,1920,2670-1242
2759745,1263331,2021,21,1,0,1920,2759-1263
2670138,1242415,2023,21,2,0,1920,2670-1242
2670220,1242544,2023,21,2,0,1920,2670-1242
2788741,1158326,2023,34,2,1,1920,2788-1158
2686115,1282842,2024,34,1,2,1920,2686-1282
2609434,1127591,2025,34,1,1,1920,2609-1127
2718191,1137964,2025,21,2,0,1920,2718-1137
2628067,1237547,2022,21,2,0,1920,2628-1237
2560085,1137849,2022,21,1,18,1920,2560-1137
2750450,1263787,2025,21,1,0,1920,2750-1263
2537405,1180449,2022,46,2,0,1920,2537-1180
2670300.06850856,1242299.56432465,2023,46,1,0,1920,2670-1242
2559892,1138289,2021,21,1,0,1920,2559-1138
2670300.06850856,1242299.56432465,2023,46,1,0,1920,2670-1242
2670300.06850856,1242299.56432465,2024,46,2,0,1920,2670-1242
2670300.06850856,1242299.56432465,2023,46,3,0,1920,2670-1242
2670300.06850856,1242299.56432466,2021,46,1,0,1920,2670-1242
2672800.07555701,1232199.52841522,2025,21,2,0,1920,2672-1232
2569408,1203634,2021,46,1,0,1920,2569-1203
2678500,1261500,2025,40,1,1,1920,2678-1261
2710189,1112568,2021,21,3,0,1920,2710-1112
2580090.6502114,1212497.13430467,2022,46,1,0,1920,2580-1212
2579890,1212229,2022,46,1,0,1920,2579-1212
2579761,1212244,2022,46,1,0,1920,2579-1212
2569313,1203434,2021,46,1,0,1920,2569-1203
2706500,1230500,2023,21,1,0,1920,2706-1230
2710500,1112500,2021,21,3,0,1920,2710-1112
2610662,1226676,2022,21,2,6,1920,2610-1226
2759399,1238826,2021,40,1,2,1920,2759-1238
2672558,1232424,2022,21,3,0,1920,2672-1232
2558652,1138505,2025,21,2,0,1920,2558-1138
2713500,1231500,2022,46,2,0,1920,2713-1231
2759533,1239097,2021,40,1,2,1920,2759-1239
2759650,1239201,2021,40,2,2,1920,2759-1239
2759802,1239795,2021,40,1,2,1920,2759-1239
2670500,1242500,2023,21,2,0,1920,2670-1242
2706500,1230500,2021,21,1,0,1920,2706-1230
2759999.99367169,1263000.27822094,2023,40,2,2,1920,2759-1263
2702749,1281775,2025,21,2,0,1920,2702-1281
2678743.88625199,1261738.64812515,2024,52,4,0,1920,2678-1261
2706453,1230282,2024,52,1,0,1920,2706-1230
2679241,1261910,2024,52,3,0,1920,2679-1261
2679248,1261912,2025,52,4,0,1920,2679-1261
2569147.44266037,1196706.26540992,2021,52,2,0,1920,2569-1196
2679198.87987549,1261961.65025197,2024,52,3,0,1920,2679-1261
2660500,1270500,2025,21,2,0,1920,2660-1270
2569644.55120499,1203073.27749822,2023,40,3,1,1920,2569-1203
2706500,1230500,2021,21,1,0,1920,2706-1230
2537509.61018522,1180220.62191536,2021,52,2,0,1920,2537-1180
2537509.61018522,1180220.62191536,2022,52,2,0,1920,2537-1180
2537590,1180163,2025,52,3,0,1920,2537-1180
2569644.55120499,1203073.27749822,2025,40,3,1,1920,2569-1203
2760500,1201500,2023,21,3,0,1920,2760-1201
2579921,1212286,2021,52,2,0,1920,2579-1212
2706500,1230500,2021,21,1,0,1920,2706-1230
2660500,1270500,2022,21,4,0,1920,2660-1270
2710196,1112556,2021,21,2,0,1920,2710-1112
2710112,1112629,2021,21,2,0,1920,2710-1112
2678511,1261634,2022,47,3,0,1920,2678-1261
2672726,1229885,2024,21,2,6,1920,2672-1229
2705240,1112137,2021,21,5,0,1920,2705-1112
2705500,1112500,2023,52,7,0,1920,2705-1112
2537517,1180251,2023,21,24,0,1920,2537-1180
2537556,1180234,2025,47,3,0,1920,2537-1180
2537516,1180266,2022,47,3,0,1920,2537-1180
2537500,1180500,2025,47,3,0,1920,2537-1180
2678500,1261500,2023,47,3,0,1920,2678-1261
2670139,1242311,2023,21,2,0,1920,2670-1242
2670348,1242297,2022,21,5,0,1920,2670-1242
2580500,1212500,2024,27,4,1,1920,2580-1212
2760500,1201500,2021,27,2,7,1920,2760-1201
2660500,1270500,2025,47,2,0,1920,2660-1270
2660500,1270500,2024,47,1,0,1920,2660-1270
2679192,1261818,2024,52,3,0,1920,2679-1261
2614591,1174630,2022,47,1,0,1920,2614-1174
2678443,1261695,2023,53,3,0,1920,2678-1261
2537560,1180146,2022,53,5,0,1920,2537-1180
2537552,1180199,2025,53,3,0,1920,2537-1180
2537562,1180251,2022,53,2,0,1920,2537-1180
2537552,1180199,2025,53,3,0,1920,2537-1180
2620500,1265500,2022,27,3,1,1920,2620-1265
2579807,1212348,2022,27,2,2,1920,2579-1212
2627945.48909876,1237373.66892157,2022,27,2,1,1920,2627-1237
2569761,1203425,2025,53,1,0,1920,2569-1203
2678743.88625199,1261738.64812515,2025,27,1,1,1920,2678-1261
2618670.65278626,1128170.52219958,2025,21,1,0,1920,2618-1128
2704942.1110355,1111918.55267258,2023,21,3,0,1920,2704-1111
2700000.59040254,1272100.79127784,2022,27,1,1,1920,2700-1272
2706500,1230500,2021,21,1,0,1920,2706-1230
2670300.06850856,1242299.56432466,2021,27,1,2,1920,2670-1242
2670300.06850856,1242299.56432466,2022,27,2,14,1920,2670-1242
2670300.06850856,1242299.56432466,2022,27,1,2,1920,2670-1242
2670187,1242354,2024,27,2,18,1920,2670-1242
2723451,1256939,2021,27,2,4,1920,2723-1256
2670237,1242354,2022,27,1,1,1920,2670-1242
2788873,1159026,2024,27,1,18,1920,2788-1159
2610430,1226402,2022,27,4,6,1920,2610-1226
2610404,1226399,2021,27,2,18,1920,2610-1226
2610284,1226388,2025,27,1,2,1920,2610-1226
2660500,1270500,2024,27,2,1,1920,2660-1270
2610696,1226714,2021,27,3,5,1920,2610-1226
2610761,1226805,2022,27,1,18,1920,2610-1226
2612500,1128500,2021,27,1,2,1920,2612-1128
2573897,1162640,2022,27,2,4,1920,2573-1162
2573965,1162843,2025,27,2,4,1920,2573-1162
2788500,1158500,2021,34,,1,1920,2788-1158
2627500,1268500,2021,27,1,1,1920,2627-1268
2615821,1216727,2025,27,2,6,1920,2615-1216
2610661,1226683,2022,34,2,18,1920,2610-1226
2788500,1157500,2021,34,2,8,1920,2788-1157
2670184,1242329,2025,27,4,6,1920,2670-1242
2670300.06850856,1242299.56432465,2025,34,3,2,1920,2670-1242
2670300.06850856,1242299.56432465,2025,34,2,2,1920,2670-1242
2610330,1226349,2022,34,8,18,1920,2610-1226
2788882,1159140,2021,34,2,4,1920,2788-1159
2788826,1159067,2021,34,2,6,1920,2788-1159
2659053,1220192,2025,34,5,13,1920,2659-1220
2659045,1220263,2025,34,2,4,1920,2659-1220
2615495,1174226,2022,34,2,2,1920,2615-1174
2723405,1256850,2022,34,1,3,1920,2723-1256
2756500,1216500,2022,34,1,2,1920,2756-1216
2679210,1261896,2021,27,1,2,1920,2679-1261
2679214,1261882,2022,34,1,2,1920,2679-1261
2660500,1270500,2025,40,1,1,1920,2660-1270
2708500,1229500,2021,40,4,1,1920,2708-1229
2569185,1196699,2025,40,3,1,1920,2569-1196
2725734,1220088,2021,34,2,18,1920,2725-1220
2607175,1216559,2025,40,1,2,1920,2607-1216
2660500,1270500,2024,40,3,1,1920,2660-1270
2615527,1174276,2023,34,3,13,1920,2615-1174
2610443,1226510,2023,40,1,2,1920,2610-1226
2658304,1253779,2025,34,2,4,1920,2658-1253
2606299,1227865,2025,40,4,19,1920,2606-1227
2670110,1242519,2021,46,1,0,1920,2670-1242
2634140,1243811,2023,34,1,2,1920,2634-1243
2569500,1203500,2024,46,1,0,1920,2569-1203
2757920,1218749,2021,34,2,8,1920,2757-1218
2578667.51943261,1203746.12803837,2022,46,1,0,1920,2578-1203
2660500,1270500,2025,40,2,2,1920,2660-1270
2788896,1159052,2021,46,1,0,1920,2788-1159
2706476,1230266,2021,16,1,0,1920,2706-1230
2670300.06850856,1242299.56432465,2023,46,5,0,1920,2670-1242
2537509.61018522,1180220.62191536,2022,46,2,0,1920,2537-1180
2537509.61018522,1180220.62191535,2025,46,3,0,1920,2537-1180
2670444,1242377,2023,40,1,1,1920,2670-1242
2670300.06850856,1242299.56432465,2023,46,1,0,1920,2670-1242
2537509.61018522,1180220.62191536,2022,46,5,0,1920,2537-1180
2537509.61018522,1180220.62191536,2022,52,5,0,1920,2537-1180
2537509.61018522,1180220.62191536,2022,52,6,0,1920,2537-1180
2708500,1229500,2022,16,1,0,1920,2708-1229
2678500,1261500,2023,40,1,1,1920,2678-1261
2708500,1229500,2022,16,1,0,1920,2708-1229
2578787,1203705,2025,40,1,1,1920,2578-1203
2578905,1203803,2025,40,1,1,1920,2578-1203
2569407,1203638,2023,52,1,0,1920,2569-1203
2569762,1203424,2024,46,1,0,1920,2569-1203
2580090.6502114,1212497.13430467,2021,52,2,0,1920,2580-1212
2660500,1270500,2025,46,2,0,1920,2660-1270
2750500,1263500,2025,16,1,0,1920,2750-1263
2679204,1261898,2023,46,1,0,1920,2679-1261
2679198.87987549,1261961.65025197,2024,46,1,0,1920,2679-1261
2679198.87987549,1261961.65025197,2024,46,2,0,1920,2679-1261
2709628.1002368,1113293.57333526,2022,46,2,0,1920,2709-1113
2699858,1272131,2023,16,2,0,1920,2699-1272
2569114,1203261,2022,16,2,0,1920,2569-1203
2537634,1180204,2025,46,3,0,1920,2537-1180
2670267,1242313,2023,46,1,0,1920,2670-1242
2537527,1180256,2025,46,3,0,1920,2537-1180
2537473,1180216,2025,46,3,0,1920,2537-1180
2634189,1243851,2024,16,2,0,1920,2634-1243
2670500,1242500,2021,52,2,0,1920,2670-1242
2678743.88625199,1261738.64812515,2024,46,2,0,1920,2678-1261
2614500,1174500,2025,16,1,0,1920,2614-1174
2569500,1203500,2024,46,1,0,1920,2569-1203
2670393,1242422,2025,15,1,0,1920,2670-1242
2670227,1242529,2025,15,1,0,1920,2670-1242
2537509.61018522,1180220.62191535,2024,15,4,0,1920,2537-1180
2670435,1242383,2025,15,2,0,1920,2670-1242
2706500,1230500,2025,15,5,0,1920,2706-1230
2537509.61018522,1180220.62191535,2024,15,5,0,1920,2537-1180
2670378,1242344,2025,15,2,0,1920,2670-1242
2610500,1226500,2022,22,1,0,1920,2610-1226
2670104,1242570,2025,15,1,0,1920,2670-1242
2670411,1242355,2025,15,2,0,1920,2670-1242
2710193,1112601,2024,15,1,0,1920,2710-1112
2670435,1242378,2025,15,2,0,1920,2670-1242
2571374,1107371,2022,52,1,0,1920,2571-1107
2501827,1118399,2023,22,2,0,1920,2501-1118
2705500,1112500,2023,52,7,0,1920,2705-1112
2672730.08039885,1229727.51875434,2021,15,1,0,1920,2672-1229
2670500,1242500,2024,22,1,0,1920,2670-1242
2679190,1261972,2025,52,1,0,1920,2679-1261
2679198.87987549,1261961.65025197,2025,52,4,0,1920,2679-1261
2670300.06850856,1242299.56432465,2024,52,2,0,1920,2670-1242
2558500,1138500,2022,22,1,0,1920,2558-1138
2579917,1212329,2021,22,2,0,1920,2579-1212
2580090.6502114,1212497.13430467,2023,22,3,0,1920,2580-1212
2537533,1180258,2025,52,1,0,1920,2537-1180
2537586,1180267,2025,52,1,0,1920,2537-1180
2759999.99367169,1263000.27822094,2021,22,2,0,1920,2759-1263
2750590,1263537,2025,22,2,0,1920,2750-1263
2537497,1180246,2025,52,1,0,1920,2537-1180
2537509,1180134,2025,52,1,0,1920,2537-1180
2668762,1255804,2025,15,2,0,1920,2668-1255
2537431,1180161,2024,15,4,0,1920,2537-1180
2710093,1112595,2022,22,1,0,1920,2710-1112
2750469,1263648,2022,22,2,0,1920,2750-1263
2706462,1230345,2025,15,1,0,1920,2706-1230
2706466,1230307,2025,15,4,0,1920,2706-1230
2706423,1230374,2025,15,5,0,1920,2706-1230
2709500,1112500,2021,22,2,0,1920,2709-1112
2569755,1203444,2025,15,1,0,1920,2569-1203
2706523,1230346,2025,15,5,0,1920,2706-1230
2706462,1230344,2025,15,4,0,1920,2706-1230
2679198.87987549,1261961.65025197,2025,52,4,0,1920,2679-1261
2569147.44266037,1196706.26540992,2022,15,1,0,1920,2569-1196
2700000.59040254,1272100.79127784,2021,22,6,0,1920,2700-1272
2660500,1270500,2024,22,1,0,1920,2660-1270
2729500,1275500,2023,22,2,0,1920,2729-1275
2709628.1002368,1113293.57333526,2022,15,1,0,1920,2709-1113
2678377,1261782,2021,22,1,0,1920,2678-1261
2537312,1180085,2024,22,3,0,1920,2537-1180
2537589,1180234,2023,22,16,0,1920,2537-1180
2537559,1180143,2024,22,4,0,1920,2537-1180
2791299,1148807,2022,22,2,0,1920,2791-1148
2713500,1231500,2024,22,1,0,1920,2713-1231
2706500,1230500,2025,22,1,0,1920,2706-1230
2706461,1230256,2021,22,1,0,1920,2706-1230
2682017,1267346,2025,22,2,0,1920,2682-1267
2709500,1112500,2025,22,3,0,1920,2709-1112
2706500,1230500,2021,22,1,0,1920,2706-1230
2620500,1265500,2022,22,1,0,1920,2620-1265
2607500,1216500,2021,22,1,0,1920,2607-1216
2706500,1230500,2021,22,1,0,1920,2706-1230
2709500,1113500,2023,22,1,0,1920,2709-1113
2788732,1158401,2025,28,2,19,1920,2788-1158
2710235,1112569,2023,22,2,0,1920,2710-1112
2672695,1229678,2025,22,1,0,1920,2672-1229
2709613,1113331,2023,22,1,0,1920,2709-1113
2490481.51409212,1112705.18624407,2024,28,2,5,1920,2490-1112
2490481.51409212,1112705.18624407,2024,28,1,1,1920,2490-1112
2660500,1270500,2024,22,1,0,1920,2660-1270
2751355,1262991,2021,28,1,3,1920,2751-1262
2615490,1174317,2022,28,1,2,1920,2615-1174
2689790,1272033,2025,22,1,0,1920,2689-1272
2688833,1272079,2025,22,2,0,1920,2688-1272
2687499,1272499,2022,22,2,0,1920,2687-1272
2670300.06850856,1242299.56432466,2022,22,1,0,1920,2670-1242
2757274,1221852,2021,28,2,2,1920,2757-1221
2791230,1148875,2022,28,5,18,1920,2791-1148
2678388,1261918,2025,28,1,2,1920,2678-1261
2560104,1137851,2021,28,2,13,1920,2560-1137
2709500,1113500,2023,22,1,0,1920,2709-1113
2706500,1230500,2021,22,1,0,1920,2706-1230
2687500,1272500,2021,22,1,0,1920,2687-1272
2710500,1112500,2023,22,4,0,1920,2710-1112
2653500,1256500,2025,28,1,2,1920,2653-1256
2660500,1270500,2024,28,1,2,1920,2660-1270
2788500,1157500,2022,22,1,0,1920,2788-1157
2660061,1270540,2025,22,1,0,1920,2660-1270
2490382,1112766,2024,22,1,0,1920,2490-1112
2660415,1269890,2022,22,2,0,1920,2660-1269
2679239.88139303,1261726.64959763,2023,22,2,0,1920,2679-1261
2569147.44266037,1196706.26540992,2022,22,1,0,1920,2569-1196
2709500,1113500,2023,22,1,0,1920,2709-1113
2660500,1269500,2022,22,2,0,1920,2660-1269
2558500,1138500,2025,22,1,0,1920,2558-1138
2679260,1261861,2022,22,1,0,1920,2679-1261
2660327,1269843,2025,35,3,2,1920,2660-1269
2660300.10620835,1261399.61997048,2025,22,2,0,1920,2660-1261
2559964.39202934,1138353.33392529,2021,22,1,0,1920,2559-1138
2788731,1158368,2023,35,1,2,1920,2788-1158
2788873,1158966,2023,35,2,4,1920,2788-1158
2758102,1236246,2025,35,2,4,1920,2758-1236
2757940,1235759,2025,35,3,2,1920,2757-1235
2660500,1270500,2024,35,1,1,1920,2660-1270
2757663,1234912,2025,35,2,4,1920,2757-1234
2757818,1235344,2025,35,2,4,1920,2757-1235
2630977,1238476,2024,28,2,18,1920,2630-1238
2620500,1265500,2022,28,2,1,1920,2620-1265
2706500,1230500,2024,41,1,1,1920,2706-1230
2654949,1271979,2023,41,2,1,1920,2654-1271
2708500,1229500,2021,41,1,2,1920,2708-1229
2630605,1238222,2024,28,2,18,1920,2630-1238
2537509.61018522,1180220.62191535,2023,28,3,1,1920,2537-1180
2569644.55120499,1203073.27749822,2023,41,1,1,1920,2569-1203
2759500,1263500,2023,41,3,2,1920,2759-1263
2678444,1261666,2022,47,3,0,1920,2678-1261
2678515.88908633,1261671.64722243,2023,47,2,0,1920,2678-1261
2678743.88625199,1261738.64812515,2023,47,2,0,1920,2678-1261
2670227,1242543,2024,28,1,2,1920,2670-1242
2672589,1230023,2024,28,1,2,1920,2672-1230
2490373,1112793,2024,28,1,2,1920,2490-1112
2614539,1174576,2022,47,4,0,1920,2614-1174
2755194,1227265,2021,28,1,2,1920,2755-1227
2755315,1228989,2021,28,2,4,1920,2755-1228
2689822,1272108,2024,28,2,4,1920,2689-1272
2537467,1180229,2022,47,1,0,1920,2537-1180
2537445,1180392,2021,47,1,0,1920,2537-1180
2537483,1180183,2022,47,2,0,1920,2537-1180
2537622,1180226,2022,47,2,0,1920,2537-1180
2537439,1180295,2022,47,2,0,1920,2537-1180
2537524,1180297,2025,47,5,0,1920,2537-1180
2670300.06850856,1242299.56432465,2023,28,1,1,1920,2670-1242
2729099.48039105,1275600.06245772,2021,28,1,2,1920,2729-1275
2569710,1203108,2022,47,1,0,1920,2569-1203
2627500,1268500,2021,28,1,1,1920,2627-1268
2569715,1203060,2022,47,1,0,1920,2569-1203
2689602,1272014,2024,28,2,4,1920,2689-1272
2820400.2152294,1187699.84569918,2023,47,2,0,1920,2820-1187
2660064,1270566,2025,15,1,0,1920,2660-1270
2679239,1261906,2022,28,1,2,1920,2679-1261
2580090.6502114,1212497.13430467,2021,53,2,0,1920,2580-1212
2569525.56262002,1203696.28167077,2021,53,1,0,1920,2569-1203
2580090.6502114,1212497.13430467,2021,53,2,0,1920,2580-1212
2569500,1203500,2021,53,2,0,1920,2569-1203
2678579,1267881,2024,34,3,8,1920,2678-1267
2537497,1180207,2025,53,1,0,1920,2537-1180
2537494,1180258,2025,53,1,0,1920,2537-1180
2660500,1270500,2025,34,2,4,1920,2660-1270
2537552,1180351,2025,53,3,0,1920,2537-1180
2618872,1232127,2023,34,3,13,1920,2618-1232
2670300.06850856,1242299.56432466,2022,15,1,0,1920,2670-1242
2670357,1242331,2023,34,3,2,1920,2670-1242
2537509.61018522,1180220.62191535,2024,15,4,0,1920,2537-1180
2537509.61018522,1180220.62191535,2024,15,3,0,1920,2537-1180
2578667.51943261,1203746.12803837,2025,15,1,0,1920,2578-1203
2672685,1229924,2021,34,1,8,1920,2672-1229
2569500,1196500,2022,15,2,0,1920,2569-1196
2708500,1229500,2021,40,2,1,1920,2708-1229
2537500,1180500,2024,15,4,0,1920,2537-1180
2615500,1174500,2025,40,1,2,1920,2615-1174
2707683,1278999,2025,40,1,1,1920,2707-1278
2750486,1263634,2022,40,2,1,1920,2750-1263
2537449,1180141,2024,15,4,0,1920,2537-1180
2537555,1180125,2024,15,3,0,1920,2537-1180
2706500,1230500,2025,15,3,0,1920,2706-1230
2569147.44266037,1196706.26540992,2025,40,2,1,1920,2569-1196
2580090.6502114,1212497.13430467,2021,22,1,0,1920,2580-1212
2670404,1240913,2023,15,1,0,1920,2670-1240
2706500,1230500,2022,22,1,0,1920,2706-1230
2710500,1112500,2023,22,4,0,1920,2710-1112
2678451.8885035,1261824.64753559,2022,15,1,0,1920,2678-1261
2670350.07219683,1240899.55926051,2023,15,1,0,1920,2670-1240
2709628.1002368,1113293.57333526,2022,15,1,0,1920,2709-1113
2706500,1230500,2022,22,1,0,1920,2706-1230
2709500,1112500,2023,22,5,0,1920,2709-1112
2706500,1230500,2025,15,5,0,1920,2706-1230
2662943,1273674,2022,22,1,0,1920,2662-1273
2709459.10430758,1112619.57720119,2025,46,4,0,1920,2709-1112
2663020,1273705,2025,22,2,4,1920,2663-1273
2709628.1002368,1113293.57333526,2022,15,1,0,1920,2709-1113
2672500,1232500,2022,15,3,0,1920,2672-1232
2579794,1212245,2022,46,1,0,1920,2579-1212
2580090.6502114,1212497.13430467,2022,46,1,0,1920,2580-1212
2580090.6502114,1212497.13430467,2022,46,1,0,1920,2580-1212
2579746,1212355,2022,46,1,0,1920,2579-1212
2759999.99367169,1263000.27822094,2022,46,2,0,1920,2759-1263
2537509.61018522,1180220.62191535,2025,46,3,0,1920,2537-1180
2679198.87987549,1261961.65025197,2025,52,4,0,1920,2679-1261
2559964.39202934,1138353.33392529,2022,22,1,0,1920,2559-1138
2660500,1270500,2025,22,2,0,1920,2660-1270
2490481.51409212,1112705.18624407,2025,22,2,0,1920,2490-1112
2627945.48909876,1237373.66892157,2022,22,1,0,1920,2627-1237
2705226,1112026,2022,22,4,0,1920,2705-1112
2670366,1240886,2023,22,1,0,1920,2670-1240
2705165,1112041,2023,22,2,0,1920,2705-1112
2537464,1180192,2022,52,4,0,1920,2537-1180
2627500,1268500,2021,22,1,0,1920,2627-1268
2706425,1230235,2024,52,2,0,1920,2706-1230
2660500,1270500,2025,22,2,0,1920,2660-1270
2569500,1203500,2021,52,1,0,1920,2569-1203
2537509.61018522,1180220.62191535,2023,22,24,0,1920,2537-1180
2679255,1261914,2025,52,4,0,1920,2679-1261
2670300.06850856,1242299.56432465,2025,22,1,0,1920,2670-1242
2670300.06850856,1242299.56432466,2021,22,3,0,1920,2670-1242
2751783,1262796,2021,22,1,0,1920,2751-1262
2490413,1112788,2023,22,1,0,1920,2490-1112
2713500,1231500,2024,22,1,0,1920,2713-1231
2670500,1242500,2021,22,3,0,1920,2670-1242
2709500,1113500,2023,22,1,0,1920,2709-1113
2569933,1203258,2025,52,1,0,1920,2569-1203
2558500,1138500,2025,22,1,0,1920,2558-1138
2710500,1114500,2025,22,1,0,1920,2710-1114
2672592,1230042,2024,22,2,4,1920,2672-1230
2670222,1242538,2022,22,3,0,1920,2670-1242
2710222,1112629,2021,22,3,0,1920,2710-1112
2579829,1212307,2021,52,2,0,1920,2579-1212
2670320,1242253,2021,22,2,0,1920,2670-1242
2559998,1138320,2021,22,1,0,1920,2559-1138
2672800.075557,1232199.52841523,2021,22,2,0,1920,2672-1232
2757666,1220303,2025,22,1,2,1920,2757-1220
2537544,1180316,2023,22,21,0,1920,2537-1180
2757075,1216693,2021,22,2,0,1920,2757-1216
2670348,1242329,2022,22,1,0,1920,2670-1242
2672595,1232431,2024,22,3,5,1920,2672-1232
2687141,1272100,2025,22,1,0,1920,2687-1272
2718234,1138287,2021,22,3,0,1920,2718-1138
2558620,1138503,2025,22,5,0,1920,2558-1138
2718217,1138059,2022,22,2,0,1920,2718-1138
2607036,1216637,2022,22,1,0,1920,2607-1216
2706500,1230500,2022,22,1,0,1920,2706-1230
2660500,1270500,2022,22,1,0,1920,2660-1270
2660500,1270500,2021,22,2,0,1920,2660-1270
2709500,1112500,2023,22,5,0,1920,2709-1112
2660500,1270500,2021,22,1,0,1920,2660-1270
2687500,1272500,2022,22,2,0,1920,2687-1272
2705614,1112164,2021,22,6,0,1920,2705-1112
2706500,1230500,2022,16,2,0,1920,2706-1230
2706500,1230500,2021,16,1,0,1920,2706-1230
2537509.61018522,1180220.62191535,2023,28,2,1,1920,2537-1180
2670300.06850856,1242299.56432465,2025,28,1,2,1920,2670-1242
2687500,1272500,2022,22,2,0,1920,2687-1272
2712500,1113500,2023,22,2,0,1920,2712-1113
2491065.50845104,1112528.16964175,2025,16,2,0,1920,2491-1112
2490481.51409212,1112705.18624407,2025,16,1,0,1920,2490-1112
2537853,1180475,2021,16,2,0,1920,2537-1180
2687008,1272766,2022,22,2,0,1920,2687-1272
2687016,1272842,2025,22,1,0,1920,2687-1272
2490421,1112741,2022,22,2,0,1920,2490-1112
2579819,1212221,2022,28,2,4,1920,2579-1212
2704255.10749324,1112543.54382637,2025,22,2,0,1920,2704-1112
2709628.1002368,1113293.57333526,2023,22,1,0,1920,2709-1113
2678743.88625199,1261738.64812515,2022,22,2,6,1920,2678-1261
2686921,1272138,2024,28,2,4,1920,2686-1272
2706500,1230500,2021,16,1,0,1920,2706-1230
2608500,1268500,2024,16,1,0,1920,2608-1268
2819500,1187500,2021,28,1,2,1920,2819-1187
2603606,1197080,2021,28,2,18,1920,2603-1197
2660018,1270201,2025,28,2,1,1920,2660-1270
2569447,1203651,2025,16,2,0,1920,2569-1203
2700000.59040254,1272100.79127783,2023,16,2,0,1920,2700-1272
2706441,1230246,2022,16,4,0,1920,2706-1230
2678743.88625199,1261738.64812515,2025,28,1,2,1920,2678-1261
2678743.88625199,1261738.64812515,2025,28,1,11,1920,2678-1261
2501401.67697745,1118248.82566905,2023,28,1,1,1920,2501-1118
2672605,1232444,2022,28,1,2,1920,2672-1232
2687224,1272104,2024,28,2,4,1920,2687-1272
2670087,1242532,2022,16,6,0,1920,2670-1242
2560100,1137922,2022,28,1,2,1920,2560-1137
2622700,1234635,2021,28,1,2,1920,2622-1234
2757889,1218873,2024,28,1,2,1920,2757-1218
2669939,1242563,2024,28,1,19,1920,2669-1242
2615419,1174022,2022,28,2,2,1920,2615-1174
2578667.51943261,1203746.12803837,2023,23,1,0,1920,2578-1203
2491003,1112027,2021,28,2,4,1920,2491-1112
2788868,1159062,2022,28,2,19,1920,2788-1159
2788875,1159038,2025,28,1,2,1920,2788-1159
2718203,1138224,2022,28,2,4,1920,2718-1138
2718157,1137858,2022,28,1,2,1920,2718-1137
2750282,1184286,2022,34,5,19,1920,2750-1184
2788500,1158500,2021,34,,1,1920,2788-1158
2653449,1256041,2024,23,1,2,1920,2653-1256
2653523,1256144,2024,23,1,2,1920,2653-1256
2490481.51409212,1112705.18624407,2024,23,1,0,1920,2490-1112
2490481.51409212,1112705.18624407,2024,23,1,0,1920,2490-1112
2490481.51409212,1112705.18624407,2024,23,1,0,1920,2490-1112
2569397,1203303,2024,23,1,0,1920,2569-1203
2712096,1113636,2023,23,1,0,1920,2712-1113
2712289,1113653,2023,23,1,0,1920,2712-1113
2670300.06850856,1242299.56432465,2024,34,2,2,1920,2670-1242
2712141,1113673,2023,23,1,0,1920,2712-1113
2712157,1113613,2023,23,2,0,1920,2712-1113
2634177,1243856,2023,23,2,0,1920,2634-1243
2634236,1243742,2025,23,1,0,1920,2634-1243
2751500,1263500,2025,23,1,0,1920,2751-1263
2759500,1263500,2025,23,2,0,1920,2759-1263
2750500,1263500,2025,23,5,0,1920,2750-1263
2750500,1263500,2022,23,2,0,1920,2750-1263
2750500,1263500,2025,23,2,0,1920,2750-1263
2568678,1176024,2024,34,2,2,1920,2568-1176
2718146,1138194,2024,34,2,2,1920,2718-1138
2490722,1111284,2022,34,4,13,1920,2490-1111
2612633,1128306,2024,28,2,1,1920,2612-1128
2569500,1203500,2023,23,1,0,1920,2569-1203
2709500,1112500,2023,23,1,0,1920,2709-1112
2788866,1159097,2021,34,2,6,1920,2788-1159
2611819,1178121,2024,23,2,0,1920,2611-1178
2710078,1112656,2021,23,4,6,1920,2710-1112
2709611,1113335,2022,23,1,0,1920,2709-1113
2709599,1113351,2022,23,1,0,1920,2709-1113
2725652,1220067,2021,34,1,18,1920,2725-1220
2660235,1269893,2023,23,1,0,1920,2660-1269
2660166,1269959,2025,23,1,0,1920,2660-1269
2660500,1270500,2025,34,4,2,1920,2660-1270
2789529,1159441,2025,23,2,0,1920,2789-1159
2789170,1159452,2022,23,2,4,1920,2789-1159
2490366,1112359,2024,34,6,13,1920,2490-1112
2569221,1196708,2021,23,1,0,1920,2569-1196
2820400.2152294,1187699.84569918,2023,23,1,0,1920,2820-1187
2607184.51170395,1216551.78757314,2021,23,2,0,1920,2607-1216
2670130,1242466,2023,34,5,4,1920,2670-1242
2706500,1230500,2021,23,1,0,1920,2706-1230
2606316,1227872,2025,40,5,13,1920,2606-1227
2660500,1269500,2024,34,6,19,1920,2660-1269
2579842,1212156,2024,34,2,8,1920,2579-1212
2757837,1219282,2025,34,1,2,1920,2757-1219
2672626,1232432,2021,34,2,1,1920,2672-1232
2670193,1242335,2023,34,1,2,1920,2670-1242
2729500,1275500,2021,34,1,1,1920,2729-1275
2537556,1180214,2024,29,1,1,1920,2537-1180
2580090.6502114,1212497.13430467,2024,40,3,2,1920,2580-1212
2615494,1174324,2025,34,2,13,1920,2615-1174
2569182,1196710,2025,40,1,2,1920,2569-1196
2569126,1196721,2025,40,4,1,1920,2569-1196
2751892,1262807,2022,40,1,2,1920,2751-1262
2568818,1176231,2024,40,1,2,1920,2568-1176
2569644.55120499,1203073.27749822,2023,40,6,1,1920,2569-1203
2791601,1148208,2025,29,2,1,1920,2791-1148
2791452,1148577,2022,29,2,18,1920,2791-1148
2791452,1148577,2022,29,2,18,1920,2791-1148
2634260,1243737,2024,29,2,4,1920,2634-1243
2617367,1170901,2025,40,1,2,1920,2617-1170
2615499,1174340,2024,29,1,2,1920,2615-1174
2678500,1261500,2023,46,2,0,1920,2678-1261
2537509.61018522,1180220.62191535,2025,46,4,0,1920,2537-1180
2537509.61018522,1180220.62191535,2025,46,2,0,1920,2537-1180
2789375,1159610,2024,29,1,1,1920,2789-1159
2569205,1196770,2025,40,1,2,1920,2569-1196
2534584,1163529,2023,40,1,2,1920,2534-1163
2709658,1112518,2025,46,2,0,1920,2709-1112
2678500,1261500,2023,46,2,0,1920,2678-1261
2759999.99367169,1263000.27822094,2022,46,2,0,1920,2759-1263
2670376,1242302,2023,46,3,0,1920,2670-1242
2580090.6502114,1212497.13430467,2021,46,1,0,1920,2580-1212
2678261,1268393,2025,35,4,13,1920,2678-1268
2788735,1158407,2023,35,3,13,1920,2788-1158
2627500,1268500,2023,46,2,0,1920,2627-1268
2579500,1212500,2022,46,2,0,1920,2579-1212
2620106,1230784,2021,35,3,8,1920,2620-1230
2797699,1142810,2022,35,1,2,1920,2797-1142
2580500,1212500,2023,46,1,0,1920,2580-1212
2678500,1261500,2023,46,3,0,1920,2678-1261
2537464,1180203,2025,46,3,0,1920,2537-1180
2537574,1180148,2025,46,4,0,1920,2537-1180
2569637,1203190,2022,41,1,1,1920,2569-1203
2569122,1196717,2024,41,1,1,1920,2569-1196
2670500,1242500,2023,46,3,0,1920,2670-1242
2678743.88625199,1261738.64812515,2023,46,2,0,1920,2678-1261
2490481.51409212,1112705.18624407,2024,41,1,1,1920,2490-1112
2490481.51409212,1112705.18624407,2024,41,1,1,1920,2490-1112
2706500,1230500,2024,41,1,1,1920,2706-1230
2537509.61018522,1180220.62191536,2022,52,6,0,1920,2537-1180
2537509.61018522,1180220.62191536,2022,52,7,0,1920,2537-1180
2537509.61018522,1180220.62191536,2021,52,2,0,1920,2537-1180
2679198.87987549,1261961.65025197,2023,46,2,0,1920,2679-1261
2619934,1230972,2025,41,2,13,1920,2619-1230
2788679,1158219,2021,41,1,2,1920,2788-1158
2537457,1180195,2021,52,1,0,1920,2537-1180
2537545,1180173,2025,52,2,0,1920,2537-1180
2537545,1180210,2025,52,1,0,1920,2537-1180
2569748,1203434,2023,41,1,1,1920,2569-1203
2706500,1230500,2024,41,1,1,1920,2706-1230
2579500,1212500,2022,52,2,0,1920,2579-1212
2670300.06850856,1242299.56432465,2024,52,1,0,1920,2670-1242
2579832,1212258,2021,52,3,0,1920,2579-1212
2678436,1261705,2024,47,4,0,1920,2678-1261
2569650,1203116,2022,47,2,0,1920,2569-1203
2670300.06850856,1242299.56432465,2025,16,3,0,1920,2670-1242
2670300.06850856,1242299.56432465,2025,16,6,0,1920,2670-1242
2679186,1261976,2025,52,4,0,1920,2679-1261
2679244,1261909,2025,52,3,0,1920,2679-1261
2537616,1180183,2025,47,1,0,1920,2537-1180
2655500,1272500,2024,16,2,0,1920,2655-1272
2759999.99367169,1263000.27822094,2022,47,1,0,1920,2759-1263
2709637,1113255,2022,16,2,0,1920,2709-1113
2580292,1212361,2021,47,2,0,1920,2580-1212
2703052.41330683,1281686.85305131,2025,16,1,0,1920,2703-1281
2569381,1203300,2024,53,1,0,1920,2569-1203
2678480,1261658,2024,53,1,0,1920,2678-1261
2559098.38997532,1138480.35081721,2023,16,3,0,1920,2559-1138
2668797,1255848,2024,16,4,0,1920,2668-1255
2668810,1255823,2024,16,3,0,1920,2668-1255
2537546,1180195,2025,53,3,0,1920,2537-1180
2537509,1180220,2022,53,2,0,1920,2537-1180
2706459,1230355,2021,16,1,0,1920,2706-1230
2706472,1230340,2025,16,2,0,1920,2706-1230
2706449,1230309,2025,16,2,0,1920,2706-1230
2706464,1230317,2025,16,2,0,1920,2706-1230
2686849,1272129,2025,16,2,0,1920,2686-1272
2706500,1230500,2025,16,2,0,1920,2706-1230
2707688,1279021,2025,16,2,0,1920,2707-1279
2569408,1203618,2023,16,1,0,1920,2569-1203
2710805,1112624,2021,22,4,0,1920,2710-1112
2710197,1112554,2021,22,4,0,1920,2710-1112
2672739,1229699,2021,22,2,6,1920,2672-1229
2630884,1238967,2025,22,2,0,1920,2630-1238
2704500,1112500,2025,22,1,0,1920,2704-1112
2672730.08039885,1229727.51875434,2021,22,2,0,1920,2672-1229
2670300.06850856,1242299.56432466,2021,22,1,0,1920,2670-1242
2670300.06850856,1242299.56432466,2022,22,2,0,1920,2670-1242
2704255.10749324,1112543.54382637,2023,22,2,0,1920,2704-1112
2679220,1261896,2022,22,1,0,1920,2679-1261
2615548,1174286,2024,22,1,0,1920,2615-1174
2558895,1138553,2025,22,4,0,1920,2558-1138
2704255.10749324,1112543.54382637,2023,22,4,0,1920,2704-1112
2678743.88625199,1261738.64812515,2021,22,1,0,1920,2678-1261
2559098.38997532,1138480.35081721,2023,22,3,0,1920,2559-1138
2705310,1111900,2023,22,2,0,1920,2705-1111
2712389,1271857,2021,22,2,0,1920,2712-1271
2686926,1272130,2025,22,1,0,1920,2686-1272
2686988,1272771,2025,22,2,0,1920,2686-1272
2704833,1112218,2023,22,2,0,1920,2704-1112
2709326,1112445,2021,22,2,0,1920,2709-1112
2490954,1112441,2022,22,1,6,1920,2490-1112
2704500,1112500,2025,22,1,0,1920,2704-1112
2660500,1270500,2021,22,1,0,1920,2660-1270
2569147.44266037,1196706.26540992,2022,22,2,0,1920,2569-1196
2569147.44266037,1196706.26540992,2022,22,1,0,1920,2569-1196
2706445,1230223,2021,22,1,0,1920,2706-1230
2706409,1230292,2021,22,,0,1920,2706-1230
2660500,1270500,2022,22,2,0,1920,2660-1270
2750500,1263500,2021,22,1,0,1920,2750-1263
2537509.61018522,1180220.62191535,2024,22,1,0,1920,2537-1180
2537509.61018522,1180220.62191535,2024,22,4,0,1920,2537-1180
2537509.61018522,1180220.62191535,2024,22,4,0,1920,2537-1180
2678405,1262024,2025,28,1,2,1920,2678-1262
2692599,1285607,2022,28,1,2,1920,2692-1285
2579974,1212178,2025,28,1,1,1920,2579-1212
2687352,1272169,2025,28,2,2,1920,2687-1272
2501593,1118257,2023,28,1,1,1920,2501-1118
2630715,1238207,2024,28,4,13,1920,2630-1238
2670350.07219683,1240899.55926051,2025,17,2,0,1920,2670-1240
2709552,1112700,2022,16,4,0,1920,2709-1112
2660300.10620835,1261399.61997048,2025,28,1,2,1920,2660-1261
2670350.07219683,1240899.55926051,2024,16,1,0,1920,2670-1240
2670260.07317489,1240804.5588421,2024,16,1,0,1920,2670-1240
2689564,1272011,2024,34,1,2,1920,2689-1272
2761335,1244948,2025,34,1,12,1920,2761-1244
2490481.51409212,1112705.18624407,2021,17,1,0,1920,2490-1112
2672701,1229929,2021,34,2,8,1920,2672-1229
2710242,1112581,2021,17,1,0,1920,2710-1112
2670386,1242422,2025,17,2,0,1920,2670-1242
2490514,1112366,2024,34,1,2,1920,2490-1112
2791500,1148500,2021,34,2,16,1920,2791-1148
2653500,1256500,2024,34,1,8,1920,2653-1256
2670300.06850856,1242299.56432465,2023,34,6,2,1920,2670-1242
2580090.6502114,1212497.13430467,2023,17,2,0,1920,2580-1212
2706485,1230453,2025,16,3,0,1920,2706-1230
2688884,1272076,2024,34,2,4,1920,2688-1272
2687224,1272104,2024,34,1,2,1920,2687-1272
2706500,1230500,2021,17,1,0,1920,2706-1230
2706471,1230316,2025,16,1,0,1920,2706-1230
2757406,1216973,2022,16,1,0,1920,2757-1216
2670360,1242351,2025,16,2,0,1920,2670-1242
2559500,1138500,2022,16,2,0,1920,2559-1138
2706500,1230500,2025,16,2,0,1920,2706-1230
2709628.1002368,1113293.57333526,2022,16,3,0,1920,2709-1113
2537847,1180406,2021,17,3,0,1920,2537-1180
2706500,1230500,2021,16,1,0,1920,2706-1230
2750500,1263500,2023,16,1,0,1920,2750-1263
2660500,1270500,2025,16,1,0,1920,2660-1270
2607184.51170395,1216551.78757314,2022,17,1,0,1920,2607-1216
2672693,1232096,2022,16,2,0,1920,2672-1232
2634190,1243696,2023,16,1,0,1920,2634-1243
2706500,1230500,2022,17,4,0,1920,2706-1230
2706500,1230500,2022,17,4,0,1920,2706-1230
2708500,1229500,2021,40,7,1,1920,2708-1229
2610419,1226421,2021,40,3,13,1920,2610-1226
2569147.44266037,1196706.26540992,2024,40,4,1,1920,2569-1196
2569147.44266037,1196706.26540992,2024,40,1,1,1920,2569-1196
2569147.44266037,1196706.26540992,2025,40,3,1,1920,2569-1196
2569147.44266037,1196706.26540992,2025,40,4,2,1920,2569-1196
2569147.44266037,1196706.26540992,2025,40,3,1,1920,2569-1196
2718110,1138076,2024,16,1,0,1920,2718-1138
2751383,1263376,2022,40,2,1,1920,2751-1263
2670319,1242378,2023,16,1,0,1920,2670-1242
2709500,1112500,2021,23,6,0,1920,2709-1112
2670334,1242315,2024,40,1,1,1920,2670-1242
2672730.08039885,1229727.51875433,2024,40,1,2,1920,2672-1229
2670350.07219683,1240899.55926051,2023,23,1,0,1920,2670-1240
2569500,1203500,2021,23,1,0,1920,2569-1203
2537509.61018522,1180220.62191535,2023,16,3,0,1920,2537-1180
2670300.06850856,1242299.56432465,2025,16,8,0,1920,2670-1242
2611819,1128351,2025,40,1,8,1920,2611-1128
2670300.06850856,1242299.56432465,2025,16,8,0,1920,2670-1242
2670300.06850856,1242299.56432466,2021,22,2,0,1920,2670-1242
2670300.06850856,1242299.56432466,2021,22,2,0,1920,2670-1242
2578667.51943261,1203746.12803837,2021,22,1,0,1920,2578-1203
2709945.10713891,1112043.58487291,2021,22,3,0,1920,2709-1112
2751875,1262743,2021,22,3,6,1920,2751-1262
2755146,1227348,2025,40,,1,1920,2755-1227
2537509.61018522,1180220.62191535,2023,22,38,0,1920,2537-1180
2537509.61018522,1180220.62191535,2023,22,38,0,1920,2537-1180
2679222,1261789,2023,22,1,0,1920,2679-1261
2558500,1138500,2025,22,1,0,1920,2558-1138
2670350.07219683,1240899.55926051,2023,22,1,0,1920,2670-1240
2759916,1239949,2024,23,3,0,1920,2759-1239
2610285,1226339,2023,23,2,6,1920,2610-1226
2610500,1227500,2021,22,2,4,1920,2610-1227
2579910,1212251,2021,22,1,0,1920,2579-1212
2705442,1112285,2021,22,2,0,1920,2705-1112
2569147.44266037,1196706.26540992,2024,46,1,0,1920,2569-1196
2789242,1159504,2023,23,4,4,1920,2789-1159
2705523,1112207,2021,22,1,0,1920,2705-1112
2615467,1174328,2025,22,3,0,1920,2615-1174
2710195,1112643,2024,22,1,0,1920,2710-1112
2678515.88908633,1261671.64722243,2023,46,1,0,1920,2678-1261
2490481.51409212,1112705.18624407,2023,23,1,0,1920,2490-1112
2670500,1242500,2022,22,1,0,1920,2670-1242
2660500,1270500,2021,22,1,0,1920,2660-1270
2706500,1230500,2021,22,1,0,1920,2706-1230
2537509.61018522,1180220.62191535,2025,46,4,0,1920,2537-1180
2670232,1240754,2023,22,1,0,1920,2670-1240
2670177,1240978,2025,22,3,0,1920,2670-1240
2580090.6502114,1212497.13430467,2022,46,1,0,1920,2580-1212
2725811,1220070,2021,23,1,2,1920,2725-1220
2710352,1112564,2022,23,2,0,1920,2710-1112
2579923,1212153,2021,46,1,0,1920,2579-1212
2670229,1242365,2024,23,1,0,1920,2670-1242
2670265,1242487,2022,23,1,0,1920,2670-1242
2686877,1272126,2024,23,2,0,1920,2686-1272
2660500,1270500,2025,22,1,0,1920,2660-1270
2607138,1216603,2023,22,1,0,1920,2607-1216
2615500,1174500,2021,23,5,0,1920,2615-1174
2662980,1273713,2025,22,1,2,1920,2662-1273
2634266,1243786,2023,23,3,0,1920,2634-1243
2688884,1272076,2024,23,1,2,1920,2688-1272
2569500,1203500,2023,22,3,0,1920,2569-1203
2620634,1233706,2025,23,1,0,1920,2620-1233
2620283,1233338,2025,23,2,0,1920,2620-1233
2559964.39202934,1138353.33392529,2021,22,1,0,1920,2559-1138
2670500,1242500,2023,23,2,0,1920,2670-1242
2679239.88139303,1261726.64959763,2023,22,2,6,1920,2679-1261
2750500,1263500,2023,22,2,0,1920,2750-1263
2709596,1113332,2023,46,15,0,1920,2709-1113
2709500,1112500,2022,23,2,0,1920,2709-1112
2706447,1230297,2022,46,1,0,1920,2706-1230
2706437,1230285,2024,46,2,0,1920,2706-1230
2690012,1271974,2024,23,1,1,1920,2690-1271
2607184.51170395,1216551.78757314,2021,22,2,0,1920,2607-1216
2574071.88294442,1163497.09481236,2022,22,2,6,1920,2574-1163
2607184.51170395,1216551.78757314,2021,23,2,0,1920,2607-1216
2558813,1138479,2021,22,1,0,1920,2558-1138
2612370,1128859,2022,22,1,2,1920,2612-1128
2718165,1137931,2022,22,3,0,1920,2718-1137
2705417,1112028,2023,22,2,0,1920,2705-1112
2705244,1112141,2023,22,2,0,1920,2705-1112
2537456,1180121,2024,23,3,0,1920,2537-1180
2610761,1226797,2021,22,1,2,1920,2610-1226
2678743.88625199,1261738.64812515,2023,22,2,0,1920,2678-1261
2706752,1270762,2022,22,2,0,1920,2706-1270
2537284,1180543,2022,52,1,0,1920,2537-1180
2820029,1187668,2022,29,1,2,1920,2820-1187
2791407,1148611,2022,29,2,18,1920,2791-1148
2705396,1112024,2021,22,3,0,1920,2705-1112
2706779,1270674,2021,22,3,0,1920,2706-1270
2757426,1216973,2022,22,2,0,1920,2757-1216
2537509.61018522,1180220.62191536,2021,52,2,0,1920,2537-1180
2757445,1216992,2022,22,2,0,1920,2757-1216
2699307,1272164,2023,29,1,2,1920,2699-1272
2660500,1270500,2025,52,1,0,1920,2660-1270
2537545,1180118,2025,52,3,0,1920,2537-1180
2537509.61018522,1180220.62191536,2022,52,4,0,1920,2537-1180
2537509.61018522,1180220.62191536,2021,52,2,0,1920,2537-1180
2759500,1240500,2024,29,6,3,1920,2759-1240
2660500,1270500,2021,22,1,0,1920,2660-1270
2558619,1138527,2023,22,4,0,1920,2558-1138
2688815,1272084,2025,22,1,18,1920,2688-1272
2672637,1232425,2023,22,2,0,1920,2672-1232
2679198.87987549,1261961.65025197,2021,22,1,0,1920,2679-1261
2559938,1138336,2021,22,2,0,1920,2559-1138
2672605,1229791,2022,22,2,2,1920,2672-1229
2560038,1137812,2021,22,2,0,1920,2560-1137
2610395,1226397,2021,29,3,6,1920,2610-1226
2788733,1158391,2023,29,1,18,1920,2788-1158
2559990,1138300,2021,22,3,0,1920,2559-1138
2559945,1138441,2021,22,1,0,1920,2559-1138
2779657,1146046,2022,28,1,2,1920,2779-1146
2560015,1138320,2021,22,1,0,1920,2560-1138
2615565,1174237,2021,28,2,1,1920,2615-1174
2572750,1175095,2022,29,1,2,1920,2572-1175
2627945.48909876,1237373.66892157,2022,28,2,1,1920,2627-1237
2610500,1227500,2021,28,2,13,1920,2610-1227
2687004,1272113,2024,29,2,4,1920,2687-1272
2615466,1174298,2025,28,2,4,1920,2615-1174
2615452,1174280,2025,28,2,1,1920,2615-1174
2615481,1174152,2023,28,1,2,1920,2615-1174
2615619,1174035,2023,28,2,6,1920,2615-1174
2791407,1148611,2022,29,2,18,1920,2791-1148
2678392,1261958,2025,29,1,2,1920,2678-1261
2678517,1261823,2025,29,1,2,1920,2678-1261
2603609,1197079,2021,28,2,4,1920,2603-1197
2603616,1197070,2021,28,2,18,1920,2603-1197
2660027,1270551,2025,28,1,1,1920,2660-1270
2611570,1177725,2024,35,3,13,1920,2611-1177
2788877,1159053,2025,28,2,1,1920,2788-1159
2573939,1162622,2022,28,5,13,1920,2573-1162
2610322,1226318,2023,28,2,18,1920,2610-1226
2709996,1112636,2025,28,1,1,1920,2709-1112
2620500,1265500,2021,35,2,2,1920,2620-1265
2788687,1158157,2021,35,4,13,1920,2788-1158
2610339,1226367,2021,35,2,2,1920,2610-1226
2757120,1216776,2021,28,1,2,1920,2757-1216
2788740,1158442,2023,35,2,2,1920,2788-1158
2706718,1270747,2022,28,2,2,1920,2706-1270
2788681,1158121,2021,35,3,13,1920,2788-1158
2791264,1148825,2022,35,6,13,1920,2791-1148
2615500,1174500,2021,28,1,2,1920,2615-1174
2670500,1242500,2023,35,4,2,1920,2670-1242
2820400.2152294,1187699.84569918,2023,35,3,13,1920,2820-1187
2634074,1243841,2022,34,5,8,1920,2634-1243
2689563,1272010,2024,34,1,2,1920,2689-1272
2615536,1174248,2021,34,1,2,1920,2615-1174
2627500,1268500,2021,34,2,2,1920,2627-1268
2687248,1228137,2022,34,1,2,1920,2687-1228
2687245,1228147,2022,34,1,13,1920,2687-1228
2569147.44266037,1196706.26540992,2022,41,1,2,1920,2569-1196
2729500,1275500,2021,34,1,7,1920,2729-1275
2670221,1242548,2023,41,1,2,1920,2670-1242
2569118,1196714,2024,41,1,1,1920,2569-1196
2569231,1196655,2024,41,1,2,1920,2569-1196
2569184,1196444,2024,41,1,1,1920,2569-1196
2568778,1176285,2024,34,2,2,1920,2568-1176
2710500,1112500,2025,41,4,1,1920,2710-1112
2725729,1220091,2021,34,2,18,1920,2725-1220
2725612,1219949,2021,34,1,18,1920,2725-1219
2659066,1220202,2025,34,5,13,1920,2659-1220
2569500,1203500,2024,41,1,1,1920,2569-1203
2490278,1111631,2022,34,4,13,1920,2490-1111
2713500,1231500,2024,47,1,0,1920,2713-1231
2490602,1111453,2022,34,4,1,1920,2490-1111
2670085,1242448,2021,47,2,0,1920,2670-1242
2678498,1261641,2022,47,1,0,1920,2678-1261
2678496,1261657,2023,47,3,0,1920,2678-1261
2678313,1261755,2025,47,1,0,1920,2678-1261
2678458,1261701,2022,47,2,0,1920,2678-1261
2678484,1261572,2025,47,1,0,1920,2678-1261
2678466,1261710,2023,47,2,0,1920,2678-1261
2659500,1254500,2024,34,2,13,1920,2659-1254
2660500,1270500,2025,34,2,2,1920,2660-1270
2627500,1268500,2023,47,2,0,1920,2627-1268
2660680,1269784,2021,47,2,0,1920,2660-1269
2607135,1216533,2022,40,3,2,1920,2607-1216
2708500,1229500,2021,40,6,1,1920,2708-1229
2606299,1227868,2025,40,5,13,1920,2606-1227
2606299,1227839,2025,40,5,13,1920,2606-1227
2569147,1196703,2022,40,1,1,1920,2569-1196
2537546,1180262,2025,47,6,0,1920,2537-1180
2537634,1180198,2025,47,7,0,1920,2537-1180
2660500,1270500,2025,40,2,1,1920,2660-1270
2672801,1229617,2024,40,1,2,1920,2672-1229
2607184.51170395,1216551.78757314,2022,47,1,0,1920,2607-1216
2678743.88625199,1261738.64812515,2024,53,3,0,1920,2678-1261
2493116.60041062,1115700.08608876,2025,40,4,13,1920,2493-1115
2704942.1110355,1111918.55267258,2022,40,1,8,1920,2704-1111
2708597,1229162,2021,40,7,1,1920,2708-1229
2569176,1196701,2025,40,2,2,1920,2569-1196
2678743.88625199,1261738.64812515,2023,46,2,0,1920,2678-1261
2569500,1203500,2021,46,4,0,1920,2569-1203
2617252,1170920,2025,40,1,1,1920,2617-1170
2706500,1230500,2022,46,1,0,1920,2706-1230
2569177,1203284,2021,53,1,0,1920,2569-1203
2709600,1113340,2023,46,6,0,1920,2709-1113
2706500,1230500,2022,46,1,0,1920,2706-1230
2537509.61018522,1180220.62191536,2022,46,1,0,1920,2537-1180
2537509.61018522,1180220.62191535,2025,46,4,0,1920,2537-1180
2537509.61018522,1180220.62191536,2022,46,1,0,1920,2537-1180
2537419,1180399,2025,46,1,0,1920,2537-1180
2537418,1180401,2025,46,2,0,1920,2537-1180
2678500,1261500,2022,46,1,0,1920,2678-1261
2678515.88908633,1261671.64722243,2023,46,1,0,1920,2678-1261
2706500,1230500,2022,46,1,0,1920,2706-1230
2713500,1231500,2025,46,4,0,1920,2713-1231
2709628.1002368,1113293.57333526,2023,46,10,0,1920,2709-1113
2709628.1002368,1113293.57333526,2022,46,1,0,1920,2709-1113
2709628.1002368,1113293.57333526,2023,46,10,0,1920,2709-1113
2706500,1230500,2024,46,1,0,1920,2706-1230
2537509.61018522,1180220.62191536,2022,52,5,0,1920,2537-1180
2537509.61018522,1180220.62191536,2022,52,1,0,1920,2537-1180
2537509.61018522,1180220.62191535,2025,52,2,0,1920,2537-1180
2537509.61018522,1180220.62191535,2025,52,2,0,1920,2537-1180
2537509.61018522,1180220.62191536,2022,52,5,0,1920,2537-1180
2670300.06850856,1242299.56432465,2023,52,1,0,1920,2670-1242
2537235,1180257,2022,52,4,0,1920,2537-1180
2537554,1180190,2025,52,3,0,1920,2537-1180
2537513,1180266,2022,52,5,0,1920,2537-1180
2537404,1180157,2022,52,2,0,1920,2537-1180
2670584,1242177,2023,52,1,0,1920,2670-1242
2705420,1112130,2021,52,3,0,1920,2705-1112
2709605,1113333,2022,16,2,0,1920,2709-1113
2706500,1230500,2021,16,1,0,1920,2706-1230
2679198.87987549,1261961.65025197,2025,52,1,0,1920,2679-1261
2672730.08039885,1229727.51875434,2021,16,3,0,1920,2672-1229
2679198.87987549,1261961.65025197,2025,52,1,0,1920,2679-1261
2569216,1203178,2023,16,2,0,1920,2569-1203
2707697.43489666,1278958.87957617,2022,16,1,0,1920,2707-1278
2537509.61018522,1180220.62191535,2024,16,8,0,1920,2537-1180
2707670,1278997,2025,16,3,0,1920,2707-1278
2706501,1230314,2025,16,2,0,1920,2706-1230
2706448,1230311,2025,16,2,0,1920,2706-1230
2706499,1230499,2025,16,2,0,1920,2706-1230
2620364,1233631,2024,17,3,0,1920,2620-1233
2660093,1270431,2025,17,2,0,1920,2660-1270
2706500,1230500,2025,16,2,0,1920,2706-1230
2706500,1230500,2021,17,2,0,1920,2706-1230
2706500,1230500,2025,16,2,0,1920,2706-1230
2578713,1203726,2025,16,1,0,1920,2578-1203
2537523,1180266,2023,17,7,0,1920,2537-1180
2491065.50845104,1112528.16964175,2025,17,1,0,1920,2491-1112
2660500,1270500,2025,17,1,0,1920,2660-1270
2614500,1174500,2021,17,1,0,1920,2614-1174
2559500,1138500,2024,16,5,0,1920,2559-1138
2706500,1230500,2021,17,1,0,1920,2706-1230
2670386,1242318,2021,17,1,0,1920,2670-1242
2670427,1242390,2024,17,3,0,1920,2670-1242
2670087,1242532,2022,17,3,0,1920,2670-1242
2660212,1270279,2025,17,2,0,1920,2660-1270
2558730.38781529,1138466.35807626,2025,17,2,0,1920,2558-1138
2537509.61018522,1180220.62191535,2024,22,3,0,1920,2537-1180
2579760,1212269,2021,22,2,0,1920,2579-1212
2580090.6502114,1212497.13430467,2021,22,4,0,1920,2580-1212
2537509.61018522,1180220.62191535,2023,22,12,0,1920,2537-1180
2706473,1230338,2021,17,2,0,1920,2706-1230
2537509.61018522,1180220.62191535,2024,22,3,0,1920,2537-1180
2580090.6502114,1212497.13430467,2023,22,1,0,1920,2580-1212
2579896,1212194,2021,22,3,0,1920,2579-1212
2607184.51170395,1216551.78757314,2022,17,1,0,1920,2607-1216
2672685,1229930,2021,22,4,6,1920,2672-1229
2686930,1272161,2021,22,1,0,1920,2686-1272
2559028,1138419,2025,22,3,0,1920,2559-1138
2490442,1112742,2023,22,1,0,1920,2490-1112
2537512,1180149,2023,23,15,0,1920,2537-1180
2709500,1112500,2021,23,2,0,1920,2709-1112
2670350.07219683,1240899.55926051,2023,23,1,0,1920,2670-1240
2709459.10430758,1112619.57720119,2022,23,1,0,1920,2709-1112
2709628.1002368,1113293.57333526,2022,23,4,0,1920,2709-1113
2670350.07219683,1240899.55926051,2023,23,1,0,1920,2670-1240
2760500,1202500,2024,22,3,0,1920,2760-1202
2660500,1270500,2022,22,1,0,1920,2660-1270
2678500,1267500,2022,22,2,0,1920,2678-1267
2760500,1201500,2023,23,2,0,1920,2760-1201
2660500,1270500,2022,23,1,0,1920,2660-1270
2713500,1231500,2021,23,2,0,1920,2713-1231
2670236,1240771,2023,23,1,0,1920,2670-1240
2751868,1262804,2021,23,3,0,1920,2751-1262
2706500,1230500,2023,22,1,0,1920,2706-1230
2788095,1157568,2021,23,1,0,1920,2788-1157
2788148,1157579,2021,23,1,0,1920,2788-1157
2559991,1138316,2022,23,2,0,1920,2559-1138
2559941,1138355,2021,23,1,0,1920,2559-1138
2615500,1174500,2025,22,1,0,1920,2615-1174
2712528,1113374,2023,23,1,0,1920,2712-1113
2569397,1203290,2022,23,2,0,1920,2569-1203
2668778,1255828,2021,22,2,4,1920,2668-1255
2679239.88139303,1261726.64959763,2022,23,2,0,1920,2679-1261
2490481.51409212,1112705.18624407,2023,23,2,0,1920,2490-1112
2760500,1201500,2024,23,1,0,1920,2760-1201
2630606,1238373,2025,22,2,0,1920,2630-1238
2490406,1112770,2023,22,1,0,1920,2490-1112
2706500,1230500,2023,23,1,0,1920,2706-1230
2490367,1112782,2023,22,1,0,1920,2490-1112
2679196,1261921,2022,22,2,0,1920,2679-1261
2490413,1112768,2024,22,1,0,1920,2490-1112
2569908,1203271,2025,22,1,0,1920,2569-1203
2679198.87987549,1261961.65025197,2022,22,2,0,1920,2679-1261
2660500,1270500,2021,22,1,0,1920,2660-1270
2569463,1203625,2021,23,2,0,1920,2569-1203
2709080,1113777,2025,23,1,0,1920,2709-1113
2710120,1112579,2022,23,2,0,1920,2710-1112
2569500,1203500,2023,22,1,0,1920,2569-1203
2718254,1137965,2025,23,3,0,1920,2718-1137
2558500,1138500,2021,22,1,0,1920,2558-1138
2610366,1226372,2022,23,4,6,1920,2610-1226
2559996.39143369,1138313.33332478,2021,22,1,0,1920,2559-1138
2660300.10620835,1261399.61997049,2021,22,3,0,1920,2660-1261
2686960,1272767,2025,22,1,0,1920,2686-1272
2729500,1275500,2021,29,1,1,1920,2729-1275
2702639,1281860,2022,22,2,0,1920,2702-1281
2620500,1265500,2021,22,1,0,1920,2620-1265
2678388,1261901,2025,29,1,2,1920,2678-1261
2678417,1261926,2025,29,1,2,1920,2678-1261
2608500,1268500,2023,22,2,0,1920,2608-1268
2580500,1212500,2021,22,2,0,1920,2580-1212
2687500,1272500,2021,28,1,2,1920,2687-1272
2788738,1158333,2022,29,1,18,1920,2788-1158
2660370,1269911,2022,29,2,1,1920,2660-1269
2710152,1112617,2025,28,2,2,1920,2710-1112
2670383,1242427,2022,28,2,2,1920,2670-1242
2490931,1112501,2023,28,1,8,1920,2490-1112
2791414,1148598,2022,35,2,2,1920,2791-1148
2660500,1270500,2025,35,2,1,1920,2660-1270
2759407,1238818,2021,35,3,6,1920,2759-1238
2609853,1127399,2023,35,1,2,1920,2609-1127
2610516,1127912,2023,35,1,8,1920,2610-1127
2609518,1127239,2023,35,1,2,1920,2609-1127
2788500,1158500,2023,35,1,2,1920,2788-1158
2491065.50845104,1112528.16964175,2025,28,1,1,1920,2491-1112
2685949,1282832,2023,35,4,8,1920,2685-1282
2618888,1232116,2021,28,1,2,1920,2618-1232
2537494,1180249,2023,16,6,0,1920,2537-1180
2537634,1180194,2024,16,8,0,1920,2537-1180
2537471,1180216,2023,16,12,0,1920,2537-1180
2537487,1180231,2023,16,12,0,1920,2537-1180
2670300,1242291,2022,16,1,0,1920,2670-1242
2659500,1254500,2023,28,1,14,1920,2659-1254
2659069,1220172,2025,28,2,19,1920,2659-1220
2569195,1196724,2025,41,1,1,1920,2569-1196
2491139.51119183,1112622.16671605,2024,41,1,2,1920,2491-1112
2670300.06850856,1242299.56432466,2022,16,1,0,1920,2670-1242
2537509.61018522,1180220.62191535,2024,16,6,0,1920,2537-1180
2537509.61018522,1180220.62191535,2024,16,7,0,1920,2537-1180
2660500,1269500,2025,28,1,2,1920,2660-1269
2670300.06850856,1242299.56432465,2025,16,5,0,1920,2670-1242
2709628.1002368,1113293.57333526,2022,16,3,0,1920,2709-1113
2709628.1002368,1113293.57333526,2022,16,2,0,1920,2709-1113
2660500,1270500,2025,16,2,0,1920,2660-1270
2709628.1002368,1113293.57333526,2022,16,2,0,1920,2709-1113
2678743.88625199,1261738.64812515,2025,28,1,2,1920,2678-1261
2558655,1138490,2023,16,3,0,1920,2558-1138
2630795,1238469,2024,28,2,2,1920,2630-1238
2660500,1270500,2025,16,2,0,1920,2660-1270
2660237,1270258,2025,34,2,1,1920,2660-1270
2678454,1261753,2023,47,1,0,1920,2678-1261
2559500,1138500,2024,16,5,0,1920,2559-1138
2750500,1263500,2022,16,2,0,1920,2750-1263
2569154,1196469,2024,47,1,0,1920,2569-1196
2678500,1261500,2025,47,1,0,1920,2678-1261
2568782,1176174,2023,16,2,4,1920,2568-1176
2751906,1262742,2021,16,1,0,1920,2751-1262
2537549,1180255,2025,47,2,0,1920,2537-1180
2537396,1180379,2025,47,1,0,1920,2537-1180
2537620,1180277,2025,47,2,0,1920,2537-1180
2706500,1230500,2025,16,1,0,1920,2706-1230
2660500,1270500,2025,16,2,0,1920,2660-1270
2672773,1229458,2025,34,5,8,1920,2672-1229
2654500,1271500,2021,16,1,0,1920,2654-1271
2640084,1266418,2025,34,3,13,1920,2640-1266
2614500,1174500,2022,16,1,0,1920,2614-1174
2569489,1203709,2025,54,1,0,1920,2569-1203
2672730.08039885,1229727.51875434,2021,34,1,2,1920,2672-1229
2670500,1242500,2023,34,5,2,1920,2670-1242
2703052.41330683,1281686.85305131,2025,16,3,0,1920,2703-1281
2797911,1142708,2023,34,1,8,1920,2797-1142
2627945.48909876,1237373.66892157,2022,22,2,0,1920,2627-1237
2788500,1158500,2022,34,2,13,1920,2788-1158
2668500,1256500,2021,22,1,0,1920,2668-1256
2688808,1272082,2024,40,2,13,1920,2688-1272
2670098,1242490,2022,22,4,0,1920,2670-1242
2710222,1112726,2021,22,2,0,1920,2710-1112
2490481.51409212,1112705.18624407,2023,22,1,0,1920,2490-1112
2537454,1180193,2025,54,6,0,1920,2537-1180
2537610,1180171,2022,54,4,0,1920,2537-1180
2537474,1180206,2025,54,1,0,1920,2537-1180
2708500,1229500,2021,40,9,1,1920,2708-1229
2537493,1180178,2025,54,2,0,1920,2537-1180
2660500,1270500,2021,22,1,0,1920,2660-1270
2490494,1111440,2021,22,2,0,1920,2490-1111
2708500,1229500,2021,40,5,1,1920,2708-1229
2490584,1112322,2024,40,2,1,1920,2490-1112
2558668,1138488,2025,22,3,0,1920,2558-1138
2751500,1263500,2024,22,2,0,1920,2751-1263
2709500,1112500,2022,22,3,0,1920,2709-1112
2670376,1242425,2024,40,2,2,1920,2670-1242
2660500,1270500,2025,22,2,0,1920,2660-1270
2708500,1229500,2021,40,3,1,1920,2708-1229
2569147.44266037,1196706.26540992,2025,40,1,1,1920,2569-1196
2670300.06850856,1242299.56432466,2021,40,1,2,1920,2670-1242
2668500,1256500,2021,22,1,0,1920,2668-1256
2700000.59040254,1272100.79127784,2022,22,3,18,1920,2700-1272
2537509.61018522,1180220.62191535,2024,22,1,0,1920,2537-1180
2683500,1256500,2021,40,3,1,1920,2683-1256
2708500,1229500,2021,40,9,1,1920,2708-1229
2750473,1263665,2023,22,1,0,1920,2750-1263
2689880,1271996,2021,22,4,0,1920,2689-1271
2558500,1138500,2025,46,1,0,1920,2558-1138
2706500,1230500,2024,46,1,0,1920,2706-1230
2706471,1230320,2024,46,1,0,1920,2706-1230
2579868,1212277,2021,22,1,0,1920,2579-1212
2759999.99367169,1263000.27822094,2021,22,2,0,1920,2759-1263
2578751,1203673,2021,22,1,0,1920,2578-1203
2706464,1230353,2022,46,1,0,1920,2706-1230
2706463,1230338,2022,46,1,0,1920,2706-1230
2706448,1230195,2022,46,1,0,1920,2706-1230
2660500,1270500,2025,22,2,0,1920,2660-1270
2705189,1112018,2023,22,4,0,1920,2705-1112
2705186,1112026,2021,22,2,0,1920,2705-1112
2537621,1180192,2022,60,1,0,1920,2537-1180
2615500,1174500,2021,22,3,0,1920,2615-1174
2670300.06850856,1242299.56432465,2024,22,2,0,1920,2670-1242
2725775,1220040,2021,22,2,0,1920,2725-1220
2672800,1232085,2025,22,2,0,1920,2672-1232
2687224,1272104,2024,46,4,13,1920,2687-1272
2687102,1272124,2024,46,4,13,1920,2687-1272
2709831,1112587,2021,22,1,0,1920,2709-1112
2558599,1138488,2025,22,3,1,1920,2558-1138
2672583,1232446,2023,22,4,0,1920,2672-1232
2579500,1212500,2022,46,2,0,1920,2579-1212
2579500,1212500,2022,46,1,0,1920,2579-1212
2706500,1230500,2022,46,1,0,1920,2706-1230
2670178,1240969,2025,22,1,0,1920,2670-1240
2670113,1240924,2025,22,3,0,1920,2670-1240
2660500,1270500,2022,46,1,0,1920,2660-1270
2627785,1268558,2021,22,2,0,1920,2627-1268
2660500,1270500,2022,46,1,0,1920,2660-1270
2660146,1261118,2021,22,1,0,1920,2660-1261
2617311,1170905,2024,22,4,0,1920,2617-1170
2630561,1238349,2025,22,2,0,1920,2630-1238
2706500,1230500,2024,46,1,0,1920,2706-1230
2579500,1212500,2022,22,1,0,1920,2579-1212
2660500,1270500,2023,22,2,0,1920,2660-1270
2579861,1212162,2021,46,1,0,1920,2579-1212
2579921,1212289,2022,46,1,0,1920,2579-1212
2750440,1263669,2022,46,2,0,1920,2750-1263
2580090.6502114,1212497.13430467,2022,46,1,0,1920,2580-1212
2630500,1238500,2021,22,1,0,1920,2630-1238
2679184,1261932,2022,22,2,0,1920,2679-1261
2578794,1203729,2022,46,1,0,1920,2578-1203
2660500,1270500,2023,22,2,0,1920,2660-1270
2571351,1107448,2023,22,1,0,1920,2571-1107
2706484,1230360,2022,46,,0,1920,2706-1230
2490332,1112713,2022,22,2,0,1920,2490-1112
2709974,1112575,2022,22,2,0,1920,2709-1112
2537509.61018522,1180220.62191535,2025,46,5,0,1920,2537-1180
2569147.44266037,1196706.26540992,2024,46,1,0,1920,2569-1196
2709836.10043796,1113214.5753246,2021,22,2,0,1920,2709-1113
2704255.10749324,1112543.54382637,2025,22,1,0,1920,2704-1112
2620500,1265500,2022,22,1,0,1920,2620-1265
2709459.10430758,1112619.57720119,2021,22,3,0,1920,2709-1112
2678743.88625199,1261738.64812515,2022,22,1,0,1920,2678-1261
2706500,1230500,2022,46,1,0,1920,2706-1230
2560102,1137860,2023,22,2,4,1920,2560-1137
2560074,1137904,2023,22,2,4,1920,2560-1137
2660061,1270487,2025,22,2,0,1920,2660-1270
2660500,1270500,2025,22,2,0,1920,2660-1270
2610402,1226398,2021,22,2,6,1920,2610-1226
2610315,1226383,2025,22,2,4,1920,2610-1226
2679198.87987549,1261961.65025197,2023,22,2,0,1920,2679-1261
2718215,1137938,2025,22,2,0,1920,2718-1137
2568758,1176257,2024,22,2,0,1920,2568-1176
2718113,1138051,2024,22,1,0,1920,2718-1138
2672697,1232075,2025,22,1,0,1920,2672-1232
2610711,1226807,2021,22,2,2,1920,2610-1226
2705442,1112285,2021,22,1,0,1920,2705-1112
2620500,1265500,2021,22,1,0,1920,2620-1265
2713753,1231089,2024,22,1,0,1920,2713-1231
2713726,1231143,2021,22,1,0,1920,2713-1231
2660500,1270500,2022,22,1,0,1920,2660-1270
2660500,1270500,2021,22,1,0,1920,2660-1270
2678743.88625199,1261738.64812515,2024,53,2,0,1920,2678-1261
2579901,1212167,2022,53,2,0,1920,2579-1212
2760412,1203107,2022,22,2,0,1920,2760-1203
2537634,1180199,2025,53,1,0,1920,2537-1180
2660500,1270500,2025,53,1,0,1920,2660-1270
2760140,1201812,2025,22,1,0,1920,2760-1201
2573962,1162638,2024,28,5,13,1920,2573-1162
2670300.06850856,1242299.56432465,2024,53,1,0,1920,2670-1242
2537485,1180266,2023,28,1,2,1920,2537-1180
2537561,1180185,2023,28,1,2,1920,2537-1180
2537383,1180284,2023,28,1,2,1920,2537-1180
2490481.51409212,1112705.18624407,2023,28,2,6,1920,2490-1112
2712500,1113500,2024,28,2,1,1920,2712-1113
2707546,1279060,2022,28,1,2,1920,2707-1279
2672730.08039885,1229727.51875434,2021,28,2,4,1920,2672-1229
2537509.61018522,1180220.62191535,2023,28,1,2,1920,2537-1180
2537509.61018522,1180220.62191535,2023,28,1,2,1920,2537-1180
2537509.61018522,1180220.62191535,2023,28,1,1,1920,2537-1180
2537500,1180500,2023,28,1,1,1920,2537-1180
2615500,1174500,2025,28,1,1,1920,2615-1174
2710500,1114500,2024,28,1,1,1920,2710-1114
2610715,1226805,2022,28,2,18,1920,2610-1226
2687274,1228126,2025,28,1,2,1920,2687-1228
2610374,1226367,2022,28,4,8,1920,2610-1226
2560107,1137868,2021,28,3,13,1920,2560-1137
2622637,1234747,2021,28,1,8,1920,2622-1234
2572730,1175382,2023,28,4,5,1920,2572-1175
2819500,1187500,2024,28,1,2,1920,2819-1187
2718500,1138500,2021,28,2,1,1920,2718-1138
2660500,1270500,2024,28,1,2,1920,2660-1270
2618347,1128091,2025,28,3,6,1920,2618-1128
2490413,1112765,2023,28,2,4,1920,2490-1112
2660500,1270500,2025,28,2,1,1920,2660-1270
2603599,1197086,2021,28,2,18,1920,2603-1197
2678390.88728396,1262052.64810146,2025,34,1,2,1920,2678-1262
2718198,1137929,2023,34,1,1,1920,2718-1137
2725743,1220079,2021,34,2,18,1920,2725-1220
2725726,1220085,2021,34,1,19,1920,2725-1220
2725698,1220050,2025,34,2,4,1920,2725-1220
2725695,1220039,2025,34,1,2,1920,2725-1220
2659048,1220263,2025,34,3,11,1920,2659-1220
2788500,1158500,2023,34,3,13,1920,2788-1158
2489155,1112731,2023,34,6,13,1920,2489-1112
2706500,1230500,2022,17,1,0,1920,2706-1230
2618213,1128057,2025,34,1,1,1920,2618-1128
2686885,1272132,2025,17,2,0,1920,2686-1272
2660500,1270500,2025,17,3,0,1920,2660-1270
2670500,1242500,2025,34,1,1,1920,2670-1242
2679198.87987549,1261961.65025197,2022,34,2,2,1920,2679-1261
2630595,1238264,2024,34,3,2,1920,2630-1238
2614541,1174579,2025,40,2,4,1920,2614-1174
2757387,1221281,2022,17,2,0,1920,2757-1221
2710156,1112576,2021,17,1,0,1920,2710-1112
2634289,1243734,2024,17,2,0,1920,2634-1243
2634248,1243712,2024,17,2,0,1920,2634-1243
2559971,1138346,2022,17,1,0,1920,2559-1138
2559943,1138371,2022,17,1,0,1920,2559-1138
2788908,1159148,2021,40,6,13,1920,2788-1159
2788916,1159063,2021,40,5,13,1920,2788-1159
2607184.51170395,1216551.78757314,2021,17,1,0,1920,2607-1216
2607184.51170395,1216551.78757314,2022,17,1,0,1920,2607-1216
2611709,1128367,2025,40,1,8,1920,2611-1128
2537460,1180244,2024,23,1,0,1920,2537-1180
2537540,1180247,2024,23,1,0,1920,2537-1180
2718248,1137927,2025,23,2,0,1920,2718-1137
2751327,1263357,2021,23,1,0,1920,2751-1263
2670386,1242436,2022,23,3,0,1920,2670-1242
2670251,1242363,2021,23,1,0,1920,2670-1242
2569120,1196717,2025,23,1,0,1920,2569-1196
2579871,1212231,2021,46,4,0,1920,2579-1212
2579823,1212276,2022,46,1,0,1920,2579-1212
2580090.6502114,1212497.13430467,2021,46,3,0,1920,2580-1212
2709500,1112500,2025,46,4,0,1920,2709-1112
2706500,1230500,2022,46,1,0,1920,2706-1230
2706500,1230500,2022,46,1,0,1920,2706-1230
2706500,1230500,2024,46,1,0,1920,2706-1230
2713500,1231500,2024,46,2,0,1920,2713-1231
2569216,1196680,2024,46,1,0,1920,2569-1196
2706500,1230500,2022,46,1,0,1920,2706-1230
2615431,1174336,2025,23,1,0,1920,2615-1174
2660244,1270334,2025,23,1,0,1920,2660-1270
2706500,1230500,2022,46,1,0,1920,2706-1230
2670084,1242557,2023,46,3,0,1920,2670-1242
2660598,1269735,2025,23,1,0,1920,2660-1269
2687500,1272500,2024,46,4,0,1920,2687-1272
2579500,1212500,2021,23,2,0,1920,2579-1212
2750500,1263500,2022,46,2,0,1920,2750-1263
2569539,1203431,2021,46,1,0,1920,2569-1203
2760500,1201500,2023,23,5,0,1920,2760-1201
2627500,1268500,2021,23,2,0,1920,2627-1268
2670375,1242291,2023,46,2,0,1920,2670-1242
2537599,1180182,2025,46,3,0,1920,2537-1180
2537496,1180156,2025,46,2,0,1920,2537-1180
2537534,1180257,2025,46,3,0,1920,2537-1180
2537601,1180170,2025,46,5,0,1920,2537-1180
2788872,1158918,2024,23,1,0,1920,2788-1158
2660500,1270500,2025,46,1,0,1920,2660-1270
2709634,1113223,2022,23,3,0,1920,2709-1113
2670300.06850856,1242299.56432465,2023,46,3,0,1920,2670-1242
2537509.61018522,1180220.62191535,2025,46,5,0,1920,2537-1180
2537509.61018522,1180220.62191535,2025,46,3,0,1920,2537-1180
2759999.99367169,1263000.27822094,2021,23,1,0,1920,2759-1263
2537509.61018522,1180220.62191536,2022,46,2,0,1920,2537-1180
2759999.99367169,1263000.27822094,2021,23,1,0,1920,2759-1263
2569363,1203305,2021,23,1,0,1920,2569-1203
2712803,1113873,2025,23,2,0,1920,2712-1113
2712292,1113628,2025,23,1,0,1920,2712-1113
2712052,1113886,2025,23,1,0,1920,2712-1113
2788880,1159087,2025,23,2,6,1920,2788-1159
2712008,1113399,2024,23,2,0,1920,2712-1113
2659500,1254500,2024,23,1,0,1920,2659-1254
2687454,1272074,2025,23,3,4,1920,2687-1272
2689631,1271991,2025,23,1,18,1920,2689-1271
2678387,1261787,2025,23,1,0,1920,2678-1261
2820400.2152294,1187699.84569918,2025,23,3,0,1920,2820-1187
2607184.51170395,1216551.78757314,2021,23,1,0,1920,2607-1216
2660300.10620835,1261399.61997049,2021,23,2,0,1920,2660-1261
2579868,1212307,2021,53,2,0,1920,2579-1212
2707886,1279018,2024,53,1,0,1920,2707-1279
2678743.88625199,1261738.64812515,2024,53,3,0,1920,2678-1261
2788500,1159500,2021,29,2,12,1920,2788-1159
2653596,1256062,2021,29,1,3,1920,2653-1256
2579500,1212500,2022,53,1,0,1920,2579-1212
2537549,1180184,2022,53,,0,1920,2537-1180
2537454,1180169,2021,53,1,0,1920,2537-1180
2537167,1180161,2022,53,3,0,1920,2537-1180
2537544,1180359,2025,53,1,0,1920,2537-1180
2537493,1180189,2021,53,1,0,1920,2537-1180
2490674.50214671,1112307.18317356,2024,29,1,1,1920,2490-1112
2610517.58751827,1128072.59615149,2025,29,1,2,1920,2610-1128
2678383,1261987,2025,29,1,1,1920,2678-1261
2709601,1113343,2022,16,5,0,1920,2709-1113
2709628,1113293,2022,16,7,0,1920,2709-1113
2660500,1270500,2025,35,3,1,1920,2660-1270
2709590,1113317,2022,16,11,0,1920,2709-1113
2709562,1113238,2022,16,13,0,1920,2709-1113
2537509.61018522,1180220.62191536,2022,53,5,0,1920,2537-1180
2537509.61018522,1180220.62191536,2021,53,1,0,1920,2537-1180
2537509.61018522,1180220.62191536,2022,53,6,0,1920,2537-1180
2537509.61018522,1180220.62191536,2022,53,,0,1920,2537-1180
2537509.61018522,1180220.62191536,2022,53,2,0,1920,2537-1180
2537509.61018522,1180220.62191536,2021,53,1,0,1920,2537-1180
2660500,1270500,2024,35,2,1,1920,2660-1270
2791519,1148440,2022,35,1,3,1920,2791-1148
2791377,1148665,2022,35,1,13,1920,2791-1148
2686956,1272138,2024,41,1,2,1920,2686-1272
2678442,1261665,2022,41,1,1,1920,2678-1261
2678443,1261666,2022,41,1,1,1920,2678-1261
2610334,1226382,2022,41,1,8,1920,2610-1226
2569184,1196446,2025,41,10,1,1920,2569-1196
2729500,1275500,2021,41,1,1,1920,2729-1275
2569095,1196700,2025,41,2,1,1920,2569-1196
2569188,1196654,2024,41,1,1,1920,2569-1196
2569067,1196555,2025,41,4,2,1920,2569-1196
2569228,1196776,2025,41,7,1,1920,2569-1196
2578500,1203500,2024,16,1,0,1920,2578-1203
2569705,1203075,2022,41,3,1,1920,2569-1203
2569666,1203135,2022,41,2,1,1920,2569-1203
2569656,1203075,2022,41,3,2,1920,2569-1203
2569695,1203095,2023,41,3,1,1920,2569-1203
2569037,1203393,2024,41,1,1,1920,2569-1203
2687224,1272104,2024,41,1,2,1920,2687-1272
2705299,1111951,2023,16,1,0,1920,2705-1111
2705452,1111887,2022,16,7,0,1920,2705-1111
2537533,1180228,2025,48,3,0,1920,2537-1180
2537488,1180290,2022,48,2,0,1920,2537-1180
2537594,1180162,2025,48,2,0,1920,2537-1180
2537599,1180255,2025,48,4,0,1920,2537-1180
2537638,1180206,2022,48,2,0,1920,2537-1180
2537506,1180213,2025,48,5,0,1920,2537-1180
2707617,1279077,2023,16,2,0,1920,2707-1279
2706461,1230330,2022,16,1,0,1920,2706-1230
2670300.06850856,1242299.56432466,2021,16,1,0,1920,2670-1242
2672730.08039885,1229727.51875434,2021,16,2,0,1920,2672-1229
2537509.61018522,1180220.62191535,2024,22,6,0,1920,2537-1180
2537510,1180224,2022,54,2,0,1920,2537-1180
2537563,1180277,2025,54,1,0,1920,2537-1180
2706500,1230500,2023,22,2,3,1920,2706-1230
2569147.44266037,1196706.26540992,2024,54,1,0,1920,2569-1196
2758500,1236500,2022,22,2,0,1920,2758-1236
2660500,1270500,2025,22,3,0,1920,2660-1270
2660500,1270500,2022,22,1,0,1920,2660-1270
2660500,1270500,2025,22,2,0,1920,2660-1270
2660500,1270500,2021,22,2,0,1920,2660-1270
2615563,1174267,2025,22,2,4,1920,2615-1174
2490411,1112766,2022,22,2,2,1920,2490-1112
2709589,1113343,2023,22,2,0,1920,2709-1113
2490414,1112768,2024,22,2,0,1920,2490-1112
2490397,1112781,2022,22,1,0,1920,2490-1112
2702652,1281811,2022,22,2,0,1920,2702-1281
2759509,1238848,2025,22,1,2,1920,2759-1238
2702686,1281857,2023,22,1,0,1920,2702-1281
2709585,1113163,2023,22,2,0,1920,2709-1113
2569147.44266037,1196706.26540992,2022,22,1,0,1920,2569-1196
2569255,1203330,2024,22,1,1,1920,2569-1203
2569346,1203308,2022,22,2,0,1920,2569-1203
2709836.10043796,1113214.57532459,2025,22,5,0,1920,2709-1113
2660500,1270500,2021,22,2,0,1920,2660-1270
2501635,1118279,2022,22,2,0,1920,2501-1118
2615500,1174500,2024,22,3,0,1920,2615-1174
2710500,1112500,2024,22,2,0,1920,2710-1112
2579500,1212500,2023,22,1,0,1920,2579-1212
2660500,1270500,2021,22,2,0,1920,2660-1270
2670500,1240500,2023,22,3,0,1920,2670-1240
2660500,1269500,2025,22,1,0,1920,2660-1269
2569437,1203641,2022,22,1,0,1920,2569-1203
2707640,1279037,2023,22,1,2,1920,2707-1279
2537509.61018522,1180220.62191535,2024,22,3,0,1920,2537-1180
2569613,1203715,2025,22,1,0,1920,2569-1203
2754500,1213500,2021,22,1,0,1920,2754-1213
2670035,1242562,2023,22,1,0,1920,2670-1242
2692582,1285709,2024,28,1,11,1920,2692-1285
2630974,1238508,2024,28,2,18,1920,2630-1238
2678334,1261854,2025,28,1,1,1920,2678-1261
2679160,1261796,2022,28,1,2,1920,2679-1261
2491085,1112525,2025,28,1,3,1920,2491-1112
2490407,1112766,2021,28,2,4,1920,2490-1112
2679134,1261821,2022,28,1,2,1920,2679-1261
2490749,1112187,2024,28,1,1,1920,2490-1112
2490423,1112756,2024,28,2,6,1920,2490-1112
2672617,1229871,2021,16,2,0,1920,2672-1229
2490418,1112764,2021,16,2,0,1920,2490-1112
2687436,1272015,2025,28,1,2,1920,2687-1272
2537509.61018522,1180220.62191535,2023,28,1,1,1920,2537-1180
2725739,1220095,2021,34,1,19,1920,2725-1220
2537507,1180269,2023,16,1,0,1920,2537-1180
2537497,1180228,2023,16,1,0,1920,2537-1180
2757525,1217090,2024,16,1,0,1920,2757-1217
2537500,1180500,2021,16,1,0,1920,2537-1180
2660065,1270561,2025,16,1,0,1920,2660-1270
2660051,1270538,2025,16,1,0,1920,2660-1270
2537490,1180159,2024,17,3,0,1920,2537-1180
2537832,1180501,2021,17,2,0,1920,2537-1180
2537550,1180299,2023,17,4,0,1920,2537-1180
2709628.1002368,1113293.57333526,2022,16,5,0,1920,2709-1113
2670300.06850856,1242299.56432466,2022,16,4,0,1920,2670-1242
2670300.06850856,1242299.56432466,2022,16,2,0,1920,2670-1242
2688685,1272069,2025,34,2,18,1920,2688-1272
2670300.06850856,1242299.56432465,2025,16,3,0,1920,2670-1242
2537509.61018522,1180220.62191535,2023,16,10,0,1920,2537-1180
2689604,1271994,2025,34,1,2,1920,2689-1271
2709448,1112451,2022,16,1,0,1920,2709-1112
2678381,1261755,2025,17,1,0,1920,2678-1261
2670500,1242500,2022,16,4,0,1920,2670-1242
2660500,1270500,2025,16,1,0,1920,2660-1270
2668918,1255887,2025,34,5,16,1920,2668-1255
2558622,1138506,2023,17,6,0,1920,2558-1138
2608500,1268500,2023,16,1,0,1920,2608-1268
2750500,1263500,2025,16,1,0,1920,2750-1263
2670500,1242500,2025,16,4,0,1920,2670-1242
2607197,1216459,2022,17,2,0,1920,2607-1216
2758365,1237851,2021,40,2,4,1920,2758-1237
2690012,1271974,2024,17,2,6,1920,2690-1271
2670338,1242335,2023,40,6,2,1920,2670-1242
2710216,1112629,2025,40,3,13,1920,2710-1112
2718211,1137998,2023,16,1,0,1920,2718-1137
2687005,1272797,2025,16,3,0,1920,2687-1272
2686982,1272949,2025,16,1,0,1920,2686-1272
2710223,1112556,2023,17,3,0,1920,2710-1112
2670107,1242495,2022,17,2,0,1920,2670-1242
2670331,1242453,2022,17,2,0,1920,2670-1242
2670279,1242487,2024,17,1,0,1920,2670-1242
2490366,1112791,2022,16,1,0,1920,2490-1112
2750456,1263706,2023,16,1,0,1920,2750-1263
2703052.41330683,1281686.85305131,2025,16,2,0,1920,2703-1281
2672800.075557,1232199.52841523,2022,16,1,0,1920,2672-1232
2607184.51170395,1216551.78757314,2022,17,1,0,1920,2607-1216
2760055,1240751,2021,40,2,7,1920,2760-1240
2759907,1240248,2021,40,1,2,1920,2759-1240
2759082,1238490,2021,40,2,4,1920,2759-1238
2634173,1243829,2023,16,1,0,1920,2634-1243
2569639,1203218,2023,40,4,1,1920,2569-1203
2755108,1227899,2021,40,1,2,1920,2755-1227
2670500,1242500,2023,40,6,2,1920,2670-1242
2672659,1232011,2025,22,1,0,1920,2672-1232
2634153,1243826,2025,22,2,0,1920,2634-1243
2760095,1201856,2021,23,1,0,1920,2760-1201
2709500,1112500,2025,40,1,2,1920,2709-1112
2705500,1112500,2023,22,2,0,1920,2705-1112
2627500,1268500,2025,23,2,0,1920,2627-1268
2537489,1180153,2024,22,5,0,1920,2537-1180
2660500,1270500,2024,47,2,0,1920,2660-1270
2706500,1230500,2025,47,1,0,1920,2706-1230
2820500,1187500,2021,23,2,0,1920,2820-1187
2678743.88625199,1261738.64812515,2023,22,2,0,1920,2678-1261
2710202,1112592,2021,22,1,0,1920,2710-1112
2710172,1112620,2023,22,4,0,1920,2710-1112
2710089,1112563,2022,22,2,0,1920,2710-1112
2579940,1212292,2022,47,2,0,1920,2579-1212
2560038,1137889,2022,23,1,2,1920,2560-1137
2537509.61018522,1180220.62191536,2022,47,2,0,1920,2537-1180
2537509.61018522,1180220.62191535,2025,47,2,0,1920,2537-1180
2559743,1138286,2022,23,1,0,1920,2559-1138
2670500,1242500,2021,23,4,0,1920,2670-1242
2490429,1112766,2023,22,1,0,1920,2490-1112
2709500,1112500,2022,22,5,0,1920,2709-1112
2670300.06850856,1242299.56432465,2023,47,2,0,1920,2670-1242
2708500,1229500,2022,23,3,0,1920,2708-1229
2660500,1270500,2024,47,2,0,1920,2660-1270
2709525,1112465,2022,23,2,0,1920,2709-1112
2672532,1232432,2024,23,2,0,1920,2672-1232
2660500,1270500,2021,22,1,0,1920,2660-1270
2706500,1230500,2023,22,2,0,1920,2706-1230
2670300.06850856,1242299.56432466,2021,22,2,0,1920,2670-1242
2670300.06850856,1242299.56432465,2025,22,2,0,1920,2670-1242
2537509.61018522,1180220.62191535,2023,22,13,0,1920,2537-1180
2537509.61018522,1180220.62191535,2024,22,4,0,1920,2537-1180
2501554,1118207,2023,23,1,0,1920,2501-1118
2615681,1174030,2021,22,3,0,1920,2615-1174
2705188,1112031,2021,22,3,0,1920,2705-1112
2670274,1242347,2024,23,3,0,1920,2670-1242
2670355,1242401,2021,22,2,0,1920,2670-1242
2615452,1174319,2021,22,1,0,1920,2615-1174
2670287,1242418,2025,22,1,0,1920,2670-1242
2759999.99367169,1263000.27822094,2021,23,1,0,1920,2759-1263
2679198.87987549,1261961.65025197,2024,53,3,0,1920,2679-1261
2670350.07219683,1240899.55926051,2023,22,1,0,1920,2670-1240
2615457,1174341,2025,23,2,6,1920,2615-1174
2670350.07219683,1240899.55926051,2025,22,1,0,1920,2670-1240
2618670.65278626,1128170.52219958,2025,22,2,0,1920,2618-1128
2678743.88625199,1261738.64812515,2023,23,1,0,1920,2678-1261
2558730.38781529,1138466.35807626,2022,23,3,0,1920,2558-1138
2709628.1002368,1113293.57333526,2023,22,3,0,1920,2709-1113
2709628.1002368,1113293.57333526,2023,22,2,0,1920,2709-1113
2607184.51170395,1216551.78757314,2021,23,4,0,1920,2607-1216
2607184.51170395,1216551.78757314,2021,23,4,0,1920,2607-1216
2607184.51170395,1216551.78757314,2021,23,1,0,1920,2607-1216
2607184.51170395,1216551.78757314,2021,23,2,0,1920,2607-1216
2668500,1255500,2021,23,2,2,1920,2668-1255
2660278,1270158,2024,23,1,0,1920,2660-1270
2670399,1240928,2023,22,2,0,1920,2670-1240
2709500,1112500,2023,22,1,0,1920,2709-1112
2703947,1281576,2024,53,1,0,1920,2703-1281
2705555,1112136,2022,22,4,0,1920,2705-1112
2559964.39202934,1138353.33392529,2022,22,1,0,1920,2559-1138
2615500,1174500,2021,53,1,0,1920,2615-1174
2713500,1231500,2024,22,2,0,1920,2713-1231
2569131,1196691,2025,29,1,1,1920,2569-1196
2702671,1281785,2025,29,1,2,1920,2702-1281
2660500,1270500,2021,22,2,0,1920,2660-1270
2559500,1138500,2021,22,1,0,1920,2559-1138
2615509,1174301,2022,29,1,2,1920,2615-1174
2560111,1137793,2021,22,1,18,1920,2560-1137
2537552,1180270,2023,29,1,1,1920,2537-1180
2569500,1203500,2022,22,2,0,1920,2569-1203
2660500,1270500,2022,22,1,0,1920,2660-1270
2660500,1270500,2025,22,3,0,1920,2660-1270
2610289,1127812,2023,29,1,2,1920,2610-1127
2759415,1238760,2021,29,2,18,1920,2759-1238
2718132,1137995,2025,22,1,0,1920,2718-1137
2750436,1263684,2025,22,2,0,1920,2750-1263
2610108,1127719,2023,29,2,2,1920,2610-1127
2750475,1263716,2023,22,1,0,1920,2750-1263
2750440,1263677,2023,22,2,0,1920,2750-1263
2579895,1212287,2022,28,2,2,1920,2579-1212
2755203,1227924,2021,29,1,2,1920,2755-1227
2758189,1236518,2025,29,1,2,1920,2758-1236
2757811,1235352,2021,29,2,4,1920,2757-1235
2755224,1227234,2021,29,2,4,1920,2755-1227
2755389,1229282,2021,29,1,2,1920,2755-1229
2756065,1230908,2021,29,1,2,1920,2756-1230
2755223,1228275,2021,29,1,2,1920,2755-1228
2755323,1228946,2021,29,2,4,1920,2755-1228
2679208,1261863,2022,28,2,2,1920,2679-1261
2693831,1281924,2023,28,2,7,1920,2693-1281
2706721,1270750,2024,28,1,2,1920,2706-1270
2537551,1180143,2023,28,1,1,1920,2537-1180
2610385,1226398,2022,29,4,18,1920,2610-1226
2610321,1226356,2024,29,2,6,1920,2610-1226
2662920,1273663,2022,28,1,18,1920,2662-1273
2662920,1273674,2022,28,1,2,1920,2662-1273
2630605,1238199,2024,28,4,13,1920,2630-1238
2759929,1240309,2021,29,3,4,1920,2759-1240
2759798,1239625,2021,29,2,4,1920,2759-1239
2759598,1239089,2021,29,1,2,1920,2759-1239
2760046,1240671,2021,29,2,4,1920,2760-1240
2702928,1281626,2025,29,7,13,1920,2702-1281
2670408,1242306,2025,29,1,1,1920,2670-1242
2659500,1254500,2023,28,2,4,1920,2659-1254
2614954,1229682,2024,28,2,18,1920,2614-1229
2572716,1175385,2024,28,2,6,1920,2572-1175
2574071.88294442,1163497.09481235,2025,28,3,7,1920,2574-1163
2573897.86869191,1162640.09628771,2022,28,8,13,1920,2573-1162
2678743.88625199,1261738.64812515,2022,28,2,6,1920,2678-1261
2678451.8885035,1261824.64753559,2025,28,1,1,1920,2678-1261
2678743.88625199,1261738.64812515,2025,28,1,1,1920,2678-1261
2660500,1270500,2023,28,1,1,1920,2660-1270
2579500,1212500,2024,28,1,2,1920,2579-1212
2791379,1148673,2024,36,2,4,1920,2791-1148
2791500,1148500,2023,36,1,2,1920,2791-1148
2791500,1148500,2022,36,5,13,1920,2791-1148
2610401,1226406,2021,28,2,4,1920,2610-1226
2610314,1226398,2024,28,2,4,1920,2610-1226
2574115,1162757,2023,28,1,18,1920,2574-1162
2718149,1138205,2024,28,2,2,1920,2718-1138
2718151,1138214,2024,28,1,2,1920,2718-1138
2571355,1107419,2023,28,1,7,1920,2571-1107
2560041,1137924,2021,28,1,2,1920,2560-1137
2660500,1270500,2025,28,4,2,1920,2660-1270
2686927,1272152,2024,28,1,1,1920,2686-1272
2490474,1111410,2024,28,1,2,1920,2490-1111
2610690,1226689,2021,28,2,4,1920,2610-1226
2618670.65278626,1128170.52219958,2025,28,3,11,1920,2618-1128
2788694,1158206,2021,36,1,2,1920,2788-1158
2788715,1158280,2022,36,2,13,1920,2788-1158
2579500,1212500,2022,36,1,2,1920,2579-1212
2663500,1273500,2025,28,2,6,1920,2663-1273
2660500,1270500,2023,28,1,1,1920,2660-1270
2788500,1158500,2023,34,4,13,1920,2788-1158
2490426.12396891,1112748.05665635,2021,42,1,2,1920,2490-1112
2578667.51943261,1203746.12803837,2023,42,1,1,1920,2578-1203
2687192,1272127,2025,34,2,4,1920,2687-1272
2569127,1196722,2025,42,4,2,1920,2569-1196
2569131,1196721,2025,42,4,2,1920,2569-1196
2670500,1242500,2023,42,2,2,1920,2670-1242
2729725,1275462,2021,34,1,2,1920,2729-1275
2687454,1272074,2025,34,1,2,1920,2687-1272
2687449,1272005,2025,34,1,3,1920,2687-1272
2653500,1256500,2024,34,1,2,1920,2653-1256
2569672,1203080,2022,42,3,1,1920,2569-1203
2603788,1196571,2021,42,1,1,1920,2603-1196
2725701,1220002,2021,34,1,18,1920,2725-1220
2706500,1230500,2024,48,1,0,1920,2706-1230
2627500,1268500,2021,34,1,2,1920,2627-1268
2659066,1220202,2025,34,5,13,1920,2659-1220
2725581,1220015,2025,34,2,4,1920,2725-1220
2819902,1187486,2022,34,4,13,1920,2819-1187
2670456,1242373,2023,34,1,2,1920,2670-1242
2617285,1170927,2023,34,2,4,1920,2617-1170
2706500,1230500,2024,48,1,0,1920,2706-1230
2678474,1261711,2025,48,1,0,1920,2678-1261
2678467,1261705,2024,48,4,0,1920,2678-1261
2678508,1261705,2024,48,4,0,1920,2678-1261
2678541,1261622,2021,48,1,0,1920,2678-1261
2678460,1261701,2023,48,2,0,1920,2678-1261
2678743.88625199,1261738.64812515,2021,34,1,2,1920,2678-1261
2678520,1261771,2024,48,1,0,1920,2678-1261
2678456,1261723,2022,48,2,0,1920,2678-1261
2678394,1261701,2023,48,1,0,1920,2678-1261
2788500,1159500,2023,34,2,6,1920,2788-1159
2670300.06850856,1242299.56432466,2022,40,1,2,1920,2670-1242
2537549,1180280,2025,48,3,0,1920,2537-1180
2537416,1180323,2025,48,2,0,1920,2537-1180
2756500,1210500,2023,40,1,8,1920,2756-1210
2670500,1242500,2023,40,8,2,1920,2670-1242
2537473,1180109,2025,48,1,0,1920,2537-1180
2578789,1203709,2025,40,2,1,1920,2578-1203
2569500,1203500,2023,40,8,1,1920,2569-1203
2788896,1159099,2022,40,2,13,1920,2788-1159
2660035,1270538,2025,40,3,2,1920,2660-1270
2670483,1242182,2025,40,1,1,1920,2670-1242
2606286,1227868,2025,40,5,13,1920,2606-1227
2708500,1229500,2021,40,1,2,1920,2708-1229
2756500,1210500,2023,40,2,1,1920,2756-1210
2670300.06850856,1242299.56432465,2023,47,5,0,1920,2670-1242
2709500,1112500,2025,40,1,2,1920,2709-1112
2710500,1112500,2025,40,3,13,1920,2710-1112
2537509.61018522,1180220.62191535,2025,47,6,0,1920,2537-1180
2537509.61018522,1180220.62191535,2025,47,3,0,1920,2537-1180
2537509.61018522,1180220.62191535,2025,47,4,0,1920,2537-1180
2537500,1180500,2025,47,3,0,1920,2537-1180
2678743.88625199,1261738.64812515,2023,47,1,0,1920,2678-1261
2678743.88625199,1261738.64812515,2023,47,2,0,1920,2678-1261
2670300.06850856,1242299.56432466,2021,47,3,0,1920,2670-1242
2569644.55120499,1203073.27749822,2025,47,1,0,1920,2569-1203
2579803,1212186,2022,47,2,0,1920,2579-1212
2579803,1212264,2022,47,2,0,1920,2579-1212
2660500,1270500,2024,47,2,0,1920,2660-1270
2614500,1174500,2022,47,2,0,1920,2614-1174
2706500,1230500,2022,47,1,0,1920,2706-1230
2579500,1212500,2023,47,1,0,1920,2579-1212
2569536,1203424,2021,47,1,0,1920,2569-1203
2660047,1270537,2024,47,2,0,1920,2660-1270
2537496,1180074,2022,47,3,0,1920,2537-1180
2670367,1242321,2024,47,5,0,1920,2670-1242
2537538,1180248,2022,47,2,0,1920,2537-1180
2660500,1270500,2024,47,2,0,1920,2660-1270
2678743.88625199,1261738.64812515,2023,47,3,0,1920,2678-1261
2670390,1242420,2023,47,2,0,1920,2670-1242
2670500,1242500,2023,47,3,0,1920,2670-1242
2579500,1212500,2022,47,2,0,1920,2579-1212
2670553,1242211,2023,53,1,0,1920,2670-1242
2537509.61018522,1180220.62191536,2022,53,2,0,1920,2537-1180
2537509.61018522,1180220.62191535,2025,53,1,0,1920,2537-1180
2537509.61018522,1180220.62191536,2022,53,5,0,1920,2537-1180
2537509.61018522,1180220.62191535,2025,53,2,0,1920,2537-1180
2537588,1180377,2022,53,2,0,1920,2537-1180
2537593,1180151,2022,53,2,0,1920,2537-1180
2537562,1180139,2022,53,3,0,1920,2537-1180
2537338,1180236,2022,53,3,0,1920,2537-1180
2537562,1180139,2022,53,4,0,1920,2537-1180
2537438,1180204,2022,53,3,0,1920,2537-1180
2537376,1180281,2022,53,3,0,1920,2537-1180
2537572,1180173,2025,53,1,0,1920,2537-1180
2537545,1180123,2022,53,2,0,1920,2537-1180
2670300.06850856,1242299.56432466,2022,16,2,0,1920,2670-1242
2579827,1212284,2021,53,1,0,1920,2579-1212
2670300.06850856,1242299.56432466,2022,16,4,0,1920,2670-1242
2670300.06850856,1242299.56432466,2022,16,3,0,1920,2670-1242
2670300.06850856,1242299.56432466,2022,16,4,0,1920,2670-1242
2670300.06850856,1242299.56432466,2022,16,2,0,1920,2670-1242
2670300.06850856,1242299.56432466,2022,16,3,0,1920,2670-1242
2679218,1261797,2024,53,3,0,1920,2679-1261
2706748,1270759,2022,16,2,4,1920,2706-1270
2569525.56262002,1203696.28167077,2025,16,1,0,1920,2569-1203
2614600,1174583,2025,16,1,0,1920,2614-1174
2707489,1279010,2022,16,1,0,1920,2707-1279
2579969,1212199,2021,16,2,0,1920,2579-1212
2710172,1112612,2025,16,1,3,1920,2710-1112
2710191,1112558,2025,16,2,6,1920,2710-1112
2710172,1112612,2025,16,1,3,1920,2710-1112
2706500,1230500,2022,16,3,0,1920,2706-1230
2679239.88139303,1261726.64959763,2024,53,1,0,1920,2679-1261
2706416,1230312,2021,16,1,0,1920,2706-1230
2706410,1230312,2021,16,1,0,1920,2706-1230
2706411,1230283,2022,16,4,0,1920,2706-1230
2706580,1230414,2021,16,1,0,1920,2706-1230
2689289,1272018,2022,16,1,0,1920,2689-1272
2687145,1272114,2021,16,1,0,1920,2687-1272
2620500,1265500,2022,16,2,0,1920,2620-1265
2689593,1272002,2022,16,1,0,1920,2689-1272
2709342,1113254,2022,16,11,0,1920,2709-1113
2709628,1113293,2022,16,7,0,1920,2709-1113
2709418,1112404,2022,22,3,0,1920,2709-1112
2490413,1112776,2023,22,1,0,1920,2490-1112
2490943,1112411,2025,22,2,6,1920,2490-1112
2670500,1242500,2024,22,4,0,1920,2670-1242
2710262,1112757,2021,22,1,0,1920,2710-1112
2670300.06850856,1242299.56432465,2025,22,3,14,1920,2670-1242
2670300.06850856,1242299.56432465,2024,22,1,0,1920,2670-1242
2670300.06850856,1242299.56432466,2021,22,5,0,1920,2670-1242
2706500,1230500,2025,22,1,0,1920,2706-1230
2579644,1212264,2021,22,1,0,1920,2579-1212
2615435,1174339,2025,22,2,0,1920,2615-1174
2706500,1230500,2023,22,2,0,1920,2706-1230
2750728,1263571,2025,22,2,0,1920,2750-1263
2710500,1112500,2021,22,2,0,1920,2710-1112
2537509.61018522,1180220.62191535,2023,22,28,0,1920,2537-1180
2707697.43489667,1278958.87957616,2023,22,1,0,1920,2707-1278
2706467,1230342,2025,22,1,0,1920,2706-1230
2706452,1230316,2025,22,1,0,1920,2706-1230
2706496,1230415,2023,22,2,0,1920,2706-1230
2620895,1265251,2021,22,1,2,1920,2620-1265
2614500,1174500,2025,22,1,0,1920,2614-1174
2706500,1230500,2025,22,1,0,1920,2706-1230
2537515,1180172,2023,17,6,0,1920,2537-1180
2718246,1138870,2023,17,1,0,1920,2718-1138
2678348,1261825,2025,22,1,0,1920,2678-1261
2489464,1112906,2025,22,2,0,1920,2489-1112
2660186,1269936,2025,22,1,0,1920,2660-1269
2559964.39202934,1138353.33392529,2021,22,1,0,1920,2559-1138
2490481.51409212,1112705.18624407,2025,17,2,0,1920,2490-1112
2702659.41195306,1281914.8508067,2022,22,2,4,1920,2702-1281
2559996.39143369,1138313.33332478,2021,22,1,0,1920,2559-1138
2678743.88625199,1261738.64812515,2022,22,2,0,1920,2678-1261
2678743.88625199,1261738.64812515,2023,22,2,0,1920,2678-1261
2660500,1270500,2025,22,4,0,1920,2660-1270
2670350.07219683,1240899.55926051,2023,17,1,0,1920,2670-1240
2705635,1111988,2023,22,3,0,1920,2705-1111
2578667,1203705,2023,22,2,0,1920,2578-1203
2702642,1281831,2025,22,2,0,1920,2702-1281
2490406,1112762,2025,17,2,0,1920,2490-1112
2501623,1118263,2023,17,1,0,1920,2501-1118
2759529,1238884,2023,17,2,0,1920,2759-1238
2757681,1220262,2024,17,2,0,1920,2757-1220
2579855,1212233,2022,28,1,2,1920,2579-1212
2537509.61018522,1180220.62191535,2024,28,1,1,1920,2537-1180
2627500,1268500,2022,17,1,0,1920,2627-1268
2607184.51170395,1216551.78757314,2022,17,1,0,1920,2607-1216
2607184.51170395,1216551.78757314,2021,17,1,0,1920,2607-1216
2607184.51170395,1216551.78757314,2022,17,1,0,1920,2607-1216
2607184.51170395,1216551.78757314,2021,17,1,0,1920,2607-1216
2607184.51170395,1216551.78757314,2021,17,1,0,1920,2607-1216
2607184.51170395,1216551.78757314,2022,17,1,0,1920,2607-1216
2820400.2152294,1187699.84569918,2024,17,1,0,1920,2820-1187
2670500,1242500,2025,17,3,0,1920,2670-1242
2670300.06850856,1242299.56432465,2023,28,1,1,1920,2670-1242
2569500,1203500,2022,24,1,0,1920,2569-1203
2755187,1227446,2023,24,1,0,1920,2755-1227
2703200,1281754,2025,24,2,0,1920,2703-1281
2683631,1255908,2024,24,1,18,1920,2683-1255
2537788,1180245,2024,24,1,0,1920,2537-1180
2630551,1238575,2024,28,2,11,1920,2630-1238
2678579,1267881,2024,28,2,4,1920,2678-1267
2687500,1272500,2021,24,1,0,1920,2687-1272
2569500,1203500,2021,24,1,0,1920,2569-1203
2660500,1270500,2025,28,3,2,1920,2660-1270
2537500,1180500,2021,16,3,0,1920,2537-1180
2718500,1138500,2022,16,3,0,1920,2718-1138
2620597,1265276,2021,24,1,3,1920,2620-1265
2788691,1158237,2021,24,1,0,1920,2788-1158
2687500,1272500,2021,16,1,0,1920,2687-1272
2712292,1271842,2023,28,2,7,1920,2712-1271
2789224,1159543,2022,24,1,0,1920,2789-1159
2706499,1230499,2021,16,1,0,1920,2706-1230
2615500,1174500,2025,28,1,2,1920,2615-1174
2608500,1268500,2023,16,1,0,1920,2608-1268
2729500,1275500,2021,35,2,4,1920,2729-1275
2670288,1242282,2022,16,3,0,1920,2670-1242
2686888,1272129,2021,16,1,0,1920,2686-1272
2558879,1138574,2025,24,1,0,1920,2558-1138
2670259,1242293,2025,16,1,0,1920,2670-1242
2699965,1272234,2022,16,1,0,1920,2699-1272
2569127,1203365,2023,24,1,0,1920,2569-1203
2660500,1270500,2025,16,2,0,1920,2660-1270
2705489,1112074,2022,16,7,0,1920,2705-1112
2670449,1242383,2022,16,3,0,1920,2670-1242
2670384,1242427,2022,16,3,0,1920,2670-1242
2672819,1229655,2025,35,1,2,1920,2672-1229
2670381,1242426,2022,16,1,0,1920,2670-1242
2640084,1266431,2025,35,3,13,1920,2640-1266
2607184.51170395,1216551.78757314,2021,24,1,0,1920,2607-1216
2710500,1112500,2021,16,2,0,1920,2710-1112
2789491,1151447,2023,35,3,13,1920,2789-1151
2672730.08039885,1229727.51875434,2021,35,1,2,1920,2672-1229
2569644.55120499,1203073.27749823,2022,16,2,0,1920,2569-1203
2788885,1158690,2024,30,1,2,1920,2788-1158
2718141,1138081,2022,16,3,0,1920,2718-1138
2690087,1271985,2022,16,1,0,1920,2690-1271
2490363,1112781,2025,16,1,0,1920,2490-1112
2660500,1270500,2025,30,5,1,1920,2660-1270
2660500,1270500,2025,30,5,1,1920,2660-1270
2611624,1177863,2022,30,2,18,1920,2611-1177
2706500,1230500,2022,16,2,0,1920,2706-1230
2578049,1203358,2024,16,1,0,1920,2578-1203
2578227,1203409,2024,16,1,0,1920,2578-1203
2709628.1002368,1113293.57333526,2022,16,11,0,1920,2709-1113
2709628.1002368,1113293.57333526,2022,16,11,0,1920,2709-1113
2686953,1272140,2025,30,2,2,1920,2686-1272
2660500,1270500,2024,41,1,1,1920,2660-1270
2660500,1270500,2024,41,1,2,1920,2660-1270
2670500,1242500,2023,16,1,0,1920,2670-1242
2699500,1272500,2022,16,3,0,1920,2699-1272
2620500,1265500,2022,16,2,0,1920,2620-1265
2670300.06850856,1242299.56432465,2025,16,6,0,1920,2670-1242
2537509.61018522,1180220.62191535,2023,22,28,0,1920,2537-1180
2670300.06850856,1242299.56432466,2022,22,6,0,1920,2670-1242
2670300.06850856,1242299.56432465,2024,22,1,0,1920,2670-1242
2537509.61018522,1180220.62191535,2024,22,3,0,1920,2537-1180
2679259,1261768,2023,16,2,0,1920,2679-1261
2672730.08039885,1229727.51875434,2021,41,2,2,1920,2672-1229
2569147.44266037,1196706.26540992,2025,41,2,1,1920,2569-1196
2710500,1112500,2021,22,2,0,1920,2710-1112
2706500,1230500,2025,22,1,0,1920,2706-1230
2634500,1243500,2022,22,1,0,1920,2634-1243
2634142,1243839,2021,30,3,13,1920,2634-1243
2687454,1272074,2025,30,1,2,1920,2687-1272
2579500,1212500,2025,41,1,1,1920,2579-1212
2789217,1159618,2025,22,2,0,1920,2789-1159
2672627,1232440,2023,22,2,0,1920,2672-1232
2678458,1261662,2022,47,3,0,1920,2678-1261
2537403,1180118,2024,22,4,0,1920,2537-1180
2710608,1114480,2024,22,3,0,1920,2710-1114
2537601,1180336,2024,22,3,0,1920,2537-1180
2578667.51943261,1203746.12803837,2023,22,1,0,1920,2578-1203
2537380,1180109,2024,22,4,0,1920,2537-1180
2788257,1158520,2025,36,1,1,1920,2788-1158
2755510,1215396,2021,36,1,2,1920,2755-1215
2757597,1220678,2021,36,2,4,1920,2757-1220
2756261,1231989,2023,36,2,4,1920,2756-1231
2756190,1231663,2023,36,1,2,1920,2756-1231
2754458,1214630,2024,36,1,2,1920,2754-1214
2713500,1231500,2024,22,1,0,1920,2713-1231
2537509.61018522,1180220.62191536,2022,47,3,0,1920,2537-1180
2579830,1212189,2022,47,2,0,1920,2579-1212
2579908,1212291,2024,47,1,0,1920,2579-1212
2660500,1270500,2025,47,1,0,1920,2660-1270
2537500,1180500,2022,47,1,0,1920,2537-1180
2670127,1242515,2024,47,2,0,1920,2670-1242
2569158,1196695,2025,22,1,0,1920,2569-1196
2759755,1263309,2025,22,2,0,1920,2759-1263
2709630,1113271,2023,47,7,0,1920,2709-1113
2759758,1263351,2025,22,2,0,1920,2759-1263
2670193,1242331,2021,22,2,0,1920,2670-1242
2699514,1272176,2025,22,2,0,1920,2699-1272
2709606,1113238,2025,47,4,0,1920,2709-1113
2569147.44266037,1196706.26540992,2024,47,1,0,1920,2569-1196
2569147.44266037,1196706.26540992,2024,47,1,0,1920,2569-1196
2670063,1242414,2025,22,1,0,1920,2670-1242
2706500,1230500,2023,22,4,0,1920,2706-1230
2672846,1229638,2025,22,1,0,1920,2672-1229
2672678,1229899,2021,22,1,0,1920,2672-1229
2569147.44266037,1196706.26540992,2024,47,1,0,1920,2569-1196
2670300.06850856,1242299.56432465,2024,47,2,0,1920,2670-1242
2706500,1230500,2025,22,1,0,1920,2706-1230
2710091,1112565,2022,22,2,0,1920,2710-1112
2760500,1202500,2024,22,9,0,1920,2760-1202
2579500,1212500,2025,22,1,0,1920,2579-1212
2560110,1137799,2021,22,1,18,1920,2560-1137
2579856,1212390,2024,22,1,0,1920,2579-1212
2750546,1263703,2025,22,1,0,1920,2750-1263
2579500,1212500,2023,47,1,0,1920,2579-1212
2489277,1112685,2025,22,1,0,1920,2489-1112
2568808,1176260,2024,22,2,0,1920,2568-1176
2568755,1176306,2025,22,1,0,1920,2568-1176
2654500,1271500,2021,22,2,0,1920,2654-1271
2706500,1230500,2025,22,1,0,1920,2706-1230
2579500,1212500,2021,53,2,0,1920,2579-1212
2791506,1148516,2025,36,1,1,1920,2791-1148
2756089,1224578,2021,42,1,1,1920,2756-1224
2756271,1224180,2021,42,1,2,1920,2756-1224
2757471,1221170,2021,42,2,2,1920,2757-1221
2571329,1107461,2023,22,1,0,1920,2571-1107
2578321,1203556,2023,22,1,0,1920,2578-1203
2569232,1203335,2025,53,1,0,1920,2569-1203
2578435,1203518,2023,22,1,0,1920,2578-1203
2706500,1230500,2024,42,1,1,1920,2706-1230
2706500,1230500,2023,22,4,0,1920,2706-1230
2569500,1203500,2021,22,1,0,1920,2569-1203
2615455,1174319,2024,22,1,0,1920,2615-1174
2706500,1230500,2021,22,1,0,1920,2706-1230
2760036,1240715,2021,42,1,2,1920,2760-1240
2704255.10749324,1112543.54382637,2023,22,4,0,1920,2704-1112
2759887,1240242,2021,42,1,2,1920,2759-1240
2569176,1196605,2025,42,2,2,1920,2569-1196
2670300.06850856,1242299.56432466,2022,22,3,0,1920,2670-1242
2709459.10430758,1112619.57720119,2021,22,3,0,1920,2709-1112
2670046,1242561,2022,28,2,7,1920,2670-1242
2709500,1112500,2022,22,2,0,1920,2709-1112
2569147.44266037,1196706.26540992,2021,53,3,0,1920,2569-1196
2579500,1212500,2022,42,1,2,1920,2579-1212
2615533,1174287,2025,28,1,2,1920,2615-1174
2614947,1229667,2024,28,1,18,1920,2614-1229
2820400.2152294,1187699.84569918,2022,42,1,1,1920,2820-1187
2569644.55120499,1203073.27749822,2023,42,1,1,1920,2569-1203
2710500,1114500,2024,22,2,0,1920,2710-1114
2569644.55120499,1203073.27749823,2022,42,2,1,1920,2569-1203
2569692,1203083,2022,42,2,1,1920,2569-1203
2569699,1203053,2022,42,2,2,1920,2569-1203
2537509.61018522,1180220.62191535,2024,28,1,1,1920,2537-1180
2754486,1214793,2021,28,1,2,1920,2754-1214
2729755,1275510,2021,28,1,1,1920,2729-1275
2660078,1270522,2025,28,4,2,1920,2660-1270
2623618,1232159,2021,28,4,13,1920,2623-1232
2490481.51409212,1112705.18624407,2024,28,1,1,1920,2490-1112
2537465,1180281,2022,48,1,0,1920,2537-1180
2678390.88728396,1262052.64810146,2025,28,1,2,1920,2678-1262
2537497,1180236,2025,48,2,0,1920,2537-1180
2537462,1180365,2022,48,2,0,1920,2537-1180
2678439,1261691,2023,48,2,0,1920,2678-1261
2678509,1261733,2023,48,2,0,1920,2678-1261
2678479,1261718,2024,48,4,0,1920,2678-1261
2678443,1261732,2023,48,2,0,1920,2678-1261
2678468,1261744,2023,48,2,0,1920,2678-1261
2678093,1262374,2023,48,1,0,1920,2678-1262
2678497,1261673,2022,48,1,0,1920,2678-1261
2634098,1243860,2022,28,1,2,1920,2634-1243
2756865,1216551,2021,28,2,4,1920,2756-1216
2756800,1216468,2024,28,1,2,1920,2756-1216
2670206,1242363,2021,28,1,2,1920,2670-1242
2757908,1218833,2021,28,1,2,1920,2757-1218
2756549,1216225,2024,28,1,2,1920,2756-1216
2537286,1180299,2024,28,1,1,1920,2537-1180
2537509,1180271,2024,28,10,2,1920,2537-1180
2820400.2152294,1187699.84569918,2022,48,4,13,1920,2820-1187
2607184.51170396,1216551.78757314,2023,48,3,0,1920,2607-1216
2627500,1268500,2025,28,2,1,1920,2627-1268
2670255,1242279,2022,28,2,3,1920,2670-1242
2610310,1226313,2023,28,1,18,1920,2610-1226
2718199,1137906,2023,28,1,1,1920,2718-1137
2653500,1256500,2024,28,1,11,1920,2653-1256
2723467,1256826,2021,35,2,8,1920,2723-1256
2797500,1143500,2023,35,2,4,1920,2797-1143
2678743.88625199,1261738.64812515,2022,28,2,1,1920,2678-1261
2725713,1220075,2021,35,1,18,1920,2725-1220
2705464,1112113,2022,35,6,13,1920,2705-1112
2678743.88625199,1261738.64812515,2023,41,1,1,1920,2678-1261
2672750,1229479,2025,35,2,8,1920,2672-1229
2660068,1270543,2024,41,1,2,1920,2660-1270
2660079,1270511,2024,41,1,2,1920,2660-1270
2788885,1159080,2022,41,1,2,1920,2788-1159
2788874,1159057,2022,41,1,2,1920,2788-1159
2610290,1226302,2022,41,3,13,1920,2610-1226
2615458,1174267,2024,47,3,0,1920,2615-1174
2678515.88908633,1261671.64722243,2023,47,3,0,1920,2678-1261
2751776,1262752,2021,41,1,3,1920,2751-1262
2678500,1261500,2022,47,2,0,1920,2678-1261
2537509.61018522,1180220.62191536,2022,47,4,0,1920,2537-1180
2670300.06850856,1242299.56432465,2023,47,1,0,1920,2670-1242
2537509.61018522,1180220.62191536,2021,47,1,0,1920,2537-1180
2537509.61018522,1180220.62191536,2021,47,1,0,1920,2537-1180
2537509.61018522,1180220.62191536,2021,47,1,0,1920,2537-1180
2537509.61018522,1180220.62191536,2021,47,1,0,1920,2537-1180
2537509.61018522,1180220.62191536,2021,47,1,0,1920,2537-1180
2618670.65278626,1128170.52219959,2022,41,1,1,1920,2618-1128
2759999.99367169,1263000.27822094,2022,47,2,0,1920,2759-1263
2660500,1270500,2024,41,1,1,1920,2660-1270
2573350,1162124,2023,47,1,0,1920,2573-1162
2678743.88625199,1261738.64812515,2023,41,1,1,1920,2678-1261
2615559,1174281,2023,41,1,2,1920,2615-1174
2569184,1196451,2025,41,1,1,1920,2569-1196
2569208,1196695,2024,47,1,0,1920,2569-1196
2615500,1174500,2022,47,1,0,1920,2615-1174
2569644.55120499,1203073.27749823,2022,47,1,0,1920,2569-1203
2569644.55120499,1203073.27749822,2023,47,1,0,1920,2569-1203
2579500,1212500,2021,47,3,0,1920,2579-1212
2670322,1242174,2023,53,2,0,1920,2670-1242
2537298,1180030,2022,47,2,0,1920,2537-1180
2537315,1180036,2022,47,3,0,1920,2537-1180
2537473,1180268,2025,47,5,0,1920,2537-1180
2537575,1180296,2022,47,3,0,1920,2537-1180
2679194,1261897,2023,47,2,0,1920,2679-1261
2569500,1203500,2023,47,1,0,1920,2569-1203
2687500,1272500,2023,47,1,0,1920,2687-1272
2537509.61018522,1180220.62191536,2022,53,4,0,1920,2537-1180
2537509.61018522,1180220.62191536,2022,53,3,0,1920,2537-1180
2679198.87987549,1261961.65025197,2023,47,2,0,1920,2679-1261
2707543,1279069,2022,47,2,0,1920,2707-1279
2655500,1272500,2023,47,1,0,1920,2655-1272
2579500,1212500,2022,53,1,0,1920,2579-1212
2569469,1203642,2025,53,1,0,1920,2569-1203
2580090.6502114,1212497.13430467,2021,53,4,0,1920,2580-1212
2569191,1196615,2024,47,1,0,1920,2569-1196
2670556,1242162,2021,47,2,0,1920,2670-1242
2759763,1263273,2022,53,2,0,1920,2759-1263
2670500,1242500,2021,53,1,0,1920,2670-1242
2490403,1112778,2021,16,2,0,1920,2490-1112
2679209,1261941,2024,53,3,0,1920,2679-1261
2670300.06850856,1242299.56432465,2023,53,1,0,1920,2670-1242
2706500,1230500,2021,16,1,0,1920,2706-1230
2537543,1180201,2022,53,2,0,1920,2537-1180
2537610,1180194,2022,53,2,0,1920,2537-1180
2537421,1180397,2025,53,1,0,1920,2537-1180
2537610,1180249,2022,53,5,0,1920,2537-1180
2537611,1180179,2025,53,1,0,1920,2537-1180
2490368,1112782,2022,53,2,0,1920,2490-1112
2679198.87987549,1261961.65025197,2024,53,3,0,1920,2679-1261
2679198.87987549,1261961.65025197,2024,53,2,0,1920,2679-1261
2707632,1278988,2023,16,1,0,1920,2707-1278
2569453,1203646,2023,16,3,0,1920,2569-1203
2670430,1242407,2021,16,1,0,1920,2670-1242
2537507,1180242,2023,18,6,0,1920,2537-1180
2537901,1180500,2021,18,1,0,1920,2537-1180
2620500,1265500,2022,18,2,0,1920,2620-1265
2558500,1138500,2023,18,5,0,1920,2558-1138
2559905,1138263,2022,18,2,0,1920,2559-1138
2670350.07219683,1240899.55926052,2022,18,1,0,1920,2670-1240
2670350.07219683,1240899.55926052,2022,18,1,0,1920,2670-1240
2579500,1212500,2021,18,1,0,1920,2579-1212
2627500,1268500,2021,18,1,0,1920,2627-1268
2558619,1138515,2025,18,1,0,1920,2558-1138
2620500,1265500,2022,18,4,0,1920,2620-1265
2654500,1271500,2021,18,1,0,1920,2654-1271
2670300.06850856,1242299.56432466,2022,16,2,0,1920,2670-1242
2670300.06850856,1242299.56432466,2022,16,4,0,1920,2670-1242
2491065.50845104,1112528.16964175,2025,18,2,6,1920,2491-1112
2569644.55120499,1203073.27749822,2023,16,3,0,1920,2569-1203
2718251,1137962,2025,18,2,0,1920,2718-1137
2670225,1242539,2022,18,1,0,1920,2670-1242
2580090.6502114,1212497.13430467,2021,18,4,0,1920,2580-1212
2759999.99367169,1263000.27822094,2021,18,2,0,1920,2759-1263
2607184.51170395,1216551.78757314,2022,18,1,0,1920,2607-1216
2607184.51170395,1216551.78757314,2021,18,1,0,1920,2607-1216
2490368,1112780,2023,23,1,0,1920,2490-1112
2611717,1128358,2025,23,1,3,1920,2611-1128
2490416,1112760,2023,23,2,6,1920,2490-1112
2678607,1261771,2022,24,2,1,1920,2678-1261
2490390,1112795,2024,23,1,0,1920,2490-1112
2679215,1261780,2022,23,2,0,1920,2679-1261
2560002,1138308,2022,24,1,0,1920,2560-1138
2608500,1268500,2023,24,1,0,1920,2608-1268
2630939,1238974,2025,23,3,0,1920,2630-1238
2660283,1269924,2025,23,1,0,1920,2660-1269
2760210,1201907,2022,24,4,4,1920,2760-1201
2660500,1270500,2021,24,1,0,1920,2660-1270
2706500,1230500,2025,23,1,0,1920,2706-1230
2537635,1180198,2024,24,1,0,1920,2537-1180
2569147.44266037,1196706.26540992,2021,23,1,0,1920,2569-1196
2569147.44266037,1196706.26540992,2021,23,1,0,1920,2569-1196
2559996.39143369,1138313.33332478,2021,23,2,0,1920,2559-1138
2704255.10749324,1112543.54382637,2023,23,4,0,1920,2704-1112
2678743.88625199,1261738.64812515,2022,23,3,0,1920,2678-1261
2559964.39202934,1138353.33392529,2021,24,1,0,1920,2559-1138
2678451.8885035,1261824.64753559,2021,23,1,0,1920,2678-1261
2709628.1002368,1113293.57333526,2022,23,1,0,1920,2709-1113
2705350,1111946,2023,23,2,0,1920,2705-1111
2578685,1203671,2023,23,1,0,1920,2578-1203
2705132,1111831,2023,23,2,0,1920,2705-1111
2709500,1112500,2021,24,2,0,1920,2709-1112
2709500,1112500,2022,23,1,0,1920,2709-1112
2620500,1233500,2024,23,5,0,1920,2620-1233
2660500,1270500,2021,24,2,0,1920,2660-1270
2537509.61018522,1180220.62191535,2024,23,5,0,1920,2537-1180
2537509.61018522,1180220.62191535,2023,23,28,0,1920,2537-1180
2537622,1180192,2024,23,3,0,1920,2537-1180
2706500,1230500,2023,23,3,0,1920,2706-1230
2558500,1138500,2023,23,5,0,1920,2558-1138
2690118,1271964,2021,23,3,0,1920,2690-1271
2670351,1242324,2024,24,1,0,1920,2670-1242
2709022,1113891,2024,24,1,0,1920,2709-1113
2678743.88625199,1261738.64812515,2023,24,2,0,1920,2678-1261
2678743.88625199,1261738.64812515,2021,24,1,0,1920,2678-1261
2672687,1229972,2021,23,2,5,1920,2672-1229
2757207,1222307,2022,23,2,0,1920,2757-1222
2706414,1230323,2023,23,3,0,1920,2706-1230
2706367,1230164,2025,23,1,0,1920,2706-1230
2706477,1230255,2021,23,1,0,1920,2706-1230
2670300.06850856,1242299.56432466,2021,23,1,0,1920,2670-1242
2670300.06850856,1242299.56432466,2021,23,3,0,1920,2670-1242
2672730.08039885,1229727.51875434,2021,23,1,0,1920,2672-1229
2607184.51170396,1216551.78757314,2023,23,1,0,1920,2607-1216
2670300.06850856,1242299.56432466,2021,23,1,0,1920,2670-1242
2672730.08039885,1229727.51875433,2024,29,1,2,1920,2672-1229
2537509.61018522,1180220.62191535,2024,29,1,1,1920,2537-1180
2678431,1261896,2025,29,1,2,1920,2678-1261
2630683,1238135,2024,29,5,13,1920,2630-1238
2490481.51409212,1112705.18624407,2023,30,1,2,1920,2490-1112
2612340,1128891,2021,29,1,2,1920,2612-1128
2660409,1269933,2025,29,1,2,1920,2660-1269
2678743.88625199,1261738.64812515,2022,29,2,6,1920,2678-1261
2668664,1256039,2022,29,2,18,1920,2668-1256
2668874,1255837,2022,29,2,18,1920,2668-1255
2620500,1265500,2023,30,1,2,1920,2620-1265
2670552,1242192,2023,30,4,6,1920,2670-1242
2611569,1177757,2025,36,1,8,1920,2611-1177
2612500,1128500,2021,29,1,3,1920,2612-1128
2791198,1148981,2023,36,2,2,1920,2791-1148
2687518,1272175,2022,36,2,1,1920,2687-1272
2580090.6502114,1212497.13430467,2022,29,1,2,1920,2580-1212
2490481.51409212,1112705.18624407,2021,16,2,0,1920,2490-1112
2672591,1229984,2024,35,1,8,1920,2672-1229
2725706,1220075,2021,35,1,18,1920,2725-1220
2789500,1159500,2021,35,1,2,1920,2789-1159
2537500,1180500,2021,16,9,0,1920,2537-1180
2579500,1212500,2022,35,1,2,1920,2579-1212
2788714,1158376,2023,36,1,1,1920,2788-1158
2750500,1263500,2022,16,2,0,1920,2750-1263
2670300.06850856,1242299.56432466,2021,16,2,0,1920,2670-1242
2709628.1002368,1113293.57333526,2022,16,3,0,1920,2709-1113
2680500,1271500,2023,35,2,7,1920,2680-1271
2709628.1002368,1113293.57333526,2022,16,8,0,1920,2709-1113
2755227,1227267,2021,36,2,6,1920,2755-1227
2706500,1230500,2022,16,2,0,1920,2706-1230
2569478,1203475,2025,42,2,1,1920,2569-1203
2750500,1263500,2023,16,2,0,1920,2750-1263
2490481.51409212,1112705.18624407,2024,42,1,1,1920,2490-1112
2569692,1203073,2023,42,2,1,1920,2569-1203
2654500,1271500,2021,16,3,0,1920,2654-1271
2537509.61018522,1180220.62191535,2023,16,1,0,1920,2537-1180
2670300.06850856,1242299.56432466,2022,16,2,0,1920,2670-1242
2608500,1268500,2024,16,1,0,1920,2608-1268
2670300.06850856,1242299.56432466,2021,16,1,0,1920,2670-1242
2537509.61018522,1180220.62191535,2023,16,3,0,1920,2537-1180
2537848,1180495,2021,16,5,0,1920,2537-1180
2537794,1180491,2021,16,8,0,1920,2537-1180
2678743.88625199,1261738.64812515,2025,42,3,1,1920,2678-1261
2706750,1270678,2023,16,1,0,1920,2706-1270
2706775,1270721,2023,16,2,0,1920,2706-1270
2537831,1180468,2021,16,1,0,1920,2537-1180
2678458,1261660,2025,42,1,1,1920,2678-1261
2660029,1270544,2024,42,3,2,1920,2660-1270
2559500,1138500,2021,16,2,0,1920,2559-1138
2751500,1262500,2021,16,1,0,1920,2751-1262
2670500,1242500,2023,41,2,1,1920,2670-1242
2569147.44266037,1196706.26540992,2025,41,2,1,1920,2569-1196
2569125,1196720,2025,42,2,1,1920,2569-1196
2706500,1230500,2022,16,4,0,1920,2706-1230
2660500,1270500,2025,16,4,0,1920,2660-1270
2710199,1112629,2025,41,4,13,1920,2710-1112
2710101,1112661,2025,41,1,2,1920,2710-1112
2718196,1138059,2025,16,1,0,1920,2718-1138
2718187,1138250,2021,16,2,0,1920,2718-1138
2489198,1112736,2024,16,1,0,1920,2489-1112
2710141,1112654,2025,41,2,2,1920,2710-1112
2672716,1232098,2022,16,3,0,1920,2672-1232
2634164,1243784,2024,16,2,0,1920,2634-1243
2672730.08039885,1229727.51875434,2022,41,2,1,1920,2672-1229
2490408,1112771,2021,41,4,2,1920,2490-1112
2569725,1203074,2023,48,6,0,1920,2569-1203
2558729,1138542,2022,16,2,0,1920,2558-1138
2670123,1242520,2022,16,5,0,1920,2670-1242
2608500,1268500,2024,16,1,0,1920,2608-1268
2579500,1212500,2022,48,3,0,1920,2579-1212
2670092,1242463,2022,23,2,0,1920,2670-1242
2709459.10430758,1112619.57720119,2021,16,5,0,1920,2709-1112
2706500,1230500,2022,16,3,0,1920,2706-1230
2615758,1174002,2023,48,1,0,1920,2615-1174
2678743.88625199,1261738.64812515,2025,48,2,0,1920,2678-1261
2537509.61018522,1180220.62191535,2025,47,6,0,1920,2537-1180
2706500,1230500,2021,23,1,0,1920,2706-1230
2537599,1180146,2025,47,3,0,1920,2537-1180
2579830,1212253,2022,47,1,0,1920,2579-1212
2579878,1212296,2022,47,1,0,1920,2579-1212
2678398,1261699,2023,48,2,0,1920,2678-1261
2678112,1261669,2024,48,3,0,1920,2678-1261
2750500,1263500,2025,23,2,0,1920,2750-1263
2582895.56656368,1208228.07668853,2021,47,3,0,1920,2582-1208
2582895.56656368,1208228.07668853,2021,47,3,0,1920,2582-1208
2678496,1261646,2023,48,1,0,1920,2678-1261
2678439,1261686,2022,48,2,0,1920,2678-1261
2678472,1261697,2023,48,1,0,1920,2678-1261
2678453,1261700,2023,48,2,0,1920,2678-1261
2678506,1261742,2023,48,2,0,1920,2678-1261
2569689,1203150,2023,48,8,0,1920,2569-1203
2709661,1112510,2021,23,1,0,1920,2709-1112
2699833,1272170,2023,16,1,0,1920,2699-1272
2709436,1112511,2021,23,5,4,1920,2709-1112
2670300.06850856,1242299.56432466,2021,47,2,0,1920,2670-1242
2537536,1180293,2022,48,2,0,1920,2537-1180
2678743.88625199,1261738.64812515,2022,47,2,0,1920,2678-1261
2706500,1230500,2021,23,1,0,1920,2706-1230
2705500,1112500,2022,23,2,0,1920,2705-1112
2678500,1267500,2022,47,1,0,1920,2678-1267
2707657,1278988,2023,23,2,0,1920,2707-1278
2712500,1113500,2023,23,1,0,1920,2712-1113
2488926,1113129,2024,23,1,0,1920,2488-1113
2705191,1112097,2023,23,1,0,1920,2705-1112
2569273,1196757,2021,23,1,0,1920,2569-1196
2706500,1230500,2023,23,3,0,1920,2706-1230
2678743.88625199,1261738.64812515,2025,23,1,0,1920,2678-1261
2670300.06850856,1242299.56432466,2022,23,2,0,1920,2670-1242
2579500,1212500,2022,54,2,0,1920,2579-1212
2678743.88625199,1261738.64812515,2025,53,1,0,1920,2678-1261
2678743.88625199,1261738.64812515,2024,53,3,0,1920,2678-1261
2634378,1243746,2024,23,1,0,1920,2634-1243
2558635,1138432,2022,23,1,0,1920,2558-1138
2750500,1263500,2025,23,2,0,1920,2750-1263
2672540,1232417,2023,23,2,0,1920,2672-1232
2579500,1212500,2022,53,2,0,1920,2579-1212
2537433,1180282,2023,23,10,0,1920,2537-1180
2537468,1180200,2024,23,2,0,1920,2537-1180
2705050,1112243,2021,23,2,0,1920,2705-1112
2537564,1180137,2023,23,15,0,1920,2537-1180
2537375,1180177,2024,23,2,0,1920,2537-1180
2670509,1242216,2021,23,2,0,1920,2670-1242
2757766,1219688,2025,23,1,2,1920,2757-1219
2537573,1180179,2023,23,21,0,1920,2537-1180
2705300,1112068,2023,23,3,0,1920,2705-1112
2705134,1112095,2022,23,2,0,1920,2705-1112
2757628,1217264,2025,23,1,2,1920,2757-1217
2537458,1180311,2023,23,7,0,1920,2537-1180
2569147.44266037,1196706.26540992,2021,53,2,0,1920,2569-1196
2579937,1212193,2021,23,1,0,1920,2579-1212
2579913,1212218,2021,23,1,0,1920,2579-1212
2706500,1230500,2023,23,3,0,1920,2706-1230
2670300.06850856,1242299.56432466,2021,23,2,0,1920,2670-1242
2670300.06850856,1242299.56432465,2024,23,2,0,1920,2670-1242
2679201,1261890,2022,23,2,0,1920,2679-1261
2490489,1112694,2024,23,1,0,1920,2490-1112
2670300.06850856,1242299.56432466,2021,53,1,0,1920,2670-1242
2718123,1137982,2025,23,1,0,1920,2718-1137
2706500,1230500,2023,23,3,0,1920,2706-1230
2718152,1137918,2024,23,2,0,1920,2718-1137
2569500,1203500,2024,53,1,0,1920,2569-1203
2610238,1226322,2024,23,2,4,1920,2610-1226
2620500,1265500,2022,23,1,0,1920,2620-1265
2559956,1138209,2025,23,1,0,1920,2559-1138
2660006,1270552,2025,23,5,0,1920,2660-1270
2670092,1242463,2022,23,1,0,1920,2670-1242
2678743.88625199,1261738.64812515,2022,23,3,0,1920,2678-1261
2672742,1229727,2021,23,2,6,1920,2672-1229
2670242,1242319,2021,23,1,0,1920,2670-1242
2670272,1242475,2021,23,1,0,1920,2670-1242
2710073,1112624,2024,23,2,0,1920,2710-1112
2678743.88625199,1261738.64812515,2025,29,1,2,1920,2678-1261
2573897.86869191,1162640.09628771,2023,29,3,18,1920,2573-1162
2571378,1107374,2023,23,1,0,1920,2571-1107
2704851,1112215,2023,23,5,0,1920,2704-1112
2706500,1230500,2025,23,1,0,1920,2706-1230
2670659,1242334,2023,29,1,1,1920,2670-1242
2678500,1261500,2023,23,1,0,1920,2678-1261
2713500,1231500,2024,23,1,0,1920,2713-1231
2620500,1265500,2022,29,1,2,1920,2620-1265
2706500,1230500,2021,23,1,0,1920,2706-1230
2579823,1212280,2022,29,1,2,1920,2579-1212
2610381,1226386,2022,29,4,18,1920,2610-1226
2788832,1159087,2021,29,2,7,1920,2788-1159
2718201,1137913,2025,29,2,4,1920,2718-1137
2610735,1226831,2022,29,1,18,1920,2610-1226
2679221,1261889,2022,29,2,4,1920,2679-1261
2579500,1212500,2024,29,1,2,1920,2579-1212
2659069,1220172,2025,29,2,18,1920,2659-1220
2630961,1238479,2024,29,2,18,1920,2630-1238
2612744.61223504,1128810.57362858,2023,29,1,2,1920,2612-1128
2627500,1268500,2021,35,2,2,1920,2627-1268
2574032,1162768,2021,29,2,4,1920,2574-1162
2573897,1162640,2022,29,4,13,1920,2573-1162
2574111,1162786,2025,29,4,18,1920,2574-1162
2678743.88625199,1261738.64812515,2022,29,2,1,1920,2678-1261
2615457,1174286,2021,35,1,2,1920,2615-1174
2658526,1253780,2025,35,4,4,1920,2658-1253
2789500,1159500,2021,35,1,2,1920,2789-1159
2709375,1112433,2022,35,1,2,1920,2709-1112
2670204,1242355,2021,29,1,1,1920,2670-1242
2672734,1229435,2025,29,1,8,1920,2672-1229
2670300.06850856,1242299.56432466,2022,41,1,1,1920,2670-1242
2660500,1270500,2024,41,1,1,1920,2660-1270
2634160,1243734,2023,35,1,2,1920,2634-1243
2606293,1227872,2025,41,5,13,1920,2606-1227
2710161,1112553,2025,41,3,1,1920,2710-1112
2659082,1220161,2024,41,1,1,1920,2659-1220
2568781,1176256,2023,41,1,2,1920,2568-1176
2620500,1265500,2021,35,1,2,1920,2620-1265
2659935,1261631,2025,18,2,0,1920,2659-1261
2706500,1230500,2024,41,1,2,1920,2706-1230
2672834,1229655,2024,35,1,3,1920,2672-1229
2670239,1242391,2023,41,2,2,1920,2670-1242
2493500,1115500,2025,41,1,1,1920,2493-1115
2537509.61018522,1180220.62191536,2022,47,3,0,1920,2537-1180
2706500,1230500,2024,41,1,2,1920,2706-1230
2751296,1263371,2025,18,2,0,1920,2751-1263
2490367.49844419,1112175.19352428,2024,41,3,1,1920,2490-1112
2704255.10749324,1112543.54382637,2025,18,3,0,1920,2704-1112
2569525.56262002,1203696.28167077,2021,18,1,0,1920,2569-1203
2678451.8885035,1261824.64753559,2024,47,4,0,1920,2678-1261
2617298,1170898,2025,41,1,2,1920,2617-1170
2627500,1268500,2025,18,3,0,1920,2627-1268
2678743.88625199,1261738.64812515,2024,47,4,0,1920,2678-1261
2672500,1232500,2021,18,2,0,1920,2672-1232
2678743.88625199,1261738.64812515,2025,41,2,1,1920,2678-1261
2558730.38781529,1138466.35807626,2021,18,4,0,1920,2558-1138
2537633,1180199,2025,47,3,0,1920,2537-1180
2537620,1180196,2025,47,,0,1920,2537-1180
2537620,1180199,2025,47,5,0,1920,2537-1180
2670350,1242285,2024,47,1,0,1920,2670-1242
2537524,1180281,2022,47,1,0,1920,2537-1180
2537509,1180220,2022,47,1,0,1920,2537-1180
2713500,1231500,2025,47,1,0,1920,2713-1231
2537489,1180081,2022,47,1,0,1920,2537-1180
2607168,1216658,2022,18,1,0,1920,2607-1216
2694203,1281371,2022,18,2,0,1920,2694-1281
2678500,1261500,2024,47,3,0,1920,2678-1261
2537509.61018522,1180220.62191535,2025,53,2,0,1920,2537-1180
2537509.61018522,1180220.62191536,2022,53,4,0,1920,2537-1180
2537509.61018522,1180220.62191535,2025,53,2,0,1920,2537-1180
2678451.8885035,1261824.64753559,2024,53,2,0,1920,2678-1261
2634138,1243686,2023,18,2,0,1920,2634-1243
2607184.51170395,1216551.78757314,2021,18,2,0,1920,2607-1216
2668846,1255919,2023,17,4,0,1920,2668-1255
2607184.51170395,1216551.78757314,2022,18,2,0,1920,2607-1216
2607184.51170395,1216551.78757314,2021,18,3,0,1920,2607-1216
2607184.51170395,1216551.78757314,2022,18,1,0,1920,2607-1216
2678409,1261596,2025,18,1,0,1920,2678-1261
2705280,1112248,2025,47,1,0,1920,2705-1112
2678431,1261687,2021,24,1,0,1920,2678-1261
2709715,1113571,2025,47,3,0,1920,2709-1113
2579934,1212225,2024,47,2,0,1920,2579-1212
2672599,1230030,2024,17,3,0,1920,2672-1230
2537480,1180187,2025,53,1,0,1920,2537-1180
2537408,1180229,2025,53,2,0,1920,2537-1180
2537372,1180402,2025,53,2,0,1920,2537-1180
2710195,1112585,2021,17,5,0,1920,2710-1112
2670393,1242421,2025,17,2,0,1920,2670-1242
2670300.06850856,1242299.56432466,2022,17,8,0,1920,2670-1242
2670300.06850856,1242299.56432465,2025,17,2,0,1920,2670-1242
2757910,1218079,2022,24,1,0,1920,2757-1218
2757939,1218866,2022,24,1,0,1920,2757-1218
2670353,1242349,2021,24,2,0,1920,2670-1242
2710192,1112550,2022,24,2,0,1920,2710-1112
2750537,1263328,2021,24,1,0,1920,2750-1263
2537611,1180180,2024,24,1,0,1920,2537-1180
2537550,1180259,2024,24,2,0,1920,2537-1180
2537610,1180179,2024,24,1,0,1920,2537-1180
2559964.39202934,1138353.33392529,2022,17,2,0,1920,2559-1138
2678451.8885035,1261824.64753559,2024,53,2,0,1920,2678-1261
2706500,1230500,2021,17,2,0,1920,2706-1230
2759500,1263500,2021,24,1,0,1920,2759-1263
2679198.87987549,1261961.65025197,2024,53,2,0,1920,2679-1261
2706395,1230294,2021,17,3,0,1920,2706-1230
2712500,1113500,2024,24,1,0,1920,2712-1113
2706464,1230327,2025,17,1,0,1920,2706-1230
2759500,1263500,2025,24,1,0,1920,2759-1263
2620500,1265500,2021,24,1,0,1920,2620-1265
2712266,1113644,2024,24,2,0,1920,2712-1113
2712458,1113617,2024,24,2,0,1920,2712-1113
2569147.44266037,1196706.26540992,2022,17,2,0,1920,2569-1196
2791459,1148514,2021,24,1,0,1920,2791-1148
2627500,1268500,2025,17,2,0,1920,2627-1268
2670320,1242356,2023,30,1,2,1920,2670-1242
2709601,1113341,2022,17,1,0,1920,2709-1113
2670500,1242500,2024,17,2,0,1920,2670-1242
2788684,1158150,2021,30,1,18,1920,2788-1158
2757216,1222335,2021,30,1,2,1920,2757-1222
2756572,1216234,2021,30,1,2,1920,2756-1216
2757485,1221126,2021,30,2,7,1920,2757-1221
2757215,1216783,2021,30,1,2,1920,2757-1216
2660266,1270261,2022,30,1,1,1920,2660-1270
2653774,1256198,2023,30,1,4,1920,2653-1256
2670500,1242500,2021,23,2,0,1920,2670-1242
2623500,1232500,2022,23,1,0,1920,2623-1232
2670300.06850856,1242299.56432466,2022,23,4,0,1920,2670-1242
2672730.08039885,1229727.51875434,2021,23,2,0,1920,2672-1229
2670300.06850856,1242299.56432466,2021,23,4,0,1920,2670-1242
2558500,1138500,2021,23,2,0,1920,2558-1138
2627500,1268500,2024,23,1,0,1920,2627-1268
2608500,1268500,2023,30,1,2,1920,2608-1268
2569614,1203747,2021,23,1,0,1920,2569-1203
2537509.61018522,1180220.62191535,2023,23,12,0,1920,2537-1180
2569552,1203725,2021,23,2,0,1920,2569-1203
2670383,1242427,2022,23,1,0,1920,2670-1242
2791394,1148612,2023,36,1,2,1920,2791-1148
2634208,1243825,2024,36,1,2,1920,2634-1243
2754508,1214703,2022,36,1,2,1920,2754-1214
2757819,1235411,2022,36,1,2,1920,2757-1235
2779717,1145995,2021,23,1,2,1920,2779-1145
2706455,1230348,2023,23,1,0,1920,2706-1230
2706453,1230311,2023,23,1,0,1920,2706-1230
2706463,1230263,2023,23,1,0,1920,2706-1230
2689643,1271935,2024,23,1,0,1920,2689-1271
2706500,1230500,2023,23,1,0,1920,2706-1230
2609781,1127388,2023,36,2,13,1920,2609-1127
2757864,1239171,2022,36,5,13,1920,2757-1239
2609870,1127390,2023,36,1,2,1920,2609-1127
2559996.39143369,1138313.33332478,2021,23,3,0,1920,2559-1138
2559964.39202934,1138353.33392529,2021,23,1,0,1920,2559-1138
2678743.88625199,1261738.64812515,2023,23,2,0,1920,2678-1261
2559964.39202934,1138353.33392529,2021,23,2,0,1920,2559-1138
2620500,1265500,2023,23,1,0,1920,2620-1265
2706500,1230500,2023,23,2,0,1920,2706-1230
2699500,1272500,2021,42,1,2,1920,2699-1272
2578755,1203694,2023,42,1,1,1920,2578-1203
2569069,1196235,2024,42,1,1,1920,2569-1196
2569222,1196757,2025,42,3,2,1920,2569-1196
2569179,1196753,2024,42,1,2,1920,2569-1196
2660300.10620835,1261399.61997048,2025,23,2,0,1920,2660-1261
2660300.10620835,1261399.61997048,2025,23,1,0,1920,2660-1261
2709544,1113254,2022,23,2,0,1920,2709-1113
2579500,1212500,2022,48,3,0,1920,2579-1212
2630662,1238264,2023,23,1,0,1920,2630-1238
2490409,1112765,2024,23,1,0,1920,2490-1112
2537582,1180249,2025,48,1,0,1920,2537-1180
2537555,1180295,2025,48,1,0,1920,2537-1180
2537400,1180376,2022,48,1,0,1920,2537-1180
2537505,1180187,2025,48,3,0,1920,2537-1180
2670300.06850856,1242299.56432466,2022,29,1,2,1920,2670-1242
2537524,1180282,2025,48,1,0,1920,2537-1180
2537537,1180294,2022,48,2,0,1920,2537-1180
2537432,1180385,2021,48,1,0,1920,2537-1180
2537539,1180185,2025,48,4,0,1920,2537-1180
2678502,1261629,2025,48,1,0,1920,2678-1261
2678529,1261850,2024,48,1,0,1920,2678-1261
2569444,1203652,2022,29,2,4,1920,2569-1203
2569469,1203646,2022,29,3,2,1920,2569-1203
2751813,1262724,2021,29,2,14,1920,2751-1262
2670500,1242500,2023,29,1,2,1920,2670-1242
2660500,1270500,2022,29,2,2,1920,2660-1270
2668605,1255983,2025,29,2,12,1920,2668-1255
2618905,1232147,2023,29,6,13,1920,2618-1232
2615500,1174500,2024,29,1,2,1920,2615-1174
2490409,1112764,2021,29,1,2,1920,2490-1112
2490390,1112771,2023,29,2,6,1920,2490-1112
2758500,1237500,2024,29,2,2,1920,2758-1237
2670300.06850856,1242299.56432465,2025,17,2,0,1920,2670-1242
2537509.61018522,1180220.62191535,2023,17,2,0,1920,2537-1180
2568500,1176500,2022,29,4,13,1920,2568-1176
2699523,1272190,2022,17,2,0,1920,2699-1272
2670222,1242544,2022,17,4,0,1920,2670-1242
2679221,1261889,2022,29,3,4,1920,2679-1261
2568730,1175958,2024,29,1,2,1920,2568-1175
2569185,1196448,2024,55,1,0,1920,2569-1196
2678743.88625199,1261738.64812515,2025,29,1,2,1920,2678-1261
2607181,1216584,2022,17,1,0,1920,2607-1216
2709604,1113343,2022,17,6,0,1920,2709-1113
2706461,1230345,2022,17,4,0,1920,2706-1230
2750452,1263653,2022,17,3,0,1920,2750-1263
2670469,1242077,2025,17,2,0,1920,2670-1242
2662864,1273660,2022,17,1,0,1920,2662-1273
2678517,1261823,2025,29,1,2,1920,2678-1261
2670500,1242500,2021,17,1,0,1920,2670-1242
2729721,1275457,2021,35,1,2,1920,2729-1275
2672588,1229976,2024,35,1,2,1920,2672-1229
2660500,1270500,2024,35,1,1,1920,2660-1270
2678743.88625199,1261738.64812515,2022,17,1,0,1920,2678-1261
2670500,1242500,2021,17,1,0,1920,2670-1242
2706663,1270633,2022,17,1,0,1920,2706-1270
2569500,1203500,2021,17,1,0,1920,2569-1203
2670366,1242320,2022,17,6,0,1920,2670-1242
2706608,1270680,2025,17,2,0,1920,2706-1270
2706750,1270686,2025,17,1,0,1920,2706-1270
2668835,1255954,2022,35,9,1,1920,2668-1255
2706750,1270686,2025,17,1,0,1920,2706-1270
2558730.38781529,1138466.35807626,2023,17,2,6,1920,2558-1138
2620500,1265500,2023,17,1,0,1920,2620-1265
2797889,1142726,2023,35,1,2,1920,2797-1142
2654500,1271500,2023,17,2,0,1920,2654-1271
2634111,1243812,2024,41,1,2,1920,2634-1243
2672800.075557,1232199.52841523,2022,17,1,0,1920,2672-1232
2672730.08039885,1229727.51875434,2021,41,1,1,1920,2672-1229
2672730.08039885,1229727.51875434,2021,41,3,2,1920,2672-1229
2569857.55231118,1203193.27414936,2021,23,1,0,1920,2569-1203
2687043,1272535,2023,17,1,0,1920,2687-1272
2687050,1272554,2023,17,1,0,1920,2687-1272
2569644,1203207,2023,41,2,1,1920,2569-1203
2569692,1203058,2023,41,3,1,1920,2569-1203
2573897,1162640,2025,17,2,0,1920,2573-1162
2670395,1242294,2025,23,1,0,1920,2670-1242
2670184,1242361,2024,23,1,0,1920,2670-1242
2620500,1265500,2023,17,1,0,1920,2620-1265
2759500,1263500,2025,23,2,0,1920,2759-1263
2654500,1271500,2021,23,2,0,1920,2654-1271
2670500,1242500,2023,23,2,0,1920,2670-1242
2608500,1268500,2023,23,2,0,1920,2608-1268
2706500,1230500,2023,23,1,0,1920,2706-1230
2706500,1230500,2023,23,1,0,1920,2706-1230
2670300.06850856,1242299.56432465,2023,23,2,0,1920,2670-1242
2537509.61018522,1180220.62191535,2024,23,4,0,1920,2537-1180
2537487,1180234,2023,23,6,0,1920,2537-1180
2569147.44266037,1196706.26540992,2025,41,2,1,1920,2569-1196
2569147.44266037,1196706.26540992,2024,41,1,1,1920,2569-1196
2569147.44266037,1196706.26540992,2025,41,4,1,1920,2569-1196
2569147.44266037,1196706.26540992,2024,41,1,1,1920,2569-1196
2569147.44266037,1196706.26540992,2025,41,2,2,1920,2569-1196
2670300.06850856,1242299.56432466,2021,23,3,0,1920,2670-1242
2670311,1242271,2022,23,1,0,1920,2670-1242
2670110,1242547,2023,23,3,0,1920,2670-1242
2670229,1242534,2023,23,1,0,1920,2670-1242
2670300.06850856,1242299.56432465,2023,23,3,0,1920,2670-1242
2537509.61018522,1180220.62191535,2024,23,1,0,1920,2537-1180
2670300.06850856,1242299.56432465,2023,23,1,0,1920,2670-1242
2537509.61018522,1180220.62191535,2023,23,19,0,1920,2537-1180
2537509.61018522,1180220.62191535,2023,23,5,0,1920,2537-1180
2537509.61018522,1180220.62191535,2024,23,5,0,1920,2537-1180
2706730,1270681,2025,23,1,7,1920,2706-1270
2670300.06850856,1242299.56432465,2023,23,3,0,1920,2670-1242
2670217,1242534,2023,23,2,0,1920,2670-1242
2710190,1112554,2023,23,1,0,1920,2710-1112
2710093,1112576,2021,23,1,0,1920,2710-1112
2710169,1112605,2021,23,2,0,1920,2710-1112
2670492,1242076,2022,23,2,0,1920,2670-1242
2660500,1270500,2025,23,4,0,1920,2660-1270
2709500,1112500,2021,23,6,0,1920,2709-1112
2660500,1270500,2021,47,2,0,1920,2660-1270
2537630,1180206,2025,47,3,0,1920,2537-1180
2707695,1279063,2023,47,2,0,1920,2707-1279
2709475,1112471,2021,23,6,0,1920,2709-1112
2670500,1242500,2021,23,2,0,1920,2670-1242
2660500,1270500,2025,23,2,0,1920,2660-1270
2751868,1262803,2021,23,5,6,1920,2751-1262
2706495,1230478,2023,23,2,0,1920,2706-1230
2670200,1242329,2025,47,2,0,1920,2670-1242
2670419,1242245,2025,47,2,0,1920,2670-1242
2603625,1197064,2021,23,2,6,1920,2603-1197
2679097,1261939,2022,23,2,0,1920,2679-1261
2670500,1242500,2023,23,2,0,1920,2670-1242
2678743.88625199,1261738.64812515,2025,47,1,0,1920,2678-1261
2607159,1216495,2023,23,1,0,1920,2607-1216
2560093,1137799,2021,23,1,18,1920,2560-1137
2582895.56656368,1208228.07668853,2021,47,1,0,1920,2582-1208
2670300.06850856,1242299.56432465,2023,23,2,0,1920,2670-1242
2670300.06850856,1242299.56432466,2021,23,2,0,1920,2670-1242
2709459.10430758,1112619.57720119,2021,23,4,0,1920,2709-1112
2670300.06850856,1242299.56432466,2021,23,3,0,1920,2670-1242
2670300.06850856,1242299.56432466,2021,23,4,0,1920,2670-1242
2634204,1243756,2023,23,2,0,1920,2634-1243
2687224,1272104,2024,23,2,4,1920,2687-1272
2558724,1138546,2023,23,3,0,1920,2558-1138
2672553,1232408,2023,23,1,0,1920,2672-1232
2672605,1232385,2023,23,3,0,1920,2672-1232
2559454,1138377,2021,23,1,0,1920,2559-1138
2606500,1227500,2025,23,1,0,1920,2606-1227
2788879,1159209,2022,23,1,3,1920,2788-1159
2660500,1270500,2021,47,2,0,1920,2660-1270
2705438,1112252,2023,23,2,0,1920,2705-1112
2580090.6502114,1212497.13430467,2021,23,2,0,1920,2580-1212
2759999.99367169,1263000.27822094,2021,23,2,0,1920,2759-1263
2569440,1203644,2021,53,2,0,1920,2569-1203
2579881,1212172,2022,53,1,0,1920,2579-1212
2707686,1279018,2022,53,2,0,1920,2707-1279
2579911,1212322,2022,29,1,2,1920,2579-1212
2710500,1112500,2021,23,1,0,1920,2710-1112
2706500,1230500,2023,23,1,0,1920,2706-1230
2660500,1270500,2025,23,2,0,1920,2660-1270
2670084,1242549,2024,53,1,0,1920,2670-1242
2627945.48909876,1237373.66892157,2022,29,3,18,1920,2627-1237
2678743.88625199,1261738.64812515,2025,29,1,1,1920,2678-1261
2578500,1186500,2022,29,2,4,1920,2578-1186
2705220,1112162,2023,23,2,0,1920,2705-1112
2679198.87987549,1261961.65025197,2024,53,3,0,1920,2679-1261
2670381,1240870,2025,23,1,0,1920,2670-1240
2679239.88139303,1261726.64959763,2023,23,2,6,1920,2679-1261
2670300.06850856,1242299.56432466,2022,29,2,1,1920,2670-1242
2670300.06850856,1242299.56432466,2022,29,2,1,1920,2670-1242
2672800.07555701,1232199.52841522,2023,23,1,0,1920,2672-1232
2615487,1174245,2021,29,3,4,1920,2615-1174
2670206,1242341,2024,29,4,13,1920,2670-1242
2622401,1234916,2024,18,1,0,1920,2622-1234
2615495,1174296,2021,29,2,4,1920,2615-1174
2569565,1203395,2021,23,1,0,1920,2569-1203
2660500,1270500,2022,29,2,1,1920,2660-1270
2559964.39202934,1138353.33392529,2022,23,2,0,1920,2559-1138
2634055,1243834,2022,18,3,0,1920,2634-1243
2634170,1243859,2025,18,1,0,1920,2634-1243
2634392,1243730,2024,18,2,0,1920,2634-1243
2689537,1272004,2024,18,1,0,1920,2689-1272
2706500,1230500,2022,18,1,0,1920,2706-1230
2537562,1180271,2023,18,2,0,1920,2537-1180
2537621,1180211,2023,18,4,0,1920,2537-1180
2628151,1237515,2021,29,2,1,1920,2628-1237
2670049,1242486,2025,29,2,1,1920,2670-1242
2710500,1112500,2021,18,2,0,1920,2710-1112
2629300,1238413,2022,29,1,2,1920,2629-1238
2559964.39202934,1138353.33392528,2023,18,1,0,1920,2559-1138
2615500,1174500,2025,29,2,2,1920,2615-1174
2653500,1256500,2023,29,2,6,1920,2653-1256
2660410,1269936,2024,18,1,0,1920,2660-1269
2603640,1197075,2021,29,1,2,1920,2603-1197
2490414,1112761,2023,29,1,2,1920,2490-1112
2706500,1230500,2022,18,1,0,1920,2706-1230
2490724,1112198,2024,29,1,2,1920,2490-1112
2670500,1242500,2024,18,2,0,1920,2670-1242
2755182,1227389,2022,18,1,0,1920,2755-1227
2658500,1253500,2025,35,3,4,1920,2658-1253
2612242,1128734,2021,29,1,2,1920,2612-1128
2573980,1162764,2025,29,2,4,1920,2573-1162
2573780,1162636,2022,29,5,19,1920,2573-1162
2689896,1275158,2024,29,1,8,1920,2689-1275
2694405,1281501,2022,18,3,0,1920,2694-1281
2694191,1281382,2022,18,2,0,1920,2694-1281
2759106,1238425,2022,29,5,2,1920,2759-1238
2493641,1115210,2025,35,2,1,1920,2493-1115
2670095,1242413,2024,18,1,0,1920,2670-1242
2751394,1262980,2023,18,1,0,1920,2751-1262
2788870,1159110,2021,35,1,18,1920,2788-1159
2788852,1159111,2021,35,1,2,1920,2788-1159
2610664,1226676,2021,35,1,2,1920,2610-1226
2618670.65278626,1128170.52219958,2025,29,3,11,1920,2618-1128
2670024,1242560,2024,18,1,0,1920,2670-1242
2751365,1263294,2022,18,4,0,1920,2751-1263
2710183,1112552,2021,18,2,0,1920,2710-1112
2607184.51170396,1216551.78757314,2023,18,2,0,1920,2607-1216
2678664,1268078,2022,35,1,1,1920,2678-1268
2607184.51170395,1216551.78757314,2021,18,2,0,1920,2607-1216
2569644.55120499,1203073.27749823,2022,18,4,0,1920,2569-1203
2607184.51170396,1216551.78757314,2023,18,2,0,1920,2607-1216
2679198.87987549,1261961.65025197,2022,29,3,4,1920,2679-1261
2569166,1196636,2024,41,1,1,1920,2569-1196
2670300.06850856,1242299.56432465,2023,41,6,1,1920,2670-1242
2670300.06850856,1242299.56432465,2023,41,6,2,1920,2670-1242
2670300.06850856,1242299.56432465,2023,41,4,2,1920,2670-1242
2670300.06850856,1242299.56432465,2023,41,4,2,1920,2670-1242
2490739,1112416,2021,35,1,3,1920,2490-1112
2751940,1262815,2021,35,1,3,1920,2751-1262
2660150,1270399,2024,24,2,0,1920,2660-1270
2660309,1269889,2024,24,2,0,1920,2660-1269
2569124,1196721,2024,41,1,1,1920,2569-1196
2660394,1269906,2025,24,1,0,1920,2660-1269
2660290,1270208,2024,24,1,0,1920,2660-1270
2569408,1203171,2023,24,2,0,1920,2569-1203
2634128,1243742,2025,24,1,0,1920,2634-1243
2569644.55120499,1203073.27749823,2022,41,2,2,1920,2569-1203
2569125,1196722,2025,24,1,0,1920,2569-1196
2615470,1174282,2025,41,2,2,1920,2615-1174
2490481.51409212,1112705.18624407,2024,24,1,0,1920,2490-1112
2672683,1229971,2021,35,1,3,1920,2672-1229
2672703,1229977,2021,35,2,2,1920,2672-1229
2725746,1220095,2021,35,2,18,1920,2725-1220
2725578,1220011,2025,35,1,2,1920,2725-1220
2537548,1180275,2023,24,1,0,1920,2537-1180
2537608,1180189,2023,24,1,0,1920,2537-1180
2537569,1180261,2023,24,2,0,1920,2537-1180
2750500,1263500,2022,24,3,0,1920,2750-1263
2660500,1270500,2025,35,1,1,1920,2660-1270
2615500,1174500,2021,24,4,0,1920,2615-1174
2760500,1202500,2023,24,3,0,1920,2760-1202
2617318,1170927,2023,35,2,4,1920,2617-1170
2659076,1220202,2025,35,5,13,1920,2659-1220
2670300.06850856,1242299.56432466,2021,47,2,0,1920,2670-1242
2537509.61018522,1180220.62191535,2025,47,2,0,1920,2537-1180
2537509.61018522,1180220.62191536,2022,47,2,0,1920,2537-1180
2537509.61018522,1180220.62191535,2025,47,3,0,1920,2537-1180
2537509.61018522,1180220.62191535,2025,47,5,0,1920,2537-1180
2537509.61018522,1180220.62191536,2021,47,3,0,1920,2537-1180
2537509.61018522,1180220.62191535,2025,47,2,0,1920,2537-1180
2537509.61018522,1180220.62191535,2025,47,5,0,1920,2537-1180
2579500,1212500,2022,47,1,0,1920,2579-1212
2678743.88625199,1261738.64812515,2025,47,10,0,1920,2678-1261
2670053,1242466,2022,41,1,1,1920,2670-1242
2757710,1220034,2024,24,1,8,1920,2757-1220
2757479,1221135,2024,24,1,8,1920,2757-1221
2759999.99367169,1263000.27822094,2021,24,1,0,1920,2759-1263
2678743.88625199,1261738.64812515,2025,47,2,0,1920,2678-1261
2678743.88625199,1261738.64812515,2024,47,4,0,1920,2678-1261
2820400.2152294,1187699.84569918,2021,24,2,0,1920,2820-1187
2679218,1261884,2025,41,1,2,1920,2679-1261
2678929,1261901,2025,41,2,2,1920,2678-1261
2627500,1268500,2025,47,1,0,1920,2627-1268
2710103,1112548,2022,24,1,0,1920,2710-1112
2718244,1138733,2025,24,1,0,1920,2718-1138
2670081,1242528,2024,24,2,0,1920,2670-1242
2757558,1220733,2025,30,1,2,1920,2757-1220
2709600,1113334,2022,41,7,1,1920,2709-1113
2670381,1242431,2023,41,2,2,1920,2670-1242
2569118,1196717,2025,41,2,2,1920,2569-1196
2617298,1170927,2025,41,1,1,1920,2617-1170
2617262,1170911,2023,41,4,2,1920,2617-1170
2828481,1194424,2025,41,1,18,1920,2828-1194
2788856,1159068,2021,30,1,18,1920,2788-1159
2678318,1261778,2025,30,1,2,1920,2678-1261
2670500,1242500,2023,41,,1,1920,2670-1242
2678743.88625199,1261738.64812515,2025,47,1,0,1920,2678-1261
2537509.61018522,1180220.62191536,2022,53,5,0,1920,2537-1180
2537509.61018522,1180220.62191536,2022,53,4,0,1920,2537-1180
2537509.61018522,1180220.62191536,2022,53,,0,1920,2537-1180
2620500,1265500,2021,30,1,1,1920,2620-1265
2537509.61018522,1180220.62191535,2025,53,1,0,1920,2537-1180
2569126,1196720,2025,30,2,1,1920,2569-1196
2670216,1242359,2025,47,2,0,1920,2670-1242
2537480,1180202,2025,47,5,0,1920,2537-1180
2670290,1242424,2024,47,1,0,1920,2670-1242
2537533,1180204,2025,47,5,0,1920,2537-1180
2670212,1242570,2021,47,2,0,1920,2670-1242
2537617,1180185,2025,47,,0,1920,2537-1180
2670376,1242276,2024,47,2,0,1920,2670-1242
2705417,1112077,2024,47,3,0,1920,2705-1112
2579902,1212210,2022,47,1,0,1920,2579-1212
2579829,1212199,2023,47,2,0,1920,2579-1212
2707572,1279057,2023,47,2,0,1920,2707-1279
2580090.6502114,1212497.13430467,2022,47,1,0,1920,2580-1212
2660500,1270500,2025,47,1,0,1920,2660-1270
2537535,1180127,2023,30,1,1,1920,2537-1180
2694040,1281979,2023,30,1,7,1920,2694-1281
2820400.2152294,1187699.84569918,2023,30,1,2,1920,2820-1187
2620500,1265500,2021,30,1,2,1920,2620-1265
2670218,1242580,2021,47,,0,1920,2670-1242
2755851,1230335,2022,30,1,2,1920,2755-1230
2756047,1230803,2022,30,1,2,1920,2756-1230
2755232,1228145,2022,30,1,2,1920,2755-1228
2755410,1229269,2022,30,1,2,1920,2755-1229
2755687,1229983,2022,30,1,2,1920,2755-1229
2757921,1218824,2021,36,1,2,1920,2757-1218
2757755,1217575,2021,36,1,2,1920,2757-1217
2757173,1222484,2021,36,1,2,1920,2757-1222
2678743.88625199,1261738.64812515,2024,47,3,0,1920,2678-1261
2788851,1159049,2024,36,2,2,1920,2788-1159
2757257,1222099,2021,36,2,6,1920,2757-1222
2757437,1221231,2021,36,1,2,1920,2757-1221
2608500,1268500,2022,17,1,0,1920,2608-1268
2615499,1174317,2021,36,3,2,1920,2615-1174
2706761,1270764,2022,17,2,2,1920,2706-1270
2679132,1261921,2024,53,2,0,1920,2679-1261
2679205,1261783,2024,53,3,0,1920,2679-1261
2679132,1261921,2024,53,1,0,1920,2679-1261
2679206,1261941,2024,53,1,0,1920,2679-1261
2706801,1270678,2025,17,2,0,1920,2706-1270
2760375,1203727,2021,36,1,2,1920,2760-1203
2709545,1113212,2022,17,2,0,1920,2709-1113
2710144,1112553,2024,17,2,0,1920,2710-1112
2789167,1159466,2021,36,2,4,1920,2789-1159
2610289,1226311,2021,36,1,18,1920,2610-1226
2788734,1158504,2023,36,1,2,1920,2788-1158
2788813,1158392,2021,36,2,6,1920,2788-1158
2537540,1180283,2025,53,2,0,1920,2537-1180
2537622,1180199,2022,53,1,0,1920,2537-1180
2537384,1180096,2025,53,3,0,1920,2537-1180
2537521,1180300,2022,53,4,0,1920,2537-1180
2619902,1230981,2025,42,2,13,1920,2619-1230
2687500,1272500,2024,17,1,0,1920,2687-1272
2754645,1214843,2023,42,1,8,1920,2754-1214
2679239.88139303,1261726.64959763,2025,42,2,1,1920,2679-1261
2678500,1261500,2024,53,2,0,1920,2678-1261
2569185,1196448,2024,42,2,1,1920,2569-1196
2569222,1196768,2025,42,2,1,1920,2569-1196
2710500,1112500,2025,42,2,1,1920,2710-1112
2569147.44266037,1196706.26540992,2022,17,3,0,1920,2569-1196
2627500,1268500,2022,17,3,0,1920,2627-1268
2660500,1270500,2025,17,1,0,1920,2660-1270
2820400.2152294,1187699.84569918,2023,42,1,2,1920,2820-1187
2670007,1242438,2025,17,1,0,1920,2670-1242
2670396,1242421,2025,17,1,0,1920,2670-1242
2710199,1112599,2021,17,5,0,1920,2710-1112
2670300.06850856,1242299.56432465,2024,17,2,0,1920,2670-1242
2670300.06850856,1242299.56432465,2025,17,4,0,1920,2670-1242
2670300.06850856,1242299.56432466,2022,17,4,0,1920,2670-1242
2708022,1229126,2023,49,1,0,1920,2708-1229
2708429,1229107,2023,49,9,0,1920,2708-1229
2706458,1230270,2021,17,3,0,1920,2706-1230
2537509.61018522,1180220.62191535,2024,17,1,0,1920,2537-1180
2706500,1230500,2024,17,1,0,1920,2706-1230
2569214,1203343,2025,49,1,0,1920,2569-1203
2569127,1196724,2025,49,1,0,1920,2569-1196
2678743.88625199,1261738.64812515,2024,49,4,0,1920,2678-1261
2660500,1270500,2021,49,1,0,1920,2660-1270
2537513,1180229,2025,49,4,0,1920,2537-1180
2678500,1261500,2023,49,4,0,1920,2678-1261
2660500,1270500,2025,17,2,0,1920,2660-1270
2490408,1112773,2024,17,1,0,1920,2490-1112
2490413,1112788,2024,23,1,0,1920,2490-1112
2709551,1113244,2022,23,1,0,1920,2709-1113
2709871,1113486,2022,23,1,0,1920,2709-1113
2709595,1113361,2022,23,1,0,1920,2709-1113
2537595,1180167,2021,55,1,0,1920,2537-1180
2709500,1113500,2022,23,1,0,1920,2709-1113
2668721,1255886,2023,23,2,12,1920,2668-1255
2668762,1255853,2023,23,2,12,1920,2668-1255
2709459.10430758,1112619.57720119,2022,23,1,0,1920,2709-1112
2678743.88625199,1261738.64812515,2022,23,2,0,1920,2678-1261
2559996.39143369,1138313.33332478,2022,23,2,0,1920,2559-1138
2709459.10430758,1112619.57720119,2022,23,1,0,1920,2709-1112
2670500,1242500,2025,23,2,0,1920,2670-1242
2705166,1111883,2023,23,1,0,1920,2705-1111
2702654,1281831,2022,23,2,0,1920,2702-1281
2702654,1281830,2021,23,1,0,1920,2702-1281
2569427,1203482,2022,23,1,0,1920,2569-1203
2569507,1203670,2022,23,1,0,1920,2569-1203
2569495,1203660,2022,23,1,0,1920,2569-1203
2569525,1203691,2022,23,2,0,1920,2569-1203
2569505,1203648,2022,23,1,0,1920,2569-1203
2569474,1203662,2022,23,2,0,1920,2569-1203
2615424,1174344,2025,23,2,0,1920,2615-1174
2569473,1203659,2022,23,2,0,1920,2569-1203
2660500,1270500,2023,23,1,0,1920,2660-1270
2709080,1113777,2025,23,1,0,1920,2709-1113
2709500,1112500,2021,23,2,6,1920,2709-1112
2569760,1203428,2021,23,2,0,1920,2569-1203
2670300.06850856,1242299.56432466,2021,23,2,0,1920,2670-1242
2670300.06850856,1242299.56432465,2023,23,1,0,1920,2670-1242
2655500,1272500,2025,23,2,0,1920,2655-1272
2491115,1112493,2025,29,3,13,1920,2491-1112
2669643,1242377,2023,29,1,2,1920,2669-1242
2668789,1255960,2021,29,6,13,1920,2668-1255
2668766,1255976,2021,29,2,18,1920,2668-1255
2660391,1269902,2025,29,1,1,1920,2660-1269
2678743.88625199,1261738.64812515,2025,17,1,0,1920,2678-1261
2579839,1212333,2022,29,1,1,1920,2579-1212
2672581,1229963,2024,29,1,2,1920,2672-1229
2706500,1230500,2022,17,1,0,1920,2706-1230
2559500,1138500,2021,17,4,0,1920,2559-1138
2670401,1240984,2025,17,1,0,1920,2670-1240
2630871,1238366,2024,35,3,13,1920,2630-1238
2630794,1238210,2024,35,2,13,1920,2630-1238
2760016,1240696,2021,35,4,4,1920,2760-1240
2670042,1242517,2021,17,1,0,1920,2670-1242
2706500,1230500,2022,17,3,0,1920,2706-1230
2706764,1270751,2022,35,2,2,1920,2706-1270
2706747,1270766,2025,35,2,2,1920,2706-1270
2687500,1272500,2024,18,1,0,1920,2687-1272
2668806,1255884,2025,35,5,13,1920,2668-1255
2678579,1267881,2024,35,2,4,1920,2678-1267
2659073,1220182,2025,17,2,0,1920,2659-1220
2608500,1268500,2023,18,1,0,1920,2608-1268
2660500,1270500,2025,18,3,0,1920,2660-1270
2655500,1272500,2025,35,3,2,1920,2655-1272
2537517,1180107,2024,18,3,0,1920,2537-1180
2670500,1242500,2022,17,6,0,1920,2670-1242
2706927,1270937,2023,17,2,6,1920,2706-1270
2718213,1137950,2024,17,2,0,1920,2718-1137
2718176,1138174,2025,17,1,0,1920,2718-1138
2706500,1230500,2021,17,2,0,1920,2706-1230
2537886,1180412,2021,17,2,0,1920,2537-1180
2670649,1242163,2021,17,1,0,1920,2670-1242
2670500,1242500,2021,17,3,0,1920,2670-1242
2488953,1113111,2024,17,2,0,1920,2488-1113
2488923,1113111,2024,18,2,0,1920,2488-1113
2558735,1138495,2022,18,8,0,1920,2558-1138
2700000.59040254,1272100.79127783,2025,17,4,0,1920,2700-1272
2706500,1230500,2022,18,2,0,1920,2706-1230
2710500,1112500,2024,41,2,1,1920,2710-1112
2660500,1270500,2025,17,2,0,1920,2660-1270
2559964.39202934,1138353.33392529,2021,18,2,0,1920,2559-1138
2569147.44266037,1196706.26540992,2024,41,2,1,1920,2569-1196
2569147.44266037,1196706.26540992,2024,41,1,2,1920,2569-1196
2569147.44266037,1196706.26540992,2024,41,2,1,1920,2569-1196
2569147.44266037,1196706.26540992,2024,41,2,1,1920,2569-1196
2569147.44266037,1196706.26540992,2024,41,2,2,1920,2569-1196
2569147.44266037,1196706.26540992,2025,41,3,2,1920,2569-1196
2569147.44266037,1196706.26540992,2025,41,3,2,1920,2569-1196
2569147.44266037,1196706.26540992,2024,41,2,1,1920,2569-1196
2670665,1242066,2024,17,2,0,1920,2670-1242
2660031,1270553,2025,23,1,0,1920,2660-1270
2670035,1242561,2024,17,1,0,1920,2670-1242
2710179,1112601,2021,17,2,0,1920,2710-1112
2710293,1112632,2021,17,5,0,1920,2710-1112
2559500,1138500,2021,18,1,0,1920,2559-1138
2678743.88625199,1261738.64812515,2023,23,2,0,1920,2678-1261
2678451.8885035,1261824.64753559,2021,23,1,0,1920,2678-1261
2758500,1237500,2024,41,1,2,1920,2758-1237
2694225,1281391,2022,18,2,0,1920,2694-1281
2490755.50618846,1112445.17970938,2022,23,1,0,1920,2490-1112
2706475,1230294,2024,41,1,1,1920,2706-1230
2760500,1201500,2023,23,1,0,1920,2760-1201
2537509.61018522,1180220.62191535,2025,47,2,0,1920,2537-1180
2537509.61018522,1180220.62191535,2025,47,2,0,1920,2537-1180
2537509.61018522,1180220.62191535,2025,47,2,0,1920,2537-1180
2788665,1157831,2021,18,1,0,1920,2788-1157
2569132,1196733,2025,23,1,0,1920,2569-1196
2707695,1279063,2023,47,2,0,1920,2707-1279
2537509.61018522,1180220.62191536,2022,47,3,0,1920,2537-1180
2537509.61018522,1180220.62191535,2025,47,2,0,1920,2537-1180
2569744,1203429,2025,47,1,0,1920,2569-1203
2634147,1243795,2023,18,3,0,1920,2634-1243
2634386,1243800,2024,18,2,0,1920,2634-1243
2537500,1180500,2021,17,9,0,1920,2537-1180
2670132,1242540,2023,23,2,0,1920,2670-1242
2615414,1174274,2021,23,2,6,1920,2615-1174
2672800.07555701,1232199.52841522,2024,17,4,0,1920,2672-1232
2709628.1002368,1113293.57333526,2022,17,3,0,1920,2709-1113
2670300.06850856,1242299.56432465,2023,47,2,0,1920,2670-1242
2678743.88625199,1261738.64812515,2024,47,4,0,1920,2678-1261
2607184.51170395,1216551.78757314,2021,18,1,0,1920,2607-1216
2713500,1231500,2021,23,1,0,1920,2713-1231
2580090.6502114,1212497.13430467,2021,23,2,0,1920,2580-1212
2760500,1201500,2023,23,2,0,1920,2760-1201
2750500,1263500,2025,23,1,0,1920,2750-1263
2660500,1270500,2025,23,2,0,1920,2660-1270
2706500,1230500,2021,47,1,0,1920,2706-1230
2559916,1138333,2023,18,1,0,1920,2559-1138
2709406,1112458,2021,23,2,0,1920,2709-1112
2620500,1265500,2022,17,2,0,1920,2620-1265
2709543,1112555,2022,23,1,0,1920,2709-1112
2709628.1002368,1113293.57333526,2021,24,1,0,1920,2709-1113
2569246,1203318,2021,47,5,0,1920,2569-1203
2559964.39202934,1138353.33392529,2022,24,1,0,1920,2559-1138
2705296,1112276,2022,23,3,0,1920,2705-1112
2679244,1261910,2022,23,1,0,1920,2679-1261
2679097,1261939,2022,23,2,0,1920,2679-1261
2610658,1226667,2022,23,2,18,1920,2610-1226
2705162,1112046,2022,23,3,0,1920,2705-1112
2569500,1203500,2024,24,1,0,1920,2569-1203
2537540,1180237,2023,23,4,0,1920,2537-1180
2670101,1242456,2023,23,1,0,1920,2670-1242
2709500,1112500,2022,24,3,0,1920,2709-1112
2560002,1138327,2022,23,1,0,1920,2560-1138
2559989,1138322,2021,23,1,0,1920,2559-1138
2709500,1112500,2022,23,1,0,1920,2709-1112
2611640,1177706,2023,24,1,0,1920,2611-1177
2718126,1138106,2022,23,1,0,1920,2718-1138
2672722,1229955,2024,24,1,0,1920,2672-1229
2670428,1242395,2021,24,1,0,1920,2670-1242
2611388,1177694,2022,24,1,0,1920,2611-1177
2703012,1281663,2022,23,2,0,1920,2703-1281
2634075,1243841,2022,23,1,0,1920,2634-1243
2580090.6502114,1212497.13430467,2021,54,1,0,1920,2580-1212
2707606,1278948,2022,54,4,0,1920,2707-1278
2706500,1230500,2023,23,1,0,1920,2706-1230
2537486,1180240,2024,24,2,0,1920,2537-1180
2537499,1180169,2024,24,1,0,1920,2537-1180
2537438,1180274,2023,24,1,0,1920,2537-1180
2706500,1230500,2023,23,1,0,1920,2706-1230
2558914,1138550,2021,23,2,0,1920,2558-1138
2537444,1180144,2024,24,1,0,1920,2537-1180
2501841,1118524,2023,24,1,0,1920,2501-1118
2705328,1112066,2022,23,6,0,1920,2705-1112
2670229,1240794,2023,23,1,0,1920,2670-1240
2569500,1203500,2021,23,2,0,1920,2569-1203
2705406,1112192,2021,23,1,0,1920,2705-1112
2670300.06850856,1242299.56432466,2021,23,2,0,1920,2670-1242
2537509.61018522,1180220.62191535,2023,23,3,0,1920,2537-1180
2670300.06850856,1242299.56432465,2023,23,2,0,1920,2670-1242
2537509.61018522,1180220.62191535,2024,23,4,0,1920,2537-1180
2537509.61018522,1180220.62191535,2023,23,14,0,1920,2537-1180
2710172.10685414,1112044.58642646,2022,23,2,0,1920,2710-1112
2670300.06850856,1242299.56432465,2023,23,2,0,1920,2670-1242
2709628.1002368,1113293.57333526,2022,23,1,0,1920,2709-1113
2537509.61018522,1180220.62191535,2024,23,3,0,1920,2537-1180
2670300.06850856,1242299.56432466,2021,23,2,0,1920,2670-1242
2670300.06850856,1242299.56432465,2025,23,2,0,1920,2670-1242
2670300.06850856,1242299.56432465,2024,23,1,0,1920,2670-1242
2670300.06850856,1242299.56432466,2021,23,2,0,1920,2670-1242
2670300.06850856,1242299.56432465,2025,23,2,0,1920,2670-1242
2670350.07219683,1240899.55926051,2023,23,1,0,1920,2670-1240
2750438,1263668,2023,23,2,0,1920,2750-1263
2660500,1270500,2025,24,2,0,1920,2660-1270
2490936,1111368,2023,29,1,2,1920,2490-1111
2710500,1112500,2023,24,1,18,1920,2710-1112
2660500,1270500,2023,23,1,0,1920,2660-1270
2660500,1270500,2022,29,2,1,1920,2660-1270
2660500,1270500,2025,23,5,0,1920,2660-1270
2620500,1265500,2021,24,1,0,1920,2620-1265
2572695,1175194,2024,29,1,2,1920,2572-1175
2706500,1230500,2023,23,1,0,1920,2706-1230
2712500,1113500,2023,23,1,0,1920,2712-1113
2568787,1176229,2022,29,2,8,1920,2568-1176
2573897.86869191,1162640.09628771,2021,29,4,2,1920,2573-1162
2660500,1270500,2022,23,1,0,1920,2660-1270
2573897.86869191,1162640.09628771,2021,29,1,2,1920,2573-1162
2615438,1174217,2023,24,1,0,1920,2615-1174
2706500,1270500,2021,29,2,4,1920,2706-1270
2710191,1112585,2021,23,1,0,1920,2710-1112
2660500,1269500,2024,24,2,0,1920,2660-1269
2670294,1242359,2023,23,1,0,1920,2670-1242
2670226,1242371,2023,23,1,0,1920,2670-1242
2610252,1127805,2022,24,1,0,1920,2610-1127
2634221,1243828,2023,24,1,0,1920,2634-1243
2607184.51170395,1216551.78757314,2021,24,1,0,1920,2607-1216
2501583.17199448,1118282.88992868,2021,24,1,0,1920,2501-1118
2659500,1254500,2023,24,1,0,1920,2659-1254
2729500,1275500,2021,29,1,1,1920,2729-1275
2699432,1272166,2021,29,5,13,1920,2699-1272
2615472,1174274,2025,29,1,2,1920,2615-1174
2606337,1227899,2025,29,2,2,1920,2606-1227
2709586,1112509,2021,23,1,0,1920,2709-1112
2709602,1113360,2022,23,4,0,1920,2709-1113
2627945.48909876,1237373.66892157,2021,29,2,13,1920,2627-1237
2788862,1159101,2021,29,1,18,1920,2788-1159
2568790,1176237,2022,29,2,18,1920,2568-1176
2568742,1176272,2024,29,1,2,1920,2568-1176
2679198.87987549,1261961.65025197,2023,23,1,0,1920,2679-1261
2672800.075557,1232199.52841523,2021,23,1,0,1920,2672-1232
2718148,1138209,2021,29,2,4,1920,2718-1138
2718189,1138090,2023,29,2,4,1920,2718-1138
2679239.88139303,1261726.64959763,2023,23,2,4,1920,2679-1261
2672800.075557,1232199.52841523,2021,23,2,6,1920,2672-1232
2709628.1002368,1113293.57333526,2022,23,1,0,1920,2709-1113
2709628.1002368,1113293.57333526,2022,23,2,0,1920,2709-1113
2710500,1112500,2024,30,1,2,1920,2710-1112
2706722,1270664,2021,29,7,6,1920,2706-1270
2615528,1174181,2021,29,1,2,1920,2615-1174
2757250,1216875,2021,29,2,4,1920,2757-1216
2710500,1112500,2025,29,2,4,1920,2710-1112
2660500,1269500,2022,29,2,1,1920,2660-1269
2658315,1253786,2025,35,1,7,1920,2658-1253
2699773,1272188,2021,29,10,4,1920,2699-1272
2609755,1127418,2021,30,2,4,1920,2609-1127
2634196,1243821,2024,30,2,8,1920,2634-1243
2580199,1208961,2021,37,4,19,1920,2580-1208
2791466,1148481,2021,37,1,2,1920,2791-1148
2688784,1272074,2024,37,1,18,1920,2688-1272
2755148,1227774,2021,37,1,2,1920,2755-1227
2659036,1220206,2024,35,5,13,1920,2659-1220
2788701,1158213,2022,37,2,2,1920,2788-1158
2788718,1158220,2021,37,1,2,1920,2788-1158
2718208,1137935,2023,35,1,1,1920,2718-1137
2678427,1261743,2023,37,1,1,1920,2678-1261
2580500,1212500,2022,37,1,2,1920,2580-1212
2759945,1240455,2021,37,1,2,1920,2759-1240
2759616,1239161,2021,37,4,4,1920,2759-1239
2759656,1239239,2021,37,2,6,1920,2759-1239
2759801,1239622,2021,37,3,18,1920,2759-1239
2760022,1240613,2021,37,5,18,1920,2760-1240
2759346,1238724,2021,37,4,4,1920,2759-1238
2686951,1272140,2024,37,2,4,1920,2686-1272
2820400.2152294,1187699.84569918,2022,37,2,2,1920,2820-1187
2819692,1187055,2024,29,1,2,1920,2819-1187
2670048,1242549,2023,29,2,1,1920,2670-1242
2672699,1229643,2025,29,2,2,1920,2672-1229
2615501,1174332,2024,41,2,2,1920,2615-1174
2606283,1227855,2025,41,4,13,1920,2606-1227
2660500,1270500,2024,35,3,2,1920,2660-1270
2579500,1212500,2022,43,4,1,1920,2579-1212
2580187,1212500,2022,43,3,2,1920,2580-1212
2569500,1203500,2022,43,,5,1920,2569-1203
2759500,1263500,2025,43,1,1,1920,2759-1263
2725742,1220088,2021,35,1,18,1920,2725-1220
2710500,1112500,2025,41,3,4,1920,2710-1112
2615494,1174301,2021,35,3,2,1920,2615-1174
2679239.88139303,1261726.64959763,2022,43,1,2,1920,2679-1261
2709689,1112510,2025,35,1,2,1920,2709-1112
2569234,1196699,2024,43,2,1,1920,2569-1196
2659084,1220229,2024,41,1,1,1920,2659-1220
2708500,1229500,2025,49,1,0,1920,2708-1229
2788839,1159220,2022,41,2,13,1920,2788-1159
2610178,1226187,2021,41,1,8,1920,2610-1226
2670500,1242500,2023,41,6,1,1920,2670-1242
2579846,1212292,2022,41,1,2,1920,2579-1212
2579863,1212258,2022,41,1,2,1920,2579-1212
2579500,1212500,2022,49,3,0,1920,2579-1212
2580090.6502114,1212497.13430467,2024,49,1,0,1920,2580-1212
2670380,1242185,2023,41,2,1,1920,2670-1242
2672767,1229584,2025,41,1,2,1920,2672-1229
2537569,1180201,2021,49,2,0,1920,2537-1180
2537440,1180309,2022,49,15,0,1920,2537-1180
2537622,1180179,2021,49,2,0,1920,2537-1180
2537228,1180549,2025,47,2,0,1920,2537-1180
2537462,1180306,2022,49,3,0,1920,2537-1180
2678549,1261587,2024,49,1,0,1920,2678-1261
2678489,1261708,2024,49,1,0,1920,2678-1261
2670500,1242500,2023,41,4,2,1920,2670-1242
2579938,1212185,2022,49,4,0,1920,2579-1212
2537509.61018522,1180220.62191536,2022,47,3,0,1920,2537-1180
2537509.61018522,1180220.62191535,2025,47,2,0,1920,2537-1180
2670300.06850856,1242299.56432466,2021,47,4,0,1920,2670-1242
2537509.61018522,1180220.62191535,2025,47,1,0,1920,2537-1180
2537509.61018522,1180220.62191535,2025,47,2,0,1920,2537-1180
2537509.61018522,1180220.62191535,2025,47,2,0,1920,2537-1180
2537509.61018522,1180220.62191535,2025,47,2,0,1920,2537-1180
2537509.61018522,1180220.62191535,2025,47,2,0,1920,2537-1180
2607184.51170395,1216551.78757314,2022,49,1,0,1920,2607-1216
2678515.88908633,1261671.64722243,2025,47,1,0,1920,2678-1261
2678515.88908633,1261671.64722243,2025,47,1,0,1920,2678-1261
2678743.88625199,1261738.64812515,2024,47,4,0,1920,2678-1261
2670367,1242325,2024,41,1,2,1920,2670-1242
2706500,1230500,2022,41,2,1,1920,2706-1230
2569453,1203663,2025,54,1,0,1920,2569-1203
2537553,1180137,2022,55,3,0,1920,2537-1180
2579924,1212257,2022,54,2,0,1920,2579-1212
2655500,1272500,2025,41,1,2,1920,2655-1272
2580500,1212500,2022,47,1,0,1920,2580-1212
2679246,1261896,2024,47,3,0,1920,2679-1261
2679063,1261808,2024,47,4,0,1920,2679-1261
2537509.61018522,1180220.62191535,2025,54,5,0,1920,2537-1180
2537509.61018522,1180220.62191536,2022,54,3,0,1920,2537-1180
2537509.61018522,1180220.62191536,2022,54,5,0,1920,2537-1180
2537509.61018522,1180220.62191536,2022,54,5,0,1920,2537-1180
2569896,1203310,2025,54,1,0,1920,2569-1203
2569884,1203297,2025,54,1,0,1920,2569-1203
2537512,1180241,2025,47,2,0,1920,2537-1180
2537619,1180188,2025,47,2,0,1920,2537-1180
2537409,1180389,2025,47,2,0,1920,2537-1180
2537452,1180425,2025,47,1,0,1920,2537-1180
2537536,1180239,2025,47,2,0,1920,2537-1180
2569565,1203720,2023,54,2,0,1920,2569-1203
2569470,1203811,2023,54,2,0,1920,2569-1203
2569568,1203724,2023,54,2,0,1920,2569-1203
2617288,1170905,2023,54,1,0,1920,2617-1170
2710500,1112500,2024,17,2,0,1920,2710-1112
2490409,1112763,2021,17,1,0,1920,2490-1112
2688794,1272129,2025,17,2,6,1920,2688-1272
2672730.08039885,1229727.51875434,2021,17,1,0,1920,2672-1229
2670300.06850856,1242299.56432466,2022,17,3,0,1920,2670-1242
2670300.06850856,1242299.56432466,2021,17,6,0,1920,2670-1242
2670500,1242500,2021,17,2,0,1920,2670-1242
2537461,1180219,2025,54,6,0,1920,2537-1180
2537389,1180249,2022,54,2,0,1920,2537-1180
2706500,1230500,2022,17,1,0,1920,2706-1230
2670500,1242500,2021,17,2,0,1920,2670-1242
2501666,1118304,2023,17,1,0,1920,2501-1118
2706457,1230346,2022,17,1,0,1920,2706-1230
2569147.44266037,1196706.26540992,2022,17,2,0,1920,2569-1196
2706500,1230500,2021,17,1,0,1920,2706-1230
2699782,1272192,2021,17,1,0,1920,2699-1272
2668764,1255954,2021,17,2,0,1920,2668-1255
2668663,1255918,2021,23,2,0,1920,2668-1255
2569129,1196723,2023,18,1,0,1920,2569-1196
2707657,1279013,2022,23,2,2,1920,2707-1279
2760500,1201500,2023,23,5,0,1920,2760-1201
2569502,1203656,2021,23,1,0,1920,2569-1203
2751834,1262841,2023,23,1,0,1920,2751-1262
2688794,1272129,2025,18,2,4,1920,2688-1272
2569569,1203628,2021,23,2,0,1920,2569-1203
2707701,1279058,2023,23,2,5,1920,2707-1279
2760500,1201500,2025,23,3,0,1920,2760-1201
2490413,1112771,2023,23,1,0,1920,2490-1112
2490409,1112778,2024,23,3,0,1920,2490-1112
2537564,1180150,2024,18,6,0,1920,2537-1180
2490435,1112719,2024,23,3,0,1920,2490-1112
2537598,1180168,2024,18,6,0,1920,2537-1180
2709500,1112500,2022,23,3,0,1920,2709-1112
2692512,1285657,2021,23,2,0,1920,2692-1285
2670339,1242441,2022,23,2,0,1920,2670-1242
2672675,1229908,2021,23,1,14,1920,2672-1229
2692570,1285701,2024,23,2,0,1920,2692-1285
2710195,1112605,2021,23,2,0,1920,2710-1112
2678342,1261812,2025,18,1,0,1920,2678-1261
2678358,1261781,2021,18,2,0,1920,2678-1261
2705407,1112081,2022,23,5,0,1920,2705-1112
2573897.86869191,1162640.09628771,2023,23,1,18,1920,2573-1162
2670300.06850856,1242299.56432466,2021,23,1,0,1920,2670-1242
2713500,1231500,2021,18,1,0,1920,2713-1231
2709628.1002368,1113293.57333526,2022,23,2,0,1920,2709-1113
2559826.39527979,1138561.3364979,2021,18,1,0,1920,2559-1138
2687350,1272092,2025,23,5,0,1920,2687-1272
2615745,1174044,2023,18,2,0,1920,2615-1174
2488963,1113090,2024,18,2,0,1920,2488-1113
2706500,1230500,2022,23,1,0,1920,2706-1230
2501875,1118452,2021,18,2,0,1920,2501-1118
2559964.39202934,1138353.33392529,2022,23,2,0,1920,2559-1138
2559964.39202934,1138353.33392529,2021,23,2,0,1920,2559-1138
2559964.39202934,1138353.33392529,2022,23,2,0,1920,2559-1138
2707697.43489667,1278958.87957616,2025,18,2,0,1920,2707-1278
2706411,1230242,2022,23,1,0,1920,2706-1230
2706500,1230500,2021,18,1,0,1920,2706-1230
2713500,1231500,2021,18,3,0,1920,2713-1231
2705045,1111817,2022,23,3,0,1920,2705-1111
2712382,1271849,2021,23,4,0,1920,2712-1271
2820400.2152294,1187699.84569918,2021,18,2,0,1920,2820-1187
2702638,1281824,2022,23,2,0,1920,2702-1281
2705031,1111834,2022,23,2,0,1920,2705-1111
2705528,1111953,2022,23,1,0,1920,2705-1111
2699556,1272165,2023,23,1,0,1920,2699-1272
2660462,1269542,2025,18,2,0,1920,2660-1269
2699530,1272166,2022,23,2,0,1920,2699-1272
2689877,1272039,2025,23,2,18,1920,2689-1272
2689289,1272018,2022,23,1,0,1920,2689-1272
2660306,1269925,2022,31,1,2,1920,2660-1269
2660224,1270309,2022,31,1,2,1920,2660-1270
2709500,1112500,2021,23,3,0,1920,2709-1112
2706500,1230500,2022,23,1,0,1920,2706-1230
2678384,1261898,2025,31,2,2,1920,2678-1261
2709577,1113256,2022,23,3,0,1920,2709-1113
2490420,1112763,2022,23,2,0,1920,2490-1112
2710156,1112590,2023,23,1,0,1920,2710-1112
2709602,1113353,2022,23,4,0,1920,2709-1113
2709588,1113199,2022,23,6,0,1920,2709-1113
2490371,1112778,2024,23,1,0,1920,2490-1112
2490411,1112759,2023,23,2,0,1920,2490-1112
2689856,1271997,2022,23,1,0,1920,2689-1271
2610322,1127975,2025,31,1,1,1920,2610-1127
2610334,1127897,2025,31,1,2,1920,2610-1127
2659500,1254500,2022,31,1,2,1920,2659-1254
2709500,1112500,2021,23,1,0,1920,2709-1112
2788727,1158273,2025,31,2,2,1920,2788-1158
2670506,1242104,2023,31,2,4,1920,2670-1242
2670300.06850856,1242299.56432465,2023,29,1,1,1920,2670-1242
2708500,1229500,2021,43,1,1,1920,2708-1229
2668843,1255916,2021,29,3,13,1920,2668-1255
2537509.61018522,1180220.62191535,2023,29,1,1,1920,2537-1180
2537509.61018522,1180220.62191535,2023,29,1,1,1920,2537-1180
2672812,1229636,2025,29,1,2,1920,2672-1229
2490732,1112195,2024,29,1,1,1920,2490-1112
2820400.2152294,1187699.84569918,2022,43,1,1,1920,2820-1187
2678500,1261500,2025,17,2,0,1920,2678-1261
2580090.6502114,1212497.13430467,2023,49,1,0,1920,2580-1212
2678453,1261638,2024,49,2,0,1920,2678-1261
2706500,1230500,2024,49,1,0,1920,2706-1230
2678743.88625199,1261738.64812515,2025,29,1,2,1920,2678-1261
2537561,1180233,2022,49,3,0,1920,2537-1180
2537625,1180325,2022,49,8,0,1920,2537-1180
2537560,1180283,2022,49,6,0,1920,2537-1180
2537538,1180186,2025,49,3,0,1920,2537-1180
2537612,1180254,2025,49,1,0,1920,2537-1180
2537595,1180201,2025,49,2,0,1920,2537-1180
2537561,1180283,2022,49,4,0,1920,2537-1180
2537403,1180329,2025,49,1,0,1920,2537-1180
2687500,1272500,2021,17,1,0,1920,2687-1272
2708500,1229500,2023,49,2,0,1920,2708-1229
2569427,1203622,2025,49,3,0,1920,2569-1203
2710500,1112500,2024,17,2,0,1920,2710-1112
2490666,1112215,2024,29,1,2,1920,2490-1112
2706500,1230500,2022,17,1,0,1920,2706-1230
2608500,1268500,2023,29,1,1,1920,2608-1268
2490787,1112170,2024,29,1,1,1920,2490-1112
2670386,1242431,2025,17,1,0,1920,2670-1242
2490751,1112188,2024,35,2,4,1920,2490-1112
2670300.06850856,1242299.56432465,2024,17,2,0,1920,2670-1242
2670300.06850856,1242299.56432466,2021,17,2,0,1920,2670-1242
2706500,1230500,2022,17,1,0,1920,2706-1230
2672811,1229455,2025,35,2,2,1920,2672-1229
2670300.06850856,1242299.56432465,2025,17,4,0,1920,2670-1242
2670300.06850856,1242299.56432466,2022,17,4,0,1920,2670-1242
2611500,1177500,2023,35,1,2,1920,2611-1177
2490385,1111419,2025,35,5,2,1920,2490-1111
2490516,1111364,2023,23,1,0,1920,2490-1111
2709405,1112478,2021,23,3,0,1920,2709-1112
2704255.10749324,1112543.54382637,2025,17,3,0,1920,2704-1112
2620500,1233500,2024,17,2,6,1920,2620-1233
2619500,1230500,2025,41,2,13,1920,2619-1230
2579862,1212182,2022,41,1,1,1920,2579-1212
2709500,1113500,2022,23,6,0,1920,2709-1113
2707738,1278996,2023,41,1,1,1920,2707-1278
2710199,1112612,2025,41,1,2,1920,2710-1112
2710135,1112673,2025,41,2,2,1920,2710-1112
2710167,1112547,2025,41,2,1,1920,2710-1112
2672730.08039885,1229727.51875434,2021,41,1,3,1920,2672-1229
2706462,1230343,2023,41,1,2,1920,2706-1230
2569147.44266037,1196706.26540992,2024,41,1,2,1920,2569-1196
2678743.88625199,1261738.64812515,2025,23,1,0,1920,2678-1261
2573897.86869191,1162640.09628771,2021,23,2,0,1920,2573-1162
2627945.48909876,1237373.66892157,2021,23,2,0,1920,2627-1237
2699569,1272216,2021,17,1,0,1920,2699-1272
2670344,1240889,2023,17,2,0,1920,2670-1240
2670253,1242407,2021,23,1,0,1920,2670-1242
2670134,1242525,2022,23,2,0,1920,2670-1242
2615444,1174264,2023,23,2,0,1920,2615-1174
2687500,1272500,2022,17,4,0,1920,2687-1272
2558500,1138500,2022,17,1,0,1920,2558-1138
2672800.075557,1232199.52841523,2021,17,2,0,1920,2672-1232
2750500,1263500,2025,23,4,0,1920,2750-1263
2537509.61018522,1180220.62191535,2025,48,3,0,1920,2537-1180
2707685,1279043,2023,48,2,0,1920,2707-1279
2707697.43489667,1278958.87957616,2023,48,2,0,1920,2707-1278
2537509.61018522,1180220.62191535,2025,48,1,0,1920,2537-1180
2579895,1212306,2021,48,1,0,1920,2579-1212
2706500,1230500,2024,48,1,0,1920,2706-1230
2705270,1111944,2025,17,6,0,1920,2705-1111
2670318,1242319,2023,48,1,0,1920,2670-1242
2759915,1263059,2021,23,1,0,1920,2759-1263
2670348,1242342,2023,48,4,0,1920,2670-1242
2759500,1263500,2025,23,2,0,1920,2759-1263
2670300.06850856,1242299.56432465,2023,48,5,0,1920,2670-1242
2610305,1226332,2021,23,3,6,1920,2610-1226
2718121,1138029,2024,23,1,0,1920,2718-1138
2670300.06850856,1242299.56432465,2024,48,2,0,1920,2670-1242
2670300.06850856,1242299.56432466,2021,23,2,0,1920,2670-1242
2537509.61018522,1180220.62191535,2023,23,12,0,1920,2537-1180
2670300.06850856,1242299.56432465,2024,23,1,0,1920,2670-1242
2670300.06850856,1242299.56432466,2021,23,2,0,1920,2670-1242
2760500,1202500,2023,23,6,0,1920,2760-1202
2670300.06850856,1242299.56432465,2024,23,1,0,1920,2670-1242
2670500,1242500,2025,23,2,0,1920,2670-1242
2712500,1113500,2024,23,2,0,1920,2712-1113
2710191,1112592,2021,23,2,4,1920,2710-1112
2710199,1112593,2021,23,2,6,1920,2710-1112
2670350,1242330,2021,23,2,0,1920,2670-1242
2710175,1112577,2021,23,6,0,1920,2710-1112
2759789,1263319,2021,23,1,0,1920,2759-1263
2610753,1226787,2021,23,2,6,1920,2610-1226
2705135,1112083,2022,23,1,0,1920,2705-1112
2678515.88908633,1261671.64722244,2022,48,1,0,1920,2678-1261
2705337,1112069,2022,23,1,0,1920,2705-1112
2760500,1201500,2023,23,6,0,1920,2760-1201
2760500,1201500,2023,23,5,0,1920,2760-1201
2708500,1229500,2022,23,1,0,1920,2708-1229
2687500,1272500,2021,23,2,0,1920,2687-1272
2659059,1220162,2025,23,2,6,1920,2659-1220
2819895,1187291,2021,23,2,0,1920,2819-1187
2678743.88625199,1261738.64812515,2022,23,2,0,1920,2678-1261
2709628.1002368,1113293.57333526,2022,23,8,0,1920,2709-1113
2709628.1002368,1113293.57333526,2022,23,8,0,1920,2709-1113
2709628.1002368,1113293.57333526,2022,23,4,0,1920,2709-1113
2709628.1002368,1113293.57333526,2022,23,5,0,1920,2709-1113
2709628.1002368,1113293.57333526,2022,23,1,0,1920,2709-1113
2569580,1203705,2023,23,1,0,1920,2569-1203
2569643,1203757,2023,23,1,0,1920,2569-1203
2663050.99869024,1273558.64705231,2025,29,1,2,1920,2663-1273
2672643,1232439,2023,23,3,0,1920,2672-1232
2603638,1197075,2021,29,2,18,1920,2603-1197
2573897.86869191,1162640.09628771,2024,29,2,13,1920,2573-1162
2678390.88728396,1262052.64810146,2025,29,2,1,1920,2678-1262
2737378,1258588,2025,23,2,4,1920,2737-1258
2668500,1256500,2021,29,3,13,1920,2668-1256
2615515,1174189,2022,29,2,18,1920,2615-1174
2718234,1138475,2025,29,2,4,1920,2718-1138
2679097,1261939,2022,23,2,0,1920,2679-1261
2490754,1112573,2022,23,1,0,1920,2490-1112
2705329,1112030,2022,23,6,0,1920,2705-1112
2686793,1272146,2025,23,1,18,1920,2686-1272
2705152,1112072,2023,23,3,0,1920,2705-1112
2705366,1112228,2023,23,4,0,1920,2705-1112
2706496,1270629,2021,23,7,0,1920,2706-1270
2670355,1242362,2021,23,2,0,1920,2670-1242
2628197,1237497,2021,29,6,13,1920,2628-1237
2672800.075557,1232199.52841523,2021,23,2,18,1920,2672-1232
2490162,1112141,2024,29,2,1,1920,2490-1112
2610334,1226329,2023,29,2,4,1920,2610-1226
2718201,1137942,2023,29,2,2,1920,2718-1137
2660500,1270500,2025,29,2,1,1920,2660-1270
2729500,1275500,2021,29,1,1,1920,2729-1275
2574129,1162778,2023,29,1,18,1920,2574-1162
2573886,1162637,2024,29,2,19,1920,2573-1162
2660306,1269937,2025,35,1,1,1920,2660-1269
2668500,1255500,2021,29,3,13,1920,2668-1255
2660500,1270500,2024,35,2,1,1920,2660-1270
2612378.61047813,1128926.57692859,2022,29,1,2,1920,2612-1128
2611249.59402763,1128140.58889069,2024,29,1,1,1920,2611-1128
2659076,1220202,2025,35,5,13,1920,2659-1220
2568709,1176120,2023,35,2,1,1920,2568-1176
2718208,1137929,2023,35,2,18,1920,2718-1137
2568791,1176244,2025,35,2,5,1920,2568-1176
2670300.06850856,1242299.56432465,2023,29,1,1,1920,2670-1242
2725659,1219867,2021,29,1,2,1920,2725-1219
2710500,1112500,2025,41,4,13,1920,2710-1112
2710203,1112549,2025,41,2,2,1920,2710-1112
2670646,1242060,2023,41,1,2,1920,2670-1242
2672800.075557,1232199.52841523,2021,29,1,2,1920,2672-1232
2569058,1196617,2024,41,1,1,1920,2569-1196
2788874,1159102,2021,41,1,2,1920,2788-1159
2757683,1219985,2025,35,2,1,1920,2757-1219
2678743.88625199,1261738.64812515,2024,41,1,1,1920,2678-1261
2678743.88625199,1261738.64812515,2024,41,1,1,1920,2678-1261
2678743.88625199,1261738.64812515,2022,41,1,1,1920,2678-1261
2672766,1229564,2025,35,1,2,1920,2672-1229
2660500,1270500,2024,35,2,1,1920,2660-1270
2679198.87987549,1261961.65025197,2021,35,2,4,1920,2679-1261
2819900,1187595,2023,35,2,6,1920,2819-1187
2788500,1158500,2022,35,2,13,1920,2788-1158
2761413,1244974,2024,35,1,2,1920,2761-1244
2537509.61018522,1180220.62191535,2025,48,1,0,1920,2537-1180
2537509.61018522,1180220.62191536,2022,48,4,0,1920,2537-1180
2537635.70077399,1180360.26407288,2021,48,1,0,1920,2537-1180
2537509.61018522,1180220.62191536,2022,48,1,0,1920,2537-1180
2537509.61018522,1180220.62191536,2022,48,4,0,1920,2537-1180
2537509.61018522,1180220.62191535,2025,48,2,0,1920,2537-1180
2537509.61018522,1180220.62191536,2022,48,3,0,1920,2537-1180
2660500,1270500,2025,35,3,1,1920,2660-1270
2678515.88908633,1261671.64722243,2025,48,1,0,1920,2678-1261
2537500,1180500,2025,48,3,0,1920,2537-1180
2725720,1220082,2021,35,1,18,1920,2725-1220
2578853,1203753,2025,41,2,1,1920,2578-1203
2705342,1112041,2023,41,2,2,1920,2705-1112
2679245,1261909,2025,41,2,1,1920,2679-1261
2678515.88908633,1261671.64722243,2025,48,1,0,1920,2678-1261
2579956,1212208,2024,48,1,0,1920,2579-1212
2755500,1227500,2024,54,1,0,1920,2755-1227
2537509.61018522,1180220.62191536,2022,54,2,0,1920,2537-1180
2537467,1180196,2025,48,2,0,1920,2537-1180
2537499,1180228,2025,48,1,0,1920,2537-1180
2537389,1180216,2025,48,5,0,1920,2537-1180
2537625,1180203,2025,48,1,0,1920,2537-1180
2537591,1180164,2025,48,2,0,1920,2537-1180
2537616,1180183,2022,48,1,0,1920,2537-1180
2579500,1212500,2022,48,2,0,1920,2579-1212
2706500,1230500,2024,48,1,0,1920,2706-1230
2678515.88908633,1261671.64722243,2025,48,1,0,1920,2678-1261
2670300.06850856,1242299.56432465,2023,48,5,0,1920,2670-1242
2615500,1174500,2021,48,3,0,1920,2615-1174
2569500,1203500,2025,17,3,0,1920,2569-1203
2705220,1111963,2023,17,2,0,1920,2705-1111
2689776,1271938,2024,17,2,0,1920,2689-1271
2710272,1112577,2023,17,2,0,1920,2710-1112
2687009,1272128,2021,17,1,2,1920,2687-1272
2569147.44266037,1196706.26540992,2022,17,1,0,1920,2569-1196
2569147.44266037,1196706.26540992,2022,17,1,0,1920,2569-1196
2501599,1118259,2023,17,1,0,1920,2501-1118
2707697.43489667,1278958.87957616,2023,17,4,0,1920,2707-1278
2707697.43489667,1278958.87957616,2023,17,2,5,1920,2707-1278
2670300.06850856,1242299.56432465,2025,17,7,0,1920,2670-1242
2670300.06850856,1242299.56432465,2025,17,7,0,1920,2670-1242
2670300.06850856,1242299.56432466,2021,17,1,0,1920,2670-1242
2670300.06850856,1242299.56432466,2022,17,3,0,1920,2670-1242
2710500,1112500,2024,17,6,0,1920,2710-1112
2670500,1242500,2022,17,3,0,1920,2670-1242
2670336,1242374,2024,17,2,0,1920,2670-1242
2569500,1203500,2021,17,2,0,1920,2569-1203
2706500,1230500,2024,23,1,0,1920,2706-1230
2670500,1242500,2024,23,2,0,1920,2670-1242
2709500,1112500,2021,23,3,0,1920,2709-1112
2668883,1255934,2021,23,2,2,1920,2668-1255
2559964.39202934,1138353.33392529,2022,23,4,0,1920,2559-1138
2702659.41195306,1281914.8508067,2021,23,1,0,1920,2702-1281
2709633,1113220,2022,23,3,0,1920,2709-1113
2709495,1113162,2022,23,1,0,1920,2709-1113
2712380,1271854,2021,23,1,0,1920,2712-1271
2709500,1112500,2021,23,2,0,1920,2709-1112
2680500,1272500,2021,23,2,0,1920,2680-1272
2706500,1230500,2022,23,1,0,1920,2706-1230
2687192,1272127,2025,23,5,18,1920,2687-1272
2706500,1270500,2021,23,2,0,1920,2706-1270
2710500,1112500,2024,23,1,0,1920,2710-1112
2608500,1268500,2023,23,2,0,1920,2608-1268
2710152,1112647,2025,23,2,0,1920,2710-1112
2670294,1242384,2023,23,1,0,1920,2670-1242
2706500,1230500,2022,17,1,0,1920,2706-1230
2710180,1112581,2024,23,1,0,1920,2710-1112
2670134,1242409,2021,23,2,0,1920,2670-1242
2710222,1112647,2021,23,3,6,1920,2710-1112
2670300.06850856,1242299.56432466,2021,23,2,0,1920,2670-1242
2706500,1230500,2022,17,1,0,1920,2706-1230
2537509.61018522,1180220.62191535,2024,23,1,0,1920,2537-1180
2706475,1230333,2022,23,1,0,1920,2706-1230
2706467,1230349,2024,23,1,0,1920,2706-1230
2709519,1112476,2023,17,3,0,1920,2709-1112
2569821,1203482,2025,23,1,0,1920,2569-1203
2706457,1230301,2022,23,1,0,1920,2706-1230
2706463,1230448,2022,23,1,0,1920,2706-1230
2615424,1174325,2023,23,2,0,1920,2615-1174
2706500,1230500,2021,17,1,0,1920,2706-1230
2569644.55120499,1203073.27749823,2021,23,1,0,1920,2569-1203
2706500,1230500,2022,17,1,0,1920,2706-1230
2607119,1216599,2022,17,2,0,1920,2607-1216
2490364,1112778,2024,23,1,0,1920,2490-1112
2490417,1112789,2023,23,1,0,1920,2490-1112
2679209,1261904,2022,29,2,1,1920,2679-1261
2702968,1281653,2025,29,6,13,1920,2702-1281
2630785,1238483,2024,29,1,2,1920,2630-1238
2686051,1282780,2023,29,1,2,1920,2686-1282
2755271,1228692,2021,29,1,3,1920,2755-1228
2659500,1254500,2024,29,2,8,1920,2659-1254
2668781,1255913,2023,29,11,13,1920,2668-1255
2670300.06850856,1242299.56432465,2025,17,3,0,1920,2670-1242
2670300.06850856,1242299.56432465,2025,17,3,0,1920,2670-1242
2537635.70077399,1180360.26407288,2021,17,4,0,1920,2537-1180
2670500,1242500,2025,29,1,2,1920,2670-1242
2670233,1242554,2024,17,2,0,1920,2670-1242
2537500,1180500,2021,17,5,0,1920,2537-1180
2707697.43489667,1278958.87957616,2023,17,3,0,1920,2707-1278
2579832,1212306,2021,17,2,0,1920,2579-1212
2579851,1212286,2021,23,1,0,1920,2579-1212
2759999.99367169,1263000.27822094,2021,23,2,0,1920,2759-1263
2760500,1201500,2023,23,5,0,1920,2760-1201
2580090.6502114,1212497.13430467,2022,23,1,0,1920,2580-1212
2660500,1269500,2022,23,1,0,1920,2660-1269
2760500,1202500,2024,23,6,0,1920,2760-1202
2660500,1270500,2024,23,1,0,1920,2660-1270
2672500,1232500,2024,23,4,0,1920,2672-1232
2614500,1174500,2023,23,1,0,1920,2614-1174
2709359,1112452,2021,23,3,0,1920,2709-1112
2659048,1220186,2025,29,1,18,1920,2659-1220
2709558,1112574,2022,23,3,0,1920,2709-1112
2688895,1272070,2025,29,1,18,1920,2688-1272
2622500,1234500,2024,29,2,4,1920,2622-1234
2706500,1230500,2022,23,1,0,1920,2706-1230
2760500,1201500,2023,23,2,0,1920,2760-1201
2760500,1202500,2023,23,3,0,1920,2760-1202
2537509.61018522,1180220.62191535,2024,29,1,1,1920,2537-1180
2692618,1285741,2023,29,1,8,1920,2692-1285
2660234,1269891,2024,29,2,1,1920,2660-1269
2672730.08039885,1229727.51875433,2024,29,1,2,1920,2672-1229
2700000.59040254,1272100.79127783,2025,29,1,2,1920,2700-1272
2537509.61018522,1180220.62191535,2024,29,1,1,1920,2537-1180
2678743.88625199,1261738.64812515,2023,23,1,0,1920,2678-1261
2678743.88625199,1261738.64812515,2022,23,3,0,1920,2678-1261
2713738,1231060,2024,23,1,0,1920,2713-1231
2709500,1112500,2021,23,3,0,1920,2709-1112
2687500,1272500,2021,23,1,0,1920,2687-1272
2709500,1112500,2022,23,1,0,1920,2709-1112
2707703,1278966,2023,17,3,0,1920,2707-1278
2670500,1242500,2022,17,5,0,1920,2670-1242
2705312,1112187,2022,23,6,0,1920,2705-1112
2670057,1242526,2022,17,3,0,1920,2670-1242
2706769,1270687,2025,17,2,0,1920,2706-1270
2670382,1242308,2022,17,1,0,1920,2670-1242
2705542,1112068,2022,23,4,0,1920,2705-1112
2537423,1180043,2023,17,5,0,1920,2537-1180
2670262,1242488,2022,17,5,0,1920,2670-1242
2678743.88625199,1261738.64812515,2021,36,2,1,1920,2678-1261
2710186,1112593,2024,17,3,0,1920,2710-1112
2670432,1242451,2024,17,4,0,1920,2670-1242
2791500,1148500,2025,36,2,2,1920,2791-1148
2639607,1266216,2024,36,1,2,1920,2639-1266
2537509.61018522,1180220.62191535,2023,23,17,0,1920,2537-1180
2537509.61018522,1180220.62191535,2023,23,17,0,1920,2537-1180
2537509.61018522,1180220.62191535,2023,23,17,0,1920,2537-1180
2537509.61018522,1180220.62191535,2023,23,17,0,1920,2537-1180
2568719,1176191,2023,23,2,18,1920,2568-1176
2670300.06850856,1242299.56432465,2023,36,1,2,1920,2670-1242
2670058,1242544,2024,23,1,0,1920,2670-1242
2670209,1242390,2024,23,3,0,1920,2670-1242
2670300.06850856,1242299.56432465,2023,42,4,1,1920,2670-1242
2615470,1174322,2023,23,6,0,1920,2615-1174
2615425,1174263,2024,23,2,0,1920,2615-1174
2710208,1112620,2025,23,2,0,1920,2710-1112
2615509,1174317,2021,23,1,0,1920,2615-1174
2615510,1174281,2022,23,2,0,1920,2615-1174
2670288,1242345,2022,23,7,0,1920,2670-1242
2670500,1242500,2021,17,2,0,1920,2670-1242
2618670.65278626,1128170.52219958,2023,17,1,0,1920,2618-1128
2569147.44266037,1196706.26540992,2025,42,2,1,1920,2569-1196
2569147.44266037,1196706.26540992,2025,42,3,1,1920,2569-1196
2569147.44266037,1196706.26540992,2025,42,2,1,1920,2569-1196
2672675,1232034,2021,17,2,0,1920,2672-1232
2672729,1232072,2021,17,2,0,1920,2672-1232
2678743.88625199,1261738.64812515,2025,42,1,1,1920,2678-1261
2706500,1230500,2024,42,1,1,1920,2706-1230
2623989,1232283,2024,17,5,0,1920,2623-1232
2761459,1244962,2024,42,3,13,1920,2761-1244
2705436,1112216,2023,17,1,0,1920,2705-1112
2579852,1212221,2022,42,3,1,1920,2579-1212
2580090.6502114,1212497.13430467,2022,42,3,1,1920,2580-1212
2580090.6502114,1212497.13430467,2022,42,3,2,1920,2580-1212
2658945,1254525,2024,29,1,2,1920,2658-1254
2659008,1254565,2024,29,2,11,1920,2659-1254
2710186,1112575,2025,42,3,4,1920,2710-1112
2574071.88294442,1163497.09481235,2024,29,2,18,1920,2574-1163
2670300.06850856,1242299.56432465,2023,48,2,0,1920,2670-1242
2570143,1175441,2024,29,2,4,1920,2570-1175
2710500,1112500,2023,17,2,0,1920,2710-1112
2537509.61018522,1180220.62191535,2023,29,1,1,1920,2537-1180
2559500,1138500,2021,17,4,0,1920,2559-1138
2610697,1226730,2022,29,4,18,1920,2610-1226
2709459.10430758,1112619.57720119,2021,23,2,0,1920,2709-1112
2704255.10749324,1112543.54382637,2024,23,1,0,1920,2704-1112
2709598,1113338,2023,48,1,0,1920,2709-1113
2679205,1261810,2024,48,1,0,1920,2679-1261
2569147.44266037,1196706.26540992,2025,48,1,0,1920,2569-1196
2760439,1203257,2022,29,1,3,1920,2760-1203
2760469,1203335,2022,29,1,3,1920,2760-1203
2760417,1203615,2022,29,1,3,1920,2760-1203
2700000.59040254,1272100.79127783,2024,23,3,0,1920,2700-1272
2751500,1263500,2021,23,2,0,1920,2751-1263
2672590,1229987,2024,23,1,0,1920,2672-1229
2710204,1112551,2024,23,1,0,1920,2710-1112
2706453,1230290,2024,48,2,0,1920,2706-1230
2706478,1230299,2024,48,1,0,1920,2706-1230
2670212,1242371,2021,23,1,0,1920,2670-1242
2718133,1138149,2024,29,2,5,1920,2718-1138
2706856,1270716,2025,23,2,0,1920,2706-1270
2670415,1242394,2021,23,1,0,1920,2670-1242
2706856,1270716,2025,23,2,0,1920,2706-1270
2707707,1279060,2023,48,1,0,1920,2707-1279
2537509.61018522,1180220.62191536,2022,48,3,0,1920,2537-1180
2537509.61018522,1180220.62191536,2022,48,6,0,1920,2537-1180
2707697.43489666,1278958.87957617,2022,54,2,0,1920,2707-1278
2710234,1112160,2025,36,2,2,1920,2710-1112
2620500,1265500,2021,23,1,0,1920,2620-1265
2707506,1279038,2022,54,2,0,1920,2707-1279
2569147.44266037,1196706.26540992,2025,54,1,0,1920,2569-1196
2788500,1158500,2021,36,1,2,1920,2788-1158
2708394,1229114,2025,54,3,0,1920,2708-1229
2708351,1229173,2025,54,3,0,1920,2708-1229
2706500,1230500,2024,23,1,0,1920,2706-1230
2660500,1270500,2024,23,1,0,1920,2660-1270
2670300.06850856,1242299.56432465,2023,36,1,2,1920,2670-1242
2708500,1229500,2025,54,1,0,1920,2708-1229
2708500,1229500,2025,54,4,0,1920,2708-1229
2574009,1162811,2021,23,1,18,1920,2574-1162
2709558,1112574,2022,23,3,0,1920,2709-1112
2667366,1218346,2025,36,2,8,1920,2667-1218
2578706,1203718,2025,54,1,0,1920,2578-1203
2670500,1242500,2024,23,2,0,1920,2670-1242
2706500,1230500,2022,23,1,0,1920,2706-1230
2569127,1196718,2025,42,2,1,1920,2569-1196
2569184,1196449,2025,42,1,1,1920,2569-1196
2755569,1215420,2025,23,1,0,1920,2755-1215
2705461,1112184,2022,23,1,0,1920,2705-1112
2606280,1227865,2025,42,5,13,1920,2606-1227
2672618,1232444,2022,23,3,0,1920,2672-1232
2672634,1232438,2024,23,2,6,1920,2672-1232
2670500,1240500,2021,23,1,0,1920,2670-1240
2654500,1271500,2021,23,2,0,1920,2654-1271
2725780,1220067,2021,23,2,0,1920,2725-1220
2672800.075557,1232199.52841523,2021,23,2,0,1920,2672-1232
2706500,1230500,2024,23,1,0,1920,2706-1230
2678743.88625199,1261738.64812515,2023,48,2,0,1920,2678-1261
2678515.88908633,1261671.64722243,2024,48,4,0,1920,2678-1261
2573944,1162728,2025,29,2,18,1920,2573-1162
2573983,1162679,2024,29,2,13,1920,2573-1162
2710802,1114763,2024,29,2,4,1920,2710-1114
2537509.61018522,1180220.62191536,2022,48,4,0,1920,2537-1180
2537509.61018522,1180220.62191536,2022,48,2,0,1920,2537-1180
2537509.61018522,1180220.62191536,2021,48,1,0,1920,2537-1180
2537509.61018522,1180220.62191535,2025,48,,0,1920,2537-1180
2537509.61018522,1180220.62191536,2022,48,2,0,1920,2537-1180
2672500,1232500,2021,29,1,2,1920,2672-1232
2537509.61018522,1180220.62191536,2022,48,6,0,1920,2537-1180
2569189,1196446,2024,48,1,0,1920,2569-1196
2658500,1254500,2024,29,1,2,1920,2658-1254
2678743.88625199,1261738.64812515,2024,54,3,0,1920,2678-1261
2702990,1281643,2025,29,5,13,1920,2702-1281
2603602,1197090,2021,29,2,4,1920,2603-1197
2569487,1203437,2021,54,1,0,1920,2569-1203
2537229,1180474,2025,54,1,0,1920,2537-1180
2672800.07555701,1232199.52841522,2025,29,1,2,1920,2672-1232
2627500,1268500,2025,29,2,1,1920,2627-1268
2537509.61018522,1180220.62191535,2025,54,1,0,1920,2537-1180
2537509.61018522,1180220.62191535,2025,54,2,0,1920,2537-1180
2725693,1219944,2021,29,1,2,1920,2725-1219
2708309,1229145,2025,54,2,0,1920,2708-1229
2672696,1229763,2021,36,1,2,1920,2672-1229
2579500,1212500,2022,54,2,0,1920,2579-1212
2757500,1218500,2025,36,1,8,1920,2757-1218
2756175,1215949,2025,36,1,2,1920,2756-1215
2757013,1216673,2025,36,2,2,1920,2757-1216
2620500,1265500,2021,36,1,2,1920,2620-1265
2569128,1196739,2025,42,3,1,1920,2569-1196
2670500,1242500,2023,42,1,1,1920,2670-1242
2791500,1148500,2022,42,4,13,1920,2791-1148
2679233,1261966,2025,42,1,1,1920,2679-1261
2706500,1230500,2024,42,1,1,1920,2706-1230
2706500,1230500,2024,48,1,0,1920,2706-1230
2759605,1263171,2022,48,2,0,1920,2759-1263
2670317,1242310,2024,48,1,0,1920,2670-1242
2678743.88625199,1261738.64812515,2025,48,1,0,1920,2678-1261
2670300.06850856,1242299.56432465,2024,17,2,0,1920,2670-1242
2670300.06850856,1242299.56432466,2021,17,1,0,1920,2670-1242
2672730.08039885,1229727.51875434,2021,17,2,0,1920,2672-1229
2706500,1230500,2024,48,1,0,1920,2706-1230
2615500,1174500,2024,48,2,0,1920,2615-1174
2705149,1111853,2022,17,1,0,1920,2705-1111
2712837,1271902,2021,17,2,0,1920,2712-1271
2706404,1230282,2021,17,2,0,1920,2706-1230
2620500,1265500,2023,17,2,0,1920,2620-1265
2627500,1268500,2021,17,2,0,1920,2627-1268
2537635.70077399,1180360.26407288,2021,17,5,0,1920,2537-1180
2707697.43489667,1278958.87957616,2023,17,4,0,1920,2707-1278
2569394,1203564,2022,17,10,0,1920,2569-1203
2679198.87987549,1261961.65025197,2024,54,3,0,1920,2679-1261
2569147.44266037,1196706.26540992,2022,17,2,0,1920,2569-1196
2559500,1138500,2024,17,2,0,1920,2559-1138
2537579,1180194,2022,54,3,0,1920,2537-1180
2537432,1180254,2025,54,2,0,1920,2537-1180
2706500,1230500,2021,17,1,0,1920,2706-1230
2615500,1174500,2024,17,2,0,1920,2615-1174
2679218,1261877,2024,54,2,0,1920,2679-1261
2679198.87987549,1261961.65025197,2024,54,3,0,1920,2679-1261
2686046,1282761,2024,17,2,4,1920,2686-1282
2681674,1272670,2023,17,2,2,1920,2681-1272
2710500,1112500,2023,24,1,0,1920,2710-1112
2710196,1112618,2025,24,1,0,1920,2710-1112
2710192,1112630,2025,24,1,0,1920,2710-1112
2710139,1112617,2023,24,1,0,1920,2710-1112
2710126,1112615,2025,24,2,0,1920,2710-1112
2710202,1112630,2025,24,1,0,1920,2710-1112
2710148,1112643,2025,24,1,0,1920,2710-1112
2710126,1112615,2025,24,2,0,1920,2710-1112
2759308,1238644,2023,24,1,0,1920,2759-1238
2679221,1261786,2022,24,1,0,1920,2679-1261
2670300.06850856,1242299.56432466,2022,24,3,0,1920,2670-1242
2670300.06850856,1242299.56432465,2023,24,3,0,1920,2670-1242
2670300.06850856,1242299.56432466,2021,24,2,0,1920,2670-1242
2672730.08039885,1229727.51875434,2021,24,1,0,1920,2672-1229
2672730.08039885,1229727.51875434,2021,24,1,0,1920,2672-1229
2678743.88625199,1261738.64812515,2023,24,2,0,1920,2678-1261
2627500,1268500,2022,24,2,0,1920,2627-1268
2569753,1203425,2022,24,1,0,1920,2569-1203
2660387,1269908,2024,24,1,0,1920,2660-1269
2706500,1230500,2021,17,1,0,1920,2706-1230
2670355,1242458,2022,17,1,0,1920,2670-1242
2670363,1242447,2024,17,1,0,1920,2670-1242
2710133,1112588,2024,17,1,0,1920,2710-1112
2490657,1111798,2021,17,1,2,1920,2490-1111
2537509.61018522,1180220.62191535,2024,24,2,0,1920,2537-1180
2537509.61018522,1180220.62191535,2023,24,5,0,1920,2537-1180
2603250.31646241,1196949.76871533,2021,24,2,0,1920,2603-1196
2569644.55120499,1203073.27749822,2024,17,2,0,1920,2569-1203
2630815,1239081,2025,24,3,0,1920,2630-1239
2569500,1203500,2021,24,1,0,1920,2569-1203
2710167,1112541,2023,24,2,0,1920,2710-1112
2760500,1201500,2024,24,1,0,1920,2760-1201
2670500,1242500,2021,24,3,0,1920,2670-1242
2706640,1270672,2025,24,2,0,1920,2706-1270
2668731,1255918,2022,30,6,13,1920,2668-1255
2668887,1255933,2022,30,2,18,1920,2668-1255
2668731,1255986,2022,30,6,1,1920,2668-1255
2718145,1138214,2023,17,2,0,1920,2718-1138
2692592,1285781,2024,30,4,13,1920,2692-1285
2670300.06850856,1242299.56432465,2023,30,2,1,1920,2670-1242
2687185,1272112,2021,30,3,2,1920,2687-1272
2687454,1272074,2022,30,1,2,1920,2687-1272
2537509.61018522,1180220.62191535,2023,17,4,0,1920,2537-1180
2537509.61018522,1180220.62191535,2023,17,5,0,1920,2537-1180
2670300.06850856,1242299.56432466,2021,17,2,0,1920,2670-1242
2670300.06850856,1242299.56432466,2021,17,2,0,1920,2670-1242
2670300.06850856,1242299.56432465,2025,17,2,0,1920,2670-1242
2706500,1230500,2021,17,1,0,1920,2706-1230
2580090.6502114,1212497.13430467,2021,24,2,0,1920,2580-1212
2558500,1138500,2025,24,1,0,1920,2558-1138
2681500,1272500,2024,30,,2,1920,2681-1272
2712500,1113500,2024,24,6,0,1920,2712-1113
2660334,1269842,2025,30,1,2,1920,2660-1269
2710500,1112500,2022,24,1,0,1920,2710-1112
2490740,1112194,2024,30,1,1,1920,2490-1112
2660500,1270500,2021,24,1,0,1920,2660-1270
2579902,1212363,2022,36,1,2,1920,2579-1212
2820400.2152294,1187699.84569918,2024,24,3,0,1920,2820-1187
2670300.06850856,1242299.56432466,2021,24,1,0,1920,2670-1242
2670300.06850856,1242299.56432465,2023,24,1,0,1920,2670-1242
2610316,1226313,2023,24,2,6,1920,2610-1226
2607218,1216635,2022,17,1,0,1920,2607-1216
2670390,1242424,2021,17,1,0,1920,2670-1242
2670049,1242541,2022,17,2,0,1920,2670-1242
2670025,1242565,2022,17,3,0,1920,2670-1242
2672606,1229897,2024,17,2,0,1920,2672-1229
2670300.06850856,1242299.56432466,2021,17,2,0,1920,2670-1242
2689824,1272044,2022,36,2,1,1920,2689-1272
2569147.44266037,1196706.26540992,2025,36,1,1,1920,2569-1196
2755162,1227310,2023,24,2,0,1920,2755-1227
2607500,1216500,2024,17,1,0,1920,2607-1216
2537718,1180320,2021,17,3,0,1920,2537-1180
2670385,1242297,2021,17,1,0,1920,2670-1242
2537873,1180405,2021,17,3,0,1920,2537-1180
2537831,1180538,2021,17,2,0,1920,2537-1180
2670313,1242363,2021,17,2,0,1920,2670-1242
2709595,1113340,2022,42,15,1,1920,2709-1113
2709476,1113198,2022,42,10,1,1920,2709-1113
2706500,1230500,2024,42,1,2,1920,2706-1230
2670377,1242158,2022,42,2,1,1920,2670-1242
2710195,1112652,2025,42,5,13,1920,2710-1112
2672685,1229900,2022,42,3,2,1920,2672-1229
2755249,1228837,2021,42,1,2,1920,2755-1228
2619893,1230986,2025,42,2,13,1920,2619-1230
2569433,1203595,2025,42,1,2,1920,2569-1203
2707699,1279008,2023,42,2,1,1920,2707-1279
2574071.88294442,1163497.09481235,2025,30,4,18,1920,2574-1163
2570136,1175438,2024,30,1,2,1920,2570-1175
2558500,1138500,2023,17,7,0,1920,2558-1138
2670217,1242550,2022,30,3,1,1920,2670-1242
2569147.44266037,1196706.26540992,2025,42,2,2,1920,2569-1196
2751893,1262760,2021,17,2,0,1920,2751-1262
2614518,1174701,2022,30,1,2,1920,2614-1174
2660500,1270500,2022,30,2,2,1920,2660-1270
2670300.06850856,1242299.56432466,2022,17,5,0,1920,2670-1242
2678500,1261500,2023,48,2,0,1920,2678-1261
2537509.61018522,1180220.62191536,2021,48,2,0,1920,2537-1180
2658500,1254500,2024,30,2,8,1920,2658-1254
2729500,1275500,2021,30,1,1,1920,2729-1275
2620500,1265500,2022,17,1,0,1920,2620-1265
2707699,1279079,2023,48,1,0,1920,2707-1279
2537509.61018522,1180220.62191535,2025,48,,0,1920,2537-1180
2537509.61018522,1180220.62191536,2022,48,3,0,1920,2537-1180
2537633,1180202,2025,48,2,0,1920,2537-1180
2537632,1180201,2025,48,2,0,1920,2537-1180
2579796,1212169,2022,48,2,0,1920,2579-1212
2537509.61018522,1180220.62191536,2022,48,4,0,1920,2537-1180
2670367,1242333,2024,48,1,0,1920,2670-1242
2709599,1113345,2022,48,2,0,1920,2709-1113
2672623,1232409,2024,17,5,0,1920,2672-1232
2580500,1212500,2022,48,1,0,1920,2580-1212
2672668,1232002,2022,17,1,0,1920,2672-1232
2729500,1275500,2021,30,1,1,1920,2729-1275
2537601,1180371,2022,48,1,0,1920,2537-1180
2658911,1254621,2024,30,1,8,1920,2658-1254
2501791.68484947,1118512.81291784,2023,17,1,0,1920,2501-1118
2706455,1230351,2024,48,1,0,1920,2706-1230
2679198.87987549,1261961.65025197,2024,48,1,0,1920,2679-1261
2788823,1159029,2024,30,1,18,1920,2788-1159
2610406,1226411,2021,30,1,2,1920,2610-1226
2718177,1138135,2023,30,1,2,1920,2718-1138
2718147,1138195,2024,30,2,5,1920,2718-1138
2718162,1138467,2024,30,1,2,1920,2718-1138
2705500,1111500,2022,24,2,0,1920,2705-1111
2678515.88908633,1261671.64722243,2023,48,2,0,1920,2678-1261
2559964.39202934,1138353.33392529,2021,24,1,0,1920,2559-1138
2678743.88625199,1261738.64812515,2023,48,2,0,1920,2678-1261
2610676,1226696,2021,30,2,8,1920,2610-1226
2670288,1242319,2022,24,2,0,1920,2670-1242
2662500,1273499,2022,30,2,7,1920,2662-1273
2704255.10749324,1112543.54382637,2024,24,4,0,1920,2704-1112
2670500,1242500,2024,24,3,0,1920,2670-1242
2707500,1279500,2022,24,3,0,1920,2707-1279
2788500,1158500,2025,36,2,2,1920,2788-1158
2573990,1162694,2024,24,2,6,1920,2573-1162
2686985,1272811,2025,24,2,0,1920,2686-1272
2704306,1112636,2024,24,6,0,1920,2704-1112
2678743.88625199,1261738.64812515,2021,36,1,2,1920,2678-1261
2687054,1272500,2025,24,2,0,1920,2687-1272
2709666,1112355,2022,24,3,0,1920,2709-1112
2710500,1112500,2025,24,2,0,1920,2710-1112
2788500,1158500,2023,24,1,0,1920,2788-1158
2706399,1270626,2021,24,1,2,1920,2706-1270
2670686,1242134,2022,24,3,0,1920,2670-1242
2614500,1174500,2024,54,1,0,1920,2614-1174
2537628,1180200,2023,24,7,0,1920,2537-1180
2670129,1242457,2022,24,5,0,1920,2670-1242
2610722,1226763,2021,36,2,4,1920,2610-1226
2659041,1220197,2024,36,3,13,1920,2659-1220
2788797,1159003,2024,36,1,3,1920,2788-1159
2704255.10749324,1112543.54382637,2023,54,1,0,1920,2704-1112
2558500,1138500,2021,24,1,0,1920,2558-1138
2670500,1242500,2025,24,4,0,1920,2670-1242
2569500,1203500,2022,42,3,1,1920,2569-1203
2569202,1196735,2025,42,2,1,1920,2569-1196
2607162,1216544,2022,42,1,2,1920,2607-1216
2569138,1196524,2025,42,1,2,1920,2569-1196
2569185,1196447,2025,42,2,1,1920,2569-1196
2705475,1112228,2021,24,3,0,1920,2705-1112
2705435,1112090,2021,24,1,0,1920,2705-1112
2705096,1112038,2023,24,2,0,1920,2705-1112
2660437,1269897,2025,24,2,0,1920,2660-1269
2670300.06850856,1242299.56432466,2021,24,2,0,1920,2670-1242
2678743.88625199,1261738.64812515,2022,42,1,2,1920,2678-1261
2678743.88625199,1261738.64812515,2022,42,1,2,1920,2678-1261
2678743.88625199,1261738.64812515,2022,24,2,0,1920,2678-1261
2670300.06850856,1242299.56432466,2022,24,1,0,1920,2670-1242
2615513,1174322,2023,42,4,2,1920,2615-1174
2654500,1271500,2021,24,2,0,1920,2654-1271
2672800.075557,1232199.52841523,2021,24,1,0,1920,2672-1232
2708500,1229500,2021,42,3,1,1920,2708-1229
2672739,1232069,2021,24,3,4,1920,2672-1232
2672678,1232051,2021,24,2,6,1920,2672-1232
2569644.55120499,1203073.27749822,2023,42,4,1,1920,2569-1203
2569644.55120499,1203073.27749822,2025,42,1,2,1920,2569-1203
2579500,1212500,2022,42,2,1,1920,2579-1212
2710500,1112500,2023,42,1,1,1920,2710-1112
2759500,1263500,2025,42,2,1,1920,2759-1263
2679198.87987549,1261961.65025197,2022,30,2,4,1920,2679-1261
2569226,1196558,2025,48,1,0,1920,2569-1196
2660500,1270500,2025,30,5,1,1920,2660-1270
2678500,1261500,2023,48,2,0,1920,2678-1261
2678743.88625199,1261738.64812515,2024,48,1,0,1920,2678-1261
2686772,1272136,2022,30,1,2,1920,2686-1272
2678515.88908633,1261671.64722243,2023,48,2,0,1920,2678-1261
2537553,1180136,2023,30,20,1,1920,2537-1180
2670060,1242496,2024,48,1,0,1920,2670-1242
2670424,1242396,2024,48,2,0,1920,2670-1242
2610045.62313111,1229799.79847376,2022,30,1,2,1920,2610-1229
2670300.06850856,1242299.56432465,2024,48,1,0,1920,2670-1242
2537509.61018522,1180220.62191535,2025,48,3,0,1920,2537-1180
2537509.61018522,1180220.62191536,2022,48,3,0,1920,2537-1180
2670300.06850856,1242299.56432466,2021,48,2,0,1920,2670-1242
2579848,1212188,2022,48,4,0,1920,2579-1212
2579892,1212237,2022,48,1,0,1920,2579-1212
2672593,1232387,2021,30,2,4,1920,2672-1232
2678743.88625199,1261738.64812515,2022,30,2,1,1920,2678-1261
2670300.06850856,1242299.56432465,2025,30,1,2,1920,2670-1242
2537509.61018522,1180220.62191536,2022,54,4,0,1920,2537-1180
2672500,1232500,2021,30,1,2,1920,2672-1232
2757713,1220106,2021,36,1,2,1920,2757-1220
2672757,1229486,2025,36,2,8,1920,2672-1229
2672822,1229659,2025,36,1,8,1920,2672-1229
2725662,1220071,2021,36,1,2,1920,2725-1220
2634154,1243734,2025,36,1,2,1920,2634-1243
2579500,1212500,2024,36,2,4,1920,2579-1212
2709457,1113102,2022,42,4,2,1920,2709-1113
2617272,1170931,2022,42,1,1,1920,2617-1170
2617298,1170898,2024,42,2,1,1920,2617-1170
2623647,1232083,2023,42,1,2,1920,2623-1232
2672730.08039885,1229727.51875434,2022,42,2,1,1920,2672-1229
2537436,1180390,2022,48,2,0,1920,2537-1180
2537487,1180151,2025,48,1,0,1920,2537-1180
2537547,1180134,2022,48,3,0,1920,2537-1180
2579500,1212500,2022,48,4,0,1920,2579-1212
2579500,1212500,2022,48,1,0,1920,2579-1212
2617291,1170924,2022,48,1,0,1920,2617-1170
2679243,1261911,2024,48,1,0,1920,2679-1261
2670300.06850856,1242299.56432465,2023,48,1,0,1920,2670-1242
2670300.06850856,1242299.56432466,2021,48,2,0,1920,2670-1242
2569500,1203500,2025,54,1,0,1920,2569-1203
2490889,1112553,2022,18,2,0,1920,2490-1112
2706500,1230500,2022,18,1,0,1920,2706-1230
2569147.44266037,1196706.26540992,2022,18,2,0,1920,2569-1196
2706736,1270746,2022,18,1,0,1920,2706-1270
2681018,1272351,2022,18,1,0,1920,2681-1272
2618469.64807727,1127791.5244512,2021,18,1,0,1920,2618-1127
2660500,1270500,2025,18,3,0,1920,2660-1270
2706500,1230500,2021,18,1,0,1920,2706-1230
2660454,1269885,2025,18,2,0,1920,2660-1269
2501791,1118412,2021,18,1,0,1920,2501-1118
2670500,1242500,2025,18,3,0,1920,2670-1242
2710183,1112586,2021,18,2,0,1920,2710-1112
2709041,1113844,2024,18,1,0,1920,2709-1113
2670385,1242424,2022,18,1,0,1920,2670-1242
2670643,1242058,2025,18,2,0,1920,2670-1242
2710086,1112545,2023,18,2,0,1920,2710-1112
2672730.08039885,1229727.51875434,2021,18,2,0,1920,2672-1229
2670300.06850856,1242299.56432465,2025,18,4,0,1920,2670-1242
2670300.06850856,1242299.56432466,2022,18,2,0,1920,2670-1242
2670300.06850856,1242299.56432466,2021,18,3,0,1920,2670-1242
2668500,1256500,2022,18,3,0,1920,2668-1256
2627500,1234500,2022,18,4,0,1920,2627-1234
2750570,1263652,2022,18,2,0,1920,2750-1263
2559887.38949178,1138241.33549638,2022,18,2,0,1920,2559-1138
2559964.39202934,1138353.33392529,2021,24,1,0,1920,2559-1138
2559964.39202934,1138353.33392529,2022,24,1,0,1920,2559-1138
2559964.39202934,1138353.33392529,2021,24,1,0,1920,2559-1138
2702659.41195306,1281914.8508067,2022,24,3,0,1920,2702-1281
2681674,1272670,2025,24,2,6,1920,2681-1272
2660500,1269500,2025,24,1,0,1920,2660-1269
2569751,1203433,2025,12,1,0,1920,2569-1203
2709590,1113354,2022,18,2,0,1920,2709-1113
2670324,1240894,2023,18,1,0,1920,2670-1240
2670304,1240921,2025,18,2,0,1920,2670-1240
2709665,1112483,2023,18,3,0,1920,2709-1112
2760209,1202209,2022,18,2,0,1920,2760-1202
2603668,1197042,2021,24,2,0,1920,2603-1197
2627945.48909876,1237373.66892157,2022,18,1,0,1920,2627-1237
2729500,1275500,2021,24,1,0,1920,2729-1275
2501583.17199448,1118282.88992867,2023,18,1,0,1920,2501-1118
2490500,1112500,2022,24,1,0,1920,2490-1112
2660500,1270500,2025,24,4,0,1920,2660-1270
2537509.61018522,1180220.62191535,2024,24,4,0,1920,2537-1180
2537509.61018522,1180220.62191535,2024,24,4,0,1920,2537-1180
2537509.61018522,1180220.62191535,2024,24,5,0,1920,2537-1180
2670243,1242508,2025,24,1,0,1920,2670-1242
2537509.61018522,1180220.62191535,2024,24,4,0,1920,2537-1180
2670300.06850856,1242299.56432466,2021,24,4,0,1920,2670-1242
2615759,1174023,2023,18,1,0,1920,2615-1174
2670300.06850856,1242299.56432465,2024,24,4,0,1920,2670-1242
2670300.06850856,1242299.56432466,2021,24,2,0,1920,2670-1242
2750510,1263746,2025,18,2,0,1920,2750-1263
2569500,1203500,2022,18,2,0,1920,2569-1203
2559500,1138500,2024,18,1,0,1920,2559-1138
2709500,1112500,2022,24,1,0,1920,2709-1112
2710202,1112628,2025,24,2,0,1920,2710-1112
2709022,1113891,2024,24,1,0,1920,2709-1113
2718144,1138071,2021,18,2,0,1920,2718-1138
2610379,1226370,2022,18,2,0,1920,2610-1226
2660500,1270500,2025,18,2,0,1920,2660-1270
2490415,1112769,2022,24,1,0,1920,2490-1112
2537509.61018522,1180220.62191535,2024,18,2,0,1920,2537-1180
2537509.61018522,1180220.62191535,2023,18,7,0,1920,2537-1180
2660300.10620835,1261399.61997048,2025,24,2,0,1920,2660-1261
2670300.06850856,1242299.56432466,2022,18,6,0,1920,2670-1242
2627500,1268500,2021,24,2,0,1920,2627-1268
2705440,1112087,2021,18,13,0,1920,2705-1112
2610746,1226789,2022,18,3,0,1920,2610-1226
2620500,1265500,2022,18,2,0,1920,2620-1265
2610500,1227500,2025,18,1,0,1920,2610-1227
2620500,1265500,2022,18,2,0,1920,2620-1265
2560084,1137914,2021,18,2,0,1920,2560-1137
2703053,1281686,2022,24,1,0,1920,2703-1281
2678743.88625199,1261738.64812515,2021,24,1,0,1920,2678-1261
2709465,1112484,2021,24,1,0,1920,2709-1112
2670203,1242326,2025,30,2,18,1920,2670-1242
2709505,1112472,2021,24,2,0,1920,2709-1112
2729637,1275566,2021,24,1,0,1920,2729-1275
2627500,1268500,2025,24,2,0,1920,2627-1268
2630834,1238514,2024,30,1,18,1920,2630-1238
2569525,1203694,2021,24,2,0,1920,2569-1203
2707697.43489666,1278958.87957617,2022,24,2,0,1920,2707-1278
2490481.51409212,1112705.18624407,2025,24,1,0,1920,2490-1112
2620500,1265500,2021,24,1,0,1920,2620-1265
2710500,1112500,2025,30,2,1,1920,2710-1112
2620500,1265500,2021,30,1,2,1920,2620-1265
2670145,1242373,2022,24,1,0,1920,2670-1242
2670422,1242398,2025,24,4,0,1920,2670-1242
2560000,1138319,2022,24,1,0,1920,2560-1138
2660042,1270536,2025,24,2,0,1920,2660-1270
2659047,1220121,2025,24,2,6,1920,2659-1220
2560001,1138365,2021,24,1,0,1920,2560-1138
2560097,1137802,2021,24,1,18,1920,2560-1137
2560123,1137910,2022,24,1,0,1920,2560-1137
2678500,1267500,2021,36,3,8,1920,2678-1267
2679198.87987549,1261961.65025197,2023,12,1,0,1920,2679-1261
2680964,1272248,2025,36,4,13,1920,2680-1272
2568791,1176180,2025,24,2,0,1920,2568-1176
2718227,1138465,2025,24,1,0,1920,2718-1138
2750376,1263895,2021,24,1,0,1920,2750-1263
2718204,1137919,2025,24,2,2,1920,2718-1137
2610395,1226422,2022,24,2,18,1920,2610-1226
2718205,1137924,2025,24,2,5,1920,2718-1137
2718157,1138469,2025,24,2,0,1920,2718-1138
2718202,1138247,2022,24,2,6,1920,2718-1138
2718160,1138473,2025,24,2,0,1920,2718-1138
2615500,1174500,2023,18,6,0,1920,2615-1174
2710500,1112500,2021,18,4,0,1920,2710-1112
2660500,1270500,2021,24,2,0,1920,2660-1270
2670300.06850856,1242299.56432466,2021,24,7,0,1920,2670-1242
2707689,1279037,2023,18,5,0,1920,2707-1279
2707708,1279050,2023,18,3,0,1920,2707-1279
2689289,1272018,2022,36,2,1,1920,2689-1272
2689289,1272018,2022,36,2,1,1920,2689-1272
2537509.61018522,1180220.62191535,2024,24,1,0,1920,2537-1180
2687298,1272110,2021,36,3,2,1920,2687-1272
2689728,1272012,2022,36,1,2,1920,2689-1272
2755500,1227500,2024,24,3,0,1920,2755-1227
2630500,1239500,2022,18,1,0,1920,2630-1239
2490487,1111387,2024,36,1,2,1920,2490-1111
2755186,1227243,2021,36,2,2,1920,2755-1227
2660669,1269725,2022,18,1,0,1920,2660-1269
2710176,1112598,2023,18,3,0,1920,2710-1112
2572676,1175113,2024,24,2,18,1920,2572-1175
2709628,1113293,2022,42,7,1,1920,2709-1113
2679207,1261879,2025,42,3,1,1920,2679-1261
2679227,1261862,2025,42,3,1,1920,2679-1261
2679193,1261956,2025,42,3,1,1920,2679-1261
2537867,1180460,2021,18,6,0,1920,2537-1180
2678743.88625199,1261738.64812515,2025,30,1,1,1920,2678-1261
2537898,1180445,2021,18,5,0,1920,2537-1180
2679198.87987549,1261961.65025197,2025,42,2,1,1920,2679-1261
2571330,1107492,2023,18,1,0,1920,2571-1107
2709548,1112594,2021,18,3,0,1920,2709-1112
2678743.88625199,1261738.64812515,2022,42,2,1,1920,2678-1261
2670294,1242107,2023,30,2,1,1920,2670-1242
2615488,1174240,2021,30,2,18,1920,2615-1174
2672666,1232067,2022,18,1,0,1920,2672-1232
2707682,1279030,2023,42,1,1,1920,2707-1279
2707480,1279090,2025,42,1,1,1920,2707-1279
2707480,1279090,2025,42,1,1,1920,2707-1279
2580090.6502114,1212497.13430467,2022,42,4,2,1920,2580-1212
2672715,1229799,2021,42,2,2,1920,2672-1229
2490436,1112766,2022,18,1,0,1920,2490-1112
2706448,1230208,2024,42,1,1,1920,2706-1230
2537509.61018522,1180220.62191536,2021,48,4,0,1920,2537-1180
2537509.61018522,1180220.62191536,2021,48,3,0,1920,2537-1180
2705442,1112131,2021,18,6,0,1920,2705-1112
2699548,1272212,2023,18,2,0,1920,2699-1272
2705549,1112130,2021,18,6,0,1920,2705-1112
2706500,1230500,2024,48,2,0,1920,2706-1230
2672800.075557,1232199.52841523,2022,18,1,0,1920,2672-1232
2670300.06850856,1242299.56432466,2022,18,4,0,1920,2670-1242
2560105,1137907,2021,30,2,6,1920,2560-1137
2709459.10430758,1112619.57720119,2021,18,7,0,1920,2709-1112
2718208,1137942,2023,30,1,1,1920,2718-1137
2709486,1113184,2023,48,5,0,1920,2709-1113
2709388,1113159,2023,48,5,0,1920,2709-1113
2630650,1238187,2023,48,2,0,1920,2630-1238
2568788,1176226,2022,30,4,13,1920,2568-1176
2568787,1176159,2022,30,1,2,1920,2568-1176
2718500,1137500,2025,24,2,0,1920,2718-1137
2569724,1203048,2023,48,2,0,1920,2569-1203
2569641,1203207,2023,48,5,0,1920,2569-1203
2573990,1162694,2024,24,1,0,1920,2573-1162
2574074,1162721,2025,24,2,18,1920,2574-1162
2678500,1261500,2025,48,1,0,1920,2678-1261
2678451.8885035,1261824.64753559,2023,48,2,0,1920,2678-1261
2537509.61018522,1180220.62191535,2024,30,1,1,1920,2537-1180
2569500,1203500,2023,48,8,0,1920,2569-1203
2828338,1194377,2024,24,2,4,1920,2828-1194
2706457,1230332,2024,48,2,0,1920,2706-1230
2569745,1203429,2021,48,1,0,1920,2569-1203
2706500,1230500,2024,48,2,0,1920,2706-1230
2786473,1145425,2025,36,2,19,1920,2786-1145
2678500,1261500,2025,48,1,0,1920,2678-1261
2678500,1261500,2022,48,1,0,1920,2678-1261
2786581,1145442,2025,36,1,18,1920,2786-1145
2558500,1138500,2023,24,4,0,1920,2558-1138
2707723,1279061,2023,48,2,0,1920,2707-1279
2707697.43489667,1278958.87957616,2023,48,1,0,1920,2707-1278
2579826,1212304,2022,48,2,0,1920,2579-1212
2537509.61018522,1180220.62191536,2021,48,4,0,1920,2537-1180
2579927,1212299,2022,48,2,0,1920,2579-1212
2579798,1212174,2022,48,3,0,1920,2579-1212
2618670.65278626,1128170.52219958,2025,24,1,0,1920,2618-1128
2537509.61018522,1180220.62191536,2021,48,3,0,1920,2537-1180
2707697.43489667,1278958.87957616,2023,48,1,0,1920,2707-1278
2537509.61018522,1180220.62191536,2022,48,3,0,1920,2537-1180
2569644.55120499,1203073.27749822,2023,48,5,0,1920,2569-1203
2757491,1221279,2025,36,1,2,1920,2757-1221
2679198.87987549,1261961.65025197,2022,24,1,0,1920,2679-1261
2692672,1285659,2024,48,1,0,1920,2692-1285
2537558,1180099,2024,24,5,0,1920,2537-1180
2537455,1180243,2024,24,2,0,1920,2537-1180
2537420,1180115,2024,24,1,0,1920,2537-1180
2537469,1180224,2024,24,2,0,1920,2537-1180
2706749,1270713,2025,24,3,6,1920,2706-1270
2610362,1226425,2023,36,1,2,1920,2610-1226
2704255.10749324,1112543.54382637,2024,24,5,0,1920,2704-1112
2618670.65278626,1128170.52219958,2025,24,1,0,1920,2618-1128
2788918,1159078,2023,36,1,2,1920,2788-1159
2759819,1263369,2025,24,3,6,1920,2759-1263
2670242,1242385,2025,24,1,0,1920,2670-1242
2710158,1112666,2025,24,1,0,1920,2710-1112
2679198.87987549,1261961.65025197,2024,54,3,0,1920,2679-1261
2679198.87987549,1261961.65025197,2024,54,3,0,1920,2679-1261
2703064,1281641,2025,24,2,5,1920,2703-1281
2558816,1138506,2023,24,2,0,1920,2558-1138
2672691,1232060,2021,24,1,2,1920,2672-1232
2672647,1232447,2022,24,2,0,1920,2672-1232
2569749,1203430,2025,54,1,0,1920,2569-1203
2569178,1196444,2025,42,3,1,1920,2569-1196
2569204,1196527,2025,42,3,1,1920,2569-1196
2537542,1180108,2025,54,2,0,1920,2537-1180
2606296,1227849,2025,42,4,13,1920,2606-1227
2725826,1220123,2021,24,2,6,1920,2725-1220
2750404,1263799,2023,42,1,1,1920,2750-1263
2610319,1226325,2022,42,3,13,1920,2610-1226
2672800.075557,1232199.52841523,2021,24,2,0,1920,2672-1232
2672800.075557,1232199.52841523,2021,24,2,0,1920,2672-1232
2705454,1112080,2021,24,3,0,1920,2705-1112
2759500,1263500,2025,42,1,1,1920,2759-1263
2705171,1112048,2022,24,2,0,1920,2705-1112
2705179,1112040,2022,24,2,0,1920,2705-1112
2569500,1203500,2025,42,2,1,1920,2569-1203
2537500,1180500,2022,48,2,0,1920,2537-1180
2579888,1212285,2022,48,2,0,1920,2579-1212
2574103,1162766,2023,30,2,18,1920,2574-1162
2569500,1203500,2023,48,8,0,1920,2569-1203
2611500,1177500,2023,30,1,2,1920,2611-1177
2607181,1216584,2023,48,2,0,1920,2607-1216
2678743.88625199,1261738.64812515,2023,48,2,0,1920,2678-1261
2678515.88908633,1261671.64722243,2025,48,1,0,1920,2678-1261
2678515.88908633,1261671.64722243,2023,48,2,0,1920,2678-1261
2678743.88625199,1261738.64812515,2022,48,2,0,1920,2678-1261
2678479,1261711,2025,48,1,0,1920,2678-1261
2670265,1242491,2025,30,1,18,1920,2670-1242
2537509.61018522,1180220.62191535,2025,48,3,0,1920,2537-1180
2537509.61018522,1180220.62191536,2021,48,3,0,1920,2537-1180
2607184.51170395,1216551.78757314,2022,48,2,0,1920,2607-1216
2678743.88625199,1261738.64812515,2025,30,2,4,1920,2678-1261
2537509.61018522,1180220.62191536,2021,48,,0,1920,2537-1180
2537509.61018522,1180220.62191536,2021,48,2,0,1920,2537-1180
2705181,1112131,2022,30,1,2,1920,2705-1112
2679110,1261893,2022,30,2,1,1920,2679-1261
2751823,1262786,2021,30,2,3,1920,2751-1262
2670300.06850856,1242299.56432466,2022,30,2,1,1920,2670-1242
2755500,1227500,2024,54,1,0,1920,2755-1227
2708500,1229500,2025,54,2,0,1920,2708-1229
2660500,1270500,2024,30,1,1,1920,2660-1270
2725614,1220016,2025,36,2,4,1920,2725-1220
2757039,1216684,2025,36,2,4,1920,2757-1216
2689835,1271973,2021,36,1,2,1920,2689-1271
2617298,1170934,2023,36,1,2,1920,2617-1170
2672688,1232456,2021,36,1,1,1920,2672-1232
2757845,1235659,2021,42,1,1,1920,2757-1235
2619500,1230500,2025,42,2,13,1920,2619-1230
2670383,1242427,2024,42,1,2,1920,2670-1242
2569140,1196677,2025,42,2,2,1920,2569-1196
2709628.1002368,1113293.57333526,2022,42,3,1,1920,2709-1113
2579500,1212500,2023,42,1,1,1920,2579-1212
2679198.87987549,1261961.65025197,2025,42,3,1,1920,2679-1261
2679180,1261949,2025,42,3,1,1920,2679-1261
2490412,1112765,2023,12,1,0,1920,2490-1112
2707494,1279025,2023,48,1,0,1920,2707-1279
2537417,1180363,2022,48,2,0,1920,2537-1180
2537623,1180197,2021,48,4,0,1920,2537-1180
2537538,1180207,2025,48,4,0,1920,2537-1180
2537462,1180254,2022,48,1,0,1920,2537-1180
2537497,1180203,2025,48,2,0,1920,2537-1180
2537417,1180363,2022,48,2,0,1920,2537-1180
2537437,1180248,2021,48,,0,1920,2537-1180
2537515,1180235,2022,48,4,0,1920,2537-1180
2537471,1180222,2022,48,1,0,1920,2537-1180
2710500,1112500,2024,48,1,0,1920,2710-1112
2579500,1212500,2022,48,2,0,1920,2579-1212
2580090.6502114,1212497.13430467,2022,48,2,0,1920,2580-1212
2569660,1203135,2023,48,3,0,1920,2569-1203
2679116,1261921,2023,48,1,0,1920,2679-1261
2678515.88908633,1261671.64722243,2023,48,2,0,1920,2678-1261
2579500,1212500,2024,48,1,0,1920,2579-1212
2678832.88349803,1261967.64914997,2023,48,1,0,1920,2678-1261
2679239.88139303,1261726.64959763,2023,48,1,0,1920,2679-1261
2679239.88139303,1261726.64959763,2023,48,1,0,1920,2679-1261
2678743.88625199,1261738.64812515,2024,48,3,0,1920,2678-1261
2678743.88625199,1261738.64812515,2024,48,3,0,1920,2678-1261
2713500,1231500,2021,18,1,0,1920,2713-1231
2706500,1230500,2021,18,1,0,1920,2706-1230
2759500,1263500,2025,18,4,0,1920,2759-1263
2678451.8885035,1261824.64753559,2021,18,1,0,1920,2678-1261
2706420,1230285,2022,18,1,0,1920,2706-1230
2579885,1212264,2021,18,2,0,1920,2579-1212
2707623,1278946,2023,18,1,0,1920,2707-1278
2672780,1229604,2025,18,1,0,1920,2672-1229
2670327,1242300,2021,18,2,0,1920,2670-1242
2660500,1270500,2025,18,3,0,1920,2660-1270
2672730.08039885,1229727.51875434,2021,18,2,0,1920,2672-1229
2670300.06850856,1242299.56432465,2024,18,1,0,1920,2670-1242
2670300.06850856,1242299.56432466,2022,18,2,0,1920,2670-1242
2559964.39202934,1138353.33392529,2021,18,2,0,1920,2559-1138
2574071.88294442,1163497.09481235,2023,18,2,0,1920,2574-1163
2670300.06850856,1242299.56432466,2022,18,5,0,1920,2670-1242
2670300.06850856,1242299.56432465,2024,18,2,0,1920,2670-1242
2559500,1138500,2024,18,3,0,1920,2559-1138
2668922,1255868,2025,18,2,0,1920,2668-1255
2668948,1255753,2021,18,2,4,1920,2668-1255
2537687,1180262,2023,18,5,0,1920,2537-1180
2558500,1138500,2023,18,6,0,1920,2558-1138
2634422,1244026,2025,18,1,0,1920,2634-1244
2705334.11030412,1112037.55430739,2023,24,4,0,1920,2705-1112
2670300.06850856,1242299.56432466,2022,24,1,0,1920,2670-1242
2670300.06850856,1242299.56432466,2021,24,4,0,1920,2670-1242
2725500,1219500,2021,24,2,6,1920,2725-1219
2559996.39143369,1138313.33332478,2022,24,1,0,1920,2559-1138
2559964.39202934,1138353.33392529,2022,24,1,0,1920,2559-1138
2559996.39143369,1138313.33332478,2022,24,1,0,1920,2559-1138
2660500,1270500,2024,24,1,0,1920,2660-1270
2627500,1268500,2021,24,1,0,1920,2627-1268
2710500,1112500,2021,24,1,0,1920,2710-1112
2490410,1112775,2024,24,1,0,1920,2490-1112
2490367,1112779,2023,24,1,0,1920,2490-1112
2490418,1112761,2024,24,1,0,1920,2490-1112
2705186,1111877,2021,24,2,0,1920,2705-1111
2537509.61018522,1180220.62191535,2024,24,5,0,1920,2537-1180
2615416,1174305,2025,24,2,0,1920,2615-1174
2537509.61018522,1180220.62191535,2024,24,5,0,1920,2537-1180
2579842,1212219,2022,24,3,0,1920,2579-1212
2750444,1263811,2021,24,1,0,1920,2750-1263
2750464,1263773,2021,24,1,0,1920,2750-1263
2569147.44266037,1196706.26540992,2025,24,1,0,1920,2569-1196
2710165,1112625,2025,24,1,0,1920,2710-1112
2710185,1112633,2024,24,3,0,1920,2710-1112
2710188,1112648,2025,24,2,0,1920,2710-1112
2672682,1229954,2021,24,1,18,1920,2672-1229
2710198,1112604,2021,24,1,0,1920,2710-1112
2678500,1261500,2021,18,1,0,1920,2678-1261
2612708,1128463,2023,24,4,0,1920,2612-1128
2690432,1271816,2021,24,1,0,1920,2690-1271
2706500,1230500,2021,18,1,0,1920,2706-1230
2569363,1203300,2023,24,1,0,1920,2569-1203
2660099,1270566,2025,18,1,0,1920,2660-1270
2709500,1112500,2021,24,3,0,1920,2709-1112
2660500,1270500,2025,24,2,0,1920,2660-1270
2679273,1261795,2023,24,1,0,1920,2679-1261
2615504,1174321,2021,24,3,0,1920,2615-1174
2670500,1240500,2022,18,1,0,1920,2670-1240
2706500,1230500,2022,18,1,0,1920,2706-1230
2627945.48909876,1237373.66892157,2022,18,1,0,1920,2627-1237
2660380,1269884,2024,24,1,0,1920,2660-1269
2670113,1242503,2025,18,2,0,1920,2670-1242
2490419,1112762,2023,30,1,2,1920,2490-1112
2490418,1112762,2021,30,1,2,1920,2490-1112
2710207,1112657,2021,18,4,0,1920,2710-1112
2670206,1242437,2022,18,5,0,1920,2670-1242
2679221,1261889,2022,30,2,6,1920,2679-1261
2670300.06850856,1242299.56432466,2021,30,1,2,1920,2670-1242
2705199,1112083,2021,18,8,0,1920,2705-1112
2710500,1112500,2024,30,3,4,1920,2710-1112
2670300.06850856,1242299.56432466,2021,18,1,0,1920,2670-1242
2537509.61018522,1180220.62191535,2023,18,4,0,1920,2537-1180
2537509.61018522,1180220.62191535,2024,18,2,0,1920,2537-1180
2610336,1226338,2021,18,1,0,1920,2610-1226
2710500,1112500,2021,18,4,0,1920,2710-1112
2660500,1269500,2022,30,2,2,1920,2660-1269
2568500,1176500,2023,30,2,4,1920,2568-1176
2537500,1180500,2024,24,1,0,1920,2537-1180
2623546,1232078,2025,30,2,6,1920,2623-1232
2760059,1201746,2021,36,2,4,1920,2760-1201
2710172.10685414,1112044.58642646,2025,36,1,1,1920,2710-1112
2755224,1212390,2022,36,1,2,1920,2755-1212
2791259,1148880,2023,36,2,19,1920,2791-1148
2709513,1112588,2022,24,2,0,1920,2709-1112
2709628,1113293,2021,24,1,0,1920,2709-1113
2660500,1270500,2025,24,2,0,1920,2660-1270
2660500,1270500,2025,36,2,1,1920,2660-1270
2620500,1265500,2021,24,2,0,1920,2620-1265
2779684,1145971,2024,36,2,4,1920,2779-1145
2660500,1270500,2024,24,2,0,1920,2660-1270
2660500,1270500,2024,24,2,0,1920,2660-1270
2670500,1242500,2021,24,4,0,1920,2670-1242
2607184.51170395,1216551.78757314,2021,24,1,0,1920,2607-1216
2660500,1270500,2025,24,5,0,1920,2660-1270
2639915,1266549,2025,36,2,4,1920,2639-1266
2670300.06850856,1242299.56432465,2024,42,2,2,1920,2670-1242
2672730.08039885,1229727.51875434,2021,42,2,2,1920,2672-1229
2537509.61018522,1180220.62191535,2024,24,5,0,1920,2537-1180
2537509.61018522,1180220.62191535,2024,24,5,0,1920,2537-1180
2670300.06850856,1242299.56432466,2021,24,5,0,1920,2670-1242
2670300.06850856,1242299.56432465,2025,24,3,6,1920,2670-1242
2670300.06850856,1242299.56432466,2021,24,2,0,1920,2670-1242
2710066,1112620,2025,42,1,2,1920,2710-1112
2670357,1242164,2024,24,3,0,1920,2670-1242
2569500,1203500,2025,42,2,1,1920,2569-1203
2670558,1242200,2025,24,2,0,1920,2670-1242
2686911,1272136,2021,24,3,0,1920,2686-1272
2615484,1174292,2023,24,3,0,1920,2615-1174
2670189,1242426,2024,24,1,0,1920,2670-1242
2670200,1242324,2021,24,1,2,1920,2670-1242
2670412,1242365,2021,24,2,0,1920,2670-1242
2670272,1242307,2025,24,2,0,1920,2670-1242
2569775,1203421,2025,42,2,1,1920,2569-1203
2678500,1261500,2021,18,1,0,1920,2678-1261
2707644,1279009,2021,24,2,0,1920,2707-1279
2578755,1203694,2023,42,1,1,1920,2578-1203
2687006,1272849,2022,18,4,0,1920,2687-1272
2569147.44266037,1196706.26540992,2025,42,2,1,1920,2569-1196
2568785,1176165,2022,24,2,4,1920,2568-1176
2750428,1263726,2022,24,1,0,1920,2750-1263
2709600,1113334,2022,48,1,0,1920,2709-1113
2706633,1270635,2022,18,1,0,1920,2706-1270
2537509.61018522,1180220.62191536,2021,48,1,0,1920,2537-1180
2620500,1265500,2021,30,1,1,1920,2620-1265
2537809,1180426,2021,18,8,0,1920,2537-1180
2537858,1180476,2021,18,3,0,1920,2537-1180
2707698,1279066,2023,48,3,0,1920,2707-1279
2579967,1212197,2022,48,2,0,1920,2579-1212
2537509.61018522,1180220.62191536,2022,48,3,0,1920,2537-1180
2580090.6502114,1212497.13430467,2022,48,2,0,1920,2580-1212
2580090.6502114,1212497.13430467,2022,48,1,0,1920,2580-1212
2580090.6502114,1212497.13430467,2022,48,4,0,1920,2580-1212
2537509.61018522,1180220.62191536,2021,48,2,0,1920,2537-1180
2537509.61018522,1180220.62191535,2025,48,2,0,1920,2537-1180
2579924,1212225,2022,48,2,0,1920,2579-1212
2660500,1270500,2022,30,2,2,1920,2660-1270
2706500,1230500,2022,18,1,0,1920,2706-1230
2660500,1270500,2025,18,3,0,1920,2660-1270
2678743.88625199,1261738.64812515,2022,30,2,4,1920,2678-1261
2754454,1214737,2021,30,2,4,1920,2754-1214
2678483,1261737,2024,48,3,0,1920,2678-1261
2678743.88625199,1261738.64812515,2022,48,2,0,1920,2678-1261
2729739,1275498,2021,30,2,2,1920,2729-1275
2710500,1112500,2024,30,1,2,1920,2710-1112
2788864,1159100,2021,30,1,18,1920,2788-1159
2718172,1138070,2023,30,2,1,1920,2718-1138
2668500,1256500,2023,30,2,2,1920,2668-1256
2537509.61018522,1180220.62191535,2024,30,1,1,1920,2537-1180
2670300.06850856,1242299.56432466,2022,30,1,2,1920,2670-1242
2670300.06850856,1242299.56432465,2023,30,2,5,1920,2670-1242
2672510,1232557,2021,18,2,0,1920,2672-1232
2672767,1232060,2025,18,1,0,1920,2672-1232
2672618,1232446,2024,18,2,0,1920,2672-1232
2672615,1232454,2022,18,2,0,1920,2672-1232
2670433,1242385,2021,30,1,2,1920,2670-1242
2560101,1137877,2021,30,2,6,1920,2560-1137
2788500,1158500,2025,36,1,2,1920,2788-1158
2679240,1261849,2024,55,3,0,1920,2679-1261
2612747,1128432,2023,24,4,0,1920,2612-1128
2574111,1162793,2023,24,2,6,1920,2574-1162
2568767,1176215,2023,36,2,7,1920,2568-1176
2788926,1159131,2021,36,2,19,1920,2788-1159
2670298,1242316,2022,24,2,0,1920,2670-1242
2686960,1272143,2024,24,2,0,1920,2686-1272
2670181,1242425,2024,24,3,0,1920,2670-1242
2755974,1215760,2022,24,1,0,1920,2755-1215
2670223,1242549,2023,36,1,2,1920,2670-1242
2710066,1112620,2025,42,1,2,1920,2710-1112
2760500,1201500,2023,24,2,0,1920,2760-1201
2569500,1203500,2021,24,2,0,1920,2569-1203
2670315,1242180,2021,24,2,2,1920,2670-1242
2672735,1229876,2024,24,1,0,1920,2672-1229
2710172,1112612,2025,24,2,2,1920,2710-1112
2607175,1216567,2024,24,1,0,1920,2607-1216
2703052.41330683,1281686.85305131,2025,24,1,0,1920,2703-1281
2608500,1268500,2023,24,1,0,1920,2608-1268
2670500,1242500,2022,24,2,0,1920,2670-1242
2709500,1112500,2021,24,3,0,1920,2709-1112
2705470,1112101,2021,24,2,0,1920,2705-1112
2705232,1112018,2023,24,3,0,1920,2705-1112
2678743.88625199,1261738.64812515,2022,48,2,0,1920,2678-1261
2705296,1112008,2021,24,2,0,1920,2705-1112
2705452,1112025,2023,24,2,2,1920,2705-1112
2634154,1243788,2023,24,2,0,1920,2634-1243
2672592,1232437,2024,24,3,0,1920,2672-1232
2579875,1212344,2022,48,2,0,1920,2579-1212
2670300.06850856,1242299.56432465,2025,24,2,0,1920,2670-1242
2580090.6502114,1212497.13430467,2022,48,3,0,1920,2580-1212
2709500,1112500,2021,24,4,0,1920,2709-1112
2672800.075557,1232199.52841523,2021,24,2,0,1920,2672-1232
2672800.075557,1232199.52841523,2021,24,2,0,1920,2672-1232
2537509.61018522,1180220.62191535,2025,48,3,0,1920,2537-1180
2670300.06850856,1242299.56432465,2024,48,2,0,1920,2670-1242
2537509.61018522,1180220.62191536,2022,48,5,0,1920,2537-1180
2537509.61018522,1180220.62191535,2025,48,3,0,1920,2537-1180
2537509.61018522,1180220.62191536,2022,48,4,0,1920,2537-1180
2658904,1254686,2024,30,2,19,1920,2658-1254
2705488,1112206,2025,48,4,0,1920,2705-1112
2757883,1218692,2021,30,2,4,1920,2757-1218
2757673,1220011,2021,30,1,2,1920,2757-1220
2757726,1217658,2021,30,2,6,1920,2757-1217
2672500,1232500,2022,30,2,4,1920,2672-1232
2659035,1220293,2025,30,5,13,1920,2659-1220
2670104,1242512,2023,30,1,2,1920,2670-1242
2779667,1146032,2024,30,2,14,1920,2779-1146
2672864,1229551,2024,30,2,2,1920,2672-1229
2608500,1268500,2024,30,1,3,1920,2608-1268
2620500,1265500,2021,30,1,2,1920,2620-1265
2630607,1238456,2023,30,2,2,1920,2630-1238
2819908,1187451,2022,30,1,2,1920,2819-1187
2634076,1243812,2023,30,1,2,1920,2634-1243
2672667,1232377,2021,30,1,2,1920,2672-1232
2672553,1232402,2023,30,3,1,1920,2672-1232
2618670.65278626,1128170.52219958,2025,30,4,18,1920,2618-1128
2672800.075557,1232199.52841523,2021,30,1,2,1920,2672-1232
2569120,1196569,2025,36,1,2,1920,2569-1196
2659329,1252087,2021,36,2,6,1920,2659-1252
2579500,1212500,2022,36,2,18,1920,2579-1212
2569147.44266037,1196706.26540992,2021,18,1,0,1920,2569-1196
2569147.44266037,1196706.26540992,2022,18,5,0,1920,2569-1196
2617301,1170895,2023,36,2,2,1920,2617-1170
2819892,1187574,2023,36,3,13,1920,2819-1187
2615500,1174500,2023,18,2,0,1920,2615-1174
2706500,1230500,2022,18,1,0,1920,2706-1230
2569644.55120499,1203073.27749822,2023,42,4,1,1920,2569-1203
2559500,1138500,2021,18,1,0,1920,2559-1138
2569500,1203500,2024,18,1,0,1920,2569-1203
2670500,1242500,2022,42,1,2,1920,2670-1242
2788500,1159500,2022,42,1,2,1920,2788-1159
2620500,1233500,2024,18,4,0,1920,2620-1233
2710500,1112500,2021,18,1,0,1920,2710-1112
2489099,1112745,2024,42,1,2,1920,2489-1112
2706500,1230500,2021,18,1,0,1920,2706-1230
2603795,1196950,2021,18,1,0,1920,2603-1196
2559942,1138343,2023,18,1,0,1920,2559-1138
2617311,1170898,2023,42,2,2,1920,2617-1170
2654500,1271500,2021,18,2,0,1920,2654-1271
2670300.06850856,1242299.56432466,2021,18,1,0,1920,2670-1242
2490374,1112788,2025,18,3,0,1920,2490-1112
2490375,1112758,2023,18,1,0,1920,2490-1112
2490404,1112767,2025,18,2,0,1920,2490-1112
2490366,1112780,2022,18,1,0,1920,2490-1112
2703165,1281744,2025,18,2,0,1920,2703-1281
2537471,1180217,2022,48,2,0,1920,2537-1180
2537462,1180325,2025,48,1,0,1920,2537-1180
2537445,1180393,2021,48,3,0,1920,2537-1180
2537621,1180190,2022,48,2,0,1920,2537-1180
2537500,1180500,2021,48,3,0,1920,2537-1180
2537509.61018522,1180220.62191535,2024,18,3,0,1920,2537-1180
2710162,1112555,2025,18,2,0,1920,2710-1112
2707623,1278946,2023,18,4,5,1920,2707-1278
2559964.39202934,1138353.33392529,2021,18,1,0,1920,2559-1138
2706500,1230500,2024,48,2,0,1920,2706-1230
2709628.1002368,1113293.57333526,2022,18,3,0,1920,2709-1113
2709459.10430758,1112619.57720119,2023,48,2,0,1920,2709-1112
2710195,1112624,2025,18,1,2,1920,2710-1112
2710195,1112624,2025,18,1,2,1920,2710-1112
2705217,1111926,2021,24,5,0,1920,2705-1111
2709688,1113194,2022,24,1,0,1920,2709-1113
2709614,1113228,2021,24,5,0,1920,2709-1113
2579500,1212500,2022,55,1,0,1920,2579-1212
2709629,1113298,2022,24,1,0,1920,2709-1113
2709666,1113275,2022,24,3,0,1920,2709-1113
2709605,1113346,2022,24,1,0,1920,2709-1113
2610500,1226500,2021,24,1,0,1920,2610-1226
2679239.88139303,1261726.64959763,2023,24,2,4,1920,2679-1261
2569386,1203298,2024,24,1,0,1920,2569-1203
2569360,1203299,2023,24,1,0,1920,2569-1203
2668693,1255986,2022,24,2,12,1920,2668-1255
2569772,1203479,2024,24,2,0,1920,2569-1203
2501855,1118440,2021,24,1,1,1920,2501-1118
2679267,1261767,2023,24,1,0,1920,2679-1261
2679206,1261921,2024,55,3,0,1920,2679-1261
2558500,1138500,2023,24,1,0,1920,2558-1138
2608500,1268500,2023,24,1,0,1920,2608-1268
2710149,1112631,2025,24,2,0,1920,2710-1112
2710114,1112685,2023,24,1,0,1920,2710-1112
2670255,1242403,2023,24,2,0,1920,2670-1242
2490414,1112787,2024,24,1,0,1920,2490-1112
2490371,1112787,2022,24,1,0,1920,2490-1112
2670300.06850856,1242299.56432465,2024,24,3,0,1920,2670-1242
2670300.06850856,1242299.56432465,2023,24,2,0,1920,2670-1242
2670300.06850856,1242299.56432465,2024,24,2,0,1920,2670-1242
2672730.08039885,1229727.51875434,2021,24,1,18,1920,2672-1229
2670300.06850856,1242299.56432466,2022,24,1,0,1920,2670-1242
2670300.06850856,1242299.56432465,2024,24,2,0,1920,2670-1242
2670300.06850856,1242299.56432466,2021,24,2,0,1920,2670-1242
2670300.06850856,1242299.56432465,2023,24,1,0,1920,2670-1242
2672730.08039885,1229727.51875434,2021,24,1,0,1920,2672-1229
2710500,1112500,2023,24,2,18,1920,2710-1112
2660500,1270500,2024,24,2,0,1920,2660-1270
2670324,1242176,2024,18,1,0,1920,2670-1242
2608500,1268500,2023,24,1,0,1920,2608-1268
2709500,1113500,2022,24,2,0,1920,2709-1113
2704942.1110355,1111918.55267258,2022,24,2,0,1920,2704-1111
2559964.39202934,1138353.33392529,2022,24,1,0,1920,2559-1138
2559964.39202934,1138353.33392529,2021,24,1,0,1920,2559-1138
2537509.61018522,1180220.62191535,2024,18,4,0,1920,2537-1180
2707697.43489667,1278958.87957616,2023,18,1,0,1920,2707-1278
2706760,1270716,2025,30,1,1,1920,2706-1270
2706734,1270717,2022,30,2,6,1920,2706-1270
2662929,1273661,2025,30,1,2,1920,2662-1273
2755193,1227913,2022,30,1,2,1920,2755-1227
2797646,1142938,2021,30,1,8,1920,2797-1142
2569500,1203500,2021,18,2,0,1920,2569-1203
2689477,1272031,2023,30,2,4,1920,2689-1272
2699838,1272131,2022,30,1,2,1920,2699-1272
2488991,1113094,2024,18,2,0,1920,2488-1113
2537509.61018522,1180220.62191535,2023,18,4,0,1920,2537-1180
2568790,1176193,2022,18,2,5,1920,2568-1176
2569500,1203500,2022,18,4,0,1920,2569-1203
2607184.51170395,1216551.78757314,2022,18,1,0,1920,2607-1216
2630539,1238455,2023,30,3,16,1920,2630-1238
2710500,1112500,2025,30,1,2,1920,2710-1112
2662836,1273643,2025,30,2,12,1920,2662-1273
2670300.06850856,1242299.56432465,2023,30,3,1,1920,2670-1242
2622470,1234717,2024,18,2,0,1920,2622-1234
2607135,1216729,2021,18,2,0,1920,2607-1216
2654500,1271500,2023,30,2,4,1920,2654-1271
2669958,1242542,2024,30,2,13,1920,2669-1242
2692604,1285791,2022,30,1,8,1920,2692-1285
2710183,1112550,2025,30,2,1,1920,2710-1112
2788500,1158500,2021,30,4,1,1920,2788-1158
2678500,1267500,2022,30,6,4,1920,2678-1267
2760500,1201500,2023,24,1,0,1920,2760-1201
2709500,1113500,2022,24,1,0,1920,2709-1113
2678261,1268393,2025,36,4,13,1920,2678-1268
2758318,1237787,2021,36,1,2,1920,2758-1237
2820500,1187500,2021,24,2,0,1920,2820-1187
2569147.44266037,1196706.26540992,2024,36,1,13,1920,2569-1196
2615478,1174266,2021,24,2,0,1920,2615-1174
2672620,1229901,2023,36,1,8,1920,2672-1229
2670297,1242383,2023,36,1,2,1920,2670-1242
2670300.06850856,1242299.56432465,2023,36,3,1,1920,2670-1242
2750494,1263624,2022,36,1,1,1920,2750-1263
2570623,1175575,2024,24,1,0,1920,2570-1175
2709814,1113372,2023,42,4,2,1920,2709-1113
2709549,1113235,2021,24,5,0,1920,2709-1113
2678743.88625199,1261738.64812515,2025,42,2,1,1920,2678-1261
2702659.41195306,1281914.8508067,2022,42,1,1,1920,2702-1281
2709628.1002368,1113293.57333526,2022,42,8,1,1920,2709-1113
2569183,1196700,2025,24,1,0,1920,2569-1196
2660017,1270567,2025,24,3,0,1920,2660-1270
2712433,1271841,2022,42,3,13,1920,2712-1271
2569147.44266037,1196706.26540992,2024,42,1,1,1920,2569-1196
2760401,1202818,2021,24,5,0,1920,2760-1202
2708326,1229222,2025,42,5,1,1920,2708-1229
2579880,1212257,2022,42,1,1,1920,2579-1212
2615529,1174310,2024,42,3,13,1920,2615-1174
2560042,1138275,2021,24,1,0,1920,2560-1138
2560100,1137849,2022,24,1,18,1920,2560-1137
2718144,1138212,2023,24,1,0,1920,2718-1138
2718141,1138211,2023,24,1,0,1920,2718-1138
2568785,1176233,2022,24,2,18,1920,2568-1176
2789500,1159500,2021,42,5,13,1920,2789-1159
2706379,1230256,2025,42,1,2,1920,2706-1230
2755500,1227500,2025,24,2,0,1920,2755-1227
2569500,1203500,2023,24,1,0,1920,2569-1203
2709500,1112500,2022,24,3,0,1920,2709-1112
2537509.61018522,1180220.62191535,2024,24,9,0,1920,2537-1180
2670300.06850856,1242299.56432465,2024,24,1,0,1920,2670-1242
2537509.61018522,1180220.62191535,2023,24,4,0,1920,2537-1180
2670300.06850856,1242299.56432466,2021,24,4,0,1920,2670-1242
2670300.06850856,1242299.56432465,2023,24,1,0,1920,2670-1242
2537509.61018522,1180220.62191535,2024,24,9,0,1920,2537-1180
2537509.61018522,1180220.62191535,2024,24,1,0,1920,2537-1180
2705274,1112085,2023,24,2,0,1920,2705-1112
2706500,1230500,2022,18,1,0,1920,2706-1230
2679241,1261907,2023,49,2,0,1920,2679-1261
2537548,1180207,2024,18,3,0,1920,2537-1180
2670224,1242545,2023,18,1,0,1920,2670-1242
2670309,1242218,2024,18,3,0,1920,2670-1242
2537543,1180157,2023,18,4,0,1920,2537-1180
2537452,1180140,2024,18,3,0,1920,2537-1180
2660390,1269927,2021,49,1,0,1920,2660-1269
2708500,1229500,2023,49,2,0,1920,2708-1229
2687041,1272487,2023,18,1,0,1920,2687-1272
2750500,1263500,2022,24,3,0,1920,2750-1263
2678515.88908633,1261671.64722244,2022,49,2,0,1920,2678-1261
2708500,1229500,2025,49,3,0,1920,2708-1229
2672631,1229893,2021,18,1,0,1920,2672-1229
2670243,1242369,2021,18,1,0,1920,2670-1242
2670378,1242406,2024,18,2,0,1920,2670-1242
2580090.6502114,1212497.13430467,2024,30,1,2,1920,2580-1212
2629314,1238338,2024,18,1,0,1920,2629-1238
2488968,1113075,2024,18,2,6,1920,2488-1113
2670500,1242500,2023,18,1,0,1920,2670-1242
2670500,1240500,2023,18,1,0,1920,2670-1240
2537509.61018522,1180220.62191535,2025,49,1,0,1920,2537-1180
2580090.6502114,1212497.13430467,2022,49,1,0,1920,2580-1212
2579866,1212312,2022,49,3,0,1920,2579-1212
2537509.61018522,1180220.62191535,2025,49,3,0,1920,2537-1180
2610500,1229500,2022,30,1,2,1920,2610-1229
2670191,1242315,2024,30,3,13,1920,2670-1242
2630528,1238656,2024,18,2,0,1920,2630-1238
2758500,1236500,2024,30,6,2,1920,2758-1236
2670500,1242500,2021,18,1,0,1920,2670-1242
2655500,1272500,2025,18,2,0,1920,2655-1272
2537509.61018522,1180220.62191535,2025,55,1,0,1920,2537-1180
2672500,1232500,2022,18,2,0,1920,2672-1232
2569500,1203500,2024,18,2,0,1920,2569-1203
2659028,1254593,2022,30,2,4,1920,2659-1254
2608500,1268500,2023,18,2,0,1920,2608-1268
2660500,1270500,2022,30,1,2,1920,2660-1270
2660500,1270500,2022,30,1,2,1920,2660-1270
2670500,1240500,2023,18,1,0,1920,2670-1240
2699859,1272170,2024,18,2,0,1920,2699-1272
2709628.1002368,1113293.57333526,2022,18,2,0,1920,2709-1113
2670300.06850856,1242299.56432466,2022,18,1,0,1920,2670-1242
2654923,1271978,2023,30,1,2,1920,2654-1271
2670300.06850856,1242299.56432466,2021,18,1,0,1920,2670-1242
2610690,1226727,2021,30,2,8,1920,2610-1226
2610629,1226639,2021,30,1,2,1920,2610-1226
2709628.1002368,1113293.57333526,2022,18,3,0,1920,2709-1113
2659087,1220199,2025,30,5,13,1920,2659-1220
2704255.10749324,1112543.54382637,2024,18,3,0,1920,2704-1112
2659041,1220270,2025,30,5,13,1920,2659-1220
2558730.38781529,1138466.35807626,2025,18,5,0,1920,2558-1138
2634202,1243735,2025,18,1,0,1920,2634-1243
2672552,1232425,2024,18,2,0,1920,2672-1232
2672672,1232465,2024,18,4,0,1920,2672-1232
2670500,1242500,2021,18,1,0,1920,2670-1242
2610370,1226392,2024,30,2,6,1920,2610-1226
2610397,1226389,2021,30,3,18,1920,2610-1226
2718174,1138010,2025,30,2,4,1920,2718-1138
2568771,1176241,2022,30,3,13,1920,2568-1176
2568770,1176242,2022,30,2,13,1920,2568-1176
2660500,1270500,2021,24,2,0,1920,2660-1270
2569500,1203500,2024,24,2,0,1920,2569-1203
2537509.61018522,1180220.62191536,2021,55,2,0,1920,2537-1180
2537574,1180146,2025,55,1,0,1920,2537-1180
2537474,1180196,2024,24,,0,1920,2537-1180
2537418,1180182,2023,24,2,0,1920,2537-1180
2537461,1180242,2024,24,8,0,1920,2537-1180
2573897.86869191,1162640.09628771,2021,30,2,2,1920,2573-1162
2490481.51409212,1112705.18624407,2025,30,1,1,1920,2490-1112
2627945.48909876,1237373.66892157,2021,30,4,13,1920,2627-1237
2490481.51409212,1112705.18624407,2023,30,1,1,1920,2490-1112
2670140,1242375,2024,24,2,0,1920,2670-1242
2537473,1180095,2024,24,14,0,1920,2537-1180
2678743.88625199,1261738.64812515,2025,30,1,1,1920,2678-1261
2710500,1112500,2023,24,2,0,1920,2710-1112
2660500,1270500,2024,24,1,0,1920,2660-1270
2620500,1265500,2021,24,1,0,1920,2620-1265
2710500,1112500,2023,24,1,0,1920,2710-1112
2670300.06850856,1242299.56432465,2023,36,2,2,1920,2670-1242
2670300.06850856,1242299.56432466,2022,36,1,2,1920,2670-1242
2620500,1265500,2022,24,2,0,1920,2620-1265
2574113,1162777,2023,24,2,0,1920,2574-1162
2705200,1111970,2023,24,1,0,1920,2705-1111
2615500,1174500,2021,36,1,2,1920,2615-1174
2718186,1138467,2024,36,1,1,1920,2718-1138
2718194,1138468,2023,36,2,1,1920,2718-1138
2791500,1148500,2022,42,5,13,1920,2791-1148
2672572,1230037,2024,24,1,0,1920,2672-1230
2670419,1242394,2024,42,2,1,1920,2670-1242
2606290,1227875,2025,42,4,13,1920,2606-1227
2710179,1112622,2023,24,1,0,1920,2710-1112
2710037,1112603,2023,24,1,0,1920,2710-1112
2672622,1232439,2023,24,1,0,1920,2672-1232
2579878,1212202,2023,42,1,2,1920,2579-1212
2579855,1212256,2022,42,3,2,1920,2579-1212
2580613,1212832,2022,42,1,1,1920,2580-1212
2579914,1212299,2022,42,1,2,1920,2579-1212
2670300.06850856,1242299.56432465,2024,24,1,0,1920,2670-1242
2670300.06850856,1242299.56432465,2025,24,1,0,1920,2670-1242
2670300.06850856,1242299.56432465,2024,24,1,0,1920,2670-1242
2660500,1270500,2024,24,2,0,1920,2660-1270
2658500,1254500,2024,24,1,0,1920,2658-1254
2708500,1229500,2025,42,7,1,1920,2708-1229
2660500,1270500,2024,24,1,0,1920,2660-1270
2670300.06850856,1242299.56432466,2022,42,1,1,1920,2670-1242
2709822,1112633,2022,24,2,7,1920,2709-1112
2705267,1112166,2023,24,3,0,1920,2705-1112
2705300,1112109,2022,24,4,0,1920,2705-1112
2705301,1112072,2021,24,1,0,1920,2705-1112
2705148,1112143,2022,24,1,0,1920,2705-1112
2672800.075557,1232199.52841523,2021,24,1,0,1920,2672-1232
2672800.07555701,1232199.52841522,2023,24,1,0,1920,2672-1232
2678743.88625199,1261738.64812515,2022,24,3,0,1920,2678-1261
2709628.1002368,1113293.57333526,2021,24,,0,1920,2709-1113
2706500,1230500,2024,49,1,0,1920,2706-1230
2660500,1270500,2021,49,1,0,1920,2660-1270
2562376.17343556,1126143.30256385,2025,30,1,8,1920,2562-1126
2654500,1271500,2023,30,1,2,1920,2654-1271
2670500,1242500,2023,30,3,2,1920,2670-1242
2660500,1269500,2021,49,1,0,1920,2660-1269
2537422,1180143,2023,30,1,1,1920,2537-1180
2579500,1212500,2022,49,4,0,1920,2579-1212
2757638,1220277,2025,30,2,4,1920,2757-1220
2537493,1180199,2023,30,1,1,1920,2537-1180
2611500,1177500,2025,30,2,1,1920,2611-1177
2708500,1229500,2025,49,5,0,1920,2708-1229
2620500,1265500,2021,30,1,8,1920,2620-1265
2537509.61018522,1180220.62191536,2022,49,4,0,1920,2537-1180
2537509.61018522,1180220.62191535,2025,49,1,0,1920,2537-1180
2574124,1162722,2023,30,1,18,1920,2574-1162
2573925,1162778,2025,30,2,4,1920,2573-1162
2797582,1143600,2022,30,2,4,1920,2797-1143
2687300,1228176,2022,30,2,2,1920,2687-1228
2670375,1242432,2023,30,1,2,1920,2670-1242
2779646,1146019,2024,30,2,19,1920,2779-1146
2672642,1232453,2023,30,2,2,1920,2672-1232
2672648,1232445,2021,30,2,4,1920,2672-1232
2672594,1232384,2023,30,1,2,1920,2672-1232
2819917,1187552,2023,30,1,2,1920,2819-1187
2819939,1187604,2025,30,1,8,1920,2819-1187
2819901,1187273,2022,30,1,2,1920,2819-1187
2819996,1187646,2023,30,1,2,1920,2819-1187
2670500,1242500,2023,30,3,4,1920,2670-1242
2678743.88625199,1261738.64812515,2024,55,3,0,1920,2678-1261
2660500,1270500,2024,36,1,2,1920,2660-1270
2569644.55120499,1203073.27749823,2022,36,1,1,1920,2569-1203
2757106,1217579,2021,36,1,1,1920,2757-1217
2757695,1220023,2021,36,2,6,1920,2757-1220
2678743.88625199,1261738.64812515,2023,36,1,1,1920,2678-1261
2779671,1146028,2024,36,1,2,1920,2779-1146
2660500,1270500,2022,18,3,0,1920,2660-1270
2558500,1138500,2023,18,9,0,1920,2558-1138
2706500,1230500,2022,18,2,0,1920,2706-1230
2670500,1242500,2021,18,1,0,1920,2670-1242
2709628.1002368,1113293.57333526,2022,42,8,1,1920,2709-1113
2569147.44266037,1196706.26540992,2022,18,2,0,1920,2569-1196
2660500,1270500,2024,42,2,4,1920,2660-1270
2569147.44266037,1196706.26540992,2022,18,4,0,1920,2569-1196
2660500,1270500,2025,18,2,0,1920,2660-1270
2670500,1242500,2021,18,1,0,1920,2670-1242
2559996.39143369,1138313.33332478,2021,18,3,0,1920,2559-1138
2559996.39143369,1138313.33332478,2021,18,2,0,1920,2559-1138
2559964.39202934,1138353.33392528,2023,18,1,0,1920,2559-1138
2702659.41195306,1281914.8508067,2022,18,2,0,1920,2702-1281
2670500,1242500,2024,42,2,1,1920,2670-1242
2490408,1112769,2024,42,2,1,1920,2490-1112
2679238,1261903,2025,42,1,1,1920,2679-1261
2679207,1261912,2025,42,3,1,1920,2679-1261
2679207,1261891,2025,42,2,1,1920,2679-1261
2679201,1261902,2025,42,1,1,1920,2679-1261
2490481.51409212,1112705.18624407,2023,18,2,0,1920,2490-1112
2670300.06850856,1242299.56432465,2024,18,1,0,1920,2670-1242
2709540,1113148,2022,42,1,2,1920,2709-1113
2679198.87987549,1261961.65025197,2025,42,2,1,1920,2679-1261
2679198.87987549,1261961.65025197,2025,42,3,1,1920,2679-1261
2672723,1229704,2024,42,2,2,1920,2672-1229
2537509.61018522,1180220.62191535,2024,18,3,0,1920,2537-1180
2707584,1278980,2021,18,2,0,1920,2707-1278
2707697.43489667,1278958.87957616,2023,18,2,6,1920,2707-1278
2615500,1174500,2022,49,4,0,1920,2615-1174
2750572,1263717,2022,18,1,0,1920,2750-1263
2670379,1242326,2024,18,4,0,1920,2670-1242
2579878,1212132,2024,49,2,0,1920,2579-1212
2706785,1270758,2024,18,1,0,1920,2706-1270
2678743.88625199,1261738.64812515,2024,49,1,0,1920,2678-1261
2537548,1180223,2025,49,3,0,1920,2537-1180
2537408,1180300,2022,49,6,0,1920,2537-1180
2537502,1180281,2022,49,6,0,1920,2537-1180
2708500,1229500,2023,49,6,0,1920,2708-1229
2569500,1203500,2023,49,3,0,1920,2569-1203
2490419,1112760,2021,18,1,0,1920,2490-1112
2490332,1112527,2022,18,2,0,1920,2490-1112
2569500,1203500,2023,49,3,0,1920,2569-1203
2706444,1230245,2021,18,1,0,1920,2706-1230
2490366,1112779,2023,24,1,0,1920,2490-1112
2490409,1112761,2024,24,1,0,1920,2490-1112
2490373,1112781,2024,24,1,0,1920,2490-1112
2705674,1111822,2022,24,1,0,1920,2705-1111
2705198,1111936,2023,24,1,0,1920,2705-1111
2705452,1111947,2023,24,,0,1920,2705-1111
2569147.44266037,1196706.26540992,2025,24,1,0,1920,2569-1196
2620500,1265500,2022,24,1,0,1920,2620-1265
2660500,1270500,2024,24,1,0,1920,2660-1270
2569484,1203665,2023,55,1,0,1920,2569-1203
2569476,1203653,2023,55,1,0,1920,2569-1203
2704942.1110355,1111918.55267258,2021,24,1,0,1920,2704-1111
2559964.39202934,1138353.33392529,2021,24,1,0,1920,2559-1138
2702659.41195306,1281914.8508067,2022,24,4,0,1920,2702-1281
2704942.1110355,1111918.55267258,2021,24,1,0,1920,2704-1111
2672800.075557,1232199.52841523,2021,24,2,0,1920,2672-1232
2559964.39202934,1138353.33392529,2021,24,1,0,1920,2559-1138
2607184.51170395,1216551.78757314,2021,24,10,0,1920,2607-1216
2559964.39202934,1138353.33392529,2021,24,1,0,1920,2559-1138
2710189,1112591,2022,24,1,0,1920,2710-1112
2710228,1112630,2022,24,1,0,1920,2710-1112
2710179,1112603,2022,24,1,0,1920,2710-1112
2670300.06850856,1242299.56432466,2021,24,3,0,1920,2670-1242
2670300.06850856,1242299.56432465,2024,24,3,0,1920,2670-1242
2672730.08039885,1229727.51875434,2021,24,1,0,1920,2672-1229
2627500,1268500,2021,24,2,0,1920,2627-1268
2709500,1112500,2024,24,4,0,1920,2709-1112
2660500,1270500,2025,24,2,0,1920,2660-1270
2660500,1270500,2025,24,2,0,1920,2660-1270
2679198.87987549,1261961.65025197,2024,55,3,0,1920,2679-1261
2679198.87987549,1261961.65025197,2024,55,3,0,1920,2679-1261
2569443,1203657,2021,24,1,0,1920,2569-1203
2660500,1270500,2025,55,1,0,1920,2660-1270
2670500,1242500,2021,24,3,0,1920,2670-1242
2709726,1113303,2022,24,1,0,1920,2709-1113
2685950,1282830,2024,24,1,2,1920,2685-1282
2490336,1112353,2024,24,2,0,1920,2490-1112
2490405,1112772,2023,24,1,0,1920,2490-1112
2496804,1111341,2025,24,2,6,1920,2496-1111
2709597,1113337,2022,24,1,0,1920,2709-1113
2709685,1113312,2022,24,2,0,1920,2709-1113
2709604,1113329,2022,24,1,0,1920,2709-1113
2634183,1243747,2025,24,1,0,1920,2634-1243
2490372,1112733,2023,24,1,0,1920,2490-1112
2668806,1255938,2023,24,2,0,1920,2668-1255
2537421,1180200,2024,24,2,0,1920,2537-1180
2660397,1269911,2022,24,1,0,1920,2660-1269
2709500,1112500,2021,24,10,0,1920,2709-1112
2670384,1242362,2025,18,2,0,1920,2670-1242
2580325,1212380,2025,18,1,0,1920,2580-1212
2706461,1230349,2022,30,1,1,1920,2706-1230
2750509,1263608,2022,30,2,1,1920,2750-1263
2615500,1174500,2022,18,3,0,1920,2615-1174
2660500,1270500,2022,30,1,1,1920,2660-1270
2660500,1270500,2022,30,1,1,1920,2660-1270
2653500,1256500,2025,18,2,4,1920,2653-1256
2750500,1263500,2025,18,2,0,1920,2750-1263
2660500,1270500,2022,30,1,1,1920,2660-1270
2672730.08039885,1229727.51875433,2025,30,2,4,1920,2672-1229
2709594,1113337,2022,18,5,0,1920,2709-1113
2670300.06850856,1242299.56432466,2021,30,1,1,1920,2670-1242
2660040,1270554,2025,18,2,0,1920,2660-1270
2660070,1270523,2025,18,2,0,1920,2660-1270
2668832,1255919,2021,30,6,13,1920,2668-1255
2618867,1232064,2021,30,1,2,1920,2618-1232
2668768,1255976,2021,30,1,18,1920,2668-1255
2706482,1230344,2025,18,2,0,1920,2706-1230
2607181,1216524,2021,18,1,0,1920,2607-1216
2718161,1138141,2025,18,2,0,1920,2718-1138
2718160,1138259,2024,18,2,0,1920,2718-1138
2493625,1115178,2025,18,1,0,1920,2493-1115
2670300.06850856,1242299.56432466,2022,18,3,0,1920,2670-1242
2670300.06850856,1242299.56432466,2022,18,2,0,1920,2670-1242
2668500,1256500,2021,30,2,4,1920,2668-1256
2559500,1138500,2025,18,4,0,1920,2559-1138
2688884,1272076,2024,37,2,18,1920,2688-1272
2660500,1270500,2025,18,1,0,1920,2660-1270
2672730.08039885,1229727.51875434,2021,37,1,2,1920,2672-1229
2620500,1265500,2022,18,2,0,1920,2620-1265
2678579,1267881,2024,37,3,5,1920,2678-1267
2559953,1138324,2023,18,1,0,1920,2559-1138
2560011,1138344,2021,18,2,0,1920,2560-1138
2620500,1233500,2024,18,10,0,1920,2620-1233
2639600,1266313,2024,37,5,13,1920,2639-1266
2755245,1228558,2021,37,1,2,1920,2755-1228
2709522,1113182,2021,24,2,0,1920,2709-1113
2709600,1113338,2021,24,3,0,1920,2709-1113
2758983,1238329,2021,37,2,4,1920,2758-1238
2670383,1242426,2023,24,2,0,1920,2670-1242
2670221,1242548,2023,24,2,0,1920,2670-1242
2670301,1242380,2024,24,2,0,1920,2670-1242
2670193,1242407,2024,24,2,6,1920,2670-1242
2670419,1242230,2022,24,1,0,1920,2670-1242
2627945.48909876,1237373.66892157,2022,24,2,4,1920,2627-1237
2709500,1112500,2022,24,3,0,1920,2709-1112
2672730.08039885,1229727.51875434,2022,43,2,2,1920,2672-1229
2704942.1110355,1111918.55267258,2022,43,1,2,1920,2704-1111
2709607,1113192,2022,24,1,0,1920,2709-1113
2709510,1112545,2022,24,4,6,1920,2709-1112
2660500,1270500,2025,24,4,0,1920,2660-1270
2579934,1212218,2022,43,2,1,1920,2579-1212
2679198.87987549,1261961.65025197,2025,43,1,1,1920,2679-1261
2709733,1113337,2023,43,6,1,1920,2709-1113
2709596,1113320,2023,43,2,1,1920,2709-1113
2603566,1197023,2021,24,2,0,1920,2603-1197
2662922,1273675,2022,24,2,6,1920,2662-1273
2760149,1201955,2023,24,1,0,1920,2760-1201
2760583,1203827,2024,24,2,0,1920,2760-1203
2569699,1203082,2022,43,2,1,1920,2569-1203
2569644.55120499,1203073.27749823,2022,43,5,1,1920,2569-1203
2560107,1137805,2021,24,1,18,1920,2560-1137
2560103,1137778,2021,24,1,0,1920,2560-1137
2627500,1268500,2025,18,3,0,1920,2627-1268
2706500,1230500,2022,18,1,0,1920,2706-1230
2579911,1212296,2024,49,1,0,1920,2579-1212
2537509.61018522,1180220.62191535,2025,49,2,0,1920,2537-1180
2579970,1212198,2024,49,1,0,1920,2579-1212
2710500,1112500,2025,18,1,0,1920,2710-1112
2610386,1226389,2022,24,4,18,1920,2610-1226
2708500,1229500,2023,49,4,0,1920,2708-1229
2660500,1270500,2025,24,1,0,1920,2660-1270
2670300.06850856,1242299.56432465,2024,24,3,0,1920,2670-1242
2537509.61018522,1180220.62191535,2024,24,5,0,1920,2537-1180
2537509.61018522,1180220.62191535,2023,24,2,0,1920,2537-1180
2670300.06850856,1242299.56432466,2022,24,2,0,1920,2670-1242
2537509.61018522,1180220.62191535,2023,24,3,0,1920,2537-1180
2537509.61018522,1180220.62191535,2023,24,2,0,1920,2537-1180
2670300.06850856,1242299.56432465,2024,24,3,0,1920,2670-1242
2670300.06850856,1242299.56432465,2024,24,3,0,1920,2670-1242
2700000.59040254,1272100.79127783,2024,24,1,0,1920,2700-1272
2670300.06850856,1242299.56432465,2025,24,3,0,1920,2670-1242
2670300.06850856,1242299.56432465,2024,24,4,0,1920,2670-1242
2670300.06850856,1242299.56432466,2021,24,1,0,1920,2670-1242
2710500,1112500,2024,18,4,0,1920,2710-1112
2706476,1230338,2024,49,2,0,1920,2706-1230
2706443,1230271,2024,49,2,0,1920,2706-1230
2537425,1180200,2023,18,8,0,1920,2537-1180
2670116,1242529,2024,18,2,0,1920,2670-1242
2670074,1242524,2022,18,2,0,1920,2670-1242
2537819,1180565,2021,18,1,0,1920,2537-1180
2706795,1270693,2025,18,2,0,1920,2706-1270
2670242,1242355,2021,18,1,0,1920,2670-1242
2537440,1180192,2024,18,3,0,1920,2537-1180
2537468,1180242,2024,18,3,0,1920,2537-1180
2660500,1270500,2025,24,6,0,1920,2660-1270
2705207,1112020,2023,24,2,0,1920,2705-1112
2705179,1112006,2023,24,1,0,1920,2705-1112
2705281,1112155,2023,24,5,0,1920,2705-1112
2705381,1112248,2022,24,3,0,1920,2705-1112
2705400,1112129,2022,24,5,0,1920,2705-1112
2610668,1226677,2022,24,2,4,1920,2610-1226
2708500,1229500,2025,49,3,0,1920,2708-1229
2788500,1158500,2021,30,4,1,1920,2788-1158
2579500,1212500,2022,49,3,0,1920,2579-1212
2710500,1112500,2024,18,1,0,1920,2710-1112
2558500,1138500,2022,18,8,0,1920,2558-1138
2579500,1212500,2022,49,3,0,1920,2579-1212
2558999,1138668,2023,18,2,0,1920,2558-1138
2672600,1232394,2024,18,5,0,1920,2672-1232
2579846,1212260,2022,55,2,0,1920,2579-1212
2638801,1267241,2021,55,1,0,1920,2638-1267
2627945.48909876,1237373.66892157,2021,30,2,1,1920,2627-1237
2678743.88625199,1261738.64812515,2022,30,1,1,1920,2678-1261
2660500,1269500,2022,30,1,2,1920,2660-1269
2573944,1162670,2025,18,2,0,1920,2573-1162
2670221,1242581,2023,30,3,2,1920,2670-1242
2490421,1112524,2022,18,2,0,1920,2490-1112
2670404,1242178,2024,30,2,6,1920,2670-1242
2670319,1242362,2023,30,2,6,1920,2670-1242
2630509,1238361,2024,18,2,0,1920,2630-1238
2660500,1270500,2022,30,1,1,1920,2660-1270
2705196,1112051,2022,18,5,0,1920,2705-1112
2672642,1229915,2021,18,2,0,1920,2672-1229
2672800.075557,1232199.52841523,2021,18,4,0,1920,2672-1232
2709628.1002368,1113293.57333526,2022,18,2,0,1920,2709-1113
2670300.06850856,1242299.56432465,2024,18,2,0,1920,2670-1242
2819928,1187528,2024,18,1,0,1920,2819-1187
2630515,1238630,2024,18,2,0,1920,2630-1238
2622681,1234808,2021,30,4,13,1920,2622-1234
2569755,1203427,2021,24,2,0,1920,2569-1203
2568793,1176202,2022,30,3,5,1920,2568-1176
2568794,1176246,2024,30,1,2,1920,2568-1176
2718167,1137945,2023,30,1,2,1920,2718-1137
2610338,1226340,2023,30,2,18,1920,2610-1226
2493638,1115206,2025,30,1,1,1920,2493-1115
2709500,1112500,2021,24,10,0,1920,2709-1112
2718203,1137977,2023,30,1,18,1920,2718-1137
2569644.55120499,1203073.27749823,2021,24,1,0,1920,2569-1203
2490657.48462595,1111718.1879437,2022,30,5,19,1920,2490-1111
2679198.87987549,1261961.65025197,2022,24,3,0,1920,2679-1261
2709628.1002368,1113293.57333526,2022,24,1,0,1920,2709-1113
2709628.1002368,1113293.57333526,2021,24,1,0,1920,2709-1113
2612867.60813721,1128272.57324253,2024,24,2,0,1920,2612-1128
2709628.1002368,1113293.57333526,2021,24,1,0,1920,2709-1113
2675500,1268500,2024,37,2,1,1920,2675-1268
2618670.65278626,1128170.52219958,2025,24,3,0,1920,2618-1128
2709628.1002368,1113293.57333526,2022,24,1,0,1920,2709-1113
2658500,1254500,2023,24,1,0,1920,2658-1254
2489173,1112773,2023,24,2,0,1920,2489-1112
2709500,1112500,2022,24,2,0,1920,2709-1112
2709500,1113500,2021,24,5,0,1920,2709-1113
2660500,1270500,2025,24,2,0,1920,2660-1270
2615460,1174248,2023,37,6,13,1920,2615-1174
2658958,1254555,2023,24,1,0,1920,2658-1254
2537582,1180240,2023,24,2,0,1920,2537-1180
2670217,1242629,2024,24,1,0,1920,2670-1242
2757389,1216979,2022,24,1,0,1920,2757-1216
2670090,1242556,2023,24,2,0,1920,2670-1242
2659081,1220181,2024,37,4,13,1920,2659-1220
2537501,1180272,2024,24,2,0,1920,2537-1180
2537519,1180214,2024,24,1,0,1920,2537-1180
2537579,1180145,2024,24,1,0,1920,2537-1180
2603262,1196879,2021,24,1,2,1920,2603-1196
2634094,1243832,2022,24,1,0,1920,2634-1243
2672694,1232054,2021,24,2,0,1920,2672-1232
2761239,1244923,2024,24,1,0,1920,2761-1244
2678743.88625199,1261738.64812515,2025,43,1,2,1920,2678-1261
2659500,1254500,2023,24,2,0,1920,2659-1254
2820500,1187500,2021,24,3,6,1920,2820-1187
2606296,1227865,2025,43,4,13,1920,2606-1227
2709329,1112474,2022,24,2,0,1920,2709-1112
2571329,1107475,2023,24,2,0,1920,2571-1107
2569500,1203500,2022,43,7,1,1920,2569-1203
2788864,1159137,2021,43,5,19,1920,2788-1159
2788869,1159070,2021,43,3,1,1920,2788-1159
2705446,1112231,2023,24,4,0,1920,2705-1112
2705159,1112125,2023,24,4,0,1920,2705-1112
2705208,1112028,2022,24,1,0,1920,2705-1112
2705375,1112257,2023,24,10,0,1920,2705-1112
2705499,1112195,2023,24,6,0,1920,2705-1112
2705549,1112115,2023,24,5,0,1920,2705-1112
2705490,1112084,2022,24,1,0,1920,2705-1112
2705487,1112096,2023,24,4,0,1920,2705-1112
2705446,1112281,2023,24,3,0,1920,2705-1112
2710152,1112638,2025,24,2,4,1920,2710-1112
2670041,1242576,2021,24,4,0,1920,2670-1242
2779651,1146031,2024,30,2,18,1920,2779-1146
2660500,1270500,2022,30,1,2,1920,2660-1270
2569188,1196457,2025,49,1,0,1920,2569-1196
2706500,1230500,2024,49,2,0,1920,2706-1230
2617261,1170939,2024,30,1,1,1920,2617-1170
2754540,1214826,2023,49,1,0,1920,2754-1214
2708500,1229500,2025,49,4,0,1920,2708-1229
2708500,1229500,2025,49,1,0,1920,2708-1229
2579908,1212244,2022,49,4,0,1920,2579-1212
2579878,1212282,2024,49,1,0,1920,2579-1212
2759500,1263500,2024,49,3,0,1920,2759-1263
2706500,1230500,2024,49,2,0,1920,2706-1230
2537500,1180500,2025,49,2,0,1920,2537-1180
2658972,1254600,2024,30,3,13,1920,2658-1254
2660500,1270500,2024,30,1,2,1920,2660-1270
2537509.61018522,1180220.62191536,2022,49,10,0,1920,2537-1180
2537509.61018522,1180220.62191536,2022,49,7,0,1920,2537-1180
2679211,1261945,2021,30,2,4,1920,2679-1261
2751816,1262728,2021,30,2,3,1920,2751-1262
2737394,1258556,2025,30,1,2,1920,2737-1258
2627500,1268500,2024,49,1,0,1920,2627-1268
2672444,1232443,2021,30,1,2,1920,2672-1232
2490371,1112787,2021,37,3,13,1920,2490-1112
2537509.61018522,1180220.62191536,2022,55,,0,1920,2537-1180
2537509.61018522,1180220.62191536,2021,55,2,0,1920,2537-1180
2537509.61018522,1180220.62191536,2022,55,2,0,1920,2537-1180
2537509.61018522,1180220.62191536,2022,55,3,0,1920,2537-1180
2655500,1272500,2025,37,4,4,1920,2655-1272
2725898,1220088,2025,37,2,4,1920,2725-1220
2725595,1219993,2025,37,1,2,1920,2725-1219
2725703,1219993,2021,37,1,2,1920,2725-1219
2751818,1262832,2021,37,1,3,1920,2751-1262
2490369,1112796,2021,18,1,0,1920,2490-1112
2558879,1138561,2023,18,5,0,1920,2558-1138
2678500,1261500,2025,43,1,1,1920,2678-1261
2706432,1230248,2022,18,3,0,1920,2706-1230
2706410,1230284,2021,18,1,0,1920,2706-1230
2501840,1118372,2021,18,1,0,1920,2501-1118
2706450,1230308,2022,18,1,0,1920,2706-1230
2706462,1230353,2022,18,3,0,1920,2706-1230
2706500,1230500,2021,18,1,0,1920,2706-1230
2660500,1270500,2024,43,2,2,1920,2660-1270
2634500,1243500,2021,18,2,0,1920,2634-1243
2713743,1231135,2021,18,2,0,1920,2713-1231
2759876,1263032,2022,18,1,0,1920,2759-1263
2709599,1113343,2022,18,10,0,1920,2709-1113
2710212,1112545,2025,18,2,0,1920,2710-1112
2709597,1113331,2022,18,10,0,1920,2709-1113
2679239.88139303,1261726.64959763,2022,43,1,2,1920,2679-1261
2709537,1113254,2022,18,3,0,1920,2709-1113
2490365,1112747,2021,18,1,0,1920,2490-1112
2708513,1229135,2023,49,3,0,1920,2708-1229
2537613,1180178,2025,49,2,0,1920,2537-1180
2672651,1230013,2025,18,1,0,1920,2672-1230
2713500,1231500,2021,18,3,0,1920,2713-1231
2706500,1230500,2024,49,2,0,1920,2706-1230
2706500,1230500,2022,18,3,0,1920,2706-1230
2708500,1229500,2025,49,3,0,1920,2708-1229
2569147.44266037,1196706.26540992,2022,18,4,0,1920,2569-1196
2571379,1107336,2023,49,1,0,1920,2571-1107
2579963,1212190,2022,49,3,0,1920,2579-1212
2678743.88625199,1261738.64812515,2021,18,3,0,1920,2678-1261
2559964.39202934,1138353.33392529,2021,18,2,0,1920,2559-1138
2559964.39202934,1138353.33392529,2021,18,1,0,1920,2559-1138
2559964.39202934,1138353.33392529,2021,18,1,0,1920,2559-1138
2559964.39202934,1138353.33392529,2021,18,2,0,1920,2559-1138
2559996.39143369,1138313.33332478,2021,18,6,0,1920,2559-1138
2678743.88625199,1261738.64812515,2025,18,1,0,1920,2678-1261
2706500,1230500,2022,18,3,0,1920,2706-1230
2706500,1230500,2024,49,2,0,1920,2706-1230
2679174,1261762,2023,49,5,0,1920,2679-1261
2678515.88908633,1261671.64722244,2022,49,2,0,1920,2678-1261
2660500,1270500,2025,18,2,0,1920,2660-1270
2610500,1229500,2023,31,1,7,1920,2610-1229
2708500,1229500,2023,49,3,0,1920,2708-1229
2678743.88625199,1261738.64812515,2024,49,2,0,1920,2678-1261
2678451.8885035,1261824.64753559,2022,49,2,0,1920,2678-1261
2679198.87987549,1261961.65025197,2023,49,1,0,1920,2679-1261
2758500,1237500,2022,31,1,2,1920,2758-1237
2758664,1238061,2022,31,1,2,1920,2758-1238
2537485,1180248,2021,55,2,0,1920,2537-1180
2537531,1180293,2021,55,1,0,1920,2537-1180
2537494,1180223,2022,55,1,0,1920,2537-1180
2660036,1270558,2025,31,3,6,1920,2660-1270
2618889,1232124,2022,31,2,4,1920,2618-1232
2490438,1112717,2021,31,1,2,1920,2490-1112
2634202,1243740,2025,31,2,18,1920,2634-1243
2660500,1269500,2025,31,1,2,1920,2660-1269
2709605,1113338,2023,43,4,2,1920,2709-1113
2704942.1110355,1111918.55267258,2021,43,1,2,1920,2704-1111
2580090.6502114,1212497.13430467,2021,43,1,1,1920,2580-1212
2579866,1212287,2022,43,1,2,1920,2579-1212
2490406,1112778,2021,43,1,2,1920,2490-1112
2672665,1230054,2022,43,1,2,1920,2672-1230
2670300.06850856,1242299.56432466,2021,43,1,2,1920,2670-1242
2706500,1230500,2024,49,1,0,1920,2706-1230
2706500,1230500,2024,49,2,0,1920,2706-1230
2679256,1261860,2023,49,1,0,1920,2679-1261
2560001,1138315,2021,18,2,0,1920,2560-1138
2537509.61018522,1180220.62191535,2025,49,2,0,1920,2537-1180
2580090.6502114,1212497.13430467,2022,49,3,0,1920,2580-1212
2713500,1231500,2021,18,3,0,1920,2713-1231
2670522,1242107,2024,49,1,0,1920,2670-1242
2660500,1270500,2025,18,2,0,1920,2660-1270
2660500,1270500,2022,18,2,0,1920,2660-1270
2558500,1138500,2023,18,2,0,1920,2558-1138
2569500,1203500,2021,18,2,0,1920,2569-1203
2559027,1138659,2023,18,3,0,1920,2559-1138
2537635.70077399,1180360.26407287,2024,18,7,0,1920,2537-1180
2537509.61018522,1180220.62191535,2023,18,6,0,1920,2537-1180
2670300.06850856,1242299.56432465,2024,18,2,0,1920,2670-1242
2706500,1230500,2022,18,3,0,1920,2706-1230
2710140,1112574,2025,31,1,2,1920,2710-1112
2678743.88625199,1261738.64812515,2022,31,1,1,1920,2678-1261
2660500,1269500,2022,31,1,1,1920,2660-1269
2678500,1261500,2025,31,1,2,1920,2678-1261
2610659,1226707,2021,31,1,18,1920,2610-1226
2788500,1158500,2021,31,2,18,1920,2788-1158
2718207,1138401,2021,31,1,2,1920,2718-1138
2490750,1112180,2024,31,2,1,1920,2490-1112
2729730,1275485,2021,31,1,2,1920,2729-1275
2569129,1196717,2024,43,1,2,1920,2569-1196
2760378,1202623,2022,43,4,13,1920,2760-1202
2670424,1242291,2021,18,3,0,1920,2670-1242
2660035,1261547,2022,18,1,0,1920,2660-1261
2819878,1187490,2025,18,3,0,1920,2819-1187
2678743.88625199,1261738.64812515,2025,43,1,1,1920,2678-1261
2678743.88625199,1261738.64812515,2025,43,1,1,1920,2678-1261
2670300.06850856,1242299.56432466,2022,43,1,1,1920,2670-1242
2614500,1174500,2024,18,1,0,1920,2614-1174
2709628.1002368,1113293.57333526,2022,18,7,0,1920,2709-1113
2709628.1002368,1113293.57333526,2022,18,7,0,1920,2709-1113
2670300.06850856,1242299.56432466,2021,18,3,0,1920,2670-1242
2670300.06850856,1242299.56432465,2024,18,2,0,1920,2670-1242
2709628.1002368,1113293.57333526,2022,18,2,0,1920,2709-1113
2607152,1216591,2022,49,2,0,1920,2607-1216
2627500,1268500,2022,18,4,0,1920,2627-1268
2678515.88908633,1261671.64722243,2024,49,2,0,1920,2678-1261
2678515.88908633,1261671.64722244,2022,49,2,0,1920,2678-1261
2706500,1230500,2022,18,3,0,1920,2706-1230
2705361,1112065,2023,18,2,0,1920,2705-1112
2705335,1112029,2023,18,2,0,1920,2705-1112
2705323,1112272,2022,18,3,0,1920,2705-1112
2708500,1229500,2023,49,1,0,1920,2708-1229
2580090.6502114,1212497.13430467,2022,49,2,0,1920,2580-1212
2670278,1242331,2021,18,2,0,1920,2670-1242
2537606,1180271,2024,18,4,0,1920,2537-1180
2537486,1180129,2024,18,6,0,1920,2537-1180
2537599,1180170,2024,18,7,0,1920,2537-1180
2672800.075557,1232199.52841523,2021,18,2,0,1920,2672-1232
2537509.61018522,1180220.62191535,2025,49,2,0,1920,2537-1180
2537509.61018522,1180220.62191536,2022,49,2,0,1920,2537-1180
2537509.61018522,1180220.62191536,2022,49,3,0,1920,2537-1180
2751922,1262783,2021,18,6,0,1920,2751-1262
2615516,1174310,2022,31,1,2,1920,2615-1174
2760214,1240879,2021,31,1,2,1920,2760-1240
2672596,1229954,2024,31,1,2,1920,2672-1229
2758529,1237961,2022,31,1,2,1920,2758-1237
2630555,1238558,2023,31,1,2,1920,2630-1238
2729500,1275500,2021,31,1,1,1920,2729-1275
2678743.88625199,1261738.64812515,2025,31,2,1,1920,2678-1261
2610500,1226500,2023,31,1,2,1920,2610-1226
2706460,1270630,2021,31,2,4,1920,2706-1270
2713500,1231500,2022,43,1,2,1920,2713-1231
2580090.6502114,1212497.13430467,2022,43,2,13,1920,2580-1212
2617314,1170888,2023,43,4,2,1920,2617-1170
2709628.1002368,1113293.57333526,2023,43,6,2,1920,2709-1113
2709628.1002368,1113293.57333526,2023,43,3,1,1920,2709-1113
2579500,1212500,2022,49,3,0,1920,2579-1212
2537507,1180231,2022,49,1,0,1920,2537-1180
2537604,1180178,2025,49,1,0,1920,2537-1180
2537525,1180110,2022,49,3,0,1920,2537-1180
2537621,1180189,2025,49,1,0,1920,2537-1180
2537435,1180163,2025,49,2,0,1920,2537-1180
2670391,1242339,2024,49,1,0,1920,2670-1242
2537438,1180186,2025,49,2,0,1920,2537-1180
2537559,1180231,2025,49,2,0,1920,2537-1180
2537644,1180210,2022,49,2,0,1920,2537-1180
2706500,1230500,2024,49,2,0,1920,2706-1230
2579500,1212500,2024,49,1,0,1920,2579-1212
2579500,1212500,2022,49,4,0,1920,2579-1212
2579852,1212194,2024,49,2,0,1920,2579-1212
2579901,1212256,2022,49,3,0,1920,2579-1212
2706500,1230500,2024,49,2,0,1920,2706-1230
2679188,1261842,2023,49,1,0,1920,2679-1261
2678500,1261500,2024,49,2,0,1920,2678-1261
2580500,1212500,2022,49,4,0,1920,2580-1212
2678515.88908633,1261671.64722244,2022,49,1,0,1920,2678-1261
2678743.88625199,1261738.64812515,2023,49,1,0,1920,2678-1261
2678515.88908633,1261671.64722243,2024,49,2,0,1920,2678-1261
2678743.88625199,1261738.64812515,2023,49,2,0,1920,2678-1261
2712521,1113371,2024,19,4,0,1920,2712-1113
2710950,1114255,2024,19,2,0,1920,2710-1114
2710162,1112626,2023,19,3,0,1920,2710-1112
2710668,1114330,2024,19,18,0,1920,2710-1114
2710680,1114445,2024,19,10,0,1920,2710-1114
2710201,1112521,2023,19,3,0,1920,2710-1112
2537509.61018522,1180220.62191535,2023,19,5,0,1920,2537-1180
2537509.61018522,1180220.62191535,2024,19,3,0,1920,2537-1180
2670300.06850856,1242299.56432465,2024,19,2,0,1920,2670-1242
2670300.06850856,1242299.56432466,2021,19,5,0,1920,2670-1242
2706500,1230500,2022,19,2,0,1920,2706-1230
2710500,1114500,2024,19,15,0,1920,2710-1114
2614580,1174604,2024,19,4,0,1920,2614-1174
2569525.56262002,1203696.28167077,2021,19,1,0,1920,2569-1203
2537509.61018522,1180220.62191535,2024,19,9,0,1920,2537-1180
2704436,1112681,2024,19,3,0,1920,2704-1112
2704433,1112591,2024,19,8,0,1920,2704-1112
2704291,1112642,2024,19,5,0,1920,2704-1112
2569500,1203500,2021,19,1,0,1920,2569-1203
2558730.38781529,1138466.35807626,2025,19,1,0,1920,2558-1138
2617235.02392802,1170951.55638387,2023,19,2,0,1920,2617-1170
2760712,1201470,2024,19,7,0,1920,2760-1201
2615479,1174176,2023,25,2,2,1920,2615-1174
2610546,1227893,2023,25,2,18,1920,2610-1227
2610541,1227907,2021,25,2,18,1920,2610-1227
2760894,1202348,2023,25,6,1,1920,2760-1202
2537509.61018522,1180220.62191535,2024,25,2,2,1920,2537-1180
2614582,1174656,2022,25,2,2,1920,2614-1174
2658500,1254500,2023,25,2,6,1920,2658-1254
2672500,1232500,2022,25,1,1,1920,2672-1232
2670164,1242344,2024,25,2,19,1920,2670-1242
2670300,1242299,2024,25,1,2,1920,2670-1242
2573976,1162859,2025,25,2,4,1920,2573-1162
2660376,1270019,2025,25,2,1,1920,2660-1270
2710737,1114075,2024,25,2,2,1920,2710-1114
2710153,1112647,2024,25,3,1,1920,2710-1112
2710629,1114133,2024,25,2,1,1920,2710-1114
2670186,1242458,2024,25,1,2,1920,2670-1242
2615494,1174302,2021,25,2,4,1920,2615-1174
2537509.61018522,1180220.62191535,2023,25,4,1,1920,2537-1180
2670300.06850856,1242299.56432466,2021,25,3,2,1920,2670-1242
2537509.61018522,1180220.62191535,2023,25,4,1,1920,2537-1180
2670300.06850856,1242299.56432466,2021,25,1,2,1920,2670-1242
2537509.61018522,1180220.62191535,2023,25,5,1,1920,2537-1180
2687070,1272112,2025,25,3,2,1920,2687-1272
2620500,1265500,2022,25,1,2,1920,2620-1265
2660500,1270500,2025,25,2,2,1920,2660-1270
2705334.11030412,1112037.55430739,2023,25,7,1,1920,2705-1112
2705334.11030412,1112037.55430739,2023,25,5,1,1920,2705-1112
2705334.11030412,1112037.55430739,2023,25,3,2,1920,2705-1112
2705334.11030412,1112037.5543074,2021,25,3,2,1920,2705-1112
2700000.59040254,1272100.79127783,2024,25,10,5,1920,2700-1272
2700000.59040254,1272100.79127784,2022,25,6,18,1920,2700-1272
2706500,1230500,2025,25,1,2,1920,2706-1230
2687500,1272500,2024,25,2,4,1920,2687-1272
2683550,1256309,2023,25,1,2,1920,2683-1256
2687464,1272104,2025,25,2,4,1920,2687-1272
2750388,1263847,2022,25,1,2,1920,2750-1263
2615739,1174021,2023,25,4,6,1920,2615-1174
2620500,1265500,2025,25,1,2,1920,2620-1265
2660500,1270500,2024,25,2,2,1920,2660-1270
2660288,1269868,2025,25,1,1,1920,2660-1269
2660536,1269831,2025,25,2,2,1920,2660-1269
2712500,1113500,2023,25,1,1,1920,2712-1113
2750500,1263500,2025,25,2,5,1920,2750-1263
2710500,1112500,2023,25,2,18,1920,2710-1112
2704266,1112641,2024,25,3,1,1920,2704-1112
2704812,1112263,2023,25,8,1,1920,2704-1112
2705081,1111922,2021,25,2,1,1920,2705-1111
2704307,1112646,2023,25,2,1,1920,2704-1112
2559986,1138328,2024,25,1,2,1920,2559-1138
2704797,1112286,2023,25,6,1,1920,2704-1112
2617235.02392802,1170951.55638387,2023,25,1,1,1920,2617-1170
2705334.11030412,1112037.55430739,2023,25,3,2,1920,2705-1112
2705334.11030412,1112037.55430739,2023,25,12,2,1920,2705-1112
2705334.11030412,1112037.55430739,2023,25,12,2,1920,2705-1112
2705334.11030412,1112037.5543074,2021,25,2,2,1920,2705-1112
2705334.11030412,1112037.55430739,2023,25,1,2,1920,2705-1112
2558730.38781529,1138466.35807626,2021,25,1,2,1920,2558-1138
2705334.11030412,1112037.5543074,2021,25,2,2,1920,2705-1112
2705334.11030412,1112037.5543074,2021,25,2,2,1920,2705-1112
2620500,1265500,2021,25,1,2,1920,2620-1265
2712500,1113500,2023,25,1,1,1920,2712-1113
2670300.06850856,1242299.56432465,2023,31,3,1,1920,2670-1242
2654877,1271952,2023,31,1,2,1920,2654-1271
2710215,1112618,2022,31,2,4,1920,2710-1112
2729747,1275497,2021,31,1,2,1920,2729-1275
2670181,1242337,2023,31,2,2,1920,2670-1242
2670158,1242368,2024,31,4,13,1920,2670-1242
2670356,1242330,2023,31,1,1,1920,2670-1242
2678743.88625199,1261738.64812515,2025,31,2,7,1920,2678-1261
2788696,1158222,2025,31,1,2,1920,2788-1158
2579898,1212121,2024,31,3,1,1920,2579-1212
2579964,1212183,2024,31,2,1,1920,2579-1212
2755198,1212511,2023,37,2,4,1920,2755-1212
2579500,1212500,2022,37,1,2,1920,2579-1212
2757923,1219134,2022,37,1,8,1920,2757-1219
2680778,1271833,2025,37,15,1,1920,2680-1271
2490500,1112500,2022,37,1,2,1920,2490-1112
2569500,1203500,2025,37,1,1,1920,2569-1203
2788935,1158810,2022,37,1,2,1920,2788-1158
2788677,1158153,2022,37,1,2,1920,2788-1158
2788704,1158163,2022,37,1,2,1920,2788-1158
2788702,1158204,2022,37,1,2,1920,2788-1158
2569857.55231118,1203193.27414935,2023,43,3,0,1920,2569-1203
2569857.55231118,1203193.27414935,2023,43,3,0,1920,2569-1203
2713500,1231500,2021,49,1,0,1920,2713-1231
2537509.61018522,1180220.62191535,2025,49,1,0,1920,2537-1180
2579500,1212500,2022,49,1,0,1920,2579-1212
2713500,1231500,2024,49,1,0,1920,2713-1231
2579946,1212140,2022,49,2,0,1920,2579-1212
2755175,1212582,2022,49,1,0,1920,2755-1212
2678442,1261721,2024,49,1,0,1920,2678-1261
2579968,1212193,2022,49,2,0,1920,2579-1212
2537509.61018522,1180220.62191536,2022,49,2,0,1920,2537-1180
2537509.61018522,1180220.62191535,2025,49,4,0,1920,2537-1180
2708473,1229019,2025,49,1,0,1920,2708-1229
2708513,1229135,2023,49,1,0,1920,2708-1229
2579500,1212500,2024,49,1,0,1920,2579-1212
2708500,1229500,2023,49,1,0,1920,2708-1229
2706500,1230500,2024,49,1,0,1920,2706-1230
2678743.88625199,1261738.64812515,2023,49,1,0,1920,2678-1261
2678743.88625199,1261738.64812515,2023,49,1,0,1920,2678-1261
2537509.61018522,1180220.62191535,2025,55,1,0,1920,2537-1180
2579500,1212500,2022,55,2,0,1920,2579-1212
2618670.65278626,1128170.52219959,2022,19,1,0,1920,2618-1128
2569857.55231118,1203193.27414936,2021,19,1,0,1920,2569-1203
2700000.59040254,1272100.79127784,2021,19,2,0,1920,2700-1272
2627500,1268500,2021,19,1,0,1920,2627-1268
2757500,1220500,2022,19,2,0,1920,2757-1220
2610600,1227791,2022,19,2,4,1920,2610-1227
2704190,1112427,2024,19,2,0,1920,2704-1112
2704455,1112526,2024,19,4,0,1920,2704-1112
2683257,1256085,2024,19,2,0,1920,2683-1256
2579903,1212120,2021,19,2,0,1920,2579-1212
2709288,1112435,2021,19,1,0,1920,2709-1112
2704261,1112767,2024,19,3,0,1920,2704-1112
2558952,1138503,2022,19,4,0,1920,2558-1138
2558589,1138474,2023,19,7,0,1920,2558-1138
2702628,1281865,2022,19,3,0,1920,2702-1281
2709500,1112500,2021,19,3,6,1920,2709-1112
2660500,1270500,2025,19,2,0,1920,2660-1270
2537509.61018522,1180220.62191535,2023,19,12,0,1920,2537-1180
2707697.43489666,1278958.87957617,2021,19,2,0,1920,2707-1278
2537509.61018522,1180220.62191535,2024,19,9,0,1920,2537-1180
2537509.61018522,1180220.62191535,2024,19,8,0,1920,2537-1180
2710195,1112614,2021,19,3,0,1920,2710-1112
2710224,1112563,2023,19,3,0,1920,2710-1112
2710937,1114500,2024,19,3,0,1920,2710-1114
2710185,1112471,2023,19,1,0,1920,2710-1112
2615418,1174269,2023,19,2,0,1920,2615-1174
2670330,1242370,2024,19,1,0,1920,2670-1242
2670500,1242500,2023,19,2,0,1920,2670-1242
2678500,1267500,2021,19,2,0,1920,2678-1267
2713500,1231500,2021,19,5,0,1920,2713-1231
2670500,1240500,2022,25,1,2,1920,2670-1240
2660500,1270500,2021,25,2,1,1920,2660-1270
2610589,1227801,2021,25,1,2,1920,2610-1227
2705334.11030412,1112037.5543074,2022,25,1,1,1920,2705-1112
2678743.88625199,1261738.64812515,2022,25,1,2,1920,2678-1261
2670500,1242500,2022,25,3,2,1920,2670-1242
2627500,1268500,2021,25,2,2,1920,2627-1268
2710082,1112682,2025,25,1,2,1920,2710-1112
2709423,1112408,2021,25,12,1,1920,2709-1112
2705206,1111934,2021,25,1,1,1920,2705-1111
2709310,1112464,2021,25,15,1,1920,2709-1112
2709500,1112500,2021,25,17,1,1920,2709-1112
2789099,1159391,2024,25,2,1,1920,2789-1159
2706500,1230500,2022,25,1,1,1920,2706-1230
2670500,1240500,2022,25,1,2,1920,2670-1240
2670188,1242334,2023,25,3,2,1920,2670-1242
2712130,1113882,2021,25,1,1,1920,2712-1113
2710181,1112633,2021,25,1,2,1920,2710-1112
2710188,1112557,2021,25,3,1,1920,2710-1112
2710222,1112632,2023,25,2,18,1920,2710-1112
2670222,1242542,2024,25,1,2,1920,2670-1242
2670234,1242383,2025,25,1,2,1920,2670-1242
2615624,1174184,2021,25,2,2,1920,2615-1174
2615454,1174250,2023,25,3,2,1920,2615-1174
2615416,1174289,2021,25,2,4,1920,2615-1174
2710276,1112633,2023,25,2,6,1920,2710-1112
2710209,1112607,2021,25,1,2,1920,2710-1112
2670190,1242361,2024,25,2,2,1920,2670-1242
2537509.61018522,1180220.62191535,2023,25,3,1,1920,2537-1180
2670300.06850856,1242299.56432466,2021,25,1,2,1920,2670-1242
2537509.61018522,1180220.62191535,2023,25,3,1,1920,2537-1180
2537635.70077399,1180360.26407287,2023,25,3,1,1920,2537-1180
2670300.06850856,1242299.56432466,2022,25,1,2,1920,2670-1242
2537509.61018522,1180220.62191535,2024,25,2,1,1920,2537-1180
2820232,1187719,2025,25,2,6,1920,2820-1187
2537509.61018522,1180220.62191535,2024,25,2,1,1920,2537-1180
2537509.61018522,1180220.62191535,2023,25,3,1,1920,2537-1180
2758500,1236500,2024,25,6,4,1920,2758-1236
2537509.61018522,1180220.62191535,2024,25,1,1,1920,2537-1180
2537509.61018522,1180220.62191535,2023,25,3,1,1920,2537-1180
2758168,1236331,2021,25,2,4,1920,2758-1236
2757843,1235396,2021,25,1,2,1920,2757-1235
2705334.11030412,1112037.5543074,2021,25,1,1,1920,2705-1112
2705334.11030412,1112037.5543074,2021,25,1,1,1920,2705-1112
2680496,1272298,2024,25,2,6,1920,2680-1272
2680497,1272299,2024,25,2,6,1920,2680-1272
2709281,1112589,2022,31,2,5,1920,2709-1112
2678743.88625199,1261738.64812515,2022,31,1,2,1920,2678-1261
2615500,1174500,2023,31,1,2,1920,2615-1174
2759517,1238863,2025,31,1,8,1920,2759-1238
2634164,1243702,2024,31,1,2,1920,2634-1243
2634170,1243780,2024,31,1,2,1920,2634-1243
2687171,1272122,2022,31,3,13,1920,2687-1272
2615479,1174189,2021,31,5,19,1920,2615-1174
2670200,1242326,2025,31,4,13,1920,2670-1242
2670300.06850856,1242299.56432465,2023,31,4,5,1920,2670-1242
2670300.06850856,1242299.56432465,2023,31,2,2,1920,2670-1242
2655500,1272500,2025,37,7,4,1920,2655-1272
2610562,1227854,2022,37,3,18,1920,2610-1227
2610511,1227897,2023,37,1,18,1920,2610-1227
2678743.88625199,1261738.64812515,2023,37,3,1,1920,2678-1261
2820400.2152294,1187699.84569918,2022,37,4,13,1920,2820-1187
2708500,1229500,2021,43,,0,1920,2708-1229
2708424,1229005,2021,43,3,0,1920,2708-1229
2708481,1229132,2025,43,1,0,1920,2708-1229
2710500,1112500,2025,43,2,0,1920,2710-1112
2758202,1236936,2021,43,1,0,1920,2758-1236
2615486,1174327,2023,43,1,0,1920,2615-1174
2615674,1174057,2023,43,4,0,1920,2615-1174
2537509.61018522,1180220.62191536,2021,49,3,0,1920,2537-1180
2537509.61018522,1180220.62191535,2025,49,3,0,1920,2537-1180
2706500,1230500,2024,49,1,0,1920,2706-1230
2678743.88625199,1261738.64812515,2023,49,1,0,1920,2678-1261
2678743.88625199,1261738.64812515,2023,49,2,0,1920,2678-1261
2678743.88625199,1261738.64812515,2023,49,1,0,1920,2678-1261
2678743.88625199,1261738.64812515,2025,49,1,0,1920,2678-1261
2579902,1212116,2022,49,3,0,1920,2579-1212
2580248,1212348,2023,49,1,0,1920,2580-1212
2537509.61018522,1180220.62191535,2025,49,1,0,1920,2537-1180
2537509.61018522,1180220.62191536,2021,49,2,0,1920,2537-1180
2537509.61018522,1180220.62191536,2022,49,4,0,1920,2537-1180
2537509.61018522,1180220.62191536,2022,49,2,0,1920,2537-1180
2580090.6502114,1212497.13430467,2023,49,1,0,1920,2580-1212
2537509.61018522,1180220.62191536,2022,55,4,0,1920,2537-1180
2569525.56262002,1203696.28167077,2025,55,2,0,1920,2569-1203
2569207,1203397,2025,55,3,0,1920,2569-1203
2670300.06850856,1242299.56432466,2022,19,2,0,1920,2670-1242
2537509.61018522,1180220.62191535,2023,19,14,0,1920,2537-1180
2537509.61018522,1180220.62191535,2023,19,4,0,1920,2537-1180
2537509.61018522,1180220.62191535,2024,19,3,0,1920,2537-1180
2670300.06850856,1242299.56432466,2021,19,4,0,1920,2670-1242
2537509.61018522,1180220.62191535,2023,19,10,0,1920,2537-1180
2537509.61018522,1180220.62191535,2023,19,14,0,1920,2537-1180
2559098.38997532,1138480.35081722,2022,19,2,0,1920,2559-1138
2678743.88625199,1261738.64812515,2022,19,1,0,1920,2678-1261
2559830.38176537,1137852.33685615,2021,19,2,4,1920,2559-1137
2678451.8885035,1261824.64753559,2022,19,1,0,1920,2678-1261
2670500,1242500,2021,19,2,0,1920,2670-1242
2537509.61018522,1180220.62191535,2023,19,14,0,1920,2537-1180
2537509.61018522,1180220.62191535,2023,19,10,0,1920,2537-1180
2537509.61018522,1180220.62191535,2023,19,10,0,1920,2537-1180
2537509.61018522,1180220.62191535,2024,19,12,0,1920,2537-1180
2710165,1112625,2022,19,2,0,1920,2710-1112
2710315,1112616,2022,19,2,0,1920,2710-1112
2670565,1242060,2021,19,3,0,1920,2670-1242
2670106,1242529,2025,19,2,0,1920,2670-1242
2710188,1112558,2023,19,1,0,1920,2710-1112
2670386,1242429,2023,19,1,0,1920,2670-1242
2670380,1242423,2025,19,1,0,1920,2670-1242
2670365,1242320,2025,19,4,0,1920,2670-1242
2709604,1113344,2022,19,1,0,1920,2709-1113
2634180,1243733,2023,19,4,0,1920,2634-1243
2620365,1265248,2023,19,2,0,1920,2620-1265
2709459,1112619,2022,19,2,0,1920,2709-1112
2558730.38781529,1138466.35807626,2022,19,2,0,1920,2558-1138
2678500,1261500,2021,19,1,0,1920,2678-1261
2710044,1112664,2022,25,1,2,1920,2710-1112
2710178,1112589,2023,25,1,1,1920,2710-1112
2670150,1242442,2024,25,2,2,1920,2670-1242
2712186,1113081,2024,25,3,1,1920,2712-1113
2710099,1112653,2025,25,2,2,1920,2710-1112
2710174,1112595,2021,25,1,1,1920,2710-1112
2670467,1242290,2025,25,1,1,1920,2670-1242
2660318,1269706,2025,25,3,1,1920,2660-1269
2537509.61018522,1180220.62191535,2024,25,2,1,1920,2537-1180
2670300.06850856,1242299.56432466,2021,25,1,1,1920,2670-1242
2670300.06850856,1242299.56432465,2023,25,1,2,1920,2670-1242
2618955.65225348,1127835.52037681,2022,25,1,1,1920,2618-1127
2537509.61018522,1180220.62191535,2024,25,2,1,1920,2537-1180
2660500,1270500,2025,25,3,2,1920,2660-1270
2705334.11030412,1112037.5543074,2021,25,1,1,1920,2705-1112
2710500,1112500,2021,25,3,2,1920,2710-1112
2660500,1269500,2025,25,2,1,1920,2660-1269
2670500,1240500,2021,25,3,2,1920,2670-1240
2660500,1270500,2021,25,2,2,1920,2660-1270
2537509.61018522,1180220.62191535,2024,25,2,1,1920,2537-1180
2537509.61018522,1180220.62191535,2024,25,4,1,1920,2537-1180
2709690,1112502,2021,25,4,1,1920,2709-1112
2709326,1112505,2022,25,5,2,1920,2709-1112
2709334,1112593,2022,25,3,2,1920,2709-1112
2709594,1112509,2022,25,3,2,1920,2709-1112
2615500,1174500,2024,25,2,4,1920,2615-1174
2670500,1240500,2021,25,3,2,1920,2670-1240
2789204,1159502,2025,25,1,1,1920,2789-1159
2708102,1229006,2023,25,1,1,1920,2708-1229
2708397,1229233,2023,25,1,1,1920,2708-1229
2708552,1229100,2021,25,2,1,1920,2708-1229
2610214,1229188,2023,31,1,3,1920,2610-1229
2610559,1227859,2022,31,5,13,1920,2610-1227
2610545,1227889,2023,31,1,18,1920,2610-1227
2610533,1227843,2021,31,1,7,1920,2610-1227
2574261,1162565,2021,31,2,4,1920,2574-1162
2670180,1242355,2025,31,1,2,1920,2670-1242
2615489,1174326,2021,31,1,2,1920,2615-1174
2670300.06850856,1242299.56432466,2021,31,1,1,1920,2670-1242
2660500,1270500,2025,31,1,1,1920,2660-1270
2788654,1158143,2021,31,1,18,1920,2788-1158
2660354,1269915,2022,31,1,1,1920,2660-1269
2579813,1212196,2021,43,1,0,1920,2579-1212
2579500,1212500,2021,43,1,0,1920,2579-1212
2670500,1242500,2021,43,1,0,1920,2670-1242
2683500,1255580,2025,43,6,0,1920,2683-1255
2683500,1255580,2025,43,6,0,1920,2683-1255
2615500,1174500,2023,43,2,0,1920,2615-1174
2706500,1230500,2024,50,1,0,1920,2706-1230
2537509.61018522,1180220.62191536,2021,50,1,0,1920,2537-1180
2537509.61018522,1180220.62191535,2025,50,2,0,1920,2537-1180
2537509.61018522,1180220.62191535,2025,50,4,0,1920,2537-1180
2569413,1203648,2025,50,1,0,1920,2569-1203
2569525.56262002,1203696.28167077,2025,50,1,0,1920,2569-1203
2537509.61018522,1180220.62191536,2022,50,5,0,1920,2537-1180
2537509.61018522,1180220.62191536,2022,50,4,0,1920,2537-1180
2537509.61018522,1180220.62191536,2022,50,1,0,1920,2537-1180
2579914,1212257,2023,50,1,0,1920,2579-1212
2569647,1203753,2021,50,1,0,1920,2569-1203
2537509.61018522,1180220.62191536,2022,50,6,0,1920,2537-1180
2569468,1203677,2025,50,1,0,1920,2569-1203
2670147,1242442,2021,50,2,0,1920,2670-1242
2670380,1242425,2024,50,1,0,1920,2670-1242
2579966,1212190,2022,50,4,0,1920,2579-1212
2678315,1261757,2024,50,1,0,1920,2678-1261
2579979,1212196,2024,50,1,0,1920,2579-1212
2537509.61018522,1180220.62191536,2021,50,2,0,1920,2537-1180
2537509.61018522,1180220.62191536,2022,50,,0,1920,2537-1180
2537509.61018522,1180220.62191535,2025,50,1,0,1920,2537-1180
2537509.61018522,1180220.62191535,2025,50,4,0,1920,2537-1180
2678743.88625199,1261738.64812515,2024,50,1,0,1920,2678-1261
2537509.61018522,1180220.62191536,2022,56,1,0,1920,2537-1180
2678401,1261713,2021,19,1,0,1920,2678-1261
2660500,1270500,2025,19,1,0,1920,2660-1270
2760488,1202999,2021,19,2,0,1920,2760-1202
2706500,1230500,2022,19,2,0,1920,2706-1230
2706500,1230500,2022,19,2,0,1920,2706-1230
2660362,1270057,2022,19,1,0,1920,2660-1270
2660500,1270500,2025,19,1,0,1920,2660-1270
2670500,1242500,2024,19,2,0,1920,2670-1242
2750420,1263735,2023,19,2,0,1920,2750-1263
2670279,1242219,2022,19,4,0,1920,2670-1242
2660386,1269870,2022,19,1,0,1920,2660-1269
2670333,1242352,2021,19,2,0,1920,2670-1242
2710165,1112629,2021,19,1,0,1920,2710-1112
2670600,1242033,2021,19,6,0,1920,2670-1242
2670320,1242362,2022,19,3,0,1920,2670-1242
2670500,1242500,2024,19,2,0,1920,2670-1242
2718500,1137500,2022,19,2,0,1920,2718-1137
2670300.06850856,1242299.56432465,2024,19,2,0,1920,2670-1242
2670300.06850856,1242299.56432465,2025,19,4,0,1920,2670-1242
2537509.61018522,1180220.62191535,2023,19,18,0,1920,2537-1180
2537509.61018522,1180220.62191535,2023,19,6,0,1920,2537-1180
2670300.06850856,1242299.56432466,2021,19,3,0,1920,2670-1242
2569500,1203500,2025,19,4,0,1920,2569-1203
2617235.02392802,1170951.55638388,2022,19,2,0,1920,2617-1170
2537509.61018522,1180220.62191535,2024,19,4,0,1920,2537-1180
2707697.43489666,1278958.87957617,2021,19,2,0,1920,2707-1278
2537509.61018522,1180220.62191535,2024,19,2,0,1920,2537-1180
2700000.59040254,1272100.79127783,2023,25,2,4,1920,2700-1272
2618670.65278626,1128170.52219958,2025,25,1,2,1920,2618-1128
2678743.88625199,1261738.64812515,2023,25,2,1,1920,2678-1261
2610562,1227856,2022,25,2,18,1920,2610-1227
2610536,1227922,2021,25,2,18,1920,2610-1227
2662917,1273679,2025,25,1,2,1920,2662-1273
2618285,1128094,2025,25,2,4,1920,2618-1128
2710078,1112677,2021,25,2,2,1920,2710-1112
2612312,1128961,2021,25,1,3,1920,2612-1128
2688794,1272129,2025,25,2,4,1920,2688-1272
2687457,1272092,2025,25,3,4,1920,2687-1272
2687192,1272127,2025,25,3,6,1920,2687-1272
2660386,1269971,2025,25,2,1,1920,2660-1269
2660420,1269903,2024,25,1,1,1920,2660-1269
2660170,1270240,2024,25,2,1,1920,2660-1270
2660222,1269901,2024,25,2,1,1920,2660-1269
2660212,1270296,2024,25,2,2,1920,2660-1270
2660500,1270500,2024,25,1,1,1920,2660-1270
2653500,1256500,2022,25,2,4,1920,2653-1256
2537509.61018522,1180220.62191535,2024,25,2,4,1920,2537-1180
2579885,1212202,2024,25,2,2,1920,2579-1212
2569525.56262002,1203696.28167077,2022,25,1,2,1920,2569-1203
2537509.61018522,1180220.62191535,2024,25,1,1,1920,2537-1180
2670300.06850856,1242299.56432465,2025,25,1,2,1920,2670-1242
2670300.06850856,1242299.56432465,2024,25,3,6,1920,2670-1242
2537509.61018522,1180220.62191535,2024,25,1,1,1920,2537-1180
2700000.59040254,1272100.79127783,2023,25,2,6,1920,2700-1272
2537509.61018522,1180220.62191535,2023,25,1,1,1920,2537-1180
2709628.1002368,1113293.57333526,2022,25,1,1,1920,2709-1113
2706500,1270500,2023,25,1,2,1920,2706-1270
2670042,1242541,2023,25,2,2,1920,2670-1242
2710188,1112651,2021,25,2,2,1920,2710-1112
2710191,1112560,2021,25,1,1,1920,2710-1112
2710241,1112016,2021,25,3,1,1920,2710-1112
2710203,1112554,2021,25,1,2,1920,2710-1112
2710178,1112643,2024,25,2,4,1920,2710-1112
2670186,1242363,2024,25,1,2,1920,2670-1242
2615456,1174302,2023,25,2,4,1920,2615-1174
2660500,1270500,2024,25,1,1,1920,2660-1270
2705334.11030412,1112037.5543074,2022,25,4,6,1920,2705-1112
2610547,1227848,2023,31,3,18,1920,2610-1227
2579881,1212097,2024,31,2,2,1920,2579-1212
2709647,1112523,2022,31,1,2,1920,2709-1112
2709675,1112524,2022,31,2,6,1920,2709-1112
2634213,1243811,2024,31,2,4,1920,2634-1243
2758217,1236882,2021,31,4,3,1920,2758-1236
2670187,1242329,2025,31,3,13,1920,2670-1242
2758047,1236221,2021,31,2,4,1920,2758-1236
2758047,1236220,2021,31,2,4,1920,2758-1236
2670406,1242163,2023,31,3,2,1920,2670-1242
2756074,1230947,2021,31,2,19,1920,2756-1230
2755560,1229812,2021,31,1,2,1920,2755-1229
2670203,1242375,2024,31,3,13,1920,2670-1242
2758241,1237404,2021,31,2,4,1920,2758-1237
2678262,1267503,2023,31,2,6,1920,2678-1267
2678494,1267509,2023,31,3,13,1920,2678-1267
2757629,1234861,2021,31,2,4,1920,2757-1234
2678388,1267269,2023,31,1,2,1920,2678-1267
2729749,1275471,2021,31,3,2,1920,2729-1275
2678081,1267547,2023,31,,3,1920,2678-1267
2670300.06850856,1242299.56432465,2023,31,5,2,1920,2670-1242
2670300.06850856,1242299.56432465,2023,31,2,1,1920,2670-1242
2610946,1128128,2022,31,1,2,1920,2610-1128
2610880,1128085,2022,31,1,2,1920,2610-1128
2614584,1174649,2025,31,1,2,1920,2614-1174
2709956,1112651,2023,37,4,2,1920,2709-1112
2569692,1203095,2023,37,4,1,1920,2569-1203
2660500,1270500,2024,37,14,1,1920,2660-1270
2678743.88625199,1261738.64812515,2023,37,1,1,1920,2678-1261
2569500,1196500,2024,37,4,2,1920,2569-1196
2788698,1158220,2025,37,1,13,1920,2788-1158
2660500,1269500,2022,37,3,1,1920,2660-1269
2678453,1261728,2024,44,1,0,1920,2678-1261
2569698,1203047,2023,44,1,0,1920,2569-1203
2708105,1229005,2021,44,2,0,1920,2708-1229
2708327,1229104,2021,44,2,0,1920,2708-1229
2678451.8885035,1261824.64753559,2024,44,1,0,1920,2678-1261
2537509.61018522,1180220.62191536,2022,44,1,0,1920,2537-1180
2537509.61018522,1180220.62191536,2022,50,3,0,1920,2537-1180
2537509.61018522,1180220.62191536,2022,50,6,0,1920,2537-1180
2537509.61018522,1180220.62191536,2021,50,2,0,1920,2537-1180
2537509.61018522,1180220.62191535,2025,50,1,0,1920,2537-1180
2537509.61018522,1180220.62191536,2022,50,6,0,1920,2537-1180
2537509.61018522,1180220.62191536,2022,50,2,0,1920,2537-1180
2706500,1230500,2024,50,2,0,1920,2706-1230
2579973,1212189,2022,50,2,0,1920,2579-1212
2678496,1261640,2024,50,1,0,1920,2678-1261
2580023,1212142,2021,50,1,0,1920,2580-1212
2820221,1187579,2022,50,3,0,1920,2820-1187
2537509.61018522,1180220.62191536,2022,50,6,0,1920,2537-1180
2537509.61018522,1180220.62191536,2021,50,4,0,1920,2537-1180
2537509.61018522,1180220.62191536,2021,50,2,0,1920,2537-1180
2537509.61018522,1180220.62191536,2021,50,1,0,1920,2537-1180
2537509.61018522,1180220.62191536,2022,56,6,0,1920,2537-1180
2537509.61018522,1180220.62191536,2022,56,5,0,1920,2537-1180
2537509.61018522,1180220.62191535,2023,13,1,0,1920,2537-1180
2558730.38781529,1138466.35807626,2021,13,1,0,1920,2558-1138
2559964.39202934,1138353.33392529,2021,19,1,0,1920,2559-1138
2704255,1112543,2024,19,3,0,1920,2704-1112
2569587,1203723,2025,19,1,0,1920,2569-1203
2569468,1203399,2025,19,1,0,1920,2569-1203
2537509.61018522,1180220.62191535,2024,19,3,0,1920,2537-1180
2750593,1263586,2025,19,4,0,1920,2750-1263
2537509.61018522,1180220.62191535,2024,19,5,0,1920,2537-1180
2537509.61018522,1180220.62191535,2024,19,12,0,1920,2537-1180
2670645,1242071,2025,19,2,0,1920,2670-1242
2670300.06850856,1242299.56432466,2022,19,3,0,1920,2670-1242
2537509.61018522,1180220.62191535,2023,19,14,0,1920,2537-1180
2579943,1212149,2021,19,2,0,1920,2579-1212
2704370,1112457,2024,19,2,0,1920,2704-1112
2704252,1112540,2024,19,3,0,1920,2704-1112
2704286,1112718,2024,19,1,0,1920,2704-1112
2579973,1212191,2021,19,2,0,1920,2579-1212
2634203,1243716,2025,19,2,0,1920,2634-1243
2537509.61018522,1180220.62191535,2024,25,1,1,1920,2537-1180
2670300.06850856,1242299.56432465,2024,25,3,2,1920,2670-1242
2537509.61018522,1180220.62191535,2024,25,,1,1920,2537-1180
2670300.06850856,1242299.56432465,2024,25,3,3,1920,2670-1242
2705334.11030412,1112037.5543074,2022,25,3,6,1920,2705-1112
2660500,1270500,2024,25,2,2,1920,2660-1270
2537509.61018522,1180220.62191535,2024,25,1,1,1920,2537-1180
2537509.61018522,1180220.62191535,2024,25,2,1,1920,2537-1180
2668500,1255500,2023,25,2,18,1920,2668-1255
2707500,1279500,2022,25,2,8,1920,2707-1279
2660500,1270500,2024,25,2,2,1920,2660-1270
2710716,1112597,2021,25,1,2,1920,2710-1112
2615485,1174249,2021,25,2,6,1920,2615-1174
2710162,1112589,2024,25,1,1,1920,2710-1112
2670500,1242500,2024,25,3,1,1920,2670-1242
2620500,1265500,2023,25,1,2,1920,2620-1265
2758500,1236500,2024,25,1,2,1920,2758-1236
2688884,1272076,2022,25,1,1,1920,2688-1272
2610511,1227952,2024,25,2,18,1920,2610-1227
2610544,1227884,2021,25,2,18,1920,2610-1227
2760843,1202182,2025,25,2,1,1920,2760-1202
2705334.11030412,1112037.5543074,2021,25,1,2,1920,2705-1112
2705334.11030412,1112037.5543074,2021,25,1,2,1920,2705-1112
2660221,1269913,2024,25,1,1,1920,2660-1269
2710500,1112500,2021,25,2,4,1920,2710-1112
2678743.88625199,1261738.64812515,2025,32,2,18,1920,2678-1261
2490786,1111508,2024,32,3,13,1920,2490-1111
2618793,1128097,2021,32,1,1,1920,2618-1128
2678405,1261893,2025,32,1,12,1920,2678-1261
2678500,1261500,2021,32,2,6,1920,2678-1261
2700000.59040254,1272100.79127783,2023,38,2,18,1920,2700-1272
2820172,1187668,2025,38,1,2,1920,2820-1187
2579500,1212500,2022,38,1,2,1920,2579-1212
2709500,1112500,2025,38,1,2,1920,2709-1112
2579972,1212193,2024,38,6,2,1920,2579-1212
2579975,1212194,2024,38,6,2,1920,2579-1212
2569685,1203098,2023,38,3,1,1920,2569-1203
2670300.06850856,1242299.56432465,2023,44,1,0,1920,2670-1242
2537509.61018522,1180220.62191536,2022,44,2,0,1920,2537-1180
2708109,1229015,2021,44,2,0,1920,2708-1229
2678743.88625199,1261738.64812515,2023,44,3,0,1920,2678-1261
2579932,1212145,2022,44,2,0,1920,2579-1212
2709604,1113332,2023,44,2,0,1920,2709-1113
2579889,1212109,2022,50,3,0,1920,2579-1212
2579975,1212189,2023,50,2,0,1920,2579-1212
2579969,1212188,2022,50,4,0,1920,2579-1212
2537509.61018522,1180220.62191535,2025,50,2,0,1920,2537-1180
2537509.61018522,1180220.62191536,2022,50,3,0,1920,2537-1180
2670300.06850856,1242299.56432466,2021,50,2,0,1920,2670-1242
2537509.61018522,1180220.62191536,2022,50,2,0,1920,2537-1180
2537509.61018522,1180220.62191536,2022,50,3,0,1920,2537-1180
2537509.61018522,1180220.62191535,2025,50,2,0,1920,2537-1180
2537509.61018522,1180220.62191536,2022,50,5,0,1920,2537-1180
2537509.61018522,1180220.62191536,2022,50,5,0,1920,2537-1180
2580165,1212153,2022,50,5,0,1920,2580-1212
2537509.61018522,1180220.62191536,2022,56,,0,1920,2537-1180
2687500,1272500,2021,13,1,0,1920,2687-1272
2670401,1242188,2025,13,1,0,1920,2670-1242
2720942,1253702,2025,20,2,0,1920,2720-1253
2688826,1272077,2024,20,2,0,1920,2688-1272
2634199,1243701,2024,20,2,0,1920,2634-1243
2750500,1263500,2023,20,1,0,1920,2750-1263
2760302,1202117,2021,20,2,0,1920,2760-1202
2760551,1203330,2021,20,1,0,1920,2760-1203
2760334,1202211,2021,20,2,0,1920,2760-1202
2760339,1202215,2021,20,2,0,1920,2760-1202
2760318,1202098,2021,20,2,0,1920,2760-1202
2490367.49844419,1112175.19352428,2025,20,2,0,1920,2490-1112
2706500,1230500,2021,20,2,0,1920,2706-1230
2660500,1270500,2022,20,3,0,1920,2660-1270
2660293,1269862,2022,20,1,0,1920,2660-1269
2660328,1269975,2024,20,1,0,1920,2660-1269
2705186,1111892,2023,20,3,0,1920,2705-1111
2704252,1112540,2024,20,3,0,1920,2704-1112
2704416,1112618,2024,20,2,0,1920,2704-1112
2709469,1112468,2025,20,2,0,1920,2709-1112
2709469,1112447,2025,20,2,0,1920,2709-1112
2670300.06850856,1242299.56432465,2024,20,6,0,1920,2670-1242
2537509.61018522,1180220.62191535,2024,20,14,0,1920,2537-1180
2537509.61018522,1180220.62191535,2024,20,10,0,1920,2537-1180
2537509.61018522,1180220.62191535,2023,20,4,0,1920,2537-1180
2670300.06850856,1242299.56432466,2022,20,3,0,1920,2670-1242
2620500,1233500,2024,20,6,0,1920,2620-1233
2537509.61018522,1180220.62191535,2023,20,9,0,1920,2537-1180
2537509.61018522,1180220.62191535,2024,20,10,0,1920,2537-1180
2537509.61018522,1180220.62191535,2024,20,8,0,1920,2537-1180
2537509.61018522,1180220.62191535,2023,20,6,0,1920,2537-1180
2537509.61018522,1180220.62191535,2024,20,10,0,1920,2537-1180
2537509.61018522,1180220.62191535,2024,20,15,0,1920,2537-1180
2757978,1235803,2025,20,2,0,1920,2757-1235
2537509.61018522,1180220.62191535,2023,20,6,0,1920,2537-1180
2537509.61018522,1180220.62191535,2023,20,4,0,1920,2537-1180
2537509.61018522,1180220.62191535,2024,20,7,0,1920,2537-1180
2537509.61018522,1180220.62191535,2024,20,,0,1920,2537-1180
2558730.38781529,1138466.35807626,2023,20,6,0,1920,2558-1138
2670121,1242442,2025,20,2,0,1920,2670-1242
2670206,1242350,2024,20,4,0,1920,2670-1242
2672548,1232411,2023,20,9,0,1920,2672-1232
2704406,1112579,2024,20,8,0,1920,2704-1112
2569316,1203363,2025,26,4,1,1920,2569-1203
2579890,1212110,2024,26,2,2,1920,2579-1212
2678444,1261924,2025,26,1,1,1920,2678-1261
2618340,1128113,2025,26,1,7,1920,2618-1128
2615500,1174500,2021,26,4,6,1920,2615-1174
2610538,1227854,2023,26,2,18,1920,2610-1227
2706500,1230500,2022,26,1,2,1920,2706-1230
2706500,1230500,2022,26,1,2,1920,2706-1230
2706500,1230500,2022,26,1,2,1920,2706-1230
2788731,1158184,2023,26,1,2,1920,2788-1158
2751500,1263500,2024,26,2,1,1920,2751-1263
2670203,1242335,2024,26,1,18,1920,2670-1242
2615487,1174225,2021,26,1,2,1920,2615-1174
2670224,1242545,2023,26,2,2,1920,2670-1242
2710197,1112548,2021,26,1,2,1920,2710-1112
2670100,1242385,2023,26,1,2,1920,2670-1242
2615477,1174328,2025,26,1,2,1920,2615-1174
2670312,1242437,2024,26,1,2,1920,2670-1242
2660500,1270500,2025,26,1,1,1920,2660-1270
2537509.61018522,1180220.62191535,2024,26,2,1,1920,2537-1180
2537509.61018522,1180220.62191535,2023,26,2,1,1920,2537-1180
2537509.61018522,1180220.62191535,2023,26,2,1,1920,2537-1180
2660500,1270500,2024,26,2,1,1920,2660-1270
2537509.61018522,1180220.62191535,2024,26,2,1,1920,2537-1180
2559830.38176537,1137852.33685615,2021,26,6,13,1920,2559-1137
2612744.61223504,1128810.57362858,2022,32,1,2,1920,2612-1128
2678743.88625199,1261738.64812515,2021,32,1,1,1920,2678-1261
2610536,1227915,2021,32,2,4,1920,2610-1227
2683533,1256287,2021,32,2,18,1920,2683-1256
2750109,1184292,2021,32,1,2,1920,2750-1184
2620500,1265500,2021,32,2,2,1920,2620-1265
2670300.06850856,1242299.56432465,2023,32,6,1,1920,2670-1242
2614500,1174500,2022,32,1,1,1920,2614-1174
2670378,1242432,2023,32,1,2,1920,2670-1242
2670157,1242364,2025,32,4,13,1920,2670-1242
2670304,1242477,2025,32,1,2,1920,2670-1242
2670074,1242559,2023,32,2,2,1920,2670-1242
2670304,1242477,2025,32,1,2,1920,2670-1242
2760394,1202685,2024,38,2,4,1920,2760-1202
2760396,1202620,2024,38,1,2,1920,2760-1202
2760443,1202924,2024,38,2,2,1920,2760-1202
2754559,1214752,2023,38,2,13,1920,2754-1214
2660500,1270500,2025,38,1,1,1920,2660-1270
2687323,1272113,2023,38,1,2,1920,2687-1272
2615496,1174307,2022,38,2,2,1920,2615-1174
2678178,1267429,2025,38,3,13,1920,2678-1267
2569644.55120499,1203073.27749822,2023,38,1,2,1920,2569-1203
2670300.06850856,1242299.56432465,2023,38,1,2,1920,2670-1242
2755412,1215337,2023,38,2,2,1920,2755-1215
2756287,1224224,2021,38,1,2,1920,2756-1224
2757117,1222755,2021,38,1,2,1920,2757-1222
2580012,1212262,2023,44,1,0,1920,2580-1212
2678494,1261713,2024,44,2,0,1920,2678-1261
2788729,1158204,2021,44,1,0,1920,2788-1158
2788709,1158190,2021,44,1,0,1920,2788-1158
2580090.6502114,1212497.13430467,2023,44,1,0,1920,2580-1212
2580090.6502114,1212497.13430467,2022,44,3,0,1920,2580-1212
2670049,1242514,2022,44,2,0,1920,2670-1242
2537509.61018522,1180220.62191536,2022,44,4,0,1920,2537-1180
2678500,1261500,2025,50,1,0,1920,2678-1261
2678743.88625199,1261738.64812515,2025,50,1,0,1920,2678-1261
2537509.61018522,1180220.62191536,2021,50,3,0,1920,2537-1180
2537509.61018522,1180220.62191535,2025,50,5,0,1920,2537-1180
2537509.61018522,1180220.62191536,2022,50,8,0,1920,2537-1180
2537509.61018522,1180220.62191536,2022,50,6,0,1920,2537-1180
2537509.61018522,1180220.62191535,2025,50,4,0,1920,2537-1180
2537509.61018522,1180220.62191535,2025,50,2,0,1920,2537-1180
2537509.61018522,1180220.62191535,2025,50,3,0,1920,2537-1180
2537509.61018522,1180220.62191536,2021,50,2,0,1920,2537-1180
2537509.61018522,1180220.62191535,2025,50,2,0,1920,2537-1180
2537509.61018522,1180220.62191535,2025,50,2,0,1920,2537-1180
2537509.61018522,1180220.62191536,2022,50,3,0,1920,2537-1180
2705334.11030412,1112037.55430739,2024,50,2,0,1920,2705-1112
2537509.61018522,1180220.62191535,2025,50,3,0,1920,2537-1180
2537509.61018522,1180220.62191535,2025,50,2,0,1920,2537-1180
2537509.61018522,1180220.62191535,2025,50,3,0,1920,2537-1180
2537509.61018522,1180220.62191535,2025,50,1,0,1920,2537-1180
2537509.61018522,1180220.62191535,2025,50,4,0,1920,2537-1180
2537509.61018522,1180220.62191535,2025,50,3,0,1920,2537-1180
2537509.61018522,1180220.62191535,2025,50,1,0,1920,2537-1180
2537509.61018522,1180220.62191535,2025,50,3,0,1920,2537-1180
2537509.61018522,1180220.62191536,2022,56,1,0,1920,2537-1180
2537509.61018522,1180220.62191536,2022,56,4,0,1920,2537-1180
2537509.61018522,1180220.62191536,2022,56,7,0,1920,2537-1180
2708258,1229202,2025,56,1,0,1920,2708-1229
2708500,1229500,2025,56,1,0,1920,2708-1229
2537509.61018522,1180220.62191536,2022,56,6,0,1920,2537-1180
2537509.61018522,1180220.62191536,2022,56,7,0,1920,2537-1180
2670320,1242313,2025,14,2,0,1920,2670-1242
2558500,1138500,2023,20,2,0,1920,2558-1138
2678743.88625199,1261738.64812515,2025,20,1,0,1920,2678-1261
2618670.65278626,1128170.52219959,2021,20,1,0,1920,2618-1128
2710198,1112607,2022,20,1,0,1920,2710-1112
2670373,1242335,2024,20,2,0,1920,2670-1242
2710205,1112559,2022,20,1,0,1920,2710-1112
2710159,1112595,2021,20,2,0,1920,2710-1112
2670568,1242167,2024,20,2,0,1920,2670-1242
2710176,1112560,2023,20,1,0,1920,2710-1112
2710196,1112535,2024,20,2,0,1920,2710-1112
2670300.06850856,1242299.56432465,2025,20,3,0,1920,2670-1242
2670300.06850856,1242299.56432465,2024,20,4,0,1920,2670-1242
2537509.61018522,1180220.62191535,2023,20,11,0,1920,2537-1180
2610221.58287075,1127842.59941746,2023,20,1,0,1920,2610-1127
2537509.61018522,1180220.62191535,2024,20,1,0,1920,2537-1180
2537509.61018522,1180220.62191535,2024,20,1,0,1920,2537-1180
2660500,1270500,2025,20,2,0,1920,2660-1270
2558500,1138500,2021,20,1,0,1920,2558-1138
2537509.61018522,1180220.62191535,2024,20,6,0,1920,2537-1180
2750433,1263859,2025,20,2,0,1920,2750-1263
2537509.61018522,1180220.62191535,2024,20,6,0,1920,2537-1180
2755785,1230189,2024,20,3,0,1920,2755-1230
2620500,1265500,2024,20,2,0,1920,2620-1265
2678278,1267349,2023,20,2,6,1920,2678-1267
2750416,1263713,2023,20,2,0,1920,2750-1263
2610559,1227878,2023,20,4,0,1920,2610-1227
2618742,1128229,2021,20,1,0,1920,2618-1128
2709473,1112428,2023,20,1,0,1920,2709-1112
2678429,1261756,2021,20,1,0,1920,2678-1261
2709959,1112580,2022,20,3,0,1920,2709-1112
2760363,1201485,2024,20,1,0,1920,2760-1201
2689952,1271994,2021,20,2,0,1920,2689-1271
2610538,1227897,2021,20,1,0,1920,2610-1227
2713500,1231500,2021,20,1,0,1920,2713-1231
2634232,1243728,2024,20,1,0,1920,2634-1243
2615500,1174500,2025,26,1,2,1920,2615-1174
2660500,1270500,2024,26,2,1,1920,2660-1270
2700000.59040254,1272100.79127784,2022,26,3,1,1920,2700-1272
2620500,1265500,2021,26,1,1,1920,2620-1265
2750703,1263537,2025,26,2,1,1920,2750-1263
2537509.61018522,1180220.62191535,2024,26,2,1,1920,2537-1180
2678262,1267503,2023,26,1,6,1920,2678-1267
2710669,1114081,2024,26,2,1,1920,2710-1114
2670033,1242486,2025,26,2,1,1920,2670-1242
2670249,1242303,2023,26,1,2,1920,2670-1242
2710135,1112553,2022,26,1,1,1920,2710-1112
2615500,1174500,2021,26,2,2,1920,2615-1174
2670300.06850856,1242299.56432466,2022,26,3,2,1920,2670-1242
2660500,1270500,2024,26,2,1,1920,2660-1270
2618469.64807727,1127791.5244512,2021,26,1,1,1920,2618-1127
2610558,1227862,2021,26,2,18,1920,2610-1227
2760858,1202184,2023,26,4,2,1920,2760-1202
2678581,1261670,2025,26,1,2,1920,2678-1261
2709809,1112610,2022,26,1,1,1920,2709-1112
2579975,1212186,2022,26,1,2,1920,2579-1212
2705334.11030412,1112037.5543074,2022,26,2,1,1920,2705-1112
2704500,1112500,2023,32,1,2,1920,2704-1112
2680706,1272185,2022,32,3,13,1920,2680-1272
2670158,1242363,2023,32,2,19,1920,2670-1242
2618274,1128083,2025,32,1,2,1920,2618-1128
2618137,1127941,2025,32,1,1,1920,2618-1127
2618455,1128003,2025,32,2,1,1920,2618-1128
2615532,1174280,2022,32,2,4,1920,2615-1174
2760312,1201439,2023,32,1,2,1920,2760-1201
2710149,1112643,2024,38,2,2,1920,2710-1112
2757865,1235698,2023,38,2,4,1920,2757-1235
2757943,1235864,2021,38,1,2,1920,2757-1235
2655500,1272500,2023,38,1,2,1920,2655-1272
2750158,1184788,2021,38,1,2,1920,2750-1184
2750210,1184538,2021,38,1,2,1920,2750-1184
2569661,1203213,2023,38,5,1,1920,2569-1203
2788722,1158165,2021,38,4,13,1920,2788-1158
2708091,1229048,2021,44,2,0,1920,2708-1229
2708470,1229154,2021,44,2,0,1920,2708-1229
2580090.6502114,1212497.13430467,2021,44,1,0,1920,2580-1212
2537509.61018522,1180220.62191535,2025,44,1,0,1920,2537-1180
2537509.61018522,1180220.62191536,2022,44,2,0,1920,2537-1180
2537509.61018522,1180220.62191536,2022,44,2,0,1920,2537-1180
2537509.61018522,1180220.62191535,2025,44,1,0,1920,2537-1180
2678743.88625199,1261738.64812515,2024,44,1,0,1920,2678-1261
2678743.88625199,1261738.64812515,2024,44,2,0,1920,2678-1261
2678515.88908633,1261671.64722243,2024,44,2,0,1920,2678-1261
2678451.8885035,1261824.64753559,2024,44,2,0,1920,2678-1261
2660500,1270500,2025,44,1,0,1920,2660-1270
2615496,1174303,2021,44,3,0,1920,2615-1174
2687448,1272053,2022,44,1,0,1920,2687-1272
2709600,1113348,2023,44,4,0,1920,2709-1113
2537509.61018522,1180220.62191536,2022,50,4,0,1920,2537-1180
2537509.61018522,1180220.62191536,2022,50,4,0,1920,2537-1180
2670300.06850856,1242299.56432466,2021,50,2,0,1920,2670-1242
2537509.61018522,1180220.62191536,2022,50,5,0,1920,2537-1180
2537509.61018522,1180220.62191535,2025,50,1,0,1920,2537-1180
2706500,1230500,2024,50,1,0,1920,2706-1230
2537509.61018522,1180220.62191536,2021,50,2,0,1920,2537-1180
2537509.61018522,1180220.62191536,2022,50,,0,1920,2537-1180
2580090.6502114,1212497.13430467,2022,50,3,0,1920,2580-1212
2537509.61018522,1180220.62191536,2022,50,7,0,1920,2537-1180
2537509.61018522,1180220.62191536,2022,50,,0,1920,2537-1180
2670277,1242280,2024,50,2,0,1920,2670-1242
2670380,1242429,2024,50,1,0,1920,2670-1242
2579500,1212500,2022,50,1,0,1920,2579-1212
2678515.88908633,1261671.64722243,2024,50,3,0,1920,2678-1261
2579895,1212125,2022,50,4,0,1920,2579-1212
2705176,1111977,2024,50,1,0,1920,2705-1111
2678606,1261702,2024,50,4,0,1920,2678-1261
2537509.61018522,1180220.62191536,2021,56,1,0,1920,2537-1180
2537509.61018522,1180220.62191536,2022,56,4,0,1920,2537-1180
2750424,1263735,2023,14,2,0,1920,2750-1263
2709494,1112508,2023,14,1,0,1920,2709-1112
2558730.38781529,1138466.35807626,2021,14,4,0,1920,2558-1138
2660500,1270500,2024,20,1,0,1920,2660-1270
2713500,1231500,2021,20,1,0,1920,2713-1231
2489199,1112753,2023,20,1,0,1920,2489-1112
2569500,1203500,2025,20,7,0,1920,2569-1203
2608500,1268500,2024,20,2,0,1920,2608-1268
2678451.8885035,1261824.64753559,2021,20,1,0,1920,2678-1261
2618670.65278626,1128170.52219958,2025,20,2,0,1920,2618-1128
2537509.61018522,1180220.62191535,2024,20,8,0,1920,2537-1180
2537509.61018522,1180220.62191535,2024,20,9,0,1920,2537-1180
2580311,1212276,2021,20,2,0,1920,2580-1212
2670061,1242553,2024,20,1,0,1920,2670-1242
2670515,1242058,2021,20,2,0,1920,2670-1242
2670428,1242390,2023,20,2,0,1920,2670-1242
2578658,1203779,2024,20,1,0,1920,2578-1203
2558730.38781529,1138466.35807626,2021,20,4,0,1920,2558-1138
2537509.61018522,1180220.62191535,2024,20,13,0,1920,2537-1180
2537509.61018522,1180220.62191535,2023,20,7,0,1920,2537-1180
2537509.61018522,1180220.62191535,2023,20,1,0,1920,2537-1180
2670300.06850856,1242299.56432466,2021,20,5,0,1920,2670-1242
2490481.51409212,1112705.18624407,2023,20,1,0,1920,2490-1112
2670300.06850856,1242299.56432465,2025,20,1,0,1920,2670-1242
2670300.06850856,1242299.56432466,2021,20,4,0,1920,2670-1242
2670300.06850856,1242299.56432465,2023,20,4,0,1920,2670-1242
2634196,1243744,2025,26,1,2,1920,2634-1243
2634173,1243686,2024,26,1,2,1920,2634-1243
2610553,1227830,2023,26,2,4,1920,2610-1227
2610520,1227939,2024,26,2,18,1920,2610-1227
2610575,1227834,2022,26,2,18,1920,2610-1227
2660347,1269888,2025,26,2,1,1920,2660-1269
2660361,1269939,2024,26,3,1,1920,2660-1269
2678357,1261869,2025,26,2,6,1920,2678-1261
2618347,1128117,2025,26,1,1,1920,2618-1128
2610550,1227891,2021,26,2,18,1920,2610-1227
2670300.06850856,1242299.56432465,2023,26,1,1,1920,2670-1242
2670300.06850856,1242299.56432465,2023,26,1,1,1920,2670-1242
2670300.06850856,1242299.56432466,2021,26,3,2,1920,2670-1242
2670300.06850856,1242299.56432465,2024,26,2,18,1920,2670-1242
2670300.06850856,1242299.56432466,2022,26,1,1,1920,2670-1242
2670300.06850856,1242299.56432466,2021,26,1,2,1920,2670-1242
2680706,1272185,2022,26,2,4,1920,2680-1272
2537509.61018522,1180220.62191535,2024,26,1,1,1920,2537-1180
2537509.61018522,1180220.62191535,2024,26,1,1,1920,2537-1180
2580090.6502114,1212497.13430467,2024,26,2,1,1920,2580-1212
2537509.61018522,1180220.62191535,2023,26,4,1,1920,2537-1180
2678743.88625199,1261738.64812515,2022,26,2,1,1920,2678-1261
2710139,1112752,2021,26,2,4,1920,2710-1112
2670252,1242285,2021,26,2,2,1920,2670-1242
2615597,1174255,2025,26,1,2,1920,2615-1174
2615507,1174078,2021,26,1,2,1920,2615-1174
2683540,1256190,2021,26,2,4,1920,2683-1256
2683365,1256298,2021,26,3,5,1920,2683-1256
2640010,1266402,2025,32,2,2,1920,2640-1266
2579984,1212174,2024,32,2,2,1920,2579-1212
2678403,1262071,2025,32,1,2,1920,2678-1262
2610519,1227938,2024,32,2,6,1920,2610-1227
2610557,1227838,2023,32,4,18,1920,2610-1227
2687607,1272057,2022,32,3,2,1920,2687-1272
2670224,1242541,2023,32,1,2,1920,2670-1242
2568699,1175989,2024,32,2,5,1920,2568-1175
2670300.06850856,1242299.56432465,2023,32,4,2,1920,2670-1242
2756056,1224701,2021,32,2,4,1920,2756-1224
2708063,1229157,2023,38,3,13,1920,2708-1229
2610550,1227893,2023,38,1,18,1920,2610-1227
2688831,1272062,2023,38,3,13,1920,2688-1272
2789103,1159379,2023,38,1,2,1920,2789-1159
2788694,1158236,2023,38,1,13,1920,2788-1158
2788500,1158500,2023,38,2,1,1920,2788-1158
2710190,1112546,2024,38,2,2,1920,2710-1112
2670652,1242062,2023,38,4,2,1920,2670-1242
2615602,1174025,2025,38,4,2,1920,2615-1174
2710207,1112426,2024,38,2,4,1920,2710-1112
2710146,1112549,2023,38,1,1,1920,2710-1112
2670652,1242062,2023,38,1,1,1920,2670-1242
2680632,1271649,2025,38,11,2,1920,2680-1271
2678743.88625199,1261738.64812515,2025,44,1,0,1920,2678-1261
2660312,1270267,2022,44,2,0,1920,2660-1270
2706500,1230500,2022,44,1,0,1920,2706-1230
2678178,1267429,2022,44,3,13,1920,2678-1267
2670383,1242427,2024,44,1,0,1920,2670-1242
2580210,1212186,2022,44,3,0,1920,2580-1212
2579990,1212197,2023,44,2,0,1920,2579-1212
2579983,1212191,2024,51,1,0,1920,2579-1212
2706500,1230500,2024,51,1,0,1920,2706-1230
2537509.61018522,1180220.62191536,2021,51,2,0,1920,2537-1180
2537509.61018522,1180220.62191536,2021,51,,0,1920,2537-1180
2537509.61018522,1180220.62191536,2022,51,6,0,1920,2537-1180
2537509.61018522,1180220.62191536,2022,51,6,0,1920,2537-1180
2537509.61018522,1180220.62191536,2022,51,,0,1920,2537-1180
2537509.61018522,1180220.62191536,2022,51,1,0,1920,2537-1180
2670362,1242363,2024,51,1,0,1920,2670-1242
2579500,1212500,2022,51,3,0,1920,2579-1212
2670300.06850856,1242299.56432466,2021,51,1,0,1920,2670-1242
2670300.06850856,1242299.56432465,2024,51,2,0,1920,2670-1242
2537509.61018522,1180220.62191535,2025,51,3,0,1920,2537-1180
2670300.06850856,1242299.56432465,2024,51,2,0,1920,2670-1242
2537509.61018522,1180220.62191536,2022,51,3,0,1920,2537-1180
2569525.56262002,1203696.28167077,2025,57,1,0,1920,2569-1203
2537509.61018522,1180220.62191536,2022,57,3,0,1920,2537-1180
2678451.8885035,1261824.64753559,2025,14,1,0,1920,2678-1261
2678390.88728396,1262052.64810146,2025,14,1,0,1920,2678-1262
2678390.88728396,1262052.64810146,2025,14,1,0,1920,2678-1262
2751351,1263379,2021,14,2,0,1920,2751-1263
2678387,1261889,2025,14,1,0,1920,2678-1261
2678344,1261879,2025,14,1,0,1920,2678-1261
2558730.38781529,1138466.35807626,2021,14,4,0,1920,2558-1138
2758500,1236500,2024,20,8,0,1920,2758-1236
2706500,1230500,2022,20,1,0,1920,2706-1230
2705334.11030412,1112037.5543074,2022,20,2,0,1920,2705-1112
2678743.88625199,1261738.64812515,2021,20,1,0,1920,2678-1261
2559098.38997532,1138480.35081722,2021,20,1,0,1920,2559-1138
2569857.55231118,1203193.27414935,2023,20,1,0,1920,2569-1203
2757500,1235500,2021,20,2,0,1920,2757-1235
2708500,1229500,2022,20,1,0,1920,2708-1229
2670300.06850856,1242299.56432466,2021,20,2,0,1920,2670-1242
2537509.61018522,1180220.62191535,2023,20,7,0,1920,2537-1180
2537509.61018522,1180220.62191535,2024,20,12,0,1920,2537-1180
2537509.61018522,1180220.62191535,2024,20,14,0,1920,2537-1180
2537509.61018522,1180220.62191535,2024,20,9,0,1920,2537-1180
2670300.06850856,1242299.56432466,2021,20,3,0,1920,2670-1242
2670300.06850856,1242299.56432466,2021,20,3,0,1920,2670-1242
2537509.61018522,1180220.62191535,2023,20,6,0,1920,2537-1180
2537509.61018522,1180220.62191535,2024,20,10,0,1920,2537-1180
2537509.61018522,1180220.62191535,2024,20,10,0,1920,2537-1180
2537509.61018522,1180220.62191535,2024,20,14,0,1920,2537-1180
2580090.6502114,1212497.13430467,2021,20,2,0,1920,2580-1212
2537509.61018522,1180220.62191535,2023,20,8,0,1920,2537-1180
2678278,1267349,2023,20,2,6,1920,2678-1267
2670379,1242433,2024,20,1,0,1920,2670-1242
2710133,1112639,2023,20,3,0,1920,2710-1112
2654786,1271862,2021,20,1,2,1920,2654-1271
2670023,1242600,2021,20,2,0,1920,2670-1242
2670200,1242333,2025,20,2,0,1920,2670-1242
2670062,1242560,2025,20,1,0,1920,2670-1242
2660361,1269948,2022,20,2,0,1920,2660-1269
2634219,1243719,2025,20,2,0,1920,2634-1243
2558599,1138508,2024,20,5,0,1920,2558-1138
2750500,1263500,2021,20,1,0,1920,2750-1263
2610574,1227836,2022,20,2,6,1920,2610-1227
2706500,1230500,2022,20,1,0,1920,2706-1230
2558730.38781529,1138466.35807626,2022,20,2,0,1920,2558-1138
2709600,1113341,2022,20,10,0,1920,2709-1113
2579970,1212191,2022,20,1,0,1920,2579-1212
2670500,1242500,2023,26,2,4,1920,2670-1242
2678743.88625199,1261738.64812515,2022,26,2,1,1920,2678-1261
2700000.59040254,1272100.79127784,2022,26,2,4,1920,2700-1272
2700000.59040254,1272100.79127784,2021,26,4,2,1920,2700-1272
2615470,1174312,2025,26,1,2,1920,2615-1174
2710075,1112632,2021,26,2,2,1920,2710-1112
2537509.61018522,1180220.62191535,2023,26,1,1,1920,2537-1180
2670300.06850856,1242299.56432466,2021,26,1,1,1920,2670-1242
2537509.61018522,1180220.62191535,2024,26,1,1,1920,2537-1180
2670300.06850856,1242299.56432465,2025,26,1,3,1920,2670-1242
2537509.61018522,1180220.62191535,2023,26,1,1,1920,2537-1180
2610221.58287075,1127842.59941746,2021,26,2,4,1920,2610-1127
2670300.06850856,1242299.56432466,2021,26,2,1,1920,2670-1242
2670300.06850856,1242299.56432466,2021,26,1,1,1920,2670-1242
2537509.61018522,1180220.62191535,2023,26,1,2,1920,2537-1180
2537509.61018522,1180220.62191536,2022,26,1,2,1920,2537-1180
2537509.61018522,1180220.62191535,2024,26,1,1,1920,2537-1180
2569525.56262002,1203696.28167077,2021,26,2,1,1920,2569-1203
2627500,1268500,2025,26,2,2,1920,2627-1268
2660500,1270500,2025,26,4,4,1920,2660-1270
2610564,1227930,2024,26,1,2,1920,2610-1227
2618223,1128107,2025,26,2,2,1920,2618-1128
2613100,1129157,2024,26,2,4,1920,2613-1129
2710035,1112616,2024,26,1,1,1920,2710-1112
2634209,1243699,2024,26,6,13,1920,2634-1243
2670500,1242500,2024,26,1,1,1920,2670-1242
2615548,1174287,2023,32,2,4,1920,2615-1174
2670333,1242369,2023,32,1,2,1920,2670-1242
2678393,1261944,2025,32,2,19,1920,2678-1261
2660297,1269937,2024,32,1,1,1920,2660-1269
2660296,1269901,2023,32,1,2,1920,2660-1269
2675863,1268580,2024,38,5,8,1920,2675-1268
2755500,1212500,2022,38,3,4,1920,2755-1212
2569696,1203095,2022,38,2,2,1920,2569-1203
2670130,1242556,2023,45,1,0,1920,2670-1242
2537509.61018522,1180220.62191535,2025,45,4,0,1920,2537-1180
2537509.61018522,1180220.62191535,2025,45,2,0,1920,2537-1180
2678743.88625199,1261738.64812515,2024,45,1,0,1920,2678-1261
2678743.88625199,1261738.64812515,2023,45,1,0,1920,2678-1261
2579878,1212267,2023,45,1,0,1920,2579-1212
2579897,1212122,2024,45,1,0,1920,2579-1212
2579975,1212188,2023,45,5,0,1920,2579-1212
2537509.61018522,1180220.62191536,2021,51,4,0,1920,2537-1180
2537509.61018522,1180220.62191536,2021,51,3,0,1920,2537-1180
2537509.61018522,1180220.62191536,2022,51,3,0,1920,2537-1180
2537509.61018522,1180220.62191536,2022,51,4,0,1920,2537-1180
2537509.61018522,1180220.62191535,2025,51,1,0,1920,2537-1180
2537509.61018522,1180220.62191536,2021,51,2,0,1920,2537-1180
2537509.61018522,1180220.62191536,2021,51,3,0,1920,2537-1180
2537509.61018522,1180220.62191536,2021,51,3,0,1920,2537-1180
2580500,1212500,2022,51,1,0,1920,2580-1212
2660500,1270500,2025,51,1,0,1920,2660-1270
2706500,1230500,2024,51,2,0,1920,2706-1230
2678454,1261705,2024,51,3,0,1920,2678-1261
2579969,1212193,2023,51,1,0,1920,2579-1212
2579974,1212195,2024,51,1,0,1920,2579-1212
2537509.61018522,1180220.62191536,2022,57,4,0,1920,2537-1180
2537509.61018522,1180220.62191536,2022,57,4,0,1920,2537-1180
2537509.61018522,1180220.62191536,2022,57,2,0,1920,2537-1180
2569500,1203500,2025,57,1,0,1920,2569-1203
2558756,1138464,2022,14,2,0,1920,2558-1138
2687248,1272129,2025,14,6,0,1920,2687-1272
2660214,1261533,2022,14,1,0,1920,2660-1261
2537509.61018522,1180220.62191535,2023,14,1,0,1920,2537-1180
2751313,1263284,2021,14,1,0,1920,2751-1263
2686862,1272132,2025,14,6,0,1920,2686-1272
2672500,1232500,2024,20,8,0,1920,2672-1232
2660500,1270500,2022,20,2,0,1920,2660-1270
2560002,1138319,2021,20,1,0,1920,2560-1138
2534324,1163526,2023,20,1,0,1920,2534-1163
2706500,1230500,2022,20,4,0,1920,2706-1230
2620500,1265500,2022,20,2,0,1920,2620-1265
2660250,1269934,2022,20,2,0,1920,2660-1269
2709602,1113342,2022,20,5,0,1920,2709-1113
2627738,1268535,2025,20,2,0,1920,2627-1268
2610559,1227867,2021,20,2,6,1920,2610-1227
2610544,1227910,2023,20,2,0,1920,2610-1227
2608714,1268121,2023,20,2,0,1920,2608-1268
2660178,1270020,2022,20,3,0,1920,2660-1270
2489083,1112929,2022,20,1,0,1920,2489-1112
2694500,1281500,2023,20,2,0,1920,2694-1281
2708500,1229500,2022,20,1,0,1920,2708-1229
2706500,1230500,2022,20,3,0,1920,2706-1230
2668358,1256336,2022,20,2,4,1920,2668-1256
2615459,1174338,2024,20,4,0,1920,2615-1174
2614582,1174609,2024,20,3,0,1920,2614-1174
2537509.61018522,1180220.62191535,2024,20,6,0,1920,2537-1180
2537509.61018522,1180220.62191535,2024,20,13,0,1920,2537-1180
2537509.61018522,1180220.62191535,2024,20,3,0,1920,2537-1180
2537509.61018522,1180220.62191535,2024,20,18,0,1920,2537-1180
2537509.61018522,1180220.62191535,2024,20,13,0,1920,2537-1180
2680706,1272185,2022,20,2,0,1920,2680-1272
2705334.11030412,1112037.5543074,2021,20,2,0,1920,2705-1112
2618670.65278626,1128170.52219958,2024,20,1,0,1920,2618-1128
2700000.59040254,1272100.79127784,2021,20,7,0,1920,2700-1272
2700000.59040254,1272100.79127784,2022,20,3,0,1920,2700-1272
2709637,1113255,2022,20,6,0,1920,2709-1113
2754543,1213746,2023,20,2,0,1920,2754-1213
2608757,1268100,2023,20,1,0,1920,2608-1268
2710133,1112605,2023,20,3,0,1920,2710-1112
2670053,1242599,2021,20,1,0,1920,2670-1242
2710043,1112640,2023,20,3,0,1920,2710-1112
2670527,1242041,2021,20,1,0,1920,2670-1242
2670058,1242532,2025,20,1,0,1920,2670-1242
2758238,1236985,2024,20,4,6,1920,2758-1236
2653500,1256500,2023,20,2,0,1920,2653-1256
2670300.06850856,1242299.56432466,2021,20,2,0,1920,2670-1242
2537509.61018522,1180220.62191535,2024,20,10,0,1920,2537-1180
2670300.06850856,1242299.56432466,2021,20,2,0,1920,2670-1242
2670300.06850856,1242299.56432466,2021,20,2,0,1920,2670-1242
2670300.06850856,1242299.56432466,2022,20,2,0,1920,2670-1242
2670300.06850856,1242299.56432466,2021,20,2,0,1920,2670-1242
2610221.58287075,1127842.59941746,2023,20,2,0,1920,2610-1127
2670300.06850856,1242299.56432465,2024,20,2,0,1920,2670-1242
2670300.06850856,1242299.56432466,2021,20,2,0,1920,2670-1242
2705334.11030412,1112037.5543074,2022,20,2,0,1920,2705-1112
2760500,1201500,2024,20,2,0,1920,2760-1201
2660500,1270500,2022,20,2,0,1920,2660-1270
2490365,1112776,2023,26,1,2,1920,2490-1112
2687318,1272132,2025,26,2,4,1920,2687-1272
2750428,1263732,2022,26,1,1,1920,2750-1263
2678452,1261740,2024,26,1,1,1920,2678-1261
2678352,1261790,2025,26,1,2,1920,2678-1261
2660225,1269919,2024,26,1,1,1920,2660-1269
2706500,1230500,2025,26,1,2,1920,2706-1230
2559964.39202934,1138353.33392529,2022,26,1,1,1920,2559-1138
2678743.88625199,1261738.64812515,2025,26,1,1,1920,2678-1261
2700000.59040254,1272100.79127783,2024,26,5,4,1920,2700-1272
2670415,1242269,2024,26,1,2,1920,2670-1242
2758226,1236661,2021,26,1,3,1920,2758-1236
2756185,1231789,2025,26,1,3,1920,2756-1231
2757389,1234338,2025,26,1,2,1920,2757-1234
2558730.38781529,1138466.35807626,2022,26,2,1,1920,2558-1138
2537509.61018522,1180220.62191535,2023,26,2,1,1920,2537-1180
2660425,1269831,2024,33,1,1,1920,2660-1269
2634147,1243780,2024,33,2,2,1920,2634-1243
2660500,1270500,2025,33,2,2,1920,2660-1270
2678373,1261894,2025,33,2,12,1920,2678-1261
2580090.6502114,1212497.13430467,2024,33,1,2,1920,2580-1212
2615478,1174246,2021,33,1,2,1920,2615-1174
2670174,1242337,2024,33,2,13,1920,2670-1242
2578835,1203767,2025,39,2,1,1920,2578-1203
2687192,1272127,2025,39,2,2,1920,2687-1272
2687089,1272132,2025,39,2,4,1920,2687-1272
2569684,1203094,2022,39,1,1,1920,2569-1203
2688794,1272129,2025,39,2,18,1920,2688-1272
2678178,1267429,2022,39,5,13,1920,2678-1267
2755974,1230703,2021,39,1,2,1920,2755-1230
2755686,1229981,2021,39,1,2,1920,2755-1229
2493489,1115636,2025,39,1,2,1920,2493-1115
2710189,1112599,2024,39,2,2,1920,2710-1112
2493116.60041062,1115700.08608876,2025,39,2,1,1920,2493-1115
2569191,1203405,2025,45,1,0,1920,2569-1203
2678251,1267358,2024,45,1,0,1920,2678-1267
2580090.6502114,1212497.13430467,2024,45,2,0,1920,2580-1212
2537509.61018522,1180220.62191536,2022,45,1,0,1920,2537-1180
2537509.61018522,1180220.62191536,2022,45,2,0,1920,2537-1180
2537509.61018522,1180220.62191536,2022,45,1,0,1920,2537-1180
2670300.06850856,1242299.56432465,2023,45,2,0,1920,2670-1242
2537509.61018522,1180220.62191536,2022,45,2,0,1920,2537-1180
2670296,1242467,2023,45,2,0,1920,2670-1242
2678464,1261725,2024,51,4,0,1920,2678-1261
2789045,1159363,2021,51,1,0,1920,2789-1159
2537509.61018522,1180220.62191536,2022,51,2,0,1920,2537-1180
2537509.61018522,1180220.62191536,2022,51,3,0,1920,2537-1180
2670300.06850856,1242299.56432465,2023,51,2,0,1920,2670-1242
2537509.61018522,1180220.62191535,2025,51,4,0,1920,2537-1180
2537509.61018522,1180220.62191535,2025,51,1,0,1920,2537-1180
2537509.61018522,1180220.62191536,2021,51,1,0,1920,2537-1180
2537509.61018522,1180220.62191536,2021,51,1,0,1920,2537-1180
2537509.61018522,1180220.62191536,2022,51,5,0,1920,2537-1180
2706500,1230500,2024,51,1,0,1920,2706-1230
2569644.55120499,1203073.27749822,2022,51,1,0,1920,2569-1203
2537509.61018522,1180220.62191536,2022,57,4,0,1920,2537-1180
2706500,1230500,2021,14,2,0,1920,2706-1230
2537509.61018522,1180220.62191535,2024,14,1,0,1920,2537-1180
2537509.61018522,1180220.62191535,2023,14,1,0,1920,2537-1180
2706500,1230500,2024,14,1,0,1920,2706-1230
2700000.59040254,1272100.79127784,2021,21,2,0,1920,2700-1272
2618670.65278626,1128170.52219958,2025,21,2,0,1920,2618-1128
2705334.11030412,1112037.5543074,2021,21,2,0,1920,2705-1112
2705334.11030412,1112037.5543074,2021,21,2,0,1920,2705-1112
2705334.11030412,1112037.5543074,2021,21,2,0,1920,2705-1112
2670500,1240500,2021,21,1,0,1920,2670-1240
2660500,1270500,2025,21,2,0,1920,2660-1270
2630500,1238500,2024,21,1,0,1920,2630-1238
2578771,1203550,2023,21,1,0,1920,2578-1203
2687421,1272046,2022,21,2,0,1920,2687-1272
2537509.61018522,1180220.62191535,2024,21,5,0,1920,2537-1180
2615450,1174389,2022,21,1,0,1920,2615-1174
2537509.61018522,1180220.62191535,2024,21,6,0,1920,2537-1180
2537509.61018522,1180220.62191535,2023,21,10,0,1920,2537-1180
2710085,1112528,2023,21,1,0,1920,2710-1112
2670190,1242385,2024,21,3,0,1920,2670-1242
2670216,1242385,2025,21,1,0,1920,2670-1242
2670217,1242294,2022,21,1,0,1920,2670-1242
2615457,1174328,2023,21,2,0,1920,2615-1174
2670300.06850856,1242299.56432466,2021,21,2,0,1920,2670-1242
2537509.61018522,1180220.62191535,2024,21,6,0,1920,2537-1180
2670300.06850856,1242299.56432466,2021,21,2,0,1920,2670-1242
2687224,1272104,2022,21,1,0,1920,2687-1272
2634352,1243934,2024,21,1,0,1920,2634-1243
2757500,1234500,2022,21,1,0,1920,2757-1234
2672500,1232500,2024,21,5,0,1920,2672-1232
2618532,1128016,2025,21,2,0,1920,2618-1128
2569632,1203345,2022,21,1,0,1920,2569-1203
2709303,1112328,2021,21,1,0,1920,2709-1112
2709664,1112513,2022,21,3,0,1920,2709-1112
2660080,1261570,2021,21,2,4,1920,2660-1261
2620500,1265500,2022,27,1,2,1920,2620-1265
2618670.65278626,1128170.52219958,2025,27,1,1,1920,2618-1128
2618670.65278626,1128170.52219958,2025,27,1,1,1920,2618-1128
2686974,1272110,2024,27,1,2,1920,2686-1272
2660357,1269909,2025,27,1,2,1920,2660-1269
2569298,1203319,2025,27,1,1,1920,2569-1203
2670157,1242369,2023,27,1,1,1920,2670-1242
2660327,1270022,2024,27,1,1,1920,2660-1270
2660270,1269937,2024,27,2,1,1920,2660-1269
2660290,1269905,2025,27,2,2,1920,2660-1269
2687014,1272118,2024,27,1,2,1920,2687-1272
2687015,1272119,2024,27,1,2,1920,2687-1272
2760469,1202958,2025,27,1,2,1920,2760-1202
2760514,1203248,2025,27,1,2,1920,2760-1203
2615500,1174500,2021,27,2,4,1920,2615-1174
2620500,1265500,2025,27,2,6,1920,2620-1265
2710192,1112553,2024,27,2,4,1920,2710-1112
2678469,1261788,2021,27,1,2,1920,2678-1261
2670500,1242500,2023,33,6,2,1920,2670-1242
2678253,1267334,2023,33,4,13,1920,2678-1267
2670310,1242376,2023,33,1,2,1920,2670-1242
2788727,1158557,2023,33,1,1,1920,2788-1158
2610300,1226308,2023,33,3,5,1920,2610-1226
2610546,1227889,2021,33,2,18,1920,2610-1227
2610554,1227846,2023,33,6,13,1920,2610-1227
2610523,1227930,2022,33,2,18,1920,2610-1227
2655500,1272500,2025,39,1,2,1920,2655-1272
2569857.55231118,1203193.27414936,2022,39,1,1,1920,2569-1203
2680500,1271500,2021,39,2,2,1920,2680-1271
2709462,1112494,2022,39,4,4,1920,2709-1112
2660220,1269920,2022,39,2,1,1920,2660-1269
2660500,1270500,2025,39,2,1,1920,2660-1270
2670300.06850856,1242299.56432465,2023,45,1,0,1920,2670-1242
2537509.61018522,1180220.62191536,2022,45,1,0,1920,2537-1180
2537509.61018522,1180220.62191535,2025,45,1,0,1920,2537-1180
2537509.61018522,1180220.62191536,2022,45,1,0,1920,2537-1180
2537509.61018522,1180220.62191535,2025,45,3,0,1920,2537-1180
2580500,1212500,2022,45,2,0,1920,2580-1212
2579898,1212124,2024,45,2,0,1920,2579-1212
2678439,1261708,2022,45,1,0,1920,2678-1261
2706500,1230500,2022,45,1,0,1920,2706-1230
2537509.61018522,1180220.62191536,2022,51,5,0,1920,2537-1180
2537509.61018522,1180220.62191536,2022,51,5,0,1920,2537-1180
2537509.61018522,1180220.62191536,2021,51,1,0,1920,2537-1180
2537509.61018522,1180220.62191536,2021,51,1,0,1920,2537-1180
2537509.61018522,1180220.62191535,2025,51,2,0,1920,2537-1180
2537509.61018522,1180220.62191536,2022,51,4,0,1920,2537-1180
2537509.61018522,1180220.62191536,2022,51,1,0,1920,2537-1180
2670300.06850856,1242299.56432466,2021,51,2,0,1920,2670-1242
2537509.61018522,1180220.62191536,2022,51,4,0,1920,2537-1180
2537509.61018522,1180220.62191536,2022,51,5,0,1920,2537-1180
2537509.61018522,1180220.62191536,2022,51,2,0,1920,2537-1180
2670300.06850856,1242299.56432466,2021,51,2,0,1920,2670-1242
2537509.61018522,1180220.62191536,2022,51,5,0,1920,2537-1180
2537509.61018522,1180220.62191536,2021,51,1,0,1920,2537-1180
2537509.61018522,1180220.62191536,2021,51,1,0,1920,2537-1180
2537509.61018522,1180220.62191536,2021,51,,0,1920,2537-1180
2537509.61018522,1180220.62191536,2021,51,1,0,1920,2537-1180
2537508.53725065,1180220.82228168,2025,51,1,0,1920,2537-1180
2537509.61018522,1180220.62191536,2022,51,,0,1920,2537-1180
2537509.61018522,1180220.62191536,2022,51,1,0,1920,2537-1180
2678505,1261743,2024,51,4,0,1920,2678-1261
2537509.61018522,1180220.62191536,2021,51,1,0,1920,2537-1180
2537509.61018522,1180220.62191536,2022,57,4,0,1920,2537-1180
2537509.61018522,1180220.62191536,2022,57,4,0,1920,2537-1180
2670500,1242500,2025,15,2,0,1920,2670-1242
2537635.70077399,1180360.26407287,2023,15,2,0,1920,2537-1180
2537509.61018522,1180220.62191535,2023,15,1,0,1920,2537-1180
2705334.11030412,1112037.5543074,2022,15,3,0,1920,2705-1112
2558730.38781529,1138466.35807626,2023,15,1,0,1920,2558-1138
2687449,1272060,2022,21,2,0,1920,2687-1272
2634147,1243864,2025,21,1,0,1920,2634-1243
2660243,1270352,2025,21,1,0,1920,2660-1270
2660290,1269861,2022,21,1,2,1920,2660-1269
2670500,1242500,2024,21,7,0,1920,2670-1242
2569500,1203500,2023,21,2,0,1920,2569-1203
2750500,1263500,2021,21,1,0,1920,2750-1263
2610542,1227893,2024,21,2,6,1920,2610-1227
2610595,1227769,2025,21,2,4,1920,2610-1227
2569475,1203406,2022,21,2,0,1920,2569-1203
2537509.61018522,1180220.62191535,2023,21,12,0,1920,2537-1180
2751408,1263317,2024,21,3,0,1920,2751-1263
2569500,1203500,2025,21,1,0,1920,2569-1203
2660500,1270500,2021,21,1,0,1920,2660-1270
2709399,1112366,2025,21,2,0,1920,2709-1112
2709660,1112506,2022,21,2,0,1920,2709-1112
2704685,1112187,2023,21,2,0,1920,2704-1112
2615493,1174283,2021,21,3,0,1920,2615-1174
2710208,1112628,2024,21,2,6,1920,2710-1112
2710168,1112649,2024,21,2,6,1920,2710-1112
2710185,1112589,2021,21,2,6,1920,2710-1112
2670339,1242370,2022,21,1,0,1920,2670-1242
2670217,1242366,2025,21,1,0,1920,2670-1242
2670072,1242559,2023,21,2,0,1920,2670-1242
2710202,1112618,2021,21,2,0,1920,2710-1112
2660500,1270500,2025,21,5,0,1920,2660-1270
2672549,1232459,2023,21,3,0,1920,2672-1232
2672595,1232433,2024,21,4,0,1920,2672-1232
2537509.61018522,1180220.62191535,2024,21,2,0,1920,2537-1180
2670300.06850856,1242299.56432465,2023,21,1,0,1920,2670-1242
2559964.39202934,1138353.33392529,2022,21,1,0,1920,2559-1138
2705334.11030412,1112037.5543074,2021,21,3,0,1920,2705-1112
2704810,1112297,2021,27,2,1,1920,2704-1112
2579500,1212500,2024,27,2,4,1920,2579-1212
2610498,1227949,2024,27,1,12,1920,2610-1227
2610523,1227952,2021,27,2,19,1920,2610-1227
2615563,1174206,2025,27,2,2,1920,2615-1174
2760500,1202499,2021,27,1,2,1920,2760-1202
2615500,1174500,2021,27,1,2,1920,2615-1174
2537509.61018522,1180220.62191535,2023,27,2,1,1920,2537-1180
2580269,1212207,2022,27,1,2,1920,2580-1212
2660047,1270561,2025,27,2,6,1920,2660-1270
2615447,1174311,2021,27,1,2,1920,2615-1174
2710873,1114347,2023,27,5,1,1920,2710-1114
2670300.06850856,1242299.56432465,2025,27,2,2,1920,2670-1242
2501583.17199448,1118282.88992867,2023,27,1,1,1920,2501-1118
2537509.61018522,1180220.62191535,2024,27,1,1,1920,2537-1180
2660500,1270500,2025,33,1,1,1920,2660-1270
2788624,1158118,2021,33,2,4,1920,2788-1158
2687192,1272127,2025,33,1,2,1920,2687-1272
2660219,1269922,2025,33,1,2,1920,2660-1269
2660329,1269896,2024,33,2,1,1920,2660-1269
2710152,1112648,2024,33,6,2,1920,2710-1112
2615473,1174298,2021,33,1,1,1920,2615-1174
2686888,1272142,2025,33,1,2,1920,2686-1272
2678261,1268393,2025,39,3,13,1920,2678-1268
2712500,1271500,2025,39,2,2,1920,2712-1271
2569208,1203396,2022,39,1,2,1920,2569-1203
2492169.65465848,1117572.10299196,2025,39,2,1,1920,2492-1117
2670310,1242382,2023,39,1,2,1920,2670-1242
2678178,1267429,2025,39,4,13,1920,2678-1267
2710295,1112421,2024,39,2,4,1920,2710-1112
2660500,1270500,2021,45,1,0,1920,2660-1270
2820063,1187682,2023,45,1,0,1920,2820-1187
2660385,1269821,2021,45,1,0,1920,2660-1269
2580090.6502114,1212497.13430467,2022,45,1,0,1920,2580-1212
2537509.61018522,1180220.62191536,2022,45,1,0,1920,2537-1180
2678743.88625199,1261738.64812515,2023,45,1,0,1920,2678-1261
2579972,1212188,2021,51,1,0,1920,2579-1212
2579894,1212116,2024,51,1,0,1920,2579-1212
2537509.61018522,1180220.62191536,2021,51,1,0,1920,2537-1180
2537509.61018522,1180220.62191535,2025,51,2,0,1920,2537-1180
2537509.61018522,1180220.62191536,2022,51,5,0,1920,2537-1180
2670300.06850856,1242299.56432466,2021,51,2,0,1920,2670-1242
2537509.61018522,1180220.62191536,2021,51,2,0,1920,2537-1180
2537509.61018522,1180220.62191535,2025,51,3,0,1920,2537-1180
2670300.06850856,1242299.56432466,2021,51,1,0,1920,2670-1242
2670300.06850856,1242299.56432466,2021,51,1,0,1920,2670-1242
2537509.61018522,1180220.62191536,2022,51,3,0,1920,2537-1180
2705334.11030412,1112037.5543074,2021,51,1,0,1920,2705-1112
2537509.61018522,1180220.62191535,2023,15,4,0,1920,2537-1180
2537509.61018522,1180220.62191535,2024,15,1,0,1920,2537-1180
2537509.61018522,1180220.62191535,2023,15,4,0,1920,2537-1180
2579872,1212302,2023,15,1,0,1920,2579-1212
2670353,1242566,2025,15,4,0,1920,2670-1242
2537509.61018522,1180220.62191535,2024,15,2,0,1920,2537-1180
2490413,1112761,2025,15,2,0,1920,2490-1112
2708084,1229051,2023,15,1,0,1920,2708-1229
2709995,1112674,2021,21,1,0,1920,2709-1112
2580090.6502114,1212497.13430467,2021,21,1,0,1920,2580-1212
2537509.61018522,1180220.62191535,2024,21,3,0,1920,2537-1180
2620500,1265500,2025,21,2,0,1920,2620-1265
2660416,1269921,2025,21,2,0,1920,2660-1269
2670188,1242502,2024,21,2,0,1920,2670-1242
2710199,1112536,2021,21,1,0,1920,2710-1112
2675884,1268820,2025,21,3,0,1920,2675-1268
2568805,1175919,2025,21,1,0,1920,2568-1175
2537509.61018522,1180220.62191535,2024,21,1,0,1920,2537-1180
2670300.06850856,1242299.56432465,2025,21,1,0,1920,2670-1242
2537509.61018522,1180220.62191535,2023,21,13,0,1920,2537-1180
2537509.61018522,1180220.62191535,2023,21,12,0,1920,2537-1180
2705334.11030412,1112037.5543074,2021,21,3,0,1920,2705-1112
2705334.11030412,1112037.55430739,2023,21,2,0,1920,2705-1112
2710500,1112500,2023,21,2,0,1920,2710-1112
2627500,1234500,2025,21,2,0,1920,2627-1234
2704765,1112009,2023,21,2,0,1920,2704-1112
2579892,1212111,2024,21,1,0,1920,2579-1212
2704867,1112229,2023,21,1,0,1920,2704-1112
2634183,1243696,2024,21,1,0,1920,2634-1243
2660500,1269500,2024,21,2,0,1920,2660-1269
2705334.11030412,1112037.55430739,2023,21,1,0,1920,2705-1112
2705334.11030412,1112037.55430739,2023,21,4,0,1920,2705-1112
2760521,1203059,2021,21,2,0,1920,2760-1203
2610507,1227931,2024,21,2,6,1920,2610-1227
2615500,1174500,2021,21,4,0,1920,2615-1174
2678743.88625199,1261738.64812515,2022,27,2,1,1920,2678-1261
2700000.59040254,1272100.79127784,2021,27,2,4,1920,2700-1272
2660500,1270500,2025,27,4,1,1920,2660-1270
2704380,1112547,2024,27,4,5,1920,2704-1112
2660343,1269967,2025,27,1,1,1920,2660-1269
2660403,1269889,2025,27,1,1,1920,2660-1269
2615478,1174347,2021,27,2,2,1920,2615-1174
2537509.61018522,1180220.62191535,2023,27,1,1,1920,2537-1180
2757669,1234809,2025,27,1,2,1920,2757-1234
2660290,1269863,2025,27,1,2,1920,2660-1269
2710145,1112615,2024,27,2,1,1920,2710-1112
2670187,1242352,2025,27,2,7,1920,2670-1242
2670174,1242392,2024,27,1,2,1920,2670-1242
2710858,1114484,2024,27,4,1,1920,2710-1114
2573897.86869191,1162640.09628771,2023,27,2,18,1920,2573-1162
2610575,1227834,2022,27,6,13,1920,2610-1227
2610547,1227889,2023,27,2,4,1920,2610-1227
2634193,1243754,2024,27,1,2,1920,2634-1243
2610500,1227500,2021,27,1,18,1920,2610-1227
2670500,1242500,2024,27,3,18,1920,2670-1242
2620500,1265500,2021,27,1,2,1920,2620-1265
2713500,1231500,2024,27,1,2,1920,2713-1231
2610535,1227934,2021,27,1,18,1920,2610-1227
2610549,1227895,2021,27,2,18,1920,2610-1227
2755265,1212411,2023,27,2,2,1920,2755-1212
2820052,1187699,2023,27,1,2,1920,2820-1187
2640071,1266434,2025,33,3,6,1920,2640-1266
2788927,1158067,2023,33,1,2,1920,2788-1158
2687403,1264151,2025,33,5,13,1920,2687-1264
2670300.06850856,1242299.56432465,2023,33,4,18,1920,2670-1242
2710198,1112559,2024,33,4,4,1920,2710-1112
2720969,1253936,2025,33,4,13,1920,2720-1253
2729734,1275459,2021,33,2,2,1920,2729-1275
2579500,1212500,2025,39,1,13,1920,2579-1212
2709443,1112565,2025,39,1,2,1920,2709-1112
2610543,1227902,2023,39,2,18,1920,2610-1227
2678743.88625199,1261738.64812515,2024,45,4,0,1920,2678-1261
2678743.88625199,1261738.64812515,2023,45,1,0,1920,2678-1261
2678515.88908633,1261671.64722243,2023,45,1,0,1920,2678-1261
2611957.60365889,1128557.58146105,2021,45,1,0,1920,2611-1128
2537509.61018522,1180220.62191535,2025,45,3,0,1920,2537-1180
2537509.61018522,1180220.62191536,2022,45,2,0,1920,2537-1180
2678178,1267429,2022,45,2,13,1920,2678-1267
2537509.61018522,1180220.62191535,2025,45,1,0,1920,2537-1180
2670300.06850856,1242299.56432465,2023,45,2,0,1920,2670-1242
2537509.61018522,1180220.62191535,2025,52,1,0,1920,2537-1180
2537509.61018522,1180220.62191536,2022,52,5,0,1920,2537-1180
2537509.61018522,1180220.62191536,2022,52,1,0,1920,2537-1180
2537509.61018522,1180220.62191536,2021,52,1,0,1920,2537-1180
2537509.61018522,1180220.62191536,2022,52,6,0,1920,2537-1180
2537509.61018522,1180220.62191535,2025,52,2,0,1920,2537-1180
2537509.61018522,1180220.62191536,2021,52,1,0,1920,2537-1180
2580090.6502114,1212497.13430467,2021,52,1,0,1920,2580-1212
2614587,1174650,2024,52,2,0,1920,2614-1174
2537509.61018522,1180220.62191536,2021,52,1,0,1920,2537-1180
2537509.61018522,1180220.62191536,2022,52,2,0,1920,2537-1180
2537509.61018522,1180220.62191536,2022,52,3,0,1920,2537-1180
2678410,1261655,2024,52,1,0,1920,2678-1261
2678442,1261709,2024,52,1,0,1920,2678-1261
2670223,1242544,2025,15,5,0,1920,2670-1242
2670332,1242364,2025,15,1,0,1920,2670-1242
2670285,1242300,2021,15,1,0,1920,2670-1242
2670054,1242551,2025,15,6,0,1920,2670-1242
2670300.06850856,1242299.56432465,2021,15,1,0,1920,2670-1242
2537509.61018522,1180220.62191535,2023,15,1,0,1920,2537-1180
2670300.06850856,1242299.56432465,2025,15,5,0,1920,2670-1242
2670300.06850856,1242299.56432466,2021,15,1,0,1920,2670-1242
2706500,1230500,2025,15,1,0,1920,2706-1230
2558730.38781529,1138466.35807626,2022,15,2,0,1920,2558-1138
2660378,1269857,2022,21,1,0,1920,2660-1269
2758500,1236500,2022,21,7,0,1920,2758-1236
2660500,1270500,2024,21,2,0,1920,2660-1270
2607500,1216500,2024,21,2,0,1920,2607-1216
2620500,1265500,2022,21,2,0,1920,2620-1265
2660500,1270500,2021,21,1,0,1920,2660-1270
2569525.56262002,1203696.28167077,2022,21,1,0,1920,2569-1203
2615466,1174339,2023,21,3,0,1920,2615-1174
2614581,1174620,2023,21,2,0,1920,2614-1174
2537509.61018522,1180220.62191535,2024,21,1,0,1920,2537-1180
2537509.61018522,1180220.62191535,2024,21,1,0,1920,2537-1180
2558688,1138512,2023,21,2,0,1920,2558-1138
2569500,1203500,2024,21,2,0,1920,2569-1203
2672704,1232077,2025,21,2,0,1920,2672-1232
2670288,1242293,2024,21,2,2,1920,2670-1242
2669900,1242567,2023,21,1,0,1920,2669-1242
2710191,1112555,2021,21,2,0,1920,2710-1112
2670368,1242319,2025,21,1,0,1920,2670-1242
2670387,1242424,2023,21,3,6,1920,2670-1242
2757238,1234021,2021,21,1,0,1920,2757-1234
2670303,1242357,2023,21,1,0,1920,2670-1242
2710173,1112595,2021,21,2,0,1920,2710-1112
2710770,1114433,2023,21,2,0,1920,2710-1114
2670141,1242393,2023,21,1,0,1920,2670-1242
2709683,1113255,2021,21,1,0,1920,2709-1113
2705222,1111844,2025,21,2,0,1920,2705-1111
2709694,1113318,2021,21,1,0,1920,2709-1113
2610551,1227884,2021,21,1,2,1920,2610-1227
2709425,1112712,2021,21,17,0,1920,2709-1112
2634282,1244094,2025,21,2,0,1920,2634-1244
2670300.06850856,1242299.56432465,2023,21,2,0,1920,2670-1242
2670300.06850856,1242299.56432466,2022,21,2,0,1920,2670-1242
2670300.06850856,1242299.56432465,2023,21,1,0,1920,2670-1242
2670300.06850856,1242299.56432466,2022,21,5,0,1920,2670-1242
2670300.06850856,1242299.56432465,2025,21,1,0,1920,2670-1242
2670300.06850856,1242299.56432466,2021,21,3,0,1920,2670-1242
2670300.06850856,1242299.56432465,2023,21,2,0,1920,2670-1242
2670300.06850856,1242299.56432466,2022,21,1,0,1920,2670-1242
2670300.06850856,1242299.56432466,2021,21,1,0,1920,2670-1242
2700000.59040254,1272100.79127784,2021,21,1,0,1920,2700-1272
2618670.65278626,1128170.52219958,2025,21,2,0,1920,2618-1128
2705334.11030412,1112037.5543074,2021,21,2,0,1920,2705-1112
2678743.88625199,1261738.64812515,2023,21,1,0,1920,2678-1261
2687500,1272500,2021,21,1,0,1920,2687-1272
2660500,1270500,2022,21,2,0,1920,2660-1270
2634190,1243690,2024,21,2,0,1920,2634-1243
2710500,1112500,2021,21,2,0,1920,2710-1112
2706500,1230500,2021,21,1,0,1920,2706-1230
2660500,1270500,2021,21,1,0,1920,2660-1270
2688743,1272062,2025,21,2,0,1920,2688-1272
2788728,1158444,2022,21,1,0,1920,2788-1158
2688794,1272129,2025,21,2,7,1920,2688-1272
2789102,1159408,2023,21,2,0,1920,2789-1159
2788846,1158836,2024,27,1,2,1920,2788-1158
2788867,1158695,2024,27,1,2,1920,2788-1158
2687291,1272135,2022,27,1,2,1920,2687-1272
2634190,1243722,2024,27,2,4,1920,2634-1243
2670500,1242500,2021,27,2,2,1920,2670-1242
2610512,1227934,2024,27,2,18,1920,2610-1227
2537509.61018522,1180220.62191535,2023,27,1,1,1920,2537-1180
2612645,1128388,2023,27,1,1,1920,2612-1128
2579893,1212102,2024,27,2,2,1920,2579-1212
2709735,1112527,2022,27,1,2,1920,2709-1112
2709674,1112509,2022,27,1,2,1920,2709-1112
2710107,1112555,2022,27,1,3,1920,2710-1112
2710235,1112627,2022,27,1,18,1920,2710-1112
2660035,1270534,2025,27,3,2,1920,2660-1270
2659055,1220174,2025,27,2,18,1920,2659-1220
2700000.59040254,1272100.79127784,2021,27,5,1,1920,2700-1272
2678743.88625199,1261738.64812515,2022,27,3,4,1920,2678-1261
2678743.88625199,1261738.64812515,2022,27,1,1,1920,2678-1261
2558730.38781529,1138466.35807626,2022,27,1,2,1920,2558-1138
2580147,1212297,2022,27,1,2,1920,2580-1212
2580156,1212259,2022,27,1,2,1920,2580-1212
2789500,1159500,2022,33,1,2,1920,2789-1159
2670500,1242500,2024,33,3,4,1920,2670-1242
2788720,1158139,2021,33,4,19,1920,2788-1158
2678500,1261500,2025,33,1,19,1920,2678-1261
2615462,1174331,2021,33,1,1,1920,2615-1174
2750180,1184768,2022,33,6,19,1920,2750-1184
2640132,1266426,2025,33,2,6,1920,2640-1266
2670382,1242425,2023,33,2,2,1920,2670-1242
2660500,1270500,2025,33,2,1,1920,2660-1270
2680500,1271500,2023,33,3,2,1920,2680-1271
2610291,1226307,2021,39,5,13,1920,2610-1226
2660258,1270176,2025,39,1,1,1920,2660-1270
2660500,1270500,2025,39,2,4,1920,2660-1270
2707697.43489667,1278958.87957616,2025,39,1,1,1920,2707-1278
2579973,1212188,2024,46,4,0,1920,2579-1212
2670300.06850856,1242299.56432465,2023,46,1,0,1920,2670-1242
2670354,1242328,2024,46,2,0,1920,2670-1242
2579981,1212154,2021,52,1,0,1920,2579-1212
2537509.61018522,1180220.62191535,2025,52,3,0,1920,2537-1180
2537509.61018522,1180220.62191535,2025,52,4,0,1920,2537-1180
2537509.61018522,1180220.62191535,2025,52,3,0,1920,2537-1180
2569432,1203641,2025,52,2,0,1920,2569-1203
2537509.61018522,1180220.62191536,2021,52,1,0,1920,2537-1180
2580090.6502114,1212497.13430467,2021,52,3,0,1920,2580-1212
2670384,1242427,2022,15,2,0,1920,2670-1242
2670230,1242293,2025,15,1,0,1920,2670-1242
2670326,1242460,2025,15,5,0,1920,2670-1242
2670300.06850856,1242299.56432466,2022,15,1,0,1920,2670-1242
2670300.06850856,1242299.56432465,2025,15,5,0,1920,2670-1242
2670500,1242500,2022,15,1,0,1920,2670-1242
2705334.11030412,1112037.5543074,2022,15,6,0,1920,2705-1112
2660007,1270233,2025,15,1,0,1920,2660-1270
2660002,1270575,2025,15,1,0,1920,2660-1270
2660152,1270461,2025,15,1,0,1920,2660-1270
2709557,1112454,2025,15,1,0,1920,2709-1112
2610606,1227765,2025,15,1,0,1920,2610-1227
2558730.38781529,1138466.35807626,2023,15,1,0,1920,2558-1138
2537509.61018522,1180220.62191535,2024,15,2,0,1920,2537-1180
2537509.61018522,1180220.62191535,2024,21,1,0,1920,2537-1180
2707697.43489667,1278958.87957616,2023,21,3,0,1920,2707-1278
2537509.61018522,1180220.62191535,2024,21,1,0,1920,2537-1180
2537509.61018522,1180220.62191535,2024,21,1,0,1920,2537-1180
2537509.61018522,1180220.62191535,2024,21,1,0,1920,2537-1180
2569620,1203741,2025,21,1,0,1920,2569-1203
2537509.61018522,1180220.62191535,2023,21,31,0,1920,2537-1180
2660343,1269965,2022,21,1,0,1920,2660-1269
2660438,1269877,2022,21,2,0,1920,2660-1269
2670096,1242577,2021,21,1,0,1920,2670-1242
2710178,1112563,2021,21,2,0,1920,2710-1112
2710190,1112553,2023,21,2,0,1920,2710-1112
2710207,1112589,2023,21,1,0,1920,2710-1112
2670097,1242482,2022,21,4,0,1920,2670-1242
2670160,1242535,2023,21,2,0,1920,2670-1242
2710259,1112597,2023,21,3,0,1920,2710-1112
2670313,1242355,2021,21,1,0,1920,2670-1242
2670194,1242329,2023,21,2,0,1920,2670-1242
2710176,1112600,2023,21,3,0,1920,2710-1112
2706500,1230500,2021,21,1,0,1920,2706-1230
2687500,1272500,2021,21,1,0,1920,2687-1272
2759500,1263500,2021,21,1,0,1920,2759-1263
2710500,1112500,2021,21,2,0,1920,2710-1112
2706500,1230500,2021,21,1,0,1920,2706-1230
2620500,1265500,2023,21,2,0,1920,2620-1265
2670300.06850856,1242299.56432466,2022,21,5,0,1920,2670-1242
2670300.06850856,1242299.56432465,2023,21,2,0,1920,2670-1242
2537509.61018522,1180220.62191535,2024,21,2,0,1920,2537-1180
2670300.06850856,1242299.56432466,2021,21,1,0,1920,2670-1242
2670300.06850856,1242299.56432466,2022,21,5,0,1920,2670-1242
2678743.88625199,1261738.64812515,2023,21,1,3,1920,2678-1261
2618083.64816464,1128164.52708708,2025,21,2,0,1920,2618-1128
2712500,1113500,2023,21,2,0,1920,2712-1113
2558595,1138457,2025,21,2,0,1920,2558-1138
2680479,1272324,2024,21,2,4,1920,2680-1272
2754578,1213901,2023,21,1,0,1920,2754-1213
2754507,1213889,2023,21,1,0,1920,2754-1213
2705419,1111944,2021,21,15,0,1920,2705-1111
2705102,1111838,2023,21,3,0,1920,2705-1111
2709428,1112550,2021,21,10,0,1920,2709-1112
2687447,1272097,2025,21,4,0,1920,2687-1272
2688994,1272062,2022,21,1,0,1920,2688-1272
2687224,1272104,2024,21,3,7,1920,2687-1272
2558672,1138516,2023,21,2,0,1920,2558-1138
2820032,1187644,2021,21,3,3,1920,2820-1187
2660500,1270500,2022,21,2,0,1920,2660-1270
2610575,1227829,2022,21,3,6,1920,2610-1227
2668396,1256369,2022,21,2,4,1920,2668-1256
2708500,1229500,2023,21,1,0,1920,2708-1229
2672500,1232500,2022,21,2,0,1920,2672-1232
2634500,1243500,2025,21,2,0,1920,2634-1243
2558730.38781529,1138466.35807626,2025,21,2,0,1920,2558-1138
2558500,1138500,2023,21,1,0,1920,2558-1138
2712500,1113500,2021,27,1,1,1920,2712-1113
2788673,1158487,2025,27,2,2,1920,2788-1158
2537509.61018522,1180220.62191535,2023,27,2,1,1920,2537-1180
2537509.61018522,1180220.62191535,2023,27,3,1,1920,2537-1180
2670224,1242540,2022,27,3,1,1920,2670-1242
2710885,1114382,2024,27,5,1,1920,2710-1114
2490500,1111500,2023,27,1,2,1920,2490-1111
2501583.17199448,1118282.88992867,2023,27,1,1,1920,2501-1118
2670300.06850856,1242299.56432466,2021,27,1,2,1920,2670-1242
2537509.61018522,1180220.62191535,2023,27,1,1,1920,2537-1180
2678743.88625199,1261738.64812515,2022,27,1,2,1920,2678-1261
2610568,1227881,2022,27,7,13,1920,2610-1227
2579889,1212093,2024,27,1,2,1920,2579-1212
2610535,1227917,2021,27,2,18,1920,2610-1227
2788671,1158147,2021,34,5,19,1920,2788-1158
2620500,1233500,2025,34,4,4,1920,2620-1233
2788698,1158172,2021,34,5,13,1920,2788-1158
2579927,1212221,2024,34,2,6,1920,2579-1212
2757919,1218050,2021,34,1,2,1920,2757-1218
2678178,1267429,2025,34,3,6,1920,2678-1267
2670258,1242303,2025,34,1,2,1920,2670-1242
2615566,1174226,2023,34,1,2,1920,2615-1174
2660500,1270500,2024,34,1,1,1920,2660-1270
2610555,1227870,2022,34,4,18,1920,2610-1227
2655500,1272500,2025,34,2,4,1920,2655-1272
2579942,1212143,2022,34,1,2,1920,2579-1212
2758500,1236500,2024,40,6,1,1920,2758-1236
2786636,1145601,2025,40,1,2,1920,2786-1145
2579878,1212293,2023,40,1,1,1920,2579-1212
2569695,1203117,2023,40,1,1,1920,2569-1203
2569702,1203045,2022,40,5,2,1920,2569-1203
2569644,1203207,2022,40,1,1,1920,2569-1203
2634108,1243812,2024,40,1,2,1920,2634-1243
2610541,1227900,2023,40,2,18,1920,2610-1227
2579500,1212500,2022,46,2,0,1920,2579-1212
2678743.88625199,1261738.64812515,2024,46,2,0,1920,2678-1261
2670300.06850856,1242299.56432465,2024,46,2,0,1920,2670-1242
2537509.61018522,1180220.62191535,2025,46,4,0,1920,2537-1180
2670300.06850856,1242299.56432465,2023,46,3,0,1920,2670-1242
2670300.06850856,1242299.56432465,2023,46,3,0,1920,2670-1242
2620500,1265500,2021,46,1,0,1920,2620-1265
2537509.61018522,1180220.62191536,2022,46,5,0,1920,2537-1180
2579885,1212106,2024,46,2,0,1920,2579-1212
2660500,1270500,2025,52,1,0,1920,2660-1270
2705334.11030412,1112037.55430739,2023,52,1,0,1920,2705-1112
2820192,1187673,2025,52,1,0,1920,2820-1187
2537509.61018522,1180220.62191536,2021,52,1,0,1920,2537-1180
2537509.33912911,1180220.23220746,2025,52,1,0,1920,2537-1180
2537509.61018522,1180220.62191536,2022,52,5,0,1920,2537-1180
2537509.61018522,1180220.62191536,2022,52,7,0,1920,2537-1180
2580090.6502114,1212497.13430467,2021,52,4,0,1920,2580-1212
2537509.61018522,1180220.62191535,2025,52,2,0,1920,2537-1180
2537509.61018522,1180220.62191536,2022,52,5,0,1920,2537-1180
2579835,1212253,2021,52,3,0,1920,2579-1212
2537509.61018522,1180220.62191535,2025,52,4,0,1920,2537-1180
2670045,1242552,2023,52,2,0,1920,2670-1242
2670377,1242283,2023,52,1,0,1920,2670-1242
2670300.06850856,1242299.56432466,2021,52,2,0,1920,2670-1242
2660500,1270500,2025,52,1,0,1920,2660-1270
2569330,1203172,2023,52,1,0,1920,2569-1203
2579970,1212188,2023,52,1,0,1920,2579-1212
2579967,1212193,2021,52,2,0,1920,2579-1212
2537509.61018522,1180220.62191535,2024,15,5,0,1920,2537-1180
2707736,1278917,2025,15,3,0,1920,2707-1278
2670310,1242344,2025,15,3,0,1920,2670-1242
2670078,1242522,2025,15,1,0,1920,2670-1242
2710223,1112611,2023,15,1,0,1920,2710-1112
2670300.06850856,1242299.56432465,2024,15,3,0,1920,2670-1242
2706500,1230500,2025,15,1,0,1920,2706-1230
2660500,1270500,2025,15,1,0,1920,2660-1270
2660500,1270500,2021,22,1,0,1920,2660-1270
2537509.61018522,1180220.62191535,2024,22,3,0,1920,2537-1180
2580090.6502114,1212497.13430467,2021,22,2,0,1920,2580-1212
2750601,1263581,2025,22,4,0,1920,2750-1263
2537509.61018522,1180220.62191535,2023,22,15,0,1920,2537-1180
2537509.61018522,1180220.62191535,2024,22,1,0,1920,2537-1180
2712500,1113500,2023,22,2,0,1920,2712-1113
2709500,1112500,2023,22,5,0,1920,2709-1112
2710500,1112500,2021,22,2,0,1920,2710-1112
2670006,1242530,2023,22,1,0,1920,2670-1242
2710195,1112503,2022,22,1,0,1920,2710-1112
2712818,1113898,2023,22,2,0,1920,2712-1113
2712728,1113909,2023,22,2,0,1920,2712-1113
2670060,1242552,2022,22,2,0,1920,2670-1242
2669974,1242605,2024,22,2,0,1920,2669-1242
2670227,1242543,2025,22,1,0,1920,2670-1242
2705390,1111914,2025,22,2,0,1920,2705-1111
2709294,1112421,2021,22,6,0,1920,2709-1112
2558500,1138500,2023,22,6,0,1920,2558-1138
2558850,1138510,2023,22,1,0,1920,2558-1138
2634200,1243718,2025,22,1,0,1920,2634-1243
2687076,1272089,2025,22,3,0,1920,2687-1272
2670300.06850856,1242299.56432466,2021,22,2,0,1920,2670-1242
2537509.61018522,1180220.62191535,2024,22,3,0,1920,2537-1180
2670300.06850856,1242299.56432466,2022,22,3,0,1920,2670-1242
2537509.61018522,1180220.62191535,2024,22,3,0,1920,2537-1180
2670300.06850856,1242299.56432465,2025,22,2,0,1920,2670-1242
2699949,1272181,2022,22,1,0,1920,2699-1272
2610511,1227932,2024,22,2,7,1920,2610-1227
2558715,1138483,2023,22,6,0,1920,2558-1138
2706500,1230500,2023,22,1,0,1920,2706-1230
2712500,1113500,2023,22,2,0,1920,2712-1113
2709343,1112557,2021,22,5,0,1920,2709-1112
2660500,1270500,2022,22,2,0,1920,2660-1270
2712500,1113500,2023,22,2,0,1920,2712-1113
2712500,1113500,2023,22,2,0,1920,2712-1113
2660500,1270500,2022,22,2,0,1920,2660-1270
2709500,1112500,2023,22,5,0,1920,2709-1112
2610500,1227500,2025,22,1,3,1920,2610-1227
2678743.88625199,1261738.64812515,2022,22,2,0,1920,2678-1261
2678743.88625199,1261738.64812515,2022,22,2,0,1920,2678-1261
2660144,1270228,2025,22,1,0,1920,2660-1270
2660373,1269884,2022,22,2,0,1920,2660-1269
2610500,1227500,2021,28,1,18,1920,2610-1227
2758192,1236399,2021,28,1,2,1920,2758-1236
2537509.61018522,1180220.62191535,2023,28,2,1,1920,2537-1180
2615479,1174279,2025,28,2,2,1920,2615-1174
2710808,1114241,2024,28,1,1,1920,2710-1114
2670176,1242399,2021,28,1,2,1920,2670-1242
2757224,1233977,2021,28,2,4,1920,2757-1233
2755950,1230672,2021,28,2,4,1920,2755-1230
2757624,1234849,2021,28,2,5,1920,2757-1234
2704841,1112012,2024,28,1,1,1920,2704-1112
2678368,1261913,2025,28,1,2,1920,2678-1261
2612590,1128227,2024,28,2,1,1920,2612-1128
2612647,1128219,2024,28,2,1,1920,2612-1128
2653913,1252256,2024,28,5,13,1920,2653-1252
2689601,1272012,2024,28,2,4,1920,2689-1272
2670300.06850856,1242299.56432465,2024,28,1,2,1920,2670-1242
2687500,1272500,2025,28,1,2,1920,2687-1272
2658500,1254500,2023,28,1,2,1920,2658-1254
2608500,1268500,2023,28,1,1,1920,2608-1268
2788790,1158180,2021,34,4,13,1920,2788-1158
2658500,1253500,2025,34,2,2,1920,2658-1253
2660500,1270500,2025,34,3,2,1920,2660-1270
2678549,1268032,2024,34,2,13,1920,2678-1268
2760440,1202786,2024,34,1,2,1920,2760-1202
2760423,1202705,2024,34,2,4,1920,2760-1202
2634138,1243839,2021,34,2,13,1920,2634-1243
2709667,1112508,2022,34,3,4,1920,2709-1112
2670075,1242569,2023,34,4,2,1920,2670-1242
2710189,1112555,2024,34,4,2,1920,2710-1112
2678365,1261738,2025,40,1,1,1920,2678-1261
2569692,1203095,2023,40,3,1,1920,2569-1203
2708597,1229162,2021,40,1,1,1920,2708-1229
2757671,1234872,2021,40,2,4,1920,2757-1234
2757846,1235356,2021,40,2,4,1920,2757-1235
2758203,1236480,2021,40,2,4,1920,2758-1236
2678178,1267429,2022,40,2,13,1920,2678-1267
2678208,1267473,2022,40,1,13,1920,2678-1267
2709954,1112577,2025,46,2,0,1920,2709-1112
2580090.6502114,1212497.13430467,2023,46,1,0,1920,2580-1212
2579500,1212500,2023,46,1,0,1920,2579-1212
2579832,1212233,2024,46,2,0,1920,2579-1212
2670500,1242500,2021,52,3,0,1920,2670-1242
2706500,1230500,2025,52,1,0,1920,2706-1230
2670300.06850856,1242299.56432466,2021,52,2,0,1920,2670-1242
2537509.61018522,1180220.62191536,2022,52,1,0,1920,2537-1180
2670300.06850856,1242299.56432465,2024,52,1,0,1920,2670-1242
2537509.61018522,1180220.62191536,2022,52,1,0,1920,2537-1180
2670300.06850856,1242299.56432466,2021,52,2,0,1920,2670-1242
2537509.61018522,1180220.62191536,2022,52,6,0,1920,2537-1180
2537509.61018522,1180220.62191535,2025,52,2,0,1920,2537-1180
2537509.61018522,1180220.62191536,2022,52,6,0,1920,2537-1180
2537509.61018522,1180220.62191536,2022,52,6,0,1920,2537-1180
2537509.61018522,1180220.62191536,2021,52,2,0,1920,2537-1180
2537509.61018522,1180220.62191536,2021,52,2,0,1920,2537-1180
2537509.61018522,1180220.62191535,2025,52,2,0,1920,2537-1180
2688745,1272067,2025,16,1,0,1920,2688-1272
2709552,1112700,2022,16,4,0,1920,2709-1112
2660162,1270396,2025,16,1,0,1920,2660-1270
2660500,1270500,2025,16,1,0,1920,2660-1270
2750436,1263762,2023,16,1,0,1920,2750-1263
2558730.38781529,1138466.35807626,2025,16,1,0,1920,2558-1138
2706500,1230500,2025,16,1,0,1920,2706-1230
2670363,1242317,2025,16,5,0,1920,2670-1242
2669996,1242571,2025,16,6,0,1920,2669-1242
2670067,1242445,2025,16,4,0,1920,2670-1242
2758273,1236805,2021,22,3,0,1920,2758-1236
2710235,1112605,2021,22,1,0,1920,2710-1112
2615511,1174259,2025,22,1,0,1920,2615-1174
2712210,1113623,2025,22,1,0,1920,2712-1113
2710836,1112654,2021,22,2,0,1920,2710-1112
2751500,1263500,2021,22,1,0,1920,2751-1263
2627500,1234500,2022,22,1,0,1920,2627-1234
2660302,1269847,2025,22,1,0,1920,2660-1269
2660500,1270500,2021,22,1,0,1920,2660-1270
2670300.06850856,1242299.56432466,2022,22,1,0,1920,2670-1242
2706500,1230500,2021,22,1,0,1920,2706-1230
2660500,1270500,2022,22,2,0,1920,2660-1270
2700000.59040254,1272100.79127784,2022,22,2,0,1920,2700-1272
2700000.59040254,1272100.79127784,2021,22,4,0,1920,2700-1272
2705334.11030412,1112037.55430739,2023,22,2,0,1920,2705-1112
2683410,1256093,2022,22,2,0,1920,2683-1256
2704814,1112233,2023,22,2,0,1920,2704-1112
2709203,1112465,2021,22,2,0,1920,2709-1112
2579974,1212185,2021,22,2,0,1920,2579-1212
2709596,1112524,2021,22,1,0,1920,2709-1112
2705403,1111968,2023,22,3,0,1920,2705-1111
2704837,1112282,2023,22,3,0,1920,2704-1112
2680706,1272185,2022,22,3,0,1920,2680-1272
2608500,1268500,2023,22,1,0,1920,2608-1268
2660500,1270500,2021,22,1,0,1920,2660-1270
2760968,1201045,2025,22,2,0,1920,2760-1201
2610589,1227792,2022,22,2,6,1920,2610-1227
2610546,1227887,2021,22,3,2,1920,2610-1227
2820048,1187643,2023,22,3,0,1920,2820-1187
2706500,1230500,2021,22,1,0,1920,2706-1230
2705334.11030412,1112037.55430739,2023,22,4,0,1920,2705-1112
2634206,1243754,2024,22,1,0,1920,2634-1243
2558675,1138505,2021,22,1,0,1920,2558-1138
2580090.6502114,1212497.13430467,2022,22,2,0,1920,2580-1212
2750798,1263742,2025,22,2,0,1920,2750-1263
2614593,1174669,2025,22,2,0,1920,2614-1174
2537509.61018522,1180220.62191535,2023,22,37,0,1920,2537-1180
2623500,1232500,2021,28,5,13,1920,2623-1232
2660309,1269922,2025,28,1,1,1920,2660-1269
2670656,1242071,2025,28,2,2,1920,2670-1242
2754500,1213500,2025,28,2,4,1920,2754-1213
2791500,1148500,2022,28,2,1,1920,2791-1148
2678743.88625199,1261738.64812515,2025,28,1,1,1920,2678-1261
2655500,1272500,2024,28,1,1,1920,2655-1272
2569418,1203346,2022,28,1,2,1920,2569-1203
2618263,1128092,2025,28,3,6,1920,2618-1128
2618542,1128098,2025,28,2,4,1920,2618-1128
2610552,1227888,2021,28,4,13,1920,2610-1227
2634144,1243760,2024,28,1,2,1920,2634-1243
2558685,1138482,2022,28,1,3,1920,2558-1138
2618469.64807727,1127791.52445119,2025,28,2,4,1920,2618-1127
2610542,1227895,2023,28,2,4,1920,2610-1227
2615541,1174296,2021,34,1,2,1920,2615-1174
2688797,1272066,2024,34,2,4,1920,2688-1272
2688798,1272067,2024,34,2,4,1920,2688-1272
2678743.88625199,1261738.64812515,2024,40,1,1,1920,2678-1261
2534275,1163515,2024,40,1,8,1920,2534-1163
2788856,1158836,2021,40,2,13,1920,2788-1158
2708500,1229500,2021,40,7,1,1920,2708-1229
2757955,1235688,2021,40,5,1,1920,2757-1235
2579500,1212500,2022,40,3,1,1920,2579-1212
2755183,1212456,2025,40,4,13,1920,2755-1212
2678178,1267429,2022,40,4,13,1920,2678-1267
2708165,1229067,2021,40,3,1,1920,2708-1229
2687114,1272155,2025,40,4,13,1920,2687-1272
2687192,1272127,2025,40,4,13,1920,2687-1272
2617235.02392802,1170951.55638387,2025,40,1,1,1920,2617-1170
2706500,1230500,2022,46,1,0,1920,2706-1230
2678743.88625199,1261738.64812515,2023,46,2,0,1920,2678-1261
2670500,1242500,2023,46,1,0,1920,2670-1242
2660500,1270500,2025,46,2,0,1920,2660-1270
2820400.2152294,1187699.84569918,2023,46,2,13,1920,2820-1187
2537509.61018522,1180220.62191536,2022,46,1,0,1920,2537-1180
2537509.61018522,1180220.62191535,2025,46,5,0,1920,2537-1180
2670158,1242350,2024,46,3,0,1920,2670-1242
2670419,1242292,2024,46,2,0,1920,2670-1242
2627500,1268500,2025,46,1,0,1920,2627-1268
2706500,1230500,2022,46,1,0,1920,2706-1230
2579890,1212096,2024,46,2,0,1920,2579-1212
2615521,1174246,2022,52,1,0,1920,2615-1174
2537509.61018522,1180220.62191535,2025,52,1,0,1920,2537-1180
2537509.61018522,1180220.62191536,2022,52,3,0,1920,2537-1180
2537509.61018522,1180220.62191536,2022,52,2,0,1920,2537-1180
2537509.61018522,1180220.62191536,2022,52,,0,1920,2537-1180
2537509.61018522,1180220.62191536,2022,52,5,0,1920,2537-1180
2537509.61018522,1180220.62191536,2022,52,,0,1920,2537-1180
2537509.61018522,1180220.62191536,2022,52,4,0,1920,2537-1180
2537509.61018522,1180220.62191536,2021,52,2,0,1920,2537-1180
2670300.06850856,1242299.56432465,2023,52,1,0,1920,2670-1242
2537509.61018522,1180220.62191536,2022,52,2,0,1920,2537-1180
2537509.61018522,1180220.62191536,2022,52,2,0,1920,2537-1180
2537509.61018522,1180220.62191536,2022,52,5,0,1920,2537-1180
2537509.61018522,1180220.62191536,2022,52,2,0,1920,2537-1180
2537509.61018522,1180220.62191535,2022,52,5,0,1920,2537-1180
2537509.61018522,1180220.62191536,2022,52,4,0,1920,2537-1180
2537509.61018522,1180220.62191536,2022,52,5,0,1920,2537-1180
2537509.61018522,1180220.62191536,2022,52,4,0,1920,2537-1180
2537509.61018522,1180220.62191535,2022,52,7,0,1920,2537-1180
2670226,1242405,2022,16,1,0,1920,2670-1242
2670076,1242548,2022,16,1,0,1920,2670-1242
2670637,1242092,2022,16,1,0,1920,2670-1242
2670300.06850856,1242299.56432466,2022,16,1,0,1920,2670-1242
2537509.61018522,1180220.62191535,2024,16,7,0,1920,2537-1180
2537509.61018522,1180220.62191535,2023,16,6,0,1920,2537-1180
2537500,1180500,2021,16,1,0,1920,2537-1180
2706500,1230500,2025,16,2,0,1920,2706-1230
2706500,1230500,2022,16,1,0,1920,2706-1230
2660500,1270500,2025,16,2,0,1920,2660-1270
2660538,1270070,2025,16,1,0,1920,2660-1270
2569857.55231118,1203193.27414935,2025,16,7,0,1920,2569-1203
2700000.59040254,1272100.79127783,2023,16,2,0,1920,2700-1272
2700000.59040254,1272100.79127783,2023,16,2,0,1920,2700-1272
2617235.02392802,1170951.55638388,2022,16,3,0,1920,2617-1170
2710500,1112500,2023,22,3,0,1920,2710-1112
2537509.61018522,1180220.62191535,2024,22,2,0,1920,2537-1180
2537509.61018522,1180220.62191535,2024,22,2,0,1920,2537-1180
2537509.61018522,1180220.62191535,2023,22,27,0,1920,2537-1180
2537509.61018522,1180220.62191535,2024,22,3,0,1920,2537-1180
2580090.6502114,1212497.13430467,2021,22,1,0,1920,2580-1212
2710077,1112577,2022,22,1,0,1920,2710-1112
2710954,1114179,2025,22,2,0,1920,2710-1114
2660287,1269857,2025,22,1,0,1920,2660-1269
2710764,1114155,2025,22,1,0,1920,2710-1114
2710867,1114303,2025,22,2,0,1920,2710-1114
2710731,1114828,2024,22,1,0,1920,2710-1114
2709925,1112573,2021,22,1,0,1920,2709-1112
2709662,1112511,2022,22,1,0,1920,2709-1112
2579975,1212193,2021,22,2,0,1920,2579-1212
2559500,1138500,2022,22,2,0,1920,2559-1138
2670300.06850856,1242299.56432466,2022,22,5,0,1920,2670-1242
2537509.61018522,1180220.62191535,2024,22,3,0,1920,2537-1180
2670300.06850856,1242299.56432466,2022,22,4,0,1920,2670-1242
2670300.06850856,1242299.56432465,2025,22,2,0,1920,2670-1242
2537509.61018522,1180220.62191535,2024,22,1,0,1920,2537-1180
2558814,1138537,2021,22,3,0,1920,2558-1138
2615500,1174500,2025,22,2,0,1920,2615-1174
2820056,1187700,2025,22,2,0,1920,2820-1187
2680706,1272185,2022,22,4,0,1920,2680-1272
2755500,1227500,2022,22,2,0,1920,2755-1227
2788786,1158120,2025,22,2,0,1920,2788-1158
2713500,1231500,2021,22,1,0,1920,2713-1231
2569500,1203500,2023,22,1,0,1920,2569-1203
2705334.11030412,1112037.55430739,2023,22,4,0,1920,2705-1112
2700000.59040254,1272100.79127784,2022,22,10,0,1920,2700-1272
2700000.59040254,1272100.79127784,2022,22,4,0,1920,2700-1272
2678743.88625199,1261738.64812515,2022,22,2,0,1920,2678-1261
2678743.88625199,1261738.64812515,2022,22,1,0,1920,2678-1261
2700000.59040254,1272100.79127784,2022,22,4,0,1920,2700-1272
2700000.59040254,1272100.79127784,2022,22,1,0,1920,2700-1272
2700000.59040254,1272100.79127783,2025,22,2,0,1920,2700-1272
2700000.59040254,1272100.79127784,2021,22,1,0,1920,2700-1272
2660330,1269961,2022,22,1,0,1920,2660-1269
2683450,1256123,2021,22,1,4,1920,2683-1256
2683487,1256035,2021,22,2,0,1920,2683-1256
2758500,1236500,2022,22,4,0,1920,2758-1236
2537509.61018522,1180220.62191535,2023,28,1,1,1920,2537-1180
2537509.61018522,1180220.62191535,2023,28,1,1,1920,2537-1180
2620500,1233500,2021,28,1,8,1920,2620-1233
2653500,1256500,2024,28,2,4,1920,2653-1256
2710736,1114243,2024,28,1,1,1920,2710-1114
2615468,1174147,2021,28,2,18,1920,2615-1174
2710186,1112601,2025,28,2,1,1920,2710-1112
2710173,1112582,2023,28,2,2,1920,2710-1112
2755420,1229577,2025,28,1,2,1920,2755-1229
2704121,1112692,2024,28,1,1,1920,2704-1112
2634196,1243728,2024,28,1,2,1920,2634-1243
2537509.61018522,1180220.62191535,2023,28,1,2,1920,2537-1180
2537509.61018522,1180220.62191535,2023,28,1,1,1920,2537-1180
2668392,1256453,2021,28,4,13,1920,2668-1256
2610567,1227836,2022,28,6,13,1920,2610-1227
2620500,1265500,2025,28,2,4,1920,2620-1265
2702700,1281787,2025,28,1,16,1920,2702-1281
2670500,1242500,2022,28,2,3,1920,2670-1242
2789261,1159620,2021,28,1,2,1920,2789-1159
2559830.38176537,1137852.33685615,2021,28,1,8,1920,2559-1137
2660250,1270276,2023,28,1,2,1920,2660-1270
2660312,1269905,2024,28,1,2,1920,2660-1269
2758500,1238500,2023,34,2,2,1920,2758-1238
2579925,1212143,2022,34,1,2,1920,2579-1212
2670300.06850856,1242299.56432465,2023,34,3,1,1920,2670-1242
2680587,1271660,2023,34,1,7,1920,2680-1271
2788841,1158523,2021,34,3,13,1920,2788-1158
2789090,1159371,2024,34,1,2,1920,2789-1159
2688809,1272083,2024,40,2,13,1920,2688-1272
2820133,1187712,2022,40,1,1,1920,2820-1187
2569676,1203082,2023,40,10,1,1920,2569-1203
2569701,1203083,2023,40,3,1,1920,2569-1203
2708597,1229162,2021,40,8,1,1920,2708-1229
2610547,1227864,2023,40,5,13,1920,2610-1227
2708120,1229023,2021,40,6,1,1920,2708-1229
2708108,1229029,2021,40,9,1,1920,2708-1229
2683283,1256012,2021,40,1,1,1920,2683-1256
2670300.06850856,1242299.56432465,2024,40,3,2,1920,2670-1242
2670500,1242500,2024,40,2,4,1920,2670-1242
2660500,1270500,2025,46,1,0,1920,2660-1270
2706500,1230500,2022,46,1,0,1920,2706-1230
2706500,1230500,2022,46,1,0,1920,2706-1230
2670500,1242500,2021,46,4,0,1920,2670-1242
2706500,1230500,2024,46,1,0,1920,2706-1230
2706500,1230500,2022,46,2,0,1920,2706-1230
2537509.61018522,1180220.62191535,2025,46,5,0,1920,2537-1180
2537509.61018522,1180220.62191535,2025,46,3,0,1920,2537-1180
2579500,1212500,2022,46,1,0,1920,2579-1212
2537509.61018522,1180220.62191536,2022,46,2,0,1920,2537-1180
2537509.61018522,1180220.62191536,2022,46,2,0,1920,2537-1180
2537509.61018522,1180220.62191535,2025,46,,0,1920,2537-1180
2537509.61018522,1180220.62191535,2025,46,4,0,1920,2537-1180
2670300.06850856,1242299.56432465,2024,46,4,0,1920,2670-1242
2706500,1230500,2024,46,1,0,1920,2706-1230
2660500,1270500,2025,46,1,0,1920,2660-1270
2569500,1203500,2023,53,1,0,1920,2569-1203
2678743.88625199,1261738.64812515,2024,53,3,0,1920,2678-1261
2537509.61018522,1180220.62191536,2022,53,5,0,1920,2537-1180
2537509.61018522,1180220.62191536,2022,53,3,0,1920,2537-1180
2537509.61018522,1180220.62191535,2025,53,1,0,1920,2537-1180
2537509.61018522,1180220.62191536,2022,53,5,0,1920,2537-1180
2537509.61018522,1180220.62191536,2022,53,5,0,1920,2537-1180
2537509.61018522,1180220.62191536,2022,53,,0,1920,2537-1180
2687057,1272570,2023,16,4,0,1920,2687-1272
2706500,1230500,2025,16,2,0,1920,2706-1230
2608686,1268128,2023,16,1,0,1920,2608-1268
2706500,1230500,2022,16,3,0,1920,2706-1230
2706500,1230500,2022,16,3,0,1920,2706-1230
2699905,1272159,2023,16,1,0,1920,2699-1272
2678743.88625199,1261738.64812515,2022,16,1,0,1920,2678-1261
2700000.59040254,1272100.79127783,2023,16,1,0,1920,2700-1272
2490406,1112768,2025,16,1,0,1920,2490-1112
2569500,1203500,2023,16,1,0,1920,2569-1203
2654500,1271500,2024,16,1,0,1920,2654-1271
2537509.61018522,1180220.62191535,2023,16,1,0,1920,2537-1180
2634328,1243923,2024,16,1,0,1920,2634-1243
2558730.38781529,1138466.35807626,2022,16,5,0,1920,2558-1138
2537509.61018522,1180220.62191535,2023,16,1,0,1920,2537-1180
2670300.06850856,1242299.56432466,2022,16,5,0,1920,2670-1242
2670300.06850856,1242299.56432465,2025,22,1,0,1920,2670-1242
2670300.06850856,1242299.56432466,2021,22,1,0,1920,2670-1242
2670300.06850856,1242299.56432465,2025,22,3,0,1920,2670-1242
2670300.06850856,1242299.56432465,2025,22,3,0,1920,2670-1242
2537509.61018522,1180220.62191535,2024,22,1,0,1920,2537-1180
2670300.06850856,1242299.56432465,2025,22,3,0,1920,2670-1242
2706500,1230500,2023,22,2,0,1920,2706-1230
2670500,1242500,2023,22,3,0,1920,2670-1242
2660309,1269917,2025,22,1,0,1920,2660-1269
2709584,1112514,2022,22,2,0,1920,2709-1112
2709504,1112513,2021,22,5,0,1920,2709-1112
2709778,1112619,2023,22,4,0,1920,2709-1112
2709257,1112442,2021,22,4,0,1920,2709-1112
2569469,1203356,2022,22,2,0,1920,2569-1203
2710500,1114500,2025,22,1,0,1920,2710-1114
2678743.88625199,1261738.64812515,2022,22,2,0,1920,2678-1261
2705334.11030412,1112037.55430739,2023,22,2,0,1920,2705-1112
2700000.59040254,1272100.79127783,2023,22,1,0,1920,2700-1272
2627500,1268500,2021,22,2,0,1920,2627-1268
2660500,1270500,2025,22,1,0,1920,2660-1270
2760645,1202267,2024,22,2,0,1920,2760-1202
2610814,1128070,2023,22,2,0,1920,2610-1128
2620500,1265500,2022,22,2,0,1920,2620-1265
2660500,1270500,2025,22,1,0,1920,2660-1270
2660500,1270500,2021,22,2,0,1920,2660-1270
2537509.61018522,1180220.62191535,2023,22,13,0,1920,2537-1180
2569613,1203715,2025,22,1,0,1920,2569-1203
2537509.61018522,1180220.62191535,2023,22,4,0,1920,2537-1180
2537509.61018522,1180220.62191535,2024,22,4,0,1920,2537-1180
2569644.55120499,1203073.27749822,2025,22,1,0,1920,2569-1203
2710360,1112635,2023,22,3,0,1920,2710-1112
2710737,1114732,2024,22,2,0,1920,2710-1114
2670354,1242448,2022,22,3,0,1920,2670-1242
2710741,1114123,2025,22,1,0,1920,2710-1114
2710179,1112594,2022,22,2,6,1920,2710-1112
2712397,1271807,2021,22,1,2,1920,2712-1271
2710187,1112550,2021,22,1,0,1920,2710-1112
2758219,1236569,2025,22,1,2,1920,2758-1236
2710664,1114225,2025,22,2,0,1920,2710-1114
2670035,1242545,2021,22,2,0,1920,2670-1242
2670175,1242368,2025,28,2,2,1920,2670-1242
2757990,1235953,2024,28,2,6,1920,2757-1235
2670209,1242343,2024,28,1,2,1920,2670-1242
2670164,1242621,2024,28,1,2,1920,2670-1242
2670300.06850856,1242299.56432466,2022,28,1,2,1920,2670-1242
2537509.61018522,1180220.62191535,2023,28,1,1,1920,2537-1180
2788722,1158409,2023,28,1,18,1920,2788-1158
2678387,1261982,2025,28,1,3,1920,2678-1261
2634211,1243731,2025,28,2,18,1920,2634-1243
2675969,1268952,2024,28,1,2,1920,2675-1268
2610507,1227935,2024,28,2,18,1920,2610-1227
2760337,1201362,2025,28,1,3,1920,2760-1201
2610548,1227882,2022,28,4,13,1920,2610-1227
2558730.38781529,1138466.35807626,2022,28,1,1,1920,2558-1138
2634186,1243715,2024,28,1,2,1920,2634-1243
2537509.61018522,1180220.62191535,2023,28,1,1,1920,2537-1180
2688794,1272129,2025,34,2,18,1920,2688-1272
2788734,1158234,2023,34,1,1,1920,2788-1158
2670069,1242587,2023,34,2,2,1920,2670-1242
2670321,1242377,2023,34,1,2,1920,2670-1242
2620500,1265500,2021,34,1,2,1920,2620-1265
2680593,1271673,2023,34,2,7,1920,2680-1271
2680593,1271674,2023,34,2,7,1920,2680-1271
2686963,1272131,2025,34,2,4,1920,2686-1272
2634186,1243750,2025,34,1,2,1920,2634-1243
2579500,1212500,2022,40,4,1,1920,2579-1212
2757758,1235437,2021,40,1,2,1920,2757-1235
2756401,1232574,2021,40,1,2,1920,2756-1232
2757474,1234541,2021,40,1,2,1920,2757-1234
2757625,1234905,2021,40,1,2,1920,2757-1234
2708121,1229016,2021,40,1,1,1920,2708-1229
2615496,1174291,2022,47,4,0,1920,2615-1174
2537509.61018522,1180220.62191536,2022,47,2,0,1920,2537-1180
2537509.61018522,1180220.62191536,2022,47,2,0,1920,2537-1180
2537509.61018522,1180220.62191536,2022,47,3,0,1920,2537-1180
2537509.61018522,1180220.62191535,2025,47,4,0,1920,2537-1180
2569609,1203731,2021,47,3,0,1920,2569-1203
2537509.61018522,1180220.62191536,2022,47,2,0,1920,2537-1180
2569525.56262002,1203696.28167077,2021,47,3,0,1920,2569-1203
2670300.06850856,1242299.56432465,2023,47,3,0,1920,2670-1242
2670300.06850856,1242299.56432465,2023,47,5,0,1920,2670-1242
2660500,1270500,2025,47,2,0,1920,2660-1270
2579892,1212088,2024,47,2,0,1920,2579-1212
2678444,1261703,2022,47,2,0,1920,2678-1261
2537509.61018522,1180220.62191536,2022,53,2,0,1920,2537-1180
2537509.61018522,1180220.62191536,2022,53,5,0,1920,2537-1180
2537509.61018522,1180220.62191536,2022,53,2,0,1920,2537-1180
2579887,1212232,2021,53,2,0,1920,2579-1212
2579833,1212179,2021,53,1,0,1920,2579-1212
2537509.61018522,1180220.62191536,2022,53,5,0,1920,2537-1180
2580090.6502114,1212497.13430467,2021,53,2,0,1920,2580-1212
2579865,1212299,2021,53,1,0,1920,2579-1212
2670284,1242339,2024,53,1,0,1920,2670-1242
2569857,1203229,2025,53,2,0,1920,2569-1203
2579968,1212186,2021,53,2,0,1920,2579-1212
2670300.06850856,1242299.56432465,2025,16,6,0,1920,2670-1242
2610511,1227919,2024,16,2,0,1920,2610-1227
2615470,1174249,2023,16,1,0,1920,2615-1174
2760479,1203068,2021,16,2,0,1920,2760-1203
2750807,1263539,2022,16,2,0,1920,2750-1263
2614541,1174570,2025,16,1,0,1920,2614-1174
2670349,1242351,2025,16,2,0,1920,2670-1242
2710265,1112623,2021,16,4,0,1920,2710-1112
2670328,1242373,2022,16,3,0,1920,2670-1242
2670037,1242547,2025,16,4,0,1920,2670-1242
2670500,1242500,2025,16,5,0,1920,2670-1242
2756500,1224500,2022,16,1,0,1920,2756-1224
2700000.59040254,1272100.79127784,2022,16,3,0,1920,2700-1272
2700000.59040254,1272100.79127783,2024,16,2,0,1920,2700-1272
2705334.11030412,1112037.5543074,2022,16,8,0,1920,2705-1112
2705334.11030412,1112037.55430739,2023,16,1,0,1920,2705-1112
2705334.11030412,1112037.5543074,2021,16,3,0,1920,2705-1112
2706500,1230500,2021,16,1,0,1920,2706-1230
2710191,1112558,2025,16,2,6,1920,2710-1112
2710225,1112294,2024,22,2,0,1920,2710-1112
2608868,1268218,2023,22,2,0,1920,2608-1268
2709636,1112557,2022,22,1,0,1920,2709-1112
2579926,1212143,2021,22,2,0,1920,2579-1212
2709451,1112480,2022,22,2,0,1920,2709-1112
2704782,1112266,2023,22,3,0,1920,2704-1112
2710192,1112555,2021,22,1,0,1920,2710-1112
2710611,1114437,2024,22,2,0,1920,2710-1114
2670227,1242533,2025,22,1,0,1920,2670-1242
2710668,1114378,2024,22,2,0,1920,2710-1114
2710468,1112496,2023,22,1,0,1920,2710-1112
2670268,1242336,2021,22,3,0,1920,2670-1242
2710555,1114174,2024,22,4,0,1920,2710-1114
2710628,1114201,2024,22,1,0,1920,2710-1114
2537509.61018522,1180220.62191535,2024,22,3,0,1920,2537-1180
2670300.06850856,1242299.56432466,2021,22,3,0,1920,2670-1242
2537500,1180500,2024,22,4,0,1920,2537-1180
2579866,1212197,2021,22,2,6,1920,2579-1212
2537509.61018522,1180220.62191535,2024,22,3,0,1920,2537-1180
2537509.61018522,1180220.62191535,2024,22,3,0,1920,2537-1180
2580090.6502114,1212497.13430467,2021,22,1,0,1920,2580-1212
2615452,1174347,2022,22,1,0,1920,2615-1174
2537509.61018522,1180220.62191535,2024,22,1,0,1920,2537-1180
2537509.61018522,1180220.62191535,2024,22,4,0,1920,2537-1180
2537509.61018522,1180220.62191535,2024,22,5,0,1920,2537-1180
2537509.61018522,1180220.62191535,2024,22,2,0,1920,2537-1180
2537509.61018522,1180220.62191535,2024,22,4,0,1920,2537-1180
2537509.61018522,1180220.62191535,2023,22,28,0,1920,2537-1180
2537509.61018522,1180220.62191535,2024,22,5,0,1920,2537-1180
2610503,1227954,2024,22,2,4,1920,2610-1227
2706500,1230500,2023,22,4,0,1920,2706-1230
2634173,1243715,2024,22,1,0,1920,2634-1243
2579500,1212500,2021,22,6,0,1920,2579-1212
2789082,1159419,2025,22,2,0,1920,2789-1159
2705334.11030412,1112037.55430739,2023,22,2,0,1920,2705-1112
2700000.59040254,1272100.79127783,2025,22,4,0,1920,2700-1272
2683536,1256306,2021,22,1,0,1920,2683-1256
2683459,1256281,2021,22,2,0,1920,2683-1256
2706500,1230500,2023,22,2,0,1920,2706-1230
2579500,1212500,2021,22,2,0,1920,2579-1212
2537509.61018522,1180220.62191535,2024,28,1,1,1920,2537-1180
2757384,1221722,2021,28,1,2,1920,2757-1221
2615082,1174112,2021,28,1,2,1920,2615-1174
2615458,1174298,2021,28,1,2,1920,2615-1174
2610553,1227880,2023,28,1,18,1920,2610-1227
2579967,1212186,2022,28,1,1,1920,2579-1212
2579902,1212124,2022,28,1,1,1920,2579-1212
2537509.61018522,1180220.62191535,2024,28,2,1,1920,2537-1180
2537509.61018522,1180220.62191535,2024,28,1,1,1920,2537-1180
2634144,1244028,2025,28,2,8,1920,2634-1244
2670500,1242500,2021,28,1,2,1920,2670-1242
2788824,1158086,2023,28,1,2,1920,2788-1158
2660500,1269500,2025,28,1,1,1920,2660-1269
2678515.88908633,1261671.64722244,2021,28,1,2,1920,2678-1261
2700000.59040254,1272100.79127783,2024,28,3,2,1920,2700-1272
2683338,1256093,2024,28,1,2,1920,2683-1256
2683338,1256095,2024,28,1,2,1920,2683-1256
2670339,1242356,2023,35,3,2,1920,2670-1242
2614824,1171635,2023,35,3,13,1920,2614-1171
2670179,1242349,2023,35,1,2,1920,2670-1242
2610192.58074391,1127651.59999209,2023,35,3,13,1920,2610-1127
2610541,1227882,2021,35,1,18,1920,2610-1227
2791500,1148500,2023,35,1,2,1920,2791-1148
2611957.60365889,1128557.58146105,2021,35,1,2,1920,2611-1128
2707658,1279012,2025,41,1,2,1920,2707-1279
2707658,1279012,2025,41,1,2,1920,2707-1279
2678368,1261747,2023,41,1,2,1920,2678-1261
2687667,1272158,2023,47,1,0,1920,2687-1272
2615500,1174500,2022,47,1,0,1920,2615-1174
2569683,1203054,2022,47,1,0,1920,2569-1203
2537509.61018522,1180220.62191536,2022,47,4,0,1920,2537-1180
2537509.61018522,1180220.62191536,2022,47,2,0,1920,2537-1180
2537509.61018522,1180220.62191536,2022,47,2,0,1920,2537-1180
2537509.61018522,1180220.62191535,2025,47,2,0,1920,2537-1180
2537509.61018522,1180220.62191535,2025,47,5,0,1920,2537-1180
2537509.61018522,1180220.62191536,2022,47,2,0,1920,2537-1180
2670300.06850856,1242299.56432465,2024,47,2,0,1920,2670-1242
2678515.88908633,1261671.64722243,2023,47,3,0,1920,2678-1261
2579977,1212173,2021,53,4,0,1920,2579-1212
2537509.61018522,1180220.62191536,2022,53,4,0,1920,2537-1180
2537509.61018522,1180220.62191535,2025,53,1,0,1920,2537-1180
2580090.6502114,1212497.13430467,2021,53,3,0,1920,2580-1212
2537509.61018522,1180220.62191535,2025,53,3,0,1920,2537-1180
2537509.61018522,1180220.62191536,2022,53,2,0,1920,2537-1180
2710500,1112500,2021,16,4,0,1920,2710-1112
2760473,1202997,2021,16,1,0,1920,2760-1202
2750573,1263685,2025,16,2,0,1920,2750-1263
2580090.6502114,1212497.13430467,2021,16,2,0,1920,2580-1212
2537635.70077399,1180360.26407288,2021,16,2,0,1920,2537-1180
2537509.61018522,1180220.62191535,2023,16,3,0,1920,2537-1180
2670193,1242381,2021,16,1,0,1920,2670-1242
2670340,1242316,2025,16,5,0,1920,2670-1242
2670302,1242360,2021,16,1,0,1920,2670-1242
2670336,1242256,2021,16,1,0,1920,2670-1242
2670190,1242328,2024,16,1,0,1920,2670-1242
2706500,1230500,2021,16,1,0,1920,2706-1230
2670300.06850856,1242299.56432466,2022,16,1,0,1920,2670-1242
2706500,1230500,2025,23,1,0,1920,2706-1230
2672500,1232500,2023,23,3,0,1920,2672-1232
2789062,1159321,2023,23,2,0,1920,2789-1159
2687249,1272124,2021,23,2,0,1920,2687-1272
2709666,1112499,2022,23,3,0,1920,2709-1112
2660426,1269955,2023,23,1,0,1920,2660-1269
2660349,1269887,2023,23,1,0,1920,2660-1269
2569490,1203227,2024,23,1,0,1920,2569-1203
2579500,1212500,2021,23,2,0,1920,2579-1212
2558500,1138500,2022,23,2,0,1920,2558-1138
2705334.11030412,1112037.5543074,2022,23,2,0,1920,2705-1112
2559830.38176537,1137852.33685615,2021,23,2,5,1920,2559-1137
2705334.11030412,1112037.55430739,2023,23,2,0,1920,2705-1112
2704800,1112285,2023,23,8,0,1920,2704-1112
2750500,1263500,2025,23,2,0,1920,2750-1263
2706500,1230500,2025,23,1,0,1920,2706-1230
2706500,1230500,2023,23,3,0,1920,2706-1230
2758296,1237516,2025,23,2,0,1920,2758-1237
2634154,1243793,2025,23,1,0,1920,2634-1243
2634206,1243742,2024,23,1,0,1920,2634-1243
2558741,1138542,2021,23,1,0,1920,2558-1138
2627500,1234500,2022,23,2,0,1920,2627-1234
2712500,1113500,2023,23,1,0,1920,2712-1113
2710118,1112547,2022,23,2,0,1920,2710-1112
2710119,1112615,2024,23,1,0,1920,2710-1112
2670199,1242373,2025,23,1,0,1920,2670-1242
2710740,1114240,2025,23,1,0,1920,2710-1114
2670226,1242331,2024,23,1,0,1920,2670-1242
2670336,1242337,2021,23,2,0,1920,2670-1242
2710180,1112572,2021,23,2,0,1920,2710-1112
2686929,1272143,2021,23,3,0,1920,2686-1272
2670416,1242170,2025,23,1,0,1920,2670-1242
2670374,1242214,2021,23,2,0,1920,2670-1242
2705334.11030412,1112037.5543074,2021,23,2,0,1920,2705-1112
2705334.11030412,1112037.55430739,2023,23,1,0,1920,2705-1112
2705334.11030412,1112037.55430739,2023,23,3,0,1920,2705-1112
2705334.11030412,1112037.5543074,2021,23,2,0,1920,2705-1112
2537509.61018522,1180220.62191535,2023,23,12,0,1920,2537-1180
2670300.06850856,1242299.56432465,2023,23,2,0,1920,2670-1242
2537509.61018522,1180220.62191535,2024,23,2,0,1920,2537-1180
2537509.61018522,1180220.62191535,2023,23,26,0,1920,2537-1180
2670300.06850856,1242299.56432466,2022,23,6,0,1920,2670-1242
2537509.61018522,1180220.62191535,2024,23,1,0,1920,2537-1180
2670300.06850856,1242299.56432466,2021,23,1,0,1920,2670-1242
2670300.06850856,1242299.56432466,2021,23,1,0,1920,2670-1242
2660542,1269472,2024,29,4,13,1920,2660-1269
2618336,1128101,2025,29,1,2,1920,2618-1128
2678743.88625199,1261738.64812515,2022,29,1,2,1920,2678-1261
2610571,1227830,2022,29,6,13,1920,2610-1227
2537509.61018522,1180220.62191535,2024,29,1,1,1920,2537-1180
2670184,1242345,2025,29,2,7,1920,2670-1242
2615448,1174200,2021,35,2,4,1920,2615-1174
2710161,1112610,2022,35,4,13,1920,2710-1112
2678178,1267429,2025,35,3,2,1920,2678-1267
2788500,1158500,2021,35,2,2,1920,2788-1158
2579963,1212182,2025,35,2,4,1920,2579-1212
2709602,1113232,2022,35,2,6,1920,2709-1113
2660500,1270500,2025,35,2,1,1920,2660-1270
2615450,1174317,2023,41,2,2,1920,2615-1174
2670300.06850856,1242299.56432465,2023,41,2,2,1920,2670-1242
2670300.06850856,1242299.56432465,2023,41,2,2,1920,2670-1242
2569685,1203072,2023,41,3,1,1920,2569-1203
2580090.6502114,1212497.13430467,2024,47,1,0,1920,2580-1212
2660500,1270500,2021,47,2,0,1920,2660-1270
2670320,1242461,2023,47,1,0,1920,2670-1242
2537509.61018522,1180220.62191536,2022,47,2,0,1920,2537-1180
2537509.61018522,1180220.62191535,2025,47,6,0,1920,2537-1180
2537509.61018522,1180220.62191535,2025,47,2,0,1920,2537-1180
2537509.61018522,1180220.62191535,2025,47,6,0,1920,2537-1180
2678743.88625199,1261738.64812515,2024,47,4,0,1920,2678-1261
2678424,1261671,2024,47,4,0,1920,2678-1261
2569704,1203072,2022,47,1,0,1920,2569-1203
2569500,1203500,2023,47,3,0,1920,2569-1203
2678451.8885035,1261824.64753559,2024,53,2,0,1920,2678-1261
2678743.88625199,1261738.64812515,2024,53,2,0,1920,2678-1261
2678743.88625199,1261738.64812515,2024,53,3,0,1920,2678-1261
2580090.6502114,1212497.13430467,2021,53,2,0,1920,2580-1212
2537509.61018522,1180220.62191535,2025,53,1,0,1920,2537-1180
2569859,1203298,2025,53,1,0,1920,2569-1203
2537509.61018522,1180220.62191536,2022,53,3,0,1920,2537-1180
2569635,1203332,2024,53,1,0,1920,2569-1203
2569604,1203726,2025,17,1,0,1920,2569-1203
2706500,1230500,2022,17,2,0,1920,2706-1230
2670500,1242500,2022,17,4,0,1920,2670-1242
2710800,1114210,2025,17,3,0,1920,2710-1114
2710264,1112575,2024,17,1,0,1920,2710-1112
2710232,1112619,2024,17,1,0,1920,2710-1112
2710650,1114224,2025,17,3,0,1920,2710-1114
2710650,1114224,2025,17,3,0,1920,2710-1114
2687500,1272500,2021,17,1,0,1920,2687-1272
2678743.88625199,1261738.64812515,2024,17,1,0,1920,2678-1261
2687071,1272525,2023,17,1,0,1920,2687-1272
2672500,1232500,2024,17,2,0,1920,2672-1232
2706500,1230500,2022,17,3,0,1920,2706-1230
2687500,1272500,2021,17,1,0,1920,2687-1272
2558730.38781529,1138466.35807626,2025,17,1,0,1920,2558-1138
2558730.38781529,1138466.35807626,2022,17,1,0,1920,2558-1138
2710500,1112500,2021,23,2,0,1920,2710-1112
2670300.06850856,1242299.56432466,2021,23,2,0,1920,2670-1242
2670300.06850856,1242299.56432465,2023,23,1,0,1920,2670-1242
2559964.39202934,1138353.33392529,2022,23,2,0,1920,2559-1138
2670300.06850856,1242299.56432466,2021,23,2,0,1920,2670-1242
2670300.06850856,1242299.56432465,2023,23,3,0,1920,2670-1242
2670300.06850856,1242299.56432465,2025,23,1,0,1920,2670-1242
2610553,1227876,2023,23,2,6,1920,2610-1227
2760662,1203837,2021,23,1,0,1920,2760-1203
2760285,1201766,2021,23,1,0,1920,2760-1201
2702626,1281814,2022,23,4,6,1920,2702-1281
2537509.61018522,1180220.62191535,2023,23,17,0,1920,2537-1180
2670117,1242478,2021,23,4,0,1920,2670-1242
2670512,1242026,2023,23,1,0,1920,2670-1242
2670379,1242304,2021,23,2,0,1920,2670-1242
2710209,1112562,2021,23,2,0,1920,2710-1112
2670067,1242576,2023,23,1,0,1920,2670-1242
2670095,1242444,2024,23,2,0,1920,2670-1242
2710711,1114373,2023,23,5,0,1920,2710-1114
2710863,1114152,2024,23,2,0,1920,2710-1114
2709500,1112500,2021,23,3,0,1920,2709-1112
2537500,1180500,2023,23,15,0,1920,2537-1180
2705334.11030412,1112037.5543074,2022,23,1,0,1920,2705-1112
2705334.11030412,1112037.55430739,2023,23,3,0,1920,2705-1112
2705334.11030412,1112037.55430739,2023,23,5,0,1920,2705-1112
2678743.88625199,1261738.64812515,2021,23,1,0,1920,2678-1261
2678743.88625199,1261738.64812515,2022,23,2,0,1920,2678-1261
2700000.59040254,1272100.79127784,2021,23,2,0,1920,2700-1272
2706500,1230500,2023,23,2,0,1920,2706-1230
2660500,1270500,2025,23,4,0,1920,2660-1270
2683419,1255798,2024,23,1,0,1920,2683-1255
2688751,1272038,2024,23,1,0,1920,2688-1272
2579500,1212500,2025,23,1,0,1920,2579-1212
2706500,1230500,2025,23,1,0,1920,2706-1230
2709448,1112502,2021,23,6,0,1920,2709-1112
2705179,1111999,2023,23,3,0,1920,2705-1111
2709367,1112487,2023,23,5,0,1920,2709-1112
2709769,1112548,2022,23,1,0,1920,2709-1112
2678425,1261827,2021,23,1,0,1920,2678-1261
2579963,1212177,2021,23,2,0,1920,2579-1212
2678500,1267500,2022,29,3,4,1920,2678-1267
2669987,1242542,2024,29,2,1,1920,2669-1242
2757709,1235132,2024,29,3,6,1920,2757-1235
2758249,1236967,2024,29,4,6,1920,2758-1236
2678178,1267429,2022,29,5,6,1920,2678-1267
2670300.06850856,1242299.56432466,2021,29,1,2,1920,2670-1242
2660500,1270500,2024,29,1,1,1920,2660-1270
2610549,1227876,2021,29,1,2,1920,2610-1227
2610506,1227931,2024,29,2,4,1920,2610-1227
2634141,1243747,2024,29,2,4,1920,2634-1243
2615500,1174500,2021,29,1,2,1920,2615-1174
2687005,1272114,2024,29,2,4,1920,2687-1272
2660290,1269933,2022,29,1,2,1920,2660-1269
2678743.88625199,1261738.64812515,2025,29,1,1,1920,2678-1261
2678743.88625199,1261738.64812515,2022,29,2,1,1920,2678-1261
2615500,1174500,2024,29,1,2,1920,2615-1174
2660500,1270500,2024,35,1,1,1920,2660-1270
2610557,1227835,2023,35,1,2,1920,2610-1227
2610532,1227931,2021,35,2,18,1920,2610-1227
2678585,1267825,2021,35,3,13,1920,2678-1267
2579849,1212189,2024,41,2,1,1920,2579-1212
2580090.6502114,1212497.13430467,2022,41,5,13,1920,2580-1212
2820195,1187744,2025,41,3,13,1920,2820-1187
2670373,1242338,2023,41,3,2,1920,2670-1242
2670300.06850856,1242299.56432466,2022,41,1,2,1920,2670-1242
2569708,1203085,2022,41,2,1,1920,2569-1203
2687586,1272072,2022,41,2,1,1920,2687-1272
2660354,1269931,2021,47,2,0,1920,2660-1269
2580090.6502114,1212497.13430467,2022,47,1,0,1920,2580-1212
2537509.61018522,1180220.62191536,2022,47,2,0,1920,2537-1180
2580090.6502114,1212497.13430467,2024,47,1,0,1920,2580-1212
2580090.6502114,1212497.13430467,2024,47,2,0,1920,2580-1212
2537509.61018522,1180220.62191536,2022,47,3,0,1920,2537-1180
2707572,1279057,2023,47,2,0,1920,2707-1279
2537509.61018522,1180220.62191536,2022,47,2,0,1920,2537-1180
2580090.6502114,1212497.13430467,2024,47,1,0,1920,2580-1212
2537509.61018522,1180220.62191535,2025,47,6,0,1920,2537-1180
2537509.61018522,1180220.62191535,2025,47,6,0,1920,2537-1180
2614587,1174663,2024,47,1,0,1920,2614-1174
2537509.61018522,1180220.62191535,2025,47,5,0,1920,2537-1180
2537509.61018522,1180220.62191535,2025,47,6,0,1920,2537-1180
2670088,1242485,2021,47,2,0,1920,2670-1242
2678450,1261684,2025,47,2,0,1920,2678-1261
2678487,1261597,2025,47,1,0,1920,2678-1261
2678483,1261777,2024,47,4,0,1920,2678-1261
2537509.61018522,1180220.62191535,2025,47,3,0,1920,2537-1180
2537509.61018522,1180220.62191535,2025,47,,0,1920,2537-1180
2660344,1269902,2021,47,2,0,1920,2660-1269
2537509.61018522,1180220.62191536,2022,53,2,0,1920,2537-1180
2537509.61018522,1180220.62191536,2022,53,5,0,1920,2537-1180
2537509.61018522,1180220.62191536,2022,53,4,0,1920,2537-1180
2537509.61018522,1180220.62191536,2022,53,4,0,1920,2537-1180
2537509.61018522,1180220.62191536,2022,53,2,0,1920,2537-1180
2537509.61018522,1180220.62191536,2022,53,3,0,1920,2537-1180
2610590,1227784,2025,17,1,0,1920,2610-1227
2705334.11030412,1112037.55430739,2025,17,1,0,1920,2705-1112
2705334.11030412,1112037.55430739,2025,17,1,0,1920,2705-1112
2655500,1272500,2025,17,2,0,1920,2655-1272
2669996,1242565,2021,17,1,0,1920,2669-1242
2670300,1242372,2025,17,2,0,1920,2670-1242
2670359,1242345,2022,17,6,0,1920,2670-1242
2670300.06850856,1242299.56432465,2025,17,7,0,1920,2670-1242
2670300.06850856,1242299.56432465,2025,17,6,0,1920,2670-1242
2670300.06850856,1242299.56432466,2021,17,1,0,1920,2670-1242
2670300.06850856,1242299.56432466,2021,17,2,0,1920,2670-1242
2537509.61018522,1180220.62191535,2023,17,6,0,1920,2537-1180
2660327,1269902,2023,23,1,0,1920,2660-1269
2710187,1112635,2022,23,1,0,1920,2710-1112
2709412,1112468,2022,23,1,0,1920,2709-1112
2610571,1227846,2022,23,2,18,1920,2610-1227
2709924,1112576,2021,23,3,0,1920,2709-1112
2709677,1112505,2022,23,10,0,1920,2709-1112
2705180,1111987,2022,23,2,0,1920,2705-1111
2709657,1112511,2022,23,1,0,1920,2709-1112
2569365,1203305,2023,23,1,0,1920,2569-1203
2569500,1203500,2022,23,2,0,1920,2569-1203
2751500,1263500,2025,23,1,0,1920,2751-1263
2660500,1270500,2025,23,4,0,1920,2660-1270
2760893,1201169,2023,23,5,0,1920,2760-1201
2760617,1201242,2023,23,2,0,1920,2760-1201
2760838,1201032,2023,23,1,0,1920,2760-1201
2760770,1202192,2024,23,1,0,1920,2760-1202
2760544,1201313,2023,23,2,0,1920,2760-1201
2700000.59040254,1272100.79127784,2021,23,1,0,1920,2700-1272
2569857.55231118,1203193.27414936,2022,23,1,0,1920,2569-1203
2700000.59040254,1272100.79127784,2021,23,1,0,1920,2700-1272
2618670.65278626,1128170.52219958,2025,23,2,0,1920,2618-1128
2760500,1201500,2023,23,2,0,1920,2760-1201
2760500,1202500,2024,23,7,0,1920,2760-1202
2569500,1203500,2023,23,1,0,1920,2569-1203
2706500,1230500,2025,23,1,0,1920,2706-1230
2788765,1158253,2021,23,1,3,1920,2788-1158
2537509.61018522,1180220.62191535,2023,23,11,0,1920,2537-1180
2580090.6502114,1212497.13430467,2021,23,2,0,1920,2580-1212
2537509.61018522,1180220.62191535,2024,23,1,0,1920,2537-1180
2537509.61018522,1180220.62191535,2024,23,4,0,1920,2537-1180
2537509.61018522,1180220.62191535,2024,23,6,0,1920,2537-1180
2537509.61018522,1180220.62191535,2024,23,7,0,1920,2537-1180
2615469,1174338,2022,23,3,0,1920,2615-1174
2537509.61018522,1180220.62191535,2023,23,16,0,1920,2537-1180
2670120,1242531,2023,23,1,0,1920,2670-1242
2710158,1112451,2024,23,2,0,1920,2710-1112
2712500,1113336,2023,23,1,0,1920,2712-1113
2712144,1113694,2024,23,4,0,1920,2712-1113
2670196,1242404,2023,23,1,0,1920,2670-1242
2678191,1267428,2023,23,2,0,1920,2678-1267
2610635,1128025,2025,23,2,6,1920,2610-1128
2820008,1187673,2025,23,2,0,1920,2820-1187
2610221.58287075,1127842.59941746,2025,23,2,6,1920,2610-1127
2670300.06850856,1242299.56432466,2021,23,2,0,1920,2670-1242
2709628.1002368,1113293.57333526,2022,23,4,0,1920,2709-1113
2537509.61018522,1180220.62191535,2023,23,,0,1920,2537-1180
2709628.1002368,1113293.57333526,2022,23,2,0,1920,2709-1113
2709628.1002368,1113293.57333526,2022,23,1,0,1920,2709-1113
2670300.06850856,1242299.56432465,2023,23,2,0,1920,2670-1242
2670300.06850856,1242299.56432466,2021,23,2,0,1920,2670-1242
2705334.11030412,1112037.5543074,2022,23,3,0,1920,2705-1112
2709500,1113500,2022,23,3,0,1920,2709-1113
2788737,1158355,2022,29,1,18,1920,2788-1158
2622500,1234500,2021,29,1,2,1920,2622-1234
2668398,1256437,2021,29,2,2,1920,2668-1256
2618670.65278626,1128170.52219958,2025,29,4,18,1920,2618-1128
2678743.88625199,1261738.64812515,2025,29,1,1,1920,2678-1261
2660500,1270500,2025,29,2,2,1920,2660-1270
2572500,1175500,2021,29,2,4,1920,2572-1175
2615555,1174240,2025,29,1,2,1920,2615-1174
2670181,1242342,2023,29,1,2,1920,2670-1242
2680478,1272107,2025,35,4,13,1920,2680-1272
2639635,1244042,2023,35,2,8,1920,2639-1244
2788500,1157500,2023,35,4,13,1920,2788-1157
2617235.02392802,1170951.55638387,2023,35,1,2,1920,2617-1170
2758205,1236927,2021,35,2,4,1920,2758-1236
2678178,1267429,2022,41,3,13,1920,2678-1267
2670300.06850856,1242299.56432466,2022,41,1,1,1920,2670-1242
2678688,1267928,2025,41,1,1,1920,2678-1267
2569684,1203119,2022,41,5,1,1920,2569-1203
2569679,1203098,2023,41,1,2,1920,2569-1203
2678500,1261500,2025,41,1,1,1920,2678-1261
2579500,1212500,2022,41,1,2,1920,2579-1212
2537509.61018522,1180220.62191536,2022,47,4,0,1920,2537-1180
2537509.61018522,1180220.62191535,2025,47,2,0,1920,2537-1180
2707697.43489667,1278958.87957616,2023,47,2,0,1920,2707-1278
2537509.61018522,1180220.62191536,2022,47,3,0,1920,2537-1180
2537509.61018522,1180220.62191535,2025,47,2,0,1920,2537-1180
2537509.61018522,1180220.62191535,2025,47,3,0,1920,2537-1180
2537509.61018522,1180220.62191535,2025,47,2,0,1920,2537-1180
2537509.61018522,1180220.62191535,2025,47,2,0,1920,2537-1180
2579921,1212234,2024,47,1,0,1920,2579-1212
2537509.61018522,1180220.62191536,2022,47,3,0,1920,2537-1180
2537509.61018522,1180220.62191536,2022,47,4,0,1920,2537-1180
2660176,1270264,2025,47,1,0,1920,2660-1270
2615537,1174292,2024,47,1,0,1920,2615-1174
2670064,1242528,2021,47,4,0,1920,2670-1242
2537509.61018522,1180220.62191535,2025,47,2,0,1920,2537-1180
2537509.61018522,1180220.62191535,2025,47,1,0,1920,2537-1180
2537509.61018522,1180220.62191535,2025,47,1,0,1920,2537-1180
2537500,1180500,2025,47,3,0,1920,2537-1180
2678515.88908633,1261671.64722243,2023,47,2,0,1920,2678-1261
2678743.88625199,1261738.64812515,2023,47,3,0,1920,2678-1261
2708447,1229065,2025,47,1,0,1920,2708-1229
2537509.61018522,1180220.62191536,2022,54,6,0,1920,2537-1180
2537509.61018522,1180220.62191536,2022,54,3,0,1920,2537-1180
2537509.61018522,1180220.62191536,2022,54,5,0,1920,2537-1180
2579963,1212189,2023,54,1,0,1920,2579-1212
2706500,1230500,2022,17,1,0,1920,2706-1230
2750500,1263500,2025,17,3,0,1920,2750-1263
2670500,1242500,2021,17,2,0,1920,2670-1242
2710152,1112625,2024,17,2,0,1920,2710-1112
2710194,1112557,2024,17,2,0,1920,2710-1112
2710075,1112634,2024,17,2,0,1920,2710-1112
2710085,1112549,2024,17,1,0,1920,2710-1112
2660500,1270500,2025,17,3,0,1920,2660-1270
2688745,1272076,2025,17,2,0,1920,2688-1272
2634219,1243735,2024,17,2,0,1920,2634-1243
2670300.06850856,1242299.56432466,2021,17,1,0,1920,2670-1242
2670300.06850856,1242299.56432465,2024,17,2,0,1920,2670-1242
2537509.61018522,1180220.62191535,2023,17,3,0,1920,2537-1180
2706500,1230500,2022,17,1,0,1920,2706-1230
2700000.59040254,1272100.79127784,2021,17,3,0,1920,2700-1272
2569500,1203500,2021,17,4,0,1920,2569-1203
2610933,1128106,2023,17,1,0,1920,2610-1128
2537509.61018522,1180220.62191535,2023,17,10,0,1920,2537-1180
2706500,1230500,2021,17,1,0,1920,2706-1230
2710500,1112500,2024,17,2,0,1920,2710-1112
2710500,1112500,2021,17,1,0,1920,2710-1112
2709500,1112500,2021,17,1,0,1920,2709-1112
2558730.38781529,1138466.35807626,2022,17,1,0,1920,2558-1138
2687192,1272127,2025,17,2,4,1920,2687-1272
2558662,1138518,2022,23,3,0,1920,2558-1138
2760743,1201262,2023,23,6,0,1920,2760-1201
2760500,1201499,2023,23,5,0,1920,2760-1201
2760940,1201034,2025,23,3,0,1920,2760-1201
2757861,1235434,2021,23,1,0,1920,2757-1235
2537509.61018522,1180220.62191535,2023,23,12,0,1920,2537-1180
2537509.61018522,1180220.62191535,2024,23,4,0,1920,2537-1180
2537509.61018522,1180220.62191535,2024,23,1,0,1920,2537-1180
2569525.56262002,1203696.28167077,2021,23,2,0,1920,2569-1203
2537509.61018522,1180220.62191535,2024,23,1,0,1920,2537-1180
2706500,1230500,2022,23,1,0,1920,2706-1230
2710757,1114192,2025,23,1,0,1920,2710-1114
2670209,1242381,2025,23,1,0,1920,2670-1242
2710744,1114155,2025,23,2,0,1920,2710-1114
2710186,1112587,2022,23,1,0,1920,2710-1112
2670300.06850856,1242299.56432465,2023,23,2,0,1920,2670-1242
2709628.1002368,1113293.57333526,2022,23,6,0,1920,2709-1113
2537509.61018522,1180220.62191535,2024,23,3,0,1920,2537-1180
2537509.61018522,1180220.62191535,2023,23,6,0,1920,2537-1180
2670300.06850856,1242299.56432466,2021,23,2,0,1920,2670-1242
2709628.1002368,1113293.57333526,2022,23,2,0,1920,2709-1113
2670300.06850856,1242299.56432465,2023,23,1,0,1920,2670-1242
2709628.1002368,1113293.57333526,2022,23,4,0,1920,2709-1113
2670300.06850856,1242299.56432465,2024,23,4,0,1920,2670-1242
2709628.1002368,1113293.57333526,2022,23,2,0,1920,2709-1113
2688745,1272055,2025,23,2,18,1920,2688-1272
2634176,1243757,2025,23,1,0,1920,2634-1243
2705334.11030412,1112037.55430739,2023,23,1,0,1920,2705-1112
2700000.59040254,1272100.79127784,2021,23,9,0,1920,2700-1272
2705334.11030412,1112037.5543074,2022,23,3,0,1920,2705-1112
2820263,1187742,2025,23,2,6,1920,2820-1187
2683517,1255741,2024,23,2,18,1920,2683-1255
2683516,1255740,2024,23,2,18,1920,2683-1255
2704330,1112603,2023,23,1,0,1920,2704-1112
2709604,1113231,2022,23,5,0,1920,2709-1113
2683266,1256143,2021,23,2,0,1920,2683-1256
2788692,1158187,2025,23,1,0,1920,2788-1158
2688794,1272129,2025,23,2,18,1920,2688-1272
2683560,1255834,2024,23,2,12,1920,2683-1255
2687267,1272120,2021,23,1,0,1920,2687-1272
2689924,1271972,2021,23,2,0,1920,2689-1271
2709500,1112500,2021,23,4,0,1920,2709-1112
2689500,1271500,2022,23,1,0,1920,2689-1271
2709503,1112458,2021,23,4,0,1920,2709-1112
2709408,1112469,2021,23,1,0,1920,2709-1112
2709599,1113342,2022,23,3,0,1920,2709-1113
2610553,1227880,2021,23,2,4,1920,2610-1227
2709542,1112421,2022,23,1,0,1920,2709-1112
2709571,1113253,2022,23,4,0,1920,2709-1113
2709762,1113323,2022,23,3,0,1920,2709-1113
2705334.11030412,1112037.5543074,2022,23,3,0,1920,2705-1112
2705334.11030412,1112037.55430739,2022,23,3,0,1920,2705-1112
2558730.38781529,1138466.35807626,2022,23,1,0,1920,2558-1138
2615500,1174500,2021,29,1,2,1920,2615-1174
2610498,1227911,2023,29,2,18,1920,2610-1227
2668362,1256457,2021,29,3,13,1920,2668-1256
2615349,1174341,2021,29,1,2,1920,2615-1174
2615472,1174125,2024,29,1,18,1920,2615-1174
2678178,1267429,2025,29,3,2,1920,2678-1267
2579500,1212500,2025,29,1,2,1920,2579-1212
2634160,1243748,2024,29,2,4,1920,2634-1243
2678743.88625199,1261738.64812515,2021,29,1,1,1920,2678-1261
2789248,1159622,2021,29,2,4,1920,2789-1159
2725627,1220009,2025,35,2,4,1920,2725-1220
2670226,1242542,2023,35,1,2,1920,2670-1242
2579500,1212500,2025,35,1,3,1920,2579-1212
2760633,1201362,2023,35,2,1,1920,2760-1201
2788500,1158500,2022,35,1,2,1920,2788-1158
2683490,1256150,2022,35,2,11,1920,2683-1256
2492858,1117571,2025,35,3,4,1920,2492-1117
2615469,1174304,2023,41,1,2,1920,2615-1174
2713500,1231500,2023,41,1,1,1920,2713-1231
2569682,1203067,2022,41,4,1,1920,2569-1203
2706500,1230500,2024,41,1,2,1920,2706-1230
2708708,1229022,2024,41,1,1,1920,2708-1229
2788870,1158790,2021,41,1,8,1920,2788-1158
2537509.61018522,1180220.62191535,2025,48,1,0,1920,2537-1180
2537635.70077399,1180360.26407287,2025,48,5,0,1920,2537-1180
2580090.6502114,1212497.13430467,2024,48,1,0,1920,2580-1212
2537509.61018522,1180220.62191536,2021,48,1,0,1920,2537-1180
2537509.61018522,1180220.62191535,2025,48,5,0,1920,2537-1180
2678500,1261500,2024,48,3,0,1920,2678-1261
2615487,1174296,2021,48,4,0,1920,2615-1174
2678445,1261698,2022,48,2,0,1920,2678-1261
2537509.61018522,1180220.62191535,2025,48,5,0,1920,2537-1180
2537509.61018522,1180220.62191535,2025,48,4,0,1920,2537-1180
2537509.61018522,1180220.62191535,2025,48,2,0,1920,2537-1180
2569857.55231118,1203193.27414935,2024,48,2,0,1920,2569-1203
2678451.8885035,1261824.64753559,2025,48,1,0,1920,2678-1261
2537509.61018522,1180220.62191535,2025,54,1,0,1920,2537-1180
2670300.06850856,1242299.56432465,2023,54,1,0,1920,2670-1242
2580025,1212182,2022,54,2,0,1920,2580-1212
2634500,1243500,2023,17,2,0,1920,2634-1243
2760313,1201458,2024,17,2,0,1920,2760-1201
2687062,1272079,2024,17,2,0,1920,2687-1272
2687224,1272104,2024,17,2,4,1920,2687-1272
2558761,1138507,2023,17,5,0,1920,2558-1138
2688884,1272076,2024,17,1,1,1920,2688-1272
2688936,1272029,2024,17,1,0,1920,2688-1272
2579500,1212500,2021,17,1,0,1920,2579-1212
2706500,1230500,2022,17,1,0,1920,2706-1230
2710500,1112500,2024,17,4,0,1920,2710-1112
2760500,1202500,2021,17,4,0,1920,2760-1202
2758500,1237500,2024,17,1,0,1920,2758-1237
2537509.61018522,1180220.62191535,2024,17,3,0,1920,2537-1180
2537509.61018522,1180220.62191535,2023,17,4,0,1920,2537-1180
2670300.06850856,1242299.56432465,2023,17,2,0,1920,2670-1242
2537635.70077399,1180360.26407288,2021,17,4,0,1920,2537-1180
2670300.06850856,1242299.56432466,2021,17,1,0,1920,2670-1242
2670300.06850856,1242299.56432466,2021,17,1,0,1920,2670-1242
2537509.61018522,1180220.62191535,2023,17,5,0,1920,2537-1180
2683500,1256500,2023,17,2,6,1920,2683-1256
2710190,1112563,2024,17,4,0,1920,2710-1112
2710164,1112629,2024,17,4,0,1920,2710-1112
2710227,1112172,2023,17,2,0,1920,2710-1112
2710269,1112618,2023,17,2,0,1920,2710-1112
2670296,1242477,2022,17,1,0,1920,2670-1242
2670355,1242330,2024,17,2,0,1920,2670-1242
2710208,1112430,2023,17,3,0,1920,2710-1112
2710152,1112627,2023,17,3,0,1920,2710-1112
2710052,1112581,2023,17,4,0,1920,2710-1112
2710256,1112544,2023,17,3,0,1920,2710-1112
2617235.02392802,1170951.55638388,2022,17,2,0,1920,2617-1170
2705334.11030412,1112037.55430739,2023,17,1,0,1920,2705-1112
2558730.38781529,1138466.35807626,2022,17,4,0,1920,2558-1138
2558500,1138500,2025,17,1,0,1920,2558-1138
2608500,1268500,2023,17,1,0,1920,2608-1268
2660500,1270500,2022,23,1,0,1920,2660-1270
2706500,1230500,2022,23,1,0,1920,2706-1230
2760806,1201338,2023,23,6,0,1920,2760-1201
2709672,1113259,2022,23,1,0,1920,2709-1113
2709744,1112528,2022,23,1,0,1920,2709-1112
2709476,1112475,2022,23,1,0,1920,2709-1112
2660490,1269897,2024,23,1,0,1920,2660-1269
2672500,1232500,2023,23,1,0,1920,2672-1232
2760500,1202500,2023,23,3,0,1920,2760-1202
2670208,1242369,2021,23,4,0,1920,2670-1242
2670415,1242394,2021,23,2,0,1920,2670-1242
2710107,1112553,2022,23,1,0,1920,2710-1112
2709628.1002368,1113293.57333526,2022,23,1,0,1920,2709-1113
2670300.06850856,1242299.56432466,2021,23,2,0,1920,2670-1242
2537509.61018522,1180220.62191535,2024,23,4,0,1920,2537-1180
2670300.06850856,1242299.56432466,2021,23,1,0,1920,2670-1242
2670300.06850856,1242299.56432466,2021,23,2,0,1920,2670-1242
2670300.06850856,1242299.56432466,2021,23,1,0,1920,2670-1242
2537509.61018522,1180220.62191535,2024,23,3,0,1920,2537-1180
2537509.61018522,1180220.62191535,2024,23,6,0,1920,2537-1180
2614603,1174633,2022,23,6,0,1920,2614-1174
2757769,1235108,2022,23,1,2,1920,2757-1235
2709500,1112500,2021,23,3,0,1920,2709-1112
2709500,1112500,2022,23,1,0,1920,2709-1112
2620500,1265500,2022,23,2,0,1920,2620-1265
2629500,1238500,2025,23,2,0,1920,2629-1238
2686632,1272082,2025,29,1,2,1920,2686-1272
2660293,1269921,2022,29,2,1,1920,2660-1269
2610556,1227878,2022,29,6,13,1920,2610-1227
2720873,1253830,2025,29,1,3,1920,2720-1253
2678743.88625199,1261738.64812515,2022,29,2,7,1920,2678-1261
2678743.88625199,1261738.64812515,2025,29,2,1,1920,2678-1261
2678743.88625199,1261738.64812515,2025,29,1,2,1920,2678-1261
2688794,1272129,2025,29,1,18,1920,2688-1272
2634134,1243780,2024,29,1,2,1920,2634-1243
2757020,1233548,2021,29,2,4,1920,2757-1233
2758047,1236005,2025,29,1,2,1920,2758-1236
2670274,1242299,2024,29,1,2,1920,2670-1242
2755927,1230606,2021,29,1,2,1920,2755-1230
2758235,1237314,2021,29,2,4,1920,2758-1237
2758250,1236893,2021,29,1,2,1920,2758-1236
2757617,1234822,2021,29,2,19,1920,2757-1234
2757809,1235420,2021,29,1,2,1920,2757-1235
2788709,1158449,2023,36,1,2,1920,2788-1158
2788702,1158187,2022,36,1,2,1920,2788-1158
2660500,1270500,2024,36,2,2,1920,2660-1270
2579934,1212135,2022,36,1,2,1920,2579-1212
2667411,1218295,2025,36,5,19,1920,2667-1218
2670300.06850856,1242299.56432465,2023,36,5,2,1920,2670-1242
2569857.55231118,1203193.27414936,2022,42,3,1,1920,2569-1203
2579962,1212204,2025,42,1,1,1920,2579-1212
2670607,1242045,2023,48,2,0,1920,2670-1242
2710171,1112551,2024,48,2,0,1920,2710-1112
2537509.61018522,1180220.62191535,2025,48,3,0,1920,2537-1180
2537509.61018522,1180220.62191536,2022,48,5,0,1920,2537-1180
2670300.06850856,1242299.56432465,2023,48,4,0,1920,2670-1242
2706500,1230500,2024,48,1,0,1920,2706-1230
2678743.88625199,1261738.64812515,2025,48,1,0,1920,2678-1261
2537509.61018522,1180220.62191536,2022,48,2,0,1920,2537-1180
2537509.61018522,1180220.62191535,2025,48,3,0,1920,2537-1180
2537509.61018522,1180220.62191536,2022,54,3,0,1920,2537-1180
2537500,1180500,2025,54,2,0,1920,2537-1180
2678743.88625199,1261738.64812515,2024,54,2,0,1920,2678-1261
2708217,1229088,2025,54,1,0,1920,2708-1229
2708351,1229167,2025,54,4,0,1920,2708-1229
2537635.70077399,1180360.26407287,2023,17,4,0,1920,2537-1180
2670300.06850856,1242299.56432466,2022,17,3,0,1920,2670-1242
2670300.06850856,1242299.56432465,2024,17,2,0,1920,2670-1242
2537509.61018522,1180220.62191535,2023,17,3,0,1920,2537-1180
2580090.6502114,1212497.13430467,2021,17,3,0,1920,2580-1212
2699500,1272500,2022,17,1,0,1920,2699-1272
2670299,1242364,2025,17,2,0,1920,2670-1242
2710526,1112501,2021,17,2,0,1920,2710-1112
2670030,1242527,2022,17,2,0,1920,2670-1242
2686990,1272939,2023,17,1,0,1920,2686-1272
2670055,1242504,2025,17,1,0,1920,2670-1242
2654500,1271500,2021,17,1,0,1920,2654-1271
2579979,1212172,2023,17,2,0,1920,2579-1212
2559949,1138333,2022,17,1,0,1920,2559-1138
2558730.38781529,1138466.35807626,2023,17,4,0,1920,2558-1138
2710192,1112550,2025,24,2,4,1920,2710-1112
2615439,1174317,2024,24,1,0,1920,2615-1174
2670381,1242424,2024,24,1,0,1920,2670-1242
2712051,1113399,2024,24,6,0,1920,2712-1113
2712051,1113399,2024,24,6,0,1920,2712-1113
2710190,1112521,2022,24,3,0,1920,2710-1112
2710169,1112609,2023,24,1,2,1920,2710-1112
2634186,1243715,2025,24,1,0,1920,2634-1243
2537509.61018522,1180220.62191535,2024,24,3,0,1920,2537-1180
2670300.06850856,1242299.56432465,2023,24,2,0,1920,2670-1242
2670300.06850856,1242299.56432466,2021,24,4,0,1920,2670-1242
2559830.38176537,1137852.33685615,2022,24,1,1,1920,2559-1137
2700000.59040254,1272100.79127784,2021,24,4,0,1920,2700-1272
2660500,1270500,2025,24,2,0,1920,2660-1270
2537509.61018522,1180220.62191535,2023,24,1,0,1920,2537-1180
2537509.61018522,1180220.62191535,2023,24,2,0,1920,2537-1180
2537509.61018522,1180220.62191535,2024,24,3,0,1920,2537-1180
2537509.61018522,1180220.62191535,2023,24,8,0,1920,2537-1180
2537509.61018522,1180220.62191535,2024,24,1,0,1920,2537-1180
2537509.61018522,1180220.62191535,2023,24,5,0,1920,2537-1180
2760500,1201500,2023,24,1,0,1920,2760-1201
2704337,1112595,2024,24,8,0,1920,2704-1112
2610566,1227863,2023,24,2,6,1920,2610-1227
2704500,1112500,2024,24,6,0,1920,2704-1112
2620500,1265500,2022,24,1,0,1920,2620-1265
2660500,1270500,2024,24,1,0,1920,2660-1270
2704500,1112500,2024,24,5,0,1920,2704-1112
2705334.11030412,1112037.5543074,2022,24,2,0,1920,2705-1112
2558730.38781529,1138466.35807626,2023,24,2,0,1920,2558-1138
2683630,1255906,2024,24,1,18,1920,2683-1255
2687363,1272096,2021,24,1,0,1920,2687-1272
2760631,1201187,2023,24,2,0,1920,2760-1201
2760617,1201278,2023,24,2,0,1920,2760-1201
2708465,1229359,2025,24,1,0,1920,2708-1229
2668400,1256365,2022,30,5,13,1920,2668-1256
2758304,1236939,2023,30,1,2,1920,2758-1236
2658938,1254384,2024,30,2,11,1920,2658-1254
2615461,1174324,2024,30,1,2,1920,2615-1174
2670056,1242507,2022,30,1,2,1920,2670-1242
2670300.06850856,1242299.56432466,2021,30,2,2,1920,2670-1242
2670300.06850856,1242299.56432465,2024,30,2,13,1920,2670-1242
2670300.06850856,1242299.56432466,2022,30,2,1,1920,2670-1242
2634173,1243753,2024,30,1,2,1920,2634-1243
2687224,1272104,2022,30,1,2,1920,2687-1272
2687363,1272114,2025,30,1,2,1920,2687-1272
2687192,1272127,2025,30,2,2,1920,2687-1272
2678743.88625199,1261738.64812515,2022,30,2,2,1920,2678-1261
2579500,1212500,2024,30,1,3,1920,2579-1212
2687409,1272087,2022,30,1,2,1920,2687-1272
2610551,1227886,2021,30,1,2,1920,2610-1227
2757429,1221488,2021,36,1,2,1920,2757-1221
2687189,1272115,2021,36,1,2,1920,2687-1272
2658500,1253500,2025,36,1,18,1920,2658-1253
2627500,1268500,2022,36,2,1,1920,2627-1268
2789163,1159512,2024,36,1,2,1920,2789-1159
2788748,1158330,2025,36,2,2,1920,2788-1158
2610296,1226308,2021,36,2,18,1920,2610-1226
2569106,1203434,2023,36,1,1,1920,2569-1203
2755436,1229650,2021,42,1,2,1920,2755-1229
2615463,1174251,2024,42,4,13,1920,2615-1174
2757109,1222806,2021,42,1,1,1920,2757-1222
2757892,1219343,2021,42,1,2,1920,2757-1219
2580090.6502114,1212497.13430467,2022,42,1,2,1920,2580-1212
2708500,1229500,2021,42,3,1,1920,2708-1229
2678500,1261500,2025,42,1,1,1920,2678-1261
2569500,1203500,2022,42,4,1,1920,2569-1203
2707697.43489667,1278958.87957616,2023,48,1,0,1920,2707-1278
2614597,1174711,2022,48,2,0,1920,2614-1174
2537509.61018522,1180220.62191535,2025,48,4,0,1920,2537-1180
2537509.61018522,1180220.62191536,2022,48,4,0,1920,2537-1180
2678485,1261688,2023,48,1,0,1920,2678-1261
2678459,1261722,2023,48,2,0,1920,2678-1261
2537509.61018522,1180220.62191535,2025,48,3,0,1920,2537-1180
2537509.61018522,1180220.62191535,2025,48,3,0,1920,2537-1180
2537509.61018522,1180220.62191535,2025,48,1,0,1920,2537-1180
2537509.61018522,1180220.62191536,2022,48,2,0,1920,2537-1180
2579500,1212500,2022,48,2,0,1920,2579-1212
2708116,1229060,2021,48,2,0,1920,2708-1229
2706500,1230500,2024,48,1,0,1920,2706-1230
2678451.8885035,1261824.64753559,2023,48,2,0,1920,2678-1261
2678743.88625199,1261738.64812515,2023,48,2,0,1920,2678-1261
2678832.89017936,1261138.64640056,2022,48,1,0,1920,2678-1261
2678743.88625199,1261738.64812515,2024,48,3,0,1920,2678-1261
2678515.88908633,1261671.64722243,2023,48,2,0,1920,2678-1261
2537509.61018522,1180220.62191536,2022,54,3,0,1920,2537-1180
2537509.61018522,1180220.62191536,2022,54,3,0,1920,2537-1180
2537509.61018522,1180220.62191536,2022,54,2,0,1920,2537-1180
2708241,1229029,2025,54,3,0,1920,2708-1229
2709931,1112619,2023,18,3,0,1920,2709-1112
2709274,1112443,2021,18,3,0,1920,2709-1112
2704371,1112567,2025,18,3,0,1920,2704-1112
2580015,1212171,2021,18,4,0,1920,2580-1212
2558793,1138553,2021,18,2,0,1920,2558-1138
2699718,1272156,2021,18,5,0,1920,2699-1272
2710500,1112500,2023,18,3,0,1920,2710-1112
2660290,1270123,2024,18,1,0,1920,2660-1270
2660500,1270500,2022,18,1,0,1920,2660-1270
2668500,1256500,2022,18,3,0,1920,2668-1256
2660500,1269500,2022,18,1,0,1920,2660-1269
2710104,1112545,2023,18,3,0,1920,2710-1112
2710145,1112594,2023,18,2,0,1920,2710-1112
2710188,1112606,2021,18,2,0,1920,2710-1112
2655500,1272500,2024,18,2,0,1920,2655-1272
2501678,1118321,2023,18,1,0,1920,2501-1118
2670300.06850856,1242299.56432465,2023,18,1,0,1920,2670-1242
2537509.61018522,1180220.62191535,2024,18,1,0,1920,2537-1180
2660500,1270500,2025,18,2,0,1920,2660-1270
2537635.70077399,1180360.26407287,2023,18,6,0,1920,2537-1180
2537509.61018522,1180220.62191535,2023,18,5,0,1920,2537-1180
2758152,1236333,2024,18,1,0,1920,2758-1236
2537509.61018522,1180220.62191535,2023,18,6,0,1920,2537-1180
2750473,1263693,2025,18,2,0,1920,2750-1263
2559830.38176537,1137852.33685615,2021,18,2,0,1920,2559-1137
2678743.88625199,1261738.64812515,2021,24,1,0,1920,2678-1261
2705334.11030412,1112037.55430739,2023,24,2,0,1920,2705-1112
2559995,1138315,2021,24,1,0,1920,2559-1138
2702618,1281819,2022,24,2,0,1920,2702-1281
2704262,1112700,2024,24,6,0,1920,2704-1112
2709978,1112521,2021,24,2,0,1920,2709-1112
2709987,1112525,2021,24,1,0,1920,2709-1112
2683500,1256500,2021,24,2,0,1920,2683-1256
2709500,1112500,2021,24,2,0,1920,2709-1112
2537509.61018522,1180220.62191535,2024,24,1,0,1920,2537-1180
2537509.61018522,1180220.62191535,2024,24,4,0,1920,2537-1180
2537509.61018522,1180220.62191535,2024,24,4,0,1920,2537-1180
2537509.61018522,1180220.62191535,2023,24,8,0,1920,2537-1180
2537509.61018522,1180220.62191535,2024,24,3,0,1920,2537-1180
2569675,1203680,2021,24,1,0,1920,2569-1203
2579916,1212297,2022,24,1,0,1920,2579-1212
2537509.61018522,1180220.62191535,2024,24,3,0,1920,2537-1180
2670300.06850856,1242299.56432466,2021,24,2,0,1920,2670-1242
2670300.06850856,1242299.56432466,2021,24,3,0,1920,2670-1242
2670300.06850856,1242299.56432465,2023,24,2,0,1920,2670-1242
2670300.06850856,1242299.56432466,2021,24,2,0,1920,2670-1242
2537509.61018522,1180220.62191535,2024,24,3,0,1920,2537-1180
2615552,1174261,2021,24,2,0,1920,2615-1174
2710751,1114150,2024,24,2,0,1920,2710-1114
2757683,1234958,2024,24,1,0,1920,2757-1234
2757671,1235057,2024,24,1,0,1920,2757-1235
2710149,1112620,2024,24,2,6,1920,2710-1112
2558730.38781529,1138466.35807626,2022,24,1,0,1920,2558-1138
2615660,1174043,2021,30,1,2,1920,2615-1174
2655500,1272500,2025,30,2,6,1920,2655-1272
2670225,1242537,2023,30,2,1,1920,2670-1242
2725689,1219996,2021,30,1,2,1920,2725-1219
2660500,1270500,2024,30,1,2,1920,2660-1270
2660500,1270500,2025,30,2,2,1920,2660-1270
2680520,1271631,2025,36,10,1,1920,2680-1271
2610541,1227897,2023,36,2,18,1920,2610-1227
2678743.88625199,1261738.64812515,2021,36,2,4,1920,2678-1261
2678743.88625199,1261738.64812515,2021,36,1,1,1920,2678-1261
2688511,1272102,2021,36,1,2,1920,2688-1272
2757829,1219578,2025,36,1,2,1920,2757-1219
2758827,1238151,2021,36,1,2,1920,2758-1238
2710083,1112620,2024,36,2,1,1920,2710-1112
2750424,1263731,2022,42,1,1,1920,2750-1263
2569347,1203369,2025,42,1,1,1920,2569-1203
2569639,1203127,2022,42,4,2,1920,2569-1203
2708206,1229186,2025,42,4,1,1920,2708-1229
2670506,1242331,2024,42,1,1,1920,2670-1242
2569644.55120499,1203073.27749823,2022,42,2,1,1920,2569-1203
2670300.06850856,1242299.56432465,2024,42,2,1,1920,2670-1242
2709628.1002368,1113293.57333526,2023,42,3,1,1920,2709-1113
2579500,1212500,2022,48,3,0,1920,2579-1212
2678436,1261685,2025,48,1,0,1920,2678-1261
2678539,1261711,2022,48,2,0,1920,2678-1261
2579986,1212191,2024,48,1,0,1920,2579-1212
2678434,1261633,2025,48,1,0,1920,2678-1261
2678453,1261668,2022,48,2,0,1920,2678-1261
2580286,1212274,2024,48,2,0,1920,2580-1212
2569780,1203151,2023,48,4,0,1920,2569-1203
2678743.88625199,1261738.64812515,2023,48,1,0,1920,2678-1261
2678515.88908633,1261671.64722243,2023,48,1,0,1920,2678-1261
2537509.61018522,1180220.62191536,2022,48,2,0,1920,2537-1180
2579916,1212292,2024,48,1,0,1920,2579-1212
2537509.61018522,1180220.62191535,2025,48,1,0,1920,2537-1180
2708311,1229014,2025,54,2,0,1920,2708-1229
2537509.61018522,1180220.62191536,2022,54,2,0,1920,2537-1180
2537509.61018522,1180220.62191535,2025,54,2,0,1920,2537-1180
2537509.61018522,1180220.62191536,2021,54,1,0,1920,2537-1180
2627500,1268500,2024,18,1,0,1920,2627-1268
2678743.88625199,1261738.64812515,2021,18,1,0,1920,2678-1261
2558757,1138482,2023,18,7,0,1920,2558-1138
2580090.6502114,1212497.13430467,2021,18,2,0,1920,2580-1212
2580090.6502114,1212497.13430467,2021,18,2,0,1920,2580-1212
2569468,1203643,2021,18,5,0,1920,2569-1203
2706500,1230500,2021,18,1,0,1920,2706-1230
2670546,1242178,2025,18,1,0,1920,2670-1242
2670055,1242518,2024,18,2,0,1920,2670-1242
2668500,1255500,2021,18,2,4,1920,2668-1255
2670300.06850856,1242299.56432466,2022,18,5,0,1920,2670-1242
2670300.06850856,1242299.56432466,2021,18,2,0,1920,2670-1242
2569500,1203500,2024,18,1,0,1920,2569-1203
2713500,1231500,2021,18,1,0,1920,2713-1231
2608500,1268500,2023,18,2,0,1920,2608-1268
2660500,1270500,2025,18,3,0,1920,2660-1270
2558758,1138549,2021,18,2,0,1920,2558-1138
2558735,1138524,2021,18,2,0,1920,2558-1138
2687224,1272104,2024,24,2,7,1920,2687-1272
2670300.06850856,1242299.56432465,2023,24,1,0,1920,2670-1242
2670300.06850856,1242299.56432466,2021,24,2,0,1920,2670-1242
2537509.61018522,1180220.62191535,2023,24,2,0,1920,2537-1180
2712500,1113500,2024,24,2,0,1920,2712-1113
2678743.88625199,1261738.64812515,2023,24,1,0,1920,2678-1261
2687500,1272500,2025,24,2,0,1920,2687-1272
2709556,1113230,2021,24,1,0,1920,2709-1113
2683546,1256304,2021,24,2,0,1920,2683-1256
2660500,1270500,2025,24,2,0,1920,2660-1270
2537509.61018522,1180220.62191535,2024,24,1,0,1920,2537-1180
2537635.70077399,1180360.26407287,2023,24,1,0,1920,2537-1180
2537509.61018522,1180220.62191535,2024,24,5,0,1920,2537-1180
2710172,1112612,2025,24,2,2,1920,2710-1112
2710193,1112556,2022,24,1,0,1920,2710-1112
2670297,1242332,2024,24,1,0,1920,2670-1242
2710183,1112586,2021,24,1,7,1920,2710-1112
2670025,1242395,2021,24,6,0,1920,2670-1242
2670228,1242333,2024,24,2,0,1920,2670-1242
2710255,1112643,2021,24,2,0,1920,2710-1112
2670352,1242320,2025,24,1,0,1920,2670-1242
2670210,1242348,2024,24,1,0,1920,2670-1242
2758231,1237000,2024,24,1,0,1920,2758-1237
2672500,1232500,2022,24,2,0,1920,2672-1232
2687500,1272500,2022,24,2,0,1920,2687-1272
2686500,1272500,2025,24,1,0,1920,2686-1272
2710500,1112500,2025,24,2,0,1920,2710-1112
2710207,1112551,2025,24,1,0,1920,2710-1112
2704396,1112588,2024,24,2,0,1920,2704-1112
2709666,1112497,2022,24,2,0,1920,2709-1112
2709515,1112448,2021,24,3,0,1920,2709-1112
2686500,1272500,2022,24,1,0,1920,2686-1272
2608500,1268500,2023,24,1,0,1920,2608-1268
2678500,1261500,2021,24,1,0,1920,2678-1261
2760488,1202909,2022,24,3,0,1920,2760-1202
2610504,1227954,2024,24,1,18,1920,2610-1227
2710150,1112588,2025,30,1,2,1920,2710-1112
2678178,1267429,2022,30,5,13,1920,2678-1267
2490889.47316003,1111339.1835988,2023,30,1,8,1920,2490-1111
2670300.06850856,1242299.56432466,2021,30,2,2,1920,2670-1242
2700000.59040254,1272100.79127783,2023,30,8,6,1920,2700-1272
2492970,1117563,2025,30,1,2,1920,2492-1117
2672543,1232408,2023,30,4,2,1920,2672-1232
2620500,1265500,2021,30,1,1,1920,2620-1265
2756084,1224607,2021,30,3,8,1920,2756-1224
2757409,1221598,2021,30,1,2,1920,2757-1221
2757115,1222794,2021,30,2,4,1920,2757-1222
2757911,1217988,2021,30,1,2,1920,2757-1217
2672500,1232500,2023,30,3,1,1920,2672-1232
2760500,1203500,2022,30,1,2,1920,2760-1203
2612500,1128500,2024,36,1,2,1920,2612-1128
2615517,1174260,2022,36,6,2,1920,2615-1174
2678178,1267429,2025,36,7,13,1920,2678-1267
2788797,1158100,2025,36,1,1,1920,2788-1158
2579970,1212187,2024,36,1,2,1920,2579-1212
2569500,1203500,2021,42,1,1,1920,2569-1203
2670300.06850856,1242299.56432465,2024,42,2,2,1920,2670-1242
2670294,1242343,2024,42,1,1,1920,2670-1242
2678424,1261681,2024,48,2,0,1920,2678-1261
2537509.61018522,1180220.62191536,2022,48,6,0,1920,2537-1180
2537509.61018522,1180220.62191536,2022,48,2,0,1920,2537-1180
2537509.61018522,1180220.62191536,2021,48,2,0,1920,2537-1180
2537509.61018522,1180220.62191536,2022,48,4,0,1920,2537-1180
2537509.61018522,1180220.62191536,2022,48,4,0,1920,2537-1180
2708438,1229101,2023,48,5,0,1920,2708-1229
2579500,1212500,2022,48,2,0,1920,2579-1212
2678500,1261500,2024,48,3,0,1920,2678-1261
2678743.88625199,1261738.64812515,2024,48,8,0,1920,2678-1261
2678743.88625199,1261738.64812515,2024,48,3,0,1920,2678-1261
2678515.88908633,1261671.64722243,2024,48,1,0,1920,2678-1261
2678743.88625199,1261738.64812515,2022,48,1,0,1920,2678-1261
2569915,1203193,2025,55,1,0,1920,2569-1203
2678500,1261500,2024,55,3,0,1920,2678-1261
2634179,1243780,2024,18,2,0,1920,2634-1243
2706500,1270500,2024,18,1,0,1920,2706-1270
2670500,1242500,2023,18,1,0,1920,2670-1242
2705413,1111947,2021,18,2,0,1920,2705-1111
2569351,1203371,2021,18,1,0,1920,2569-1203
2653500,1256500,2024,18,2,0,1920,2653-1256
2670300.06850856,1242299.56432466,2022,18,3,0,1920,2670-1242
2580165,1212154,2021,18,2,0,1920,2580-1212
2687500,1272500,2021,18,4,0,1920,2687-1272
2654500,1271500,2021,18,2,0,1920,2654-1271
2537509.61018522,1180220.62191535,2023,18,3,0,1920,2537-1180
2537635.70077399,1180360.26407288,2021,18,1,0,1920,2537-1180
2537509.61018522,1180220.62191535,2024,18,3,0,1920,2537-1180
2558730.38781529,1138466.35807626,2025,18,9,0,1920,2558-1138
2710224,1112593,2021,18,3,0,1920,2710-1112
2710179,1112570,2021,18,1,0,1920,2710-1112
2670323,1242362,2025,18,1,0,1920,2670-1242
2569760,1203453,2025,18,1,0,1920,2569-1203
2709654,1112506,2021,24,10,0,1920,2709-1112
2709602,1113183,2022,24,3,0,1920,2709-1113
2710198,1112620,2024,24,1,2,1920,2710-1112
2620500,1265500,2021,24,1,0,1920,2620-1265
2634137,1243799,2025,24,1,0,1920,2634-1243
2558906,1138590,2023,24,5,0,1920,2558-1138
2678434,1268215,2025,24,1,0,1920,2678-1268
2610549,1227875,2021,24,1,2,1920,2610-1227
2760500,1202500,2024,24,3,1,1920,2760-1202
2718500,1138500,2023,24,1,0,1920,2718-1138
2658500,1254500,2024,24,1,0,1920,2658-1254
2706500,1230500,2021,24,4,0,1920,2706-1230
2627500,1268500,2021,24,1,0,1920,2627-1268
2789007,1159295,2025,24,1,2,1920,2789-1159
2706500,1230500,2021,24,4,0,1920,2706-1230
2710198,1112553,2024,24,1,0,1920,2710-1112
2670632,1242018,2023,24,2,0,1920,2670-1242
2710841,1114494,2023,24,3,0,1920,2710-1114
2757374,1234307,2025,24,1,2,1920,2757-1234
2615473,1174331,2023,24,1,0,1920,2615-1174
2537509.61018522,1180220.62191535,2024,24,6,0,1920,2537-1180
2537509.61018522,1180220.62191535,2023,24,2,0,1920,2537-1180
2670300.06850856,1242299.56432465,2025,24,1,0,1920,2670-1242
2537509.61018522,1180220.62191535,2023,24,4,0,1920,2537-1180
2670300.06850856,1242299.56432466,2022,24,2,0,1920,2670-1242
2537509.61018522,1180220.62191535,2024,24,10,0,1920,2537-1180
2709628.1002368,1113293.57333526,2022,24,1,0,1920,2709-1113
2670300.06850856,1242299.56432465,2023,24,1,0,1920,2670-1242
2537509.61018522,1180220.62191535,2024,24,14,0,1920,2537-1180
2537509.61018522,1180220.62191535,2024,24,9,0,1920,2537-1180
2537509.61018522,1180220.62191535,2024,24,14,0,1920,2537-1180
2569525.56262002,1203696.28167077,2024,24,2,0,1920,2569-1203
2678743.88625199,1261738.64812515,2023,24,2,0,1920,2678-1261
2705334.11030412,1112037.55430739,2023,24,4,0,1920,2705-1112
2700000.59040254,1272100.79127784,2022,24,3,0,1920,2700-1272
2678390.88728396,1262052.64810146,2025,30,2,6,1920,2678-1262
2618319,1128092,2025,30,1,2,1920,2618-1128
2797846,1142763,2022,30,1,2,1920,2797-1142
2672500,1232500,2021,30,2,2,1920,2672-1232
2573897.86869191,1162640.09628771,2023,30,2,18,1920,2573-1162
2670300.06850856,1242299.56432466,2021,30,2,4,1920,2670-1242
2670300.06850856,1242299.56432465,2023,30,2,2,1920,2670-1242
2670333,1242378,2023,30,1,2,1920,2670-1242
2670235,1242378,2025,30,1,2,1920,2670-1242
2757243,1222272,2021,30,3,2,1920,2757-1222
2788724,1158159,2025,36,1,2,1920,2788-1158
2788810,1158096,2023,36,1,2,1920,2788-1158
2670046,1242591,2023,36,1,2,1920,2670-1242
2670300.06850856,1242299.56432466,2022,36,1,2,1920,2670-1242
2670300.06850856,1242299.56432466,2022,36,1,2,1920,2670-1242
2757558,1217037,2021,36,3,18,1920,2757-1217
2569644.55120499,1203073.27749823,2022,36,1,1,1920,2569-1203
2569705,1203115,2023,42,2,1,1920,2569-1203
2750500,1263500,2022,42,1,1,1920,2750-1263
2708262,1229072,2025,42,7,1,1920,2708-1229
2579500,1212500,2022,42,4,1,1920,2579-1212
2678543,1261605,2022,49,1,0,1920,2678-1261
2708495,1229010,2025,49,3,0,1920,2708-1229
2708516,1229059,2025,49,3,0,1920,2708-1229
2708487,1229146,2025,49,3,0,1920,2708-1229
2580090.6502114,1212497.13430467,2022,49,3,0,1920,2580-1212
2537509.61018522,1180220.62191536,2021,49,1,0,1920,2537-1180
2580090.6502114,1212497.13430467,2024,49,1,0,1920,2580-1212
2537509.61018522,1180220.62191536,2022,49,2,0,1920,2537-1180
2537509.61018522,1180220.62191536,2022,49,4,0,1920,2537-1180
2537509.61018522,1180220.62191535,2025,49,3,0,1920,2537-1180
2670208,1242420,2024,49,2,0,1920,2670-1242
2705334.11030412,1112037.55430739,2025,49,4,0,1920,2705-1112
2537509.61018522,1180220.62191535,2025,49,1,0,1920,2537-1180
2678743.88625199,1261738.64812515,2024,55,2,0,1920,2678-1261
2558730.38781529,1138466.35807626,2025,18,7,0,1920,2558-1138
2756500,1224500,2022,18,3,0,1920,2756-1224
2700000.59040254,1272100.79127784,2021,18,1,0,1920,2700-1272
2704363,1112617,2022,18,3,0,1920,2704-1112
2670300.06850856,1242299.56432466,2021,18,2,0,1920,2670-1242
2670300.06850856,1242299.56432465,2024,18,2,0,1920,2670-1242
2537509.61018522,1180220.62191535,2024,18,3,0,1920,2537-1180
2670300.06850856,1242299.56432465,2024,18,2,0,1920,2670-1242
2670300.06850856,1242299.56432466,2021,18,3,0,1920,2670-1242
2569604,1203720,2025,18,1,0,1920,2569-1203
2537509.61018522,1180220.62191535,2023,18,10,0,1920,2537-1180
2537635.70077399,1180360.26407288,2021,18,1,0,1920,2537-1180
2710668,1114430,2024,18,3,0,1920,2710-1114
2710595,1114334,2024,18,1,0,1920,2710-1114
2710989,1114552,2024,18,2,0,1920,2710-1114
2670356,1242315,2022,18,3,0,1920,2670-1242
2710166,1112650,2024,18,2,0,1920,2710-1112
2660005,1270235,2025,18,2,0,1920,2660-1270
2634200,1243683,2024,18,2,0,1920,2634-1243
2559500,1138500,2025,18,4,0,1920,2559-1138
2617235.02392802,1170951.55638388,2022,18,1,0,1920,2617-1170
2580178,1212224,2021,18,2,0,1920,2580-1212
2610733,1128068,2022,24,2,4,1920,2610-1128
2569331,1203348,2023,24,1,0,1920,2569-1203
2680706,1272185,2022,24,2,0,1920,2680-1272
2680706,1272185,2022,24,2,0,1920,2680-1272
2680706,1272185,2022,24,2,0,1920,2680-1272
2559964.39202934,1138353.33392529,2022,24,1,0,1920,2559-1138
2709500,1112500,2021,24,1,0,1920,2709-1112
2634500,1243500,2025,24,1,0,1920,2634-1243
2710036,1112638,2023,24,1,0,1920,2710-1112
2670366,1242346,2021,24,1,0,1920,2670-1242
2710152,1112638,2025,24,2,4,1920,2710-1112
2670694,1242044,2021,24,2,4,1920,2670-1242
2670321,1242366,2024,24,1,0,1920,2670-1242
2670212,1242359,2024,24,2,0,1920,2670-1242
2710134,1112646,2022,24,1,3,1920,2710-1112
2670381,1242426,2021,24,2,0,1920,2670-1242
2710123,1112582,2022,24,1,0,1920,2710-1112
2670300.06850856,1242299.56432465,2024,24,3,0,1920,2670-1242
2709628.1002368,1113293.57333526,2022,24,1,0,1920,2709-1113
2670300.06850856,1242299.56432466,2022,24,2,0,1920,2670-1242
2709628.1002368,1113293.57333526,2022,24,1,0,1920,2709-1113
2670300.06850856,1242299.56432466,2021,24,2,0,1920,2670-1242
2700000.59040254,1272100.79127784,2022,24,10,18,1920,2700-1272
2670300.06850856,1242299.56432465,2024,24,3,0,1920,2670-1242
2709628.1002368,1113293.57333526,2022,24,2,0,1920,2709-1113
2709628.1002368,1113293.57333526,2022,24,1,0,1920,2709-1113
2703052.41330683,1281686.85305131,2022,24,2,0,1920,2703-1281
2709628.1002368,1113293.57333526,2022,24,1,0,1920,2709-1113
2537509.61018522,1180220.62191535,2024,24,1,0,1920,2537-1180
2537509.61018522,1180220.62191535,2024,24,1,0,1920,2537-1180
2537509.61018522,1180220.62191535,2024,24,1,0,1920,2537-1180
2537509.61018522,1180220.62191535,2024,24,2,0,1920,2537-1180
2537509.61018522,1180220.62191535,2024,24,2,0,1920,2537-1180
2537509.61018522,1180220.62191535,2024,24,1,0,1920,2537-1180
2709500,1113500,2021,24,5,0,1920,2709-1113
2660500,1270500,2024,24,1,0,1920,2660-1270
2704279,1112667,2024,24,3,0,1920,2704-1112
2704279,1112667,2024,24,3,0,1920,2704-1112
2705222,1111870,2023,24,1,0,1920,2705-1111
2705452,1111947,2023,24,,0,1920,2705-1111
2709278,1112443,2021,24,1,0,1920,2709-1112
2569337,1203355,2024,24,1,0,1920,2569-1203
2709558,1112535,2022,24,2,0,1920,2709-1112
2709574,1112480,2022,24,1,0,1920,2709-1112
2709574,1112480,2022,24,2,0,1920,2709-1112
2709538,1112496,2022,24,2,0,1920,2709-1112
2709459,1112619,2022,24,2,0,1920,2709-1112
2610565,1227863,2022,24,2,18,1920,2610-1227
2709378,1112546,2022,24,2,0,1920,2709-1112
2634488,1243960,2022,24,1,0,1920,2634-1243
2569096,1203447,2024,24,1,0,1920,2569-1203
2709658,1112501,2021,24,3,0,1920,2709-1112
2710146,1112636,2024,24,4,0,1920,2710-1112
2709380,1112427,2023,24,2,0,1920,2709-1112
2709661,1112505,2022,24,2,0,1920,2709-1112
2760824,1201554,2021,24,3,0,1920,2760-1201
2660500,1270500,2024,24,1,0,1920,2660-1270
2558730.38781529,1138466.35807626,2022,24,2,0,1920,2558-1138
2705334.11030412,1112037.55430739,2023,24,4,0,1920,2705-1112
2705334.11030412,1112037.5543074,2021,24,2,0,1920,2705-1112
2705334.11030412,1112037.5543074,2021,24,1,0,1920,2705-1112
2705334.11030412,1112037.55430739,2023,24,1,0,1920,2705-1112
2705334.11030412,1112037.55430739,2023,24,5,0,1920,2705-1112
2705334.11030412,1112037.55430739,2023,24,6,0,1920,2705-1112
2678743.88625199,1261738.64812515,2025,30,2,1,1920,2678-1261
2615481,1174348,2024,30,1,2,1920,2615-1174
2700006,1272047,2023,30,2,2,1920,2700-1272
2670082,1242510,2023,30,1,2,1920,2670-1242
2670300.06850856,1242299.56432465,2023,30,2,4,1920,2670-1242
2699895,1272083,2022,30,5,13,1920,2699-1272
2610554,1227842,2023,30,2,18,1920,2610-1227
2705413,1111937,2022,30,2,4,1920,2705-1111
2660445,1269616,2022,30,1,2,1920,2660-1269
2672500,1232500,2021,30,2,2,1920,2672-1232
2660500,1270500,2022,30,1,2,1920,2660-1270
2688783,1272073,2024,37,1,18,1920,2688-1272
2687224,1272104,2024,37,2,4,1920,2687-1272
2670300.06850856,1242299.56432465,2022,37,2,2,1920,2670-1242
2757458,1234429,2021,37,2,10,1920,2757-1234
2758253,1236912,2021,37,2,4,1920,2758-1236
2758233,1237197,2021,37,2,4,1920,2758-1237
2758222,1237309,2021,37,2,6,1920,2758-1237
2756077,1230954,2021,37,2,19,1920,2756-1230
2615549,1174281,2021,37,2,2,1920,2615-1174
2788732,1158375,2024,37,1,2,1920,2788-1158
2788689,1158196,2021,37,5,13,1920,2788-1158
2760446,1202814,2023,37,1,2,1920,2760-1202
2670180,1242367,2024,43,1,1,1920,2670-1242
2678178,1267429,2022,43,3,13,1920,2678-1267
2709628.1002368,1113293.57333526,2023,43,5,1,1920,2709-1113
2569326,1203178,2023,43,4,1,1920,2569-1203
2750424,1263731,2022,43,1,1,1920,2750-1263
2708255,1229080,2025,49,4,0,1920,2708-1229
2708490,1229134,2025,49,2,0,1920,2708-1229
2708533,1229106,2023,49,3,0,1920,2708-1229
2708524,1229181,2023,49,2,0,1920,2708-1229
2708517,1229181,2023,49,5,0,1920,2708-1229
2708555,1229159,2025,49,1,0,1920,2708-1229
2708553,1229156,2025,49,3,0,1920,2708-1229
2537509.61018522,1180220.62191536,2022,49,6,0,1920,2537-1180
2615450,1174327,2023,49,1,0,1920,2615-1174
2537509.61018522,1180220.62191536,2022,49,,0,1920,2537-1180
2670300.06850856,1242299.56432465,2024,49,5,0,1920,2670-1242
2537509.61018522,1180220.62191536,2022,49,,0,1920,2537-1180
2537509.61018522,1180220.62191536,2022,49,4,0,1920,2537-1180
2660500,1270500,2021,49,1,0,1920,2660-1270
2705334.11030412,1112037.55430739,2025,49,2,0,1920,2705-1112
2678467,1261622,2022,49,1,0,1920,2678-1261
2678518,1261613,2024,49,1,0,1920,2678-1261
2708500,1229500,2023,49,4,0,1920,2708-1229
2537509.61018522,1180220.62191536,2022,55,1,0,1920,2537-1180
2537509.61018522,1180220.62191536,2022,55,3,0,1920,2537-1180
2537509.61018522,1180220.62191535,2025,55,1,0,1920,2537-1180
2537509.61018522,1180220.62191536,2021,55,2,0,1920,2537-1180
2537509.61018522,1180220.62191535,2025,55,1,0,1920,2537-1180
2537509.61018522,1180220.62191535,2025,55,1,0,1920,2537-1180
2569096,1203440,2022,55,4,0,1920,2569-1203
2615473,1174318,2023,18,2,0,1920,2615-1174
2688761,1272087,2025,18,2,0,1920,2688-1272
2660500,1270500,2022,18,2,0,1920,2660-1270
2660442,1269871,2022,18,2,0,1920,2660-1269
2660500,1269500,2022,18,1,0,1920,2660-1269
2610509,1227950,2024,18,2,0,1920,2610-1227
2569525.56262002,1203696.28167077,2021,18,1,0,1920,2569-1203
2537509.61018522,1180220.62191535,2024,18,6,0,1920,2537-1180
2713500,1231500,2021,18,2,0,1920,2713-1231
2660500,1270500,2025,18,2,0,1920,2660-1270
2709581,1113330,2022,18,6,0,1920,2709-1113
2709382,1112453,2025,18,2,0,1920,2709-1112
2704270,1112626,2024,18,6,0,1920,2704-1112
2670220,1242299,2025,18,5,0,1920,2670-1242
2710869,1114414,2024,18,15,0,1920,2710-1114
2670300,1242359,2024,18,1,0,1920,2670-1242
2712319,1113298,2024,18,1,0,1920,2712-1113
2709594,1113228,2022,18,6,0,1920,2709-1113
2709598,1113346,2022,18,7,0,1920,2709-1113
2670300.06850856,1242299.56432466,2021,18,3,0,1920,2670-1242
2670300.06850856,1242299.56432466,2021,18,3,0,1920,2670-1242
2537509.61018522,1180220.62191535,2024,18,7,0,1920,2537-1180
2670300.06850856,1242299.56432466,2021,18,2,0,1920,2670-1242
2670300.06850856,1242299.56432465,2024,18,4,0,1920,2670-1242
2559964.39202934,1138353.33392529,2021,18,3,0,1920,2559-1138
2678743.88625199,1261738.64812515,2025,18,1,0,1920,2678-1261
2680500,1272500,2021,31,3,6,1920,2680-1272
2760460,1202940,2025,31,3,6,1920,2760-1202
2627983,1268705,2021,31,1,2,1920,2627-1268
2627983,1268705,2021,31,1,2,1920,2627-1268
2660500,1269500,2022,31,1,2,1920,2660-1269
2687500,1272500,2021,31,1,2,1920,2687-1272
2708422,1229111,2025,43,1,1,1920,2708-1229
2820125,1187696,2025,43,2,1,1920,2820-1187
2789083,1159249,2021,43,1,2,1920,2789-1159
2615491,1174310,2021,43,12,2,1920,2615-1174
2579970,1212186,2021,43,1,1,1920,2579-1212
2755377,1212245,2022,43,1,2,1920,2755-1212
2580090.6502114,1212497.13430467,2022,43,3,1,1920,2580-1212
2569644.55120499,1203073.27749823,2022,43,1,1,1920,2569-1203
2706500,1230500,2024,49,1,0,1920,2706-1230
2708500,1229500,2023,49,1,0,1920,2708-1229
2708475,1229151,2023,49,4,0,1920,2708-1229
2708525,1229181,2023,49,1,0,1920,2708-1229
2708291,1229123,2023,49,4,0,1920,2708-1229
2708516,1229190,2023,49,4,0,1920,2708-1229
2558500,1138500,2022,49,1,0,1920,2558-1138
2579977,1212199,2022,49,3,0,1920,2579-1212
2537509.61018522,1180220.62191535,2025,49,2,0,1920,2537-1180
2537509.61018522,1180220.62191535,2025,49,2,0,1920,2537-1180
2708500,1229500,2023,49,1,0,1920,2708-1229
2537509.61018522,1180220.62191535,2025,49,2,0,1920,2537-1180
2580090.6502114,1212497.13430467,2023,49,1,0,1920,2580-1212
2615464,1174357,2021,49,2,0,1920,2615-1174
2537509.61018522,1180220.62191536,2022,49,2,0,1920,2537-1180
2537509.61018522,1180220.62191535,2025,49,2,0,1920,2537-1180
2537509.61018522,1180220.62191535,2025,49,2,0,1920,2537-1180
2537509.61018522,1180220.62191536,2022,49,8,0,1920,2537-1180
2670521,1242116,2024,49,1,0,1920,2670-1242
2670514,1242131,2024,49,1,0,1920,2670-1242
2569447,1203276,2025,49,1,0,1920,2569-1203
