x,y,year,pentade,count,atlascode_id,species_id,KmSquares
2645277,1136787,2021,1,1,0,1510,2645-1136
2646319,1137313,2023,1,1,0,1510,2646-1137
2646442,1137405,2023,1,1,0,1510,2646-1137
2646274,1137225,2024,1,2,0,1510,2646-1137
2709409,1218751,2022,1,5,0,1510,2709-1218
2744500,1225500,2024,1,4,0,1510,2744-1225
2603444,1105370,2023,1,3,0,1510,2603-1105
2730016,1161527,2025,12,2,0,1510,2730-1161
2722217,1107328,2025,19,1,2,1510,2722-1107
2784369,1178362,2024,12,6,0,1510,2784-1178
2815965,1168977,2021,19,4,2,1510,2815-1168
2815810,1168743,2021,19,1,2,1510,2815-1168
2600803,1157680,2025,19,3,3,1510,2600-1157
2742730,1174340,2021,19,1,2,1510,2742-1174
2742719,1174347,2021,19,1,1,1510,2742-1174
2641510,1186725,2021,25,2,4,1510,2641-1186
2784500,1177790,2021,19,1,2,1510,2784-1177
2784297,1177955,2021,19,9,3,1510,2784-1177
2791500,1191500,2025,19,8,3,1510,2791-1191
2571346,1131471,2021,19,1,3,1510,2571-1131
2731257,1129204,2025,25,4,3,1510,2731-1129
2746500,1171500,2025,25,6,3,1510,2746-1171
2708965,1217411,2024,25,1,2,1510,2708-1217
2709406,1218751,2024,25,2,4,1510,2709-1218
2576417,1155306,2025,25,9,3,1510,2576-1155
2576573,1155686,2025,25,2,3,1510,2576-1155
2719565,1180888,2025,25,1,2,1510,2719-1180
2718372,1180776,2025,25,1,2,1510,2718-1180
2595849,1176651,2025,25,1,3,1510,2595-1176
2640763,1186906,2025,31,1,3,1510,2640-1186
2641196,1187508,2025,31,1,3,1510,2641-1187
2733500,1225500,2025,25,3,3,1510,2733-1225
2603647,1105049,2025,31,2,4,1510,2603-1105
2603590,1105240,2025,31,3,3,1510,2603-1105
2708762,1217700,2024,25,1,2,1510,2708-1217
2634500,1179500,2021,25,10,3,1510,2634-1179
2784500,1177500,2021,31,10,1,1510,2784-1177
2580653,1171711,2025,25,1,3,1510,2580-1171
2745886,1209901,2025,25,4,3,1510,2745-1209
2706262,1168695,2025,25,3,3,1510,2706-1168
2706344,1168395,2025,25,16,3,1510,2706-1168
2726383,1170796,2021,31,3,3,1510,2726-1170
2743448,1157809,2025,31,5,3,1510,2743-1157
2705396,1168733,2025,25,11,3,1510,2705-1168
2603068,1163545,2022,25,1,3,1510,2603-1163
2603506,1163742,2022,25,2,3,1510,2603-1163
2601287,1173341,2025,25,1,3,1510,2601-1173
2600599,1174553,2022,25,4,3,1510,2600-1174
2815784,1168692,2025,31,1,3,1510,2815-1168
2796500,1193500,2021,31,16,3,1510,2796-1193
2698141,1155386,2021,31,2,3,1510,2698-1155
2581339,1083041,2022,25,5,6,1510,2581-1083
2733813,1225745,2021,25,,3,1510,2733-1225
2709304,1218736,2024,25,1,2,1510,2709-1218
2698500,1155500,2023,31,1,3,1510,2698-1155
2816500,1169500,2025,31,1,1,1510,2816-1169
2640290,1185331,2025,25,2,3,1510,2640-1185
2640328,1185586,2025,25,1,2,1510,2640-1185
2640568,1185356,2025,25,2,2,1510,2640-1185
2725868,1212090,2025,25,1,3,1510,2725-1212
2628319,1175029,2025,31,3,3,1510,2628-1175
2722509,1107641,2024,31,1,2,1510,2722-1107
2784391,1177677,2021,31,10,6,1510,2784-1177
2784159,1176702,2021,31,14,6,1510,2784-1176
2722611,1182550,2021,31,,2,1510,2722-1182
2797431,1192745,2025,49,6,0,1510,2797-1192
2603588,1163834,2021,31,1,2,1510,2603-1163
2603366,1163653,2021,31,1,2,1510,2603-1163
2718500,1180500,2024,37,2,1,1510,2718-1180
2719500,1180500,2024,37,1,2,1510,2719-1180
2575274,1130923,2021,31,6,3,1510,2575-1130
2575399,1131262,2021,31,5,3,1510,2575-1131
2575813,1130317,2021,31,2,4,1510,2575-1130
2598252,1175786,2021,31,3,2,1510,2598-1175
2580518.98416785,1169447.00189602,2023,55,2,0,1510,2580-1169
2641284,1187434,2025,31,1,3,1510,2641-1187
2603500,1163500,2021,31,3,3,1510,2603-1163
2580124.9877582,1169700.00858702,2025,55,1,0,1510,2580-1169
2580124.9877582,1169700.00858702,2021,55,5,0,1510,2580-1169
2580124.9877582,1169700.00858702,2022,55,5,0,1510,2580-1169
2708512,1154375,2024,43,3,13,1510,2708-1154
2628742,1176280,2023,61,12,0,1510,2628-1176
2603468,1163911,2021,31,1,2,1510,2603-1163
2748481,1191443,2025,61,1,0,1510,2748-1191
2748245,1191692,2025,61,1,0,1510,2748-1191
2602500,1173500,2023,31,2,4,1510,2602-1173
2733536,1223430,2021,31,1,3,1510,2733-1223
2740100,1164882,2023,55,1,0,1510,2740-1164
2740080,1164492,2023,55,1,0,1510,2740-1164
2740073,1164199,2023,55,4,0,1510,2740-1164
2740012,1164405,2023,55,1,0,1510,2740-1164
2733083,1225943,2021,31,7,3,1510,2733-1225
2733761,1225747,2021,31,11,3,1510,2733-1225
2733729,1225444,2021,31,4,3,1510,2733-1225
2732530,1225881,2021,31,2,2,1510,2732-1225
2646263,1137255,2024,1,8,0,1510,2646-1137
2744796,1199288,2023,55,1,0,1510,2744-1199
2580668,1171197,2024,61,4,0,1510,2580-1171
2628500,1175500,2025,61,4,0,1510,2628-1175
2705250,1168583,2023,49,3,0,1510,2705-1168
2580124.9877582,1169700.00858702,2024,49,2,0,1510,2580-1169
2580124.9877582,1169700.00858702,2023,55,6,0,1510,2580-1169
2575636,1130500,2023,55,1,0,1510,2575-1130
2580579.01417345,1171416.00521168,2023,55,7,0,1510,2580-1171
2789585,1198340,2024,13,1,3,1510,2789-1198
2789405,1197413,2024,13,,0,1510,2789-1197
2600500,1174500,2022,61,1,0,1510,2600-1174
2580124.9877582,1169700.00858702,2023,61,4,0,1510,2580-1169
2709433,1218703,2023,1,3,0,1510,2709-1218
2709275,1218590,2023,1,4,0,1510,2709-1218
2764053,1210460,2023,55,3,0,1510,2764-1210
2725088,1167306,2025,19,7,6,1510,2725-1167
2733804,1225278,2024,55,2,0,1510,2733-1225
2732238,1225507,2023,55,1,0,1510,2732-1225
2736114,1172642,2024,61,9,0,1510,2736-1172
2731131,1129017,2025,25,1,3,1510,2731-1129
2730901,1127851,2025,25,1,4,1510,2730-1127
2730901,1127851,2025,25,1,3,1510,2730-1127
2605411,1101835,2025,25,1,2,1510,2605-1101
2605250,1101751,2025,25,2,4,1510,2605-1101
2580591,1171147,2025,25,3,3,1510,2580-1171
2628248,1175232,2023,61,1,0,1510,2628-1175
2733905,1225006,2024,61,1,0,1510,2733-1225
2635777,1181377,2022,13,1,0,1510,2635-1181
2645464.87730278,1136923.35648736,2025,1,1,0,1510,2645-1136
2722398,1107663,2024,67,1,0,1510,2722-1107
2679500,1127500,2021,31,1,2,1510,2679-1127
2709611,1218736,2023,1,1,0,1510,2709-1218
2640578,1185449,2023,37,5,13,1510,2640-1185
2679500,1184500,2025,25,4,6,1510,2679-1184
2580563,1171392,2025,25,2,3,1510,2580-1171
2641500,1187500,2025,25,3,1,1510,2641-1187
2722500,1182500,2021,19,1,2,1510,2722-1182
2632700,1180186,2025,19,2,3,1510,2632-1180
2731049,1129125,2025,25,2,4,1510,2731-1129
2564535,1144836,2024,49,2,0,1510,2564-1144
2733500,1225500,2023,49,5,0,1510,2733-1225
2580124.9877582,1169700.00858702,2023,49,4,0,1510,2580-1169
2719500,1180500,2023,25,1,2,1510,2719-1180
2696500,1166500,2022,25,10,2,1510,2696-1166
2695500,1168500,2022,25,5,3,1510,2695-1168
2697347,1169364,2022,25,3,3,1510,2697-1169
2600500,1174500,2022,49,2,0,1510,2600-1174
2580124.9877582,1169700.00858702,2022,55,5,0,1510,2580-1169
2550351.74133704,1110293.59993234,2022,55,5,0,1510,2550-1110
2550391,1110791,2023,55,4,0,1510,2550-1110
2601423,1173937,2025,55,1,0,1510,2601-1173
2743500,1157500,2023,31,4,3,1510,2743-1157
2731217,1129294,2025,25,1,3,1510,2731-1129
2580869,1169159,2025,25,6,6,1510,2580-1169
2602679,1151743,2021,25,1,6,1510,2602-1151
2576151,1155045,2025,25,12,2,1510,2576-1155
2686302,1171535,2025,37,7,16,1510,2686-1171
2686793,1137147,2022,37,4,19,1510,2686-1137
2634676,1177416,2025,19,1,3,1510,2634-1177
2634103,1177919,2025,19,2,3,1510,2634-1177
2725632,1212228,2021,19,1,3,1510,2725-1212
2728066,1172138,2021,19,2,3,1510,2728-1172
2728417,1172899,2021,19,4,6,1510,2728-1172
2603550,1163636,2025,25,2,6,1510,2603-1163
2797500,1193500,2025,25,9,3,1510,2797-1193
2815884,1168581,2023,37,1,1,1510,2815-1168
2646293,1137288,2023,1,2,0,1510,2646-1137
2646365,1137204,2023,1,3,6,1510,2646-1137
2564383,1142919,2021,49,1,0,1510,2564-1142
2726500,1210500,2023,49,1,0,1510,2726-1210
2697500,1169500,2022,25,4,2,1510,2697-1169
2796500,1192500,2025,25,1,3,1510,2796-1192
2797500,1192500,2025,25,7,6,1510,2797-1192
2733356,1144357,2025,25,4,3,1510,2733-1144
2550500,1110500,2024,55,1,0,1510,2550-1110
2750178,1163684,2025,25,9,5,1510,2750-1163
2722677,1182614,2025,25,1,2,1510,2722-1182
2722473,1182732,2025,25,2,2,1510,2722-1182
2634575,1177655,2021,25,4,3,1510,2634-1177
2634574,1177847,2021,25,2,3,1510,2634-1177
2731208,1129424,2025,25,2,4,1510,2731-1129
2731221,1127976,2025,25,4,3,1510,2731-1127
2640162,1185386,2025,25,2,3,1510,2640-1185
2722094,1107683,2022,25,3,3,1510,2722-1107
2600289,1174844,2022,55,1,0,1510,2600-1174
2686494,1137335,2022,37,1,2,1510,2686-1137
2746035,1171080,2022,55,1,0,1510,2746-1171
2740966,1164571,2025,55,1,0,1510,2740-1164
2646816,1138615,2021,13,1,0,1510,2646-1138
2646339,1138206,2021,13,1,0,1510,2646-1138
2554500,1117500,2025,25,5,6,1510,2554-1117
2589768,1109448,2025,25,1,3,1510,2589-1109
2640167,1185476,2025,25,1,3,1510,2640-1185
2640718,1185694,2025,25,2,3,1510,2640-1185
2647339,1128699,2025,25,1,2,1510,2647-1128
2635500,1181500,2023,49,2,0,1510,2635-1181
2695222,1168319,2025,62,2,0,1510,2695-1168
2695475,1168424,2025,62,5,0,1510,2695-1168
2729279,1186222,2025,31,1,2,1510,2729-1186
2550351.74133704,1110293.59993234,2021,49,1,0,1510,2550-1110
2654500,1143500,2022,49,1,0,1510,2654-1143
2589500,1109500,2023,31,4,3,1510,2589-1109
2640577,1185456,2023,37,5,13,1510,2640-1185
2680533,1167184,2023,37,3,13,1510,2680-1167
2580124.9877582,1169700.00858702,2021,55,5,0,1510,2580-1169
2600500,1174500,2022,55,1,0,1510,2600-1174
2550351.74133704,1110293.59993234,2023,55,2,0,1510,2550-1110
2550351.74133704,1110293.59993234,2023,55,2,0,1510,2550-1110
2575835,1130482,2022,55,1,0,1510,2575-1130
2575559,1130505,2022,55,1,0,1510,2575-1130
2641118,1187052,2021,25,1,3,1510,2641-1187
2641335,1187174,2021,25,1,3,1510,2641-1187
2641512,1187413,2021,25,1,3,1510,2641-1187
2641321,1187318,2021,25,2,2,1510,2641-1187
2641575,1187059,2021,25,1,3,1510,2641-1187
2730925,1127875,2023,25,1,3,1510,2730-1127
2730898,1127723,2023,25,2,3,1510,2730-1127
2722500,1185500,2021,25,1,3,1510,2722-1185
2775178,1185798,2024,43,1,2,1510,2775-1185
2739490,1180052,2022,25,6,3,1510,2739-1180
2739527,1179875,2022,25,2,3,1510,2739-1179
2739705,1179985,2022,25,4,6,1510,2739-1179
2726099,1230484,2022,25,2,3,1510,2726-1230
2600500,1174500,2021,62,1,0,1510,2600-1174
2733500,1225500,2023,49,5,0,1510,2733-1225
2745500,1209500,2022,25,5,6,1510,2745-1209
2749144,1238737,2025,49,8,0,1510,2749-1238
2749162,1238891,2022,49,2,0,1510,2749-1238
2676701.72269881,1198161.42259876,2021,25,3,3,1510,2676-1198
2550643,1110900,2025,49,1,0,1510,2550-1110
2598102,1109481,2021,25,1,6,1510,2598-1109
2550500,1110500,2025,49,1,0,1510,2550-1110
2634765,1177534,2022,55,5,0,1510,2634-1177
2634609,1177684,2022,55,4,0,1510,2634-1177
2722195,1107538,2024,55,1,0,1510,2722-1107
2564421,1144408,2025,55,1,0,1510,2564-1144
2550594,1110932,2023,55,1,0,1510,2550-1110
2564565,1144205,2021,55,1,0,1510,2564-1144
2755600,1184681,2022,55,3,0,1510,2755-1184
2550348,1110390,2021,55,2,0,1510,2550-1110
2600500,1173500,2022,31,1,3,1510,2600-1173
2733394,1225616,2025,55,1,0,1510,2733-1225
2784500,1178500,2021,31,5,1,1510,2784-1178
2600500,1174500,2021,55,1,0,1510,2600-1174
2676701.72269881,1198161.42259876,2021,31,1,3,1510,2676-1198
2698502,1155461,2022,31,1,3,1510,2698-1155
2770110,1147866,2024,37,2,1,1510,2770-1147
2580151,1169682,2021,37,1,3,1510,2580-1169
2676701.72269881,1198161.42259876,2022,37,4,13,1510,2676-1198
2644431,1136058,2021,50,1,0,1510,2644-1136
2626056,1173499,2022,50,3,0,1510,2626-1173
2694179,1195496,2021,19,4,6,1510,2694-1195
2580124.9877582,1169700.00858702,2022,50,2,0,1510,2580-1169
2580124.9877582,1169700.00858702,2023,50,1,0,1510,2580-1169
2733378,1225739,2023,1,12,0,1510,2733-1225
2804402,1172053,2021,50,1,0,1510,2804-1172
2804404,1172053,2021,50,1,0,1510,2804-1172
2784332,1178041,2021,19,9,3,1510,2784-1178
2784440,1178198,2025,19,4,6,1510,2784-1178
2784218,1177881,2021,19,2,2,1510,2784-1177
2784267,1176831,2025,19,6,6,1510,2784-1176
2784253,1176836,2021,19,1,2,1510,2784-1176
2722500,1182500,2022,25,10,3,1510,2722-1182
2731500,1179163,2025,25,2,3,1510,2731-1179
2580124.9877582,1169700.00858702,2022,56,9,0,1510,2580-1169
2580124.9877582,1169700.00858702,2021,56,10,0,1510,2580-1169
2595753,1176635,2023,25,1,2,1510,2595-1176
2742928,1173658,2025,25,4,6,1510,2742-1173
2733788,1225331,2024,7,1,0,1510,2733-1225
2580610,1171141,2021,25,5,3,1510,2580-1171
2580585,1171192,2021,25,5,3,1510,2580-1171
2580596,1171150,2022,25,2,3,1510,2580-1171
2571302,1131236,2025,19,1,3,1510,2571-1131
2722200,1107146,2021,68,1,0,1510,2722-1107
2635109,1181133,2023,31,1,3,1510,2635-1181
2635787,1181471,2023,31,1,3,1510,2635-1181
2815667,1169046,2023,31,2,2,1510,2815-1169
2815810,1168732,2023,31,1,3,1510,2815-1168
2784500,1177500,2021,31,7,1,1510,2784-1177
2646357,1137237,2023,1,3,0,1510,2646-1137
2635300,1181171,2023,31,1,3,1510,2635-1181
2635245,1181571,2023,31,1,3,1510,2635-1181
2722245,1107895,2025,1,1,0,1510,2722-1107
2580166,1171732,2021,31,7,3,1510,2580-1171
2628240,1175264,2024,1,1,0,1510,2628-1175
2580891,1169193,2021,25,6,3,1510,2580-1169
2580837,1169196,2022,25,1,3,1510,2580-1169
2731168,1129437,2023,25,2,4,1510,2731-1129
2580631,1169397,2022,25,1,3,1510,2580-1169
2727267,1210074,2021,19,7,6,1510,2727-1210
2673500,1188500,2023,25,2,3,1510,2673-1188
2706500,1168500,2022,25,12,3,1510,2706-1168
2705435,1168880,2023,25,8,6,1510,2705-1168
2705405,1168833,2022,25,6,4,1510,2705-1168
2728237,1158817,2023,25,2,2,1510,2728-1158
2733500,1225500,2021,25,14,6,1510,2733-1225
2598996,1175800,2021,19,1,1,1510,2598-1175
2722727,1182627,2025,50,2,0,1510,2722-1182
2696500,1166500,2023,25,12,3,1510,2696-1166
2789500,1197500,2023,25,2,4,1510,2789-1197
2626644,1173938,2025,25,5,3,1510,2626-1173
2706177,1168656,2022,25,1,3,1510,2706-1168
2706178,1168654,2023,25,1,3,1510,2706-1168
2626702,1173958,2022,56,3,0,1510,2626-1173
2576500,1155500,2025,25,16,6,1510,2576-1155
2695500,1168500,2023,25,1,3,1510,2695-1168
2616690,1132713,2025,25,2,4,1510,2616-1132
2722460,1182600,2025,56,8,0,1510,2722-1182
2706202,1163329,2021,43,1,1,1510,2706-1163
2744105.06951195,1226157.83177432,2022,50,4,0,1510,2744-1226
2706500,1168500,2023,25,12,6,1510,2706-1168
2641385,1187054,2021,25,1,3,1510,2641-1187
2731070,1127889,2021,25,2,3,1510,2731-1127
2731070,1127889,2021,25,1,4,1510,2731-1127
2641410,1186615,2021,25,1,3,1510,2641-1186
2742901,1213425,2021,25,1,1,1510,2742-1213
2742192,1213172,2021,25,7,1,1510,2742-1213
2696500,1166500,2021,25,6,4,1510,2696-1166
2739458,1180062,2023,25,12,6,1510,2739-1180
2726637,1229808,2023,25,1,3,1510,2726-1229
2550351.74133704,1110293.59993234,2021,50,3,0,1510,2550-1110
2650826,1133729,2023,25,4,3,1510,2650-1133
2601500,1173500,2021,56,4,0,1510,2601-1173
2634500,1177500,2022,56,12,0,1510,2634-1177
2600500,1173500,2022,31,2,2,1510,2600-1173
2550351.74133704,1110293.59993234,2021,56,2,0,1510,2550-1110
2550351.74133704,1110293.59993234,2021,56,2,0,1510,2550-1110
2722500,1107500,2025,1,1,0,1510,2722-1107
2693573,1154094,2024,31,4,2,1510,2693-1154
2693989,1154214,2024,31,,2,1510,2693-1154
2693574,1154092,2024,31,1,2,1510,2693-1154
2641195,1187040,2021,31,1,3,1510,2641-1187
2784537,1177964,2021,7,2,0,1510,2784-1177
2580835,1171940,2021,7,1,0,1510,2580-1171
2580646,1171211,2021,7,2,0,1510,2580-1171
2634914,1177630,2024,50,4,0,1510,2634-1177
2744279,1226095,2022,50,3,0,1510,2744-1226
2744120,1226310,2022,50,4,0,1510,2744-1226
2744144,1226173,2022,50,3,0,1510,2744-1226
2564416,1144837,2024,50,1,0,1510,2564-1144
2634500,1177500,2021,50,1,0,1510,2634-1177
2749438,1238780,2022,50,1,0,1510,2749-1238
2550367,1110789,2024,56,3,0,1510,2550-1110
2564420,1144428,2022,56,1,0,1510,2564-1144
2580124.9877582,1169700.00858702,2021,50,2,0,1510,2580-1169
2550339,1110351,2021,56,1,0,1510,2550-1110
2550351.74133704,1110293.59993234,2021,50,1,0,1510,2550-1110
2733500,1225500,2021,19,1,3,1510,2733-1225
2784235,1176811,2025,19,5,3,1510,2784-1176
2784302,1177970,2023,19,8,3,1510,2784-1177
2784313,1178019,2021,19,9,3,1510,2784-1178
2664500,1182500,2021,50,1,0,1510,2664-1182
2580124.9877582,1169700.00858702,2025,56,2,0,1510,2580-1169
2679615,1184028,2021,56,1,0,1510,2679-1184
2733815,1225784,2021,56,11,0,1510,2733-1225
2689942,1151598,2021,7,7,0,1510,2689-1151
2695500,1168500,2021,25,12,4,1510,2695-1168
2641365,1187076,2024,62,4,0,1510,2641-1187
2743562,1212938,2021,25,1,1,1510,2743-1212
2743454,1212952,2021,25,1,1,1510,2743-1212
2743046,1212375,2021,25,1,1,1510,2743-1212
2743338,1212027,2021,25,17,1,1510,2743-1212
2731805,1179014,2023,25,2,3,1510,2731-1179
2729851,1178255,2025,25,3,4,1510,2729-1178
2784315,1178013,2021,25,8,3,1510,2784-1178
2784228,1176783,2021,25,11,3,1510,2784-1176
2722215,1107895,2025,1,1,0,1510,2722-1107
2796500,1193500,2021,25,8,3,1510,2796-1193
2746154,1171438,2024,25,6,2,1510,2746-1171
2599112,1171461,2025,25,1,1,1510,2599-1171
2722035,1107805,2024,1,1,0,1510,2722-1107
2722054,1107830,2024,1,1,0,1510,2722-1107
2727103,1228447,2023,25,4,3,1510,2727-1228
2626148,1173553,2025,1,2,0,1510,2626-1173
2722500,1182500,2023,25,6,4,1510,2722-1182
2733500,1225500,2021,19,1,3,1510,2733-1225
2634383,1177773,2023,7,1,0,1510,2634-1177
2640437,1185309,2022,8,1,0,1510,2640-1185
2616988,1132816,2022,31,2,3,1510,2616-1132
2679500,1127500,2021,19,2,6,1510,2679-1127
2646198,1173472,2024,31,2,3,1510,2646-1173
2646648,1173426,2024,31,1,3,1510,2646-1173
2733304,1225697,2021,13,16,3,1510,2733-1225
2709403,1218751,2024,25,1,3,1510,2709-1218
2746613,1231875,2025,19,1,3,1510,2746-1231
2722677,1185280,2025,44,1,2,1510,2722-1185
2722621,1185131,2025,44,3,13,1510,2722-1185
2580912,1169165,2021,25,5,3,1510,2580-1169
2732642,1225388,2021,25,1,1,1510,2732-1225
2601500,1173500,2023,25,4,3,1510,2601-1173
2750224,1163638,2023,25,6,2,1510,2750-1163
2815469,1169132,2024,56,1,0,1510,2815-1169
2625997,1173256,2023,25,6,3,1510,2625-1173
2567647,1137602,2023,31,3,2,1510,2567-1137
2567857,1137790,2023,31,10,6,1510,2567-1137
2726424,1230009,2023,25,1,3,1510,2726-1230
2726559,1229645,2023,25,1,3,1510,2726-1229
2723582,1108004,2024,25,2,4,1510,2723-1108
2722093,1107672,2024,25,3,3,1510,2722-1107
2744745,1225073,2023,25,4,4,1510,2744-1225
2744346,1225960,2023,25,1,1,1510,2744-1225
2750099,1163798,2023,25,2,2,1510,2750-1163
2731221,1129204,2021,25,5,2,1510,2731-1129
2815101,1169800,2023,56,2,0,1510,2815-1169
2695500,1166500,2023,56,3,0,1510,2695-1166
2644638,1136562,2024,25,1,2,1510,2644-1136
2644450,1136249,2024,25,2,3,1510,2644-1136
2698073.0250346,1209057.48965411,2024,25,7,4,1510,2698-1209
2695500,1166500,2021,25,6,3,1510,2695-1166
2726937,1170975,2021,25,3,6,1510,2726-1170
2733584,1144256,2023,25,2,4,1510,2733-1144
2733677,1144387,2023,25,2,3,1510,2733-1144
2641397,1186492,2021,25,1,3,1510,2641-1186
2735705,1172672,2024,37,5,13,1510,2735-1172
2763500,1209500,2023,25,6,3,1510,2763-1209
2764573,1192555,2022,32,8,6,1510,2764-1192
2626462,1163546,2024,32,1,2,1510,2626-1163
2733830,1225769,2021,25,1,1,1510,2733-1225
2733830,1225769,2021,25,12,1,1510,2733-1225
2733057,1225587,2021,25,1,1,1510,2733-1225
2733768,1225760,2024,25,5,3,1510,2733-1225
2640955,1186814,2021,32,3,3,1510,2640-1186
2641096,1187192,2021,32,2,3,1510,2641-1187
2600210,1173147,2022,68,4,0,1510,2600-1173
2641018,1187113,2021,32,4,5,1510,2641-1187
2739837,1164299,2024,32,1,2,1510,2739-1164
2621500,1156500,2023,32,1,2,1510,2621-1156
2628368,1175012,2022,32,3,6,1510,2628-1175
2780059,1167166,2024,38,1,2,1510,2780-1167
2708500,1217500,2024,31,1,3,1510,2708-1217
2705169,1168476,2023,50,4,0,1510,2705-1168
2692588,1121216,2023,38,1,1,1510,2692-1121
2582444,1108381,2024,31,1,1,1510,2582-1108
2582186,1108175,2024,31,1,11,1510,2582-1108
2582802,1108462,2024,31,1,1,1510,2582-1108
2582519,1108421,2024,31,1,1,1510,2582-1108
2582868,1108549,2024,31,1,1,1510,2582-1108
2582335,1108348,2024,31,1,1,1510,2582-1108
2601058,1173788,2021,31,4,5,1510,2601-1173
2739500,1180500,2021,1,1,0,1510,2739-1180
2550351.74133704,1110293.59993234,2022,56,2,0,1510,2550-1110
2663500,1181500,2023,56,1,0,1510,2663-1181
2634756,1177608,2021,37,1,2,1510,2634-1177
2575419,1130939,2022,56,1,0,1510,2575-1130
2580124.9877582,1169700.00858702,2022,56,10,0,1510,2580-1169
2580124.9877582,1169700.00858702,2021,56,3,0,1510,2580-1169
2733141,1186459,2023,50,1,0,1510,2733-1186
2788854,1161741,2024,50,2,0,1510,2788-1161
2575339,1130218,2025,37,,1,1510,2575-1130
2731127,1129435,2025,50,3,0,1510,2731-1129
2580124.9877582,1169700.00858702,2025,50,1,0,1510,2580-1169
2580124.9877582,1169700.00858702,2021,56,3,0,1510,2580-1169
2628413,1175248,2022,56,1,0,1510,2628-1175
2578211,1130014,2022,56,1,0,1510,2578-1130
2550351.74133704,1110293.59993234,2022,56,6,0,1510,2550-1110
2694199,1195473,2024,56,2,0,1510,2694-1195
2600500,1174500,2022,56,3,0,1510,2600-1174
2564544,1144840,2025,44,1,1,1510,2564-1144
2708963,1217428,2021,8,2,0,1510,2708-1217
2594703,1176314,2023,13,1,0,1510,2594-1176
2595747,1176617,2022,13,1,0,1510,2595-1176
2550500,1110500,2025,50,1,0,1510,2550-1110
2564367,1144326,2022,50,4,0,1510,2564-1144
2733882,1225622,2021,50,5,0,1510,2733-1225
2598548,1175695,2023,56,1,0,1510,2598-1175
2598548,1175695,2023,56,1,0,1510,2598-1175
2550332,1110364,2024,56,1,0,1510,2550-1110
2595434,1176940,2024,19,1,3,1510,2595-1176
2752198,1218727,2025,19,2,3,1510,2752-1218
2628716,1175021,2025,56,2,0,1510,2628-1175
2709500,1218500,2025,19,1,1,1510,2709-1218
2723231,1108185,2025,62,1,0,1510,2723-1108
2658998,1202185,2025,19,4,3,1510,2658-1202
2739523,1235702,2021,68,1,0,1510,2739-1235
2733500,1225500,2023,20,1,3,1510,2733-1225
2784285,1177973,2023,19,11,5,1510,2784-1177
2733500,1225500,2025,20,3,2,1510,2733-1225
2600634,1173771,2023,25,1,3,1510,2600-1173
2697470,1169328,2023,25,5,3,1510,2697-1169
2746140,1171115,2023,25,1,3,1510,2746-1171
2746002,1171068,2023,25,1,3,1510,2746-1171
2580700,1171187,2025,25,3,3,1510,2580-1171
2626392,1173784,2025,1,2,0,1510,2626-1173
2756500,1199500,2022,25,10,3,1510,2756-1199
2658643,1202080,2024,25,2,3,1510,2658-1202
2784302,1178033,2021,25,6,3,1510,2784-1178
2601945,1173511,2024,20,1,2,1510,2601-1173
2695500,1166500,2023,25,20,3,1510,2695-1166
2722125,1107727,2025,26,3,3,1510,2722-1107
2722310,1107819,2023,26,6,6,1510,2722-1107
2580630,1169315,2025,25,6,6,1510,2580-1169
2708796,1217336,2023,25,1,3,1510,2708-1217
2740132,1164840,2024,32,1,2,1510,2740-1164
2740112,1164633,2024,32,1,2,1510,2740-1164
2740404,1164950,2024,32,3,2,1510,2740-1164
2748673,1191922,2024,26,9,6,1510,2748-1191
2748922,1191758,2024,26,2,2,1510,2748-1191
2634334,1177658,2023,13,3,0,1510,2634-1177
2663677,1181387,2024,32,1,2,1510,2663-1181
2663681,1181150,2023,32,2,2,1510,2663-1181
2733500,1225500,2021,25,13,3,1510,2733-1225
2762500,1210500,2023,32,2,6,1510,2762-1210
2708191,1217706,2023,25,1,3,1510,2708-1217
2727073,1128206,2023,32,2,2,1510,2727-1128
2642490,1189544,2021,32,1,3,1510,2642-1189
2642949,1189356,2021,32,1,3,1510,2642-1189
2642712,1189237,2021,32,1,3,1510,2642-1189
2642641,1189135,2021,32,1,12,1510,2642-1189
2716500,1179500,2021,19,1,2,1510,2716-1179
2600500,1174500,2021,32,1,3,1510,2600-1174
2644439,1136132,2023,32,1,3,1510,2644-1136
2748939,1161659,2025,32,7,6,1510,2748-1161
2644422,1136472,2025,32,2,3,1510,2644-1136
2644505,1136438,2025,32,1,3,1510,2644-1136
2727117,1210140,2025,32,1,3,1510,2727-1210
2641500,1187500,2021,32,5,6,1510,2641-1187
2739291,1235906,2023,19,1,2,1510,2739-1235
2784500,1176500,2023,19,9,5,1510,2784-1176
2689914,1151081,2021,44,6,13,1510,2689-1151
2656571,1170964,2025,44,4,13,1510,2656-1170
2708587,1136703,2021,44,5,13,1510,2708-1136
2732267,1225707,2025,19,1,3,1510,2732-1225
2733669,1225650,2025,19,4,3,1510,2733-1225
2580124.9877582,1169700.00858702,2025,50,5,0,1510,2580-1169
2627500,1174500,2021,38,2,4,1510,2627-1174
2580754.98397016,1169422.99817094,2024,50,2,0,1510,2580-1169
2695500,1168500,2023,25,2,3,1510,2695-1168
2624500,1139500,2024,25,2,6,1510,2624-1139
2634853,1177969,2023,25,1,3,1510,2634-1177
2733500,1225500,2025,50,1,0,1510,2733-1225
2704500,1173500,2022,25,11,6,1510,2704-1173
2695500,1214500,2022,25,2,4,1510,2695-1214
2722122,1107843,2024,25,2,2,1510,2722-1107
2748449,1191947,2024,56,9,0,1510,2748-1191
2733412,1225680,2023,56,1,0,1510,2733-1225
2722473,1182628,2024,56,6,0,1510,2722-1182
2722376,1182825,2024,56,8,0,1510,2722-1182
2580124.9877582,1169700.00858702,2022,56,13,0,1510,2580-1169
2550351.74133704,1110293.59993234,2023,44,3,13,1510,2550-1110
2580124.9877582,1169700.00858702,2025,56,4,0,1510,2580-1169
2575618.57800385,1130563.69356137,2024,56,2,0,1510,2575-1130
2580124.9877582,1169700.00858702,2024,50,2,0,1510,2580-1169
2580124.9877582,1169700.00858702,2021,50,7,0,1510,2580-1169
2634794,1177551,2025,56,12,0,1510,2634-1177
2601666,1173504,2023,25,1,3,1510,2601-1173
2580362,1171575,2023,62,10,0,1510,2580-1171
2815441,1169918,2025,62,6,0,1510,2815-1169
2628329,1175024,2022,50,3,0,1510,2628-1175
2697500,1169500,2023,25,3,3,1510,2697-1169
2658874,1202005,2024,25,1,2,1510,2658-1202
2708371,1204195,2022,50,1,0,1510,2708-1204
2722570,1182628,2025,62,1,0,1510,2722-1182
2722413,1182612,2025,62,5,0,1510,2722-1182
2601500,1173500,2022,32,3,4,1510,2601-1173
2640500,1185500,2021,32,1,2,1510,2640-1185
2550395,1110543,2022,32,2,3,1510,2550-1110
2727500,1210500,2023,56,9,0,1510,2727-1210
2550351.74133704,1110293.59993234,2025,56,8,0,1510,2550-1110
2709432,1218760,2023,2,2,0,1510,2709-1218
2575704,1130621,2024,56,2,0,1510,2575-1130
2575504,1130861,2024,56,1,0,1510,2575-1130
2575520,1130568,2023,56,3,0,1510,2575-1130
2740644,1164372,2021,8,1,0,1510,2740-1164
2564481,1144653,2025,44,1,1,1510,2564-1144
2564424,1144386,2025,44,1,1,1510,2564-1144
2654445,1143929,2023,8,2,0,1510,2654-1143
2730171,1161638,2025,2,1,0,1510,2730-1161
2645681,1188216,2023,14,3,0,1510,2645-1188
2645994,1187740,2023,14,5,0,1510,2645-1187
2744116,1226119,2025,50,6,0,1510,2744-1226
2744138,1226144,2025,50,5,0,1510,2744-1226
2744116,1225805,2025,50,6,0,1510,2744-1225
2575569,1130586,2021,56,2,0,1510,2575-1130
2725245,1167414,2025,20,7,3,1510,2725-1167
2722178,1107892,2023,26,2,3,1510,2722-1107
2634491,1177688,2025,56,6,0,1510,2634-1177
2550329,1110514,2025,56,3,0,1510,2550-1110
2600368,1174998,2024,56,1,0,1510,2600-1174
2746201,1171122,2025,20,12,2,1510,2746-1171
2600500,1174500,2024,56,1,0,1510,2600-1174
2628413,1175250,2022,56,3,0,1510,2628-1175
2628128,1175709,2022,56,1,0,1510,2628-1175
2743511,1157960,2024,32,4,3,1510,2743-1157
2628475,1175419,2024,62,3,0,1510,2628-1175
2708806,1154299,2023,32,1,3,1510,2708-1154
2690517,1114870,2025,32,2,3,1510,2690-1114
2603594,1105158,2025,32,1,3,1510,2603-1105
2627143,1174641,2025,2,5,0,1510,2627-1174
2722488,1107622,2025,38,1,2,1510,2722-1107
2550351.74133704,1110293.59993234,2022,44,2,3,1510,2550-1110
2580582,1171108,2021,26,5,3,1510,2580-1171
2580804,1171096,2024,26,1,3,1510,2580-1171
2580124.9877582,1169700.00858702,2025,50,2,0,1510,2580-1169
2644495,1136280,2025,50,7,0,1510,2644-1136
2600500,1174500,2024,50,1,0,1510,2600-1174
2601500,1173500,2024,50,1,0,1510,2601-1173
2600500,1174500,2021,50,,0,1510,2600-1174
2708442,1136401,2024,50,6,0,1510,2708-1136
2576253,1155459,2023,26,7,6,1510,2576-1155
2576452,1155265,2023,26,8,3,1510,2576-1155
2719500,1212500,2021,26,8,6,1510,2719-1212
2580124.9877582,1169700.00858702,2024,56,14,0,1510,2580-1169
2580124.9877582,1169700.00858702,2023,56,13,0,1510,2580-1169
2580124.9877582,1169700.00858702,2025,56,5,0,1510,2580-1169
2576610,1155728,2023,26,12,3,1510,2576-1155
2710500,1107500,2023,26,2,3,1510,2710-1107
2564354,1142800,2022,26,1,2,1510,2564-1142
2595500,1176500,2023,56,1,0,1510,2595-1176
2728135,1172131,2021,8,6,0,1510,2728-1172
2576491,1138864,2023,26,1,3,1510,2576-1138
2663500,1181500,2025,13,10,0,1510,2663-1181
2730246,1161821,2023,26,3,1,1510,2730-1161
2730025,1161846,2023,26,2,1,1510,2730-1161
2728124,1158881,2021,26,18,3,1510,2728-1158
2803897,1173058,2022,63,1,0,1510,2803-1173
2550500,1110500,2022,32,,3,1510,2550-1110
2571228,1131407,2021,13,1,0,1510,2571-1131
2580387,1169909,2021,32,2,3,1510,2580-1169
2673500,1188500,2022,26,5,3,1510,2673-1188
2580568,1171114,2021,32,1,1,1510,2580-1171
2572548,1149852,2023,32,1,18,1510,2572-1149
2728647,1226689,2023,32,3,3,1510,2728-1226
2616720,1132672,2021,32,1,2,1510,2616-1132
2696211,1110767,2023,26,2,4,1510,2696-1110
2740134,1164843,2024,32,1,2,1510,2740-1164
2740117,1164141,2024,32,1,2,1510,2740-1164
2740219,1164815,2024,32,1,2,1510,2740-1164
2621500,1156500,2024,32,1,2,1510,2621-1156
2602500,1173500,2021,32,2,3,1510,2602-1173
2709664,1218698,2024,20,4,6,1510,2709-1218
2790500,1198500,2023,38,2,13,1510,2790-1198
2710024,1181471,2023,14,13,0,1510,2710-1181
2600916,1157555,2024,44,1,2,1510,2600-1157
2694920,1213829,2024,44,1,17,1510,2694-1213
2580599,1171175,2025,50,2,0,1510,2580-1171
2730084,1161549,2022,44,4,13,1510,2730-1161
2600500,1174500,2022,50,2,0,1510,2600-1174
2744237,1226883,2021,26,5,1,1510,2744-1226
2595631,1176950,2025,50,1,0,1510,2595-1176
2634571,1177660,2022,26,1,3,1510,2634-1177
2634319,1177817,2022,26,2,3,1510,2634-1177
2600500,1174500,2023,50,1,0,1510,2600-1174
2550351.74133704,1110293.59993234,2021,50,1,0,1510,2550-1110
2550351.74133704,1110293.59993234,2023,50,1,0,1510,2550-1110
2550351.74133704,1110293.59993234,2021,50,1,0,1510,2550-1110
2603646,1105334,2022,26,1,3,1510,2603-1105
2600500,1174500,2022,56,1,0,1510,2600-1174
2550696,1132817,2023,26,3,3,1510,2550-1132
2722194,1182591,2025,56,6,0,1510,2722-1182
2722456,1182604,2023,56,5,0,1510,2722-1182
2763797,1209687,2023,56,3,0,1510,2763-1209
2763482,1209216,2023,56,2,0,1510,2763-1209
2612840,1120373,2021,26,1,6,1510,2612-1120
2612583,1120312,2021,26,2,2,1510,2612-1120
2612511,1121385,2021,26,3,6,1510,2612-1121
2580124.9877582,1169700.00858702,2021,56,4,0,1510,2580-1169
2580124.9877582,1169700.00858702,2024,56,7,0,1510,2580-1169
2575342,1130587,2022,56,3,0,1510,2575-1130
2737346,1190588,2022,32,7,4,1510,2737-1190
2627380.05556946,1174629.48395264,2023,56,2,0,1510,2627-1174
2600618,1157477,2024,56,1,0,1510,2600-1157
2746239,1171449,2024,56,3,0,1510,2746-1171
2550351.74133704,1110293.59993234,2022,56,4,0,1510,2550-1110
2733500,1225500,2024,56,2,0,1510,2733-1225
2644564,1136025,2025,32,2,3,1510,2644-1136
2645076,1136831,2025,32,4,2,1510,2645-1136
2600500,1174500,2023,62,5,0,1510,2600-1174
2722500,1182500,2021,26,9,6,1510,2722-1182
2756073,1200063,2024,62,1,0,1510,2756-1200
2733555,1144610,2021,26,3,3,1510,2733-1144
2733644,1144452,2021,26,4,6,1510,2733-1144
2733595,1144760,2021,26,3,2,1510,2733-1144
2722192,1107068,2023,38,1,2,1510,2722-1107
2788970,1161633,2025,38,4,19,1510,2788-1161
2575668,1130579,2022,38,6,13,1510,2575-1130
2641045,1187115,2021,32,3,5,1510,2641-1187
2641338,1186436,2021,32,1,3,1510,2641-1186
2727280,1210001,2022,32,1,3,1510,2727-1210
2640275,1185508,2021,32,4,3,1510,2640-1185
2726500,1209500,2022,32,1,3,1510,2726-1209
2698310,1209217,2024,44,1,1,1510,2698-1209
2727500,1196500,2024,32,2,2,1510,2727-1196
2692763,1121412,2022,44,4,13,1510,2692-1121
2580124.9877582,1169700.00858702,2024,51,1,0,1510,2580-1169
2550351.74133704,1110293.59993234,2023,51,3,0,1510,2550-1110
2722209,1107752,2025,32,1,3,1510,2722-1107
2616500,1132500,2022,32,1,3,1510,2616-1132
2571500,1137500,2023,2,2,0,1510,2571-1137
2788674,1161797,2023,57,1,0,1510,2788-1161
2580124.9877582,1169700.00858702,2023,57,10,0,1510,2580-1169
2580124.9877582,1169700.00858702,2022,57,7,0,1510,2580-1169
2580124.9877582,1169700.00858702,2021,57,5,0,1510,2580-1169
2580124.9877582,1169700.00858702,2024,57,10,0,1510,2580-1169
2580124.9877582,1169700.00858702,2025,57,4,0,1510,2580-1169
2634143,1177921,2023,57,3,0,1510,2634-1177
2614881,1118162,2023,57,2,0,1510,2614-1118
2789500,1198500,2023,38,3,13,1510,2789-1198
2646500,1137500,2023,57,1,0,1510,2646-1137
2600500,1174500,2025,57,1,0,1510,2600-1174
2594516,1176218,2022,44,2,13,1510,2594-1176
2696561,1166703,2023,2,1,0,1510,2696-1166
2733754,1225453,2025,50,1,0,1510,2733-1225
2744363,1226428,2025,50,1,0,1510,2744-1226
2744057,1226347,2025,50,5,0,1510,2744-1226
2744070,1225881,2025,50,1,0,1510,2744-1225
2744167,1226014,2024,50,2,0,1510,2744-1226
2744399,1226515,2025,50,1,0,1510,2744-1226
2749236,1238972,2025,50,1,0,1510,2749-1238
2733603,1225620,2025,50,1,0,1510,2733-1225
2564531,1144849,2024,50,1,0,1510,2564-1144
2564408,1144391,2024,50,1,0,1510,2564-1144
2634659,1177428,2024,56,3,0,1510,2634-1177
2634192,1177999,2024,56,1,0,1510,2634-1177
2727623,1210971,2024,56,,0,1510,2727-1210
2550330,1110408,2025,56,11,0,1510,2550-1110
2600500,1174500,2024,56,2,0,1510,2600-1174
2663500,1181500,2025,14,7,0,1510,2663-1181
2626138,1172479,2023,56,4,0,1510,2626-1172
2584546,1169072,2022,56,2,0,1510,2584-1169
2692099,1121700,2022,8,1,0,1510,2692-1121
2784231,1177863,2021,14,9,0,1510,2784-1177
2695500,1214500,2023,20,1,3,1510,2695-1214
2586480,1170409,2024,20,1,3,1510,2586-1170
2761744,1157976,2022,26,1,1,1510,2761-1157
2628525,1175088,2024,2,1,0,1510,2628-1175
2784192,1177301,2025,20,8,1,1510,2784-1177
2784285,1177973,2023,20,10,5,1510,2784-1177
2580869,1171900,2024,20,1,2,1510,2580-1171
2645041,1136774,2024,26,1,1,1510,2645-1136
2650930,1133873,2022,26,1,6,1510,2650-1133
2612930,1120381,2021,26,1,3,1510,2612-1120
2576441,1155411,2023,26,6,2,1510,2576-1155
2576519,1155633,2023,26,10,3,1510,2576-1155
2734899,1164520,2023,26,4,3,1510,2734-1164
2571418,1131809,2023,26,1,3,1510,2571-1131
2735711,1172586,2024,26,5,3,1510,2735-1172
2703918,1145108,2024,26,1,3,1510,2703-1145
2737124,1190466,2022,26,2,6,1510,2737-1190
2683505,1199859,2023,26,1,3,1510,2683-1199
2761526,1157402,2021,32,2,4,1510,2761-1157
2761438,1157090,2021,32,1,2,1510,2761-1157
2766168,1184903,2025,32,4,6,1510,2766-1184
2644769,1136110,2025,32,2,3,1510,2644-1136
2644653,1136392,2025,32,4,3,1510,2644-1136
2644694,1136276,2025,32,3,3,1510,2644-1136
2698991,1155561,2024,32,2,2,1510,2698-1155
2714460,1140702,2024,32,1,2,1510,2714-1140
2714617,1140628,2025,32,1,3,1510,2714-1140
2714745,1140207,2024,32,1,2,1510,2714-1140
2743500,1157500,2025,32,3,2,1510,2743-1157
2603627,1105281,2023,32,1,2,1510,2603-1105
2603528,1105414,2023,32,2,3,1510,2603-1105
2706347,1168469,2025,14,9,0,1510,2706-1168
2708952,1154761,2023,32,1,3,1510,2708-1154
2722500,1182500,2021,32,5,2,1510,2722-1182
2645401,1136862,2025,38,8,4,1510,2645-1136
2761500,1157500,2021,32,5,4,1510,2761-1157
2793875,1166439,2023,32,1,3,1510,2793-1166
2815674,1168732,2024,32,1,3,1510,2815-1168
2663299,1181461,2023,38,1,2,1510,2663-1181
2628570,1174849,2023,14,4,0,1510,2628-1174
2646082,1137050,2025,45,1,2,1510,2646-1137
2733159,1225549,2025,20,1,2,1510,2733-1225
2733500,1225500,2024,20,1,2,1510,2733-1225
2550351.74133704,1110293.59993234,2022,45,5,1,1510,2550-1110
2708605,1136775,2024,51,1,0,1510,2708-1136
2733159,1225549,2025,20,1,2,1510,2733-1225
2723579,1112134,2022,38,1,1,1510,2723-1112
2710490,1156860,2025,44,6,13,1510,2710-1156
2642181,1167450,2022,44,1,14,1510,2642-1167
2739385,1235864,2023,20,2,3,1510,2739-1235
2706376,1168398,2023,20,3,3,1510,2706-1168
2716506,1180033,2024,44,3,13,1510,2716-1180
2580124.9877582,1169700.00858702,2022,57,8,0,1510,2580-1169
2580124.9877582,1169700.00858702,2024,57,9,0,1510,2580-1169
2580124.9877582,1169700.00858702,2024,50,2,0,1510,2580-1169
2784500,1176500,2023,20,9,5,1510,2784-1176
2550351.74133704,1110293.59993234,2023,50,2,0,1510,2550-1110
2600500,1174500,2024,50,1,0,1510,2600-1174
2644481.87009212,1136363.36048987,2025,50,7,0,1510,2644-1136
2646812,1137577,2024,63,2,0,1510,2646-1137
2748148,1191862,2024,63,2,0,1510,2748-1191
2720500,1107500,2023,26,2,3,1510,2720-1107
2550500,1110500,2025,56,1,0,1510,2550-1110
2709431,1218775,2023,56,5,0,1510,2709-1218
2580124.9877582,1169700.00858702,2022,56,1,0,1510,2580-1169
2732867,1225465,2022,26,2,2,1510,2732-1225
2732867,1225465,2022,26,2,2,1510,2732-1225
2635258,1181268,2023,56,2,0,1510,2635-1181
2550351.74133704,1110293.59993234,2023,56,2,0,1510,2550-1110
2601500,1173500,2023,56,2,0,1510,2601-1173
2575770,1130371,2021,56,1,0,1510,2575-1130
2575359,1130681,2022,56,1,0,1510,2575-1130
2575779,1130229,2022,56,1,0,1510,2575-1130
2733500,1225500,2022,56,4,0,1510,2733-1225
2683731,1200145,2023,26,2,4,1510,2683-1200
2683542,1200026,2023,26,2,1,1510,2683-1200
2683771,1199990,2023,26,1,3,1510,2683-1199
2683659,1199422,2023,26,1,3,1510,2683-1199
2683709,1199983,2023,26,1,6,1510,2683-1199
2720500,1107500,2022,63,1,0,1510,2720-1107
2588271,1128856,2024,26,2,6,1510,2588-1128
2709330,1218734,2025,63,1,0,1510,2709-1218
2815346,1169118,2024,63,4,0,1510,2815-1169
2815702,1169124,2024,63,4,0,1510,2815-1169
2719087,1212550,2023,32,2,3,1510,2719-1212
2710041,1181631,2021,14,6,0,1510,2710-1181
2645858,1188677,2021,14,1,0,1510,2645-1188
2682528,1208914,2024,69,2,0,1510,2682-1208
2727500,1210500,2021,32,5,3,1510,2727-1210
2695212,1168164,2023,2,2,0,1510,2695-1168
2746500,1171500,2023,20,4,2,1510,2746-1171
2744516,1225800,2024,38,1,2,1510,2744-1225
2744536,1225841,2024,38,1,2,1510,2744-1225
2628652,1174905,2022,2,4,0,1510,2628-1174
2733500,1225500,2023,20,11,3,1510,2733-1225
2748626,1191898,2025,20,3,3,1510,2748-1191
2748853,1191681,2025,20,4,2,1510,2748-1191
2776500,1169500,2023,44,5,13,1510,2776-1169
2748949,1191650,2025,20,1,3,1510,2748-1191
2748995,1191626,2025,20,3,2,1510,2748-1191
2726887,1210563,2025,44,6,2,1510,2726-1210
2564413,1144397,2024,44,1,1,1510,2564-1144
2749213,1238962,2024,50,1,0,1510,2749-1238
2714739,1140251,2025,26,4,4,1510,2714-1140
2737045,1190754,2021,26,4,3,1510,2737-1190
2733997,1225031,2024,50,1,0,1510,2733-1225
2733734,1225739,2024,50,3,0,1510,2733-1225
2694559,1195404,2025,26,4,3,1510,2694-1195
2776416,1169396,2025,26,3,1,1510,2776-1169
2564502,1144846,2024,50,1,0,1510,2564-1144
2696500,1166500,2024,26,18,2,1510,2696-1166
2550500,1110500,2025,56,1,0,1510,2550-1110
2733500,1225500,2022,56,4,0,1510,2733-1225
2726500,1209500,2021,33,2,3,1510,2726-1209
2726500,1209500,2023,33,,3,1510,2726-1209
2600780,1174119,2023,56,1,0,1510,2600-1174
2600747,1174202,2025,56,1,0,1510,2600-1174
2601102,1173882,2023,56,3,0,1510,2601-1173
2641132,1187101,2021,33,4,6,1510,2641-1187
2733732,1225762,2025,56,5,0,1510,2733-1225
2575269,1130540,2022,56,6,0,1510,2575-1130
2628359,1175009,2021,63,3,0,1510,2628-1175
2646213,1137230,2024,33,1,3,1510,2646-1137
2726195,1230642,2021,33,1,3,1510,2726-1230
2784273,1177974,2023,20,8,5,1510,2784-1177
2784274,1176852,2023,20,9,5,1510,2784-1176
2733367,1225520,2022,63,11,0,1510,2733-1225
2580642,1171185,2024,20,3,3,1510,2580-1171
2600500,1173500,2023,63,1,0,1510,2600-1173
2722191,1107766,2023,39,1,2,1510,2722-1107
2722540,1107911,2025,69,1,0,1510,2722-1107
2645559,1136927,2025,39,8,4,1510,2645-1136
2689879,1151248,2024,45,1,1,1510,2689-1151
2733500,1225500,2022,26,9,6,1510,2733-1225
2695281,1166407,2022,26,1,3,1510,2695-1166
2580124.9877582,1169700.00858702,2023,51,4,0,1510,2580-1169
2550351.74133704,1110293.59993234,2021,51,1,0,1510,2550-1110
2718500,1180500,2023,26,1,2,1510,2718-1180
2580458,1154580,2024,26,1,3,1510,2580-1154
2550252,1110911,2021,57,1,0,1510,2550-1110
2636294,1176659,2021,26,1,1,1510,2636-1176
2580124.9877582,1169700.00858702,2025,57,12,0,1510,2580-1169
2580124.9877582,1169700.00858702,2023,57,17,0,1510,2580-1169
2600500,1174500,2022,57,8,0,1510,2600-1174
2600500,1174500,2022,57,1,0,1510,2600-1174
2595701,1176536,2022,26,1,3,1510,2595-1176
2595789,1176594,2022,26,2,6,1510,2595-1176
2698359,1155280,2024,32,2,3,1510,2698-1155
2603500,1105500,2025,32,3,4,1510,2603-1105
2576464,1155496,2021,26,41,6,1510,2576-1155
2719500,1180500,2023,26,1,2,1510,2719-1180
2718500,1180500,2023,32,2,2,1510,2718-1180
2663568,1181671,2023,69,,0,1510,2663-1181
2719939,1180946,2023,38,2,13,1510,2719-1180
2636636,1176906,2023,38,3,2,1510,2636-1176
2722048,1107245,2023,14,1,0,1510,2722-1107
2698500,1155500,2024,32,2,1,1510,2698-1155
2723304,1108049,2022,3,2,0,1510,2723-1108
2743500,1212500,2022,14,1,3,1510,2743-1212
2746500,1171500,2024,14,,0,1510,2746-1171
2749136,1238876,2025,20,6,3,1510,2749-1238
2749173,1238884,2024,20,6,3,1510,2749-1238
2625595.04577246,1173329.4938655,2021,51,1,0,1510,2625-1173
2600500,1174500,2024,51,1,0,1510,2600-1174
2706385,1168451,2023,20,8,3,1510,2706-1168
2706293,1168366,2025,20,16,6,1510,2706-1168
2722329,1182896,2023,57,1,0,1510,2722-1182
2580578,1171365,2023,57,10,0,1510,2580-1171
2580605,1171159,2023,57,6,0,1510,2580-1171
2550351.74133704,1110293.59993234,2023,51,3,0,1510,2550-1110
2550500,1110500,2025,57,3,0,1510,2550-1110
2746500,1171500,2023,57,3,0,1510,2746-1171
2684500,1150500,2021,51,1,0,1510,2684-1150
2733500,1225500,2022,26,9,6,1510,2733-1225
2550500,1110500,2025,57,3,0,1510,2550-1110
2594312,1176226,2022,26,2,2,1510,2594-1176
2580124.9877582,1169700.00858702,2023,57,14,0,1510,2580-1169
2728453,1226403,2023,63,4,0,1510,2728-1226
2725645,1167452,2022,21,12,1,1510,2725-1167
2550351.74133704,1110293.59993234,2021,57,2,0,1510,2550-1110
2550351.74133704,1110293.59993234,2021,57,2,0,1510,2550-1110
2635500,1181500,2024,21,1,2,1510,2635-1181
2641614,1186629,2021,26,3,6,1510,2641-1186
2815438,1169746,2023,63,9,0,1510,2815-1169
2550500,1110500,2025,57,3,0,1510,2550-1110
2774278,1193660,2021,57,8,0,1510,2774-1193
2634500,1177500,2023,57,13,0,1510,2634-1177
2571523,1131153,2021,57,1,0,1510,2571-1131
2575619,1130515,2025,57,1,0,1510,2575-1130
2571750,1131092,2021,57,1,0,1510,2571-1131
2575370,1130660,2023,57,4,0,1510,2575-1130
2571668,1131038,2021,57,2,0,1510,2571-1131
2716500,1179500,2022,63,1,0,1510,2716-1179
2634469,1177885,2021,26,7,1,1510,2634-1177
2566059,1133906,2022,26,1,3,1510,2566-1133
2725882,1212095,2024,32,1,2,1510,2725-1212
2704500,1156500,2022,27,2,4,1510,2704-1156
2601500,1173500,2025,27,3,3,1510,2601-1173
2603500,1105500,2024,27,6,4,1510,2603-1105
2641140,1187052,2021,32,6,5,1510,2641-1187
2694013,1195556,2025,27,1,2,1510,2694-1195
2676701.72269881,1198161.42259875,2024,27,1,3,1510,2676-1198
2726540,1170904,2025,38,1,1,1510,2726-1170
2646971,1137765,2024,33,4,3,1510,2646-1137
2600256,1174959,2022,14,5,3,1510,2600-1174
2580778,1154038,2021,33,2,2,1510,2580-1154
2641085,1187018,2023,33,1,1,1510,2641-1187
2641364,1187135,2023,33,3,1,1510,2641-1187
2641394,1187131,2023,33,2,1,1510,2641-1187
2641425,1187364,2024,33,3,3,1510,2641-1187
2603620,1105318,2023,33,1,3,1510,2603-1105
2603523,1105438,2023,33,1,3,1510,2603-1105
2765786,1166868,2023,39,2,13,1510,2765-1166
2646807,1138634,2024,39,1,1,1510,2646-1138
2784231,1177863,2021,14,9,0,1510,2784-1177
2692982,1132116,2025,39,2,13,1510,2692-1132
2550334,1110416,2021,51,1,0,1510,2550-1110
2600737,1174238,2024,51,1,0,1510,2600-1174
2604367,1118569,2025,45,2,13,1510,2604-1118
2564499,1144843,2024,51,1,0,1510,2564-1144
2635164,1181141,2022,45,3,2,1510,2635-1181
2575609,1130481,2021,57,7,0,1510,2575-1130
2646086.97626456,1138121.874279,2023,45,2,13,1510,2646-1138
2722094,1107549,2023,45,3,1,1510,2722-1107
2722094,1107549,2023,45,3,1,1510,2722-1107
2657504,1202130,2022,51,2,0,1510,2657-1202
2628211,1174859,2025,57,1,0,1510,2628-1174
2722500,1182500,2021,57,4,0,1510,2722-1182
2580124.9877582,1169700.00858702,2021,51,4,0,1510,2580-1169
2654769,1143500,2023,20,3,4,1510,2654-1143
2550500,1110500,2025,57,3,0,1510,2550-1110
2654722,1143706,2023,20,1,3,1510,2654-1143
2733496,1225665,2023,20,13,3,1510,2733-1225
2784473,1176434,2023,20,9,5,1510,2784-1176
2784284,1177989,2023,20,8,5,1510,2784-1177
2600500,1174500,2024,63,1,0,1510,2600-1174
2784248,1177978,2025,20,4,6,1510,2784-1177
2580826,1171849,2023,20,1,2,1510,2580-1171
2550500,1110500,2025,57,3,0,1510,2550-1110
2722500,1182500,2022,63,10,0,1510,2722-1182
2580124.9877582,1169700.00858702,2024,57,6,0,1510,2580-1169
2746124,1171451,2024,26,8,2,1510,2746-1171
2580500,1169500,2023,63,8,0,1510,2580-1169
2628694,1174915,2021,63,2,0,1510,2628-1174
2738949,1236557,2023,20,1,2,1510,2738-1236
2626478,1163538,2024,63,2,0,1510,2626-1163
2815829,1169072,2023,26,1,1,1510,2815-1169
2756494,1200635,2024,26,1,3,1510,2756-1200
2815789,1168723,2023,26,3,3,1510,2815-1168
2756388,1200246,2024,26,1,3,1510,2756-1200
2727130,1228464,2021,26,2,4,1510,2727-1228
2580518.98416785,1169447.00189602,2023,63,9,0,1510,2580-1169
2815891,1168187,2023,26,1,6,1510,2815-1168
2594382,1176077,2021,26,1,3,1510,2594-1176
2756936,1200192,2024,26,1,1,1510,2756-1200
2815075,1169621,2023,26,1,1,1510,2815-1169
2815890,1168043,2023,26,1,5,1510,2815-1168
2815769,1168736,2023,26,2,6,1510,2815-1168
2815892,1168283,2023,26,2,3,1510,2815-1168
2695500,1214500,2023,20,1,3,1510,2695-1214
2763500,1209500,2024,26,8,6,1510,2763-1209
2639408,1167083,2024,26,1,3,1510,2639-1167
2815143,1169734,2023,26,1,1,1510,2815-1169
2580881,1169173,2023,20,2,3,1510,2580-1169
2580868,1169188,2021,26,2,3,1510,2580-1169
2580666,1169275,2022,26,6,3,1510,2580-1169
2784238,1176805,2021,26,10,3,1510,2784-1176
2784297,1177999,2021,26,8,3,1510,2784-1177
2784317,1177992,2023,26,11,6,1510,2784-1177
2580594,1171200,2022,26,6,3,1510,2580-1171
2679500,1127500,2021,26,1,2,1510,2679-1127
2718500,1180500,2022,26,5,3,1510,2718-1180
2576404,1155463,2021,26,43,6,1510,2576-1155
2698500,1155500,2024,32,1,2,1510,2698-1155
2705614,1106231,2021,26,3,2,1510,2705-1106
2733810,1225708,2025,8,1,0,1510,2733-1225
2699500,1171500,2023,26,2,4,1510,2699-1171
2639844,1166871,2024,26,1,3,1510,2639-1166
2639609,1166704,2024,26,1,2,1510,2639-1166
2567102,1133966,2022,26,2,4,1510,2567-1133
2698406,1155372,2024,32,1,2,1510,2698-1155
2698680,1155498,2024,32,1,2,1510,2698-1155
2575723,1130349,2023,26,3,4,1510,2575-1130
2600834,1157862,2024,32,5,6,1510,2600-1157
2696709,1110810,2023,32,2,3,1510,2696-1110
2704119,1141330,2022,45,6,13,1510,2704-1141
2784569,1178858,2023,45,7,1,1510,2784-1178
2770252,1146196,2023,15,9,0,1510,2770-1146
2788500,1194500,2023,38,1,2,1510,2788-1194
2733496,1225665,2023,20,13,3,1510,2733-1225
2733907,1225022,2023,20,2,3,1510,2733-1225
2732925,1225319,2023,20,1,2,1510,2732-1225
2732925,1225319,2023,20,1,2,1510,2732-1225
2727298,1227127,2024,38,2,13,1510,2727-1227
2726379,1170838,2021,20,3,3,1510,2726-1170
2739598,1235830,2023,20,1,3,1510,2739-1235
2739345,1235714,2023,20,1,3,1510,2739-1235
2640336,1185453,2024,21,5,1,1510,2640-1185
2580476,1171137,2022,57,1,0,1510,2580-1171
2627380.05556946,1174629.48395264,2023,57,1,0,1510,2627-1174
2815745,1168938,2021,57,1,0,1510,2815-1168
2600500,1174500,2022,57,2,0,1510,2600-1174
2580124.9877582,1169700.00858702,2023,51,4,0,1510,2580-1169
2733907,1225022,2023,20,2,3,1510,2733-1225
2698069,1209917,2022,26,7,3,1510,2698-1209
2550351.74133704,1110293.59993234,2021,51,2,0,1510,2550-1110
2729597,1186007,2022,26,2,3,1510,2729-1186
2727108,1210095,2024,26,6,3,1510,2727-1210
2722469,1182634,2024,57,6,0,1510,2722-1182
2700365,1182196,2025,21,2,2,1510,2700-1182
2756500,1200500,2021,57,12,0,1510,2756-1200
2644443,1136166,2024,26,2,3,1510,2644-1136
2644434,1136170,2024,26,2,3,1510,2644-1136
2749421,1166917,2022,26,1,3,1510,2749-1166
2697500,1169500,2023,26,2,3,1510,2697-1169
2579788,1169720,2022,27,1,14,1510,2579-1169
2797397,1193478,2022,27,2,6,1510,2797-1193
2797728,1192431,2022,27,7,6,1510,2797-1192
2796285,1193239,2022,27,11,6,1510,2796-1193
2796103,1192619,2022,27,1,6,1510,2796-1192
2795729,1193648,2022,27,1,6,1510,2795-1193
2744165,1227395,2021,26,1,2,1510,2744-1227
2731278,1129314,2022,27,6,3,1510,2731-1129
2603076,1159830,2024,26,2,1,1510,2603-1159
2603652,1105284,2024,27,1,2,1510,2603-1105
2739430,1180023,2025,27,2,1,1510,2739-1180
2580124.9877582,1169700.00858702,2025,57,11,0,1510,2580-1169
2580124.9877582,1169700.00858702,2023,57,14,0,1510,2580-1169
2550500,1110500,2025,57,2,0,1510,2550-1110
2594335,1176264,2021,26,1,2,1510,2594-1176
2550500,1110500,2025,57,2,0,1510,2550-1110
2580919,1169574,2022,57,2,0,1510,2580-1169
2575103,1130534,2022,57,5,0,1510,2575-1130
2575330,1130565,2021,57,3,0,1510,2575-1130
2749500,1238500,2025,27,4,6,1510,2749-1238
2719500,1180500,2022,26,5,3,1510,2719-1180
2641060,1187148,2021,33,6,3,1510,2641-1187
2641034,1187073,2021,33,5,3,1510,2641-1187
2640903,1186937,2021,33,4,1,1510,2640-1186
2640161,1185572,2024,32,1,3,1510,2640-1185
2640609,1185507,2023,32,1,3,1510,2640-1185
2640068,1185560,2024,32,1,3,1510,2640-1185
2626188,1163902,2024,33,,3,1510,2626-1163
2712478,1142056,2023,33,1,1,1510,2712-1142
2645536,1136916,2025,39,3,4,1510,2645-1136
2641058,1187135,2021,32,2,5,1510,2641-1187
2720500,1107500,2023,69,3,0,1510,2720-1107
2739500,1226500,2024,32,3,3,1510,2739-1226
2600285,1173757,2021,9,2,0,1510,2600-1173
2600180,1173461,2021,9,4,0,1510,2600-1173
2657556,1202233,2022,51,2,0,1510,2657-1202
2646128,1137981,2022,51,1,0,1510,2646-1137
2784255,1176801,2021,14,10,0,1510,2784-1176
2784241,1177988,2021,14,8,0,1510,2784-1177
2709329,1168760,2023,45,3,13,1510,2709-1168
2700596,1182322,2024,57,6,0,1510,2700-1182
2739500,1236500,2021,45,2,2,1510,2739-1236
2658852,1202177,2022,45,2,13,1510,2658-1202
2744151,1226279,2025,45,2,2,1510,2744-1226
2575618.57800385,1130563.69356137,2025,57,1,0,1510,2575-1130
2550351.74133704,1110293.59993234,2023,57,1,0,1510,2550-1110
2580124.9877582,1169700.00858702,2024,57,12,0,1510,2580-1169
2580124.9877582,1169700.00858702,2025,57,6,0,1510,2580-1169
2626451,1173797,2023,51,3,0,1510,2626-1173
2626460,1173934,2023,51,1,0,1510,2626-1173
2550500,1110500,2025,57,2,0,1510,2550-1110
2784258,1177980,2021,20,5,3,1510,2784-1177
2784232,1176778,2021,20,10,3,1510,2784-1176
2580659,1171714,2025,20,1,3,1510,2580-1171
2580659,1171714,2025,20,2,2,1510,2580-1171
2571337,1131789,2021,14,1,0,1510,2571-1131
2550500,1110500,2025,57,2,0,1510,2550-1110
2635599,1181463,2021,20,4,3,1510,2635-1181
2594674,1176320,2023,20,1,2,1510,2594-1176
2733267,1225570,2023,57,1,0,1510,2733-1225
2587199,1156600,2025,20,1,2,1510,2587-1156
2756540,1200210,2023,20,1,3,1510,2756-1200
2694152,1195247,2024,26,5,6,1510,2694-1195
2695500,1168499,2024,26,6,3,1510,2695-1168
2717500,1168500,2025,26,2,2,1510,2717-1168
2733500,1225500,2022,20,8,3,1510,2733-1225
2756387,1200239,2024,26,2,3,1510,2756-1200
2704230,1156750,2024,26,4,3,1510,2704-1156
2698249,1155240,2024,33,2,3,1510,2698-1155
2698500,1155500,2024,33,2,3,1510,2698-1155
2664271,1181558,2022,15,1,0,1510,2664-1181
2695500,1166500,2024,26,13,2,1510,2695-1166
2697500,1169500,2024,26,4,3,1510,2697-1169
2719500,1180500,2022,26,1,2,1510,2719-1180
2793685,1166468,2022,33,1,2,1510,2793-1166
2728251,1158927,2022,26,14,4,1510,2728-1158
2709708,1218822,2024,26,1,3,1510,2709-1218
2600919,1157712,2024,26,1,1,1510,2600-1157
2709243,1218560,2024,26,1,3,1510,2709-1218
2700968,1182751,2025,21,10,5,1510,2700-1182
2585899,1155784,2025,21,3,2,1510,2585-1155
2626640,1173845,2021,21,1,3,1510,2626-1173
2641500,1187500,2021,33,4,6,1510,2641-1187
2774500,1193500,2021,33,6,3,1510,2774-1193
2628322,1174298,2022,45,1,3,1510,2628-1174
2640561,1186653,2025,21,1,2,1510,2640-1186
2640344,1185634,2025,21,1,3,1510,2640-1185
2733500,1225500,2023,20,11,6,1510,2733-1225
2668500,1198500,2023,27,5,6,1510,2668-1198
2663495,1181345,2021,27,2,1,1510,2663-1181
2628914,1176391,2025,27,12,3,1510,2628-1176
2570381,1137797,2023,27,1,3,1510,2570-1137
2740961,1164603,2025,51,1,0,1510,2740-1164
2733271,1225874,2025,20,1,3,1510,2733-1225
2732380,1225413,2025,20,1,3,1510,2732-1225
2733526,1225488,2023,20,11,3,1510,2733-1225
2733804,1225753,2025,20,3,3,1510,2733-1225
2550351.74133704,1110293.59993234,2021,51,1,0,1510,2550-1110
2600875,1173642,2022,20,1,3,1510,2600-1173
2641489,1186211,2021,33,3,3,1510,2641-1186
2601045,1173687,2022,26,3,3,1510,2601-1173
2550500,1110500,2025,57,1,0,1510,2550-1110
2791500,1191500,2021,26,20,6,1510,2791-1191
2550500,1110500,2025,57,1,0,1510,2550-1110
2770727,1146853,2024,39,2,13,1510,2770-1146
2770726,1146850,2024,39,1,1,1510,2770-1146
2580500,1171500,2023,57,10,0,1510,2580-1171
2712708,1142331,2025,26,2,4,1510,2712-1142
2695013,1211236,2024,26,1,6,1510,2695-1211
2640500,1185500,2023,57,1,0,1510,2640-1185
2575396,1130854,2021,57,3,0,1510,2575-1130
2575623,1130490,2021,57,2,0,1510,2575-1130
2575635,1130504,2021,57,2,0,1510,2575-1130
2575628,1130507,2023,57,1,0,1510,2575-1130
2709211,1218699,2024,26,1,3,1510,2709-1218
2595907,1176515,2023,69,2,0,1510,2595-1176
2600500,1174500,2022,57,1,0,1510,2600-1174
2564704,1142323,2023,69,1,0,1510,2564-1142
2575535,1130431,2021,63,2,0,1510,2575-1130
2706500,1163500,2021,45,3,13,1510,2706-1163
2580518.98416785,1169447.00189602,2023,45,,1,1510,2580-1169
2644520,1136184,2025,52,5,0,1510,2644-1136
2550351.74133704,1110293.59993234,2021,52,1,0,1510,2550-1110
2600500,1174500,2022,58,7,0,1510,2600-1174
2729720,1178433,2025,3,5,0,1510,2729-1178
2575618.57800385,1130563.69356137,2025,58,2,0,1510,2575-1130
2615695,1105985,2025,58,5,0,1510,2615-1105
2550500,1110500,2025,58,1,0,1510,2550-1110
2550351.74133704,1110293.59993234,2022,58,1,0,1510,2550-1110
2690605,1114847,2023,33,1,2,1510,2690-1114
2634687,1177473,2022,33,4,3,1510,2634-1177
2717500,1168500,2021,33,4,3,1510,2717-1168
2641368,1187133,2023,33,3,3,1510,2641-1187
2626160,1172847,2021,33,1,3,1510,2626-1172
2626310,1172893,2021,33,1,3,1510,2626-1172
2626064,1173541,2022,9,2,0,1510,2626-1173
2740876,1164680,2021,9,17,0,1510,2740-1164
2595035,1176769,2023,14,1,0,1510,2595-1176
2784500,1177500,2021,14,9,0,1510,2784-1177
2784230,1176813,2021,14,11,0,1510,2784-1176
2594482,1176054,2023,14,2,0,1510,2594-1176
2685853,1126619,2021,45,4,13,1510,2685-1126
2722231,1107761,2024,45,1,1,1510,2722-1107
2719500,1180500,2025,21,1,2,1510,2719-1180
2604292,1118849,2024,51,1,0,1510,2604-1118
2635500,1181500,2021,21,9,6,1510,2635-1181
2784293,1178013,2025,21,1,1,1510,2784-1178
2784500,1176500,2021,9,10,0,1510,2784-1176
2698073.0250346,1209057.48965412,2021,57,8,0,1510,2698-1209
2634629,1177632,2025,57,13,0,1510,2634-1177
2640520,1185460,2023,57,1,0,1510,2640-1185
2550500,1110500,2025,57,1,0,1510,2550-1110
2600500,1174500,2021,57,1,0,1510,2600-1174
2640629,1180708,2021,21,1,3,1510,2640-1180
2718500,1180499,2024,21,4,3,1510,2718-1180
2733500,1225500,2025,21,1,2,1510,2733-1225
2746500,1231500,2025,27,1,1,1510,2746-1231
2722500,1182500,2024,27,12,3,1510,2722-1182
2616574,1132059,2024,27,2,2,1510,2616-1132
2764500,1210500,2022,27,4,3,1510,2764-1210
2815044,1169406,2022,27,1,2,1510,2815-1169
2763500,1209500,2022,27,6,6,1510,2763-1209
2668500,1198500,2024,27,1,2,1510,2668-1198
2791500,1191500,2024,27,5,3,1510,2791-1191
2694172,1195460,2025,27,6,3,1510,2694-1195
2746197,1171378,2025,27,10,3,1510,2746-1171
2695655,1167862,2024,33,1,2,1510,2695-1167
2651461,1184608,2024,27,1,2,1510,2651-1184
2704188,1156646,2022,33,3,3,1510,2704-1156
2722630,1107829,2022,3,1,0,1510,2722-1107
2816344,1169210,2021,33,1,1,1510,2816-1169
2727500,1196500,2021,33,1,3,1510,2727-1196
2673500,1188500,2021,33,1,2,1510,2673-1188
2739500,1236500,2022,21,3,2,1510,2739-1236
2641500,1187500,2023,33,3,3,1510,2641-1187
2791050,1144869,2024,33,1,19,1510,2791-1144
2689236,1115180,2023,33,1,2,1510,2689-1115
2689263,1115159,2023,33,1,3,1510,2689-1115
2631850,1180491,2021,39,2,2,1510,2631-1180
2704500,1156500,2025,27,1,3,1510,2704-1156
2724535,1200565,2023,33,1,2,1510,2724-1200
2724433,1200161,2023,39,2,13,1510,2724-1200
2726500,1209500,2022,27,3,3,1510,2726-1209
2632251,1180852,2021,39,1,2,1510,2632-1180
2631842,1180203,2021,39,3,13,1510,2631-1180
2600893,1174220,2022,14,2,0,1510,2600-1174
2657159,1202341,2022,27,10,3,1510,2657-1202
2632431,1180931,2021,39,1,8,1510,2632-1180
2731204,1129379,2024,27,1,3,1510,2731-1129
2722087,1107654,2025,27,3,3,1510,2722-1107
2731190,1129257,2024,27,1,3,1510,2731-1129
2714451,1160657,2024,45,1,2,1510,2714-1160
2743500,1158500,2023,27,3,3,1510,2743-1158
2711182,1104547,2024,51,3,0,1510,2711-1104
2575024,1130683,2022,45,3,2,1510,2575-1130
2645016,1136442,2024,33,1,2,1510,2645-1136
2580500,1171500,2025,51,4,0,1510,2580-1171
2789500,1197500,2025,51,7,0,1510,2789-1197
2601500,1173500,2021,51,2,0,1510,2601-1173
2716500,1179500,2023,33,1,3,1510,2716-1179
2550500,1110500,2025,57,3,0,1510,2550-1110
2686695,1137195,2023,51,1,0,1510,2686-1137
2746362,1171414,2025,57,1,0,1510,2746-1171
2746279,1171153,2025,57,1,0,1510,2746-1171
2550351.74133704,1110293.59993234,2021,51,3,0,1510,2550-1110
2550351.74133704,1110293.59993234,2021,51,3,0,1510,2550-1110
2550351.74133704,1110293.59993234,2021,51,3,0,1510,2550-1110
2550351.74133704,1110293.59993234,2021,57,2,0,1510,2550-1110
2550351.74133704,1110293.59993234,2023,57,1,0,1510,2550-1110
2550351.74133704,1110293.59993234,2021,57,2,0,1510,2550-1110
2564856,1144998,2024,57,1,0,1510,2564-1144
2580692,1169472,2023,57,2,0,1510,2580-1169
2733283,1151874,2024,39,2,4,1510,2733-1151
2732961,1151729,2024,39,1,11,1510,2732-1151
2634300,1177844,2021,21,3,3,1510,2634-1177
2634721,1177605,2021,21,1,3,1510,2634-1177
2722428,1182534,2023,57,6,0,1510,2722-1182
2641500,1187500,2023,57,5,0,1510,2641-1187
2733761,1225788,2022,27,6,3,1510,2733-1225
2650844,1133842,2024,27,4,6,1510,2650-1133
2580124.9877582,1169700.00858702,2025,57,8,0,1510,2580-1169
2763500,1209500,2024,27,6,1,1510,2763-1209
2804432,1172040,2021,52,1,0,1510,2804-1172
2733785,1225415,2024,27,5,3,1510,2733-1225
2646552,1138652,2023,52,1,0,1510,2646-1138
2755380,1184767,2025,27,1,1,1510,2755-1184
2550351.74133704,1110293.59993234,2021,52,3,0,1510,2550-1110
2566150,1133713,2021,27,1,3,1510,2566-1133
2628500,1175500,2021,63,8,0,1510,2628-1175
2582208,1098689,2024,27,1,3,1510,2582-1098
2582355,1098342,2024,27,2,6,1510,2582-1098
2582128,1098202,2024,27,1,6,1510,2582-1098
2600500,1174500,2024,58,3,0,1510,2600-1174
2784232,1177980,2021,3,8,0,1510,2784-1177
2679500,1184500,2025,69,5,0,1510,2679-1184
2733545,1185382,2022,27,5,3,1510,2733-1185
2640681,1185576,2025,27,1,2,1510,2640-1185
2564630,1144110,2021,58,8,0,1510,2564-1144
2663166,1181374,2021,33,2,6,1510,2663-1181
2663782,1181414,2021,33,1,6,1510,2663-1181
2695491,1167893,2024,33,1,2,1510,2695-1167
2815985,1168499,2024,9,1,0,1510,2815-1168
2641351,1186253,2023,33,3,2,1510,2641-1186
2788500,1194500,2021,70,5,0,1510,2788-1194
2689286,1115108,2023,33,1,7,1510,2689-1115
2689702,1114651,2023,33,1,3,1510,2689-1114
2690621,1114894,2023,33,1,3,1510,2690-1114
2690477,1114885,2023,33,1,3,1510,2690-1114
2594677,1176507,2023,9,1,0,1510,2594-1176
2730902,1186140,2025,33,5,6,1510,2730-1186
2657559,1202236,2022,51,1,0,1510,2657-1202
2744105,1225772,2025,51,1,0,1510,2744-1225
2709494,1168461,2022,57,3,0,1510,2709-1168
2634500,1177500,2022,57,12,0,1510,2634-1177
2580854,1171111,2025,21,1,3,1510,2580-1171
2580567,1171069,2025,21,2,3,1510,2580-1171
2580622,1171187,2025,21,6,3,1510,2580-1171
2580674,1171195,2024,21,10,6,1510,2580-1171
2720500,1107500,2025,57,3,0,1510,2720-1107
2600500,1174500,2021,57,1,0,1510,2600-1174
2598764,1175840,2022,57,1,0,1510,2598-1175
2720500,1107500,2025,57,3,0,1510,2720-1107
2626071,1172754,2021,63,1,0,1510,2626-1172
2580649,1169340,2025,21,3,3,1510,2580-1169
2746083,1171241,2023,27,3,3,1510,2746-1171
2737132,1190807,2025,21,2,2,1510,2737-1190
2739365,1179864,2025,21,8,1,1510,2739-1179
2756711,1144263,2022,27,6,3,1510,2756-1144
2722500,1182500,2023,27,2,2,1510,2722-1182
2673544,1189000,2024,27,1,3,1510,2673-1189
2683972,1200056,2024,27,1,3,1510,2683-1200
2580489,1171032,2021,27,7,3,1510,2580-1171
2580426,1171563,2021,27,1,3,1510,2580-1171
2795500,1193500,2022,27,3,3,1510,2795-1193
2796500,1192500,2022,27,1,2,1510,2796-1192
2640808,1185855,2022,21,1,1,1510,2640-1185
2815658,1169870,2025,27,1,3,1510,2815-1169
2650910,1133935,2021,27,4,3,1510,2650-1133
2600707,1173152,2024,27,2,3,1510,2600-1173
2815151,1169582,2025,27,6,4,1510,2815-1169
2763500,1209500,2021,27,5,5,1510,2763-1209
2640500,1185500,2024,27,1,3,1510,2640-1185
2673500,1188500,2024,27,1,2,1510,2673-1188
2706500,1168500,2024,27,19,3,1510,2706-1168
2693584,1154076,2023,27,4,4,1510,2693-1154
2722500,1182500,2024,33,2,3,1510,2722-1182
2731284,1179036,2025,33,1,2,1510,2731-1179
2731163,1179143,2025,33,1,2,1510,2731-1179
2642673,1189179,2021,27,2,4,1510,2642-1189
2642439,1189636,2021,27,1,3,1510,2642-1189
2756500,1200500,2021,27,5,2,1510,2756-1200
2644429.86726418,1135729.36136012,2021,27,5,1,1510,2644-1135
2705451,1168941,2024,27,14,6,1510,2705-1168
2580754.98397016,1169422.99817095,2021,27,5,3,1510,2580-1169
2727372,1128489,2022,33,1,1,1510,2727-1128
2815500,1169500,2024,34,,2,1510,2815-1169
2644423,1136110,2024,34,5,3,1510,2644-1136
2644380,1136278,2025,34,4,6,1510,2644-1136
2669632,1180072,2025,34,4,1,1510,2669-1180
2815813,1168716,2024,33,1,3,1510,2815-1168
2694156,1153945,2024,33,2,2,1510,2694-1153
2640259,1185653,2021,34,2,3,1510,2640-1185
2714371,1214671,2021,34,1,1,1510,2714-1214
2647874.01094658,1139594.25085227,2022,15,1,0,1510,2647-1139
2601500,1173500,2022,33,3,6,1510,2601-1173
2580579.01417345,1171416.00521169,2022,33,1,1,1510,2580-1171
2646023,1137843,2024,40,1,1,1510,2646-1137
2628529,1174921,2022,15,3,0,1510,2628-1174
2580478,1171007,2023,51,2,0,1510,2580-1171
2635576,1181485,2021,51,1,0,1510,2635-1181
2580124,1169700,2022,52,5,13,1510,2580-1169
2580124.9877582,1169700.00858702,2024,52,3,0,1510,2580-1169
2550500,1110500,2025,45,3,1,1510,2550-1110
2550351.74133704,1110293.59993234,2022,52,1,0,1510,2550-1110
2550351.74133704,1110293.59993234,2023,52,1,0,1510,2550-1110
2550351.74133704,1110293.59993234,2021,52,1,0,1510,2550-1110
2708878,1204494,2021,45,1,2,1510,2708-1204
2601097,1173461,2025,21,1,1,1510,2601-1173
2580569,1171420,2025,57,3,0,1510,2580-1171
2550351.74133704,1110293.59993234,2023,52,2,0,1510,2550-1110
2733500,1225500,2024,21,7,3,1510,2733-1225
2722500,1182500,2022,57,3,0,1510,2722-1182
2733789,1225416,2025,21,1,3,1510,2733-1225
2733755,1225796,2025,21,3,3,1510,2733-1225
2601935,1173245,2025,21,1,1,1510,2601-1173
2732289,1225596,2025,21,3,3,1510,2732-1225
2706157,1168640,2024,21,3,1,1510,2706-1168
2706490,1168092,2024,21,5,1,1510,2706-1168
2550351.74133704,1110293.59993234,2023,51,1,0,1510,2550-1110
2550351.74133704,1110293.59993234,2021,51,1,0,1510,2550-1110
2550351.74133704,1110293.59993234,2021,51,1,0,1510,2550-1110
2550351.74133704,1110293.59993234,2021,51,1,0,1510,2550-1110
2580124.9877582,1169700.00858702,2022,58,1,0,1510,2580-1169
2580124.9877582,1169700.00858702,2021,58,5,0,1510,2580-1169
2580124.9877582,1169700.00858702,2021,51,4,0,1510,2580-1169
2746045,1171264,2025,57,6,0,1510,2746-1171
2575618.57800385,1130563.69356138,2022,58,2,0,1510,2575-1130
2575618.57800385,1130563.69356137,2025,58,1,0,1510,2575-1130
2580650,1169537,2023,51,3,0,1510,2580-1169
2722500,1182500,2021,58,1,0,1510,2722-1182
2600500,1174500,2024,57,6,0,1510,2600-1174
2564346.53355591,1144839.24881584,2023,58,1,0,1510,2564-1144
2550500,1110500,2025,57,4,0,1510,2550-1110
2550500,1110500,2024,51,,0,1510,2550-1110
2575618.57800385,1130563.69356138,2021,58,1,0,1510,2575-1130
2685734,1176236,2025,64,8,0,1510,2685-1176
2564128,1142124,2025,64,1,0,1510,2564-1142
2725923,1212062,2024,27,2,3,1510,2725-1212
2634357,1177803,2022,27,4,3,1510,2634-1177
2634096,1177938,2022,27,3,3,1510,2634-1177
2634500,1177500,2021,51,3,0,1510,2634-1177
2668500,1198500,2022,64,2,0,1510,2668-1198
2743500,1157500,2025,57,1,0,1510,2743-1157
2738500,1210500,2025,27,2,3,1510,2738-1210
2580124.9877582,1169700.00858702,2023,57,1,0,1510,2580-1169
2746500,1171500,2025,57,7,0,1510,2746-1171
2797500,1193500,2022,27,3,3,1510,2797-1193
2683362,1199285,2024,27,1,3,1510,2683-1199
2601135,1173430,2024,27,1,3,1510,2601-1173
2797500,1192500,2022,27,9,6,1510,2797-1192
2796500,1193500,2022,27,10,6,1510,2796-1193
2722224,1107765,2021,27,1,3,1510,2722-1107
2600714,1174030,2024,27,1,3,1510,2600-1174
2600500,1174500,2022,57,8,0,1510,2600-1174
2602008,1173154,2024,27,3,3,1510,2602-1173
2634500,1177500,2021,57,14,0,1510,2634-1177
2575648,1130492,2024,57,2,0,1510,2575-1130
2709201,1168227,2025,27,2,3,1510,2709-1168
2706275,1168736,2024,27,1,3,1510,2706-1168
2706535,1168722,2022,27,1,2,1510,2706-1168
2709397,1218749,2024,27,1,3,1510,2709-1218
2775171,1143732,2023,27,3,6,1510,2775-1143
2791500,1191500,2025,27,4,3,1510,2791-1191
2646500,1137500,2025,33,3,1,1510,2646-1137
2646328,1137177,2024,4,2,0,1510,2646-1137
2739327,1164809,2025,4,1,6,1510,2739-1164
2566500,1133500,2022,33,2,3,1510,2566-1133
2570500,1137500,2021,33,2,3,1510,2570-1137
2624348,1174448,2021,33,2,3,1510,2624-1174
2624194,1174879,2021,33,1,3,1510,2624-1174
2654831,1143184,2024,15,1,0,1510,2654-1143
2550500,1110500,2024,51,,0,1510,2550-1110
2641333,1187168,2021,22,2,3,1510,2641-1187
2600500,1174500,2022,57,3,0,1510,2600-1174
2733447,1225737,2024,28,7,6,1510,2733-1225
2804301,1172146,2022,28,1,2,1510,2804-1172
2733251,1186300,2025,28,12,6,1510,2733-1186
2644429.86726418,1135729.36136012,2021,28,1,1,1510,2644-1135
2600500,1174500,2024,28,2,3,1510,2600-1174
2564425,1144414,2024,57,1,0,1510,2564-1144
2564501,1144553,2025,57,1,0,1510,2564-1144
2756384.1022815,1200320.75275828,2021,28,8,3,1510,2756-1200
2601328.04634382,1173446.72591646,2025,28,4,3,1510,2601-1173
2756384.1022815,1200320.75275828,2021,28,8,3,1510,2756-1200
2784295,1177983,2024,21,6,6,1510,2784-1177
2626189,1173678,2025,57,4,0,1510,2626-1173
2746500,1171500,2025,57,7,0,1510,2746-1171
2603617,1105513,2024,34,1,1,1510,2603-1105
2780951,1167689,2021,34,1,19,1510,2780-1167
2749307,1238762,2022,64,1,0,1510,2749-1238
2718293,1180784,2025,21,1,2,1510,2718-1180
2698087,1155490,2021,34,1,2,1510,2698-1155
2580556,1169522,2021,27,3,3,1510,2580-1169
2728440,1226621,2025,27,5,3,1510,2728-1226
2803035,1173062,2021,46,3,1,1510,2803-1173
2722752,1107814,2023,3,1,0,1510,2722-1107
2793729,1166767,2022,27,1,3,1510,2793-1166
2594830,1176451,2022,27,1,2,1510,2594-1176
2717500,1168500,2021,27,8,2,1510,2717-1168
2550351.74133704,1110293.59993234,2022,46,2,1,1510,2550-1110
2691875,1122052,2025,46,2,11,1510,2691-1122
2580598,1169308,2021,27,2,3,1510,2580-1169
2718446,1180726,2022,27,5,2,1510,2718-1180
2746400,1171194,2023,27,2,2,1510,2746-1171
2580614,1171154,2021,27,13,3,1510,2580-1171
2743495,1157767,2025,52,1,0,1510,2743-1157
2743304,1157605,2025,52,1,0,1510,2743-1157
2663628,1181183,2021,27,3,1,1510,2663-1181
2663619,1181403,2025,52,1,0,1510,2663-1181
2580124.9877582,1169700.00858702,2023,52,4,0,1510,2580-1169
2803203,1173169,2025,58,1,0,1510,2803-1173
2575215,1131597,2022,27,1,3,1510,2575-1131
2575488,1131148,2022,27,2,2,1510,2575-1131
2575349,1130866,2022,27,5,3,1510,2575-1130
2640500,1186500,2021,33,2,5,1510,2640-1186
2628305,1175044,2025,27,5,3,1510,2628-1175
2575618.57800385,1130563.69356138,2022,58,5,0,1510,2575-1130
2756500,1144500,2023,58,3,0,1510,2756-1144
2663968,1181598,2022,15,5,0,1510,2663-1181
2731840,1168735,2022,39,6,13,1510,2731-1168
2815905,1168909,2024,39,1,1,1510,2815-1168
2658500,1202500,2021,33,4,3,1510,2658-1202
2580124.9877582,1169700.00858702,2025,58,6,0,1510,2580-1169
2657500,1202500,2021,33,1,3,1510,2657-1202
2784459,1178596,2022,45,1,1,1510,2784-1178
2784507,1178615,2024,45,1,1,1510,2784-1178
2722468,1107848,2024,70,1,0,1510,2722-1107
2698061,1209112,2024,21,1,3,1510,2698-1209
2580618,1171108,2021,52,3,0,1510,2580-1171
2733986,1225739,2022,21,11,3,1510,2733-1225
2815888,1168892,2022,58,7,0,1510,2815-1168
2815973,1168933,2025,58,1,0,1510,2815-1168
2815957,1168906,2022,58,7,0,1510,2815-1168
2726791,1210008,2025,21,6,3,1510,2726-1210
2640100,1185343,2024,21,1,2,1510,2640-1185
2770122,1147971,2021,10,4,0,1510,2770-1147
2646809,1137436,2024,10,1,0,1510,2646-1137
2694305,1195795,2024,10,1,0,1510,2694-1195
2600500,1174500,2021,52,3,0,1510,2600-1174
2575618,1130509,2025,58,3,0,1510,2575-1130
2550351.74133704,1110293.59993234,2021,52,1,0,1510,2550-1110
2580560,1171379,2024,58,1,0,1510,2580-1171
2580560,1171379,2024,58,1,0,1510,2580-1171
2580560,1171379,2024,58,3,0,1510,2580-1171
2550351.74133704,1110293.59993234,2021,52,1,0,1510,2550-1110
2598037.26158742,1109825.78078502,2021,21,4,6,1510,2598-1109
2598611,1175486,2025,21,1,3,1510,2598-1175
2550351.74133704,1110293.59993234,2021,52,1,0,1510,2550-1110
2550351.74133704,1110293.59993234,2022,52,5,0,1510,2550-1110
2580409,1169330,2021,52,1,0,1510,2580-1169
2749168,1238899,2022,64,13,0,1510,2749-1238
2746500,1171500,2025,27,8,3,1510,2746-1171
2641500,1186500,2021,27,6,3,1510,2641-1186
2641435,1187165,2023,16,1,0,1510,2641-1187
2733788,1144401,2024,27,2,4,1510,2733-1144
2641500,1186500,2021,27,6,3,1510,2641-1186
2733500,1225500,2022,22,10,5,1510,2733-1225
2709296,1218655,2022,58,3,0,1510,2709-1218
2711211,1104506,2024,70,1,0,1510,2711-1104
2749190,1238780,2024,27,8,3,1510,2749-1238
2634116,1177905,2025,27,2,3,1510,2634-1177
2634672,1177621,2025,27,1,3,1510,2634-1177
2749500,1238500,2025,27,4,6,1510,2749-1238
2589500,1109500,2023,27,3,6,1510,2589-1109
2615500,1105500,2022,27,4,6,1510,2615-1105
2641075,1186018,2022,22,1,1,1510,2641-1186
2718500,1180500,2022,58,5,0,1510,2718-1180
2632654,1180144,2025,27,2,3,1510,2632-1180
2575612,1130485,2021,58,1,0,1510,2575-1130
2575560,1130882,2024,58,1,0,1510,2575-1130
2749500,1238500,2021,33,1,3,1510,2749-1238
2640319,1185321,2021,33,3,6,1510,2640-1185
2668975,1198572,2021,33,1,2,1510,2668-1198
2706563,1168758,2024,33,1,2,1510,2706-1168
2564609,1144080,2021,33,1,6,1510,2564-1144
2743443,1157845,2025,28,6,6,1510,2743-1157
2743460,1157652,2024,28,3,2,1510,2743-1157
2709571,1218778,2021,64,1,0,1510,2709-1218
2743500,1158500,2025,28,6,6,1510,2743-1158
2803814,1173134,2021,28,1,6,1510,2803-1173
2641208,1187053,2025,28,1,3,1510,2641-1187
2641388,1187558,2023,28,2,3,1510,2641-1187
2594673,1176341,2021,9,1,0,1510,2594-1176
2571493,1137168,2021,45,2,13,1510,2571-1137
2587641,1158901,2023,40,4,13,1510,2587-1158
2550331,1110396,2023,52,1,0,1510,2550-1110
2646762,1138677,2024,40,1,1,1510,2646-1138
2580124.9877582,1169700.00858702,2025,46,2,1,1510,2580-1169
2550364,1110401,2022,52,1,0,1510,2550-1110
2600500,1174500,2021,52,6,0,1510,2600-1174
2580124.9877582,1169700.00858702,2023,52,6,0,1510,2580-1169
2784061,1177731,2022,15,2,0,1510,2784-1177
2784239,1177923,2022,15,2,5,1510,2784-1177
2550351.74133704,1110293.59993234,2022,52,4,0,1510,2550-1110
2550351.74133704,1110293.59993234,2021,52,4,0,1510,2550-1110
2743360,1158453,2022,52,3,0,1510,2743-1158
2550657,1110778,2023,52,1,0,1510,2550-1110
2698712,1209015,2022,58,1,0,1510,2698-1209
2601923,1173585,2022,58,3,0,1510,2601-1173
2784321,1178018,2024,21,6,6,1510,2784-1178
2591673,1172053,2025,58,2,0,1510,2591-1172
2580124.9877582,1169700.00858702,2021,58,4,0,1510,2580-1169
2580124.9877582,1169700.00858702,2025,58,3,0,1510,2580-1169
2575618.57800385,1130563.69356138,2022,58,3,0,1510,2575-1130
2628500,1175500,2025,58,4,0,1510,2628-1175
2575618.57800385,1130563.69356137,2025,58,2,0,1510,2575-1130
2575618.57800385,1130563.69356138,2021,58,1,0,1510,2575-1130
2575618.57800385,1130563.69356137,2023,58,2,0,1510,2575-1130
2764828,1192196,2025,58,2,0,1510,2764-1192
2711500,1104500,2023,65,1,0,1510,2711-1104
2719848,1180583,2025,21,1,2,1510,2719-1180
2746043,1171364,2024,21,2,3,1510,2746-1171
2634933,1177659,2023,64,2,0,1510,2634-1177
2603500,1112500,2022,64,15,0,1510,2603-1112
2595817,1176482,2024,21,1,2,1510,2595-1176
2632634,1180229,2024,21,5,3,1510,2632-1180
2616661,1132573,2022,27,1,3,1510,2616-1132
2712704,1142347,2022,27,1,2,1510,2712-1142
2743500,1158500,2023,27,3,3,1510,2743-1158
2646044,1173218,2021,27,3,3,1510,2646-1173
2580983,1171197,2024,27,2,3,1510,2580-1171
2640155,1185403,2023,16,1,0,1510,2640-1185
2711888,1106829,2023,27,3,6,1510,2711-1106
2815130,1169712,2024,27,1,2,1510,2815-1169
2580620,1171133,2024,27,2,3,1510,2580-1171
2744500,1226500,2025,33,4,6,1510,2744-1226
2646146,1173432,2023,33,3,3,1510,2646-1173
2646904,1173782,2023,33,2,3,1510,2646-1173
2815890,1169023,2023,33,2,1,1510,2815-1169
2739500,1235500,2022,21,1,1,1510,2739-1235
2600500,1174500,2023,22,2,3,1510,2600-1174
2645851,1188777,2022,22,3,3,1510,2645-1188
2626500,1173500,2025,21,6,6,1510,2626-1173
2673500,1188500,2024,21,3,6,1510,2673-1188
2784461,1178629,2023,46,3,1,1510,2784-1178
2763500,1209500,2023,27,14,6,1510,2763-1209
2703999,1145612,2025,46,1,3,1510,2703-1145
2719500,1180500,2021,27,2,3,1510,2719-1180
2645031,1136943,2024,28,1,3,1510,2645-1136
2756500,1200500,2021,27,10,3,1510,2756-1200
2580634,1169339,2024,27,1,3,1510,2580-1169
2733286,1186479,2024,28,8,1,1510,2733-1186
2733254,1225683,2023,21,10,6,1510,2733-1225
2815610,1168947,2022,52,1,0,1510,2815-1168
2732703,1225697,2021,27,1,3,1510,2732-1225
2598824,1175493,2021,21,1,1,1510,2598-1175
2733500,1225500,2022,27,13,3,1510,2733-1225
2733500,1223500,2021,27,4,3,1510,2733-1223
2576542,1138355,2025,33,1,6,1510,2576-1138
2576960,1138072,2025,33,3,6,1510,2576-1138
2686758.09778301,1119441.76620935,2022,28,10,5,1510,2686-1119
2695137,1195616,2023,58,6,0,1510,2695-1195
2727062,1211008,2021,27,2,6,1510,2727-1211
2726907,1210387,2022,27,1,2,1510,2726-1210
2696222,1110743,2024,27,2,3,1510,2696-1110
2732207,1225616,2021,27,8,4,1510,2732-1225
2733725,1225648,2022,27,8,3,1510,2733-1225
2641377,1187144,2024,34,1,3,1510,2641-1187
2717500,1168500,2024,27,1,2,1510,2717-1168
2763500,1209500,2023,27,14,6,1510,2763-1209
2815930,1168795,2023,58,1,0,1510,2815-1168
2693003,1154726,2025,34,1,2,1510,2693-1154
2733746,1225740,2021,27,14,6,1510,2733-1225
2743500,1212500,2021,27,1,2,1510,2743-1212
2731189,1129438,2024,27,1,2,1510,2731-1129
2731200,1129426,2024,27,1,2,1510,2731-1129
2731179,1129293,2024,27,1,2,1510,2731-1129
2716500,1179500,2021,27,5,3,1510,2716-1179
2716500,1179500,2024,27,4,3,1510,2716-1179
2744113,1226367,2025,33,4,3,1510,2744-1226
2744356,1226313,2025,33,3,1,1510,2744-1226
2644443,1136222,2024,33,3,2,1510,2644-1136
2626239,1172513,2024,33,1,2,1510,2626-1172
2646236,1173136,2025,70,13,0,1510,2646-1173
2717374,1168357,2025,46,1,1,1510,2717-1168
2744500,1226500,2025,33,4,4,1510,2744-1226
2722500,1182500,2022,33,3,3,1510,2722-1182
2673500,1188500,2021,33,1,3,1510,2673-1188
2550351.74133704,1110293.59993234,2022,53,2,0,1510,2550-1110
2580481,1171390,2022,3,3,0,1510,2580-1171
2706386,1168224,2024,39,1,1,1510,2706-1168
2797117,1192932,2023,53,1,0,1510,2797-1192
2580124.9877582,1169700.00858702,2022,53,6,0,1510,2580-1169
2600500,1174500,2021,52,1,0,1510,2600-1174
2600500,1174500,2021,53,2,0,1510,2600-1174
2600500,1174500,2021,53,1,0,1510,2600-1174
2550351.74133704,1110293.59993234,2021,52,2,0,1510,2550-1110
2743500,1212500,2021,59,22,0,1510,2743-1212
2600500,1174500,2021,58,1,0,1510,2600-1174
2646953,1138127,2025,59,1,0,1510,2646-1138
2628370,1175302,2025,59,1,0,1510,2628-1175
2550421,1110834,2024,59,6,0,1510,2550-1110
2745142,1209912,2022,46,2,1,1510,2745-1209
2575618.57800385,1130563.69356138,2021,59,1,0,1510,2575-1130
2575636,1130510,2024,58,2,0,1510,2575-1130
2575601,1130492,2021,58,1,0,1510,2575-1130
2777415,1141344,2021,52,1,0,1510,2777-1141
2600500,1174500,2021,58,1,0,1510,2600-1174
2600500,1174500,2022,52,4,0,1510,2600-1174
2564502,1144588,2025,58,1,0,1510,2564-1144
2644267,1136001,2023,58,2,0,1510,2644-1136
2739541,1235784,2021,64,1,0,1510,2739-1235
2739761,1235824,2021,64,1,0,1510,2739-1235
2668500,1198500,2022,21,2,2,1510,2668-1198
2689893,1151732,2021,3,5,0,1510,2689-1151
2746127,1171183,2022,21,5,3,1510,2746-1171
2641242,1187320,2025,16,1,0,1510,2641-1187
2704097,1156911,2022,27,3,3,1510,2704-1156
2694313,1153862,2023,27,2,2,1510,2694-1153
2694303,1153867,2023,27,1,2,1510,2694-1153
2600233,1173047,2022,27,2,3,1510,2600-1173
2616580,1132187,2021,27,1,2,1510,2616-1132
2696500,1110500,2022,27,1,2,1510,2696-1110
2683758,1199421,2021,27,4,1,1510,2683-1199
2683168,1200031,2021,27,2,1,1510,2683-1200
2740330,1164601,2025,27,10,6,1510,2740-1164
2793639,1166511,2022,27,1,2,1510,2793-1166
2793504,1166450,2022,27,2,2,1510,2793-1166
2793853,1166428,2022,27,2,4,1510,2793-1166
2763356,1209830,2024,27,8,3,1510,2763-1209
2796500,1192500,2021,27,5,3,1510,2796-1192
2746700,1231533,2025,10,1,0,1510,2746-1231
2718888,1180766,2025,27,1,2,1510,2718-1180
2718456,1180915,2025,27,1,2,1510,2718-1180
2695273,1166411,2025,27,15,3,1510,2695-1166
2742796,1173437,2025,27,1,6,1510,2742-1173
2600500,1174500,2025,22,4,6,1510,2600-1174
2722500,1182500,2024,10,1,0,1510,2722-1182
2657165,1202337,2022,27,15,3,1510,2657-1202
2599500,1171500,2023,22,,3,1510,2599-1171
2788592,1194708,2025,22,7,6,1510,2788-1194
2698524,1155874,2023,34,1,2,1510,2698-1155
2658617,1202013,2024,28,1,2,1510,2658-1202
2695394,1166405,2021,34,6,5,1510,2695-1166
2650897,1133929,2024,28,3,3,1510,2650-1133
2580624,1171173,2023,34,3,3,1510,2580-1171
2709654,1218701,2024,28,1,3,1510,2709-1218
2640531,1185377,2025,28,1,3,1510,2640-1185
2733255,1186306,2024,28,1,3,1510,2733-1186
2733055,1186115,2024,28,1,3,1510,2733-1186
2591901,1164698,2023,40,6,13,1510,2591-1164
2733500,1225500,2022,28,8,3,1510,2733-1225
2669500,1180500,2021,34,7,3,1510,2669-1180
2603595,1105455,2024,34,1,1,1510,2603-1105
2571354,1131508,2021,21,1,3,1510,2571-1131
2735634,1172690,2025,21,5,6,1510,2735-1172
2705408,1168919,2024,21,7,1,1510,2705-1168
2714563,1140539,2022,46,1,13,1510,2714-1140
2706343,1168487,2024,21,6,1,1510,2706-1168
2706483,1168099,2024,21,2,1,1510,2706-1168
2706178,1168771,2024,21,2,1,1510,2706-1168
2628497,1175445,2025,21,2,3,1510,2628-1175
2746248,1171511,2024,52,1,0,1510,2746-1171
2746663,1171045,2025,52,3,0,1510,2746-1171
2746214,1171384,2025,52,6,0,1510,2746-1171
2576443,1138526,2023,21,1,3,1510,2576-1138
2600500,1174500,2023,52,1,0,1510,2600-1174
2644373,1136269,2025,47,2,3,1510,2644-1136
2744500,1226500,2023,47,1,2,1510,2744-1226
2717640,1168498,2022,27,1,1,1510,2717-1168
2717451,1168946,2022,27,3,3,1510,2717-1168
2722392,1107810,2024,53,1,0,1510,2722-1107
2756500,1200500,2021,27,5,2,1510,2756-1200
2600500,1174500,2024,58,2,0,1510,2600-1174
2763838,1209762,2022,58,1,0,1510,2763-1209
2685824,1176314,2025,58,12,0,1510,2685-1176
2641031,1187279,2025,59,5,0,1510,2641-1187
2640162,1185427,2025,59,1,0,1510,2640-1185
2575618.57800385,1130563.69356137,2023,59,2,0,1510,2575-1130
2575618.57800385,1130563.69356138,2022,59,15,0,1510,2575-1130
2746412,1171652,2024,58,1,0,1510,2746-1171
2726874,1210546,2022,27,1,2,1510,2726-1210
2726909,1210408,2022,27,4,4,1510,2726-1210
2580124.9877582,1169700.00858702,2024,59,16,0,1510,2580-1169
2567317,1137416,2022,27,1,3,1510,2567-1137
2564545,1144579,2023,58,1,0,1510,2564-1144
2580503,1169426,2021,27,5,3,1510,2580-1169
2565500,1133500,2021,27,2,4,1510,2565-1133
2626500,1173500,2023,58,6,0,1510,2626-1173
2628202,1174860,2021,65,3,0,1510,2628-1174
2797500,1192500,2021,27,10,3,1510,2797-1192
2796500,1193500,2021,65,6,0,1510,2796-1193
2796500,1193500,2021,27,22,6,1510,2796-1193
2595409,1176808,2024,64,1,0,1510,2595-1176
2573040,1085365,2024,64,6,0,1510,2573-1085
2749477,1166056,2023,27,1,2,1510,2749-1166
2749565,1166965,2023,27,1,2,1510,2749-1166
2749054,1166519,2023,27,1,3,1510,2749-1166
2706285,1168320,2024,27,11,3,1510,2706-1168
2580452,1169610,2023,34,6,3,1510,2580-1169
2595426,1176771,2024,64,1,0,1510,2595-1176
2669500,1180500,2025,34,3,1,1510,2669-1180
2733731,1225781,2022,27,9,5,1510,2733-1225
2689947,1151638,2024,4,8,0,1510,2689-1151
2580610,1169322,2023,34,3,3,1510,2580-1169
2744105.06951195,1226157.83177432,2025,34,4,3,1510,2744-1226
2744105.06951195,1226157.83177432,2025,34,4,3,1510,2744-1226
2550351.74133704,1110293.59993234,2023,46,1,1,1510,2550-1110
2550351.74133704,1110293.59993234,2023,46,1,1,1510,2550-1110
2706653,1168138,2022,34,1,2,1510,2706-1168
2726655,1209911,2025,34,1,2,1510,2726-1209
2669709,1180256,2025,34,2,1,1510,2669-1180
2744500,1226500,2025,34,4,3,1510,2744-1226
2580124.9877582,1169700.00858702,2021,46,1,2,1510,2580-1169
2646242,1166880,2024,46,2,13,1510,2646-1166
2550351.74133704,1110293.59993234,2021,52,1,0,1510,2550-1110
2550351.74133704,1110293.59993234,2021,52,1,0,1510,2550-1110
2550351.74133704,1110293.59993234,2023,52,1,0,1510,2550-1110
2550351.74133704,1110293.59993234,2023,52,2,0,1510,2550-1110
2580124.9877582,1169700.00858702,2025,52,2,0,1510,2580-1169
2746500,1171500,2025,52,1,0,1510,2746-1171
2718304,1180246,2024,46,1,1,1510,2718-1180
2640246,1185250,2022,16,6,0,1510,2640-1185
2550500,1110500,2025,58,1,0,1510,2550-1110
2735044,1156159,2023,52,1,6,1510,2735-1156
2600500,1174500,2023,52,1,0,1510,2600-1174
2722500,1182500,2022,58,3,0,1510,2722-1182
2575625,1130525,2023,58,1,0,1510,2575-1130
2575632,1130509,2024,58,1,0,1510,2575-1130
2575601,1130492,2021,58,3,0,1510,2575-1130
2575625,1130525,2023,58,4,0,1510,2575-1130
2634833,1177577,2025,52,3,0,1510,2634-1177
2775171,1185783,2025,52,10,0,1510,2775-1185
2580518.98416785,1169447.00189603,2022,22,10,3,1510,2580-1169
2600500,1174500,2024,58,2,0,1510,2600-1174
2575626,1130516,2024,58,1,0,1510,2575-1130
2700808,1182497,2025,22,9,6,1510,2700-1182
2645965,1188377,2024,28,5,6,1510,2645-1188
2645946,1187838,2024,28,4,6,1510,2645-1187
2749139,1238944,2025,58,2,0,1510,2749-1238
2815815,1168610,2022,22,2,2,1510,2815-1168
2600962,1174163,2025,64,2,0,1510,2600-1174
2796500,1193500,2022,64,3,0,1510,2796-1193
2591686,1172067,2025,28,3,4,1510,2591-1172
2580608,1171185,2022,22,2,3,1510,2580-1171
2580544,1171728,2022,22,1,3,1510,2580-1171
2726500,1209500,2024,28,1,3,1510,2726-1209
2755024,1184539,2025,64,1,0,1510,2755-1184
2580488,1169602,2022,22,2,3,1510,2580-1169
2644438,1136273,2021,35,1,3,1510,2644-1136
2719159,1180958,2025,28,3,2,1510,2719-1180
2718645,1180862,2025,28,5,3,1510,2718-1180
2830122,1194075,2022,41,1,13,1510,2830-1194
2637947,1121283,2024,41,2,13,1510,2637-1121
2564054,1142367,2022,28,2,3,1510,2564-1142
2816005,1169010,2021,28,3,4,1510,2816-1169
2756403,1200127,2021,28,8,3,1510,2756-1200
2550351.74133704,1110293.59993234,2022,47,2,1,1510,2550-1110
2689976,1151694,2021,10,2,0,1510,2689-1151
2694861,1155404,2021,28,4,5,1510,2694-1155
2685803,1176253,2024,28,10,3,1510,2685-1176
2580124.9877582,1169700.00858702,2023,47,1,1,1510,2580-1169
2580124.9877582,1169700.00858702,2022,47,5,13,1510,2580-1169
2601222,1173601,2022,53,2,0,1510,2601-1173
2698376,1155731,2023,34,1,3,1510,2698-1155
2550351.74133704,1110293.59993234,2021,53,1,0,1510,2550-1110
2600500,1174500,2024,53,1,0,1510,2600-1174
2580124.9877582,1169700.00858702,2024,53,13,0,1510,2580-1169
2726500,1209500,2024,53,1,0,1510,2726-1209
2635627,1181447,2022,34,1,3,1510,2635-1181
2571424,1131871,2021,15,1,0,1510,2571-1131
2645782,1188438,2024,59,2,0,1510,2645-1188
2580124.9877582,1169700.00858702,2024,59,12,0,1510,2580-1169
2578420,1114225,2022,59,1,0,1510,2578-1114
2575618.57800385,1130563.69356138,2022,59,2,0,1510,2575-1130
2768913,1156033,2021,65,1,0,1510,2768-1156
2645845,1188911,2021,65,1,0,1510,2645-1188
2722251,1107376,2022,71,2,0,1510,2722-1107
2580605,1171159,2023,52,15,0,1510,2580-1171
2733811,1225702,2022,22,11,3,1510,2733-1225
2733700,1225757,2022,22,11,3,1510,2733-1225
2744905,1199353,2022,58,1,0,1510,2744-1199
2722074,1107206,2023,11,4,0,1510,2722-1107
2580551,1171062,2024,58,1,0,1510,2580-1171
2705393,1168858,2025,22,10,3,1510,2705-1168
2718500,1180500,2021,28,1,2,1510,2718-1180
2639815,1166961,2025,28,1,2,1510,2639-1166
2696814,1110917,2025,28,1,2,1510,2696-1110
2625504,1171892,2021,28,6,6,1510,2625-1171
2576649,1159115,2025,28,1,3,1510,2576-1159
2600204,1173303,2021,70,1,0,1510,2600-1173
2595550,1176680,2022,70,2,0,1510,2595-1176
2673500,1189500,2022,23,7,6,1510,2673-1189
2721500,1145500,2021,34,2,4,1510,2721-1145
2634364,1177539,2022,28,1,3,1510,2634-1177
2634303,1177874,2022,28,1,6,1510,2634-1177
2634438,1177734,2022,28,2,6,1510,2634-1177
2733469,1185637,2025,28,5,6,1510,2733-1185
2725756,1212486,2023,34,1,2,1510,2725-1212
2703500,1145500,2025,29,2,3,1510,2703-1145
2627120,1174638,2024,34,1,3,1510,2627-1174
2669500,1180500,2024,34,8,5,1510,2669-1180
2749994,1163151,2021,40,3,13,1510,2749-1163
2743486,1157737,2022,29,2,4,1510,2743-1157
2722227,1107790,2024,29,2,3,1510,2722-1107
2640509,1185459,2023,29,2,3,1510,2640-1185
2727524,1128599,2023,29,2,6,1510,2727-1128
2726896,1210263,2025,35,1,2,1510,2726-1210
2550500,1110500,2025,46,1,2,1510,2550-1110
2647741.86158812,1128841.36148839,2023,35,1,13,1510,2647-1128
2733698,1225949,2022,52,4,0,1510,2733-1225
2550500,1110500,2025,52,2,0,1510,2550-1110
2550349,1110415,2022,52,3,0,1510,2550-1110
2711300,1104352,2024,10,2,0,1510,2711-1104
2602500,1112500,2023,52,1,17,1510,2602-1112
2645926,1187508,2023,47,1,2,1510,2645-1187
2550351.74133704,1110293.59993234,2024,47,1,3,1510,2550-1110
2792859,1168313,2023,47,5,13,1510,2792-1168
2709345,1218733,2021,58,5,0,1510,2709-1218
2698506,1209097,2023,58,1,0,1510,2698-1209
2698401,1209033,2023,58,2,0,1510,2698-1209
2698589,1209145,2023,58,1,0,1510,2698-1209
2580614,1171160,2024,58,1,0,1510,2580-1171
2698452,1209089,2023,58,1,0,1510,2698-1209
2733726,1225690,2023,58,2,0,1510,2733-1225
2571412,1137425,2021,58,7,0,1510,2571-1137
2580124.9877582,1169700.00858702,2022,58,4,0,1510,2580-1169
2739500,1236500,2021,58,1,0,1510,2739-1236
2600500,1174500,2023,58,3,0,1510,2600-1174
2580124.9877582,1169700.00858702,2025,53,2,0,1510,2580-1169
2580124.9877582,1169700.00858702,2024,53,16,0,1510,2580-1169
2634677,1177485,2021,58,4,0,1510,2634-1177
2746069,1171060,2024,16,4,0,1510,2746-1171
2550351.74133704,1110293.59993234,2025,58,4,0,1510,2550-1110
2550351.74133704,1110293.59993234,2021,58,1,0,1510,2550-1110
2550351.74133704,1110293.59993234,2021,58,1,0,1510,2550-1110
2550351.74133704,1110293.59993234,2025,58,4,0,1510,2550-1110
2628060,1175434,2022,58,2,0,1510,2628-1175
2628347,1175112,2022,58,35,0,1510,2628-1175
2689925,1151859,2021,58,6,0,1510,2689-1151
2575645,1130505,2022,58,1,0,1510,2575-1130
2586183,1170689,2022,16,1,0,1510,2586-1170
2586146,1170513,2022,16,1,0,1510,2586-1170
2586056,1170550,2022,16,1,0,1510,2586-1170
2628976,1176306,2022,58,6,0,1510,2628-1176
2575618.57800385,1130563.69356138,2021,59,2,0,1510,2575-1130
2815563,1169527,2022,16,4,0,1510,2815-1169
2571500,1137500,2021,22,3,1,1510,2571-1137
2686758.09778301,1119441.76620935,2023,22,4,3,1510,2686-1119
2722510,1107651,2024,65,2,0,1510,2722-1107
2723376,1108080,2022,65,1,0,1510,2723-1108
2746305,1171066,2022,22,,3,1510,2746-1171
2739956,1179651,2022,11,1,0,1510,2739-1179
2764436,1210319,2025,28,2,3,1510,2764-1210
2706074,1168823,2025,10,3,0,1510,2706-1168
2695267,1167870,2022,28,1,1,1510,2695-1167
2695490,1167888,2022,28,3,2,1510,2695-1167
2745500,1209500,2022,34,1,2,1510,2745-1209
2746102,1171151,2024,34,4,3,1510,2746-1171
2698463,1155692,2023,34,1,2,1510,2698-1155
2647791,1118021,2024,40,5,13,1510,2647-1118
2788871,1161934,2023,23,3,2,1510,2788-1161
2550500,1110500,2025,46,1,2,1510,2550-1110
2746073,1171085,2024,46,1,3,1510,2746-1171
2733765,1225779,2022,22,6,3,1510,2733-1225
2718232,1180760,2025,52,9,0,1510,2718-1180
2679500,1127500,2021,22,1,3,1510,2679-1127
2733500,1225500,2023,52,8,0,1510,2733-1225
2595476,1176534,2021,29,1,2,1510,2595-1176
2580650,1171229,2023,52,2,0,1510,2580-1171
2733502,1225703,2022,22,7,3,1510,2733-1225
2594746,1176525,2021,58,2,0,1510,2594-1176
2571859,1131618,2021,22,1,3,1510,2571-1131
2695377,1166297,2021,58,2,0,1510,2695-1166
2626590,1172798,2023,28,5,4,1510,2626-1172
2733076,1225677,2021,28,10,2,1510,2733-1225
2716500,1179500,2023,28,1,2,1510,2716-1179
2815743,1168812,2021,58,2,0,1510,2815-1168
2600901,1173926,2024,28,3,3,1510,2600-1173
2706500,1168500,2021,29,10,3,1510,2706-1168
2718500,1180500,2024,29,5,2,1510,2718-1180
2686758.09778301,1119441.76620935,2023,29,10,3,1510,2686-1119
2634464,1177804,2022,28,2,3,1510,2634-1177
2726766,1210035,2022,28,1,1,1510,2726-1210
2726929,1210272,2022,28,1,1,1510,2726-1210
2770845,1210006,2023,28,9,6,1510,2770-1210
2722701,1107830,2024,41,1,1,1510,2722-1107
2696500,1110500,2022,34,1,1,1510,2696-1110
2634500,1179500,2021,34,5,5,1510,2634-1179
2722500,1182500,2024,34,1,2,1510,2722-1182
2576309,1155745,2021,34,1,3,1510,2576-1155
2576273,1155023,2021,34,14,2,1510,2576-1155
2718500,1180500,2021,53,6,0,1510,2718-1180
2680109,1167177,2023,40,5,4,1510,2680-1167
2685913,1131003,2023,40,4,13,1510,2685-1131
2646766,1137780,2025,53,1,0,1510,2646-1137
2714500,1160500,2023,40,6,13,1510,2714-1160
2580124.9877582,1169700.00858702,2024,53,16,0,1510,2580-1169
2600500,1174500,2021,53,1,0,1510,2600-1174
2564306,1144205,2023,46,5,1,1510,2564-1144
2743483,1157925,2023,59,1,0,1510,2743-1157
2644431,1135798,2022,46,1,1,1510,2644-1135
2550351.74133704,1110293.59993234,2021,46,1,2,1510,2550-1110
2575618.57800385,1130563.69356137,2023,59,5,0,1510,2575-1130
2575618.57800385,1130563.69356138,2021,59,1,0,1510,2575-1130
2580124.9877582,1169700.00858702,2023,59,2,0,1510,2580-1169
2580124.9877582,1169700.00858702,2025,52,4,0,1510,2580-1169
2695241,1168261,2025,66,2,0,1510,2695-1168
2550350,1110606,2022,52,1,0,1510,2550-1110
2598895,1175501,2022,52,2,13,1510,2598-1175
2550351.74133704,1110293.59993234,2022,52,4,0,1510,2550-1110
2550351.74133704,1110293.59993234,2021,52,4,0,1510,2550-1110
2550351.74133704,1110293.59993234,2021,52,4,0,1510,2550-1110
2733500,1225500,2023,52,8,0,1510,2733-1225
2550351.74133704,1110293.59993234,2021,52,4,0,1510,2550-1110
2733372,1225758,2023,16,12,0,1510,2733-1225
2709346,1218734,2024,58,9,0,1510,2709-1218
2680911,1167166,2022,58,1,0,1510,2680-1167
2580752,1169285,2022,58,5,0,1510,2580-1169
2784500,1178500,2025,58,1,0,1510,2784-1178
2575622,1130505,2023,58,2,0,1510,2575-1130
2575859,1130313,2023,58,2,0,1510,2575-1130
2628203,1175173,2023,58,1,0,1510,2628-1175
2600500,1174500,2022,58,4,0,1510,2600-1174
2550351.74133704,1110293.59993234,2021,58,1,0,1510,2550-1110
2550351.74133704,1110293.59993234,2021,58,1,0,1510,2550-1110
2730522,1186215,2024,65,1,0,1510,2730-1186
2788417,1161765,2022,17,8,0,1510,2788-1161
2793904,1166790,2023,22,10,3,1510,2793-1166
2746500,1171500,2023,71,5,0,1510,2746-1171
2594533,1176179,2022,71,3,0,1510,2594-1176
2704999,1173459,2023,4,1,0,1510,2704-1173
2641500,1186500,2022,22,1,1,1510,2641-1186
2580516,1171003,2022,22,4,6,1510,2580-1171
2595269,1176676,2022,22,2,3,1510,2595-1176
2763500,1209500,2025,28,2,3,1510,2763-1209
2697386,1169357,2021,28,6,6,1510,2697-1169
2695500,1168500,2021,28,11,3,1510,2695-1168
2797500,1192500,2024,28,11,6,1510,2797-1192
2793529,1166556,2022,28,1,2,1510,2793-1166
2564499,1142500,2023,28,1,3,1510,2564-1142
2641137,1187088,2025,29,2,3,1510,2641-1187
2641255,1187379,2025,29,1,3,1510,2641-1187
2703380,1145649,2023,29,2,4,1510,2703-1145
2803165,1173023,2021,35,,2,1510,2803-1173
2639241,1167480,2024,28,1,3,1510,2639-1167
2639443,1167108,2024,28,1,3,1510,2639-1167
2796500,1193500,2024,28,15,6,1510,2796-1193
2780586,1200396,2022,28,2,4,1510,2780-1200
2780932,1200296,2022,28,1,3,1510,2780-1200
2796644,1192372,2023,41,1,2,1510,2796-1192
2708748,1154473,2025,28,2,1,1510,2708-1154
2595856,1176451,2023,28,1,3,1510,2595-1176
2708724,1154706,2022,28,1,2,1510,2708-1154
2646058,1138605,2024,41,1,2,1510,2646-1138
2784256,1177934,2023,28,10,1,1510,2784-1177
2784056,1177535,2023,28,15,1,1510,2784-1177
2695325,1195608,2025,28,2,4,1510,2695-1195
2580124.9877582,1169700.00858702,2024,47,1,2,1510,2580-1169
2815903,1168685,2021,34,1,3,1510,2815-1168
2550351.74133704,1110293.59993234,2024,47,1,3,1510,2550-1110
2550417,1110755,2024,54,1,0,1510,2550-1110
2733271,1225651,2023,54,8,0,1510,2733-1225
2728349,1226310,2025,40,4,13,1510,2728-1226
2644420,1136243,2024,54,3,0,1510,2644-1136
2733704,1225789,2022,22,9,3,1510,2733-1225
2580792,1154262,2021,60,2,0,1510,2580-1154
2708500,1217500,2022,60,1,0,1510,2708-1217
2550240.75399141,1110898.5997149,2021,60,2,0,1510,2550-1110
2580124.9877582,1169700.00858702,2022,60,2,0,1510,2580-1169
2580124.9877582,1169700.00858702,2021,60,8,0,1510,2580-1169
2704046,1141284,2022,40,1,2,1510,2704-1141
2575618.57800385,1130563.69356138,2022,60,3,0,1510,2575-1130
2746258,1231264,2025,22,2,6,1510,2746-1231
2746682,1231478,2025,22,1,1,1510,2746-1231
2746896,1231659,2025,22,1,1,1510,2746-1231
2571229,1131160,2023,22,1,2,1510,2571-1131
2550240.75399141,1110898.5997149,2021,53,1,0,1510,2550-1110
2631500,1180500,2021,22,3,3,1510,2631-1180
2602433.35757164,1113632.71544032,2022,22,3,3,1510,2602-1113
2755737,1184824,2025,28,3,6,1510,2755-1184
2739298,1235924,2022,28,2,4,1510,2739-1235
2749518,1166520,2021,28,1,3,1510,2749-1166
2628468,1174665,2022,53,2,0,1510,2628-1174
2580499,1171113,2025,53,3,0,1510,2580-1171
2580653,1171192,2025,53,3,0,1510,2580-1171
2580653,1171192,2025,53,1,0,1510,2580-1171
2550500,1110500,2025,53,1,0,1510,2550-1110
2564500,1144500,2024,53,1,0,1510,2564-1144
2784264,1177879,2023,53,7,0,1510,2784-1177
2727524,1204765,2022,28,4,6,1510,2727-1204
2695500,1166500,2021,28,16,3,1510,2695-1166
2695500,1167500,2021,28,1,2,1510,2695-1167
2763500,1209500,2022,28,5,3,1510,2763-1209
2644849,1136772,2024,28,2,3,1510,2644-1136
2725995,1212118,2024,28,1,3,1510,2725-1212
2591942,1164888,2023,28,5,4,1510,2591-1164
2634346,1177746,2022,28,4,3,1510,2634-1177
2756500,1199500,2021,28,18,3,1510,2756-1199
2624187,1174290,2023,28,3,3,1510,2624-1174
2796500,1192500,2024,28,2,3,1510,2796-1192
2719500,1180500,2021,28,2,2,1510,2719-1180
2639031,1166596,2024,28,1,3,1510,2639-1166
2722597,1107695,2022,5,1,0,1510,2722-1107
2639772,1166983,2024,28,1,3,1510,2639-1166
2639853,1166791,2024,28,2,4,1510,2639-1166
2576542,1155707,2023,28,11,3,1510,2576-1155
2576318,1155321,2023,28,5,3,1510,2576-1155
2710568,1155302,2024,28,4,4,1510,2710-1155
2595069,1176762,2025,59,1,0,1510,2595-1176
2728100,1158765,2021,28,5,3,1510,2728-1158
2745500,1209500,2021,34,1,2,1510,2745-1209
2625540,1172931,2023,11,3,0,1510,2625-1172
2756500,1200500,2021,28,15,6,1510,2756-1200
2744105.06951195,1226157.83177432,2023,34,6,6,1510,2744-1226
2576315,1155737,2021,34,1,3,1510,2576-1155
2744138,1225356,2023,34,4,3,1510,2744-1225
2744120,1226363,2023,34,5,2,1510,2744-1226
2744112,1226264,2023,34,6,2,1510,2744-1226
2550351.74133704,1110293.59993234,2023,46,1,1,1510,2550-1110
2550367,1110416,2024,46,4,1,1510,2550-1110
2564220,1144402,2025,46,1,1,1510,2564-1144
2731205,1129136,2021,23,6,3,1510,2731-1129
2784362,1178563,2022,10,1,0,1510,2784-1178
2550302,1110945,2025,46,2,4,1510,2550-1110
2550351.74133704,1110293.59993234,2022,53,2,0,1510,2550-1110
2600500,1174500,2021,53,1,0,1510,2600-1174
2580124.9877582,1169700.00858702,2021,53,6,0,1510,2580-1169
2600500,1173500,2022,53,2,0,1510,2600-1173
2706544,1168153,2025,53,7,0,1510,2706-1168
2550410,1110367,2025,53,1,0,1510,2550-1110
2641272,1187470,2025,29,4,3,1510,2641-1187
2641381,1187129,2025,29,1,6,1510,2641-1187
2641069,1187382,2025,29,3,3,1510,2641-1187
2641387,1187144,2025,29,1,3,1510,2641-1187
2600500,1174500,2021,53,1,0,1510,2600-1174
2698500,1209500,2025,53,15,0,1510,2698-1209
2803523,1173323,2024,35,1,2,1510,2803-1173
2604222,1118577,2024,41,2,4,1510,2604-1118
2604340,1118546,2024,41,1,2,1510,2604-1118
2628836,1174630,2022,53,1,0,1510,2628-1174
2784788,1176586,2021,16,7,0,1510,2784-1176
2564578,1144968,2021,59,1,0,1510,2564-1144
2626822,1173989,2025,48,1,1,1510,2626-1173
2703500,1156500,2021,48,1,1,1510,2703-1156
2580124.9877582,1169700.00858702,2024,48,5,2,1510,2580-1169
2580124.9877582,1169700.00858702,2023,54,2,0,1510,2580-1169
2580124.9877582,1169700.00858702,2021,54,3,0,1510,2580-1169
2628307,1175036,2021,60,8,0,1510,2628-1175
2708864,1154634,2022,22,1,3,1510,2708-1154
2626741,1173153,2024,60,1,0,1510,2626-1173
2580526,1171564,2025,22,1,3,1510,2580-1171
2723599,1108141,2021,60,2,0,1510,2723-1108
2580124.9877582,1169700.00858702,2021,60,5,0,1510,2580-1169
2733500,1225500,2022,22,10,3,1510,2733-1225
2657222,1202303,2022,28,1,3,1510,2657-1202
2576298,1155258,2023,28,14,3,1510,2576-1155
2717500,1168500,2022,28,4,2,1510,2717-1168
2616883,1132401,2024,28,2,3,1510,2616-1132
2616951,1132850,2024,28,2,6,1510,2616-1132
2654945,1143793,2023,28,1,3,1510,2654-1143
2654936,1143708,2023,28,2,2,1510,2654-1143
2616929,1132832,2024,28,3,6,1510,2616-1132
2791225,1191954,2024,5,6,0,1510,2791-1191
2653322,1173664,2024,28,10,6,1510,2653-1173
2580610,1171163,2025,28,2,3,1510,2580-1171
2697605,1169318,2025,28,5,3,1510,2697-1169
2740874,1164894,2023,28,1,3,1510,2740-1164
2740782,1164775,2023,28,1,3,1510,2740-1164
2733500,1225500,2022,28,8,1,1510,2733-1225
2731392,1179016,2022,28,1,3,1510,2731-1179
2722452,1107737,2021,12,6,0,1510,2722-1107
2576500,1138500,2022,16,1,0,1510,2576-1138
2740124,1164827,2024,34,1,2,1510,2740-1164
2740207,1164924,2024,34,2,2,1510,2740-1164
2594563.4426974,1126845.78043059,2022,22,4,3,1510,2594-1126
2749132,1238807,2025,22,2,3,1510,2749-1238
2749199,1238983,2025,22,1,1,1510,2749-1238
2728150,1158716,2025,22,8,3,1510,2728-1158
2733799,1225784,2025,22,6,3,1510,2733-1225
2744590,1225648,2025,22,1,3,1510,2744-1225
2744072,1226190,2025,22,5,3,1510,2744-1226
2600500,1173500,2023,22,5,3,1510,2600-1173
2739500,1226500,2021,22,5,5,1510,2739-1226
2710500,1181500,2023,22,2,2,1510,2710-1181
2700851,1182600,2024,29,4,2,1510,2700-1182
2571352,1131918,2021,22,1,3,1510,2571-1131
2686506,1137301,2022,22,1,3,1510,2686-1137
2634526,1179669,2024,59,1,0,1510,2634-1179
2632734,1180370,2024,59,1,0,1510,2632-1180
2600500,1174500,2022,59,3,0,1510,2600-1174
2550500,1110500,2024,59,2,0,1510,2550-1110
2580792,1154262,2022,29,2,3,1510,2580-1154
2641020,1186781,2024,28,1,2,1510,2641-1186
2749524,1166944,2024,28,1,3,1510,2749-1166
2601429,1173213,2024,29,1,3,1510,2601-1173
2749049,1238715,2024,28,4,3,1510,2749-1238
2722495,1182625,2024,59,7,0,1510,2722-1182
2658789,1202233,2024,28,1,2,1510,2658-1202
2692785,1132318,2025,28,1,2,1510,2692-1132
2647667,1139137,2024,28,1,3,1510,2647-1139
2733738,1225784,2024,28,2,3,1510,2733-1225
2733866,1225131,2024,28,2,4,1510,2733-1225
2576249,1155484,2023,28,2,3,1510,2576-1155
2576564,1155699,2024,28,5,3,1510,2576-1155
2576012,1155091,2023,28,2,3,1510,2576-1155
2576555,1155746,2023,28,16,6,1510,2576-1155
2576461,1155348,2024,28,11,3,1510,2576-1155
2576644,1155543,2024,28,12,3,1510,2576-1155
2575526,1130495,2023,28,2,4,1510,2575-1130
2684947,1150532,2025,36,6,13,1510,2684-1150
2640509,1185466,2024,28,2,3,1510,2640-1185
2640708,1185509,2025,28,1,3,1510,2640-1185
2669500,1180500,2021,34,7,3,1510,2669-1180
2550344,1110419,2022,42,1,2,1510,2550-1110
2550351.74133704,1110293.59993234,2022,48,1,1,1510,2550-1110
2669500,1180500,2021,34,5,3,1510,2669-1180
2641448,1187971,2021,34,1,3,1510,2641-1187
2748653,1161333,2021,34,1,3,1510,2748-1161
2640662,1185466,2021,34,1,3,1510,2640-1185
2626467,1163548,2024,48,1,2,1510,2626-1163
2580124.9877582,1169700.00858702,2025,40,3,2,1510,2580-1169
2689083,1124012,2021,40,2,13,1510,2689-1124
2580124.9877582,1169700.00858702,2021,54,3,0,1510,2580-1169
2745034,1209769,2023,47,1,1,1510,2745-1209
2722493,1107743,2024,60,2,0,1510,2722-1107
2784230,1176767,2021,11,8,0,1510,2784-1176
2775055,1185738,2024,53,6,0,1510,2775-1185
2600581,1174599,2022,53,1,0,1510,2600-1174
2784422,1176440,2021,11,7,0,1510,2784-1176
2716500,1179500,2022,53,6,0,1510,2716-1179
2709326,1168179,2022,53,1,0,1510,2709-1168
2784248,1176864,2021,16,8,0,1510,2784-1176
2550351.74133704,1110293.59993234,2023,53,,0,1510,2550-1110
2628909,1176336,2021,59,1,0,1510,2628-1176
2784208,1176835,2023,16,13,0,1510,2784-1176
2784246,1177972,2023,16,7,0,1510,2784-1177
2784503,1177530,2021,16,8,0,1510,2784-1177
2600709,1174058,2025,59,3,0,1510,2600-1174
2575535,1130784,2022,59,1,0,1510,2575-1130
2575189,1130517,2022,59,14,0,1510,2575-1130
2580124.9877582,1169700.00858702,2025,59,3,0,1510,2580-1169
2580494,1171523,2025,22,3,3,1510,2580-1171
2764500,1210500,2025,22,5,3,1510,2764-1210
2746500,1171500,2022,22,6,6,1510,2746-1171
2676701.72269881,1198161.42259876,2021,12,7,0,1510,2676-1198
2696321,1110795,2021,71,1,0,1510,2696-1110
2746172,1171126,2022,22,6,6,1510,2746-1171
2752187,1218858,2022,22,5,6,1510,2752-1218
2744500,1227500,2025,22,6,6,1510,2744-1227
2580462,1169542,2022,22,1,3,1510,2580-1169
2580623,1171164,2022,22,3,3,1510,2580-1171
2689938,1151740,2021,4,8,0,1510,2689-1151
2709572,1218798,2023,11,1,0,1510,2709-1218
2580618,1171199,2024,28,2,3,1510,2580-1171
2580593,1171146,2024,28,1,3,1510,2580-1171
2742382,1174450,2021,24,3,2,1510,2742-1174
2763466,1209701,2022,28,3,4,1510,2763-1209
2616858,1132887,2024,28,2,1,1510,2616-1132
2616986,1132373,2024,28,1,3,1510,2616-1132
2589500,1109500,2023,28,3,3,1510,2589-1109
2640466,1185375,2022,16,5,0,1510,2640-1185
2634137,1177858,2025,16,1,0,1510,2634-1177
2706365,1168391,2024,16,8,0,1510,2706-1168
2695370,1167138,2023,35,2,2,1510,2695-1167
2669500,1180500,2021,35,4,3,1510,2669-1180
2749185,1238901,2025,16,4,0,1510,2749-1238
2775187,1185672,2025,35,1,1,1510,2775-1185
2722500,1182500,2022,35,1,1,1510,2722-1182
2640903,1186026,2022,30,1,3,1510,2640-1186
2733338,1186327,2023,30,6,3,1510,2733-1186
2650893,1133882,2024,30,2,3,1510,2650-1133
2598261,1175798,2025,16,1,0,1510,2598-1175
2796500,1192500,2023,30,3,6,1510,2796-1192
2639189,1167168,2023,41,2,13,1510,2639-1167
2663924,1181592,2022,30,6,6,1510,2663-1181
2663512,1181435,2022,30,3,6,1510,2663-1181
2663386,1181399,2022,30,3,6,1510,2663-1181
2746461,1231328,2025,22,2,4,1510,2746-1231
2746162,1231079,2025,22,2,3,1510,2746-1231
2746600,1231487,2025,22,1,3,1510,2746-1231
2578638,1130046,2023,30,1,3,1510,2578-1130
2570151,1137445,2024,30,1,3,1510,2570-1137
2600500,1174500,2022,30,2,3,1510,2600-1174
2694789,1153794,2024,47,5,2,1510,2694-1153
2580709,1169439,2022,22,1,3,1510,2580-1169
2580888,1169165,2022,22,2,3,1510,2580-1169
2739500,1226500,2021,22,2,6,1510,2739-1226
2784267,1177984,2024,53,5,0,1510,2784-1177
2598202,1175423,2021,22,3,2,1510,2598-1175
2595486,1176865,2023,53,1,0,1510,2595-1176
2640603,1100069,2024,42,2,4,1510,2640-1100
2580920,1169120,2024,28,1,3,1510,2580-1169
2599500,1171500,2022,42,4,13,1510,2599-1171
2600677,1174138,2023,28,2,6,1510,2600-1174
2722548,1107684,2024,48,1,2,1510,2722-1107
2763757,1209501,2025,59,1,0,1510,2763-1209
2567586,1137553,2023,28,2,2,1510,2567-1137
2733500,1223500,2023,54,1,0,1510,2733-1223
2616769,1132871,2024,28,2,2,1510,2616-1132
2567974,1137024,2023,28,1,3,1510,2567-1137
2733200,1225687,2022,54,9,0,1510,2733-1225
2744469,1225679,2021,35,2,3,1510,2744-1225
2744109,1226292,2021,35,7,3,1510,2744-1226
2669500,1180500,2021,35,4,3,1510,2669-1180
2580124.9877582,1169700.00858702,2024,60,10,0,1510,2580-1169
2722516,1107919,2022,66,1,0,1510,2722-1107
2709956,1171965,2021,41,3,13,1510,2709-1171
2601328.04634382,1173446.72591647,2021,41,1,3,1510,2601-1173
2580124.9877582,1169700.00858702,2021,47,1,2,1510,2580-1169
2746309,1231304,2021,41,1,2,1510,2746-1231
2598285,1109566,2024,5,5,0,1510,2598-1109
2600500,1174500,2025,53,6,0,1510,2600-1174
2784271,1176772,2021,11,6,0,1510,2784-1176
2550351.74133704,1110293.59993234,2021,53,1,0,1510,2550-1110
2550351.74133704,1110293.59993234,2022,53,2,0,1510,2550-1110
2550351.74133704,1110293.59993234,2021,53,1,0,1510,2550-1110
2550351.74133704,1110293.59993234,2023,53,2,0,1510,2550-1110
2550500,1110500,2024,53,1,0,1510,2550-1110
2784294,1176788,2024,16,6,3,1510,2784-1176
2784503,1177530,2021,16,10,0,1510,2784-1177
2550500,1110500,2024,53,1,0,1510,2550-1110
2716500,1179500,2023,53,4,0,1510,2716-1179
2644481.87009212,1136363.36048987,2025,53,1,0,1510,2644-1136
2550500,1110500,2025,53,2,0,1510,2550-1110
2634666,1179746,2024,59,1,0,1510,2634-1179
2600581,1174598,2025,53,2,0,1510,2600-1174
2624232,1174653,2022,53,1,0,1510,2624-1174
2817640,1177749,2024,53,1,0,1510,2817-1177
2625434,1172913,2024,12,,3,1510,2625-1172
2714770,1140119,2022,12,1,0,1510,2714-1140
2600500,1174500,2024,53,1,0,1510,2600-1174
2632038,1180195,2021,59,1,0,1510,2632-1180
2626266,1173659,2023,59,14,0,1510,2626-1173
2631921,1180643,2022,59,3,0,1510,2631-1180
2644620,1136240,2023,59,2,0,1510,2644-1136
2564408,1144404,2024,59,1,0,1510,2564-1144
2634996,1177520,2024,59,2,0,1510,2634-1177
2762877,1210843,2022,59,1,0,1510,2762-1210
2641025,1187027,2022,24,1,2,1510,2641-1187
2738800,1210668,2022,24,7,4,1510,2738-1210
2763356,1209229,2025,23,1,2,1510,2763-1209
2591721,1164665,2021,65,1,0,1510,2591-1164
2780671,1200845,2021,23,4,3,1510,2780-1200
2580597,1171180,2022,23,3,3,1510,2580-1171
2700737,1182539,2025,24,10,6,1510,2700-1182
2580625,1171670,2025,23,5,3,1510,2580-1171
2744500,1227500,2025,23,2,3,1510,2744-1227
2600545,1174643,2025,5,2,0,1510,2600-1174
2656799,1137929,2022,29,7,6,1510,2656-1137
2616824,1132884,2024,29,2,2,1510,2616-1132
2698161,1209025,2023,29,7,1,1510,2698-1209
2632711,1180184,2023,29,2,3,1510,2632-1180
2743262,1212674,2025,29,3,4,1510,2743-1212
2764925,1210322,2022,29,2,2,1510,2764-1210
2598558,1175905,2024,5,1,0,1510,2598-1175
2708652,1154931,2022,29,1,3,1510,2708-1154
2722174,1107458,2023,11,4,0,1510,2722-1107
2634887,1177631,2021,11,2,0,1510,2634-1177
2625595.04577246,1173329.4938655,2022,29,3,6,1510,2625-1173
2686758.09778301,1119441.76620935,2021,30,1,4,1510,2686-1119
2770275,1147837,2025,30,3,6,1510,2770-1147
2550720,1132379,2022,30,2,3,1510,2550-1132
2571500,1137500,2021,11,4,0,1510,2571-1137
2571968,1137048,2021,11,1,0,1510,2571-1137
2571726,1137053,2021,11,2,0,1510,2571-1137
2815981,1168688,2025,35,1,2,1510,2815-1168
2614675,1118662,2021,36,1,2,1510,2614-1118
2719843,1212831,2025,16,1,0,1510,2719-1212
2580124.9877582,1169700.00858702,2024,42,3,13,1510,2580-1169
2618500,1124500,2023,42,5,13,1510,2618-1124
2647756,1128688,2025,16,5,0,1510,2647-1128
2564500,1144500,2024,48,1,1,1510,2564-1144
2550351.74133704,1110293.59993234,2022,48,2,1,1510,2550-1110
2580124.9877582,1169700.00858702,2021,48,1,1,1510,2580-1169
2580124.9877582,1169700.00858702,2022,48,6,1,1510,2580-1169
2580944,1169123,2022,23,3,3,1510,2580-1169
2578237,1130122,2021,48,2,4,1510,2578-1130
2704182,1141365,2022,47,1,2,1510,2704-1141
2732306,1225606,2021,23,4,3,1510,2732-1225
2580124.9877582,1169700.00858702,2021,47,2,2,1510,2580-1169
2733777,1225755,2022,23,9,3,1510,2733-1225
2733671,1225801,2022,23,9,3,1510,2733-1225
2733463,1223949,2021,23,4,1,1510,2733-1223
2733365,1223229,2021,23,2,1,1510,2733-1223
2733073,1225543,2022,23,2,2,1510,2733-1225
2733500,1225500,2021,23,13,3,1510,2733-1225
2689166,1151486,2022,54,1,0,1510,2689-1151
2717500,1168500,2024,47,1,2,1510,2717-1168
2644438,1136290,2024,54,4,0,1510,2644-1136
2595998,1176664,2022,53,1,0,1510,2595-1176
2580623,1171171,2022,53,5,0,1510,2580-1171
2654862,1143033,2023,53,1,0,1510,2654-1143
2576513,1155574,2023,23,15,3,1510,2576-1155
2576495,1155299,2023,23,13,3,1510,2576-1155
2646259,1137202,2023,73,1,0,1510,2646-1137
2645548,1136945,2022,73,3,0,1510,2645-1136
2646378,1137351,2022,73,3,0,1510,2646-1137
2763500,1209500,2021,29,6,3,1510,2763-1209
2594667,1176308,2021,65,1,0,1510,2594-1176
2725930,1212724,2021,29,8,6,1510,2725-1212
2634686,1177671,2023,29,4,3,1510,2634-1177
2705400,1168875,2021,29,2,3,1510,2705-1168
2571788,1137772,2023,29,1,3,1510,2571-1137
2571706,1137795,2023,29,1,3,1510,2571-1137
2706212,1168730,2021,29,3,4,1510,2706-1168
2718500,1180500,2021,29,3,2,1510,2718-1180
2634500,1179500,2023,29,12,6,1510,2634-1179
2575562,1131324,2024,29,1,2,1510,2575-1131
2775218,1185858,2024,35,1,2,1510,2775-1185
2742890,1174504,2025,12,1,0,1510,2742-1174
2569500,1138500,2021,35,3,1,1510,2569-1138
2570449,1137930,2021,35,3,4,1510,2570-1137
2569609,1138086,2021,35,3,2,1510,2569-1138
2589475,1109946,2021,41,1,1,1510,2589-1109
2550351.74133704,1110293.59993234,2021,47,1,3,1510,2550-1110
2580124.9877582,1169700.00858702,2022,47,5,13,1510,2580-1169
2651528,1184691,2022,47,1,1,1510,2651-1184
2554500,1117500,2022,11,2,0,1510,2554-1117
2550351.74133704,1110293.59993234,2022,53,5,0,1510,2550-1110
2550351.74133704,1110293.59993234,2023,53,,0,1510,2550-1110
2550351.74133704,1110293.59993234,2023,53,,0,1510,2550-1110
2600500,1174500,2024,53,1,0,1510,2600-1174
2580798,1169178,2022,53,2,0,1510,2580-1169
2725406,1167652,2025,18,5,0,1510,2725-1167
2550500,1110500,2025,53,1,0,1510,2550-1110
2564415,1144403,2024,53,1,0,1510,2564-1144
2739454,1235819,2021,53,4,0,1510,2739-1235
2550351.74133704,1110293.59993234,2023,59,1,0,1510,2550-1110
2716500,1179500,2022,24,1,2,1510,2716-1179
2717500,1168500,2022,24,2,2,1510,2717-1168
2726033,1230328,2022,24,1,6,1510,2726-1230
2748317,1191928,2022,24,1,3,1510,2748-1191
2748692,1191809,2022,24,6,3,1510,2748-1191
2748782,1191809,2022,24,1,2,1510,2748-1191
2722500,1185500,2025,53,1,0,1510,2722-1185
2695500,1166500,2025,24,17,3,1510,2695-1166
2696500,1166500,2025,24,18,3,1510,2696-1166
2735500,1156500,2024,59,2,0,1510,2735-1156
2725694,1167873,2025,24,6,3,1510,2725-1167
2709604,1218775,2021,65,3,0,1510,2709-1218
2709273,1218740,2021,65,1,0,1510,2709-1218
2733500,1225500,2021,65,1,0,1510,2733-1225
2784281,1177937,2023,30,9,3,1510,2784-1177
2714673,1140550,2023,30,1,3,1510,2714-1140
2603550,1105441,2023,30,1,3,1510,2603-1105
2603607,1105329,2023,30,1,3,1510,2603-1105
2640924,1186989,2022,30,2,1,1510,2640-1186
2695500,1166500,2024,30,1,2,1510,2695-1166
2580762,1171789,2025,23,1,3,1510,2580-1171
2580483,1171423,2021,23,1,3,1510,2580-1171
2640719,1193931,2024,30,6,6,1510,2640-1193
2640110,1193154,2024,30,2,3,1510,2640-1193
2644489,1136366,2022,30,1,1,1510,2644-1136
2710132,1181760,2024,30,1,2,1510,2710-1181
2580357,1169544,2021,30,3,3,1510,2580-1169
2791265,1144739,2021,23,1,3,1510,2791-1144
2731145,1179038,2025,23,1,3,1510,2731-1179
2729993,1178408,2025,23,2,2,1510,2729-1178
2729951,1178320,2025,23,,1,1510,2729-1178
2731448,1179222,2025,23,1,3,1510,2731-1179
2728136,1158950,2022,5,3,0,1510,2728-1158
2784292,1177880,2025,23,4,4,1510,2784-1177
2564079,1142082,2023,29,1,3,1510,2564-1142
2756363,1200023,2023,29,4,5,1510,2756-1200
2763500,1209500,2022,29,4,3,1510,2763-1209
2695279,1166434,2022,29,7,6,1510,2695-1166
2746133,1171162,2023,29,7,3,1510,2746-1171
2763606,1209618,2022,29,1,3,1510,2763-1209
2764624,1210430,2022,29,5,3,1510,2764-1210
2646175,1138171,2023,55,1,0,1510,2646-1138
2756776,1144172,2024,29,10,6,1510,2756-1144
2580124.9877582,1169700.00858702,2025,55,6,0,1510,2580-1169
2634123,1177871,2025,17,1,0,1510,2634-1177
2694199,1153975,2022,29,2,4,1510,2694-1153
2580124.9877582,1169700.00858702,2023,61,1,0,1510,2580-1169
2644510,1136178,2022,61,2,0,1510,2644-1136
2720500,1107500,2024,61,1,0,1510,2720-1107
2733108,1225509,2023,17,5,0,1510,2733-1225
2733108,1225509,2023,17,1,0,1510,2733-1225
2581647,1083117,2025,17,2,0,1510,2581-1083
2815806,1168790,2021,35,1,3,1510,2815-1168
2686758.09778301,1119441.76620935,2023,61,2,0,1510,2686-1119
2752326,1207646,2025,23,2,2,1510,2752-1207
2646337,1137326,2022,73,1,0,1510,2646-1137
2646221,1137077,2022,73,2,0,1510,2646-1137
2733163,1225553,2022,23,1,3,1510,2733-1225
2733747,1225750,2022,23,9,3,1510,2733-1225
2733481,1225642,2022,23,9,3,1510,2733-1225
2733799,1225764,2022,23,9,3,1510,2733-1225
2733716,1225764,2022,23,9,3,1510,2733-1225
2686375,1137326,2024,47,1,11,1510,2686-1137
2681237,1134696,2025,47,1,11,1510,2681-1134
2641500,1187500,2022,23,2,3,1510,2641-1187
2744105.06951195,1226157.83177432,2025,23,12,6,1510,2744-1226
2774347,1193146,2021,23,7,3,1510,2774-1193
2575476,1131260,2023,23,8,3,1510,2575-1131
2706461,1168563,2023,23,4,3,1510,2706-1168
2706185,1168743,2023,23,4,3,1510,2706-1168
2705447,1168773,2023,23,5,3,1510,2705-1168
2744816,1199730,2022,53,7,0,1510,2744-1199
2640376,1185300,2024,18,5,0,1510,2640-1185
2598645,1175806,2023,23,1,3,1510,2598-1175
2615500,1159500,2023,29,7,6,1510,2615-1159
2668952,1198640,2022,29,1,2,1510,2668-1198
2668951,1198847,2022,29,1,2,1510,2668-1198
2749326,1166759,2023,29,1,3,1510,2749-1166
2739333,1235373,2023,29,1,3,1510,2739-1235
2654722,1143614,2023,59,1,0,1510,2654-1143
2647874.01094658,1139594.25085227,2021,29,1,6,1510,2647-1139
2600500,1174500,2023,59,1,0,1510,2600-1174
2733500,1225500,2023,59,3,0,1510,2733-1225
2722500,1182500,2021,59,2,0,1510,2722-1182
2600500,1174500,2023,59,1,0,1510,2600-1174
2576500,1138500,2022,29,,3,1510,2576-1138
2584411,1169286,2024,29,1,7,1510,2584-1169
2737367,1190913,2024,24,3,3,1510,2737-1190
2555760,1111221,2025,35,1,13,1510,2555-1111
2725328,1212291,2024,35,1,3,1510,2725-1212
2707953,1164919,2023,41,1,13,1510,2707-1164
2725984,1212022,2023,30,1,3,1510,2725-1212
2725045,1167548,2025,30,6,3,1510,2725-1167
2641474,1186699,2021,30,1,3,1510,2641-1186
2550351.74133704,1110293.59993234,2022,47,3,1,1510,2550-1110
2739400,1235984,2021,47,1,1,1510,2739-1235
2550351.74133704,1110293.59993234,2022,53,4,0,1510,2550-1110
2550351.74133704,1110293.59993234,2021,53,1,0,1510,2550-1110
2550775,1132371,2021,30,7,4,1510,2550-1132
2550529,1132375,2021,30,2,3,1510,2550-1132
2550901,1132358,2021,30,7,5,1510,2550-1132
2768879,1156714,2021,30,3,6,1510,2768-1156
2768940,1156325,2021,30,1,2,1510,2768-1156
2727500,1210500,2023,30,8,6,1510,2727-1210
2614580,1118704,2023,30,4,4,1510,2614-1118
2580659,1169468,2024,53,9,0,1510,2580-1169
2626542,1163483,2025,36,2,4,1510,2626-1163
2722497,1107886,2023,36,1,2,1510,2722-1107
2580124.9877582,1169700.00858702,2021,59,4,0,1510,2580-1169
2775178,1185817,2025,53,2,0,1510,2775-1185
2705311,1168715,2024,59,5,0,1510,2705-1168
2575559,1131221,2022,59,14,0,1510,2575-1131
2764500,1210500,2025,42,1,2,1510,2764-1210
2600500,1174500,2022,53,6,0,1510,2600-1174
2817312,1177399,2025,53,1,0,1510,2817-1177
2733500,1225499,2023,59,2,0,1510,2733-1225
2600500,1174500,2023,59,1,0,1510,2600-1174
2580124.9877582,1169700.00858702,2025,55,1,0,1510,2580-1169
2580124.9877582,1169700.00858702,2024,55,6,0,1510,2580-1169
2722733,1182560,2025,23,4,3,1510,2722-1182
2784275,1176819,2021,23,13,2,1510,2784-1176
2580124.9877582,1169700.00858702,2022,61,1,0,1510,2580-1169
2708731,1217658,2022,61,2,0,1510,2708-1217
2594974,1176564,2021,23,1,3,1510,2594-1176
2731058,1179151,2025,23,5,4,1510,2731-1179
2756608,1200511,2025,23,6,3,1510,2756-1200
2742836,1174413,2025,23,4,6,1510,2742-1174
2743026,1174628,2025,23,1,6,1510,2743-1174
2746148,1171268,2025,23,7,3,1510,2746-1171
2646257,1137278,2024,73,6,0,1510,2646-1137
2646208,1137523,2023,73,3,0,1510,2646-1137
2775500,1185500,2021,5,1,0,1510,2775-1185
2602500,1173500,2021,29,1,3,1510,2602-1173
2646743,1173913,2023,29,1,3,1510,2646-1173
2646172,1173400,2023,29,1,3,1510,2646-1173
2694500,1195500,2021,73,3,0,1510,2694-1195
2716500,1179500,2021,29,4,2,1510,2716-1179
2709438,1218747,2023,17,1,0,1510,2709-1218
2815732,1168796,2022,29,1,3,1510,2815-1168
2695175,1166634,2021,29,8,3,1510,2695-1166
2755860,1199029,2025,35,1,11,1510,2755-1199
2686898,1137283,2025,41,2,13,1510,2686-1137
2654963,1143901,2021,41,1,2,1510,2654-1143
2742856,1173292,2025,41,1,1,1510,2742-1173
2621030,1156569,2025,18,5,0,1510,2621-1156
2628165,1174924,2024,18,5,0,1510,2628-1174
2580594,1171162,2021,23,6,3,1510,2580-1171
2722207,1107298,2022,24,1,3,1510,2722-1107
2791500,1163500,2023,23,1,3,1510,2791-1163
2571421,1131710,2025,23,1,3,1510,2571-1131
2739500,1236500,2022,23,1,2,1510,2739-1236
2761500,1157500,2021,23,1,3,1510,2761-1157
2600500,1174500,2022,54,3,0,1510,2600-1174
2746500,1171500,2024,24,6,3,1510,2746-1171
2598500,1175500,2023,54,1,0,1510,2598-1175
2598297,1175738,2023,23,1,2,1510,2598-1175
2742081,1213214,2025,24,5,6,1510,2742-1213
2742771,1213810,2025,24,1,3,1510,2742-1213
2580456,1154708,2023,29,1,3,1510,2580-1154
2628403,1175244,2025,30,1,2,1510,2628-1175
2684018,1150373,2025,30,1,2,1510,2684-1150
2600500,1174500,2022,60,1,0,1510,2600-1174
2576563,1155660,2021,29,6,3,1510,2576-1155
2641149,1187037,2025,30,1,3,1510,2641-1187
2550601,1132062,2023,30,1,3,1510,2550-1132
2726114,1230530,2021,30,1,3,1510,2726-1230
2804401,1172106,2021,30,1,7,1510,2804-1172
2804395,1172112,2021,30,1,7,1510,2804-1172
2602433.35757164,1113632.71544032,2021,29,9,4,1510,2602-1113
2600500,1174500,2022,60,1,0,1510,2600-1174
2600500,1174500,2022,60,1,0,1510,2600-1174
2803791,1173324,2021,30,1,7,1510,2803-1173
2722082,1107576,2023,29,1,2,1510,2722-1107
2601500,1173500,2021,29,1,3,1510,2601-1173
2730529,1161814,2024,35,5,2,1510,2730-1161
2676701.72269881,1198161.42259876,2021,30,1,3,1510,2676-1198
2676701.72269881,1198161.42259876,2021,30,1,3,1510,2676-1198
2716500,1179500,2023,29,3,2,1510,2716-1179
2601030,1173253,2023,29,1,3,1510,2601-1173
2733791,1225775,2023,29,7,3,1510,2733-1225
2676569,1198517,2021,35,1,1,1510,2676-1198
2676407,1198417,2021,35,3,1,1510,2676-1198
2697475,1169432,2023,66,2,0,1510,2697-1169
2762928,1210941,2023,29,1,3,1510,2762-1210
2789500,1197500,2024,41,3,2,1510,2789-1197
2749500,1238500,2024,43,2,2,1510,2749-1238
2687176,1137103,2025,41,2,13,1510,2687-1137
2635532,1181460,2022,47,1,3,1510,2635-1181
2709219,1169182,2021,41,2,13,1510,2709-1169
2580124.9877582,1169700.00858702,2025,49,5,1,1510,2580-1169
2580124.9877582,1169700.00858702,2025,47,1,3,1510,2580-1169
2550351.74133704,1110293.59993234,2021,47,2,3,1510,2550-1110
2550351.74133704,1110293.59993234,2023,47,1,1,1510,2550-1110
2550351.74133704,1110293.59993234,2021,47,2,2,1510,2550-1110
2580124.9877582,1169700.00858702,2022,55,1,0,1510,2580-1169
2694624,1213061,2024,47,2,1,1510,2694-1213
2797500,1193500,2021,54,1,0,1510,2797-1193
2550500,1110500,2025,47,1,2,1510,2550-1110
2726708,1210206,2023,47,1,2,1510,2726-1210
2615791,1105798,2023,47,3,1,1510,2615-1105
2673500,1188500,2023,47,,1,1510,2673-1188
2564500,1144500,2024,47,1,1,1510,2564-1144
2628500,1175500,2023,60,16,0,1510,2628-1175
2550332,1110364,2024,54,2,0,1510,2550-1110
2727201,1210258,2021,54,2,0,1510,2727-1210
2575641,1130407,2021,60,1,0,1510,2575-1130
2714750,1140214,2024,67,1,0,1510,2714-1140
2575631,1130520,2021,60,2,0,1510,2575-1130
2600500,1174500,2021,54,1,0,1510,2600-1174
2600500,1174500,2022,60,1,0,1510,2600-1174
2709516,1169319,2024,54,2,0,1510,2709-1169
2709413,1218536,2022,60,1,0,1510,2709-1218
2733500,1225500,2022,17,10,0,1510,2733-1225
2550500,1110500,2024,60,7,0,1510,2550-1110
2733787,1225834,2021,60,14,0,1510,2733-1225
2640749,1186690,2024,73,3,0,1510,2640-1186
2550358,1110420,2024,60,1,0,1510,2550-1110
2640330,1185270,2021,60,5,0,1510,2640-1185
2640202,1185223,2021,60,1,0,1510,2640-1185
2627500,1174500,2023,60,3,0,1510,2627-1174
2575592,1131332,2021,60,6,0,1510,2575-1131
2600500,1173500,2023,60,1,0,1510,2600-1173
2628594,1176290,2021,5,1,0,1510,2628-1176
2595507,1176693,2022,23,1,2,1510,2595-1176
2641225,1187008,2021,18,1,0,1510,2641-1187
2641157,1187161,2021,31,8,3,1510,2641-1187
2641022,1187207,2025,31,2,3,1510,2641-1187
2709472,1218738,2023,31,1,3,1510,2709-1218
2726196,1230646,2022,31,1,3,1510,2726-1230
2709364,1218629,2023,31,1,3,1510,2709-1218
2628702,1176373,2021,5,2,0,1510,2628-1176
2626389,1172959,2023,11,3,0,1510,2626-1172
2748373,1219068,2025,29,8,6,1510,2748-1219
2746045,1171327,2025,29,5,3,1510,2746-1171
2717500,1168500,2025,29,1,2,1510,2717-1168
2580124.9877582,1169700.00858702,2025,49,1,1,1510,2580-1169
2625585,1173191,2023,11,1,0,1510,2625-1173
2646176,1173289,2024,29,3,3,1510,2646-1173
2646354,1173627,2024,29,5,6,1510,2646-1173
2722591,1107754,2021,11,6,0,1510,2722-1107
2580124.9877582,1169700.00858702,2021,61,2,0,1510,2580-1169
2635429,1181051,2025,29,2,3,1510,2635-1181
2654309,1143764,2023,29,1,3,1510,2654-1143
2653256,1173995,2025,29,2,3,1510,2653-1173
2653701,1173737,2025,29,8,3,1510,2653-1173
2644448,1136102,2022,61,3,0,1510,2644-1136
2711196,1104909,2024,35,1,1,1510,2711-1104
2705324,1168351,2025,17,4,0,1510,2705-1168
2705415,1168789,2025,17,14,0,1510,2705-1168
2705696,1168456,2025,17,1,0,1510,2705-1168
2627380.05556946,1174629.48395264,2023,35,1,1,1510,2627-1174
2640229,1185243,2022,17,4,0,1510,2640-1185
2646195,1137167,2024,73,2,0,1510,2646-1137
2646607,1137432,2022,73,1,0,1510,2646-1137
2646561,1137295,2021,73,2,0,1510,2646-1137
2565518,1154068,2021,23,3,6,1510,2565-1154
2694230,1187554,2022,41,3,13,1510,2694-1187
2727109,1228101,2025,48,1,2,1510,2727-1228
2576843,1159076,2021,23,4,4,1510,2576-1159
2580724,1171314,2025,48,2,2,1510,2580-1171
2564500,1142500,2023,48,,1,1510,2564-1142
2733500,1226500,2021,23,13,4,1510,2733-1226
2564415,1144393,2023,48,1,2,1510,2564-1144
2784255,1177944,2022,54,10,0,1510,2784-1177
2733409,1223928,2021,23,7,6,1510,2733-1223
2669500,1180500,2025,29,4,3,1510,2669-1180
2793786,1166770,2024,54,1,0,1510,2793-1166
2598385,1175802,2023,54,1,0,1510,2598-1175
2634707,1177588,2022,23,8,6,1510,2634-1177
2725949,1212345,2022,23,1,3,1510,2725-1212
2580351,1169609,2021,54,1,0,1510,2580-1169
2764226,1210184,2025,54,13,0,1510,2764-1210
2728763,1158803,2023,29,9,2,1510,2728-1158
2641173,1186446,2022,23,1,3,1510,2641-1186
2628467,1175316,2024,60,4,0,1510,2628-1175
2722489,1182630,2024,60,6,0,1510,2722-1182
2580712,1171788,2024,60,1,0,1510,2580-1171
2695113,1166576,2022,66,5,0,1510,2695-1166
2731575,1168719,2022,66,5,0,1510,2731-1168
2600500,1174500,2022,29,1,2,1510,2600-1174
2695500,1168500,2022,29,3,3,1510,2695-1168
2550351.74133704,1110293.59993234,2021,41,1,1,1510,2550-1110
2719137,1212147,2024,48,2,2,1510,2719-1212
2550500,1110500,2025,54,5,0,1510,2550-1110
2749191,1238889,2024,48,4,2,1510,2749-1238
2550351.74133704,1110293.59993234,2021,60,1,0,1510,2550-1110
2550351.74133704,1110293.59993234,2021,60,1,0,1510,2550-1110
2627500,1174500,2024,60,4,0,1510,2627-1174
2777358,1141316,2025,48,7,6,1510,2777-1141
2550500,1110500,2025,60,1,0,1510,2550-1110
2550325,1110895,2021,54,1,0,1510,2550-1110
2600500,1174500,2021,54,1,0,1510,2600-1174
2745172,1209950,2023,54,1,0,1510,2745-1209
2565559,1154183,2021,12,1,0,1510,2565-1154
2595056,1176580,2021,23,1,3,1510,2595-1176
2571673,1131478,2021,12,1,0,1510,2571-1131
2746196,1171369,2021,23,5,3,1510,2746-1171
2768056,1137133,2021,29,2,4,1510,2768-1137
2571424,1131729,2021,17,1,0,1510,2571-1131
2600512,1174575,2024,29,1,3,1510,2600-1174
2711328,1104957,2025,36,1,13,1510,2711-1104
2752331,1207507,2025,23,5,6,1510,2752-1207
2752369,1207440,2025,23,1,1,1510,2752-1207
2580103,1154167,2022,29,4,3,1510,2580-1154
2634179,1177838,2025,17,3,0,1510,2634-1177
2686994,1137125,2023,48,1,13,1510,2686-1137
2761578,1157872,2021,29,2,1,1510,2761-1157
2705407,1168911,2023,29,3,2,1510,2705-1168
2733500,1225500,2021,23,12,3,1510,2733-1225
2564500,1142500,2025,48,1,2,1510,2564-1142
2791500,1191500,2021,23,11,3,1510,2791-1191
2744105.06951195,1226157.83177432,2023,36,2,3,1510,2744-1226
2744500,1226500,2023,36,2,2,1510,2744-1226
2580152,1169851,2021,54,2,0,1510,2580-1169
2573017,1085217,2023,54,3,0,1510,2573-1085
2580515,1171007,2021,54,4,0,1510,2580-1171
2733796,1225796,2023,23,7,3,1510,2733-1225
2728380,1172622,2021,23,1,3,1510,2728-1172
2739585,1235677,2021,23,4,6,1510,2739-1235
2640500,1186500,2024,60,2,0,1510,2640-1186
2550500,1110500,2024,60,1,0,1510,2550-1110
2626500,1173500,2024,60,5,0,1510,2626-1173
2817212,1177390,2021,29,1,2,1510,2817-1177
2550351.74133704,1110293.59993234,2021,48,1,3,1510,2550-1110
2589500,1109500,2022,48,1,2,1510,2589-1109
2627787,1122839,2025,48,2,6,1510,2627-1122
2683280,1200063,2021,29,1,1,1510,2683-1200
2600559,1174407,2024,29,1,3,1510,2600-1174
2550500,1110500,2025,54,4,0,1510,2550-1110
2640500,1185500,2022,54,6,0,1510,2640-1185
2550351.74133704,1110293.59993234,2021,54,3,0,1510,2550-1110
2550351.74133704,1110293.59993234,2021,54,3,0,1510,2550-1110
2706542,1168933,2023,29,3,2,1510,2706-1168
2705809,1168637,2023,54,8,0,1510,2705-1168
2632919,1180305,2025,72,3,0,1510,2632-1180
2727500,1210500,2022,60,3,0,1510,2727-1210
2575386,1130825,2022,60,2,0,1510,2575-1130
2575647,1130477,2021,60,1,0,1510,2575-1130
2704500,1173500,2021,36,2,2,1510,2704-1173
2550351.74133704,1110293.59993234,2022,42,1,1,1510,2550-1110
2550429,1110674,2025,48,1,1,1510,2550-1110
2784455,1178159,2023,12,6,0,1510,2784-1178
2564405,1144400,2021,48,1,1,1510,2564-1144
2600171,1173855,2021,17,1,0,1510,2600-1173
2733836,1225785,2024,54,4,0,1510,2733-1225
2564406,1144409,2024,54,1,0,1510,2564-1144
2564406,1144806,2024,54,1,0,1510,2564-1144
2733854,1225201,2024,60,1,0,1510,2733-1225
2784329,1178011,2022,17,9,0,1510,2784-1178
2727495,1210734,2024,60,1,0,1510,2727-1210
2722243,1182629,2025,60,1,0,1510,2722-1182
2722545,1182903,2025,60,3,0,1510,2722-1182
2600500,1174500,2023,60,3,0,1510,2600-1174
2587044,1156610,2025,24,2,4,1510,2587-1156
2784157,1177327,2021,24,11,3,1510,2784-1177
2712645,1142659,2023,72,3,0,1510,2712-1142
2580632,1171522,2021,24,1,2,1510,2580-1171
2580647,1171196,2021,24,2,2,1510,2580-1171
2580835,1171905,2021,24,1,3,1510,2580-1171
2580562,1171872,2021,24,3,3,1510,2580-1171
2763588,1209853,2022,30,1,3,1510,2763-1209
2763747,1209739,2022,30,1,2,1510,2763-1209
2718699,1180810,2024,30,3,2,1510,2718-1180
2720500,1107500,2024,30,1,2,1510,2720-1107
2743500,1158500,2023,30,5,6,1510,2743-1158
2668500,1198500,2022,30,1,2,1510,2668-1198
2797500,1193500,2023,30,16,3,1510,2797-1193
2598320,1175834,2021,12,1,3,1510,2598-1175
2628167,1176376,2025,24,4,3,1510,2628-1176
2815831,1168755,2024,36,1,3,1510,2815-1168
2576465,1155291,2021,24,37,1,1510,2576-1155
2571564,1131262,2025,24,9,6,1510,2571-1131
2590408,1166955,2022,42,1,2,1510,2590-1166
2815803,1168725,2025,48,1,3,1510,2815-1168
2550500,1110500,2025,48,1,2,1510,2550-1110
2640500,1180500,2022,30,1,6,1510,2640-1180
2550500,1110500,2025,48,2,2,1510,2550-1110
2576758,1155176,2022,30,1,3,1510,2576-1155
2576178,1155123,2023,30,14,3,1510,2576-1155
2576439,1155534,2023,30,18,3,1510,2576-1155
2732837,1225433,2023,24,2,2,1510,2732-1225
2733810,1225761,2023,24,10,3,1510,2733-1225
2709274,1218724,2024,30,2,4,1510,2709-1218
2815666,1168833,2025,54,2,0,1510,2815-1168
2635512,1181352,2021,36,2,1,1510,2635-1181
2733500,1225500,2022,30,9,3,1510,2733-1225
2708951,1217672,2024,30,2,4,1510,2708-1217
2628397,1175040,2024,30,6,3,1510,2628-1175
2746227,1231774,2021,30,2,2,1510,2746-1231
2627500,1174500,2022,48,2,2,1510,2627-1174
2708817,1204563,2021,48,1,1,1510,2708-1204
2746500,1171500,2023,30,5,3,1510,2746-1171
2744864,1210521,2021,30,4,3,1510,2744-1210
2745524,1209941,2021,30,3,3,1510,2745-1209
2749456,1166909,2021,30,1,2,1510,2749-1166
2749236,1166578,2025,30,1,3,1510,2749-1166
2749222,1166028,2025,30,1,3,1510,2749-1166
2749505,1166689,2025,30,1,2,1510,2749-1166
2749486,1166840,2025,30,2,6,1510,2749-1166
2641500,1187500,2023,30,2,3,1510,2641-1187
2796500,1193500,2023,30,13,6,1510,2796-1193
2550351.74133704,1110293.59993234,2021,54,1,0,1510,2550-1110
2763500,1209500,2021,30,3,5,1510,2763-1209
2636753,1176696,2022,72,1,0,1510,2636-1176
2636940,1176684,2022,72,2,0,1510,2636-1176
2636680,1176761,2022,72,2,0,1510,2636-1176
2575671,1131386,2021,60,3,0,1510,2575-1131
2575519,1130369,2021,60,1,0,1510,2575-1130
2740662,1164759,2025,12,1,0,1510,2740-1164
2745028,1209962,2023,48,2,1,1510,2745-1209
2784500,1176500,2021,12,16,0,1510,2784-1176
2784235,1176791,2021,12,7,0,1510,2784-1176
2784459,1177305,2021,12,9,0,1510,2784-1177
2627500,1174500,2022,48,2,2,1510,2627-1174
2722497,1107752,2025,54,1,0,1510,2722-1107
2640266,1185475,2023,54,2,0,1510,2640-1185
2775110,1185745,2025,54,8,0,1510,2775-1185
2550357,1110770,2022,54,1,0,1510,2550-1110
2784329,1178011,2022,18,9,0,1510,2784-1178
2646048,1173865,2025,24,1,2,1510,2646-1173
2695575,1195761,2025,24,1,3,1510,2695-1195
2734966,1164441,2022,24,4,6,1510,2734-1164
2653574,1173999,2023,30,12,3,1510,2653-1173
2573048,1085592,2023,30,6,6,1510,2573-1085
2698044,1155502,2022,30,4,3,1510,2698-1155
2669500,1180500,2024,30,4,3,1510,2669-1180
2564044,1142396,2022,30,1,3,1510,2564-1142
2580678,1169276,2024,24,1,2,1510,2580-1169
2636845,1176632,2022,30,1,1,1510,2636-1176
2576405,1155441,2024,24,23,3,1510,2576-1155
2600918,1174089,2021,36,2,2,1510,2600-1174
2600269,1157759,2023,30,2,3,1510,2600-1157
2564619,1142257,2022,30,1,3,1510,2564-1142
2763500,1209500,2022,30,1,3,1510,2763-1209
2640512,1185420,2022,18,3,3,1510,2640-1185
2564500,1144500,2024,48,1,1,1510,2564-1144
2727500,1196500,2024,30,2,2,1510,2727-1196
2576644,1155074,2022,30,1,3,1510,2576-1155
2747594,1182751,2025,48,1,2,1510,2747-1182
2815500,1169500,2025,48,1,2,1510,2815-1169
2722169,1107706,2024,24,4,3,1510,2722-1107
2564028,1142825,2022,24,3,3,1510,2564-1142
2784671,1178916,2024,54,2,0,1510,2784-1178
2580124.9877582,1169700.00858702,2025,54,5,0,1510,2580-1169
2728448,1226702,2023,54,1,0,1510,2728-1226
2576500,1155500,2024,24,22,3,1510,2576-1155
2550444,1110976,2025,54,1,0,1510,2550-1110
2733636,1144291,2022,24,4,2,1510,2733-1144
2755896,1184524,2025,24,1,1,1510,2755-1184
2550500,1110500,2025,54,3,0,1510,2550-1110
2575635,1130513,2025,54,1,0,1510,2575-1130
2727835,1210724,2025,24,1,3,1510,2727-1210
2550887,1132480,2022,30,3,3,1510,2550-1132
2550785,1132352,2022,30,4,3,1510,2550-1132
2580516,1171178,2024,60,3,0,1510,2580-1171
2550500,1110500,2024,60,3,0,1510,2550-1110
2564591,1144809,2024,48,1,1,1510,2564-1144
2718500,1180500,2022,30,3,3,1510,2718-1180
2625595.04577246,1173329.4938655,2022,67,2,0,1510,2625-1173
2564560,1144144,2022,30,2,3,1510,2564-1144
2564081,1142815,2022,30,1,3,1510,2564-1142
2550351.74133704,1110293.59993234,2021,54,2,0,1510,2550-1110
2550351.74133704,1110293.59993234,2021,54,2,0,1510,2550-1110
2550351.74133704,1110293.59993234,2023,54,1,0,1510,2550-1110
2634612,1177441,2022,36,1,2,1510,2634-1177
2594099.42904221,1126099.78768996,2024,36,1,11,1510,2594-1126
2718500,1180500,2022,54,8,0,1510,2718-1180
2594099.42904221,1126099.78768996,2024,36,1,11,1510,2594-1126
2580579.01417345,1171416.00521169,2022,60,8,0,1510,2580-1171
2775053,1185775,2024,36,7,6,1510,2775-1185
2817784,1177568,2022,42,2,13,1510,2817-1177
2550500,1110500,2025,48,2,3,1510,2550-1110
2564680,1144875,2024,48,1,1,1510,2564-1144
2564409,1144407,2024,48,1,1,1510,2564-1144
2733834,1225777,2022,60,10,0,1510,2733-1225
2817614,1177716,2021,60,1,0,1510,2817-1177
2685239,1176490,2025,24,4,5,1510,2685-1176
2595795,1176612,2025,24,1,3,1510,2595-1176
2697351,1169364,2025,24,7,3,1510,2697-1169
2628692,1175601,2022,18,1,0,1510,2628-1175
2600889,1174107,2022,30,1,2,1510,2600-1174
2796500,1193500,2021,30,10,3,1510,2796-1193
2764500,1210500,2022,30,2,3,1510,2764-1210
2695587,1167359,2024,30,1,2,1510,2695-1167
2733500,1225500,2023,30,1,3,1510,2733-1225
2550500,1110500,2023,30,1,3,1510,2550-1110
2722490,1182619,2025,30,8,2,1510,2722-1182
2784524,1178449,2023,30,3,3,1510,2784-1178
2784416,1178961,2023,30,4,2,1510,2784-1178
2628740,1174718,2024,30,1,2,1510,2628-1174
2580878,1171205,2024,30,1,3,1510,2580-1171
2580635,1171180,2024,30,2,3,1510,2580-1171
2728370,1172736,2024,12,14,0,1510,2728-1172
2728338,1172745,2024,12,14,0,1510,2728-1172
2723471,1112066,2024,36,1,11,1510,2723-1112
2626185,1172669,2021,12,5,0,1510,2626-1172
2708764,1204651,2024,24,2,4,1510,2708-1204
2651624,1184710,2023,30,2,8,1510,2651-1184
2747679,1160494,2025,30,1,2,1510,2747-1160
2628038,1174948,2022,18,5,0,1510,2628-1174
2739445,1235444,2023,30,1,3,1510,2739-1235
2727500,1204500,2022,30,6,3,1510,2727-1204
2711007,1104564,2023,55,1,0,1510,2711-1104
2641500,1186500,2021,30,5,1,1510,2641-1186
2600500,1174500,2025,55,4,0,1510,2600-1174
2580575,1169355,2024,30,2,3,1510,2580-1169
2580801,1169191,2024,30,1,3,1510,2580-1169
2550500,1110500,2025,55,1,0,1510,2550-1110
2746286,1171258,2025,55,1,0,1510,2746-1171
2600500,1174500,2025,55,4,0,1510,2600-1174
2740031,1190729,2021,24,7,6,1510,2740-1190
2600500,1174500,2025,55,2,0,1510,2600-1174
2734983,1164330,2024,61,1,0,1510,2734-1164
2744500,1199500,2024,61,1,0,1510,2744-1199
2600500,1174500,2021,61,2,0,1510,2600-1174
2756487,1200481,2021,61,2,0,1510,2756-1200
2763526,1209712,2022,61,1,0,1510,2763-1209
2600500,1174500,2021,61,2,0,1510,2600-1174
2679500,1184500,2021,42,2,1,1510,2679-1184
2580124.9877582,1169700.00858702,2021,48,3,2,1510,2580-1169
2580124.9877582,1169700.00858702,2022,48,1,2,1510,2580-1169
2580828,1169259,2021,48,1,1,1510,2580-1169
2726039,1229717,2022,24,2,5,1510,2726-1229
2695500,1168500,2025,24,3,3,1510,2695-1168
2788500,1194500,2021,24,4,3,1510,2788-1194
2733819,1225750,2022,24,9,3,1510,2733-1225
2733987,1223395,2022,24,2,3,1510,2733-1223
2732290,1225586,2022,24,3,3,1510,2732-1225
2733832,1225783,2023,30,6,3,1510,2733-1225
2657259,1202263,2023,30,1,3,1510,2657-1202
2640131,1185436,2023,30,2,3,1510,2640-1185
2550393,1110702,2025,55,1,0,1510,2550-1110
2580124.9877582,1169700.00858702,2024,55,1,0,1510,2580-1169
2703047,1145720,2022,73,1,0,1510,2703-1145
2626238,1173641,2022,30,1,3,1510,2626-1173
2749423,1238944,2022,30,1,1,1510,2749-1238
2550351.74133704,1110293.59993234,2023,55,,0,1510,2550-1110
2796500,1193500,2022,30,3,2,1510,2796-1193
2817500,1177500,2025,55,,0,1510,2817-1177
2600500,1174500,2025,55,4,0,1510,2600-1174
2600909,1174104,2022,30,1,3,1510,2600-1174
2727813,1210754,2023,36,2,3,1510,2727-1210
2725995,1212147,2023,36,2,2,1510,2725-1212
2729649,1186064,2023,36,1,2,1510,2729-1186
2575077,1130663,2022,61,2,0,1510,2575-1130
2575808,1130375,2021,61,2,0,1510,2575-1130
2631867,1180373,2024,61,1,0,1510,2631-1180
2784562,1178208,2024,12,3,0,1510,2784-1178
2797500,1192500,2021,18,8,0,1510,2797-1192
2657489,1202600,2022,48,2,3,1510,2657-1202
2696500,1110500,2024,73,1,0,1510,2696-1110
2594799,1176326,2022,24,1,3,1510,2594-1176
2594687,1176508,2022,24,1,2,1510,2594-1176
2676421,1198336,2025,73,2,0,1510,2676-1198
2600500,1174500,2021,24,2,1,1510,2600-1174
2733831,1225784,2023,55,8,0,1510,2733-1225
2564407,1144400,2025,55,2,0,1510,2564-1144
2784291,1178002,2022,24,11,3,1510,2784-1178
2601500,1173500,2021,55,1,0,1510,2601-1173
2746490,1171260,2022,24,1,3,1510,2746-1171
2746183,1171211,2022,24,2,3,1510,2746-1171
2697790,1169423,2025,24,2,2,1510,2697-1169
2600500,1174500,2025,55,2,0,1510,2600-1174
2600779,1174201,2021,55,1,0,1510,2600-1174
2600500,1174500,2021,61,1,0,1510,2600-1174
2598716,1175335,2022,61,1,0,1510,2598-1175
2761548,1157556,2024,12,1,0,1510,2761-1157
2788500,1194500,2024,24,5,3,1510,2788-1194
2580817,1171199,2021,30,1,3,1510,2580-1171
2639383,1167155,2024,30,1,3,1510,2639-1167
2639450,1167052,2024,30,1,3,1510,2639-1167
2580401,1171384,2021,30,1,3,1510,2580-1171
2580618,1171176,2023,30,1,3,1510,2580-1171
2580617,1171583,2023,30,1,3,1510,2580-1171
2733500,1223500,2021,30,1,3,1510,2733-1223
2697689,1169233,2024,30,1,3,1510,2697-1169
2600500,1174500,2023,73,1,0,1510,2600-1174
2733500,1225500,2021,30,1,3,1510,2733-1225
2726500,1210500,2024,30,1,2,1510,2726-1210
2763500,1209500,2022,30,3,2,1510,2763-1209
2815792,1168593,2023,30,1,3,1510,2815-1168
2815704,1169120,2023,30,1,2,1510,2815-1169
2673500,1188500,2023,30,1,3,1510,2673-1188
2743068,1212561,2022,36,1,3,1510,2743-1212
2677500,1127500,2021,36,3,5,1510,2677-1127
2698026,1155382,2025,36,1,2,1510,2698-1155
2709500,1218500,2022,24,1,3,1510,2709-1218
2705430,1168939,2024,24,7,1,1510,2705-1168
2658500,1141500,2023,30,3,4,1510,2658-1141
2640500,1180500,2022,30,3,3,1510,2640-1180
2580685,1169294,2023,30,4,3,1510,2580-1169
2809349,1167980,2025,30,2,4,1510,2809-1167
2595500,1176500,2023,30,3,3,1510,2595-1176
2733500,1225500,2021,30,15,3,1510,2733-1225
2639731,1166886,2024,30,1,3,1510,2639-1166
2580585,1171137,2023,55,1,0,1510,2580-1171
2575398,1130721,2022,30,1,3,1510,2575-1130
2575266,1130732,2024,30,1,3,1510,2575-1130
2591825,1164667,2025,30,2,3,1510,2591-1164
2744342.74702038,1225924.38499001,2024,36,1,2,1510,2744-1225
2640500,1185500,2025,24,,3,1510,2640-1185
2550500,1110500,2025,61,1,0,1510,2550-1110
2732500,1225500,2021,24,5,1,1510,2732-1225
2695298,1211031,2025,24,1,1,1510,2695-1211
2706352,1168414,2024,24,2,1,1510,2706-1168
2706125,1168682,2024,24,2,1,1510,2706-1168
2594281,1176266,2022,24,1,3,1510,2594-1176
2590509,1129037,2024,24,3,4,1510,2590-1129
2717784,1168832,2021,42,2,13,1510,2717-1168
2747348,1160927,2024,42,1,1,1510,2747-1160
2747310,1160881,2024,42,2,13,1510,2747-1160
2695257,1214754,2022,24,1,2,1510,2695-1214
2698652,1169959,2023,67,4,0,1510,2698-1169
2764500,1210500,2023,30,8,6,1510,2764-1210
2580124.9877582,1169700.00858702,2021,49,2,2,1510,2580-1169
2550351.74133704,1110293.59993234,2024,49,1,1,1510,2550-1110
2550500,1110500,2025,49,1,2,1510,2550-1110
2733934,1225064,2021,30,1,3,1510,2733-1225
2704088,1156179,2024,30,1,3,1510,2704-1156
2704115,1156825,2024,30,7,2,1510,2704-1156
2732213,1225584,2021,30,1,3,1510,2732-1225
2733947,1225078,2021,30,1,3,1510,2733-1225
2739391,1235838,2021,30,3,6,1510,2739-1235
2594472,1176214,2023,30,1,3,1510,2594-1176
2641156,1187023,2025,30,1,3,1510,2641-1187
2640246,1185522,2024,30,3,2,1510,2640-1185
2763500,1209500,2022,36,4,2,1510,2763-1209
2550351.74133704,1110293.59993234,2021,55,2,0,1510,2550-1110
2564500,1144500,2021,55,1,0,1510,2564-1144
2784537,1177722,2021,6,11,0,1510,2784-1177
2575619,1130515,2025,55,1,0,1510,2575-1130
2746500,1171500,2022,61,3,0,1510,2746-1171
2709496,1218594,2023,61,1,0,1510,2709-1218
2580124.9877582,1169700.00858702,2025,61,1,0,1510,2580-1169
2580124.9877582,1169700.00858702,2023,61,1,0,1510,2580-1169
2727259,1210193,2021,42,1,2,1510,2727-1210
2711294,1104629,2022,18,1,0,1510,2711-1104
2784236,1176519,2021,18,3,0,1510,2784-1176
2784258,1177984,2021,18,7,0,1510,2784-1177
2709500,1168499,2023,49,9,13,1510,2709-1168
2718054,1180676,2022,24,1,1,1510,2718-1180
2733673,1225714,2024,55,3,0,1510,2733-1225
2733496,1225764,2024,55,3,0,1510,2733-1225
2595730,1176614,2022,24,1,2,1510,2595-1176
2727541,1227939,2024,73,1,0,1510,2727-1227
2550705,1110659,2022,61,2,0,1510,2550-1110
2564257,1142872,2024,24,1,3,1510,2564-1142
2733500,1223500,2021,61,1,0,1510,2733-1223
2784291,1178002,2022,24,12,3,1510,2784-1178
2784261,1176888,2024,24,7,7,1510,2784-1176
2722479,1182640,2025,24,9,3,1510,2722-1182
2636688,1176773,2023,30,3,6,1510,2636-1176
2793934,1166452,2023,30,3,4,1510,2793-1166
2626500,1173500,2024,73,1,0,1510,2626-1173
2744500,1210500,2021,30,2,4,1510,2744-1210
2580630,1171289,2025,30,2,2,1510,2580-1171
2731348,1179021,2022,30,1,3,1510,2731-1179
2791500,1191500,2024,24,5,3,1510,2791-1191
2624500,1144500,2024,43,4,13,1510,2624-1144
2810198,1173458,2025,24,1,6,1510,2810-1173
2571427,1131765,2025,24,1,3,1510,2571-1131
2746383,1171205,2025,49,1,3,1510,2746-1171
2602192,1173188,2021,18,6,0,1510,2602-1173
2698500,1169500,2023,24,2,4,1510,2698-1169
2621500,1156500,2025,30,1,6,1510,2621-1156
2580645,1171227,2023,55,5,0,1510,2580-1171
2739473,1235602,2022,18,2,0,1510,2739-1235
2815666,1168715,2024,55,3,0,1510,2815-1168
2815793,1168845,2024,55,3,0,1510,2815-1168
2580837,1169634,2025,30,1,2,1510,2580-1169
2727500,1210500,2024,55,3,0,1510,2727-1210
2791112,1163482,2023,30,1,12,1510,2791-1163
2774331,1193464,2025,30,8,3,1510,2774-1193
2641040,1187265,2022,18,2,0,1510,2641-1187
2626500,1172500,2021,30,2,2,1510,2626-1172
2696516,1166440,2022,61,3,0,1510,2696-1166
2550500,1110500,2025,61,1,0,1510,2550-1110
2595780,1176865,2022,61,1,0,1510,2595-1176
2733569,1144312,2021,24,5,2,1510,2733-1144
2580457,1154565,2022,43,2,4,1510,2580-1154
2779886,1205874,2022,43,2,4,1510,2779-1205
2641657,1187901,2025,30,1,3,1510,2641-1187
2729904,1178356,2023,73,5,0,1510,2729-1178
2733211,1225709,2025,30,1,2,1510,2733-1225
2733282,1225662,2025,30,1,2,1510,2733-1225
2733770,1225772,2025,30,4,6,1510,2733-1225
2733029,1225559,2025,30,1,2,1510,2733-1225
2764500,1210500,2025,30,9,3,1510,2764-1210
2791500,1191500,2023,55,2,0,1510,2791-1191
2749769,1166087,2023,30,1,3,1510,2749-1166
2749676,1166929,2023,30,1,2,1510,2749-1166
2749790,1166169,2023,30,1,3,1510,2749-1166
2749643,1166888,2023,30,1,2,1510,2749-1166
2580124.9877582,1169700.00858702,2025,55,4,0,1510,2580-1169
2580124.9877582,1169700.00858702,2023,55,9,0,1510,2580-1169
2550351.74133704,1110293.59993234,2021,55,1,0,1510,2550-1110
2550351.74133704,1110293.59993234,2022,55,6,0,1510,2550-1110
2591799,1164816,2022,37,1,2,1510,2591-1164
2575719,1130600,2023,55,2,0,1510,2575-1130
2575619,1130515,2025,55,1,0,1510,2575-1130
2729121,1186173,2022,37,1,11,1510,2729-1186
2689974,1114590,2023,37,2,13,1510,2689-1114
2726851,1210490,2024,37,2,2,1510,2726-1210
2704491,1173261,2025,37,1,2,1510,2704-1173
2690347,1114722,2023,37,3,13,1510,2690-1114
2580124.9877582,1169700.00858702,2021,61,2,0,1510,2580-1169
2580124.9877582,1169700.00858702,2022,61,1,0,1510,2580-1169
2764500,1210500,2025,43,1,2,1510,2764-1210
2736097,1172694,2025,43,3,13,1510,2736-1172
2550252,1110911,2024,49,3,1,1510,2550-1110
2564516,1144876,2024,49,2,1,1510,2564-1144
2746337,1171323,2021,31,1,2,1510,2746-1171
2746158,1171391,2021,31,7,2,1510,2746-1171
2634368,1177832,2021,55,1,0,1510,2634-1177
2784157,1177320,2021,31,18,6,1510,2784-1177
2784227,1177947,2021,31,12,6,1510,2784-1177
2564427,1144397,2025,55,1,0,1510,2564-1144
2654745,1143721,2022,43,1,1,1510,2654-1143
2627165,1174525,2023,61,3,2,1510,2627-1174
2716521,1180339,2025,49,1,2,1510,2716-1180
2580570,1171449,2025,61,7,0,1510,2580-1171
2698235,1209040,2022,73,3,0,1510,2698-1209
2746112,1171087,2022,73,,0,1510,2746-1171
2722266,1182605,2021,73,6,0,1510,2722-1182
2575821,1130291,2021,31,2,4,1510,2575-1130
2575450,1131037,2021,31,1,3,1510,2575-1131
2575469,1131261,2025,31,4,6,1510,2575-1131
2570921,1131748,2024,43,4,13,1510,2570-1131
2730514,1161853,2022,49,2,2,1510,2730-1161
2580124.9877582,1169700.00858702,2024,49,3,2,1510,2580-1169
2550351.74133704,1110293.59993234,2023,49,1,1,1510,2550-1110
2668500,1198500,2023,49,1,1,1510,2668-1198
2650847,1133856,2021,31,4,3,1510,2650-1133
2744730,1226340,2021,31,1,1,1510,2744-1226
2744606,1226077,2021,31,2,1,1510,2744-1226
2744345,1226252,2021,31,1,1,1510,2744-1226
2744031,1226154,2021,31,8,1,1510,2744-1226
2744547,1225829,2021,31,1,1,1510,2744-1225
2744541,1225550,2021,31,1,1,1510,2744-1225
2725828,1212094,2025,31,1,2,1510,2725-1212
2681145,1166376,2025,31,3,6,1510,2681-1166
2657181,1202333,2021,31,10,6,1510,2657-1202
2580124.9877582,1169700.00858702,2025,61,6,0,1510,2580-1169
2602433.35757165,1113632.71544031,2023,61,15,0,1510,2602-1113
2709060,1218271,2023,31,1,3,1510,2709-1218
2550351.74133704,1110293.59993234,2022,43,2,1,1510,2550-1110
2550362,1110417,2025,49,1,1,1510,2550-1110
2739401,1236202,2022,1,3,0,1510,2739-1236
2738798,1236410,2023,1,1,0,1510,2738-1236
2739104,1236414,2023,1,1,0,1510,2739-1236
2564564,1144819,2024,49,1,1,1510,2564-1144
2564550,1144895,2024,49,1,6,1510,2564-1144
2564417,1144405,2024,49,1,1,1510,2564-1144
2564407,1144407,2024,49,1,1,1510,2564-1144
2727500,1204500,2022,61,2,0,1510,2727-1204
2621038,1156192,2022,61,1,0,1510,2621-1156
2744027,1210114,2021,61,4,0,1510,2744-1210
2647500,1139500,2025,73,,0,1510,2647-1139
2626129,1173567,2023,1,2,0,1510,2626-1173
2644500,1136500,2024,1,1,0,1510,2644-1136
2720938,1107334,2025,19,1,2,1510,2720-1107
2578121,1114237,2021,19,1,2,1510,2578-1114
2738684,1236418,2022,25,1,3,1510,2738-1236
2739372,1236042,2022,25,1,2,1510,2739-1236
2720193,1107263,2022,25,1,3,1510,2720-1107
2736530,1190797,2023,31,1,2,1510,2736-1190
2732894,1186300,2022,31,1,2,1510,2732-1186
2710643,1155070,2025,31,1,14,1510,2710-1155
2710714,1155518,2025,31,1,3,1510,2710-1155
2698190,1155488,2023,31,1,3,1510,2698-1155
2698309,1155380,2025,31,1,3,1510,2698-1155
2600734,1174197,2023,31,1,3,1510,2600-1174
2625663,1173288,2024,31,1,2,1510,2625-1173
2626065,1173221,2021,31,8,3,1510,2626-1173
2710796,1155134,2024,43,3,13,1510,2710-1155
2714780,1214536,2022,43,2,1,1510,2714-1214
2550351.74133704,1110293.59993234,2021,49,1,0,1510,2550-1110
2550351.74133704,1110293.59993234,2023,55,5,0,1510,2550-1110
2550351.74133704,1110293.59993234,2021,55,1,0,1510,2550-1110
2739383,1236168,2022,55,1,0,1510,2739-1236
2635301,1181533,2022,55,1,0,1510,2635-1181
2634348,1179254,2025,55,3,0,1510,2634-1179
2634667,1179736,2024,61,4,0,1510,2634-1179
2720568,1107179,2025,7,1,0,1510,2720-1107
2720577,1107139,2025,7,1,0,1510,2720-1107
2704332,1173540,2024,7,12,0,1510,2704-1173
2720565,1107188,2025,7,2,0,1510,2720-1107
2586260,1170362,2021,13,1,0,1510,2586-1170
2738931,1236442,2024,13,2,0,1510,2738-1236
2634050,1179158,2024,13,6,0,1510,2634-1179
2580637,1169681,2025,13,7,0,1510,2580-1169
2634614,1179759,2025,19,3,3,1510,2634-1179
2634315,1179235,2025,19,2,3,1510,2634-1179
2604633,1169599,2024,19,6,4,1510,2604-1169
2695500,1166500,2022,25,13,2,1510,2695-1166
2796500,1193500,2025,25,14,3,1510,2796-1193
2595702,1176644,2025,25,1,2,1510,2595-1176
2695500,1167500,2022,25,2,2,1510,2695-1167
2720182,1107212,2022,25,1,3,1510,2720-1107
2730948,1128988,2025,25,1,3,1510,2730-1128
2716232,1179535,2025,25,2,3,1510,2716-1179
2716597,1179922,2025,25,5,3,1510,2716-1179
2595625,1176657,2025,25,1,2,1510,2595-1176
2580398,1169668,2025,25,3,3,1510,2580-1169
2668701,1198025,2023,31,1,2,1510,2668-1198
2753263,1236549,2023,31,2,6,1510,2753-1236
2627214,1174502,2024,37,1,2,1510,2627-1174
2627422,1174238,2023,49,6,0,1510,2627-1174
2627171,1174264,2023,49,8,0,1510,2627-1174
2627202,1174497,2023,49,2,0,1510,2627-1174
2626864,1173888,2023,49,3,0,1510,2626-1173
2564413,1144407,2024,49,1,3,1510,2564-1144
2550351.74133704,1110293.59993234,2021,49,1,0,1510,2550-1110
2720023,1107345,2022,55,1,0,1510,2720-1107
2720953,1107420,2025,55,1,0,1510,2720-1107
2600580,1174606,2023,55,1,0,1510,2600-1174
2600570,1174594,2021,55,1,0,1510,2600-1174
2815500,1168500,2021,55,1,0,1510,2815-1168
2733500,1223500,2024,62,1,0,1510,2733-1223
2739398,1236198,2021,1,1,0,1510,2739-1236
2566883,1133789,2025,1,1,0,1510,2566-1133
2625988,1173153,2021,7,3,0,1510,2625-1173
2644439,1135939,2021,13,2,0,1510,2644-1135
2644460,1135883,2021,13,4,0,1510,2644-1135
2738926,1236462,2024,13,1,0,1510,2738-1236
2595606,1176659,2023,25,1,2,1510,2595-1176
2580450,1169624,2021,25,5,3,1510,2580-1169
2580566,1169671,2022,25,2,3,1510,2580-1169
2731097,1129046,2023,25,1,3,1510,2731-1129
2580396,1169653,2022,25,1,3,1510,2580-1169
2580264,1169541,2021,25,1,3,1510,2580-1169
2580686,1169728,2021,25,2,3,1510,2580-1169
2580536,1169515,2022,25,2,3,1510,2580-1169
2732500,1225500,2021,25,3,3,1510,2732-1225
2586933,1170165,2021,25,1,3,1510,2586-1170
2603036,1112506,2024,25,3,2,1510,2603-1112
2602721,1113008,2024,25,4,2,1510,2602-1113
2626750,1173163,2023,25,1,3,1510,2626-1173
2580357,1169764,2021,31,5,3,1510,2580-1169
2698077,1155681,2022,31,3,3,1510,2698-1155
2586460,1170377,2021,31,1,3,1510,2586-1170
2587042,1172089,2021,31,1,3,1510,2587-1172
2586810,1170853,2021,31,1,3,1510,2586-1170
2587479,1172218,2021,31,2,3,1510,2587-1172
2587311,1172287,2021,31,1,3,1510,2587-1172
2587215,1172274,2024,31,1,1,1510,2587-1172
2564201,1142870,2021,31,1,3,1510,2564-1142
2576944,1138026,2022,37,1,2,1510,2576-1138
2703578,1156897,2024,43,1,2,1510,2703-1156
2730905,1128645,2023,43,1,1,1510,2730-1128
2550351.74133704,1110293.59993234,2021,50,1,0,1510,2550-1110
2550351.74133704,1110293.59993234,2021,50,3,0,1510,2550-1110
2625910,1173397,2022,50,4,0,1510,2625-1173
2624096,1174454,2021,56,1,0,1510,2624-1174
2550351.74133704,1110293.59993234,2021,56,1,0,1510,2550-1110
2550351.74133704,1110293.59993234,2023,56,,0,1510,2550-1110
2634500,1177500,2021,56,1,0,1510,2634-1177
2628288,1175091,2022,56,8,0,1510,2628-1175
2704731,1173469,2024,62,20,0,1510,2704-1173
2714643,1140262,2025,62,1,0,1510,2714-1140
2704581,1173528,2025,1,1,0,1510,2704-1173
2566817,1133866,2023,1,1,0,1510,2566-1133
2566683,1133255,2024,7,1,0,1510,2566-1133
2720138,1107206,2024,7,1,0,1510,2720-1107
2784223,1177954,2025,19,4,3,1510,2784-1177
2738884,1236519,2024,25,1,3,1510,2738-1236
2586472,1170187,2021,25,1,3,1510,2586-1170
2586614,1170625,2021,25,1,3,1510,2586-1170
2587193,1172304,2021,25,1,3,1510,2587-1172
2742243,1213372,2021,25,2,1,1510,2742-1213
2730979,1128328,2021,25,2,6,1510,2730-1128
2695500,1167500,2021,25,2,4,1510,2695-1167
2791500,1191500,2023,25,17,3,1510,2791-1191
2567661,1137024,2023,31,1,2,1510,2567-1137
2600785,1174087,2022,31,2,4,1510,2600-1174
2627490,1174040,2024,31,3,2,1510,2627-1174
2569387,1138037,2023,31,3,3,1510,2569-1138
2624349,1174563,2022,31,1,2,1510,2624-1174
2627214,1174507,2025,37,2,2,1510,2627-1174
2562543,1106325,2024,37,1,13,1510,2562-1106
2564424,1144386,2025,44,1,1,1510,2564-1144
2550500,1110500,2024,50,1,0,1510,2550-1110
2664500,1182500,2021,50,1,0,1510,2664-1182
2564545,1144875,2024,50,1,0,1510,2564-1144
2739378,1236021,2021,50,1,0,1510,2739-1236
2644451,1135929,2021,50,2,0,1510,2644-1135
2600678,1174236,2021,50,2,0,1510,2600-1174
2600675,1174139,2021,50,2,0,1510,2600-1174
2634633,1179788,2023,50,5,0,1510,2634-1179
2550351.74133704,1110293.59993234,2021,50,1,0,1510,2550-1110
2550351.74133704,1110293.59993234,2021,50,1,0,1510,2550-1110
2753264,1236807,2021,50,9,0,1510,2753-1236
2564323,1144331,2023,56,2,0,1510,2564-1144
2600580,1174595,2023,56,1,0,1510,2600-1174
2700673,1182786,2022,56,3,0,1510,2700-1182
2580441,1169643,2022,56,10,0,1510,2580-1169
2603018,1112388,2024,56,1,0,1510,2603-1112
2603093,1112219,2024,56,1,0,1510,2603-1112
2550351.74133704,1110293.59993234,2023,56,2,0,1510,2550-1110
2550351.74133704,1110293.59993234,2025,56,1,0,1510,2550-1110
2746500,1171500,2024,62,,0,1510,2746-1171
2739757,1180628,2021,1,1,0,1510,2739-1180
2720132,1107259,2024,1,1,0,1510,2720-1107
2720050,1107289,2024,1,1,0,1510,2720-1107
2720418,1107150,2024,1,1,0,1510,2720-1107
2720812,1107325,2024,1,2,0,1510,2720-1107
2720132,1107259,2024,1,1,0,1510,2720-1107
2627109,1174185,2023,8,4,0,1510,2627-1174
2739096,1236478,2021,8,1,0,1510,2739-1236
2797500,1193500,2022,13,6,0,1510,2797-1193
2628500,1174500,2025,19,2,5,1510,2628-1174
2784235,1176811,2025,19,5,3,1510,2784-1176
2784621,1177861,2025,19,4,3,1510,2784-1177
2566977,1133676,2024,19,1,2,1510,2566-1133
2720606,1107206,2022,19,1,1,1510,2720-1107
2580220,1169752,2025,25,3,3,1510,2580-1169
2600741,1174229,2023,25,1,3,1510,2600-1174
2566867,1133542,2024,25,1,3,1510,2566-1133
2578429,1114480,2024,25,1,3,1510,2578-1114
2578467,1114283,2024,25,1,2,1510,2578-1114
2578175,1114605,2024,25,3,6,1510,2578-1114
2578053,1114751,2024,25,1,3,1510,2578-1114
2578276,1114162,2024,25,2,6,1510,2578-1114
2578054,1114329,2024,25,1,3,1510,2578-1114
2720625,1107184,2024,25,1,3,1510,2720-1107
2621500,1156500,2022,32,1,2,1510,2621-1156
2600863,1174104,2022,32,1,2,1510,2600-1174
2600676,1174263,2022,32,2,4,1510,2600-1174
2600587,1174125,2022,32,3,4,1510,2600-1174
2600663,1174259,2022,32,2,1,1510,2600-1174
2640500,1185500,2022,32,2,3,1510,2640-1185
2640500,1185500,2022,32,2,3,1510,2640-1185
2566279,1133440,2024,32,4,3,1510,2566-1133
2727068,1204369,2021,32,1,2,1510,2727-1204
2783866,1159349,2024,44,4,13,1510,2783-1159
2600500,1174500,2022,50,3,0,1510,2600-1174
2550351.74133704,1110293.59993234,2021,50,1,0,1510,2550-1110
2550351.74133704,1110293.59993234,2021,50,1,0,1510,2550-1110
2550351.74133704,1110293.59993234,2021,50,1,0,1510,2550-1110
2550351.74133704,1110293.59993234,2021,50,1,0,1510,2550-1110
2744118,1226389,2025,50,2,0,1510,2744-1226
2744105.06951195,1226157.83177432,2025,50,1,0,1510,2744-1226
2550351.74133704,1110293.59993234,2022,56,6,0,1510,2550-1110
2550351.74133704,1110293.59993234,2023,56,,0,1510,2550-1110
2600500,1174500,2022,56,3,0,1510,2600-1174
2634278,1179606,2024,56,2,0,1510,2634-1179
2744767,1226493,2024,56,1,0,1510,2744-1226
2720379,1107127,2025,68,2,0,1510,2720-1107
2625454,1172838,2025,2,4,0,1510,2625-1172
2625694,1173301,2025,2,5,0,1510,2625-1173
2726669,1209825,2024,8,1,3,1510,2726-1209
2600841,1173682,2021,8,8,0,1510,2600-1173
2644421,1135699,2025,8,5,0,1510,2644-1135
2720848,1107251,2023,20,4,1,1510,2720-1107
2753075,1236665,2024,20,1,1,1510,2753-1236
2753203,1236583,2024,20,3,1,1510,2753-1236
2739120,1236404,2023,26,1,3,1510,2739-1236
2720743,1107220,2023,26,2,3,1510,2720-1107
2625675,1173051,2021,26,2,3,1510,2625-1173
2626080,1173370,2021,26,5,3,1510,2626-1173
2625910,1173178,2021,26,3,3,1510,2625-1173
2580417,1169652,2021,26,4,3,1510,2580-1169
2644555,1135840,2023,32,1,3,1510,2644-1135
2644551,1135699,2025,32,1,2,1510,2644-1135
2644533,1135450,2025,32,2,3,1510,2644-1135
2566799,1133701,2021,32,1,3,1510,2566-1133
2714166,1214167,2023,32,1,3,1510,2714-1214
2714896,1214902,2023,32,1,3,1510,2714-1214
2714385,1214760,2023,32,1,3,1510,2714-1214
2627610,1174305,2021,32,1,2,1510,2627-1174
2603192,1112332,2025,32,1,3,1510,2603-1112
2726715,1209891,2022,32,1,3,1510,2726-1209
2664663,1182542,2021,38,1,2,1510,2664-1182
2727491,1196011,2022,38,1,2,1510,2727-1196
2743462,1223793,2023,38,2,4,1510,2743-1223
2625803,1172584,2025,50,1,0,1510,2625-1172
2626719,1173823,2025,50,2,0,1510,2626-1173
2627499,1174115,2025,50,4,0,1510,2627-1174
2627073,1174362,2024,50,1,0,1510,2627-1174
2625757,1172544,2025,50,1,0,1510,2625-1172
2625143,1172642,2024,50,1,0,1510,2625-1172
2627488,1174130,2025,50,3,0,1510,2627-1174
2627529,1174146,2025,50,5,0,1510,2627-1174
2744118,1226112,2025,50,8,0,1510,2744-1226
2744133,1226106,2025,50,4,0,1510,2744-1226
2744206,1226273,2024,50,2,0,1510,2744-1226
2744105.06951195,1226157.83177432,2025,50,7,0,1510,2744-1226
2600873,1173908,2023,50,1,0,1510,2600-1173
2644419,1135766,2025,50,1,0,1510,2644-1135
2627500,1174500,2025,50,4,0,1510,2627-1174
2550351.74133704,1110293.59993234,2021,50,1,0,1510,2550-1110
2550351.74133704,1110293.59993234,2021,50,1,0,1510,2550-1110
2580184,1169780,2022,56,1,0,1510,2580-1169
2580495,1169589,2022,56,12,0,1510,2580-1169
2600578,1174592,2024,56,2,0,1510,2600-1174
2600644,1174223,2024,56,1,0,1510,2600-1174
2600765,1174380,2024,56,2,0,1510,2600-1174
2746500,1171500,2024,56,4,0,1510,2746-1171
2550351.74133704,1110293.59993234,2022,56,4,0,1510,2550-1110
2580500,1171500,2024,62,5,0,1510,2580-1171
2600500,1174500,2021,62,1,0,1510,2600-1174
2784500,1177500,2024,8,2,0,1510,2784-1177
2628360,1175063,2023,14,6,0,1510,2628-1175
2628515,1175603,2023,14,4,0,1510,2628-1175
2709446,1218654,2023,14,1,0,1510,2709-1218
2628069,1174493,2023,14,1,0,1510,2628-1174
2669973,1180344,2025,20,1,3,1510,2669-1180
2738561,1236181,2023,26,1,3,1510,2738-1236
2738634,1236533,2023,26,1,3,1510,2738-1236
2726500,1209499,2022,26,7,6,1510,2726-1209
2734500,1203500,2022,26,2,3,1510,2734-1203
2738910,1236383,2023,26,2,3,1510,2738-1236
2569265,1138012,2023,32,3,3,1510,2569-1138
2704662,1173977,2024,32,1,3,1510,2704-1173
2710710,1155735,2025,38,3,13,1510,2710-1155
2602654,1112584,2021,38,1,19,1510,2602-1112
2550351.74133704,1110293.59993234,2021,50,1,0,1510,2550-1110
2627392,1174284,2024,50,8,0,1510,2627-1174
2716844,1179593,2023,56,1,0,1510,2716-1179
2709266,1218679,2023,56,1,0,1510,2709-1218
2580388,1169507,2023,56,13,0,1510,2580-1169
2550500,1110500,2025,56,1,0,1510,2550-1110
2720978,1107528,2021,63,1,0,1510,2720-1107
2626027,1173209,2022,63,6,0,1510,2626-1173
2627960,1174955,2022,2,1,0,1510,2627-1174
2712246,1142629,2023,20,1,1,1510,2712-1142
2716965,1179817,2025,20,3,3,1510,2716-1179
2738912,1236553,2023,20,3,3,1510,2738-1236
2738512,1236312,2023,20,1,3,1510,2738-1236
2634618,1179782,2021,26,5,1,1510,2634-1179
2634810,1179502,2021,26,1,3,1510,2634-1179
2626028,1173307,2023,26,7,3,1510,2626-1173
2625480,1172661,2023,26,3,6,1510,2625-1172
2626241,1173436,2023,26,3,6,1510,2626-1173
2600843,1173952,2022,32,4,3,1510,2600-1173
2669240,1180272,2025,32,1,3,1510,2669-1180
2736936,1190821,2022,32,1,3,1510,2736-1190
2771804,1136843,2021,32,1,3,1510,2771-1136
2627939,1174610,2023,32,1,3,1510,2627-1174
2627525,1174061,2024,32,1,2,1510,2627-1174
2627492,1174099,2024,32,3,3,1510,2627-1174
2625197,1172769,2024,44,1,1,1510,2625-1172
2580475,1169654,2021,44,7,1,1510,2580-1169
2600500,1174500,2021,51,1,0,1510,2600-1174
2550351.74133704,1110293.59993234,2023,51,3,0,1510,2550-1110
2550351.74133704,1110293.59993234,2021,51,1,0,1510,2550-1110
2600500,1174500,2023,57,1,0,1510,2600-1174
2580318,1169772,2021,57,4,0,1510,2580-1169
2628751,1176490,2025,57,1,0,1510,2628-1176
2575500,1130500,2022,57,3,0,1510,2575-1130
2550351.74133704,1110293.59993234,2023,57,1,0,1510,2550-1110
2564500,1144500,2025,57,3,0,1510,2564-1144
2624337,1174807,2025,57,1,0,1510,2624-1174
2720604,1107153,2022,2,3,0,1510,2720-1107
2566392,1133131,2023,8,1,0,1510,2566-1133
2587193,1172304,2021,14,1,0,1510,2587-1172
2566849.34149675,1133499.20752991,2023,20,3,3,1510,2566-1133
2738981,1236599,2023,20,1,2,1510,2738-1236
2784306,1176912,2025,20,6,6,1510,2784-1176
2580521,1169596,2023,20,4,3,1510,2580-1169
2756434,1199926,2024,26,14,5,1510,2756-1199
2580463,1169557,2022,26,2,3,1510,2580-1169
2586488,1170447,2021,26,1,3,1510,2586-1170
2586712,1170891,2021,26,1,3,1510,2586-1170
2600701,1174042,2022,26,1,3,1510,2600-1174
2587365,1172186,2021,26,3,3,1510,2587-1172
2580762,1171053,2023,26,1,3,1510,2580-1171
2580737,1171328,2023,26,1,3,1510,2580-1171
2580596,1171205,2023,26,1,3,1510,2580-1171
2710905,1155555,2024,26,1,2,1510,2710-1155
2626169,1173325,2021,26,1,2,1510,2626-1173
2566650,1133756,2022,26,2,3,1510,2566-1133
2705730,1106479,2021,26,2,6,1510,2705-1106
2604453,1169348,2021,26,1,2,1510,2604-1169
2624189,1174220,2023,32,3,3,1510,2624-1174
2624377,1174586,2023,32,1,3,1510,2624-1174
2624305,1174717,2023,32,1,3,1510,2624-1174
2698500,1155500,2024,32,2,1,1510,2698-1155
2624225,1139520,2024,32,1,2,1510,2624-1139
2627530,1174110,2024,32,6,3,1510,2627-1174
2627118,1174261,2024,32,1,3,1510,2627-1174
2580155,1169685,2022,38,2,2,1510,2580-1169
2710958,1181442,2023,38,1,8,1510,2710-1181
2768307,1137082,2021,38,3,13,1510,2768-1137
2768182,1137006,2021,38,1,2,1510,2768-1137
2739251,1236330,2021,45,3,2,1510,2739-1236
2550351.74133704,1110293.59993234,2021,51,2,0,1510,2550-1110
2550351.74133704,1110293.59993234,2021,51,2,0,1510,2550-1110
2580162,1169822,2023,51,5,0,1510,2580-1169
2580124,1169700,2022,51,6,17,1510,2580-1169
2712788,1142481,2023,51,5,0,1510,2712-1142
2686801,1119579,2023,51,1,0,1510,2686-1119
2550351.74133704,1110293.59993234,2021,57,2,0,1510,2550-1110
2550351.74133704,1110293.59993234,2021,57,2,0,1510,2550-1110
2550351.74133704,1110293.59993234,2023,57,,0,1510,2550-1110
2595940,1176613,2022,57,1,0,1510,2595-1176
2710302,1107298,2024,57,2,0,1510,2710-1107
2634500,1179500,2022,57,5,0,1510,2634-1179
2739168,1236389,2021,57,1,0,1510,2739-1236
2600650,1174625,2022,57,2,0,1510,2600-1174
2600560,1174592,2022,57,2,0,1510,2600-1174
2600574,1174586,2024,57,1,0,1510,2600-1174
2566338,1133596,2021,57,3,0,1510,2566-1133
2566755,1133958,2025,63,2,0,1510,2566-1133
2720208,1107218,2023,69,3,0,1510,2720-1107
2720404,1107174,2023,69,3,0,1510,2720-1107
2720331,1107276,2023,69,3,0,1510,2720-1107
2720088,1107225,2023,9,1,0,1510,2720-1107
2627542,1174106,2023,9,1,0,1510,2627-1174
2627488,1174138,2023,9,1,0,1510,2627-1174
2625968,1173287,2022,14,7,0,1510,2625-1173
2600514,1174417,2021,14,1,0,1510,2600-1174
2600932,1173669,2021,14,5,0,1510,2600-1173
2784285,1178000,2024,20,6,6,1510,2784-1178
2585712,1155361,2025,20,2,3,1510,2585-1155
2753064,1236682,2025,20,1,1,1510,2753-1236
2753169,1236244,2025,20,1,1,1510,2753-1236
2753185,1236616,2025,20,2,1,1510,2753-1236
2753027,1236720,2025,20,2,1,1510,2753-1236
2714634,1140404,2025,26,2,3,1510,2714-1140
2694822,1211321,2024,26,1,6,1510,2694-1211
2714717,1140008,2025,26,1,2,1510,2714-1140
2756361,1199973,2024,26,6,1,1510,2756-1199
2756364,1199980,2024,26,4,3,1510,2756-1199
2704500,1156500,2022,26,1,2,1510,2704-1156
2698239,1155683,2022,26,1,3,1510,2698-1155
2712350,1142683,2025,26,1,1,1510,2712-1142
2697500,1169500,2024,26,10,3,1510,2697-1169
2634337,1179337,2025,26,1,3,1510,2634-1179
2595750,1176791,2025,26,1,3,1510,2595-1176
2752250,1235234,2022,26,3,5,1510,2752-1235
2586563,1170545,2024,26,1,3,1510,2586-1170
2587201,1172828,2024,26,1,3,1510,2587-1172
2587378,1172540,2024,26,1,3,1510,2587-1172
2586519,1170186,2024,26,1,3,1510,2586-1170
2587182,1172486,2024,26,1,3,1510,2587-1172
2587249,1172011,2024,26,1,3,1510,2587-1172
2676701.72269881,1198161.42259875,2025,26,2,3,1510,2676-1198
2714277,1214547,2023,33,1,2,1510,2714-1214
2714382,1214015,2023,33,1,3,1510,2714-1214
2703875,1156607,2023,33,4,3,1510,2703-1156
2628348,1174288,2022,45,2,3,1510,2628-1174
2727773,1196300,2025,45,6,13,1510,2727-1196
2627300,1174045,2022,45,1,2,1510,2627-1174
2564500,1144500,2024,51,1,0,1510,2564-1144
2550351.74133704,1110293.59993234,2023,51,1,0,1510,2550-1110
2580124,1169700,2022,51,3,0,1510,2580-1169
2580567,1169543,2023,51,8,0,1510,2580-1169
2601654,1173670,2021,57,1,0,1510,2601-1173
2600583,1174583,2022,57,1,0,1510,2600-1174
2550351.74133704,1110293.59993234,2021,57,2,0,1510,2550-1110
2550351.74133704,1110293.59993234,2021,57,2,0,1510,2550-1110
2716444,1179853,2025,57,6,0,1510,2716-1179
2710546,1155148,2024,63,3,0,1510,2710-1155
2566769,1133963,2022,69,1,0,1510,2566-1133
2720728,1107215,2022,3,2,0,1510,2720-1107
2600893,1173853,2022,14,5,0,1510,2600-1173
2720941,1107411,2023,14,2,0,1510,2720-1107
2566864,1133776,2023,14,1,0,1510,2566-1133
2626165,1173274,2024,21,4,3,1510,2626-1173
2716499,1179499,2024,21,6,3,1510,2716-1179
2634573,1179774,2021,21,6,3,1510,2634-1179
2764500,1210500,2024,27,8,3,1510,2764-1210
2600644,1173896,2024,27,2,3,1510,2600-1173
2650885,1133648,2025,27,3,3,1510,2650-1133
2627513,1174149,2024,27,3,3,1510,2627-1174
2627478,1174307,2024,27,2,3,1510,2627-1174
2625552,1172851,2024,27,1,2,1510,2625-1172
2625652,1173084,2024,27,1,2,1510,2625-1173
2626672,1173893,2024,27,1,3,1510,2626-1173
2627017,1174212,2024,27,1,3,1510,2627-1174
2627104,1174372,2024,27,3,3,1510,2627-1174
2627050,1174284,2024,27,1,3,1510,2627-1174
2580562,1154498,2025,27,1,3,1510,2580-1154
2580170,1169680,2022,27,2,3,1510,2580-1169
2604866,1169572,2025,27,2,3,1510,2604-1169
2604528,1169638,2025,27,1,2,1510,2604-1169
2763311,1209542,2021,27,4,3,1510,2763-1209
2746500,1171500,2022,27,6,6,1510,2746-1171
2566132,1133358,2021,27,2,2,1510,2566-1133
2566906,1133636,2021,27,1,2,1510,2566-1133
2566155,1133246,2021,27,1,3,1510,2566-1133
2566716,1133816,2021,27,2,2,1510,2566-1133
2566298,1133400,2021,27,2,2,1510,2566-1133
2586308,1170063,2024,33,2,3,1510,2586-1170
2626673,1173876,2021,33,6,3,1510,2626-1173
2664122,1181697,2021,33,6,6,1510,2664-1181
2664764,1182074,2021,33,2,6,1510,2664-1182
2732924,1186384,2025,33,6,4,1510,2732-1186
2727500,1196500,2021,33,1,3,1510,2727-1196
2647117,1139147,2024,39,1,1,1510,2647-1139
2720226,1107264,2022,39,1,2,1510,2720-1107
2747871,1182272,2024,45,3,13,1510,2747-1182
2627739,1174481,2022,45,1,3,1510,2627-1174
2550318,1110520,2021,51,1,0,1510,2550-1110
2550550,1110954,2021,51,1,0,1510,2550-1110
2580124,1169700,2022,51,6,0,1510,2580-1169
2739561,1236527,2022,51,1,0,1510,2739-1236
2601500,1173500,2021,51,2,0,1510,2601-1173
2550351.74133704,1110293.59993234,2023,51,2,0,1510,2550-1110
2550351.74133704,1110293.59993234,2021,51,3,0,1510,2550-1110
2580487,1169568,2023,57,1,0,1510,2580-1169
2580447,1169649,2023,57,2,0,1510,2580-1169
2700542,1182359,2024,57,1,0,1510,2700-1182
2550500,1110500,2025,57,3,0,1510,2550-1110
2720820,1107165,2025,57,1,0,1510,2720-1107
2625937,1172652,2021,63,1,0,1510,2625-1172
2566204,1133331,2021,63,1,0,1510,2566-1133
2626033,1173329,2023,3,6,0,1510,2626-1173
2644402,1135573,2023,9,1,0,1510,2644-1135
2628375,1175038,2022,15,8,0,1510,2628-1175
2624160,1174276,2024,21,3,3,1510,2624-1174
2624158,1174840,2024,21,1,3,1510,2624-1174
2733500,1225500,2025,21,2,3,1510,2733-1225
2784297,1176778,2025,21,5,5,1510,2784-1176
2600871,1173961,2025,21,1,3,1510,2600-1173
2738877,1236517,2024,21,1,3,1510,2738-1236
2580446,1169703,2025,21,2,3,1510,2580-1169
2580156,1169721,2025,21,1,3,1510,2580-1169
2626651,1173837,2024,27,1,3,1510,2626-1173
2626297,1173454,2024,27,1,3,1510,2626-1173
2627459,1174074,2024,27,14,3,1510,2627-1174
2627437,1174204,2024,27,14,6,1510,2627-1174
2626212,1173342,2024,27,4,3,1510,2626-1173
2626132,1173218,2024,27,2,3,1510,2626-1173
2771745,1136839,2022,27,2,3,1510,2771-1136
2720138,1107190,2021,27,4,3,1510,2720-1107
2566845,1133641,2025,27,1,3,1510,2566-1133
2634637,1179411,2022,27,6,6,1510,2634-1179
2634534,1179765,2022,27,12,6,1510,2634-1179
2634472,1179665,2022,27,4,6,1510,2634-1179
2736919,1190868,2025,27,10,4,1510,2736-1190
2745500,1209500,2024,27,1,2,1510,2745-1209
2709453,1218731,2024,27,1,4,1510,2709-1218
2580430,1169655,2021,27,4,3,1510,2580-1169
2580153,1169681,2022,27,3,3,1510,2580-1169
2600702,1174042,2024,27,2,4,1510,2600-1174
2601527,1173786,2024,27,1,3,1510,2601-1173
2738652,1236408,2024,27,2,3,1510,2738-1236
2714653,1140311,2021,33,1,2,1510,2714-1140
2624208,1174274,2021,33,3,3,1510,2624-1174
2600764,1173751,2021,33,5,3,1510,2600-1173
2709410,1204339,2021,45,4,13,1510,2709-1204
2634633,1179837,2021,51,6,0,1510,2634-1179
2564500,1142500,2022,51,1,0,1510,2564-1142
2550351.74133704,1110293.59993234,2021,51,1,0,1510,2550-1110
2550351.74133704,1110293.59993234,2021,51,1,0,1510,2550-1110
2580695,1169419,2023,51,3,0,1510,2580-1169
2566621,1133860,2025,57,1,0,1510,2566-1133
2600589,1174595,2024,57,6,0,1510,2600-1174
2600755,1173998,2025,57,1,0,1510,2600-1173
2600574,1174599,2024,57,6,0,1510,2600-1174
2550351.74133704,1110293.59993234,2021,57,4,0,1510,2550-1110
2550351.74133704,1110293.59993234,2025,57,1,0,1510,2550-1110
2550351.74133704,1110293.59993234,2021,57,4,0,1510,2550-1110
2720849,1107404,2022,64,1,0,1510,2720-1107
2720329,1107262,2022,64,1,0,1510,2720-1107
2566323,1133157,2022,64,2,0,1510,2566-1133
2566288,1133395,2022,64,1,0,1510,2566-1133
2566842,1133656,2022,64,1,0,1510,2566-1133
2733500,1225500,2022,64,12,0,1510,2733-1225
2686427,1119489,2022,64,3,0,1510,2686-1119
2710052,1155076,2021,64,3,0,1510,2710-1155
2733500,1225500,2022,64,12,0,1510,2733-1225
2566386,1133095,2024,3,2,0,1510,2566-1133
2626083,1173335,2021,21,4,3,1510,2626-1173
2625988,1173208,2021,21,4,3,1510,2625-1173
2784300,1176951,2025,21,6,3,1510,2784-1176
2578471,1114763,2024,21,1,3,1510,2578-1114
2627630,1174145,2025,27,2,3,1510,2627-1174
2641500,1186500,2025,27,1,3,1510,2641-1186
2703876,1156471,2023,27,9,6,1510,2703-1156
2569552,1138266,2023,27,2,3,1510,2569-1138
2603268,1112121,2024,27,5,2,1510,2603-1112
2664016,1181652,2021,27,5,1,1510,2664-1181
2664686,1182060,2021,27,2,1,1510,2664-1182
2664775,1182134,2021,27,1,3,1510,2664-1182
2634567,1179781,2025,27,4,3,1510,2634-1179
2634342,1179389,2025,27,5,6,1510,2634-1179
2634344,1179095,2025,27,1,2,1510,2634-1179
2647500,1128500,2023,33,1,1,1510,2647-1128
2738759,1236411,2021,33,1,3,1510,2738-1236
2590499,1166499,2021,33,1,1,1510,2590-1166
2771834,1136888,2024,33,1,2,1510,2771-1136
2714166,1214682,2023,33,1,3,1510,2714-1214
2734500,1164500,2021,33,1,4,1510,2734-1164
2669500,1180500,2021,33,5,3,1510,2669-1180
2739376,1236194,2022,45,3,13,1510,2739-1236
2550351.74133704,1110293.59993234,2022,45,3,1,1510,2550-1110
2550351.74133704,1110293.59993234,2021,45,3,1,1510,2550-1110
2697324,1150204,2025,52,1,0,1510,2697-1150
2590492,1166999,2025,52,1,0,1510,2590-1166
2550500,1110500,2025,52,3,0,1510,2550-1110
2626916,1173704,2025,52,1,0,1510,2626-1173
2600500,1174500,2023,58,7,0,1510,2600-1174
2601718,1173549,2022,58,1,0,1510,2601-1173
2601864,1173571,2022,58,2,0,1510,2601-1173
2565487,1144194,2022,58,1,0,1510,2565-1144
2566249,1133801,2021,58,2,0,1510,2566-1133
2634060,1179184,2025,58,2,0,1510,2634-1179
2634402,1179447,2025,58,5,0,1510,2634-1179
2738844,1236538,2021,64,2,0,1510,2738-1236
2719854,1212785,2025,70,1,0,1510,2719-1212
2720224,1107231,2022,21,1,3,1510,2720-1107
2756212,1199677,2025,21,15,3,1510,2756-1199
2784234,1176950,2025,21,7,3,1510,2784-1176
2730907,1128372,2024,27,4,3,1510,2730-1128
2718500,1180500,2021,27,14,4,1510,2718-1180
2774500,1193500,2025,27,22,6,1510,2774-1193
2580393,1169662,2024,27,7,6,1510,2580-1169
2731183,1129448,2024,27,1,3,1510,2731-1129
2580496,1169518,2024,27,3,3,1510,2580-1169
2714500,1140500,2023,27,2,6,1510,2714-1140
2727500,1210500,2024,33,2,3,1510,2727-1210
2626073,1173233,2021,33,8,3,1510,2626-1173
2596003,1105845,2023,33,2,4,1510,2596-1105
2744500,1226500,2025,33,4,4,1510,2744-1226
2580157,1169682,2022,46,1,13,1510,2580-1169
2739000,1236489,2022,52,1,0,1510,2739-1236
2626115,1173411,2025,52,4,6,1510,2626-1173
2550351.74133704,1110293.59993234,2021,52,3,0,1510,2550-1110
2550351.74133704,1110293.59993234,2022,52,1,0,1510,2550-1110
2550351.74133704,1110293.59993234,2021,52,1,0,1510,2550-1110
2550351.74133704,1110293.59993234,2021,58,1,0,1510,2550-1110
2738757,1236358,2021,64,1,0,1510,2738-1236
2738691,1236437,2021,64,1,0,1510,2738-1236
2738738,1236497,2021,64,1,0,1510,2738-1236
2737814,1216117,2022,70,1,0,1510,2737-1216
2628963,1176354,2025,21,15,6,1510,2628-1176
2600893,1173829,2022,27,5,3,1510,2600-1173
2763500,1209500,2022,27,4,3,1510,2763-1209
2797500,1193500,2021,27,9,3,1510,2797-1193
2795500,1193500,2021,27,2,3,1510,2795-1193
2716878,1179723,2025,27,2,4,1510,2716-1179
2628277,1175056,2021,27,7,6,1510,2628-1175
2627503,1174087,2024,34,3,3,1510,2627-1174
2626045,1173210,2023,34,4,3,1510,2626-1173
2669500,1180500,2024,34,2,3,1510,2669-1180
2744087,1226220,2025,34,4,3,1510,2744-1226
2580208,1169925,2023,34,1,3,1510,2580-1169
2744091,1226298,2025,34,4,3,1510,2744-1226
2669305,1180871,2025,34,3,1,1510,2669-1180
2669261,1180831,2025,34,3,2,1510,2669-1180
2669471,1180394,2025,34,3,3,1510,2669-1180
2669563,1180065,2025,34,3,3,1510,2669-1180
2669471,1180394,2025,34,3,3,1510,2669-1180
2669471,1180394,2025,34,3,3,1510,2669-1180
2669419,1180324,2025,34,5,3,1510,2669-1180
2644738,1135896,2024,46,1,1,1510,2644-1135
2566287,1133257,2025,46,1,2,1510,2566-1133
2644625,1135779,2025,52,1,0,1510,2644-1135
2746500,1171500,2024,52,,0,1510,2746-1171
2580382,1169599,2023,58,2,0,1510,2580-1169
2600811,1173858,2021,58,1,0,1510,2600-1173
2679310,1127942,2024,58,1,0,1510,2679-1127
2602984,1112308,2021,64,,0,1510,2602-1112
2704717,1173494,2025,4,1,0,1510,2704-1173
2739392,1236101,2021,10,3,0,1510,2739-1236
2739350,1236295,2025,10,1,0,1510,2739-1236
2694160,1195426,2023,10,7,0,1510,2694-1195
2739405,1236173,2021,10,2,0,1510,2739-1236
2784490,1176463,2025,22,5,3,1510,2784-1176
2603041,1112425,2024,28,6,6,1510,2603-1112
2714916,1214836,2024,28,1,2,1510,2714-1214
2714266,1214056,2024,28,2,4,1510,2714-1214
2714558,1214614,2024,28,1,3,1510,2714-1214
2714285,1214342,2024,28,1,2,1510,2714-1214
2626054,1173254,2021,28,6,3,1510,2626-1173
2603042,1159847,2024,28,4,5,1510,2603-1159
2626091,1173277,2021,28,6,3,1510,2626-1173
2627500,1174088,2024,34,7,3,1510,2627-1174
2726774,1209713,2024,34,1,3,1510,2726-1209
2733500,1225500,2024,34,4,2,1510,2733-1225
2669535,1180251,2024,34,8,3,1510,2669-1180
2669403,1180286,2024,34,5,6,1510,2669-1180
2720215,1107178,2024,40,1,2,1510,2720-1107
2783949,1159344,2024,46,2,13,1510,2783-1159
2550351.74133704,1110293.59993234,2021,46,2,2,1510,2550-1110
2550328,1110347,2021,46,1,2,1510,2550-1110
2550351.74133704,1110293.59993234,2022,52,3,0,1510,2550-1110
2550351.74133704,1110293.59993234,2021,52,1,0,1510,2550-1110
2550351.74133704,1110293.59993234,2021,52,1,0,1510,2550-1110
2550351.74133704,1110293.59993234,2021,52,1,0,1510,2550-1110
2600577,1174597,2025,58,1,0,1510,2600-1174
2600767,1174193,2025,58,1,0,1510,2600-1174
2566443,1133277,2025,58,1,0,1510,2566-1133
2640500,1185500,2021,58,,0,1510,2640-1185
2627425,1174751,2023,58,4,0,1510,2627-1174
2550351.74133704,1110293.59993234,2021,58,1,0,1510,2550-1110
2550351.74133704,1110293.59993234,2023,58,5,0,1510,2550-1110
2725500,1212500,2024,64,1,0,1510,2725-1212
2704723,1173484,2025,4,1,0,1510,2704-1173
2625602,1172977,2021,10,1,0,1510,2625-1172
2679500,1127500,2021,22,1,3,1510,2679-1127
2738638,1236410,2022,22,1,2,1510,2738-1236
2784305,1177919,2023,22,18,1,1510,2784-1177
2738739,1236477,2022,22,3,2,1510,2738-1236
2737162,1216088,2022,22,1,3,1510,2737-1216
2609043,1150054,2022,28,2,6,1510,2609-1150
2600785,1173871,2024,28,2,4,1510,2600-1173
2600949,1173894,2024,28,2,3,1510,2600-1173
2647076,1139086,2025,28,1,3,1510,2647-1139
2739115,1236411,2023,28,1,2,1510,2739-1236
2763696,1209451,2025,28,2,3,1510,2763-1209
2686616,1119534,2023,28,1,1,1510,2686-1119
2686649,1119512,2023,28,12,3,1510,2686-1119
2624183,1174234,2022,28,3,3,1510,2624-1174
2600500,1174500,2021,28,1,1,1510,2600-1174
2598241,1108654,2025,28,2,6,1510,2598-1108
2634573,1179727,2022,28,2,3,1510,2634-1179
2719500,1180500,2022,28,3,3,1510,2719-1180
2580538,1169631,2023,34,1,2,1510,2580-1169
2737104,1216020,2021,34,3,3,1510,2737-1216
2669594,1180036,2023,34,4,3,1510,2669-1180
2669479,1180317,2023,34,3,3,1510,2669-1180
2669398,1180270,2023,34,4,3,1510,2669-1180
2669479,1180317,2023,34,3,3,1510,2669-1180
2669197,1180596,2023,34,3,2,1510,2669-1180
2550500,1110500,2025,46,1,2,1510,2550-1110
2600800,1174061,2021,52,5,0,1510,2600-1174
2600500,1174500,2023,52,2,0,1510,2600-1174
2634341,1179326,2025,52,6,0,1510,2634-1179
2634283,1179136,2025,52,2,0,1510,2634-1179
2550500,1110500,2025,52,2,0,1510,2550-1110
2600500,1174500,2022,58,2,0,1510,2600-1174
2738763,1236403,2021,58,1,0,1510,2738-1236
2580608,1169788,2022,58,3,0,1510,2580-1169
2580604,1169646,2022,58,3,0,1510,2580-1169
2550351.74133704,1110293.59993234,2023,58,2,0,1510,2550-1110
2550351.74133704,1110293.59993234,2025,58,1,0,1510,2550-1110
2550351.74133704,1110293.59993234,2021,58,1,0,1510,2550-1110
2788500,1194500,2021,58,7,0,1510,2788-1194
2738759,1236436,2021,58,1,0,1510,2738-1236
2664500,1182500,2022,58,6,0,1510,2664-1182
2686448,1119062,2023,58,2,0,1510,2686-1119
2712644,1142307,2024,65,1,0,1510,2712-1142
2646500,1173500,2022,10,5,0,1510,2646-1173
2566534,1133127,2025,10,1,0,1510,2566-1133
2733500,1225500,2023,16,1,0,1510,2733-1225
2627584,1174324,2023,16,4,2,1510,2627-1174
2763500,1209500,2024,28,8,6,1510,2763-1209
2714623,1140433,2025,28,1,3,1510,2714-1140
2624043,1174439,2023,28,1,3,1510,2624-1174
2624107,1174590,2023,28,2,2,1510,2624-1174
2784317,1177992,2023,28,11,6,1510,2784-1177
2717500,1168500,2024,28,3,2,1510,2717-1168
2795500,1193500,2024,28,3,3,1510,2795-1193
2554500,1117500,2024,28,7,6,1510,2554-1117
2710754,1155137,2024,28,3,4,1510,2710-1155
2598218,1108757,2025,28,2,6,1510,2598-1108
2600881,1174105,2024,28,3,6,1510,2600-1174
2738607,1236379,2023,28,2,3,1510,2738-1236
2586282,1170133,2025,28,3,3,1510,2586-1170
2586569,1170562,2025,28,1,3,1510,2586-1170
2586887,1170397,2025,28,1,3,1510,2586-1170
2797500,1193500,2024,28,13,6,1510,2797-1193
2744114,1226325,2022,28,2,3,1510,2744-1226
2744056,1226038,2024,28,,6,1510,2744-1226
2696500,1166500,2021,28,12,3,1510,2696-1166
2635500,1181500,2023,34,4,2,1510,2635-1181
2669410,1180260,2023,34,3,3,1510,2669-1180
2601074,1173879,2021,34,3,3,1510,2601-1173
2600708,1174206,2021,34,1,3,1510,2600-1174
2580156,1169680,2023,34,3,3,1510,2580-1169
2626648,1173890,2024,34,4,3,1510,2626-1173
2550351.74133704,1110293.59993234,2023,46,1,1,1510,2550-1110
2627820,1174122,2022,53,1,0,1510,2627-1174
2627530,1174662,2021,53,1,0,1510,2627-1174
2627775,1174699,2021,53,2,0,1510,2627-1174
2625312,1172650,2021,53,1,0,1510,2625-1172
2739055,1236421,2024,53,1,0,1510,2739-1236
2716589,1179918,2024,53,7,0,1510,2716-1179
2600610,1174550,2021,53,1,0,1510,2600-1174
2600500,1174500,2021,59,1,0,1510,2600-1174
2600500,1174500,2021,59,1,0,1510,2600-1174
2753261,1236501,2021,59,1,0,1510,2753-1236
2720218,1107176,2021,65,1,0,1510,2720-1107
2720393,1107211,2021,71,1,0,1510,2720-1107
2720196,1107134,2024,71,2,0,1510,2720-1107
2600999,1173827,2021,10,1,0,1510,2600-1173
2626026,1173476,2025,10,1,0,1510,2626-1173
2738941,1236556,2023,16,2,0,1510,2738-1236
2738678,1236549,2023,16,1,0,1510,2738-1236
2743500,1158500,2023,22,2,1,1510,2743-1158
2626028,1173233,2022,22,9,3,1510,2626-1173
2744500,1225500,2025,22,2,3,1510,2744-1225
2710781,1155352,2022,22,4,3,1510,2710-1155
2565876,1154493,2025,28,1,3,1510,2565-1154
2626500,1163500,2025,28,1,3,1510,2626-1163
2738917,1236574,2023,28,4,6,1510,2738-1236
2585453,1155725,2025,28,1,3,1510,2585-1155
2580153,1169976,2025,28,1,3,1510,2580-1169
2732900,1186223,2024,28,1,2,1510,2732-1186
2732774,1186780,2024,28,1,3,1510,2732-1186
2744500,1226500,2023,34,1,2,1510,2744-1226
2601703,1173509,2021,34,1,5,1510,2601-1173
2601742,1173222,2021,34,5,2,1510,2601-1173
2669116,1180754,2021,34,4,2,1510,2669-1180
2669404,1180218,2021,34,4,3,1510,2669-1180
2759501,1176651,2021,40,5,13,1510,2759-1176
2600542,1174558,2025,53,5,0,1510,2600-1174
2600578,1174600,2023,53,1,0,1510,2600-1174
2626500,1173500,2023,53,2,0,1510,2626-1173
2550351.74133704,1110293.59993234,2021,53,5,0,1510,2550-1110
2550351.74133704,1110293.59993234,2022,53,2,0,1510,2550-1110
2550351.74133704,1110293.59993234,2021,53,5,0,1510,2550-1110
2550351.74133704,1110293.59993234,2023,53,,0,1510,2550-1110
2600797,1174326,2025,59,2,0,1510,2600-1174
2600849,1173954,2025,59,2,0,1510,2600-1173
2733500,1225500,2022,59,17,0,1510,2733-1225
2554443,1117875,2021,59,2,0,1510,2554-1117
2657338,1202259,2025,59,15,0,1510,2657-1202
2628148,1175096,2021,59,1,0,1510,2628-1175
2628717,1175245,2021,65,14,0,1510,2628-1175
2628310,1175360,2021,65,2,0,1510,2628-1175
2626276,1173343,2025,71,1,0,1510,2626-1173
2566078,1133274,2023,11,1,0,1510,2566-1133
2727149,1196208,2023,11,4,0,1510,2727-1196
2682410,1208668,2024,22,2,4,1510,2682-1208
2784292,1177940,2025,22,4,3,1510,2784-1177
2746500,1171500,2022,22,6,6,1510,2746-1171
2739033,1236524,2022,28,1,2,1510,2739-1236
2624230,1174608,2021,28,10,6,1510,2624-1174
2624182,1174283,2021,28,6,3,1510,2624-1174
2580412,1169574,2024,28,2,3,1510,2580-1169
2580430,1169665,2024,28,6,3,1510,2580-1169
2627362,1174058,2023,28,5,6,1510,2627-1174
2586563,1170572,2024,28,1,3,1510,2586-1170
2586292,1170144,2024,28,3,6,1510,2586-1170
2704500,1156500,2022,28,2,2,1510,2704-1156
2669093,1180241,2025,35,1,3,1510,2669-1180
2744118,1226242,2021,35,8,3,1510,2744-1226
2625553,1173142,2021,35,11,6,1510,2625-1173
2626171,1173122,2021,35,9,3,1510,2626-1173
2744105.06951195,1226157.83177432,2021,35,8,3,1510,2744-1226
2744105.06951195,1226157.83177432,2021,35,8,3,1510,2744-1226
2771770,1136798,2024,41,4,13,1510,2771-1136
2726800,1209880,2023,47,1,2,1510,2726-1209
2726787,1209845,2023,47,2,3,1510,2726-1209
2726805,1209898,2023,47,1,2,1510,2726-1209
2590383,1166767,2023,47,1,2,1510,2590-1166
2722500,1182500,2021,53,2,0,1510,2722-1182
2720393,1107062,2022,53,1,0,1510,2720-1107
2550351.74133704,1110293.59993234,2023,53,2,0,1510,2550-1110
2600575,1174591,2023,53,1,0,1510,2600-1174
2600542,1174558,2025,53,5,0,1510,2600-1174
2600584,1174592,2024,53,1,0,1510,2600-1174
2600584,1174592,2024,53,1,0,1510,2600-1174
2562095,1106584,2022,59,1,0,1510,2562-1106
2625603,1172211,2023,59,1,0,1510,2625-1172
2720154,1107200,2024,59,1,0,1510,2720-1107
2728500,1226500,2021,65,4,0,1510,2728-1226
2566802,1133920,2025,71,1,0,1510,2566-1133
2634532,1179692,2021,11,4,0,1510,2634-1179
2627125,1174267,2023,11,1,0,1510,2627-1174
2784305,1178020,2024,16,8,3,1510,2784-1178
2580593,1169787,2022,23,3,3,1510,2580-1169
2580458,1169650,2022,23,3,3,1510,2580-1169
2784307,1178024,2025,23,8,3,1510,2784-1178
2628336,1175098,2023,29,3,3,1510,2628-1175
2586276,1170176,2025,29,2,3,1510,2586-1170
2587373,1172176,2025,29,5,6,1510,2587-1172
2586717,1170964,2025,29,1,3,1510,2586-1170
2587171,1172641,2025,29,3,3,1510,2587-1172
2739048,1236565,2022,29,1,3,1510,2739-1236
2602943,1112006,2023,29,2,1,1510,2602-1112
2700598,1190317,2022,29,5,6,1510,2700-1190
2600985,1174047,2025,35,4,4,1510,2600-1174
2600967,1174027,2025,35,4,2,1510,2600-1174
2600967,1174027,2025,35,4,2,1510,2600-1174
2566981,1133860,2021,35,1,2,1510,2566-1133
2566216,1133482,2021,35,1,3,1510,2566-1133
2569311,1138070,2021,35,3,6,1510,2569-1138
2644751,1135754,2023,41,1,1,1510,2644-1135
2625481,1172938,2025,47,3,1,1510,2625-1172
2550351.74133704,1110293.59993234,2021,47,1,3,1510,2550-1110
2788500,1194500,2023,53,1,0,1510,2788-1194
2646500,1173500,2025,53,1,0,1510,2646-1173
2627469,1174311,2024,53,5,0,1510,2627-1174
2580594,1169634,2025,53,3,0,1510,2580-1169
2580530,1169624,2022,53,3,0,1510,2580-1169
2604249,1169562,2025,53,1,0,1510,2604-1169
2565103,1144462,2025,53,2,5,1510,2565-1144
2550351,1110415,2024,59,2,0,1510,2550-1110
2566472,1133093,2022,65,1,0,1510,2566-1133
2720703,1107285,2022,65,1,0,1510,2720-1107
2632573,1180061,2025,71,3,0,1510,2632-1180
2739991,1180407,2022,11,2,0,1510,2739-1180
2626191,1173144,2022,11,4,0,1510,2626-1173
2625710,1172841,2022,11,1,0,1510,2625-1172
2626527,1173765,2023,11,4,0,1510,2626-1173
2626056,1173265,2023,11,1,0,1510,2626-1173
2626073,1173259,2023,11,14,0,1510,2626-1173
2600702,1174109,2025,17,2,0,1510,2600-1174
2731514,1179175,2025,23,6,3,1510,2731-1179
2640500,1186500,2022,23,2,3,1510,2640-1186
2736953,1190740,2024,29,8,3,1510,2736-1190
2739037,1236490,2022,29,2,3,1510,2739-1236
2796500,1193500,2021,35,3,4,1510,2796-1193
2726500,1210500,2025,35,1,2,1510,2726-1210
2600581,1174383,2024,35,3,6,1510,2600-1174
2626470,1163540,2022,47,3,3,1510,2626-1163
2720973,1107513,2021,53,2,0,1510,2720-1107
2550351.74133704,1110293.59993234,2021,53,1,0,1510,2550-1110
2720200,1107143,2023,59,1,0,1510,2720-1107
2566721,1133894,2022,59,1,0,1510,2566-1133
2550351.74133704,1110293.59993234,2023,59,1,0,1510,2550-1110
2600902,1174080,2023,59,1,0,1510,2600-1174
2720282,1107147,2021,23,2,4,1510,2720-1107
2738946,1236466,2021,23,1,2,1510,2738-1236
2698078,1209887,2022,23,10,3,1510,2698-1209
2566937,1133990,2022,29,1,2,1510,2566-1133
2566298,1133400,2022,29,8,3,1510,2566-1133
2566155,1133246,2022,29,1,2,1510,2566-1133
2566334,1133298,2022,29,1,2,1510,2566-1133
2566839,1133745,2022,29,1,3,1510,2566-1133
2739401,1236209,2021,29,1,2,1510,2739-1236
2600601,1174076,2023,29,1,3,1510,2600-1174
2600894,1173918,2021,29,1,3,1510,2600-1173
2600872,1174099,2021,29,1,3,1510,2600-1174
2641500,1187500,2021,29,2,6,1510,2641-1187
2789500,1198500,2024,41,5,2,1510,2789-1198
2550351.74133704,1110293.59993234,2021,47,2,3,1510,2550-1110
2720326,1107081,2023,47,3,2,1510,2720-1107
2720352,1107263,2023,47,3,2,1510,2720-1107
2694433,1213602,2024,47,1,1,1510,2694-1213
2587186,1172548,2024,54,2,0,1510,2587-1172
2550351.74133704,1110293.59993234,2022,54,4,0,1510,2550-1110
2550351.74133704,1110293.59993234,2021,54,2,0,1510,2550-1110
2550351.74133704,1110293.59993234,2021,54,2,0,1510,2550-1110
2550351.74133704,1110293.59993234,2023,54,2,0,1510,2550-1110
2598140,1175662,2023,54,1,0,1510,2598-1175
2580541,1169603,2024,54,10,0,1510,2580-1169
2600500,1174500,2023,54,1,0,1510,2600-1174
2628500,1174500,2023,60,2,0,1510,2628-1174
2600889,1173927,2022,60,1,0,1510,2600-1173
2600584,1174567,2022,60,1,0,1510,2600-1174
2550351.74133704,1110293.59993234,2021,60,1,0,1510,2550-1110
2550351.74133704,1110293.59993234,2023,60,1,0,1510,2550-1110
2600932,1173949,2022,60,1,0,1510,2600-1173
2677317,1127145,2023,66,1,0,1510,2677-1127
2628873,1176916,2021,5,1,0,1510,2628-1176
2720928,1107299,2023,5,1,0,1510,2720-1107
2624123,1174236,2023,11,4,0,1510,2624-1174
2624410,1174658,2023,11,2,0,1510,2624-1174
2626570,1173800,2023,11,4,0,1510,2626-1173
2627483,1174247,2023,11,9,0,1510,2627-1174
2625948,1172599,2023,11,5,0,1510,2625-1172
2626116,1173248,2023,11,14,0,1510,2626-1173
2626520,1173257,2023,11,3,0,1510,2626-1173
2586282,1170414,2025,17,3,0,1510,2586-1170
2739271,1236326,2024,17,1,0,1510,2739-1236
2625504,1173104,2022,17,1,0,1510,2625-1173
2625140,1172655,2022,17,1,0,1510,2625-1172
2739393,1236137,2025,23,3,6,1510,2739-1236
2566333,1133429,2021,23,2,3,1510,2566-1133
2566986,1133956,2021,23,8,4,1510,2566-1133
2739146,1236413,2025,23,1,3,1510,2739-1236
2587167,1172606,2024,29,1,3,1510,2587-1172
2587108,1172356,2024,29,1,2,1510,2587-1172
2587272,1172060,2024,29,3,3,1510,2587-1172
2587214,1172882,2024,29,1,3,1510,2587-1172
2716500,1179500,2024,35,1,2,1510,2716-1179
2589500,1109500,2024,35,1,2,1510,2589-1109
2673500,1188500,2023,35,,2,1510,2673-1188
2697768,1176052,2025,41,1,13,1510,2697-1176
2550351.74133704,1110293.59993234,2023,48,2,2,1510,2550-1110
2698135,1155402,2022,48,3,1,1510,2698-1155
2550351.74133704,1110293.59993234,2021,54,1,0,1510,2550-1110
2550351.74133704,1110293.59993234,2021,54,1,0,1510,2550-1110
2564108,1142190,2021,54,2,0,1510,2564-1142
2747870,1182263,2023,54,1,0,1510,2747-1182
2744786,1226428,2023,54,1,0,1510,2744-1226
2626339,1173323,2024,60,2,0,1510,2626-1173
2550500,1110500,2025,60,1,0,1510,2550-1110
2580771,1169764,2024,60,2,0,1510,2580-1169
2550500,1110500,2024,60,2,0,1510,2550-1110
2626112,1173259,2023,66,4,0,1510,2626-1173
2738941,1236594,2022,5,3,0,1510,2738-1236
2738694,1236423,2023,12,2,0,1510,2738-1236
2626653,1173863,2022,12,1,0,1510,2626-1173
2585864,1155789,2025,23,6,5,1510,2585-1155
2712045,1142668,2025,23,1,2,1510,2712-1142
2736857,1190970,2024,29,5,3,1510,2736-1190
2727760,1196061,2022,29,1,3,1510,2727-1196
2601868,1173560,2024,29,2,2,1510,2601-1173
2600568,1174543,2024,29,,3,1510,2600-1174
2627064,1174150,2024,29,1,2,1510,2627-1174
2737730,1216052,2024,29,1,6,1510,2737-1216
2624209,1174307,2024,29,2,3,1510,2624-1174
2700278,1182020,2024,29,3,2,1510,2700-1182
2744166,1226378,2023,36,2,2,1510,2744-1226
2744370,1226737,2023,36,2,2,1510,2744-1226
2698092,1155092,2022,36,1,2,1510,2698-1155
2733936,1223885,2025,48,2,1,1510,2733-1223
2720598,1107252,2023,48,1,2,1510,2720-1107
2550351.74133704,1110293.59993234,2023,48,1,1,1510,2550-1110
2550351.74133704,1110293.59993234,2021,48,1,2,1510,2550-1110
2550351.74133704,1110293.59993234,2021,54,3,0,1510,2550-1110
2550351.74133704,1110293.59993234,2022,54,3,0,1510,2550-1110
2550351.74133704,1110293.59993234,2021,54,3,0,1510,2550-1110
2626665,1173896,2024,60,3,0,1510,2626-1173
2580124.9877582,1169700.00858702,2024,60,13,0,1510,2580-1169
2739384,1236100,2022,12,1,0,1510,2739-1236
2720207,1107217,2022,12,1,0,1510,2720-1107
2625460,1173094,2024,12,7,0,1510,2625-1173
2566238,1133373,2022,17,1,0,1510,2566-1133
2566198,1133311,2022,17,3,0,1510,2566-1133
2585863,1155336,2025,24,1,3,1510,2585-1155
2700260,1182060,2025,24,1,6,1510,2700-1182
2784342,1178036,2021,24,8,3,1510,2784-1178
2668693,1198028,2023,30,1,1,1510,2668-1198
2744779,1210524,2021,30,5,3,1510,2744-1210
2700842,1182494,2024,30,9,3,1510,2700-1182
2600784,1174113,2022,30,2,3,1510,2600-1174
2745664,1209923,2021,30,2,3,1510,2745-1209
2797500,1192500,2023,30,15,6,1510,2797-1192
2664370,1182143,2022,30,1,6,1510,2664-1182
2664427,1182627,2022,30,1,6,1510,2664-1182
2664526,1181898,2022,30,1,6,1510,2664-1181
2749500,1192500,2024,42,3,13,1510,2749-1192
2590404,1166718,2022,42,2,13,1510,2590-1166
2698347,1155396,2024,42,1,2,1510,2698-1155
2550500,1110500,2025,48,1,2,1510,2550-1110
2550351.74133704,1110293.59993234,2021,48,1,2,1510,2550-1110
2550351.74133704,1110293.59993234,2021,48,1,3,1510,2550-1110
2550351.74133704,1110293.59993234,2022,54,3,0,1510,2550-1110
2550351.74133704,1110293.59993234,2021,54,1,0,1510,2550-1110
2550351.74133704,1110293.59993234,2021,54,1,0,1510,2550-1110
2550351.74133704,1110293.59993234,2023,54,1,0,1510,2550-1110
2600565,1174579,2022,54,1,0,1510,2600-1174
2625625,1172324,2024,54,2,0,1510,2625-1172
2720054,1107247,2024,60,1,0,1510,2720-1107
2771917,1136921,2021,60,1,0,1510,2771-1136
2587621,1172973,2023,66,2,0,1510,2587-1172
2627501,1174051,2022,6,1,0,1510,2627-1174
2704622,1173736,2025,6,1,0,1510,2704-1173
2626561,1173318,2024,12,1,0,1510,2626-1173
2744694,1210367,2023,12,1,0,1510,2744-1210
2566942,1133832,2022,18,2,0,1510,2566-1133
2624270,1174298,2021,24,1,3,1510,2624-1174
2624249,1174560,2021,24,2,3,1510,2624-1174
2624216,1174599,2021,24,5,2,1510,2624-1174
2727500,1210500,2023,30,20,3,1510,2727-1210
2566129,1133373,2022,30,1,1,1510,2566-1133
2585923,1155754,2023,30,2,3,1510,2585-1155
2647726,1139248,2022,30,1,3,1510,2647-1139
2720461,1107151,2022,30,1,1,1510,2720-1107
2704683,1173241,2024,30,1,2,1510,2704-1173
2704878,1173335,2024,30,8,3,1510,2704-1173
2640500,1186500,2021,36,1,2,1510,2640-1186
2627700,1174537,2025,42,1,2,1510,2627-1174
2747576,1182652,2025,48,2,2,1510,2747-1182
2600648,1173868,2021,48,1,1,1510,2600-1173
2550351.74133704,1110293.59993234,2024,48,1,1,1510,2550-1110
2720760,1107259,2022,54,1,0,1510,2720-1107
2634497,1179541,2023,54,5,0,1510,2634-1179
2634500,1177500,2023,54,8,0,1510,2634-1177
2550351.74133704,1110293.59993234,2021,54,2,0,1510,2550-1110
2550351.74133704,1110293.59993234,2021,54,2,0,1510,2550-1110
2626685,1173911,2022,60,1,0,1510,2626-1173
2749199,1238858,2022,60,7,0,1510,2749-1238
2746500,1171500,2024,60,4,0,1510,2746-1171
2726500,1210500,2021,60,1,0,1510,2726-1210
2628500,1175500,2022,60,2,0,1510,2628-1175
2789500,1197500,2023,12,8,0,1510,2789-1197
2627769,1174820,2022,18,4,0,1510,2627-1174
2628342,1175393,2022,18,2,0,1510,2628-1175
2628334,1175050,2022,18,14,0,1510,2628-1175
2744988,1199837,2025,24,6,6,1510,2744-1199
2784287,1178003,2022,24,12,3,1510,2784-1178
2791500,1191500,2022,24,12,6,1510,2791-1191
2640500,1185500,2023,30,2,3,1510,2640-1185
2580574,1169641,2021,30,4,4,1510,2580-1169
2580438,1169428,2024,30,1,3,1510,2580-1169
2580438,1169501,2024,30,1,3,1510,2580-1169
2580393,1169622,2024,30,3,3,1510,2580-1169
2587207,1158837,2023,30,1,3,1510,2587-1158
2580255,1169657,2023,30,2,4,1510,2580-1169
2580230,1169594,2021,30,1,2,1510,2580-1169
2601338,1173494,2023,30,3,3,1510,2601-1173
2564063,1142975,2021,30,5,4,1510,2564-1142
2627536,1174037,2023,30,7,3,1510,2627-1174
2626483,1173003,2021,30,1,3,1510,2626-1173
2628243,1175191,2024,30,1,2,1510,2628-1175
2626745,1173243,2024,30,1,3,1510,2626-1173
2627601,1174154,2024,30,5,2,1510,2627-1174
2625814,1172297,2021,30,1,2,1510,2625-1172
2626706,1173915,2023,30,2,3,1510,2626-1173
2710638,1155128,2023,36,1,2,1510,2710-1155
2580436,1169577,2022,48,,1,1510,2580-1169
2796500,1193500,2021,55,8,0,1510,2796-1193
2600500,1174500,2025,55,3,0,1510,2600-1174
2600580,1174556,2025,55,1,0,1510,2600-1174
2600976,1174037,2025,55,3,0,1510,2600-1174
2720500,1107500,2024,61,1,0,1510,2720-1107
2600500,1174500,2021,61,5,0,1510,2600-1174
2720414,1107371,2024,61,1,0,1510,2720-1107
2600559,1174622,2022,61,2,0,1510,2600-1174
2644272,1135975,2022,61,1,0,1510,2644-1135
2550500,1110500,2024,61,1,0,1510,2550-1110
2720560,1107114,2024,61,1,0,1510,2720-1107
2759258,1176977,2021,73,2,0,1510,2759-1176
2720217,1107301,2022,6,1,0,1510,2720-1107
2795500,1193500,2021,18,2,0,1510,2795-1193
2566915,1133865,2021,18,2,0,1510,2566-1133
2566432,1133427,2021,18,2,0,1510,2566-1133
2739397,1236172,2022,24,1,2,1510,2739-1236
2738652,1236443,2022,24,1,2,1510,2738-1236
2734353,1203758,2025,24,1,3,1510,2734-1203
2734560,1203928,2025,24,1,6,1510,2734-1203
2624103,1174814,2022,24,2,2,1510,2624-1174
2624222,1174292,2022,24,7,6,1510,2624-1174
2624055,1174481,2022,24,1,2,1510,2624-1174
2624132,1174901,2022,24,1,3,1510,2624-1174
2722500,1182500,2024,24,4,2,1510,2722-1182
2710367,1107294,2025,24,1,2,1510,2710-1107
2710825,1107203,2025,24,2,4,1510,2710-1107
2587104,1172117,2021,30,1,3,1510,2587-1172
2587334,1172218,2021,30,2,3,1510,2587-1172
2586126,1170741,2021,30,1,2,1510,2586-1170
2586533,1170524,2021,30,1,2,1510,2586-1170
2586707,1170897,2021,30,1,2,1510,2586-1170
2714357,1214731,2024,30,1,3,1510,2714-1214
2624208,1139582,2023,30,2,3,1510,2624-1139
2626593,1173804,2021,30,4,3,1510,2626-1173
2720116,1107110,2024,30,1,1,1510,2720-1107
2703748,1156746,2024,30,4,3,1510,2703-1156
2580537,1171412,2023,30,1,3,1510,2580-1171
2580430,1169567,2023,30,4,3,1510,2580-1169
2580389,1169578,2021,30,3,3,1510,2580-1169
2580154,1169684,2021,30,3,4,1510,2580-1169
2726984,1209784,2024,36,1,2,1510,2726-1209
2664597,1181825,2021,42,2,2,1510,2664-1181
2625512,1173095,2022,42,3,13,1510,2625-1173
2580245,1169835,2021,49,1,1,1510,2580-1169
2720403,1107223,2024,55,1,0,1510,2720-1107
2720402,1107203,2024,55,1,0,1510,2720-1107
2580712,1169628,2023,55,5,0,1510,2580-1169
2600840,1173794,2025,55,3,0,1510,2600-1173
2720933,1107451,2023,55,2,0,1510,2720-1107
2550351.74133704,1110293.59993234,2021,55,2,0,1510,2550-1110
2550351.74133704,1110293.59993234,2021,55,2,0,1510,2550-1110
2550351.74133704,1110293.59993234,2023,55,,0,1510,2550-1110
2550351.74133704,1110293.59993234,2021,55,2,0,1510,2550-1110
2604639,1169630,2023,61,2,0,1510,2604-1169
2627379,1174286,2022,61,2,0,1510,2627-1174
2644512,1135882,2022,61,3,0,1510,2644-1135
2600866,1173890,2024,61,3,0,1510,2600-1173
2600580,1174596,2022,61,1,0,1510,2600-1174
2566846,1133778,2025,67,7,0,1510,2566-1133
2600837,1173777,2021,18,4,0,1510,2600-1173
2625366,1172845,2025,18,1,0,1510,2625-1172
2726644,1209791,2021,24,1,2,1510,2726-1209
2815245,1172454,2025,24,1,6,1510,2815-1172
2580181,1169654,2023,24,1,3,1510,2580-1169
2600531,1174573,2023,24,5,6,1510,2600-1174
2738902,1236559,2022,24,4,3,1510,2738-1236
2738802,1236411,2022,24,1,3,1510,2738-1236
2784342,1178318,2024,24,5,7,1510,2784-1178
2733759,1225810,2021,24,16,6,1510,2733-1225
2738954,1236553,2023,24,6,6,1510,2738-1236
2644615,1135646,2023,30,2,4,1510,2644-1135
2644412,1135180,2023,30,1,2,1510,2644-1135
2624327,1174920,2022,30,1,3,1510,2624-1174
2624204,1174223,2022,30,3,3,1510,2624-1174
2733500,1225500,2025,30,5,3,1510,2733-1225
2722500,1182500,2022,30,3,2,1510,2722-1182
2727500,1196500,2021,30,3,3,1510,2727-1196
2739145,1236328,2022,30,1,3,1510,2739-1236
2726529,1209814,2024,37,2,4,1510,2726-1209
2664136,1181617,2024,37,1,3,1510,2664-1181
2550351.74133704,1110293.59993234,2021,49,1,3,1510,2550-1110
2686230,1119792,2021,49,1,2,1510,2686-1119
2565190.53137352,1144513.23310626,2024,49,1,2,1510,2565-1144
2733500,1225500,2023,55,5,0,1510,2733-1225
2550351.74133704,1110293.59993234,2021,55,1,0,1510,2550-1110
2550351.74133704,1110293.59993234,2021,55,1,0,1510,2550-1110
2550351.74133704,1110293.59993234,2023,55,2,0,1510,2550-1110
2580342,1169643,2023,55,6,0,1510,2580-1169
2600581,1174600,2022,61,1,0,1510,2600-1174
2704576,1173527,2025,7,1,0,1510,2704-1173
2764500,1210500,2025,31,9,3,1510,2764-1210
2627379,1174021,2025,31,1,1,1510,2627-1174
2698243,1155244,2025,31,4,5,1510,2698-1155
2698283,1155386,2025,31,4,5,1510,2698-1155
2698243,1155244,2025,31,4,5,1510,2698-1155
2679269,1127688,2021,31,1,3,1510,2679-1127
2676500,1198500,2022,31,1,3,1510,2676-1198
2697337,1150338,2024,43,4,7,1510,2697-1150
2735104,1223963,2023,43,4,13,1510,2735-1223
2550351.74133704,1110293.59993234,2021,49,1,3,1510,2550-1110
2644327,1135867,2022,61,1,0,1510,2644-1135
2704765,1173457,2022,61,5,0,1510,2704-1173
2587647,1158905,2022,61,1,0,1510,2587-1158
2709547,1218825,2025,73,1,0,1510,2709-1218
